"...1","object_id","city","county","region","development","locality","on_road","rural_urban","speed_limit","traffic_control","weather","workzone","bike_age","bike_age_group","bike_alcohol","bike_alcohol_drugs","bike_direction","bike_injury","bike_position","bike_race","bike_sex","driver_age","driver_age_group","driver_alcohol","driver_alcohol_drugs","driver_est_speed","driver_injury","driver_race","driver_sex","driver_vehicle_type","crash_alcohol","crash_date","crash_day","crash_group","crash_hour","crash_location","crash_month","crash_severity","crash_time","crash_type","crash_year","ambulance_req","hit_run","light_condition","road_character","road_class","road_condition","road_configuration","road_defects","road_feature","road_surface","num_bikes_ai","num_bikes_bi","num_bikes_ci","num_bikes_ki","num_bikes_no","num_bikes_to","num_bikes_ui","num_lanes","num_units","distance_mi_from","frm_road","rte_invd_cd","towrd_road"
80,665,"Gibsonville","Guilford","Piedmont","Commercial","Mixed (30% To 70% Developed)","MAIN ST","Urban","20 - 25  MPH","No Control Present","Clear","No",39,"30-39",NA,"No","Facing Traffic","B: Evident Injury","Bike Lane / Paved Shoulder","White","Male",29,"25-29",NA,"No","0-5 mph","O: No Injury","White","Female","Sport Utility","No","09SEP2014","Tuesday","Motorist Right Turn / Merge",18,"Non-Intersection","September","B: Evident Injury",67200,"Motorist Right Turn - Opposite Direction",2014,"Yes","No","Daylight","Straight - Level","Local Street","Dry","Two-Way, Not Divided","None","No Special Feature","Smooth Asphalt",0,1,0,0,0,1,0,"2 lanes",2,0.011,"WHARTON AVE",30000100,"LEWIS ST"
81,694,"Greensboro","Guilford","Piedmont","Residential","Urban (>70% Developed)","N OHENRY BLVD","Urban","30 - 35  MPH","Stop And Go Signal","Clear","No",18,"16-19",NA,"No","With Traffic","B: Evident Injury","Sidewalk / Crosswalk / Driveway Crossing","Black","Male",NA,"70+",NA,"No","11-15 mph","O: No Injury","Black","Male","Passenger Car","No","30OCT2014","Thursday","Motorist Right Turn / Merge",16,"Intersection","October","B: Evident Injury",60240,"Motorist Right Turn - Same Direction",2014,"Yes","No","Daylight","Straight - Level","Local Street","Dry","Two-Way, Not Divided","None","Four-Way Intersection","Smooth Asphalt",0,1,0,0,0,1,0,"8 lanes",2,0,"E MARKET ST",20000029,"HUFFMAN ST"
82,677,"Mooresville","Iredell","Piedmont","Commercial","Urban (>70% Developed)","NC 150","Urban","40 - 45  MPH","Double Yellow Line, No Passing Zone","Cloudy","No",49,"40-49",NA,"No","Not Applicable","B: Evident Injury","Travel Lane","White","Male",56,"50-59",NA,"No","6-10 mph","O: No Injury","Black","Female","Passenger Car","No","03OCT2014","Friday","Motorist Left Turn / Merge",11,"Non-Intersection","October","B: Evident Injury",42360,"Motorist Left Turn - Opposite Direction",2014,"Yes","No","Daylight","Straight - Level","NC Route","Dry","Two-Way, Not Divided","None","No Special Feature","Smooth Asphalt",0,1,0,0,0,1,0,"4 lanes",2,0.1,"AGAPE DR",30000150,"115"
83,669,"Henderson","Vance","Piedmont","Residential","Urban (>70% Developed)","N CHESTNUT ST","Urban","30 - 35  MPH","No Control Present","Clear","No",15,"11-15",NA,"No","With Traffic","C: Possible Injury","Travel Lane","Black","Male",36,"30-39",NA,"No","31-35 mph","O: No Injury","White","Female","Passenger Car","No","08OCT2014","Wednesday","Bicyclist Right Turn / Merge",16,"Intersection","October","C: Possible Injury",59460,"Bicyclist Right Turn - Same Direction",2014,"Yes","No","Daylight","Straight - Level","Local Street","Dry","Two-Way, Not Divided","None","Four-Way Intersection","Coarse Asphalt",0,0,1,0,0,1,0,"2 lanes",2,0,"ROCKSPRING ST",40001226,"JOHN ST"
84,601,"Greensboro","Guilford","Piedmont","Residential","Urban (>70% Developed)","LAFAYETTE AVE","Urban","20 - 25  MPH","Stop Sign","Rain","No",16,"16-19",NA,"No","Facing Traffic","C: Possible Injury","Sidewalk / Crosswalk / Driveway Crossing","Black","Male",30,"30-39",NA,"No","0-5 mph","O: No Injury","White","Female","Passenger Car","No","29SEP2014","Monday","Motorist Failed to Yield - Sign-Controlled Intersection",14,"Intersection","September","C: Possible Injury",51360,"Motorist Drive Out - Sign-Controlled Intersection",2014,"Yes","No","Daylight","Straight - Level","Local Street","Wet","Two-Way, Divided, Positive Median Barrier","None","T-Intersection","Smooth Asphalt",0,0,1,0,0,1,0,"2 lanes",2,0,"CONE BLVD",50006752,"HOLLY DR"
85,599,"Kinston","Lenoir","Coastal","Commercial","Mixed (30% To 70% Developed)","70","Urban","30 - 35  MPH","Stop And Go Signal","Clear","No",22,"20-24",NA,"No","Not Applicable","C: Possible Injury","Travel Lane","Black","Male",33,"30-39",NA,"No","16-20 mph","O: No Injury","White","Female","Passenger Car","No","01OCT2014","Wednesday","Bicyclist Failed to Yield - Signalized Intersection",16,"Intersection-Related","October","C: Possible Injury",59280,"Bicyclist Ride Out - Signalized  Intersection",2014,"Yes","No","Daylight","Straight - Level","US Route","Dry","Two-Way, Divided, Unprotected Median","None","No Special Feature","Coarse Asphalt",0,0,1,0,0,1,0,"4 lanes",2,0.009,"HERRITAGE ST",29000070,"MITCHELL ST"
86,596,"None - Rural Crash","Henderson","Mountains","Farms, Woods, Pastures","Rural (<30% Developed)","NC 225","Rural","30 - 35  MPH","Double Yellow Line, No Passing Zone","Clear","No",55,"50-59",NA,"No","With Traffic","B: Evident Injury","Travel Lane","White","Male",42,"40-49",NA,"No","11-15 mph","O: No Injury","White","Male","Pickup","No","26SEP2014","Friday","Motorist Overtaking Bicyclist",17,"Non-Intersection","September","B: Evident Injury",64020,"Motorist Overtaking - Bicyclist Swerved",2014,"Yes","No","Daylight","Straight - Level","NC Route","Dry","Two-Way, Not Divided","None","No Special Feature","Smooth Asphalt",0,1,0,0,0,1,0,"2 lanes",2,0.1,"SHIPMAN",30000225,"KENMURE"
87,598,"Durham","Durham","Piedmont","Residential","Urban (>70% Developed)","BELT STREET","Urban","20 - 25  MPH","Stop Sign","Clear","No",12,"11-15",NA,"No","With Traffic","O: No Injury","Travel Lane","Black","Female",NA,NA,NA,"Missing","0-5 mph","Unknown Injury","Unknown/Missing",NA,"Passenger Car","No","28SEP2014","Sunday","Loss of Control / Turning Error",18,"Intersection-Related","September","O: No Injury",65400,"Bicyclist Lost Control - Other / Unknown",2014,"No","No","Daylight","Straight - Level","Local Street","Dry","Two-Way, Not Divided","None","No Special Feature","Smooth Asphalt",0,0,0,0,1,1,0,"2 lanes",2,0.024,"FRANKLIN STREET",0,"WORTH STREET"
88,624,"Red Springs","Robeson","Coastal","Residential","Urban (>70% Developed)","W SECOND AVE","Rural","30 - 35  MPH","No Control Present","Clear","No",21,"20-24",NA,"No","Facing Traffic","C: Possible Injury","Travel Lane","Black","Male",NA,"70+",NA,"No","6-10 mph","O: No Injury","White","Male","Passenger Car","No","08OCT2014","Wednesday","Motorist Left Turn / Merge",20,"Intersection","October","C: Possible Injury",75480,"Motorist Left Turn - Same Direction",2014,"Yes","No","Dark - Lighted Roadway","Straight - Level","Local Street","Dry","Two-Way, Not Divided","None","No Special Feature","Coarse Asphalt",0,0,1,0,0,1,0,"2 lanes",2,0,"S EDINBOURGOURGH ST",0,"ROBINWOOD DR"
89,628,"Kill Devil Hills","Dare","Coastal","Commercial","Mixed (30% To 70% Developed)","LAKE DR","Urban","20 - 25  MPH","Stop Sign","Clear","No",15,"11-15",NA,"No","Facing Traffic","O: No Injury","Multi-use Path","White","Male",37,"30-39",NA,"No","21-25 mph","O: No Injury","White","Male","Sport Utility","No","22SEP2014","Monday","Motorist Failed to Yield - Sign-Controlled Intersection",7,"Intersection","September","O: No Injury",28140,"Motorist Drive Out - Sign-Controlled Intersection",2014,"Yes","No","Daylight","Straight - Level","Local Street","Dry","Two-Way, Not Divided","None","Four-Way Intersection","Smooth Asphalt",0,0,0,0,1,1,0,"2 lanes",2,0,"158",20000158,"FRESH POND DR"
90,603,"Durham","Durham","Piedmont","Residential","Urban (>70% Developed)","HINSON DRIVE","Urban","20 - 25  MPH","No Control Present","Clear","No",50,"50-59",NA,"No","With Traffic","C: Possible Injury","Travel Lane","Black","Male",58,"50-59",NA,"Missing","16-20 mph","O: No Injury","Black","Female","Passenger Car","No","02OCT2014","Thursday","Bicyclist Overtaking Motorist",15,"Non-Intersection","October","C: Possible Injury",54240,"Bicyclist Overtaking - Parked Vehicle",2014,"Yes","No","Daylight","Straight - Level","Local Street","Dry","Two-Way, Not Divided","None","No Special Feature","Smooth Asphalt",0,0,1,0,0,1,0,"2 lanes",2,0.095,"DA VINCI STREET",0,"WARING STREET"
91,619,"Thomasville","Davidson","Piedmont","Commercial","Urban (>70% Developed)","MARTIN LUTHER KING DR","Urban","30 - 35  MPH","No Control Present","Clear","No",56,"50-59",NA,"No","With Traffic","B: Evident Injury","Travel Lane","White","Male",NA,"70+",NA,"No","16-20 mph","O: No Injury","Black","Male","Pickup","No","16JUL2014","Wednesday","Motorist Right Turn / Merge",8,"Intersection","July","B: Evident Injury",32220,"Motorist Right Turn - Same Direction",2014,"Yes","No","Daylight","Straight - Grade","Local Street","Dry","Two-Way, Not Divided","None","No Special Feature","Coarse Asphalt",0,1,0,0,0,1,0,"2 lanes",2,0.002,"PINEYWOOD ROAD",40001792,"MARTIN LUTHER KING DR"
92,608,"Duck","Dare","Coastal","Residential","Urban (>70% Developed)","NC 12","Rural","30 - 35  MPH","Stop Sign","Clear","No",18,"16-19",NA,"No","Facing Traffic","B: Evident Injury","Multi-use Path","White","Male",36,"30-39",NA,"No","0-5 mph","O: No Injury","White","Female","Sport Utility","No","29AUG2014","Friday","Motorist Failed to Yield - Sign-Controlled Intersection",18,"Intersection","August","B: Evident Injury",65340,"Motorist Drive Out - Sign-Controlled Intersection",2014,"Yes","No","Daylight","Straight - Level","Local Street","Dry","Two-Way, Not Divided","None","Four-Way Intersection","Smooth Asphalt",0,1,0,0,0,1,0,"2 lanes",2,0,"1484",30000012,"E TUCKAHOE DR"
93,641,"Rhodhiss","Burke","Mountains","Residential","Mixed (30% To 70% Developed)","MARION AVE","Rural","30 - 35  MPH","Yield Sign","Clear","No",15,"11-15",NA,"No","With Traffic","B: Evident Injury","Travel Lane","White","Male",43,"40-49",NA,"No","6-10 mph","O: No Injury","White","Male","Pickup","No","29MAY2014","Thursday","Bicyclist Failed to Yield - Sign-Controlled Intersection",16,"Intersection","May","B: Evident Injury",60180,"Bicyclist Ride Through - Sign-Controlled Intersection",2014,"Yes","No","Daylight","Straight - Level","Local Street","Dry","Two-Way, Not Divided","None","T-Intersection","Smooth Asphalt",0,1,0,0,0,1,0,"2 lanes",2,0,"SYCAMORE DR",0,"1611"
94,758,"Greensboro","Guilford","Piedmont","Residential","Urban (>70% Developed)","GILESPIE ST","Urban","30 - 35  MPH","Stop Sign","Clear","No",47,"40-49",NA,NA,"With Traffic","C: Possible Injury","Travel Lane","Black","Male",62,"60-69",NA,"No","0-5 mph","O: No Injury","Black","Male","Sport Utility","No","28NOV2014","Friday","Motorist Failed to Yield - Sign-Controlled Intersection",23,"Intersection","November","C: Possible Injury",82920,"Motorist Drive Out - Sign-Controlled Intersection",2014,"Yes","No","Dark - Lighted Roadway","Straight - Level","Local Street","Dry","Two-Way, Not Divided","None","Related To Intersection","Coarse Asphalt",0,0,1,0,0,1,0,"2 lanes",2,0,"MCCONNELL RD",50011789,"BOOKER ST"
95,728,"Raleigh","Wake","Piedmont","Institutional","Mixed (30% To 70% Developed)","OVAL DR","Urban","40 - 45  MPH","Stop And Go Signal","Clear","No",25,"25-29",NA,"No","With Traffic","B: Evident Injury","Sidewalk / Crosswalk / Driveway Crossing","White","Male",66,"60-69",NA,"No","0-5 mph","O: No Injury","Black","Male","Other Bus","No","23OCT2014","Thursday","Motorist Right Turn / Merge",0,"Intersection","October","B: Evident Injury",600,"Motorist Right Turn - Same Direction",2014,"No","No","Dark - Lighted Roadway","Curve - Level","Local Street","Dry","Two-Way, Divided, Positive Median Barrier","None","T-Intersection","Coarse Asphalt",0,1,0,0,0,1,0,"4 lanes",2,0.009,"CENTENNIAL PKWY",0,"MAIN CAMPUS DR"
96,751,"Boone","Watauga","Mountains","Institutional","Urban (>70% Developed)","HOWARD STREET","Urban","20 - 25  MPH","Stop Sign","Cloudy","No",22,"20-24",NA,"No","With Traffic","B: Evident Injury","Sidewalk / Crosswalk / Driveway Crossing","White","Male",22,"20-24",NA,"No","11-15 mph","O: No Injury","White","Male","Sport Utility","No","01DEC2014","Monday","Parallel Paths - Other Circumstances",15,"Intersection-Related","December","B: Evident Injury",56160,"Bicyclist Ride Out - Parallel Path",2014,"No","No","Daylight","Curve - Grade","Local Street","Dry","Two-Way, Not Divided","None","T-Intersection","Coarse Asphalt",0,1,0,0,0,1,0,"2 lanes",2,0,"JOYCE LAWRENCE LANE",0,"COLLEGE STREET"
97,737,"Raleigh","Wake","Piedmont","Residential","Rural (<30% Developed)","POOLE RD","Urban","30 - 35  MPH","No Control Present","Cloudy","No",21,"20-24",NA,"No","With Traffic","C: Possible Injury","Travel Lane","Black","Male",32,"30-39",NA,"No","6-10 mph","O: No Injury","Black","Female","Passenger Car","No","17NOV2014","Monday","Motorist Failed to Yield - Signalized Intersection",13,"Intersection","November","C: Possible Injury",49740,"Motorist Drive Through - Signalized Intersection",2014,"Yes","No","Daylight","Straight - Level","Local Street","Wet","Two-Way, Not Divided","None","Four-Way Intersection","Smooth Asphalt",0,0,1,0,0,1,0,"4 lanes",2,0,"SUNNYBROOK RD",40001007,NA
98,739,"Charlotte","Mecklenburg","Piedmont","Residential","Urban (>70% Developed)","EASTWAY DRIVE","Urban","40 - 45  MPH","No Control Present","Clear","No",16,"16-19",NA,"No","With Traffic","B: Evident Injury","Travel Lane","Black","Male",26,"25-29",NA,"No","26-30 mph","O: No Injury","White","Female","Sport Utility","No","21NOV2014","Friday","Crossing Paths - Other Circumstances",12,"Intersection","November","B: Evident Injury",45480,"Sign-Controlled Intersection - Other / Unknown",2014,"Yes","No","Daylight","Straight - Level","Local Street","Dry","Two-Way, Not Divided","None","No Special Feature","Smooth Asphalt",0,1,0,0,0,1,0,"4 lanes",2,0,"ARNOLD DRIVE",40002940,NA
99,726,"Rocky Mount","Nash","Coastal","Residential","Urban (>70% Developed)","SUNSET AVE","Urban","40 - 45  MPH","Stop Sign","Rain","No",31,"30-39",NA,NA,"Facing Traffic","C: Possible Injury","Travel Lane","White","Male",23,"20-24",NA,"No","0-5 mph","O: No Injury","Black","Male","Sport Utility","No","17NOV2014","Monday","Loss of Control / Turning Error",13,"Intersection","November","C: Possible Injury",49560,"Bicyclist Lost Control - Mechanical Problems",2014,"Yes","No","Daylight","Straight - Grade","Local Street","Wet","Two-Way, Not Divided","None","No Special Feature","Coarse Asphalt",0,0,1,0,0,1,0,"2 lanes",2,0.41,"SUNSHINE DR",40001770,"BANNER WAY"
100,1917,"Charlotte","Mecklenburg","Piedmont","Commercial","Urban (>70% Developed)",NA,"Urban","30 - 35  MPH","No Control Present","Clear","No",66,"60-69","No",NA,"With Traffic","C: Possible Injury","Sidewalk / Crosswalk / Driveway Crossing","Black","Male",NA,NA,"Missing",NA,"0-5 mph","Unknown Injury","Unknown/Missing",NA,NA,"No","14APR2012","Saturday","Motorist Right Turn / Merge",12,"Non-Intersection","April","C: Possible Injury",43440,"Motorist Right Turn - Same Direction",2012,"Yes","Yes","Daylight","Straight - Level","Local Street","Dry","Two-Way, Not Divided","None","Driveway, Public","Smooth Asphalt",0,0,0,0,0,0,0,"4 lanes",2,0,NA,0,NA
101,3722,"Burlington","Alamance","Piedmont","Commercial","Urban (>70% Developed)",NA,"Urban","30 - 35  MPH","Stop Sign","Cloudy","Yes",55,"50-59","No",NA,"With Traffic","B: Evident Injury","Travel Lane","Hispanic","Male",28,"25-29","No",NA,"0-5 mph","O: No Injury","White","Female","Sport Utility","No","15FEB2010","Monday","Motorist Failed to Yield - Sign-Controlled Intersection",18,"Intersection","February","B: Evident Injury",66300,"Motorist Drive Out - Sign-Controlled Intersection",2010,"Yes","No","Dark - Lighted Roadway","Straight - Level","US Route","Wet","Two-Way, Divided, Unprotected Median","None","No Special Feature","Smooth Asphalt",0,0,0,0,0,0,0,"5 lanes",2,0,NA,0,NA
102,3726,"None - Rural Crash","Davidson","Piedmont","Residential","Rural (<30% Developed)",NA,"Rural","50 - 55  MPH","Double Yellow Line, No Passing Zone","Clear","No",17,"16-19","No",NA,"With Traffic","B: Evident Injury","Travel Lane","White","Male",42,"40-49","No",NA,"51-55 mph","O: No Injury","White","Male","Pickup","No","18FEB2010","Thursday","Bicyclist Left Turn / Merge",8,"Non-Intersection","February","B: Evident Injury",31740,"Bicyclist Left Turn - Same Direction",2010,"Yes","No","Daylight","Straight - Level","NC Route","Dry","Two-Way, Not Divided","None","No Special Feature","Smooth Asphalt",0,0,0,0,0,0,0,"2 lanes",2,0,NA,0,NA
103,3734,"None - Rural Crash","Bladen","Coastal","Farms, Woods, Pastures","Rural (<30% Developed)",NA,"Rural","50 - 55  MPH","No Control Present","Clear","No",15,"11-15","No",NA,"Facing Traffic","A: Disabling Injury","Travel Lane","Black","Male",57,"50-59","No",NA,"51-55 mph","O: No Injury","Black","Female","Pickup","No","14MAR2010","Sunday","Bicyclist Right Turn / Merge",17,"Non-Intersection","March","A: Disabling Injury",62400,"Bicyclist Right Turn - Same Direction",2010,"Yes","No","Daylight","Straight - Level","State Secondary Route","Dry","Two-Way, Not Divided","None","No Special Feature","Coarse Asphalt",0,0,0,0,0,0,0,"2 lanes",2,0,NA,0,NA
104,3737,"Wilmington","New Hanover","Coastal","Residential","Urban (>70% Developed)",NA,"Urban","30 - 35  MPH","Stop Sign","Clear","No",47,"40-49","No",NA,"With Traffic","B: Evident Injury","Travel Lane","Black","Male",NA,NA,"Missing",NA,"36-40 mph","Unknown Injury","Unknown/Missing",NA,NA,"No","17FEB2010","Wednesday","Motorist Failed to Yield - Sign-Controlled Intersection",18,"Intersection","February","B: Evident Injury",64800,"Motorist Drive Through - Sign-Controlled Intersection",2010,"Yes","Yes","Daylight","Straight - Level","Local Street","Dry","Two-Way, Not Divided","None","Four-Way Intersection","Coarse Asphalt",0,0,0,0,0,0,0,"4 lanes",2,0,NA,0,NA
105,3741,"Charlotte","Mecklenburg","Piedmont","Commercial","Urban (>70% Developed)",NA,"Urban","50 - 55  MPH","No Control Present","Clear","No",64,"60-69","No",NA,NA,"K: Killed","Travel Lane","Black","Male",44,"40-49","No",NA,"56-60 mph","O: No Injury","Hispanic","Male","Passenger Car","No","08FEB2010","Monday","Bicyclist Failed to Yield - Midblock",14,"Non-Intersection","February","K: Killed",53280,"Bicyclist Ride Out - Other Midblock",2010,"Yes","No","Daylight","Straight - Level","US Route","Dry","Two-Way, Divided, Positive Median Barrier","None","No Special Feature","Coarse Asphalt",0,0,0,0,0,0,0,"8 lanes",2,0,NA,0,NA
106,3743,"None - Rural Crash","Burke","Mountains","Residential","Mixed (30% To 70% Developed)",NA,"Rural","40 - 45  MPH","Double Yellow Line, No Passing Zone","Clear","No",63,"60-69","No",NA,"With Traffic","B: Evident Injury","Travel Lane","White","Male",17,"0-19","No",NA,"41-45 mph","O: No Injury","White","Female","Sport Utility","No","20MAR2010","Saturday","Bicyclist Left Turn / Merge",13,"Non-Intersection","March","B: Evident Injury",48420,"Bicyclist Left Turn - Same Direction",2010,"Yes","No","Daylight","Straight - Grade","State Secondary Route","Dry","Two-Way, Not Divided","None","Driveway, Private","Smooth Asphalt",0,0,0,0,0,0,0,"2 lanes",2,0,NA,0,NA
107,3753,"Goldsboro","Wayne","Coastal","Commercial","Urban (>70% Developed)",NA,"Urban","40 - 45  MPH","No Control Present","Clear","No",34,"30-39","No",NA,"With Traffic","K: Killed","Travel Lane","White","Male",NA,"70+","No",NA,"31-35 mph","O: No Injury","Black","Male","Pickup","No","04MAR2010","Thursday","Motorist Overtaking Bicyclist",19,"Non-Intersection","March","K: Killed",69780,"Motorist Overtaking - Undetected Bicyclist",2010,"Yes","No","Dark - Roadway Not Lighted","Straight - Level","Local Street","Dry","Two-Way, Not Divided","None","No Special Feature","Smooth Asphalt",0,0,0,0,0,0,0,"2 lanes",2,0,NA,0,NA
108,3756,"Forest City","Rutherford","Mountains","Residential","Urban (>70% Developed)",NA,"Urban","30 - 35  MPH","No Control Present","Cloudy","No",28,"25-29","No",NA,"Facing Traffic","B: Evident Injury","Travel Lane","Black","Male",17,"0-19","No",NA,"21-25 mph","O: No Injury","Hispanic","Male","Passenger Car","No","10MAR2010","Wednesday","Motorist Left Turn / Merge",15,"Non-Intersection","March","B: Evident Injury",54900,"Motorist Left Turn - Same Direction",2010,"Yes","No","Daylight","Straight - Grade","Local Street","Dry","Two-Way, Not Divided","None","No Special Feature","Coarse Asphalt",0,0,0,0,0,0,0,"2 lanes",2,0,NA,0,NA
109,3763,"Raleigh","Wake","Piedmont","Residential","Urban (>70% Developed)",NA,"Urban","30 - 35  MPH","No Control Present","Clear","No",28,"25-29","No",NA,NA,"O: No Injury",NA,"Black","Male",34,"30-39","No",NA,"16-20 mph","O: No Injury","White","Male","Police","No","13FEB2010","Saturday","Loss of Control / Turning Error",22,"Intersection-Related","February","O: No Injury",81000,"Motorist Lost Control - Surface Conditions",2010,"No","No","Dark - Lighted Roadway","Straight - Level","Local Street","Wet","Two-Way, Not Divided","Road Surface Condition","No Special Feature","Coarse Asphalt",0,0,0,0,0,0,0,"2 lanes",2,0,NA,0,NA
110,3769,"High Point","Guilford","Piedmont","Commercial","Urban (>70% Developed)",NA,"Urban","30 - 35  MPH","Stop And Go Signal","Clear","No",NA,NA,"Missing",NA,"With Traffic","Unknown Injury","Travel Lane","Unknown/Missing",NA,34,"30-39","No",NA,"21-25 mph","O: No Injury","Black","Male","Passenger Car","No","18MAR2010","Thursday","Bicyclist Failed to Yield - Signalized Intersection",20,"Intersection","March","O: No Injury",73560,"Bicyclist Ride Out - Signalized  Intersection",2010,"No","No","Dark - Lighted Roadway","Straight - Grade","Local Street","Dry","One-Way, Not Divided","None","Four-Way Intersection","Smooth Asphalt",0,0,0,0,0,0,0,"2 lanes",2,0,NA,0,NA
111,3781,"Lumberton","Robeson","Coastal","Commercial","Urban (>70% Developed)",NA,"Urban","30 - 35  MPH","No Control Present","Cloudy","No",22,"20-24","No",NA,"Not Applicable","B: Evident Injury","Non-Roadway","White","Male",28,"25-29","No",NA,"0-5 mph","O: No Injury","White","Male","Light Truck (Mini-Van, Panel)","No","13MAR2010","Saturday","Non-Roadway",13,"Non-Roadway","March","B: Evident Injury",48240,"Non-Roadway",2010,"Yes","No","Daylight","Straight - Level","Public Vehicular Area","Dry","Two-Way, Not Divided","None","No Special Feature","Coarse Asphalt",0,0,0,0,0,0,0,NA,2,0,NA,0,NA
112,3799,"Wilmington","New Hanover","Coastal","Commercial","Urban (>70% Developed)",NA,"Urban","40 - 45  MPH","No Control Present","Clear","No",24,"20-24","No",NA,"With Traffic","C: Possible Injury","Travel Lane","Black","Female",49,"40-49","No",NA,"41-45 mph","O: No Injury","White","Male","Passenger Car","No","03APR2010","Saturday","Bicyclist Left Turn / Merge",18,"Non-Intersection","April","C: Possible Injury",66840,"Bicyclist Left Turn - Same Direction",2010,"No","No","Daylight","Straight - Level","US Route","Dry","Two-Way, Divided, Unprotected Median","None","No Special Feature","Coarse Asphalt",0,0,0,0,0,0,0,"5 lanes",2,0,NA,0,NA
113,3805,"Raleigh","Wake","Piedmont","Residential","Mixed (30% To 70% Developed)",NA,"Urban","40 - 45  MPH","Stop And Go Signal","Clear","No",21,"20-24","No",NA,"With Traffic","B: Evident Injury","Travel Lane","White","Male",17,"0-19","No",NA,"0-5 mph","O: No Injury","White","Male","Passenger Car","No","15APR2010","Thursday","Loss of Control / Turning Error",15,"Intersection","April","B: Evident Injury",55020,"Bicyclist Lost Control - Other / Unknown",2010,"No","No","Daylight","Straight - Level","State Secondary Route","Dry","Two-Way, Not Divided","None","Four-Way Intersection","Smooth Asphalt",0,0,0,0,0,0,0,"2 lanes",2,0,NA,0,NA
114,3819,"Raleigh","Wake","Piedmont","Residential","Urban (>70% Developed)",NA,"Urban","20 - 25  MPH","No Control Present","Clear","No",9,"6-10","No",NA,"Not Applicable","B: Evident Injury","Driveway / Alley","Black","Male",53,"50-59","No",NA,"6-10 mph","O: No Injury","White","Male","Pickup","No","18MAR2010","Thursday","Bicyclist Failed to Yield - Midblock",18,"Non-Intersection","March","B: Evident Injury",64800,"Bicyclist Ride Out - Commercial Driveway / Alley",2010,"Yes","No","Daylight","Straight - Level","Local Street","Dry","Two-Way, Not Divided","None","No Special Feature","Smooth Asphalt",0,0,0,0,0,0,0,"2 lanes",2,0,NA,0,NA
115,3824,"Southern Pines","Moore","Piedmont","Residential","Urban (>70% Developed)",NA,"Urban","40 - 45  MPH","Stop Sign","Clear","No",33,"30-39","No",NA,"With Traffic","B: Evident Injury","Travel Lane","White","Female",16,"0-19","No",NA,"0-5 mph","O: No Injury","White","Male","Pickup","No","06APR2010","Tuesday","Motorist Failed to Yield - Sign-Controlled Intersection",14,"Intersection","April","B: Evident Injury",52200,"Motorist Drive Out - Sign-Controlled Intersection",2010,"Yes","No","Daylight","Straight - Grade","NC Route","Dry","Two-Way, Divided, Unprotected Median","None","T-Intersection","Coarse Asphalt",0,0,0,0,0,0,0,"4 lanes",2,0,NA,0,NA
116,3831,"Charlotte","Mecklenburg","Piedmont","Commercial","Urban (>70% Developed)",NA,"Urban","30 - 35  MPH","No Control Present","Clear","No",54,"50-59","No",NA,"With Traffic","B: Evident Injury","Bike Lane / Paved Shoulder","White","Male",27,"25-29","No",NA,"0-5 mph","O: No Injury","White","Male","Passenger Car","No","07APR2010","Wednesday","Motorist Right Turn / Merge",17,"Non-Intersection","April","B: Evident Injury",64740,"Motorist Right Turn - Same Direction",2010,"Yes","No","Daylight","Straight - Level","Local Street","Dry","Two-Way, Not Divided","None","Driveway, Private","Smooth Asphalt",0,0,0,0,0,0,0,"3 lanes",2,0,NA,0,NA
117,3835,"None - Rural Crash","New Hanover","Coastal","Commercial","Urban (>70% Developed)",NA,"Rural","30 - 35  MPH","No Control Present","Clear","No",13,"11-15","No",NA,"Not Applicable","C: Possible Injury",NA,"White","Male",51,"50-59","No",NA,"21-25 mph","O: No Injury","Black","Male","Passenger Car","No","23APR2010","Friday","Bicyclist Failed to Yield - Midblock",15,"Non-Intersection","April","C: Possible Injury",57540,"Bicyclist Ride Out - Midblock - Unknown",2010,"No","No","Daylight","Straight - Level","US Route","Dry","Two-Way, Not Divided","None","No Special Feature","Smooth Asphalt",0,0,0,0,0,0,0,"3 lanes",2,0,NA,0,NA
118,3838,"None - Rural Crash","Buncombe","Mountains","Commercial","Urban (>70% Developed)",NA,"Rural","40 - 45  MPH","No Control Present","Clear","No",30,"30-39","No",NA,"With Traffic","B: Evident Injury","Travel Lane","White","Male",45,"40-49","No",NA,"41-45 mph","O: No Injury","White","Female","Passenger Car","No","19APR2010","Monday","Motorist Overtaking Bicyclist",6,"Non-Intersection","April","B: Evident Injury",23100,"Motorist Overtaking - Other / Unknown",2010,"Yes","No","Dark - Roadway Not Lighted","Straight - Level","US Route","Dry","Two-Way, Not Divided","None","No Special Feature","Smooth Asphalt",0,0,0,0,0,0,0,"5 lanes",2,0,NA,0,NA
119,3845,"Statesville","Iredell","Piedmont","Residential","Urban (>70% Developed)",NA,"Urban","30 - 35  MPH","Stop Sign","Clear","No",6,"6-10","No",NA,"Facing Traffic","B: Evident Injury","Travel Lane","White","Male",27,"25-29","No",NA,"0-5 mph","O: No Injury","White","Female","Passenger Car","No","17APR2010","Saturday","Motorist Failed to Yield - Sign-Controlled Intersection",14,"Intersection","April","B: Evident Injury",51300,"Motorist Drive Out - Sign-Controlled Intersection",2010,"No","No","Daylight","Curve - Level","Local Street","Dry","Two-Way, Not Divided","None","T-Intersection","Smooth Asphalt",0,0,0,0,0,0,0,"2 lanes",2,0,NA,0,NA