"...1","object_id","city","county","region","development","locality","on_road","rural_urban","speed_limit","traffic_control","weather","workzone","bike_age","bike_age_group","bike_alcohol","bike_alcohol_drugs","bike_direction","bike_injury","bike_position","bike_race","bike_sex","driver_age","driver_age_group","driver_alcohol","driver_alcohol_drugs","driver_est_speed","driver_injury","driver_race","driver_sex","driver_vehicle_type","crash_alcohol","crash_date","crash_day","crash_group","crash_hour","crash_location","crash_month","crash_severity","crash_time","crash_type","crash_year","ambulance_req","hit_run","light_condition","road_character","road_class","road_condition","road_configuration","road_defects","road_feature","road_surface","num_bikes_ai","num_bikes_bi","num_bikes_ci","num_bikes_ki","num_bikes_no","num_bikes_to","num_bikes_ui","num_lanes","num_units","distance_mi_from","frm_road","rte_invd_cd","towrd_road"
120,3869,"Cary","Wake","Piedmont","Commercial","Urban (>70% Developed)",NA,"Urban","30 - 35  MPH","Stop Sign","Clear","No",46,"40-49","No",NA,"Facing Traffic","C: Possible Injury","Sidewalk / Crosswalk / Driveway Crossing","Black","Male",36,"30-39","No",NA,"0-5 mph","O: No Injury","White","Female","Sport Utility","No","30APR2010","Friday","Motorist Failed to Yield - Sign-Controlled Intersection",16,"Intersection","April","C: Possible Injury",59040,"Motorist Drive Out - Sign-Controlled Intersection",2010,"Yes","No","Daylight","Straight - Level","Local Street","Dry","Two-Way, Not Divided","None","No Special Feature","Smooth Asphalt",0,0,0,0,0,0,0,"2 lanes",2,0,NA,0,NA
121,3872,"New Bern","Craven","Coastal","Residential","Urban (>70% Developed)",NA,"Urban","20 - 25  MPH","Stop Sign","Clear","No",14,"11-15","No",NA,"With Traffic","C: Possible Injury","Travel Lane","Black","Male",NA,"70+","No",NA,"21-25 mph","O: No Injury","White","Female","Passenger Car","No","26APR2010","Monday","Bicyclist Failed to Yield - Sign-Controlled Intersection",17,"Intersection","April","C: Possible Injury",62280,"Bicyclist Ride Through - Sign-Controlled Intersection",2010,"Yes","No","Daylight","Straight - Level","Local Street","Dry","Two-Way, Not Divided","None","No Special Feature","Smooth Asphalt",0,0,0,0,0,0,0,"2 lanes",2,0,NA,0,NA
122,3879,"Maxton","Robeson","Coastal","Commercial","Urban (>70% Developed)",NA,"Rural","30 - 35  MPH","Double Yellow Line, No Passing Zone","Clear","No",47,"40-49","Yes",NA,"Facing Traffic","B: Evident Injury","Travel Lane","Black","Male",37,"30-39","No",NA,"31-35 mph","O: No Injury","Native American","Male","Pickup","Yes","05MAY2010","Wednesday","Bicyclist Right Turn / Merge",17,"Non-Intersection","May","B: Evident Injury",63720,"Bicyclist Right Turn - Same Direction",2010,"Yes","No","Daylight","Straight - Level","Local Street","Dry","Two-Way, Not Divided","None","No Special Feature","Coarse Asphalt",0,0,0,0,0,0,0,"2 lanes",2,0,NA,0,NA
123,3883,"Raleigh","Wake","Piedmont","Residential","Urban (>70% Developed)",NA,"Urban","40 - 45  MPH","Stop And Go Signal","Clear","No",53,"50-59","No",NA,"With Traffic","B: Evident Injury","Travel Lane","White","Male",21,"20-24","No",NA,"11-15 mph","O: No Injury","Black","Female","Passenger Car","No","16APR2010","Friday","Motorist Left Turn / Merge",16,"Intersection","April","B: Evident Injury",59640,"Motorist Left Turn - Opposite Direction",2010,"Yes","No","Daylight","Straight - Grade","Local Street","Dry","Two-Way, Not Divided","None","No Special Feature","Smooth Asphalt",0,0,0,0,0,0,0,"4 lanes",2,0,NA,0,NA
124,3888,"Greensboro","Guilford","Piedmont","Residential","Urban (>70% Developed)",NA,"Urban","30 - 35  MPH","No Control Present","Clear","No",8,"6-10","No",NA,"Not Applicable","C: Possible Injury","Driveway / Alley","Black","Male",51,"50-59","No",NA,"16-20 mph","O: No Injury","Black","Female","Passenger Car","No","29APR2010","Thursday","Bicyclist Failed to Yield - Midblock",16,"Non-Intersection","April","C: Possible Injury",58140,"Bicyclist Ride Out - Residential Driveway",2010,"Yes","No","Daylight","Straight - Level","Local Street","Dry","Two-Way, Not Divided","None","No Special Feature","Smooth Asphalt",0,0,0,0,0,0,0,"2 lanes",2,0,NA,0,NA
125,3892,"Charlotte","Mecklenburg","Piedmont","Commercial","Urban (>70% Developed)",NA,"Urban",NA,"No Control Present","Clear","No",43,"40-49","No",NA,"Facing Traffic","C: Possible Injury","Sidewalk / Crosswalk / Driveway Crossing","Black","Male",27,"25-29","No",NA,"6-10 mph","O: No Injury","Hispanic","Male","Passenger Car","No","28APR2010","Wednesday","Motorist Failed to Yield - Midblock",13,"Non-Intersection","April","C: Possible Injury",48240,"Motorist Drive Out - Commercial Driveway / Alley",2010,"Yes","No","Daylight","Straight - Level","Public Vehicular Area","Dry","Two-Way, Not Divided","None","Driveway, Private","Smooth Asphalt",0,0,0,0,0,0,0,"2 lanes",2,0,NA,0,NA
126,3893,"None - Rural Crash","Dare","Coastal","Commercial","Urban (>70% Developed)",NA,"Rural","30 - 35  MPH","No Control Present","Clear","No",35,"30-39","No",NA,"With Traffic","C: Possible Injury","Travel Lane","White","Male",NA,"70+","No",NA,"31-35 mph","O: No Injury","White","Male","Motor Home/Recreational Vehicle","No","11MAY2010","Tuesday","Motorist Overtaking Bicyclist",14,"Intersection-Related","May","C: Possible Injury",50400,"Motorist Overtaking - Other / Unknown",2010,"No","No","Daylight","Straight - Level","NC Route","Dry","Two-Way, Not Divided","None","No Special Feature","Smooth Asphalt",0,0,0,0,0,0,0,"2 lanes",2,0,NA,0,NA
127,3897,"Siler City","Chatham","Piedmont","Residential","Urban (>70% Developed)",NA,"Urban","30 - 35  MPH","Stop Sign","Cloudy","No",9,"6-10","No",NA,"With Traffic","B: Evident Injury","Travel Lane","Black","Female",18,"0-19","No",NA,"21-25 mph","O: No Injury","White","Female","Passenger Car","No","20APR2010","Tuesday","Loss of Control / Turning Error",16,"Intersection","April","B: Evident Injury",60060,"Bicyclist Lost Control - Mechanical Problems",2010,"No","No","Daylight","Straight - Hillcrest","Local Street","Dry","Two-Way, Not Divided","None","Four-Way Intersection","Smooth Asphalt",0,0,0,0,0,0,0,"2 lanes",2,0,NA,0,NA
128,3906,"Charlotte","Mecklenburg","Piedmont","Commercial","Mixed (30% To 70% Developed)",NA,"Urban","30 - 35  MPH","Stop And Go Signal","Clear","No",14,"11-15","No",NA,"Not Applicable","B: Evident Injury","Sidewalk / Crosswalk / Driveway Crossing","White","Male",50,"50-59","No",NA,"21-25 mph","O: No Injury","White","Female","Sport Utility","No","06MAY2010","Thursday","Bicyclist Failed to Yield - Sign-Controlled Intersection",7,"Intersection","May","B: Evident Injury",27420,"Bicyclist Ride Out - Sign-Controlled Intersection",2010,"Yes","No","Daylight","Straight - Level","Local Street","Dry","Two-Way, Not Divided","None","Four-Way Intersection","Smooth Asphalt",0,0,0,0,0,0,0,"6 lanes",2,0,NA,0,NA
129,3913,"Hope Mills","Cumberland","Coastal","Commercial","Urban (>70% Developed)",NA,"Urban","30 - 35  MPH","No Control Present","Cloudy","No",10,"6-10","No",NA,"Not Applicable","B: Evident Injury","Travel Lane","Black","Male",19,"0-19","No",NA,"11-15 mph","O: No Injury","Hispanic","Male","Passenger Car","No","10MAR2010","Wednesday","Bicyclist Failed to Yield - Midblock",17,"Non-Intersection","March","B: Evident Injury",64200,"Multiple Threat - Midblock",2010,"Yes","No","Dusk","Straight - Level","Local Street","Wet","Two-Way, Divided, Unprotected Median","None","No Special Feature","Coarse Asphalt",0,0,0,0,0,0,0,"7 lanes",2,0,NA,0,NA
130,3919,"Asheville","Buncombe","Mountains","Residential","Urban (>70% Developed)",NA,"Urban","30 - 35  MPH","Stop Sign","Clear","No",9,"6-10","No",NA,"Not Applicable","B: Evident Injury","Driveway / Alley","White","Male",45,"40-49","No",NA,"16-20 mph","O: No Injury","White","Male","Pickup","No","03MAY2010","Monday","Bicyclist Failed to Yield - Midblock",16,"Non-Intersection","May","B: Evident Injury",59520,"Bicyclist Ride Out - Residential Driveway",2010,"Yes","No","Daylight","Straight - Level","Local Street","Dry","Two-Way, Not Divided","None","T-Intersection","Smooth Asphalt",0,0,0,0,0,0,0,"2 lanes",2,0,NA,0,NA
131,3925,"Asheville","Buncombe","Mountains","Residential","Urban (>70% Developed)",NA,"Urban","20 - 25  MPH","Other","Clear","No",6,"6-10","No",NA,"Facing Traffic","A: Disabling Injury","Travel Lane","Black","Male",23,"20-24","No",NA,"11-15 mph","O: No Injury","Black","Male","Passenger Car","No","01MAY2010","Saturday","Loss of Control / Turning Error",13,"Intersection","May","A: Disabling Injury",49620,"Bicyclist Lost Control - Mechanical Problems",2010,"Yes","No","Daylight","Straight - Hillcrest","Local Street","Dry","Two-Way, Not Divided","None","T-Intersection","Smooth Asphalt",0,0,0,0,0,0,0,"2 lanes",2,0,NA,0,NA
132,3933,"Asheville","Buncombe","Mountains","Commercial","Urban (>70% Developed)",NA,"Urban","30 - 35  MPH","Double Yellow Line, No Passing Zone","Cloudy","No",32,"30-39","No",NA,"With Traffic","C: Possible Injury","Travel Lane","White","Female",NA,NA,"Missing",NA,"6-10 mph","Unknown Injury","Unknown/Missing",NA,NA,"No","11MAY2010","Tuesday","Motorist Failed to Yield - Midblock",10,"Non-Intersection","May","C: Possible Injury",39300,"Motorist Drive Out - Commercial Driveway / Alley",2010,"No","Yes","Daylight","Straight - Grade","Local Street","Wet","Two-Way, Not Divided","None","Driveway, Public","Smooth Asphalt",0,0,0,0,0,0,0,"2 lanes",2,0,NA,0,NA
133,3935,"None - Rural Crash","Robeson","Coastal","Farms, Woods, Pastures","Rural (<30% Developed)",NA,"Rural","50 - 55  MPH","No Control Present","Clear","No",14,"11-15","No",NA,"With Traffic","C: Possible Injury","Travel Lane","Native American","Male",NA,NA,"No",NA,"11-15 mph","Unknown Injury","Unknown/Missing",NA,NA,"No","13MAY2010","Thursday","Motorist Overtaking Bicyclist",19,"Non-Intersection","May","C: Possible Injury",71520,"Motorist Overtaking - Other / Unknown",2010,"Yes","Yes","Dawn","Straight - Level","State Secondary Route","Dry","Two-Way, Not Divided","None","No Special Feature","Coarse Asphalt",0,0,0,0,0,0,0,"2 lanes",2,0,NA,0,NA
134,3938,"Cary","Wake","Piedmont","Commercial","Urban (>70% Developed)",NA,"Urban","40 - 45  MPH","Stop Sign","Clear","No",30,"30-39","No",NA,"With Traffic","O: No Injury","Travel Lane","Hispanic","Male",39,"30-39","No",NA,"0-5 mph","O: No Injury","Black","Male","Sport Utility","No","25MAY2010","Tuesday","Motorist Failed to Yield - Sign-Controlled Intersection",18,"Intersection","May","O: No Injury",66780,"Motorist Drive Out - Sign-Controlled Intersection",2010,"No","No","Daylight","Straight - Level","Local Street","Dry","Two-Way, Divided, Unprotected Median","None","No Special Feature","Smooth Asphalt",0,0,0,0,0,0,0,"4 lanes",2,0,NA,0,NA
135,3939,"Tarboro","Edgecombe","Coastal","Residential","Urban (>70% Developed)",NA,"Urban","20 - 25  MPH","Stop Sign","Clear","No",50,"50-59","No",NA,"Facing Traffic","C: Possible Injury","Travel Lane","Black","Male",40,"40-49","No",NA,"0-5 mph","O: No Injury","White","Female","Passenger Car","No","12MAY2010","Wednesday","Motorist Failed to Yield - Sign-Controlled Intersection",20,"Intersection","May","C: Possible Injury",74400,"Motorist Drive Out - Sign-Controlled Intersection",2010,"Yes","No","Dark - Lighted Roadway","Straight - Level","Local Street","Dry","Two-Way, Not Divided","None","Four-Way Intersection","Smooth Asphalt",0,0,0,0,0,0,0,"2 lanes",2,0,NA,0,NA
136,3942,"Greensboro","Guilford","Piedmont","Residential","Urban (>70% Developed)",NA,"Urban","30 - 35  MPH","No Control Present","Clear","No",34,"30-39","No",NA,"With Traffic","B: Evident Injury","Travel Lane","Black","Male",NA,NA,"Missing",NA,"31-35 mph","Unknown Injury","Unknown/Missing",NA,"Passenger Car","No","13MAY2010","Thursday","Motorist Overtaking Bicyclist",20,"Non-Intersection","May","B: Evident Injury",74400,"Motorist Overtaking - Other / Unknown",2010,"Yes","Yes","Dark - Roadway Not Lighted","Straight - Grade","Local Street","Dry","Two-Way, Not Divided","None","No Special Feature","Smooth Asphalt",0,0,0,0,0,0,0,"2 lanes",2,0,NA,0,NA
137,3943,"Shelby","Cleveland","Mountains","Residential","Urban (>70% Developed)",NA,"Urban","5 - 15 MPH","No Control Present","Clear","No",7,"6-10","No",NA,"Not Applicable","C: Possible Injury","Driveway / Alley","White","Male",26,"25-29","No",NA,"0-5 mph","O: No Injury","White","Female","Van","No","14MAY2010","Friday","Non-Roadway",16,"Non-Roadway","May","C: Possible Injury",58680,"Non-Roadway",2010,"No","No","Daylight","Straight - Level","Private Road, Driveway","Dry",NA,"None","No Special Feature","Other",0,0,0,0,0,0,0,NA,2,0,NA,0,NA
138,3952,"Charlotte","Mecklenburg","Piedmont","Residential","Urban (>70% Developed)",NA,"Urban","30 - 35  MPH","No Control Present","Clear","No",43,"40-49","No",NA,"With Traffic","C: Possible Injury","Travel Lane","White","Male",NA,NA,"Missing",NA,"11-15 mph","Unknown Injury","Unknown/Missing",NA,NA,"No","15MAY2010","Saturday","Motorist Failed to Yield - Sign-Controlled Intersection",9,"Intersection","May","C: Possible Injury",33000,"Motorist Drive Out - Sign-Controlled Intersection",2010,"No","Yes","Daylight","Straight - Grade","Local Street","Dry","Two-Way, Not Divided","None","Four-Way Intersection","Smooth Asphalt",0,0,0,0,0,0,0,"4 lanes",2,0,NA,0,NA
139,3953,"Burlington","Alamance","Piedmont","Residential","Urban (>70% Developed)",NA,"Urban","30 - 35  MPH","No Control Present","Clear","No",21,"20-24","No",NA,"With Traffic","A: Disabling Injury","Travel Lane","White","Male",29,"25-29","No",NA,"16-20 mph","O: No Injury","Black","Female","Sport Utility","No","16MAY2010","Sunday","Bicyclist Left Turn / Merge",18,"Non-Intersection","May","A: Disabling Injury",66240,"Bicyclist Left Turn - Same Direction",2010,"Yes","No","Daylight","Straight - Level","Local Street","Dry","Two-Way, Not Divided","None","No Special Feature","Coarse Asphalt",0,0,0,0,0,0,0,"2 lanes",2,0,NA,0,NA
140,3956,"None - Rural Crash","Nash","Coastal","Residential","Mixed (30% To 70% Developed)",NA,"Rural","40 - 45  MPH","Double Yellow Line, No Passing Zone","Clear","No",22,"20-24","No",NA,"With Traffic","A: Disabling Injury","Other","White","Male",22,"20-24","No",NA,"41-45 mph","O: No Injury","White","Female","Passenger Car","No","27MAY2010","Thursday","Loss of Control / Turning Error",7,"Non-Intersection","May","A: Disabling Injury",27300,"Motorist Lost Control - Other / Unknown",2010,"Yes","No","Daylight","Straight - Level","State Secondary Route","Dry","Two-Way, Not Divided","None","No Special Feature","Smooth Asphalt",0,0,0,0,0,0,0,"2 lanes",2,0,NA,0,NA
141,3958,"Greensboro","Guilford","Piedmont","Industrial","Urban (>70% Developed)",NA,"Urban","20 - 25  MPH","Stop Sign","Clear","No",48,"40-49","No",NA,"With Traffic","B: Evident Injury","Travel Lane","Black","Male",29,"25-29","No",NA,"16-20 mph","O: No Injury","White","Female","Sport Utility","No","20MAY2010","Thursday","Bicyclist Failed to Yield - Sign-Controlled Intersection",18,"Intersection","May","B: Evident Injury",64800,"Bicyclist Ride Through - Sign-Controlled Intersection",2010,"Yes","No","Daylight","Straight - Bottom","Local Street","Dry","Two-Way, Not Divided","None","Four-Way Intersection","Smooth Asphalt",0,0,0,0,0,0,0,"2 lanes",2,0,NA,0,NA
142,3961,"Wilmington","New Hanover","Coastal","Residential","Urban (>70% Developed)",NA,"Urban","5 - 15 MPH","Stop And Go Signal","Clear","No",22,"20-24","No",NA,"Facing Traffic","B: Evident Injury","Multi-use Path","White","Male",NA,NA,"Missing",NA,"0-5 mph","Unknown Injury","Unknown/Missing",NA,NA,"No","21MAY2010","Friday","Motorist Failed to Yield - Signalized Intersection",19,"Intersection","May","B: Evident Injury",69360,"Motorist Drive Out - Signalized Intersection",2010,"No","Yes","Daylight","Straight - Level","Local Street","Dry","Two-Way, Divided, Positive Median Barrier","None","No Special Feature","Other",0,0,0,0,0,0,0,"7 lanes",2,0,NA,0,NA
143,3962,"Southern Pines","Moore","Piedmont","Residential","Urban (>70% Developed)",NA,"Urban","30 - 35  MPH","Stop Sign","Clear","No",19,"16-19","No",NA,"With Traffic","B: Evident Injury","Travel Lane","Black","Male",35,"30-39","No",NA,"31-35 mph","O: No Injury","Black","Female","Passenger Car","No","21MAY2010","Friday","Bicyclist Failed to Yield - Sign-Controlled Intersection",11,"Intersection","May","B: Evident Injury",39720,"Bicyclist Ride Through - Sign-Controlled Intersection",2010,"Yes","No","Daylight","Straight - Grade","Local Street","Dry","Two-Way, Not Divided","None","Four-Way Intersection","Coarse Asphalt",0,0,0,0,0,0,0,"2 lanes",2,0,NA,0,NA
144,3974,"Durham","Durham","Piedmont","Commercial","Urban (>70% Developed)",NA,"Urban","20 - 25  MPH","No Control Present","Clear","No",27,"25-29","No",NA,"With Traffic","B: Evident Injury","Sidewalk / Crosswalk / Driveway Crossing","White","Male",58,"50-59","No",NA,"6-10 mph","O: No Injury","Black","Female","Sport Utility","No","08JUN2010","Tuesday","Motorist Left Turn / Merge",9,"Intersection","June","B: Evident Injury",35640,"Motorist Left Turn - Opposite Direction",2010,"Yes","No","Daylight","Straight - Level","Local Street","Dry","Two-Way, Not Divided","None","No Special Feature","Smooth Asphalt",0,0,0,0,0,0,0,"3 lanes",2,0,NA,0,NA
145,3976,"Raleigh","Wake","Piedmont","Commercial","Urban (>70% Developed)",NA,"Urban","30 - 35  MPH","No Control Present","Clear","No",28,"25-29","No",NA,"With Traffic","B: Evident Injury","Travel Lane","White","Female",21,"20-24","No",NA,"21-25 mph","O: No Injury","Black","Female","Passenger Car","No","15MAY2010","Saturday","Bicyclist Left Turn / Merge",13,"Non-Intersection","May","B: Evident Injury",47700,"Bicyclist Left Turn - Same Direction",2010,"No","No","Daylight","Straight - Level","Local Street","Dry","Two-Way, Divided, Unprotected Median","None","No Special Feature","Smooth Asphalt",0,0,0,0,0,0,0,"5 lanes",2,0,NA,0,NA
146,3984,"Wilmington","New Hanover","Coastal","Commercial","Urban (>70% Developed)",NA,"Urban","30 - 35  MPH","Stop Sign","Clear","No",47,"40-49","No",NA,"With Traffic","B: Evident Injury","Sidewalk / Crosswalk / Driveway Crossing","White","Male",63,"60-69","No",NA,"16-20 mph","O: No Injury","White","Female","Van","No","10MAY2010","Monday","Bicyclist Failed to Yield - Sign-Controlled Intersection",13,"Intersection","May","B: Evident Injury",48660,"Bicyclist Ride Out - Sign-Controlled Intersection",2010,"Yes","No","Daylight","Straight - Level","Local Street","Dry","Two-Way, Not Divided","None","No Special Feature","Smooth Asphalt",0,0,0,0,0,0,0,"2 lanes",2,0,NA,0,NA
147,3985,"Salisbury","Rowan","Piedmont","Commercial","Urban (>70% Developed)",NA,"Urban","40 - 45  MPH","Stop And Go Signal","Cloudy","No",53,"50-59","No",NA,"With Traffic","B: Evident Injury","Travel Lane","White","Male",53,"50-59","No",NA,"0-5 mph","O: No Injury","White","Male","Passenger Car","No","10JUN2010","Thursday","Motorist Left Turn / Merge",17,"Intersection","June","B: Evident Injury",63900,"Motorist Left Turn - Opposite Direction",2010,"Yes","No","Daylight","Straight - Level","US Route","Wet","Two-Way, Not Divided","None","T-Intersection","Coarse Asphalt",0,0,0,0,0,0,0,"4 lanes",2,0,NA,0,NA
148,3991,"Wilmington","New Hanover","Coastal","Residential","Urban (>70% Developed)",NA,"Urban","20 - 25  MPH","Stop Sign","Clear","No",20,"20-24","No",NA,"With Traffic","C: Possible Injury","Travel Lane","Black","Male",34,"30-39","No",NA,"21-25 mph","O: No Injury","Black","Male","Sport Utility","No","28MAY2010","Friday","Bicyclist Failed to Yield - Sign-Controlled Intersection",14,"Intersection","May","C: Possible Injury",50700,"Bicyclist Ride Out - Sign-Controlled Intersection",2010,"No","No","Daylight","Straight - Level","Local Street","Dry","Two-Way, Divided, Unprotected Median","None","Four-Way Intersection","Coarse Asphalt",0,0,0,0,0,0,0,"4 lanes",2,0,NA,0,NA
149,3999,"Charlotte","Mecklenburg","Piedmont","Commercial","Urban (>70% Developed)",NA,"Urban","30 - 35  MPH","No Control Present","Clear","No",25,"25-29","No",NA,"With Traffic","C: Possible Injury","Travel Lane","White","Male",20,"20-24","No",NA,"11-15 mph","O: No Injury","Black","Female","Passenger Car","No","25MAY2010","Tuesday","Bicyclist Overtaking Motorist",18,"Non-Intersection","May","C: Possible Injury",67920,"Bicyclist Overtaking - Other / Unknown",2010,"No","No","Daylight","Straight - Level","Local Street","Dry","Two-Way, Not Divided","None","No Special Feature","Smooth Asphalt",0,0,0,0,0,0,0,"4 lanes",2,0,NA,0,NA
150,1254,"Cedar Point","Carteret","Coastal","Commercial","Urban (>70% Developed)","PVA REDFEARN'S NURSERY","Rural",NA,"No Control Present","Cloudy","No",60,"60-69","No",NA,"Facing Traffic","O: No Injury","Sidewalk / Crosswalk / Driveway Crossing","White","Male",65,"60-69","No",NA,NA,"O: No Injury","White","Male","Pedalcycle","No","13JUL2013","Saturday","Motorist Failed to Yield - Midblock",11,"Non-Intersection","July","O: No Injury",40620,"Motorist Drive Out - Commercial Driveway / Alley",2013,"No","No","Daylight","Straight - Level","Public Vehicular Area","Dry","Two-Way, Not Divided","None","Driveway, Public","Coarse Asphalt",0,0,0,0,0,0,0,NA,2,0,NA,0,NA
151,1242,"Wilmington","New Hanover","Coastal","Commercial","Urban (>70% Developed)","WRIGHTSVILLE AVE","Urban","40 - 45  MPH","No Control Present","Clear","No",27,"25-29","No",NA,"With Traffic","K: Killed","Other","White","Male",23,"20-24","No",NA,NA,"O: No Injury","White","Female","Passenger Car","No","13JUN2013","Thursday","Loss of Control / Turning Error",22,"Intersection-Related","June","K: Killed",80160,"Motorist Lost Control - Other / Unknown",2013,"Yes","No","Dark - Lighted Roadway","Straight - Level","Local Street","Dry","Two-Way, Divided, Unprotected Median","None","No Special Feature","Coarse Asphalt",0,0,0,0,0,0,0,NA,2,0,NA,0,NA
152,1240,"Emerald Isle","Carteret","Coastal","Commercial","Urban (>70% Developed)","EASTVIEW DR","Rural","20 - 25  MPH","Stop Sign","Cloudy","No",10,"6-10","No",NA,"Facing Traffic","O: No Injury","Multi-use Path","White","Female",22,"20-24","No",NA,NA,"O: No Injury","White","Female","Passenger Car","No","24JUN2013","Monday","Bicyclist Failed to Yield - Sign-Controlled Intersection",13,"Intersection","June","O: No Injury",47760,"Bicyclist Ride Through - Sign-Controlled Intersection",2013,"No","No","Daylight","Straight - Level","Local Street","Dry","Two-Way, Not Divided","None","T-Intersection","Smooth Asphalt",0,0,0,0,0,0,0,"8 lanes",2,0,NA,0,NA
153,1241,"Wilson","Wilson","Coastal","Commercial","Urban (>70% Developed)","GOLDSBORO ST","Urban","30 - 35  MPH","No Control Present","Rain","No",54,"50-59","No",NA,NA,"O: No Injury","Sidewalk / Crosswalk / Driveway Crossing","Black","Male",63,"60-69","No",NA,"0-5 mph","O: No Injury","Black","Female","Passenger Car","No","07JUN2013","Friday","Bicyclist Failed to Yield - Midblock",10,"Non-Intersection","June","O: No Injury",37140,"Bicyclist Ride Out - Other Midblock",2013,"No","No","Daylight","Straight - Level","Local Street","Wet","Two-Way, Not Divided","None","No Special Feature","Coarse Asphalt",0,0,0,0,0,0,0,"5 lanes",2,0,NA,0,NA
154,1249,"None - Rural Crash","Nash","Coastal","Commercial","Urban (>70% Developed)","SUNSET AVE","Rural","30 - 35  MPH","No Control Present","Clear","No",39,"30-39","No",NA,"With Traffic","O: No Injury","Travel Lane","Black","Male",23,"20-24","Yes",NA,"31-35 mph","O: No Injury","White","Male","Pickup","Yes","29JUN2013","Saturday","Motorist Overtaking Bicyclist",21,"Non-Intersection","June","O: No Injury",77640,"Motorist Overtaking - Other / Unknown",2013,"No","No","Dark - Lighted Roadway","Straight - Level","Local Street","Dry","One-Way, Not Divided","None","No Special Feature","Smooth Asphalt",0,0,0,0,0,0,0,"2 lanes",2,0,NA,0,NA
155,1307,"Greensboro","Guilford","Piedmont","Commercial","Urban (>70% Developed)","BAIN ST","Urban","20 - 25  MPH","Stop Sign","Clear","No",16,"16-19","No",NA,"Facing Traffic","C: Possible Injury","Sidewalk / Crosswalk / Driveway Crossing","Black","Male",23,"20-24","No",NA,"0-5 mph","O: No Injury","White","Male","Passenger Car","No","24JUL2013","Wednesday","Motorist Failed to Yield - Sign-Controlled Intersection",17,"Intersection","July","C: Possible Injury",64560,"Motorist Drive Out - Sign-Controlled Intersection",2013,"Yes","No","Daylight","Straight - Level","Local Street","Dry","Two-Way, Not Divided","None","T-Intersection","Smooth Asphalt",0,0,0,0,0,0,0,"2 lanes",2,0,NA,0,NA
156,1308,"Raleigh","Wake","Piedmont","Residential","Urban (>70% Developed)","N RALEIGH BLVD","Urban","30 - 35  MPH","Stop And Go Signal","Cloudy","No",15,"11-15","No",NA,"With Traffic","B: Evident Injury","Travel Lane","Black","Male",53,"50-59","No",NA,"16-20 mph","O: No Injury","Black","Male","Van","No","31JUL2013","Wednesday","Bicyclist Failed to Yield - Signalized Intersection",16,"Intersection","July","B: Evident Injury",59160,"Bicyclist Ride Through - Signalized Intersection",2013,"No","No","Daylight","Straight - Level","Local Street","Wet","Two-Way, Divided, Unprotected Median","None","Traffic Circle/Roundabout","Smooth Asphalt",0,0,0,0,0,0,0,"5 lanes",2,0,NA,0,NA
157,1306,"Chapel Hill","Orange","Piedmont","Residential","Urban (>70% Developed)","W CAMERON AVE","Urban","20 - 25  MPH","Stop And Go Signal","Clear","No",23,"20-24","No",NA,"Facing Traffic","C: Possible Injury","Travel Lane","White","Male",21,"20-24","Yes",NA,"26-30 mph","O: No Injury","White","Male","Passenger Car","Yes","17JUL2013","Wednesday","Motorist Failed to Yield - Signalized Intersection",18,"Intersection","July","C: Possible Injury",67740,"Motorist Drive Through - Signalized Intersection",2013,"No","No","Daylight","Straight - Level","Local Street","Dry","Two-Way, Not Divided","None","No Special Feature","Smooth Asphalt",0,0,0,0,0,0,0,"2 lanes",2,0,NA,0,NA
158,1303,"Belmont","Gaston","Piedmont","Residential","Urban (>70% Developed)","KEENER BLVD","Urban","40 - 45  MPH","No Control Present","Rain","No",25,"25-29","No",NA,"With Traffic","B: Evident Injury","Travel Lane","White","Male",32,"30-39","No",NA,"41-45 mph","O: No Injury","Black","Male","Passenger Car","No","09JUL2013","Tuesday","Parallel Paths - Other Circumstances",23,"Non-Intersection","July","B: Evident Injury",83700,"Parallel Paths - Other / Unknown",2013,"Yes","No","Dark - Roadway Not Lighted","Straight - Hillcrest","NC Route","Wet","Two-Way, Not Divided","None","No Special Feature","Coarse Asphalt",0,0,0,0,0,0,0,"4 lanes",2,0,NA,0,NA
159,2082,"Fayetteville","Cumberland","Coastal","Residential","Mixed (30% To 70% Developed)",NA,"Urban","20 - 25  MPH","Stop Sign","Rain","No",NA,NA,"Missing",NA,"With Traffic","Unknown Injury","Travel Lane","Unknown/Missing",NA,28,"25-29","No",NA,"26-30 mph","O: No Injury","White","Female","Sport Utility","No","09MAY2012","Wednesday","Bicyclist Failed to Yield - Sign-Controlled Intersection",15,"Intersection","May","O: No Injury",55920,"Bicyclist Ride Through - Sign-Controlled Intersection",2012,"No","No","Daylight","Straight - Level","Local Street","Wet","Two-Way, Not Divided","None","No Special Feature","Smooth Asphalt",0,0,0,0,0,0,0,"4 lanes",2,0,NA,0,NA