"...1","object_id","city","county","region","development","locality","on_road","rural_urban","speed_limit","traffic_control","weather","workzone","bike_age","bike_age_group","bike_alcohol","bike_alcohol_drugs","bike_direction","bike_injury","bike_position","bike_race","bike_sex","driver_age","driver_age_group","driver_alcohol","driver_alcohol_drugs","driver_est_speed","driver_injury","driver_race","driver_sex","driver_vehicle_type","crash_alcohol","crash_date","crash_day","crash_group","crash_hour","crash_location","crash_month","crash_severity","crash_time","crash_type","crash_year","ambulance_req","hit_run","light_condition","road_character","road_class","road_condition","road_configuration","road_defects","road_feature","road_surface","num_bikes_ai","num_bikes_bi","num_bikes_ci","num_bikes_ki","num_bikes_no","num_bikes_to","num_bikes_ui","num_lanes","num_units","distance_mi_from","frm_road","rte_invd_cd","towrd_road"
160,2067,"None - Rural Crash","Davie","Piedmont","Farms, Woods, Pastures","Rural (<30% Developed)",NA,"Rural","50 - 55  MPH","Double Yellow Line, No Passing Zone","Clear","No",15,"11-15","No",NA,"With Traffic","A: Disabling Injury","Travel Lane","White","Male",32,"30-39","No",NA,"36-40 mph","O: No Injury","White","Male","Pickup","No","28MAY2012","Monday","Motorist Overtaking Bicyclist",21,"Non-Intersection","May","A: Disabling Injury",77400,"Motorist Overtaking - Bicyclist Swerved",2012,"Yes","No","Dark - Roadway Not Lighted","Straight - Grade","State Secondary Route","Dry","Two-Way, Not Divided","None","No Special Feature","Smooth Asphalt",0,0,0,0,0,0,0,"2 lanes",2,0,NA,0,NA
161,2066,"Greensboro","Guilford","Piedmont","Commercial","Urban (>70% Developed)",NA,"Urban","30 - 35  MPH","Stop And Go Signal","Clear","No",46,"40-49","No",NA,"With Traffic","C: Possible Injury","Travel Lane","Black","Male",57,"50-59","No",NA,"31-35 mph","O: No Injury","White","Female","Passenger Car","No","27MAY2012","Sunday","Bicyclist Failed to Yield - Signalized Intersection",14,"Intersection","May","C: Possible Injury",53400,"Bicyclist Ride Through - Signalized Intersection",2012,"Yes","Yes","Daylight","Straight - Level","Local Street","Dry","Two-Way, Divided, Positive Median Barrier","None","Four-Way Intersection","Smooth Asphalt",0,0,0,0,0,0,0,"5 lanes",2,0,NA,0,NA
162,2099,"None - Rural Crash","Buncombe","Mountains","Commercial","Urban (>70% Developed)",NA,"Rural","40 - 45  MPH","Double Yellow Line, No Passing Zone","Clear","No",20,"20-24","No",NA,"With Traffic","B: Evident Injury","Bike Lane / Paved Shoulder","White","Male",NA,NA,"No",NA,"6-10 mph","Unknown Injury","Unknown/Missing",NA,"Van","No","07JUN2012","Thursday","Motorist Left Turn / Merge",17,"Non-Intersection","June","B: Evident Injury",63720,"Motorist Left Turn - Opposite Direction",2012,"Yes","Yes","Daylight","Straight - Grade","NC Route","Dry","Two-Way, Not Divided","None","Driveway, Public","Smooth Asphalt",0,0,0,0,0,0,0,"2 lanes",2,0,NA,0,NA
163,2085,"None - Rural Crash","Johnston","Coastal","Residential","Rural (<30% Developed)",NA,"Rural","50 - 55  MPH","Double Yellow Line, No Passing Zone","Clear","No",7,"6-10","No",NA,"Facing Traffic","K: Killed","Travel Lane","Hispanic","Male",38,"30-39","No",NA,"51-55 mph","O: No Injury","White","Male","Pickup","No","30MAY2012","Wednesday","Bicyclist Right Turn / Merge",16,"Non-Intersection","May","K: Killed",60540,"Bicyclist Right Turn - Opposite Direction",2012,"Yes","No","Dark - Roadway Not Lighted","Curve - Level","State Secondary Route","Dry","Two-Way, Not Divided","None","No Special Feature","Coarse Asphalt",0,0,0,0,0,0,0,"2 lanes",2,0,NA,0,NA
164,2094,"Wilmington","New Hanover","Coastal","Commercial","Urban (>70% Developed)",NA,"Urban","30 - 35  MPH","Stop And Go Signal","Rain","No",16,"16-19","No",NA,"With Traffic","C: Possible Injury","Travel Lane","White","Female",NA,NA,"No",NA,NA,"Unknown Injury","Unknown/Missing",NA,NA,"No","29MAY2012","Tuesday","Crossing Paths - Other Circumstances",9,"Intersection","May","C: Possible Injury",33420,"Signalized Intersection - Other / Unknown",2012,"No","Yes","Daylight","Straight - Level","Local Street","Wet","One-Way, Not Divided","None","No Special Feature","Smooth Asphalt",0,0,0,0,0,0,0,"2 lanes",2,0,NA,0,NA
165,2107,"Charlotte","Mecklenburg","Piedmont","Commercial","Urban (>70% Developed)",NA,"Urban","30 - 35  MPH","No Control Present","Clear","No",31,"30-39","No",NA,"With Traffic","B: Evident Injury","Travel Lane","White","Female",NA,NA,"Missing",NA,"11-15 mph","Unknown Injury","Unknown/Missing",NA,NA,"No","08JUN2012","Friday","Motorist Overtaking Bicyclist",17,"Non-Intersection","June","B: Evident Injury",64260,"Motorist Overtaking - Other / Unknown",2012,"No","Yes","Daylight","Straight - Level","Local Street","Dry","Two-Way, Not Divided","None","No Special Feature","Concrete",0,0,0,0,0,0,0,"2 lanes",2,0,NA,0,NA
166,2087,"Wilmington","New Hanover","Coastal","Residential","Urban (>70% Developed)",NA,"Urban","20 - 25  MPH","Stop And Go Signal","Rain","No",19,"16-19","No",NA,"With Traffic","B: Evident Injury","Travel Lane","White","Male",34,"30-39","No",NA,"21-25 mph","O: No Injury","Black","Male","Pickup","No","25MAY2012","Friday","Bicyclist Failed to Yield - Signalized Intersection",14,"Intersection","May","B: Evident Injury",53040,"Bicyclist Ride Through - Signalized Intersection",2012,"Yes","No","Daylight","Straight - Level","US Route","Wet","Two-Way, Not Divided","None","Four-Way Intersection","Coarse Asphalt",0,0,0,0,0,0,0,"6 lanes",2,0,NA,0,NA
167,2068,"Ahoskie","Hertford","Coastal","Residential","Urban (>70% Developed)",NA,"Rural","20 - 25  MPH","No Control Present","Clear","No",21,"20-24","No",NA,"With Traffic","A: Disabling Injury","Travel Lane","Black","Male",26,"25-29","No",NA,"31-35 mph","O: No Injury","Black","Female","Passenger Car","No","13FEB2012","Monday","Other / Unusual Circumstances",23,"Non-Intersection","February","A: Disabling Injury",85380,"Unusual Circumstances",2012,"Yes","No","Dark - Lighted Roadway","Straight - Grade","Local Street","Dry","Two-Way, Not Divided","None","No Special Feature","Coarse Asphalt",0,0,0,0,0,0,0,"2 lanes",2,0,NA,0,NA
168,2091,"Mooresville","Iredell","Piedmont","Commercial","Urban (>70% Developed)",NA,"Urban","5 - 15 MPH","No Control Present","Clear","No",11,"11-15","No",NA,"Not Applicable","O: No Injury","Non-Roadway","White","Male",50,"50-59","No",NA,"0-5 mph","O: No Injury","White","Female","Sport Utility","No","28MAY2012","Monday","Non-Roadway",20,"Non-Roadway","May","O: No Injury",73440,"Non-Roadway",2012,"No","No","Daylight","Straight - Level","Public Vehicular Area","Dry","Two-Way, Not Divided","None","No Special Feature","Smooth Asphalt",0,0,0,0,0,0,0,NA,2,0,NA,0,NA
169,2222,"Asheville","Buncombe","Mountains","Commercial","Urban (>70% Developed)",NA,"Urban","30 - 35  MPH","No Control Present","Clear","No",18,"16-19","No",NA,"Facing Traffic","C: Possible Injury","Sidewalk / Crosswalk / Driveway Crossing","Other","Male",NA,NA,"No",NA,"31-35 mph","Unknown Injury","Unknown/Missing",NA,"Passenger Car","No","21JUN2012","Thursday","Loss of Control / Turning Error",13,"Intersection-Related","June","C: Possible Injury",47700,"Motorist Lost Control - Other / Unknown",2012,"No","Yes","Daylight","Straight - Level","US Route","Dry","Two-Way, Divided, Positive Median Barrier","None","No Special Feature","Smooth Asphalt",0,0,0,0,0,0,0,"3 lanes",2,0,NA,0,NA
170,2225,"None - Rural Crash","Hoke","Coastal","Commercial","Mixed (30% To 70% Developed)",NA,"Rural","40 - 45  MPH","Double Yellow Line, No Passing Zone","Clear","No",10,"6-10","No",NA,NA,"B: Evident Injury","Non-Roadway","Native American","Female",18,"0-19","No",NA,"16-20 mph","O: No Injury","Hispanic","Male","Pickup","No","17JUL2012","Tuesday","Motorist Failed to Yield - Sign-Controlled Intersection",15,"Intersection-Related","July","B: Evident Injury",55920,"Motorist Drive Out - Sign-Controlled Intersection",2012,"Yes","No","Daylight","Straight - Grade","State Secondary Route","Dry","Two-Way, Not Divided","None","No Special Feature","Coarse Asphalt",0,0,0,0,0,0,0,"2 lanes",2,0,NA,0,NA
171,2217,"None - Rural Crash","Vance","Piedmont","Residential","Mixed (30% To 70% Developed)",NA,"Rural","50 - 55  MPH","Stop Sign","Clear","No",6,"6-10","No",NA,"Facing Traffic","C: Possible Injury","Travel Lane","Black","Male",21,"20-24","No",NA,"31-35 mph","O: No Injury","White","Male","Pickup","No","15JUL2012","Sunday","Bicyclist Failed to Yield - Sign-Controlled Intersection",20,"Intersection","July","C: Possible Injury",75420,"Bicyclist Ride Through - Sign-Controlled Intersection",2012,"Yes","No","Dark - Roadway Not Lighted","Straight - Level","State Secondary Route","Dry","Two-Way, Not Divided","None","T-Intersection","Smooth Asphalt",0,0,0,0,0,0,0,"2 lanes",2,0,NA,0,NA
172,2170,"Raleigh","Wake","Piedmont","Residential","Mixed (30% To 70% Developed)",NA,"Urban","20 - 25  MPH","No Control Present","Clear","No",19,"16-19","No",NA,"With Traffic","O: No Injury","Sidewalk / Crosswalk / Driveway Crossing","White","Male",NA,NA,"Missing",NA,"0-5 mph","Unknown Injury","Unknown/Missing",NA,"Passenger Car","No","24JUN2012","Sunday","Motorist Failed to Yield - Midblock",16,"Non-Intersection","June","O: No Injury",59460,"Motorist Drive Out - Midblock - Unknown",2012,"No","Yes","Daylight","Straight - Level","Local Street","Dry","Two-Way, Not Divided","None","No Special Feature","Smooth Asphalt",0,0,0,0,0,0,0,"2 lanes",2,0,NA,0,NA
173,2204,"None - Rural Crash","Iredell","Piedmont","Farms, Woods, Pastures","Rural (<30% Developed)",NA,"Rural","50 - 55  MPH","Double Yellow Line, No Passing Zone","Clear","No",44,"40-49","No",NA,"With Traffic","A: Disabling Injury","Travel Lane","White","Male",38,"30-39","No",NA,"51-55 mph","O: No Injury","White","Male","Passenger Car","No","07JUL2012","Saturday","Motorist Overtaking Bicyclist",9,"Non-Intersection","July","A: Disabling Injury",35280,"Motorist Overtaking - Other / Unknown",2012,"Yes","No","Daylight","Straight - Hillcrest","State Secondary Route","Dry","Two-Way, Not Divided","None","Driveway, Public","Coarse Asphalt",0,0,0,0,0,0,0,"2 lanes",2,0,NA,0,NA
174,2163,"None - Rural Crash","Brunswick","Coastal","Commercial","Urban (>70% Developed)",NA,"Rural","5 - 15 MPH","No Control Present","Clear","No",29,"25-29","No",NA,"Facing Traffic","C: Possible Injury","Sidewalk / Crosswalk / Driveway Crossing","Black","Male",26,"25-29","No",NA,"11-15 mph","O: No Injury","White","Male","Pickup","No","26JUN2012","Tuesday","Motorist Failed to Yield - Midblock",14,"Non-Intersection","June","C: Possible Injury",53520,"Motorist Drive Out - Commercial Driveway / Alley",2012,"Yes","No","Daylight","Straight - Level","NC Route","Dry","Two-Way, Not Divided","None","Driveway, Public","Coarse Asphalt",0,0,0,0,0,0,0,"3 lanes",2,0,NA,0,NA
175,2238,"Nags Head","Dare","Coastal","Residential","Urban (>70% Developed)",NA,"Rural","50 - 55  MPH","Stop And Go Signal","Clear","No",20,"20-24","No",NA,"Facing Traffic","B: Evident Injury","Travel Lane","White","Female",57,"50-59","No",NA,"0-5 mph","O: No Injury","White","Male","Passenger Car","No","29JUN2012","Friday","Motorist Failed to Yield - Signalized Intersection",12,"Intersection","June","B: Evident Injury",43260,"Motorist Drive Out - Right Turn on Red",2012,"No","No","Daylight","Straight - Level","US Route","Dry","Two-Way, Divided, Unprotected Median","None","Four-Way Intersection","Smooth Asphalt",0,0,0,0,0,0,0,"5 lanes",2,0,NA,0,NA
176,2165,"Cary","Wake","Piedmont","Commercial","Urban (>70% Developed)",NA,"Urban",NA,"No Control Present","Clear","No",47,"40-49","No",NA,"With Traffic","C: Possible Injury","Travel Lane","White","Female",29,"25-29","No",NA,"6-10 mph","O: No Injury","Black","Female","Passenger Car","No","14JUN2012","Thursday","Motorist Failed to Yield - Midblock",13,"Non-Intersection","June","C: Possible Injury",48780,"Motorist Drive Out - Commercial Driveway / Alley",2012,"Yes","No","Daylight","Straight - Grade","State Secondary Route","Dry","Two-Way, Not Divided","None","No Special Feature","Coarse Asphalt",0,0,0,0,0,0,0,"5 lanes",2,0,NA,0,NA
177,2173,"Asheboro","Randolph","Piedmont","Residential","Urban (>70% Developed)",NA,"Urban","30 - 35  MPH","No Control Present","Clear","No",9,"6-10","No",NA,"Not Applicable","B: Evident Injury","Driveway / Alley","White","Male",19,"0-19","No",NA,"16-20 mph","O: No Injury","White","Male","Passenger Car","No","20JUN2012","Wednesday","Bicyclist Failed to Yield - Midblock",21,"Non-Intersection","June","B: Evident Injury",76860,"Bicyclist Ride Out - Residential Driveway",2012,"Yes","No","Dusk","Straight - Grade","Local Street","Dry","Two-Way, Not Divided","None","No Special Feature","Smooth Asphalt",0,0,0,0,0,0,0,"2 lanes",2,0,NA,0,NA
178,2186,"Raleigh","Wake","Piedmont","Commercial","Urban (>70% Developed)",NA,"Urban","50 - 55  MPH","No Control Present","Clear","No",49,"40-49","No",NA,"With Traffic","K: Killed","Travel Lane","White","Male",28,"25-29","No",NA,"31-35 mph","O: No Injury","White","Male","Tractor/Semi-Trailer","No","04JUL2012","Wednesday","Motorist Overtaking Bicyclist",14,"Non-Intersection","July","K: Killed",51300,"Motorist Overtaking - Misjudged Space",2012,"Yes","No","Daylight","Curve - Grade","NC Route","Dry","Two-Way, Divided, Unprotected Median","None","No Special Feature","Smooth Asphalt",0,0,0,0,0,0,0,"6 lanes",2,0,NA,0,NA
179,2060,"Asheboro","Randolph","Piedmont","Commercial","Urban (>70% Developed)",NA,"Urban",NA,"No Control Present","Clear","No",22,"20-24","No",NA,"Facing Traffic","C: Possible Injury","Sidewalk / Crosswalk / Driveway Crossing","Other","Male",48,"40-49","No",NA,"0-5 mph","O: No Injury","White","Female","Passenger Car","No","20MAY2012","Sunday","Motorist Failed to Yield - Midblock",17,"Non-Intersection","May","C: Possible Injury",61320,"Motorist Drive Out - Commercial Driveway / Alley",2012,"Yes","No","Daylight","Straight - Level","Public Vehicular Area","Dry","Two-Way, Not Divided","None","Driveway, Public","Grooved Concrete",0,0,0,0,0,0,0,"2 lanes",2,0,NA,0,NA
180,2048,"Raleigh","Wake","Piedmont","Residential","Urban (>70% Developed)",NA,"Urban","30 - 35  MPH","Stop And Go Signal","Clear","No",47,"40-49","No",NA,"Facing Traffic","B: Evident Injury","Sidewalk / Crosswalk / Driveway Crossing","White","Female",33,"30-39","No",NA,"6-10 mph","O: No Injury","White","Female","Passenger Car","No","11MAY2012","Friday","Motorist Failed to Yield - Signalized Intersection",19,"Intersection","May","B: Evident Injury",68640,"Motorist Drive Out - Right Turn on Red",2012,"Yes","No","Daylight","Straight - Level","Local Street","Dry","Two-Way, Not Divided","None","Four-Way Intersection","Smooth Asphalt",0,0,0,0,0,0,0,"4 lanes",2,0,NA,0,NA
181,2019,"Williamston","Martin","Coastal","Residential","Mixed (30% To 70% Developed)",NA,"Urban","20 - 25  MPH","Stop Sign","Clear","No",10,"6-10","No",NA,"Facing Traffic","C: Possible Injury","Travel Lane","Black","Male",27,"25-29","No",NA,"21-25 mph","O: No Injury","White","Female","Passenger Car","No","13APR2012","Friday","Bicyclist Failed to Yield - Sign-Controlled Intersection",13,"Intersection","April","C: Possible Injury",48900,"Bicyclist Ride Through - Sign-Controlled Intersection",2012,"Yes","No","Daylight","Straight - Level","Local Street","Dry","Two-Way, Not Divided","None","No Special Feature","Smooth Asphalt",0,0,0,0,0,0,0,"4 lanes",2,0,NA,0,NA
182,2029,"None - Rural Crash","Johnston","Coastal","Residential","Rural (<30% Developed)",NA,"Rural","50 - 55  MPH","Double Yellow Line, No Passing Zone","Clear","No",22,"20-24","No",NA,"With Traffic","B: Evident Injury","Travel Lane","Hispanic","Male",19,"0-19","No",NA,"41-45 mph","O: No Injury","White","Female","Sport Utility","No","11MAY2012","Friday","Motorist Overtaking Bicyclist",16,"Non-Intersection","May","B: Evident Injury",60000,"Motorist Overtaking - Bicyclist Swerved",2012,"Yes","No","Daylight","Straight - Level","State Secondary Route","Dry","Two-Way, Not Divided","None","Driveway, Public","Coarse Asphalt",0,0,0,0,0,0,0,"2 lanes",2,0,NA,0,NA
183,2016,"Rocky Mount","Nash","Coastal","Commercial","Urban (>70% Developed)",NA,"Urban",NA,"No Control Present","Clear","No",47,"40-49","No",NA,"Facing Traffic","C: Possible Injury","Sidewalk / Crosswalk / Driveway Crossing","Black","Male",18,"0-19","No",NA,"0-5 mph","O: No Injury","White","Male","Sport Utility","No","10APR2012","Tuesday","Motorist Failed to Yield - Midblock",15,"Non-Intersection","April","C: Possible Injury",55260,"Motorist Drive Out - Commercial Driveway / Alley",2012,"No","No","Daylight","Straight - Level","Local Street","Dry","Two-Way, Not Divided","None","T-Intersection","Smooth Asphalt",0,0,0,0,0,0,0,"2 lanes",2,0,NA,0,NA
184,2044,"Sanford","Lee","Piedmont","Commercial","Mixed (30% To 70% Developed)",NA,"Urban","40 - 45  MPH","No Control Present","Clear","No",NA,NA,"Missing",NA,"With Traffic","Unknown Injury","Travel Lane","Unknown/Missing",NA,31,"30-39","No",NA,"31-35 mph","O: No Injury","Black","Male","Passenger Car","No","06MAY2012","Sunday","Bicyclist Left Turn / Merge",20,"Non-Intersection","May","O: No Injury",75420,"Bicyclist Left Turn - Same Direction",2012,"No","No","Dark - Roadway Not Lighted","Straight - Level","Local Street","Dry","Two-Way, Not Divided","None","No Special Feature","Coarse Asphalt",0,0,0,0,0,0,0,"2 lanes",2,0,NA,0,NA
185,2027,"Wilmington","New Hanover","Coastal","Commercial","Urban (>70% Developed)",NA,"Urban","50 - 55  MPH","No Control Present","Clear","No",18,"16-19","No",NA,"With Traffic","B: Evident Injury","Travel Lane","White","Female",61,"60-69","No",NA,"41-45 mph","O: No Injury","Black","Male","Pickup","No","01MAY2012","Tuesday","Crossing Paths - Other Circumstances",11,"Intersection","May","B: Evident Injury",43080,"Crossing Paths - Intersection - Other / Unknown",2012,"Yes","No","Daylight","Straight - Level","Local Street","Dry","One-Way, Not Divided","None","No Special Feature","Coarse Asphalt",0,0,0,0,0,0,0,"6 lanes",2,0,NA,0,NA
186,2041,"None - Rural Crash","Wake","Piedmont","Farms, Woods, Pastures","Rural (<30% Developed)",NA,"Rural","50 - 55  MPH","No Control Present","Clear","No",16,"16-19","No",NA,"With Traffic","B: Evident Injury","Travel Lane","White","Male",61,"60-69","No",NA,"41-45 mph","O: No Injury","White","Female","Passenger Car","No","19MAY2012","Saturday","Bicyclist Overtaking Motorist",9,"Non-Intersection","May","B: Evident Injury",35880,"Bicyclist Overtaking - Other / Unknown",2012,"Yes","No","Daylight","Straight - Level","NC Route","Dry","Two-Way, Not Divided","None","Driveway, Private","Smooth Asphalt",0,0,0,0,0,0,0,"2 lanes",2,0,NA,0,NA
187,2035,"Boone","Watauga","Mountains","Commercial","Urban (>70% Developed)",NA,"Urban",NA,"Other","Clear","No",27,"25-29","No",NA,"Facing Traffic","O: No Injury","Sidewalk / Crosswalk / Driveway Crossing","White","Male",38,"30-39","No",NA,NA,"O: No Injury","White","Male","Pickup","No","07MAY2012","Monday","Motorist Failed to Yield - Midblock",17,"Non-Intersection","May","O: No Injury",63840,"Motorist Drive Out - Commercial Driveway / Alley",2012,"No","No","Daylight","Straight - Level","Public Vehicular Area","Dry","Two-Way, Not Divided","None","Driveway, Public","Smooth Asphalt",0,0,0,0,0,0,0,NA,2,0,NA,0,NA
188,2050,"Cary","Wake","Piedmont","Residential","Urban (>70% Developed)",NA,"Urban",NA,"Stop Sign","Clear","No",9,"6-10","No",NA,"Not Applicable","B: Evident Injury","Non-Roadway","White","Male",NA,"70+","No",NA,"16-20 mph","O: No Injury","Black","Female","Sport Utility","No","03MAY2012","Thursday","Non-Roadway",18,"Non-Roadway","May","B: Evident Injury",66360,"Non-Roadway",2012,"Yes","No","Daylight","Straight - Level","Public Vehicular Area","Dry","Two-Way, Not Divided","None","T-Intersection","Smooth Asphalt",0,0,0,0,0,0,0,"2 lanes",2,0,NA,0,NA
189,2117,"None - Rural Crash","Columbus","Coastal","Residential","Mixed (30% To 70% Developed)",NA,"Rural","50 - 55  MPH","No Control Present","Clear","No",51,"50-59","No",NA,"With Traffic","C: Possible Injury","Travel Lane","Black","Female",NA,NA,"Missing",NA,"36-40 mph","Unknown Injury","Unknown/Missing",NA,"Passenger Car","No","07JUN2012","Thursday","Motorist Overtaking Bicyclist",6,"Non-Intersection","June","C: Possible Injury",23880,"Motorist Overtaking - Other / Unknown",2012,"Yes","Yes","Daylight","Straight - Level","State Secondary Route","Dry","Two-Way, Not Divided","None","No Special Feature","Coarse Asphalt",0,0,0,0,0,0,0,"2 lanes",2,0,NA,0,NA
190,2151,"Greenville","Pitt","Coastal","Commercial","Urban (>70% Developed)",NA,"Urban","30 - 35  MPH","Stop Sign","Clear","No",35,"30-39","No",NA,"Facing Traffic","C: Possible Injury","Sidewalk / Crosswalk / Driveway Crossing","White","Male",29,"25-29","No",NA,NA,"O: No Injury","White","Female","Passenger Car","No","07JUN2012","Thursday","Motorist Failed to Yield - Sign-Controlled Intersection",11,"Intersection","June","C: Possible Injury",42120,"Motorist Drive Out - Sign-Controlled Intersection",2012,"No","No","Dusk","Straight - Level","Local Street","Dry","Two-Way, Not Divided","None","No Special Feature","Coarse Asphalt",0,0,0,0,0,0,0,"2 lanes",2,0,NA,0,NA
191,2135,"Plymouth","Washington","Coastal","Commercial","Urban (>70% Developed)",NA,"Rural","40 - 45  MPH","No Control Present","Clear","No",59,"50-59","Yes",NA,"With Traffic","B: Evident Injury","Travel Lane","Black","Male",41,"40-49","No",NA,"41-45 mph","O: No Injury","Black","Female","Passenger Car","Yes","29MAY2012","Tuesday","Bicyclist Right Turn / Merge",22,"Intersection-Related","May","B: Evident Injury",79620,"Bicyclist Right Turn - Same Direction",2012,"Yes","No","Dark - Lighted Roadway","Straight - Level","US Route","Dry","Two-Way, Divided, Unprotected Median","None","No Special Feature","Coarse Asphalt",0,0,0,0,0,0,0,"5 lanes",2,0,NA,0,NA
192,2120,"Wilson","Wilson","Coastal","Commercial","Urban (>70% Developed)",NA,"Urban","40 - 45  MPH","No Control Present","Clear","No",24,"20-24","No",NA,"Facing Traffic","C: Possible Injury","Sidewalk / Crosswalk / Driveway Crossing","Black","Male",19,"0-19","No",NA,"0-5 mph","O: No Injury","White","Male","Passenger Car","No","29MAY2012","Tuesday","Motorist Failed to Yield - Midblock",15,"Non-Intersection","May","C: Possible Injury",54060,"Motorist Drive Out - Commercial Driveway / Alley",2012,"No","No","Daylight","Straight - Level","Local Street","Dry","Two-Way, Not Divided","None","T-Intersection","Smooth Asphalt",0,0,0,0,0,0,0,"5 lanes",2,0,NA,0,NA
193,2158,"Winston-Salem","Forsyth","Piedmont","Residential","Urban (>70% Developed)",NA,"Urban","30 - 35  MPH","No Control Present","Clear","No",15,"11-15","No",NA,"With Traffic","C: Possible Injury","Travel Lane","Black","Male",NA,NA,"Missing",NA,"31-35 mph","Unknown Injury","Unknown/Missing",NA,NA,"No","16JUN2012","Saturday","Motorist Overtaking Bicyclist",20,"Non-Intersection","June","C: Possible Injury",73920,"Motorist Overtaking - Bicyclist Swerved",2012,"Yes","Yes","Daylight","Straight - Level","Local Street","Dry","Two-Way, Not Divided","None","No Special Feature","Smooth Asphalt",0,0,0,0,0,0,0,"2 lanes",2,0,NA,0,NA
194,2150,"Archdale","Randolph","Piedmont","Commercial","Urban (>70% Developed)",NA,"Urban","30 - 35  MPH","Stop And Go Signal","Clear","No",21,"20-24","No",NA,"Facing Traffic","C: Possible Injury","Travel Lane","Other","Male",16,"0-19","No",NA,"11-15 mph","O: No Injury","White","Female","Passenger Car","No","14JUN2012","Thursday","Bicyclist Failed to Yield - Signalized Intersection",20,"Intersection","June","C: Possible Injury",75360,"Bicyclist Ride Through - Signalized Intersection",2012,"Yes","No","Dusk","Straight - Level","Local Street","Dry","Two-Way, Not Divided","None","Four-Way Intersection","Smooth Asphalt",0,0,0,0,0,0,0,"5 lanes",2,0,NA,0,NA
195,2154,"Huntersville","Mecklenburg","Piedmont","Residential","Mixed (30% To 70% Developed)",NA,"Urban","40 - 45  MPH","Double Yellow Line, No Passing Zone","Clear","No",15,"11-15","No",NA,"With Traffic","B: Evident Injury","Travel Lane","Asian","Female",52,"50-59","No",NA,"41-45 mph","O: No Injury","White","Male","Pickup","No","15JUN2012","Friday","Bicyclist Left Turn / Merge",12,"Non-Intersection","June","B: Evident Injury",46560,"Bicyclist Left Turn - Same Direction",2012,"Yes","No","Daylight","Straight - Level","NC Route","Dry","Two-Way, Not Divided","None","No Special Feature","Smooth Asphalt",0,0,0,0,0,0,0,"2 lanes",2,0,NA,0,NA
196,2126,"Fayetteville","Cumberland","Coastal","Commercial","Urban (>70% Developed)",NA,"Urban",NA,"No Control Present","Clear","No",32,"30-39","No",NA,"With Traffic","O: No Injury","Travel Lane","Black","Male",NA,NA,"Missing",NA,NA,"Unknown Injury","Unknown/Missing",NA,NA,"No","09JUN2012","Saturday","Motorist Overtaking Bicyclist",21,"Non-Intersection","June","O: No Injury",78240,"Motorist Overtaking - Other / Unknown",2012,"No","Yes","Dark - Lighted Roadway","Straight - Grade","NC Route","Dry","Two-Way, Not Divided","None","No Special Feature","Smooth Asphalt",0,0,0,0,0,0,0,"5 lanes",2,0,NA,0,NA
197,2137,"Matthews","Mecklenburg","Piedmont","Commercial","Urban (>70% Developed)",NA,"Urban","40 - 45  MPH","No Control Present","Clear","No",48,"40-49","No",NA,NA,"B: Evident Injury","Travel Lane","Hispanic","Male",53,"50-59","No",NA,"41-45 mph","O: No Injury","White","Male","Passenger Car","No","13JUN2012","Wednesday","Other / Unknown - Insufficient Details",8,"Non-Intersection","June","B: Evident Injury",30600,"Unknown Approach Paths",2012,"Yes","No","Daylight","Straight - Level","US Route","Dry","Two-Way, Divided, Unprotected Median","None","No Special Feature","Smooth Asphalt",0,0,0,0,0,0,0,"2 lanes",2,0,NA,0,NA
198,2110,"Kitty Hawk","Dare","Coastal","Residential","Mixed (30% To 70% Developed)",NA,"Rural","30 - 35  MPH","No Control Present","Clear","No",20,"20-24","No",NA,"With Traffic","B: Evident Injury","Travel Lane","White","Male",31,"30-39","No",NA,"31-35 mph","O: No Injury","White","Male","Passenger Car","No","04JUN2012","Monday","Motorist Overtaking Bicyclist",18,"Non-Intersection","June","B: Evident Injury",65520,"Motorist Overtaking - Bicyclist Swerved",2012,"Yes","No","Daylight","Straight - Level","NC Route","Dry","Two-Way, Not Divided","None","No Special Feature","Smooth Asphalt",0,0,0,0,0,0,0,"2 lanes",2,0,NA,0,NA
199,2260,"Charlotte","Mecklenburg","Piedmont","Residential","Urban (>70% Developed)",NA,"Urban","30 - 35  MPH","No Control Present","Clear","No",11,"11-15","Missing",NA,NA,"B: Evident Injury","Sidewalk / Crosswalk / Driveway Crossing","Black","Male",33,"30-39","No",NA,"36-40 mph","O: No Injury","Black","Male","Passenger Car","No","29JUL2012","Sunday","Parallel Paths - Other Circumstances",17,"Intersection-Related","July","B: Evident Injury",62880,"Bicyclist Ride Out - Parallel Path",2012,"Yes","No","Daylight","Straight - Level","Local Street","Dry","Two-Way, Divided, Positive Median Barrier",NA,"No Special Feature","Coarse Asphalt",0,0,0,0,0,0,0,"3 lanes",2,0,NA,0,NA
200,2240,"Goldsboro","Wayne","Coastal","Residential","Rural (<30% Developed)",NA,"Urban","20 - 25  MPH","Stop Sign","Cloudy","No",15,"11-15","No",NA,"With Traffic","B: Evident Injury","Travel Lane","Black","Male",NA,"70+","No",NA,"16-20 mph","O: No Injury","Black","Female","Passenger Car","No","12JUL2012","Thursday","Bicyclist Failed to Yield - Sign-Controlled Intersection",20,"Intersection","July","B: Evident Injury",74760,"Bicyclist Ride Out - Sign-Controlled Intersection",2012,"Yes","No","Dark - Lighted Roadway","Straight - Level","Local Street","Wet","Two-Way, Not Divided","None","Four-Way Intersection","Coarse Asphalt",0,0,0,0,0,0,0,"2 lanes",2,0,NA,0,NA