"...1","object_id","city","county","region","development","locality","on_road","rural_urban","speed_limit","traffic_control","weather","workzone","bike_age","bike_age_group","bike_alcohol","bike_alcohol_drugs","bike_direction","bike_injury","bike_position","bike_race","bike_sex","driver_age","driver_age_group","driver_alcohol","driver_alcohol_drugs","driver_est_speed","driver_injury","driver_race","driver_sex","driver_vehicle_type","crash_alcohol","crash_date","crash_day","crash_group","crash_hour","crash_location","crash_month","crash_severity","crash_time","crash_type","crash_year","ambulance_req","hit_run","light_condition","road_character","road_class","road_condition","road_configuration","road_defects","road_feature","road_surface","num_bikes_ai","num_bikes_bi","num_bikes_ci","num_bikes_ki","num_bikes_no","num_bikes_to","num_bikes_ui","num_lanes","num_units","distance_mi_from","frm_road","rte_invd_cd","towrd_road"
201,7007,"Charlotte","Mecklenburg","Piedmont","Residential","Urban (>70% Developed)",NA,"Urban","30 - 35  MPH","No Control Present","Cloudy","No",35,"30-39","No",NA,NA,"B: Evident Injury","Travel Lane","Hispanic","Male",NA,NA,"Missing",NA,"31-35 mph","Unknown Injury","Unknown/Missing",NA,NA,"No","19OCT2007","Friday","Other / Unknown - Insufficient Details",17,"Non-Intersection","October","B: Evident Injury",62220,"Unknown Approach Paths",2007,"Yes","Yes","Daylight","Straight - Level","Local Street","Dry","Two-Way, Not Divided","None","No Special Feature","Smooth Asphalt",0,0,0,0,0,0,0,"4 lanes",2,0,NA,0,NA
202,7017,"Columbus","Polk","Mountains","Commercial","Urban (>70% Developed)",NA,"Rural","30 - 35  MPH","No Control Present","Clear","No",50,"50-59","No",NA,"With Traffic","B: Evident Injury","Travel Lane","White","Male",67,"60-69","No",NA,"31-35 mph","O: No Injury","White","Male","Passenger Car","No","17JUL2007","Tuesday","Motorist Left Turn / Merge",7,"Non-Intersection","July","B: Evident Injury",25200,"Motorist Left Turn - Opposite Direction",2007,"Yes","No","Daylight","Curve - Grade","Local Street","Dry","Two-Way, Divided, Unprotected Median","None","Driveway, Public","Smooth Asphalt",0,0,0,0,0,0,0,"4 lanes",2,0,NA,0,NA
203,7018,"Salisbury","Rowan","Piedmont","Commercial","Urban (>70% Developed)",NA,"Urban","5 - 15 MPH","No Control Present","Cloudy","No",41,"40-49","No",NA,NA,"B: Evident Injury","Non-Roadway","Black","Male",NA,"70+","No",NA,"6-10 mph","O: No Injury","White","Female","Passenger Car","No","23OCT2007","Tuesday","Non-Roadway",17,"Non-Roadway","October","B: Evident Injury",62700,"Non-Roadway",2007,"Yes","No","Daylight","Straight - Level","Public Vehicular Area","Dry","Two-Way, Not Divided","None","No Special Feature","Smooth Asphalt",0,0,0,0,0,0,0,NA,2,0,NA,0,NA
204,7021,"Jacksonville","Onslow","Coastal","Commercial","Urban (>70% Developed)",NA,"Urban","40 - 45  MPH","No Control Present","Clear","No",30,"30-39","No",NA,"With Traffic","B: Evident Injury","Travel Lane","White","Male",36,"30-39","Yes",NA,"41-45 mph","Unknown Injury","Unknown/Missing",NA,"Passenger Car","Yes","19JUL2007","Thursday","Motorist Overtaking Bicyclist",8,"Non-Intersection","July","B: Evident Injury",29820,"Motorist Overtaking - Other / Unknown",2007,"Yes","Yes","Daylight","Straight - Level","US Route","Dry","Two-Way, Not Divided","None","Bridge","Concrete",0,0,0,0,0,0,0,"4 lanes",2,0,NA,0,NA
205,7031,"Wrightsville Beach","New Hanover","Coastal","Residential","Urban (>70% Developed)",NA,"Rural","30 - 35  MPH","Stop Sign","Clear","No",10,"6-10","No",NA,NA,"B: Evident Injury","Travel Lane","White","Male",53,"50-59","No",NA,"16-20 mph","O: No Injury","White","Male","Van","No","20JUL2007","Friday","Bicyclist Failed to Yield - Sign-Controlled Intersection",11,"Intersection","July","B: Evident Injury",40140,"Bicyclist Ride Through - Sign-Controlled Intersection",2007,"Yes","No","Daylight","Straight - Level","Local Street","Dry","Two-Way, Not Divided","None","T-Intersection","Coarse Asphalt",0,0,0,0,0,0,0,"4 lanes",2,0,NA,0,NA
206,7036,"None - Rural Crash","Person","Piedmont","Farms, Woods, Pastures","Rural (<30% Developed)",NA,"Rural","50 - 55  MPH","No Control Present","Clear","No",24,"20-24","No",NA,"With Traffic","K: Killed","Travel Lane","Black","Male",21,"20-24","No",NA,"56-60 mph","C: Possible Injury","White","Male","Pickup","No","23JUL2007","Monday","Motorist Overtaking Bicyclist",17,"Non-Intersection","July","K: Killed",62400,"Motorist Overtaking - Other / Unknown",2007,"Yes","No","Daylight","Straight - Level","US Route","Dry","Two-Way, Divided, Unprotected Median","None","No Special Feature","Smooth Asphalt",0,0,0,0,0,0,0,"4 lanes",2,0,NA,0,NA
207,7038,"None - Rural Crash","New Hanover","Coastal","Commercial","Mixed (30% To 70% Developed)",NA,"Rural","50 - 55  MPH","No Control Present","Clear","No",16,"16-19","No",NA,"Facing Traffic","B: Evident Injury","Bike Lane / Paved Shoulder","White","Male",34,"30-39","No",NA,"0-5 mph","O: No Injury","White","Female","Passenger Car","No","24JUL2007","Tuesday","Motorist Failed to Yield - Midblock",13,"Non-Intersection","July","B: Evident Injury",49200,"Motorist Drive Out - Commercial Driveway / Alley",2007,"Yes","No","Daylight","Straight - Level","US Route","Dry","Two-Way, Divided, Unprotected Median","None","Driveway, Public","Coarse Asphalt",0,0,0,0,0,0,0,"4 lanes",2,0,NA,0,NA
208,7039,"Charlotte","Mecklenburg","Piedmont","Residential","Mixed (30% To 70% Developed)",NA,"Urban","40 - 45  MPH","No Control Present","Clear","No",13,"11-15","No",NA,NA,"O: No Injury","Travel Lane","Black","Male",46,"40-49","No",NA,"31-35 mph","O: No Injury","Black","Female","Passenger Car","No","30OCT2007","Tuesday","Bicyclist Left Turn / Merge",18,"Non-Intersection","October","O: No Injury",66120,"Bicyclist Left Turn - Same Direction",2007,"No","No","Daylight","Straight - Level","Local Street","Dry","Two-Way, Divided, Unprotected Median","None","No Special Feature","Coarse Asphalt",0,0,0,0,0,0,0,"2 lanes",2,0,NA,0,NA
209,7045,"Smithfield","Johnston","Coastal","Commercial","Urban (>70% Developed)",NA,"Urban","5 - 15 MPH","No Control Present","Clear","No",NA,NA,"No",NA,"Facing Traffic","Unknown Injury","Sidewalk / Crosswalk / Driveway Crossing","Black","Male",31,"30-39","No",NA,"0-5 mph","O: No Injury","White","Female","Van","No","25JUL2007","Wednesday","Motorist Failed to Yield - Midblock",8,"Non-Intersection","July","O: No Injury",32220,"Motorist Drive Out - Commercial Driveway / Alley",2007,"No","No","Daylight","Straight - Level","Public Vehicular Area","Dry","One-Way, Not Divided","None","Driveway, Public","Coarse Asphalt",0,0,0,0,0,0,0,"1 lane",2,0,NA,0,NA
210,7046,"Havelock","Craven","Coastal","Commercial","Urban (>70% Developed)",NA,"Urban",NA,"No Control Present","Clear","No",16,"16-19","No",NA,"Facing Traffic","C: Possible Injury","Sidewalk / Crosswalk / Driveway Crossing","White","Male",22,"20-24","No",NA,"0-5 mph","O: No Injury","White","Male","Pickup","No","26JUL2007","Thursday","Motorist Failed to Yield - Midblock",20,"Non-Intersection","July","C: Possible Injury",73080,"Motorist Drive Out - Commercial Driveway / Alley",2007,"Yes","No","Daylight","Straight - Level","Public Vehicular Area","Dry","One-Way, Not Divided","None","Driveway, Public","Smooth Asphalt",0,0,0,0,0,0,0,"1 lane",2,0,NA,0,NA
211,7047,"Mount Holly","Gaston","Piedmont","Residential","Urban (>70% Developed)",NA,"Urban","5 - 15 MPH","No Control Present","Clear","No",7,"6-10","No",NA,NA,"B: Evident Injury","Travel Lane","Black","Female",18,"0-19","No",NA,"11-15 mph","O: No Injury","White","Female","Sport Utility","No","20JUL2007","Friday","Motorist Overtaking Bicyclist",17,"Non-Intersection","July","B: Evident Injury",64320,"Motorist Overtaking - Bicyclist Swerved",2007,"Yes","No","Daylight","Straight - Level","Local Street","Dry",NA,"None","No Special Feature","Smooth Asphalt",0,0,0,0,0,0,0,"2 lanes",2,0,NA,0,NA
212,7049,"None - Rural Crash","Mecklenburg","Piedmont","Residential","Rural (<30% Developed)",NA,"Rural","40 - 45  MPH","No Control Present","Clear","No",59,"50-59","No",NA,"With Traffic","B: Evident Injury","Travel Lane","White","Male",17,"0-19","No",NA,"36-40 mph","O: No Injury","White","Male","Pickup","No","21OCT2007","Sunday","Bicyclist Left Turn / Merge",13,"Intersection","October","B: Evident Injury",47100,"Bicyclist Left Turn - Same Direction",2007,"Yes","No","Daylight","Straight - Level","Local Street","Dry","Two-Way, Not Divided","None","T-Intersection","Smooth Asphalt",0,0,0,0,0,0,0,"2 lanes",2,0,NA,0,NA
213,7053,"Matthews","Mecklenburg","Piedmont","Commercial","Mixed (30% To 70% Developed)",NA,"Urban","20 - 25  MPH","Stop Sign","Clear","No",28,"25-29","No",NA,"Facing Traffic","C: Possible Injury","Travel Lane","Hispanic","Female",36,"30-39","No",NA,"6-10 mph","O: No Injury","White","Male","Light Truck (Mini-Van, Panel)","No","17AUG2007","Friday","Motorist Failed to Yield - Midblock",16,"Non-Intersection","August","C: Possible Injury",58020,"Motorist Drive Out - Commercial Driveway / Alley",2007,"Yes","No","Daylight","Straight - Level","US Route","Dry","Two-Way, Divided, Positive Median Barrier","Other","T-Intersection","Smooth Asphalt",0,0,0,0,0,0,0,"4 lanes",2,0,NA,0,NA
214,7054,"Greenville","Pitt","Coastal","Commercial","Urban (>70% Developed)",NA,"Urban","40 - 45  MPH","Stop And Go Signal","Clear","No",18,"16-19","No",NA,"Facing Traffic","B: Evident Injury","Travel Lane","Black","Male",22,"20-24","No",NA,"31-35 mph","O: No Injury","White","Male","Pickup","No","26JUL2007","Thursday","Bicyclist Failed to Yield - Signalized Intersection",17,"Intersection","July","B: Evident Injury",62100,"Bicyclist Ride Through - Signalized Intersection",2007,"Yes","No","Daylight","Straight - Level","Local Street","Dry","Two-Way, Not Divided","None","Four-Way Intersection","Smooth Asphalt",0,0,0,0,0,0,0,"5 lanes",3,0,NA,0,NA
215,7056,"Charlotte","Mecklenburg","Piedmont","Residential","Urban (>70% Developed)",NA,"Urban","20 - 25  MPH","Stop Sign","Clear","No",17,"16-19","No",NA,NA,"A: Disabling Injury","Travel Lane","White","Male",35,"30-39","No",NA,"21-25 mph","O: No Injury","Black","Male","Van","No","24OCT2007","Wednesday","Bicyclist Failed to Yield - Sign-Controlled Intersection",12,"Intersection","October","A: Disabling Injury",44400,"Bicyclist Ride Through - Sign-Controlled Intersection",2007,"Yes","No","Daylight","Straight - Level","Local Street","Dry","Two-Way, Not Divided","None","No Special Feature","Smooth Asphalt",0,0,0,0,0,0,0,"2 lanes",2,0,NA,0,NA
216,7057,"Cary","Wake","Piedmont","Residential","Urban (>70% Developed)",NA,"Urban","30 - 35  MPH","Stop Sign","Clear","No",14,"11-15","No",NA,"Facing Traffic","O: No Injury","Sidewalk / Crosswalk / Driveway Crossing","White","Male",47,"40-49","No",NA,"0-5 mph","O: No Injury","White","Male","Light Truck (Mini-Van, Panel)","No","04NOV2007","Sunday","Motorist Failed to Yield - Sign-Controlled Intersection",17,"Intersection","November","O: No Injury",62040,"Motorist Drive Out - Sign-Controlled Intersection",2007,"No","No","Daylight","Straight - Level","Local Street","Dry","Two-Way, Not Divided","None","Four-Way Intersection","Smooth Asphalt",0,0,0,0,0,0,0,"2 lanes",2,0,NA,0,NA
217,7062,"Charlotte","Mecklenburg","Piedmont","Residential","Urban (>70% Developed)",NA,"Urban","20 - 25  MPH","Stop And Go Signal","Clear","No",41,"40-49","No",NA,"Facing Traffic","C: Possible Injury","Sidewalk / Crosswalk / Driveway Crossing","Black","Female",21,"20-24","No",NA,"0-5 mph","O: No Injury","Black","Male","Passenger Car","No","02NOV2007","Friday","Crossing Paths - Other Circumstances",17,"Intersection","November","C: Possible Injury",61440,"Signalized Intersection - Other / Unknown",2007,"Yes","No","Daylight","Straight - Level","Local Street","Dry","Two-Way, Not Divided","None","No Special Feature","Concrete",0,0,0,0,0,0,0,"2 lanes",2,0,NA,0,NA
218,7065,"None - Rural Crash","Wayne","Coastal","Farms, Woods, Pastures","Rural (<30% Developed)",NA,"Rural","50 - 55  MPH","No Control Present","Clear","No",13,"11-15","No",NA,"With Traffic","B: Evident Injury","Travel Lane","White","Male",53,"50-59","No",NA,"51-55 mph","O: No Injury","White","Female","Passenger Car","No","29JUL2007","Sunday","Bicyclist Left Turn / Merge",15,"Non-Intersection","July","B: Evident Injury",56340,"Bicyclist Left Turn - Same Direction",2007,"Yes","No","Daylight","Straight - Level","State Secondary Route","Dry","Two-Way, Not Divided","None","No Special Feature","Coarse Asphalt",0,0,0,0,0,0,0,"2 lanes",2,0,NA,0,NA
219,7068,"None - Rural Crash","Northampton","Coastal","Residential","Urban (>70% Developed)",NA,"Rural","40 - 45  MPH","No Control Present","Cloudy","No",19,"16-19","No",NA,NA,"B: Evident Injury","Travel Lane","Black","Male",24,"20-24","No",NA,"41-45 mph","O: No Injury","Black","Male","Passenger Car","No","30JUL2007","Monday","Bicyclist Failed to Yield - Midblock",16,"Non-Intersection","July","B: Evident Injury",60300,"Bicyclist Ride Out - Midblock - Unknown",2007,"Yes","No","Daylight","Straight - Grade","State Secondary Route","Dry","Two-Way, Not Divided","None","Driveway, Private","Smooth Asphalt",0,0,0,0,0,0,0,"2 lanes",2,0,NA,0,NA
220,7069,"None - Rural Crash","Onslow","Coastal","Residential","Rural (<30% Developed)",NA,"Rural","30 - 35  MPH","No Control Present","Clear","No",10,"6-10","No",NA,"With Traffic","C: Possible Injury","Travel Lane","White","Female",NA,NA,"Missing",NA,"16-20 mph","Unknown Injury","Unknown/Missing",NA,NA,"No","30JUL2007","Monday","Head-On",22,"Non-Intersection","July","C: Possible Injury",79500,"Head-On - Motorist",2007,"Yes","Yes","Dark - Roadway Not Lighted","Straight - Level","Local Street","Dry","Two-Way, Not Divided","None","No Special Feature","Coarse Asphalt",0,0,0,0,0,0,0,"2 lanes",2,0,NA,0,NA
221,7072,"Greensboro","Guilford","Piedmont","Residential","Urban (>70% Developed)",NA,"Urban","30 - 35  MPH","No Control Present","Clear","No",53,"50-59","No",NA,"With Traffic","B: Evident Injury","Travel Lane","Black","Male",NA,NA,"No",NA,NA,"Unknown Injury","Unknown/Missing",NA,"Passenger Car","No","30JUL2007","Monday","Motorist Overtaking Bicyclist",17,"Non-Intersection","July","B: Evident Injury",64500,"Motorist Overtaking - Misjudged Space",2007,"Yes","Yes","Daylight","Straight - Level","Local Street","Dry","Two-Way, Divided, Unprotected Median","None","No Special Feature","Smooth Asphalt",0,0,0,0,0,0,0,"4 lanes",2,0,NA,0,NA
222,7092,"Gibsonville","Guilford","Piedmont","Residential","Urban (>70% Developed)",NA,"Rural",NA,"No Control Present","Clear","No",19,"16-19","No",NA,"Facing Traffic","B: Evident Injury","Travel Lane","White","Male",NA,NA,"Missing",NA,NA,"Unknown Injury","Unknown/Missing",NA,"Truck/Trailer","No","05AUG2007","Sunday","Head-On",21,"Intersection-Related","August","B: Evident Injury",77460,"Head-On - Bicyclist",2007,"Yes","Yes","Dark - Lighted Roadway","Straight - Level","Local Street","Dry","Two-Way, Divided, Positive Median Barrier","None","No Special Feature","Smooth Asphalt",0,0,0,0,0,0,0,"3 lanes",2,0,NA,0,NA
223,7097,"None - Rural Crash","Gaston","Piedmont","Residential","Mixed (30% To 70% Developed)",NA,"Rural","40 - 45  MPH","Stop Sign","Clear","No",12,"11-15","No",NA,"With Traffic","A: Disabling Injury","Travel Lane","White","Male",40,"40-49","No",NA,"41-45 mph","O: No Injury","White","Male","Pickup","No","07AUG2007","Tuesday","Bicyclist Failed to Yield - Sign-Controlled Intersection",16,"Intersection","August","A: Disabling Injury",57900,"Bicyclist Ride Through - Sign-Controlled Intersection",2007,"Yes","No","Daylight","Straight - Hillcrest","NC Route","Dry","Two-Way, Not Divided","None","Four-Way Intersection","Smooth Asphalt",0,0,0,0,0,0,0,"2 lanes",2,0,NA,0,NA
224,7099,"Belmont","Gaston","Piedmont","Residential","Urban (>70% Developed)",NA,"Urban","30 - 35  MPH","Stop Sign","Clear","No",14,"11-15","No",NA,"With Traffic","Unknown Injury","Sidewalk / Crosswalk / Driveway Crossing","White","Male",42,"40-49","No",NA,"0-5 mph","O: No Injury","White","Male","Sport Utility","No","07AUG2007","Tuesday","Motorist Failed to Yield - Sign-Controlled Intersection",18,"Intersection","August","O: No Injury",66900,"Motorist Drive Out - Sign-Controlled Intersection",2007,"No","No","Daylight","Straight - Level","Local Street","Dry","Two-Way, Divided, Unprotected Median","None","T-Intersection","Coarse Asphalt",0,0,0,0,0,0,0,"2 lanes",2,0,NA,0,NA
225,7103,"None - Rural Crash","Onslow","Coastal","Farms, Woods, Pastures","Rural (<30% Developed)",NA,"Rural","50 - 55  MPH","No Control Present","Clear","No",22,"20-24","Yes",NA,"With Traffic","B: Evident Injury","Travel Lane","White","Male",NA,NA,"Missing",NA,"51-55 mph","Unknown Injury","Unknown/Missing",NA,NA,"Yes","09AUG2007","Thursday","Motorist Overtaking Bicyclist",1,"Non-Intersection","August","B: Evident Injury",4800,"Motorist Overtaking - Other / Unknown",2007,"No","Yes","Dark - Roadway Not Lighted","Straight - Level","NC Route","Dry","Two-Way, Not Divided","None","No Special Feature","Smooth Asphalt",0,0,0,0,0,0,0,"2 lanes",2,0,NA,0,NA
226,7106,"Rocky Mount","Edgecombe","Coastal","Residential","Urban (>70% Developed)",NA,"Urban","30 - 35  MPH","Yield Sign","Clear","No",13,"11-15","No",NA,"With Traffic","C: Possible Injury","Sidewalk / Crosswalk / Driveway Crossing","Black","Male",36,"30-39","No",NA,"31-35 mph","O: No Injury","Black","Female","Passenger Car","No","09AUG2007","Thursday","Motorist Right Turn / Merge",12,"Intersection","August","C: Possible Injury",44760,"Motorist Right Turn - Same Direction",2007,"No","No","Daylight","Straight - Hillcrest","Local Street","Dry","Two-Way, Not Divided","None","Bridge","Coarse Asphalt",0,0,0,0,0,0,0,"3 lanes",2,0,NA,0,NA
227,7112,"Asheville","Buncombe","Mountains","Commercial","Urban (>70% Developed)",NA,"Urban","50 - 55  MPH","No Control Present","Clear","No",38,"30-39","No",NA,"With Traffic","B: Evident Injury","Travel Lane","White","Male",56,"50-59","No",NA,"46-50 mph","O: No Injury","White","Male","Van","No","11AUG2007","Saturday","Motorist Overtaking Bicyclist",4,"Non-Intersection","August","B: Evident Injury",14760,"Motorist Overtaking - Undetected Bicyclist",2007,"No","No","Dark - Lighted Roadway","Straight - Hillcrest","US Route","Dry","Two-Way, Divided, Unprotected Median","None","No Special Feature","Smooth Asphalt",0,0,0,0,0,0,0,"5 lanes",2,0,NA,0,NA
228,7117,"Benson","Johnston","Coastal","Commercial","Urban (>70% Developed)",NA,"Rural","30 - 35  MPH","No Control Present","Rain","No",44,"40-49","No",NA,"With Traffic","C: Possible Injury","Travel Lane","Black","Male",55,"50-59","No",NA,"31-35 mph","O: No Injury","White","Female","Pickup","No","25OCT2007","Thursday","Motorist Overtaking Bicyclist",6,"Intersection","October","C: Possible Injury",23760,"Motorist Overtaking - Undetected Bicyclist",2007,"Yes","No","Dark - Roadway Not Lighted","Straight - Level","Local Street","Wet","Two-Way, Not Divided","None","No Special Feature","Smooth Asphalt",0,0,0,0,0,0,0,"2 lanes",2,0,NA,0,NA
229,7130,"None - Rural Crash","Pitt","Coastal","Residential","Rural (<30% Developed)",NA,"Rural",NA,"No Control Present","Clear","No",56,"50-59","No",NA,"Facing Traffic","B: Evident Injury","Travel Lane","White","Male",43,"40-49","No",NA,"0-5 mph","O: No Injury","White","Male","Passenger Car","No","14AUG2007","Tuesday","Motorist Right Turn / Merge",9,"Non-Intersection","August","B: Evident Injury",32400,"Motorist Right Turn - Opposite Direction",2007,"No","No","Daylight","Curve - Level","Public Vehicular Area","Dry","Two-Way, Not Divided","None","Driveway, Private","Smooth Asphalt",0,0,0,0,0,0,0,"2 lanes",2,0,NA,0,NA
230,7132,"Asheville","Buncombe","Mountains","Residential","Mixed (30% To 70% Developed)",NA,"Urban","30 - 35  MPH","Stop Sign","Clear","No",11,"11-15","No",NA,"With Traffic","C: Possible Injury","Travel Lane","White","Male",63,"60-69","No",NA,"31-35 mph","O: No Injury","White","Male","Sport Utility","No","15AUG2007","Wednesday","Bicyclist Failed to Yield - Sign-Controlled Intersection",11,"Intersection","August","C: Possible Injury",42660,"Bicyclist Ride Through - Sign-Controlled Intersection",2007,"Yes","No","Daylight","Straight - Level","Local Street","Dry","Two-Way, Not Divided","None","Four-Way Intersection","Smooth Asphalt",0,0,0,0,0,0,0,"2 lanes",2,0,NA,0,NA
231,7134,"Durham","Durham","Piedmont","Commercial","Urban (>70% Developed)",NA,"Urban","30 - 35  MPH","No Control Present","Clear","No",61,"60-69","No",NA,"Not Applicable","B: Evident Injury","Sidewalk / Crosswalk / Driveway Crossing","Black","Male",44,"40-49","No",NA,"6-10 mph","O: No Injury","Black","Female","Passenger Car","No","16AUG2007","Thursday","Bicyclist Failed to Yield - Midblock",11,"Non-Intersection","August","B: Evident Injury",40800,"Bicyclist Ride Out - Other Midblock",2007,"Yes","No","Daylight","Straight - Level","Local Street","Dry","Two-Way, Not Divided","None","No Special Feature","Coarse Asphalt",0,0,0,0,0,0,0,"4 lanes",2,0,NA,0,NA
232,7136,"Jacksonville","Onslow","Coastal","Commercial","Urban (>70% Developed)",NA,"Urban","40 - 45  MPH","No Control Present","Clear","No",16,"16-19","No",NA,"Not Applicable","O: No Injury","Driveway / Alley","Black","Male",67,"60-69","No",NA,"41-45 mph","O: No Injury","Black","Female","Passenger Car","No","16AUG2007","Thursday","Bicyclist Failed to Yield - Midblock",17,"Non-Intersection","August","C: Possible Injury",61680,"Bicyclist Ride Out - Commercial Driveway / Alley",2007,"No","No","Daylight","Straight - Level","Local Street","Dry","Two-Way, Divided, Unprotected Median","None","No Special Feature","Smooth Asphalt",0,0,0,0,0,0,0,"3 lanes",2,0,NA,0,NA
233,7142,"Asheville","Buncombe","Mountains","Commercial","Urban (>70% Developed)",NA,"Urban","30 - 35  MPH","No Control Present","Clear","No",42,"40-49","No",NA,"Facing Traffic","C: Possible Injury","Sidewalk / Crosswalk / Driveway Crossing","White","Male",39,"30-39","No",NA,"0-5 mph","O: No Injury","White","Male","Passenger Car","No","18AUG2007","Saturday","Motorist Failed to Yield - Midblock",13,"Non-Intersection","August","C: Possible Injury",49140,"Motorist Drive Out - Commercial Driveway / Alley",2007,"No","No","Daylight","Straight - Grade","Public Vehicular Area","Dry","Two-Way, Not Divided","None","No Special Feature","Smooth Asphalt",0,0,0,0,0,0,0,"4 lanes",2,0,NA,0,NA
234,7149,"Greensboro","Guilford","Piedmont","Institutional","Urban (>70% Developed)",NA,"Urban","20 - 25  MPH","No Control Present","Clear","No",22,"20-24","No",NA,"With Traffic","Unknown Injury","Sidewalk / Crosswalk / Driveway Crossing","White","Male",24,"20-24","No",NA,"6-10 mph","O: No Injury","White","Male","Passenger Car","No","21AUG2007","Tuesday","Motorist Right Turn / Merge",11,"Intersection","August","O: No Injury",39900,"Motorist Right Turn - Same Direction",2007,"No","No","Daylight","Straight - Level","Local Street","Dry","Two-Way, Divided, Unprotected Median","None","Four-Way Intersection","Smooth Asphalt",0,0,0,0,0,0,0,"3 lanes",2,0,NA,0,NA
235,7150,"Kitty Hawk","Dare","Coastal","Commercial","Urban (>70% Developed)",NA,"Rural","30 - 35  MPH","Stop And Go Signal","Clear","No",25,"25-29","No",NA,"Facing Traffic","C: Possible Injury","Sidewalk / Crosswalk / Driveway Crossing","Other","Male",37,"30-39","No",NA,"31-35 mph","O: No Injury","Black","Female","Sport Utility","No","21AUG2007","Tuesday","Bicyclist Failed to Yield - Signalized Intersection",11,"Intersection","August","C: Possible Injury",40680,"Bicyclist Ride Through - Signalized Intersection",2007,"No","No","Daylight","Curve - Hillcrest","Local Street","Dry","Two-Way, Not Divided","None","Four-Way Intersection","Coarse Asphalt",0,0,0,0,0,0,0,"4 lanes",2,0,NA,0,NA
236,7157,"None - Rural Crash","Transylvania","Mountains","Residential","Mixed (30% To 70% Developed)",NA,"Rural","40 - 45  MPH","Double Yellow Line, No Passing Zone","Cloudy","No",38,"30-39","No",NA,"With Traffic","B: Evident Injury","Travel Lane","White","Male",NA,"70+","No",NA,"36-40 mph","O: No Injury","White","Female","Passenger Car","No","23AUG2007","Thursday","Motorist Overtaking Bicyclist",14,"Non-Intersection","August","B: Evident Injury",52860,"Motorist Overtaking - Misjudged Space",2007,"No","No","Daylight","Straight - Level","State Secondary Route","Dry","Two-Way, Not Divided","None","No Special Feature","Smooth Asphalt",0,0,0,0,0,0,0,"2 lanes",2,0,NA,0,NA
237,7170,"None - Rural Crash","Hoke","Coastal","Residential","Urban (>70% Developed)",NA,"Rural","50 - 55  MPH","No Control Present","Rain","No",37,"30-39","No",NA,"With Traffic","C: Possible Injury","Travel Lane","Black","Male",NA,NA,"Missing",NA,"51-55 mph","Unknown Injury","Unknown/Missing",NA,NA,"No","26AUG2007","Sunday","Motorist Overtaking Bicyclist",21,"Non-Intersection","August","C: Possible Injury",77700,"Motorist Overtaking - Other / Unknown",2007,"Yes","Yes","Dark - Unknown Lighting","Straight - Level","State Secondary Route","Wet","Two-Way, Not Divided","None","No Special Feature","Smooth Asphalt",0,0,0,0,0,0,0,"2 lanes",2,0,NA,0,NA
238,7176,"None - Rural Crash","Macon","Mountains","Residential","Urban (>70% Developed)",NA,"Rural","30 - 35  MPH","Double Yellow Line, No Passing Zone","Clear","No",17,"16-19","No",NA,"Not Applicable","A: Disabling Injury","Driveway / Alley","White","Male",48,"40-49","No",NA,"21-25 mph","O: No Injury","White","Male","Pickup","No","30AUG2007","Thursday","Bicyclist Failed to Yield - Midblock",12,"Non-Intersection","August","A: Disabling Injury",45300,"Bicyclist Ride Out - Residential Driveway",2007,"Yes","No","Daylight","Straight - Grade","State Secondary Route","Dry","Two-Way, Not Divided","None","No Special Feature","Smooth Asphalt",0,0,0,0,0,0,0,"2 lanes",2,0,NA,0,NA
239,7178,"Wilmington","New Hanover","Coastal","Commercial","Urban (>70% Developed)",NA,"Urban","40 - 45  MPH","No Control Present","Clear","No",60,"60-69","No",NA,"With Traffic","A: Disabling Injury","Travel Lane","White","Male",29,"25-29","No",NA,"41-45 mph","O: No Injury","White","Male","Passenger Car","No","30AUG2007","Thursday","Motorist Overtaking Bicyclist",22,"Non-Intersection","August","A: Disabling Injury",81300,"Motorist Overtaking - Other / Unknown",2007,"Yes","No","Dark - Roadway Not Lighted","Straight - Level","Local Street","Dry","Two-Way, Not Divided","None","No Special Feature","Smooth Asphalt",0,0,0,0,0,0,0,"5 lanes",2,0,NA,0,NA
240,7186,"Emerald Isle","Carteret","Coastal","Commercial","Urban (>70% Developed)",NA,"Rural","30 - 35  MPH","No Control Present","Clear","No",51,"50-59","No",NA,"With Traffic","B: Evident Injury","Bike Lane / Paved Shoulder","White","Male",56,"50-59","No",NA,"11-15 mph","O: No Injury","White","Male","Sport Utility","No","03SEP2007","Monday","Motorist Left Turn / Merge",15,"Non-Intersection","September","B: Evident Injury",54420,"Motorist Left Turn - Opposite Direction",2007,"No","No","Daylight","Straight - Level","NC Route","Dry","Two-Way, Not Divided","None","Driveway, Public","Coarse Asphalt",0,0,0,0,0,0,0,"2 lanes",2,0,NA,0,NA
241,7189,"None - Rural Crash","Hertford","Coastal","Residential","Mixed (30% To 70% Developed)",NA,"Rural","30 - 35  MPH","Double Yellow Line, No Passing Zone","Clear","No",14,"11-15","No",NA,"Facing Traffic","B: Evident Injury","Travel Lane","White","Male",49,"40-49","No",NA,"31-35 mph","C: Possible Injury","Black","Female","Passenger Car","No","03SEP2007","Monday","Bicyclist Right Turn / Merge",12,"Non-Intersection","September","B: Evident Injury",46620,"Bicyclist Right Turn - Same Direction",2007,"Yes","No","Daylight","Straight - Level","NC Route","Dry","Two-Way, Not Divided","None","No Special Feature","Coarse Asphalt",0,0,0,0,0,0,0,"2 lanes",2,0,NA,0,NA