"...1","object_id","city","county","region","development","locality","on_road","rural_urban","speed_limit","traffic_control","weather","workzone","bike_age","bike_age_group","bike_alcohol","bike_alcohol_drugs","bike_direction","bike_injury","bike_position","bike_race","bike_sex","driver_age","driver_age_group","driver_alcohol","driver_alcohol_drugs","driver_est_speed","driver_injury","driver_race","driver_sex","driver_vehicle_type","crash_alcohol","crash_date","crash_day","crash_group","crash_hour","crash_location","crash_month","crash_severity","crash_time","crash_type","crash_year","ambulance_req","hit_run","light_condition","road_character","road_class","road_condition","road_configuration","road_defects","road_feature","road_surface","num_bikes_ai","num_bikes_bi","num_bikes_ci","num_bikes_ki","num_bikes_no","num_bikes_to","num_bikes_ui","num_lanes","num_units","distance_mi_from","frm_road","rte_invd_cd","towrd_road"
242,7193,"None - Rural Crash","Robeson","Coastal","Farms, Woods, Pastures","Rural (<30% Developed)",NA,"Rural","50 - 55  MPH","Double Yellow Line, No Passing Zone","Clear","No",65,"60-69","No",NA,"Facing Traffic","B: Evident Injury","Travel Lane","Native American","Male",66,"60-69","No",NA,"51-55 mph","O: No Injury","Native American","Male","Pickup","No","04SEP2007","Tuesday","Head-On",20,"Non-Intersection","September","B: Evident Injury",72660,"Head-On - Bicyclist",2007,"Yes","No","Dark - Roadway Not Lighted","Straight - Level","State Secondary Route","Dry","Two-Way, Not Divided","None","No Special Feature","Coarse Asphalt",0,0,0,0,0,0,0,"2 lanes",2,0,NA,0,NA
243,7198,"Goldsboro","Wayne","Coastal","Commercial","Urban (>70% Developed)",NA,"Urban","30 - 35  MPH","Stop And Go Signal","Clear","No",39,"30-39","Yes",NA,"Not Applicable","O: No Injury","Driveway / Alley","Black","Male",34,"30-39","No",NA,"0-5 mph","O: No Injury","White","Male","Passenger Car","Yes","05SEP2007","Wednesday","Bicyclist Failed to Yield - Midblock",18,"Non-Intersection","September","O: No Injury",64800,"Bicyclist Ride Out - Commercial Driveway / Alley",2007,"No","No","Daylight","Straight - Level","Local Street","Dry","Two-Way, Not Divided","None","Four-Way Intersection","Coarse Asphalt",0,0,0,0,0,0,0,"3 lanes",2,0,NA,0,NA
244,7200,"None - Rural Crash","Gaston","Piedmont","Commercial","Rural (<30% Developed)",NA,"Rural",NA,"No Control Present","Clear","No",52,"50-59","No",NA,NA,"B: Evident Injury","Non-Roadway","White","Male",40,"40-49","No",NA,NA,"O: No Injury","White","Female","Passenger Car","No","06SEP2007","Thursday","Non-Roadway",17,"Non-Roadway","September","B: Evident Injury",62400,"Non-Roadway",2007,"Yes","No","Daylight","Straight - Level","State Secondary Route","Dry","Two-Way, Not Divided","None","No Special Feature","Smooth Asphalt",0,0,0,0,0,0,0,NA,2,0,NA,0,NA
245,7214,"None - Rural Crash","Wayne","Coastal","Commercial","Mixed (30% To 70% Developed)",NA,"Rural","40 - 45  MPH","Double Yellow Line, No Passing Zone","Clear","No",11,"11-15","No",NA,"With Traffic","C: Possible Injury","Travel Lane","Hispanic","Male",30,"30-39","No",NA,"21-25 mph","O: No Injury","White","Male","Pickup","No","06SEP2007","Thursday","Motorist Overtaking Bicyclist",8,"Non-Intersection","September","C: Possible Injury",29400,"Motorist Overtaking - Bicyclist Swerved",2007,"No","No","Daylight","Straight - Level","NC Route","Dry","Two-Way, Not Divided","None","No Special Feature","Smooth Asphalt",0,0,0,0,0,0,0,"2 lanes",2,0,NA,0,NA
246,7227,"None - Rural Crash","Gaston","Piedmont","Residential","Mixed (30% To 70% Developed)",NA,"Rural","30 - 35  MPH","No Control Present","Clear","No",6,"6-10","No",NA,"Not Applicable","C: Possible Injury",NA,"White","Male",35,"30-39","No",NA,"16-20 mph","O: No Injury","Black","Male","Passenger Car","No","12SEP2007","Wednesday","Bicyclist Failed to Yield - Midblock",17,"Non-Intersection","September","C: Possible Injury",63420,"Bicyclist Ride Out - Midblock - Unknown",2007,"Yes","No","Daylight","Straight - Level","State Secondary Route","Dry","Two-Way, Not Divided","None","No Special Feature","Smooth Asphalt",0,0,0,0,0,0,0,"2 lanes",2,0,NA,0,NA
247,7239,"None - Rural Crash","Wake","Piedmont","Farms, Woods, Pastures","Rural (<30% Developed)",NA,"Rural","50 - 55  MPH","Double Yellow Line, No Passing Zone","Clear","No",24,"20-24","No",NA,"With Traffic","B: Evident Injury","Travel Lane","White","Male",58,"50-59","Yes",NA,"31-35 mph","O: No Injury","White","Female","Passenger Car","Yes","24DEC2007","Monday","Motorist Overtaking Bicyclist",9,"Non-Intersection","December","B: Evident Injury",34920,"Motorist Overtaking - Bicyclist Swerved",2007,"Yes","No","Daylight","Straight - Level","State Secondary Route","Dry","Two-Way, Not Divided","None","No Special Feature","Coarse Asphalt",0,0,0,0,0,0,0,"2 lanes",2,0,NA,0,NA
248,7242,"Raleigh","Wake","Piedmont","Commercial","Urban (>70% Developed)",NA,"Urban","20 - 25  MPH","Stop Sign","Clear","No",46,"40-49","No",NA,"With Traffic","B: Evident Injury","Travel Lane","White","Male",27,"25-29","No",NA,"0-5 mph","O: No Injury","White","Female","Passenger Car","No","12SEP2007","Wednesday","Motorist Failed to Yield - Sign-Controlled Intersection",19,"Intersection","September","B: Evident Injury",71460,"Motorist Drive Out - Sign-Controlled Intersection",2007,"Yes","No","Dusk","Straight - Level","Local Street","Dry","Two-Way, Not Divided","None","T-Intersection","Smooth Asphalt",0,0,0,0,0,0,0,"5 lanes",2,0,NA,0,NA
249,7244,"None - Rural Crash","Hoke","Coastal","Farms, Woods, Pastures","Rural (<30% Developed)",NA,"Rural","50 - 55  MPH","No Control Present","Clear","No",43,"40-49","No",NA,"With Traffic","A: Disabling Injury","Travel Lane","Native American","Male",59,"50-59","No",NA,"51-55 mph","O: No Injury","White","Male","Pickup","No","15SEP2007","Saturday","Motorist Overtaking Bicyclist",17,"Non-Intersection","September","A: Disabling Injury",63000,"Motorist Overtaking - Bicyclist Swerved",2007,"Yes","No","Daylight","Straight - Level","State Secondary Route","Dry","Two-Way, Not Divided","None","No Special Feature","Smooth Asphalt",0,0,0,0,0,0,0,"2 lanes",2,0,NA,0,NA
250,7245,"Charlotte","Mecklenburg","Piedmont","Residential","Urban (>70% Developed)",NA,"Urban","5 - 15 MPH","No Control Present","Clear","No",10,"6-10","No",NA,NA,"C: Possible Injury","Non-Roadway","Black","Male",12,"0-19","No",NA,"0-5 mph","O: No Injury","Black","Male","Passenger Car","No","09DEC2007","Sunday","Non-Roadway",11,"Non-Roadway","December","C: Possible Injury",43140,"Non-Roadway",2007,"Yes","No","Daylight","Straight - Level","Public Vehicular Area","Dry","Two-Way, Not Divided","None","No Special Feature","Smooth Asphalt",0,0,0,0,0,0,0,NA,2,0,NA,0,NA
251,7248,"Raleigh","Wake","Piedmont","Residential","Urban (>70% Developed)",NA,"Urban","30 - 35  MPH","Stop And Go Signal","Clear","No",31,"30-39","No",NA,"With Traffic","B: Evident Injury","Travel Lane","White","Female",20,"20-24","No",NA,"0-5 mph","O: No Injury","Black","Male","Passenger Car","No","16SEP2007","Sunday","Motorist Left Turn / Merge",20,"Intersection","September","B: Evident Injury",73920,"Motorist Left Turn - Opposite Direction",2007,"Yes","No","Dark - Unknown Lighting","Straight - Level","Local Street","Dry","Two-Way, Divided, Unprotected Median","None","Four-Way Intersection","Smooth Asphalt",0,0,0,0,0,0,0,"5 lanes",2,0,NA,0,NA
252,7249,"None - Rural Crash","Buncombe","Mountains","Residential","Mixed (30% To 70% Developed)",NA,"Rural",NA,"No Control Present","Clear","No",7,"6-10","No",NA,NA,"B: Evident Injury","Travel Lane","White","Male",46,"40-49","No",NA,"16-20 mph","O: No Injury","White","Female","Passenger Car","No","17SEP2007","Monday","Loss of Control / Turning Error",17,"Intersection-Related","September","B: Evident Injury",63960,"Bicyclist Turning Error - Left Turn",2007,"No","No","Daylight","Straight - Grade","Public Vehicular Area","Dry","Two-Way, Not Divided","None","T-Intersection","Coarse Asphalt",0,0,0,0,0,0,0,"2 lanes",2,0,NA,0,NA
253,7250,"Charlotte","Mecklenburg","Piedmont","Commercial","Urban (>70% Developed)",NA,"Urban","40 - 45  MPH","Stop And Go Signal","Rain","No",36,"30-39","No",NA,"With Traffic","B: Evident Injury","Sidewalk / Crosswalk / Driveway Crossing","White","Male",50,"50-59","No",NA,"36-40 mph","O: No Injury","White","Male","Sport Utility","No","28DEC2007","Friday","Motorist Right Turn / Merge",20,"Intersection","December","B: Evident Injury",74040,"Motorist Right Turn - Same Direction",2007,"Yes","No","Dark - Roadway Not Lighted","Straight - Grade","NC Route","Wet","Two-Way, Divided, Positive Median Barrier","None","On or Off Ramp","Coarse Asphalt",0,0,0,0,0,0,0,"4 lanes",2,0,NA,0,NA
254,7252,"Charlotte","Mecklenburg","Piedmont","Commercial","Urban (>70% Developed)",NA,"Urban","20 - 25  MPH","Yield Sign","Clear","No",26,"25-29","Yes",NA,"With Traffic","O: No Injury","Sidewalk / Crosswalk / Driveway Crossing","Black","Male",27,"25-29","No",NA,"0-5 mph","O: No Injury","White","Male","Passenger Car","Yes","29DEC2007","Saturday","Motorist Failed to Yield - Sign-Controlled Intersection",21,"Intersection","December","O: No Injury",75660,"Motorist Drive Out - Sign-Controlled Intersection",2007,"No","No","Dark - Lighted Roadway","Straight - Grade","US Route","Dry","Two-Way, Divided, Unprotected Median","None","On or Off Ramp","Smooth Asphalt",0,0,0,0,0,0,0,"3 lanes",2,0,NA,0,NA
255,7256,"Greenville","Pitt","Coastal","Commercial","Urban (>70% Developed)",NA,"Urban","30 - 35  MPH","Stop And Go Signal","Clear","No",27,"25-29","No",NA,"Not Applicable","B: Evident Injury","Sidewalk / Crosswalk / Driveway Crossing","White","Male",22,"20-24","No",NA,"26-30 mph","O: No Injury","White","Male","Sport Utility","No","17SEP2007","Monday","Other / Unusual Circumstances",11,"Intersection","September","B: Evident Injury",41760,"Unusual Circumstances",2007,"Yes","No","Daylight","Straight - Level","Local Street","Dry","Two-Way, Not Divided","None","Four-Way Intersection","Smooth Asphalt",0,0,0,0,0,0,0,"3 lanes",3,0,NA,0,NA
256,7264,"None - Rural Crash","Iredell","Piedmont","Farms, Woods, Pastures","Rural (<30% Developed)",NA,"Rural","40 - 45  MPH","Double Yellow Line, No Passing Zone","Clear","No",39,"30-39","No",NA,"Facing Traffic","C: Possible Injury","Travel Lane","White","Male",27,"25-29","No",NA,"36-40 mph","O: No Injury","White","Male","Sport Utility","No","20SEP2007","Thursday","Bicyclist Right Turn / Merge",10,"Intersection-Related","September","C: Possible Injury",39000,"Bicyclist Right Turn - Same Direction",2007,"No","No","Daylight","Straight - Level","State Secondary Route","Dry","Two-Way, Not Divided","None","Related To Intersection","Coarse Asphalt",0,0,0,0,0,0,0,"2 lanes",2,0,NA,0,NA
257,7265,"None - Rural Crash","Johnston","Coastal","Farms, Woods, Pastures","Rural (<30% Developed)",NA,"Rural","50 - 55  MPH","No Control Present","Rain","No",15,"11-15","No",NA,"With Traffic","B: Evident Injury","Travel Lane","Black","Male",45,"40-49","No",NA,"51-55 mph","B: Evident Injury","White","Female","Passenger Car","No","20SEP2007","Thursday","Motorist Overtaking Bicyclist",16,"Non-Intersection","September","B: Evident Injury",59280,"Motorist Overtaking - Bicyclist Swerved",2007,"No","No","Daylight","Straight - Grade","State Secondary Route","Wet","Two-Way, Not Divided","None","No Special Feature","Coarse Asphalt",0,0,0,0,0,0,0,"2 lanes",2,0,NA,0,NA
258,7270,"Sims","Wilson","Coastal","Residential","Mixed (30% To 70% Developed)",NA,"Rural","30 - 35  MPH","Double Yellow Line, No Passing Zone","Clear","No",65,"60-69","Yes",NA,"With Traffic","B: Evident Injury","Travel Lane","Black","Male",NA,"70+","No",NA,"26-30 mph","O: No Injury","White","Male","Passenger Car","Yes","21SEP2007","Friday","Motorist Overtaking Bicyclist",19,"Non-Intersection","September","B: Evident Injury",70860,"Motorist Overtaking - Other / Unknown",2007,"Yes","No","Dusk","Straight - Level","State Secondary Route","Dry","Two-Way, Not Divided","None","No Special Feature","Smooth Asphalt",0,0,0,0,0,0,0,"2 lanes",2,0,NA,0,NA
259,7273,"None - Rural Crash","Vance","Piedmont","Residential","Rural (<30% Developed)",NA,"Rural","40 - 45  MPH","Double Yellow Line, No Passing Zone","Clear","No",12,"11-15","No",NA,"Not Applicable","B: Evident Injury","Driveway / Alley","Black","Male",52,"50-59","No",NA,"31-35 mph","O: No Injury","Black","Female","Passenger Car","No","22SEP2007","Saturday","Bicyclist Failed to Yield - Midblock",16,"Non-Intersection","September","B: Evident Injury",60720,"Bicyclist Ride Out - Residential Driveway",2007,"Yes","No","Daylight","Straight - Level","State Secondary Route","Dry","Two-Way, Not Divided","None","No Special Feature","Smooth Asphalt",0,0,0,0,0,0,0,"2 lanes",2,0,NA,0,NA
260,7274,"Raleigh","Wake","Piedmont","Residential","Urban (>70% Developed)",NA,"Urban","40 - 45  MPH","No Control Present","Clear","No",30,"30-39","No",NA,"Not Applicable","K: Killed","Driveway / Alley","Hispanic","Male",19,"0-19","No",NA,"36-40 mph","O: No Injury","Black","Male","Passenger Car","No","22SEP2007","Saturday","Bicyclist Failed to Yield - Midblock",12,"Non-Intersection","September","K: Killed",43680,"Bicyclist Ride Out - Commercial Driveway / Alley",2007,"Yes","No","Daylight","Curve - Grade","Local Street","Dry","Two-Way, Divided, Unprotected Median","None","No Special Feature","Smooth Asphalt",0,0,0,0,0,0,0,"2 lanes",2,0,NA,0,NA
261,7275,"None - Rural Crash","Stanly","Piedmont","Farms, Woods, Pastures","Rural (<30% Developed)",NA,"Rural","50 - 55  MPH","No Control Present","Clear","No",51,"50-59","No",NA,"With Traffic","A: Disabling Injury","Travel Lane","White","Male",NA,NA,"Missing",NA,"51-55 mph","Unknown Injury","Unknown/Missing",NA,NA,"No","23SEP2007","Sunday","Motorist Overtaking Bicyclist",14,"Non-Intersection","September","A: Disabling Injury",52200,"Motorist Overtaking - Other / Unknown",2007,"Yes","Yes","Daylight","Straight - Level","State Secondary Route","Dry","Two-Way, Not Divided","None","No Special Feature","Smooth Asphalt",0,0,0,0,0,0,0,"2 lanes",2,0,NA,0,NA
262,7279,"Knightdale","Wake","Piedmont","Residential","Mixed (30% To 70% Developed)",NA,"Urban","20 - 25  MPH","Stop Sign","Clear","No",15,"11-15","No",NA,"Facing Traffic","B: Evident Injury","Travel Lane","White","Male",NA,"70+","No",NA,"21-25 mph","O: No Injury","White","Male","Passenger Car","No","17NOV2007","Saturday","Bicyclist Failed to Yield - Sign-Controlled Intersection",12,"Intersection","November","B: Evident Injury",45000,"Bicyclist Ride Through - Sign-Controlled Intersection",2007,"Yes","No","Daylight","Straight - Level","Local Street","Dry","Two-Way, Not Divided","None","Four-Way Intersection","Coarse Asphalt",0,0,0,0,0,0,0,"2 lanes",2,0,NA,0,NA
263,7284,"Jacksonville","Onslow","Coastal","Commercial","Urban (>70% Developed)",NA,"Urban",NA,"No Control Present","Cloudy","No",45,"40-49","No",NA,"Facing Traffic","B: Evident Injury","Travel Lane","Black","Male",21,"20-24","No",NA,"0-5 mph","O: No Injury","White","Male","Passenger Car","No","27SEP2007","Thursday","Motorist Failed to Yield - Midblock",15,"Non-Intersection","September","B: Evident Injury",55860,"Motorist Drive Out - Commercial Driveway / Alley",2007,"Yes","No","Daylight","Straight - Grade","Local Street","Dry","Two-Way, Divided, Unprotected Median","None","No Special Feature","Smooth Asphalt",0,0,0,0,0,0,0,"7 lanes",2,0,NA,0,NA
264,7288,"Matthews","Mecklenburg","Piedmont","Residential","Urban (>70% Developed)",NA,"Urban","20 - 25  MPH","Stop Sign","Clear","No",65,"60-69","No",NA,"Facing Traffic","C: Possible Injury",NA,"White","Male",59,"50-59","No",NA,NA,"O: No Injury","White","Female","Passenger Car","No","27SEP2007","Thursday","Motorist Failed to Yield - Sign-Controlled Intersection",1,"Intersection","September","C: Possible Injury",4260,"Motorist Drive Out - Sign-Controlled Intersection",2007,"Yes","No","Daylight","Straight - Bottom","Local Street","Dry","Two-Way, Divided, Unprotected Median","None","T-Intersection","Smooth Asphalt",0,0,0,0,0,0,0,"2 lanes",2,0,NA,0,NA
265,7291,"Elizabeth City","Pasquotank","Coastal","Commercial","Urban (>70% Developed)",NA,"Urban","40 - 45  MPH","No Control Present","Clear","No",57,"50-59","No",NA,"With Traffic","C: Possible Injury","Travel Lane","White","Male",NA,NA,"Missing",NA,"41-45 mph","Unknown Injury","Unknown/Missing",NA,NA,"No","30SEP2007","Sunday","Motorist Overtaking Bicyclist",0,"Non-Intersection","September","C: Possible Injury",1980,"Motorist Overtaking - Misjudged Space",2007,"Yes","Yes","Dark - Lighted Roadway","Straight - Level","Local Street","Dry","Two-Way, Divided, Unprotected Median","None","No Special Feature","Smooth Asphalt",0,0,0,0,0,0,0,"2 lanes",2,0,NA,0,NA
266,7300,"Raleigh","Wake","Piedmont","Commercial","Urban (>70% Developed)",NA,"Urban","20 - 25  MPH","Stop Sign","Clear","No",26,"25-29","No",NA,"Facing Traffic","C: Possible Injury","Sidewalk / Crosswalk / Driveway Crossing","White","Female",50,"50-59","No",NA,"21-25 mph","Unknown Injury","Black","Female","Passenger Car","No","03OCT2007","Wednesday","Motorist Failed to Yield - Sign-Controlled Intersection",15,"Intersection","October","C: Possible Injury",54900,"Motorist Drive Through - Sign-Controlled Intersection",2007,"Yes","No","Daylight","Straight - Level","Local Street","Dry","Two-Way, Not Divided","None","No Special Feature","Smooth Asphalt",0,0,0,0,0,0,0,"2 lanes",2,0,NA,0,NA
267,7302,"Gastonia","Gaston","Piedmont","Residential","Urban (>70% Developed)",NA,"Urban","30 - 35  MPH","No Control Present","Clear","No",36,"30-39","No",NA,"With Traffic","C: Possible Injury","Travel Lane","White","Male",21,"20-24","No",NA,"0-5 mph","O: No Injury","White","Female","Passenger Car","No","05OCT2007","Friday","Bicyclist Overtaking Motorist",16,"Non-Intersection","October","C: Possible Injury",57900,"Bicyclist Overtaking - Passing on Left",2007,"No","No","Daylight","Straight - Level","Local Street","Dry","Two-Way, Not Divided","None","No Special Feature","Smooth Asphalt",0,0,0,0,0,0,0,"2 lanes",2,0,NA,0,NA
268,7304,"None - Rural Crash","Camden","Coastal","Farms, Woods, Pastures","Rural (<30% Developed)",NA,"Rural","50 - 55  MPH","Double Yellow Line, No Passing Zone","Cloudy","No",52,"50-59","No",NA,"With Traffic","B: Evident Injury","Travel Lane","White","Female",46,"40-49","No",NA,"36-40 mph","O: No Injury","White","Male","Passenger Car","No","06OCT2007","Saturday","Motorist Overtaking Bicyclist",13,"Non-Intersection","October","B: Evident Injury",48900,"Motorist Overtaking - Misjudged Space",2007,"Yes","No","Daylight","Straight - Level","NC Route","Dry","Two-Way, Not Divided","None","No Special Feature","Smooth Asphalt",0,0,0,0,0,0,0,"2 lanes",2,0,NA,0,NA
269,7307,"Graham","Alamance","Piedmont","Commercial","Mixed (30% To 70% Developed)",NA,"Urban","20 - 25  MPH","No Control Present","Clear","No",18,"16-19","No",NA,"Not Applicable","B: Evident Injury","Non-Roadway","Black","Female",43,"40-49","No",NA,"0-5 mph","O: No Injury","Black","Female","Passenger Car","No","02OCT2007","Tuesday","Bicyclist Failed to Yield - Midblock",17,"Non-Intersection","October","B: Evident Injury",64140,"Bicyclist Ride Out - Commercial Driveway / Alley",2007,"Yes","No","Daylight","Straight - Level","Local Street","Dry","Two-Way, Not Divided","None","Other","Smooth Asphalt",0,0,0,0,0,0,0,"2 lanes",2,0,NA,0,NA
270,7317,"Pinehurst","Moore","Piedmont","Residential","Mixed (30% To 70% Developed)",NA,"Urban","30 - 35  MPH","Double Yellow Line, No Passing Zone","Clear","No",50,"50-59","No",NA,"With Traffic","B: Evident Injury","Travel Lane","Black","Male",52,"50-59","No",NA,"31-35 mph","O: No Injury","White","Female","Sport Utility","No","11OCT2007","Thursday","Motorist Overtaking Bicyclist",19,"Non-Intersection","October","B: Evident Injury",68400,"Motorist Overtaking - Undetected Bicyclist",2007,"Yes","No","Dark - Roadway Not Lighted","Straight - Level","Local Street","Dry","Two-Way, Not Divided","None","No Special Feature","Coarse Asphalt",0,0,0,0,0,0,0,"2 lanes",2,0,NA,0,NA
271,7318,"None - Rural Crash","Cumberland","Coastal","Farms, Woods, Pastures","Rural (<30% Developed)",NA,"Rural","50 - 55  MPH","Double Yellow Line, No Passing Zone","Clear","No",NA,NA,"Missing",NA,"With Traffic","Unknown Injury","Travel Lane","Unknown/Missing",NA,NA,NA,"Missing",NA,"41-45 mph","Unknown Injury","Unknown/Missing",NA,NA,"No","11OCT2007","Thursday","Motorist Overtaking Bicyclist",20,"Non-Intersection","October","Unknown Injury",73860,"Motorist Overtaking - Other / Unknown",2007,"No","Yes","Dark - Roadway Not Lighted","Curve - Level","State Secondary Route","Dry","Two-Way, Not Divided","None","Driveway, Public","Coarse Asphalt",0,0,0,0,0,0,0,"2 lanes",2,0,NA,0,NA
272,7319,"Fayetteville","Cumberland","Coastal","Commercial","Urban (>70% Developed)",NA,"Urban","5 - 15 MPH","No Control Present","Clear","No",47,"40-49","No",NA,"Facing Traffic","B: Evident Injury","Sidewalk / Crosswalk / Driveway Crossing","Asian","Female",59,"50-59","No",NA,"0-5 mph","O: No Injury","Asian","Female","Passenger Car","No","11OCT2007","Thursday","Motorist Failed to Yield - Midblock",9,"Non-Intersection","October","B: Evident Injury",33120,"Motorist Drive Out - Commercial Driveway / Alley",2007,"Yes","No","Daylight","Straight - Level","Public Vehicular Area","Dry","Two-Way, Not Divided","None","No Special Feature","Smooth Asphalt",0,0,0,0,0,0,0,NA,2,0,NA,0,NA
273,7320,"None - Rural Crash","Granville","Piedmont","Farms, Woods, Pastures","Rural (<30% Developed)",NA,"Rural","50 - 55  MPH","Double Yellow Line, No Passing Zone","Clear","No",44,"40-49","No",NA,"With Traffic","B: Evident Injury","Travel Lane","Black","Male",64,"60-69","No",NA,"51-55 mph","O: No Injury","Black","Female","Light Truck (Mini-Van, Panel)","No","11OCT2007","Thursday","Motorist Overtaking Bicyclist",7,"Non-Intersection","October","B: Evident Injury",28380,"Motorist Overtaking - Misjudged Space",2007,"Yes","No","Daylight","Straight - Level","US Route","Dry","Two-Way, Not Divided","None","No Special Feature","Coarse Asphalt",0,0,0,0,0,0,0,"2 lanes",2,0,NA,0,NA
274,7336,"Angier","Harnett","Coastal","Residential","Mixed (30% To 70% Developed)",NA,"Rural","30 - 35  MPH","Stop Sign","Clear","No",NA,NA,"Missing",NA,"With Traffic","Unknown Injury","Travel Lane","Unknown/Missing",NA,16,"0-19","No",NA,"21-25 mph","O: No Injury","White","Female","Passenger Car","No","19OCT2007","Friday","Bicyclist Failed to Yield - Sign-Controlled Intersection",16,"Intersection","October","O: No Injury",57600,"Bicyclist Ride Through - Sign-Controlled Intersection",2007,"No","No","Daylight","Straight - Level","Local Street","Dry","Two-Way, Not Divided","None","No Special Feature","Coarse Asphalt",0,0,0,0,0,0,0,"2 lanes",2,0,NA,0,NA
275,7345,"Winterville","Pitt","Coastal","Commercial","Urban (>70% Developed)",NA,"Urban","30 - 35  MPH","No Control Present","Clear","No",15,"11-15","No",NA,"Not Applicable","B: Evident Injury","Non-Roadway","Black","Male",NA,NA,"No",NA,"0-5 mph","Unknown Injury","Unknown/Missing",NA,"Passenger Car","No","23OCT2007","Tuesday","Parallel Paths - Other Circumstances",12,"Non-Intersection","October","B: Evident Injury",44100,"Motorist Turn / Merge - Other / Unknown",2007,"No","Yes","Daylight","Straight - Level","Local Street","Dry","Two-Way, Not Divided","None","Driveway, Public","Smooth Asphalt",0,0,0,0,0,0,0,"2 lanes",2,0,NA,0,NA
276,7348,"None - Rural Crash","Onslow","Coastal","Commercial","Mixed (30% To 70% Developed)",NA,"Rural","40 - 45  MPH","No Control Present","Cloudy","No",22,"20-24","No",NA,"With Traffic","C: Possible Injury","Travel Lane","White","Male",24,"20-24","No",NA,"0-5 mph","O: No Injury","White","Male","Pickup","No","26OCT2007","Friday","Motorist Failed to Yield - Midblock",6,"Non-Intersection","October","C: Possible Injury",24300,"Motorist Drive Out - Commercial Driveway / Alley",2007,"No","No","Dark - Roadway Not Lighted","Straight - Level","NC Route","Wet","Two-Way, Not Divided","None","Driveway, Public","Smooth Asphalt",0,0,0,0,0,0,0,"3 lanes",2,0,NA,0,NA
277,7356,"Gastonia","Gaston","Piedmont","Commercial","Urban (>70% Developed)",NA,"Urban","40 - 45  MPH","No Control Present","Cloudy","No",16,"16-19","No",NA,"Not Applicable","B: Evident Injury","Driveway / Alley","White","Male",17,"0-19","No",NA,"26-30 mph","O: No Injury","Hispanic","Female","Passenger Car","No","29OCT2007","Monday","Bicyclist Failed to Yield - Midblock",15,"Non-Intersection","October","B: Evident Injury",54300,"Bicyclist Ride Out - Commercial Driveway / Alley",2007,"Yes","No","Daylight","Straight - Level","Local Street","Dry","Two-Way, Not Divided","None","Driveway, Public","Smooth Asphalt",0,0,0,0,0,0,0,"5 lanes",2,0,NA,0,NA
278,7357,"Goldsboro","Wayne","Coastal","Commercial","Urban (>70% Developed)",NA,"Urban","5 - 15 MPH","No Control Present","Clear","No",18,"16-19","No",NA,NA,"C: Possible Injury","Non-Roadway","Black","Male",27,"25-29","No",NA,"0-5 mph","O: No Injury","Black","Female","Passenger Car","No","29OCT2007","Monday","Non-Roadway",19,"Non-Roadway","October","C: Possible Injury",68400,"Non-Roadway",2007,"No","No","Dark - Lighted Roadway","Straight - Level","Public Vehicular Area","Dry","Two-Way, Not Divided","None","No Special Feature","Smooth Asphalt",0,0,0,0,0,0,0,NA,2,0,NA,0,NA
279,7358,"Greensboro","Guilford","Piedmont","Commercial","Urban (>70% Developed)",NA,"Urban","30 - 35  MPH","Stop And Go Signal","Clear","No",14,"11-15","No",NA,"Facing Traffic","C: Possible Injury","Sidewalk / Crosswalk / Driveway Crossing","Black","Male",NA,NA,"Missing",NA,NA,"Unknown Injury","Unknown/Missing",NA,NA,"No","29OCT2007","Monday","Motorist Failed to Yield - Signalized Intersection",18,"Intersection","October","C: Possible Injury",65400,"Motorist Drive Out - Signalized Intersection",2007,"No","Yes","Daylight","Straight - Level","Local Street","Dry","Two-Way, Not Divided","None","Four-Way Intersection","Coarse Asphalt",0,0,0,0,0,0,0,"5 lanes",2,0,NA,0,NA
280,7374,"None - Rural Crash","Catawba","Piedmont","Residential","Rural (<30% Developed)",NA,"Rural","40 - 45  MPH","Double Yellow Line, No Passing Zone","Clear","No",36,"30-39","No",NA,"With Traffic","C: Possible Injury","Travel Lane","White","Male",NA,"70+","No",NA,"41-45 mph","O: No Injury","White","Male","Pickup","No","06NOV2007","Tuesday","Motorist Overtaking Bicyclist",10,"Non-Intersection","November","C: Possible Injury",38880,"Motorist Overtaking - Misjudged Space",2007,"Yes","No","Daylight","Straight - Level","State Secondary Route","Dry","Two-Way, Not Divided","None","No Special Feature","Smooth Asphalt",0,0,0,0,0,0,0,"2 lanes",2,0,NA,0,NA
281,7390,"Wilmington","New Hanover","Coastal","Commercial","Urban (>70% Developed)",NA,"Urban","40 - 45  MPH","No Control Present","Clear","No",18,"16-19","No",NA,"Facing Traffic","C: Possible Injury","Travel Lane","White","Male",62,"60-69","No",NA,"16-20 mph","O: No Injury","White","Female","Passenger Car","No","13NOV2007","Tuesday","Head-On",13,"Non-Intersection","November","C: Possible Injury",47220,"Head-On - Bicyclist",2007,"Yes","No","Daylight","Straight - Level","Local Street","Dry","Two-Way, Divided, Positive Median Barrier","None","No Special Feature","Smooth Asphalt",0,0,0,0,0,0,0,"6 lanes",2,0,NA,0,NA