"...1","object_id","city","county","region","development","locality","on_road","rural_urban","speed_limit","traffic_control","weather","workzone","bike_age","bike_age_group","bike_alcohol","bike_alcohol_drugs","bike_direction","bike_injury","bike_position","bike_race","bike_sex","driver_age","driver_age_group","driver_alcohol","driver_alcohol_drugs","driver_est_speed","driver_injury","driver_race","driver_sex","driver_vehicle_type","crash_alcohol","crash_date","crash_day","crash_group","crash_hour","crash_location","crash_month","crash_severity","crash_time","crash_type","crash_year","ambulance_req","hit_run","light_condition","road_character","road_class","road_condition","road_configuration","road_defects","road_feature","road_surface","num_bikes_ai","num_bikes_bi","num_bikes_ci","num_bikes_ki","num_bikes_no","num_bikes_to","num_bikes_ui","num_lanes","num_units","distance_mi_from","frm_road","rte_invd_cd","towrd_road"
282,7393,"High Point","Guilford","Piedmont","Commercial","Urban (>70% Developed)",NA,"Urban","30 - 35  MPH","Stop And Go Signal","Clear","No",38,"30-39","No",NA,"With Traffic","B: Evident Injury","Travel Lane","White","Male",48,"40-49","No",NA,"26-30 mph","O: No Injury","White","Male","Pickup","No","15NOV2007","Thursday","Bicyclist Failed to Yield - Signalized Intersection",16,"Intersection","November","B: Evident Injury",60360,"Bicyclist Ride Out - Signalized  Intersection",2007,"Yes","No","Daylight","Straight - Level","Local Street","Dry","Two-Way, Not Divided","None","Four-Way Intersection","Smooth Asphalt",0,0,0,0,0,0,0,"4 lanes",2,0,NA,0,NA
283,7394,"Whiteville","Columbus","Coastal","Commercial","Urban (>70% Developed)",NA,"Urban",NA,"Stop Sign","Clear","No",14,"11-15","No",NA,"Facing Traffic","C: Possible Injury","Travel Lane","Black","Female",NA,NA,"Missing",NA,NA,"Unknown Injury","Unknown/Missing",NA,NA,"No","16NOV2007","Friday","Motorist Failed to Yield - Sign-Controlled Intersection",17,"Intersection","November","C: Possible Injury",64740,"Motorist Drive Out - Sign-Controlled Intersection",2007,"No","Yes","Dark - Lighted Roadway","Straight - Level","US Route","Dry","Two-Way, Divided, Unprotected Median","None","On or Off Ramp","Smooth Asphalt",0,0,0,0,0,0,0,"2 lanes",2,0,NA,0,NA
284,7399,"None - Rural Crash","Forsyth","Piedmont","Residential","Mixed (30% To 70% Developed)",NA,"Rural","50 - 55  MPH","No Control Present","Clear","No",8,"6-10","No",NA,"Not Applicable","B: Evident Injury","Non-Roadway","Black","Male",58,"50-59","No",NA,"46-50 mph","O: No Injury","Black","Female","Passenger Car","No","20NOV2007","Tuesday","Bicyclist Failed to Yield - Midblock",9,"Non-Intersection","November","B: Evident Injury",33480,"Bicyclist Ride Out - Other Midblock",2007,"Yes","No","Daylight","Straight - Level","State Secondary Route","Dry","Two-Way, Not Divided","None","No Special Feature","Smooth Asphalt",0,0,0,0,0,0,0,"2 lanes",2,0,NA,0,NA
285,7404,"Jacksonville","Onslow","Coastal","Residential","Urban (>70% Developed)",NA,"Urban","20 - 25  MPH","No Control Present","Cloudy","No",26,"25-29","Yes",NA,NA,"O: No Injury","Travel Lane","Black","Male",28,"25-29","No",NA,NA,"O: No Injury","White","Male","Police","Yes","25NOV2007","Sunday","Head-On",11,"Non-Intersection","November","O: No Injury",43140,"Head-On - Bicyclist",2007,"No","No","Daylight","Straight - Level","Local Street","Dry","Two-Way, Not Divided","None","No Special Feature","Smooth Asphalt",0,0,0,0,0,0,0,"2 lanes",2,0,NA,0,NA
286,7407,"Lexington","Davidson","Piedmont","Commercial","Rural (<30% Developed)",NA,"Urban","30 - 35  MPH","No Control Present","Clear","No",11,"11-15","No",NA,"With Traffic","C: Possible Injury","Travel Lane","Black","Male",54,"50-59","No",NA,"26-30 mph","O: No Injury","White","Female","Passenger Car","No","27NOV2007","Tuesday","Bicyclist Left Turn / Merge",17,"Non-Intersection","November","C: Possible Injury",62760,"Bicyclist Left Turn - Opposite Direction",2007,"No","No","Daylight","Straight - Level","Local Street","Dry","Two-Way, Divided, Unprotected Median","None","No Special Feature","Smooth Asphalt",0,0,0,0,0,0,0,"4 lanes",2,0,NA,0,NA
287,7412,"Raleigh","Wake","Piedmont","Commercial","Urban (>70% Developed)",NA,"Urban","30 - 35  MPH","Stop And Go Signal","Clear","No",44,"40-49","No",NA,"Facing Traffic","C: Possible Injury","Travel Lane","Black","Male",34,"30-39","No",NA,"0-5 mph","O: No Injury","White","Male","Passenger Car","No","20NOV2007","Tuesday","Bicyclist Failed to Yield - Signalized Intersection",9,"Intersection","November","C: Possible Injury",32400,"Bicyclist Ride Through - Signalized Intersection",2007,"No","No","Daylight","Curve - Grade","Local Street","Dry","Two-Way, Divided, Positive Median Barrier","None","On or Off Ramp","Smooth Asphalt",0,0,0,0,0,0,0,"4 lanes",2,0,NA,0,NA
288,7418,"Statesville","Iredell","Piedmont","Residential","Urban (>70% Developed)",NA,"Urban","30 - 35  MPH","Stop Sign","Clear","No",13,"11-15","No",NA,"With Traffic","C: Possible Injury","Travel Lane","White","Male",NA,NA,"No",NA,"0-5 mph","Unknown Injury","Unknown/Missing",NA,NA,"No","01DEC2007","Saturday","Bicyclist Failed to Yield - Sign-Controlled Intersection",14,"Intersection","December","C: Possible Injury",50400,"Bicyclist Ride Out - Sign-Controlled Intersection",2007,"No","Yes","Daylight","Straight - Level","Local Street","Dry","Two-Way, Not Divided","None","Four-Way Intersection","Coarse Asphalt",0,0,0,0,0,0,0,"2 lanes",2,0,NA,0,NA
289,7419,"Raleigh","Wake","Piedmont","Residential","Urban (>70% Developed)",NA,"Urban","30 - 35  MPH","No Control Present","Clear","No",51,"50-59","No",NA,"With Traffic","B: Evident Injury","Travel Lane","Hispanic","Male",54,"50-59","No",NA,"6-10 mph","O: No Injury","White","Female","Passenger Car","No","01DEC2007","Saturday","Bicyclist Left Turn / Merge",9,"Non-Intersection","December","B: Evident Injury",34800,"Bicyclist Left Turn - Same Direction",2007,"Yes","No","Daylight","Straight - Grade","Local Street","Dry","Two-Way, Divided, Unprotected Median","None","T-Intersection","Coarse Asphalt",0,0,0,0,0,0,0,"2 lanes",2,0,NA,0,NA
290,7421,"Lexington","Davidson","Piedmont","Residential","Urban (>70% Developed)",NA,"Urban","30 - 35  MPH","No Control Present","Clear","No",19,"16-19","No",NA,NA,"C: Possible Injury",NA,"White","Male",NA,"70+","No",NA,"31-35 mph","O: No Injury","White","Male","Sport Utility","No","03DEC2007","Monday","Bicyclist Failed to Yield - Midblock",17,"Non-Intersection","December","C: Possible Injury",61560,"Bicyclist Ride Out - Midblock - Unknown",2007,"No","No","Daylight","Straight - Level","Local Street","Dry","One-Way, Not Divided","None","No Special Feature","Coarse Asphalt",0,0,0,0,0,0,0,"3 lanes",2,0,NA,0,NA
291,7426,"Rocky Mount","Nash","Coastal","Residential","Urban (>70% Developed)",NA,"Urban","40 - 45  MPH","No Control Present","Clear","No",8,"6-10","No",NA,NA,"B: Evident Injury",NA,"Black","Female",56,"50-59","No",NA,"26-30 mph","O: No Injury","Black","Female","Passenger Car","No","04DEC2007","Tuesday","Bicyclist Failed to Yield - Midblock",16,"Non-Intersection","December","B: Evident Injury",60480,"Bicyclist Ride Out - Midblock - Unknown",2007,"Yes","No","Dusk","Straight - Level","Local Street","Dry","Two-Way, Not Divided","None","Driveway, Private","Smooth Asphalt",0,0,0,0,0,0,0,"2 lanes",2,0,NA,0,NA
292,7433,"Concord","Cabarrus","Piedmont","Commercial","Urban (>70% Developed)",NA,"Urban","40 - 45  MPH","No Control Present","Clear","No",19,"16-19","No",NA,NA,"C: Possible Injury",NA,"White","Male",27,"25-29","No",NA,"41-45 mph","O: No Injury","Black","Male","Van","No","02JUN2007","Saturday","Bicyclist Failed to Yield - Midblock",0,"Non-Intersection","June","C: Possible Injury",2820,"Bicyclist Ride Out - Midblock - Unknown",2007,"Yes","No","Dark - Roadway Not Lighted","Straight - Level","Local Street","Dry","Two-Way, Not Divided","None","No Special Feature","Smooth Asphalt",0,0,0,0,0,0,0,"2 lanes",2,0,NA,0,NA
293,7438,"Raleigh","Wake","Piedmont","Commercial","Urban (>70% Developed)",NA,"Urban","20 - 25  MPH","Yield Sign","Clear","No",31,"30-39","No",NA,"With Traffic","C: Possible Injury","Travel Lane","White","Male",21,"20-24","No",NA,"0-5 mph","O: No Injury","Asian","Male","Passenger Car","No","10DEC2007","Monday","Motorist Failed to Yield - Sign-Controlled Intersection",20,"Intersection","December","C: Possible Injury",75180,"Motorist Drive Out - Sign-Controlled Intersection",2007,"No","No","Dark - Lighted Roadway","Straight - Level","Local Street","Dry","Two-Way, Divided, Positive Median Barrier","None","Traffic Circle/Roundabout","Smooth Asphalt",0,0,0,0,0,0,0,"2 lanes",2,0,NA,0,NA
294,7447,"None - Rural Crash","Robeson","Coastal","Farms, Woods, Pastures","Rural (<30% Developed)",NA,"Rural","50 - 55  MPH","No Control Present","Clear","No",63,"60-69","No",NA,"With Traffic","C: Possible Injury","Travel Lane","Native American","Male",NA,NA,"No",NA,"51-55 mph","Unknown Injury","Unknown/Missing",NA,NA,"No","17DEC2007","Monday","Motorist Overtaking Bicyclist",18,"Non-Intersection","December","C: Possible Injury",66600,"Motorist Overtaking - Other / Unknown",2007,"No","Yes","Dark - Roadway Not Lighted","Straight - Level","NC Route","Dry","Two-Way, Not Divided","None","No Special Feature","Smooth Asphalt",0,0,0,0,0,0,0,"2 lanes",2,0,NA,0,NA
295,7449,"None - Rural Crash","Iredell","Piedmont","Farms, Woods, Pastures","Rural (<30% Developed)",NA,"Rural","50 - 55  MPH","No Control Present","Clear","No",14,"11-15","No",NA,"With Traffic","C: Possible Injury","Travel Lane","Black","Male",44,"40-49","No",NA,"6-10 mph","O: No Injury","White","Female","Passenger Car","No","18DEC2007","Tuesday","Loss of Control / Turning Error",15,"Non-Intersection","December","C: Possible Injury",57000,"Bicyclist Lost Control - Other / Unknown",2007,"No","No","Daylight","Straight - Level","State Secondary Route","Dry","Two-Way, Not Divided","None","No Special Feature","Coarse Asphalt",0,0,0,0,0,0,0,"2 lanes",2,0,NA,0,NA
296,7455,"Fayetteville","Cumberland","Coastal","Residential","Urban (>70% Developed)",NA,"Urban","20 - 25  MPH","No Control Present","Clear","No",44,"40-49","No",NA,"With Traffic","B: Evident Injury","Travel Lane","White","Male",NA,NA,"Missing",NA,NA,"Unknown Injury","Unknown/Missing",NA,NA,"No","28DEC2007","Friday","Motorist Overtaking Bicyclist",16,"Non-Intersection","December","B: Evident Injury",60900,"Motorist Overtaking - Other / Unknown",2007,"Yes","Yes","Daylight","Straight - Grade","Local Street","Dry","Two-Way, Not Divided","None","No Special Feature","Coarse Asphalt",0,0,0,0,0,0,0,"2 lanes",2,0,NA,0,NA
297,7457,"Winston-Salem","Forsyth","Piedmont","Commercial","Urban (>70% Developed)",NA,"Urban","40 - 45  MPH","No Control Present","Rain","No",33,"30-39","No",NA,NA,"B: Evident Injury","Non-Roadway","White","Male",45,"40-49","No",NA,"0-5 mph","O: No Injury","White","Male","Passenger Car","No","29DEC2007","Saturday","Non-Roadway",13,"Non-Roadway","December","B: Evident Injury",48720,"Non-Roadway",2007,"No","No","Daylight","Straight - Grade","Public Vehicular Area","Wet","Two-Way, Not Divided","None","Driveway, Public","Smooth Asphalt",0,0,0,0,0,0,0,NA,3,0,NA,0,NA
298,7459,"High Point","Guilford","Piedmont","Residential","Urban (>70% Developed)",NA,"Urban","30 - 35  MPH","Stop Sign","Clear","No",12,"11-15","No",NA,"With Traffic","A: Disabling Injury","Travel Lane","White","Male",53,"50-59","No",NA,"16-20 mph","O: No Injury","White","Female","Passenger Car","No","03SEP2007","Monday","Bicyclist Failed to Yield - Sign-Controlled Intersection",15,"Intersection","September","A: Disabling Injury",54060,"Bicyclist Ride Through - Sign-Controlled Intersection",2007,"Yes","No","Daylight","Straight - Bottom","Local Street","Dry","Two-Way, Not Divided","None","T-Intersection","Smooth Asphalt",0,0,0,0,0,0,0,"2 lanes",2,0,NA,0,NA
299,7461,"Eden","Rockingham","Piedmont","Residential","Urban (>70% Developed)",NA,"Urban","30 - 35  MPH","No Control Present","Clear","No",9,"6-10","No",NA,"With Traffic","B: Evident Injury","Travel Lane","Black","Male",59,"50-59","No",NA,"21-25 mph","O: No Injury","Black","Female","Sport Utility","No","07MAY2007","Monday","Motorist Overtaking Bicyclist",18,"Non-Intersection","May","B: Evident Injury",68340,"Motorist Overtaking - Bicyclist Swerved",2007,"Yes","No","Daylight","Straight - Level","Local Street","Dry","Two-Way, Not Divided","None","No Special Feature","Smooth Asphalt",0,0,0,0,0,0,0,"2 lanes",2,0,NA,0,NA
300,3001,"Swansboro","Onslow","Coastal","Commercial","Urban (>70% Developed)",NA,"Rural","30 - 35  MPH","Stop And Go Signal","Cloudy","No",50,"50-59","No",NA,"With Traffic","C: Possible Injury","Sidewalk / Crosswalk / Driveway Crossing","Hispanic","Female",35,"30-39","No",NA,"11-15 mph","O: No Injury","Black","Male","Van","No","28APR2011","Thursday","Bicyclist Failed to Yield - Signalized Intersection",7,"Intersection","April","C: Possible Injury",27720,"Bicyclist Ride Out - Signalized  Intersection",2011,"No","No","Daylight","Straight - Grade","NC Route","Dry","Two-Way, Divided, Unprotected Median","None","Four-Way Intersection","Coarse Asphalt",0,0,0,0,0,0,0,"2 lanes",2,0,NA,0,NA
301,1280,"Wilmington","New Hanover","Coastal","Farms, Woods, Pastures","Urban (>70% Developed)","S 17TH ST","Urban","40 - 45  MPH","No Control Present","Clear","No",40,"40-49","Yes",NA,"With Traffic","Unknown Injury","Travel Lane","White","Male",NA,NA,"Missing",NA,"41-45 mph","Unknown Injury","Unknown/Missing",NA,NA,"Yes","26JUN2013","Wednesday","Motorist Overtaking Bicyclist",2,"Non-Intersection","June","Unknown Injury",9000,"Motorist Overtaking - Other / Unknown",2013,"Yes","Yes","Dark - Roadway Not Lighted","Straight - Level","Local Street","Dry","Two-Way, Divided, Positive Median Barrier","None","No Special Feature","Smooth Asphalt",0,0,0,0,0,0,0,"4 lanes",2,0,NA,0,NA
302,1300,"None - Rural Crash","Gaston","Piedmont","Farms, Woods, Pastures","Rural (<30% Developed)","SR 1438","Rural","40 - 45  MPH","No Control Present","Clear","No",11,"11-15","No",NA,"Facing Traffic","A: Disabling Injury","Travel Lane","White","Male",37,"30-39","No",NA,"36-40 mph","O: No Injury","White","Female","Pickup","No","30JUL2013","Tuesday","Bicyclist Failed to Yield - Midblock",16,"Non-Intersection","July","A: Disabling Injury",60420,"Bicyclist Ride Out - Midblock - Unknown",2013,"Yes","No","Daylight","Straight - Level","State Secondary Route","Dry","Two-Way, Divided, Unprotected Median","None","No Special Feature","Smooth Asphalt",0,0,0,0,0,0,0,"2 lanes",2,0,NA,0,NA
303,1279,"Morrisville","Wake","Piedmont","Commercial","Urban (>70% Developed)","SR 3977","Urban","40 - 45  MPH","No Control Present","Clear","No",28,"25-29","No",NA,"With Traffic","B: Evident Injury","Travel Lane","White","Male",NA,"70+","No",NA,"6-10 mph","O: No Injury","White","Female","Passenger Car","No","23JUL2013","Tuesday","Motorist Failed to Yield - Sign-Controlled Intersection",14,"Intersection","July","B: Evident Injury",52740,"Motorist Drive Out - Sign-Controlled Intersection",2013,"Yes","No","Daylight","Straight - Level","State Secondary Route","Dry","Two-Way, Divided, Unprotected Median","None","T-Intersection","Smooth Asphalt",0,0,0,0,0,0,0,"4 lanes",2,0,NA,0,NA
304,1278,"Sanford","Lee","Piedmont","Commercial","Urban (>70% Developed)","S HORNER BLVD","Urban","30 - 35  MPH","Stop And Go Signal","Clear","No",20,"20-24","No",NA,"With Traffic","B: Evident Injury","Travel Lane","White","Male",45,"40-49","No",NA,"21-25 mph","O: No Injury","White","Male","Tractor/Semi-Trailer","No","26JUN2013","Wednesday","Bicyclist Failed to Yield - Signalized Intersection",1,"Intersection","June","B: Evident Injury",4200,"Bicyclist Ride Out - Signalized  Intersection",2013,"Yes","No","Dark - Lighted Roadway","Straight - Level","Local Street","Dry","Two-Way, Not Divided","None","No Special Feature","Smooth Asphalt",0,0,0,0,0,0,0,"4 lanes",2,0,NA,0,NA
305,1265,"Troutman","Iredell","Piedmont","Residential","Mixed (30% To 70% Developed)","SR 1328","Rural",NA,"Double Yellow Line, No Passing Zone","Clear","No",NA,NA,"Missing",NA,"With Traffic","Unknown Injury","Travel Lane","Unknown/Missing",NA,NA,NA,"Missing",NA,NA,"Unknown Injury","Unknown/Missing",NA,NA,"No","13JUL2013","Saturday","Other / Unusual Circumstances",11,"Non-Intersection","July","B: Evident Injury",40200,"Bicycle Only",2013,"Yes","No","Daylight","Straight - Level","State Secondary Route","Dry","Two-Way, Not Divided","None","No Special Feature","Smooth Asphalt",0,0,0,0,0,0,0,"2 lanes",2,0,NA,0,NA
306,1234,"Raleigh","Wake","Piedmont","Commercial","Urban (>70% Developed)","GLENWOOD AVE","Urban","30 - 35  MPH","No Control Present","Cloudy","No",34,"30-39","No",NA,"With Traffic","O: No Injury","Travel Lane","White","Male",NA,NA,"Missing",NA,"11-15 mph","Unknown Injury","Unknown/Missing",NA,"Pickup","No","10JUN2013","Monday","Motorist Overtaking Bicyclist",3,"Intersection-Related","June","C: Possible Injury",11700,"Motorist Overtaking - Other / Unknown",2013,"Yes","Yes","Dark - Lighted Roadway","Straight - Level","Local Street","Wet","Two-Way, Not Divided","None","No Special Feature","Coarse Asphalt",0,0,0,0,0,0,0,"2 lanes",2,0,NA,0,NA
307,1232,"Dunn","Harnett","Coastal","Commercial","Urban (>70% Developed)","US 421","Urban","30 - 35  MPH","Stop Sign","Clear","No",23,"20-24","No",NA,"Facing Traffic","C: Possible Injury","Travel Lane","White","Female",50,"50-59","No",NA,"0-5 mph","O: No Injury","Black","Male","Sport Utility","No","09MAY2013","Thursday","Motorist Failed to Yield - Sign-Controlled Intersection",17,"Intersection","May","C: Possible Injury",63480,"Motorist Drive Out - Sign-Controlled Intersection",2013,"Yes","No","Daylight","Straight - Level","US Route","Dry","Two-Way, Divided, Unprotected Median","None","No Special Feature","Coarse Asphalt",0,0,0,0,0,0,0,"2 lanes",2,0,NA,0,NA
308,1290,"Boone","Watauga","Mountains","Residential","Urban (>70% Developed)","DEERFIELD RD","Urban","30 - 35  MPH","Double Yellow Line, No Passing Zone","Rain","No",21,"20-24","No",NA,"With Traffic","B: Evident Injury","Travel Lane","White","Male",46,"40-49","No",NA,"26-30 mph","O: No Injury","White","Male","Passenger Car","No","10JUL2013","Wednesday","Motorist Left Turn / Merge",19,"Intersection","July","B: Evident Injury",69000,"Motorist Left Turn - Opposite Direction",2013,"Yes","No","Daylight","Curve - Grade","Local Street","Wet","Two-Way, Not Divided","None","T-Intersection","Smooth Asphalt",0,0,0,0,0,0,0,"2 lanes",2,0,NA,0,NA
309,1298,"Charlotte","Mecklenburg","Piedmont","Residential","Mixed (30% To 70% Developed)","COOPERSDALE RD","Urban","20 - 25  MPH","No Control Present","Clear","No",3,"0-5","No",NA,"Facing Traffic","C: Possible Injury","Travel Lane","White","Male",54,"50-59","No",NA,NA,"O: No Injury","White","Male","Sport Utility","No","29JUL2013","Monday","Other / Unusual Circumstances",19,"Non-Intersection","July","C: Possible Injury",68640,"Play Vehicle-Related",2013,"Yes","No","Daylight","Straight - Level","Local Street","Dry","Two-Way, Not Divided","None","No Special Feature","Coarse Asphalt",0,0,0,0,0,0,0,"2 lanes",2,0,NA,0,NA
310,1289,"New Bern","Craven","Coastal","Residential","Urban (>70% Developed)","CYPRESS ST","Urban","30 - 35  MPH","No Control Present","Clear","No",7,"6-10","No",NA,NA,"C: Possible Injury","Travel Lane","Black","Male",66,"60-69","No",NA,"36-40 mph","O: No Injury","White","Male","Pickup","No","25JUL2013","Thursday","Crossing Paths - Other Circumstances",19,"Intersection","July","C: Possible Injury",70920,"Crossing Paths - Uncontrolled Intersection",2013,"Yes","No","Daylight","Straight - Level","Local Street","Dry","Two-Way, Not Divided","None","T-Intersection","Smooth Asphalt",0,0,0,0,0,0,0,"2 lanes",2,0,NA,0,NA
311,1371,"Charlotte","Mecklenburg","Piedmont","Commercial","Rural (<30% Developed)","NORTH TRYON STREET","Urban","40 - 45  MPH","Stop And Go Signal","Cloudy","No",16,"16-19","No",NA,"Facing Traffic","C: Possible Injury","Sidewalk / Crosswalk / Driveway Crossing","White","Male",24,"20-24","No",NA,NA,"O: No Injury","White","Female","Passenger Car","No","20AUG2013","Tuesday","Motorist Failed to Yield - Signalized Intersection",14,"Intersection","August","C: Possible Injury",51240,"Motorist Drive Out - Right Turn on Red",2013,"Yes","No","Daylight","Straight - Level","Local Street","Dry","Two-Way, Not Divided","None","T-Intersection","Smooth Asphalt",0,0,0,0,0,0,0,"4 lanes",2,0,NA,0,NA
312,1395,"None - Rural Crash","Catawba","Piedmont","Residential","Mixed (30% To 70% Developed)","SR 1441","Rural","40 - 45  MPH","Double Yellow Line, No Passing Zone","Clear","No",15,"11-15","No",NA,"With Traffic","B: Evident Injury","Travel Lane","White","Male",NA,NA,"Missing",NA,"41-45 mph","Unknown Injury","Unknown/Missing",NA,NA,"No","25JUL2013","Thursday","Motorist Overtaking Bicyclist",11,"Non-Intersection","July","B: Evident Injury",42480,"Motorist Overtaking - Other / Unknown",2013,"No","Yes","Daylight","Straight - Grade","State Secondary Route","Dry","Two-Way, Not Divided","None","Driveway, Private","Smooth Asphalt",0,0,0,0,0,0,0,"2 lanes",2,0,NA,0,NA
313,1357,"Charlotte","Mecklenburg","Piedmont","Commercial","Urban (>70% Developed)","PVA 457 EASTWAY DRIVE","Urban","5 - 15 MPH","Stop Sign","Cloudy","No",15,"11-15","No",NA,"Facing Traffic","C: Possible Injury","Sidewalk / Crosswalk / Driveway Crossing","Black","Male",50,"50-59","No",NA,"0-5 mph","O: No Injury","Black","Male","Passenger Car","No","16AUG2013","Friday","Motorist Failed to Yield - Midblock",14,"Non-Intersection","August","C: Possible Injury",52740,"Motorist Drive Out - Commercial Driveway / Alley",2013,"No","No","Dusk","Straight - Level","Public Vehicular Area","Wet","Two-Way, Not Divided","None","Driveway, Public","Concrete",0,0,0,0,0,0,0,"2 lanes",2,0,NA,0,NA
314,1374,"None - Rural Crash","Forsyth","Piedmont","Residential","Mixed (30% To 70% Developed)","SR 2014","Rural","40 - 45  MPH","Double Yellow Line, No Passing Zone","Clear","No",33,"30-39","No",NA,"With Traffic","B: Evident Injury","Travel Lane","White","Male",36,"30-39","No",NA,"41-45 mph","O: No Injury","White","Male","Sport Utility","No","11AUG2013","Sunday","Motorist Overtaking Bicyclist",18,"Non-Intersection","August","B: Evident Injury",67440,"Motorist Overtaking - Undetected Bicyclist",2013,"Yes","No","Daylight","Straight - Level","State Secondary Route","Dry","Two-Way, Not Divided","None","No Special Feature","Smooth Asphalt",0,0,0,0,0,0,0,"2 lanes",2,0,NA,0,NA
315,1370,"Fayetteville","Cumberland","Coastal","Commercial","Urban (>70% Developed)","S REILLY RD","Urban","40 - 45  MPH","No Control Present","Rain","No",15,"11-15","No",NA,"Facing Traffic","B: Evident Injury","Travel Lane","White","Male",39,"30-39","No",NA,"41-45 mph","O: No Injury","Hispanic","Male","Passenger Car","No","02AUG2013","Friday","Crossing Paths - Other Circumstances",22,"Intersection-Related","August","B: Evident Injury",79800,"Crossing Paths - Intersection - Other / Unknown",2013,"Yes","No","Dark - Lighted Roadway","Straight - Level","Local Street","Wet","Two-Way, Not Divided","None","No Special Feature","Coarse Asphalt",0,0,0,0,0,0,0,"5 lanes",2,0,NA,0,NA
316,1402,"Charlotte","Mecklenburg","Piedmont","Commercial","Urban (>70% Developed)","OLD PINEVILLE RD","Urban","30 - 35  MPH","No Control Present","Clear","No",27,"25-29","Missing",NA,NA,"K: Killed",NA,"Hispanic","Male",23,"20-24","No",NA,"0-5 mph","C: Possible Injury","Black","Male","Passenger Car","No","23AUG2013","Friday","Bicyclist Failed to Yield - Midblock",21,"Non-Intersection","August","K: Killed",77400,"Bicyclist Ride Out - Midblock - Unknown",2013,"Yes","No","Dark - Lighted Roadway","Straight - Level","Local Street","Dry","Two-Way, Divided, Unprotected Median","None","No Special Feature","Smooth Asphalt",0,0,0,0,0,0,0,"2 lanes",2,0,NA,0,NA
317,1363,"Raleigh","Wake","Piedmont","Residential","Urban (>70% Developed)","SHEFFIELD RD","Urban","30 - 35  MPH","Stop Sign","Cloudy","No",13,"11-15","No",NA,"With Traffic","B: Evident Injury","Travel Lane","Black","Male",57,"50-59","No",NA,"31-35 mph","O: No Injury","Black","Female","Passenger Car","No","17AUG2013","Saturday","Bicyclist Failed to Yield - Sign-Controlled Intersection",15,"Intersection","August","B: Evident Injury",55680,"Bicyclist Ride Through - Sign-Controlled Intersection",2013,"Yes","No","Daylight","Straight - Grade","Local Street","Wet","Two-Way, Not Divided","None","Four-Way Intersection","Smooth Asphalt",0,0,0,0,0,0,0,"4 lanes",2,0,NA,0,NA
318,1385,"New Bern","Craven","Coastal","Commercial","Urban (>70% Developed)","MILLER ST","Urban","20 - 25  MPH","Stop Sign","Clear","No",51,"50-59","No",NA,"With Traffic","C: Possible Injury","Sidewalk / Crosswalk / Driveway Crossing","White","Male",20,"20-24","No",NA,"0-5 mph","O: No Injury","White","Male","Passenger Car","No","10AUG2013","Saturday","Crossing Paths - Other Circumstances",15,"Intersection","August","C: Possible Injury",57240,"Sign-Controlled Intersection - Other / Unknown",2013,"No","No","Daylight","Straight - Level","missing","Dry","Two-Way, Not Divided","None","No Special Feature","Smooth Asphalt",0,0,0,0,0,0,0,"2 lanes",2,0,NA,0,NA
319,1389,"Raleigh","Wake","Piedmont","Institutional","Urban (>70% Developed)","HILLSBOROUGH","Urban","30 - 35  MPH","No Control Present","Clear","No",23,"20-24","No",NA,"With Traffic","O: No Injury","Travel Lane","White","Male",28,"25-29","No",NA,"0-5 mph","O: No Injury","White","Male","Passenger Car","No","22AUG2013","Thursday","Motorist Failed to Yield - Midblock",16,"Non-Intersection","August","O: No Injury",60840,"Motorist Drive Out - Commercial Driveway / Alley",2013,"No","No","Daylight","Straight - Level","Local Street","Dry","Two-Way, Divided, Unprotected Median","None","No Special Feature","Smooth Asphalt",0,0,0,0,0,0,0,"2 lanes",2,0,NA,0,NA
320,1440,"Greensboro","Guilford","Piedmont","Commercial","Mixed (30% To 70% Developed)","W FRIENDLY AV","Urban","30 - 35  MPH","Stop And Go Signal","Clear","No",48,"40-49","No",NA,"Facing Traffic","C: Possible Injury","Sidewalk / Crosswalk / Driveway Crossing","White","Male",59,"50-59","Yes",NA,"0-5 mph","O: No Injury","White","Male","Pickup","Yes","11SEP2013","Wednesday","Motorist Failed to Yield - Signalized Intersection",4,"Intersection","September","C: Possible Injury",14400,"Motorist Drive Out - Right Turn on Red",2013,"Yes","Yes","Dark - Roadway Not Lighted","Straight - Level","Local Street","Dry","Two-Way, Not Divided","None","Four-Way Intersection","Smooth Asphalt",0,0,0,0,0,0,0,"7 lanes",2,0,NA,0,NA
321,1418,"None - Rural Crash","Union","Piedmont","Farms, Woods, Pastures","Rural (<30% Developed)","SR 1901","Rural","50 - 55  MPH","Double Yellow Line, No Passing Zone","Clear","No",17,"16-19","No",NA,"With Traffic","B: Evident Injury","Travel Lane","White","Male",30,"30-39","No",NA,"16-20 mph","O: No Injury","White","Female","Passenger Car","No","04SEP2013","Wednesday","Motorist Overtaking Bicyclist",19,"Non-Intersection","September","B: Evident Injury",69060,"Motorist Overtaking - Undetected Bicyclist",2013,"Yes","No","Daylight","Straight - Hillcrest","State Secondary Route","Dry","Two-Way, Not Divided","None","No Special Feature","Coarse Asphalt",0,0,0,0,0,0,0,"2 lanes",2,0,NA,0,NA