"...1","object_id","city","county","region","development","locality","on_road","rural_urban","speed_limit","traffic_control","weather","workzone","bike_age","bike_age_group","bike_alcohol","bike_alcohol_drugs","bike_direction","bike_injury","bike_position","bike_race","bike_sex","driver_age","driver_age_group","driver_alcohol","driver_alcohol_drugs","driver_est_speed","driver_injury","driver_race","driver_sex","driver_vehicle_type","crash_alcohol","crash_date","crash_day","crash_group","crash_hour","crash_location","crash_month","crash_severity","crash_time","crash_type","crash_year","ambulance_req","hit_run","light_condition","road_character","road_class","road_condition","road_configuration","road_defects","road_feature","road_surface","num_bikes_ai","num_bikes_bi","num_bikes_ci","num_bikes_ki","num_bikes_no","num_bikes_to","num_bikes_ui","num_lanes","num_units","distance_mi_from","frm_road","rte_invd_cd","towrd_road"
322,1411,"Wilmington","New Hanover","Coastal","Commercial","Urban (>70% Developed)","N KERR AVE","Urban","30 - 35  MPH","Stop And Go Signal","Clear","No",34,"30-39","Yes",NA,"With Traffic","A: Disabling Injury","Travel Lane","Black","Male",20,"20-24","No",NA,"16-20 mph","O: No Injury","White","Female","Passenger Car","Yes","30JUL2013","Tuesday","Bicyclist Failed to Yield - Signalized Intersection",12,"Intersection-Related","July","A: Disabling Injury",46320,"Bicyclist Ride Through - Signalized Intersection",2013,"Yes","No","Daylight","Straight - Level","Local Street","Dry","Two-Way, Not Divided","None","No Special Feature","Coarse Asphalt",0,0,0,0,0,0,0,"4 lanes",2,0,NA,0,NA
323,1408,"None - Rural Crash","Dare","Coastal","Residential","Mixed (30% To 70% Developed)","NC 12","Rural","30 - 35  MPH","No Control Present","Clear","No",20,"20-24","No",NA,"With Traffic","B: Evident Injury","Bike Lane / Paved Shoulder","Other","Male",39,"30-39","No",NA,"31-35 mph","O: No Injury","White","Male","Passenger Car","No","02SEP2013","Monday","Loss of Control / Turning Error",5,"Intersection","September","B: Evident Injury",18300,"Motorist Lost Control - Other / Unknown",2013,"Yes","No","Dark - Roadway Not Lighted","Straight - Level","NC Route","Dry","Two-Way, Not Divided","None","No Special Feature","Smooth Asphalt",0,0,0,0,0,0,0,"2 lanes",2,0,NA,0,NA
324,1438,"Oxford","Granville","Piedmont","Commercial","Urban (>70% Developed)","WALL ST","Urban","30 - 35  MPH","Stop Sign","Clear","No",12,"11-15","No",NA,"Facing Traffic","Unknown Injury","Sidewalk / Crosswalk / Driveway Crossing","Black","Male",61,"60-69","No",NA,"0-5 mph","O: No Injury","White","Female","Sport Utility","No","28JUN2013","Friday","Motorist Failed to Yield - Sign-Controlled Intersection",13,"Intersection","June","O: No Injury",49620,"Motorist Drive Through - Sign-Controlled Intersection",2013,"Yes","No","Daylight","Straight - Level","Local Street","Dry","Two-Way, Not Divided","None","T-Intersection","Coarse Asphalt",0,0,0,0,0,0,0,"2 lanes",2,0,NA,0,NA
325,1404,"None - Rural Crash","Orange","Piedmont","Farms, Woods, Pastures","Rural (<30% Developed)","SR 1006","Rural","40 - 45  MPH","Double Yellow Line, No Passing Zone","Clear","No",60,"60-69","No",NA,"With Traffic","A: Disabling Injury","Travel Lane","White","Female",62,"60-69","No",NA,"31-35 mph","O: No Injury","White","Female","Passenger Car","No","24JUL2013","Wednesday","Motorist Right Turn / Merge",9,"Intersection","July","A: Disabling Injury",34980,"Motorist Right Turn - Same Direction",2013,"No","No","Daylight","Straight - Level","State Secondary Route","Dry","Two-Way, Not Divided","None","T-Intersection","Coarse Asphalt",0,0,0,0,0,0,0,"2 lanes",2,0,NA,0,NA
326,1420,"Smithfield","Johnston","Coastal","Commercial","Urban (>70% Developed)","US 70","Urban","30 - 35  MPH","Stop And Go Signal","Rain","No",18,"16-19","No",NA,"Facing Traffic","A: Disabling Injury","Travel Lane","White","Male",44,"40-49","No",NA,"0-5 mph","O: No Injury","White","Female","Passenger Car","No","21AUG2013","Wednesday","Loss of Control / Turning Error",19,"Intersection","August","A: Disabling Injury",68460,"Motorist Turning Error - Left Turn",2013,"Yes","No","Dusk","Straight - Level","US Route","Water (Standing, Moving)","Two-Way, Not Divided","None","T-Intersection","Smooth Asphalt",0,0,0,0,0,0,0,"4 lanes",2,0,NA,0,NA
327,1435,"None - Rural Crash","Nash","Coastal","Residential","Mixed (30% To 70% Developed)","SARAH WAY","Rural","20 - 25  MPH","No Control Present","Clear","No",23,"20-24","No",NA,"With Traffic","B: Evident Injury","Travel Lane","Black","Male",18,"0-19","No",NA,"21-25 mph","O: No Injury","Hispanic","Female","Passenger Car","No","08SEP2013","Sunday","Motorist Left Turn / Merge",18,"Intersection","September","B: Evident Injury",66480,"Motorist Left Turn - Opposite Direction",2013,"Yes","No","Daylight","Straight - Level","Local Street","Dry","Two-Way, Not Divided","None","T-Intersection","Coarse Asphalt",0,0,0,0,0,0,0,"2 lanes",2,0,NA,0,NA
328,1659,"None - Rural Crash","Wake","Piedmont","Farms, Woods, Pastures","Rural (<30% Developed)","SR 1006","Rural","40 - 45  MPH","Double Yellow Line, No Passing Zone","Snow, Sleet, Hail, Freezing Rain/Drizzle","No",66,"60-69","Yes",NA,"With Traffic","O: No Injury","Travel Lane","Black","Male",41,"40-49","No",NA,"41-45 mph","A: Disabling Injury","White","Female","Passenger Car","Yes","12NOV2013","Tuesday","Motorist Overtaking Bicyclist",18,"Non-Intersection","November","A: Disabling Injury",66900,"Motorist Overtaking - Undetected Bicyclist",2013,"Yes","No","Dark - Roadway Not Lighted","Straight - Level","State Secondary Route","Wet","Two-Way, Not Divided","None","No Special Feature","Coarse Asphalt",0,0,0,0,0,0,0,"2 lanes",2,0,NA,0,NA
329,1685,"Rocky Mount","Nash","Coastal","Commercial","Urban (>70% Developed)","S WINSTEAD AVE","Urban","40 - 45  MPH","Stop And Go Signal","Clear","No",33,"30-39","No",NA,"With Traffic","B: Evident Injury","Travel Lane","Black","Male",28,"25-29","No",NA,"21-25 mph","O: No Injury","White","Female","Passenger Car","No","13DEC2013","Friday","Bicyclist Failed to Yield - Signalized Intersection",6,"Intersection","December","B: Evident Injury",22200,"Bicyclist Ride Through - Signalized Intersection",2013,"Yes","No","Dark - Roadway Not Lighted","Straight - Level","Local Street","Dry","Two-Way, Divided, Positive Median Barrier","None","No Special Feature","Coarse Asphalt",0,0,0,0,0,0,0,"7 lanes",2,0,NA,0,NA
330,1707,"None - Rural Crash","Robeson","Coastal","Residential","Rural (<30% Developed)","SR 1752","Rural","50 - 55  MPH","No Control Present","Clear","No",61,"60-69","No",NA,"With Traffic","C: Possible Injury","Travel Lane","White","Male",NA,NA,"Missing",NA,"51-55 mph","Unknown Injury","Unknown/Missing",NA,"Sport Utility","No","24DEC2013","Tuesday","Parallel Paths - Other Circumstances",23,"Non-Intersection","December","C: Possible Injury",82800,"Parallel Paths - Other / Unknown",2013,"No","Yes","Dark - Roadway Not Lighted","Straight - Level","State Secondary Route","Dry","Two-Way, Not Divided","None","No Special Feature","Coarse Asphalt",0,0,0,0,0,0,0,"2 lanes",2,0,NA,0,NA
331,1657,"Jacksonville","Onslow","Coastal","Commercial","Urban (>70% Developed)","LIBERTY DR","Urban","30 - 35  MPH","Stop Sign","Clear","No",46,"40-49","No",NA,"Facing Traffic","B: Evident Injury","Sidewalk / Crosswalk / Driveway Crossing","Black","Male",59,"50-59","No",NA,"6-10 mph","O: No Injury","White","Male","Taxicab","No","02NOV2013","Saturday","Motorist Failed to Yield - Sign-Controlled Intersection",19,"Intersection","November","B: Evident Injury",69780,"Motorist Drive Out - Sign-Controlled Intersection",2013,"Yes","No","Dark - Lighted Roadway","Straight - Level","Local Street","Dry","Two-Way, Not Divided","None","Four-Way Intersection","Coarse Asphalt",0,0,0,0,0,0,0,"2 lanes",2,0,NA,0,NA
332,1700,"None - Rural Crash","Sampson","Coastal","Farms, Woods, Pastures","Rural (<30% Developed)","NC 55","Rural","50 - 55  MPH","Double Yellow Line, No Passing Zone","Clear","No",56,"50-59","No",NA,"Facing Traffic","O: No Injury","Bike Lane / Paved Shoulder","White","Male",18,"0-19","No",NA,"51-55 mph","C: Possible Injury","White","Female","Passenger Car","No","19DEC2013","Thursday","Loss of Control / Turning Error",13,"Non-Intersection","December","C: Possible Injury",49500,"Motorist Lost Control - Other / Unknown",2013,"Yes","No","Daylight","Curve - Level","NC Route","Dry","Two-Way, Not Divided","None","No Special Feature","Coarse Asphalt",0,0,0,0,0,0,0,"2 lanes",2,0,NA,0,NA
333,1705,"None - Rural Crash","Wake","Piedmont","Farms, Woods, Pastures","Rural (<30% Developed)","SR 1826","Rural","40 - 45  MPH","Double Yellow Line, No Passing Zone","Cloudy","No",42,"40-49","No",NA,"With Traffic","A: Disabling Injury","Travel Lane","White","Male",44,"40-49","No",NA,"36-40 mph","O: No Injury","White","Male","Pickup","No","22DEC2013","Sunday","Motorist Overtaking Bicyclist",14,"Intersection-Related","December","A: Disabling Injury",51720,"Motorist Overtaking - Other / Unknown",2013,"Yes","No","Daylight","Straight - Level","State Secondary Route","Dry","Two-Way, Not Divided","None","Related To Intersection","Coarse Asphalt",0,0,0,0,0,0,0,"9 or more lanes",2,0,NA,0,NA
334,1697,"Raleigh","Wake","Piedmont","Commercial","Urban (>70% Developed)","W MARTIN ST","Urban","30 - 35  MPH","Stop And Go Signal","Cloudy","No",24,"20-24","No",NA,"Facing Traffic","C: Possible Injury","Sidewalk / Crosswalk / Driveway Crossing","White","Male",28,"25-29","No",NA,"0-5 mph","O: No Injury","White","Male","Passenger Car","No","10DEC2013","Tuesday","Motorist Failed to Yield - Signalized Intersection",14,"Intersection","December","C: Possible Injury",52140,"Motorist Drive Out - Right Turn on Red",2013,"No","No","Daylight","Straight - Grade","Local Street","Wet","One-Way, Not Divided","None","Four-Way Intersection","Smooth Asphalt",0,0,0,0,0,0,0,"3 lanes",2,0,NA,0,NA
335,1699,"Greenville","Pitt","Coastal","Residential","Mixed (30% To 70% Developed)","THOMAS LANGSTON RD","Urban","40 - 45  MPH","No Control Present","Clear","No",37,"30-39","No",NA,"With Traffic","B: Evident Injury","Bike Lane / Paved Shoulder","White","Male",38,"30-39","No",NA,"46-50 mph","O: No Injury","White","Female","Passenger Car","No","18DEC2013","Wednesday","Motorist Overtaking Bicyclist",7,"Non-Intersection","December","B: Evident Injury",27840,"Motorist Overtaking - Other / Unknown",2013,"Yes","No","Daylight","Straight - Level","Local Street","Dry","Two-Way, Not Divided","None","Four-Way Intersection","Smooth Asphalt",0,0,0,0,0,0,0,"3 lanes",2,0,NA,0,NA
336,1670,"Durham","Durham","Piedmont","Commercial","Urban (>70% Developed)","INFINITY RD","Urban","30 - 35  MPH","No Control Present","Cloudy","No",65,"60-69","No",NA,"Not Applicable","O: No Injury","Non-Roadway","Hispanic","Male",41,"40-49","No",NA,"6-10 mph","O: No Injury","Black","Male","Passenger Car","No","05DEC2013","Thursday","Bicyclist Failed to Yield - Signalized Intersection",12,"Intersection-Related","December","O: No Injury",43920,"Bicyclist Ride Out - Signalized  Intersection",2013,"No","No","Daylight","Straight - Level","Local Street","Wet","Two-Way, Not Divided","None","No Special Feature","Smooth Asphalt",0,0,0,0,0,0,0,"2 lanes",2,0,NA,0,NA
337,1706,"Rocky Mount","Nash","Coastal","Residential","Urban (>70% Developed)","SUNSET AVENUE","Urban","30 - 35  MPH","No Control Present","Clear","No",51,"50-59","Yes",NA,"With Traffic","O: No Injury","Travel Lane","Black","Male",46,"40-49","No",NA,"11-15 mph","O: No Injury","Black","Female","Passenger Car","Yes","24DEC2013","Tuesday","Motorist Overtaking Bicyclist",21,"Non-Intersection","December","O: No Injury",78540,"Motorist Overtaking - Other / Unknown",2013,"No","No","Dark - Lighted Roadway","Straight - Level","Local Street","Dry","Two-Way, Not Divided","None","No Special Feature","Smooth Asphalt",0,0,0,0,0,0,0,"5 lanes",2,0,NA,0,NA
338,1780,"None - Rural Crash","Brunswick","Coastal","Farms, Woods, Pastures","Rural (<30% Developed)",NA,"Rural","50 - 55  MPH","No Control Present","Clear","No",50,"50-59","Yes",NA,"Facing Traffic","B: Evident Injury","Travel Lane","White","Male",32,"30-39","No",NA,"51-55 mph","O: No Injury","Hispanic","Male","Pickup","Yes","08FEB2012","Wednesday","Bicyclist Right Turn / Merge",18,"Non-Intersection","February","B: Evident Injury",68160,"Bicyclist Right Turn - Same Direction",2012,"Yes","No","Dark - Roadway Not Lighted","Straight - Level","State Secondary Route","Dry","Two-Way, Not Divided","None","No Special Feature","Coarse Asphalt",0,0,0,0,0,0,0,"2 lanes",2,0,NA,0,NA
339,1778,"Gastonia","Gaston","Piedmont","Commercial","Urban (>70% Developed)",NA,"Urban","40 - 45  MPH","No Control Present","Clear","No",22,"20-24","No",NA,"With Traffic","C: Possible Injury","Travel Lane","White","Male",NA,NA,"Missing",NA,"26-30 mph","Unknown Injury","Unknown/Missing",NA,NA,"No","11JAN2012","Wednesday","Motorist Overtaking Bicyclist",19,"Intersection-Related","January","C: Possible Injury",70200,"Motorist Overtaking - Other / Unknown",2012,"Yes","Yes","Daylight","Straight - Grade","NC Route","Dry","Two-Way, Not Divided","None","No Special Feature","Smooth Asphalt",0,0,0,0,0,0,0,"5 lanes",2,0,NA,0,NA
340,1793,"Southern Pines","Moore","Piedmont","Institutional","Mixed (30% To 70% Developed)",NA,"Urban","40 - 45  MPH","No Control Present","Cloudy","No",30,"30-39","No",NA,"With Traffic","C: Possible Injury","Travel Lane","White","Male",20,"20-24","No",NA,"0-5 mph","O: No Injury","Black","Female","Passenger Car","No","04FEB2012","Saturday","Motorist Left Turn / Merge",15,"Non-Intersection","February","C: Possible Injury",54720,"Motorist Left Turn - Opposite Direction",2012,"Yes","No","Daylight","Straight - Level","Local Street","Wet","Two-Way, Not Divided","None","Related To Intersection","Coarse Asphalt",0,0,0,0,0,0,0,"3 lanes",2,0,NA,0,NA
341,1779,"Kannapolis","Cabarrus","Piedmont","Commercial","Urban (>70% Developed)",NA,"Urban","30 - 35  MPH","Stop Sign","Cloudy","No",52,"50-59","No",NA,"With Traffic","C: Possible Injury","Travel Lane","Black","Male",69,"60-69","No",NA,"16-20 mph","O: No Injury","White","Male","Pickup","No","19JAN2012","Thursday","Motorist Failed to Yield - Sign-Controlled Intersection",15,"Intersection","January","C: Possible Injury",55740,"Motorist Drive Out - Sign-Controlled Intersection",2012,"Yes","No","Daylight","Straight - Level","Local Street","Dry","Two-Way, Not Divided","None","T-Intersection","Smooth Asphalt",0,0,0,0,0,0,0,"2 lanes",2,0,NA,0,NA
342,1794,"None - Rural Crash","Guilford","Piedmont","Institutional","Urban (>70% Developed)",NA,"Rural","20 - 25  MPH","Stop Sign","Clear","No",24,"20-24","No",NA,"With Traffic","Unknown Injury","Travel Lane","White","Female",25,"25-29","No",NA,NA,"O: No Injury","White","Male","Passenger Car","No","01FEB2012","Wednesday","Motorist Right Turn / Merge",12,"Intersection","February","O: No Injury",43440,"Motorist Right Turn - Same Direction",2012,"No","No","Daylight","Straight - Level","Local Street","Dry","Two-Way, Divided, Unprotected Median","None","Shared-Use Paths Or Trails","Coarse Asphalt",0,0,0,0,0,0,0,"2 lanes",2,0,NA,0,NA
343,1788,"Chapel Hill","Orange","Piedmont","Institutional","Urban (>70% Developed)",NA,"Urban","5 - 15 MPH","No Control Present","Cloudy","No",18,"16-19","No",NA,"With Traffic","B: Evident Injury","Travel Lane","White","Male",62,"60-69","No",NA,"6-10 mph","O: No Injury","White","Male","Passenger Car","No","26JAN2012","Thursday","Bicyclist Overtaking Motorist",17,"Non-Intersection","January","B: Evident Injury",61980,"Bicyclist Overtaking - Other / Unknown",2012,"No","No","Daylight","Straight - Level","Public Vehicular Area","Dry","Two-Way, Not Divided","None","No Special Feature","Smooth Asphalt",0,0,0,0,0,0,0,NA,2,0,NA,0,NA
344,1790,"High Point","Guilford","Piedmont","Residential","Urban (>70% Developed)",NA,"Urban","30 - 35  MPH","No Control Present","Clear","No",15,"11-15","No",NA,"With Traffic","C: Possible Injury","Travel Lane","Black","Male",48,"40-49","No",NA,"31-35 mph","O: No Injury","White","Male","Motorcycle","No","29JAN2012","Sunday","Motorist Overtaking Bicyclist",13,"Non-Intersection","January","C: Possible Injury",47280,"Motorist Overtaking - Other / Unknown",2012,"Yes","No","Daylight","Straight - Grade","Local Street","Dry","Two-Way, Not Divided","None","No Special Feature","Smooth Asphalt",0,0,0,0,0,0,0,"2 lanes",2,0,NA,0,NA
345,1781,"None - Rural Crash","Onslow","Coastal","Commercial","Mixed (30% To 70% Developed)",NA,"Rural","50 - 55  MPH","No Control Present","Clear","No",20,"20-24","No",NA,"Facing Traffic","B: Evident Injury","Travel Lane","Black","Male",33,"30-39","No",NA,"46-50 mph","O: No Injury","White","Female","Sport Utility","No","09FEB2012","Thursday","Head-On",19,"Non-Intersection","February","B: Evident Injury",71640,"Head-On - Bicyclist",2012,"Yes","No","Dark - Roadway Not Lighted","Straight - Level","US Route","Dry","Two-Way, Not Divided","None","No Special Feature","Coarse Asphalt",0,0,0,0,0,0,0,"5 lanes",2,0,NA,0,NA
346,1762,"None - Rural Crash","Stanly","Piedmont","Farms, Woods, Pastures","Rural (<30% Developed)",NA,"Rural","50 - 55  MPH","Double Yellow Line, No Passing Zone","Fog, Smog, Smoke","No",38,"30-39","No",NA,"With Traffic","C: Possible Injury","Travel Lane","White","Male",NA,NA,"No",NA,NA,"Unknown Injury","Unknown/Missing",NA,"Passenger Car","No","23JAN2012","Monday","Motorist Overtaking Bicyclist",6,"Non-Intersection","January","C: Possible Injury",25080,"Motorist Overtaking - Misjudged Space",2012,"No","Yes","Dark - Roadway Not Lighted","Straight - Grade","NC Route","Wet","Two-Way, Not Divided","None","No Special Feature","Smooth Asphalt",0,0,0,0,0,0,0,"2 lanes",2,0,NA,0,NA
347,1759,"Spring Lake","Cumberland","Coastal","Commercial","Mixed (30% To 70% Developed)",NA,"Urban","20 - 25  MPH","Stop Sign","Clear","No",63,"60-69","No",NA,"With Traffic","C: Possible Injury","Travel Lane","Black","Male",19,"0-19","No",NA,"21-25 mph","O: No Injury","Black","Female","Passenger Car","No","01JAN2012","Sunday","Motorist Failed to Yield - Sign-Controlled Intersection",17,"Intersection","January","C: Possible Injury",63300,"Motorist Drive Out - Sign-Controlled Intersection",2012,"Yes","No","Dark - Lighted Roadway","Straight - Level","Local Street","Dry","Two-Way, Divided, Unprotected Median","None","Four-Way Intersection","Smooth Asphalt",0,0,0,0,0,0,0,"2 lanes",2,0,NA,0,NA
348,1753,"Green Level","Alamance","Piedmont","Residential","Mixed (30% To 70% Developed)",NA,"Rural","40 - 45  MPH","Stop Sign","Clear","No",44,"40-49","Yes",NA,"With Traffic","C: Possible Injury","Travel Lane","Black","Male",25,"25-29","No",NA,"41-45 mph","O: No Injury","White","Male","Passenger Car","Yes","04JAN2012","Wednesday","Bicyclist Failed to Yield - Sign-Controlled Intersection",18,"Intersection","January","C: Possible Injury",66360,"Bicyclist Ride Through - Sign-Controlled Intersection",2012,"Yes","No","Dark - Lighted Roadway","Straight - Level","NC Route","Dry","Two-Way, Not Divided","None","T-Intersection","Smooth Asphalt",0,0,0,0,0,0,0,"2 lanes",2,0,NA,0,NA
349,1718,"None - Rural Crash","Rutherford","Mountains","Residential","Urban (>70% Developed)","SR 1106","Rural","40 - 45  MPH","Double Yellow Line, No Passing Zone","Clear","No",21,"20-24","No",NA,"With Traffic","C: Possible Injury","Travel Lane","White","Male",NA,"70+","No",NA,"26-30 mph","O: No Injury","White","Female","Passenger Car","No","31DEC2013","Tuesday","Motorist Overtaking Bicyclist",8,"Non-Intersection","December","C: Possible Injury",31380,"Motorist Overtaking - Other / Unknown",2013,"Yes","No","Daylight","Straight - Level","State Secondary Route","Dry","Two-Way, Not Divided","None","No Special Feature","Coarse Asphalt",0,0,0,0,0,0,0,"2 lanes",2,0,NA,0,NA
350,1746,"Wilmington","New Hanover","Coastal","Institutional","Urban (>70% Developed)","REYNOLDS","Urban","20 - 25  MPH","Stop Sign","Cloudy","No",22,"20-24","No",NA,"Facing Traffic","C: Possible Injury","Travel Lane","White","Male",32,"30-39","No",NA,"0-5 mph","O: No Injury","White","Female","Passenger Car","No","28OCT2013","Monday","Motorist Failed to Yield - Sign-Controlled Intersection",16,"Intersection","October","C: Possible Injury",60120,"Motorist Drive Out - Sign-Controlled Intersection",2013,"No","No","Daylight","Straight - Level","Local Street","Dry","Two-Way, Not Divided","None","T-Intersection","Smooth Asphalt",0,0,0,0,0,0,0,"2 lanes",2,0,NA,0,NA
351,1773,"Durham","Durham","Piedmont","Residential","Urban (>70% Developed)",NA,"Urban","30 - 35  MPH","No Control Present","Clear","No",44,"40-49","No",NA,"With Traffic","C: Possible Injury","Travel Lane","Black","Male",NA,NA,"Missing",NA,"31-35 mph","Unknown Injury","Unknown/Missing",NA,"Passenger Car","No","02FEB2012","Thursday","Motorist Overtaking Bicyclist",13,"Non-Intersection","February","C: Possible Injury",47520,"Motorist Overtaking - Other / Unknown",2012,"No","Yes","Daylight","Straight - Level","Local Street","Dry","Two-Way, Not Divided","None","No Special Feature","Smooth Asphalt",0,0,0,0,0,0,0,"2 lanes",2,0,NA,0,NA
352,1751,"Midway","Davidson","Piedmont","Commercial","Mixed (30% To 70% Developed)",NA,"Rural","50 - 55  MPH","Double Yellow Line, No Passing Zone","Clear","No",30,"30-39","No",NA,"With Traffic","B: Evident Injury","Travel Lane","White","Female",NA,"70+","No",NA,"31-35 mph","O: No Injury","Black","Female","Passenger Car","No","06JAN2012","Friday","Motorist Overtaking Bicyclist",15,"Non-Intersection","January","B: Evident Injury",55620,"Motorist Overtaking - Misjudged Space",2012,"Yes","No","Daylight","Curve - Level","State Secondary Route","Dry","Two-Way, Not Divided","None","T-Intersection","Smooth Asphalt",0,0,0,0,0,0,0,"2 lanes",2,0,NA,0,NA
353,1715,"Mint Hill","Mecklenburg","Piedmont","Residential","Urban (>70% Developed)","WILSON GROVE RD","Urban","40 - 45  MPH","No Control Present","Clear","No",15,"11-15","No",NA,"With Traffic","C: Possible Injury","Travel Lane","White","Male",17,"0-19","No",NA,"31-35 mph","O: No Injury","Asian","Female","Passenger Car","No","12NOV2013","Tuesday","Bicyclist Left Turn / Merge",7,"Non-Intersection","November","C: Possible Injury",26760,"Bicyclist Left Turn - Same Direction",2013,"No","No","Daylight","Straight - Level","Local Street","Dry","Two-Way, Not Divided","None","No Special Feature","Smooth Asphalt",0,0,0,0,0,0,0,"2 lanes",2,0,NA,0,NA
354,1774,"Durham","Durham","Piedmont","Residential","Urban (>70% Developed)",NA,"Urban","20 - 25  MPH","No Control Present","Clear","No",26,"25-29","No",NA,"With Traffic","C: Possible Injury","Travel Lane","White","Male",37,"30-39","No",NA,"0-5 mph","O: No Injury","White","Male","Passenger Car","No","02FEB2012","Thursday","Bicyclist Left Turn / Merge",23,"Intersection","February","C: Possible Injury",82800,"Bicyclist Left Turn - Same Direction",2012,"No","No","Dark - Lighted Roadway","Straight - Level","Local Street","Dry","Two-Way, Not Divided","None","No Special Feature","Smooth Asphalt",0,0,0,0,0,0,0,"2 lanes",2,0,NA,0,NA
355,1731,"Lumberton","Robeson","Coastal","Commercial","Urban (>70% Developed)","PVA 2759 ROBERTS AVE","Urban","30 - 35  MPH","No Control Present","Clear","No",3,"0-5","No",NA,"Not Applicable","O: No Injury","Non-Roadway","Black","Male",NA,NA,"Missing",NA,"0-5 mph","Unknown Injury","Unknown/Missing",NA,NA,"No","21DEC2013","Saturday","Non-Roadway",5,"Non-Roadway","December","O: No Injury",20340,"Non-Roadway",2013,"No","Yes","Dark - Lighted Roadway","Straight - Level","Public Vehicular Area","Dry","Two-Way, Not Divided","None","Driveway, Public","Coarse Asphalt",0,0,0,0,0,0,0,NA,2,0,NA,0,NA
356,1814,"Charlotte","Mecklenburg","Piedmont","Residential","Urban (>70% Developed)",NA,"Urban","20 - 25  MPH","Stop Sign","Clear","No",18,"16-19","No",NA,"Facing Traffic","B: Evident Injury","Sidewalk / Crosswalk / Driveway Crossing","Hispanic","Male",26,"25-29","No",NA,NA,"O: No Injury","Black","Female","School Bus","No","01MAR2012","Thursday","Motorist Failed to Yield - Sign-Controlled Intersection",15,"Intersection","March","B: Evident Injury",56040,"Motorist Drive Out - Sign-Controlled Intersection",2012,"Yes","No","Daylight","Straight - Grade","Local Street","Dry","Two-Way, Divided, Unprotected Median","None","No Special Feature","Smooth Asphalt",0,0,0,0,0,0,0,"2 lanes",2,0,NA,0,NA
357,1822,"Morganton","Burke","Mountains","Commercial","Urban (>70% Developed)",NA,"Urban","20 - 25  MPH","Flashing Stop And Go Signal","Clear","No",13,"11-15","No",NA,"With Traffic","B: Evident Injury","Travel Lane","White","Male",44,"40-49","No",NA,"16-20 mph","O: No Injury","White","Male","Passenger Car","No","02FEB2012","Thursday","Bicyclist Failed to Yield - Signalized Intersection",17,"Intersection","February","B: Evident Injury",64140,"Bicyclist Ride Through - Signalized Intersection",2012,"Yes","No","Daylight","Straight - Grade","Local Street","Dry","One-Way, Not Divided","None","Related To Intersection","Smooth Asphalt",0,0,0,0,0,0,0,"3 lanes",2,0,NA,0,NA
358,1798,"None - Rural Crash","Gaston","Piedmont","Residential","Rural (<30% Developed)",NA,"Rural","40 - 45  MPH","Double Yellow Line, No Passing Zone","Clear","No",17,"16-19","No",NA,"With Traffic","C: Possible Injury","Travel Lane","White","Male",21,"20-24","No",NA,"41-45 mph","O: No Injury","White","Female","Passenger Car","No","23FEB2012","Thursday","Motorist Overtaking Bicyclist",17,"Non-Intersection","February","C: Possible Injury",63780,"Motorist Overtaking - Other / Unknown",2012,"Yes","Yes","Dusk","Straight - Level","State Secondary Route","Dry","Two-Way, Not Divided","None","No Special Feature","Smooth Asphalt",0,0,0,0,0,0,0,"2 lanes",2,0,NA,0,NA
359,1819,"Gastonia","Gaston","Piedmont","Institutional","Urban (>70% Developed)",NA,"Urban","30 - 35  MPH","No Control Present","Clear","No",50,"50-59","No",NA,"With Traffic","C: Possible Injury","Travel Lane","Black","Male",52,"50-59","No",NA,NA,"O: No Injury","White","Female","Single Unit Truck (2-Axle, 6-Tire)","No","11FEB2012","Saturday","Motorist Right Turn / Merge",11,"Non-Intersection","February","C: Possible Injury",43020,"Motorist Right Turn - Same Direction",2012,"Yes","No","Daylight","Straight - Grade","Local Street","Dry","Two-Way, Not Divided","None","Driveway, Public","Coarse Asphalt",0,0,0,0,0,0,0,"3 lanes",2,0,NA,0,NA
360,1815,"Raleigh","Wake","Piedmont","Commercial","Mixed (30% To 70% Developed)",NA,"Urban","40 - 45  MPH","Stop And Go Signal","Clear","No",45,"40-49","No",NA,"Facing Traffic","C: Possible Injury","Travel Lane","Black","Female",27,"25-29","No",NA,"0-5 mph","O: No Injury","White","Male","Passenger Car","No","02MAR2012","Friday","Motorist Failed to Yield - Signalized Intersection",9,"Intersection","March","C: Possible Injury",32880,"Motorist Drive Out - Signalized Intersection",2012,"Yes","No","Daylight","Straight - Level","Local Street","Dry","One-Way, Not Divided","None","T-Intersection","Smooth Asphalt",0,0,0,0,0,0,0,"2 lanes",2,0,NA,0,NA
361,1808,"Wilmington","New Hanover","Coastal","Residential","Urban (>70% Developed)",NA,"Urban","5 - 15 MPH","No Control Present","Clear","No",6,"6-10","No",NA,"Not Applicable","C: Possible Injury","Non-Roadway","Black","Female",34,"30-39","No",NA,"0-5 mph","O: No Injury","Black","Female","Passenger Car","No","09FEB2012","Thursday","Bicyclist Failed to Yield - Midblock",17,"Non-Intersection","February","C: Possible Injury",61200,"Bicyclist Ride Out - Other Midblock",2012,"Yes","No","Dusk","Straight - Level","Local Street","Dry","One-Way, Not Divided","None","No Special Feature","Smooth Asphalt",0,0,0,0,0,0,0,"1 lane",2,0,NA,0,NA