"...1","object_id","city","county","region","development","locality","on_road","rural_urban","speed_limit","traffic_control","weather","workzone","bike_age","bike_age_group","bike_alcohol","bike_alcohol_drugs","bike_direction","bike_injury","bike_position","bike_race","bike_sex","driver_age","driver_age_group","driver_alcohol","driver_alcohol_drugs","driver_est_speed","driver_injury","driver_race","driver_sex","driver_vehicle_type","crash_alcohol","crash_date","crash_day","crash_group","crash_hour","crash_location","crash_month","crash_severity","crash_time","crash_type","crash_year","ambulance_req","hit_run","light_condition","road_character","road_class","road_condition","road_configuration","road_defects","road_feature","road_surface","num_bikes_ai","num_bikes_bi","num_bikes_ci","num_bikes_ki","num_bikes_no","num_bikes_to","num_bikes_ui","num_lanes","num_units","distance_mi_from","frm_road","rte_invd_cd","towrd_road"
362,1817,"Asheville","Buncombe","Mountains","Commercial","Urban (>70% Developed)",NA,"Urban","30 - 35  MPH","Stop Sign","Cloudy","No",16,"16-19","No",NA,"With Traffic","B: Evident Injury","Travel Lane","White","Male",23,"20-24","No",NA,NA,"O: No Injury","White","Male","Pickup","No","23FEB2012","Thursday","Motorist Failed to Yield - Sign-Controlled Intersection",14,"Intersection","February","B: Evident Injury",53040,"Motorist Drive Out - Sign-Controlled Intersection",2012,"No","No","Daylight","Straight - Level","Local Street","Dry","Two-Way, Not Divided","None","T-Intersection","Smooth Asphalt",0,0,0,0,0,0,0,"2 lanes",2,0,NA,0,NA
363,1802,"Concord","Cabarrus","Piedmont","Residential","Urban (>70% Developed)",NA,"Urban","30 - 35  MPH","No Control Present","Clear","No",34,"30-39","No",NA,"With Traffic","C: Possible Injury","Travel Lane","White","Female",40,"40-49","No",NA,"21-25 mph","O: No Injury","White","Female","Passenger Car","No","07FEB2012","Tuesday","Motorist Overtaking Bicyclist",7,"Non-Intersection","February","C: Possible Injury",26040,"Motorist Overtaking - Misjudged Space",2012,"No","No","Dawn","Straight - Hillcrest","Local Street","Dry","Two-Way, Not Divided","None","Driveway, Private","Coarse Asphalt",0,0,0,0,0,0,0,"2 lanes",2,0,NA,0,NA
364,1812,"Mount Olive","Wayne","Coastal","Commercial","Urban (>70% Developed)",NA,"Rural","20 - 25  MPH","No Control Present","Clear","No",20,"20-24","No",NA,"With Traffic","C: Possible Injury","Travel Lane","White","Male",NA,"70+","No",NA,"0-5 mph","O: No Injury","White","Male","Van","No","14FEB2012","Tuesday","Motorist Left Turn / Merge",18,"Non-Intersection","February","C: Possible Injury",66600,"Motorist Left Turn - Opposite Direction",2012,"Yes","No","Dark - Lighted Roadway","Straight - Level","Local Street","Dry","Two-Way, Not Divided","None","Driveway, Public","Smooth Asphalt",0,0,0,0,0,0,0,"2 lanes",2,0,NA,0,NA
365,1826,"Raleigh","Wake","Piedmont","Commercial","Urban (>70% Developed)",NA,"Urban","40 - 45  MPH","Stop And Go Signal","Clear","No",52,"50-59","No",NA,"With Traffic","B: Evident Injury","Travel Lane","White","Male",NA,NA,"Missing",NA,"46-50 mph","Unknown Injury","Unknown/Missing",NA,NA,"No","08MAR2012","Thursday","Crossing Paths - Other Circumstances",14,"Intersection","March","B: Evident Injury",52800,"Signalized Intersection - Other / Unknown",2012,"Yes","Yes","Daylight","Straight - Level","Local Street","Dry","Two-Way, Not Divided","None","Four-Way Intersection","Smooth Asphalt",0,0,0,0,0,0,0,"6 lanes",2,0,NA,0,NA
366,1861,"Raleigh","Wake","Piedmont","Institutional","Urban (>70% Developed)",NA,"Urban","20 - 25  MPH","No Control Present","Rain","No",21,"20-24","Yes",NA,"With Traffic","A: Disabling Injury","Travel Lane","White","Male",19,"0-19","No",NA,"11-15 mph","O: No Injury","White","Male","Passenger Car","Yes","19FEB2012","Sunday","Motorist Left Turn / Merge",2,"Intersection","February","A: Disabling Injury",10140,"Motorist Left Turn - Opposite Direction",2012,"Yes","No","Dark - Lighted Roadway","Straight - Grade","Local Street","Wet","Two-Way, Not Divided","None","Four-Way Intersection","Smooth Asphalt",0,0,0,0,0,0,0,"3 lanes",2,0,NA,0,NA
367,1856,"None - Rural Crash","Harnett","Coastal","Farms, Woods, Pastures","Rural (<30% Developed)",NA,"Rural","40 - 45  MPH","Double Yellow Line, No Passing Zone","Clear","No",62,"60-69","No",NA,"Facing Traffic","C: Possible Injury","Travel Lane","Black","Male",23,"20-24","No",NA,"11-15 mph","O: No Injury","Other","Female","Sport Utility","No","09MAR2012","Friday","Head-On",16,"Non-Intersection","March","C: Possible Injury",59340,"Head-On - Bicyclist",2012,"No","No","Daylight","Straight - Grade","State Secondary Route","Dry","Two-Way, Not Divided","None","No Special Feature","Coarse Asphalt",0,0,0,0,0,0,0,"2 lanes",2,0,NA,0,NA
368,1862,"Goldsboro","Wayne","Coastal","Commercial","Urban (>70% Developed)",NA,"Urban","30 - 35  MPH","Stop Sign","Clear","No",54,"50-59","No",NA,"With Traffic","C: Possible Injury","Travel Lane","Black","Male",59,"50-59","No",NA,"0-5 mph","O: No Injury","Black","Female","Passenger Car","No","09MAR2012","Friday","Motorist Left Turn / Merge",19,"Intersection","March","C: Possible Injury",69600,"Motorist Left Turn - Opposite Direction",2012,"Yes","No","Dark - Roadway Not Lighted","Straight - Level","Local Street","Dry","Two-Way, Not Divided","None","No Special Feature","Coarse Asphalt",0,0,0,0,0,0,0,"2 lanes",2,0,NA,0,NA
369,1833,"Cary","Wake","Piedmont","Commercial","Urban (>70% Developed)",NA,"Urban","30 - 35  MPH","Stop Sign","Clear","No",12,"11-15","No",NA,NA,"C: Possible Injury",NA,"Black","Male",NA,NA,"Missing",NA,NA,"Unknown Injury","Unknown/Missing",NA,NA,"No","25FEB2012","Saturday","Other / Unknown - Insufficient Details",18,"Unknown Location","February","C: Possible Injury",66600,"Unknown Location",2012,"Yes","Yes","Dusk","Straight - Level","Local Street","Dry","Two-Way, Not Divided","Road Surface Condition","No Special Feature","Smooth Asphalt",0,0,0,0,0,0,0,"2 lanes",2,0,NA,0,NA
370,1832,"Rocky Mount","Edgecombe","Coastal","Commercial","Urban (>70% Developed)",NA,"Urban","30 - 35  MPH","No Control Present","Clear","No",51,"50-59","Yes",NA,"Facing Traffic","B: Evident Injury","Travel Lane","Black","Male",22,"20-24","No",NA,"26-30 mph","O: No Injury","Black","Female","Passenger Car","Yes","14FEB2012","Tuesday","Head-On",16,"Non-Intersection","February","B: Evident Injury",59820,"Head-On - Bicyclist",2012,"Yes","No","Daylight","Curve - Level","State Secondary Route","Dry","Two-Way, Divided, Unprotected Median","None","No Special Feature","Smooth Asphalt",0,0,0,0,0,0,0,"2 lanes",2,0,NA,0,NA
371,1829,"Greensboro","Guilford","Piedmont","Commercial","Urban (>70% Developed)",NA,"Urban","30 - 35  MPH","Stop And Go Signal","Cloudy","No",62,"60-69","No",NA,"With Traffic","B: Evident Injury","Travel Lane","Black","Male",52,"50-59","No",NA,"11-15 mph","O: No Injury","Black","Male","Passenger Car","No","19FEB2012","Sunday","Head-On",10,"Intersection-Related","February","B: Evident Injury",39060,"Head-On - Bicyclist",2012,"Yes","No","Daylight","Straight - Grade","Local Street","Wet","Two-Way, Divided, Positive Median Barrier","None","No Special Feature","Smooth Asphalt",0,0,0,0,0,0,0,"5 lanes",2,0,NA,0,NA
372,1855,"Raleigh","Wake","Piedmont","Commercial","Urban (>70% Developed)",NA,"Urban","30 - 35  MPH","Stop Sign","Clear","No",51,"50-59","No",NA,"With Traffic","B: Evident Injury","Travel Lane","White","Male",51,"50-59","No",NA,"6-10 mph","O: No Injury","White","Male","Passenger Car","No","14MAR2012","Wednesday","Motorist Left Turn / Merge",18,"Intersection","March","B: Evident Injury",66420,"Motorist Left Turn - Opposite Direction",2012,"Yes","No","Daylight","Straight - Level","Local Street","Dry","Two-Way, Not Divided","None","Related To Intersection","Coarse Asphalt",0,0,0,0,0,0,0,"2 lanes",2,0,NA,0,NA
373,1843,"Greensboro","Guilford","Piedmont","Residential","Urban (>70% Developed)",NA,"Urban","30 - 35  MPH","Stop Sign","Clear","No",61,"60-69","No",NA,"Facing Traffic","C: Possible Injury","Travel Lane","Black","Male",62,"60-69","No",NA,"0-5 mph","O: No Injury","White","Male","Pickup","No","21FEB2012","Tuesday","Loss of Control / Turning Error",18,"Intersection","February","C: Possible Injury",64860,"Motorist Turning Error - Other",2012,"Yes","No","Daylight","Straight - Grade","Local Street","Dry","Two-Way, Not Divided","None","T-Intersection","Smooth Asphalt",0,0,0,0,0,0,0,"2 lanes",2,0,NA,0,NA
374,1844,"Elon College","Alamance","Piedmont","Institutional","Urban (>70% Developed)",NA,"Urban","20 - 25  MPH","No Control Present","Clear","No",20,"20-24","No",NA,"Not Applicable","B: Evident Injury","Travel Lane","White","Female",18,"0-19","No",NA,"6-10 mph","O: No Injury","White","Male","Passenger Car","No","28FEB2012","Tuesday","Non-Roadway",12,"Non-Roadway","February","B: Evident Injury",43500,"Non-Roadway",2012,"Yes","No","Daylight","Straight - Level","Public Vehicular Area","Dry","Two-Way, Not Divided","None","No Special Feature","Smooth Asphalt",0,0,0,0,0,0,0,NA,2,0,NA,0,NA
375,1824,"None - Rural Crash","Orange","Piedmont","Farms, Woods, Pastures","Rural (<30% Developed)",NA,"Rural","40 - 45  MPH","Double Yellow Line, No Passing Zone","Clear","No",24,"20-24","No",NA,"With Traffic","C: Possible Injury","Travel Lane","White","Male",NA,NA,"Missing",NA,"6-10 mph","Unknown Injury","Unknown/Missing",NA,"Passenger Car","No","14FEB2012","Tuesday","Motorist Left Turn / Merge",17,"Non-Intersection","February","C: Possible Injury",61860,"Motorist Left Turn - Opposite Direction",2012,"No","Yes","Daylight","Straight - Level","State Secondary Route","Dry","Two-Way, Not Divided","None","Driveway, Private","Coarse Asphalt",0,0,0,0,0,0,0,"2 lanes",3,0,NA,0,NA
376,1868,"None - Rural Crash","Alamance","Piedmont","Farms, Woods, Pastures","Rural (<30% Developed)",NA,"Rural","40 - 45  MPH","Double Yellow Line, No Passing Zone","Clear","No",31,"30-39","No",NA,"With Traffic","B: Evident Injury","Travel Lane","White","Male",NA,NA,"No",NA,"41-45 mph","Unknown Injury","Unknown/Missing",NA,NA,"No","22MAR2012","Thursday","Loss of Control / Turning Error",14,"Non-Intersection","March","B: Evident Injury",53580,"Motorist Lost Control - Other / Unknown",2012,"Yes","Yes","Daylight","Straight - Level","State Secondary Route","Dry","Two-Way, Not Divided","None","No Special Feature","Smooth Asphalt",0,0,0,0,0,0,0,"2 lanes",2,0,NA,0,NA
377,1865,"Winston-Salem","Forsyth","Piedmont","Commercial","Urban (>70% Developed)",NA,"Urban",NA,"No Control Present","Fog, Smog, Smoke","No",44,"40-49","No",NA,"With Traffic","O: No Injury","Travel Lane","White","Male",NA,NA,"Missing",NA,"6-10 mph","Unknown Injury","Unknown/Missing",NA,"Passenger Car","No","14MAR2012","Wednesday","Motorist Failed to Yield - Sign-Controlled Intersection",6,"Intersection","March","O: No Injury",23880,"Motorist Drive Through - Sign-Controlled Intersection",2012,"No","Yes","Dawn","Straight - Level","Local Street","Dry","Two-Way, Not Divided","None","T-Intersection","Smooth Asphalt",0,0,0,0,0,0,0,"2 lanes",2,0,NA,0,NA
378,1875,"None - Rural Crash","Hoke","Coastal","Farms, Woods, Pastures","Rural (<30% Developed)",NA,"Rural","40 - 45  MPH","Double Yellow Line, No Passing Zone","Clear","No",39,"30-39","No",NA,"With Traffic","C: Possible Injury","Travel Lane","Hispanic","Female",16,"0-19","No",NA,"41-45 mph","O: No Injury","Black","Female","Sport Utility","No","01APR2012","Sunday","Motorist Overtaking Bicyclist",10,"Non-Intersection","April","C: Possible Injury",36420,"Motorist Overtaking - Misjudged Space",2012,"Yes","No","Daylight","Curve - Grade","State Secondary Route","Dry","Two-Way, Not Divided","None","No Special Feature","Coarse Asphalt",0,0,0,0,0,0,0,"2 lanes",2,0,NA,0,NA
379,1871,"Washington","Beaufort","Coastal","Commercial","Urban (>70% Developed)",NA,"Urban","30 - 35  MPH","Stop Sign","Clear","No",33,"30-39","No",NA,"With Traffic","C: Possible Injury","Sidewalk / Crosswalk / Driveway Crossing","White","Male",26,"25-29","No",NA,"6-10 mph","O: No Injury","Black","Male","Passenger Car","No","10MAR2012","Saturday","Motorist Left Turn / Merge",23,"Intersection","March","C: Possible Injury",85320,"Motorist Left Turn - Opposite Direction",2012,"Yes","No","Dark - Lighted Roadway","Straight - Level","Local Street","Dry","Two-Way, Not Divided","None","Four-Way Intersection","Coarse Asphalt",0,0,0,0,0,0,0,"2 lanes",2,0,NA,0,NA
380,1874,"None - Rural Crash","Rowan","Piedmont","Commercial","Mixed (30% To 70% Developed)",NA,"Rural","50 - 55  MPH","No Control Present","Clear","No",NA,"70+","No",NA,"With Traffic","B: Evident Injury","Travel Lane","White","Male",35,"30-39","No",NA,"31-35 mph","O: No Injury","Hispanic","Male","Van","No","30MAR2012","Friday","Motorist Overtaking Bicyclist",15,"Non-Intersection","March","B: Evident Injury",54900,"Motorist Overtaking - Other / Unknown",2012,"Yes","No","Daylight","Straight - Level","US Route","Dry","Two-Way, Divided, Unprotected Median","None","No Special Feature","Smooth Asphalt",0,0,0,0,0,0,0,"5 lanes",2,0,NA,0,NA
381,1866,"Apex","Wake","Piedmont","Commercial","Urban (>70% Developed)",NA,"Urban","40 - 45  MPH","Stop And Go Signal","Rain","No",15,"11-15","No",NA,"With Traffic","B: Evident Injury","Travel Lane","White","Male",35,"30-39","No",NA,"0-5 mph","O: No Injury","Other","Female","Sport Utility","No","24MAR2012","Saturday","Motorist Failed to Yield - Signalized Intersection",13,"Intersection","March","B: Evident Injury",46860,"Motorist Drive Out - Right Turn on Red",2012,"Yes","No","Daylight","Straight - Grade","NC Route","Wet","Two-Way, Not Divided","None","Four-Way Intersection","Coarse Asphalt",0,0,0,0,0,0,0,"6 lanes",2,0,NA,0,NA
382,1970,"Winston-Salem","Forsyth","Piedmont","Residential","Mixed (30% To 70% Developed)",NA,"Urban","30 - 35  MPH","No Control Present","Cloudy","No",NA,NA,"Missing",NA,"With Traffic","Unknown Injury","Travel Lane","Unknown/Missing",NA,NA,"70+","No",NA,"31-35 mph","O: No Injury","White","Male","Passenger Car","No","18APR2012","Wednesday","Motorist Overtaking Bicyclist",20,"Intersection-Related","April","O: No Injury",75420,"Motorist Overtaking - Other / Unknown",2012,"No","No","Dark - Roadway Not Lighted","Straight - Level","Local Street","Wet","Two-Way, Divided, Unprotected Median","None","No Special Feature","Smooth Asphalt",0,0,0,0,0,0,0,"2 lanes",2,0,NA,0,NA
383,1934,"Wilmington","New Hanover","Coastal","Commercial","Urban (>70% Developed)",NA,"Urban","40 - 45  MPH","No Control Present","Clear","No",57,"50-59","No",NA,"With Traffic","B: Evident Injury","Bike Lane / Paved Shoulder","White","Male",34,"30-39","No",NA,"16-20 mph","O: No Injury","White","Male","Passenger Car","No","29MAR2012","Thursday","Motorist Failed to Yield - Midblock",18,"Non-Intersection","March","B: Evident Injury",66720,"Motorist Drive Out - Commercial Driveway / Alley",2012,"Yes","No","Daylight","Straight - Level","Local Street","Dry","Two-Way, Not Divided","None","No Special Feature","Smooth Asphalt",0,0,0,0,0,0,0,"3 lanes",2,0,NA,0,NA
384,1925,"Durham","Durham","Piedmont","Residential","Urban (>70% Developed)",NA,"Urban","30 - 35  MPH","No Control Present","Clear","No",11,"11-15","No",NA,"With Traffic","C: Possible Injury","Travel Lane","Black","Male",27,"25-29","No",NA,"11-15 mph","O: No Injury","Black","Male","Passenger Car","No","16APR2012","Monday","Bicyclist Failed to Yield - Signalized Intersection",17,"Intersection","April","C: Possible Injury",62460,"Bicyclist Failed to Clear - Trapped",2012,"Yes","No","Daylight","Straight - Level","Local Street","Dry","Two-Way, Divided, Unprotected Median","None","No Special Feature","Coarse Asphalt",0,0,0,0,0,0,0,"2 lanes",2,0,NA,0,NA
385,1937,"Kinston","Lenoir","Coastal","Residential","Urban (>70% Developed)",NA,"Urban","30 - 35  MPH","Stop And Go Signal","Clear","No",42,"40-49","No",NA,"With Traffic","B: Evident Injury","Travel Lane","Black","Male",NA,NA,"Missing",NA,"31-35 mph","Unknown Injury","Unknown/Missing",NA,"Passenger Car","No","20APR2012","Friday","Motorist Overtaking Bicyclist",20,"Intersection","April","B: Evident Injury",72000,"Motorist Overtaking - Misjudged Space",2012,"No","Yes","Dark - Lighted Roadway","Straight - Level","Local Street","Dry","Two-Way, Not Divided","None","T-Intersection","Coarse Asphalt",0,0,0,0,0,0,0,"4 lanes",2,0,NA,0,NA
386,1954,"Morehead City","Carteret","Coastal","Commercial","Urban (>70% Developed)",NA,"Urban","30 - 35  MPH","No Control Present","Clear","No",13,"11-15","No",NA,"With Traffic","C: Possible Injury","Travel Lane","White","Female",43,"40-49","No",NA,"31-35 mph","O: No Injury","White","Female","Passenger Car","No","12APR2012","Thursday","Crossing Paths - Other Circumstances",16,"Intersection","April","C: Possible Injury",58560,"Crossing Paths - Intersection - Other / Unknown",2012,"Yes","No","Other","Straight - Level","Local Street","Dry","Two-Way, Divided, Unprotected Median","None","T-Intersection","Coarse Asphalt",0,0,0,0,0,0,0,"4 lanes",3,0,NA,0,NA
387,1926,"None - Rural Crash","Davie","Piedmont","Farms, Woods, Pastures","Rural (<30% Developed)",NA,"Rural","40 - 45  MPH","Stop Sign","Clear","No",12,"11-15","No",NA,"With Traffic","B: Evident Injury","Travel Lane","White","Male",NA,"70+","No",NA,"41-45 mph","O: No Injury","White","Male","Van","No","14APR2012","Saturday","Bicyclist Failed to Yield - Sign-Controlled Intersection",11,"Intersection","April","B: Evident Injury",41640,"Bicyclist Ride Through - Sign-Controlled Intersection",2012,"Yes","No","Daylight","Curve - Level","US Route","Dry","Two-Way, Not Divided","None","T-Intersection","Smooth Asphalt",0,0,0,0,0,0,0,"2 lanes",2,0,NA,0,NA
388,1963,"Raleigh","Wake","Piedmont","Residential","Urban (>70% Developed)",NA,"Urban","30 - 35  MPH","No Control Present","Clear","No",49,"40-49","No",NA,"Not Applicable","B: Evident Injury","Travel Lane","Black","Male",28,"25-29","No",NA,"31-35 mph","O: No Injury","Hispanic","Female","Passenger Car","No","16APR2012","Monday","Bicyclist Failed to Yield - Midblock",4,"Non-Intersection","April","B: Evident Injury",15840,"Bicyclist Ride Out - Midblock - Unknown",2012,"No","No","Daylight","Straight - Level","Local Street","Dry","One-Way, Not Divided","None","No Special Feature","Smooth Asphalt",0,0,0,0,0,0,0,"3 lanes",2,0,NA,0,NA
389,1927,"High Point","Guilford","Piedmont","Commercial","Urban (>70% Developed)",NA,"Urban","30 - 35  MPH","No Control Present","Cloudy","No",NA,"70+","No",NA,"With Traffic","B: Evident Injury","Travel Lane","White","Male",42,"40-49","No",NA,"31-35 mph","O: No Injury","White","Female","Sport Utility","No","03APR2012","Tuesday","Bicyclist Left Turn / Merge",9,"Non-Intersection","April","B: Evident Injury",33480,"Bicyclist Left Turn - Same Direction",2012,"Yes","No","Daylight","Straight - Level","Local Street","Dry","Two-Way, Not Divided","None","No Special Feature","Coarse Asphalt",0,0,0,0,0,0,0,"4 lanes",2,0,NA,0,NA
390,1932,"Wilmington","New Hanover","Coastal","Commercial","Urban (>70% Developed)",NA,"Urban","40 - 45  MPH","Stop And Go Signal","Clear","No",43,"40-49","No",NA,NA,"C: Possible Injury",NA,"White","Female",56,"50-59","No",NA,"0-5 mph","O: No Injury","White","Female","Sport Utility","No","29MAR2012","Thursday","Other / Unknown - Insufficient Details",17,"Intersection-Related","March","C: Possible Injury",63720,"Unknown Approach Paths",2012,"No","No","Daylight","Straight - Level","NC Route","Dry","Two-Way, Not Divided","None","No Special Feature","Coarse Asphalt",0,0,0,0,0,0,0,"6 lanes",2,0,NA,0,NA
391,1938,"Durham","Durham","Piedmont","Commercial","Urban (>70% Developed)",NA,"Urban","30 - 35  MPH","Stop And Go Signal","Clear","No",19,"16-19","No",NA,"With Traffic","C: Possible Injury","Travel Lane","Black","Male",36,"30-39","No",NA,"0-5 mph","O: No Injury","White","Male","Passenger Car","No","20APR2012","Friday","Motorist Right Turn / Merge",17,"Intersection","April","C: Possible Injury",64260,"Motorist Right Turn - Same Direction",2012,"Yes","No","Daylight","Straight - Level","Local Street","Dry","Two-Way, Not Divided","None","No Special Feature","Coarse Asphalt",0,0,0,0,0,0,0,"4 lanes",2,0,NA,0,NA
392,1910,"None - Rural Crash","Guilford","Piedmont","Residential","Urban (>70% Developed)",NA,"Rural","5 - 15 MPH","Stop And Go Signal","Clear","No",30,"30-39","No",NA,"Facing Traffic","C: Possible Injury","Sidewalk / Crosswalk / Driveway Crossing","Black","Male",40,"40-49","No",NA,"0-5 mph","O: No Injury","Black","Female","Sport Utility","No","27MAR2012","Tuesday","Bicyclist Failed to Yield - Signalized Intersection",17,"Intersection","March","C: Possible Injury",61500,"Bicyclist Ride Through - Signalized Intersection",2012,"Yes","No","Daylight","Straight - Level","Local Street","Dry","Two-Way, Divided, Unprotected Median","None","Four-Way Intersection","Smooth Asphalt",0,0,0,0,0,0,0,"8 lanes",2,0,NA,0,NA
393,1898,"None - Rural Crash","Avery","Mountains","Residential","Mixed (30% To 70% Developed)",NA,"Rural","30 - 35  MPH","Double Yellow Line, No Passing Zone","Clear","No",14,"11-15","No",NA,"Not Applicable","C: Possible Injury","Non-Roadway","White","Male",57,"50-59","No",NA,"31-35 mph","O: No Injury","White","Female","Passenger Car","No","04APR2012","Wednesday","Bicyclist Failed to Yield - Midblock",18,"Non-Intersection","April","C: Possible Injury",68340,"Bicyclist Ride Out - Commercial Driveway / Alley",2012,"No","No","Daylight","Straight - Level","NC Route","Dry","Two-Way, Not Divided","None","No Special Feature","Smooth Asphalt",0,0,0,0,0,0,0,"2 lanes",2,0,NA,0,NA
394,1894,"None - Rural Crash","Buncombe","Mountains","Farms, Woods, Pastures","Rural (<30% Developed)",NA,"Rural","30 - 35  MPH","Double Yellow Line, No Passing Zone","Clear","No",19,"16-19","No",NA,"With Traffic","B: Evident Injury","Travel Lane","White","Male",36,"30-39","No",NA,"26-30 mph","O: No Injury","White","Female","Passenger Car","No","31MAR2012","Saturday","Bicyclist Left Turn / Merge",17,"Non-Intersection","March","B: Evident Injury",64500,"Bicyclist Left Turn - Same Direction",2012,"Yes","No","Daylight","Straight - Level","State Secondary Route","Dry","Two-Way, Not Divided","None","No Special Feature","Coarse Asphalt",0,0,0,0,0,0,0,"2 lanes",2,0,NA,0,NA
395,1882,"None - Rural Crash","Beaufort","Coastal","Residential","Rural (<30% Developed)",NA,"Rural","40 - 45  MPH","Double Yellow Line, No Passing Zone","Clear","No",14,"11-15","No",NA,"Not Applicable","C: Possible Injury","Non-Roadway","Hispanic","Male",60,"60-69","No",NA,"31-35 mph","O: No Injury","White","Male","Pickup","No","03APR2012","Tuesday","Bicyclist Failed to Yield - Midblock",23,"Non-Intersection","April","C: Possible Injury",83580,"Bicyclist Ride Out - Midblock - Unknown",2012,"Yes","No","Daylight","Straight - Level","State Secondary Route","Dry","Two-Way, Not Divided","None","No Special Feature","Coarse Asphalt",0,0,0,0,0,0,0,"2 lanes",2,0,NA,0,NA
396,1888,"Jacksonville","Onslow","Coastal","Residential","Urban (>70% Developed)",NA,"Urban","20 - 25  MPH","Stop Sign","Clear","No",20,"20-24","No",NA,"With Traffic","C: Possible Injury","Travel Lane","White","Male",61,"60-69","No",NA,"0-5 mph","O: No Injury","Black","Male","School Bus","No","28FEB2012","Tuesday","Motorist Failed to Yield - Sign-Controlled Intersection",6,"Intersection","February","C: Possible Injury",24780,"Motorist Drive Out - Sign-Controlled Intersection",2012,"Yes","No","Daylight","Straight - Level","Local Street","Dry","Two-Way, Divided, Unprotected Median","None","No Special Feature","Smooth Asphalt",0,0,0,0,0,0,0,"2 lanes",2,0,NA,0,NA
397,1878,"Durham","Durham","Piedmont","Residential","Urban (>70% Developed)",NA,"Urban","30 - 35  MPH","Stop Sign","Clear","No",29,"25-29","No",NA,"Facing Traffic","C: Possible Injury","Travel Lane","Black","Male",65,"60-69","No",NA,"0-5 mph","O: No Injury","White","Male","Sport Utility","No","28MAR2012","Wednesday","Motorist Failed to Yield - Sign-Controlled Intersection",17,"Intersection","March","C: Possible Injury",63000,"Motorist Drive Out - Sign-Controlled Intersection",2012,"Yes","No","Daylight","Straight - Level","Local Street","Dry","Two-Way, Divided, Unprotected Median","None","No Special Feature","Smooth Asphalt",0,0,0,0,0,0,0,"2 lanes",2,0,NA,0,NA
398,1908,"None - Rural Crash","Wake","Piedmont","Farms, Woods, Pastures","Rural (<30% Developed)",NA,"Rural","40 - 45  MPH","No Control Present","Clear","No",52,"50-59","No",NA,"With Traffic","C: Possible Injury","Travel Lane","White","Male",40,"40-49","No",NA,"41-45 mph","O: No Injury","White","Male","Pickup","No","12APR2012","Thursday","Motorist Overtaking Bicyclist",19,"Non-Intersection","April","C: Possible Injury",69900,"Motorist Overtaking - Other / Unknown",2012,"Yes","No","Daylight","Curve - Level","State Secondary Route","Dry","Two-Way, Not Divided","None","No Special Feature","Smooth Asphalt",0,0,0,0,0,0,0,"4 lanes",2,0,NA,0,NA
399,1893,"Greensboro","Guilford","Piedmont","Commercial","Urban (>70% Developed)",NA,"Urban","30 - 35  MPH","Stop And Go Signal","Clear","No",37,"30-39","No",NA,"Not Applicable","B: Evident Injury","Non-Roadway","White","Male",32,"30-39","No",NA,"0-5 mph","O: No Injury","White","Female","Passenger Car","No","23MAR2012","Friday","Crossing Paths - Other Circumstances",7,"Intersection-Related","March","B: Evident Injury",28320,"Crossing Paths - Uncontrolled Intersection",2012,"Yes","No","Daylight","Straight - Grade","Local Street","Dry","Two-Way, Not Divided","None","Four-Way Intersection","Smooth Asphalt",0,0,0,0,0,0,0,"4 lanes",2,0,NA,0,NA
400,1902,"Clinton","Sampson","Coastal","Residential","Urban (>70% Developed)",NA,"Urban","30 - 35  MPH","No Control Present","Clear","No",6,"6-10","No",NA,"Not Applicable","B: Evident Injury","Driveway / Alley","Black","Male",63,"60-69","Yes",NA,"21-25 mph","O: No Injury","Black","Male","Pickup","Yes","11APR2012","Wednesday","Bicyclist Failed to Yield - Midblock",14,"Non-Intersection","April","B: Evident Injury",52740,"Bicyclist Ride Out - Residential Driveway",2012,"Yes","No","Daylight","Straight - Grade","Local Street","Dry","Two-Way, Not Divided","None","No Special Feature","Smooth Asphalt",0,0,0,0,0,0,0,"2 lanes",2,0,NA,0,NA
401,1209,"Clinton","Sampson","Coastal","Commercial","Urban (>70% Developed)","SUNSET AVE","Urban","30 - 35  MPH","No Control Present","Clear","No",44,"40-49","No",NA,"Facing Traffic","B: Evident Injury","Travel Lane","Black","Male",34,"30-39","No",NA,"6-10 mph","O: No Injury","White","Male","Passenger Car","No","28JUN2013","Friday","Motorist Failed to Yield - Midblock",13,"Non-Intersection","June","B: Evident Injury",46980,"Motorist Drive Out - Commercial Driveway / Alley",2013,"Yes","No","Daylight","Straight - Level","Local Street","Dry","Two-Way, Divided, Unprotected Median","None","Driveway, Public","Smooth Asphalt",0,0,0,0,0,0,0,"4 lanes",2,0,NA,0,NA
402,1211,"Greenville","Pitt","Coastal","Commercial","Urban (>70% Developed)","14TH ST","Urban","30 - 35  MPH","No Control Present","Clear","No",51,"50-59","No",NA,"With Traffic","B: Evident Injury","Travel Lane","White","Male",36,"30-39","No",NA,"0-5 mph","O: No Injury","White","Male","Sport Utility","No","21JUN2013","Friday","Motorist Failed to Yield - Sign-Controlled Intersection",8,"Intersection","June","B: Evident Injury",32220,"Motorist Drive Out - Sign-Controlled Intersection",2013,"Yes","No","Daylight","Straight - Grade","Local Street","Dry","Two-Way, Not Divided","None","Four-Way Intersection","Coarse Asphalt",0,0,0,0,0,0,0,"4 lanes",2,0,NA,0,NA