"...1","object_id","city","county","region","development","locality","on_road","rural_urban","speed_limit","traffic_control","weather","workzone","bike_age","bike_age_group","bike_alcohol","bike_alcohol_drugs","bike_direction","bike_injury","bike_position","bike_race","bike_sex","driver_age","driver_age_group","driver_alcohol","driver_alcohol_drugs","driver_est_speed","driver_injury","driver_race","driver_sex","driver_vehicle_type","crash_alcohol","crash_date","crash_day","crash_group","crash_hour","crash_location","crash_month","crash_severity","crash_time","crash_type","crash_year","ambulance_req","hit_run","light_condition","road_character","road_class","road_condition","road_configuration","road_defects","road_feature","road_surface","num_bikes_ai","num_bikes_bi","num_bikes_ci","num_bikes_ki","num_bikes_no","num_bikes_to","num_bikes_ui","num_lanes","num_units","distance_mi_from","frm_road","rte_invd_cd","towrd_road"
403,1213,"Wilmington","New Hanover","Coastal","Commercial","Urban (>70% Developed)","MARKET ST","Urban","40 - 45  MPH","Stop Sign","Clear","No",58,"50-59","No",NA,"Facing Traffic","C: Possible Injury","Travel Lane","White","Male",33,"30-39","No",NA,NA,"O: No Injury","White","Male","Pickup","No","14JUN2013","Friday","Motorist Failed to Yield - Midblock",12,"Non-Intersection","June","C: Possible Injury",44940,"Motorist Drive Out - Commercial Driveway / Alley",2013,"No","No","Daylight","Straight - Level","Local Street","Dry","Two-Way, Not Divided","None","T-Intersection","Smooth Asphalt",0,0,0,0,0,0,0,"5 lanes",2,0,NA,0,NA
404,1215,"Mooresville","Iredell","Piedmont","Commercial","Urban (>70% Developed)","COLLEGE ST","Urban","30 - 35  MPH","No Control Present","Clear","No",18,"16-19","No",NA,"Facing Traffic","C: Possible Injury","Bike Lane / Paved Shoulder","White","Male",16,"0-19","No",NA,"6-10 mph","O: No Injury","White","Male","Passenger Car","No","08JUN2013","Saturday","Motorist Left Turn / Merge",23,"Intersection","June","C: Possible Injury",83400,"Motorist Left Turn - Opposite Direction",2013,"Yes","No","Dark - Lighted Roadway","Straight - Grade","Local Street","Dry","Two-Way, Not Divided","None","No Special Feature","Coarse Asphalt",0,0,0,0,0,0,0,"2 lanes",2,0,NA,0,NA
405,1219,"None - Rural Crash","Craven","Coastal","Residential","Rural (<30% Developed)","SR 1110","Rural","50 - 55  MPH","No Control Present","Clear","No",66,"60-69","No",NA,"With Traffic","O: No Injury","Travel Lane","White","Male",56,"50-59","No",NA,"11-15 mph","O: No Injury","Black","Male","Passenger Car","No","02JUL2013","Tuesday","Backing Vehicle",11,"Non-Intersection","July","O: No Injury",41280,"Backing Vehicle",2013,"No","No","Daylight","Straight - Level","State Secondary Route","Dry","Two-Way, Not Divided","None","No Special Feature","Coarse Asphalt",0,0,0,0,0,0,0,"2 lanes",2,0,NA,0,NA
406,1221,"None - Rural Crash","Hoke","Coastal","Farms, Woods, Pastures","Rural (<30% Developed)","SR 1422","Rural","50 - 55  MPH","Double Yellow Line, No Passing Zone","Clear","No",8,"6-10","No",NA,"Not Applicable","B: Evident Injury","Driveway / Alley","Black","Male",42,"40-49","No",NA,"41-45 mph","O: No Injury","White","Female","Passenger Car","No","04JUL2013","Thursday","Bicyclist Failed to Yield - Midblock",14,"Non-Intersection","July","B: Evident Injury",52020,"Bicyclist Ride Out - Residential Driveway",2013,"Yes","No","Daylight","Curve - Level","State Secondary Route","Dry","Two-Way, Not Divided","None","Driveway, Private","Coarse Asphalt",0,0,0,0,0,0,0,"2 lanes",2,0,NA,0,NA
407,1224,"None - Rural Crash","Guilford","Piedmont","Residential","Rural (<30% Developed)","SR 1008","Rural","40 - 45  MPH","Double Yellow Line, No Passing Zone","Cloudy","No",40,"40-49","No",NA,"With Traffic","C: Possible Injury","Travel Lane","Black","Male",NA,NA,"No",NA,"41-45 mph","Unknown Injury","Unknown/Missing",NA,"Passenger Car","No","02JUL2013","Tuesday","Motorist Overtaking Bicyclist",5,"Non-Intersection","July","C: Possible Injury",19380,"Motorist Overtaking - Other / Unknown",2013,"Yes","Yes","Dark - Roadway Not Lighted","Straight - Level","State Secondary Route","Dry","Two-Way, Not Divided","None","No Special Feature","Coarse Asphalt",0,0,0,0,0,0,0,"2 lanes",2,0,NA,0,NA
408,1229,"Charlotte","Mecklenburg","Piedmont","Residential","Urban (>70% Developed)","WEST BOULEVARD","Urban","40 - 45  MPH","No Control Present","Clear","No",57,"50-59","No",NA,"With Traffic","B: Evident Injury","Sidewalk / Crosswalk / Driveway Crossing","Black","Male",48,"40-49","No",NA,"36-40 mph","O: No Injury","Hispanic","Male","Pickup","No","06JUL2013","Saturday","Parallel Paths - Other Circumstances",15,"Non-Intersection","July","B: Evident Injury",54240,"Bicyclist Ride Out - Parallel Path",2013,"Yes","No","Daylight","Straight - Level","Local Street","Dry","Two-Way, Divided, Unprotected Median","None","No Special Feature","Smooth Asphalt",0,0,0,0,0,0,0,"4 lanes",2,0,NA,0,NA
409,1235,"Monroe","Union","Piedmont","Residential","Mixed (30% To 70% Developed)","GREEN ST","Urban","20 - 25  MPH","Stop Sign","Clear","No",19,"16-19","No",NA,"With Traffic","C: Possible Injury","Travel Lane","Black","Male",20,"20-24","No",NA,"16-20 mph","O: No Injury","Black","Female","Passenger Car","No","07JUN2013","Friday","Bicyclist Failed to Yield - Sign-Controlled Intersection",19,"Intersection","June","C: Possible Injury",70320,"Bicyclist Ride Out - Sign-Controlled Intersection",2013,"Yes","No","Daylight","Straight - Hillcrest","Local Street","Dry","Two-Way, Not Divided","None","Four-Way Intersection","Smooth Asphalt",0,0,0,0,0,0,0,"1 lane",2,0,NA,0,NA
410,1244,"Durham","Durham","Piedmont","Residential","Urban (>70% Developed)","HILLANDALE RD","Urban","30 - 35  MPH","No Control Present","Clear","No",36,"30-39","No",NA,"With Traffic","K: Killed","Travel Lane","White","Male",27,"25-29","No",NA,"31-35 mph","O: No Injury","Black","Male","Passenger Car","No","10JUL2013","Wednesday","Motorist Overtaking Bicyclist",15,"Non-Intersection","July","K: Killed",57180,"Motorist Overtaking - Other / Unknown",2013,"Yes","Yes","Dark - Roadway Not Lighted","Straight - Level","Local Street","Dry","Two-Way, Not Divided","None","No Special Feature","Smooth Asphalt",0,0,0,0,0,0,0,"2 lanes",2,0,NA,0,NA
411,1248,"Charlotte","Mecklenburg","Piedmont","Commercial","Urban (>70% Developed)","COLONY ROAD","Urban","30 - 35  MPH","Stop Sign","Cloudy","No",69,"60-69","Missing",NA,"With Traffic","B: Evident Injury","Travel Lane","White","Male",52,"50-59","No",NA,"0-5 mph","O: No Injury","White","Male","Sport Utility","No","08JUL2013","Monday","Motorist Failed to Yield - Midblock",18,"Non-Intersection","July","B: Evident Injury",66600,"Motorist Drive Out - Commercial Driveway / Alley",2013,"Yes","No","Dark - Lighted Roadway","Straight - Level","Local Street","Dry","Two-Way, Divided, Unprotected Median","None","Four-Way Intersection","Smooth Asphalt",0,0,0,0,0,0,0,"1 lane",2,0,NA,0,NA
412,1255,"None - Rural Crash","Stokes","Piedmont","Residential","Mixed (30% To 70% Developed)","SR 1127","Rural","40 - 45  MPH","Double Yellow Line, No Passing Zone","Cloudy","No",56,"50-59","No",NA,"With Traffic","C: Possible Injury","Travel Lane","Hispanic","Male",NA,"70+","No",NA,"31-35 mph","O: No Injury","White","Male","Pickup","No","07JUL2013","Sunday","Motorist Overtaking Bicyclist",19,"Non-Intersection","July","C: Possible Injury",70200,"Motorist Overtaking - Misjudged Space",2013,"Yes","No","Daylight","Straight - Level","State Secondary Route","Dry","Two-Way, Not Divided","None","No Special Feature","Smooth Asphalt",0,0,0,0,0,0,0,"2 lanes",2,0,NA,0,NA
413,1257,"Durham","Durham","Piedmont","Commercial","Urban (>70% Developed)","PVA 6000 FAYETTEVILLE ST","Urban","5 - 15 MPH","Stop Sign","Clear","No",24,"20-24","No",NA,"With Traffic","C: Possible Injury","Sidewalk / Crosswalk / Driveway Crossing","White","Male",44,"40-49","No",NA,"6-10 mph","O: No Injury","Black","Male","Passenger Car","No","15JUL2013","Monday","Motorist Failed to Yield - Midblock",20,"Non-Intersection","July","C: Possible Injury",73260,"Motorist Drive Out - Commercial Driveway / Alley",2013,"Yes","No","Dusk","Straight - Level","Public Vehicular Area","Dry","Two-Way, Not Divided","None","No Special Feature","Smooth Asphalt",0,0,0,0,0,0,0,NA,2,0,NA,0,NA
414,1259,"Hickory","Catawba","Piedmont","Residential","Urban (>70% Developed)","8TH ST NE","Urban","30 - 35  MPH","Stop Sign","Clear","No",19,"16-19","No",NA,"Facing Traffic","C: Possible Injury","Sidewalk / Crosswalk / Driveway Crossing","White","Male",NA,"70+","No",NA,"0-5 mph","O: No Injury","White","Male","Passenger Car","No","22JUN2013","Saturday","Motorist Failed to Yield - Sign-Controlled Intersection",16,"Intersection","June","C: Possible Injury",60420,"Motorist Drive Out - Sign-Controlled Intersection",2013,"Yes","No","Daylight","Straight - Level","Local Street","Dry","One-Way, Not Divided","None","Four-Way Intersection","Smooth Asphalt",0,0,0,0,0,0,0,"2 lanes",2,0,NA,0,NA
415,1267,"Charlotte","Mecklenburg","Piedmont","Residential","Urban (>70% Developed)","PLAZA RD EXT","Urban","40 - 45  MPH","No Control Present","Clear","No",16,"16-19","No",NA,"Facing Traffic","B: Evident Injury","Other","Black","Male",NA,NA,"Missing",NA,"41-45 mph","Unknown Injury","Unknown/Missing",NA,NA,"No","18JUL2013","Thursday","Loss of Control / Turning Error",21,"Non-Intersection","July","B: Evident Injury",77940,"Motorist Lost Control - Other / Unknown",2013,"No","Yes","Dark - Roadway Not Lighted","Straight - Level","Local Street","Dry","Two-Way, Not Divided","None","No Special Feature","Smooth Asphalt",0,0,0,0,0,0,0,"2 lanes",2,0,NA,0,NA
416,1274,"Asheville","Buncombe","Mountains","Commercial","Urban (>70% Developed)","BILTMORE AVE","Urban","30 - 35  MPH","Stop And Go Signal","Rain","No",24,"20-24","No",NA,"With Traffic","O: No Injury","Travel Lane","White","Male",NA,NA,"Missing",NA,"0-5 mph","Unknown Injury","Unknown/Missing",NA,"Passenger Car","No","01JUL2013","Monday","Motorist Overtaking Bicyclist",19,"Intersection","July","O: No Injury",69900,"Motorist Overtaking - Other / Unknown",2013,"No","Yes","Daylight","Straight - Level","US Route","Wet","Two-Way, Not Divided","None","Four-Way Intersection","Smooth Asphalt",0,0,0,0,0,0,0,"4 lanes",2,0,NA,0,NA
417,1275,"Greenville","Pitt","Coastal","Commercial","Urban (>70% Developed)","ARLINGTON BLVD SIDEWAL","Urban","5 - 15 MPH","Stop Sign","Clear","No",43,"40-49","No",NA,"Facing Traffic","O: No Injury","Sidewalk / Crosswalk / Driveway Crossing","Black","Male",60,"60-69","No",NA,"0-5 mph","O: No Injury","White","Female","Sport Utility","No","22JUL2013","Monday","Motorist Failed to Yield - Sign-Controlled Intersection",11,"Intersection","July","O: No Injury",42600,"Motorist Drive Out - Sign-Controlled Intersection",2013,"Yes","No","Daylight","Straight - Level","Local Street","Dry","Two-Way, Not Divided","None","No Special Feature","Coarse Asphalt",0,0,0,0,0,0,0,"2 lanes",2,0,NA,0,NA
418,1283,"Nags Head","Dare","Coastal","Residential","Rural (<30% Developed)","US 158","Rural","50 - 55  MPH","Stop And Go Signal","Clear","No",17,"16-19","No",NA,"With Traffic","B: Evident Injury","Travel Lane","White","Male",30,"30-39","No",NA,"36-40 mph","O: No Injury","White","Female","Sport Utility","No","14JUN2013","Friday","Bicyclist Failed to Yield - Signalized Intersection",20,"Intersection","June","B: Evident Injury",72720,"Bicyclist Ride Out - Signalized  Intersection",2013,"No","No","Daylight","Straight - Level","US Route","Dry","Two-Way, Not Divided","None","Four-Way Intersection","Smooth Asphalt",0,0,0,0,0,0,0,"5 lanes",2,0,NA,0,NA
419,1285,"Raleigh","Wake","Piedmont","Residential","Rural (<30% Developed)","SUMMERKINGS COURT","Urban","20 - 25  MPH","No Control Present","Clear","No",16,"16-19","No",NA,"With Traffic","O: No Injury","Travel Lane","Black","Male",43,"40-49","No",NA,"0-5 mph","O: No Injury","Black","Female","Van","No","24JUL2013","Wednesday","Bicyclist Overtaking Motorist",17,"Intersection-Related","July","O: No Injury",63000,"Bicyclist Overtaking - Other / Unknown",2013,"No","No","Daylight","Straight - Level","Local Street","Dry","Two-Way, Not Divided","None","No Special Feature","Coarse Asphalt",0,0,0,0,0,0,0,"2 lanes",2,0,NA,0,NA
420,1293,"Raleigh","Wake","Piedmont","Commercial","Urban (>70% Developed)","PVA 1100 N RALEIGH BLVD","Urban","5 - 15 MPH","No Control Present","Clear","No",48,"40-49","No",NA,"Not Applicable","C: Possible Injury","Non-Roadway","Black","Male",43,"40-49","No",NA,"6-10 mph","O: No Injury","White","Male","Pickup","No","26JUL2013","Friday","Non-Roadway",16,"Non-Roadway","July","C: Possible Injury",59820,"Non-Roadway",2013,"Yes","No","Daylight","Straight - Level","Public Vehicular Area","Dry","Two-Way, Not Divided","None","No Special Feature","Coarse Asphalt",0,0,0,0,0,0,0,NA,2,0,NA,0,NA
421,1297,"Charlotte","Mecklenburg","Piedmont","Residential","Urban (>70% Developed)","SHAMROCK DR","Urban","30 - 35  MPH","No Control Present","Clear","No",16,"16-19","No",NA,"With Traffic","C: Possible Injury","Travel Lane","Black","Male",38,"30-39","No",NA,"31-35 mph","Unknown Injury","Black","Male","Passenger Car","No","15JUL2013","Monday","Motorist Overtaking Bicyclist",20,"Non-Intersection","July","C: Possible Injury",75300,"Motorist Overtaking - Bicyclist Swerved",2013,"Yes","No","Dusk","Straight - Grade","Local Street","Dry","Two-Way, Not Divided","None","No Special Feature","Coarse Asphalt",0,0,0,0,0,0,0,"4 lanes",2,0,NA,0,NA
422,1312,"Greensboro","Guilford","Piedmont","Residential","Urban (>70% Developed)","TURNER GROVE DR SOUTH","Urban","30 - 35  MPH","No Control Present","Rain","No",54,"50-59","No",NA,"Facing Traffic","B: Evident Injury","Driveway / Alley","White","Female",58,"50-59","No",NA,"16-20 mph","O: No Injury","White","Male","Passenger Car","No","21JUL2013","Sunday","Bicyclist Failed to Yield - Midblock",17,"Non-Intersection","July","B: Evident Injury",63360,"Bicyclist Ride Out - Residential Driveway",2013,"Yes","No","Daylight","Straight - Grade","Local Street","Wet","Two-Way, Not Divided","None","T-Intersection","Smooth Asphalt",0,0,0,0,0,0,0,"2 lanes",2,0,NA,0,NA
423,1317,"Durham","Durham","Piedmont","Residential","Urban (>70% Developed)","IDA ST","Urban","30 - 35  MPH","Stop Sign","Clear","No",20,"20-24","No",NA,"Facing Traffic","B: Evident Injury","Travel Lane","Black","Female",20,"20-24","No",NA,"6-10 mph","O: No Injury","Hispanic","Male","Passenger Car","No","27JUL2013","Saturday","Motorist Failed to Yield - Sign-Controlled Intersection",9,"Intersection","July","B: Evident Injury",34320,"Motorist Drive Out - Sign-Controlled Intersection",2013,"Yes","No","Daylight","Straight - Grade","Local Street","Dry","Two-Way, Not Divided","None","No Special Feature","Smooth Asphalt",0,0,0,0,0,0,0,"7 lanes",2,0,NA,0,NA
424,1321,"Raleigh","Wake","Piedmont","Residential","Mixed (30% To 70% Developed)","PVA 1800 GENERATION DR","Urban","5 - 15 MPH","No Control Present","Clear","No",13,"11-15","No",NA,"Not Applicable","C: Possible Injury","Non-Roadway","Hispanic","Male",NA,NA,"Missing",NA,"0-5 mph","Unknown Injury","Unknown/Missing",NA,"Passenger Car","No","02AUG2013","Friday","Non-Roadway",16,"Non-Roadway","August","C: Possible Injury",60900,"Non-Roadway",2013,"No","Yes","Daylight","Straight - Level","Public Vehicular Area","Dry","Two-Way, Not Divided","None","No Special Feature","Smooth Asphalt",0,0,0,0,0,0,0,NA,2,0,NA,0,NA
425,1323,"Goldsboro","Wayne","Coastal","Residential","Mixed (30% To 70% Developed)","ROYALL AVE","Urban","40 - 45  MPH","No Control Present","Clear","No",45,"40-49","No",NA,"With Traffic","B: Evident Injury","Bike Lane / Paved Shoulder","Black","Male",58,"50-59","No",NA,"41-45 mph","O: No Injury","Black","Female","Sport Utility","No","19JUL2013","Friday","Motorist Overtaking Bicyclist",23,"Non-Intersection","July","B: Evident Injury",83520,"Motorist Overtaking - Undetected Bicyclist",2013,"Yes","No","Dark - Lighted Roadway","Straight - Level","Local Street","Dry","Two-Way, Not Divided","None","No Special Feature","Coarse Asphalt",0,0,0,0,0,0,0,"2 lanes",2,0,NA,0,NA
426,1326,"None - Rural Crash","Yadkin","Mountains","Farms, Woods, Pastures","Rural (<30% Developed)","US 421","Rural","60 - 75 MPH","No Control Present","Clear","No",32,"30-39","No",NA,"With Traffic","C: Possible Injury","Travel Lane","White","Male",60,"60-69","No",NA,"61-65 mph","O: No Injury","White","Male","Pickup","No","06AUG2013","Tuesday","Motorist Overtaking Bicyclist",18,"Non-Intersection","August","C: Possible Injury",65580,"Motorist Overtaking - Other / Unknown",2013,"Yes","No","Daylight","Straight - Level","US Route","Dry","Two-Way, Divided, Positive Median Barrier","None","No Special Feature","Smooth Asphalt",0,0,0,0,0,0,0,"4 lanes",2,0,NA,0,NA
427,1333,"Asheville","Buncombe","Mountains","Commercial","Urban (>70% Developed)","BILTMORE AVE","Urban","30 - 35  MPH","No Control Present","Cloudy","No",31,"30-39","No",NA,"With Traffic","B: Evident Injury","Travel Lane","White","Male",47,"40-49","Yes",NA,"36-40 mph","O: No Injury","White","Male","Motorcycle","Yes","19JUL2013","Friday","Motorist Overtaking Bicyclist",23,"Non-Intersection","July","B: Evident Injury",84900,"Motorist Overtaking - Bicyclist Swerved",2013,"Yes","No","Dark - Lighted Roadway","Straight - Level","Local Street","Dry","Two-Way, Not Divided","Work Zone","No Special Feature","Coarse Asphalt",0,0,0,0,0,0,0,"4 lanes",2,0,NA,0,NA
428,1334,"None - Rural Crash","Johnston","Coastal","Farms, Woods, Pastures","Rural (<30% Developed)","SR 1010","Rural","40 - 45  MPH","Double Yellow Line, No Passing Zone","Cloudy","No",38,"30-39","No",NA,"With Traffic","C: Possible Injury","Travel Lane","White","Female",58,"50-59","No",NA,"41-45 mph","O: No Injury","White","Male","Sport Utility","No","18JUL2013","Thursday","Motorist Overtaking Bicyclist",5,"Non-Intersection","July","C: Possible Injury",21000,"Motorist Overtaking - Other / Unknown",2013,"Yes","No","Dark - Roadway Not Lighted","Straight - Level","State Secondary Route","Wet","Two-Way, Not Divided","None","No Special Feature","Smooth Asphalt",0,0,0,0,0,0,0,"2 lanes",3,0,NA,0,NA
429,1335,"Charlotte","Mecklenburg","Piedmont","Commercial","Mixed (30% To 70% Developed)","FREEDOM DR","Urban","40 - 45  MPH","Stop And Go Signal","Clear","No",57,"50-59","No",NA,"Facing Traffic","C: Possible Injury","Travel Lane","Black","Male",31,"30-39","No",NA,"31-35 mph","O: No Injury","Asian","Male","Passenger Car","No","08AUG2013","Thursday","Bicyclist Failed to Yield - Midblock",13,"Non-Intersection","August","C: Possible Injury",50100,"Bicyclist Ride Out - Midblock - Unknown",2013,"No","No","Daylight","Straight - Level","Local Street","Dry","Two-Way, Divided, Positive Median Barrier","Road Surface Condition","No Special Feature","Smooth Asphalt",0,0,0,0,0,0,0,"4 lanes",2,0,NA,0,NA
430,1344,"Morganton","Burke","Mountains","Commercial","Urban (>70% Developed)","LENOIR RD","Urban","40 - 45  MPH","No Control Present","Cloudy","No",59,"50-59","No",NA,"With Traffic","C: Possible Injury","Travel Lane","White","Female",42,"40-49","No",NA,"41-45 mph","O: No Injury","Black","Female","Sport Utility","No","10JUL2013","Wednesday","Motorist Overtaking Bicyclist",13,"Non-Intersection","July","C: Possible Injury",48780,"Motorist Overtaking - Misjudged Space",2013,"Yes","No","Daylight","Straight - Hillcrest","Local Street","Dry","Two-Way, Not Divided","None","No Special Feature","Smooth Asphalt",0,0,0,0,0,0,0,"2 lanes",2,0,NA,0,NA
431,1348,"Carrboro","Orange","Piedmont","Residential","Mixed (30% To 70% Developed)","OLD FAYETTEVILLE RD","Urban","30 - 35  MPH","No Control Present","Clear","No",27,"25-29","No",NA,"With Traffic","B: Evident Injury","Bike Lane / Paved Shoulder","White","Female",NA,NA,"Missing",NA,"31-35 mph","Unknown Injury","Unknown/Missing",NA,NA,"No","01AUG2013","Thursday","Motorist Overtaking Bicyclist",22,"Non-Intersection","August","B: Evident Injury",79560,"Motorist Overtaking - Other / Unknown",2013,"Yes","Yes","Dark - Lighted Roadway","Straight - Level","Local Street","Dry","Two-Way, Not Divided","None","No Special Feature","Smooth Asphalt",0,0,0,0,0,0,0,"2 lanes",2,0,NA,0,NA
432,1349,"Albemarle","Stanly","Piedmont","Commercial","Urban (>70% Developed)","SALISBURY AVE","Urban","30 - 35  MPH","Stop And Go Signal","Clear","No",19,"16-19","No",NA,"Facing Traffic","C: Possible Injury","Travel Lane","White","Male",66,"60-69","No",NA,"16-20 mph","O: No Injury","White","Male","Passenger Car","No","02AUG2013","Friday","Crossing Paths - Other Circumstances",12,"Intersection","August","C: Possible Injury",43920,"Signalized Intersection - Other / Unknown",2013,"Yes","No","Daylight","Straight - Level","Local Street","Dry","Two-Way, Not Divided","None","Four-Way Intersection","Smooth Asphalt",0,0,0,0,0,0,0,"4 lanes",2,0,NA,0,NA
433,1360,"Raleigh","Wake","Piedmont","Residential","Urban (>70% Developed)","MLK","Urban","30 - 35  MPH","Stop And Go Signal","Cloudy","No",44,"40-49","No",NA,"Facing Traffic","C: Possible Injury","Travel Lane","Black","Male",NA,"70+","No",NA,"6-10 mph","O: No Injury","Black","Male","Passenger Car","No","16AUG2013","Friday","Motorist Right Turn / Merge",14,"Intersection-Related","August","C: Possible Injury",51720,"Motorist Right Turn - Opposite Direction",2013,"Yes","No","Daylight","Straight - Level","Local Street","Dry","Two-Way, Not Divided","None","Four-Way Intersection","Smooth Asphalt",0,0,0,0,0,0,0,"5 lanes",2,0,NA,0,NA
434,1361,"Fayetteville","Cumberland","Coastal","Commercial","Urban (>70% Developed)","RAEFORD RD","Urban","40 - 45  MPH","No Control Present","Clear","No",49,"40-49","No",NA,"Facing Traffic","C: Possible Injury","Travel Lane","Black","Male",22,"20-24","No",NA,"31-35 mph","O: No Injury","White","Male","Sport Utility","No","24JUL2013","Wednesday","Bicyclist Failed to Yield - Signalized Intersection",11,"Intersection-Related","July","C: Possible Injury",41940,"Bicyclist Ride Through - Signalized Intersection",2013,"Yes","No","Daylight","Straight - Level","Local Street","Dry","Two-Way, Divided, Unprotected Median","None","No Special Feature","Coarse Asphalt",0,0,0,0,0,0,0,"7 lanes",2,0,NA,0,NA
435,1367,"Pine Knoll Shores","Carteret","Coastal","Residential","Urban (>70% Developed)","NC 58","Rural","40 - 45  MPH","No Control Present","Clear","No",30,"30-39","No",NA,"With Traffic","O: No Injury","Bike Lane / Paved Shoulder","Unknown/Missing","Male",34,"30-39","No",NA,"41-45 mph","O: No Injury","Black","Female","Van","No","15JUN2013","Saturday","Motorist Right Turn / Merge",10,"Non-Intersection","June","O: No Injury",36720,"Motorist Right Turn - Same Direction",2013,"No","No","Daylight","Straight - Level","NC Route","Dry","Two-Way, Divided, Unprotected Median","None","Driveway, Public","Concrete",0,0,0,0,0,0,0,"2 lanes",2,0,NA,0,NA
436,1369,"Weldon","Halifax","Coastal","Residential","Urban (>70% Developed)","SYCAMORE STREET","Rural","20 - 25  MPH","Stop Sign","Clear","No",10,"6-10","No",NA,"With Traffic","C: Possible Injury","Travel Lane","Black","Female",69,"60-69","No",NA,"16-20 mph","O: No Injury","Black","Female","Van","No","06AUG2013","Tuesday","Bicyclist Failed to Yield - Sign-Controlled Intersection",16,"Intersection","August","C: Possible Injury",58740,"Bicyclist Ride Through - Sign-Controlled Intersection",2013,"Yes","No","Daylight","Straight - Level","Local Street","Dry","Two-Way, Not Divided","None","Four-Way Intersection","Smooth Asphalt",0,0,0,0,0,0,0,"2 lanes",2,0,NA,0,NA
437,1375,"None - Rural Crash","Onslow","Coastal","Farms, Woods, Pastures","Mixed (30% To 70% Developed)","US 17","Rural","40 - 45  MPH","Stop Sign","Clear","No",26,"25-29","No",NA,"Facing Traffic","B: Evident Injury","Bike Lane / Paved Shoulder","Black","Male",42,"40-49","No",NA,"0-5 mph","O: No Injury","White","Female","Pickup","No","21AUG2013","Wednesday","Motorist Failed to Yield - Sign-Controlled Intersection",16,"Intersection","August","B: Evident Injury",59400,"Motorist Drive Out - Sign-Controlled Intersection",2013,"No","No","Daylight","Straight - Level","US Route","Dry","Two-Way, Divided, Unprotected Median","None","T-Intersection","Smooth Asphalt",0,0,0,0,0,0,0,"4 lanes",2,0,NA,0,NA
438,1382,"None - Rural Crash","Currituck","Coastal","Residential","Mixed (30% To 70% Developed)","NC 12","Rural","40 - 45  MPH","No Control Present","Cloudy","No",41,"40-49","No",NA,"With Traffic","O: No Injury","Travel Lane","White","Male",29,"25-29","No",NA,"41-45 mph","O: No Injury","Hispanic","Male","Pickup","No","23AUG2013","Friday","Other / Unusual Circumstances",16,"Non-Intersection","August","O: No Injury",60840,"Unusual Circumstances",2013,"No","No","Daylight","Straight - Level","NC Route","Dry","Two-Way, Not Divided","None","No Special Feature","Smooth Asphalt",0,0,0,0,0,0,0,"2 lanes",2,0,NA,0,NA
439,1415,"Duck","Dare","Coastal","Residential","Mixed (30% To 70% Developed)","DUCK RD","Rural","30 - 35  MPH","No Control Present","Clear","No",14,"11-15","No",NA,"Facing Traffic","C: Possible Injury","Multi-use Path","White","Female",31,"30-39","No",NA,"0-5 mph","O: No Injury","White","Female","Sport Utility","No","14AUG2013","Wednesday","Motorist Left Turn / Merge",9,"Intersection","August","C: Possible Injury",34320,"Motorist Left Turn - Same Direction",2013,"No","No","Daylight","Straight - Level","NC Route","Dry","Two-Way, Not Divided","None","No Special Feature","Coarse Asphalt",0,0,0,0,0,0,0,"2 lanes",3,0,NA,0,NA
440,1423,"Durham","Durham","Piedmont","Residential","Urban (>70% Developed)","WEST MARKHAM AVENUE","Urban","30 - 35  MPH","No Control Present","Clear","No",22,"20-24","No",NA,"With Traffic","C: Possible Injury","Sidewalk / Crosswalk / Driveway Crossing","White","Female",55,"50-59","No",NA,"6-10 mph","O: No Injury","White","Female","Passenger Car","No","08SEP2013","Sunday","Motorist Left Turn / Merge",8,"Intersection","September","C: Possible Injury",31080,"Motorist Left Turn - Opposite Direction",2013,"Yes","No","Daylight","Straight - Level","Local Street","Dry","Two-Way, Not Divided","None","No Special Feature","Smooth Asphalt",0,0,0,0,0,0,0,"2 lanes",2,0,NA,0,NA
441,1436,"Oxford","Granville","Piedmont","Residential","Urban (>70% Developed)","POLLY DR","Urban","20 - 25  MPH","Stop Sign","Clear","No",10,"6-10","No",NA,"With Traffic","C: Possible Injury","Travel Lane","Black","Female",35,"30-39","No",NA,"11-15 mph","O: No Injury","Black","Female","Passenger Car","No","16JUN2013","Sunday","Parallel Paths - Other Circumstances",14,"Intersection-Related","June","C: Possible Injury",53160,"Parallel Paths - Other / Unknown",2013,"No","No","Daylight","Straight - Level","Local Street","Dry","Two-Way, Not Divided","None","No Special Feature","Smooth Asphalt",0,0,0,0,0,0,0,"2 lanes",2,0,NA,0,NA
442,1465,"Winston-Salem","Forsyth","Piedmont","Commercial","Urban (>70% Developed)","REIDSVILLE RD (3900 RD","Urban","40 - 45  MPH","No Control Present","Clear","No",56,"50-59","No",NA,"With Traffic","B: Evident Injury","Travel Lane","White","Male",48,"40-49","No",NA,"46-50 mph","O: No Injury","White","Male","Van","No","04SEP2013","Wednesday","Motorist Overtaking Bicyclist",7,"Non-Intersection","September","B: Evident Injury",26160,"Motorist Overtaking - Undetected Bicyclist",2013,"Yes","No","Daylight","Straight - Level","Local Street","Dry","Two-Way, Divided, Unprotected Median","None","No Special Feature","Smooth Asphalt",0,0,0,0,0,0,0,"4 lanes",2,0,NA,0,NA