"...1","object_id","city","county","region","development","locality","on_road","rural_urban","speed_limit","traffic_control","weather","workzone","bike_age","bike_age_group","bike_alcohol","bike_alcohol_drugs","bike_direction","bike_injury","bike_position","bike_race","bike_sex","driver_age","driver_age_group","driver_alcohol","driver_alcohol_drugs","driver_est_speed","driver_injury","driver_race","driver_sex","driver_vehicle_type","crash_alcohol","crash_date","crash_day","crash_group","crash_hour","crash_location","crash_month","crash_severity","crash_time","crash_type","crash_year","ambulance_req","hit_run","light_condition","road_character","road_class","road_condition","road_configuration","road_defects","road_feature","road_surface","num_bikes_ai","num_bikes_bi","num_bikes_ci","num_bikes_ki","num_bikes_no","num_bikes_to","num_bikes_ui","num_lanes","num_units","distance_mi_from","frm_road","rte_invd_cd","towrd_road"
443,1475,"Shelby","Cleveland","Mountains","Residential","Urban (>70% Developed)","S WASHINGTON ST","Urban","30 - 35  MPH","No Control Present","Clear","No",24,"20-24","No",NA,"With Traffic","C: Possible Injury","Sidewalk / Crosswalk / Driveway Crossing","White","Male",29,"25-29","No",NA,NA,"O: No Injury","White","Male","Unknown Heavy Truck","No","20AUG2013","Tuesday","Other / Unusual Circumstances",11,"Non-Intersection","August","C: Possible Injury",40260,"Unusual Circumstances",2013,"No","No","Daylight","Straight - Level","Local Street","Dry","Two-Way, Not Divided","None","No Special Feature","Smooth Asphalt",0,0,0,0,0,0,0,"2 lanes",2,0,NA,0,NA
444,1484,"Charlotte","Mecklenburg","Piedmont","Residential","Urban (>70% Developed)","QUEENS ROAD WEST","Urban","5 - 15 MPH","Stop Sign","Clear","No",44,"40-49","No",NA,"With Traffic","B: Evident Injury","Travel Lane","White","Male",50,"50-59","No",NA,"6-10 mph","O: No Injury","White","Male","Passenger Car","No","15SEP2013","Sunday","Motorist Failed to Yield - Sign-Controlled Intersection",9,"Intersection","September","B: Evident Injury",34200,"Motorist Drive Through - Sign-Controlled Intersection",2013,"Yes","No","Daylight","Straight - Level","Local Street","Dry","Two-Way, Divided, Unprotected Median","None","T-Intersection","Smooth Asphalt",0,0,0,0,0,0,0,"6 lanes",2,0,NA,0,NA
445,1494,"High Point","Guilford","Piedmont","Commercial","Urban (>70% Developed)","CLISH PL","Urban","30 - 35  MPH","No Control Present","Clear","No",47,"40-49","No",NA,"Facing Traffic","B: Evident Injury","Travel Lane","Black","Male",NA,NA,"No",NA,"16-20 mph","Unknown Injury","Unknown/Missing",NA,NA,"No","28AUG2013","Wednesday","Head-On",20,"Non-Intersection","August","B: Evident Injury",74640,"Head-On - Bicyclist",2013,"Yes","Yes","Dark - Roadway Not Lighted","Straight - Level","Local Street","Dry","Two-Way, Not Divided","None","No Special Feature","Smooth Asphalt",0,0,0,0,0,0,0,"2 lanes",2,0,NA,0,NA
446,1499,"None - Rural Crash","Guilford","Piedmont","Residential","Mixed (30% To 70% Developed)","NC 68","Rural","50 - 55  MPH","No Control Present","Clear","No",20,"20-24","No",NA,"Facing Traffic","K: Killed","Travel Lane","White","Male",62,"60-69","No",NA,"46-50 mph","O: No Injury","White","Male","Tractor/Semi-Trailer","No","24SEP2013","Tuesday","Head-On",4,"Non-Intersection","September","K: Killed",15360,"Head-On - Bicyclist",2013,"Yes","No","Dark - Roadway Not Lighted","Straight - Level","NC Route","Dry","Two-Way, Not Divided","None","Related To Intersection","Coarse Asphalt",0,0,0,0,0,0,0,"2 lanes",2,0,NA,0,NA
447,1500,"Apex","Wake","Piedmont","Residential","Urban (>70% Developed)","E WILLIAMS ST","Urban","40 - 45  MPH","No Control Present","Clear","No",50,"50-59","No",NA,"With Traffic","C: Possible Injury","Travel Lane","Black","Male",23,"20-24","No",NA,"31-35 mph","O: No Injury","Black","Male","Passenger Car","No","27SEP2013","Friday","Bicyclist Left Turn / Merge",14,"Non-Intersection","September","C: Possible Injury",52020,"Bicyclist Left Turn - Same Direction",2013,"Yes","No","Daylight","Straight - Grade","Local Street","Dry","Two-Way, Not Divided","None","No Special Feature","Smooth Asphalt",0,0,0,0,0,0,0,"2 lanes",2,0,NA,0,NA
448,3547,"Raleigh","Wake","Piedmont","Institutional","Urban (>70% Developed)",NA,"Urban","20 - 25  MPH","No Control Present","Clear","No",28,"25-29","No",NA,"With Traffic","C: Possible Injury","Travel Lane","White","Male",NA,NA,"Missing",NA,NA,"Unknown Injury","Unknown/Missing",NA,NA,"No","27OCT2011","Thursday","Bicyclist Overtaking Motorist",8,"Intersection-Related","October","C: Possible Injury",29700,"Bicyclist Overtaking - Passing on Right",2011,"No","Yes","Daylight","Straight - Level","Local Street","Dry","Two-Way, Not Divided","None","No Special Feature","Smooth Asphalt",0,0,0,0,0,0,0,"2 lanes",2,0,NA,0,NA
449,3551,"Boone","Watauga","Mountains","Institutional","Urban (>70% Developed)",NA,"Urban","20 - 25  MPH","No Control Present","Clear","No",25,"25-29","No",NA,"With Traffic","B: Evident Injury","Travel Lane","White","Male",NA,"70+","No",NA,"0-5 mph","O: No Injury","White","Male","Sport Utility","No","12NOV2011","Saturday","Motorist Left Turn / Merge",10,"Non-Intersection","November","B: Evident Injury",38760,"Motorist Left Turn - Opposite Direction",2011,"No","No","Daylight","Straight - Level","Local Street","Dry","Two-Way, Not Divided","None","Other","Coarse Asphalt",0,0,0,0,0,0,0,"4 lanes",2,0,NA,0,NA
450,3552,"Asheville","Buncombe","Mountains","Commercial","Urban (>70% Developed)",NA,"Urban","30 - 35  MPH","No Control Present","Clear","No",33,"30-39","No",NA,"With Traffic","B: Evident Injury","Travel Lane","White","Male",28,"25-29","No",NA,"21-25 mph","O: No Injury","White","Male","Light Truck (Mini-Van, Panel)","No","29OCT2011","Saturday","Motorist Overtaking Bicyclist",20,"Non-Intersection","October","B: Evident Injury",73500,"Motorist Overtaking - Undetected Bicyclist",2011,"Yes","No","Dark - Roadway Not Lighted","Straight - Grade","Local Street","Dry","Two-Way, Not Divided","None","No Special Feature","Smooth Asphalt",0,0,0,0,0,0,0,"2 lanes",2,0,NA,0,NA
451,3553,"Asheville","Buncombe","Mountains","Commercial","Urban (>70% Developed)",NA,"Urban","20 - 25  MPH","Double Yellow Line, No Passing Zone","Clear","Yes",26,"25-29","No",NA,"With Traffic","C: Possible Injury","Travel Lane","White","Male",NA,NA,"Missing",NA,"11-15 mph","Unknown Injury","Unknown/Missing",NA,NA,"No","27OCT2011","Thursday","Motorist Failed to Yield - Signalized Intersection",13,"Intersection","October","C: Possible Injury",48600,"Motorist Drive Out - Signalized Intersection",2011,"No","Yes","Daylight","Straight - Grade","US Route","Dry","Two-Way, Not Divided","None","No Special Feature","Smooth Asphalt",0,0,0,0,0,0,0,"4 lanes",2,0,NA,0,NA
452,3558,"Raleigh","Wake","Piedmont","Commercial","Urban (>70% Developed)",NA,"Urban","30 - 35  MPH","Stop And Go Signal","Clear","No",NA,NA,"Missing",NA,"Facing Traffic","Unknown Injury","Travel Lane","Unknown/Missing",NA,22,"20-24","No",NA,"0-5 mph","O: No Injury","White","Female","Passenger Car","No","14NOV2011","Monday","Bicyclist Failed to Yield - Signalized Intersection",14,"Intersection","November","O: No Injury",51120,"Bicyclist Ride Through - Signalized Intersection",2011,"No","No","Daylight","Straight - Level",NA,"Dry","Two-Way, Not Divided","None","Four-Way Intersection","Smooth Asphalt",0,0,0,0,0,0,0,"2 lanes",2,0,NA,0,NA
453,3561,"None - Rural Crash","Pender","Coastal","Farms, Woods, Pastures","Rural (<30% Developed)",NA,"Rural","50 - 55  MPH","No Control Present","Cloudy","No",37,"30-39","No",NA,"With Traffic","B: Evident Injury","Travel Lane","White","Male",59,"50-59","No",NA,"41-45 mph","O: No Injury","White","Female","Van","No","06OCT2011","Thursday","Loss of Control / Turning Error",12,"Non-Intersection","October","B: Evident Injury",43920,"Bicyclist Lost Control - Other / Unknown",2011,"No","No","Daylight","Straight - Level","US Route","Dry","Two-Way, Divided, Unprotected Median","None","No Special Feature","Coarse Asphalt",0,0,0,0,0,0,0,"4 lanes",3,0,NA,0,NA
454,3565,"Wilmington","New Hanover","Coastal","Residential","Urban (>70% Developed)",NA,"Urban","20 - 25  MPH","Yield Sign","Clear","No",67,"60-69","No",NA,"With Traffic","A: Disabling Injury","Travel Lane","White","Female",49,"40-49","No",NA,"6-10 mph","O: No Injury","White","Female","Sport Utility","No","26OCT2011","Wednesday","Motorist Failed to Yield - Sign-Controlled Intersection",17,"Intersection","October","A: Disabling Injury",62760,"Motorist Drive Out - Sign-Controlled Intersection",2011,"Yes","No","Daylight","Straight - Level","Local Street","Dry","Two-Way, Not Divided","None","Four-Way Intersection","Coarse Asphalt",0,0,0,0,0,0,0,"2 lanes",2,0,NA,0,NA
455,3569,"Wilmington","New Hanover","Coastal","Institutional","Urban (>70% Developed)",NA,"Urban","5 - 15 MPH","No Control Present","Cloudy","No",18,"16-19","No",NA,"Not Applicable","B: Evident Injury","Non-Roadway","White","Female",45,"40-49","No",NA,"0-5 mph","O: No Injury","White","Female","Passenger Car","No","28OCT2011","Friday","Non-Roadway",9,"Non-Roadway","October","B: Evident Injury",33000,"Non-Roadway",2011,"No","No","Daylight","Straight - Level","Public Vehicular Area","Dry","Two-Way, Not Divided","None","No Special Feature","Smooth Asphalt",0,0,0,0,0,0,0,"2 lanes",2,0,NA,0,NA
456,3572,"Cary","Wake","Piedmont","Residential","Urban (>70% Developed)",NA,"Urban","40 - 45  MPH","Stop Sign","Clear","No",49,"40-49","No",NA,"With Traffic","B: Evident Injury","Travel Lane","White","Female",42,"40-49","No",NA,"11-15 mph","O: No Injury","White","Male","Passenger Car","No","01NOV2011","Tuesday","Motorist Left Turn / Merge",13,"Intersection","November","B: Evident Injury",47040,"Motorist Left Turn - Opposite Direction",2011,"Yes","No","Daylight","Curve - Bottom","State Secondary Route","Dry","Two-Way, Not Divided","None","T-Intersection","Smooth Asphalt",0,0,0,0,0,0,0,"5 lanes",2,0,NA,0,NA
457,3575,"Greensboro","Guilford","Piedmont","Residential","Mixed (30% To 70% Developed)",NA,"Urban","30 - 35  MPH","No Control Present","Clear","No",52,"50-59","No",NA,"With Traffic","C: Possible Injury","Travel Lane","White","Male",19,"0-19","No",NA,"31-35 mph","O: No Injury","Black","Male","Passenger Car","No","01NOV2011","Tuesday","Motorist Overtaking Bicyclist",22,"Non-Intersection","November","C: Possible Injury",80880,"Motorist Overtaking - Other / Unknown",2011,"No","No","Dark - Lighted Roadway","Straight - Level","Local Street","Dry","Two-Way, Divided, Unprotected Median","None","No Special Feature","Smooth Asphalt",0,0,0,0,0,0,0,"4 lanes",2,0,NA,0,NA
458,3576,"Greensboro","Guilford","Piedmont","Commercial","Urban (>70% Developed)",NA,"Urban","20 - 25  MPH","No Control Present","Clear","No",22,"20-24","No",NA,"With Traffic","C: Possible Injury","Sidewalk / Crosswalk / Driveway Crossing","White","Female",21,"20-24","No",NA,"0-5 mph","O: No Injury","Black","Female","Passenger Car","No","01NOV2011","Tuesday","Motorist Left Turn / Merge",12,"Intersection","November","C: Possible Injury",45000,"Motorist Left Turn - Opposite Direction",2011,"Yes","No","Daylight","Straight - Bottom","Local Street","Dry","Two-Way, Not Divided",NA,"No Special Feature","Smooth Asphalt",0,0,0,0,0,0,0,"4 lanes",2,0,NA,0,NA
459,3579,"Smithfield","Johnston","Coastal","Commercial","Urban (>70% Developed)",NA,"Urban","30 - 35  MPH","Stop And Go Signal","Clear","No",50,"50-59","No",NA,"Facing Traffic","O: No Injury","Sidewalk / Crosswalk / Driveway Crossing","Black","Male",61,"60-69","No",NA,NA,"O: No Injury","White","Male","Sport Utility","No","03NOV2011","Thursday","Crossing Paths - Other Circumstances",18,"Intersection","November","O: No Injury",65700,"Signalized Intersection - Other / Unknown",2011,"No","No","Daylight","Straight - Level","Local Street","Dry","Two-Way, Not Divided","None","Four-Way Intersection","Coarse Asphalt",0,0,0,0,0,0,0,"3 lanes",2,0,NA,0,NA
460,3588,"Wilson","Wilson","Coastal","Residential","Urban (>70% Developed)",NA,"Urban","30 - 35  MPH","Stop Sign","Clear","No",21,"20-24","No",NA,"With Traffic","C: Possible Injury","Travel Lane","Black","Male",19,"0-19","No",NA,"0-5 mph","O: No Injury","Black","Female","Passenger Car","No","23OCT2011","Sunday","Loss of Control / Turning Error",12,"Intersection-Related","October","C: Possible Injury",45000,"Motorist Turning Error - Right Turn",2011,"Yes","No","Daylight","Straight - Level","Local Street","Dry","Two-Way, Not Divided","Road Surface Condition","T-Intersection","Coarse Asphalt",0,0,0,0,0,0,0,"3 lanes",2,0,NA,0,NA
461,3593,"Roxboro","Person","Piedmont","Residential","Rural (<30% Developed)",NA,"Urban","30 - 35  MPH","Stop Sign","Clear","No",NA,NA,"Missing",NA,NA,"Unknown Injury",NA,"Unknown/Missing",NA,39,"30-39","No",NA,"11-15 mph","O: No Injury","White","Female","Passenger Car","No","07OCT2011","Friday",NA,19,NA,"October","C: Possible Injury",70200,NA,2011,"Yes","No","Dark - Lighted Roadway","Straight - Level","Local Street","Dry","Two-Way, Not Divided","None","No Special Feature","Smooth Asphalt",0,0,0,0,0,0,0,"4 lanes",2,0,NA,0,NA
462,3595,"Raleigh","Wake","Piedmont","Residential","Urban (>70% Developed)",NA,"Urban","30 - 35  MPH","Stop Sign","Clear","No",16,"16-19","No",NA,NA,"C: Possible Injury","Travel Lane","Black","Male",20,"20-24","No",NA,"16-20 mph","O: No Injury","Black","Male","Passenger Car","No","01DEC2011","Thursday","Motorist Failed to Yield - Sign-Controlled Intersection",19,"Intersection","December","C: Possible Injury",69060,"Motorist Drive Out - Sign-Controlled Intersection",2011,"Yes","No","Dark - Lighted Roadway","Straight - Level","Local Street","Dry","Two-Way, Divided, Unprotected Median","None","T-Intersection","Smooth Asphalt",0,0,0,0,0,0,0,"2 lanes",2,0,NA,0,NA
463,3599,"Greensboro","Guilford","Piedmont","Commercial","Urban (>70% Developed)",NA,"Urban","30 - 35  MPH","Stop And Go Signal","Rain","No",23,"20-24","No",NA,"With Traffic","C: Possible Injury","Sidewalk / Crosswalk / Driveway Crossing","White","Male",58,"50-59","No",NA,"0-5 mph","O: No Injury","White","Female","Passenger Car","No","16NOV2011","Wednesday","Bicyclist Failed to Yield - Signalized Intersection",18,"Intersection","November","C: Possible Injury",67320,"Bicyclist Failed to Clear - Trapped",2011,"No","No","Dark - Lighted Roadway","Straight - Grade","Local Street","Wet","Two-Way, Divided, Unprotected Median","None","Related To Intersection","Smooth Asphalt",0,0,0,0,0,0,0,"6 lanes",2,0,NA,0,NA
464,3603,"Wilmington","New Hanover","Coastal","Residential","Urban (>70% Developed)",NA,"Urban","40 - 45  MPH","No Control Present","Clear","No",32,"30-39","No",NA,"With Traffic","C: Possible Injury","Sidewalk / Crosswalk / Driveway Crossing","White","Male",21,"20-24","Yes",NA,"81-85 mph","C: Possible Injury","White","Male","Passenger Car","Yes","13NOV2011","Sunday","Loss of Control / Turning Error",1,"Non-Intersection","November","C: Possible Injury",6600,"Motorist Lost Control - Alcohol / Drug Impairment",2011,"Yes","No","Dark - Lighted Roadway","Straight - Level","US Route","Dry","Two-Way, Divided, Unprotected Median","None","No Special Feature","Smooth Asphalt",0,0,0,0,0,0,0,"4 lanes",2,0,NA,0,NA
465,3605,"Asheville","Buncombe","Mountains","Commercial","Urban (>70% Developed)",NA,"Urban","30 - 35  MPH","Stop And Go Signal","Cloudy","No",23,"20-24","No",NA,"With Traffic","B: Evident Injury","Travel Lane","White","Male",NA,"70+","No",NA,"21-25 mph","O: No Injury","White","Male","Passenger Car","No","15NOV2011","Tuesday","Loss of Control / Turning Error",11,"Intersection","November","B: Evident Injury",42120,"Bicyclist Lost Control - Mechanical Problems",2011,"Yes","No","Daylight","Straight - Grade","Local Street","Dry","Two-Way, Not Divided","None","No Special Feature","Smooth Asphalt",0,0,0,0,0,0,0,"2 lanes",2,0,NA,0,NA
466,3613,"Raleigh","Wake","Piedmont","Residential","Urban (>70% Developed)",NA,"Urban","5 - 15 MPH","No Control Present","Clear","No",56,"50-59","No",NA,"With Traffic","B: Evident Injury","Sidewalk / Crosswalk / Driveway Crossing","White","Female",47,"40-49","No",NA,"0-5 mph","O: No Injury","White","Male","Passenger Car","No","13DEC2011","Tuesday","Motorist Failed to Yield - Midblock",18,"Non-Intersection","December","B: Evident Injury",65940,"Motorist Drive Out - Commercial Driveway / Alley",2011,"No","No","Daylight","Straight - Grade","Local Street","Dry","Two-Way, Not Divided","None","Driveway, Private","Coarse Asphalt",0,0,0,0,0,0,0,"1 lane",2,0,NA,0,NA
467,3616,"None - Rural Crash","Mecklenburg","Piedmont","Commercial","Urban (>70% Developed)",NA,"Rural","40 - 45  MPH","No Control Present","Clear","No",31,"30-39","No",NA,"With Traffic","B: Evident Injury","Travel Lane","Black","Male",27,"25-29","No",NA,"41-45 mph","O: No Injury","White","Male","Passenger Car","No","14DEC2011","Wednesday","Motorist Overtaking Bicyclist",4,"Intersection-Related","December","B: Evident Injury",17580,"Motorist Overtaking - Undetected Bicyclist",2011,"Yes","No","Dark - Lighted Roadway","Straight - Level","Local Street","Dry","Two-Way, Divided, Positive Median Barrier","None","No Special Feature","Smooth Asphalt",0,0,0,0,0,0,0,"6 lanes",2,0,NA,0,NA
468,3618,"Wilmington","New Hanover","Coastal","Residential","Urban (>70% Developed)",NA,"Urban","20 - 25  MPH","Stop And Go Signal","Clear","No",21,"20-24","No",NA,"Facing Traffic","C: Possible Injury","Sidewalk / Crosswalk / Driveway Crossing","White","Male",36,"30-39","No",NA,"0-5 mph","O: No Injury","White","Male","Passenger Car","No","26NOV2011","Saturday","Bicyclist Failed to Yield - Signalized Intersection",13,"Intersection","November","C: Possible Injury",49800,"Bicyclist Ride Through - Signalized Intersection",2011,"Yes","No","Daylight","Straight - Level","Local Street","Dry","Two-Way, Not Divided",NA,"Related To Intersection","Smooth Asphalt",0,0,0,0,0,0,0,"2 lanes",2,0,NA,0,NA
469,3625,"None - Rural Crash","Brunswick","Coastal","Farms, Woods, Pastures","Mixed (30% To 70% Developed)",NA,"Rural","40 - 45  MPH","Double Yellow Line, No Passing Zone","Clear","No",25,"25-29","Yes",NA,"With Traffic","B: Evident Injury","Travel Lane","White","Female",52,"50-59","No",NA,"41-45 mph","O: No Injury","White","Male","Pickup","Yes","17NOV2011","Thursday","Motorist Overtaking Bicyclist",23,"Non-Intersection","November","B: Evident Injury",84960,"Motorist Overtaking - Misjudged Space",2011,"Yes","No","Dark - Roadway Not Lighted","Straight - Level","NC Route","Dry","Two-Way, Not Divided","None","No Special Feature","Coarse Asphalt",0,0,0,0,0,0,0,"3 lanes",2,0,NA,0,NA
470,3630,"Charlotte","Mecklenburg","Piedmont","Industrial","Urban (>70% Developed)",NA,"Urban","30 - 35  MPH","Stop And Go Signal","Rain","No",54,"50-59","No",NA,"With Traffic","A: Disabling Injury","Travel Lane","White","Male",36,"30-39","No",NA,"6-10 mph","O: No Injury","White","Male","Pickup","No","21DEC2011","Wednesday","Motorist Left Turn / Merge",9,"Intersection","December","A: Disabling Injury",33660,"Motorist Left Turn - Opposite Direction",2011,"No","No","Daylight","Straight - Level","Local Street","Wet","Two-Way, Not Divided","None","Four-Way Intersection","Smooth Asphalt",0,0,0,0,0,0,0,"2 lanes",2,0,NA,0,NA
471,3640,"High Point","Guilford","Piedmont","Commercial","Urban (>70% Developed)",NA,"Urban","30 - 35  MPH","Stop Sign","Clear","No",21,"20-24","No",NA,"Facing Traffic","C: Possible Injury","Sidewalk / Crosswalk / Driveway Crossing","Black","Male",NA,"70+","No",NA,"6-10 mph","O: No Injury","Black","Male","Passenger Car","No","12DEC2011","Monday","Motorist Right Turn / Merge",17,"Intersection","December","C: Possible Injury",62460,"Motorist Right Turn - Opposite Direction",2011,"Yes","No","Daylight","Straight - Bottom","State Secondary Route","Dry","Two-Way, Not Divided","None","No Special Feature","Smooth Asphalt",0,0,0,0,0,0,0,"5 lanes",2,0,NA,0,NA
472,3647,"Wilmington","New Hanover","Coastal","Commercial","Urban (>70% Developed)",NA,"Urban","40 - 45  MPH","No Control Present","Clear","No",52,"50-59","No",NA,"With Traffic","C: Possible Injury","Travel Lane","White","Male",62,"60-69","No",NA,"11-15 mph","O: No Injury","Black","Male","Van","No","20DEC2011","Tuesday","Motorist Left Turn / Merge",16,"Intersection","December","C: Possible Injury",58500,"Motorist Left Turn - Opposite Direction",2011,"Yes","No","Daylight","Straight - Level","Local Street","Dry","Two-Way, Divided, Unprotected Median","None","No Special Feature","Smooth Asphalt",0,0,0,0,0,0,0,"4 lanes",2,0,NA,0,NA
473,3657,"Greensboro","Guilford","Piedmont","Commercial","Urban (>70% Developed)",NA,"Urban","40 - 45  MPH","No Control Present","Clear","No",40,"40-49","No",NA,"With Traffic","C: Possible Injury","Travel Lane","White","Male",28,"25-29","No",NA,"0-5 mph","O: No Injury","White","Female","Passenger Car","No","23DEC2011","Friday","Motorist Right Turn / Merge",15,"Non-Intersection","December","C: Possible Injury",56040,"Motorist Right Turn - Same Direction",2011,"Yes","No","Daylight","Straight - Level","Local Street","Dry","Two-Way, Not Divided","None","No Special Feature","Smooth Asphalt",0,0,0,0,0,0,0,"5 lanes",2,0,NA,0,NA
474,3665,"Greensboro","Guilford","Piedmont","Institutional","Urban (>70% Developed)",NA,"Urban",NA,"Stop And Go Signal","Clear","No",27,"25-29","No",NA,"With Traffic","O: No Injury","Travel Lane","White","Female",NA,NA,"Missing",NA,NA,"Unknown Injury","Unknown/Missing",NA,NA,"No","21FEB2011","Monday","Motorist Right Turn / Merge",11,"Intersection","February","O: No Injury",42480,"Motorist Right Turn - Same Direction",2011,"No","Yes","Daylight","Straight - Grade","Local Street","Dry","Two-Way, Divided, Positive Median Barrier","None","Four-Way Intersection","Smooth Asphalt",0,0,0,0,0,0,0,"2 lanes",2,0,NA,0,NA
475,3674,"None - Rural Crash","Cumberland","Coastal","Farms, Woods, Pastures","Mixed (30% To 70% Developed)",NA,"Rural","50 - 55  MPH","Double Yellow Line, No Passing Zone","Clear","No",61,"60-69","No",NA,"With Traffic","C: Possible Injury","Travel Lane","White","Male",44,"40-49","No",NA,"51-55 mph","O: No Injury","White","Male","Pickup","No","15JAN2010","Friday","Motorist Overtaking Bicyclist",18,"Non-Intersection","January","C: Possible Injury",68100,"Motorist Overtaking - Bicyclist Swerved",2010,"No","No","Dark - Roadway Not Lighted","Straight - Level","NC Route","Dry","Two-Way, Not Divided","None","No Special Feature","Coarse Asphalt",0,0,0,0,0,0,0,"2 lanes",2,0,NA,0,NA
476,3675,"Cary","Wake","Piedmont","Commercial","Urban (>70% Developed)",NA,"Urban","30 - 35  MPH","Stop And Go Signal","Clear","No",12,"11-15","No",NA,"Facing Traffic","C: Possible Injury","Sidewalk / Crosswalk / Driveway Crossing","White","Male",43,"40-49","No",NA,"21-25 mph","O: No Injury","Asian","Male","Passenger Car","No","16JAN2010","Saturday","Bicyclist Failed to Yield - Signalized Intersection",18,"Intersection","January","C: Possible Injury",67020,"Bicyclist Ride Out - Signalized  Intersection",2010,"Yes","No","Dark - Lighted Roadway","Straight - Level","State Secondary Route","Dry","Two-Way, Not Divided","None","Four-Way Intersection","Smooth Asphalt",0,0,0,0,0,0,0,"3 lanes",2,0,NA,0,NA
477,3677,"Indian Trail","Union","Piedmont","Commercial","Urban (>70% Developed)",NA,"Urban","30 - 35  MPH","Double Yellow Line, No Passing Zone","Clear","No",34,"30-39","No",NA,"With Traffic","B: Evident Injury","Travel Lane","White","Male",64,"60-69","No",NA,"11-15 mph","O: No Injury","White","Male","Pickup","No","20JAN2010","Wednesday","Motorist Left Turn / Merge",9,"Intersection","January","B: Evident Injury",35460,"Motorist Left Turn - Opposite Direction",2010,"Yes","No","Daylight","Straight - Level","State Secondary Route","Dry","Two-Way, Not Divided","None","Four-Way Intersection","Smooth Asphalt",0,0,0,0,0,0,0,"2 lanes",2,0,NA,0,NA
478,3680,"Durham","Durham","Piedmont","Residential","Urban (>70% Developed)",NA,"Urban","5 - 15 MPH","No Control Present","Clear","No",14,"11-15","No",NA,"Not Applicable","O: No Injury","Travel Lane","Black","Male",NA,NA,"Missing",NA,"0-5 mph","Unknown Injury","Unknown/Missing",NA,"Passenger Car","No","25JAN2010","Monday","Non-Roadway",20,"Non-Roadway","January","O: No Injury",73200,"Non-Roadway",2010,"No","Yes","Dark - Lighted Roadway","Straight - Level","Public Vehicular Area","Dry","Two-Way, Not Divided","None","No Special Feature","Smooth Asphalt",0,0,0,0,0,0,0,NA,2,0,NA,0,NA
479,3681,"None - Rural Crash","Martin","Coastal","Farms, Woods, Pastures","Rural (<30% Developed)",NA,"Rural","50 - 55  MPH","No Control Present","Clear","No",47,"40-49","No",NA,"With Traffic","C: Possible Injury","Bike Lane / Paved Shoulder","Black","Male",23,"20-24","No",NA,"51-55 mph","O: No Injury","White","Male","Pickup","No","28JAN2010","Thursday","Motorist Overtaking Bicyclist",18,"Non-Intersection","January","C: Possible Injury",67200,"Motorist Overtaking - Misjudged Space",2010,"Yes","No","Dark - Roadway Not Lighted","Straight - Level","NC Route","Dry","Two-Way, Not Divided","None","No Special Feature","Coarse Asphalt",0,0,0,0,0,0,0,"2 lanes",2,0,NA,0,NA
480,3684,"None - Rural Crash","Brunswick","Coastal","Farms, Woods, Pastures","Rural (<30% Developed)",NA,"Rural","50 - 55  MPH","Double Yellow Line, No Passing Zone","Clear","No",50,"50-59","Yes",NA,"With Traffic","B: Evident Injury","Travel Lane","White","Male",40,"40-49","No",NA,"41-45 mph","O: No Injury","White","Male","Single Unit Truck (2-Axle, 6-Tire)","Yes","11JAN2010","Monday","Parallel Paths - Other Circumstances",18,"Non-Intersection","January","B: Evident Injury",65820,"Bicyclist Ride Out - Parallel Path",2010,"Yes","No","Dark - Roadway Not Lighted","Curve - Level","State Secondary Route","Dry","Two-Way, Not Divided","None","No Special Feature","Smooth Asphalt",0,0,0,0,0,0,0,"2 lanes",2,0,NA,0,NA
481,3689,"Eden","Rockingham","Piedmont","Residential","Urban (>70% Developed)",NA,"Urban","20 - 25  MPH","No Control Present","Clear","No",14,"11-15","No",NA,"With Traffic","C: Possible Injury","Travel Lane","White","Male",27,"25-29","No",NA,"0-5 mph","O: No Injury","White","Female","Passenger Car","No","25JAN2010","Monday","Head-On",12,"Non-Intersection","January","C: Possible Injury",45360,"Head-On - Bicyclist",2010,"Yes","No","Daylight","Straight - Level","Local Street","Dry","Two-Way, Not Divided","None","No Special Feature","Smooth Asphalt",0,0,0,0,0,0,0,"2 lanes",2,0,NA,0,NA
482,3691,"Cary","Wake","Piedmont","Commercial","Urban (>70% Developed)",NA,"Urban","5 - 15 MPH","No Control Present","Clear","No",14,"11-15","No",NA,"With Traffic","O: No Injury","Sidewalk / Crosswalk / Driveway Crossing","White","Male",25,"25-29","No",NA,"11-15 mph","O: No Injury","White","Male","Sport Utility","No","06FEB2010","Saturday","Motorist Left Turn / Merge",22,"Intersection","February","O: No Injury",81840,"Motorist Left Turn - Opposite Direction",2010,"No","No","Dark - Lighted Roadway","Straight - Grade","Public Vehicular Area","Dry","Two-Way, Not Divided","Other","Driveway, Public","Smooth Asphalt",0,0,0,0,0,0,0,"2 lanes",2,0,NA,0,NA
483,3696,"Chapel Hill","Orange","Piedmont","Residential","Urban (>70% Developed)",NA,"Urban","30 - 35  MPH","No Control Present","Rain","No",31,"30-39","No",NA,"With Traffic","C: Possible Injury","Travel Lane","White","Male",NA,NA,"Missing",NA,NA,"Unknown Injury","Unknown/Missing",NA,NA,"No","21JAN2010","Thursday","Motorist Right Turn / Merge",18,"Non-Intersection","January","C: Possible Injury",64800,"Motorist Right Turn - Same Direction",2010,"Yes","Yes","Dark - Lighted Roadway","Straight - Grade","Local Street","Wet","Two-Way, Not Divided","None","No Special Feature","Smooth Asphalt",0,0,0,0,0,0,0,"4 lanes",2,0,NA,0,NA