"...1","object_id","city","county","region","development","locality","on_road","rural_urban","speed_limit","traffic_control","weather","workzone","bike_age","bike_age_group","bike_alcohol","bike_alcohol_drugs","bike_direction","bike_injury","bike_position","bike_race","bike_sex","driver_age","driver_age_group","driver_alcohol","driver_alcohol_drugs","driver_est_speed","driver_injury","driver_race","driver_sex","driver_vehicle_type","crash_alcohol","crash_date","crash_day","crash_group","crash_hour","crash_location","crash_month","crash_severity","crash_time","crash_type","crash_year","ambulance_req","hit_run","light_condition","road_character","road_class","road_condition","road_configuration","road_defects","road_feature","road_surface","num_bikes_ai","num_bikes_bi","num_bikes_ci","num_bikes_ki","num_bikes_no","num_bikes_to","num_bikes_ui","num_lanes","num_units","distance_mi_from","frm_road","rte_invd_cd","towrd_road"
525,2281,"Garner","Wake","Piedmont","Residential","Urban (>70% Developed)",NA,"Urban","30 - 35  MPH","No Control Present","Cloudy","No",40,"40-49","No",NA,"With Traffic","C: Possible Injury","Travel Lane","White","Male",55,"50-59","No",NA,"6-10 mph","O: No Injury","White","Female","Passenger Car","No","01MAY2012","Tuesday","Motorist Right Turn / Merge",8,"Non-Intersection","May","C: Possible Injury",31920,"Motorist Right Turn - Same Direction",2012,"Yes","No","Daylight","Straight - Level","Local Street","Dry","Two-Way, Not Divided","None","No Special Feature","Smooth Asphalt",0,0,0,0,0,0,0,"2 lanes",2,0,NA,0,NA
526,2284,"Kitty Hawk","Dare","Coastal","Commercial","Urban (>70% Developed)",NA,"Rural","5 - 15 MPH","Stop And Go Signal","Clear","No",22,"20-24","No",NA,"Facing Traffic","B: Evident Injury","Travel Lane","White","Female",69,"60-69","No",NA,"11-15 mph","O: No Injury","White","Male","Pickup","No","06JUL2012","Friday","Head-On",22,"Intersection-Related","July","B: Evident Injury",79380,"Head-On - Bicyclist",2012,"No","No","Dark - Roadway Not Lighted","Straight - Level","Public Vehicular Area","Dry","Two-Way, Divided, Unprotected Median","None","Driveway, Public","Coarse Asphalt",0,0,0,0,0,0,0,NA,2,0,NA,0,NA
527,2251,"Chapel Hill","Orange","Piedmont","Residential","Urban (>70% Developed)",NA,"Urban","20 - 25  MPH","No Control Present","Clear","No",22,"20-24","No",NA,"With Traffic","B: Evident Injury","Travel Lane","White","Male",16,"0-19","No",NA,"21-25 mph","O: No Injury","White","Male","Pickup","No","17JUL2012","Tuesday","Motorist Left Turn / Merge",17,"Intersection","July","B: Evident Injury",62640,"Motorist Left Turn - Opposite Direction",2012,"No","No","Daylight","Straight - Level","Local Street","Dry","Two-Way, Not Divided","None","T-Intersection","Coarse Asphalt",0,0,0,0,0,0,0,"2 lanes",2,0,NA,0,NA
528,2247,"Greenville","Pitt","Coastal","Residential","Urban (>70% Developed)",NA,"Urban","5 - 15 MPH","No Control Present","Rain","No",7,"6-10","No",NA,"Not Applicable","C: Possible Injury","Non-Roadway","Black","Female",NA,NA,"Missing",NA,"0-5 mph","Unknown Injury","Unknown/Missing",NA,"Passenger Car","No","20JUL2012","Friday","Non-Roadway",20,"Non-Roadway","July","C: Possible Injury",74940,"Non-Roadway",2012,"Yes","Yes","Dusk","Curve - Level","Public Vehicular Area","Wet","Two-Way, Not Divided","None","No Special Feature","Coarse Asphalt",0,0,0,0,0,0,0,NA,2,0,NA,0,NA
529,2349,"None - Rural Crash","Buncombe","Mountains","Commercial","Urban (>70% Developed)",NA,"Rural","30 - 35  MPH","No Control Present","Cloudy","No",51,"50-59","Yes",NA,"With Traffic","C: Possible Injury","Travel Lane","White","Male",NA,NA,"Missing",NA,NA,"Unknown Injury","Unknown/Missing",NA,NA,"Yes","07AUG2012","Tuesday","Motorist Overtaking Bicyclist",17,"Non-Intersection","August","C: Possible Injury",62880,"Motorist Overtaking - Other / Unknown",2012,"Yes","Yes","Daylight","Straight - Grade","Local Street","Dry","Two-Way, Divided, Unprotected Median","None","No Special Feature","Smooth Asphalt",0,0,0,0,0,0,0,"2 lanes",2,0,NA,0,NA
530,2341,"Greensboro","Guilford","Piedmont","Institutional","Urban (>70% Developed)",NA,"Urban","20 - 25  MPH","Stop And Go Signal","Clear","No",25,"25-29","No",NA,"With Traffic","C: Possible Injury","Bike Lane / Paved Shoulder","White","Male",20,"20-24","No",NA,"0-5 mph","O: No Injury","White","Female","Passenger Car","No","23AUG2012","Thursday","Motorist Right Turn / Merge",17,"Intersection","August","C: Possible Injury",61200,"Motorist Right Turn - Same Direction",2012,"Yes","No","Daylight","Straight - Level","Local Street","Dry","Two-Way, Divided, Positive Median Barrier","None","T-Intersection","Smooth Asphalt",0,0,0,0,0,0,0,"2 lanes",2,0,NA,0,NA
531,2365,"Greensboro","Guilford","Piedmont","Residential","Urban (>70% Developed)",NA,"Urban","30 - 35  MPH","No Control Present","Clear","No",41,"40-49","No",NA,"With Traffic","C: Possible Injury","Travel Lane","White","Male",NA,NA,"No",NA,"16-20 mph","Unknown Injury","Unknown/Missing",NA,"School Bus","No","24APR2012","Tuesday","Motorist Overtaking Bicyclist",16,"Intersection-Related","April","C: Possible Injury",60360,"Motorist Overtaking - Misjudged Space",2012,"Yes","No","Daylight","Straight - Level","Local Street","Dry","Two-Way, Not Divided","None","No Special Feature","Smooth Asphalt",0,0,0,0,0,0,0,"2 lanes",2,0,NA,0,NA
532,2357,"Greensboro","Guilford","Piedmont","Residential","Urban (>70% Developed)",NA,"Urban","30 - 35  MPH","Stop Sign","Cloudy","No",52,"50-59","No",NA,"With Traffic","B: Evident Injury","Travel Lane","White","Female",32,"30-39","No",NA,"31-35 mph","O: No Injury","White","Female","Passenger Car","No","26AUG2012","Sunday","Bicyclist Failed to Yield - Sign-Controlled Intersection",14,"Intersection","August","B: Evident Injury",53700,"Bicyclist Ride Through - Sign-Controlled Intersection",2012,"Yes","No","Daylight","Straight - Grade","Local Street","Dry","Two-Way, Not Divided","None","T-Intersection","Smooth Asphalt",0,0,0,0,0,0,0,"2 lanes",2,0,NA,0,NA
533,2355,"Charlotte","Mecklenburg","Piedmont","Commercial","Urban (>70% Developed)",NA,"Urban","20 - 25  MPH","Stop And Go Signal","Cloudy","No",32,"30-39","No",NA,"Facing Traffic","O: No Injury","Travel Lane","White","Male",47,"40-49","No",NA,"21-25 mph","O: No Injury","White","Male","Passenger Car","No","28AUG2012","Tuesday","Bicyclist Failed to Yield - Signalized Intersection",15,"Intersection","August","O: No Injury",56700,"Bicyclist Ride Through - Signalized Intersection",2012,"No","No","Daylight","Straight - Level","Local Street","Dry","One-Way, Not Divided","None","Four-Way Intersection","Smooth Asphalt",0,0,0,0,0,0,0,"2 lanes",2,0,NA,0,NA
534,2337,"Cary","Wake","Piedmont","Residential","Urban (>70% Developed)",NA,"Urban","30 - 35  MPH","Stop Sign","Clear","No",61,"60-69","No",NA,"With Traffic","O: No Injury","Travel Lane","White","Male",NA,"70+","No",NA,"0-5 mph","O: No Injury","White","Female","Passenger Car","No","10AUG2012","Friday","Motorist Failed to Yield - Sign-Controlled Intersection",13,"Intersection","August","O: No Injury",48960,"Motorist Drive Out - Sign-Controlled Intersection",2012,"No","No","Daylight","Straight - Level","Local Street","Dry","Two-Way, Not Divided","None","No Special Feature","Smooth Asphalt",0,0,0,0,0,0,0,"2 lanes",2,0,NA,0,NA
535,2362,"Wendell","Wake","Piedmont","Residential","Urban (>70% Developed)",NA,"Urban","30 - 35  MPH","Stop Sign","Clear","No",27,"25-29","No",NA,"With Traffic","C: Possible Injury","Travel Lane","Black","Female",42,"40-49","No",NA,"0-5 mph","O: No Injury","Hispanic","Male","Sport Utility","No","29AUG2012","Wednesday","Backing Vehicle",11,"Intersection-Related","August","C: Possible Injury",42000,"Backing Vehicle",2012,"Yes","No","Daylight","Straight - Level","Local Street","Dry","Two-Way, Not Divided","None","No Special Feature","Coarse Asphalt",0,0,0,0,0,0,0,"2 lanes",2,0,NA,0,NA
536,2358,"Wilson","Wilson","Coastal","Residential","Urban (>70% Developed)",NA,"Urban","30 - 35  MPH","No Control Present","Clear","No",9,"6-10","No",NA,NA,"O: No Injury","Travel Lane","Black","Male",NA,NA,"Missing",NA,NA,"Unknown Injury","Unknown/Missing",NA,NA,"No","20JUL2012","Friday","Backing Vehicle",17,"Intersection-Related","July","O: No Injury",63360,"Backing Vehicle",2012,"No","Yes","Daylight","Straight - Level","Local Street","Dry","Two-Way, Not Divided","None","No Special Feature","Smooth Asphalt",0,0,0,0,0,0,0,"2 lanes",2,0,NA,0,NA
537,2350,"Greensboro","Guilford","Piedmont","Residential","Urban (>70% Developed)",NA,"Urban","5 - 15 MPH","No Control Present","Clear","No",6,"6-10","No",NA,"Not Applicable","C: Possible Injury","Non-Roadway","Black","Male",16,"0-19","No",NA,"11-15 mph","O: No Injury","Black","Female","Passenger Car","No","07MAY2012","Monday","Non-Roadway",19,"Non-Roadway","May","C: Possible Injury",68520,"Non-Roadway",2012,"Yes","No","Daylight","Straight - Level","Public Vehicular Area","Dry","Two-Way, Not Divided","None","No Special Feature","Smooth Asphalt",0,0,0,0,0,0,0,"2 lanes",2,0,NA,0,NA
538,2356,"Winterville","Pitt","Coastal","Commercial","Urban (>70% Developed)",NA,"Urban","5 - 15 MPH","No Control Present","Cloudy","No",26,"25-29","No",NA,"Not Applicable","O: No Injury","Non-Roadway","Black","Male",NA,"70+","No",NA,"0-5 mph","O: No Injury","White","Female","Passenger Car","No","21AUG2012","Tuesday","Non-Roadway",14,"Non-Roadway","August","O: No Injury",53820,"Non-Roadway",2012,"Yes","No","Daylight","Straight - Level","Public Vehicular Area","Dry","Two-Way, Not Divided","None","No Special Feature","Smooth Asphalt",0,0,0,0,0,0,0,NA,2,0,NA,0,NA
539,2381,"Greensboro","Guilford","Piedmont","Residential","Urban (>70% Developed)",NA,"Urban","30 - 35  MPH","Stop And Go Signal","Clear","No",12,"11-15","No",NA,"Facing Traffic","B: Evident Injury","Travel Lane","Black","Female",20,"20-24","No",NA,"26-30 mph","O: No Injury","Hispanic","Male","Sport Utility","No","05SEP2012","Wednesday","Bicyclist Failed to Yield - Signalized Intersection",21,"Intersection","September","B: Evident Injury",75900,"Bicyclist Ride Through - Signalized Intersection",2012,"Yes","No","Dark - Lighted Roadway","Straight - Level","Local Street","Dry","Two-Way, Divided, Unprotected Median","None","Four-Way Intersection","Smooth Asphalt",0,0,0,0,0,0,0,"2 lanes",2,0,NA,0,NA
540,2367,"Burlington","Alamance","Piedmont","Residential","Urban (>70% Developed)",NA,"Urban","30 - 35  MPH","Stop Sign","Clear","No",14,"11-15","No",NA,"With Traffic","C: Possible Injury","Travel Lane","Black","Male",NA,NA,"Missing",NA,"6-10 mph","Unknown Injury","Unknown/Missing",NA,NA,"No","29AUG2012","Wednesday","Bicyclist Failed to Yield - Sign-Controlled Intersection",17,"Intersection","August","C: Possible Injury",63000,"Bicyclist Ride Out - Sign-Controlled Intersection",2012,"No","Yes","Daylight","Straight - Level","Local Street","Dry","Two-Way, Not Divided","None","No Special Feature","Concrete",0,0,0,0,0,0,0,"2 lanes",2,0,NA,0,NA
541,2369,"Greensboro","Guilford","Piedmont","Commercial","Mixed (30% To 70% Developed)",NA,"Urban","30 - 35  MPH","No Control Present","Clear","No",21,"20-24","No",NA,NA,"C: Possible Injury","Travel Lane","White","Male",NA,NA,"Missing",NA,"31-35 mph","Unknown Injury","Unknown/Missing",NA,"Passenger Car","No","07MAY2012","Monday","Crossing Paths - Other Circumstances",14,"Non-Intersection","May","C: Possible Injury",53040,"Crossing Paths - Midblock - Other / Unknown",2012,"Yes","Yes","Daylight","Straight - Level","Local Street","Dry","Two-Way, Not Divided","None","No Special Feature","Smooth Asphalt",0,0,0,0,0,0,0,"2 lanes",2,0,NA,0,NA
542,2384,"Greenville","Pitt","Coastal","Commercial","Urban (>70% Developed)",NA,"Urban","20 - 25  MPH","Stop And Go Signal","Clear","No",NA,NA,"Missing",NA,"Facing Traffic","Unknown Injury","Travel Lane","Unknown/Missing",NA,22,"20-24","No",NA,"0-5 mph","O: No Injury","White","Female","Sport Utility","No","23AUG2012","Thursday","Crossing Paths - Other Circumstances",16,"Intersection","August","O: No Injury",60720,"Signalized Intersection - Other / Unknown",2012,"No","No","Daylight","Straight - Level","Local Street","Dry","Two-Way, Divided, Unprotected Median","None","Four-Way Intersection","Smooth Asphalt",0,0,0,0,0,0,0,"2 lanes",2,0,NA,0,NA
543,2379,"Wilmington","New Hanover","Coastal","Residential","Urban (>70% Developed)",NA,"Urban","30 - 35  MPH","No Control Present","Clear","No",35,"30-39","No",NA,"With Traffic","B: Evident Injury","Travel Lane","White","Male",NA,NA,"Missing",NA,NA,"Unknown Injury","Unknown/Missing",NA,NA,"No","27AUG2012","Monday","Bicyclist Left Turn / Merge",18,"Intersection","August","B: Evident Injury",66900,"Bicyclist Left Turn - Opposite Direction",2012,"Yes","Yes","Daylight","Straight - Level","Local Street","Dry","Two-Way, Divided, Unprotected Median","None","T-Intersection","Coarse Asphalt",0,0,0,0,0,0,0,"2 lanes",2,0,NA,0,NA
544,2372,"Chapel Hill","Orange","Piedmont","Commercial","Urban (>70% Developed)",NA,"Urban","20 - 25  MPH","Stop Sign","Cloudy","No",21,"20-24","No",NA,"With Traffic","B: Evident Injury","Travel Lane","White","Female",63,"60-69","No",NA,NA,"O: No Injury","White","Male","Passenger Car","No","28AUG2012","Tuesday","Bicyclist Overtaking Motorist",12,"Intersection-Related","August","B: Evident Injury",45660,"Bicyclist Overtaking - Passing on Right",2012,"Yes","No","Daylight","Straight - Level","Local Street","Dry","Two-Way, Not Divided","None","No Special Feature","Coarse Asphalt",0,0,0,0,0,0,0,"2 lanes",2,0,NA,0,NA
545,2388,"Rocky Mount","Nash","Coastal","Residential","Urban (>70% Developed)",NA,"Urban","30 - 35  MPH","No Control Present","Cloudy","No",7,"6-10","No",NA,NA,"B: Evident Injury","Travel Lane","Black","Female",19,"0-19","No",NA,"11-15 mph","O: No Injury","Black","Male","Passenger Car","No","06MAR2012","Tuesday","Bicyclist Failed to Yield - Midblock",18,"Non-Intersection","March","B: Evident Injury",67980,"Bicyclist Ride Out - Midblock - Unknown",2012,"Yes","No","Daylight","Curve - Level","Local Street","Dry","Two-Way, Not Divided","None","No Special Feature","Coarse Asphalt",0,0,0,0,0,0,0,"2 lanes",2,0,NA,0,NA
546,2406,"Winston-Salem","Forsyth","Piedmont","Residential","Urban (>70% Developed)",NA,"Urban","30 - 35  MPH","Stop Sign","Clear","No",9,"6-10","No",NA,"With Traffic","C: Possible Injury","Travel Lane","Hispanic","Male",31,"30-39","No",NA,"21-25 mph","O: No Injury","Black","Female","Passenger Car","No","25AUG2012","Saturday","Bicyclist Failed to Yield - Sign-Controlled Intersection",17,"Intersection-Related","August","C: Possible Injury",64560,"Bicyclist Ride Through - Sign-Controlled Intersection",2012,"Yes","No","Daylight","Straight - Level","Local Street","Dry","Two-Way, Not Divided","None","Four-Way Intersection","Smooth Asphalt",0,0,0,0,0,0,0,"2 lanes",2,0,NA,0,NA
547,2392,"Rocky Mount","Edgecombe","Coastal","Residential","Urban (>70% Developed)",NA,"Urban","30 - 35  MPH","No Control Present","Clear","No",33,"30-39","No",NA,"Not Applicable","O: No Injury","Non-Roadway","Black","Female",20,"20-24","No",NA,"31-35 mph","O: No Injury","Black","Female","Passenger Car","No","17AUG2012","Friday","Bicyclist Failed to Yield - Sign-Controlled Intersection",17,"Intersection","August","O: No Injury",64020,"Bicyclist Ride Through - Sign-Controlled Intersection",2012,"No","No","Daylight","Straight - Level","Local Street","Dry","Two-Way, Not Divided","None","Four-Way Intersection","Smooth Asphalt",0,0,0,0,0,0,0,"2 lanes",2,0,NA,0,NA
548,2409,"Durham","Durham","Piedmont","Residential","Urban (>70% Developed)",NA,"Urban","30 - 35  MPH","Yield Sign","Clear","No",51,"50-59","No",NA,"With Traffic","O: No Injury","Travel Lane","White","Female",NA,"70+","No",NA,"6-10 mph","O: No Injury","White","Female","Passenger Car","No","12SEP2012","Wednesday","Motorist Failed to Yield - Sign-Controlled Intersection",8,"Intersection","September","O: No Injury",30600,"Motorist Drive Out - Sign-Controlled Intersection",2012,"Yes","No","Daylight","Curve - Level","Local Street","Dry","Two-Way, Divided, Unprotected Median","None","Traffic Circle/Roundabout","Smooth Asphalt",0,0,0,0,0,0,0,"2 lanes",2,0,NA,0,NA
549,2416,"None - Rural Crash","Dare","Coastal","Residential","Urban (>70% Developed)",NA,"Rural","30 - 35  MPH","Stop And Go Signal","Clear","No",25,"25-29","No",NA,"Facing Traffic","O: No Injury","Multi-use Path","White","Male",20,"20-24","No",NA,"0-5 mph","O: No Injury","White","Male","Pickup","No","13SEP2012","Thursday","Motorist Failed to Yield - Signalized Intersection",14,"Intersection-Related","September","O: No Injury",51300,"Motorist Drive Out - Signalized Intersection",2012,"No","No","Daylight","Straight - Level","State Secondary Route","Dry","Two-Way, Not Divided","None","T-Intersection","Coarse Asphalt",0,0,0,0,0,0,0,"2 lanes",2,0,NA,0,NA
550,2410,"Greenville","Pitt","Coastal","Residential","Urban (>70% Developed)",NA,"Urban","40 - 45  MPH","No Control Present","Clear","No",19,"16-19","No",NA,"With Traffic","B: Evident Injury","Travel Lane","White","Male",34,"30-39","No",NA,"36-40 mph","O: No Injury","White","Female","Sport Utility","No","11SEP2012","Tuesday","Motorist Overtaking Bicyclist",14,"Intersection-Related","September","B: Evident Injury",50940,"Motorist Overtaking - Bicyclist Swerved",2012,"Yes","No","Daylight","Straight - Level","State Secondary Route","Dry","Two-Way, Not Divided","None","No Special Feature","Coarse Asphalt",0,0,0,0,0,0,0,"5 lanes",2,0,NA,0,NA
551,2395,"Laurinburg","Scotland","Coastal","Residential","Urban (>70% Developed)",NA,"Urban","30 - 35  MPH","No Control Present","Clear","No",5,"0-5","No",NA,"With Traffic","Unknown Injury","Travel Lane","Unknown/Missing","Male",59,"50-59","No",NA,"41-45 mph","C: Possible Injury","Black","Female","Passenger Car","No","25AUG2012","Saturday","Motorist Overtaking Bicyclist",18,"Intersection-Related","August","C: Possible Injury",65820,"Motorist Overtaking - Other / Unknown",2012,"No","No","Daylight","Straight - Level","Local Street","Dry","Two-Way, Not Divided","None","No Special Feature","Coarse Asphalt",0,0,0,0,0,0,0,"2 lanes",2,0,NA,0,NA
552,2407,"Durham","Durham","Piedmont","Commercial","Urban (>70% Developed)",NA,"Urban","30 - 35  MPH","Stop And Go Signal","Clear","No",25,"25-29","No",NA,"Facing Traffic","C: Possible Injury","Travel Lane","White","Female",27,"25-29","No",NA,"31-35 mph","O: No Injury","Asian","Female","Passenger Car","No","10SEP2012","Monday","Crossing Paths - Other Circumstances",7,"Intersection","September","C: Possible Injury",25320,"Signalized Intersection - Other / Unknown",2012,"Yes","No","Daylight","Straight - Level","Local Street","Dry","Two-Way, Not Divided","None","Four-Way Intersection","Smooth Asphalt",0,0,0,0,0,0,0,"4 lanes",2,0,NA,0,NA
553,2403,"Kannapolis","Rowan","Piedmont","Commercial","Urban (>70% Developed)",NA,"Urban","30 - 35  MPH","No Control Present","Clear","No",64,"60-69","No",NA,"With Traffic","C: Possible Injury","Travel Lane","White","Male",44,"40-49","No",NA,"16-20 mph","O: No Injury","White","Male","Sport Utility","No","29AUG2012","Wednesday","Parallel Paths - Other Circumstances",18,"Intersection-Related","August","C: Possible Injury",66360,"Parallel Paths - Other / Unknown",2012,"No","No","Daylight","Straight - Level","Local Street","Dry","Two-Way, Not Divided","None","No Special Feature","Smooth Asphalt",0,0,0,0,0,0,0,"2 lanes",2,0,NA,0,NA
554,4012,"Havelock","Craven","Coastal","Residential","Urban (>70% Developed)",NA,"Urban","20 - 25  MPH","No Control Present","Clear","No",11,"11-15","Yes",NA,"With Traffic","B: Evident Injury","Travel Lane","White","Male",55,"50-59","No",NA,"21-25 mph","O: No Injury","White","Female","Van","Yes","05MAY2010","Wednesday","Bicyclist Failed to Yield - Sign-Controlled Intersection",7,"Intersection","May","B: Evident Injury",25920,"Bicyclist Ride Out - Sign-Controlled Intersection",2010,"No","No","Daylight","Straight - Level","Local Street","Dry","Two-Way, Not Divided","None","No Special Feature","Smooth Asphalt",0,0,0,0,0,0,0,"2 lanes",2,0,NA,0,NA
555,4015,"None - Rural Crash","Onslow","Coastal","Residential","Mixed (30% To 70% Developed)",NA,"Rural","50 - 55  MPH","No Control Present","Clear","No",NA,"70+","No",NA,"With Traffic","B: Evident Injury","Travel Lane","White","Male",57,"50-59","No",NA,"16-20 mph","O: No Injury","White","Male","Pickup","No","19JUN2010","Saturday","Bicyclist Overtaking Motorist",10,"Non-Intersection","June","B: Evident Injury",36120,"Bicyclist Overtaking - Other / Unknown",2010,"Yes","Yes","Daylight","Straight - Level","State Secondary Route","Dry","Two-Way, Not Divided","None","No Special Feature","Coarse Asphalt",0,0,0,0,0,0,0,"2 lanes",2,0,NA,0,NA
556,4022,"Charlotte","Mecklenburg","Piedmont","Residential","Urban (>70% Developed)",NA,"Urban",NA,"No Control Present","Clear","No",43,"40-49","No",NA,"With Traffic","B: Evident Injury","Travel Lane","White","Female",NA,NA,"Missing",NA,NA,"Unknown Injury","Unknown/Missing",NA,"Passenger Car","No","03JUN2010","Thursday","Bicyclist Overtaking Motorist",16,"Non-Intersection","June","B: Evident Injury",61080,"Bicyclist Overtaking - Parked Vehicle",2010,"Yes","No","Daylight","Straight - Level","Local Street","Dry","One-Way, Not Divided","None","No Special Feature","Smooth Asphalt",0,0,0,0,0,0,0,"1 lane",2,0,NA,0,NA
557,4025,"Fayetteville","Cumberland","Coastal","Commercial","Urban (>70% Developed)",NA,"Urban","20 - 25  MPH","No Control Present","Clear","No",22,"20-24","No",NA,"Facing Traffic","C: Possible Injury","Sidewalk / Crosswalk / Driveway Crossing","Black","Male",25,"25-29","No",NA,"0-5 mph","O: No Injury","White","Female","Sport Utility","No","21JUN2010","Monday","Motorist Failed to Yield - Midblock",16,"Non-Intersection","June","C: Possible Injury",61080,"Motorist Drive Out - Midblock - Unknown",2010,"Yes","No","Daylight","Straight - Level","Public Vehicular Area","Dry","Two-Way, Not Divided","None","Driveway, Public","Smooth Asphalt",0,0,0,0,0,0,0,NA,2,0,NA,0,NA
558,4027,"None - Rural Crash","Granville","Piedmont","Residential","Mixed (30% To 70% Developed)",NA,"Rural","40 - 45  MPH","Double Yellow Line, No Passing Zone","Clear","No",49,"40-49","No",NA,"With Traffic","C: Possible Injury","Travel Lane","Black","Male",17,"0-19","No",NA,"41-45 mph","O: No Injury","Black","Male","Sport Utility","No","20JUN2010","Sunday","Motorist Overtaking Bicyclist",14,"Non-Intersection","June","C: Possible Injury",52020,"Motorist Overtaking - Other / Unknown",2010,"Yes","No","Daylight","Curve - Level","State Secondary Route","Dry","Two-Way, Not Divided","None","No Special Feature","Coarse Asphalt",0,0,0,0,0,0,0,"2 lanes",2,0,NA,0,NA
559,4028,"Durham","Durham","Piedmont","Commercial","Urban (>70% Developed)",NA,"Urban","40 - 45  MPH","No Control Present","Clear","No",51,"50-59","No",NA,"With Traffic","C: Possible Injury","Bike Lane / Paved Shoulder","White","Female",27,"25-29","No",NA,"0-5 mph","O: No Injury","Black","Male","Sport Utility","No","21JUN2010","Monday","Motorist Left Turn / Merge",18,"Intersection","June","C: Possible Injury",67080,"Motorist Left Turn - Opposite Direction",2010,"Yes","No","Daylight","Straight - Level","Local Street","Dry","Two-Way, Not Divided","None","No Special Feature","Smooth Asphalt",0,0,0,0,0,0,0,"3 lanes",2,0,NA,0,NA
560,4032,"Fayetteville","Cumberland","Coastal","Residential","Urban (>70% Developed)",NA,"Urban","40 - 45  MPH","No Control Present","Clear","No",21,"20-24","No",NA,"Facing Traffic","B: Evident Injury","Travel Lane","Black","Male",33,"30-39","No",NA,"41-45 mph","O: No Injury","Black","Female","Passenger Car","No","23JUN2010","Wednesday","Head-On",16,"Non-Intersection","June","B: Evident Injury",58800,"Head-On - Bicyclist",2010,"Yes","No","Daylight","Straight - Level","Local Street","Dry","Two-Way, Not Divided","None","No Special Feature","Coarse Asphalt",0,0,0,0,0,0,0,"4 lanes",2,0,NA,0,NA
561,4050,"Midway","Davidson","Piedmont","Farms, Woods, Pastures","Rural (<30% Developed)",NA,"Rural","40 - 45  MPH","Stop Sign","Clear","No",41,"40-49","No",NA,"With Traffic","C: Possible Injury","Travel Lane","White","Male",66,"60-69","No",NA,"11-15 mph","O: No Injury","White","Female","Passenger Car","No","28JUN2010","Monday","Motorist Failed to Yield - Sign-Controlled Intersection",13,"Intersection","June","C: Possible Injury",49620,"Motorist Drive Out - Sign-Controlled Intersection",2010,"No","No","Daylight","Straight - Level","State Secondary Route","Dry","Two-Way, Not Divided","None","T-Intersection","Smooth Asphalt",0,0,0,0,0,0,0,"2 lanes",2,0,NA,0,NA
562,4058,"None - Rural Crash","Brunswick","Coastal","Farms, Woods, Pastures","Rural (<30% Developed)",NA,"Rural","50 - 55  MPH","No Control Present","Cloudy","No",14,"11-15","No",NA,"With Traffic","B: Evident Injury","Bike Lane / Paved Shoulder","White","Male",27,"25-29","No",NA,"46-50 mph","O: No Injury","White","Male","Police","No","30JUN2010","Wednesday","Motorist Overtaking Bicyclist",21,"Non-Intersection","June","B: Evident Injury",76140,"Motorist Overtaking - Bicyclist Swerved",2010,"Yes","No","Dark - Roadway Not Lighted","Straight - Level","State Secondary Route","Wet","Two-Way, Not Divided","None","Driveway, Private","Smooth Asphalt",0,0,0,0,0,0,0,"2 lanes",2,0,NA,0,NA
563,4060,"Emerald Isle","Carteret","Coastal","Commercial","Urban (>70% Developed)",NA,"Rural","20 - 25  MPH","No Control Present","Clear","No",44,"40-49","No",NA,"Facing Traffic","B: Evident Injury","Travel Lane","White","Female",25,"25-29","No",NA,"41-45 mph","O: No Injury","White","Male","Passenger Car","No","18JUN2010","Friday","Motorist Left Turn / Merge",9,"Intersection","June","B: Evident Injury",34800,"Motorist Left Turn - Opposite Direction",2010,"Yes","No","Daylight","Straight - Level","NC Route","Dry","Two-Way, Not Divided","None","Four-Way Intersection","Coarse Asphalt",0,0,0,0,0,0,0,"9 or more lanes",2,0,NA,0,NA
564,4064,"None - Rural Crash","Dare","Coastal","Farms, Woods, Pastures","Rural (<30% Developed)",NA,"Rural","50 - 55  MPH","No Control Present","Clear","No",45,"40-49","No",NA,"With Traffic","B: Evident Injury","Travel Lane","White","Male",49,"40-49","Yes",NA,"41-45 mph","O: No Injury","White","Male","Sport Utility","Yes","01JUL2010","Thursday","Motorist Right Turn / Merge",16,"Non-Intersection","July","B: Evident Injury",58200,"Motorist Right Turn - Same Direction",2010,"Yes","No","Daylight","Straight - Level","NC Route","Dry","Two-Way, Not Divided","None","No Special Feature","Smooth Asphalt",0,0,0,0,0,0,0,"2 lanes",2,0,NA,0,NA
565,4082,"Winston-Salem","Forsyth","Piedmont","Commercial","Urban (>70% Developed)",NA,"Urban","30 - 35  MPH","Stop And Go Signal","Clear","No",41,"40-49","No",NA,"With Traffic","A: Disabling Injury","Travel Lane","White","Male",41,"40-49","No",NA,"6-10 mph","O: No Injury","White","Female","Passenger Car","No","20JUN2010","Sunday","Motorist Left Turn / Merge",19,"Intersection","June","A: Disabling Injury",69540,"Motorist Left Turn - Opposite Direction",2010,"Yes","No","Daylight","Straight - Grade","Local Street","Dry","Two-Way, Not Divided","None","Four-Way Intersection","Coarse Asphalt",0,0,0,0,0,0,0,"2 lanes",2,0,NA,0,NA
566,4084,"Smithfield","Johnston","Coastal","Commercial","Urban (>70% Developed)",NA,"Urban",NA,"No Control Present","Clear","No",33,"30-39","No",NA,"Facing Traffic","B: Evident Injury","Sidewalk / Crosswalk / Driveway Crossing","White","Male",46,"40-49","No",NA,NA,"O: No Injury","White","Male","Passenger Car","No","25JUN2010","Friday","Motorist Failed to Yield - Midblock",16,"Non-Intersection","June","B: Evident Injury",60240,"Motorist Drive Out - Midblock - Unknown",2010,"Yes","No","Daylight","Straight - Level","Public Vehicular Area","Dry","One-Way, Not Divided","None","No Special Feature","Coarse Asphalt",0,0,0,0,0,0,0,NA,2,0,NA,0,NA