"...1","object_id","city","county","region","development","locality","on_road","rural_urban","speed_limit","traffic_control","weather","workzone","bike_age","bike_age_group","bike_alcohol","bike_alcohol_drugs","bike_direction","bike_injury","bike_position","bike_race","bike_sex","driver_age","driver_age_group","driver_alcohol","driver_alcohol_drugs","driver_est_speed","driver_injury","driver_race","driver_sex","driver_vehicle_type","crash_alcohol","crash_date","crash_day","crash_group","crash_hour","crash_location","crash_month","crash_severity","crash_time","crash_type","crash_year","ambulance_req","hit_run","light_condition","road_character","road_class","road_condition","road_configuration","road_defects","road_feature","road_surface","num_bikes_ai","num_bikes_bi","num_bikes_ci","num_bikes_ki","num_bikes_no","num_bikes_to","num_bikes_ui","num_lanes","num_units","distance_mi_from","frm_road","rte_invd_cd","towrd_road"
567,4085,"Charlotte","Mecklenburg","Piedmont","Commercial","Urban (>70% Developed)",NA,"Urban","30 - 35  MPH","No Control Present","Clear","No",17,"16-19","No",NA,"Not Applicable","C: Possible Injury","Travel Lane","Black","Male",NA,"70+","No",NA,"26-30 mph","O: No Injury","Black","Male","Van","No","25JUN2010","Friday","Bicyclist Failed to Yield - Midblock",11,"Non-Intersection","June","C: Possible Injury",41880,"Bicyclist Ride Out - Commercial Driveway / Alley",2010,"No","No","Daylight","Straight - Level","Local Street","Dry","Two-Way, Divided, Unprotected Median","None","No Special Feature","Coarse Asphalt",0,0,0,0,0,0,0,"4 lanes",2,0,NA,0,NA
568,4086,"None - Rural Crash","Pitt","Coastal","Farms, Woods, Pastures","Mixed (30% To 70% Developed)",NA,"Rural","50 - 55  MPH","Double Yellow Line, No Passing Zone","Clear","No",44,"40-49","No",NA,"With Traffic","B: Evident Injury","Travel Lane","White","Male",NA,"70+","No",NA,"51-55 mph","O: No Injury","Black","Male","Pickup","No","08JUL2010","Thursday","Motorist Overtaking Bicyclist",12,"Non-Intersection","July","B: Evident Injury",46620,"Motorist Overtaking - Misjudged Space",2010,"Yes","No","Daylight","Straight - Level","NC Route","Dry","Two-Way, Not Divided","None","No Special Feature","Smooth Asphalt",0,0,0,0,0,0,0,"2 lanes",2,0,NA,0,NA
569,4090,"Concord","Cabarrus","Piedmont","Residential","Urban (>70% Developed)",NA,"Urban","30 - 35  MPH","Stop Sign","Clear","No",17,"16-19","No",NA,"With Traffic","B: Evident Injury","Travel Lane","White","Female",NA,NA,"Missing",NA,"31-35 mph","Unknown Injury","Unknown/Missing",NA,NA,"No","29JUN2010","Tuesday","Bicyclist Left Turn / Merge",12,"Non-Intersection","June","B: Evident Injury",46380,"Bicyclist Left Turn - Same Direction",2010,"No","Yes","Daylight","Straight - Bottom","Local Street","Dry","Two-Way, Not Divided",NA,"T-Intersection","Coarse Asphalt",0,0,0,0,0,0,0,"2 lanes",2,0,NA,0,NA
570,4092,"Asheville","Buncombe","Mountains","Commercial","Urban (>70% Developed)",NA,"Urban","40 - 45  MPH","Double Yellow Line, No Passing Zone","Clear","No",60,"60-69","No",NA,"Facing Traffic","B: Evident Injury","Travel Lane","Black","Male",43,"40-49","No",NA,"0-5 mph","O: No Injury","White","Male","Sport Utility","No","01JUL2010","Thursday","Head-On",10,"Non-Intersection","July","B: Evident Injury",37980,"Head-On - Bicyclist",2010,"Yes","No","Daylight","Straight - Level","Local Street","Dry","Two-Way, Not Divided","None","No Special Feature","Smooth Asphalt",0,0,0,0,0,0,0,"5 lanes",2,0,NA,0,NA
571,4097,"Weddington","Union","Piedmont","Commercial","Urban (>70% Developed)",NA,"Urban",NA,"Stop Sign","Clear","No",63,"60-69","No",NA,"Facing Traffic","B: Evident Injury","Sidewalk / Crosswalk / Driveway Crossing","White","Male",18,"0-19","No",NA,"0-5 mph","O: No Injury","White","Female","Passenger Car","No","14JUL2010","Wednesday","Motorist Failed to Yield - Sign-Controlled Intersection",16,"Intersection","July","B: Evident Injury",58740,"Motorist Drive Out - Sign-Controlled Intersection",2010,"Yes","No","Daylight","Straight - Hillcrest","Public Vehicular Area","Dry","Two-Way, Not Divided","None","T-Intersection","Coarse Asphalt",0,0,0,0,0,0,0,"1 lane",2,0,NA,0,NA
572,4111,"Wilmington","New Hanover","Coastal","Commercial","Urban (>70% Developed)",NA,"Urban","40 - 45  MPH","Stop And Go Signal","Clear","No",55,"50-59","No",NA,"With Traffic","B: Evident Injury","Travel Lane","White","Female",50,"50-59","No",NA,"31-35 mph","O: No Injury","White","Female","Van","No","08JUL2010","Thursday","Bicyclist Failed to Yield - Signalized Intersection",14,"Intersection","July","B: Evident Injury",52020,"Bicyclist Ride Through - Signalized Intersection",2010,"Yes","No","Daylight","Straight - Level","Local Street","Dry","Two-Way, Divided, Positive Median Barrier","None","No Special Feature","Smooth Asphalt",0,0,0,0,0,0,0,"9 or more lanes",2,0,NA,0,NA
573,4113,"Durham","Durham","Piedmont","Residential","Urban (>70% Developed)",NA,"Urban","5 - 15 MPH","No Control Present","Clear","No",10,"6-10","No",NA,"Not Applicable","Unknown Injury","Travel Lane","Unknown/Missing","Male",NA,NA,"Missing",NA,"6-10 mph","Unknown Injury","Unknown/Missing",NA,NA,"No","03JUL2010","Saturday","Bicyclist Failed to Yield - Midblock",16,"Non-Intersection","July","Unknown Injury",58620,"Bicyclist Ride Out - Other Midblock",2010,"No","Yes","Daylight","Straight - Level","Local Street","Dry","Two-Way, Divided, Unprotected Median","None","No Special Feature","Smooth Asphalt",0,0,0,0,0,0,0,"2 lanes",2,0,NA,0,NA
574,4123,"Salisbury","Rowan","Piedmont","Residential","Urban (>70% Developed)",NA,"Urban","30 - 35  MPH","Stop Sign","Clear","No",50,"50-59","Yes",NA,"Facing Traffic","B: Evident Injury","Travel Lane","Black","Male",24,"20-24","No",NA,"0-5 mph","O: No Injury","White","Female","Passenger Car","Yes","22JUL2010","Thursday","Motorist Failed to Yield - Sign-Controlled Intersection",17,"Intersection","July","B: Evident Injury",64020,"Motorist Drive Out - Sign-Controlled Intersection",2010,"Yes","No","Daylight","Straight - Level","Local Street","Dry","Two-Way, Not Divided","None","T-Intersection","Coarse Asphalt",0,0,0,0,0,0,0,"2 lanes",2,0,NA,0,NA
575,4124,"Raleigh","Wake","Piedmont","Residential","Urban (>70% Developed)",NA,"Urban","40 - 45  MPH","No Control Present","Clear","No",21,"20-24","No",NA,"With Traffic","B: Evident Injury","Travel Lane","Other","Female",22,"20-24","No",NA,"41-45 mph","O: No Injury","White","Female","Passenger Car","No","21JUN2010","Monday","Motorist Overtaking Bicyclist",21,"Intersection","June","B: Evident Injury",75600,"Motorist Overtaking - Misjudged Space",2010,"Yes","No","Dark - Lighted Roadway","Straight - Level","Local Street","Dry","Two-Way, Not Divided","None","No Special Feature","Smooth Asphalt",0,0,0,0,0,0,0,"2 lanes",2,0,NA,0,NA
576,4125,"Kitty Hawk","Dare","Coastal","Commercial","Urban (>70% Developed)",NA,"Rural","50 - 55  MPH","No Control Present","Clear","No",40,"40-49","Yes",NA,"With Traffic","B: Evident Injury","Travel Lane","White","Male",18,"0-19","No",NA,"46-50 mph","O: No Injury","White","Male","Sport Utility","Yes","19JUN2010","Saturday","Bicyclist Left Turn / Merge",21,"Non-Intersection","June","B: Evident Injury",78900,"Bicyclist Left Turn - Opposite Direction",2010,"Yes","No","Dark - Roadway Not Lighted","Straight - Level","US Route","Dry","Two-Way, Not Divided","None","No Special Feature","Coarse Asphalt",0,0,0,0,0,0,0,"5 lanes",2,0,NA,0,NA
577,4127,"Kitty Hawk","Dare","Coastal","Commercial","Mixed (30% To 70% Developed)",NA,"Rural","50 - 55  MPH","No Control Present","Clear","No",19,"16-19","No",NA,"Facing Traffic","B: Evident Injury","Travel Lane","White","Female",18,"0-19","No",NA,"0-5 mph","O: No Injury","White","Male","Sport Utility","No","14JUN2010","Monday","Motorist Failed to Yield - Midblock",15,"Non-Intersection","June","B: Evident Injury",55620,"Motorist Drive Out - Commercial Driveway / Alley",2010,"Yes","No","Daylight","Straight - Level","US Route","Dry","Two-Way, Not Divided","None","Driveway, Public","Coarse Asphalt",0,0,0,0,0,0,0,"5 lanes",2,0,NA,0,NA
578,4136,"Charlotte","Mecklenburg","Piedmont","Commercial","Urban (>70% Developed)",NA,"Urban","20 - 25  MPH","No Control Present","Clear","No",41,"40-49","No",NA,"Facing Traffic","A: Disabling Injury","Sidewalk / Crosswalk / Driveway Crossing","Black","Male",28,"25-29","No",NA,"0-5 mph","O: No Injury","White","Male","Pickup","No","21JUL2010","Wednesday","Motorist Failed to Yield - Midblock",11,"Non-Intersection","July","A: Disabling Injury",42300,"Motorist Drive Out - Commercial Driveway / Alley",2010,"Yes","No","Daylight","Straight - Level",NA,"Dry","Two-Way, Not Divided","None","Other","Concrete",0,0,0,0,0,0,0,NA,2,0,NA,0,NA
579,4167,"Gastonia","Gaston","Piedmont","Commercial","Urban (>70% Developed)",NA,"Urban","30 - 35  MPH","Stop And Go Signal","Clear","No",47,"40-49","No",NA,"With Traffic","C: Possible Injury","Travel Lane","Black","Male",NA,"70+","No",NA,NA,"O: No Injury","White","Male","Passenger Car","No","27JUL2010","Tuesday","Crossing Paths - Other Circumstances",15,"Intersection","July","C: Possible Injury",57420,"Signalized Intersection - Other / Unknown",2010,"Yes","No","Daylight","Straight - Level","Local Street","Dry","Two-Way, Not Divided","None","Four-Way Intersection","Smooth Asphalt",0,0,0,0,0,0,0,"2 lanes",2,0,NA,0,NA
580,4173,"None - Rural Crash","Duplin","Coastal","Farms, Woods, Pastures","Rural (<30% Developed)",NA,"Rural","50 - 55  MPH","Double Yellow Line, No Passing Zone","Cloudy","No",54,"50-59","No",NA,"With Traffic","C: Possible Injury","Travel Lane","Black","Male",32,"30-39","No",NA,"51-55 mph","O: No Injury","White","Male","Pickup","No","05AUG2010","Thursday","Motorist Overtaking Bicyclist",23,"Non-Intersection","August","C: Possible Injury",83220,"Motorist Overtaking - Misjudged Space",2010,"Yes","No","Dark - Roadway Not Lighted","Straight - Level","US Route","Dry","Two-Way, Not Divided","None","No Special Feature","Coarse Asphalt",0,0,0,0,0,0,0,"2 lanes",2,0,NA,0,NA
581,4176,"Raleigh","Wake","Piedmont","Commercial","Urban (>70% Developed)",NA,"Urban","30 - 35  MPH","Stop And Go Signal","Cloudy","No",30,"30-39","No",NA,"With Traffic","C: Possible Injury","Travel Lane","White","Female",35,"30-39","No",NA,"0-5 mph","O: No Injury","Black","Male","Pickup","No","20JUL2010","Tuesday","Other / Unusual Circumstances",20,"Intersection","July","C: Possible Injury",72420,"Bicycle Only",2010,"Yes","No","Daylight","Straight - Level","Local Street","Dry","Two-Way, Not Divided","None","T-Intersection","Smooth Asphalt",0,0,0,0,0,0,0,"5 lanes",2,0,NA,0,NA
582,4177,"Clemmons","Forsyth","Piedmont","Residential","Mixed (30% To 70% Developed)",NA,"Urban","40 - 45  MPH","Stop Sign","Clear","No",34,"30-39","No",NA,"With Traffic","A: Disabling Injury","Travel Lane","White","Male",32,"30-39","No",NA,"41-45 mph","O: No Injury","White","Female","Passenger Car","No","16JUL2010","Friday","Loss of Control / Turning Error",10,"Intersection-Related","July","A: Disabling Injury",37800,"Motorist Turning Error - Right Turn",2010,"Yes","Yes","Daylight","Straight - Level","Local Street","Dry","Two-Way, Not Divided","None","T-Intersection","Coarse Asphalt",0,0,0,0,0,0,0,"2 lanes",2,0,NA,0,NA
583,4196,"Wake Forest","Wake","Piedmont","Commercial","Urban (>70% Developed)",NA,"Urban","50 - 55  MPH","No Control Present","Clear","No",50,"50-59","No",NA,"Facing Traffic","B: Evident Injury","Sidewalk / Crosswalk / Driveway Crossing","White","Male",46,"40-49","No",NA,"0-5 mph","O: No Injury","White","Male","Sport Utility","No","06JUL2010","Tuesday","Motorist Failed to Yield - Midblock",17,"Non-Intersection","July","B: Evident Injury",63480,"Motorist Drive Out - Midblock - Unknown",2010,"Yes","No","Daylight","Straight - Level","US Route","Dry","Two-Way, Divided, Unprotected Median","None","No Special Feature","Smooth Asphalt",0,0,0,0,0,0,0,"4 lanes",2,0,NA,0,NA
584,4197,"Charlotte","Mecklenburg","Piedmont","Residential","Urban (>70% Developed)",NA,"Urban","30 - 35  MPH","Stop Sign","Clear","No",22,"20-24","No",NA,"Facing Traffic","B: Evident Injury","Travel Lane","Black","Male",55,"50-59","No",NA,"16-20 mph","O: No Injury","White","Female","Passenger Car","No","30JUL2010","Friday","Motorist Failed to Yield - Sign-Controlled Intersection",2,"Intersection","July","B: Evident Injury",9000,"Motorist Drive Through - Sign-Controlled Intersection",2010,"Yes","No","Daylight","Straight - Level","Local Street","Dry","Two-Way, Divided, Unprotected Median","None","Four-Way Intersection","Smooth Asphalt",0,0,0,0,0,0,0,"2 lanes",2,0,NA,0,NA
585,4198,"Farmville","Pitt","Coastal","Residential","Urban (>70% Developed)",NA,"Rural","30 - 35  MPH","Yield Sign","Clear","No",31,"30-39","No",NA,"With Traffic","B: Evident Injury","Travel Lane","Black","Male",68,"60-69","No",NA,"21-25 mph","O: No Injury","Black","Female","Van","No","04AUG2010","Wednesday","Bicyclist Left Turn / Merge",16,"Intersection","August","B: Evident Injury",59280,"Bicyclist Left Turn - Same Direction",2010,"No","No","Daylight","Straight - Level","Local Street","Dry","Two-Way, Not Divided","None","Four-Way Intersection","Smooth Asphalt",0,0,0,0,0,0,0,"2 lanes",2,0,NA,0,NA
586,4199,"Raleigh","Wake","Piedmont","Commercial","Urban (>70% Developed)",NA,"Urban","40 - 45  MPH","Stop Sign","Rain","No",35,"30-39","No",NA,"With Traffic","B: Evident Injury","Travel Lane","White","Male",33,"30-39","No",NA,"0-5 mph","O: No Injury","Hispanic","Male","Passenger Car","No","29JUL2010","Thursday","Motorist Failed to Yield - Sign-Controlled Intersection",22,"Intersection","July","B: Evident Injury",80640,"Motorist Drive Out - Sign-Controlled Intersection",2010,"Yes","No","Dark - Lighted Roadway","Straight - Grade","NC Route","Wet","Two-Way, Divided, Unprotected Median","None","No Special Feature","Smooth Asphalt",0,0,0,0,0,0,0,"4 lanes",2,0,NA,0,NA
587,4206,"Smithfield","Johnston","Coastal","Commercial","Rural (<30% Developed)",NA,"Urban","30 - 35  MPH","Stop Sign","Clear","No",38,"30-39","No",NA,"With Traffic","O: No Injury","Travel Lane","Black","Male",57,"50-59","No",NA,"31-35 mph","O: No Injury","White","Male","Pickup","No","04AUG2010","Wednesday","Bicyclist Failed to Yield - Sign-Controlled Intersection",15,"Intersection","August","O: No Injury",55380,"Bicyclist Ride Out - Sign-Controlled Intersection",2010,"Yes","No","Daylight","Straight - Level","US Route","Dry","Two-Way, Not Divided","None","T-Intersection","Grooved Concrete",0,0,0,0,0,0,0,"5 lanes",2,0,NA,0,NA
588,4210,"Apex","Wake","Piedmont","Residential","Urban (>70% Developed)",NA,"Urban","20 - 25  MPH","No Control Present","Clear","No",15,"11-15","No",NA,"With Traffic","B: Evident Injury","Sidewalk / Crosswalk / Driveway Crossing","Black","Male",35,"30-39","No",NA,"16-20 mph","O: No Injury","White","Male","Passenger Car","No","06AUG2010","Friday","Loss of Control / Turning Error",14,"Intersection-Related","August","B: Evident Injury",53820,"Motorist Lost Control - Other / Unknown",2010,"Yes","No","Daylight","Straight - Level","Local Street","Dry","Two-Way, Not Divided","None","No Special Feature","Smooth Asphalt",0,0,0,0,0,0,0,"2 lanes",2,0,NA,0,NA
589,4212,"Greensboro","Guilford","Piedmont","Commercial","Urban (>70% Developed)",NA,"Urban",NA,"No Control Present","Clear","No",18,"16-19","No",NA,"Facing Traffic","C: Possible Injury","Travel Lane","Black","Male",NA,NA,"Missing",NA,"0-5 mph","Unknown Injury","Unknown/Missing",NA,NA,"No","03AUG2010","Tuesday","Motorist Failed to Yield - Midblock",18,"Non-Intersection","August","C: Possible Injury",64980,"Motorist Drive Out - Commercial Driveway / Alley",2010,"No","Yes","Daylight","Straight - Level","Local Street","Dry","Two-Way, Not Divided","None","T-Intersection","Smooth Asphalt",0,0,0,0,0,0,0,"4 lanes",2,0,NA,0,NA
590,4219,"None - Rural Crash","Carteret","Coastal","Farms, Woods, Pastures","Rural (<30% Developed)",NA,"Rural","50 - 55  MPH","No Control Present","Clear","No",17,"16-19","No",NA,"With Traffic","A: Disabling Injury","Travel Lane","White","Male",28,"25-29","No",NA,"51-55 mph","O: No Injury","White","Male","Passenger Car","No","16AUG2010","Monday","Motorist Overtaking Bicyclist",1,"Non-Intersection","August","A: Disabling Injury",3600,"Motorist Overtaking - Undetected Bicyclist",2010,"Yes","No","Dark - Roadway Not Lighted","Curve - Level","US Route","Dry","Two-Way, Divided, Unprotected Median","None","No Special Feature","Coarse Asphalt",0,0,0,0,0,0,0,"4 lanes",2,0,NA,0,NA
591,4222,"None - Rural Crash","Guilford","Piedmont","Residential","Mixed (30% To 70% Developed)",NA,"Rural","40 - 45  MPH","Double Yellow Line, No Passing Zone","Clear","No",30,"30-39","No",NA,"With Traffic","B: Evident Injury","Travel Lane","White","Male",NA,NA,"Missing",NA,NA,"Unknown Injury","Unknown/Missing",NA,"Van","No","07AUG2010","Saturday","Bicyclist Overtaking Motorist",12,"Non-Intersection","August","B: Evident Injury",45900,"Bicyclist Overtaking - Other / Unknown",2010,"No","No","Daylight","Straight - Level","State Secondary Route","Dry","Two-Way, Not Divided","None","Related To Intersection","Smooth Asphalt",0,0,0,0,0,0,0,"2 lanes",3,0,NA,0,NA
592,4251,"High Point","Guilford","Piedmont","Commercial","Urban (>70% Developed)",NA,"Urban","30 - 35  MPH","No Control Present","Clear","No",61,"60-69","No",NA,"Not Applicable","B: Evident Injury","Bike Lane / Paved Shoulder","White","Male",23,"20-24","No",NA,"31-35 mph","O: No Injury","Black","Male","Passenger Car","No","16AUG2010","Monday","Bicyclist Failed to Yield - Midblock",20,"Non-Intersection","August","B: Evident Injury",75000,"Bicyclist Ride Out - Other Midblock",2010,"Yes","No","Dark - Lighted Roadway","Straight - Level","Local Street","Dry","Two-Way, Divided, Unprotected Median","None","No Special Feature","Smooth Asphalt",0,0,0,0,0,0,0,"4 lanes",2,0,NA,0,NA
593,4252,"High Point","Guilford","Piedmont","Residential","Urban (>70% Developed)",NA,"Urban","30 - 35  MPH","Stop Sign","Cloudy","No",41,"40-49","No",NA,"With Traffic","B: Evident Injury","Travel Lane","Black","Male",30,"30-39","No",NA,"6-10 mph","O: No Injury","Black","Male","Passenger Car","No","18AUG2010","Wednesday","Motorist Failed to Yield - Sign-Controlled Intersection",15,"Intersection","August","B: Evident Injury",54600,"Motorist Drive Through - Sign-Controlled Intersection",2010,"Yes","No","Daylight","Straight - Grade","Local Street","Dry","Two-Way, Not Divided","None","Four-Way Intersection","Smooth Asphalt",0,0,0,0,0,0,0,"2 lanes",2,0,NA,0,NA
594,4259,"Hickory","Catawba","Piedmont","Commercial","Urban (>70% Developed)",NA,"Urban","50 - 55  MPH","No Control Present","Cloudy","No",48,"40-49","No",NA,"With Traffic","B: Evident Injury","Travel Lane","White","Male",25,"25-29","No",NA,"36-40 mph","O: No Injury","White","Male","Police","No","16AUG2010","Monday","Motorist Overtaking Bicyclist",22,"Non-Intersection","August","B: Evident Injury",80220,"Motorist Overtaking - Undetected Bicyclist",2010,"Yes","No","Daylight","Straight - Grade","US Route","Dry","Two-Way, Not Divided","None","No Special Feature","Coarse Asphalt",0,0,0,0,0,0,0,"5 lanes",2,0,NA,0,NA
595,4268,"Charlotte","Mecklenburg","Piedmont","Commercial","Urban (>70% Developed)",NA,"Urban","30 - 35  MPH","Stop And Go Signal","Clear","No",17,"16-19","No",NA,"Facing Traffic","B: Evident Injury","Bike Lane / Paved Shoulder","Other","Male",55,"50-59","No",NA,"6-10 mph","O: No Injury","Black","Female","Passenger Car","No","20AUG2010","Friday","Motorist Left Turn / Merge",18,"Intersection","August","B: Evident Injury",67620,"Motorist Left Turn - Opposite Direction",2010,"Yes","No","Daylight","Straight - Level","Local Street","Dry","One-Way, Not Divided","None","Four-Way Intersection","Smooth Asphalt",0,0,0,0,0,0,0,"2 lanes",2,0,NA,0,NA
596,4275,"None - Rural Crash","Dare","Coastal","Residential","Mixed (30% To 70% Developed)",NA,"Rural","20 - 25  MPH","No Control Present","Clear","No",6,"6-10","No",NA,"Not Applicable","B: Evident Injury","Driveway / Alley","White","Male",39,"30-39","No",NA,"0-5 mph","O: No Injury","White","Male","Pickup","No","30AUG2010","Monday","Non-Roadway",10,"Non-Roadway","August","B: Evident Injury",38100,"Non-Roadway",2010,"Yes","No","Daylight","Straight - Level","Private Road, Driveway","Dry","Two-Way, Not Divided","None","No Special Feature","Smooth Asphalt",0,0,0,0,0,0,0,"2 lanes",2,0,NA,0,NA
597,4280,"Charlotte","Mecklenburg","Piedmont","Commercial","Urban (>70% Developed)",NA,"Urban","20 - 25  MPH","Stop Sign","Cloudy","No",NA,"70+","No",NA,"With Traffic","B: Evident Injury","Travel Lane","White","Male",46,"40-49","No",NA,NA,"O: No Injury","White","Male","Passenger Car","No","25AUG2010","Wednesday","Motorist Right Turn / Merge",9,"Intersection","August","B: Evident Injury",33540,"Motorist Right Turn - Same Direction",2010,"No","No","Daylight","Straight - Level","Local Street","Dry","Two-Way, Not Divided","None","T-Intersection","Smooth Asphalt",0,0,0,0,0,0,0,"6 lanes",2,0,NA,0,NA
598,4281,"Fayetteville","Cumberland","Coastal","Commercial","Mixed (30% To 70% Developed)",NA,"Urban","40 - 45  MPH","Flashing Signal Without Stop Sign","Clear","No",16,"16-19","No",NA,"With Traffic","C: Possible Injury","Travel Lane","Black","Male",33,"30-39","No",NA,"26-30 mph","O: No Injury","White","Male","Passenger Car","No","22AUG2010","Sunday","Bicyclist Failed to Yield - Signalized Intersection",2,"Intersection","August","C: Possible Injury",9900,"Bicyclist Ride Through - Signalized Intersection",2010,"No","No","Dark - Lighted Roadway","Straight - Level","Local Street","Dry","Two-Way, Divided, Unprotected Median","None","No Special Feature","Smooth Asphalt",0,0,0,0,0,0,0,"4 lanes",2,0,NA,0,NA
599,4287,"Charlotte","Mecklenburg","Piedmont","Residential","Urban (>70% Developed)",NA,"Urban","30 - 35  MPH","Stop Sign","Clear","No",10,"6-10","No",NA,"Facing Traffic","C: Possible Injury","Travel Lane","Black","Male",37,"30-39","No",NA,"11-15 mph","O: No Injury","Asian","Female","Light Truck (Mini-Van, Panel)","No","27AUG2010","Friday","Bicyclist Failed to Yield - Sign-Controlled Intersection",18,"Intersection","August","C: Possible Injury",65700,"Bicyclist Ride Through - Sign-Controlled Intersection",2010,"Yes","No","Daylight","Straight - Level","Local Street","Dry","Two-Way, Not Divided","None","No Special Feature","Smooth Asphalt",0,0,0,0,0,0,0,"2 lanes",2,0,NA,0,NA
600,4288,"Henderson","Vance","Piedmont","Residential","Mixed (30% To 70% Developed)",NA,"Urban","30 - 35  MPH","Stop Sign","Clear","No",19,"16-19","No",NA,NA,"C: Possible Injury",NA,"Black","Male",NA,NA,"Missing",NA,NA,"Unknown Injury","Unknown/Missing",NA,NA,"No","28AUG2010","Saturday","Other / Unknown - Insufficient Details",22,"Intersection","August","C: Possible Injury",79500,"Unknown Approach Paths",2010,"No","Yes","Daylight","Straight - Level","Local Street","Dry","Two-Way, Not Divided","None","No Special Feature","Smooth Asphalt",0,0,0,0,0,0,0,"2 lanes",2,0,NA,0,NA
601,2259,"Salisbury","Rowan","Piedmont","Commercial","Urban (>70% Developed)",NA,"Urban","30 - 35  MPH","No Control Present","Clear","No",50,"50-59","No",NA,"Facing Traffic","C: Possible Injury","Travel Lane","White","Male",48,"40-49","No",NA,"0-5 mph","O: No Injury","White","Male","Van","No","29JUL2012","Sunday","Motorist Failed to Yield - Sign-Controlled Intersection",12,"Intersection","July","C: Possible Injury",45840,"Motorist Drive Out - Sign-Controlled Intersection",2012,"Yes","No","Daylight","Straight - Level","Public Vehicular Area","Dry","Two-Way, Not Divided","None","Driveway, Public","Smooth Asphalt",0,0,0,0,0,0,0,"2 lanes",2,0,NA,0,NA
602,2250,"Charlotte","Mecklenburg","Piedmont","Commercial","Urban (>70% Developed)",NA,"Urban","20 - 25  MPH","No Control Present","Clear","No",20,"20-24","No",NA,"With Traffic","C: Possible Injury","Travel Lane","Black","Male",22,"20-24","No",NA,"16-20 mph","O: No Injury","Black","Female","Passenger Car","No","21JUN2012","Thursday","Crossing Paths - Other Circumstances",12,"Intersection","June","C: Possible Injury",43860,"Crossing Paths - Intersection - Other / Unknown",2012,"Yes","No","Daylight","Straight - Level","Local Street","Dry","Two-Way, Not Divided","None","No Special Feature","Smooth Asphalt",0,0,0,0,0,0,0,"2 lanes",2,0,NA,0,NA
603,2256,"Jacksonville","Onslow","Coastal","Commercial","Urban (>70% Developed)",NA,"Urban","40 - 45  MPH","Stop And Go Signal","Clear","No",16,"16-19","No",NA,"Facing Traffic","B: Evident Injury","Travel Lane","White","Male",48,"40-49","No",NA,"16-20 mph","O: No Injury","Black","Male","Pickup","No","01JUL2012","Sunday","Bicyclist Failed to Yield - Signalized Intersection",15,"Intersection","July","B: Evident Injury",57240,"Bicyclist Ride Out - Signalized  Intersection",2012,"Yes","No","Daylight","Straight - Level","Local Street","Dry","Two-Way, Not Divided","None","Four-Way Intersection","Smooth Asphalt",0,0,0,0,0,0,0,"5 lanes",2,0,NA,0,NA
604,2258,"Surf City","Pender","Coastal","Residential","Mixed (30% To 70% Developed)",NA,"Rural","30 - 35  MPH","No Control Present","Clear","No",55,"50-59","No",NA,"With Traffic","B: Evident Injury","Travel Lane","White","Male",16,"0-19","No",NA,"26-30 mph","O: No Injury","White","Female","Passenger Car","No","29JUL2012","Sunday","Motorist Left Turn / Merge",8,"Intersection","July","B: Evident Injury",28800,"Motorist Left Turn - Opposite Direction",2012,"Yes","No","Daylight","Straight - Level","Local Street","Dry","Two-Way, Not Divided","None","T-Intersection","Coarse Asphalt",0,0,0,0,0,0,0,"2 lanes",2,0,NA,0,NA
605,2292,"Charlotte","Mecklenburg","Piedmont","Residential","Urban (>70% Developed)",NA,"Urban","40 - 45  MPH","Stop Sign","Clear","No",45,"40-49","Missing",NA,"Facing Traffic","B: Evident Injury","Sidewalk / Crosswalk / Driveway Crossing","White","Female",65,"60-69","No",NA,"0-5 mph","O: No Injury","White","Male","Passenger Car","No","06AUG2012","Monday","Motorist Failed to Yield - Sign-Controlled Intersection",8,"Intersection","August","B: Evident Injury",31560,"Motorist Drive Out - Sign-Controlled Intersection",2012,"Yes","No","Daylight","Straight - Level","Local Street","Dry","Two-Way, Not Divided","None","T-Intersection","Smooth Asphalt",0,0,0,0,0,0,0,"6 lanes",2,0,NA,0,NA
606,2326,"Asheville","Buncombe","Mountains","Commercial","Urban (>70% Developed)",NA,"Urban","30 - 35  MPH","Stop Sign","Clear","No",25,"25-29","No",NA,"With Traffic","C: Possible Injury","Travel Lane","White","Male",30,"30-39","No",NA,"0-5 mph","O: No Injury","White","Male","Passenger Car","No","10AUG2012","Friday","Motorist Failed to Yield - Sign-Controlled Intersection",9,"Intersection","August","C: Possible Injury",35520,"Motorist Drive Out - Sign-Controlled Intersection",2012,"No","No","Dark - Unknown Lighting","Straight - Level","Local Street","Dry","Two-Way, Not Divided","None","No Special Feature","Smooth Asphalt",0,0,0,0,0,0,0,"2 lanes",2,0,NA,0,NA