"...1","object_id","city","county","region","development","locality","on_road","rural_urban","speed_limit","traffic_control","weather","workzone","bike_age","bike_age_group","bike_alcohol","bike_alcohol_drugs","bike_direction","bike_injury","bike_position","bike_race","bike_sex","driver_age","driver_age_group","driver_alcohol","driver_alcohol_drugs","driver_est_speed","driver_injury","driver_race","driver_sex","driver_vehicle_type","crash_alcohol","crash_date","crash_day","crash_group","crash_hour","crash_location","crash_month","crash_severity","crash_time","crash_type","crash_year","ambulance_req","hit_run","light_condition","road_character","road_class","road_condition","road_configuration","road_defects","road_feature","road_surface","num_bikes_ai","num_bikes_bi","num_bikes_ci","num_bikes_ki","num_bikes_no","num_bikes_to","num_bikes_ui","num_lanes","num_units","distance_mi_from","frm_road","rte_invd_cd","towrd_road"
607,2298,"High Point","Guilford","Piedmont","Commercial","Urban (>70% Developed)",NA,"Urban","30 - 35  MPH","Stop Sign","Clear","No",51,"50-59","No",NA,"With Traffic","C: Possible Injury","Travel Lane","Black","Male",30,"30-39","No",NA,"11-15 mph","O: No Injury","Black","Female","Passenger Car","No","30JUL2012","Monday","Motorist Failed to Yield - Sign-Controlled Intersection",17,"Intersection","July","C: Possible Injury",62760,"Motorist Drive Out - Sign-Controlled Intersection",2012,"Yes","No","Daylight","Straight - Level","NC Route","Dry","Two-Way, Not Divided","None","T-Intersection","Smooth Asphalt",0,0,0,0,0,0,0,"5 lanes",2,0,NA,0,NA
608,2261,"Kill Devil Hills","Dare","Coastal","Residential","Urban (>70% Developed)",NA,"Urban","30 - 35  MPH","No Control Present","Cloudy","No",40,"40-49","No",NA,"With Traffic","C: Possible Injury","Travel Lane","White","Male",44,"40-49","No",NA,"6-10 mph","O: No Injury","White","Male","Pickup","No","22JUL2012","Sunday","Motorist Failed to Yield - Midblock",8,"Non-Intersection","July","C: Possible Injury",30420,"Motorist Drive Out - Commercial Driveway / Alley",2012,"Yes","No","Daylight","Straight - Level","NC Route","Wet","Two-Way, Not Divided","None","Related To Intersection","Coarse Asphalt",0,0,0,0,0,0,0,"2 lanes",2,0,NA,0,NA
609,2306,"Sanford","Lee","Piedmont","Commercial","Urban (>70% Developed)",NA,"Urban","30 - 35  MPH","Stop And Go Signal","Clear","No",65,"60-69","No",NA,"Facing Traffic","C: Possible Injury","Travel Lane","White","Male",42,"40-49","No",NA,"6-10 mph","O: No Injury","White","Male","Pickup","No","29JUL2012","Sunday","Crossing Paths - Other Circumstances",18,"Intersection","July","C: Possible Injury",65580,"Signalized Intersection - Other / Unknown",2012,"Yes","No","Daylight","Straight - Hillcrest","Local Street","Dry","Two-Way, Not Divided","None","Related To Intersection","Coarse Asphalt",0,0,0,0,0,0,0,"5 lanes",2,0,NA,0,NA
610,2320,"Wilmington","New Hanover","Coastal","Commercial","Urban (>70% Developed)",NA,"Urban","40 - 45  MPH","No Control Present","Rain","No",32,"30-39","No",NA,"With Traffic","B: Evident Injury","Travel Lane","White","Female",29,"25-29","No",NA,"0-5 mph","O: No Injury","White","Male","Sport Utility","No","11AUG2012","Saturday","Motorist Left Turn / Merge",13,"Intersection","August","B: Evident Injury",48720,"Motorist Left Turn - Opposite Direction",2012,"Yes","No","Daylight","Straight - Level","Local Street","Wet","One-Way, Not Divided","None","No Special Feature","Coarse Asphalt",0,0,0,0,0,0,0,"5 lanes",2,0,NA,0,NA
611,2276,"Greenville","Pitt","Coastal","Commercial","Urban (>70% Developed)",NA,"Urban","40 - 45  MPH","No Control Present","Clear","No",48,"40-49","No",NA,"With Traffic","C: Possible Injury","Travel Lane","Black","Male",46,"40-49","No",NA,"6-10 mph","O: No Injury","Black","Male","Pickup","No","26JUL2012","Thursday","Motorist Overtaking Bicyclist",18,"Non-Intersection","July","C: Possible Injury",66660,"Motorist Overtaking - Misjudged Space",2012,"Yes","No","Daylight","Straight - Level","State Secondary Route","Dry","Two-Way, Not Divided","None","No Special Feature","Coarse Asphalt",0,0,0,0,0,0,0,"5 lanes",2,0,NA,0,NA
612,2286,"None - Rural Crash","Buncombe","Mountains","Institutional","Mixed (30% To 70% Developed)",NA,"Rural",NA,"No Control Present","Clear","No",22,"20-24","No",NA,"Facing Traffic","B: Evident Injury","Travel Lane","White","Female",23,"20-24","Yes",NA,"11-15 mph","O: No Injury","White","Female","Sport Utility","Yes","03AUG2012","Friday","Head-On",15,"Non-Intersection","August","B: Evident Injury",54060,"Head-On - Bicyclist",2012,"Yes","No","Daylight","Curve - Grade","Public Vehicular Area","Dry","Two-Way, Not Divided","None","Driveway, Public","Smooth Asphalt",0,0,0,0,0,0,0,"2 lanes",2,0,NA,0,NA
613,2285,"Charlotte","Mecklenburg","Piedmont","Residential","Urban (>70% Developed)",NA,"Urban","30 - 35  MPH","No Control Present","Clear","No",48,"40-49","No",NA,"Not Applicable","C: Possible Injury","Non-Roadway","Black","Male",NA,NA,"Missing",NA,NA,"Unknown Injury","Unknown/Missing",NA,"Passenger Car","No","15JUL2012","Sunday","Non-Roadway",16,"Non-Roadway","July","C: Possible Injury",58620,"Non-Roadway",2012,"Yes","No","Daylight","Straight - Level","Public Vehicular Area","Dry","One-Way, Not Divided","None","Driveway, Private","Sand",0,0,0,0,0,0,0,"1 lane",2,0,NA,0,NA
614,2397,"None - Rural Crash","Moore","Piedmont","Farms, Woods, Pastures","Rural (<30% Developed)",NA,"Rural","40 - 45  MPH","No Control Present","Clear","No",27,"25-29","No",NA,"With Traffic","B: Evident Injury","Travel Lane","White","Female",NA,NA,"Missing",NA,"41-45 mph","Unknown Injury","Unknown/Missing",NA,"Passenger Car","No","31AUG2012","Friday","Motorist Overtaking Bicyclist",6,"Non-Intersection","August","B: Evident Injury",22860,"Motorist Overtaking - Misjudged Space",2012,"Yes","Yes","Daylight","Straight - Level","State Secondary Route","Dry","Two-Way, Divided, Unprotected Median","None","No Special Feature","Coarse Asphalt",0,0,0,0,0,0,0,"2 lanes",2,0,NA,0,NA
615,2419,"None - Rural Crash","Wake","Piedmont","Farms, Woods, Pastures","Rural (<30% Developed)",NA,"Rural","40 - 45  MPH","Double Yellow Line, No Passing Zone","Clear","No",22,"20-24","No",NA,"With Traffic","A: Disabling Injury","Travel Lane","White","Male",43,"40-49","No",NA,"41-45 mph","O: No Injury","White","Female","Pickup","No","15SEP2012","Saturday","Motorist Overtaking Bicyclist",7,"Non-Intersection","September","A: Disabling Injury",25920,"Motorist Overtaking - Undetected Bicyclist",2012,"Yes","No","Daylight","Straight - Grade","State Secondary Route","Dry","Two-Way, Not Divided","None","No Special Feature","Coarse Asphalt",0,0,0,0,0,0,0,"2 lanes",2,0,NA,0,NA
616,2375,"Madison","Rockingham","Piedmont","Commercial","Urban (>70% Developed)",NA,"Rural","30 - 35  MPH","Stop Sign","Cloudy","No",14,"11-15","No",NA,"Facing Traffic","B: Evident Injury","Sidewalk / Crosswalk / Driveway Crossing","Black","Male",64,"60-69","No",NA,"0-5 mph","O: No Injury","White","Male","Single Unit Truck (2-Axle, 6-Tire)","No","10JUL2012","Tuesday","Motorist Failed to Yield - Midblock",8,"Non-Intersection","July","B: Evident Injury",31440,"Motorist Drive Out - Commercial Driveway / Alley",2012,"No","No","Daylight","Straight - Level","Local Street","Dry","Two-Way, Not Divided","None","Other","Smooth Asphalt",0,0,0,0,0,0,0,"2 lanes",2,0,NA,0,NA
617,2401,"Raleigh","Wake","Piedmont","Residential","Urban (>70% Developed)",NA,"Urban","20 - 25  MPH","No Control Present","Clear","No",11,"11-15","No",NA,"Facing Traffic","C: Possible Injury","Sidewalk / Crosswalk / Driveway Crossing","Black","Male",62,"60-69","No",NA,"16-20 mph","O: No Injury","White","Female","Passenger Car","No","08SEP2012","Saturday","Bicyclist Failed to Yield - Midblock",16,"Non-Intersection","September","C: Possible Injury",58380,"Bicyclist Ride Out - Other Midblock",2012,"Yes","No","Daylight","Straight - Level","Local Street","Dry","Two-Way, Not Divided","None","No Special Feature","Coarse Asphalt",0,0,0,0,0,0,0,"2 lanes",2,0,NA,0,NA
618,2390,"None - Rural Crash","Watauga","Mountains","Farms, Woods, Pastures","Rural (<30% Developed)",NA,"Rural","50 - 55  MPH","Double Yellow Line, No Passing Zone","Clear","No",24,"20-24","No",NA,"With Traffic","O: No Injury","Travel Lane","White","Male",20,"20-24","No",NA,"31-35 mph","O: No Injury","White","Male","Sport Utility","No","05SEP2012","Wednesday","Bicyclist Left Turn / Merge",18,"Non-Intersection","September","O: No Injury",64800,"Bicyclist Left Turn - Same Direction",2012,"No","No","Daylight","Straight - Grade","State Secondary Route","Dry","Two-Way, Not Divided","None","No Special Feature","Smooth Asphalt",0,0,0,0,0,0,0,"2 lanes",2,0,NA,0,NA
619,2393,"Rocky Mount","Nash","Coastal","Residential","Urban (>70% Developed)",NA,"Urban","30 - 35  MPH","No Control Present","Cloudy","No",17,"16-19","No",NA,"Facing Traffic","B: Evident Injury","Travel Lane","Black","Male",NA,"70+","No",NA,"31-35 mph","O: No Injury","Black","Female","Passenger Car","No","11AUG2012","Saturday","Bicyclist Failed to Yield - Sign-Controlled Intersection",12,"Intersection","August","B: Evident Injury",44880,"Bicyclist Ride Through - Sign-Controlled Intersection",2012,"Yes","No","Daylight","Straight - Level","Local Street","Wet","One-Way, Not Divided","None","No Special Feature","Coarse Asphalt",0,0,0,0,0,0,0,"2 lanes",2,0,NA,0,NA
620,2391,"Rocky Mount","Edgecombe","Coastal","Residential","Urban (>70% Developed)",NA,"Urban","30 - 35  MPH","Stop And Go Signal","Clear","No",17,"16-19","No",NA,"With Traffic","C: Possible Injury","Travel Lane","Black","Female",20,"20-24","No",NA,"6-10 mph","O: No Injury","Black","Female","Passenger Car","No","14AUG2012","Tuesday","Crossing Paths - Other Circumstances",9,"Intersection","August","C: Possible Injury",35580,"Signalized Intersection - Other / Unknown",2012,"No","No","Daylight","Straight - Level","Local Street","Dry","Two-Way, Divided, Unprotected Median","None","No Special Feature","Coarse Asphalt",0,0,0,0,0,0,0,"4 lanes",2,0,NA,0,NA
621,2373,"Kannapolis","Rowan","Piedmont","Residential","Urban (>70% Developed)",NA,"Urban","40 - 45  MPH","No Control Present","Clear","No",9,"6-10","No",NA,"Not Applicable","B: Evident Injury","Non-Roadway","Black","Male",NA,"70+","No",NA,"6-10 mph","O: No Injury","White","Female","Passenger Car","No","26AUG2012","Sunday","Loss of Control / Turning Error",9,"Non-Intersection","August","B: Evident Injury",35460,"Bicyclist Lost Control - Mechanical Problems",2012,"Yes","No","Daylight","Straight - Level","State Secondary Route","Dry","Two-Way, Not Divided","None","No Special Feature","Smooth Asphalt",0,0,0,0,0,0,0,"2 lanes",2,0,NA,0,NA
622,2404,"Kitty Hawk","Dare","Coastal","Commercial","Urban (>70% Developed)",NA,"Rural","60 - 75 MPH","No Control Present","Clear","No",49,"40-49","No",NA,"Facing Traffic","C: Possible Injury","Multi-use Path","White","Female",43,"40-49","No",NA,"0-5 mph","O: No Injury","White","Male","Van","No","12AUG2012","Sunday","Motorist Failed to Yield - Midblock",11,"Non-Intersection","August","C: Possible Injury",39900,"Motorist Drive Out - Commercial Driveway / Alley",2012,"No","No","Daylight","Straight - Level","US Route","Dry","Two-Way, Not Divided","None","No Special Feature","Coarse Asphalt",0,0,0,0,0,0,0,"5 lanes",2,0,NA,0,NA
623,2491,"Shelby","Cleveland","Mountains","Commercial","Urban (>70% Developed)",NA,"Urban","30 - 35  MPH","Stop And Go Signal","Clear","No",30,"30-39","No",NA,"Facing Traffic","C: Possible Injury","Sidewalk / Crosswalk / Driveway Crossing","Black","Male",64,"60-69","No",NA,"21-25 mph","O: No Injury","White","Female","Passenger Car","No","27SEP2012","Thursday","Crossing Paths - Other Circumstances",20,"Intersection","September","C: Possible Injury",73980,"Signalized Intersection - Other / Unknown",2012,"Yes","No","Dark - Lighted Roadway","Straight - Level","Local Street","Dry","Two-Way, Not Divided","None","Four-Way Intersection","Smooth Asphalt",0,0,0,0,0,0,0,"3 lanes",2,0,NA,0,NA
624,2478,"Winston-Salem","Forsyth","Piedmont","Residential","Urban (>70% Developed)",NA,"Urban","30 - 35  MPH","Stop And Go Signal","Clear","No",19,"16-19","No",NA,"With Traffic","C: Possible Injury","Travel Lane","Black","Female",63,"60-69","No",NA,"6-10 mph","O: No Injury","White","Female","Passenger Car","No","13SEP2012","Thursday","Bicyclist Failed to Yield - Signalized Intersection",9,"Intersection","September","C: Possible Injury",33960,"Bicyclist Ride Through - Signalized Intersection",2012,"Yes","No","Daylight","Straight - Level","Local Street","Dry","Two-Way, Not Divided","None","Four-Way Intersection","Smooth Asphalt",0,0,0,0,0,0,0,"4 lanes",2,0,NA,0,NA
625,2460,"None - Rural Crash","Mecklenburg","Piedmont","Commercial","Urban (>70% Developed)",NA,"Rural","20 - 25  MPH","No Control Present","Clear","No",35,"30-39","No",NA,"With Traffic","B: Evident Injury","Travel Lane","Hispanic","Male",22,"20-24","No",NA,"0-5 mph","O: No Injury","White","Male","Passenger Car","No","27SEP2012","Thursday","Motorist Right Turn / Merge",17,"Non-Intersection","September","B: Evident Injury",61320,"Motorist Right Turn - Same Direction",2012,"Yes","No","Daylight","Straight - Level","Local Street","Dry","Two-Way, Not Divided","None","No Special Feature","Smooth Asphalt",0,0,0,0,0,0,0,"4 lanes",2,0,NA,0,NA
626,2486,"None - Rural Crash","Guilford","Piedmont","Residential","Urban (>70% Developed)",NA,"Rural","30 - 35  MPH","Stop Sign","Clear","No",8,"6-10","No",NA,"With Traffic","C: Possible Injury","Travel Lane","Black","Male",48,"40-49","No",NA,"26-30 mph","O: No Injury","Black","Female","Pickup","No","21SEP2012","Friday","Loss of Control / Turning Error",22,"Intersection","September","C: Possible Injury",79200,"Bicyclist Lost Control - Mechanical Problems",2012,"Yes","No","Daylight","Straight - Level","Local Street","Dry","Two-Way, Not Divided","None","Related To Intersection","Smooth Asphalt",0,0,0,0,0,0,0,"2 lanes",2,0,NA,0,NA
627,2475,"Carrboro","Orange","Piedmont","Commercial","Urban (>70% Developed)",NA,"Urban","20 - 25  MPH","No Control Present","Clear","No",29,"25-29","No",NA,"With Traffic","C: Possible Injury","Bike Lane / Paved Shoulder","White","Female",16,"0-19","No",NA,"0-5 mph","O: No Injury","White","Male","Pickup","No","21SEP2012","Friday","Motorist Right Turn / Merge",17,"Non-Intersection","September","C: Possible Injury",64680,"Motorist Right Turn - Same Direction",2012,"No","No","Daylight","Straight - Level","Local Street","Dry","Two-Way, Not Divided","None","No Special Feature","Coarse Asphalt",0,0,0,0,0,0,0,"2 lanes",2,0,NA,0,NA
628,2464,"Raleigh","Wake","Piedmont","Residential","Urban (>70% Developed)",NA,"Urban","30 - 35  MPH","No Control Present","Clear","No",24,"20-24","No",NA,"With Traffic","C: Possible Injury","Travel Lane","White","Female",22,"20-24","No",NA,"0-5 mph","O: No Injury","Black","Male","Passenger Car","No","21SEP2012","Friday","Motorist Left Turn / Merge",20,"Intersection","September","C: Possible Injury",72720,"Motorist Left Turn - Opposite Direction",2012,"Yes","No","Dark - Lighted Roadway","Straight - Level","Local Street","Dry","Two-Way, Not Divided","None","T-Intersection","Smooth Asphalt",0,0,0,0,0,0,0,"7 lanes",2,0,NA,0,NA
629,2463,"Chapel Hill","Orange","Piedmont","Commercial","Urban (>70% Developed)",NA,"Urban","20 - 25  MPH","No Control Present","Clear","No",33,"30-39","No",NA,"With Traffic","C: Possible Injury","Travel Lane","White","Female",NA,"70+","No",NA,"6-10 mph","O: No Injury","White","Female","Passenger Car","No","23SEP2012","Sunday","Motorist Left Turn / Merge",10,"Non-Intersection","September","C: Possible Injury",39000,"Motorist Left Turn - Opposite Direction",2012,"Yes","No","Daylight","Straight - Level","Local Street","Dry","Two-Way, Not Divided","None","T-Intersection","Coarse Asphalt",0,0,0,0,0,0,0,"3 lanes",2,0,NA,0,NA
630,2484,"Raleigh","Wake","Piedmont","Institutional","Urban (>70% Developed)",NA,"Urban","20 - 25  MPH","Stop Sign","Clear","No",27,"25-29","No",NA,"With Traffic","B: Evident Injury","Travel Lane","White","Male",27,"25-29","No",NA,NA,"O: No Injury","Hispanic","Female","Passenger Car","No","11SEP2012","Tuesday","Bicyclist Overtaking Motorist",9,"Intersection","September","B: Evident Injury",35580,"Bicyclist Overtaking - Passing on Right",2012,"Yes","No","Daylight","Other","Local Street","Dry","Two-Way, Divided, Unprotected Median","None","T-Intersection","Smooth Asphalt",0,0,0,0,0,0,0,"2 lanes",2,0,NA,0,NA
631,2461,"Lenoir","Caldwell","Mountains","Residential","Urban (>70% Developed)",NA,"Urban","5 - 15 MPH","No Control Present","Clear","No",8,"6-10","No",NA,"Not Applicable","O: No Injury","Non-Roadway","Hispanic","Female",64,"60-69","No",NA,"6-10 mph","O: No Injury","White","Male","Passenger Car","No","27SEP2012","Thursday","Non-Roadway",17,"Non-Roadway","September","O: No Injury",62760,"Non-Roadway",2012,"No","No","Daylight","Straight - Level","Public Vehicular Area","Dry","Two-Way, Not Divided","None","Driveway, Private","Coarse Asphalt",0,0,0,0,0,0,0,NA,3,0,NA,0,NA
632,2492,"Raleigh","Wake","Piedmont","Commercial","Urban (>70% Developed)",NA,"Urban","5 - 15 MPH","Yield Sign","Clear","No",29,"25-29","No",NA,"With Traffic","C: Possible Injury","Travel Lane","White","Male",19,"0-19","No",NA,"6-10 mph","O: No Injury","White","Male","Passenger Car","No","03OCT2012","Wednesday","Motorist Failed to Yield - Sign-Controlled Intersection",20,"Intersection","October","C: Possible Injury",74040,"Motorist Drive Through - Sign-Controlled Intersection",2012,"Yes","No","Dark - Lighted Roadway","Curve - Level","Local Street","Dry","One-Way, Not Divided","None","Traffic Circle/Roundabout","Smooth Asphalt",0,0,0,0,0,0,0,"1 lane",2,0,NA,0,NA
633,2520,"Wilmington","New Hanover","Coastal","Residential","Urban (>70% Developed)",NA,"Urban","40 - 45  MPH","Stop And Go Signal","Clear","No",NA,NA,"No",NA,"With Traffic","Unknown Injury","Travel Lane","Unknown/Missing",NA,NA,NA,"No",NA,"41-45 mph","Unknown Injury","Unknown/Missing",NA,NA,"No","27SEP2012","Thursday","Motorist Overtaking Bicyclist",15,"Intersection","September","Unknown Injury",55560,"Motorist Overtaking - Other / Unknown",2012,"No","Yes","Daylight","Straight - Level","Local Street","Dry","Two-Way, Not Divided","None","No Special Feature","Coarse Asphalt",0,0,0,0,0,0,0,"5 lanes",2,0,NA,0,NA
634,2506,"None - Rural Crash","Durham","Piedmont","Farms, Woods, Pastures","Rural (<30% Developed)",NA,"Rural","40 - 45  MPH","Stop And Go Signal","Clear","No",42,"40-49","No",NA,"With Traffic","C: Possible Injury","Travel Lane","Other","Male",44,"40-49","No",NA,"41-45 mph","O: No Injury","White","Male","Passenger Car","No","11OCT2012","Thursday","Motorist Left Turn / Merge",7,"Intersection","October","C: Possible Injury",27900,"Motorist Left Turn - Opposite Direction",2012,"Yes","No","Daylight","Straight - Grade","NC Route","Dry","Two-Way, Divided, Unprotected Median","None","Four-Way Intersection","Smooth Asphalt",0,0,0,0,0,0,0,"4 lanes",2,0,NA,0,NA
635,2505,"Wadesboro","Anson","Piedmont","Commercial","Rural (<30% Developed)",NA,"Urban","50 - 55  MPH","No Control Present","Clear","No",16,"16-19","No",NA,"With Traffic","B: Evident Injury","Travel Lane","Black","Male",35,"30-39","No",NA,"51-55 mph","O: No Injury","Black","Female","Van","No","02OCT2012","Tuesday","Motorist Overtaking Bicyclist",1,"Intersection-Related","October","B: Evident Injury",4620,"Motorist Overtaking - Other / Unknown",2012,"Yes","No","Dark - Roadway Not Lighted","Straight - Level","US Route","Dry","Two-Way, Divided, Unprotected Median","None","T-Intersection","Smooth Asphalt",0,0,0,0,0,0,0,"5 lanes",2,0,NA,0,NA
636,2508,"Wilmington","New Hanover","Coastal","Institutional","Urban (>70% Developed)",NA,"Urban","20 - 25  MPH","Other","Clear","No",20,"20-24","No",NA,"With Traffic","C: Possible Injury","Travel Lane","White","Male",20,"20-24","No",NA,"0-5 mph","O: No Injury","White","Female","Passenger Car","No","11OCT2012","Thursday","Motorist Left Turn / Merge",22,"Intersection","October","C: Possible Injury",80100,"Motorist Left Turn - Opposite Direction",2012,"No","No","Dark - Lighted Roadway","Straight - Level","Local Street","Dry","Two-Way, Not Divided","None","Four-Way Intersection","Smooth Asphalt",0,0,0,0,0,0,0,"2 lanes",2,0,NA,0,NA
637,2528,"Raleigh","Wake","Piedmont","Commercial","Mixed (30% To 70% Developed)",NA,"Urban","30 - 35  MPH","No Control Present","Clear","No",57,"50-59","No",NA,"With Traffic","B: Evident Injury","Travel Lane","White","Male",64,"60-69","No",NA,"0-5 mph","O: No Injury","White","Male","Sport Utility","No","16OCT2012","Tuesday","Motorist Left Turn / Merge",11,"Non-Intersection","October","B: Evident Injury",40920,"Motorist Left Turn - Opposite Direction",2012,"Yes","No","Daylight","Straight - Grade","Local Street","Dry","Two-Way, Not Divided","None","No Special Feature","Smooth Asphalt",0,0,0,0,0,0,0,"3 lanes",2,0,NA,0,NA
638,2504,"Charlotte","Mecklenburg","Piedmont","Commercial","Urban (>70% Developed)",NA,"Urban","5 - 15 MPH","No Control Present","Clear","No",19,"16-19","No",NA,"Not Applicable","C: Possible Injury","Sidewalk / Crosswalk / Driveway Crossing","Black","Male",44,"40-49","No",NA,"0-5 mph","O: No Injury","White","Male","Light Truck (Mini-Van, Panel)","No","10OCT2012","Wednesday","Non-Roadway",9,"Non-Roadway","October","C: Possible Injury",32400,"Non-Roadway",2012,"Yes","No","Daylight","Straight - Level","Private Road, Driveway","Dry","Two-Way, Not Divided","None","Driveway, Private","Other",0,0,0,0,0,0,0,"2 lanes",2,0,NA,0,NA
639,2523,"Raleigh","Wake","Piedmont","Residential","Urban (>70% Developed)",NA,"Urban","30 - 35  MPH","No Control Present","Rain","No",28,"25-29","No",NA,"With Traffic","B: Evident Injury","Travel Lane","White","Male",19,"0-19","No",NA,"0-5 mph","O: No Injury","White","Female","Sport Utility","No","09OCT2012","Tuesday","Motorist Left Turn / Merge",11,"Non-Intersection","October","B: Evident Injury",42840,"Motorist Left Turn - Opposite Direction",2012,"Yes","No","Daylight","Straight - Grade","Local Street","Wet","Two-Way, Not Divided","None","No Special Feature","Smooth Asphalt",0,0,0,0,0,0,0,"4 lanes",2,0,NA,0,NA
640,1214,"Tarboro","Edgecombe","Coastal","Residential","Urban (>70% Developed)","SAINT ANDREW ST","Urban","20 - 25  MPH","Flashing Signal With Stop Sign","Clear","No",16,"16-19","No",NA,"With Traffic","Unknown Injury","Travel Lane","Black","Male",34,"30-39","No",NA,"21-25 mph","O: No Injury","Black","Female","Passenger Car","No","17JUN2013","Monday","Bicyclist Failed to Yield - Sign-Controlled Intersection",18,"Intersection","June","O: No Injury",68220,"Bicyclist Ride Out - Sign-Controlled Intersection",2013,"Yes","No","Daylight","Straight - Level","Local Street","Dry","One-Way, Not Divided","None","Four-Way Intersection","Smooth Asphalt",0,0,0,0,0,0,0,"1 lane",2,0,NA,0,NA
641,1216,"Walkertown","Forsyth","Piedmont","Residential","Mixed (30% To 70% Developed)","SR 1934","Rural","40 - 45  MPH","No Control Present","Clear","No",7,"6-10","No",NA,"Not Applicable","B: Evident Injury","Driveway / Alley","Hispanic","Female",69,"60-69","No",NA,"36-40 mph","O: No Injury","White","Male","Pickup","No","02JUL2013","Tuesday","Bicyclist Failed to Yield - Midblock",12,"Non-Intersection","July","B: Evident Injury",46740,"Bicyclist Ride Out - Residential Driveway",2013,"Yes","No","Daylight","Straight - Grade","State Secondary Route","Wet","Two-Way, Not Divided","None","Driveway, Private","Coarse Asphalt",0,0,0,0,0,0,0,"2 lanes",2,0,NA,0,NA
642,1225,"None - Rural Crash","Pitt","Coastal","Commercial","Rural (<30% Developed)","NC 33","Rural","40 - 45  MPH","Double Yellow Line, No Passing Zone","Clear","No",55,"50-59","Yes",NA,"With Traffic","C: Possible Injury","Travel Lane","Black","Male",26,"25-29","No",NA,"41-45 mph","O: No Injury","White","Male","Pickup","Yes","05JUL2013","Friday","Motorist Overtaking Bicyclist",21,"Non-Intersection","July","C: Possible Injury",77340,"Motorist Overtaking - Other / Unknown",2013,"Yes","No","Dark - Roadway Not Lighted","Straight - Level","NC Route","Dry","Two-Way, Not Divided","None","No Special Feature","Coarse Asphalt",0,0,0,0,0,0,0,"2 lanes",2,0,NA,0,NA
643,1204,"Asheville","Buncombe","Mountains","Industrial","Urban (>70% Developed)","COLLEGE ST","Urban","20 - 25  MPH","Stop And Go Signal","Rain","No",27,"25-29","No",NA,"With Traffic","C: Possible Injury","Travel Lane","White","Male",22,"20-24","Yes",NA,"16-20 mph","O: No Injury","White","Male","Pickup","Yes","08JUN2013","Saturday","Motorist Overtaking Bicyclist",1,"Intersection-Related","June","C: Possible Injury",6360,"Motorist Overtaking - Other / Unknown",2013,"No","No","Dark - Lighted Roadway","Straight - Hillcrest","Local Street","Wet","One-Way, Not Divided","None","No Special Feature","Smooth Asphalt",0,0,0,0,0,0,0,"3 lanes",2,0,NA,0,NA
644,1226,"None - Rural Crash","New Hanover","Coastal","Residential","Urban (>70% Developed)","SR 2311","Rural","30 - 35  MPH","No Control Present","Clear","No",53,"50-59","No",NA,"With Traffic","C: Possible Injury","Travel Lane","Black","Male",17,"0-19","No",NA,"6-10 mph","O: No Injury","White","Female","Passenger Car","No","05JUL2013","Friday","Motorist Left Turn / Merge",19,"Intersection","July","C: Possible Injury",70920,"Motorist Left Turn - Opposite Direction",2013,"No","No","Daylight","Straight - Level","State Secondary Route","Dry","Two-Way, Not Divided","None","Driveway, Public","Coarse Asphalt",0,0,0,0,0,0,0,"2 lanes",2,0,NA,0,NA
645,1223,"Raleigh","Wake","Piedmont","Residential","Urban (>70% Developed)","GREEN RD","Urban","30 - 35  MPH","No Control Present","Clear","No",56,"50-59","No",NA,"With Traffic","C: Possible Injury","Travel Lane","Hispanic","Male",55,"50-59","No",NA,"11-15 mph","O: No Injury","Black","Male","Passenger Car","No","29JUN2013","Saturday","Motorist Right Turn / Merge",11,"Intersection","June","C: Possible Injury",41220,"Motorist Right Turn - Same Direction",2013,"Yes","No","Daylight","Straight - Level","Local Street","Wet","Two-Way, Not Divided","None","Four-Way Intersection","Smooth Asphalt",0,0,0,0,0,0,0,"4 lanes",2,0,NA,0,NA
646,1206,"New Bern","Craven","Coastal","Residential","Urban (>70% Developed)","OLD AIRPORT RD","Urban","40 - 45  MPH","No Control Present","Clear","No",60,"60-69","No",NA,"With Traffic","K: Killed","Travel Lane","White","Female",29,"25-29","No",NA,"56-60 mph","O: No Injury","White","Male","Passenger Car","No","19JUN2013","Wednesday","Bicyclist Left Turn / Merge",19,"Non-Intersection","June","K: Killed",71460,"Bicyclist Left Turn - Same Direction",2013,"No","No","Dusk","Straight - Hillcrest","Local Street","Dry","Two-Way, Not Divided","None","No Special Feature","Smooth Asphalt",0,0,0,0,0,0,0,"2 lanes",2,0,NA,0,NA
647,1286,"None - Rural Crash","Brunswick","Coastal","Residential","Mixed (30% To 70% Developed)","SR 1139","Rural","40 - 45  MPH","Double Yellow Line, No Passing Zone","Clear","No",18,"16-19","No",NA,"With Traffic","B: Evident Injury","Bike Lane / Paved Shoulder","Black","Male",NA,NA,"Missing",NA,"41-45 mph","Unknown Injury","Unknown/Missing",NA,"Sport Utility","No","15JUL2013","Monday","Loss of Control / Turning Error",21,"Non-Intersection","July","B: Evident Injury",78840,"Motorist Lost Control - Other / Unknown",2013,"Yes","Yes","Dark - Roadway Not Lighted","Straight - Level","State Secondary Route","Dry","Two-Way, Not Divided","None","No Special Feature","Coarse Asphalt",0,0,0,0,0,0,0,"2 lanes",2,0,NA,0,NA