"...1","object_id","city","county","region","development","locality","on_road","rural_urban","speed_limit","traffic_control","weather","workzone","bike_age","bike_age_group","bike_alcohol","bike_alcohol_drugs","bike_direction","bike_injury","bike_position","bike_race","bike_sex","driver_age","driver_age_group","driver_alcohol","driver_alcohol_drugs","driver_est_speed","driver_injury","driver_race","driver_sex","driver_vehicle_type","crash_alcohol","crash_date","crash_day","crash_group","crash_hour","crash_location","crash_month","crash_severity","crash_time","crash_type","crash_year","ambulance_req","hit_run","light_condition","road_character","road_class","road_condition","road_configuration","road_defects","road_feature","road_surface","num_bikes_ai","num_bikes_bi","num_bikes_ci","num_bikes_ki","num_bikes_no","num_bikes_to","num_bikes_ui","num_lanes","num_units","distance_mi_from","frm_road","rte_invd_cd","towrd_road"
648,1270,"Raleigh","Wake","Piedmont","Farms, Woods, Pastures","Rural (<30% Developed)","SR 1009","Urban","40 - 45  MPH","Stop And Go Signal","Cloudy","No",26,"25-29","No",NA,"With Traffic","B: Evident Injury","Travel Lane","White","Male",NA,NA,"No",NA,"11-15 mph","Unknown Injury","Unknown/Missing",NA,"Passenger Car","No","16JUL2013","Tuesday","Motorist Overtaking Bicyclist",18,"Non-Intersection","July","B: Evident Injury",65760,"Motorist Overtaking - Other / Unknown",2013,"No","Yes","Daylight","Straight - Level","State Secondary Route","Dry","Two-Way, Divided, Unprotected Median","None","Related To Intersection","Coarse Asphalt",0,0,0,0,0,0,0,"4 lanes",2,0,NA,0,NA
649,1276,"Raleigh","Wake","Piedmont","Residential","Urban (>70% Developed)","N NEW HOPE RD","Urban","40 - 45  MPH","No Control Present","Cloudy","No",16,"16-19","No",NA,NA,"B: Evident Injury",NA,"Native American","Male",24,"20-24","No",NA,"41-45 mph","O: No Injury","White","Female","Sport Utility","No","22JUL2013","Monday","Other/Unknown - Insufficient Details",10,"Non-Intersection","July","B: Evident Injury",38760,"Unknown Approach Paths",2013,"Yes","No","Daylight","Straight - Level","Local Street","Dry","Two-Way, Not Divided","None","No Special Feature","Coarse Asphalt",0,0,0,0,0,0,0,"5 lanes",2,0,NA,0,NA
650,1264,"Stanfield","Stanly","Piedmont","Residential","Mixed (30% To 70% Developed)","NC 200","Rural","40 - 45  MPH","No Control Present","Cloudy","No",47,"40-49","No",NA,"Facing Traffic","B: Evident Injury","Travel Lane","White","Male",29,"25-29","No",NA,"41-45 mph","O: No Injury","White","Male","Passenger Car","No","30JUN2013","Sunday","Head-On",3,"Non-Intersection","June","B: Evident Injury",11100,"Head-On - Bicyclist",2013,"Yes","No","Daylight",NA,"missing","Dry",NA,"None","No Special Feature",NA,0,0,0,0,0,0,0,NA,2,0,NA,0,NA
651,1316,"None - Rural Crash","Robeson","Coastal","Farms, Woods, Pastures","Rural (<30% Developed)","SR 1528","Rural","50 - 55  MPH","Double Yellow Line, No Passing Zone","Clear","No",10,"6-10","No",NA,"Not Applicable","B: Evident Injury","Driveway / Alley","Native American","Male",43,"40-49","No",NA,"36-40 mph","O: No Injury","Asian","Male","Van","No","31JUL2013","Wednesday","Bicyclist Failed to Yield - Midblock",15,"Non-Intersection","July","B: Evident Injury",55440,"Bicyclist Ride Out - Residential Driveway",2013,"Yes","No","Daylight","Straight - Level","State Secondary Route","Dry","Two-Way, Not Divided","None","Driveway, Private","Coarse Asphalt",0,0,0,0,0,0,0,"2 lanes",2,0,NA,0,NA
652,1309,"None - Rural Crash","Hoke","Coastal","Farms, Woods, Pastures","Rural (<30% Developed)","SR 1406","Rural","30 - 35  MPH","Double Yellow Line, No Passing Zone","Clear","No",50,"50-59","No",NA,"With Traffic","B: Evident Injury","Bike Lane / Paved Shoulder","Black","Male",36,"30-39","No",NA,"31-35 mph","O: No Injury","Native American","Male","Pickup","No","02AUG2013","Friday","Motorist Overtaking Bicyclist",17,"Non-Intersection","August","B: Evident Injury",63180,"Motorist Overtaking - Other / Unknown",2013,"Yes","No","Daylight","Straight - Level","State Secondary Route","Dry","Two-Way, Not Divided","None","Driveway, Public","Coarse Asphalt",0,0,0,0,0,0,0,"2 lanes",2,0,NA,0,NA
653,1322,"None - Rural Crash","New Hanover","Coastal","Farms, Woods, Pastures","Rural (<30% Developed)","US 421","Rural","20 - 25  MPH","Double Yellow Line, No Passing Zone","Clear","No",57,"50-59","No",NA,"With Traffic","B: Evident Injury","Bike Lane / Paved Shoulder","White","Male",32,"30-39","No",NA,"21-25 mph","O: No Injury","White","Female","Van","No","01AUG2013","Thursday","Motorist Right Turn / Merge",12,"Intersection","August","B: Evident Injury",46320,"Motorist Right Turn - Same Direction",2013,"Yes","No","Daylight","Straight - Level","US Route","Dry","Two-Way, Not Divided","None","T-Intersection","Smooth Asphalt",0,0,0,0,0,0,0,"2 lanes",2,0,NA,0,NA
654,1313,"Greensboro","Guilford","Piedmont","Commercial","Urban (>70% Developed)","LAWNDALE DR","Urban","30 - 35  MPH","No Control Present","Clear","No",68,"60-69","No",NA,"With Traffic","C: Possible Injury","Travel Lane","White","Male",NA,"70+","No",NA,"0-5 mph","O: No Injury","White","Female","Passenger Car","No","15JUN2013","Saturday","Motorist Left Turn / Merge",9,"Intersection","June","C: Possible Injury",35700,"Motorist Left Turn - Opposite Direction",2013,"Yes","No","Daylight","Straight - Level","Local Street","Dry","Two-Way, Not Divided","None","Related To Intersection","Smooth Asphalt",0,0,0,0,0,0,0,"4 lanes",2,0,NA,0,NA
655,1362,"Fayetteville","Cumberland","Coastal","Commercial","Urban (>70% Developed)","RICHWOOD CT","Urban","30 - 35  MPH","Stop And Go Signal","Clear","No",13,"11-15","No",NA,"Facing Traffic","C: Possible Injury","Sidewalk / Crosswalk / Driveway Crossing","White","Male",53,"50-59","No",NA,NA,"O: No Injury","Black","Male","Passenger Car","No","24JUL2013","Wednesday","Motorist Failed to Yield - Signalized Intersection",7,"Intersection","July","C: Possible Injury",25980,"Motorist Drive Out - Right Turn on Red",2013,"No","No","Daylight","Straight - Level","Local Street","Dry","Two-Way, Divided, Unprotected Median","None","Four-Way Intersection","Coarse Asphalt",0,0,0,0,0,0,0,"3 lanes",2,0,NA,0,NA
656,1377,"Fayetteville","Cumberland","Coastal","Commercial","Urban (>70% Developed)","RAEFORD RD","Urban","40 - 45  MPH","No Control Present","Clear","No",17,"16-19","No",NA,"Facing Traffic","B: Evident Injury","Travel Lane","White","Male",56,"50-59","No",NA,"41-45 mph","O: No Injury","Black","Female","Passenger Car","No","22JUL2013","Monday","Bicyclist Failed to Yield - Signalized Intersection",16,"Intersection-Related","July","B: Evident Injury",58680,"Bicyclist Ride Through - Signalized Intersection",2013,"Yes","No","Daylight","Straight - Level","Local Street","Dry","Two-Way, Divided, Positive Median Barrier","None","Related To Intersection","Smooth Asphalt",0,0,0,0,0,0,0,"8 lanes",2,0,NA,0,NA
657,1353,"None - Rural Crash","Currituck","Coastal","Residential","Mixed (30% To 70% Developed)","SR 1213","Rural","30 - 35  MPH","No Control Present","Rain","No",7,"6-10","No",NA,"Facing Traffic","O: No Injury","Driveway / Alley","White","Female",52,"50-59","No",NA,"26-30 mph","O: No Injury","White","Female","Passenger Car","No","15AUG2013","Thursday","Bicyclist Failed to Yield - Midblock",13,"Non-Intersection","August","O: No Injury",49260,"Bicyclist Ride Out - Residential Driveway",2013,"No","No","Daylight","Straight - Level","State Secondary Route","Dry","Two-Way, Not Divided","None","No Special Feature","Coarse Asphalt",0,0,0,0,0,0,0,"2 lanes",2,0,NA,0,NA
658,1346,"Nags Head","Dare","Coastal","Commercial","Urban (>70% Developed)","US 158","Rural","20 - 25  MPH","Stop And Go Signal","Clear","No",19,"16-19","No",NA,"Facing Traffic","C: Possible Injury","Sidewalk / Crosswalk / Driveway Crossing","White","Female",20,"20-24","No",NA,"0-5 mph","O: No Injury","White","Male","Passenger Car","No","25JUL2013","Thursday","Loss of Control / Turning Error",20,"Intersection","July","C: Possible Injury",73320,"Motorist Turning Error - Right Turn",2013,"No","No","Daylight","Straight - Level","US Route","Dry","Two-Way, Not Divided","None","Four-Way Intersection","Coarse Asphalt",0,0,0,0,0,0,0,"5 lanes",2,0,NA,0,NA
659,1354,"Pineville","Mecklenburg","Piedmont","Residential","Urban (>70% Developed)","PVA WILLOW RIDGE APTS","Rural","20 - 25  MPH","No Control Present","Cloudy","No",6,"6-10","No",NA,"Not Applicable","C: Possible Injury","Non-Roadway","Hispanic","Female",30,"30-39","No",NA,"0-5 mph","O: No Injury","White","Male","Pickup","No","05JUL2013","Friday","Non-Roadway",21,"Non-Roadway","July","C: Possible Injury",75900,"Non-Roadway",2013,"Yes","No","Dusk","Straight - Level","Public Vehicular Area","Wet","Two-Way, Not Divided","None","No Special Feature","Smooth Asphalt",0,0,0,0,0,0,0,NA,2,0,NA,0,NA
660,507,"Wilmington","New Hanover","Coastal","Commercial","Urban (>70% Developed)","S COLLEGE RD","Urban","40 - 45  MPH","Stop And Go Signal","Clear","Yes",56,"50-59",NA,"No","Facing Traffic","C: Possible Injury","Travel Lane","White","Male",40,"40-49",NA,"No","0-5 mph","O: No Injury","Asian","Male","Passenger Car","No","18AUG2014","Monday","Bicyclist Failed to Yield - Signalized Intersection",17,"Intersection","August","C: Possible Injury",63960,"Bicyclist Ride Through - Signalized Intersection",2014,"No","No","Daylight","Straight - Level","Local Street","Dry","Two-Way, Divided, Positive Median Barrier","None","No Special Feature","Smooth Asphalt",0,0,1,0,0,1,0,"9 or more lanes",2,0,"S 17TH ST",30000132,"WALTMOOR RD"
661,508,"None - Rural Crash","Onslow","Coastal","Residential","Mixed (30% To 70% Developed)","1116","Rural","40 - 45  MPH","Stop Sign","Clear","No",17,"16-19",NA,"No","With Traffic","B: Evident Injury","Travel Lane","White","Male",43,"40-49",NA,"No","41-45 mph","O: No Injury","White","Male","Passenger Car","No","31AUG2014","Sunday","Bicyclist Failed to Yield - Sign-Controlled Intersection",10,"Intersection-Related","August","B: Evident Injury",39300,"Bicyclist Ride Through - Sign-Controlled Intersection",2014,"No","No","Daylight","Straight - Level","State Secondary Route","Dry","Two-Way, Not Divided","None","T-Intersection","Coarse Asphalt",0,1,0,0,0,1,0,"2 lanes",2,0.009,"1155",40001116,"1157"
662,512,"Wilmington",NA,"Coastal","Residential","Mixed (30% To 70% Developed)","TULANE DR","Urban","5 - 15 MPH","No Control Present","Clear","No",9,"6-10",NA,"No","Not Applicable","B: Evident Injury","Non-Roadway","White","Male",NA,"70+",NA,"No","6-10 mph","O: No Injury","Black","Female","Passenger Car","No","27AUG2014","Wednesday","Bicyclist Failed to Yield - Midblock",19,"Non-Intersection","August","B: Evident Injury",68520,"Bicyclist Ride Out - Other Midblock",2014,"No","No","Daylight","Straight - Level","Local Street","Dry","Two-Way, Not Divided","None","No Special Feature","Coarse Asphalt",0,1,0,0,0,1,0,"2 lanes",2,0.057,"CLEMSON DR",0,"UNIVERSITY DR"
663,523,"Jacksonville","Onslow","Coastal","Commercial","Urban (>70% Developed)","GUM BRANCH RD","Urban",NA,"No Control Present","Clear","No",37,"30-39",NA,"No","With Traffic","C: Possible Injury","Travel Lane","White","Male",58,"50-59",NA,"No","0-5 mph","O: No Injury","White","Female","Single Unit Truck (2-Axle, 6-Tire)","No","07AUG2014","Thursday","Motorist Failed to Yield - Sign-Controlled Intersection",7,"Intersection","August","C: Possible Injury",26160,"Motorist Drive Out - Sign-Controlled Intersection",2014,"No","No","Daylight","Straight - Level","State Secondary Route","Dry","Two-Way, Not Divided","None","No Special Feature","Smooth Asphalt",0,0,1,0,0,1,0,"5 lanes",2,0.13,"WILLIAMSBURG PKWY",40001308,"53"
664,526,"Whiteville","Columbus","Coastal","Commercial","Urban (>70% Developed)","SOUTH MADISON ST","Urban","40 - 45  MPH","No Control Present","Clear","No",15,"11-15",NA,"No","Not Applicable","C: Possible Injury","Other","Other","Male",28,"25-29",NA,NA,"6-10 mph","O: No Injury","Unknown/Missing","Male","Sport Utility","No","26JUL2014","Saturday","Non-Roadway",17,"Non-Roadway","July","C: Possible Injury",64080,"Non-Roadway",2014,"Yes","Yes","Daylight","Straight - Level","Local Street","Dry","Two-Way, Not Divided","None","No Special Feature","Coarse Asphalt",0,0,1,0,0,1,0,"5 lanes",2,0.06,"TALBOT ST",29000701,"QUALITY ST"
665,535,"None - Rural Crash","Robeson","Coastal","Farms, Woods, Pastures","Rural (<30% Developed)","US 74","Rural","50 - 55  MPH","Double Yellow Line, No Passing Zone","Clear","No",64,"60-69",NA,"No","With Traffic","C: Possible Injury","Travel Lane","Native American","Female",21,"20-24",NA,"No","46-50 mph","O: No Injury","Native American","Male","Passenger Car","No","20JUL2014","Sunday","Motorist Overtaking Bicyclist",14,"Non-Intersection","July","C: Possible Injury",52620,"Motorist Overtaking - Other / Unknown",2014,"No","No","Daylight","Straight - Level","US Route","Dry","Two-Way, Not Divided","None","No Special Feature","Coarse Asphalt",0,0,1,0,0,1,0,"2 lanes",2,0.1,"1550",21000074,"1160"
666,543,"Gastonia","Gaston","Piedmont","Residential","Urban (>70% Developed)","GLENN ST","Urban","30 - 35  MPH","No Control Present","Clear","No",14,"11-15",NA,"No","With Traffic","B: Evident Injury","Travel Lane","Other","Male",NA,NA,NA,"Missing","16-20 mph","Unknown Injury","Unknown/Missing",NA,NA,"No","27AUG2014","Wednesday","Motorist Right Turn / Merge",17,"Non-Intersection","August","B: Evident Injury",63420,"Motorist Right Turn - Same Direction",2014,"No","Yes","Daylight","Straight - Grade","Local Street","Dry","Two-Way, Not Divided","None","No Special Feature","Smooth Asphalt",0,1,0,0,0,1,0,"2 lanes",2,0.009,"W DAVIDSON AVE",0,"RIDGE AVE"
667,546,"Lumberton","Robeson","Coastal","Residential","Rural (<30% Developed)","CAMBRIDGE BLVD","Urban","30 - 35  MPH","Yield Sign","Clear","No",40,"40-49",NA,"No","With Traffic","B: Evident Injury","Travel Lane","White","Male",51,"50-59",NA,"No","26-30 mph","O: No Injury","White","Male","Sport Utility","No","13AUG2014","Wednesday","Motorist Overtaking Bicyclist",15,"Intersection-Related","August","B: Evident Injury",54540,"Motorist Overtaking - Other / Unknown",2014,"No","No","Daylight","Straight - Level","Local Street","Dry","Two-Way, Divided, Unprotected Median","None","No Special Feature","Coarse Asphalt",0,1,0,0,0,1,0,"1 lane",2,0.114,"TRINITY DR",0,"TRINITY DR"
668,551,"None - Rural Crash","Dare","Coastal","Farms, Woods, Pastures","Mixed (30% To 70% Developed)","12","Rural","50 - 55  MPH","No Control Present","Clear","No",55,"50-59",NA,"No","With Traffic","C: Possible Injury","Bike Lane / Paved Shoulder","White","Male",60,"60-69",NA,"No","46-50 mph","O: No Injury","White","Male","Passenger Car","No","02SEP2014","Tuesday","Bicyclist Left Turn / Merge",20,"Non-Intersection","September","C: Possible Injury",72300,"Bicyclist Left Turn - Same Direction",2014,"Yes","No","Dusk","Straight - Level","NC Route","Dry","Two-Way, Not Divided","None","No Special Feature","Coarse Asphalt",0,0,1,0,0,1,0,"2 lanes",2,0.75,"1487",30000012,"1272"
669,552,"Raleigh","Wake","Piedmont","Commercial","Urban (>70% Developed)","CREEDMOOR RD","Urban","40 - 45  MPH","Stop And Go Signal","Clear","No",62,"60-69",NA,"No","With Traffic","B: Evident Injury","Travel Lane","White","Female",NA,"70+",NA,"No","11-15 mph","O: No Injury","White","Male","Passenger Car","No","16SEP2014","Tuesday","Motorist Left Turn / Merge",9,"Intersection","September","B: Evident Injury",32640,"Motorist Left Turn - Opposite Direction",2014,"No","No","Daylight","Straight - Grade","Local Street","Dry","Two-Way, Divided, Unprotected Median","None","Four-Way Intersection","Coarse Asphalt",0,1,0,0,0,1,0,"6 lanes",2,0,"BRENNAN DR",30000050,NA
670,561,"Asheboro","Randolph","Piedmont","Residential","Urban (>70% Developed)","LANIER AVE","Urban","30 - 35  MPH","Yield Sign","Clear","No",17,"16-19",NA,"No","Facing Traffic","C: Possible Injury","Travel Lane","Hispanic","Male",NA,NA,NA,"Missing",NA,"Unknown Injury","Unknown/Missing",NA,NA,"No","22AUG2014","Friday","Motorist Left Turn / Merge",19,"Intersection","August","C: Possible Injury",68700,"Motorist Left Turn - Same Direction",2014,"Yes","Yes","Daylight","Straight - Grade","Local Street","Dry","Two-Way, Not Divided","None","Four-Way Intersection","Smooth Asphalt",0,0,1,0,0,1,0,"9 or more lanes",2,0,"HAMMER AVE",0,NA
671,572,"Black Mountain","Buncombe","Mountains","Residential","Urban (>70% Developed)","CHURCH STREET","Urban","20 - 25  MPH","Stop Sign","Clear","No",10,"6-10",NA,"No","With Traffic","C: Possible Injury","Travel Lane","White","Male",20,"20-24",NA,"No","11-15 mph","O: No Injury","White","Female","Passenger Car","No","25SEP2014","Thursday","Bicyclist Failed to Yield - Sign-Controlled Intersection",17,"Intersection","September","C: Possible Injury",62400,"Bicyclist Ride Through - Sign-Controlled Intersection",2014,"Yes","No","Daylight","Straight - Level","Local Street","Dry","Two-Way, Not Divided","None","No Special Feature","Smooth Asphalt",0,0,1,0,0,1,0,"2 lanes",2,0,"EAST CONNALLY ST",0,"LAURAL CIRCLE"
672,586,"None - Rural Crash","Cabarrus","Piedmont","Commercial","Urban (>70% Developed)","SR 2180","Rural","30 - 35  MPH","No Control Present","Clear","No",21,"20-24",NA,"No","Facing Traffic","B: Evident Injury","Sidewalk / Crosswalk / Driveway Crossing","Black","Female",NA,"70+",NA,"No","6-10 mph","O: No Injury","White","Male","Pickup","No","27SEP2014","Saturday","Motorist Right Turn / Merge",15,"Non-Intersection","September","B: Evident Injury",54720,"Motorist Right Turn - Opposite Direction",2014,"Yes","No","Daylight","Straight - Level","State Secondary Route","Dry","Two-Way, Not Divided","None","No Special Feature","Coarse Asphalt",0,1,0,0,0,1,0,"2 lanes",2,0.1,"85",40002180,"1002"
673,589,"Raleigh","Wake","Piedmont","Residential","Urban (>70% Developed)","SKYCREST DR","Urban","40 - 45  MPH","No Control Present","Clear","No",40,"40-49",NA,"No","With Traffic","B: Evident Injury","Travel Lane","White","Male",67,"60-69",NA,"No","36-40 mph","O: No Injury","Black","Male","Passenger Car","No","21SEP2014","Sunday","Motorist Overtaking Bicyclist",20,"Non-Intersection","September","B: Evident Injury",73440,"Motorist Overtaking - Undetected Bicyclist",2014,"Yes","No","Dark - Lighted Roadway","Straight - Level","Local Street","Dry","Two-Way, Not Divided","None","No Special Feature","Smooth Asphalt",0,1,0,0,0,1,0,"2 lanes",2,0.019,"SKYCREST PARK LN",40002204,"SUNLIT LN"
674,592,"None - Rural Crash","Halifax","Coastal","Farms, Woods, Pastures","Rural (<30% Developed)","NC 903","Rural","50 - 55  MPH","No Control Present","Clear","No",63,"60-69",NA,"No","With Traffic","K: Killed","Travel Lane","Black","Male",25,"25-29",NA,"No","56-60 mph","O: No Injury","Black","Male","Passenger Car","No","19SEP2014","Friday","Motorist Overtaking Bicyclist",21,"Non-Intersection","September","K: Killed",75600,"Motorist Overtaking - Other / Unknown",2014,"Yes","No","Dark - Roadway Not Lighted","Straight - Level","NC Route","Dry","Two-Way, Not Divided","None","No Special Feature","Smooth Asphalt",0,0,0,1,0,1,0,"2 lanes",2,0.5,"1804",30000903,"258"
675,602,"Statesville","Iredell","Piedmont","Commercial","Urban (>70% Developed)","PVA 221 E WATER ST","Urban","5 - 15 MPH","Other","Clear","No",33,"30-39",NA,"No","Not Applicable","O: No Injury","Non-Roadway","Black","Male",27,"25-29",NA,"No","0-5 mph","O: No Injury","White","Female","Passenger Car","No","22SEP2014","Monday","Non-Roadway",11,"Non-Roadway","September","O: No Injury",41220,"Non-Roadway",2014,"No","No","Daylight","Straight - Grade","Public Vehicular Area","Dry","Two-Way, Not Divided","None","Driveway, Public","Smooth Asphalt",0,0,0,0,1,1,0,"2 lanes",2,0.014,"E WATER ST",0,"CONSTITUTION LN"
676,614,"Duck","Dare","Coastal","Commercial","Urban (>70% Developed)","DUCK RD","Rural","20 - 25  MPH","No Control Present","Clear","No",44,"40-49",NA,"No","With Traffic","B: Evident Injury","Bike Lane / Paved Shoulder","White","Male",41,"40-49",NA,"No","0-5 mph","O: No Injury","White","Male","Passenger Car","No","30AUG2014","Saturday","Motorist Left Turn / Merge",8,"Non-Intersection","August","B: Evident Injury",32280,"Motorist Left Turn - Opposite Direction",2014,"Yes","No","Daylight","Straight - Level","NC Route","Dry","Two-Way, Not Divided","None","Shared-Use Paths Or Trails","Coarse Asphalt",0,1,0,0,0,1,0,"3 lanes",2,0.069,"COOK DR",30000012,"MARLIN DR"
677,615,"Raleigh","Wake","Piedmont","Commercial","Urban (>70% Developed)","PVA 1400 W MILLBROOK RD","Urban","20 - 25  MPH","Stop Sign","Cloudy","No",31,"30-39",NA,"No","Facing Traffic","C: Possible Injury","Sidewalk / Crosswalk / Driveway Crossing","White","Male",33,"30-39",NA,"No","0-5 mph","O: No Injury","Hispanic","Female","Passenger Car","No","03OCT2014","Friday","Motorist Failed to Yield - Sign-Controlled Intersection",17,"Intersection","October","C: Possible Injury",62280,"Motorist Drive Out - Sign-Controlled Intersection",2014,"Yes","No","Daylight","Curve - Grade","Local Street","Dry","Two-Way, Divided, Unprotected Median","None","Driveway, Public","Smooth Asphalt",0,0,1,0,0,1,0,"5 lanes",2,0.5,"LEAD MINE RD",40001822,"NORTH HILLS DR"
678,620,"None - Rural Crash","Onslow","Coastal","Residential","Rural (<30% Developed)","SR 1202","Rural","50 - 55  MPH","No Control Present","Clear","No",59,"50-59",NA,"Yes-Alcohol,  impairment suspected","Facing Traffic","A: Disabling Injury","Travel Lane","White","Male",32,"30-39",NA,"No","31-35 mph","O: No Injury","White","Female","Van","Yes","06OCT2014","Monday","Head-On",17,"Non-Intersection","October","A: Disabling Injury",61920,"Head-On - Bicyclist",2014,"Yes","No","Daylight","Straight - Level","State Secondary Route","Dry","Two-Way, Not Divided","None","No Special Feature","Coarse Asphalt",1,0,0,0,0,1,0,"2 lanes",2,1,"1203",40001202,"1201"
679,621,"Charlotte","Mecklenburg","Piedmont","Residential","Urban (>70% Developed)","AIRLIE","Urban","20 - 25  MPH","Stop Sign","Clear","No",26,"25-29",NA,"No","With Traffic","B: Evident Injury","Travel Lane","White","Male",47,"40-49",NA,"No","16-20 mph","O: No Injury","White","Male","Pickup","No","02OCT2014","Thursday","Loss of Control / Turning Error",17,"Intersection-Related","October","B: Evident Injury",62760,"Motorist Turning Error - Right Turn",2014,"Yes","No","Daylight","Curve - Hillcrest","Local Street","Dry","Two-Way, Not Divided","None","No Special Feature","Smooth Asphalt",0,1,0,0,0,1,0,"2 lanes",2,0.003,"COUNTRY CLUB",0,NA
680,626,"Lumberton","Robeson","Coastal","Commercial","Mixed (30% To 70% Developed)","CATON RD","Urban","40 - 45  MPH","No Control Present","Clear","No",46,"40-49",NA,"No","Facing Traffic","C: Possible Injury","Travel Lane","Black","Male",37,"30-39",NA,"No","11-15 mph","O: No Injury","White","Male","Tractor/Semi-Trailer","No","04SEP2014","Thursday","Motorist Left Turn / Merge",17,"Non-Intersection","September","C: Possible Injury",62700,"Motorist Left Turn - Same Direction",2014,"No","No","Daylight","Straight - Level","Local Street","Dry","Two-Way, Not Divided","None","No Special Feature","Coarse Asphalt",0,0,1,0,0,1,0,"2 lanes",2,0.072,"GLENN COWAN",30000072,"FLAIR FOLD DR"
681,629,"Wallace","Duplin","Coastal","Commercial","Mixed (30% To 70% Developed)","US 117","Rural","30 - 35  MPH","Stop Sign","Clear","No",66,"60-69",NA,"No","With Traffic","B: Evident Injury","Bike Lane / Paved Shoulder","Hispanic","Male",NA,"70+",NA,"No","0-5 mph","O: No Injury","White","Male","Sport Utility","No","09OCT2014","Thursday","Motorist Failed to Yield - Sign-Controlled Intersection",9,"Intersection","October","B: Evident Injury",34560,"Motorist Drive Out - Sign-Controlled Intersection",2014,"Yes","No","Daylight","Straight - Level","US Route","Dry","Two-Way, Not Divided","None","Four-Way Intersection","Coarse Asphalt",0,1,0,0,0,1,0,"5 lanes",2,0,"EAST CARR STREET",20000117,"EAST CLIFF STREET"
682,630,"Cary","Wake","Piedmont","Commercial","Urban (>70% Developed)","HIGH HOUSE RD","Urban","40 - 45  MPH","Stop And Go Signal","Clear","No",13,"11-15",NA,"No","Not Applicable","O: No Injury","Travel Lane","Asian","Male",52,"50-59",NA,"No","31-35 mph","O: No Injury","White","Male","Passenger Car","No","11SEP2014","Thursday","Bicyclist Failed to Yield - Midblock",17,"Non-Intersection","September","O: No Injury",64680,"Bicyclist Ride Out - Midblock - Unknown",2014,"No","No","Daylight","Straight - Level","NC Route","Dry","Two-Way, Divided, Unprotected Median","None","Four-Way Intersection","Smooth Asphalt",0,0,0,0,1,1,0,"5 lanes",2,0.057,"55",40001615,"WELLESLEY TRADE LN"
683,631,"Raleigh","Wake","Piedmont","Commercial","Urban (>70% Developed)","HILLSBOROUGH ST","Urban","30 - 35  MPH","No Control Present","Clear","No",47,"40-49",NA,"No","With Traffic","O: No Injury","Travel Lane","White","Male",56,"50-59",NA,"No","0-5 mph","O: No Injury","White","Male","Sport Utility","No","09OCT2014","Thursday","Motorist Left Turn / Merge",7,"Intersection","October","O: No Injury",25500,"Motorist Left Turn - Opposite Direction",2014,"Yes","No","Dusk","Straight - Level","Local Street","Dry","Two-Way, Not Divided","None","No Special Feature","Smooth Asphalt",0,0,0,0,1,1,0,"2 lanes",2,0.03,"CONCORD ST",40003007,"FRIENDLY DR"
684,635,"Wilmington","New Hanover","Coastal","Commercial","Urban (>70% Developed)","S COLLEGE RD","Urban","40 - 45  MPH","Stop And Go Signal","Cloudy","No",66,"60-69",NA,"No","With Traffic","B: Evident Injury","Travel Lane","Black","Male",20,"20-24",NA,"No","16-20 mph","O: No Injury","White","Female","Pickup","No","15SEP2014","Monday","Motorist Right Turn / Merge",12,"Intersection","September","B: Evident Injury",44640,"Motorist Right Turn - Same Direction",2014,"Yes","No","Daylight","Straight - Level","Local Street","Dry","Two-Way, Divided, Unprotected Median","None","T-Intersection","Smooth Asphalt",0,1,0,0,0,1,0,"8 lanes",2,0,"UNIVERSITY DR",20000117,"RANDALL PKY"
685,636,"Wilmington","New Hanover","Coastal","Commercial","Urban (>70% Developed)","PVA 2392 CAROLINA BEACH RD","Urban","20 - 25  MPH","Stop Sign","Cloudy","No",52,"50-59",NA,"No","Facing Traffic","C: Possible Injury","Sidewalk / Crosswalk / Driveway Crossing","Black","Male",27,"25-29",NA,"No","0-5 mph","O: No Injury","White","Male","Passenger Car","No","15SEP2014","Monday","Motorist Failed to Yield - Midblock",13,"Non-Intersection","September","C: Possible Injury",49380,"Motorist Drive Out - Commercial Driveway / Alley",2014,"Yes","No","Daylight","Straight - Level","Public Vehicular Area","Dry","Two-Way, Not Divided","None","No Special Feature","Smooth Asphalt",0,0,1,0,0,1,0,"2 lanes",2,0.028,"BELL ST",0,"HART ST"
686,639,"None - Rural Crash","Martin","Coastal","Farms, Woods, Pastures","Rural (<30% Developed)","US 64","Rural","50 - 55  MPH","No Control Present","Clear","No",56,"50-59",NA,"Yes-Alcohol,  impairment suspected","Not Applicable","C: Possible Injury","Other","Black","Male",25,"25-29",NA,"No","51-55 mph","O: No Injury","White","Female","Passenger Car","Yes","27SEP2014","Saturday","Bicyclist Failed to Yield - Midblock",21,"Non-Intersection","September","C: Possible Injury",78600,"Bicyclist Ride Out - Other Midblock",2014,"Yes","No","Dark - Roadway Not Lighted","Straight - Level","US Route","Dry","Two-Way, Not Divided","None","No Special Feature","Coarse Asphalt",0,0,1,0,0,1,0,"4 lanes",2,0.2,"13",20000064,"1500"
687,648,"Monroe","Union","Piedmont","Commercial","Urban (>70% Developed)","PATTON AVE","Urban","30 - 35  MPH","Stop Sign","Clear","No",47,"40-49",NA,"No","With Traffic","C: Possible Injury","Travel Lane","White","Male",NA,"70+",NA,"No","0-5 mph","O: No Injury","White","Male","Passenger Car","No","01OCT2014","Wednesday","Motorist Failed to Yield - Sign-Controlled Intersection",17,"Intersection","October","C: Possible Injury",64380,"Motorist Drive Out - Sign-Controlled Intersection",2014,"No","No","Daylight","Straight - Level","Local Street","Dry","Two-Way, Not Divided","None","T-Intersection","Smooth Asphalt",0,0,1,0,0,1,0,"4 lanes",2,0,"CONCORD AVE",50006740,NA