"...1","object_id","city","county","region","development","locality","on_road","rural_urban","speed_limit","traffic_control","weather","workzone","bike_age","bike_age_group","bike_alcohol","bike_alcohol_drugs","bike_direction","bike_injury","bike_position","bike_race","bike_sex","driver_age","driver_age_group","driver_alcohol","driver_alcohol_drugs","driver_est_speed","driver_injury","driver_race","driver_sex","driver_vehicle_type","crash_alcohol","crash_date","crash_day","crash_group","crash_hour","crash_location","crash_month","crash_severity","crash_time","crash_type","crash_year","ambulance_req","hit_run","light_condition","road_character","road_class","road_condition","road_configuration","road_defects","road_feature","road_surface","num_bikes_ai","num_bikes_bi","num_bikes_ci","num_bikes_ki","num_bikes_no","num_bikes_to","num_bikes_ui","num_lanes","num_units","distance_mi_from","frm_road","rte_invd_cd","towrd_road"
688,652,"None - Rural Crash","Orange","Piedmont","Farms, Woods, Pastures","Rural (<30% Developed)","SR 1737","Rural","40 - 45  MPH","Double Yellow Line, No Passing Zone","Rain","No",13,"11-15",NA,"No","With Traffic","B: Evident Injury","Travel Lane","White","Male",17,"0-19",NA,"No","36-40 mph","O: No Injury","White","Male","Passenger Car","No","12OCT2014","Sunday","Bicyclist Left Turn / Merge",11,"Intersection","October","B: Evident Injury",41520,"Bicyclist Left Turn - Same Direction",2014,"Yes","No","Daylight","Straight - Grade","State Secondary Route","Wet","Two-Way, Not Divided","None","T-Intersection","Smooth Asphalt",0,1,0,0,0,1,0,"2 lanes",2,0,"1734",40001737,"DURHAM"
689,658,"Gastonia","Gaston","Piedmont","Commercial","Urban (>70% Developed)","N NEW HOPE RD","Urban","40 - 45  MPH","Stop And Go Signal","Clear","No",65,"60-69",NA,"No","Facing Traffic","C: Possible Injury","Sidewalk / Crosswalk / Driveway Crossing","White","Male",23,"20-24",NA,"No","0-5 mph","O: No Injury","Other","Male","Passenger Car","No","01OCT2014","Wednesday","Motorist Right Turn / Merge",8,"Intersection","October","C: Possible Injury",31080,"Motorist Right Turn - Opposite Direction",2014,"No","No","Daylight","Straight - Level","NC Route","Dry","Two-Way, Divided, Unprotected Median","None","Four-Way Intersection","Smooth Asphalt",0,0,1,0,0,1,0,"5 lanes",2,0,"EAST OZARK AVE",30000279,NA
690,661,"Unionville","Union","Piedmont","Residential","Mixed (30% To 70% Developed)","SR 1690","Urban","20 - 25  MPH","Stop Sign","Clear","No",15,"11-15",NA,"No","With Traffic","C: Possible Injury","Travel Lane","White","Male",60,"60-69",NA,"No","16-20 mph","O: No Injury","White","Male","Pickup","No","17OCT2014","Friday","Bicyclist Failed to Yield - Sign-Controlled Intersection",18,"Intersection","October","C: Possible Injury",68160,"Bicyclist Ride Through - Sign-Controlled Intersection",2014,"Yes","No","Daylight","Straight - Grade","State Secondary Route","Dry","Two-Way, Not Divided","None","T-Intersection","Coarse Asphalt",0,0,1,0,0,1,0,"2 lanes",2,0,"1691",40001690,"1615"
691,667,"Asheville","Buncombe","Mountains","Commercial","Urban (>70% Developed)","MEADOW RD","Urban","30 - 35  MPH","Stop And Go Signal","Clear","No",26,"25-29",NA,"No","With Traffic","B: Evident Injury","Travel Lane","White","Male",37,"30-39",NA,"No","16-20 mph","O: No Injury","White","Female","Van","No","05OCT2014","Sunday","Motorist Left Turn / Merge",21,"Intersection","October","B: Evident Injury",76920,"Motorist Left Turn - Opposite Direction",2014,"Yes","No","Dark - Lighted Roadway","Straight - Level","Local Street","Dry","Two-Way, Not Divided","None","Related To Intersection","Coarse Asphalt",0,1,0,0,0,1,0,"2 lanes",2,0,"SHORT MCDOWELL ST",50019670,"VICTORIA RD"
692,675,"Raleigh","Wake","Piedmont","Residential","Urban (>70% Developed)","HILLSBOROUGH STREET","Urban","30 - 35  MPH","No Control Present","Clear","No",21,"20-24",NA,"No","With Traffic","B: Evident Injury","Travel Lane","White","Male",NA,NA,NA,"Missing","0-5 mph","Unknown Injury","Unknown/Missing",NA,"Passenger Car","No","16OCT2014","Thursday","Bicyclist Overtaking Motorist",21,"Non-Intersection","October","B: Evident Injury",76080,"Bicyclist Overtaking - Parked Vehicle",2014,"Yes","No","Dark - Lighted Roadway","Straight - Level","Local Street","Dry","Two-Way, Divided, Unprotected Median","None","No Special Feature","Smooth Asphalt",0,1,0,0,0,1,0,"2 lanes",3,0.066,"MAYO ST",50014055,"W MORGAN ST"
693,679,"None - Rural Crash","Sampson","Coastal","Farms, Woods, Pastures","Rural (<30% Developed)","NC 55","Rural","50 - 55  MPH","No Control Present","Clear","No",46,"40-49",NA,"No","With Traffic","B: Evident Injury","Travel Lane","White","Male",NA,"70+",NA,"No","46-50 mph","O: No Injury","White","Female","Sport Utility","No","01OCT2014","Wednesday","Motorist Overtaking Bicyclist",8,"Non-Intersection","October","B: Evident Injury",30780,"Motorist Overtaking - Bicyclist Swerved",2014,"Yes","No","Daylight","Straight - Level","NC Route","Dry","Two-Way, Not Divided","None","No Special Feature","Coarse Asphalt",0,1,0,0,0,1,0,"2 lanes",2,0.8,"1005",30000055,"1625"
694,681,"Wilmington",NA,"Coastal","Commercial","Urban (>70% Developed)","RANDALL PKY","Urban","5 - 15 MPH","No Control Present","Cloudy","No",19,"16-19",NA,"No","Facing Traffic","C: Possible Injury","Sidewalk / Crosswalk / Driveway Crossing","White","Female",26,"25-29",NA,"No","6-10 mph","O: No Injury","White","Male","Sport Utility","No","15OCT2014","Wednesday","Motorist Failed to Yield - Midblock",13,"Non-Intersection","October","C: Possible Injury",50220,"Motorist Drive Out - Commercial Driveway / Alley",2014,"Yes","No","Daylight","Straight - Level","Private Road, Driveway","Wet","Two-Way, Divided, Unprotected Median","None","No Special Feature","Smooth Asphalt",0,0,1,0,0,1,0,NA,2,0.08,"PEPYS LN",50025321,"S COLLEGE RD"
695,684,"Raleigh","Wake","Piedmont","Residential","Urban (>70% Developed)","ATLANTIC AVE","Urban","30 - 35  MPH","Stop And Go Signal","Clear","No",15,"11-15",NA,"No","With Traffic","C: Possible Injury","Sidewalk / Crosswalk / Driveway Crossing","Hispanic","Male",28,"25-29",NA,"No","6-10 mph","O: No Injury","Hispanic","Female","Passenger Car","No","17OCT2014","Friday","Bicyclist Failed to Yield - Signalized Intersection",18,"Intersection","October","C: Possible Injury",68220,"Bicyclist Failed to Clear - Multiple Threat",2014,"Yes","No","Daylight","Straight - Level","Local Street","Dry","Two-Way, Divided, Unprotected Median","None","No Special Feature","Coarse Asphalt",0,0,1,0,0,1,0,"6 lanes",2,0,"MILLBROOK RD",50001196,"PACIFIC DR"
696,693,"Asheville","Buncombe","Mountains","Commercial","Urban (>70% Developed)","SPRUCE ST","Urban","20 - 25  MPH","Stop Sign","Clear","No",23,"20-24",NA,"No","With Traffic","C: Possible Injury","Travel Lane","White","Female",49,"40-49",NA,"No","0-5 mph","O: No Injury","White","Female","Sport Utility","No","13OCT2014","Monday","Bicyclist Failed to Yield - Sign-Controlled Intersection",16,"Intersection","October","C: Possible Injury",60300,"Bicyclist Ride Through - Sign-Controlled Intersection",2014,"No","No","Daylight","Straight - Level","Local Street","Dry","Two-Way, Not Divided","None","No Special Feature","Coarse Asphalt",0,0,1,0,0,1,0,"2 lanes",2,0,"S PACK SQ",0,"COLLEGE ST"
697,695,"Winston-Salem","Forsyth","Piedmont","Residential","Urban (>70% Developed)","400 LINVILLE RD","Urban","40 - 45  MPH","Double Yellow Line, No Passing Zone","Clear","No",49,"40-49",NA,"No","With Traffic","B: Evident Injury","Travel Lane","White","Male",46,"40-49",NA,"No","41-45 mph","O: No Injury","White","Female","Passenger Car","No","23OCT2014","Thursday","Motorist Overtaking Bicyclist",17,"Non-Intersection","October","B: Evident Injury",63420,"Motorist Overtaking - Bicyclist Swerved",2014,"Yes","No","Daylight","Straight - Grade","Local Street","Dry","Two-Way, Not Divided","None","No Special Feature","Smooth Asphalt",0,1,0,0,0,1,0,"2 lanes",2,0.22,"DEERMEADOW RD",0,"OLD LINVILLE RD"
698,698,"Raleigh","Wake","Piedmont","Commercial","Urban (>70% Developed)","WILMINGTON ST","Urban","30 - 35  MPH","No Control Present","Clear","No",23,"20-24",NA,"No","With Traffic","O: No Injury","Travel Lane","Black","Male",60,"60-69",NA,"No","31-35 mph","O: No Injury","White","Female","Passenger Car","No","28OCT2014","Tuesday","Motorist Overtaking Bicyclist",14,"Intersection-Related","October","O: No Injury",53220,"Motorist Overtaking - Misjudged Space",2014,"No","No","Daylight","Straight - Level","Local Street","Dry","One-Way, Not Divided","None","No Special Feature","Smooth Asphalt",0,0,0,0,1,1,0,"2 lanes",2,0.002,"MORGAN ST",50033178,"EDENTON ST"
699,701,"Durham","Durham","Piedmont","Residential","Urban (>70% Developed)","DUKE UNIVERSITY RD","Urban","30 - 35  MPH","No Control Present","Clear","No",52,"50-59",NA,"No","With Traffic","K: Killed",NA,"White","Male",NA,"70+",NA,"No","6-10 mph","O: No Injury","Black","Male","Pickup","No","18OCT2014","Saturday","Motorist Left Turn / Merge",19,"Intersection","October","K: Killed",71280,"Motorist Left Turn - Opposite Direction",2014,"Yes","No","Daylight","Straight - Grade","Local Street","Dry","Two-Way, Not Divided","None","Four-Way Intersection","Smooth Asphalt",0,0,0,1,0,1,0,"2 lanes",2,0,"CHAPEL HILL RD",50008948,NA
700,703,"None - Rural Crash","Wake","Piedmont","Farms, Woods, Pastures","Rural (<30% Developed)","SR 1906","Rural","40 - 45  MPH","Double Yellow Line, No Passing Zone","Clear","No",39,"30-39",NA,"No","With Traffic","B: Evident Injury","Travel Lane","White","Male",NA,NA,NA,"Missing","41-45 mph","Unknown Injury","Unknown/Missing",NA,NA,"No","04OCT2014","Saturday","Motorist Overtaking Bicyclist",9,"Non-Intersection","October","B: Evident Injury",34500,"Motorist Overtaking - Misjudged Space",2014,"No","Yes","Daylight","Straight - Grade","State Secondary Route","Dry","Two-Way, Not Divided","None","No Special Feature","Coarse Asphalt",0,1,0,0,0,1,0,"2 lanes",2,0,"1947",40001906,"GRANVILLE"
701,3008,"None - Rural Crash","Halifax","Coastal","Farms, Woods, Pastures","Rural (<30% Developed)",NA,"Rural","50 - 55  MPH","Double Yellow Line, No Passing Zone","Clear","No",12,"11-15","No",NA,"With Traffic","O: No Injury","Travel Lane","Black","Male",64,"60-69","No",NA,"46-50 mph","O: No Injury","Black","Male","Passenger Car","No","18MAY2011","Wednesday","Motorist Overtaking Bicyclist",19,"Non-Intersection","May","O: No Injury",71100,"Motorist Overtaking - Bicyclist Swerved",2011,"No","No","Daylight","Straight - Level","State Secondary Route","Dry","Two-Way, Not Divided","None","No Special Feature","Coarse Asphalt",0,0,0,0,0,0,0,"2 lanes",2,0,NA,0,NA
702,3010,"Charlotte","Mecklenburg","Piedmont","Residential","Urban (>70% Developed)",NA,"Urban","20 - 25  MPH","No Control Present","Clear","No",13,"11-15","No",NA,"Facing Traffic","C: Possible Injury","Sidewalk / Crosswalk / Driveway Crossing","Black","Male",26,"25-29","No",NA,"6-10 mph","O: No Injury","Hispanic","Male","Passenger Car","No","28APR2011","Thursday","Motorist Failed to Yield - Midblock",18,"Non-Intersection","April","C: Possible Injury",67320,"Motorist Drive Out - Commercial Driveway / Alley",2011,"No","No","Daylight","Straight - Level","Local Street","Dry","Two-Way, Not Divided","None","No Special Feature","Smooth Asphalt",0,0,0,0,0,0,0,"2 lanes",2,0,NA,0,NA
703,3017,"None - Rural Crash","Robeson","Coastal","Residential","Mixed (30% To 70% Developed)",NA,"Rural","50 - 55  MPH","No Control Present","Rain","No",56,"50-59","No",NA,"With Traffic","A: Disabling Injury","Travel Lane","Native American","Male",66,"60-69","No",NA,"26-30 mph","O: No Injury","White","Male","Pickup","No","17MAY2011","Tuesday","Motorist Overtaking Bicyclist",23,"Non-Intersection","May","A: Disabling Injury",83520,"Motorist Overtaking - Other / Unknown",2011,"Yes","No","Dark - Roadway Not Lighted","Straight - Level","State Secondary Route","Wet","Two-Way, Not Divided","None","No Special Feature","Coarse Asphalt",0,0,0,0,0,0,0,"2 lanes",2,0,NA,0,NA
704,3021,"None - Rural Crash","Watauga","Mountains","Farms, Woods, Pastures","Rural (<30% Developed)",NA,"Rural","50 - 55  MPH","No Control Present","Clear","No",21,"20-24","No",NA,"With Traffic","C: Possible Injury","Travel Lane","White","Male",35,"30-39","No",NA,"21-25 mph","O: No Injury","White","Male","Pickup","No","28MAY2011","Saturday","Head-On",16,"Non-Intersection","May","C: Possible Injury",60240,"Head-On - Bicyclist",2011,"Yes","No","Daylight","Curve - Grade","State Secondary Route","Dry","Two-Way, Not Divided","None","No Special Feature","Coarse Asphalt",0,0,0,0,0,0,0,"2 lanes",2,0,NA,0,NA
705,3030,"None - Rural Crash","Onslow","Coastal","Residential","Rural (<30% Developed)",NA,"Rural","40 - 45  MPH","No Control Present","Clear","No",16,"16-19","No",NA,"With Traffic","B: Evident Injury","Travel Lane","White","Male",31,"30-39","No",NA,"41-45 mph","O: No Injury","White","Female","Passenger Car","No","31MAY2011","Tuesday","Bicyclist Left Turn / Merge",16,"Non-Intersection","May","B: Evident Injury",60360,"Bicyclist Left Turn - Same Direction",2011,"Yes","No","Daylight","Straight - Level","State Secondary Route","Dry","Two-Way, Not Divided","None","No Special Feature","Coarse Asphalt",0,0,0,0,0,0,0,"2 lanes",2,0,NA,0,NA
706,3031,"None - Rural Crash","Lenoir","Coastal","Residential","Rural (<30% Developed)",NA,"Rural","5 - 15 MPH","No Control Present","Clear","No",13,"11-15","No",NA,"With Traffic","C: Possible Injury","Travel Lane","Black","Female",NA,NA,"No",NA,"0-5 mph","Unknown Injury","Unknown/Missing",NA,"Passenger Car","No","30MAY2011","Monday","Motorist Overtaking Bicyclist",19,"Non-Intersection","May","C: Possible Injury",69000,"Motorist Overtaking - Other / Unknown",2011,"Yes","Yes","Daylight","Straight - Level","Local Street","Sand, Mud, Dirt, Gravel","Two-Way, Not Divided","Rut, Holes, Bumps","No Special Feature","Gravel",0,0,0,0,0,0,0,"2 lanes",2,0,NA,0,NA
707,3034,"Wilmington","New Hanover","Coastal","Residential","Rural (<30% Developed)",NA,"Urban",NA,"No Control Present","Clear","No",54,"50-59","No",NA,"With Traffic","Unknown Injury","Travel Lane","White","Male",44,"40-49","No",NA,NA,"Unknown Injury","White","Male","Van","No","11MAY2011","Wednesday","Motorist Right Turn / Merge",13,"Intersection","May","Unknown Injury",49200,"Motorist Right Turn - Same Direction",2011,"No","No",NA,NA,NA,NA,NA,"None","No Special Feature",NA,0,0,0,0,0,0,0,NA,2,0,NA,0,NA
708,3036,"None - Rural Crash","Yadkin","Mountains","Residential","Rural (<30% Developed)",NA,"Rural","50 - 55  MPH","Double Yellow Line, No Passing Zone","Clear","No",41,"40-49","No",NA,"With Traffic","B: Evident Injury","Travel Lane","White","Male",22,"20-24","No",NA,"0-5 mph","O: No Injury","White","Female","Passenger Car","No","24MAY2011","Tuesday","Motorist Left Turn / Merge",18,"Intersection","May","B: Evident Injury",68040,"Motorist Left Turn - Opposite Direction",2011,"Yes","No","Daylight","Straight - Level","State Secondary Route","Dry","Two-Way, Not Divided","None","T-Intersection","Smooth Asphalt",0,0,0,0,0,0,0,"2 lanes",2,0,NA,0,NA
709,3037,"Lumberton","Robeson","Coastal","Commercial","Mixed (30% To 70% Developed)",NA,"Urban","50 - 55  MPH","No Control Present","Clear","No",51,"50-59","Yes",NA,"Not Applicable","K: Killed",NA,"Black","Female",53,"50-59","No",NA,"46-50 mph","O: No Injury","Black","Male","Pickup","Yes","03JUN2011","Friday","Bicyclist Failed to Yield - Midblock",23,"Non-Intersection","June","K: Killed",84540,"Bicyclist Ride Out - Midblock - Unknown",2011,"Yes","No","Dark - Roadway Not Lighted","Straight - Level","NC Route","Dry","Two-Way, Not Divided","None","No Special Feature","Smooth Asphalt",0,0,0,0,0,0,0,"3 lanes",2,0,NA,0,NA
710,3040,"Goldsboro","Wayne","Coastal","Commercial","Urban (>70% Developed)",NA,"Urban","30 - 35  MPH","Other","Clear","No",21,"20-24","No",NA,"Not Applicable","C: Possible Injury",NA,"White","Male",43,"40-49","No",NA,"21-25 mph","O: No Injury","White","Female","Sport Utility","No","20MAY2011","Friday","Bicyclist Failed to Yield - Midblock",14,"Non-Intersection","May","C: Possible Injury",51600,"Bicyclist Ride Out - Other Midblock",2011,"Yes","No","Daylight","Straight - Level","Local Street","Dry","Two-Way, Divided, Unprotected Median","None","Related To Intersection","Coarse Asphalt",0,0,0,0,0,0,0,"6 lanes",2,0,NA,0,NA
711,3044,"None - Rural Crash","New Hanover","Coastal","Residential","Mixed (30% To 70% Developed)",NA,"Rural","30 - 35  MPH","Double Yellow Line, No Passing Zone","Clear","No",52,"50-59","No",NA,"With Traffic","B: Evident Injury","Travel Lane","White","Male",NA,"70+","No",NA,"11-15 mph","O: No Injury","White","Male","Passenger Car","No","04JUN2011","Saturday","Motorist Left Turn / Merge",20,"Intersection","June","B: Evident Injury",73500,"Motorist Left Turn - Opposite Direction",2011,"Yes","No","Dusk","Straight - Level","State Secondary Route","Dry","Two-Way, Not Divided","None","Y-Intersection","Coarse Asphalt",0,0,0,0,0,0,0,"2 lanes",2,0,NA,0,NA
712,3052,"Charlotte","Mecklenburg","Piedmont","Residential","Urban (>70% Developed)",NA,"Urban","30 - 35  MPH","No Control Present","Clear","No",28,"25-29","No",NA,"Not Applicable","C: Possible Injury","Sidewalk / Crosswalk / Driveway Crossing","Hispanic","Male",40,"40-49","No",NA,"26-30 mph","O: No Injury","Black","Female","Passenger Car","No","18MAY2011","Wednesday","Crossing Paths - Other Circumstances",14,"Intersection","May","C: Possible Injury",52920,"Crossing Paths - Intersection - Other / Unknown",2011,"No","No","Daylight","Straight - Grade","Local Street","Dry","Two-Way, Not Divided","None","No Special Feature","Smooth Asphalt",0,0,0,0,0,0,0,"4 lanes",2,0,NA,0,NA
713,3057,"Gastonia","Gaston","Piedmont","Commercial","Urban (>70% Developed)",NA,"Urban","40 - 45  MPH","Stop And Go Signal","Clear","No",NA,"70+","No",NA,"With Traffic","O: No Injury","Travel Lane","Black","Female",52,"50-59","No",NA,"31-35 mph","C: Possible Injury","White","Male","Passenger Car","No","22MAY2011","Sunday","Motorist Overtaking Bicyclist",15,"Intersection","May","C: Possible Injury",55440,"Motorist Overtaking - Other / Unknown",2011,"Yes","No","Daylight","Straight - Grade","NC Route","Dry","Two-Way, Not Divided","None","Four-Way Intersection","Smooth Asphalt",0,0,0,0,0,0,0,"3 lanes",2,0,NA,0,NA
714,3065,"Zebulon","Wake","Piedmont","Commercial","Urban (>70% Developed)",NA,"Rural","30 - 35  MPH","Stop Sign","Clear","No",10,"6-10","No",NA,"Not Applicable","C: Possible Injury","Travel Lane","Black","Male",18,"0-19","No",NA,"0-5 mph","O: No Injury","Black","Female","Passenger Car","No","11JUN2011","Saturday","Parallel Paths - Other Circumstances",15,"Intersection","June","C: Possible Injury",56400,"Parallel Paths - Other / Unknown",2011,"No","No","Daylight","Straight - Level","Local Street","Dry","Two-Way, Not Divided","None","No Special Feature","Coarse Asphalt",0,0,0,0,0,0,0,"3 lanes",2,0,NA,0,NA
715,3066,"None - Rural Crash","Randolph","Piedmont","Farms, Woods, Pastures","Rural (<30% Developed)",NA,"Rural",NA,"Double Yellow Line, No Passing Zone","Clear","No",19,"16-19","No",NA,"With Traffic","C: Possible Injury","Travel Lane","Black","Male",NA,NA,"Missing",NA,NA,"Unknown Injury","Unknown/Missing",NA,"Passenger Car","No","12JUN2011","Sunday","Motorist Overtaking Bicyclist",1,"Non-Intersection","June","C: Possible Injury",4440,"Motorist Overtaking - Other / Unknown",2011,"Yes","Yes","Dark - Unknown Lighting","Straight - Level","US Route","Dry","Two-Way, Not Divided","None","Driveway, Public","Smooth Asphalt",0,0,0,0,0,0,0,"2 lanes",2,0,NA,0,NA
716,3069,"Cherokee Reservation","Swain","Mountains","Residential","Rural (<30% Developed)",NA,"Rural","40 - 45  MPH","Flashing Signal With Stop Sign","Clear","No",20,"20-24","No",NA,"Facing Traffic","B: Evident Injury","Travel Lane","Hispanic","Female",49,"40-49","No",NA,"11-15 mph","O: No Injury","Hispanic","Male","Pickup","No","14JUN2011","Tuesday","Motorist Right Turn / Merge",7,"Intersection","June","B: Evident Injury",28320,"Motorist Right Turn - Opposite Direction",2011,"Yes","No","Daylight","Straight - Level","Local Street","Dry","Two-Way, Divided, Unprotected Median","None","No Special Feature","Smooth Asphalt",0,0,0,0,0,0,0,"5 lanes",2,0,NA,0,NA
717,3072,"Chapel Hill","Orange","Piedmont","Commercial","Urban (>70% Developed)",NA,"Urban","5 - 15 MPH","Stop Sign","Clear","No",23,"20-24","No",NA,"Facing Traffic","C: Possible Injury","Sidewalk / Crosswalk / Driveway Crossing","White","Male",28,"25-29","No",NA,NA,"O: No Injury","White","Female","Sport Utility","No","27MAY2011","Friday","Motorist Failed to Yield - Sign-Controlled Intersection",10,"Intersection","May","C: Possible Injury",36420,"Motorist Drive Out - Sign-Controlled Intersection",2011,"Yes","No","Daylight","Straight - Grade","Private Road, Driveway","Dry","Two-Way, Not Divided","None","Driveway, Public","Smooth Asphalt",0,0,0,0,0,0,0,"5 lanes",2,0,NA,0,NA
718,3078,"Durham","Durham","Piedmont","Residential","Urban (>70% Developed)",NA,"Urban","30 - 35  MPH","Stop Sign","Clear","No",12,"11-15","No",NA,NA,"C: Possible Injury","Travel Lane","Black","Male",48,"40-49","No",NA,"26-30 mph","O: No Injury","Hispanic","Female","Passenger Car","No","15JUN2011","Wednesday","Bicyclist Failed to Yield - Sign-Controlled Intersection",20,"Intersection","June","C: Possible Injury",73200,"Bicyclist Ride Out - Sign-Controlled Intersection",2011,"No","No","Daylight","Curve - Level","Local Street","Dry","Two-Way, Not Divided","None","No Special Feature","Smooth Asphalt",0,0,0,0,0,0,0,"2 lanes",2,0,NA,0,NA
719,3087,"None - Rural Crash","Lee","Piedmont","Farms, Woods, Pastures","Rural (<30% Developed)",NA,"Rural","50 - 55  MPH","Double Yellow Line, No Passing Zone","Clear","No",41,"40-49","Yes",NA,"Facing Traffic","O: No Injury","Travel Lane","Black","Male",35,"30-39","No",NA,"46-50 mph","O: No Injury","Black","Male","Passenger Car","Yes","17JUN2011","Friday","Head-On",22,"Non-Intersection","June","O: No Injury",79800,"Head-On - Bicyclist",2011,"Yes","No","Dark - Roadway Not Lighted","Straight - Level","State Secondary Route","Dry","Two-Way, Not Divided","None","No Special Feature","Smooth Asphalt",0,0,0,0,0,0,0,"2 lanes",2,0,NA,0,NA
720,3095,"Mooresville","Iredell","Piedmont","Commercial","Urban (>70% Developed)",NA,"Urban","30 - 35  MPH","Stop Sign","Clear","No",19,"16-19","No",NA,"Facing Traffic","O: No Injury","Sidewalk / Crosswalk / Driveway Crossing","Black","Female",44,"40-49","No",NA,"31-35 mph","B: Evident Injury","White","Male","Van","No","03JUN2011","Friday","Motorist Left Turn / Merge",14,"Intersection","June","B: Evident Injury",53880,"Motorist Left Turn - Same Direction",2011,"No","No","Daylight","Straight - Level","Local Street","Dry","Two-Way, Not Divided","None","No Special Feature","Smooth Asphalt",0,0,0,0,0,0,0,"2 lanes",2,0,NA,0,NA
721,3108,"Salisbury","Rowan","Piedmont","Residential","Urban (>70% Developed)",NA,"Urban","30 - 35  MPH","No Control Present","Clear","No",52,"50-59","Yes",NA,"With Traffic","C: Possible Injury","Sidewalk / Crosswalk / Driveway Crossing","Black","Male",26,"25-29","No",NA,"16-20 mph","O: No Injury","White","Female","Passenger Car","Yes","14JUN2011","Tuesday","Parallel Paths - Other Circumstances",17,"Non-Intersection","June","C: Possible Injury",64200,"Bicyclist Ride Out - Parallel Path",2011,"Yes","No","Daylight","Straight - Level",NA,"Dry","Two-Way, Divided, Unprotected Median","None","No Special Feature","Smooth Asphalt",0,0,0,0,0,0,0,"2 lanes",2,0,NA,0,NA
722,3109,"Raleigh","Wake","Piedmont","Residential","Urban (>70% Developed)",NA,"Urban","40 - 45  MPH","Stop Sign","Clear","No",12,"11-15","No",NA,"With Traffic","B: Evident Injury","Travel Lane","Black","Male",19,"0-19","No",NA,"0-5 mph","O: No Injury","White","Female","Passenger Car","No","18JUN2011","Saturday","Motorist Right Turn / Merge",12,"Intersection","June","B: Evident Injury",45840,"Motorist Right Turn - Same Direction",2011,"Yes","No","Daylight","Straight - Hillcrest","Local Street","Dry","Two-Way, Divided, Unprotected Median","None","Four-Way Intersection","Smooth Asphalt",0,0,0,0,0,0,0,"5 lanes",2,0,NA,0,NA
723,3116,"Asheville","Buncombe","Mountains","Commercial","Mixed (30% To 70% Developed)",NA,"Urban","20 - 25  MPH","Stop Sign","Clear","No",12,"11-15","No",NA,"With Traffic","O: No Injury","Travel Lane","White","Male",NA,NA,"Missing",NA,"16-20 mph","Unknown Injury","Unknown/Missing",NA,NA,"No","04JUN2011","Saturday","Bicyclist Failed to Yield - Sign-Controlled Intersection",12,"Intersection","June","O: No Injury",46200,"Bicyclist Ride Out - Sign-Controlled Intersection",2011,"No","Yes","Daylight","Straight - Level","Local Street","Dry","Two-Way, Not Divided","None","Four-Way Intersection","Coarse Asphalt",0,0,0,0,0,0,0,"2 lanes",2,0,NA,0,NA
724,3120,"Winston-Salem","Forsyth","Piedmont","Residential","Urban (>70% Developed)",NA,"Urban","30 - 35  MPH","Flashing Signal With Stop Sign","Clear","No",49,"40-49","No",NA,"With Traffic","C: Possible Injury",NA,"Black","Male",23,"20-24","No",NA,"6-10 mph","O: No Injury","Black","Male","Passenger Car","No","30MAY2011","Monday","Crossing Paths - Other Circumstances",19,"Intersection-Related","May","C: Possible Injury",69000,"Crossing Paths - Intersection - Other / Unknown",2011,"Yes","No","Daylight","Straight - Level","Local Street","Dry","Two-Way, Not Divided","None","Four-Way Intersection","Smooth Asphalt",0,0,0,0,0,0,0,"2 lanes",2,0,NA,0,NA
725,3129,"Durham","Durham","Piedmont","Residential","Urban (>70% Developed)",NA,"Urban","30 - 35  MPH","No Control Present","Clear","No",15,"11-15","No",NA,"With Traffic","C: Possible Injury","Travel Lane","White","Male",20,"20-24","No",NA,"11-15 mph","O: No Injury","Hispanic","Male","Passenger Car","No","30JUN2011","Thursday","Bicyclist Left Turn / Merge",14,"Intersection","June","C: Possible Injury",51780,"Bicyclist Left Turn - Same Direction",2011,"Yes","No","Daylight","Straight - Level","Local Street","Dry","Two-Way, Not Divided","Road Surface Condition","Four-Way Intersection","Smooth Asphalt",0,0,0,0,0,0,0,"2 lanes",2,0,NA,0,NA
726,3145,"Charlotte","Mecklenburg","Piedmont","Commercial","Urban (>70% Developed)",NA,"Urban","30 - 35  MPH","Stop Sign","Clear","No",18,"16-19","No",NA,"Facing Traffic","Unknown Injury","Sidewalk / Crosswalk / Driveway Crossing","Black","Male",46,"40-49","No",NA,"0-5 mph","O: No Injury","White","Male","Pickup","No","11JUN2011","Saturday","Loss of Control / Turning Error",13,"Intersection","June","O: No Injury",50220,"Bicyclist Lost Control - Oversteering, Improper Braking, Speed",2011,"Yes","No","Daylight","Straight - Level","Local Street","Dry","Two-Way, Not Divided","None","No Special Feature","Coarse Asphalt",0,0,0,0,0,0,0,"2 lanes",2,0,NA,0,NA
727,3149,"Raleigh","Wake","Piedmont","Industrial","Urban (>70% Developed)",NA,"Urban","30 - 35  MPH","Stop And Go Signal","Clear","No",31,"30-39","Yes",NA,"With Traffic","B: Evident Injury","Travel Lane","White","Male",21,"20-24","No",NA,"6-10 mph","O: No Injury","Hispanic","Male","Passenger Car","Yes","02JUL2011","Saturday","Motorist Left Turn / Merge",23,"Intersection","July","B: Evident Injury",83340,"Motorist Left Turn - Opposite Direction",2011,"Yes","No","Dark - Lighted Roadway","Straight - Level","Local Street","Dry","Two-Way, Not Divided","None","Four-Way Intersection","Smooth Asphalt",0,0,0,0,0,0,0,"6 lanes",2,0,NA,0,NA