"...1","object_id","city","county","region","development","locality","on_road","rural_urban","speed_limit","traffic_control","weather","workzone","bike_age","bike_age_group","bike_alcohol","bike_alcohol_drugs","bike_direction","bike_injury","bike_position","bike_race","bike_sex","driver_age","driver_age_group","driver_alcohol","driver_alcohol_drugs","driver_est_speed","driver_injury","driver_race","driver_sex","driver_vehicle_type","crash_alcohol","crash_date","crash_day","crash_group","crash_hour","crash_location","crash_month","crash_severity","crash_time","crash_type","crash_year","ambulance_req","hit_run","light_condition","road_character","road_class","road_condition","road_configuration","road_defects","road_feature","road_surface","num_bikes_ai","num_bikes_bi","num_bikes_ci","num_bikes_ki","num_bikes_no","num_bikes_to","num_bikes_ui","num_lanes","num_units","distance_mi_from","frm_road","rte_invd_cd","towrd_road"
728,3154,"High Point","Guilford","Piedmont","Residential","Urban (>70% Developed)",NA,"Urban",NA,"No Control Present","Clear","No",12,"11-15","No",NA,"Not Applicable","B: Evident Injury","Non-Roadway","Black","Male",NA,NA,"Missing",NA,NA,"Unknown Injury","Unknown/Missing",NA,NA,"No","15JUN2011","Wednesday","Bicyclist Failed to Yield - Midblock",19,"Non-Intersection","June","B: Evident Injury",70200,"Bicyclist Ride Out - Commercial Driveway / Alley",2011,"No","Yes","Daylight","Straight - Bottom","Local Street","Dry","Two-Way, Not Divided","None","No Special Feature","Smooth Asphalt",0,0,0,0,0,0,0,"2 lanes",2,0,NA,0,NA
729,3156,"Charlotte","Mecklenburg","Piedmont","Commercial","Urban (>70% Developed)",NA,"Urban","30 - 35  MPH","Stop And Go Signal","Cloudy","No",51,"50-59","No",NA,"Facing Traffic","B: Evident Injury","Sidewalk / Crosswalk / Driveway Crossing","Black","Male",41,"40-49","No",NA,"0-5 mph","O: No Injury","White","Female","Passenger Car","No","16JUN2011","Thursday","Bicyclist Failed to Yield - Signalized Intersection",8,"Intersection","June","B: Evident Injury",31020,"Bicyclist Ride Out - Signalized  Intersection",2011,"Yes","No","Dawn","Straight - Level","Local Street","Dry","Two-Way, Not Divided","None","Four-Way Intersection","Smooth Asphalt",0,0,0,0,0,0,0,"4 lanes",2,0,NA,0,NA
730,3162,"Garner","Wake","Piedmont","Commercial","Urban (>70% Developed)",NA,"Urban","30 - 35  MPH","No Control Present","Cloudy","No",16,"16-19","No",NA,"Not Applicable","C: Possible Injury","Sidewalk / Crosswalk / Driveway Crossing","White","Male",33,"30-39","No",NA,"0-5 mph","O: No Injury","White","Female","Passenger Car","No","05JUL2011","Tuesday","Non-Roadway",17,"Non-Roadway","July","C: Possible Injury",62580,"Non-Roadway",2011,"No","No","Daylight","Straight - Grade","Public Vehicular Area","Dry","Two-Way, Not Divided","None","Driveway, Public","Coarse Asphalt",0,0,0,0,0,0,0,NA,2,0,NA,0,NA
731,3169,"Asheville","Buncombe","Mountains","Institutional","Urban (>70% Developed)",NA,"Urban","20 - 25  MPH","Stop Sign","Clear","No",20,"20-24","No",NA,"With Traffic","B: Evident Injury","Travel Lane","White","Male",NA,"70+","No",NA,"0-5 mph","O: No Injury","White","Male","Passenger Car","No","12JUL2011","Tuesday","Motorist Failed to Yield - Sign-Controlled Intersection",15,"Intersection","July","B: Evident Injury",57000,"Motorist Drive Out - Sign-Controlled Intersection",2011,"No","No","Daylight","Curve - Grade","Local Street","Dry","Two-Way, Not Divided","None","T-Intersection","Smooth Asphalt",0,0,0,0,0,0,0,"2 lanes",2,0,NA,0,NA
732,3172,"Rocky Mount","Nash","Coastal","Residential","Urban (>70% Developed)",NA,"Urban","5 - 15 MPH","Stop Sign","Clear","No",6,"6-10","No",NA,"With Traffic","B: Evident Injury","Travel Lane","Black","Female",19,"0-19","No",NA,"6-10 mph","O: No Injury","Black","Female","Sport Utility","No","18MAY2011","Wednesday","Bicyclist Failed to Yield - Sign-Controlled Intersection",16,"Intersection","May","B: Evident Injury",58080,"Bicyclist Ride Through - Sign-Controlled Intersection",2011,"Yes","No","Daylight","Straight - Level","Local Street","Dry","Two-Way, Not Divided","None","No Special Feature","Smooth Asphalt",0,0,0,0,0,0,0,"2 lanes",2,0,NA,0,NA
733,3181,"Belmont","Gaston","Piedmont","Residential","Mixed (30% To 70% Developed)",NA,"Urban","40 - 45  MPH","No Control Present","Clear","No",61,"60-69","No",NA,"With Traffic","B: Evident Injury","Travel Lane","White","Male",19,"0-19","No",NA,"41-45 mph","O: No Injury","White","Male","Passenger Car","No","31MAY2011","Tuesday","Motorist Overtaking Bicyclist",5,"Non-Intersection","May","B: Evident Injury",20880,"Motorist Overtaking - Other / Unknown",2011,"No","No","Dawn","Straight - Level","Local Street","Dry","Two-Way, Not Divided","None","No Special Feature","Coarse Asphalt",0,0,0,0,0,0,0,"2 lanes",2,0,NA,0,NA
734,3183,"None - Rural Crash","Cumberland","Coastal","Farms, Woods, Pastures","Mixed (30% To 70% Developed)",NA,"Rural","40 - 45  MPH","Double Yellow Line, No Passing Zone","Clear","No",17,"16-19","No",NA,"Not Applicable","O: No Injury","Other","Black","Male",44,"40-49","No",NA,"41-45 mph","O: No Injury","White","Male","Pickup","No","15JUL2011","Friday","Bicyclist Failed to Yield - Midblock",12,"Non-Intersection","July","O: No Injury",44340,"Bicyclist Ride Out - Other Midblock",2011,"No","No","Daylight","Straight - Level","State Secondary Route","Dry","Two-Way, Not Divided","None","Non-Intersection Median Crossing","Coarse Asphalt",0,0,0,0,0,0,0,"2 lanes",2,0,NA,0,NA
735,3200,"Charlotte","Mecklenburg","Piedmont","Commercial","Urban (>70% Developed)",NA,"Urban","30 - 35  MPH","Stop And Go Signal","Clear","No",15,"11-15","No",NA,"With Traffic","B: Evident Injury","Sidewalk / Crosswalk / Driveway Crossing","Black","Male",24,"20-24","No",NA,"11-15 mph","O: No Injury","Hispanic","Male","Light Truck (Mini-Van, Panel)","No","02JUL2011","Saturday","Motorist Right Turn / Merge",21,"Intersection","July","B: Evident Injury",77760,"Motorist Right Turn - Same Direction",2011,"Yes","No","Dark - Lighted Roadway","Straight - Level","Local Street","Dry","Two-Way, Not Divided","None","No Special Feature","Smooth Asphalt",0,0,0,0,0,0,0,"4 lanes",2,0,NA,0,NA
736,3202,"Raleigh","Wake","Piedmont","Residential","Urban (>70% Developed)",NA,"Urban","20 - 25  MPH","No Control Present","Clear","No",17,"16-19","No",NA,"Not Applicable","C: Possible Injury","Sidewalk / Crosswalk / Driveway Crossing","Hispanic","Male",33,"30-39","No",NA,"6-10 mph","O: No Injury","Black","Male","Passenger Car","No","20JUL2011","Wednesday","Bicyclist Failed to Yield - Midblock",18,"Non-Intersection","July","C: Possible Injury",67980,"Bicyclist Ride Out - Other Midblock",2011,"Yes","No","Daylight","Straight - Level","Local Street","Dry","Two-Way, Not Divided","None","No Special Feature","Smooth Asphalt",0,0,0,0,0,0,0,"2 lanes",2,0,NA,0,NA
737,3205,"Wilmington","New Hanover","Coastal","Residential","Urban (>70% Developed)",NA,"Urban","30 - 35  MPH","No Control Present","Clear","No",56,"50-59","No",NA,"With Traffic","B: Evident Injury","Travel Lane","White","Male",NA,"70+","No",NA,"31-35 mph","O: No Injury","White","Male","Passenger Car","No","04JUL2011","Monday","Motorist Overtaking Bicyclist",17,"Non-Intersection","July","B: Evident Injury",63720,"Motorist Overtaking - Other / Unknown",2011,"Yes","No","Daylight","Straight - Level","Local Street","Dry","Two-Way, Not Divided","None","No Special Feature","Coarse Asphalt",0,0,0,0,0,0,0,"2 lanes",2,0,NA,0,NA
738,3208,"None - Rural Crash","New Hanover","Coastal","Commercial","Mixed (30% To 70% Developed)",NA,"Rural","40 - 45  MPH","No Control Present","Clear","No",41,"40-49","No",NA,"Facing Traffic","A: Disabling Injury","Travel Lane","White","Female",55,"50-59","No",NA,"6-10 mph","O: No Injury","White","Female","Sport Utility","No","23JUL2011","Saturday","Motorist Failed to Yield - Midblock",13,"Non-Intersection","July","A: Disabling Injury",48000,"Motorist Drive Out - Other Midblock",2011,"Yes","No","Daylight","Straight - Level","US Route","Dry","Two-Way, Divided, Unprotected Median","None","Driveway, Public","Coarse Asphalt",0,0,0,0,0,0,0,"4 lanes",2,0,NA,0,NA
739,3217,"Carrboro","Orange","Piedmont","Commercial","Urban (>70% Developed)",NA,"Urban","20 - 25  MPH","No Control Present","Clear","No",NA,"70+","No",NA,"With Traffic","K: Killed","Travel Lane","White","Male",NA,"70+","No",NA,"11-15 mph","O: No Injury","White","Male","Passenger Car","No","09JUL2011","Saturday","Motorist Overtaking Bicyclist",10,"Non-Intersection","July","K: Killed",36720,"Motorist Overtaking - Bicyclist Swerved",2011,"Yes","No","Daylight","Straight - Level","State Secondary Route","Dry","Two-Way, Not Divided","None","No Special Feature","Smooth Asphalt",0,0,0,0,0,0,0,NA,2,0,NA,0,NA
740,3221,"None - Rural Crash","New Hanover","Coastal","Residential","Urban (>70% Developed)",NA,"Rural","30 - 35  MPH","Stop Sign","Cloudy","No",12,"11-15","No",NA,"Facing Traffic","C: Possible Injury","Travel Lane","White","Male",57,"50-59","No",NA,"16-20 mph","O: No Injury","White","Male","Pickup","No","26JUL2011","Tuesday","Bicyclist Failed to Yield - Sign-Controlled Intersection",18,"Intersection","July","C: Possible Injury",64860,"Bicyclist Ride Through - Sign-Controlled Intersection",2011,"No","No","Daylight","Straight - Level","State Secondary Route","Wet","Two-Way, Not Divided","None","T-Intersection","Smooth Asphalt",0,0,0,0,0,0,0,"2 lanes",2,0,NA,0,NA
741,3222,"High Point","Guilford","Piedmont","Commercial","Urban (>70% Developed)",NA,"Urban","30 - 35  MPH","No Control Present","Cloudy","No",30,"30-39","No",NA,"With Traffic","Unknown Injury","Travel Lane","White","Male",NA,NA,"Missing",NA,NA,"Unknown Injury","Unknown/Missing",NA,"Passenger Car","No","04JUL2011","Monday","Motorist Left Turn / Merge",23,"Intersection","July","Unknown Injury",84420,"Motorist Left Turn - Opposite Direction",2011,"No","Yes","Dark - Lighted Roadway","Straight - Level","Local Street","Dry","Two-Way, Not Divided","None","T-Intersection","Smooth Asphalt",0,0,0,0,0,0,0,"2 lanes",2,0,NA,0,NA
742,3224,"Raleigh","Wake","Piedmont","Commercial","Urban (>70% Developed)",NA,"Urban","30 - 35  MPH","Stop And Go Signal","Clear","No",13,"11-15","No",NA,"With Traffic","O: No Injury","Travel Lane","White","Male",54,"50-59","No",NA,"11-15 mph","O: No Injury","Other","Female","Passenger Car","No","26JUL2011","Tuesday","Bicyclist Left Turn / Merge",14,"Intersection-Related","July","O: No Injury",50460,"Bicyclist Left Turn - Same Direction",2011,"No","No","Daylight","Straight - Level","NC Route","Dry","Two-Way, Divided, Positive Median Barrier","None","Related To Intersection","Coarse Asphalt",0,0,0,0,0,0,0,"6 lanes",2,0,NA,0,NA
743,3226,"Wilmington","New Hanover","Coastal","Commercial","Mixed (30% To 70% Developed)",NA,"Urban",NA,"Stop And Go Signal","Clear","No",34,"30-39","No",NA,"Facing Traffic","C: Possible Injury","Travel Lane","White","Male",NA,NA,"Missing",NA,NA,"Unknown Injury","Unknown/Missing",NA,NA,"No","01JUL2011","Friday","Crossing Paths - Other Circumstances",21,"Intersection","July","C: Possible Injury",78480,"Signalized Intersection - Other / Unknown",2011,"No","Yes","Daylight","Straight - Level","Local Street","Dry","Two-Way, Not Divided","None","No Special Feature","Coarse Asphalt",0,0,0,0,0,0,0,"9 or more lanes",2,0,NA,0,NA
744,3227,"Durham","Durham","Piedmont","Residential","Urban (>70% Developed)",NA,"Urban","40 - 45  MPH","Stop And Go Signal","Clear","No",30,"30-39","No",NA,"With Traffic","C: Possible Injury","Bike Lane / Paved Shoulder","White","Male",NA,NA,"Missing",NA,"21-25 mph","Unknown Injury","Unknown/Missing",NA,"Sport Utility","No","28JUL2011","Thursday","Motorist Right Turn / Merge",18,"Intersection","July","C: Possible Injury",65820,"Motorist Right Turn - Same Direction",2011,"No","Yes","Daylight","Straight - Level","Local Street","Dry","Two-Way, Divided, Unprotected Median","None","Four-Way Intersection","Smooth Asphalt",0,0,0,0,0,0,0,"6 lanes",2,0,NA,0,NA
745,3234,"None - Rural Crash","Cumberland","Coastal","Farms, Woods, Pastures","Mixed (30% To 70% Developed)",NA,"Rural","40 - 45  MPH","No Control Present","Clear","No",17,"16-19","No",NA,"Not Applicable","O: No Injury","Travel Lane","Black","Male",62,"60-69","No",NA,"36-40 mph","O: No Injury","White","Male","Sport Utility","No","27JUL2011","Wednesday","Bicyclist Failed to Yield - Midblock",16,"Non-Intersection","July","O: No Injury",61020,"Bicyclist Ride Out - Other Midblock",2011,"No","No","Daylight","Straight - Level","State Secondary Route","Dry","Two-Way, Divided, Unprotected Median","None","No Special Feature","Smooth Asphalt",0,0,0,0,0,0,0,"4 lanes",2,0,NA,0,NA
746,3241,"Fayetteville","Cumberland","Coastal","Residential","Urban (>70% Developed)",NA,"Urban","40 - 45  MPH","Stop And Go Signal","Clear","No",16,"16-19","No",NA,"Facing Traffic","B: Evident Injury","Travel Lane","Black","Male",26,"25-29","No",NA,"21-25 mph","O: No Injury","White","Male","Passenger Car","No","26JUL2011","Tuesday","Motorist Right Turn / Merge",21,"Intersection","July","B: Evident Injury",77280,"Motorist Right Turn - Opposite Direction",2011,"Yes","No","Dark - Lighted Roadway","Straight - Grade","Local Street","Dry","Two-Way, Not Divided","None","Four-Way Intersection","Coarse Asphalt",0,0,0,0,0,0,0,"2 lanes",2,0,NA,0,NA
747,3243,"None - Rural Crash","Johnston","Coastal","Farms, Woods, Pastures","Rural (<30% Developed)",NA,"Rural","50 - 55  MPH","Double Yellow Line, No Passing Zone","Clear","No",50,"50-59","No",NA,"Facing Traffic","B: Evident Injury","Travel Lane","Black","Male",57,"50-59","No",NA,"41-45 mph","O: No Injury","White","Male","Van","No","01AUG2011","Monday","Head-On",21,"Non-Intersection","August","B: Evident Injury",78900,"Head-On - Bicyclist",2011,"Yes","No","Dark - Roadway Not Lighted","Curve - Level","NC Route","Dry","Two-Way, Not Divided","None","No Special Feature","Coarse Asphalt",0,0,0,0,0,0,0,"2 lanes",2,0,NA,0,NA
748,3256,"Charlotte","Mecklenburg","Piedmont","Residential","Mixed (30% To 70% Developed)",NA,"Urban","5 - 15 MPH","No Control Present","Cloudy","No",13,"11-15","No",NA,"With Traffic","C: Possible Injury","Travel Lane","Black","Male",37,"30-39","No",NA,"6-10 mph","C: Possible Injury","White","Female","Passenger Car","No","25JUL2011","Monday","Loss of Control / Turning Error",15,"Intersection","July","C: Possible Injury",56460,"Bicyclist Lost Control - Oversteering, Improper Braking, Speed",2011,"No","No","Daylight","Straight - Level","Local Street","Dry","Two-Way, Not Divided","None","No Special Feature","Smooth Asphalt",0,0,0,0,0,0,0,"2 lanes",2,0,NA,0,NA
749,3262,"Raleigh","Wake","Piedmont","Residential","Urban (>70% Developed)",NA,"Urban","30 - 35  MPH","No Control Present","Clear","No",29,"25-29","No",NA,"With Traffic","C: Possible Injury","Travel Lane","White","Male",21,"20-24","No",NA,"16-20 mph","O: No Injury","White","Female","Passenger Car","No","03AUG2011","Wednesday","Motorist Left Turn / Merge",16,"Intersection","August","C: Possible Injury",59460,"Motorist Left Turn - Opposite Direction",2011,"Yes","No","Daylight","Straight - Grade","Local Street","Dry","Two-Way, Not Divided","None","Four-Way Intersection","Smooth Asphalt",0,0,0,0,0,0,0,"2 lanes",2,0,NA,0,NA
750,3265,"Albemarle","Stanly","Piedmont","Commercial","Urban (>70% Developed)",NA,"Urban","20 - 25  MPH","Stop Sign","Clear","No",14,"11-15","No",NA,"With Traffic","C: Possible Injury","Other","White","Male",53,"50-59","No",NA,"0-5 mph","O: No Injury","White","Female","Passenger Car","No","29JUL2011","Friday","Motorist Failed to Yield - Sign-Controlled Intersection",9,"Intersection","July","C: Possible Injury",32400,"Motorist Drive Out - Sign-Controlled Intersection",2011,"Yes","No","Daylight","Straight - Level","Local Street","Dry","Two-Way, Not Divided","None","T-Intersection","Smooth Asphalt",0,0,0,0,0,0,0,"2 lanes",2,0,NA,0,NA
751,3267,"None - Rural Crash","Bladen","Coastal","Farms, Woods, Pastures","Rural (<30% Developed)",NA,"Rural","50 - 55  MPH","No Control Present","Clear","No",56,"50-59","No",NA,"With Traffic","B: Evident Injury","Bike Lane / Paved Shoulder","White","Male",NA,NA,"Missing",NA,"51-55 mph","Unknown Injury","Unknown/Missing",NA,"Passenger Car","No","08AUG2011","Monday","Motorist Overtaking Bicyclist",18,"Non-Intersection","August","B: Evident Injury",66600,"Motorist Overtaking - Other / Unknown",2011,"No","Yes","Daylight","Straight - Level","State Secondary Route","Dry","Two-Way, Not Divided","None","No Special Feature","Smooth Asphalt",0,0,0,0,0,0,0,"2 lanes",2,0,NA,0,NA
752,3276,"Chapel Hill","Orange","Piedmont","Commercial","Mixed (30% To 70% Developed)",NA,"Urban","20 - 25  MPH","No Control Present","Clear","No",39,"30-39","No",NA,"Facing Traffic","C: Possible Injury","Travel Lane","Asian","Female",54,"50-59","No",NA,"0-5 mph","O: No Injury","White","Male","Passenger Car","No","04AUG2011","Thursday","Motorist Failed to Yield - Sign-Controlled Intersection",16,"Intersection","August","C: Possible Injury",59580,"Motorist Drive Out - Sign-Controlled Intersection",2011,"Yes","No","Daylight","Curve - Level","Local Street","Dry","Two-Way, Divided, Positive Median Barrier","None","T-Intersection","Smooth Asphalt",0,0,0,0,0,0,0,"4 lanes",2,0,NA,0,NA
753,3277,"Gibsonville","Alamance","Piedmont","Residential","Urban (>70% Developed)",NA,"Urban","30 - 35  MPH","Stop Sign","Cloudy","No",43,"40-49","Yes",NA,"With Traffic","K: Killed","Travel Lane","Black","Male",28,"25-29","No",NA,"31-35 mph","O: No Injury","White","Male",NA,"Yes","31JUL2011","Sunday","Motorist Overtaking Bicyclist",20,"Intersection-Related","July","K: Killed",75480,"Motorist Overtaking - Other / Unknown",2011,"Yes","Yes","Dark - Lighted Roadway","Curve - Level","Local Street","Dry","Two-Way, Not Divided","None","T-Intersection","Smooth Asphalt",0,0,0,0,0,0,0,"2 lanes",2,0,NA,0,NA
754,3288,"Raleigh","Wake","Piedmont","Residential","Urban (>70% Developed)",NA,"Urban","20 - 25  MPH","Stop Sign","Clear","No",12,"11-15","No",NA,"With Traffic","B: Evident Injury","Travel Lane","Black","Male",26,"25-29","No",NA,"11-15 mph","O: No Injury","Hispanic","Male","Passenger Car","No","14AUG2011","Sunday","Bicyclist Failed to Yield - Sign-Controlled Intersection",19,"Intersection","August","B: Evident Injury",70500,"Bicyclist Ride Through - Sign-Controlled Intersection",2011,"Yes","Yes","Daylight","Straight - Grade","Local Street","Dry","Two-Way, Not Divided","None","T-Intersection","Coarse Asphalt",0,0,0,0,0,0,0,"2 lanes",2,0,NA,0,NA
755,3293,"Hendersonville","Henderson","Mountains","Commercial","Urban (>70% Developed)",NA,"Urban","30 - 35  MPH","Stop And Go Signal","Clear","No",17,"16-19","No",NA,"With Traffic","C: Possible Injury","Travel Lane","White","Male",52,"50-59","No",NA,"6-10 mph","O: No Injury","White","Male","Pickup","No","20JUL2011","Wednesday","Bicyclist Left Turn / Merge",11,"Non-Intersection","July","C: Possible Injury",42780,"Bicyclist Left Turn - Opposite Direction",2011,"Yes","No","Daylight","Straight - Level","Local Street","Dry","Two-Way, Divided, Unprotected Median","None","No Special Feature","Coarse Asphalt",0,0,0,0,0,0,0,"5 lanes",2,0,NA,0,NA
756,3305,"Carrboro","Orange","Piedmont","Commercial","Urban (>70% Developed)",NA,"Urban","30 - 35  MPH","Double Yellow Line, No Passing Zone","Cloudy","No",17,"16-19","No",NA,"With Traffic","C: Possible Injury","Sidewalk / Crosswalk / Driveway Crossing","Black","Male",NA,NA,"No",NA,"0-5 mph","Unknown Injury","Unknown/Missing",NA,NA,"No","13AUG2011","Saturday","Motorist Failed to Yield - Midblock",13,"Non-Intersection","August","C: Possible Injury",47820,"Motorist Drive Out - Commercial Driveway / Alley",2011,"No","Yes","Daylight","Straight - Level","NC Route","Wet","Two-Way, Divided, Unprotected Median","None","No Special Feature","Smooth Asphalt",0,0,0,0,0,0,0,"4 lanes",2,0,NA,0,NA
757,3308,"Raleigh","Wake","Piedmont","Commercial","Urban (>70% Developed)",NA,"Urban","30 - 35  MPH","Stop Sign","Clear","No",27,"25-29","No",NA,"Facing Traffic","O: No Injury","Bike Lane / Paved Shoulder","White","Male",59,"50-59","No",NA,"0-5 mph","O: No Injury","White","Female","Passenger Car","No","19AUG2011","Friday","Motorist Failed to Yield - Sign-Controlled Intersection",17,"Intersection","August","O: No Injury",63360,"Motorist Drive Out - Sign-Controlled Intersection",2011,"No","Yes","Daylight","Straight - Level","Local Street","Dry","Two-Way, Not Divided","None","Four-Way Intersection","Coarse Asphalt",0,0,0,0,0,0,0,"2 lanes",2,0,NA,0,NA
758,3309,"Wilmington","New Hanover","Coastal","Commercial","Urban (>70% Developed)",NA,"Urban","20 - 25  MPH","Stop Sign","Clear","No",17,"16-19","No",NA,"With Traffic","A: Disabling Injury","Travel Lane","White","Male",68,"60-69","No",NA,"21-25 mph","O: No Injury","White","Male","Pickup","No","09AUG2011","Tuesday","Bicyclist Failed to Yield - Sign-Controlled Intersection",22,"Intersection","August","A: Disabling Injury",79260,"Bicyclist Ride Out - Sign-Controlled Intersection",2011,"No","No","Dark - Lighted Roadway","Straight - Grade","Local Street","Dry","Two-Way, Not Divided","None","No Special Feature","Coarse Asphalt",0,0,0,0,0,0,0,NA,2,0,NA,0,NA
759,3311,"Raleigh","Wake","Piedmont","Commercial","Urban (>70% Developed)",NA,"Urban","30 - 35  MPH","No Control Present","Clear","No",20,"20-24","No",NA,"Facing Traffic","O: No Injury","Travel Lane","White","Male",47,"40-49","No",NA,"6-10 mph","O: No Injury","Black","Male","Passenger Car","No","17AUG2011","Wednesday","Motorist Left Turn / Merge",12,"Non-Intersection","August","O: No Injury",45660,"Motorist Left Turn - Same Direction",2011,"No","No","Daylight","Straight - Level","Local Street","Dry","Two-Way, Divided, Unprotected Median","None","No Special Feature","Smooth Asphalt",0,0,0,0,0,0,0,"5 lanes",2,0,NA,0,NA
760,3313,"None - Rural Crash","Johnston","Coastal","Residential","Mixed (30% To 70% Developed)",NA,"Rural","40 - 45  MPH","Double Yellow Line, No Passing Zone","Clear","No",14,"11-15","No",NA,"With Traffic","A: Disabling Injury","Travel Lane","White","Male",15,"0-19","No",NA,"41-45 mph","O: No Injury","White","Male","Pickup","No","22AUG2011","Monday","Bicyclist Left Turn / Merge",9,"Intersection","August","A: Disabling Injury",33000,"Bicyclist Left Turn - Same Direction",2011,"Yes","No","Daylight","Straight - Level","State Secondary Route","Dry","Two-Way, Not Divided","None","No Special Feature","Coarse Asphalt",0,0,0,0,0,0,0,"2 lanes",2,0,NA,0,NA
761,3320,"Charlotte","Mecklenburg","Piedmont","Commercial","Urban (>70% Developed)",NA,"Urban","30 - 35  MPH","Stop Sign","Clear","No",24,"20-24","No",NA,"With Traffic","O: No Injury","Sidewalk / Crosswalk / Driveway Crossing","Hispanic","Male",NA,NA,"Missing",NA,"0-5 mph","Unknown Injury","Unknown/Missing",NA,NA,"No","19AUG2011","Friday","Other / Unknown - Insufficient Details",12,"Intersection","August","O: No Injury",46200,"Unknown Approach Paths",2011,"No","Yes","Daylight","Straight - Level","Public Vehicular Area","Dry","Two-Way, Divided, Positive Median Barrier","None","Driveway, Public","Coarse Asphalt",0,0,0,0,0,0,0,NA,2,0,NA,0,NA
762,3325,"None - Rural Crash","Craven","Coastal","Farms, Woods, Pastures","Rural (<30% Developed)",NA,"Rural","50 - 55  MPH","No Control Present","Clear","No",40,"40-49","No",NA,"With Traffic","B: Evident Injury","Bike Lane / Paved Shoulder","White","Male",NA,NA,"Missing",NA,"21-25 mph","Unknown Injury","Unknown/Missing",NA,"Passenger Car","No","29AUG2011","Monday","Motorist Overtaking Bicyclist",1,"Non-Intersection","August","B: Evident Injury",4920,"Motorist Overtaking - Other / Unknown",2011,"Yes","Yes","Dark - Roadway Not Lighted","Straight - Level","US Route","Dry","Two-Way, Divided, Positive Median Barrier","None","Bridge","Concrete",0,0,0,0,0,0,0,"4 lanes",2,0,NA,0,NA
763,3326,"Charlotte","Mecklenburg","Piedmont","Commercial","Urban (>70% Developed)",NA,"Urban","30 - 35  MPH","Stop And Go Signal","Clear","No",30,"30-39","No",NA,"With Traffic","B: Evident Injury","Travel Lane","White","Male",22,"20-24","No",NA,"26-30 mph","B: Evident Injury","Black","Female","Motorcycle","No","16AUG2011","Tuesday","Motorist Failed to Yield - Signalized Intersection",8,"Intersection","August","B: Evident Injury",32220,"Motorist Drive Through - Signalized Intersection",2011,"No","No","Dawn","Straight - Level","Local Street","Dry","Two-Way, Not Divided","None","No Special Feature","Smooth Asphalt",0,0,0,0,0,0,0,"7 lanes",2,0,NA,0,NA
764,3332,"Hamlet","Richmond","Piedmont","Commercial","Mixed (30% To 70% Developed)",NA,"Urban","30 - 35  MPH","Stop Sign","Clear","No",14,"11-15","No",NA,"With Traffic","C: Possible Injury","Travel Lane","Black","Male",19,"0-19","No",NA,"31-35 mph","O: No Injury","Black","Male","Sport Utility","No","16AUG2011","Tuesday","Bicyclist Failed to Yield - Sign-Controlled Intersection",16,"Intersection","August","C: Possible Injury",59280,"Bicyclist Ride Through - Sign-Controlled Intersection",2011,"No","No","Daylight","Straight - Hillcrest","Local Street","Dry","Two-Way, Not Divided","None","No Special Feature","Coarse Asphalt",0,0,0,0,0,0,0,"2 lanes",2,0,NA,0,NA
765,3336,"Burlington","Alamance","Piedmont","Residential","Urban (>70% Developed)",NA,"Urban","30 - 35  MPH","Stop Sign","Clear","No",8,"6-10","No",NA,"With Traffic","O: No Injury","Travel Lane","Black","Female",54,"50-59","No",NA,"31-35 mph","O: No Injury","White","Female","Passenger Car","No","22AUG2011","Monday","Bicyclist Failed to Yield - Sign-Controlled Intersection",13,"Intersection","August","O: No Injury",48780,"Bicyclist Ride Through - Sign-Controlled Intersection",2011,"No","No","Daylight","Straight - Grade","Local Street","Dry","Two-Way, Not Divided","None","T-Intersection","Smooth Asphalt",0,0,0,0,0,0,0,"2 lanes",2,0,NA,0,NA
766,3337,"Asheville","Buncombe","Mountains","Commercial","Urban (>70% Developed)",NA,"Urban","30 - 35  MPH","No Control Present","Clear","No",36,"30-39","No",NA,"With Traffic","B: Evident Injury","Travel Lane","White","Male",58,"50-59","No",NA,"0-5 mph","O: No Injury","White","Male","Pickup","No","19AUG2011","Friday","Motorist Left Turn / Merge",11,"Non-Intersection","August","B: Evident Injury",41160,"Motorist Left Turn - Opposite Direction",2011,"Yes","No","Daylight","Curve - Grade","US Route","Dry","Two-Way, Divided, Unprotected Median","None","T-Intersection","Smooth Asphalt",0,0,0,0,0,0,0,"5 lanes",2,0,NA,0,NA
767,3339,"Elon College","Alamance","Piedmont","Residential","Urban (>70% Developed)",NA,"Urban",NA,"No Control Present","Clear","No",16,"16-19","No",NA,"Not Applicable","B: Evident Injury","Non-Roadway","White","Male",35,"30-39","No",NA,NA,"O: No Injury","White","Male","Van","No","22AUG2011","Monday","Non-Roadway",13,"Non-Roadway","August","B: Evident Injury",50040,"Non-Roadway",2011,"Yes","No","Daylight","Straight - Grade","Public Vehicular Area","Dry","Two-Way, Not Divided","None","Driveway, Public","Smooth Asphalt",0,0,0,0,0,0,0,"2 lanes",2,0,NA,0,NA
768,3340,"Winston-Salem","Forsyth","Piedmont","Residential","Urban (>70% Developed)",NA,"Urban","20 - 25  MPH","No Control Present","Clear","No",10,"6-10","No",NA,"Not Applicable","B: Evident Injury","Travel Lane","White","Male",55,"50-59","No",NA,"26-30 mph","O: No Injury","White","Male","Passenger Car","No","24AUG2011","Wednesday","Bicyclist Failed to Yield - Midblock",19,"Non-Intersection","August","B: Evident Injury",68940,"Bicyclist Ride Out - Other Midblock",2011,"Yes","No","Daylight","Straight - Level","Local Street","Dry","Two-Way, Not Divided","None","No Special Feature","Smooth Asphalt",0,0,0,0,0,0,0,"2 lanes",2,0,NA,0,NA