"...1","object_id","city","county","region","development","locality","on_road","rural_urban","speed_limit","traffic_control","weather","workzone","bike_age","bike_age_group","bike_alcohol","bike_alcohol_drugs","bike_direction","bike_injury","bike_position","bike_race","bike_sex","driver_age","driver_age_group","driver_alcohol","driver_alcohol_drugs","driver_est_speed","driver_injury","driver_race","driver_sex","driver_vehicle_type","crash_alcohol","crash_date","crash_day","crash_group","crash_hour","crash_location","crash_month","crash_severity","crash_time","crash_type","crash_year","ambulance_req","hit_run","light_condition","road_character","road_class","road_condition","road_configuration","road_defects","road_feature","road_surface","num_bikes_ai","num_bikes_bi","num_bikes_ci","num_bikes_ki","num_bikes_no","num_bikes_to","num_bikes_ui","num_lanes","num_units","distance_mi_from","frm_road","rte_invd_cd","towrd_road"
769,3348,"Raleigh","Wake","Piedmont","Institutional","Urban (>70% Developed)",NA,"Urban","20 - 25  MPH","Stop And Go Signal","Clear","No",19,"16-19","No",NA,"With Traffic","B: Evident Injury","Travel Lane","White","Male",NA,NA,"Missing",NA,"0-5 mph","Unknown Injury","Unknown/Missing",NA,"Pickup","No","31AUG2011","Wednesday","Loss of Control / Turning Error",11,"Intersection","August","B: Evident Injury",42900,"Bicyclist Lost Control - Other / Unknown",2011,"Yes","No","Daylight","Straight - Level","Local Street","Dry","Two-Way, Divided, Positive Median Barrier","None","T-Intersection","Smooth Asphalt",0,0,0,0,0,0,0,"3 lanes",2,0,NA,0,NA
770,3350,"Holly Springs","Wake","Piedmont","Commercial","Urban (>70% Developed)",NA,"Urban","20 - 25  MPH","No Control Present","Clear","No",8,"6-10","No",NA,"Not Applicable","O: No Injury","Non-Roadway","Black","Male",33,"30-39","No",NA,"6-10 mph","O: No Injury","Black","Female","Passenger Car","No","31AUG2011","Wednesday","Non-Roadway",17,"Non-Roadway","August","O: No Injury",64020,"Non-Roadway",2011,"No","No","Daylight","Straight - Level","Public Vehicular Area","Dry","Two-Way, Not Divided","None","No Special Feature","Smooth Asphalt",0,0,0,0,0,0,0,"2 lanes",2,0,NA,0,NA
771,3361,"None - Rural Crash","Johnston","Coastal","Farms, Woods, Pastures","Rural (<30% Developed)",NA,"Rural","50 - 55  MPH","No Control Present","Clear","No",49,"40-49","No",NA,"With Traffic","B: Evident Injury","Travel Lane","White","Male",NA,NA,"No",NA,"51-55 mph","Unknown Injury","Unknown/Missing",NA,"Pickup","No","04SEP2011","Sunday","Motorist Overtaking Bicyclist",15,"Non-Intersection","September","B: Evident Injury",56580,"Motorist Overtaking - Other / Unknown",2011,"Yes","Yes","Daylight","Straight - Level","State Secondary Route","Dry","Two-Way, Not Divided","None","No Special Feature","Coarse Asphalt",0,0,0,0,0,0,0,"2 lanes",2,0,NA,0,NA
772,3368,"Charlotte","Mecklenburg","Piedmont","Commercial","Urban (>70% Developed)",NA,"Urban","30 - 35  MPH","Stop Sign","Clear","No",13,"11-15","No",NA,"Not Applicable","B: Evident Injury","Non-Roadway","Black","Male",20,"20-24","No",NA,"11-15 mph","O: No Injury","Black","Female","Passenger Car","No","02SEP2011","Friday","Non-Roadway",18,"Non-Roadway","September","B: Evident Injury",65940,"Non-Roadway",2011,"No","No","Daylight","Straight - Level","Public Vehicular Area","Dry","Two-Way, Not Divided","None","No Special Feature","Smooth Asphalt",0,0,0,0,0,0,0,NA,2,0,NA,0,NA
773,3370,"None - Rural Crash","Durham","Piedmont","Residential","Mixed (30% To 70% Developed)",NA,"Rural","30 - 35  MPH","Double Yellow Line, No Passing Zone","Clear","No",58,"50-59","No",NA,"With Traffic","C: Possible Injury","Travel Lane","Black","Male",NA,NA,"No",NA,"21-25 mph","Unknown Injury","Unknown/Missing",NA,"Single Unit Truck (2-Axle, 6-Tire)","No","28AUG2011","Sunday","Motorist Overtaking Bicyclist",11,"Non-Intersection","August","C: Possible Injury",39900,"Motorist Overtaking - Misjudged Space",2011,"No","Yes","Daylight","Straight - Grade","State Secondary Route","Dry","Two-Way, Not Divided","None","Driveway, Private","Smooth Asphalt",0,0,0,0,0,0,0,"2 lanes",2,0,NA,0,NA
774,3373,"Wilmington","New Hanover","Coastal","Commercial","Urban (>70% Developed)",NA,"Urban","30 - 35  MPH","No Control Present","Cloudy","No",43,"40-49","No",NA,"Facing Traffic","C: Possible Injury","Sidewalk / Crosswalk / Driveway Crossing","Black","Male",59,"50-59","No",NA,"6-10 mph","O: No Injury","White","Female","Pickup","No","26AUG2011","Friday","Motorist Left Turn / Merge",8,"Non-Intersection","August","C: Possible Injury",30480,"Motorist Left Turn - Same Direction",2011,"Yes","No","Daylight","Straight - Level","Local Street","Wet","Two-Way, Divided, Unprotected Median","None","No Special Feature","Smooth Asphalt",0,0,0,0,0,0,0,NA,2,0,NA,0,NA
775,3385,"Gastonia","Gaston","Piedmont","Commercial","Urban (>70% Developed)",NA,"Urban","30 - 35  MPH","Stop And Go Signal","Clear","No",18,"16-19","No",NA,"With Traffic","C: Possible Injury","Sidewalk / Crosswalk / Driveway Crossing","Black","Male",NA,"70+","No",NA,NA,"O: No Injury","White","Male","Pickup","No","02SEP2011","Friday","Motorist Right Turn / Merge",11,"Intersection","September","C: Possible Injury",41880,"Motorist Right Turn - Same Direction",2011,"Yes","No","Daylight","Straight - Grade","Local Street","Dry","Two-Way, Not Divided","None","Four-Way Intersection","Smooth Asphalt",0,0,0,0,0,0,0,"5 lanes",2,0,NA,0,NA
776,3387,"Wendell","Wake","Piedmont","Residential","Urban (>70% Developed)",NA,"Urban","30 - 35  MPH","Stop Sign","Clear","No",52,"50-59","No",NA,"With Traffic","B: Evident Injury","Travel Lane","Black","Male",54,"50-59","No",NA,"31-35 mph","O: No Injury","White","Female","Passenger Car","No","14SEP2011","Wednesday","Bicyclist Right Turn / Merge",12,"Intersection","September","B: Evident Injury",44700,"Bicyclist Right Turn - Same Direction",2011,"Yes","No","Daylight","Straight - Level","Local Street","Dry","Two-Way, Not Divided","None","T-Intersection","Coarse Asphalt",0,0,0,0,0,0,0,"2 lanes",2,0,NA,0,NA
777,3390,"None - Rural Crash","Pitt","Coastal","Farms, Woods, Pastures","Rural (<30% Developed)",NA,"Rural","50 - 55  MPH","No Control Present","Clear","No",20,"20-24","Yes",NA,"With Traffic","K: Killed","Travel Lane","Black","Male",59,"50-59","No",NA,"51-55 mph","C: Possible Injury","Black","Male","Passenger Car","Yes","15SEP2011","Thursday","Motorist Overtaking Bicyclist",3,"Non-Intersection","September","K: Killed",11340,"Motorist Overtaking - Undetected Bicyclist",2011,"Yes","No","Dark - Roadway Not Lighted","Straight - Level","NC Route","Dry","Two-Way, Divided, Unprotected Median","None","No Special Feature","Coarse Asphalt",0,0,0,0,0,0,0,"4 lanes",2,0,NA,0,NA
778,3393,"Stedman","Cumberland","Coastal","Commercial","Urban (>70% Developed)",NA,"Rural","30 - 35  MPH","No Control Present","Clear","No",21,"20-24","No",NA,"With Traffic","C: Possible Injury","Other","White","Male",NA,NA,"Missing",NA,"11-15 mph","Unknown Injury","Unknown/Missing",NA,NA,"No","08SEP2011","Thursday","Motorist Right Turn / Merge",18,"Intersection","September","C: Possible Injury",66660,"Motorist Right Turn - Same Direction",2011,"No","Yes","Daylight","Straight - Level","State Secondary Route","Dry","Two-Way, Not Divided","None","Related To Intersection","Smooth Asphalt",0,0,0,0,0,0,0,"2 lanes",2,0,NA,0,NA
779,3394,"None - Rural Crash","Davidson","Piedmont","Residential","Rural (<30% Developed)",NA,"Rural","50 - 55  MPH","Double Yellow Line, No Passing Zone","Clear","No",7,"6-10","No",NA,"Not Applicable","O: No Injury","Driveway / Alley","White","Female",16,"0-19","No",NA,"21-25 mph","O: No Injury","White","Female","Passenger Car","No","18SEP2011","Sunday","Bicyclist Failed to Yield - Midblock",12,"Non-Intersection","September","O: No Injury",45300,"Bicyclist Ride Out - Residential Driveway",2011,"No","No","Daylight","Straight - Grade","State Secondary Route","Dry","Two-Way, Not Divided","None","Related To Intersection","Coarse Asphalt",0,0,0,0,0,0,0,"2 lanes",2,0,NA,0,NA
780,3397,"Davidson","Mecklenburg","Piedmont","Residential","Urban (>70% Developed)",NA,"Urban","30 - 35  MPH","No Control Present","Clear","No",45,"40-49","No",NA,"With Traffic","B: Evident Injury","Travel Lane","White","Male",16,"0-19","No",NA,"6-10 mph","O: No Injury","White","Female","Passenger Car","No","08SEP2011","Thursday","Motorist Left Turn / Merge",15,"Intersection","September","B: Evident Injury",56760,"Motorist Left Turn - Opposite Direction",2011,"Yes","No","Daylight","Straight - Level","Local Street","Dry","Two-Way, Divided, Unprotected Median","None","No Special Feature","Smooth Asphalt",0,0,0,0,0,0,0,"2 lanes",2,0,NA,0,NA
781,3398,"Wilmington","New Hanover","Coastal","Residential","Urban (>70% Developed)",NA,"Urban","20 - 25  MPH","No Control Present","Clear","No",51,"50-59","No",NA,"With Traffic","B: Evident Injury","Sidewalk / Crosswalk / Driveway Crossing","White","Male",67,"60-69","No",NA,"0-5 mph","O: No Injury","White","Female","Passenger Car","No","07SEP2011","Wednesday","Motorist Failed to Yield - Midblock",18,"Non-Intersection","September","B: Evident Injury",68040,"Motorist Drive Out - Other Midblock",2011,"Yes","No","Daylight","Straight - Level","Local Street","Dry","Two-Way, Divided, Unprotected Median",NA,"No Special Feature","Coarse Asphalt",0,0,0,0,0,0,0,"2 lanes",2,0,NA,0,NA
782,3399,"Carrboro","Orange","Piedmont","Commercial","Urban (>70% Developed)",NA,"Urban","30 - 35  MPH","No Control Present","Clear","No",51,"50-59","No",NA,"Facing Traffic","C: Possible Injury","Sidewalk / Crosswalk / Driveway Crossing","Black","Male",42,"40-49","No",NA,"11-15 mph","O: No Injury","White","Male","Pickup","No","12SEP2011","Monday","Motorist Failed to Yield - Midblock",14,"Non-Intersection","September","C: Possible Injury",50940,"Motorist Drive Out - Commercial Driveway / Alley",2011,"Yes","No","Daylight","Straight - Level",NA,"Dry","Two-Way, Not Divided","None","Driveway, Public","Smooth Asphalt",0,0,0,0,0,0,0,"4 lanes",2,0,NA,0,NA
783,3409,"Winston-Salem","Forsyth","Piedmont","Residential","Urban (>70% Developed)",NA,"Urban","30 - 35  MPH","Stop Sign","Clear","No",25,"25-29","No",NA,"With Traffic","B: Evident Injury","Travel Lane","White","Male",48,"40-49","No",NA,NA,"O: No Injury","White","Male","Passenger Car","No","15SEP2011","Thursday","Bicyclist Failed to Yield - Sign-Controlled Intersection",16,"Intersection","September","B: Evident Injury",57660,"Bicyclist Ride Through - Sign-Controlled Intersection",2011,"Yes","No","Daylight","Straight - Level","Local Street","Dry","Two-Way, Not Divided","None","Four-Way Intersection","Smooth Asphalt",0,0,0,0,0,0,0,"2 lanes",2,0,NA,0,NA
784,3411,"Charlotte","Mecklenburg","Piedmont","Commercial","Urban (>70% Developed)",NA,"Urban","30 - 35  MPH","No Control Present","Clear","No",11,"11-15","No",NA,"Not Applicable","C: Possible Injury","Non-Roadway","White","Male",34,"30-39","No",NA,"6-10 mph","O: No Injury","White","Female","Passenger Car","No","15SEP2011","Thursday","Non-Roadway",17,"Non-Roadway","September","C: Possible Injury",63600,"Non-Roadway",2011,"No","No","Daylight","Straight - Level","Public Vehicular Area","Dry","Two-Way, Not Divided","None","No Special Feature","Coarse Asphalt",0,0,0,0,0,0,0,"2 lanes",2,0,NA,0,NA
785,3412,"Boone","Watauga","Mountains","Commercial","Urban (>70% Developed)",NA,"Urban","40 - 45  MPH","Double Yellow Line, No Passing Zone","Clear","No",21,"20-24","No",NA,"With Traffic","C: Possible Injury","Travel Lane","White","Male",20,"20-24","No",NA,"41-45 mph","O: No Injury","White","Male","Passenger Car","No","12SEP2011","Monday","Bicyclist Left Turn / Merge",9,"Non-Intersection","September","C: Possible Injury",34980,"Bicyclist Left Turn - Same Direction",2011,"Yes","No","Daylight","Straight - Grade","US Route","Dry","Two-Way, Not Divided","None","No Special Feature","Smooth Asphalt",0,0,0,0,0,0,0,"4 lanes",2,0,NA,0,NA
786,3424,"Charlotte","Mecklenburg","Piedmont","Commercial","Urban (>70% Developed)",NA,"Urban","30 - 35  MPH","No Control Present","Cloudy","No",48,"40-49","No",NA,"Facing Traffic","B: Evident Injury","Sidewalk / Crosswalk / Driveway Crossing","Black","Male",28,"25-29","Yes",NA,NA,"O: No Injury","White","Male","Passenger Car","Yes","21SEP2011","Wednesday","Motorist Failed to Yield - Midblock",9,"Non-Intersection","September","B: Evident Injury",32700,"Motorist Drive Out - Commercial Driveway / Alley",2011,"No","No","Daylight","Straight - Grade","Local Street","Wet","One-Way, Not Divided","None","Driveway, Public","Concrete",0,0,0,0,0,0,0,"2 lanes",2,0,NA,0,NA
787,3425,"Wilmington","New Hanover","Coastal","Residential","Urban (>70% Developed)",NA,"Urban","20 - 25  MPH","Stop Sign","Clear","No",6,"6-10","No",NA,"Facing Traffic","B: Evident Injury","Travel Lane","White","Female",38,"30-39","No",NA,"26-30 mph","O: No Injury","Black","Female","Van","No","15SEP2011","Thursday","Bicyclist Failed to Yield - Sign-Controlled Intersection",16,"Intersection","September","B: Evident Injury",58560,"Bicyclist Ride Through - Sign-Controlled Intersection",2011,"Yes","No","Daylight","Straight - Level","Local Street","Dry","Two-Way, Not Divided","None","No Special Feature","Coarse Asphalt",0,0,0,0,0,0,0,"4 lanes",2,0,NA,0,NA
788,3426,"Raleigh","Wake","Piedmont","Commercial","Urban (>70% Developed)",NA,"Urban","5 - 15 MPH","No Control Present","Clear","No",NA,"70+","No",NA,"Not Applicable","O: No Injury","Non-Roadway","White","Female",NA,NA,"Missing",NA,"0-5 mph","Unknown Injury","Unknown/Missing",NA,"Passenger Car","No","21SEP2011","Wednesday","Non-Roadway",18,"Non-Roadway","September","O: No Injury",66900,"Non-Roadway",2011,"Yes","No","Daylight","Straight - Grade","Public Vehicular Area","Dry","Two-Way, Not Divided","None","Driveway, Public","Smooth Asphalt",0,0,0,0,0,0,0,"2 lanes",2,0,NA,0,NA
789,3428,"None - Rural Crash","Vance","Piedmont","Farms, Woods, Pastures","Rural (<30% Developed)",NA,"Rural","40 - 45  MPH","Double Yellow Line, No Passing Zone","Cloudy","No",13,"11-15","No",NA,"With Traffic","B: Evident Injury","Travel Lane","Black","Male",17,"0-19","No",NA,"41-45 mph","O: No Injury","White","Male","Sport Utility","No","28SEP2011","Wednesday","Motorist Overtaking Bicyclist",7,"Non-Intersection","September","B: Evident Injury",26520,"Motorist Overtaking - Bicyclist Swerved",2011,"Yes","No","Daylight","Straight - Level","NC Route","Wet","Two-Way, Not Divided","None","No Special Feature","Smooth Asphalt",0,0,0,0,0,0,0,"2 lanes",2,0,NA,0,NA
790,3432,"Charlotte","Mecklenburg","Piedmont","Commercial","Urban (>70% Developed)",NA,"Urban","30 - 35  MPH","Stop And Go Signal","Clear","No",48,"40-49","No",NA,"With Traffic","B: Evident Injury","Sidewalk / Crosswalk / Driveway Crossing","Hispanic","Female",28,"25-29","No",NA,"0-5 mph","O: No Injury","Black","Female","Passenger Car","No","22SEP2011","Thursday","Motorist Failed to Yield - Signalized Intersection",19,"Intersection","September","B: Evident Injury",68520,"Motorist Drive Out - Right Turn on Red",2011,"Yes","No","Daylight","Straight - Level","Local Street","Dry","Two-Way, Divided, Unprotected Median","None","T-Intersection","Smooth Asphalt",0,0,0,0,0,0,0,"5 lanes",2,0,NA,0,NA
791,3433,"Cary","Wake","Piedmont","Commercial","Urban (>70% Developed)",NA,"Urban","40 - 45  MPH","No Control Present","Rain","No",19,"16-19","No",NA,"With Traffic","B: Evident Injury","Travel Lane","White","Male",39,"30-39","No",NA,"36-40 mph","O: No Injury","White","Female","Passenger Car","No","21SEP2011","Wednesday","Motorist Overtaking Bicyclist",19,"Intersection-Related","September","B: Evident Injury",70800,"Motorist Overtaking - Other / Unknown",2011,"Yes","No","Dark - Roadway Not Lighted","Straight - Level","State Secondary Route","Wet","Two-Way, Not Divided","None","No Special Feature","Smooth Asphalt",0,0,0,0,0,0,0,"2 lanes",2,0,NA,0,NA
792,3437,"None - Rural Crash","Franklin","Piedmont","Farms, Woods, Pastures","Rural (<30% Developed)",NA,"Rural","50 - 55  MPH","No Control Present","Clear","No",60,"60-69","No",NA,"With Traffic","C: Possible Injury","Travel Lane","White","Male",34,"30-39","No",NA,"36-40 mph","O: No Injury","White","Female","Passenger Car","No","13SEP2011","Tuesday","Motorist Overtaking Bicyclist",7,"Non-Intersection","September","C: Possible Injury",27240,"Motorist Overtaking - Misjudged Space",2011,"Yes","No","Daylight","Straight - Grade","State Secondary Route","Dry","Two-Way, Not Divided","None","No Special Feature","Smooth Asphalt",0,0,0,0,0,0,0,"2 lanes",2,0,NA,0,NA
793,3439,"None - Rural Crash","Randolph","Piedmont","Residential","Urban (>70% Developed)",NA,"Rural","30 - 35  MPH","No Control Present","Clear","No",10,"6-10","No",NA,"Not Applicable","A: Disabling Injury","Driveway / Alley","Hispanic","Female",66,"60-69","No",NA,"16-20 mph","O: No Injury","White","Female","Passenger Car","No","30SEP2011","Friday","Bicyclist Failed to Yield - Midblock",14,"Non-Intersection","September","A: Disabling Injury",50820,"Bicyclist Ride Out - Residential Driveway",2011,"Yes","No","Daylight","Straight - Grade","State Secondary Route","Dry","Two-Way, Not Divided","None","Driveway, Private","Coarse Asphalt",0,0,0,0,0,0,0,"2 lanes",2,0,NA,0,NA
794,3446,"Chapel Hill","Orange","Piedmont","Institutional","Mixed (30% To 70% Developed)",NA,"Urban","20 - 25  MPH","Stop And Go Signal","Clear","No",60,"60-69","No",NA,"With Traffic","O: No Injury","Travel Lane","White","Male",59,"50-59","No",NA,"11-15 mph","Unknown Injury","Black","Female","Other Bus","No","07SEP2011","Wednesday","Bicyclist Overtaking Motorist",11,"Intersection","September","O: No Injury",39600,"Bicyclist Overtaking - Passing on Left",2011,"No","No","Daylight","Straight - Level","Local Street","Dry","Two-Way, Not Divided","None","No Special Feature","Smooth Asphalt",0,0,0,0,0,0,0,"2 lanes",2,0,NA,0,NA
795,3447,"None - Rural Crash","Martin","Coastal","Farms, Woods, Pastures","Rural (<30% Developed)",NA,"Rural","50 - 55  MPH","Double Yellow Line, No Passing Zone","Clear","No",52,"50-59","No",NA,"With Traffic","B: Evident Injury","Travel Lane","White","Male",16,"0-19","No",NA,"51-55 mph","O: No Injury","White","Male","Passenger Car","No","12SEP2011","Monday","Bicyclist Left Turn / Merge",7,"Non-Intersection","September","B: Evident Injury",27720,"Bicyclist Left Turn - Same Direction",2011,"Yes","No","Daylight","Straight - Level","State Secondary Route","Dry","Two-Way, Not Divided","None","No Special Feature","Coarse Asphalt",0,0,0,0,0,0,0,"2 lanes",2,0,NA,0,NA
796,3449,"Durham","Durham","Piedmont","Commercial","Urban (>70% Developed)",NA,"Urban","30 - 35  MPH","Stop And Go Signal","Clear","No",30,"30-39","No",NA,"With Traffic","O: No Injury","Travel Lane","Black","Male",32,"30-39","No",NA,"31-35 mph","O: No Injury","White","Female","Passenger Car","No","05OCT2011","Wednesday","Bicyclist Failed to Yield - Signalized Intersection",10,"Intersection","October","O: No Injury",38880,"Bicyclist Ride Through - Signalized Intersection",2011,"No","No","Daylight","Straight - Level","Local Street","Dry","One-Way, Not Divided","None","No Special Feature","Smooth Asphalt",0,0,0,0,0,0,0,"2 lanes",2,0,NA,0,NA
797,3450,"Asheboro","Randolph","Piedmont","Residential","Urban (>70% Developed)",NA,"Urban","30 - 35  MPH","Stop And Go Signal","Cloudy","No",21,"20-24","No",NA,"With Traffic","C: Possible Injury","Travel Lane","Black","Male",NA,NA,"Missing",NA,"6-10 mph","Unknown Injury","Unknown/Missing",NA,NA,"No","28SEP2011","Wednesday","Crossing Paths - Other Circumstances",22,"Intersection","September","C: Possible Injury",82740,"Signalized Intersection - Other / Unknown",2011,"Yes","Yes","Dark - Lighted Roadway","Straight - Level","Local Street","Dry","Two-Way, Not Divided","None","Four-Way Intersection","Smooth Asphalt",0,0,0,0,0,0,0,"2 lanes",2,0,NA,0,NA
798,3452,"None - Rural Crash","Onslow","Coastal","Farms, Woods, Pastures","Rural (<30% Developed)",NA,"Rural","50 - 55  MPH","No Control Present","Clear","No",63,"60-69","No",NA,"With Traffic","C: Possible Injury","Travel Lane","White","Female",NA,"70+","No",NA,"46-50 mph","O: No Injury","White","Male","Pickup","No","06OCT2011","Thursday","Motorist Overtaking Bicyclist",15,"Non-Intersection","October","C: Possible Injury",57000,"Motorist Overtaking - Misjudged Space",2011,"No","No","Daylight","Straight - Level","NC Route","Dry","Two-Way, Divided, Unprotected Median","None","No Special Feature","Smooth Asphalt",0,0,0,0,0,0,0,"4 lanes",2,0,NA,0,NA
799,3453,"Franklinton","Franklin","Piedmont","Residential","Mixed (30% To 70% Developed)",NA,"Rural","30 - 35  MPH","Stop Sign","Clear","No",19,"16-19","No",NA,"With Traffic","B: Evident Injury","Travel Lane","Black","Male",NA,NA,"Missing",NA,NA,"Unknown Injury","Unknown/Missing",NA,"Pickup","No","26SEP2011","Monday","Motorist Overtaking Bicyclist",18,"Intersection","September","B: Evident Injury",67800,"Motorist Overtaking - Other / Unknown",2011,"Yes","Yes","Daylight","Straight - Level","Local Street","Dry","Two-Way, Not Divided","None","T-Intersection","Smooth Asphalt",0,0,0,0,0,0,0,"2 lanes",2,0,NA,0,NA
800,3457,"Wilmington","New Hanover","Coastal","Residential","Urban (>70% Developed)",NA,"Urban","30 - 35  MPH","Stop Sign","Clear","No",20,"20-24","No",NA,"With Traffic","C: Possible Injury","Travel Lane","Black","Male",NA,NA,"Missing",NA,NA,"Unknown Injury","Unknown/Missing",NA,"Passenger Car","No","29SEP2011","Thursday","Motorist Failed to Yield - Sign-Controlled Intersection",13,"Intersection","September","C: Possible Injury",48120,"Motorist Drive Out - Sign-Controlled Intersection",2011,"Yes","Yes","Daylight","Straight - Level","Local Street","Dry","Two-Way, Not Divided","None","No Special Feature","Smooth Asphalt",0,0,0,0,0,0,0,"2 lanes",2,0,NA,0,NA
801,1876,"None - Rural Crash","Yadkin","Mountains","Farms, Woods, Pastures","Rural (<30% Developed)",NA,"Rural","50 - 55  MPH","Human Control","Clear","No",23,"20-24","No",NA,"Facing Traffic","A: Disabling Injury","Travel Lane","White","Male",63,"60-69","No",NA,"31-35 mph","O: No Injury","White","Female","Passenger Car","No","03MAR2012","Saturday","Head-On",16,"Non-Intersection","March","A: Disabling Injury",57720,"Head-On - Bicyclist",2012,"Yes","No","Daylight","Straight - Level","State Secondary Route","Dry","Two-Way, Not Divided","None","No Special Feature","Smooth Asphalt",0,0,0,0,0,0,0,"2 lanes",2,0,NA,0,NA
802,1996,"None - Rural Crash","Wake","Piedmont","Residential","Rural (<30% Developed)",NA,"Rural","40 - 45  MPH","Double Yellow Line, No Passing Zone","Clear","No",52,"50-59","No",NA,"Not Applicable","B: Evident Injury",NA,"White","Female",NA,NA,"Missing",NA,"36-40 mph","Unknown Injury","Unknown/Missing",NA,NA,"No","29APR2012","Sunday","Bicyclist Failed to Yield - Midblock",16,"Non-Intersection","April","B: Evident Injury",61020,"Bicyclist Ride Out - Midblock - Unknown",2012,"No","Yes","Daylight","Curve - Grade","State Secondary Route","Dry","Two-Way, Not Divided","None","No Special Feature","Smooth Asphalt",0,0,0,0,0,0,0,"2 lanes",2,0,NA,0,NA
803,1982,"Chapel Hill","Orange","Piedmont","Residential","Urban (>70% Developed)",NA,"Urban","20 - 25  MPH","Stop Sign","Clear","No",19,"16-19","No",NA,"Facing Traffic","B: Evident Injury","Sidewalk / Crosswalk / Driveway Crossing","White","Female",60,"60-69","No",NA,NA,"O: No Injury","White","Male","Pickup","No","27APR2012","Friday","Motorist Failed to Yield - Sign-Controlled Intersection",13,"Intersection","April","B: Evident Injury",50100,"Motorist Drive Out - Sign-Controlled Intersection",2012,"Yes","No","Daylight","Straight - Grade","Local Street","Dry","Two-Way, Not Divided","None","T-Intersection","Smooth Asphalt",0,0,0,0,0,0,0,"5 lanes",2,0,NA,0,NA
804,2001,"Raleigh","Wake","Piedmont","Residential","Urban (>70% Developed)",NA,"Urban","30 - 35  MPH","Stop Sign","Cloudy","No",15,"11-15","No",NA,"With Traffic","B: Evident Injury","Travel Lane","Black","Male",46,"40-49","No",NA,"21-25 mph","O: No Injury","Black","Male","Pickup","No","05MAY2012","Saturday","Bicyclist Failed to Yield - Sign-Controlled Intersection",14,"Intersection","May","B: Evident Injury",53040,"Bicyclist Ride Through - Sign-Controlled Intersection",2012,"Yes","No","Daylight","Straight - Grade","Local Street","Water (Standing, Moving)","Two-Way, Not Divided","None","Four-Way Intersection","Smooth Asphalt",0,0,0,0,0,0,0,NA,2,0,NA,0,NA
805,2012,"Charlotte","Mecklenburg","Piedmont","Commercial","Mixed (30% To 70% Developed)",NA,"Urban","40 - 45  MPH","No Control Present","Clear","No",50,"50-59","No",NA,"With Traffic","C: Possible Injury","Travel Lane","White","Male",NA,NA,"Missing",NA,"31-35 mph","Unknown Injury","Unknown/Missing",NA,NA,"No","11MAY2012","Friday","Motorist Overtaking Bicyclist",21,"Non-Intersection","May","C: Possible Injury",78660,"Motorist Overtaking - Other / Unknown",2012,"No","Yes","Daylight","Straight - Level","Interstate","Dry","Two-Way, Not Divided","None","No Special Feature","Smooth Asphalt",0,0,0,0,0,0,0,"2 lanes",2,0,NA,0,NA
806,2015,"None - Rural Crash","Lenoir","Coastal","Residential","Mixed (30% To 70% Developed)",NA,"Rural","50 - 55  MPH","No Control Present","Clear","No",12,"11-15","No",NA,"With Traffic","C: Possible Injury","Travel Lane","White","Male",18,"0-19","No",NA,"41-45 mph","O: No Injury","White","Male","Passenger Car","No","11MAY2012","Friday","Bicyclist Left Turn / Merge",19,"Non-Intersection","May","C: Possible Injury",70200,"Bicyclist Left Turn - Opposite Direction",2012,"Yes","No","Daylight","Straight - Level","State Secondary Route","Dry","Two-Way, Not Divided","None","No Special Feature","Smooth Asphalt",0,0,0,0,0,0,0,"2 lanes",2,0,NA,0,NA
807,1988,"Raleigh","Wake","Piedmont","Commercial","Urban (>70% Developed)",NA,"Urban","30 - 35  MPH","No Control Present","Clear","No",53,"50-59","No",NA,"With Traffic","B: Evident Injury","Travel Lane","White","Female",28,"25-29","No",NA,"31-35 mph","O: No Injury","White","Female","Sport Utility","No","11APR2012","Wednesday","Motorist Left Turn / Merge",15,"Intersection-Related","April","B: Evident Injury",54900,"Motorist Left Turn - Opposite Direction",2012,"No","No","Daylight","Straight - Hillcrest","Local Street","Dry","Two-Way, Not Divided","None","No Special Feature","Coarse Asphalt",0,0,0,0,0,0,0,"3 lanes",2,0,NA,0,NA
808,1972,"Warsaw","Duplin","Coastal","Commercial","Urban (>70% Developed)",NA,"Rural","30 - 35  MPH","Stop Sign","Clear","No",51,"50-59","No",NA,"Not Applicable","B: Evident Injury","Travel Lane","Hispanic","Male",35,"30-39","No",NA,"16-20 mph","O: No Injury","Black","Female","Passenger Car","No","18MAR2012","Sunday","Crossing Paths - Other Circumstances",19,"Intersection-Related","March","B: Evident Injury",69900,"Crossing Paths - Uncontrolled Intersection",2012,"No","No","Dusk","Straight - Level","Local Street","Dry","Two-Way, Not Divided","None","Four-Way Intersection","Smooth Asphalt",0,0,0,0,0,0,0,"2 lanes",2,0,NA,0,NA
809,2903,"Mount Olive","Wayne","Coastal","Commercial","Urban (>70% Developed)",NA,"Rural","30 - 35  MPH","No Control Present","Clear","No",20,"20-24","No",NA,"With Traffic","C: Possible Injury","Travel Lane","White","Male",50,"50-59","No",NA,"26-30 mph","O: No Injury","White","Male","Single Unit Truck (2-Axle, 6-Tire)","No","01APR2011","Friday","Bicyclist Failed to Yield - Sign-Controlled Intersection",14,"Intersection","April","C: Possible Injury",52800,"Bicyclist Ride Out - Sign-Controlled Intersection",2011,"Yes","No","Daylight","Straight - Level","NC Route","Dry","Two-Way, Divided, Unprotected Median","None","T-Intersection","Smooth Asphalt",0,0,0,0,0,0,0,"5 lanes",2,0,NA,0,NA