"...1","object_id","city","county","region","development","locality","on_road","rural_urban","speed_limit","traffic_control","weather","workzone","bike_age","bike_age_group","bike_alcohol","bike_alcohol_drugs","bike_direction","bike_injury","bike_position","bike_race","bike_sex","driver_age","driver_age_group","driver_alcohol","driver_alcohol_drugs","driver_est_speed","driver_injury","driver_race","driver_sex","driver_vehicle_type","crash_alcohol","crash_date","crash_day","crash_group","crash_hour","crash_location","crash_month","crash_severity","crash_time","crash_type","crash_year","ambulance_req","hit_run","light_condition","road_character","road_class","road_condition","road_configuration","road_defects","road_feature","road_surface","num_bikes_ai","num_bikes_bi","num_bikes_ci","num_bikes_ki","num_bikes_no","num_bikes_to","num_bikes_ui","num_lanes","num_units","distance_mi_from","frm_road","rte_invd_cd","towrd_road"
810,2913,"None - Rural Crash","Cumberland","Coastal","Commercial","Urban (>70% Developed)",NA,"Rural","40 - 45  MPH","Stop Sign","Clear","No",53,"50-59","No",NA,"With Traffic","C: Possible Injury","Travel Lane","White","Male",46,"40-49","No",NA,"11-15 mph","O: No Injury","Other","Male","Passenger Car","No","15APR2011","Friday","Motorist Failed to Yield - Sign-Controlled Intersection",18,"Intersection","April","C: Possible Injury",66300,"Motorist Drive Out - Sign-Controlled Intersection",2011,"Yes","No","Daylight","Straight - Level","State Secondary Route","Dry","Two-Way, Not Divided","None","No Special Feature","Smooth Asphalt",0,0,0,0,0,0,0,"5 lanes",2,0,NA,0,NA
811,2872,"Charlotte","Mecklenburg","Piedmont","Commercial","Urban (>70% Developed)",NA,"Urban","20 - 25  MPH","Stop And Go Signal","Clear","No",28,"25-29","No",NA,"Facing Traffic","C: Possible Injury","Sidewalk / Crosswalk / Driveway Crossing","White","Male",46,"40-49","No",NA,"0-5 mph","O: No Injury","White","Male","Passenger Car","No","17MAR2011","Thursday","Motorist Left Turn / Merge",16,"Intersection","March","C: Possible Injury",61080,"Motorist Left Turn - Same Direction",2011,"No","No","Daylight","Straight - Level","Local Street","Dry","One-Way, Not Divided","None","Four-Way Intersection","Smooth Asphalt",0,0,0,0,0,0,0,"2 lanes",2,0,NA,0,NA
812,2912,"None - Rural Crash","Lee","Piedmont","Farms, Woods, Pastures","Rural (<30% Developed)",NA,"Rural","50 - 55  MPH","No Control Present","Clear","No",45,"40-49","No",NA,"With Traffic","C: Possible Injury","Travel Lane","White","Male",39,"30-39","No",NA,"0-5 mph","O: No Injury","White","Male","Pickup","No","14APR2011","Thursday","Motorist Failed to Yield - Midblock",12,"Non-Intersection","April","C: Possible Injury",46500,"Motorist Drive Out - Residential Driveway",2011,"No","No","Daylight","Straight - Level","State Secondary Route","Dry","Two-Way, Not Divided","None","Driveway, Private","Smooth Asphalt",0,0,0,0,0,0,0,"2 lanes",2,0,NA,0,NA
813,2889,"Wilmington","New Hanover","Coastal","Commercial","Urban (>70% Developed)",NA,"Urban","40 - 45  MPH","No Control Present","Cloudy","No",NA,NA,"Missing",NA,"With Traffic","Unknown Injury","Travel Lane","Unknown/Missing",NA,66,"60-69","No",NA,"11-15 mph","O: No Injury","White","Female","Passenger Car","No","26MAR2011","Saturday","Motorist Left Turn / Merge",16,"Intersection","March","O: No Injury",59160,"Motorist Left Turn - Opposite Direction",2011,"No","No","Daylight","Straight - Level","Local Street","Dry","Two-Way, Not Divided","None","No Special Feature","Smooth Asphalt",0,0,0,0,0,0,0,"4 lanes",2,0,NA,0,NA
814,2884,"Raleigh","Wake","Piedmont","Commercial","Urban (>70% Developed)",NA,"Urban","30 - 35  MPH","Stop And Go Signal","Cloudy","No",25,"25-29","No",NA,"With Traffic","C: Possible Injury","Travel Lane","White","Male",NA,"70+","No",NA,"6-10 mph","O: No Injury","White","Female","Passenger Car","No","11MAR2011","Friday","Motorist Failed to Yield - Signalized Intersection",11,"Intersection","March","C: Possible Injury",41100,"Motorist Drive Out - Signalized Intersection",2011,"No","No","Daylight","Straight - Level","Local Street","Dry","Two-Way, Not Divided","None","T-Intersection","Smooth Asphalt",0,0,0,0,0,0,0,"5 lanes",2,0,NA,0,NA
815,2869,"Charlotte","Mecklenburg","Piedmont","Commercial","Mixed (30% To 70% Developed)",NA,"Urban","40 - 45  MPH","Stop Sign","Clear","No",46,"40-49","No",NA,"With Traffic","B: Evident Injury","Travel Lane","White","Male",41,"40-49","No",NA,"31-35 mph","O: No Injury","White","Male","Passenger Car","No","18MAR2011","Friday","Motorist Left Turn / Merge",6,"Intersection","March","B: Evident Injury",25020,"Motorist Left Turn - Opposite Direction",2011,"Yes","No","Dark - Lighted Roadway","Straight - Level","Local Street","Dry","Two-Way, Not Divided","None","Four-Way Intersection","Smooth Asphalt",0,0,0,0,0,0,0,"2 lanes",2,0,NA,0,NA
816,2866,"Wrightsville Beach","New Hanover","Coastal","Residential","Urban (>70% Developed)",NA,"Rural","30 - 35  MPH","No Control Present","Clear","No",16,"16-19","No",NA,"Facing Traffic","O: No Injury","Travel Lane","White","Male",45,"40-49","No",NA,"0-5 mph","O: No Injury","White","Female","Sport Utility","No","30JAN2011","Sunday","Parallel Paths - Other Circumstances",16,"Intersection","January","O: No Injury",59400,"Parallel Paths - Other / Unknown",2011,"No","No","Daylight","Straight - Level","Local Street","Dry","Two-Way, Not Divided","None","No Special Feature","Smooth Asphalt",0,0,0,0,0,0,0,"4 lanes",2,0,NA,0,NA
817,2863,"Kinston","Lenoir","Coastal","Commercial","Urban (>70% Developed)",NA,"Urban","40 - 45  MPH","No Control Present","Clear","No",53,"50-59","No",NA,"With Traffic","C: Possible Injury","Other","Black","Male",64,"60-69","No",NA,"41-45 mph","O: No Injury","White","Male","Van","No","24MAR2011","Thursday","Loss of Control / Turning Error",7,"Non-Intersection","March","C: Possible Injury",25260,"Motorist Lost Control - Other / Unknown",2011,"Yes","No","Daylight","Straight - Level","US Route","Dry","Two-Way, Not Divided","None","No Special Feature","Smooth Asphalt",0,0,0,0,0,0,0,"2 lanes",2,0,NA,0,NA
818,2400,"Winston-Salem","Forsyth","Piedmont","Commercial","Urban (>70% Developed)",NA,"Urban","30 - 35  MPH","Stop And Go Signal","Clear","No",12,"11-15","No",NA,"With Traffic","O: No Injury","Sidewalk / Crosswalk / Driveway Crossing","Black","Male",58,"50-59","No",NA,"6-10 mph","O: No Injury","White","Female","Sport Utility","No","21AUG2012","Tuesday","Bicyclist Failed to Yield - Signalized Intersection",16,"Intersection-Related","August","O: No Injury",58440,"Bicyclist Ride Through - Signalized Intersection",2012,"No","No","Daylight","Straight - Level","Local Street","Dry","Two-Way, Divided, Unprotected Median","None","Related To Intersection","Smooth Asphalt",0,0,0,0,0,0,0,"2 lanes",2,0,NA,0,NA
819,2420,"Charlotte","Mecklenburg","Piedmont","Commercial","Urban (>70% Developed)",NA,"Urban","5 - 15 MPH","No Control Present","Clear","No",33,"30-39","No",NA,"Facing Traffic","O: No Injury","Sidewalk / Crosswalk / Driveway Crossing","Black","Male",NA,NA,"Missing",NA,"0-5 mph","Unknown Injury","Unknown/Missing",NA,NA,"No","13SEP2012","Thursday","Motorist Failed to Yield - Midblock",13,"Non-Intersection","September","O: No Injury",47700,"Motorist Drive Out - Commercial Driveway / Alley",2012,"No","Yes","Daylight","Straight - Level",NA,"Dry","Two-Way, Divided, Positive Median Barrier","None","No Special Feature","Concrete",0,0,0,0,0,0,0,"6 lanes",2,0,NA,0,NA
820,2443,"Greenville","Pitt","Coastal","Commercial","Urban (>70% Developed)",NA,"Urban","20 - 25  MPH","Stop And Go Signal","Clear","No",26,"25-29","No",NA,"Facing Traffic","C: Possible Injury","Sidewalk / Crosswalk / Driveway Crossing","White","Male",18,"0-19","No",NA,"0-5 mph","O: No Injury","White","Female","Passenger Car","No","21SEP2012","Friday","Crossing Paths - Other Circumstances",14,"Intersection-Related","September","C: Possible Injury",52680,"Crossing Paths - Intersection - Other / Unknown",2012,"Yes","No","Daylight","Straight - Level","Local Street","Dry","Two-Way, Divided, Unprotected Median","None","Four-Way Intersection","Coarse Asphalt",0,0,0,0,0,0,0,"4 lanes",2,0,NA,0,NA
821,2440,"None - Rural Crash","Columbus","Coastal","Residential","Rural (<30% Developed)",NA,"Rural","50 - 55  MPH","Double Yellow Line, No Passing Zone","Clear","No",52,"50-59","No",NA,"With Traffic","B: Evident Injury","Travel Lane","White","Male",NA,"70+","No",NA,"51-55 mph","O: No Injury","White","Female","Passenger Car","No","17SEP2012","Monday","Motorist Overtaking Bicyclist",20,"Non-Intersection","September","B: Evident Injury",74460,"Motorist Overtaking - Other / Unknown",2012,"No","No","Dark - Roadway Not Lighted","Straight - Level","State Secondary Route","Dry","Two-Way, Not Divided","None","No Special Feature","Coarse Asphalt",0,0,0,0,0,0,0,"2 lanes",2,0,NA,0,NA
822,2457,"Fayetteville","Cumberland","Coastal","Commercial","Urban (>70% Developed)",NA,"Urban","30 - 35  MPH","Stop And Go Signal","Clear","No",15,"11-15","No",NA,"Facing Traffic","C: Possible Injury","Travel Lane","Black","Male",60,"60-69","No",NA,"31-35 mph","O: No Injury","White","Male","Passenger Car","No","15SEP2012","Saturday","Bicyclist Failed to Yield - Signalized Intersection",15,"Intersection","September","C: Possible Injury",54900,"Bicyclist Ride Out - Signalized  Intersection",2012,"No","No","Daylight","Straight - Level","Local Street","Dry","Two-Way, Divided, Unprotected Median","None","Four-Way Intersection","Smooth Asphalt",0,0,0,0,0,0,0,"7 lanes",3,0,NA,0,NA
823,2462,"Morehead City","Carteret","Coastal","Residential","Urban (>70% Developed)",NA,"Urban","30 - 35  MPH","Stop Sign","Clear","No",63,"60-69","No",NA,"Facing Traffic","B: Evident Injury","Travel Lane","White","Male",62,"60-69","No",NA,"0-5 mph","O: No Injury","White","Male","Passenger Car","No","15SEP2012","Saturday","Motorist Failed to Yield - Sign-Controlled Intersection",11,"Intersection","September","B: Evident Injury",42900,"Motorist Drive Out - Sign-Controlled Intersection",2012,"Yes","No","Daylight","Straight - Level","Local Street","Dry","Two-Way, Divided, Unprotected Median","None","No Special Feature","Smooth Asphalt",0,0,0,0,0,0,0,"2 lanes",2,0,NA,0,NA
824,2476,"Boone","Watauga","Mountains","Commercial","Urban (>70% Developed)",NA,"Urban","20 - 25  MPH","Stop And Go Signal","Clear","No",18,"16-19","No",NA,"With Traffic","B: Evident Injury","Bike Lane / Paved Shoulder","White","Male",19,"0-19","No",NA,"6-10 mph","O: No Injury","White","Female","Passenger Car","No","28SEP2012","Friday","Motorist Right Turn / Merge",7,"Intersection","September","B: Evident Injury",27180,"Motorist Right Turn - Same Direction",2012,"No","No","Daylight","Straight - Level","Local Street","Dry","Two-Way, Not Divided","None","Four-Way Intersection","Smooth Asphalt",0,0,0,0,0,0,0,"4 lanes",2,0,NA,0,NA
825,2449,"Wilmington","New Hanover","Coastal","Commercial","Urban (>70% Developed)",NA,"Urban","40 - 45  MPH","No Control Present","Clear","No",44,"40-49","No",NA,"With Traffic","B: Evident Injury","Travel Lane","Hispanic","Male",41,"40-49","No",NA,"41-45 mph","O: No Injury","White","Male","Pickup","No","17SEP2012","Monday","Motorist Overtaking Bicyclist",5,"Non-Intersection","September","B: Evident Injury",21180,"Motorist Overtaking - Other / Unknown",2012,"Yes","No","Dusk","Straight - Level","Local Street","Dry","Two-Way, Not Divided","None","No Special Feature","Concrete",0,0,0,0,0,0,0,"2 lanes",2,0,NA,0,NA
826,2423,"Wilmington","New Hanover","Coastal","Institutional","Urban (>70% Developed)",NA,"Urban","5 - 15 MPH","No Control Present","Clear","No",18,"16-19","No",NA,"Not Applicable","O: No Injury","Non-Roadway","White","Male",NA,NA,"Missing",NA,"0-5 mph","Unknown Injury","Unknown/Missing",NA,"Passenger Car","No","17SEP2012","Monday","Non-Roadway",13,"Non-Roadway","September","O: No Injury",49380,"Non-Roadway",2012,"No","No","Daylight","Straight - Level","Public Vehicular Area","Dry","Two-Way, Not Divided","None","No Special Feature","Smooth Asphalt",0,0,0,0,0,0,0,NA,2,0,NA,0,NA
827,2431,"Durham","Durham","Piedmont","Residential","Urban (>70% Developed)",NA,"Urban","5 - 15 MPH","No Control Present","Clear","No",8,"6-10","No",NA,"Not Applicable","C: Possible Injury","Non-Roadway","Black","Male",17,"0-19","No",NA,"6-10 mph","O: No Injury","Asian","Female","Sport Utility","No","19SEP2012","Wednesday","Non-Roadway",16,"Non-Roadway","September","C: Possible Injury",58740,"Non-Roadway",2012,"Yes","No","Daylight","Straight - Level","Public Vehicular Area","Dry","One-Way, Not Divided","None","No Special Feature","Coarse Asphalt",0,0,0,0,0,0,0,NA,2,0,NA,0,NA
828,2343,"Ramseur","Randolph","Piedmont","Farms, Woods, Pastures","Rural (<30% Developed)",NA,"Rural","50 - 55  MPH","Double Yellow Line, No Passing Zone","Clear","No",10,"6-10","No",NA,"Not Applicable","B: Evident Injury","Sidewalk / Crosswalk / Driveway Crossing","White","Male",53,"50-59","No",NA,"51-55 mph","O: No Injury","White","Male","Pickup","No","23AUG2012","Thursday","Bicyclist Failed to Yield - Midblock",17,"Non-Intersection","August","B: Evident Injury",62340,"Bicyclist Ride Out - Residential Driveway",2012,"Yes","No","Daylight","Straight - Grade","State Secondary Route","Dry","Two-Way, Not Divided","None","Driveway, Private","Smooth Asphalt",0,0,0,0,0,0,0,"2 lanes",2,0,NA,0,NA
829,2335,"Wilmington","New Hanover","Coastal","Commercial","Urban (>70% Developed)",NA,"Urban","30 - 35  MPH","Stop And Go Signal","Clear","No",49,"40-49","No",NA,"Facing Traffic","C: Possible Injury","Sidewalk / Crosswalk / Driveway Crossing","White","Male",20,"20-24","No",NA,"6-10 mph","O: No Injury","White","Male","Passenger Car","No","18AUG2012","Saturday","Motorist Failed to Yield - Signalized Intersection",13,"Intersection","August","C: Possible Injury",48420,"Motorist Drive Out - Right Turn on Red",2012,"Yes","No","Daylight","Straight - Level","Local Street","Dry","Two-Way, Not Divided","None","T-Intersection","Smooth Asphalt",0,0,0,0,0,0,0,"3 lanes",2,0,NA,0,NA
830,2398,"Fayetteville","Cumberland","Coastal","Residential","Urban (>70% Developed)",NA,"Urban","30 - 35  MPH","Stop Sign","Clear","No",15,"11-15","No",NA,"With Traffic","C: Possible Injury","Travel Lane","Black","Male",18,"0-19","No",NA,"26-30 mph","O: No Injury","White","Male","Passenger Car","No","20AUG2012","Monday","Bicyclist Failed to Yield - Sign-Controlled Intersection",18,"Intersection","August","C: Possible Injury",66780,"Bicyclist Ride Through - Sign-Controlled Intersection",2012,"Yes","No","Daylight","Straight - Level","Local Street","Dry","Two-Way, Not Divided","None","No Special Feature","Coarse Asphalt",0,0,0,0,0,0,0,"2 lanes",2,0,NA,0,NA
831,2371,"Raleigh","Wake","Piedmont","Commercial","Urban (>70% Developed)",NA,"Urban","30 - 35  MPH","No Control Present","Clear","No",46,"40-49","No",NA,"With Traffic","B: Evident Injury","Travel Lane","Black","Male",NA,NA,"Missing",NA,"31-35 mph","Unknown Injury","Unknown/Missing",NA,"Pickup","No","14AUG2012","Tuesday","Bicyclist Left Turn / Merge",23,"Non-Intersection","August","B: Evident Injury",86160,"Bicyclist Left Turn - Same Direction",2012,"Yes","Yes","Dark - Lighted Roadway","Straight - Grade","Local Street","Dry","Two-Way, Not Divided","None","No Special Feature","Smooth Asphalt",0,0,0,0,0,0,0,"3 lanes",2,0,NA,0,NA
832,2380,"None - Rural Crash","Alamance","Piedmont","Farms, Woods, Pastures","Rural (<30% Developed)",NA,"Rural","50 - 55  MPH","No Control Present","Clear","No",45,"40-49","No",NA,"With Traffic","O: No Injury","Travel Lane","White","Male",25,"25-29","No",NA,"26-30 mph","C: Possible Injury","White","Male","Passenger Car","No","26AUG2012","Sunday","Motorist Overtaking Bicyclist",10,"Non-Intersection","August","C: Possible Injury",36840,"Motorist Overtaking - Misjudged Space",2012,"No","Yes","Dawn","Straight - Grade","State Secondary Route","Dry","Two-Way, Not Divided","None","No Special Feature","Smooth Asphalt",0,0,0,0,0,0,0,"2 lanes",2,0,NA,0,NA
833,2366,"Durham","Durham","Piedmont","Commercial","Urban (>70% Developed)",NA,"Urban","30 - 35  MPH","Stop Sign","Clear","No",23,"20-24","No",NA,"With Traffic","C: Possible Injury","Travel Lane","Asian","Female",36,"30-39","No",NA,"31-35 mph","O: No Injury","White","Male","Sport Utility","No","29AUG2012","Wednesday","Bicyclist Failed to Yield - Sign-Controlled Intersection",9,"Intersection","August","C: Possible Injury",35400,"Bicyclist Ride Out - Sign-Controlled Intersection",2012,"No","No","Daylight","Straight - Level","Local Street","Dry","One-Way, Not Divided","None","No Special Feature","Smooth Asphalt",0,0,0,0,0,0,0,"2 lanes",2,0,NA,0,NA
834,2374,"Asheville","Buncombe","Mountains","Commercial","Urban (>70% Developed)",NA,"Urban","20 - 25  MPH","No Control Present","Clear","No",8,"6-10","No",NA,"Not Applicable","B: Evident Injury","Non-Roadway","Asian","Male",63,"60-69","No",NA,"21-25 mph","O: No Injury","White","Female","Passenger Car","No","26AUG2012","Sunday","Bicyclist Failed to Yield - Midblock",18,"Non-Intersection","August","B: Evident Injury",67200,"Bicyclist Ride Out - Other Midblock",2012,"Yes","No","Daylight","Straight - Level","Local Street","Dry","Two-Way, Not Divided","None","No Special Feature","Smooth Asphalt",0,0,0,0,0,0,0,"2 lanes",2,0,NA,0,NA
835,2354,"None - Rural Crash","Dare","Coastal","Commercial","Urban (>70% Developed)",NA,"Rural","30 - 35  MPH","Double Yellow Line, No Passing Zone","Clear","No",51,"50-59","No",NA,"With Traffic","C: Possible Injury","Travel Lane","White","Male",41,"40-49","No",NA,"31-35 mph","O: No Injury","White","Male","Pickup","No","27AUG2012","Monday","Motorist Overtaking Bicyclist",9,"Non-Intersection","August","C: Possible Injury",33300,"Motorist Overtaking - Other / Unknown",2012,"No","No","Daylight","Curve - Level","NC Route","Dry","Two-Way, Not Divided","None","Driveway, Public","Coarse Asphalt",0,0,0,0,0,0,0,"2 lanes",2,0,NA,0,NA
836,2399,"Lewisville","Forsyth","Piedmont","Commercial","Urban (>70% Developed)",NA,"Urban","30 - 35  MPH","Stop And Go Signal","Clear","No",68,"60-69","No",NA,"With Traffic","B: Evident Injury","Travel Lane","White","Male",45,"40-49","No",NA,"11-15 mph","O: No Injury","White","Male","Passenger Car","No","28AUG2012","Tuesday","Loss of Control / Turning Error",6,"Intersection-Related","August","B: Evident Injury",22140,"Motorist Turning Error - Left Turn",2012,"Yes","No","Dawn","Straight - Level","Local Street","Dry","Two-Way, Not Divided","None","T-Intersection","Smooth Asphalt",0,0,0,0,0,0,0,"2 lanes",2,0,NA,0,NA
837,2352,"Fayetteville","Cumberland","Coastal","Commercial","Urban (>70% Developed)",NA,"Urban","30 - 35  MPH","No Control Present","Cloudy","No",35,"30-39","No",NA,"Facing Traffic","O: No Injury","Travel Lane","White","Male",NA,NA,"Missing",NA,NA,"Unknown Injury","Unknown/Missing",NA,NA,"No","17AUG2012","Friday","Head-On",23,"Non-Intersection","August","O: No Injury",85620,"Head-On - Bicyclist",2012,"No","Yes","Dark - Lighted Roadway","Straight - Level","Local Street","Dry","Two-Way, Not Divided","None","No Special Feature","Coarse Asphalt",0,0,0,0,0,0,0,"2 lanes",2,0,NA,0,NA
838,2493,"Winston-Salem","Forsyth","Piedmont","Commercial","Urban (>70% Developed)",NA,"Urban","40 - 45  MPH","Stop And Go Signal","Clear","No",32,"30-39","No",NA,"With Traffic","C: Possible Injury","Travel Lane","Black","Male",47,"40-49","No",NA,"36-40 mph","O: No Injury","White","Male","Passenger Car","No","19SEP2012","Wednesday","Bicyclist Failed to Yield - Signalized Intersection",6,"Intersection-Related","September","C: Possible Injury",24960,"Bicyclist Ride Through - Signalized Intersection",2012,"No","No","Daylight","Straight - Level","Local Street","Dry","Two-Way, Divided, Positive Median Barrier","None","No Special Feature","Smooth Asphalt",0,0,0,0,0,0,0,"5 lanes",2,0,NA,0,NA
839,2485,"Charlotte","Mecklenburg","Piedmont","Commercial","Urban (>70% Developed)",NA,"Urban","30 - 35  MPH","No Control Present","Clear","No",15,"11-15","No",NA,"With Traffic","C: Possible Injury","Bike Lane / Paved Shoulder","White","Male",23,"20-24","No",NA,"0-5 mph","O: No Injury","White","Male","Passenger Car","No","26SEP2012","Wednesday","Motorist Right Turn / Merge",10,"Non-Intersection","September","C: Possible Injury",37380,"Motorist Right Turn - Same Direction",2012,"Yes","No","Daylight","Straight - Level","Local Street","Dry","Two-Way, Not Divided","None","No Special Feature","Smooth Asphalt",0,0,0,0,0,0,0,"2 lanes",2,0,NA,0,NA
840,2497,"Greenville","Pitt","Coastal","Institutional","Urban (>70% Developed)",NA,"Urban","30 - 35  MPH","Stop And Go Signal","Clear","No",18,"16-19","No",NA,"Facing Traffic","B: Evident Injury","Travel Lane","White","Male",23,"20-24","No",NA,"0-5 mph","O: No Injury","Black","Male","Pickup","No","26SEP2012","Wednesday","Motorist Left Turn / Merge",14,"Intersection","September","B: Evident Injury",52800,"Motorist Left Turn - Opposite Direction",2012,"No","No","Daylight","Straight - Level","State Secondary Route","Dry","Two-Way, Divided, Unprotected Median","None","Four-Way Intersection","Coarse Asphalt",0,0,0,0,0,0,0,"5 lanes",2,0,NA,0,NA
841,2494,"Lenoir","Caldwell","Mountains","Commercial","Mixed (30% To 70% Developed)",NA,"Urban","40 - 45  MPH","No Control Present","Rain","No",54,"50-59","No",NA,"With Traffic","B: Evident Injury","Travel Lane","White","Male",22,"20-24","No",NA,"36-40 mph","O: No Injury","White","Male","Passenger Car","No","07OCT2012","Sunday","Motorist Overtaking Bicyclist",6,"Non-Intersection","October","B: Evident Injury",22380,"Motorist Overtaking - Other / Unknown",2012,"Yes","No","Dark - Lighted Roadway","Straight - Level","Local Street","Wet","Two-Way, Not Divided","None","No Special Feature","Smooth Asphalt",0,0,0,0,0,0,0,"5 lanes",2,0,NA,0,NA
842,2490,"None - Rural Crash","Pender","Coastal","Farms, Woods, Pastures","Rural (<30% Developed)",NA,"Rural","50 - 55  MPH","No Control Present","Clear","No",14,"11-15","No",NA,"Facing Traffic","B: Evident Injury","Travel Lane","White","Male",31,"30-39","No",NA,"26-30 mph","O: No Injury","Hispanic","Male","Pickup","No","04OCT2012","Thursday","Bicyclist Right Turn / Merge",19,"Intersection","October","B: Evident Injury",70860,"Bicyclist Right Turn - Same Direction",2012,"Yes","No","Dusk","Straight - Level","State Secondary Route","Dry","Two-Way, Not Divided","None","T-Intersection","Smooth Asphalt",0,0,0,0,0,0,0,"2 lanes",2,0,NA,0,NA
843,2512,"Kernersville","Forsyth","Piedmont","Commercial","Urban (>70% Developed)",NA,"Urban","40 - 45  MPH","Stop Sign","Clear","No",64,"60-69","No",NA,"Not Applicable","B: Evident Injury","Non-Roadway","White","Male",53,"50-59","No",NA,"21-25 mph","O: No Injury","White","Female","Passenger Car","No","05OCT2012","Friday","Motorist Left Turn / Merge",16,"Intersection","October","B: Evident Injury",59580,"Motorist Left Turn - Opposite Direction",2012,"Yes","No","Daylight","Straight - Level","NC Route","Dry","Two-Way, Divided, Unprotected Median","None","T-Intersection","Smooth Asphalt",0,0,0,0,0,0,0,"5 lanes",2,0,NA,0,NA
844,2489,"Asheville","Buncombe","Mountains","Commercial","Urban (>70% Developed)",NA,"Urban","30 - 35  MPH","No Control Present","Clear","No",42,"40-49","No",NA,"With Traffic","Unknown Injury","Travel Lane","White","Male",31,"30-39","No",NA,"0-5 mph","O: No Injury","White","Male","Pickup","No","20SEP2012","Thursday","Motorist Left Turn / Merge",13,"Intersection","September","O: No Injury",46920,"Motorist Left Turn - Opposite Direction",2012,"No","No","Daylight","Straight - Level","Local Street","Dry","Two-Way, Not Divided","None","Driveway, Private","Smooth Asphalt",0,0,0,0,0,0,0,"2 lanes",2,0,NA,0,NA
845,2503,"Elizabeth City","Pasquotank","Coastal","Institutional","Urban (>70% Developed)",NA,"Urban","5 - 15 MPH","Stop Sign","Clear","No",28,"25-29","No",NA,"With Traffic","C: Possible Injury","Travel Lane","White","Male",19,"0-19","No",NA,"0-5 mph","O: No Injury","White","Male","Van","No","25SEP2012","Tuesday","Backing Vehicle",12,"Intersection-Related","September","C: Possible Injury",45000,"Backing Vehicle",2012,"Yes","No","Daylight","Straight - Level","Local Street","Dry","Two-Way, Not Divided","None","T-Intersection","Smooth Asphalt",0,0,0,0,0,0,0,"2 lanes",2,0,NA,0,NA
846,2599,"Fayetteville","Cumberland","Coastal","Commercial","Urban (>70% Developed)",NA,"Urban","30 - 35  MPH","Stop And Go Signal","Clear","No",23,"20-24","No",NA,"With Traffic","C: Possible Injury","Sidewalk / Crosswalk / Driveway Crossing","Black","Male",NA,NA,"Missing",NA,"16-20 mph","Unknown Injury","Unknown/Missing",NA,NA,"No","29OCT2012","Monday","Crossing Paths - Other Circumstances",6,"Intersection","October","C: Possible Injury",21660,"Signalized Intersection - Other / Unknown",2012,"No","Yes","Dark - Lighted Roadway","Straight - Level","Local Street","Dry","Two-Way, Not Divided","None","Four-Way Intersection","Coarse Asphalt",0,0,0,0,0,0,0,"5 lanes",2,0,NA,0,NA
847,2589,"None - Rural Crash","Washington","Coastal","Residential","Mixed (30% To 70% Developed)",NA,"Rural","50 - 55  MPH","Double Yellow Line, No Passing Zone","Clear","No",57,"50-59","Yes",NA,"Facing Traffic","O: No Injury","Travel Lane","Black","Male",47,"40-49","No",NA,"41-45 mph","O: No Injury","White","Male","Passenger Car","Yes","01NOV2012","Thursday","Bicyclist Right Turn / Merge",19,"Non-Intersection","November","O: No Injury",68400,"Bicyclist Right Turn - Same Direction",2012,"No","No","Dark - Roadway Not Lighted","Straight - Grade","State Secondary Route","Dry","Two-Way, Not Divided","None","No Special Feature","Smooth Asphalt",0,0,0,0,0,0,0,"2 lanes",2,0,NA,0,NA
848,2572,"None - Rural Crash","Rowan","Piedmont","Farms, Woods, Pastures","Rural (<30% Developed)",NA,"Rural","50 - 55  MPH","Double Yellow Line, No Passing Zone","Clear","No",25,"25-29","No",NA,"With Traffic","B: Evident Injury","Travel Lane","White","Male",21,"20-24","No",NA,"51-55 mph","O: No Injury","White","Male","Pickup","No","30OCT2012","Tuesday","Motorist Overtaking Bicyclist",6,"Non-Intersection","October","B: Evident Injury",21900,"Motorist Overtaking - Undetected Bicyclist",2012,"Yes","No","Dark - Roadway Not Lighted","Curve - Level","State Secondary Route","Dry","Two-Way, Not Divided","None","No Special Feature","Smooth Asphalt",0,0,0,0,0,0,0,"2 lanes",2,0,NA,0,NA
849,2565,"Wilmington","New Hanover","Coastal","Commercial","Urban (>70% Developed)",NA,"Urban","20 - 25  MPH","Stop Sign","Clear","No",21,"20-24","No",NA,"Facing Traffic","C: Possible Injury","Travel Lane","Black","Male",31,"30-39","No",NA,"0-5 mph","O: No Injury","White","Female","Passenger Car","No","07OCT2012","Sunday","Motorist Failed to Yield - Sign-Controlled Intersection",11,"Intersection","October","C: Possible Injury",42720,"Motorist Drive Out - Sign-Controlled Intersection",2012,"Yes","No","Daylight","Straight - Level","Public Vehicular Area","Dry","Two-Way, Not Divided","None","No Special Feature","Coarse Asphalt",0,0,0,0,0,0,0,"2 lanes",2,0,NA,0,NA