"...1","object_id","city","county","region","development","locality","on_road","rural_urban","speed_limit","traffic_control","weather","workzone","bike_age","bike_age_group","bike_alcohol","bike_alcohol_drugs","bike_direction","bike_injury","bike_position","bike_race","bike_sex","driver_age","driver_age_group","driver_alcohol","driver_alcohol_drugs","driver_est_speed","driver_injury","driver_race","driver_sex","driver_vehicle_type","crash_alcohol","crash_date","crash_day","crash_group","crash_hour","crash_location","crash_month","crash_severity","crash_time","crash_type","crash_year","ambulance_req","hit_run","light_condition","road_character","road_class","road_condition","road_configuration","road_defects","road_feature","road_surface","num_bikes_ai","num_bikes_bi","num_bikes_ci","num_bikes_ki","num_bikes_no","num_bikes_to","num_bikes_ui","num_lanes","num_units","distance_mi_from","frm_road","rte_invd_cd","towrd_road"
850,2564,"Knightdale","Wake","Piedmont","Commercial","Urban (>70% Developed)",NA,"Urban","40 - 45  MPH","No Control Present","Clear","No",27,"25-29","Yes",NA,"With Traffic","C: Possible Injury","Travel Lane","White","Male",NA,NA,"No",NA,"31-35 mph","Unknown Injury","Unknown/Missing",NA,"Pickup","Yes","25OCT2012","Thursday","Motorist Overtaking Bicyclist",19,"Non-Intersection","October","C: Possible Injury",69720,"Motorist Overtaking - Other / Unknown",2012,"Yes","Yes","Dark - Roadway Not Lighted","Straight - Level","Local Street","Dry","Two-Way, Not Divided","None","No Special Feature","Coarse Asphalt",0,0,0,0,0,0,0,"2 lanes",2,0,NA,0,NA
851,2582,"Oxford","Granville","Piedmont","Residential","Mixed (30% To 70% Developed)",NA,"Urban","20 - 25  MPH","No Control Present","Clear","No",13,"11-15","No",NA,"Not Applicable","B: Evident Injury","Driveway / Alley","Black","Male",22,"20-24","No",NA,"16-20 mph","O: No Injury","Black","Female","Passenger Car","No","01SEP2012","Saturday","Bicyclist Failed to Yield - Midblock",15,"Non-Intersection","September","B: Evident Injury",56160,"Bicyclist Ride Out - Commercial Driveway / Alley",2012,"Yes","No","Daylight","Straight - Level","Local Street","Dry","Two-Way, Not Divided","None","No Special Feature","Coarse Asphalt",0,0,0,0,0,0,0,NA,2,0,NA,0,NA
852,2563,"Winston-Salem","Forsyth","Piedmont","Commercial","Urban (>70% Developed)",NA,"Urban","30 - 35  MPH","Stop And Go Signal","Clear","No",56,"50-59","No",NA,"With Traffic","C: Possible Injury","Travel Lane","White","Male",44,"40-49","No",NA,"11-15 mph","O: No Injury","Hispanic","Female","Sport Utility","No","14OCT2012","Sunday","Motorist Right Turn / Merge",18,"Intersection","October","C: Possible Injury",66600,"Motorist Right Turn - Same Direction",2012,"No","No","Dusk","Straight - Grade","Local Street","Dry","Two-Way, Divided, Positive Median Barrier","None","Four-Way Intersection","Smooth Asphalt",0,0,0,0,0,0,0,"7 lanes",2,0,NA,0,NA
853,2568,"None - Rural Crash","Guilford","Piedmont","Institutional","Urban (>70% Developed)",NA,"Rural","20 - 25  MPH","Stop Sign","Clear","No",21,"20-24","No",NA,"With Traffic","C: Possible Injury","Travel Lane","White","Male",19,"0-19","No",NA,"21-25 mph","O: No Injury","White","Female","Passenger Car","No","18OCT2012","Thursday","Motorist Right Turn / Merge",10,"Intersection","October","C: Possible Injury",37980,"Motorist Right Turn - Same Direction",2012,"No","No","Daylight","Straight - Level","Local Street","Dry","Two-Way, Divided, Positive Median Barrier","None","No Special Feature","Smooth Asphalt",0,0,0,0,0,0,0,"2 lanes",2,0,NA,0,NA
854,2607,"Asheville","Buncombe","Mountains","Commercial","Urban (>70% Developed)",NA,"Urban","30 - 35  MPH","Stop And Go Signal","Clear","No",24,"20-24","No",NA,"With Traffic","C: Possible Injury","Travel Lane","White","Male",20,"20-24","No",NA,"0-5 mph","O: No Injury","White","Female","Passenger Car","No","24OCT2012","Wednesday","Motorist Left Turn / Merge",19,"Intersection","October","C: Possible Injury",69420,"Motorist Left Turn - Opposite Direction",2012,"Yes","No","Dark - Lighted Roadway","Straight - Grade","Local Street","Dry","Two-Way, Not Divided","None","Four-Way Intersection","Coarse Asphalt",0,0,0,0,0,0,0,"3 lanes",2,0,NA,0,NA
855,2562,"Raleigh","Wake","Piedmont","Commercial","Urban (>70% Developed)",NA,"Urban","5 - 15 MPH","No Control Present","Clear","No",25,"25-29","No",NA,"Not Applicable","O: No Injury","Non-Roadway","White","Male",48,"40-49","No",NA,"0-5 mph","O: No Injury","Black","Female","Passenger Car","No","19OCT2012","Friday","Non-Roadway",15,"Non-Roadway","October","O: No Injury",57000,"Non-Roadway",2012,"No","No","Daylight","Straight - Grade","Public Vehicular Area","Dry","Two-Way, Not Divided","None","Driveway, Public","Coarse Asphalt",0,0,0,0,0,0,0,NA,2,0,NA,0,NA
856,2644,"Greenville","Pitt","Coastal","Residential","Urban (>70% Developed)",NA,"Urban","40 - 45  MPH","Stop Sign","Clear","No",29,"25-29","No",NA,"Facing Traffic","B: Evident Injury","Sidewalk / Crosswalk / Driveway Crossing","White","Male",33,"30-39","No",NA,"0-5 mph","O: No Injury","White","Female","Sport Utility","No","19NOV2012","Monday","Motorist Failed to Yield - Sign-Controlled Intersection",20,"Intersection","November","B: Evident Injury",72480,"Motorist Drive Out - Sign-Controlled Intersection",2012,"Yes","No","Dark - Lighted Roadway","Straight - Level","Local Street","Dry","Two-Way, Not Divided","None","T-Intersection","Coarse Asphalt",0,0,0,0,0,0,0,"7 lanes",2,0,NA,0,NA
857,2639,"None - Rural Crash","Pasquotank","Coastal","Residential","Mixed (30% To 70% Developed)",NA,"Rural","30 - 35  MPH","Double Yellow Line, No Passing Zone","Clear","No",7,"6-10","No",NA,"Facing Traffic","C: Possible Injury","Travel Lane","White","Male",18,"0-19","No",NA,"31-35 mph","O: No Injury","White","Female","Passenger Car","No","17NOV2012","Saturday","Bicyclist Right Turn / Merge",13,"Non-Intersection","November","C: Possible Injury",50100,"Bicyclist Right Turn - Same Direction",2012,"No","No","Daylight","Straight - Level","State Secondary Route","Dry","Two-Way, Not Divided","None","No Special Feature","Smooth Asphalt",0,0,0,0,0,0,0,"2 lanes",2,0,NA,0,NA
858,2636,"Elizabethtown","Bladen","Coastal","Commercial","Mixed (30% To 70% Developed)",NA,"Rural","30 - 35  MPH","Stop And Go Signal","Clear","No",22,"20-24","No",NA,"With Traffic","B: Evident Injury","Travel Lane","White","Male",16,"0-19","No",NA,"11-15 mph","O: No Injury","White","Female","Passenger Car","No","24OCT2012","Wednesday","Bicyclist Failed to Yield - Signalized Intersection",16,"Intersection","October","B: Evident Injury",60420,"Bicyclist Ride Through - Signalized Intersection",2012,"Yes","No","Daylight","Straight - Level","State Secondary Route","Dry","Two-Way, Not Divided","None","Four-Way Intersection","Smooth Asphalt",0,0,0,0,0,0,0,"2 lanes",2,0,NA,0,NA
859,2622,"Charlotte","Mecklenburg","Piedmont","Commercial","Urban (>70% Developed)",NA,"Urban","30 - 35  MPH","Stop And Go Signal","Clear","No",26,"25-29","No",NA,"Facing Traffic","B: Evident Injury","Sidewalk / Crosswalk / Driveway Crossing","White","Male",58,"50-59","No",NA,"0-5 mph","O: No Injury","White","Male","Pickup","No","23OCT2012","Tuesday","Crossing Paths - Other Circumstances",16,"Intersection","October","B: Evident Injury",58860,"Signalized Intersection - Other / Unknown",2012,"No","No","Daylight","Curve - Level","Local Street","Dry","Two-Way, Divided, Positive Median Barrier","None","T-Intersection","Coarse Asphalt",0,0,0,0,0,0,0,"6 lanes",2,0,NA,0,NA
860,2618,"Greenville","Pitt","Coastal","Commercial","Urban (>70% Developed)",NA,"Urban","40 - 45  MPH","No Control Present","Clear","No",50,"50-59","No",NA,"Facing Traffic","O: No Injury","Sidewalk / Crosswalk / Driveway Crossing","White","Male",20,"20-24","No",NA,"0-5 mph","O: No Injury","White","Female","Passenger Car","No","10NOV2012","Saturday","Crossing Paths - Other Circumstances",9,"Intersection","November","O: No Injury",35760,"Signalized Intersection - Other / Unknown",2012,"No","No","Daylight","Straight - Level","Local Street","Dry","Two-Way, Divided, Unprotected Median","None","No Special Feature","Smooth Asphalt",0,0,0,0,0,0,0,"5 lanes",2,0,NA,0,NA
861,2619,"Greensboro","Guilford","Piedmont","Institutional","Urban (>70% Developed)",NA,"Urban","20 - 25  MPH","Stop And Go Signal","Clear","No",52,"50-59","No",NA,"With Traffic","C: Possible Injury","Bike Lane / Paved Shoulder","Black","Male",23,"20-24","No",NA,"6-10 mph","O: No Injury","White","Male","Passenger Car","No","02NOV2012","Friday","Motorist Right Turn / Merge",15,"Intersection","November","C: Possible Injury",55680,"Motorist Right Turn - Same Direction",2012,"Yes","No","Daylight","Straight - Level","Local Street","Dry","Two-Way, Divided, Unprotected Median","None","Four-Way Intersection","Smooth Asphalt",0,0,0,0,0,0,0,"2 lanes",2,0,NA,0,NA
862,2633,"Greensboro","Guilford","Piedmont","Commercial","Urban (>70% Developed)",NA,"Urban","30 - 35  MPH","Stop And Go Signal","Clear","No",63,"60-69","No",NA,"With Traffic","O: No Injury","Travel Lane","Black","Male",44,"40-49","No",NA,"31-35 mph","C: Possible Injury","Other","Female","Passenger Car","No","16NOV2012","Friday","Loss of Control / Turning Error",13,"Intersection-Related","November","C: Possible Injury",49560,"Motorist Lost Control - Other / Unknown",2012,"Yes","No","Daylight","Straight - Level","Local Street","Dry","One-Way, Not Divided","None","No Special Feature","Smooth Asphalt",0,0,0,0,0,0,0,"4 lanes",3,0,NA,0,NA
863,2626,"Concord","Cabarrus","Piedmont","Residential","Urban (>70% Developed)",NA,"Urban","40 - 45  MPH","No Control Present","Clear","No",16,"16-19","No",NA,"With Traffic","C: Possible Injury","Travel Lane","Black","Male",25,"25-29","No",NA,"41-45 mph","O: No Injury","White","Female","Passenger Car","No","03NOV2012","Saturday","Bicyclist Left Turn / Merge",15,"Non-Intersection","November","C: Possible Injury",55500,"Bicyclist Left Turn - Same Direction",2012,"No","No","Daylight","Straight - Level","NC Route","Dry","Two-Way, Divided, Unprotected Median","None","No Special Feature","Smooth Asphalt",0,0,0,0,0,0,0,"2 lanes",2,0,NA,0,NA
864,2643,"Gastonia","Gaston","Piedmont","Commercial","Urban (>70% Developed)",NA,"Urban","30 - 35  MPH","Stop Sign","Clear","No",12,"11-15","No",NA,"Facing Traffic","B: Evident Injury","Sidewalk / Crosswalk / Driveway Crossing","Black","Male",35,"30-39","Yes",NA,"16-20 mph","O: No Injury","White","Female","Passenger Car","Yes","20OCT2012","Saturday","Motorist Left Turn / Merge",19,"Intersection","October","B: Evident Injury",70500,"Motorist Left Turn - Same Direction",2012,"Yes","No","Dusk","Straight - Level","Local Street","Dry","Two-Way, Not Divided","None","T-Intersection","Smooth Asphalt",0,0,0,0,0,0,0,"2 lanes",2,0,NA,0,NA
865,2623,"Carrboro","Orange","Piedmont","Commercial","Urban (>70% Developed)",NA,"Urban","20 - 25  MPH","Stop And Go Signal","Clear","No",57,"50-59","No",NA,"With Traffic","B: Evident Injury","Travel Lane","White","Male",58,"50-59","No",NA,"11-15 mph","O: No Injury","Black","Male","Pickup","No","04NOV2012","Sunday","Motorist Overtaking Bicyclist",15,"Intersection-Related","November","B: Evident Injury",55740,"Motorist Overtaking - Bicyclist Swerved",2012,"Yes","No","Daylight","Straight - Level","Local Street","Dry","Two-Way, Not Divided","None","No Special Feature","Coarse Asphalt",0,0,0,0,0,0,0,NA,2,0,NA,0,NA
866,2810,"Charlotte","Mecklenburg","Piedmont","Commercial","Urban (>70% Developed)",NA,"Urban","30 - 35  MPH","Stop Sign","Cloudy","No",44,"40-49","No",NA,"With Traffic","C: Possible Injury","Sidewalk / Crosswalk / Driveway Crossing","Black","Male",NA,NA,"Missing",NA,"0-5 mph","Unknown Injury","Unknown/Missing",NA,NA,"No","07FEB2011","Monday","Motorist Failed to Yield - Sign-Controlled Intersection",10,"Intersection","February","C: Possible Injury",37560,"Motorist Drive Out - Sign-Controlled Intersection",2011,"No","Yes","Daylight","Straight - Level","Local Street","Dry","Two-Way, Not Divided","None","Four-Way Intersection","Smooth Asphalt",0,0,0,0,0,0,0,"2 lanes",2,0,NA,0,NA
867,2828,"Greensboro","Guilford","Piedmont","Residential","Urban (>70% Developed)",NA,"Urban","20 - 25  MPH","Stop Sign","Clear","No",8,"6-10","No",NA,"With Traffic","C: Possible Injury","Travel Lane","Black","Female",26,"25-29","No",NA,"26-30 mph","O: No Injury","White","Male","Passenger Car","No","23FEB2011","Wednesday","Bicyclist Failed to Yield - Sign-Controlled Intersection",17,"Intersection","February","C: Possible Injury",63540,"Bicyclist Ride Through - Sign-Controlled Intersection",2011,"Yes","No","Daylight","Straight - Level","Local Street","Dry","Two-Way, Not Divided","None","Four-Way Intersection","Smooth Asphalt",0,0,0,0,0,0,0,"2 lanes",2,0,NA,0,NA
868,2801,"Yanceyville","Caswell","Piedmont","Residential","Urban (>70% Developed)",NA,"Rural","30 - 35  MPH","No Control Present","Clear","No",7,"6-10","No",NA,"With Traffic","B: Evident Injury","Travel Lane","Black","Male",24,"20-24","No",NA,"31-35 mph","O: No Injury","Black","Female","Passenger Car","No","13FEB2011","Sunday","Bicyclist Failed to Yield - Sign-Controlled Intersection",16,"Intersection","February","B: Evident Injury",59340,"Bicyclist Ride Through - Sign-Controlled Intersection",2011,"Yes","No","Daylight","Straight - Level","Local Street","Dry","Two-Way, Not Divided","None","T-Intersection","Coarse Asphalt",0,0,0,0,0,0,0,"2 lanes",2,0,NA,0,NA
869,2822,"Salisbury","Rowan","Piedmont","Residential","Urban (>70% Developed)",NA,"Urban","50 - 55  MPH","No Control Present","Clear","No",23,"20-24","No",NA,"With Traffic","A: Disabling Injury","Travel Lane","White","Male",32,"30-39","No",NA,"51-55 mph","O: No Injury","White","Male","Pickup","No","15FEB2011","Tuesday","Motorist Overtaking Bicyclist",19,"Non-Intersection","February","A: Disabling Injury",69900,"Motorist Overtaking - Undetected Bicyclist",2011,"Yes","No","Dark - Roadway Not Lighted","Straight - Level","Local Street","Dry","Two-Way, Not Divided","None","No Special Feature","Coarse Asphalt",0,0,0,0,0,0,0,"5 lanes",2,0,NA,0,NA
870,2825,"Charlotte","Mecklenburg","Piedmont","Residential","Urban (>70% Developed)",NA,"Urban","30 - 35  MPH","Stop Sign","Clear","No",28,"25-29","No",NA,"With Traffic","C: Possible Injury","Travel Lane","Hispanic","Male",55,"50-59","No",NA,"31-35 mph","O: No Injury","Black","Male","Light Truck (Mini-Van, Panel)","No","19FEB2011","Saturday","Motorist Left Turn / Merge",10,"Intersection","February","C: Possible Injury",38640,"Motorist Left Turn - Opposite Direction",2011,"No","No","Dawn","Straight - Bottom","Local Street","Dry","Two-Way, Not Divided","None","No Special Feature","Coarse Asphalt",0,0,0,0,0,0,0,"4 lanes",2,0,NA,0,NA
871,2813,"Greensboro","Guilford","Piedmont","Commercial","Urban (>70% Developed)",NA,"Urban","30 - 35  MPH","No Control Present","Clear","No",45,"40-49","No",NA,"Facing Traffic","C: Possible Injury","Travel Lane","White","Male",38,"30-39","No",NA,"0-5 mph","O: No Injury","White","Male","Pickup","No","10FEB2011","Thursday","Loss of Control / Turning Error",16,"Intersection","February","C: Possible Injury",57720,"Bicyclist Lost Control - Mechanical Problems",2011,"Yes","No","Daylight","Straight - Level","Local Street","Dry","Two-Way, Not Divided","None","Related To Intersection","Smooth Asphalt",0,0,0,0,0,0,0,"6 lanes",2,0,NA,0,NA
872,2833,"Asheville","Buncombe","Mountains","Institutional","Urban (>70% Developed)",NA,"Urban","30 - 35  MPH","No Control Present","Clear","No",36,"30-39","No",NA,"With Traffic","C: Possible Injury","Travel Lane","White","Male",19,"0-19","No",NA,"0-5 mph","O: No Injury","Other","Male","Passenger Car","No","16FEB2011","Wednesday","Bicyclist Overtaking Motorist",12,"Non-Intersection","February","C: Possible Injury",44100,"Bicyclist Overtaking - Passing on Right",2011,"No","No","Daylight","Straight - Level","Local Street","Dry","Two-Way, Not Divided","None","Driveway, Public","Smooth Asphalt",0,0,0,0,0,0,0,"2 lanes",2,0,NA,0,NA
873,2799,"Wilmington","New Hanover","Coastal","Commercial","Urban (>70% Developed)",NA,"Urban","5 - 15 MPH","No Control Present","Clear","No",23,"20-24","No",NA,"Facing Traffic","B: Evident Injury","Sidewalk / Crosswalk / Driveway Crossing","White","Male",44,"40-49","No",NA,"0-5 mph","O: No Injury","White","Male","Single Unit Truck (2-Axle, 6-Tire)","No","27JAN2011","Thursday","Motorist Failed to Yield - Midblock",17,"Non-Intersection","January","B: Evident Injury",64680,"Motorist Drive Out - Commercial Driveway / Alley",2011,"Yes","No","Dark - Lighted Roadway","Straight - Level","Public Vehicular Area","Dry","Two-Way, Not Divided","None","No Special Feature","Coarse Asphalt",0,0,0,0,0,0,0,NA,2,0,NA,0,NA
874,2795,"Winston-Salem","Forsyth","Piedmont","Residential","Urban (>70% Developed)",NA,"Urban","30 - 35  MPH","No Control Present","Clear","No",49,"40-49","Yes",NA,"With Traffic","B: Evident Injury","Travel Lane","Black","Male",NA,NA,"Missing",NA,"11-15 mph","Unknown Injury","Unknown/Missing",NA,"Single Unit Truck (3 Or More Axles)","Yes","15JAN2011","Saturday","Bicyclist Overtaking Motorist",23,"Non-Intersection","January","B: Evident Injury",84420,"Bicyclist Overtaking - Parked Vehicle",2011,"No","No","Dark - Unknown Lighting","Straight - Grade","Local Street","Dry","Two-Way, Not Divided","None","No Special Feature","Smooth Asphalt",0,0,0,0,0,0,0,"2 lanes",3,0,NA,0,NA
875,2779,"None - Rural Crash","Lenoir","Coastal","Residential","Rural (<30% Developed)",NA,"Rural","50 - 55  MPH","Double Yellow Line, No Passing Zone","Clear","No",12,"11-15","No",NA,"Not Applicable","B: Evident Injury","Driveway / Alley","White","Male",NA,NA,"No",NA,"41-45 mph","Unknown Injury","Unknown/Missing",NA,NA,"No","21JAN2011","Friday","Bicyclist Failed to Yield - Midblock",16,"Non-Intersection","January","B: Evident Injury",57600,"Bicyclist Ride Out - Residential Driveway",2011,"Yes","Yes","Daylight","Straight - Level","State Secondary Route","Dry","Two-Way, Not Divided","None","No Special Feature","Coarse Asphalt",0,0,0,0,0,0,0,"2 lanes",2,0,NA,0,NA
876,2768,"None - Rural Crash","Person","Piedmont","Farms, Woods, Pastures","Rural (<30% Developed)",NA,"Rural","50 - 55  MPH","Double Yellow Line, No Passing Zone","Clear","No",42,"40-49","No",NA,"With Traffic","C: Possible Injury","Travel Lane","White","Female",40,"40-49","No",NA,"46-50 mph","O: No Injury","White","Female","Van","No","03JAN2011","Monday","Motorist Overtaking Bicyclist",18,"Intersection-Related","January","C: Possible Injury",68160,"Motorist Overtaking - Undetected Bicyclist",2011,"Yes","No","Dark - Roadway Not Lighted","Straight - Level","State Secondary Route","Dry","Two-Way, Not Divided","None","No Special Feature","Smooth Asphalt",0,0,0,0,0,0,0,"2 lanes",2,0,NA,0,NA
877,2762,"Carrboro","Orange","Piedmont","Commercial","Urban (>70% Developed)",NA,"Urban","30 - 35  MPH","Stop And Go Signal","Clear","No",24,"20-24","No",NA,"With Traffic","B: Evident Injury","Travel Lane","White","Female",NA,NA,"Missing",NA,"6-10 mph","Unknown Injury","Unknown/Missing",NA,NA,"No","10DEC2012","Monday","Parallel Paths - Other Circumstances",17,"Non-Intersection","December","B: Evident Injury",61980,"Motorist Turn / Merge - Other / Unknown",2012,"Yes","Yes","Dusk","Straight - Bottom","Local Street","Dry","Two-Way, Divided, Positive Median Barrier","None","Four-Way Intersection","Smooth Asphalt",0,0,0,0,0,0,0,"4 lanes",2,0,NA,0,NA
878,2765,"Charlotte","Mecklenburg","Piedmont","Commercial","Urban (>70% Developed)",NA,"Urban","40 - 45  MPH","Stop And Go Signal","Clear","No",30,"30-39","Missing",NA,"With Traffic","B: Evident Injury","Travel Lane","White","Male",56,"50-59","No",NA,"16-20 mph","O: No Injury","Black","Female","Light Truck (Mini-Van, Panel)","No","20MAY2012","Sunday","Motorist Left Turn / Merge",17,"Intersection-Related","May","B: Evident Injury",62340,"Motorist Left Turn - Opposite Direction",2012,"Yes","No","Daylight","Straight - Level","Local Street","Dry","Two-Way, Divided, Unprotected Median","None","Four-Way Intersection","Smooth Asphalt",0,0,0,0,0,0,0,"4 lanes",2,0,NA,0,NA
879,2794,"None - Rural Crash","Bertie","Coastal","Farms, Woods, Pastures","Rural (<30% Developed)",NA,"Rural","50 - 55  MPH","No Control Present","Clear","No",28,"25-29","Yes",NA,"Not Applicable","K: Killed","Driveway / Alley","Black","Female",33,"30-39","No",NA,"51-55 mph","O: No Injury","White","Male","Pickup","Yes","30JAN2011","Sunday","Bicyclist Failed to Yield - Midblock",18,"Non-Intersection","January","K: Killed",66960,"Bicyclist Ride Out - Residential Driveway",2011,"Yes","No","Dark - Roadway Not Lighted","Straight - Level","NC Route","Dry","Two-Way, Not Divided","None","Driveway, Private","Smooth Asphalt",0,0,0,0,0,0,0,"2 lanes",2,0,NA,0,NA
880,2800,"Raleigh","Wake","Piedmont","Industrial","Urban (>70% Developed)",NA,"Urban","30 - 35  MPH","No Control Present","Clear","No",25,"25-29","Yes",NA,"Not Applicable","O: No Injury","Non-Roadway","White","Female",34,"30-39","No",NA,"11-15 mph","O: No Injury","Black","Male","Passenger Car","Yes","15JAN2011","Saturday","Bicyclist Failed to Yield - Midblock",16,"Non-Intersection","January","O: No Injury",57600,"Bicyclist Ride Out - Commercial Driveway / Alley",2011,"No","No","Daylight","Straight - Grade","Local Street","Dry","Two-Way, Not Divided","None","No Special Feature","Smooth Asphalt",0,0,0,0,0,0,0,"2 lanes",2,0,NA,0,NA
881,2767,"Dunn","Harnett","Coastal","Residential","Urban (>70% Developed)",NA,"Urban","30 - 35  MPH","No Control Present","Clear","No",12,"11-15","No",NA,"With Traffic","B: Evident Injury","Travel Lane","Black","Male",36,"30-39","No",NA,"31-35 mph","O: No Injury","Black","Female","Passenger Car","No","12OCT2012","Friday","Motorist Overtaking Bicyclist",6,"Non-Intersection","October","B: Evident Injury",24480,"Motorist Overtaking - Other / Unknown",2012,"Yes","No","Dark - Roadway Not Lighted","Straight - Level","Local Street","Dry","Two-Way, Not Divided","None","No Special Feature","Coarse Asphalt",0,0,0,0,0,0,0,"2 lanes",2,0,NA,0,NA
882,2772,"None - Rural Crash","Randolph","Piedmont","Commercial","Urban (>70% Developed)",NA,"Rural","40 - 45  MPH","No Control Present","Clear","No",44,"40-49","No",NA,"With Traffic","C: Possible Injury","Travel Lane","White","Male",25,"25-29","No",NA,"0-5 mph","O: No Injury","White","Female","Passenger Car","No","07JAN2011","Friday","Motorist Failed to Yield - Midblock",7,"Non-Intersection","January","C: Possible Injury",27600,"Motorist Drive Out - Other Midblock",2011,"Yes","No","Daylight","Straight - Level","US Route","Dry","Two-Way, Not Divided","None","Driveway, Public","Smooth Asphalt",0,0,0,0,0,0,0,"3 lanes",2,0,NA,0,NA
883,2709,"None - Rural Crash","Orange","Piedmont","Farms, Woods, Pastures","Rural (<30% Developed)",NA,"Rural","50 - 55  MPH","Double Yellow Line, No Passing Zone","Cloudy","No",53,"50-59","No",NA,"With Traffic","A: Disabling Injury","Travel Lane","White","Male",67,"60-69","No",NA,"51-55 mph","O: No Injury","White","Male","Pickup","No","12DEC2012","Wednesday","Motorist Overtaking Bicyclist",17,"Non-Intersection","December","A: Disabling Injury",63600,"Motorist Overtaking - Other / Unknown",2012,"Yes","No","Dark - Roadway Not Lighted","Straight - Level","NC Route","Wet","Two-Way, Not Divided","None","No Special Feature","Smooth Asphalt",0,0,0,0,0,0,0,"2 lanes",2,0,NA,0,NA
884,2706,"Lumberton","Robeson","Coastal","Commercial","Urban (>70% Developed)",NA,"Urban","30 - 35  MPH","Stop And Go Signal","Cloudy","No",49,"40-49","No",NA,"Facing Traffic","B: Evident Injury","Travel Lane","Black","Male",NA,NA,"Missing",NA,"31-35 mph","Unknown Injury","Unknown/Missing",NA,NA,"No","27NOV2012","Tuesday","Motorist Failed to Yield - Signalized Intersection",19,"Intersection","November","B: Evident Injury",71160,"Motorist Drive Out - Right Turn on Red",2012,"Yes","Yes","Dark - Lighted Roadway","Straight - Level","Local Street","Wet","Two-Way, Not Divided","None","T-Intersection","Coarse Asphalt",0,0,0,0,0,0,0,"2 lanes",2,0,NA,0,NA
885,2701,"None - Rural Crash","Iredell","Piedmont","Residential","Mixed (30% To 70% Developed)",NA,"Rural","50 - 55  MPH","Double Yellow Line, No Passing Zone","Rain","No",42,"40-49","No",NA,"With Traffic","B: Evident Injury","Travel Lane","White","Male",20,"20-24","No",NA,"41-45 mph","O: No Injury","White","Female","Passenger Car","No","10DEC2012","Monday","Motorist Overtaking Bicyclist",16,"Non-Intersection","December","B: Evident Injury",60600,"Motorist Overtaking - Other / Unknown",2012,"Yes","No","Daylight","Straight - Level","State Secondary Route","Wet","Two-Way, Not Divided","None","No Special Feature","Smooth Asphalt",0,0,0,0,0,0,0,"2 lanes",2,0,NA,0,NA
886,2740,"Charlotte","Mecklenburg","Piedmont","Commercial","Urban (>70% Developed)",NA,"Urban","5 - 15 MPH","Stop Sign","Cloudy","No",25,"25-29","No",NA,"Facing Traffic","B: Evident Injury","Sidewalk / Crosswalk / Driveway Crossing","Black","Female",30,"30-39","No",NA,"0-5 mph","O: No Injury","Black","Female","Sport Utility","No","29DEC2012","Saturday","Motorist Failed to Yield - Midblock",16,"Non-Intersection","December","B: Evident Injury",57840,"Motorist Drive Out - Commercial Driveway / Alley",2012,"Yes","No","Daylight","Straight - Level","Local Street","Dry","Two-Way, Not Divided","None","No Special Feature","Smooth Asphalt",0,0,0,0,0,0,0,"2 lanes",2,0,NA,0,NA
887,2700,"None - Rural Crash","Buncombe","Mountains","Residential","Rural (<30% Developed)",NA,"Rural","50 - 55  MPH","Double Yellow Line, No Passing Zone","Clear","No",49,"40-49","No",NA,"With Traffic","C: Possible Injury","Travel Lane","White","Male",59,"50-59","No",NA,"51-55 mph","O: No Injury","White","Female","Passenger Car","No","04DEC2012","Tuesday","Motorist Overtaking Bicyclist",14,"Non-Intersection","December","C: Possible Injury",52560,"Motorist Overtaking - Other / Unknown",2012,"Yes","No","Daylight","Curve - Grade","State Secondary Route","Dry","Two-Way, Not Divided","None","No Special Feature","Smooth Asphalt",0,0,0,0,0,0,0,"2 lanes",2,0,NA,0,NA
888,2753,"Pineville","Mecklenburg","Piedmont","Commercial","Urban (>70% Developed)",NA,"Rural","30 - 35  MPH","Stop And Go Signal","Rain","No",19,"16-19","No",NA,"Facing Traffic","C: Possible Injury","Travel Lane","Black","Male",24,"20-24","No",NA,"0-5 mph","O: No Injury","White","Female","Passenger Car","No","20DEC2012","Thursday","Motorist Failed to Yield - Signalized Intersection",20,"Intersection","December","C: Possible Injury",72540,"Motorist Drive Out - Right Turn on Red",2012,"No","No","Dark - Lighted Roadway","Straight - Level","Local Street","Wet","Two-Way, Not Divided","None","Four-Way Intersection","Smooth Asphalt",0,0,0,0,0,0,0,"6 lanes",2,0,NA,0,NA
889,2712,"Charlotte","Mecklenburg","Piedmont","Residential","Urban (>70% Developed)",NA,"Urban","30 - 35  MPH","No Control Present","Clear","No",23,"20-24","Yes",NA,"With Traffic","C: Possible Injury","Travel Lane","Black","Male",NA,NA,"Missing",NA,"6-10 mph","Unknown Injury","Unknown/Missing",NA,NA,"Yes","14DEC2012","Friday","Bicyclist Left Turn / Merge",18,"Non-Intersection","December","C: Possible Injury",67980,"Bicyclist Left Turn - Same Direction",2012,"Yes","Yes","Dark - Lighted Roadway","Straight - Level","Local Street","Dry","Two-Way, Not Divided","None","No Special Feature","Smooth Asphalt",0,0,0,0,0,0,0,"2 lanes",2,0,NA,0,NA