"...1","object_id","city","county","region","development","locality","on_road","rural_urban","speed_limit","traffic_control","weather","workzone","bike_age","bike_age_group","bike_alcohol","bike_alcohol_drugs","bike_direction","bike_injury","bike_position","bike_race","bike_sex","driver_age","driver_age_group","driver_alcohol","driver_alcohol_drugs","driver_est_speed","driver_injury","driver_race","driver_sex","driver_vehicle_type","crash_alcohol","crash_date","crash_day","crash_group","crash_hour","crash_location","crash_month","crash_severity","crash_time","crash_type","crash_year","ambulance_req","hit_run","light_condition","road_character","road_class","road_condition","road_configuration","road_defects","road_feature","road_surface","num_bikes_ai","num_bikes_bi","num_bikes_ci","num_bikes_ki","num_bikes_no","num_bikes_to","num_bikes_ui","num_lanes","num_units","distance_mi_from","frm_road","rte_invd_cd","towrd_road"
890,2695,"Shelby","Cleveland","Mountains","Commercial","Mixed (30% To 70% Developed)",NA,"Urban","40 - 45  MPH","Stop And Go Signal","Clear","No",NA,NA,"No",NA,"With Traffic","Unknown Injury","Travel Lane","Unknown/Missing",NA,43,"40-49","No",NA,"6-10 mph","O: No Injury","White","Male","Sport Utility","No","16NOV2012","Friday","Motorist Left Turn / Merge",16,"Intersection","November","O: No Injury",57780,"Motorist Left Turn - Opposite Direction",2012,"No","No","Daylight","Straight - Level","US Route","Dry","Two-Way, Divided, Positive Median Barrier","None","Four-Way Intersection","Smooth Asphalt",0,0,0,0,0,0,0,"3 lanes",2,0,NA,0,NA
891,2758,"New Bern","Craven","Coastal","Commercial","Urban (>70% Developed)",NA,"Urban","30 - 35  MPH","Stop Sign","Clear","No",67,"60-69","No",NA,"Facing Traffic","C: Possible Injury","Travel Lane","Black","Male",NA,"70+","No",NA,"0-5 mph","O: No Injury","White","Female","Passenger Car","No","24MAY2012","Thursday","Motorist Failed to Yield - Sign-Controlled Intersection",12,"Intersection","May","C: Possible Injury",45840,"Motorist Drive Out - Sign-Controlled Intersection",2012,"No","No","Daylight","Straight - Level","Local Street","Dry","Two-Way, Not Divided","None","T-Intersection","Smooth Asphalt",0,0,0,0,0,0,0,"4 lanes",2,0,NA,0,NA
892,2756,"Rocky Mount","Nash","Coastal","Commercial","Urban (>70% Developed)",NA,"Urban","30 - 35  MPH","No Control Present","Clear","No",14,"11-15","No",NA,"Not Applicable","O: No Injury","Non-Roadway","Black","Male",62,"60-69","No",NA,"16-20 mph","O: No Injury","Black","Female","Passenger Car","No","27DEC2012","Thursday","Bicyclist Failed to Yield - Midblock",12,"Non-Intersection","December","O: No Injury",44820,"Bicyclist Ride Out - Commercial Driveway / Alley",2012,"No","No","Daylight","Straight - Level","Local Street","Dry","Two-Way, Not Divided","None","No Special Feature","Smooth Asphalt",0,0,0,0,0,0,0,"4 lanes",2,0,NA,0,NA
893,2656,"Greensboro","Guilford","Piedmont","Commercial","Urban (>70% Developed)",NA,"Urban","5 - 15 MPH","No Control Present","Clear","No",NA,NA,"Missing",NA,"Facing Traffic","Unknown Injury","Sidewalk / Crosswalk / Driveway Crossing","Unknown/Missing",NA,51,"50-59","No",NA,"0-5 mph","O: No Injury","Black","Male","Passenger Car","No","20JUN2012","Wednesday","Motorist Failed to Yield - Midblock",15,"Non-Intersection","June","O: No Injury",56760,"Motorist Drive Out - Commercial Driveway / Alley",2012,"Yes","Yes","Daylight","Straight - Level","Local Street","Dry","Two-Way, Not Divided","None","Driveway, Public","Coarse Asphalt",0,0,0,0,0,0,0,"3 lanes",2,0,NA,0,NA
894,2676,"Concord","Cabarrus","Piedmont","Residential","Urban (>70% Developed)",NA,"Urban","40 - 45  MPH","No Control Present","Clear","No",18,"16-19","No",NA,"With Traffic","C: Possible Injury","Travel Lane","Hispanic","Male",38,"30-39","No",NA,"41-45 mph","O: No Injury","White","Male","Single Unit Truck (2-Axle, 6-Tire)","No","12NOV2012","Monday","Motorist Overtaking Bicyclist",17,"Non-Intersection","November","C: Possible Injury",63600,"Motorist Overtaking - Undetected Bicyclist",2012,"Yes","No","Dark - Lighted Roadway","Straight - Level","Local Street","Dry","Two-Way, Divided, Unprotected Median","None","No Special Feature","Smooth Asphalt",0,0,0,0,0,0,0,"2 lanes",2,0,NA,0,NA
895,2687,"Asheville","Buncombe","Mountains","Commercial","Urban (>70% Developed)",NA,"Urban","40 - 45  MPH","Stop Sign","Clear","No",53,"50-59","No",NA,"Facing Traffic","B: Evident Injury","Sidewalk / Crosswalk / Driveway Crossing","White","Male",44,"40-49","No",NA,NA,"O: No Injury","White","Female","Passenger Car","No","10NOV2012","Saturday","Motorist Failed to Yield - Sign-Controlled Intersection",13,"Intersection","November","B: Evident Injury",47460,"Motorist Drive Out - Sign-Controlled Intersection",2012,"No","No","Daylight","Straight - Grade","US Route","Dry","Two-Way, Divided, Unprotected Median","None","T-Intersection","Smooth Asphalt",0,0,0,0,0,0,0,"4 lanes",2,0,NA,0,NA
896,2662,"Durham","Durham","Piedmont","Residential","Urban (>70% Developed)",NA,"Urban","30 - 35  MPH","Stop Sign","Clear","No",23,"20-24","No",NA,"With Traffic","B: Evident Injury","Travel Lane","Black","Male",48,"40-49","No",NA,"0-5 mph","O: No Injury","White","Male","Passenger Car","No","27NOV2012","Tuesday","Motorist Failed to Yield - Sign-Controlled Intersection",22,"Intersection","November","B: Evident Injury",81540,"Motorist Drive Out - Sign-Controlled Intersection",2012,"Yes","No","Dark - Roadway Not Lighted","Straight - Level","Local Street","Wet","Two-Way, Not Divided","None","No Special Feature","Smooth Asphalt",0,0,0,0,0,0,0,"2 lanes",2,0,NA,0,NA
897,2653,"Greenville","Pitt","Coastal","Residential","Mixed (30% To 70% Developed)",NA,"Urban","30 - 35  MPH","Stop Sign","Clear","No",18,"16-19","No",NA,"With Traffic","B: Evident Injury","Travel Lane","Black","Male",57,"50-59","No",NA,"11-15 mph","O: No Injury","Black","Female","Passenger Car","No","25NOV2012","Sunday","Bicyclist Failed to Yield - Sign-Controlled Intersection",14,"Intersection","November","B: Evident Injury",53580,"Bicyclist Ride Through - Sign-Controlled Intersection",2012,"Yes","No","Daylight","Straight - Level","Local Street","Dry","Two-Way, Not Divided","None","Four-Way Intersection","Coarse Asphalt",0,0,0,0,0,0,0,"2 lanes",2,0,NA,0,NA
898,2648,"Southern Pines","Moore","Piedmont","Residential","Urban (>70% Developed)",NA,"Urban","30 - 35  MPH","Stop Sign","Clear","No",60,"60-69","No",NA,"Facing Traffic","B: Evident Injury","Travel Lane","Black","Male",17,"0-19","No",NA,"31-35 mph","O: No Injury","White","Female","Passenger Car","No","03NOV2012","Saturday","Bicyclist Failed to Yield - Sign-Controlled Intersection",17,"Intersection","November","B: Evident Injury",62040,"Bicyclist Ride Through - Sign-Controlled Intersection",2012,"Yes","No","Daylight","Straight - Grade","Local Street","Dry","Two-Way, Not Divided","None","T-Intersection","Coarse Asphalt",0,0,0,0,0,0,0,"2 lanes",2,0,NA,0,NA
899,2692,"None - Rural Crash","Robeson","Coastal","Residential","Mixed (30% To 70% Developed)",NA,"Rural","50 - 55  MPH","No Control Present","Clear","No",NA,"70+","No",NA,"With Traffic","K: Killed","Travel Lane","Native American","Male",NA,"70+","No",NA,"51-55 mph","O: No Injury","White","Male","Pickup","No","29NOV2012","Thursday","Motorist Overtaking Bicyclist",17,"Non-Intersection","November","K: Killed",64260,"Motorist Overtaking - Bicyclist Swerved",2012,"Yes","No","Dark - Roadway Not Lighted","Straight - Level","State Secondary Route","Dry","Two-Way, Not Divided","None","No Special Feature","Coarse Asphalt",0,0,0,0,0,0,0,"2 lanes",2,0,NA,0,NA
900,2672,"None - Rural Crash","Gaston","Piedmont","Residential","Mixed (30% To 70% Developed)",NA,"Rural","40 - 45  MPH","Double Yellow Line, No Passing Zone","Clear","No",36,"30-39","No",NA,"With Traffic","C: Possible Injury","Travel Lane","White","Male",NA,"70+","No",NA,"36-40 mph","O: No Injury","White","Female","Passenger Car","No","21NOV2012","Wednesday","Motorist Overtaking Bicyclist",12,"Intersection","November","C: Possible Injury",45960,"Motorist Overtaking - Other / Unknown",2012,"No","No","Daylight","Straight - Level","NC Route","Dry","Two-Way, Not Divided","None","T-Intersection","Coarse Asphalt",0,0,0,0,0,0,0,"2 lanes",2,0,NA,0,NA
901,3761,"None - Rural Crash","Moore","Piedmont","Commercial","Urban (>70% Developed)",NA,"Rural",NA,"Stop Sign","Cloudy","No",48,"40-49","No",NA,"Facing Traffic","B: Evident Injury","Sidewalk / Crosswalk / Driveway Crossing","White","Male",57,"50-59","No",NA,"0-5 mph","O: No Injury","White","Male","Passenger Car","No","12MAR2010","Friday","Motorist Failed to Yield - Sign-Controlled Intersection",14,"Intersection","March","B: Evident Injury",51000,"Motorist Drive Out - Sign-Controlled Intersection",2010,"Yes","No","Daylight","Straight - Level","Public Vehicular Area","Dry","Two-Way, Not Divided","None","Driveway, Public","Coarse Asphalt",0,0,0,0,0,0,0,NA,2,0,NA,0,NA
902,3762,"Concord","Cabarrus","Piedmont","Commercial","Urban (>70% Developed)",NA,"Urban","50 - 55  MPH","No Control Present","Clear","No",35,"30-39","No",NA,"With Traffic","K: Killed","Travel Lane","White","Male",24,"20-24","No",NA,"51-55 mph","O: No Injury","White","Female","Passenger Car","No","17MAR2010","Wednesday","Motorist Overtaking Bicyclist",7,"Non-Intersection","March","K: Killed",27000,"Motorist Overtaking - Misjudged Space",2010,"Yes","No","Daylight","Straight - Level","NC Route","Dry","Two-Way, Divided, Positive Median Barrier","None","No Special Feature","Coarse Asphalt",0,0,0,0,0,0,0,"2 lanes",2,0,NA,0,NA
903,3765,"Raleigh","Wake","Piedmont","Commercial","Urban (>70% Developed)",NA,"Urban","30 - 35  MPH","Stop And Go Signal","Clear","No",NA,NA,"Missing",NA,"Facing Traffic","Unknown Injury","Sidewalk / Crosswalk / Driveway Crossing","Unknown/Missing",NA,63,"60-69","No",NA,"0-5 mph","O: No Injury","White","Male","Pickup","No","17MAR2010","Wednesday","Motorist Failed to Yield - Signalized Intersection",17,"Intersection","March","C: Possible Injury",63840,"Motorist Drive Out - Right Turn on Red",2010,"Yes","No","Daylight","Straight - Level","Local Street","Dry","Two-Way, Divided, Unprotected Median","None","Four-Way Intersection","Smooth Asphalt",0,0,0,0,0,0,0,"4 lanes",2,0,NA,0,NA
904,3779,"Boone","Watauga","Mountains","Institutional","Urban (>70% Developed)",NA,"Urban","20 - 25  MPH","No Control Present","Clear","No",23,"20-24","No",NA,"With Traffic","B: Evident Injury","Travel Lane","White","Male",52,"50-59","No",NA,"0-5 mph","O: No Injury","White","Male","Light Truck (Mini-Van, Panel)","No","31MAR2010","Wednesday","Motorist Left Turn / Merge",11,"Non-Intersection","March","B: Evident Injury",43080,"Motorist Left Turn - Opposite Direction",2010,"Yes","No","Daylight","Straight - Level","Local Street","Dry","Two-Way, Not Divided","None","No Special Feature","Smooth Asphalt",0,0,0,0,0,0,0,"4 lanes",2,0,NA,0,NA
905,3782,"Laurinburg","Scotland","Coastal","Residential","Urban (>70% Developed)",NA,"Urban","30 - 35  MPH","Stop And Go Signal","Clear","No",17,"16-19","No",NA,"Facing Traffic","C: Possible Injury","Travel Lane","Black","Male",23,"20-24","No",NA,"0-5 mph","C: Possible Injury","Native American","Female","Passenger Car","No","31MAR2010","Wednesday","Motorist Failed to Yield - Signalized Intersection",8,"Intersection","March","C: Possible Injury",30060,"Motorist Drive Through - Signalized Intersection",2010,"Yes","No","Dusk","Straight - Level","US Route","Dry","Two-Way, Not Divided","None","No Special Feature","Smooth Asphalt",0,0,0,0,0,0,0,"2 lanes",2,0,NA,0,NA
906,3785,"Charlotte","Mecklenburg","Piedmont","Commercial","Rural (<30% Developed)",NA,"Urban","30 - 35  MPH","Stop And Go Signal","Clear","No",15,"11-15","No",NA,"With Traffic","Unknown Injury","Travel Lane","Unknown/Missing",NA,47,"40-49","No",NA,"0-5 mph","O: No Injury","White","Male","Passenger Car","No","01APR2010","Thursday","Crossing Paths - Other Circumstances",14,"Intersection","April","O: No Injury",52080,"Crossing Paths - Intersection - Other / Unknown",2010,"No","No","Daylight","Straight - Level","Local Street","Dry","Two-Way, Divided, Positive Median Barrier","None","No Special Feature","Smooth Asphalt",0,0,0,0,0,0,0,"4 lanes",2,0,NA,0,NA
907,3787,"Hope Mills","Cumberland","Coastal","Residential","Mixed (30% To 70% Developed)",NA,"Urban","40 - 45  MPH","Double Yellow Line, No Passing Zone","Clear","No",6,"6-10","No",NA,"With Traffic","C: Possible Injury","Bike Lane / Paved Shoulder","Other","Female",52,"50-59","No",NA,"31-35 mph","C: Possible Injury","Black","Male","Van","No","11APR2010","Sunday","Bicyclist Left Turn / Merge",14,"Non-Intersection","April","C: Possible Injury",53820,"Bicyclist Left Turn - Same Direction",2010,"Yes","No","Daylight","Straight - Level","State Secondary Route","Dry","Two-Way, Not Divided","None","No Special Feature","Coarse Asphalt",0,0,0,0,0,0,0,"2 lanes",2,0,NA,0,NA
908,3798,"Sanford","Lee","Piedmont","Residential","Urban (>70% Developed)",NA,"Urban","30 - 35  MPH","Stop Sign","Clear","No",9,"6-10","No",NA,"With Traffic","B: Evident Injury","Travel Lane","Black","Male",65,"60-69","No",NA,"11-15 mph","O: No Injury","White","Female","Passenger Car","No","03APR2010","Saturday","Bicyclist Failed to Yield - Sign-Controlled Intersection",19,"Intersection","April","B: Evident Injury",70560,"Bicyclist Ride Out - Sign-Controlled Intersection",2010,"No","No","Daylight","Straight - Grade","Local Street","Dry","Two-Way, Not Divided","None","T-Intersection","Coarse Asphalt",0,0,0,0,0,0,0,"2 lanes",2,0,NA,0,NA
909,3801,"Wilson","Wilson","Coastal","Commercial","Urban (>70% Developed)",NA,"Urban","30 - 35  MPH","Stop Sign","Rain","No",37,"30-39","No",NA,"With Traffic","C: Possible Injury","Travel Lane","Black","Male",53,"50-59","No",NA,"31-35 mph","O: No Injury","White","Male","Sport Utility","No","09FEB2010","Tuesday","Motorist Failed to Yield - Sign-Controlled Intersection",14,"Intersection","February","C: Possible Injury",52200,"Motorist Drive Out - Sign-Controlled Intersection",2010,"No","No","Daylight","Straight - Level","Local Street","Wet","Two-Way, Not Divided","None","No Special Feature","Coarse Asphalt",0,0,0,0,0,0,0,"2 lanes",2,0,NA,0,NA
910,3811,"Durham","Durham","Piedmont","Commercial","Urban (>70% Developed)",NA,"Urban","20 - 25  MPH","No Control Present","Clear","No",10,"6-10","No",NA,"Not Applicable","C: Possible Injury","Non-Roadway","Black","Female",NA,NA,"Missing",NA,"0-5 mph","Unknown Injury","Unknown/Missing",NA,"Sport Utility","No","18APR2010","Sunday","Non-Roadway",16,"Non-Roadway","April","C: Possible Injury",61140,"Non-Roadway",2010,"Yes","Yes","Daylight","Straight - Level","Public Vehicular Area","Dry","Two-Way, Not Divided","None","No Special Feature","Smooth Asphalt",0,0,0,0,0,0,0,NA,2,0,NA,0,NA
911,3812,"Pembroke","Robeson","Coastal","Residential","Urban (>70% Developed)",NA,"Rural","20 - 25  MPH","No Control Present","Clear","No",20,"20-24","No",NA,"With Traffic","C: Possible Injury","Travel Lane","Native American","Male",NA,NA,"Missing",NA,"36-40 mph","Unknown Injury","Unknown/Missing",NA,NA,"No","18APR2010","Sunday","Head-On",11,"Non-Intersection","April","C: Possible Injury",42780,"Head-On - Motorist",2010,"Yes","Yes","Daylight","Straight - Level","Local Street","Dry","Two-Way, Not Divided","None","No Special Feature","Coarse Asphalt",0,0,0,0,0,0,0,"2 lanes",2,0,NA,0,NA
912,3825,"Concord","Cabarrus","Piedmont","Residential","Urban (>70% Developed)",NA,"Urban","30 - 35  MPH","Stop Sign","Clear","No",42,"40-49","Yes",NA,"With Traffic","B: Evident Injury","Travel Lane","Black","Male",29,"25-29","No",NA,"16-20 mph","O: No Injury","Unknown/Missing","Female","Passenger Car","Yes","11APR2010","Sunday","Motorist Failed to Yield - Sign-Controlled Intersection",17,"Intersection","April","B: Evident Injury",64260,"Motorist Drive Through - Sign-Controlled Intersection",2010,"Yes","No","Daylight","Straight - Hillcrest","Local Street","Dry","Two-Way, Not Divided","None","Four-Way Intersection","Smooth Asphalt",0,0,0,0,0,0,0,"4 lanes",2,0,NA,0,NA
913,3827,"Raleigh","Wake","Piedmont","Commercial","Urban (>70% Developed)",NA,"Urban","30 - 35  MPH","Stop And Go Signal","Clear","No",23,"20-24","No",NA,"With Traffic","C: Possible Injury","Travel Lane","White","Male",57,"50-59","No",NA,"11-15 mph","O: No Injury","White","Female","Passenger Car","No","30MAR2010","Tuesday","Loss of Control / Turning Error",8,"Intersection","March","C: Possible Injury",31140,"Bicyclist Lost Control - Surface Conditions",2010,"No","No","Daylight","Straight - Level","Local Street","Dry","Two-Way, Not Divided","None","No Special Feature","Smooth Asphalt",0,0,0,0,0,0,0,"5 lanes",2,0,NA,0,NA
914,3828,"Cary","Wake","Piedmont","Commercial","Urban (>70% Developed)",NA,"Urban","30 - 35  MPH","No Control Present","Cloudy","No",25,"25-29","No",NA,"With Traffic","B: Evident Injury","Travel Lane","White","Male",23,"20-24","No",NA,"11-15 mph","O: No Injury","White","Male","Passenger Car","No","20APR2010","Tuesday","Motorist Left Turn / Merge",21,"Intersection","April","B: Evident Injury",78000,"Motorist Left Turn - Opposite Direction",2010,"Yes","No","Dark - Roadway Not Lighted","Straight - Level","State Secondary Route","Dry","Two-Way, Not Divided","None","T-Intersection","Smooth Asphalt",0,0,0,0,0,0,0,"5 lanes",2,0,NA,0,NA
915,3830,"None - Rural Crash","Wayne","Coastal","Farms, Woods, Pastures","Rural (<30% Developed)",NA,"Rural","50 - 55  MPH","No Control Present","Clear","No",34,"30-39","No",NA,"With Traffic","A: Disabling Injury","Travel Lane","White","Female",32,"30-39","No",NA,"51-55 mph","O: No Injury","White","Male","Sport Utility","No","09APR2010","Friday","Motorist Overtaking Bicyclist",19,"Non-Intersection","April","A: Disabling Injury",70020,"Motorist Overtaking - Other / Unknown",2010,"Yes","No","Daylight","Straight - Level","State Secondary Route","Dry","Two-Way, Not Divided","None","No Special Feature","Coarse Asphalt",0,0,0,0,0,0,0,"2 lanes",2,0,NA,0,NA
916,3842,"None - Rural Crash","New Hanover","Coastal","Commercial","Urban (>70% Developed)",NA,"Rural","40 - 45  MPH","No Control Present","Clear","No",61,"60-69","No",NA,"Facing Traffic","C: Possible Injury","Travel Lane","White","Male",30,"30-39","No",NA,"0-5 mph","O: No Injury","White","Female","Passenger Car","No","26APR2010","Monday","Head-On",11,"Non-Intersection","April","C: Possible Injury",39600,"Head-On - Bicyclist",2010,"Yes","No","Daylight","Straight - Level","State Secondary Route","Dry","Two-Way, Not Divided","None","T-Intersection","Coarse Asphalt",0,0,0,0,0,0,0,"3 lanes",2,0,NA,0,NA
917,3857,"Kannapolis","Cabarrus","Piedmont","Residential","Urban (>70% Developed)",NA,"Urban","30 - 35  MPH","No Control Present","Clear","No",17,"16-19","No",NA,"With Traffic","B: Evident Injury","Travel Lane","Hispanic","Male",63,"60-69","No",NA,"16-20 mph","O: No Injury","White","Female","Passenger Car","No","24APR2010","Saturday","Bicyclist Failed to Yield - Sign-Controlled Intersection",12,"Intersection","April","B: Evident Injury",44700,"Bicyclist Ride Out - Sign-Controlled Intersection",2010,"Yes","No","Daylight","Straight - Bottom","Local Street","Dry","Two-Way, Not Divided","None","Four-Way Intersection","Smooth Asphalt",0,0,0,0,0,0,0,"2 lanes",2,0,NA,0,NA
918,3858,"Cary","Wake","Piedmont","Commercial","Urban (>70% Developed)",NA,"Urban","20 - 25  MPH","Stop Sign","Clear","No",5,"0-5","No",NA,"Facing Traffic","B: Evident Injury","Sidewalk / Crosswalk / Driveway Crossing","Other","Male",52,"50-59","No",NA,"6-10 mph","O: No Injury","White","Female","Sport Utility","No","01MAY2010","Saturday","Bicyclist Failed to Yield - Sign-Controlled Intersection",18,"Intersection","May","B: Evident Injury",66960,"Bicyclist Ride Out - Sign-Controlled Intersection",2010,"Yes","No","Daylight","Straight - Level","Public Vehicular Area","Dry","Two-Way, Not Divided","None","Driveway, Public","Smooth Asphalt",0,0,0,0,0,0,0,NA,2,0,NA,0,NA
919,3862,"Burlington","Alamance","Piedmont","Residential","Urban (>70% Developed)",NA,"Urban","30 - 35  MPH","Stop Sign","Clear","No",45,"40-49","No",NA,"Facing Traffic","B: Evident Injury","Travel Lane","Black","Male",50,"50-59","No",NA,NA,"O: No Injury","Black","Male","Van","No","23APR2010","Friday","Bicyclist Failed to Yield - Sign-Controlled Intersection",20,"Intersection","April","B: Evident Injury",75480,"Bicyclist Ride Out - Sign-Controlled Intersection",2010,"No","No","Dark - Lighted Roadway","Straight - Level","US Route","Dry","One-Way, Not Divided","None","Four-Way Intersection","Smooth Asphalt",0,0,0,0,0,0,0,"3 lanes",2,0,NA,0,NA
920,3863,"Charlotte","Mecklenburg","Piedmont","Residential","Urban (>70% Developed)",NA,"Urban","30 - 35  MPH","Stop And Go Signal","Clear","No",65,"60-69","No",NA,"With Traffic","B: Evident Injury","Travel Lane","White","Male",52,"50-59","No",NA,"21-25 mph","O: No Injury","White","Female","Passenger Car","No","25APR2010","Sunday","Motorist Right Turn / Merge",18,"Intersection","April","B: Evident Injury",66420,"Motorist Right Turn - Same Direction",2010,"Yes","No","Daylight","Straight - Level","Local Street","Dry","Two-Way, Divided, Unprotected Median","None","Four-Way Intersection","Smooth Asphalt",0,0,0,0,0,0,0,"3 lanes",2,0,NA,0,NA
921,3864,"Charlotte","Mecklenburg","Piedmont","Commercial","Mixed (30% To 70% Developed)",NA,"Urban","40 - 45  MPH","Stop Sign","Clear","No",37,"30-39","No",NA,"With Traffic","B: Evident Injury","Travel Lane","White","Male",NA,"70+","No",NA,"6-10 mph","O: No Injury","White","Male","Pickup","No","25APR2010","Sunday","Motorist Failed to Yield - Signalized Intersection",14,"Intersection","April","B: Evident Injury",53400,"Motorist Drive Out - Signalized Intersection",2010,"No","No","Daylight","Straight - Level","Local Street","Dry","Two-Way, Not Divided","None","T-Intersection","Smooth Asphalt",0,0,0,0,0,0,0,"2 lanes",2,0,NA,0,NA
922,3865,"None - Rural Crash","Catawba","Piedmont","Residential","Mixed (30% To 70% Developed)",NA,"Rural","40 - 45  MPH","Double Yellow Line, No Passing Zone","Clear","No",23,"20-24","No",NA,"With Traffic","B: Evident Injury","Travel Lane","White","Male",42,"40-49","No",NA,"16-20 mph","O: No Injury","White","Female","Passenger Car","No","04MAY2010","Tuesday","Motorist Overtaking Bicyclist",7,"Non-Intersection","May","B: Evident Injury",25740,"Motorist Overtaking - Bicyclist Swerved",2010,"No","No","Daylight","Straight - Level","State Secondary Route","Dry","Two-Way, Not Divided","None","No Special Feature","Smooth Asphalt",0,0,0,0,0,0,0,"2 lanes",2,0,NA,0,NA
923,3866,"Greensboro","Guilford","Piedmont","Commercial","Urban (>70% Developed)",NA,"Urban","30 - 35  MPH","Stop And Go Signal","Clear","No",18,"16-19","No",NA,"With Traffic","B: Evident Injury","Sidewalk / Crosswalk / Driveway Crossing","Black","Male",39,"30-39","No",NA,"26-30 mph","O: No Injury","Black","Female","Passenger Car","No","01APR2010","Thursday","Motorist Right Turn / Merge",14,"Intersection","April","B: Evident Injury",51840,"Motorist Right Turn - Same Direction",2010,"Yes","No","Daylight","Straight - Hillcrest","Local Street","Dry","One-Way, Not Divided","None","No Special Feature","Smooth Asphalt",0,0,0,0,0,0,0,"3 lanes",2,0,NA,0,NA
924,3867,"Asheville","Buncombe","Mountains","Residential","Urban (>70% Developed)",NA,"Urban","30 - 35  MPH","Stop Sign","Clear","No",23,"20-24","No",NA,"With Traffic","C: Possible Injury","Travel Lane","White","Male",64,"60-69","No",NA,"6-10 mph","O: No Injury","White","Female","Sport Utility","No","12APR2010","Monday","Motorist Failed to Yield - Sign-Controlled Intersection",18,"Intersection","April","C: Possible Injury",67680,"Motorist Drive Out - Sign-Controlled Intersection",2010,"No","No","Daylight","Straight - Bottom","Local Street","Dry","Two-Way, Not Divided","None","Four-Way Intersection","Smooth Asphalt",0,0,0,0,0,0,0,"2 lanes",2,0,NA,0,NA
925,3873,"Charlotte","Mecklenburg","Piedmont","Residential","Urban (>70% Developed)",NA,"Urban","40 - 45  MPH","Stop And Go Signal","Clear","No",23,"20-24","No",NA,NA,"B: Evident Injury","Sidewalk / Crosswalk / Driveway Crossing","White","Male",NA,"70+","No",NA,"6-10 mph","O: No Injury","White","Male","Passenger Car","No","29APR2010","Thursday","Motorist Failed to Yield - Signalized Intersection",9,"Intersection","April","B: Evident Injury",33900,"Motorist Drive Out - Right Turn on Red",2010,"No","No","Daylight","Straight - Grade","Local Street","Dry","Two-Way, Divided, Positive Median Barrier","None","Four-Way Intersection","Smooth Asphalt",0,0,0,0,0,0,0,"4 lanes",2,0,NA,0,NA
926,3878,"Kinston","Lenoir","Coastal","Residential","Urban (>70% Developed)",NA,"Urban","30 - 35  MPH","No Control Present","Clear","No",9,"6-10","No",NA,"Not Applicable","B: Evident Injury","Travel Lane","Black","Male",NA,"70+","No",NA,"31-35 mph","O: No Injury","White","Female","Van","No","07MAY2010","Friday","Bicyclist Failed to Yield - Midblock",17,"Non-Intersection","May","B: Evident Injury",64680,"Bicyclist Ride Out - Other Midblock",2010,"Yes","No","Daylight","Straight - Level","NC Route","Dry","Two-Way, Not Divided","None","No Special Feature","Smooth Asphalt",0,0,0,0,0,0,0,"4 lanes",2,0,NA,0,NA
927,3884,"Raleigh","Wake","Piedmont","Residential","Urban (>70% Developed)",NA,"Urban","30 - 35  MPH","Stop Sign","Clear","No",10,"6-10","No",NA,"With Traffic","C: Possible Injury","Travel Lane","Asian","Male",43,"40-49","No",NA,"26-30 mph","O: No Injury","Black","Male","Passenger Car","No","20APR2010","Tuesday","Bicyclist Failed to Yield - Sign-Controlled Intersection",17,"Intersection","April","C: Possible Injury",64620,"Bicyclist Ride Through - Sign-Controlled Intersection",2010,"Yes","No","Daylight","Straight - Hillcrest","Local Street","Dry","Two-Way, Divided, Unprotected Median","None","Four-Way Intersection","Coarse Asphalt",0,0,0,0,0,0,0,"2 lanes",2,0,NA,0,NA
928,3885,"Raleigh","Wake","Piedmont","Commercial","Urban (>70% Developed)",NA,"Urban","30 - 35  MPH","Stop Sign","Clear","No",22,"20-24","No",NA,"With Traffic","B: Evident Injury","Travel Lane","White","Male",NA,NA,"Missing",NA,"16-20 mph","Unknown Injury","Unknown/Missing",NA,NA,"No","06APR2010","Tuesday","Motorist Failed to Yield - Sign-Controlled Intersection",9,"Intersection","April","B: Evident Injury",34140,"Motorist Drive Through - Sign-Controlled Intersection",2010,"No","Yes","Daylight","Straight - Hillcrest","Local Street","Dry","Two-Way, Divided, Unprotected Median","None","T-Intersection","Coarse Asphalt",0,0,0,0,0,0,0,"4 lanes",2,0,NA,0,NA
929,3891,"Charlotte","Mecklenburg","Piedmont","Residential","Urban (>70% Developed)",NA,"Urban","30 - 35  MPH","Stop Sign","Clear","No",15,"11-15","No",NA,"Facing Traffic","B: Evident Injury","Bike Lane / Paved Shoulder","Black","Male",50,"50-59","No",NA,"0-5 mph","O: No Injury","Black","Female","Passenger Car","No","29APR2010","Thursday","Motorist Failed to Yield - Sign-Controlled Intersection",8,"Intersection","April","B: Evident Injury",30540,"Motorist Drive Out - Sign-Controlled Intersection",2010,"No","No","Daylight","Straight - Level","Local Street","Dry","Two-Way, Divided, Positive Median Barrier","None","Four-Way Intersection","Smooth Asphalt",0,0,0,0,0,0,0,"4 lanes",2,0,NA,0,NA
930,3895,"Cary","Wake","Piedmont","Commercial","Urban (>70% Developed)",NA,"Urban","40 - 45  MPH","Stop And Go Signal","Clear","No",NA,NA,"No",NA,NA,"Unknown Injury","Travel Lane","Unknown/Missing",NA,32,"30-39","No",NA,"0-5 mph","O: No Injury","White","Female","Passenger Car","No","12MAY2010","Wednesday","Bicyclist Failed to Yield - Signalized Intersection",15,"Intersection","May","O: No Injury",56040,"Bicyclist Ride Through - Signalized Intersection",2010,"No","No","Daylight","Straight - Level","State Secondary Route","Dry","Two-Way, Divided, Unprotected Median","None","Four-Way Intersection","Coarse Asphalt",0,0,0,0,0,0,0,"4 lanes",2,0,NA,0,NA