"...1","object_id","city","county","region","development","locality","on_road","rural_urban","speed_limit","traffic_control","weather","workzone","bike_age","bike_age_group","bike_alcohol","bike_alcohol_drugs","bike_direction","bike_injury","bike_position","bike_race","bike_sex","driver_age","driver_age_group","driver_alcohol","driver_alcohol_drugs","driver_est_speed","driver_injury","driver_race","driver_sex","driver_vehicle_type","crash_alcohol","crash_date","crash_day","crash_group","crash_hour","crash_location","crash_month","crash_severity","crash_time","crash_type","crash_year","ambulance_req","hit_run","light_condition","road_character","road_class","road_condition","road_configuration","road_defects","road_feature","road_surface","num_bikes_ai","num_bikes_bi","num_bikes_ci","num_bikes_ki","num_bikes_no","num_bikes_to","num_bikes_ui","num_lanes","num_units","distance_mi_from","frm_road","rte_invd_cd","towrd_road"
931,3903,"Charlotte","Mecklenburg","Piedmont","Residential","Urban (>70% Developed)",NA,"Urban","20 - 25  MPH","Stop Sign","Clear","No",43,"40-49","No",NA,"Facing Traffic","B: Evident Injury","Sidewalk / Crosswalk / Driveway Crossing","White","Male",19,"0-19","No",NA,"6-10 mph","O: No Injury","White","Male","Sport Utility","No","04MAY2010","Tuesday","Motorist Failed to Yield - Sign-Controlled Intersection",18,"Intersection","May","B: Evident Injury",66600,"Motorist Drive Through - Sign-Controlled Intersection",2010,"Yes","No","Daylight","Straight - Level","Local Street","Dry","Two-Way, Divided, Unprotected Median","None","No Special Feature","Smooth Asphalt",0,0,0,0,0,0,0,"4 lanes",2,0,NA,0,NA
932,3904,"Davidson","Mecklenburg","Piedmont","Residential","Urban (>70% Developed)",NA,"Urban","30 - 35  MPH","Double Yellow Line, No Passing Zone","Clear","No",20,"20-24","No",NA,"With Traffic","C: Possible Injury","Travel Lane","White","Male",39,"30-39","No",NA,"21-25 mph","O: No Injury","White","Female","Light Truck (Mini-Van, Panel)","No","06MAY2010","Thursday","Motorist Overtaking Bicyclist",13,"Non-Intersection","May","C: Possible Injury",50220,"Motorist Overtaking - Bicyclist Swerved",2010,"Yes","No","Daylight","Curve - Level","Local Street","Dry","Two-Way, Divided, Unprotected Median","None","No Special Feature","Smooth Asphalt",0,0,0,0,0,0,0,"2 lanes",2,0,NA,0,NA
933,3907,"Winston-Salem","Forsyth","Piedmont","Residential","Urban (>70% Developed)",NA,"Urban","30 - 35  MPH","No Control Present","Clear","No",8,"6-10","No",NA,"With Traffic","B: Evident Injury","Travel Lane","Black","Male",25,"25-29","No",NA,"21-25 mph","O: No Injury","Black","Male","Passenger Car","No","02MAY2010","Sunday","Loss of Control / Turning Error",19,"Intersection","May","B: Evident Injury",69360,"Bicyclist Lost Control - Mechanical Problems",2010,"Yes","No","Daylight","Straight - Level","Local Street","Dry","Two-Way, Divided, Unprotected Median","None","No Special Feature","Smooth Asphalt",0,0,0,0,0,0,0,"2 lanes",2,0,NA,0,NA
934,3918,"Chapel Hill","Orange","Piedmont","Commercial","Urban (>70% Developed)",NA,"Urban","30 - 35  MPH","Stop And Go Signal","Clear","No",22,"20-24","No",NA,"Facing Traffic","B: Evident Injury","Sidewalk / Crosswalk / Driveway Crossing","White","Male",54,"50-59","No",NA,"6-10 mph","O: No Injury","White","Female","Passenger Car","No","06MAY2010","Thursday","Motorist Failed to Yield - Signalized Intersection",16,"Intersection","May","B: Evident Injury",58980,"Motorist Drive Out - Signalized Intersection",2010,"No","No","Daylight","Straight - Level","NC Route","Dry","Two-Way, Divided, Unprotected Median","None","Four-Way Intersection","Smooth Asphalt",0,0,0,0,0,0,0,"6 lanes",2,0,NA,0,NA
935,3920,"Greensboro","Guilford","Piedmont","Commercial","Urban (>70% Developed)",NA,"Urban","5 - 15 MPH","No Control Present","Clear","No",40,"40-49","No",NA,"Facing Traffic","B: Evident Injury","Sidewalk / Crosswalk / Driveway Crossing","White","Male",25,"25-29","No",NA,"0-5 mph","O: No Injury","White","Female","Passenger Car","No","07MAY2010","Friday","Motorist Failed to Yield - Midblock",22,"Non-Intersection","May","B: Evident Injury",79980,"Motorist Drive Out - Commercial Driveway / Alley",2010,"No","No","Dark - Lighted Roadway","Straight - Level","Public Vehicular Area","Dry","One-Way, Not Divided","None","Driveway, Public","Smooth Asphalt",0,0,0,0,0,0,0,NA,2,0,NA,0,NA
936,3940,"Whiteville","Columbus","Coastal","Residential","Urban (>70% Developed)",NA,"Urban","30 - 35  MPH","Stop Sign","Clear","No",16,"16-19","No",NA,"With Traffic","B: Evident Injury","Travel Lane","Black","Male",41,"40-49","No",NA,"11-15 mph","O: No Injury","Black","Male","Passenger Car","No","13MAY2010","Thursday","Bicyclist Failed to Yield - Sign-Controlled Intersection",16,"Intersection","May","B: Evident Injury",59160,"Bicyclist Ride Through - Sign-Controlled Intersection",2010,"Yes","No","Daylight","Straight - Grade","Local Street","Dry","Two-Way, Not Divided","None","Four-Way Intersection","Smooth Asphalt",0,0,0,0,0,0,0,"8 lanes",3,0,NA,0,NA
937,3946,"Charlotte","Mecklenburg","Piedmont","Commercial","Urban (>70% Developed)",NA,"Urban",NA,"No Control Present","Clear","No",31,"30-39","No",NA,"With Traffic","C: Possible Injury","Travel Lane","White","Male",NA,NA,"Missing",NA,NA,"Unknown Injury","Unknown/Missing",NA,NA,"No","14MAY2010","Friday","Motorist Overtaking Bicyclist",16,"Non-Intersection","May","C: Possible Injury",58560,"Motorist Overtaking - Misjudged Space",2010,"Yes","No","Daylight","Straight - Level","Local Street","Dry","Two-Way, Divided, Unprotected Median","None","No Special Feature","Smooth Asphalt",0,0,0,0,0,0,0,"4 lanes",2,0,NA,0,NA
938,3963,"Durham","Durham","Piedmont","Commercial","Urban (>70% Developed)",NA,"Urban","20 - 25  MPH","No Control Present","Cloudy","No",54,"50-59","No",NA,"Facing Traffic","B: Evident Injury","Travel Lane","Hispanic","Male",35,"30-39","No",NA,"0-5 mph","O: No Injury","Black","Female","Passenger Car","No","25MAY2010","Tuesday","Crossing Paths - Other Circumstances",14,"Non-Intersection","May","B: Evident Injury",53400,"Crossing Paths - Midblock - Other / Unknown",2010,"Yes","No","Daylight","Straight - Level","Local Street","Dry","Two-Way, Not Divided","None","Driveway, Public","Smooth Asphalt",0,0,0,0,0,0,0,"4 lanes",2,0,NA,0,NA
939,3964,"None - Rural Crash","Gaston","Piedmont","Farms, Woods, Pastures","Rural (<30% Developed)",NA,"Rural","50 - 55  MPH","Double Yellow Line, No Passing Zone","Clear","No",31,"30-39","No",NA,"Not Applicable","C: Possible Injury","Non-Roadway","White","Male",57,"50-59","No",NA,"46-50 mph","O: No Injury","White","Female","Sport Utility","No","05JUN2010","Saturday","Bicyclist Failed to Yield - Midblock",9,"Non-Intersection","June","C: Possible Injury",33540,"Bicyclist Ride Out - Other Midblock",2010,"No","No","Daylight","Straight - Level","NC Route","Dry","Two-Way, Not Divided","None","Driveway, Public","Smooth Asphalt",0,0,0,0,0,0,0,"2 lanes",2,0,NA,0,NA
940,3965,"None - Rural Crash","Randolph","Piedmont","Farms, Woods, Pastures","Rural (<30% Developed)",NA,"Rural","50 - 55  MPH","Double Yellow Line, No Passing Zone","Clear","No",NA,"70+","No",NA,"With Traffic","B: Evident Injury","Travel Lane","White","Male",33,"30-39","No",NA,"31-35 mph","O: No Injury","White","Female","Passenger Car","No","04JUN2010","Friday","Bicyclist Failed to Yield - Sign-Controlled Intersection",10,"Intersection","June","B: Evident Injury",36840,"Bicyclist Ride Out - Sign-Controlled Intersection",2010,"Yes","No","Daylight","Straight - Level","State Secondary Route","Dry","Two-Way, Not Divided","None","T-Intersection","Smooth Asphalt",0,0,0,0,0,0,0,"2 lanes",2,0,NA,0,NA
941,3967,"Raleigh","Wake","Piedmont","Residential","Mixed (30% To 70% Developed)",NA,"Urban","40 - 45  MPH","Stop Sign","Clear","No",11,"11-15","No",NA,"Facing Traffic","B: Evident Injury","Travel Lane","Black","Male",20,"20-24","No",NA,"31-35 mph","O: No Injury","Black","Female","Passenger Car","No","25APR2010","Sunday","Bicyclist Failed to Yield - Sign-Controlled Intersection",18,"Intersection","April","B: Evident Injury",67740,"Bicyclist Ride Out - Sign-Controlled Intersection",2010,"Yes","No","Daylight","Straight - Level","Local Street","Dry","Two-Way, Divided, Unprotected Median","None","Four-Way Intersection","Smooth Asphalt",0,0,0,0,0,0,0,"2 lanes",2,0,NA,0,NA
942,3968,"None - Rural Crash","Forsyth","Piedmont","Farms, Woods, Pastures","Rural (<30% Developed)",NA,"Rural","40 - 45  MPH","Double Yellow Line, No Passing Zone","Clear","No",16,"16-19","No",NA,"With Traffic","C: Possible Injury","Travel Lane","Black","Male",30,"30-39","No",NA,"46-50 mph","O: No Injury","Black","Male","Passenger Car","No","04JUN2010","Friday","Motorist Overtaking Bicyclist",18,"Non-Intersection","June","C: Possible Injury",66600,"Motorist Overtaking - Bicyclist Swerved",2010,"Yes","No","Daylight","Curve - Level","State Secondary Route","Dry","Two-Way, Not Divided","None","No Special Feature","Coarse Asphalt",0,0,0,0,0,0,0,"2 lanes",2,0,NA,0,NA
943,3971,"Raleigh","Wake","Piedmont","Residential","Urban (>70% Developed)",NA,"Urban","20 - 25  MPH","No Control Present","Clear","No",12,"11-15","No",NA,"Not Applicable","C: Possible Injury","Driveway / Alley","White","Female",31,"30-39","No",NA,"16-20 mph","O: No Injury","White","Male","Passenger Car","No","04MAY2010","Tuesday","Bicyclist Failed to Yield - Midblock",19,"Non-Intersection","May","C: Possible Injury",69420,"Bicyclist Ride Out - Commercial Driveway / Alley",2010,"No","No","Daylight","Straight - Level","Local Street","Dry","Two-Way, Not Divided","None","No Special Feature","Smooth Asphalt",0,0,0,0,0,0,0,"2 lanes",2,0,NA,0,NA
944,3980,"Gastonia","Gaston","Piedmont","Residential","Urban (>70% Developed)",NA,"Urban","30 - 35  MPH","Stop Sign","Rain","No",41,"40-49","No",NA,NA,"C: Possible Injury","Travel Lane","White","Male",NA,NA,"Missing",NA,"6-10 mph","Unknown Injury","Unknown/Missing",NA,NA,"No","24MAY2010","Monday","Other / Unknown - Insufficient Details",21,"Intersection-Related","May","C: Possible Injury",75960,"Unknown Approach Paths",2010,"No","Yes","Dark - Lighted Roadway","Straight - Level","NC Route","Wet","Two-Way, Not Divided","None","T-Intersection","Smooth Asphalt",0,0,0,0,0,0,0,"2 lanes",2,0,NA,0,NA
945,3981,"Elizabeth City","Pasquotank","Coastal","Commercial","Urban (>70% Developed)",NA,"Urban","30 - 35  MPH","No Control Present","Clear","No",53,"50-59","No",NA,NA,"C: Possible Injury","Travel Lane","Black","Female",45,"40-49","No",NA,"0-5 mph","O: No Injury","White","Male","Passenger Car","No","20MAY2010","Thursday","Crossing Paths - Other Circumstances",11,"Non-Intersection","May","C: Possible Injury",40800,"Crossing Paths - Midblock - Other / Unknown",2010,"No","No","Daylight","Straight - Level","Local Street","Dry","Two-Way, Not Divided","None","Driveway, Private","Smooth Asphalt",0,0,0,0,0,0,0,"5 lanes",2,0,NA,0,NA
946,3988,"None - Rural Crash","Onslow","Coastal","Farms, Woods, Pastures","Rural (<30% Developed)",NA,"Rural","40 - 45  MPH","No Control Present","Rain","No",27,"25-29","No",NA,"Facing Traffic","C: Possible Injury","Travel Lane","White","Male",21,"20-24","No",NA,"41-45 mph","O: No Injury","White","Male","Pickup","No","13JUN2010","Sunday","Head-On",22,"Non-Intersection","June","C: Possible Injury",80160,"Head-On - Bicyclist",2010,"No","No","Dark - Roadway Not Lighted","Straight - Level","State Secondary Route","Wet","Two-Way, Not Divided","None","T-Intersection","Smooth Asphalt",0,0,0,0,0,0,0,"2 lanes",2,0,NA,0,NA
947,3989,"None - Rural Crash","Cumberland","Coastal","Residential","Rural (<30% Developed)",NA,"Rural","40 - 45  MPH","Double Yellow Line, No Passing Zone","Clear","No",NA,NA,"No",NA,"With Traffic","Unknown Injury","Travel Lane","Unknown/Missing",NA,38,"30-39","No",NA,"41-45 mph","O: No Injury","White","Male","Truck/Trailer","No","28MAY2010","Friday","Motorist Overtaking Bicyclist",3,"Non-Intersection","May","O: No Injury",14160,"Motorist Overtaking - Undetected Bicyclist",2010,"No","No","Dark - Roadway Not Lighted","Straight - Level","State Secondary Route","Dry","Two-Way, Not Divided","None","No Special Feature","Smooth Asphalt",0,0,0,0,0,0,0,"2 lanes",2,0,NA,0,NA
948,3992,"Wilmington","New Hanover","Coastal","Commercial","Urban (>70% Developed)",NA,"Urban","40 - 45  MPH","Stop And Go Signal","Cloudy","No",38,"30-39","No",NA,"With Traffic","A: Disabling Injury","Travel Lane","White","Male",18,"0-19","No",NA,"41-45 mph","O: No Injury","White","Male","Passenger Car","No","26MAY2010","Wednesday","Crossing Paths - Other Circumstances",22,"Intersection","May","A: Disabling Injury",80640,"Signalized Intersection - Other / Unknown",2010,"Yes","No","Dark - Lighted Roadway","Straight - Level","Local Street","Wet","Two-Way, Divided, Positive Median Barrier","None","No Special Feature","Smooth Asphalt",0,0,0,0,0,0,0,"7 lanes",2,0,NA,0,NA
949,3994,"None - Rural Crash","Cherokee","Mountains","Farms, Woods, Pastures","Rural (<30% Developed)",NA,"Rural","60 - 75 MPH","No Control Present","Clear","No",50,"50-59","No",NA,"With Traffic","B: Evident Injury","Travel Lane","White","Female",NA,"70+","No",NA,"46-50 mph","O: No Injury","White","Female","Pickup","No","05JUN2010","Saturday","Motorist Overtaking Bicyclist",9,"Non-Intersection","June","B: Evident Injury",34260,"Motorist Overtaking - Misjudged Space",2010,"Yes","No","Daylight","Straight - Hillcrest","US Route","Dry","Two-Way, Divided, Unprotected Median","None","No Special Feature","Smooth Asphalt",0,0,0,0,0,0,0,"4 lanes",2,0,NA,0,NA
950,1003,"Kannapolis","Cabarrus","Piedmont","Residential","Urban (>70% Developed)","CENTER GROVE RD","Urban","30 - 35  MPH","Stop Sign","Clear","No",45,"40-49","No",NA,"With Traffic","C: Possible Injury","Travel Lane","White","Male",31,"30-39","No",NA,"0-5 mph","O: No Injury","Hispanic","Female","Van","No","28MAR2013","Thursday","Motorist Failed to Yield - Sign-Controlled Intersection",10,"Intersection","March","C: Possible Injury",36900,"Motorist Drive Out - Sign-Controlled Intersection",2013,"Yes","No","Daylight","Straight - Hillcrest","Local Street","Dry","Two-Way, Not Divided","None","Related To Intersection","Smooth Asphalt",0,0,0,0,0,0,0,"2 lanes",2,0,NA,0,NA
951,1004,"Hickory","Catawba","Piedmont","Residential","Urban (>70% Developed)","SOUTH CENTER ST","Urban","20 - 25  MPH","Stop Sign","Cloudy","No",7,"6-10","No",NA,"Facing Traffic","O: No Injury","Sidewalk / Crosswalk / Driveway Crossing","Black","Male",25,"25-29","No",NA,"0-5 mph","O: No Injury","White","Female","Sport Utility","No","31MAR2013","Sunday","Motorist Failed to Yield - Sign-Controlled Intersection",16,"Intersection","March","O: No Injury",59220,"Motorist Drive Out - Sign-Controlled Intersection",2013,"Yes","No","Daylight","Straight - Level","Local Street","Dry","Two-Way, Not Divided","None","T-Intersection","Coarse Asphalt",0,0,0,0,0,0,0,"2 lanes",2,0,NA,0,NA
952,1006,"None - Rural Crash","Nash","Coastal","Farms, Woods, Pastures","Rural (<30% Developed)","SR 1915","Rural","50 - 55  MPH","Double Yellow Line, No Passing Zone","Clear","No",12,"11-15","No",NA,"With Traffic","A: Disabling Injury","Bike Lane / Paved Shoulder","Black","Male",36,"30-39","No",NA,"41-45 mph","O: No Injury","White","Male","Pickup","No","12APR2013","Friday","Motorist Overtaking Bicyclist",19,"Non-Intersection","April","A: Disabling Injury",69660,"Motorist Overtaking - Bicyclist Swerved",2013,"Yes","No","Daylight","Straight - Grade","State Secondary Route","Dry","Two-Way, Not Divided","None","No Special Feature","Coarse Asphalt",0,0,0,0,0,0,0,"2 lanes",2,0,NA,0,NA
953,1011,"Wilmington","New Hanover","Coastal","Commercial","Urban (>70% Developed)","MARKET ST","Urban","30 - 35  MPH","No Control Present","Clear","No",26,"25-29","Yes",NA,"Facing Traffic","C: Possible Injury","Sidewalk / Crosswalk / Driveway Crossing","Black","Male",54,"50-59","No",NA,"0-5 mph","O: No Injury","White","Male","Passenger Car","Yes","28MAR2013","Thursday","Loss of Control / Turning Error",15,"Non-Intersection","March","C: Possible Injury",57180,"Bicyclist Lost Control - Mechanical Problems",2013,"Yes","No","Daylight","Straight - Level","Local Street","Dry","One-Way, Not Divided","None","Other","Smooth Asphalt",0,0,0,0,0,0,0,"5 lanes",2,0,NA,0,NA
954,1015,"Hickory","Catawba","Piedmont","Residential","Urban (>70% Developed)","PVA 1910 20TH AVE DR NE","Urban",NA,"No Control Present","Clear","No",12,"11-15","No",NA,"Not Applicable","C: Possible Injury","Non-Roadway","Black","Male",24,"20-24","No",NA,"11-15 mph","O: No Injury","White","Female","Passenger Car","No","06APR2013","Saturday","Non-Roadway",13,"Non-Roadway","April","C: Possible Injury",50160,"Non-Roadway",2013,"Yes","No","Daylight","Straight - Level","Public Vehicular Area","Dry","Two-Way, Divided, Unprotected Median","None","No Special Feature","Smooth Asphalt",0,0,0,0,0,0,0,NA,2,0,NA,0,NA
955,1022,"Jacksonville","Onslow","Coastal","Commercial","Urban (>70% Developed)","GUM BRANCH RD","Urban","40 - 45  MPH","No Control Present","Clear","No",20,"20-24","No",NA,"Facing Traffic","B: Evident Injury","Sidewalk / Crosswalk / Driveway Crossing","White","Male",25,"25-29","No",NA,"0-5 mph","O: No Injury","White","Female","Sport Utility","No","14JAN2013","Monday","Crossing Paths - Other Circumstances",17,"Intersection-Related","January","B: Evident Injury",63120,"Crossing Paths - Intersection - Other / Unknown",2013,"Yes","No","Dawn","Straight - Level","Local Street","Dry","Two-Way, Divided, Unprotected Median","None","Driveway, Public","Smooth Asphalt",0,0,0,0,0,0,0,"5 lanes",2,0,NA,0,NA
956,1034,"Fayetteville","Cumberland","Coastal","Residential","Urban (>70% Developed)","RIM RD","Urban","40 - 45  MPH","No Control Present","Clear","No",50,"50-59","No",NA,"With Traffic","C: Possible Injury","Travel Lane","Black","Male",NA,NA,"Missing",NA,"41-45 mph","Unknown Injury","Unknown/Missing",NA,NA,"No","06APR2013","Saturday","Motorist Overtaking Bicyclist",2,"Non-Intersection","April","C: Possible Injury",8520,"Motorist Overtaking - Other / Unknown",2013,"No","Yes","Dark - Lighted Roadway","Straight - Level","Local Street","Dry","Two-Way, Divided, Unprotected Median","None","No Special Feature","Coarse Asphalt",0,0,0,0,0,0,0,"2 lanes",2,0,NA,0,NA
957,1042,"Fairview","Union","Piedmont","Farms, Woods, Pastures","Rural (<30% Developed)","SR 1004","Rural","40 - 45  MPH","Stop Sign","Clear","No",19,"16-19","No",NA,"With Traffic","B: Evident Injury","Travel Lane","Hispanic","Male",49,"40-49","No",NA,"41-45 mph","O: No Injury","White","Male","Sport Utility","No","26APR2013","Friday","Bicyclist Failed to Yield - Sign-Controlled Intersection",18,"Intersection","April","B: Evident Injury",65400,"Bicyclist Ride Through - Sign-Controlled Intersection",2013,"Yes","No","Daylight","Straight - Level","State Secondary Route","Dry","Two-Way, Not Divided","None","Four-Way Intersection","Smooth Asphalt",0,0,0,0,0,0,0,"2 lanes",2,0,NA,0,NA
958,1056,"Charlotte","Mecklenburg","Piedmont","Residential","Urban (>70% Developed)","SPLIT OAK DR","Urban","30 - 35  MPH","No Control Present","Cloudy","No",14,"11-15","No",NA,"With Traffic","C: Possible Injury","Travel Lane","White","Male",41,"40-49","No",NA,"6-10 mph","O: No Injury","Hispanic","Female","Sport Utility","No","01MAY2013","Wednesday","Bicyclist Failed to Yield - Sign-Controlled Intersection",17,"Intersection","May","C: Possible Injury",61260,"Bicyclist Ride Through - Sign-Controlled Intersection",2013,"Yes","No","Daylight","Straight - Level","Local Street","Dry","Two-Way, Not Divided","None","No Special Feature","Coarse Asphalt",0,0,0,0,0,0,0,"2 lanes",2,0,NA,0,NA
959,1061,"Greenville","Pitt","Coastal","Residential","Urban (>70% Developed)","ROOSEVELT AV","Urban","20 - 25  MPH","No Control Present","Clear","No",32,"30-39","No",NA,"With Traffic","C: Possible Injury","Travel Lane","Black","Male",46,"40-49","No",NA,"0-5 mph","O: No Injury","White","Male","Pickup","No","26APR2013","Friday","Backing Vehicle",14,"Non-Intersection","April","C: Possible Injury",52440,"Backing Vehicle",2013,"Yes","No","Daylight","Straight - Level","Local Street","Dry","Two-Way, Not Divided","None","No Special Feature","Coarse Asphalt",0,0,0,0,0,0,0,"2 lanes",2,0,NA,0,NA
960,1069,"Gastonia","Gaston","Piedmont","Residential","Urban (>70% Developed)","PVA 2634 TERRA DR","Urban","30 - 35  MPH","No Control Present","Clear","No",5,"0-5","No",NA,NA,"B: Evident Injury",NA,"Black","Male",41,"40-49","No",NA,"26-30 mph","O: No Injury","White","Female","Passenger Car","No","26APR2013","Friday","Other/Unknown - Insufficient Details",18,"Non-Intersection","April","B: Evident Injury",66720,"Unknown Approach Paths",2013,"Yes","No","Daylight","Straight - Level","Local Street","Dry","Two-Way, Not Divided","None","No Special Feature","Coarse Asphalt",0,0,0,0,0,0,0,"2 lanes",2,0,NA,0,NA
961,1071,"Fayetteville","Cumberland","Coastal","Residential","Urban (>70% Developed)","MURCHISON RD","Urban","30 - 35  MPH","Stop And Go Signal","Clear","No",40,"40-49","No",NA,"Facing Traffic","C: Possible Injury","Sidewalk / Crosswalk / Driveway Crossing","Black","Male",39,"30-39","No",NA,"11-15 mph","O: No Injury","Black","Male","Passenger Car","No","24APR2013","Wednesday","Motorist Failed to Yield - Signalized Intersection",13,"Intersection","April","C: Possible Injury",46860,"Motorist Drive Out - Right Turn on Red",2013,"Yes","No","Daylight","Straight - Level","Local Street","Dry","Two-Way, Divided, Unprotected Median","None","T-Intersection","Coarse Asphalt",0,0,0,0,0,0,0,"4 lanes",2,0,NA,0,NA
962,1072,"Raleigh","Wake","Piedmont","Commercial","Urban (>70% Developed)","SIX FORKS RD","Urban",NA,"No Control Present","Clear","No",27,"25-29","No",NA,"With Traffic","B: Evident Injury","Travel Lane","White","Male",61,"60-69","No",NA,NA,"O: No Injury","White","Male","Pickup","No","04MAY2013","Saturday","Motorist Overtaking Bicyclist",12,"Non-Intersection","May","B: Evident Injury",46200,"Motorist Overtaking - Other / Unknown",2013,"No","No","Daylight","Straight - Level","Local Street","Dry","Two-Way, Not Divided","None","No Special Feature","Coarse Asphalt",0,0,0,0,0,0,0,"4 lanes",2,0,NA,0,NA
963,1078,"Hendersonville","Henderson","Mountains","Residential","Urban (>70% Developed)","ASHE ST","Urban","20 - 25  MPH","Stop Sign","Clear","No",34,"30-39","No",NA,"Facing Traffic","O: No Injury","Travel Lane","Black","Male",NA,NA,"Missing",NA,"6-10 mph","Unknown Injury","Unknown/Missing",NA,"Sport Utility","No","09APR2013","Tuesday","Motorist Failed to Yield - Sign-Controlled Intersection",17,"Intersection","April","O: No Injury",63240,"Motorist Drive Out - Sign-Controlled Intersection",2013,"No","Yes","Daylight","Straight - Level","Local Street","Dry","Two-Way, Not Divided","None","T-Intersection","Coarse Asphalt",0,0,0,0,0,0,0,"2 lanes",2,0,NA,0,NA
964,1080,"Raleigh","Wake","Piedmont","Commercial","Urban (>70% Developed)","HILLSBOROUGH ST","Urban","20 - 25  MPH","Yield Sign","Clear","No",26,"25-29","No",NA,"With Traffic","O: No Injury","Travel Lane","White","Male",NA,NA,"Missing",NA,"11-15 mph","Unknown Injury","Unknown/Missing",NA,NA,"No","30APR2013","Tuesday","Motorist Failed to Yield - Sign-Controlled Intersection",10,"Intersection","April","O: No Injury",38100,"Motorist Drive Out - Sign-Controlled Intersection",2013,"Yes","Yes","Daylight","Straight - Level","Local Street","Dry",NA,"None","No Special Feature","Smooth Asphalt",0,0,0,0,0,0,0,"4 lanes",2,0,NA,0,NA
965,1087,"Asheville","Buncombe","Mountains","Commercial","Urban (>70% Developed)","NC 191","Urban","30 - 35  MPH","No Control Present","Clear","No",55,"50-59","No",NA,"With Traffic","C: Possible Injury","Travel Lane","White","Female",NA,NA,"Missing",NA,"31-35 mph","Unknown Injury","Unknown/Missing",NA,NA,"No","23APR2013","Tuesday","Motorist Overtaking Bicyclist",10,"Non-Intersection","April","C: Possible Injury",36780,"Motorist Overtaking - Misjudged Space",2013,"No","Yes","Daylight","Straight - Grade","NC Route","Dry","Two-Way, Not Divided","None","No Special Feature","Coarse Asphalt",0,0,0,0,0,0,0,"4 lanes",2,0,NA,0,NA
966,1093,"Greensboro","Guilford","Piedmont","Institutional","Urban (>70% Developed)","WALKER AVE","Urban","20 - 25  MPH","No Control Present","Clear","No",21,"20-24","No",NA,"With Traffic","B: Evident Injury","Travel Lane","White","Male",22,"20-24","No",NA,NA,"O: No Injury","Black","Male","Passenger Car","No","24APR2013","Wednesday","Motorist Failed to Yield - Sign-Controlled Intersection",9,"Intersection-Related","April","B: Evident Injury",35160,"Motorist Drive Through - Sign-Controlled Intersection",2013,"No","Yes","Daylight","Straight - Hillcrest","Local Street",NA,"Two-Way, Not Divided","None","No Special Feature","Smooth Asphalt",0,0,0,0,0,0,0,NA,2,0,NA,0,NA
967,1096,"Raleigh","Wake","Piedmont","Commercial","Urban (>70% Developed)","HILLSBOROUGH ST","Urban","30 - 35  MPH","No Control Present","Clear","No",45,"40-49","No",NA,"With Traffic","B: Evident Injury","Travel Lane","White","Male",31,"30-39","No",NA,"0-5 mph","O: No Injury","White","Female","Passenger Car","No","09MAY2013","Thursday","Motorist Left Turn / Merge",13,"Non-Intersection","May","B: Evident Injury",48900,"Motorist Left Turn - Opposite Direction",2013,"Yes","No","Daylight","Straight - Level","Public Vehicular Area","Dry","Two-Way, Not Divided","None","Other","Smooth Asphalt",0,0,0,0,0,0,0,NA,2,0,NA,0,NA
968,1100,"Atlantic Beach","Carteret","Coastal","Residential","Urban (>70% Developed)","LEE DR","Rural","20 - 25  MPH","No Control Present","Clear","No",5,"0-5","No",NA,"Not Applicable","B: Evident Injury","Driveway / Alley","White","Male",58,"50-59","No",NA,"6-10 mph","O: No Injury","White","Male","Sport Utility","No","05MAY2013","Sunday","Bicyclist Failed to Yield - Midblock",12,"Non-Intersection","May","B: Evident Injury",45780,"Bicyclist Ride Out - Residential Driveway",2013,"Yes","No","Daylight","Straight - Hillcrest","Local Street","Dry","Two-Way, Not Divided","None","Driveway, Private","Smooth Asphalt",0,0,0,0,0,0,0,"2 lanes",2,0,NA,0,NA
969,1107,"Greenville","Pitt","Coastal","Institutional","Urban (>70% Developed)","FACULTY WAY","Urban","5 - 15 MPH","Stop Sign","Clear","No",22,"20-24","No",NA,"With Traffic","O: No Injury","Travel Lane","White","Male",18,"0-19","No",NA,"6-10 mph","O: No Injury","White","Female","Passenger Car","No","03MAY2013","Friday","Bicyclist Left Turn / Merge",15,"Non-Intersection","May","O: No Injury",56100,"Bicyclist Left Turn - Opposite Direction",2013,"No","No","Daylight","Straight - Level","Local Street","Dry","Two-Way, Divided, Unprotected Median","None","No Special Feature","Smooth Asphalt",0,0,0,0,0,0,0,"2 lanes",2,0,NA,0,NA
970,1112,"Raleigh","Wake","Piedmont","Residential","Urban (>70% Developed)","GLASCOCK ST","Urban","20 - 25  MPH","Stop And Go Signal","Rain","No",36,"30-39","No",NA,"Facing Traffic","O: No Injury","Sidewalk / Crosswalk / Driveway Crossing","Black","Male",50,"50-59","No",NA,"0-5 mph","O: No Injury","Black","Male","Activity Bus","No","20MAY2013","Monday","Crossing Paths - Other Circumstances",18,"Intersection","May","O: No Injury",66540,"Crossing Paths - Intersection - Other / Unknown",2013,"Yes","No","Daylight","Straight - Level","Local Street","Wet","Two-Way, Not Divided","None","No Special Feature","Smooth Asphalt",0,0,0,0,0,0,0,"3 lanes",2,0,NA,0,NA