"...1","object_id","city","county","region","development","locality","on_road","rural_urban","speed_limit","traffic_control","weather","workzone","bike_age","bike_age_group","bike_alcohol","bike_alcohol_drugs","bike_direction","bike_injury","bike_position","bike_race","bike_sex","driver_age","driver_age_group","driver_alcohol","driver_alcohol_drugs","driver_est_speed","driver_injury","driver_race","driver_sex","driver_vehicle_type","crash_alcohol","crash_date","crash_day","crash_group","crash_hour","crash_location","crash_month","crash_severity","crash_time","crash_type","crash_year","ambulance_req","hit_run","light_condition","road_character","road_class","road_condition","road_configuration","road_defects","road_feature","road_surface","num_bikes_ai","num_bikes_bi","num_bikes_ci","num_bikes_ki","num_bikes_no","num_bikes_to","num_bikes_ui","num_lanes","num_units","distance_mi_from","frm_road","rte_invd_cd","towrd_road"
971,1115,"Fayetteville","Cumberland","Coastal","Commercial","Urban (>70% Developed)","SANTE FE DR","Urban","40 - 45  MPH","Stop And Go Signal","Clear","No",24,"20-24","No",NA,"Facing Traffic","O: No Injury","Travel Lane","White","Male",29,"25-29","No",NA,"6-10 mph","O: No Injury","Black","Male","Passenger Car","No","08MAY2013","Wednesday","Bicyclist Failed to Yield - Signalized Intersection",16,"Intersection","May","O: No Injury",60180,"Bicyclist Ride Out - Signalized  Intersection",2013,"No","Yes","Daylight","Straight - Level","Local Street","Dry","Two-Way, Not Divided","None","No Special Feature","Coarse Asphalt",0,0,0,0,0,0,0,"5 lanes",2,0,NA,0,NA
972,1123,"Carolina Shores","Brunswick","Coastal","Residential","Urban (>70% Developed)","PVA SAND DOLLAR DR","Rural","50 - 55  MPH","No Control Present","Clear","No",NA,"70+","No",NA,"With Traffic","B: Evident Injury","Travel Lane","White","Male",31,"30-39","No",NA,"0-5 mph","O: No Injury","White","Male","Pickup","No","25MAY2013","Saturday","Motorist Overtaking Bicyclist",17,"Non-Intersection","May","B: Evident Injury",63000,"Motorist Overtaking - Other / Unknown",2013,"Yes","No","Daylight","Straight - Level","Public Vehicular Area","Dry","Two-Way, Not Divided","None","No Special Feature","Coarse Asphalt",0,0,0,0,0,0,0,NA,2,0,NA,0,NA
973,1124,"None - Rural Crash","Cleveland","Mountains","Commercial","Urban (>70% Developed)","GRAHAM ST","Rural","20 - 25  MPH","Stop And Go Signal","Clear","No",24,"20-24","No",NA,"Facing Traffic","C: Possible Injury","Sidewalk / Crosswalk / Driveway Crossing","Black","Male",60,"60-69","No",NA,"0-5 mph","O: No Injury","White","Female","Pickup","No","09MAY2013","Thursday","Bicyclist Failed to Yield - Signalized Intersection",14,"Intersection","May","C: Possible Injury",53340,"Bicyclist Failed to Clear - Trapped",2013,"Yes","No","Daylight","Straight - Level","Local Street","Dry","Two-Way, Not Divided","None","No Special Feature","Smooth Asphalt",0,0,0,0,0,0,0,"5 lanes",2,0,NA,0,NA
974,1126,"Greensboro","Guilford","Piedmont","Residential","Urban (>70% Developed)","KAY ST","Urban","20 - 25  MPH","Stop Sign","Clear","No",5,"0-5","No",NA,"With Traffic","C: Possible Injury","Travel Lane","Black","Male",36,"30-39","No",NA,"21-25 mph","O: No Injury","White","Male","Pickup","No","21MAY2013","Tuesday","Bicyclist Failed to Yield - Sign-Controlled Intersection",17,"Intersection","May","C: Possible Injury",64140,"Bicyclist Ride Through - Sign-Controlled Intersection",2013,"Yes","No","Daylight","Straight - Level","Local Street","Dry","Two-Way, Not Divided","None","Related To Intersection","Coarse Asphalt",0,0,0,0,0,0,0,"2 lanes",2,0,NA,0,NA
975,1136,"Charlotte","Mecklenburg","Piedmont","Residential","Rural (<30% Developed)","PP 6319 AMOS SMITH RD","Urban","20 - 25  MPH","No Control Present","Clear","No",31,"30-39","No",NA,"With Traffic","Unknown Injury","Travel Lane","White","Male",16,"0-19","No",NA,"0-5 mph","Unknown Injury","White","Male","Passenger Car","No","19MAY2013","Sunday","Backing Vehicle",15,"Non-Intersection","May","Unknown Injury",57120,"Backing Vehicle",2013,"No","No","Daylight","Straight - Level","Private Road, Driveway","Dry","Two-Way, Not Divided","None","Driveway, Private","Smooth Asphalt",0,0,0,0,0,0,0,"2 lanes",2,0,NA,0,NA
976,1138,"Durham","Durham","Piedmont","Commercial","Urban (>70% Developed)","CORNWALLIS RD","Urban","30 - 35  MPH","No Control Present","Clear","No",35,"30-39","No",NA,"With Traffic","C: Possible Injury","Travel Lane","White","Male",68,"60-69","No",NA,"31-35 mph","O: No Injury","White","Male","Pickup","No","30MAY2013","Thursday","Motorist Overtaking Bicyclist",8,"Non-Intersection","May","C: Possible Injury",29580,"Motorist Overtaking - Undetected Bicyclist",2013,"No","No","Daylight","Straight - Level","Local Street","Dry","Two-Way, Not Divided","None","No Special Feature","Smooth Asphalt",0,0,0,0,0,0,0,"2 lanes",2,0,NA,0,NA
977,1141,"Oak Island","Brunswick","Coastal","Commercial","Urban (>70% Developed)","PVA 5002 E OAK ISLAND DR","Urban","5 - 15 MPH","Other","Cloudy","No",7,"6-10","No",NA,"Not Applicable","B: Evident Injury","Non-Roadway","White","Male",48,"40-49","No",NA,"0-5 mph","O: No Injury","White","Female","Passenger Car","No","28APR2013","Sunday","Non-Roadway",12,"Non-Roadway","April","B: Evident Injury",43260,"Non-Roadway",2013,"No","No","Daylight","Straight - Level","Public Vehicular Area","Dry","One-Way, Not Divided","None","Driveway, Public","Smooth Asphalt",0,0,0,0,0,0,0,NA,2,0,NA,0,NA
978,1143,"Greensboro","Guilford","Piedmont","Commercial","Urban (>70% Developed)","PLEASANT GARDEN RD","Urban","30 - 35  MPH","No Control Present","Clear","No",31,"30-39","No",NA,"With Traffic","B: Evident Injury","Travel Lane","White","Male",NA,"70+","No",NA,"21-25 mph","O: No Injury","White","Female","Passenger Car","No","09MAY2013","Thursday","Bicyclist Left Turn / Merge",15,"Intersection","May","B: Evident Injury",54240,"Bicyclist Left Turn - Same Direction",2013,"Yes","No","Daylight","Straight - Level","Local Street","Dry","Two-Way, Not Divided","None","T-Intersection","Coarse Asphalt",0,0,0,0,0,0,0,"2 lanes",2,0,NA,0,NA
979,1152,"None - Rural Crash","Orange","Piedmont","Farms, Woods, Pastures","Rural (<30% Developed)","NC 57","Rural","50 - 55  MPH","Other","Clear","No",58,"50-59","No",NA,"With Traffic","A: Disabling Injury","Travel Lane","White","Male",NA,"70+","No",NA,"41-45 mph","O: No Injury","White","Female","Van","No","02JUN2013","Sunday","Motorist Overtaking Bicyclist",11,"Non-Intersection","June","A: Disabling Injury",40140,"Motorist Overtaking - Other / Unknown",2013,"Yes","No","Daylight","Straight - Level","NC Route","Dry","Two-Way, Divided, Unprotected Median","None","No Special Feature","Smooth Asphalt",0,0,0,0,0,0,0,"2 lanes",2,0,NA,0,NA
980,1155,"Durham","Durham","Piedmont","Residential","Urban (>70% Developed)","CAMPUS WALK AVE","Urban","20 - 25  MPH","No Control Present","Cloudy","No",26,"25-29","No",NA,"With Traffic","C: Possible Injury","Travel Lane","White","Male",27,"25-29","No",NA,"6-10 mph","O: No Injury","White","Female","Passenger Car","No","05JUN2013","Wednesday","Motorist Left Turn / Merge",17,"Non-Intersection","June","C: Possible Injury",64260,"Motorist Left Turn - Opposite Direction",2013,"No","No","Daylight","Straight - Grade","Local Street","Dry","Two-Way, Not Divided","None","No Special Feature","Smooth Asphalt",0,0,0,0,0,0,0,"2 lanes",2,0,NA,0,NA
981,1162,"Leland","Brunswick","Coastal","Commercial","Rural (<30% Developed)","OLD FAYETTEVILLE RD","Rural","40 - 45  MPH","Stop Sign","Clear","No",NA,"70+","No",NA,"With Traffic","K: Killed","Travel Lane","White","Male",20,"20-24","No",NA,"26-30 mph","O: No Injury","White","Female","Passenger Car","No","23MAY2013","Thursday","Motorist Failed to Yield - Sign-Controlled Intersection",18,"Intersection","May","K: Killed",68160,"Motorist Drive Out - Sign-Controlled Intersection",2013,"Yes","No","Daylight","Curve - Level","Local Street","Dry","Two-Way, Not Divided","None","Four-Way Intersection","Coarse Asphalt",0,0,0,0,0,0,0,"4 lanes",2,0,NA,0,NA
982,1170,"Charlotte","Mecklenburg","Piedmont","Residential","Urban (>70% Developed)","QUEENS ROAD WEST","Urban","30 - 35  MPH","No Control Present","Clear","No",50,"50-59","No",NA,"With Traffic","B: Evident Injury","Travel Lane","White","Male",NA,NA,"Missing",NA,NA,"Unknown Injury","Unknown/Missing",NA,"Passenger Car","No","01JUN2013","Saturday","Bicyclist Overtaking Motorist",8,"Non-Intersection","June","B: Evident Injury",29880,"Bicyclist Overtaking - Parked Vehicle",2013,"Yes","No","Daylight","Straight - Level","Local Street","Dry","Two-Way, Divided, Unprotected Median","None","No Special Feature","Smooth Asphalt",0,0,0,0,0,0,0,"4 lanes",2,0,NA,0,NA
983,1181,"None - Rural Crash","Lenoir","Coastal","Farms, Woods, Pastures","Rural (<30% Developed)","SR 2021","Rural","30 - 35  MPH","Double Yellow Line, No Passing Zone","Cloudy","No",47,"40-49","No",NA,"With Traffic","C: Possible Injury","Travel Lane","White","Male",41,"40-49","No",NA,"26-30 mph","O: No Injury","White","Female","Passenger Car","No","19JUN2013","Wednesday","Bicyclist Left Turn / Merge",14,"Intersection","June","C: Possible Injury",53760,"Bicyclist Left Turn - Same Direction",2013,"Yes","No","Daylight","Straight - Level","State Secondary Route","Dry","Two-Way, Not Divided","None","T-Intersection","Coarse Asphalt",0,0,0,0,0,0,0,"2 lanes",2,0,NA,0,NA
984,1186,"Raleigh","Wake","Piedmont","Commercial","Urban (>70% Developed)","S SALISBURY ST","Urban","30 - 35  MPH","Stop And Go Signal","Clear","No",26,"25-29","No",NA,"Facing Traffic","C: Possible Injury","Travel Lane","White","Female",NA,NA,"Missing",NA,"11-15 mph","Unknown Injury","Unknown/Missing",NA,NA,"No","20JUN2013","Thursday","Crossing Paths - Other Circumstances",3,"Intersection","June","C: Possible Injury",12540,"Signalized Intersection - Other / Unknown",2013,"No","Yes","Dark - Lighted Roadway","Straight - Level","Local Street","Dry","One-Way, Not Divided","None","No Special Feature","Smooth Asphalt",0,0,0,0,0,0,0,"3 lanes",2,0,NA,0,NA
985,1188,"Wilmington","New Hanover","Coastal","Residential","Urban (>70% Developed)","WRIGHTSVILLE AVE","Urban","20 - 25  MPH","Stop Sign","Clear","No",46,"40-49","No",NA,"Facing Traffic","B: Evident Injury","Sidewalk / Crosswalk / Driveway Crossing","White","Male",44,"40-49","No",NA,"0-5 mph","O: No Injury","White","Male","Sport Utility","No","16MAY2013","Thursday","Motorist Failed to Yield - Sign-Controlled Intersection",8,"Intersection","May","B: Evident Injury",28800,"Motorist Drive Out - Sign-Controlled Intersection",2013,"Yes","No","Daylight","Straight - Level","Local Street","Dry","Two-Way, Divided, Unprotected Median","None","Related To Intersection","Smooth Asphalt",0,0,0,0,0,0,0,"4 lanes",2,0,NA,0,NA
986,1194,"Asheville","Buncombe","Mountains","Residential","Urban (>70% Developed)","COLUMBINE RD","Urban","20 - 25  MPH","Stop Sign","Clear","No",13,"11-15","No",NA,"With Traffic","B: Evident Injury","Travel Lane","White","Male",46,"40-49","No",NA,NA,"O: No Injury","Unknown/Missing","Female","Passenger Car","No","26MAY2013","Sunday","Loss of Control / Turning Error",18,"Intersection","May","B: Evident Injury",66060,"Bicyclist Turning Error - Right Turn",2013,"No","No","Daylight","Straight - Level","Local Street","Dry","Two-Way, Not Divided","None","No Special Feature","Coarse Asphalt",0,0,0,0,0,0,0,"2 lanes",2,0,NA,0,NA
987,1200,"Charlotte","Mecklenburg","Piedmont","Commercial","Urban (>70% Developed)","GENERAL COMMERCE DRIVE","Urban","20 - 25  MPH","No Control Present","Clear","No",40,"40-49","Missing",NA,"With Traffic","O: No Injury","Travel Lane","Hispanic","Male",48,"40-49","No",NA,"21-25 mph","C: Possible Injury","Black","Female","Sport Utility","No","11JUN2013","Tuesday","Head-On",18,"Intersection-Related","June","B: Evident Injury",66600,"Head-On - Motorist",2013,"Yes","No","Daylight","Straight - Level","Local Street","Dry","Two-Way, Not Divided","Other","T-Intersection","Smooth Asphalt",0,0,0,0,0,0,0,"2 lanes",3,0,NA,0,NA
988,1262,"None - Rural Crash","Edgecombe","Coastal","Farms, Woods, Pastures","Rural (<30% Developed)","SR 1004","Rural","50 - 55  MPH","No Control Present","Clear","No",15,"11-15","No",NA,"Facing Traffic","B: Evident Injury","Travel Lane","White","Male",23,"20-24","No",NA,"41-45 mph","O: No Injury","White","Female","Passenger Car","No","16JUL2013","Tuesday","Bicyclist Right Turn / Merge",19,"Non-Intersection","July","B: Evident Injury",68700,"Bicyclist Right Turn - Same Direction",2013,"Yes","No","Daylight","Straight - Level","State Secondary Route","Dry","Two-Way, Not Divided","None","No Special Feature","Smooth Asphalt",0,0,0,0,0,0,0,"2 lanes",2,0,NA,0,NA
989,1332,"Washington","Beaufort","Coastal","Residential","Urban (>70% Developed)","E 15TH ST","Urban","30 - 35  MPH","Stop Sign","Clear","No",66,"60-69","No",NA,"Facing Traffic","C: Possible Injury","Travel Lane","Black","Male",20,"20-24","No",NA,"6-10 mph","O: No Injury","White","Female","Passenger Car","No","24JUL2013","Wednesday","Loss of Control / Turning Error",9,"Intersection","July","C: Possible Injury",32400,"Motorist Turning Error - Other",2013,"Yes","No","Daylight","Straight - Level","Local Street","Dry","Two-Way, Not Divided","None","Four-Way Intersection","Coarse Asphalt",0,0,0,0,0,0,0,"4 lanes",2,0,NA,0,NA
990,1373,"Fayetteville","Cumberland","Coastal","Commercial","Urban (>70% Developed)","SKIBO RD","Urban","40 - 45  MPH","Stop Sign","Clear","No",10,"6-10","No",NA,"Facing Traffic","C: Possible Injury","Sidewalk / Crosswalk / Driveway Crossing","Black","Female",22,"20-24","No",NA,"6-10 mph","O: No Injury","White","Male","Passenger Car","No","28JUL2013","Sunday","Motorist Failed to Yield - Sign-Controlled Intersection",11,"Intersection","July","C: Possible Injury",39840,"Motorist Drive Out - Sign-Controlled Intersection",2013,"Yes","No","Daylight","Straight - Level","Local Street","Dry","Two-Way, Divided, Positive Median Barrier","None","No Special Feature","Coarse Asphalt",0,0,0,0,0,0,0,"6 lanes",2,0,NA,0,NA
991,1394,"Durham","Durham","Piedmont","Commercial","Urban (>70% Developed)","WESTERN BYPASS","Urban","30 - 35  MPH","No Control Present","Clear","No",24,"20-24","No",NA,"With Traffic","B: Evident Injury","Travel Lane","Asian","Female",66,"60-69","No",NA,"31-35 mph","O: No Injury","White","Male","Passenger Car","No","26AUG2013","Monday","Motorist Overtaking Bicyclist",14,"Non-Intersection","August","B: Evident Injury",53340,"Motorist Overtaking - Other / Unknown",2013,"Yes","No","Daylight","Straight - Grade","Local Street","Dry","Two-Way, Not Divided","None","No Special Feature","Coarse Asphalt",0,0,0,0,0,0,0,"2 lanes",2,0,NA,0,NA
992,1396,"None - Rural Crash","Brunswick","Coastal","Farms, Woods, Pastures","Rural (<30% Developed)","NC 87","Rural","50 - 55  MPH","No Control Present","Clear","No",31,"30-39","No",NA,"With Traffic","O: No Injury","Bike Lane / Paved Shoulder","White","Female",48,"40-49","No",NA,"51-55 mph","O: No Injury","Black","Male","Passenger Car","No","28AUG2013","Wednesday","Motorist Overtaking Bicyclist",7,"Non-Intersection","August","O: No Injury",28500,"Motorist Overtaking - Other / Unknown",2013,"No","No","Daylight","Straight - Level","NC Route","Dry","Two-Way, Not Divided","None","No Special Feature","Coarse Asphalt",0,0,0,0,0,0,0,"2 lanes",2,0,NA,0,NA
993,1397,"None - Rural Crash","Alamance","Piedmont","Farms, Woods, Pastures","Rural (<30% Developed)","SR 1735","Rural","40 - 45  MPH","No Control Present","Clear","No",25,"25-29","No",NA,"With Traffic","C: Possible Injury","Travel Lane","White","Male",NA,NA,"No",NA,"41-45 mph","Unknown Injury","Unknown/Missing",NA,"Passenger Car","No","26AUG2013","Monday","Motorist Overtaking Bicyclist",22,"Non-Intersection","August","C: Possible Injury",82080,"Motorist Overtaking - Undetected Bicyclist",2013,"Yes","Yes","Dark - Roadway Not Lighted","Straight - Level","State Secondary Route","Dry","Two-Way, Not Divided","None","No Special Feature","Smooth Asphalt",0,0,0,0,0,0,0,"2 lanes",2,0,NA,0,NA
994,1410,"Gastonia","Gaston","Piedmont","Residential","Urban (>70% Developed)","N PRYOR ST","Urban","30 - 35  MPH","Stop Sign","Cloudy","No",14,"11-15","No",NA,"With Traffic","C: Possible Injury","Travel Lane","Black","Male",24,"20-24","No",NA,"26-30 mph","O: No Injury","Black","Female","Passenger Car","No","07AUG2013","Wednesday","Bicyclist Failed to Yield - Sign-Controlled Intersection",16,"Intersection","August","C: Possible Injury",57660,"Bicyclist Ride Through - Sign-Controlled Intersection",2013,"Yes","No","Daylight","Straight - Grade","Local Street","Dry","Two-Way, Not Divided","None","Four-Way Intersection","Smooth Asphalt",0,0,0,0,0,0,0,"2 lanes",2,0,NA,0,NA
995,1419,"None - Rural Crash","Onslow","Coastal","Residential","Rural (<30% Developed)","NC 53","Rural","40 - 45  MPH","No Control Present","Clear","No",22,"20-24","Yes",NA,"With Traffic","B: Evident Injury","Travel Lane","Hispanic","Male",34,"30-39","No",NA,"41-45 mph","O: No Injury","White","Female","Van","Yes","04SEP2013","Wednesday","Motorist Overtaking Bicyclist",21,"Non-Intersection","September","B: Evident Injury",78420,"Motorist Overtaking - Misjudged Space",2013,"Yes","No","Dark - Roadway Not Lighted","Straight - Level","NC Route","Dry","Two-Way, Not Divided","None","No Special Feature","Smooth Asphalt",0,0,0,0,0,0,0,"2 lanes",2,0,NA,0,NA
996,1424,"Durham","Durham","Piedmont","Commercial","Urban (>70% Developed)","PVA 401 E LAKEWOOD AVE","Urban","5 - 15 MPH","No Control Present","Clear","No",30,"30-39","Yes",NA,"Not Applicable","C: Possible Injury","Non-Roadway","Black","Male",40,"40-49","No",NA,"0-5 mph","O: No Injury","Hispanic","Female","Passenger Car","Yes","08SEP2013","Sunday","Non-Roadway",18,"Non-Roadway","September","C: Possible Injury",65460,"Non-Roadway",2013,"Yes","No","Daylight","Straight - Level","Public Vehicular Area","Dry","Two-Way, Not Divided","None","No Special Feature","Coarse Asphalt",0,0,0,0,0,0,0,NA,2,0,NA,0,NA
997,1429,"Jacksonville","Onslow","Coastal","Residential","Urban (>70% Developed)","US 17","Urban","40 - 45  MPH","No Control Present","Cloudy","No",20,"20-24","No",NA,"With Traffic","C: Possible Injury","Travel Lane","White","Female",66,"60-69","No",NA,"41-45 mph","O: No Injury","Unknown/Missing",NA,"Passenger Car","No","16AUG2013","Friday","Motorist Overtaking Bicyclist",17,"Non-Intersection","August","C: Possible Injury",64380,"Motorist Overtaking - Misjudged Space",2013,"Yes","No","Daylight","Curve - Level","US Route","Dry","Two-Way, Not Divided","None","No Special Feature","Smooth Asphalt",0,0,0,0,0,0,0,"6 lanes",2,0,NA,0,NA
998,1432,"Smithfield","Johnston","Coastal","Commercial","Urban (>70% Developed)","PVA 1230 NORTH BRIGHTLEAF","Urban","5 - 15 MPH","No Control Present","Rain","No",33,"30-39","No",NA,"Not Applicable","O: No Injury","Non-Roadway","Black","Female",NA,NA,"Missing",NA,"0-5 mph","Unknown Injury","Unknown/Missing",NA,"Pickup","No","17AUG2013","Saturday","Non-Roadway",17,"Non-Roadway","August","O: No Injury",63000,"Non-Roadway",2013,"No","No","Daylight","Straight - Level","Public Vehicular Area","Wet","Two-Way, Not Divided","None","No Special Feature","Smooth Asphalt",0,0,0,0,0,0,0,"2 lanes",2,0,NA,0,NA
999,1448,"None - Rural Crash","Durham","Piedmont","Residential","Rural (<30% Developed)","SR 1453","Rural","40 - 45  MPH","Double Yellow Line, No Passing Zone","Clear","No",52,"50-59","No",NA,"With Traffic","B: Evident Injury","Travel Lane","White","Female",47,"40-49","No",NA,"41-45 mph","O: No Injury","White","Male","Pickup","No","08SEP2013","Sunday","Loss of Control / Turning Error",10,"Non-Intersection","September","B: Evident Injury",37260,"Motorist Lost Control - Mechanical Problems",2013,"Yes","No","Daylight","Straight - Grade","State Secondary Route","Dry","Two-Way, Not Divided","None","No Special Feature","Smooth Asphalt",0,0,0,0,0,0,0,"2 lanes",2,0,NA,0,NA
1000,1467,"Wilmington","New Hanover","Coastal","Residential","Urban (>70% Developed)","MACMILLAN AVE","Urban","30 - 35  MPH","No Control Present","Clear","No",21,"20-24","No",NA,"Facing Traffic","B: Evident Injury","Bike Lane / Paved Shoulder","White","Male",62,"60-69","No",NA,"6-10 mph","O: No Injury","White","Male","Pickup","No","26AUG2013","Monday","Motorist Left Turn / Merge",11,"Intersection","August","B: Evident Injury",40020,"Motorist Left Turn - Same Direction",2013,"Yes","No","Daylight","Straight - Level","Local Street","Dry","One-Way, Not Divided","None","No Special Feature","Coarse Asphalt",0,0,0,0,0,0,0,"2 lanes",2,0,NA,0,NA
1001,4296,"Wilmington","New Hanover","Coastal","Residential","Urban (>70% Developed)",NA,"Urban","20 - 25  MPH","Stop Sign","Clear","No",30,"30-39","No",NA,"Facing Traffic","C: Possible Injury","Bike Lane / Paved Shoulder","White","Male",56,"50-59","No",NA,"0-5 mph","O: No Injury","White","Male","Pickup","No","24AUG2010","Tuesday","Motorist Failed to Yield - Sign-Controlled Intersection",6,"Intersection","August","C: Possible Injury",25020,"Motorist Drive Out - Sign-Controlled Intersection",2010,"Yes","No","Daylight","Straight - Level","US Route","Dry","Two-Way, Divided, Unprotected Median","None","No Special Feature","Smooth Asphalt",0,0,0,0,0,0,0,"6 lanes",2,0,NA,0,NA
1002,4303,"Raleigh","Wake","Piedmont","Institutional","Urban (>70% Developed)",NA,"Urban","20 - 25  MPH","Stop Sign","Clear","No",18,"16-19","No",NA,"Facing Traffic","A: Disabling Injury","Sidewalk / Crosswalk / Driveway Crossing","White","Female",NA,NA,"Missing",NA,"0-5 mph","Unknown Injury","Unknown/Missing",NA,NA,"No","31AUG2010","Tuesday","Motorist Failed to Yield - Sign-Controlled Intersection",22,"Intersection","August","A: Disabling Injury",79620,"Motorist Drive Out - Sign-Controlled Intersection",2010,"No","Yes","Daylight","Straight - Grade","Local Street","Dry","Two-Way, Not Divided","None","Driveway, Public","Smooth Asphalt",0,0,0,0,0,0,0,"2 lanes",2,0,NA,0,NA
1003,4307,"None - Rural Crash","Pamlico","Coastal","Farms, Woods, Pastures","Rural (<30% Developed)",NA,"Rural","50 - 55  MPH","No Control Present","Clear","No",62,"60-69","No",NA,"With Traffic","C: Possible Injury","Travel Lane","Black","Male",58,"50-59","No",NA,"36-40 mph","O: No Injury","Black","Female","Van","No","09SEP2010","Thursday","Motorist Overtaking Bicyclist",7,"Non-Intersection","September","C: Possible Injury",27240,"Motorist Overtaking - Misjudged Space",2010,"Yes","No","Dawn","Straight - Level","State Secondary Route","Dry","Two-Way, Not Divided","None","No Special Feature","Smooth Asphalt",0,0,0,0,0,0,0,"2 lanes",2,0,NA,0,NA
1004,4310,"Thomasville","Davidson","Piedmont","Residential","Urban (>70% Developed)",NA,"Urban","30 - 35  MPH","School Zone Signs","Clear","No",19,"16-19","No",NA,"With Traffic","B: Evident Injury","Travel Lane","White","Male",61,"60-69","No",NA,NA,"C: Possible Injury","Black","Male","Passenger Car","No","01SEP2010","Wednesday","Loss of Control / Turning Error",18,"Non-Intersection","September","B: Evident Injury",65160,"Bicyclist Lost Control - Other / Unknown",2010,"Yes","No","Daylight","Straight - Grade","Local Street","Dry","Two-Way, Not Divided","None","No Special Feature","Coarse Asphalt",0,0,0,0,0,0,0,"2 lanes",2,0,NA,0,NA
1005,4312,"Morganton","Burke","Mountains","Commercial","Urban (>70% Developed)",NA,"Urban","40 - 45  MPH","No Control Present","Clear","No",15,"11-15","No",NA,"With Traffic","B: Evident Injury","Travel Lane","Asian","Male",48,"40-49","No",NA,"16-20 mph","O: No Injury","White","Male","Pickup","No","05SEP2010","Sunday","Bicyclist Left Turn / Merge",13,"Non-Intersection","September","B: Evident Injury",47940,"Bicyclist Left Turn - Same Direction",2010,"Yes","No","Daylight","Curve - Hillcrest","Local Street","Dry","Two-Way, Not Divided","None","No Special Feature","Smooth Asphalt",0,0,0,0,0,0,0,"2 lanes",2,0,NA,0,NA
1006,4317,"Charlotte","Mecklenburg","Piedmont","Commercial","Urban (>70% Developed)",NA,"Urban","40 - 45  MPH","Stop And Go Signal","Clear","No",13,"11-15","No",NA,"Facing Traffic","C: Possible Injury","Sidewalk / Crosswalk / Driveway Crossing","White","Male",NA,"70+","No",NA,"0-5 mph","C: Possible Injury","White","Male","Passenger Car","No","06SEP2010","Monday","Motorist Failed to Yield - Signalized Intersection",17,"Intersection","September","C: Possible Injury",63240,"Motorist Drive Out - Signalized Intersection",2010,"Yes","No","Daylight","Straight - Level","Local Street","Dry","Two-Way, Divided, Unprotected Median","None","Four-Way Intersection","Smooth Asphalt",0,0,0,0,0,0,0,"6 lanes",2,0,NA,0,NA
1007,4320,"None - Rural Crash","Hoke","Coastal","Farms, Woods, Pastures","Rural (<30% Developed)",NA,"Rural","50 - 55  MPH","No Control Present","Clear","No",52,"50-59","No",NA,"With Traffic","A: Disabling Injury","Travel Lane","White","Male",NA,NA,"No",NA,NA,"Unknown Injury","Unknown/Missing",NA,NA,"No","10SEP2010","Friday","Motorist Overtaking Bicyclist",21,"Non-Intersection","September","A: Disabling Injury",76560,"Motorist Overtaking - Other / Unknown",2010,"Yes","Yes","Daylight","Straight - Level","NC Route","Dry","Two-Way, Not Divided","None","No Special Feature","Coarse Asphalt",0,0,0,0,0,0,0,"2 lanes",2,0,NA,0,NA
1008,4323,"Wilmington","New Hanover","Coastal","Commercial","Urban (>70% Developed)",NA,"Urban","20 - 25  MPH","Stop And Go Signal","Clear","No",18,"16-19","No",NA,"With Traffic","B: Evident Injury","Travel Lane","White","Female",50,"50-59","No",NA,"0-5 mph","O: No Injury","Black","Male","Passenger Car","No","30AUG2010","Monday","Motorist Failed to Yield - Signalized Intersection",12,"Intersection","August","B: Evident Injury",44880,"Motorist Drive Out - Signalized Intersection",2010,"Yes","No","Daylight","Straight - Level","Local Street","Dry","Two-Way, Not Divided","None","Four-Way Intersection","Coarse Asphalt",0,0,0,0,0,0,0,"2 lanes",2,0,NA,0,NA
1009,4340,"Durham","Durham","Piedmont","Residential","Urban (>70% Developed)",NA,"Urban","30 - 35  MPH","Stop And Go Signal","Clear","No",11,"11-15","No",NA,"With Traffic","B: Evident Injury",NA,"Other","Male",44,"40-49","No",NA,"0-5 mph","O: No Injury","White","Female","Sport Utility","No","18SEP2010","Saturday","Motorist Failed to Yield - Signalized Intersection",17,"Intersection","September","B: Evident Injury",63780,"Motorist Drive Through - Signalized Intersection",2010,"Yes","No","Daylight","Straight - Level","Local Street","Dry","One-Way, Not Divided","None","No Special Feature","Smooth Asphalt",0,0,0,0,0,0,0,"2 lanes",2,0,NA,0,NA
1010,4344,"None - Rural Crash","Henderson","Mountains","Commercial","Urban (>70% Developed)",NA,"Rural","40 - 45  MPH","No Control Present","Clear","No",42,"40-49","No",NA,"With Traffic","B: Evident Injury","Travel Lane","White","Male",41,"40-49","No",NA,"41-45 mph","O: No Injury","Black","Male","Pickup","No","20SEP2010","Monday","Motorist Right Turn / Merge",13,"Non-Intersection","September","B: Evident Injury",48900,"Motorist Right Turn - Same Direction",2010,"No","No","Daylight","Straight - Level","US Route","Dry","Two-Way, Divided, Unprotected Median","None","No Special Feature","Smooth Asphalt",0,0,0,0,0,0,0,"5 lanes",2,0,NA,0,NA
1011,4354,"Chapel Hill","Orange","Piedmont","Residential","Urban (>70% Developed)",NA,"Urban",NA,"No Control Present","Clear","No",19,"16-19","No",NA,"With Traffic","B: Evident Injury","Travel Lane","White","Female",NA,NA,"Missing",NA,NA,"Unknown Injury","Unknown/Missing",NA,"Passenger Car","No","18SEP2010","Saturday","Motorist Right Turn / Merge",21,"Intersection","September","B: Evident Injury",77040,"Motorist Right Turn - Same Direction",2010,"No","Yes","Dark - Lighted Roadway","Straight - Level","Local Street","Dry","Two-Way, Not Divided","None","T-Intersection","Smooth Asphalt",0,0,0,0,0,0,0,"4 lanes",2,0,NA,0,NA