"...1","object_id","city","county","region","development","locality","on_road","rural_urban","speed_limit","traffic_control","weather","workzone","bike_age","bike_age_group","bike_alcohol","bike_alcohol_drugs","bike_direction","bike_injury","bike_position","bike_race","bike_sex","driver_age","driver_age_group","driver_alcohol","driver_alcohol_drugs","driver_est_speed","driver_injury","driver_race","driver_sex","driver_vehicle_type","crash_alcohol","crash_date","crash_day","crash_group","crash_hour","crash_location","crash_month","crash_severity","crash_time","crash_type","crash_year","ambulance_req","hit_run","light_condition","road_character","road_class","road_condition","road_configuration","road_defects","road_feature","road_surface","num_bikes_ai","num_bikes_bi","num_bikes_ci","num_bikes_ki","num_bikes_no","num_bikes_to","num_bikes_ui","num_lanes","num_units","distance_mi_from","frm_road","rte_invd_cd","towrd_road"
1012,4357,"Durham","Durham","Piedmont","Residential","Urban (>70% Developed)",NA,"Urban","30 - 35  MPH","Stop And Go Signal","Clear","No",51,"50-59","No",NA,"With Traffic","B: Evident Injury","Travel Lane","White","Male",37,"30-39","No",NA,"16-20 mph","O: No Injury","Asian","Female","Sport Utility","No","20SEP2010","Monday","Motorist Left Turn / Merge",18,"Intersection","September","B: Evident Injury",67800,"Motorist Left Turn - Opposite Direction",2010,"Yes","No","Daylight","Straight - Level","Local Street","Dry","Two-Way, Not Divided","None","Four-Way Intersection","Coarse Asphalt",0,0,0,0,0,0,0,"2 lanes",2,0,NA,0,NA
1013,4359,"Asheville","Buncombe","Mountains","Residential","Urban (>70% Developed)",NA,"Urban","30 - 35  MPH","No Control Present","Clear","No",46,"40-49","No",NA,"With Traffic","B: Evident Injury","Travel Lane","White","Male",24,"20-24","No",NA,"11-15 mph","O: No Injury","White","Female","Sport Utility","No","14SEP2010","Tuesday","Motorist Left Turn / Merge",18,"Intersection","September","B: Evident Injury",67380,"Motorist Left Turn - Opposite Direction",2010,"Yes","No","Daylight","Straight - Level","State Secondary Route","Dry","Two-Way, Divided, Unprotected Median","None","T-Intersection","Concrete",0,0,0,0,0,0,0,"3 lanes",2,0,NA,0,NA
1014,4365,"None - Rural Crash","Guilford","Piedmont","Farms, Woods, Pastures","Rural (<30% Developed)",NA,"Rural","40 - 45  MPH","Double Yellow Line, No Passing Zone","Clear","No",58,"50-59","No",NA,"With Traffic","B: Evident Injury","Travel Lane","White","Male",39,"30-39","No",NA,"41-45 mph","O: No Injury","White","Male","Passenger Car","No","25SEP2010","Saturday","Motorist Overtaking Bicyclist",6,"Non-Intersection","September","B: Evident Injury",24000,"Motorist Overtaking - Other / Unknown",2010,"No","No","Dawn","Straight - Level","State Secondary Route","Dry","Two-Way, Not Divided","None","No Special Feature","Smooth Asphalt",0,0,0,0,0,0,0,"2 lanes",2,0,NA,0,NA
1015,4368,"Fayetteville","Cumberland","Coastal","Commercial","Mixed (30% To 70% Developed)",NA,"Urban","40 - 45  MPH","No Control Present","Clear","No",57,"50-59","No",NA,"With Traffic","B: Evident Injury","Travel Lane","Black","Male",49,"40-49","No",NA,"46-50 mph","O: No Injury","White","Male","Passenger Car","No","18SEP2010","Saturday","Motorist Overtaking Bicyclist",22,"Non-Intersection","September","B: Evident Injury",82440,"Motorist Overtaking - Other / Unknown",2010,"Yes","No","Dark - Lighted Roadway","Straight - Level","Local Street","Dry","Two-Way, Divided, Unprotected Median","None","No Special Feature","Smooth Asphalt",0,0,0,0,0,0,0,"5 lanes",2,0,NA,0,NA
1016,4369,"None - Rural Crash","New Hanover","Coastal","Commercial","Urban (>70% Developed)",NA,"Rural","40 - 45  MPH","No Control Present","Clear","No",55,"50-59","Yes",NA,"With Traffic","C: Possible Injury","Travel Lane","Black","Male",52,"50-59","No",NA,"21-25 mph","O: No Injury","Black","Female","Passenger Car","Yes","20SEP2010","Monday","Loss of Control / Turning Error",19,"Non-Intersection","September","C: Possible Injury",70560,"Bicyclist Lost Control - Other / Unknown",2010,"Yes","No","Dark - Roadway Not Lighted","Straight - Level","Local Street","Dry","Two-Way, Divided, Positive Median Barrier","None","No Special Feature","Smooth Asphalt",0,0,0,0,0,0,0,"8 lanes",2,0,NA,0,NA
1017,4374,"None - Rural Crash","Randolph","Piedmont","Farms, Woods, Pastures","Rural (<30% Developed)",NA,"Rural","50 - 55  MPH","No Control Present","Clear","No",48,"40-49","No",NA,"With Traffic","K: Killed","Bike Lane / Paved Shoulder","White","Male",NA,NA,"No",NA,"51-55 mph","Unknown Injury","Unknown/Missing",NA,"Pickup","No","26SEP2010","Sunday","Loss of Control / Turning Error",7,"Non-Intersection","September","K: Killed",27780,"Motorist Lost Control - Other / Unknown",2010,"Yes","Yes",NA,"Straight - Level","US Route","Dry","Two-Way, Divided, Unprotected Median","None","No Special Feature","Smooth Asphalt",0,0,0,0,0,0,0,"4 lanes",2,0,NA,0,NA
1018,4382,"Hendersonville","Henderson","Mountains","Commercial","Urban (>70% Developed)",NA,"Urban","30 - 35  MPH","Stop Sign","Clear","No",11,"11-15","No",NA,"Facing Traffic","C: Possible Injury","Sidewalk / Crosswalk / Driveway Crossing","Black","Male",40,"40-49","No",NA,NA,"O: No Injury","White","Male","Passenger Car","No","06JUN2010","Sunday","Motorist Failed to Yield - Sign-Controlled Intersection",17,"Intersection","June","C: Possible Injury",62100,"Motorist Drive Out - Sign-Controlled Intersection",2010,"No","No","Daylight","Straight - Level","Local Street","Dry","Two-Way, Not Divided","None","T-Intersection","Coarse Asphalt",0,0,0,0,0,0,0,"2 lanes",2,0,NA,0,NA
1019,4389,"None - Rural Crash","Sampson","Coastal","Farms, Woods, Pastures","Rural (<30% Developed)",NA,"Rural","50 - 55  MPH","Double Yellow Line, No Passing Zone","Cloudy","No",48,"40-49","Yes",NA,"With Traffic","C: Possible Injury","Bike Lane / Paved Shoulder","Hispanic","Male",NA,NA,"Missing",NA,NA,"Unknown Injury","Unknown/Missing",NA,"Passenger Car","Yes","30SEP2010","Thursday","Loss of Control / Turning Error",23,"Non-Intersection","September","C: Possible Injury",84540,"Motorist Lost Control - Other / Unknown",2010,"Yes","Yes","Dark - Roadway Not Lighted","Curve - Grade","NC Route","Wet","Two-Way, Not Divided","None","No Special Feature","Coarse Asphalt",0,0,0,0,0,0,0,"2 lanes",2,0,NA,0,NA
1020,4396,"Pineville","Mecklenburg","Piedmont","Commercial","Urban (>70% Developed)",NA,"Rural","5 - 15 MPH","No Control Present","Rain","No",24,"20-24","No",NA,"Not Applicable","C: Possible Injury","Non-Roadway","Hispanic","Male",39,"30-39","Yes",NA,"21-25 mph","O: No Injury","White","Male","Pickup","Yes","19AUG2010","Thursday","Non-Roadway",22,"Non-Roadway","August","C: Possible Injury",81360,"Non-Roadway",2010,"No","No","Dark - Lighted Roadway","Straight - Level","Public Vehicular Area","Wet","Two-Way, Not Divided","None","No Special Feature","Smooth Asphalt",0,0,0,0,0,0,0,NA,2,0,NA,0,NA
1021,4399,"Chapel Hill","Orange","Piedmont","Residential","Urban (>70% Developed)",NA,"Urban","30 - 35  MPH","No Control Present","Clear","No",32,"30-39","No",NA,"With Traffic","C: Possible Injury","Travel Lane","White","Male",61,"60-69","No",NA,"31-35 mph","O: No Injury","White","Female","Passenger Car","No","28SEP2010","Tuesday","Motorist Overtaking Bicyclist",19,"Intersection-Related","September","C: Possible Injury",68580,"Motorist Overtaking - Undetected Bicyclist",2010,"Yes","No","Daylight","Straight - Level","Local Street","Dry","Two-Way, Not Divided","None","No Special Feature","Smooth Asphalt",0,0,0,0,0,0,0,"2 lanes",2,0,NA,0,NA
1022,4404,"None - Rural Crash","Northampton","Coastal","Farms, Woods, Pastures","Rural (<30% Developed)",NA,"Rural","50 - 55  MPH","Double Yellow Line, No Passing Zone","Clear","No",13,"11-15","No",NA,"With Traffic","C: Possible Injury","Travel Lane","Black","Male",NA,"70+","No",NA,"46-50 mph","O: No Injury","White","Male","Pickup","No","18SEP2010","Saturday","Motorist Overtaking Bicyclist",11,"Non-Intersection","September","C: Possible Injury",41460,"Motorist Overtaking - Bicyclist Swerved",2010,"Yes","No","Daylight","Curve - Level","NC Route","Dry","Two-Way, Not Divided","None","No Special Feature","Smooth Asphalt",0,0,0,0,0,0,0,"2 lanes",2,0,NA,0,NA
1023,4408,"Charlotte","Mecklenburg","Piedmont","Residential","Urban (>70% Developed)",NA,"Urban","20 - 25  MPH","No Control Present","Rain","No",28,"25-29","No",NA,"With Traffic","B: Evident Injury","Travel Lane","White","Male",19,"0-19","No",NA,"11-15 mph","O: No Injury","Black","Male","Passenger Car","No","30SEP2010","Thursday","Crossing Paths - Other Circumstances",23,"Intersection","September","B: Evident Injury",83640,"Crossing Paths - Intersection - Other / Unknown",2010,"Yes","No","Dark - Roadway Not Lighted","Straight - Grade","Local Street","Wet","Two-Way, Not Divided","None","No Special Feature","Smooth Asphalt",0,0,0,0,0,0,0,"2 lanes",2,0,NA,0,NA
1024,4419,"Raleigh","Wake","Piedmont","Commercial","Urban (>70% Developed)",NA,"Urban","30 - 35  MPH","No Control Present","Clear","No",51,"50-59","No",NA,"Facing Traffic","C: Possible Injury","Travel Lane","Black","Male",25,"25-29","No",NA,"0-5 mph","O: No Injury","White","Male","Passenger Car","No","04AUG2010","Wednesday","Head-On",17,"Non-Intersection","August","C: Possible Injury",63900,"Head-On - Bicyclist",2010,"Yes","No","Daylight","Straight - Level","Local Street","Dry","One-Way, Not Divided","None","No Special Feature","Smooth Asphalt",0,0,0,0,0,0,0,"2 lanes",2,0,NA,0,NA
1025,4422,"Havelock","Craven","Coastal","Residential","Urban (>70% Developed)",NA,"Urban","20 - 25  MPH","Stop Sign","Cloudy","No",21,"20-24","No",NA,"With Traffic","O: No Injury","Travel Lane","Black","Female",17,"0-19","No",NA,"6-10 mph","O: No Injury","White","Female","Passenger Car","No","26SEP2010","Sunday","Motorist Failed to Yield - Sign-Controlled Intersection",20,"Intersection","September","O: No Injury",72720,"Motorist Drive Out - Sign-Controlled Intersection",2010,"No","No","Dark - Roadway Not Lighted","Straight - Level","Local Street","Dry","Two-Way, Not Divided","None","Four-Way Intersection","Smooth Asphalt",0,0,0,0,0,0,0,"2 lanes",2,0,NA,0,NA
1026,4426,"Asheville","Buncombe","Mountains","Commercial","Urban (>70% Developed)",NA,"Urban","20 - 25  MPH","Stop And Go Signal","Clear","No",56,"50-59","No",NA,"With Traffic","C: Possible Injury","Travel Lane","White","Female",NA,"70+","No",NA,"6-10 mph","O: No Injury","White","Female","Passenger Car","No","02OCT2010","Saturday","Motorist Left Turn / Merge",17,"Intersection","October","C: Possible Injury",63480,"Motorist Left Turn - Opposite Direction",2010,"No","No","Daylight","Straight - Level","Local Street","Dry","Two-Way, Not Divided","None","No Special Feature","Smooth Asphalt",0,0,0,0,0,0,0,"2 lanes",2,0,NA,0,NA
1027,4427,"Wilmington","New Hanover","Coastal","Commercial","Urban (>70% Developed)",NA,"Urban","30 - 35  MPH","No Control Present","Clear","No",53,"50-59","No",NA,"With Traffic","B: Evident Injury","Travel Lane","Black","Male",22,"20-24","No",NA,"21-25 mph","O: No Injury","White","Female","Sport Utility","No","04OCT2010","Monday","Motorist Overtaking Bicyclist",21,"Non-Intersection","October","B: Evident Injury",78420,"Motorist Overtaking - Undetected Bicyclist",2010,"Yes","No","Dark - Roadway Not Lighted","Straight - Level","Local Street","Dry","Two-Way, Not Divided","None","No Special Feature","Coarse Asphalt",0,0,0,0,0,0,0,"2 lanes",2,0,NA,0,NA
1028,4429,"Statesville","Iredell","Piedmont","Residential","Urban (>70% Developed)",NA,"Urban","30 - 35  MPH","Stop Sign","Clear","No",26,"25-29","No",NA,"Facing Traffic","C: Possible Injury",NA,"White","Female",NA,"70+","No",NA,"6-10 mph","O: No Injury","White","Male","Passenger Car","No","07OCT2010","Thursday","Motorist Failed to Yield - Sign-Controlled Intersection",14,"Intersection","October","C: Possible Injury",53700,"Motorist Drive Out - Sign-Controlled Intersection",2010,"Yes","No","Daylight","Straight - Level","Local Street","Dry","Two-Way, Not Divided","None","No Special Feature","Smooth Asphalt",0,0,0,0,0,0,0,"2 lanes",2,0,NA,0,NA
1029,4433,"None - Rural Crash","Granville","Piedmont","Farms, Woods, Pastures","Rural (<30% Developed)",NA,"Rural","50 - 55  MPH","No Control Present","Clear","No",55,"50-59","Yes",NA,"With Traffic","C: Possible Injury","Bike Lane / Paved Shoulder","Hispanic","Male",37,"30-39","Yes",NA,"46-50 mph","O: No Injury","White","Male","Passenger Car","Yes","10OCT2010","Sunday","Bicyclist Left Turn / Merge",18,"Intersection","October","C: Possible Injury",67800,"Bicyclist Left Turn - Same Direction",2010,"Yes","No","Dark - Roadway Not Lighted","Straight - Grade","NC Route","Dry","Two-Way, Not Divided","None","No Special Feature","Smooth Asphalt",0,0,0,0,0,0,0,"2 lanes",2,0,NA,0,NA
1030,4448,"None - Rural Crash","Union","Piedmont","Farms, Woods, Pastures","Rural (<30% Developed)",NA,"Rural","40 - 45  MPH","Double Yellow Line, No Passing Zone","Clear","No",16,"16-19","No",NA,"With Traffic","B: Evident Injury","Travel Lane","White","Male",45,"40-49","No",NA,"41-45 mph","O: No Injury","White","Female","Van","No","20OCT2010","Wednesday","Bicyclist Left Turn / Merge",18,"Intersection-Related","October","B: Evident Injury",66900,"Bicyclist Left Turn - Same Direction",2010,"Yes","No","Daylight","Straight - Grade","State Secondary Route","Dry","Two-Way, Not Divided","None","T-Intersection","Smooth Asphalt",0,0,0,0,0,0,0,"2 lanes",2,0,NA,0,NA
1031,4455,"New Bern","Craven","Coastal","Residential","Urban (>70% Developed)",NA,"Urban","20 - 25  MPH","Stop Sign","Clear","No",52,"50-59","No",NA,"With Traffic","C: Possible Injury","Travel Lane","White","Female",42,"40-49","No",NA,"6-10 mph","O: No Injury","Black","Male","Passenger Car","No","12OCT2010","Tuesday","Motorist Failed to Yield - Sign-Controlled Intersection",18,"Intersection","October","C: Possible Injury",64920,"Motorist Drive Out - Sign-Controlled Intersection",2010,"No","No","Daylight","Straight - Level","Local Street","Dry",NA,"None","Five-Point, Or More","Smooth Asphalt",0,0,0,0,0,0,0,"2 lanes",2,0,NA,0,NA
1032,4461,"Charlotte","Mecklenburg","Piedmont","Residential","Urban (>70% Developed)",NA,"Urban","30 - 35  MPH","No Control Present","Clear","No",55,"50-59","No",NA,"With Traffic","C: Possible Injury","Travel Lane","White","Male",NA,NA,"Missing",NA,"31-35 mph","Unknown Injury","Unknown/Missing",NA,"Passenger Car","No","16OCT2010","Saturday","Bicyclist Overtaking Motorist",14,"Non-Intersection","October","C: Possible Injury",52740,"Bicyclist Overtaking - Parked Vehicle",2010,"No","No","Daylight","Straight - Level","Local Street","Dry","Two-Way, Not Divided","None","No Special Feature","Concrete",0,0,0,0,0,0,0,"2 lanes",2,0,NA,0,NA
1033,4466,"Greensboro","Guilford","Piedmont","Residential","Urban (>70% Developed)",NA,"Urban","30 - 35  MPH","Other","Cloudy","No",37,"30-39","No",NA,"Facing Traffic","C: Possible Injury","Bike Lane / Paved Shoulder","White","Male",NA,NA,"Missing",NA,"6-10 mph","Unknown Injury","Unknown/Missing",NA,NA,"No","18OCT2010","Monday","Motorist Failed to Yield - Sign-Controlled Intersection",19,"Intersection","October","C: Possible Injury",68400,"Motorist Drive Through - Sign-Controlled Intersection",2010,"Yes","Yes","Dark - Lighted Roadway","Straight - Grade","Local Street","Dry","Two-Way, Not Divided","None","Shared-Use Paths Or Trails","Smooth Asphalt",0,0,0,0,0,0,0,"6 lanes",2,0,NA,0,NA
1034,4475,"Chapel Hill","Orange","Piedmont","Institutional","Mixed (30% To 70% Developed)",NA,"Urban","20 - 25  MPH","Stop And Go Signal","Clear","No",20,"20-24","No",NA,"With Traffic","B: Evident Injury","Sidewalk / Crosswalk / Driveway Crossing","Asian","Female",27,"25-29","No",NA,"11-15 mph","Unknown Injury","Black","Male","Other Bus","No","21OCT2010","Thursday","Parallel Paths - Other Circumstances",15,"Non-Intersection","October","B: Evident Injury",56040,"Bicyclist Ride Out - Parallel Path",2010,"Yes","No","Daylight","Straight - Level","Local Street","Dry","Two-Way, Not Divided","None","No Special Feature","Smooth Asphalt",0,0,0,0,0,0,0,"4 lanes",2,0,NA,0,NA
1035,4476,"Wilmington","New Hanover","Coastal","Commercial","Urban (>70% Developed)",NA,"Urban","30 - 35  MPH","Stop And Go Signal","Clear","No",52,"50-59","No",NA,"Facing Traffic","C: Possible Injury","Sidewalk / Crosswalk / Driveway Crossing","Black","Male",36,"30-39","No",NA,"6-10 mph","O: No Injury","Black","Male","Passenger Car","No","19OCT2010","Tuesday","Bicyclist Failed to Yield - Signalized Intersection",15,"Intersection","October","C: Possible Injury",56520,"Bicyclist Ride Through - Signalized Intersection",2010,"Yes","No","Daylight","Straight - Level","US Route","Dry","Two-Way, Not Divided","None","Four-Way Intersection","Smooth Asphalt",0,0,0,0,0,0,0,"5 lanes",2,0,NA,0,NA
1036,4478,"Laurinburg","Scotland","Coastal","Residential","Urban (>70% Developed)",NA,"Urban","30 - 35  MPH","No Control Present","Clear","No",22,"20-24","No",NA,"Facing Traffic","C: Possible Injury","Travel Lane","Black","Female",21,"20-24","No",NA,"6-10 mph","O: No Injury","Black","Female","Passenger Car","No","24OCT2010","Sunday","Backing Vehicle",16,"Non-Intersection","October","C: Possible Injury",58500,"Backing Vehicle",2010,"Yes","No","Daylight",NA,NA,"Dry",NA,"None","No Special Feature",NA,0,0,0,0,0,0,0,NA,2,0,NA,0,NA
1037,4480,"Charlotte","Mecklenburg","Piedmont","Residential","Urban (>70% Developed)",NA,"Urban","30 - 35  MPH","Stop And Go Signal","Clear","No",64,"60-69","No",NA,"With Traffic","C: Possible Injury","Travel Lane","Black","Male",26,"25-29","No",NA,"11-15 mph","O: No Injury","White","Male","Van","No","20OCT2010","Wednesday","Motorist Right Turn / Merge",15,"Intersection","October","C: Possible Injury",54720,"Motorist Right Turn on Red - Same Direction",2010,"Yes","No","Daylight","Straight - Level","Local Street","Dry","Two-Way, Not Divided","None","Four-Way Intersection","Smooth Asphalt",0,0,0,0,0,0,0,"4 lanes",2,0,NA,0,NA
1038,4482,"Charlotte","Mecklenburg","Piedmont","Commercial","Urban (>70% Developed)",NA,"Urban","50 - 55  MPH","No Control Present","Clear","No",48,"40-49","No",NA,"With Traffic","K: Killed","Travel Lane","White","Male",20,"20-24","No",NA,"46-50 mph","O: No Injury","Asian","Male","Pickup","No","22OCT2010","Friday","Motorist Overtaking Bicyclist",12,"Non-Intersection","October","K: Killed",44040,"Motorist Overtaking - Bicyclist Swerved",2010,"Yes","No","Daylight","Straight - Level","US Route","Dry","Two-Way, Divided, Unprotected Median","None","No Special Feature","Coarse Asphalt",0,0,0,0,0,0,0,"5 lanes",2,0,NA,0,NA
1039,4483,"Rocky Mount","Nash","Coastal","Commercial","Urban (>70% Developed)",NA,"Urban","30 - 35  MPH","No Control Present","Clear","No",53,"50-59","No",NA,"With Traffic","B: Evident Injury","Travel Lane","Black","Male",41,"40-49","No",NA,"0-5 mph","O: No Injury","Hispanic","Female","Passenger Car","No","24SEP2010","Friday","Crossing Paths - Other Circumstances",17,"Intersection","September","B: Evident Injury",62520,"Crossing Paths - Uncontrolled Intersection",2010,"Yes","No","Daylight","Straight - Level","Local Street","Dry","Two-Way, Divided, Unprotected Median","None","Four-Way Intersection","Coarse Asphalt",0,0,0,0,0,0,0,"4 lanes",2,0,NA,0,NA
1040,4487,"None - Rural Crash","Buncombe","Mountains","Residential","Mixed (30% To 70% Developed)",NA,"Rural","30 - 35  MPH","Double Yellow Line, No Passing Zone","Clear","No",55,"50-59","No",NA,"With Traffic","C: Possible Injury","Travel Lane","White","Male",NA,"70+","No",NA,"31-35 mph","O: No Injury","White","Male","Passenger Car","No","01NOV2010","Monday","Motorist Overtaking Bicyclist",7,"Non-Intersection","November","C: Possible Injury",26700,"Motorist Overtaking - Misjudged Space",2010,"Yes","No","Dark - Roadway Not Lighted","Curve - Grade","State Secondary Route","Dry","Two-Way, Not Divided","None","No Special Feature","Smooth Asphalt",0,0,0,0,0,0,0,"2 lanes",2,0,NA,0,NA
1041,4498,"Boone","Watauga","Mountains","Institutional","Urban (>70% Developed)",NA,"Urban","20 - 25  MPH","No Control Present","Clear","No",23,"20-24","No",NA,"With Traffic","B: Evident Injury","Bike Lane / Paved Shoulder","White","Female",26,"25-29","No",NA,"0-5 mph","O: No Injury","White","Female","Passenger Car","No","02NOV2010","Tuesday","Motorist Left Turn / Merge",7,"Non-Intersection","November","B: Evident Injury",27960,"Motorist Left Turn - Opposite Direction",2010,"Yes","No","Dawn","Straight - Level","Local Street","Dry","Two-Way, Not Divided","None","Driveway, Public","Smooth Asphalt",0,0,0,0,0,0,0,"4 lanes",2,0,NA,0,NA
1042,4503,"Raleigh","Wake","Piedmont","Residential","Mixed (30% To 70% Developed)",NA,"Urban","30 - 35  MPH","Stop Sign","Clear","No",69,"60-69","No",NA,"With Traffic","C: Possible Injury","Travel Lane","White","Male",NA,NA,"Missing",NA,"6-10 mph","Unknown Injury","Unknown/Missing",NA,NA,"No","13OCT2010","Wednesday","Motorist Failed to Yield - Signalized Intersection",13,"Intersection","October","C: Possible Injury",47100,"Motorist Drive Out - Signalized Intersection",2010,"Yes","Yes","Daylight","Straight - Grade","Local Street","Dry","Two-Way, Divided, Unprotected Median","None","T-Intersection","Smooth Asphalt",0,0,0,0,0,0,0,"7 lanes",2,0,NA,0,NA
1043,4505,"None - Rural Crash","Burke","Mountains","Farms, Woods, Pastures","Rural (<30% Developed)",NA,"Rural","50 - 55  MPH","Double Yellow Line, No Passing Zone","Clear","No",19,"16-19","No",NA,"With Traffic","B: Evident Injury","Travel Lane","White","Male",19,"0-19","No",NA,"51-55 mph","O: No Injury","White","Male","Pickup","No","01NOV2010","Monday","Motorist Overtaking Bicyclist",20,"Non-Intersection","November","B: Evident Injury",75240,"Motorist Overtaking - Other / Unknown",2010,"Yes","No","Dark - Roadway Not Lighted","Curve - Level","State Secondary Route","Dry","Two-Way, Not Divided","None","No Special Feature","Coarse Asphalt",0,0,0,0,0,0,0,"2 lanes",2,0,NA,0,NA
1044,4506,"Unionville","Union","Piedmont","Residential","Rural (<30% Developed)",NA,"Urban","40 - 45  MPH","Double Yellow Line, No Passing Zone","Clear","No",61,"60-69","No",NA,"With Traffic","C: Possible Injury","Travel Lane","White","Male",25,"25-29","No",NA,"41-45 mph","O: No Injury","White","Female","Sport Utility","No","06NOV2010","Saturday","Motorist Left Turn / Merge",18,"Non-Intersection","November","C: Possible Injury",68340,"Motorist Left Turn - Opposite Direction",2010,"Yes","No","Dusk","Straight - Level","State Secondary Route","Dry","Two-Way, Not Divided","None","Driveway, Private","Smooth Asphalt",0,0,0,0,0,0,0,"2 lanes",2,0,NA,0,NA
1045,4510,"Raleigh","Wake","Piedmont","Commercial","Urban (>70% Developed)",NA,"Urban","30 - 35  MPH","Stop And Go Signal","Clear","No",24,"20-24","No",NA,"With Traffic","O: No Injury","Travel Lane","White","Male",19,"0-19","No",NA,"16-20 mph","O: No Injury","Black","Male","Passenger Car","No","17OCT2010","Sunday","Bicyclist Left Turn / Merge",0,"Intersection","October","O: No Injury",120,"Bicyclist Left Turn - Opposite Direction",2010,"No","No","Dark - Lighted Roadway","Straight - Level","Local Street","Dry","Two-Way, Not Divided","None","No Special Feature","Smooth Asphalt",0,0,0,0,0,0,0,"2 lanes",2,0,NA,0,NA
1046,4512,"Kinston","Lenoir","Coastal","Residential","Urban (>70% Developed)",NA,"Urban","30 - 35  MPH","No Control Present","Clear","No",17,"16-19","No",NA,"Not Applicable","C: Possible Injury","Travel Lane","Black","Male",NA,"70+","No",NA,"16-20 mph","O: No Injury","Black","Female","Van","No","22OCT2010","Friday","Crossing Paths - Other Circumstances",17,"Intersection","October","C: Possible Injury",64260,"Crossing Paths - Intersection - Other / Unknown",2010,"Yes","Yes","Daylight","Straight - Level","Local Street","Dry","Two-Way, Not Divided","None","T-Intersection","Coarse Asphalt",0,0,0,0,0,0,0,"2 lanes",2,0,NA,0,NA
1047,4517,"None - Rural Crash","Currituck","Coastal","Residential","Urban (>70% Developed)",NA,"Rural","20 - 25  MPH","Stop Sign","Clear","No",48,"40-49","No",NA,"Facing Traffic","C: Possible Injury","Travel Lane","White","Male",25,"25-29","No",NA,"0-5 mph","O: No Injury","Black","Male","Passenger Car","No","24SEP2010","Friday","Motorist Failed to Yield - Sign-Controlled Intersection",11,"Intersection","September","C: Possible Injury",40620,"Motorist Drive Out - Sign-Controlled Intersection",2010,"Yes","No","Daylight","Straight - Level","State Secondary Route","Dry","Two-Way, Not Divided","None","T-Intersection","Coarse Asphalt",0,0,0,0,0,0,0,"2 lanes",2,0,NA,0,NA
1048,4519,"Durham","Durham","Piedmont","Residential","Urban (>70% Developed)",NA,"Urban","20 - 25  MPH","Stop Sign","Clear","No",12,"11-15","No",NA,"With Traffic","O: No Injury","Travel Lane","Black","Male",67,"60-69","No",NA,"11-15 mph","O: No Injury","Black","Female","Passenger Car","No","13NOV2010","Saturday","Loss of Control / Turning Error",10,"Intersection","November","O: No Injury",36000,"Bicyclist Turning Error - Right Turn",2010,"No","No","Daylight","Straight - Level","Local Street","Dry","Two-Way, Not Divided","None","T-Intersection","Coarse Asphalt",0,0,0,0,0,0,0,"2 lanes",2,0,NA,0,NA
1049,4525,"Vander","Cumberland","Coastal","Residential","Rural (<30% Developed)",NA,"Rural","50 - 55  MPH","Double Yellow Line, No Passing Zone","Clear","No",63,"60-69","No",NA,"Facing Traffic","B: Evident Injury","Travel Lane","White","Male",17,"0-19","No",NA,"41-45 mph","O: No Injury","White","Male","Pickup","No","21OCT2010","Thursday","Head-On",19,"Non-Intersection","October","B: Evident Injury",70800,"Head-On - Bicyclist",2010,"Yes","No","Dark - Roadway Not Lighted","Straight - Level","State Secondary Route","Dry","Two-Way, Not Divided","None","No Special Feature","Smooth Asphalt",0,0,0,0,0,0,0,"2 lanes",2,0,NA,0,NA
1050,4526,"Greenville","Pitt","Coastal","Institutional","Urban (>70% Developed)",NA,"Urban","5 - 15 MPH","No Control Present","Clear","No",19,"16-19","No",NA,"With Traffic","Unknown Injury","Travel Lane","White","Male",58,"50-59","No",NA,"0-5 mph","O: No Injury","White","Female","Passenger Car","No","27OCT2010","Wednesday","Motorist Left Turn / Merge",12,"Non-Intersection","October","O: No Injury",45960,"Motorist Left Turn - Opposite Direction",2010,"No","No","Daylight","Straight - Level","Local Street","Dry","Two-Way, Not Divided","None","No Special Feature","Smooth Asphalt",0,0,0,0,0,0,0,"2 lanes",3,0,NA,0,NA
1051,4531,"Gastonia","Gaston","Piedmont","Commercial","Urban (>70% Developed)",NA,"Urban","40 - 45  MPH","Stop And Go Signal","Clear","No",57,"50-59","No",NA,"Facing Traffic","C: Possible Injury","Travel Lane","Black","Male",65,"60-69","No",NA,NA,"O: No Injury","White","Male","Pickup","No","10NOV2010","Wednesday","Motorist Failed to Yield - Signalized Intersection",15,"Intersection","November","C: Possible Injury",55320,"Motorist Drive Out - Right Turn on Red",2010,"Yes","No","Daylight","Straight - Grade","US Route","Dry","Two-Way, Not Divided","None","Four-Way Intersection","Smooth Asphalt",0,0,0,0,0,0,0,"5 lanes",2,0,NA,0,NA