"...1","object_id","city","county","region","development","locality","on_road","rural_urban","speed_limit","traffic_control","weather","workzone","bike_age","bike_age_group","bike_alcohol","bike_alcohol_drugs","bike_direction","bike_injury","bike_position","bike_race","bike_sex","driver_age","driver_age_group","driver_alcohol","driver_alcohol_drugs","driver_est_speed","driver_injury","driver_race","driver_sex","driver_vehicle_type","crash_alcohol","crash_date","crash_day","crash_group","crash_hour","crash_location","crash_month","crash_severity","crash_time","crash_type","crash_year","ambulance_req","hit_run","light_condition","road_character","road_class","road_condition","road_configuration","road_defects","road_feature","road_surface","num_bikes_ai","num_bikes_bi","num_bikes_ci","num_bikes_ki","num_bikes_no","num_bikes_to","num_bikes_ui","num_lanes","num_units","distance_mi_from","frm_road","rte_invd_cd","towrd_road"
1052,4536,"Asheville","Buncombe","Mountains","Commercial","Urban (>70% Developed)",NA,"Urban","30 - 35  MPH","Stop Sign","Clear","No",26,"25-29","No",NA,"With Traffic","C: Possible Injury","Travel Lane","White","Male",NA,"70+","No",NA,"6-10 mph","O: No Injury","White","Female","Passenger Car","No","10NOV2010","Wednesday","Motorist Failed to Yield - Sign-Controlled Intersection",17,"Intersection","November","C: Possible Injury",63420,"Motorist Drive Out - Sign-Controlled Intersection",2010,"Yes","No","Dusk","Straight - Hillcrest","Local Street","Dry","Two-Way, Not Divided","None","T-Intersection","Smooth Asphalt",0,0,0,0,0,0,0,"2 lanes",2,0,NA,0,NA
1053,4538,"Carthage","Moore","Piedmont","Residential","Mixed (30% To 70% Developed)",NA,"Rural","40 - 45  MPH","No Control Present","Clear","No",NA,"70+","No",NA,"With Traffic","B: Evident Injury","Travel Lane","White","Male",NA,"70+","No",NA,"41-45 mph","O: No Injury","White","Male","Pickup","No","14NOV2010","Sunday","Motorist Overtaking Bicyclist",8,"Intersection","November","B: Evident Injury",29220,"Motorist Overtaking - Other / Unknown",2010,"Yes","No","Daylight","Straight - Level","Local Street","Dry","Two-Way, Not Divided","None","No Special Feature","Coarse Asphalt",0,0,0,0,0,0,0,"2 lanes",2,0,NA,0,NA
1054,4541,"None - Rural Crash","Guilford","Piedmont","Residential","Mixed (30% To 70% Developed)",NA,"Rural","30 - 35  MPH","Double Yellow Line, No Passing Zone","Clear","No",51,"50-59","No",NA,"With Traffic","A: Disabling Injury","Travel Lane","Black","Male",30,"30-39","No",NA,"31-35 mph","O: No Injury","White","Male","Van","No","11NOV2010","Thursday","Motorist Overtaking Bicyclist",7,"Non-Intersection","November","A: Disabling Injury",26820,"Motorist Overtaking - Other / Unknown",2010,"Yes","No","Daylight","Straight - Level","State Secondary Route","Dry","Two-Way, Not Divided","None","No Special Feature","Smooth Asphalt",0,0,0,0,0,0,0,"2 lanes",2,0,NA,0,NA
1055,4546,"Greensboro","Guilford","Piedmont","Commercial","Urban (>70% Developed)",NA,"Urban","20 - 25  MPH","Stop Sign","Clear","No",22,"20-24","No",NA,"With Traffic","B: Evident Injury","Travel Lane","White","Male",50,"50-59","No",NA,"21-25 mph","O: No Injury","Black","Female","Passenger Car","No","12NOV2010","Friday","Motorist Left Turn / Merge",9,"Intersection","November","B: Evident Injury",33060,"Motorist Left Turn - Opposite Direction",2010,"Yes","No","Daylight","Curve - Bottom","Local Street","Dry","Two-Way, Not Divided","None","T-Intersection","Smooth Asphalt",0,0,0,0,0,0,0,"3 lanes",2,0,NA,0,NA
1056,4550,"None - Rural Crash","Wake","Piedmont","Farms, Woods, Pastures","Rural (<30% Developed)",NA,"Rural","40 - 45  MPH","Double Yellow Line, No Passing Zone","Clear","No",25,"25-29","No",NA,"With Traffic","C: Possible Injury","Travel Lane","White","Male",68,"60-69","No",NA,"31-35 mph","C: Possible Injury","White","Male","Passenger Car","No","23NOV2010","Tuesday","Motorist Left Turn / Merge",6,"Intersection","November","C: Possible Injury",23820,"Motorist Left Turn - Opposite Direction",2010,"Yes","No","Dark - Roadway Not Lighted","Straight - Level","State Secondary Route","Dry","Two-Way, Not Divided","None","Four-Way Intersection","Coarse Asphalt",0,0,0,0,0,0,0,"2 lanes",2,0,NA,0,NA
1057,4554,"Wilmington","New Hanover","Coastal","Commercial","Urban (>70% Developed)",NA,"Urban","20 - 25  MPH","Stop Sign","Clear","No",NA,"70+","No",NA,"Facing Traffic","B: Evident Injury","Multi-use Path","White","Male",22,"20-24","No",NA,"0-5 mph","O: No Injury","White","Female","Passenger Car","No","10NOV2010","Wednesday","Motorist Failed to Yield - Sign-Controlled Intersection",15,"Intersection","November","B: Evident Injury",55860,"Motorist Drive Out - Sign-Controlled Intersection",2010,"Yes","No","Daylight","Straight - Level","NC Route","Dry","Two-Way, Divided, Unprotected Median","None","No Special Feature","Coarse Asphalt",0,0,0,0,0,0,0,"6 lanes",2,0,NA,0,NA
1058,4560,"High Point","Guilford","Piedmont","Residential","Rural (<30% Developed)",NA,"Urban","30 - 35  MPH","Stop Sign","Clear","No",27,"25-29","No",NA,"With Traffic","C: Possible Injury","Travel Lane","Black","Male",39,"30-39","No",NA,"0-5 mph","O: No Injury","Black","Male","Passenger Car","No","17NOV2010","Wednesday","Backing Vehicle",15,"Intersection","November","C: Possible Injury",54900,"Backing Vehicle",2010,"Yes","No","Daylight","Straight - Level","Local Street","Dry","Two-Way, Not Divided","None","T-Intersection","Coarse Asphalt",0,0,0,0,0,0,0,"2 lanes",2,0,NA,0,NA
1059,4566,"Davidson","Mecklenburg","Piedmont","Farms, Woods, Pastures","Mixed (30% To 70% Developed)",NA,"Urban","30 - 35  MPH","Yield Sign","Clear","No",37,"30-39","No",NA,NA,"Unknown Injury","Travel Lane","White","Male",47,"40-49","No",NA,"11-15 mph","O: No Injury","White","Female","Sport Utility","No","21NOV2010","Sunday","Other / Unknown - Insufficient Details",12,"Non-Intersection","November","O: No Injury",44700,"Unknown Approach Paths",2010,"No","No","Daylight","Curve - Grade","Local Street","Dry","One-Way, Not Divided","None","Other","Smooth Asphalt",0,0,0,0,0,0,0,"1 lane",2,0,NA,0,NA
1060,4569,"None - Rural Crash","Franklin","Piedmont","Residential","Mixed (30% To 70% Developed)",NA,"Rural","40 - 45  MPH","Double Yellow Line, No Passing Zone","Clear","No",28,"25-29","Yes",NA,"Facing Traffic","B: Evident Injury","Travel Lane","Black","Male",47,"40-49","No",NA,"41-45 mph","O: No Injury","White","Female","Pickup","Yes","03DEC2010","Friday","Motorist Overtaking Bicyclist",18,"Non-Intersection","December","B: Evident Injury",65520,"Motorist Overtaking - Bicyclist Swerved",2010,"Yes","No","Dark - Roadway Not Lighted","Curve - Level","NC Route","Dry","Two-Way, Not Divided","None","No Special Feature","Smooth Asphalt",0,0,0,0,0,0,0,"2 lanes",2,0,NA,0,NA
1061,4571,"Raleigh","Wake","Piedmont","Institutional","Urban (>70% Developed)",NA,"Urban","20 - 25  MPH","Stop And Go Signal","Clear","No",53,"50-59","No",NA,"With Traffic","B: Evident Injury","Travel Lane","White","Male",49,"40-49","No",NA,"11-15 mph","O: No Injury","Black","Male","Van","No","23NOV2010","Tuesday","Loss of Control / Turning Error",6,"Intersection","November","B: Evident Injury",23640,"Motorist Turning Error - Left Turn",2010,"Yes","No","Dawn","Straight - Level","Local Street","Dry","Two-Way, Not Divided","None","T-Intersection","Smooth Asphalt",0,0,0,0,0,0,0,"2 lanes",2,0,NA,0,NA
1062,4576,"Charlotte","Mecklenburg","Piedmont","Commercial","Urban (>70% Developed)",NA,"Urban","30 - 35  MPH","Stop Sign","Cloudy","No",39,"30-39","No",NA,"With Traffic","C: Possible Injury","Travel Lane","Black","Male",40,"40-49","No",NA,"6-10 mph","O: No Injury","Black","Male","Passenger Car","No","29NOV2010","Monday","Motorist Left Turn / Merge",8,"Intersection","November","C: Possible Injury",28800,"Motorist Left Turn - Opposite Direction",2010,"No","No","Daylight","Straight - Grade","Local Street","Dry","Two-Way, Not Divided","None","No Special Feature","Smooth Asphalt",0,0,0,0,0,0,0,"2 lanes",2,0,NA,0,NA
1063,4579,"Raleigh","Wake","Piedmont","Commercial","Urban (>70% Developed)",NA,"Urban","40 - 45  MPH","No Control Present","Clear","No",41,"40-49","No",NA,"With Traffic","B: Evident Injury","Travel Lane","White","Male",23,"20-24","No",NA,"41-45 mph","O: No Injury","White","Male","Passenger Car","No","08NOV2010","Monday","Motorist Left Turn / Merge",10,"Non-Intersection","November","B: Evident Injury",37200,"Motorist Left Turn - Opposite Direction",2010,"Yes","No","Daylight","Straight - Grade","Local Street","Dry","Two-Way, Divided, Unprotected Median","None","No Special Feature","Smooth Asphalt",0,0,0,0,0,0,0,"5 lanes",2,0,NA,0,NA
1064,4582,"None - Rural Crash","Yadkin","Mountains","Farms, Woods, Pastures","Rural (<30% Developed)",NA,"Rural","50 - 55  MPH","Double Yellow Line, No Passing Zone","Clear","No",50,"50-59","No",NA,"With Traffic","C: Possible Injury","Travel Lane","White","Male",NA,"70+","No",NA,"31-35 mph","O: No Injury","White","Male","Pickup","No","05DEC2010","Sunday","Motorist Overtaking Bicyclist",16,"Non-Intersection","December","C: Possible Injury",58860,"Motorist Overtaking - Misjudged Space",2010,"Yes","No","Daylight","Straight - Level","State Secondary Route","Dry","Two-Way, Divided, Unprotected Median","None","No Special Feature","Smooth Asphalt",0,0,0,0,0,0,0,"2 lanes",2,0,NA,0,NA
1065,4583,"None - Rural Crash","New Hanover","Coastal","Residential","Urban (>70% Developed)",NA,"Rural","50 - 55  MPH","No Control Present","Clear","No",14,"11-15","No",NA,"With Traffic","O: No Injury","Travel Lane","White","Male",32,"30-39","No",NA,"41-45 mph","O: No Injury","White","Female","Passenger Car","No","09DEC2010","Thursday","Motorist Overtaking Bicyclist",17,"Non-Intersection","December","O: No Injury",64200,"Motorist Overtaking - Misjudged Space",2010,"No","No","Dark - Roadway Not Lighted","Straight - Level","US Route","Dry","Two-Way, Not Divided","None","No Special Feature","Smooth Asphalt",0,0,0,0,0,0,0,"2 lanes",2,0,NA,0,NA
1066,4584,"Raleigh","Wake","Piedmont","Residential","Urban (>70% Developed)",NA,"Urban","40 - 45  MPH","No Control Present","Clear","No",37,"30-39","No",NA,"With Traffic","A: Disabling Injury","Travel Lane","White","Male",30,"30-39","Yes",NA,"46-50 mph","O: No Injury","Black","Female","Passenger Car","Yes","14NOV2010","Sunday","Motorist Overtaking Bicyclist",3,"Non-Intersection","November","A: Disabling Injury",13440,"Motorist Overtaking - Other / Unknown",2010,"Yes","No","Dark - Lighted Roadway","Straight - Grade","US Route","Dry","Two-Way, Divided, Unprotected Median","None","No Special Feature","Smooth Asphalt",0,0,0,0,0,0,0,"4 lanes",2,0,NA,0,NA
1067,4586,"Lumberton","Robeson","Coastal","Commercial","Urban (>70% Developed)",NA,"Urban","40 - 45  MPH","No Control Present","Clear","No",54,"50-59","No",NA,"Not Applicable","C: Possible Injury","Travel Lane","White","Male",42,"40-49","No",NA,"41-45 mph","Unknown Injury","White","Female","Passenger Car","No","12NOV2010","Friday","Bicyclist Failed to Yield - Midblock",17,"Non-Intersection","November","C: Possible Injury",63360,"Bicyclist Ride Out - Other Midblock",2010,"Yes","No","Dusk","Straight - Level","NC Route","Dry","Two-Way, Not Divided","None","No Special Feature","Coarse Asphalt",0,0,0,0,0,0,0,"4 lanes",2,0,NA,0,NA
1068,4587,"Chapel Hill","Orange","Piedmont","Commercial","Urban (>70% Developed)",NA,"Urban","30 - 35  MPH","Stop And Go Signal","Clear","No",63,"60-69","No",NA,"With Traffic","C: Possible Injury","Travel Lane","White","Male",58,"50-59","No",NA,NA,"O: No Injury","White","Male","Passenger Car","No","30NOV2010","Tuesday","Motorist Left Turn / Merge",9,"Intersection","November","C: Possible Injury",34320,"Motorist Left Turn - Opposite Direction",2010,"Yes","No","Daylight","Straight - Grade","State Secondary Route","Dry","Two-Way, Not Divided","None","Four-Way Intersection","Smooth Asphalt",0,0,0,0,0,0,0,"5 lanes",2,0,NA,0,NA
1069,4594,"None - Rural Crash","Beaufort","Coastal","Commercial","Rural (<30% Developed)",NA,"Rural","30 - 35  MPH","No Control Present","Cloudy","No",14,"11-15","No",NA,"With Traffic","O: No Injury","Travel Lane","Black","Male",NA,"70+","No",NA,"31-35 mph","O: No Injury","White","Female","Passenger Car","No","23NOV2010","Tuesday","Motorist Overtaking Bicyclist",16,"Non-Intersection","November","O: No Injury",59640,"Motorist Overtaking - Bicyclist Swerved",2010,"No","No","Daylight","Straight - Level","NC Route","Dry","Two-Way, Not Divided","None","T-Intersection","Smooth Asphalt",0,0,0,0,0,0,0,"4 lanes",2,0,NA,0,NA
1070,4604,"None - Rural Crash","Dare","Coastal","Residential","Urban (>70% Developed)",NA,"Rural","30 - 35  MPH","Double Yellow Line, No Passing Zone","Cloudy","No",11,"11-15","No",NA,"With Traffic","C: Possible Injury","Travel Lane","White","Male",57,"50-59","No",NA,"31-35 mph","O: No Injury","White","Female","Sport Utility","No","11NOV2010","Thursday","Motorist Overtaking Bicyclist",10,"Non-Intersection","November","C: Possible Injury",39540,"Motorist Overtaking - Bicyclist Swerved",2010,"Yes","No","Daylight","Straight - Level","US Route","Dry","Two-Way, Not Divided","None","No Special Feature","Coarse Asphalt",0,0,0,0,0,0,0,"2 lanes",2,0,NA,0,NA
1071,4606,"Rocky Mount","Nash","Coastal","Residential","Urban (>70% Developed)",NA,"Urban","30 - 35  MPH","Stop Sign","Clear","No",57,"50-59","No",NA,"Facing Traffic","O: No Injury","Sidewalk / Crosswalk / Driveway Crossing","Black","Male",44,"40-49","No",NA,"0-5 mph","O: No Injury","Black","Female","Sport Utility","No","21NOV2010","Sunday","Motorist Failed to Yield - Midblock",13,"Non-Intersection","November","O: No Injury",50160,"Motorist Drive Out - Commercial Driveway / Alley",2010,"No","No","Daylight","Straight - Level","Public Vehicular Area","Dry","Two-Way, Not Divided","None","Driveway, Public","Smooth Asphalt",0,0,0,0,0,0,0,"2 lanes",2,0,NA,0,NA
1072,4611,"Durham","Durham","Piedmont","Residential","Urban (>70% Developed)",NA,"Urban","30 - 35  MPH","No Control Present","Rain","No",9,"6-10","No",NA,"With Traffic","C: Possible Injury","Travel Lane","Black","Male",22,"20-24","No",NA,"16-20 mph","O: No Injury","Black","Female","Passenger Car","No","25DEC2010","Saturday","Motorist Overtaking Bicyclist",17,"Intersection-Related","December","C: Possible Injury",64380,"Motorist Overtaking - Other / Unknown",2010,"No","No","Dark - Lighted Roadway","Straight - Level","Local Street","Wet","Two-Way, Not Divided","None","No Special Feature","Smooth Asphalt",0,0,0,0,0,0,0,"2 lanes",2,0,NA,0,NA
1073,4617,"Raleigh","Wake","Piedmont","Residential","Urban (>70% Developed)",NA,"Urban","30 - 35  MPH","Stop And Go Signal","Clear","No",37,"30-39","No",NA,"With Traffic","C: Possible Injury","Sidewalk / Crosswalk / Driveway Crossing","Black","Male",56,"50-59","No",NA,"31-35 mph","O: No Injury","White","Female","Passenger Car","No","13DEC2010","Monday","Parallel Paths - Other Circumstances",20,"Non-Intersection","December","C: Possible Injury",72180,"Bicyclist Ride Out - Parallel Path",2010,"Yes","No","Dark - Lighted Roadway","Straight - Level","Local Street","Dry","One-Way, Not Divided","None","T-Intersection","Smooth Asphalt",0,0,0,0,0,0,0,"1 lane",2,0,NA,0,NA
1074,4626,"Woodfin","Buncombe","Mountains","Residential","Mixed (30% To 70% Developed)",NA,"Rural","30 - 35  MPH","No Control Present","Rain","No",40,"40-49","No",NA,"Facing Traffic","B: Evident Injury","Travel Lane","White","Female",32,"30-39","No",NA,"0-5 mph","O: No Injury","White","Female","Passenger Car","No","27AUG2010","Friday","Head-On",18,"Non-Intersection","August","B: Evident Injury",64860,"Head-On - Bicyclist",2010,"No","No","Daylight","Curve - Level","State Secondary Route","Wet","Two-Way, Not Divided","None","No Special Feature","Smooth Asphalt",0,0,0,0,0,0,0,"2 lanes",3,0,NA,0,NA
1075,4630,"Raleigh","Wake","Piedmont","Residential","Urban (>70% Developed)",NA,"Urban","20 - 25  MPH","Stop Sign","Clear","No",13,"11-15","No",NA,"With Traffic","A: Disabling Injury","Travel Lane","Black","Male",NA,"70+","No",NA,"6-10 mph","O: No Injury","Black","Male","Van","No","24DEC2010","Friday","Bicyclist Failed to Yield - Sign-Controlled Intersection",13,"Intersection","December","A: Disabling Injury",49800,"Bicyclist Ride Through - Sign-Controlled Intersection",2010,"Yes","No","Daylight","Straight - Grade","Local Street","Dry","Two-Way, Not Divided","None","T-Intersection","Coarse Asphalt",0,0,0,0,0,0,0,"2 lanes",2,0,NA,0,NA
1076,4634,"Greenville","Pitt","Coastal","Commercial","Urban (>70% Developed)",NA,"Urban","50 - 55  MPH","Stop And Go Signal","Clear","No",44,"40-49","No",NA,"Not Applicable","C: Possible Injury","Travel Lane","Black","Male",36,"30-39","No",NA,"31-35 mph","O: No Injury","Black","Male","Passenger Car","No","23NOV2010","Tuesday","Bicyclist Failed to Yield - Signalized Intersection",14,"Intersection-Related","November","C: Possible Injury",53940,"Bicyclist Ride Through - Signalized Intersection",2010,"No","No","Daylight","Straight - Level","NC Route","Dry","Two-Way, Divided, Unprotected Median","None","No Special Feature","Smooth Asphalt",0,0,0,0,0,0,0,"2 lanes",2,0,NA,0,NA
1077,4635,"None - Rural Crash","Alamance","Piedmont","Institutional","Mixed (30% To 70% Developed)",NA,"Rural","20 - 25  MPH","No Control Present","Clear","No",22,"20-24","No",NA,"Facing Traffic","C: Possible Injury","Sidewalk / Crosswalk / Driveway Crossing","White","Male",58,"50-59","No",NA,"0-5 mph","O: No Injury","White","Female","Passenger Car","No","06MAY2010","Thursday","Motorist Failed to Yield - Midblock",16,"Non-Intersection","May","C: Possible Injury",57600,"Motorist Drive Out - Other Midblock",2010,"No","No","Daylight","Straight - Level","State Secondary Route","Dry","Two-Way, Not Divided","None","Driveway, Public","Smooth Asphalt",0,0,0,0,0,0,0,"2 lanes",2,0,NA,0,NA
1078,4638,"Conover","Catawba","Piedmont","Commercial","Urban (>70% Developed)",NA,"Urban","30 - 35  MPH","Stop Sign","Cloudy","No",42,"40-49","No",NA,"Facing Traffic","C: Possible Injury","Sidewalk / Crosswalk / Driveway Crossing","White","Male",67,"60-69","No",NA,"21-25 mph","O: No Injury","White","Male","Passenger Car","No","06JAN2009","Tuesday","Motorist Right Turn / Merge",13,"Intersection","January","C: Possible Injury",48600,"Motorist Right Turn - Opposite Direction",2009,"No","No","Daylight","Straight - Level","Local Street","Wet","Two-Way, Not Divided","None","Four-Way Intersection","Smooth Asphalt",0,0,0,0,0,0,0,"2 lanes",2,0,NA,0,NA
1079,4640,"Durham","Durham","Piedmont","Residential","Urban (>70% Developed)",NA,"Urban","5 - 15 MPH","No Control Present","Clear","No",25,"25-29","No",NA,"Not Applicable","B: Evident Injury","Travel Lane","White","Male",29,"25-29","No",NA,"11-15 mph","O: No Injury","Hispanic","Female","Passenger Car","No","09JAN2009","Friday","Non-Roadway",22,"Non-Roadway","January","B: Evident Injury",81420,"Non-Roadway",2009,"No","No","Dark - Lighted Roadway","Straight - Bottom","Public Vehicular Area","Dry","Two-Way, Divided, Unprotected Median","None","T-Intersection","Coarse Asphalt",0,0,0,0,0,0,0,"2 lanes",2,0,NA,0,NA
1080,4641,"Cary","Wake","Piedmont","Residential","Urban (>70% Developed)",NA,"Urban","40 - 45  MPH","No Control Present","Clear","No",29,"25-29","No",NA,"With Traffic","C: Possible Injury","Travel Lane","Black","Male",25,"25-29","No",NA,"41-45 mph","O: No Injury","Other","Male","Motorcycle","No","14JAN2009","Wednesday","Motorist Overtaking Bicyclist",16,"Non-Intersection","January","C: Possible Injury",60540,"Motorist Overtaking - Bicyclist Swerved",2009,"Yes","No","Daylight","Straight - Level","State Secondary Route","Dry","Two-Way, Not Divided","None","No Special Feature","Smooth Asphalt",0,0,0,0,0,0,0,"5 lanes",2,0,NA,0,NA
1081,4644,"Durham","Durham","Piedmont","Commercial","Urban (>70% Developed)",NA,"Urban","30 - 35  MPH","Stop Sign","Clear","No",47,"40-49","No",NA,"Facing Traffic","C: Possible Injury","Travel Lane","Black","Male",52,"50-59","No",NA,"6-10 mph","O: No Injury","White","Female","Passenger Car","No","23JAN2009","Friday","Loss of Control / Turning Error",20,"Intersection","January","C: Possible Injury",73320,"Motorist Turning Error - Other",2009,"Yes","No","Dark - Lighted Roadway","Straight - Level","Local Street","Dry","Two-Way, Not Divided","None","No Special Feature","Smooth Asphalt",0,0,0,0,0,0,0,"5 lanes",2,0,NA,0,NA
1082,4655,"Charlotte","Mecklenburg","Piedmont","Residential","Urban (>70% Developed)",NA,"Urban","30 - 35  MPH","Stop Sign","Clear","No",24,"20-24","No",NA,"With Traffic","C: Possible Injury","Travel Lane","White","Male",29,"25-29","No",NA,"0-5 mph","O: No Injury","White","Male","Passenger Car","No","12JAN2009","Monday","Motorist Left Turn / Merge",7,"Intersection","January","C: Possible Injury",28560,"Motorist Left Turn - Opposite Direction",2009,"No","No","Daylight","Straight - Level","Local Street","Dry","Two-Way, Not Divided","None","T-Intersection","Smooth Asphalt",0,0,0,0,0,0,0,"4 lanes",2,0,NA,0,NA
1083,4657,"Wilmington","New Hanover","Coastal","Commercial","Urban (>70% Developed)",NA,"Urban",NA,"No Control Present","Cloudy","No",22,"20-24","No",NA,"Not Applicable","B: Evident Injury","Travel Lane","Black","Male",NA,NA,"Missing",NA,NA,"Unknown Injury","Unknown/Missing",NA,NA,"No","13JAN2009","Tuesday","Crossing Paths - Other Circumstances",19,"Intersection","January","B: Evident Injury",71820,"Crossing Paths - Intersection - Other / Unknown",2009,"Yes","Yes","Dark - Lighted Roadway","Straight - Level","US Route","Wet","Two-Way, Not Divided","None","No Special Feature","Coarse Asphalt",0,0,0,0,0,0,0,"5 lanes",2,0,NA,0,NA
1084,4662,"Raleigh","Wake","Piedmont","Residential","Urban (>70% Developed)",NA,"Urban","5 - 15 MPH","No Control Present","Clear","No",6,"6-10","No",NA,"With Traffic","B: Evident Injury","Travel Lane","Hispanic","Male",30,"30-39","No",NA,"11-15 mph","O: No Injury","Hispanic","Male","Sport Utility","No","10JAN2009","Saturday","Crossing Paths - Other Circumstances",17,"Intersection","January","B: Evident Injury",64080,"Crossing Paths - Uncontrolled Intersection",2009,"Yes","No","Daylight","Straight - Level","Private Road, Driveway","Dry","Two-Way, Not Divided","None","No Special Feature","Smooth Asphalt",0,0,0,0,0,0,0,"2 lanes",2,0,NA,0,NA
1085,4664,"Kannapolis","Rowan","Piedmont","Residential","Urban (>70% Developed)",NA,"Urban","40 - 45  MPH","No Control Present","Clear","No",11,"11-15","No",NA,"With Traffic","A: Disabling Injury","Bike Lane / Paved Shoulder","Black","Male",60,"60-69","No",NA,"31-35 mph","O: No Injury","White","Male","Passenger Car","No","24JAN2009","Saturday","Motorist Overtaking Bicyclist",18,"Non-Intersection","January","A: Disabling Injury",66660,"Motorist Overtaking - Bicyclist Swerved",2009,"No","No","Dark - Roadway Not Lighted","Straight - Level","State Secondary Route","Dry","Two-Way, Not Divided","None","No Special Feature","Smooth Asphalt",0,0,0,0,0,0,0,"2 lanes",2,0,NA,0,NA
1086,4671,"None - Rural Crash","Currituck","Coastal","Residential","Mixed (30% To 70% Developed)",NA,"Rural",NA,"No Control Present","Clear","No",NA,"70+","No",NA,"With Traffic","A: Disabling Injury","Travel Lane","White","Male",29,"25-29","No",NA,"0-5 mph","O: No Injury","White","Male","Sport Utility","No","06FEB2009","Friday","Bicyclist Failed to Yield - Midblock",14,"Non-Intersection","February","A: Disabling Injury",52200,"Bicyclist Ride Out - Midblock - Unknown",2009,"Yes","No","Daylight","Curve - Grade","Public Vehicular Area","Dry","Two-Way, Not Divided","None","Driveway, Private","Coarse Asphalt",0,0,0,0,0,0,0,"2 lanes",2,0,NA,0,NA
1087,4684,"None - Rural Crash","Robeson","Coastal","Residential","Mixed (30% To 70% Developed)",NA,"Rural","50 - 55  MPH","No Control Present","Clear","No",43,"40-49","No",NA,"With Traffic","C: Possible Injury","Travel Lane","Native American","Male",26,"25-29","No",NA,"51-55 mph","O: No Injury","Black","Female","Sport Utility","No","05MAR2009","Thursday","Motorist Overtaking Bicyclist",17,"Non-Intersection","March","C: Possible Injury",63780,"Motorist Overtaking - Undetected Bicyclist",2009,"No","No","Daylight","Straight - Level","NC Route","Dry","Two-Way, Not Divided","None","No Special Feature","Coarse Asphalt",0,0,0,0,0,0,0,"2 lanes",2,0,NA,0,NA
1088,4691,"None - Rural Crash","Union","Piedmont","Residential","Mixed (30% To 70% Developed)",NA,"Rural","30 - 35  MPH","Stop Sign","Clear","No",7,"6-10","No",NA,"With Traffic","B: Evident Injury","Travel Lane","White","Male",58,"50-59","No",NA,"21-25 mph","O: No Injury","White","Female","Passenger Car","No","10MAR2009","Tuesday","Bicyclist Failed to Yield - Sign-Controlled Intersection",18,"Intersection","March","B: Evident Injury",68040,"Bicyclist Ride Through - Sign-Controlled Intersection",2009,"Yes","No","Daylight","Straight - Grade","State Secondary Route","Dry","Two-Way, Not Divided","None","Four-Way Intersection","Smooth Asphalt",0,0,0,0,0,0,0,"2 lanes",2,0,NA,0,NA
1089,4692,"Matthews","Mecklenburg","Piedmont","Commercial","Urban (>70% Developed)",NA,"Urban","20 - 25  MPH","Stop Sign","Clear","No",52,"50-59","No",NA,"Facing Traffic","B: Evident Injury","Travel Lane","Black","Male",34,"30-39","No",NA,"0-5 mph","O: No Injury","White","Male","Passenger Car","No","23FEB2009","Monday","Motorist Failed to Yield - Sign-Controlled Intersection",15,"Intersection","February","B: Evident Injury",57300,"Motorist Drive Out - Sign-Controlled Intersection",2009,"Yes","No","Daylight","Straight - Grade","NC Route","Dry","Two-Way, Divided, Unprotected Median","None","T-Intersection","Smooth Asphalt",0,0,0,0,0,0,0,"4 lanes",2,0,NA,0,NA
1090,4693,"None - Rural Crash","Currituck","Coastal","Farms, Woods, Pastures","Rural (<30% Developed)",NA,"Rural","50 - 55  MPH","No Control Present","Clear","No",55,"50-59","Yes",NA,"With Traffic","C: Possible Injury","Travel Lane","Hispanic","Male",47,"40-49","No",NA,"51-55 mph","O: No Injury","Black","Male","Passenger Car","Yes","15FEB2009","Sunday","Motorist Overtaking Bicyclist",20,"Non-Intersection","February","C: Possible Injury",73560,"Motorist Overtaking - Bicyclist Swerved",2009,"Yes","No","Dark - Roadway Not Lighted","Straight - Level","US Route","Dry","Two-Way, Not Divided","None","No Special Feature","Smooth Asphalt",0,0,0,0,0,0,0,"2 lanes",2,0,NA,0,NA
1091,4694,"Greensboro","Guilford","Piedmont","Institutional","Urban (>70% Developed)",NA,"Urban","20 - 25  MPH","Stop And Go Signal","Clear","No",20,"20-24","No",NA,"With Traffic","B: Evident Injury","Bike Lane / Paved Shoulder","White","Male",22,"20-24","No",NA,"6-10 mph","O: No Injury","White","Female","Passenger Car","No","11FEB2009","Wednesday","Motorist Right Turn / Merge",13,"Intersection-Related","February","B: Evident Injury",50040,"Motorist Right Turn - Same Direction",2009,"Yes","No","Daylight","Straight - Level","Local Street","Dry","Two-Way, Divided, Unprotected Median","None","T-Intersection","Smooth Asphalt",0,0,0,0,0,0,0,"4 lanes",2,0,NA,0,NA
1092,4696,"Trinity","Randolph","Piedmont","Farms, Woods, Pastures","Rural (<30% Developed)",NA,"Urban","50 - 55  MPH","Other","Clear","No",48,"40-49","No",NA,"With Traffic","C: Possible Injury","Travel Lane","White","Male",69,"60-69","No",NA,"6-10 mph","O: No Injury","White","Male","Passenger Car","No","11MAR2009","Wednesday","Crossing Paths - Other Circumstances",14,"Intersection","March","C: Possible Injury",53400,"Crossing Paths - Intersection - Other / Unknown",2009,"No","No","Daylight","Straight - Level","State Secondary Route",NA,"Two-Way, Not Divided","None","T-Intersection","Smooth Asphalt",0,0,0,0,0,0,0,"2 lanes",2,0,NA,0,NA