"...1","object_id","city","county","region","development","locality","on_road","rural_urban","speed_limit","traffic_control","weather","workzone","bike_age","bike_age_group","bike_alcohol","bike_alcohol_drugs","bike_direction","bike_injury","bike_position","bike_race","bike_sex","driver_age","driver_age_group","driver_alcohol","driver_alcohol_drugs","driver_est_speed","driver_injury","driver_race","driver_sex","driver_vehicle_type","crash_alcohol","crash_date","crash_day","crash_group","crash_hour","crash_location","crash_month","crash_severity","crash_time","crash_type","crash_year","ambulance_req","hit_run","light_condition","road_character","road_class","road_condition","road_configuration","road_defects","road_feature","road_surface","num_bikes_ai","num_bikes_bi","num_bikes_ci","num_bikes_ki","num_bikes_no","num_bikes_to","num_bikes_ui","num_lanes","num_units","distance_mi_from","frm_road","rte_invd_cd","towrd_road"
1093,4697,"None - Rural Crash","Johnston","Coastal","Farms, Woods, Pastures","Rural (<30% Developed)",NA,"Rural","50 - 55  MPH","Double Yellow Line, No Passing Zone","Clear","No",51,"50-59","No",NA,"With Traffic","C: Possible Injury","Travel Lane","White","Male",51,"50-59","No",NA,"0-5 mph","O: No Injury","White","Male","Passenger Car","No","05MAR2009","Thursday","Bicyclist Overtaking Motorist",16,"Intersection-Related","March","C: Possible Injury",60300,"Bicyclist Overtaking - Other / Unknown",2009,"Yes","No","Daylight","Straight - Level","State Secondary Route","Dry","Two-Way, Not Divided","None","T-Intersection","Smooth Asphalt",0,0,0,0,0,0,0,"2 lanes",2,0,NA,0,NA
1094,4705,"Statesville","Iredell","Piedmont","Residential","Urban (>70% Developed)",NA,"Urban","30 - 35  MPH","No Control Present","Clear","No",26,"25-29","Yes",NA,NA,"B: Evident Injury",NA,"White","Male",NA,NA,"Missing",NA,NA,"Unknown Injury","Unknown/Missing",NA,NA,"Yes","12MAR2009","Thursday","Other / Unknown - Insufficient Details",20,"Intersection-Related","March","B: Evident Injury",72900,"Unknown Approach Paths",2009,"No","Yes","Dark - Lighted Roadway","Straight - Level","Local Street","Dry","Two-Way, Not Divided","None","No Special Feature","Smooth Asphalt",0,0,0,0,0,0,0,"2 lanes",2,0,NA,0,NA
1095,4712,"Elizabeth City","Pasquotank","Coastal","Residential","Mixed (30% To 70% Developed)",NA,"Urban","20 - 25  MPH","Stop Sign","Clear","No",9,"6-10","No",NA,NA,"C: Possible Injury",NA,"Black","Male",55,"50-59","No",NA,"16-20 mph","O: No Injury","Black","Male","Passenger Car","No","17MAR2009","Tuesday","Other / Unknown - Insufficient Details",17,"Intersection","March","C: Possible Injury",63000,"Unknown Approach Paths",2009,"Yes","No","Daylight","Straight - Level","Local Street","Dry","Two-Way, Divided, Unprotected Median","None","No Special Feature","Grooved Concrete",0,0,0,0,0,0,0,"2 lanes",2,0,NA,0,NA
1096,4714,"Charlotte","Mecklenburg","Piedmont","Residential","Urban (>70% Developed)",NA,"Urban","20 - 25  MPH","No Control Present","Clear","No",9,"6-10","No",NA,"Not Applicable","B: Evident Injury","Multi-use Path","Black","Male",69,"60-69","No",NA,"16-20 mph","O: No Injury","White","Female","Van","No","17MAR2009","Tuesday","Bicyclist Failed to Yield - Midblock",17,"Non-Intersection","March","B: Evident Injury",63540,"Bicyclist Ride Out - Other Midblock",2009,"Yes","No","Daylight","Straight - Level","Local Street","Dry","Two-Way, Not Divided","None","No Special Feature","Smooth Asphalt",0,0,0,0,0,0,0,"2 lanes",2,0,NA,0,NA
1097,4722,"Durham","Durham","Piedmont","Residential","Urban (>70% Developed)",NA,"Urban","30 - 35  MPH","Stop And Go Signal","Clear","No",47,"40-49","No",NA,"With Traffic","B: Evident Injury","Travel Lane","Black","Male",NA,NA,"Missing",NA,"11-15 mph","Unknown Injury","Unknown/Missing",NA,"Passenger Car","No","04APR2009","Saturday","Motorist Overtaking Bicyclist",3,"Intersection","April","B: Evident Injury",12600,"Motorist Overtaking - Other / Unknown",2009,"Yes","Yes","Dark - Lighted Roadway","Straight - Level","Local Street","Dry","Two-Way, Not Divided","None","No Special Feature","Concrete",0,0,0,0,0,0,0,"2 lanes",2,0,NA,0,NA
1098,4723,"Concord","Cabarrus","Piedmont","Residential","Urban (>70% Developed)",NA,"Urban","20 - 25  MPH","Stop Sign","Clear","No",10,"6-10","No",NA,"Facing Traffic","B: Evident Injury","Travel Lane","Black","Male",38,"30-39","No",NA,"0-5 mph","O: No Injury","White","Female","Sport Utility","No","21MAR2009","Saturday","Motorist Failed to Yield - Sign-Controlled Intersection",11,"Intersection-Related","March","B: Evident Injury",42720,"Motorist Drive Out - Sign-Controlled Intersection",2009,"Yes","No","Daylight","Straight - Level","Local Street","Dry","Two-Way, Not Divided","None","T-Intersection","Coarse Asphalt",0,0,0,0,0,0,0,"2 lanes",2,0,NA,0,NA
1099,4727,"Wilmington","New Hanover","Coastal","Residential","Urban (>70% Developed)",NA,"Urban","30 - 35  MPH","Stop And Go Signal","Cloudy","No",29,"25-29","No",NA,"With Traffic","C: Possible Injury","Travel Lane","White","Female",NA,"70+","No",NA,"31-35 mph","O: No Injury","White","Male","Passenger Car","No","14MAR2009","Saturday","Motorist Overtaking Bicyclist",9,"Non-Intersection","March","C: Possible Injury",35700,"Motorist Overtaking - Other / Unknown",2009,"No","No","Daylight","Straight - Level","Local Street","Dry","Two-Way, Not Divided","None","No Special Feature","Coarse Asphalt",0,0,0,0,0,0,0,"2 lanes",2,0,NA,0,NA
1100,4742,"None - Rural Crash","Robeson","Coastal","Farms, Woods, Pastures","Rural (<30% Developed)",NA,"Rural","50 - 55  MPH","No Control Present","Clear","No",49,"40-49","No",NA,"With Traffic","A: Disabling Injury","Travel Lane","Black","Male",35,"30-39","No",NA,"51-55 mph","O: No Injury","Native American","Female","Sport Utility","No","08APR2009","Wednesday","Parallel Paths - Other Circumstances",19,"Non-Intersection","April","A: Disabling Injury",69000,"Parallel Paths - Other / Unknown",2009,"Yes","No","Daylight","Straight - Level","State Secondary Route","Dry","Two-Way, Not Divided","None","No Special Feature","Coarse Asphalt",0,0,0,0,0,0,0,"2 lanes",2,0,NA,0,NA
1101,704,"Wilmington","New Hanover","Coastal","Commercial","Urban (>70% Developed)","S KERR AVE","Urban","30 - 35  MPH","No Control Present","Clear","No",21,"20-24",NA,"No","With Traffic","A: Disabling Injury","Bike Lane / Paved Shoulder","White","Male",NA,"70+",NA,"No","26-30 mph","O: No Injury","White","Female","Passenger Car","No","24OCT2014","Friday","Motorist Left Turn / Merge",15,"Intersection","October","A: Disabling Injury",55800,"Motorist Left Turn - Opposite Direction",2014,"Yes","No","Daylight","Straight - Level","Local Street","Dry","Two-Way, Not Divided","None","No Special Feature","Smooth Asphalt",1,0,0,0,0,1,0,"2 lanes",2,0,"FOUNTAIN DR",40001175,"RANDALL PKY"
1102,710,"Charlotte","Mecklenburg","Piedmont","Residential","Urban (>70% Developed)","LAWYERS ROAD","Urban","30 - 35  MPH","No Control Present","Clear","No",34,"30-39",NA,"No","With Traffic","C: Possible Injury","Travel Lane","White","Male",NA,"70+",NA,"No","0-5 mph","O: No Injury","White","Female","Passenger Car","No","04NOV2014","Tuesday","Motorist Overtaking Bicyclist",17,"Non-Intersection","November","C: Possible Injury",63240,"Motorist Overtaking - Misjudged Space",2014,"Yes","No","Dawn","Straight - Level","Local Street","Dry","Two-Way, Divided, Unprotected Median","None","No Special Feature","Smooth Asphalt",0,0,1,0,0,1,0,"2 lanes",2,0.038,"SPICEWOOD DRIVE",40003128,"MORRIS POND DRIVE"
1103,712,"Wrightsville Beach",NA,"Coastal","Residential","Mixed (30% To 70% Developed)","NORTH LUMINA AVE","Rural","20 - 25  MPH","No Control Present","Clear","No",25,"25-29",NA,"No","With Traffic","B: Evident Injury","Travel Lane","White","Male",28,"25-29",NA,"No","0-5 mph","O: No Injury","Black","Male","Passenger Car","No","24OCT2014","Friday","Parallel Paths - Other Circumstances",14,"Non-Intersection","October","B: Evident Injury",53520,"Motorist Turn / Merge - Other / Unknown",2014,"No","No","Daylight","Straight - Level","Local Street","Dry","Two-Way, Not Divided","None","No Special Feature","Smooth Asphalt",0,1,0,0,0,1,0,"2 lanes",2,0.019,"PARMELE BLVD",20000074,"CIRCLE DR"
1104,719,"Waxhaw","Union","Piedmont","Residential","Urban (>70% Developed)","WAXHAW MARVIN RD","Rural","40 - 45  MPH","No Control Present","Clear","No",56,"50-59",NA,"No","With Traffic","B: Evident Injury","Travel Lane","White","Male",17,"0-19",NA,"No","41-45 mph","O: No Injury","White","Male","Passenger Car","No","19OCT2014","Sunday","Motorist Left Turn / Merge",10,"Intersection","October","B: Evident Injury",38040,"Motorist Left Turn - Opposite Direction",2014,"Yes","No","Daylight","Straight - Grade","Local Street","Dry","Two-Way, Not Divided","None","No Special Feature","Coarse Asphalt",0,2,0,0,0,2,0,"2 lanes",3,0,"EXBURY GARDENS DR",0,"KENSINGTON DR"
1105,720,"Winston-Salem","Forsyth","Piedmont","Commercial","Rural (<30% Developed)","INDIANA AVE","Urban","40 - 45  MPH","No Control Present","Clear","No",16,"16-19",NA,"No","Not Applicable","B: Evident Injury","Non-Roadway","Black","Male",34,"30-39",NA,"No","0-5 mph","O: No Injury","Black","Male","Sport Utility","No","27OCT2014","Monday","Bicyclist Failed to Yield - Midblock",19,"Non-Intersection","October","B: Evident Injury",69660,"Bicyclist Ride Out - Commercial Driveway / Alley",2014,"Yes","No","Dark - Lighted Roadway","Straight - Level","Local Street","Dry","Two-Way, Not Divided","None","No Special Feature","Coarse Asphalt",0,1,0,0,0,1,0,"4 lanes",2,0,"PERIMETER PINT DR",0,NA
1106,729,"Washington","Beaufort","Coastal","Commercial","Urban (>70% Developed)","US 17","Urban","30 - 35  MPH","Stop And Go Signal","Clear","No",36,"30-39",NA,"No","Facing Traffic","O: No Injury","Travel Lane","White","Male",NA,"70+",NA,"No","31-35 mph","O: No Injury","White","Female","Passenger Car","No","28OCT2014","Tuesday","Bicyclist Failed to Yield - Signalized Intersection",16,"Intersection","October","O: No Injury",60120,"Bicyclist Ride Through - Signalized Intersection",2014,"No","No","Daylight","Straight - Level","US Route","Dry","Two-Way, Not Divided","None","Four-Way Intersection","Coarse Asphalt",0,0,0,0,1,1,0,"5 lanes",2,0,"W MAIN ST",29000017,"W 2ND ST"
1107,740,"Rolesville","Wake","Piedmont","Residential","Urban (>70% Developed)","WEST YOUNG ST","Rural","30 - 35  MPH","Stop Sign","Clear","No",NA,"70+",NA,"No","Facing Traffic","B: Evident Injury","Travel Lane","White","Male",33,"30-39",NA,"No","0-5 mph","O: No Injury","White","Female","Light Truck (Mini-Van, Panel)","No","12NOV2014","Wednesday","Motorist Failed to Yield - Sign-Controlled Intersection",20,"Intersection","November","B: Evident Injury",72840,"Motorist Drive Out - Sign-Controlled Intersection",2014,"Yes","No","Daylight","Straight - Level","Local Street","Dry","Two-Way, Not Divided","None","No Special Feature","Smooth Asphalt",0,1,0,0,0,1,0,"2 lanes",2,0,"DANIELS PARK RD",40001945,"BIG WILLOW WAY"
1108,742,"Charlotte","Mecklenburg","Piedmont","Commercial","Rural (<30% Developed)","N TRYON STREET","Urban","20 - 25  MPH","No Control Present","Clear","No",23,"20-24",NA,"No","With Traffic","C: Possible Injury","Travel Lane","Black","Male",40,"40-49",NA,"No",NA,"O: No Injury","Black","Male","Van","No","21NOV2014","Friday","Bicyclist Overtaking Motorist",11,"Non-Intersection","November","C: Possible Injury",42840,"Bicyclist Overtaking - Extended Door",2014,"Yes","No","Daylight","Straight - Level","Local Street","Dry","Two-Way, Not Divided","None","No Special Feature","Smooth Asphalt",0,0,1,0,0,1,0,"4 lanes",2,0.009,"6TH STREET",50031062,"5TH STREET"
1109,744,"Winston-Salem","Forsyth","Piedmont","Residential","Urban (>70% Developed)","REYNOLDA RD","Urban","30 - 35  MPH","No Control Present","Clear","No",31,"30-39",NA,"No","With Traffic","C: Possible Injury","Travel Lane","White","Male",29,"25-29",NA,"No","6-10 mph","O: No Injury","White","Male","Passenger Car","No","12NOV2014","Wednesday","Bicyclist Left Turn / Merge",8,"Non-Intersection","November","C: Possible Injury",29700,"Bicyclist Left Turn - Opposite Direction",2014,"No","No","Daylight","Straight - Level","Local Street","Dry","Two-Way, Divided, Positive Median Barrier","None","T-Intersection","Smooth Asphalt",0,0,1,0,0,1,0,"4 lanes",2,0.16,"FEM CLIFF DR",30000067,"FAIRLAWN RD"
1110,748,"Charlotte","Mecklenburg","Piedmont","Commercial","Urban (>70% Developed)","THE PLAZA","Urban","30 - 35  MPH","No Control Present","Clear","No",35,"30-39",NA,"No","Facing Traffic","B: Evident Injury","Sidewalk / Crosswalk / Driveway Crossing","White","Male",42,"40-49",NA,"No","11-15 mph","O: No Injury","Black","Female","Passenger Car","No","30NOV2014","Sunday","Motorist Right Turn / Merge",17,"Non-Intersection","November","B: Evident Injury",64320,"Motorist Right Turn - Opposite Direction",2014,"Yes","No","Dusk","Straight - Level","Local Street","Dry","Two-Way, Divided, Unprotected Median","None","No Special Feature","Concrete",0,1,0,0,0,1,0,"4 lanes",2,0.019,"EASTWAY DR",40002935,"TREMBETH DR"
1111,749,"Asheville","Buncombe","Mountains","Residential","Urban (>70% Developed)","MYRTLE AVE","Urban","20 - 25  MPH","Stop Sign","Clear","No",NA,NA,NA,"No","With Traffic","Unknown Injury","Travel Lane","Unknown/Missing",NA,35,"30-39",NA,"No","0-5 mph","O: No Injury","White","Female","Passenger Car","No","12NOV2014","Wednesday","Motorist Left Turn / Merge",15,"Intersection","November","O: No Injury",56580,"Motorist Left Turn - Opposite Direction",2014,"No","No","Daylight","Straight - Level","Local Street","Dry","Two-Way, Divided, Unprotected Median","None","T-Intersection","Coarse Asphalt",0,0,0,0,0,1,1,"2 lanes",2,0.001,"MCDOWELL ST",0,"PINE GROVE AVE"
1112,752,"Belmont","Gaston","Piedmont","Commercial","Urban (>70% Developed)","29","Urban","50 - 55  MPH","No Control Present","Clear","No",NA,"70+",NA,"No","With Traffic","B: Evident Injury","Bike Lane / Paved Shoulder","White","Female",50,"50-59",NA,"No","21-25 mph","O: No Injury","White","Male","Sport Utility","No","22NOV2014","Saturday","Motorist Overtaking Bicyclist",15,"Non-Intersection","November","B: Evident Injury",54120,"Motorist Overtaking - Bicyclist Swerved",2014,"No","No","Daylight","Straight - Level","NC Route","Dry","Two-Way, Not Divided","None","No Special Feature","Coarse Asphalt",0,1,0,0,0,1,0,"2 lanes",2,1,"OLD DOWD RD",20000029,"CATAWBA ST"
1113,755,"Harmony","Iredell","Piedmont","Commercial","Urban (>70% Developed)","SR 1843","Rural","40 - 45  MPH","Double Yellow Line, No Passing Zone","Clear","No",65,"60-69",NA,"No","Not Applicable","B: Evident Injury","Non-Roadway","Black","Male",62,"60-69",NA,"No","41-45 mph","O: No Injury","White","Female","Sport Utility","No","24NOV2014","Monday","Bicyclist Failed to Yield - Midblock",10,"Non-Intersection","November","B: Evident Injury",36300,"Bicyclist Ride Out - Commercial Driveway / Alley",2014,"Yes","No","Daylight","Straight - Level","State Secondary Route","Dry","Two-Way, Not Divided","None","T-Intersection","Smooth Asphalt",0,1,0,0,0,1,0,"2 lanes",2,0.007,"21",40001843,"1939"
1114,756,"Durham","Durham","Piedmont","Commercial","Urban (>70% Developed)","N ROXBORO RD","Urban","40 - 45  MPH","No Control Present","Clear","No",56,"50-59",NA,"No","With Traffic","K: Killed","Travel Lane","White","Male",NA,NA,NA,"Missing","36-40 mph","Unknown Injury","Unknown/Missing",NA,NA,"No","19NOV2014","Wednesday","Motorist Overtaking Bicyclist",9,"Intersection-Related","November","K: Killed",34680,"Motorist Overtaking - Other / Unknown",2014,"Yes","Yes","Dark - Lighted Roadway","Curve - Level","Local Street","Dry","Two-Way, Not Divided","None","T-Intersection","Smooth Asphalt",0,0,0,1,0,1,0,"4 lanes",2,0,"OLD FARM RD",20000501,"ARGONNE DR"
1115,757,"Greensboro","Guilford","Piedmont","Commercial","Urban (>70% Developed)","W LEE ST","Urban","30 - 35  MPH","Stop And Go Signal","Clear","No",20,"20-24",NA,"Yes-Drugs, impairment suspected","With Traffic","B: Evident Injury","Sidewalk / Crosswalk / Driveway Crossing","White","Male",32,"30-39",NA,"No","31-35 mph","O: No Injury","Black","Male","Passenger Car","No","20NOV2014","Thursday","Bicyclist Failed to Yield - Signalized Intersection",18,"Intersection","November","B: Evident Injury",67500,"Bicyclist Ride Through - Signalized Intersection",2014,"Yes","No","Dark - Lighted Roadway","Straight - Level","Local Street","Dry","Two-Way, Divided, Positive Median Barrier","None","Four-Way Intersection","Smooth Asphalt",0,1,0,0,0,1,0,"5 lanes",2,0,"W AYCOCK ST",40004240,"NEAL ST"
1116,761,"Greensboro","Guilford","Piedmont","Institutional","Mixed (30% To 70% Developed)","SPRING GARDEN ST","Urban","30 - 35  MPH","Stop And Go Signal","Clear","No",25,"25-29",NA,"No","Facing Traffic","B: Evident Injury","Travel Lane","White","Male",40,"40-49",NA,"No","0-5 mph","O: No Injury","White","Male","Pickup","No","13NOV2014","Thursday","Motorist Failed to Yield - Signalized Intersection",14,"Intersection","November","B: Evident Injury",53100,"Motorist Drive Out - Right Turn on Red",2014,"Yes","No","Daylight","Straight - Level","Local Street","Dry","Two-Way, Not Divided","None","T-Intersection","Smooth Asphalt",0,1,0,0,0,1,0,"2 lanes",2,0,"W WENDOVER AVE",50028840,"MERRITT ST"
1117,762,"None - Rural Crash","Brunswick","Coastal","Commercial","Urban (>70% Developed)","NC 133","Rural","40 - 45  MPH","Double Yellow Line, No Passing Zone","Clear","Yes",22,"20-24",NA,"No","Facing Traffic","C: Possible Injury","Bike Lane / Paved Shoulder","Hispanic","Male",18,"0-19",NA,"No","31-35 mph","O: No Injury","White","Female","Sport Utility","No","27NOV2014","Thursday","Loss of Control / Turning Error",13,"Non-Intersection","November","C: Possible Injury",49560,"Motorist Lost Control - Oversteering, Improper Braking, Speed",2014,"Yes","No","Daylight","Straight - Level","NC Route","Dry","Two-Way, Not Divided","None","No Special Feature","Coarse Asphalt",0,0,1,0,0,1,0,"2 lanes",2,0.04,"PORT LOOP ROAD",30000133,"211"
1118,765,"None - Rural Crash","Johnston","Coastal","Farms, Woods, Pastures","Rural (<30% Developed)","SR 1560","Rural","50 - 55  MPH","Double Yellow Line, No Passing Zone","Clear","No",17,"16-19",NA,"No","With Traffic","B: Evident Injury","Travel Lane","Black","Male",28,"25-29",NA,"No","51-55 mph","B: Evident Injury","White","Male","Motorcycle","No","30NOV2014","Sunday","Motorist Overtaking Bicyclist",16,"Non-Intersection","November","B: Evident Injury",58500,"Motorist Overtaking - Bicyclist Swerved",2014,"No","No","Daylight","Straight - Bottom","State Secondary Route","Dry","Two-Way, Not Divided","None","No Special Feature","Smooth Asphalt",0,1,0,0,0,1,0,"2 lanes",2,0.25,"70",40001560,"1557"
1119,769,"Greensboro","Guilford","Piedmont","Institutional","Urban (>70% Developed)","WIMBUSH WAY","Urban","20 - 25  MPH","Stop Sign","Clear","No",24,"20-24",NA,"No","Facing Traffic","Unknown Injury","Sidewalk / Crosswalk / Driveway Crossing","White","Male",25,"25-29",NA,"No","0-5 mph","O: No Injury","Black","Female","Passenger Car","No","13NOV2014","Thursday","Motorist Failed to Yield - Sign-Controlled Intersection",14,"Intersection","November","O: No Injury",50400,"Motorist Drive Through - Sign-Controlled Intersection",2014,"No","No","Daylight","Straight - Level","Local Street","Dry","Two-Way, Not Divided","None","T-Intersection","Smooth Asphalt",0,0,0,0,0,1,1,"2 lanes",2,0,"BENBOW RD",50002300,NA
1120,773,"Winterville","Pitt","Coastal","Commercial","Urban (>70% Developed)","MILL ST","Urban","50 - 55  MPH","Stop Sign","Clear","No",34,"30-39",NA,"No","With Traffic","Unknown Injury","Travel Lane","Unknown/Missing",NA,50,"50-59",NA,"Yes-Alcohol,  impairment suspected","41-45 mph","O: No Injury","White","Male","Sport Utility","Yes","15NOV2014","Saturday","Motorist Overtaking Bicyclist",17,"Intersection-Related","November","O: No Injury",64200,"Motorist Overtaking - Other / Unknown",2014,"No","Yes","Daylight","Straight - Level","Local Street","Dry","Two-Way, Not Divided","None","No Special Feature","Smooth Asphalt",0,0,0,0,0,1,1,"2 lanes",2,0.003,"EMILY DR",40001149,"LAURIE ELLIS"
1121,786,"Fayetteville","Cumberland","Coastal","Commercial","Urban (>70% Developed)","SKIBO RD","Urban","40 - 45  MPH","Stop And Go Signal","Cloudy","No",21,"20-24",NA,"No","Facing Traffic","C: Possible Injury","Sidewalk / Crosswalk / Driveway Crossing","White","Female",49,"40-49",NA,"No","0-5 mph","O: No Injury","Black","Male","Pickup","No","06DEC2014","Saturday","Motorist Failed to Yield - Signalized Intersection",10,"Intersection","December","C: Possible Injury",38400,"Motorist Drive Out - Right Turn on Red",2014,"Yes","No","Daylight","Straight - Level","Local Street","Dry","Two-Way, Divided, Positive Median Barrier","None","T-Intersection","Coarse Asphalt",0,0,1,0,0,1,0,"7 lanes",2,0,"ALL AMERICAN EXP",20000401,"MCPHERSON CHURCH RD"
1122,789,"Wilmington",NA,"Coastal","Institutional","Urban (>70% Developed)","REYNOLDS DR","Urban","20 - 25  MPH","No Control Present","Clear","No",40,"40-49",NA,"Yes-Alcohol and Drugs, no impairment detected","Facing Traffic","B: Evident Injury","Bike Lane / Paved Shoulder","White","Male",40,"40-49",NA,"No","0-5 mph","O: No Injury","White","Female","Passenger Car","Yes","12NOV2014","Wednesday","Motorist Left Turn / Merge",13,"Non-Intersection","November","B: Evident Injury",49980,"Motorist Left Turn - Same Direction",2014,"Yes","No","Daylight","Straight - Level","Local Street","Dry","Two-Way, Divided, Unprotected Median","None","No Special Feature","Coarse Asphalt",0,1,0,0,0,1,0,"2 lanes",2,0.15,"RANDALL DR",0,"CAHILL DR"
1123,800,"Charlotte","Mecklenburg","Piedmont","Institutional","Urban (>70% Developed)","SOUTH BLVD","Urban","30 - 35  MPH","No Control Present","Clear","No",19,"16-19",NA,"No","With Traffic","B: Evident Injury","Sidewalk / Crosswalk / Driveway Crossing","White","Male",NA,NA,NA,"Missing","31-35 mph","Unknown Injury","Unknown/Missing",NA,NA,"No","26DEC2014","Friday","Loss of Control / Turning Error",14,"Non-Intersection","December","B: Evident Injury",53400,"Motorist Lost Control - Other / Unknown",2014,"Yes","Yes","Dusk","Straight - Grade","Local Street","Dry","Two-Way, Not Divided","None","No Special Feature","Smooth Asphalt",0,1,0,0,0,1,0,"4 lanes",2,0.114,"STERLING DR",50028612,"BRIABEND DR"
1124,814,"Belmont","Gaston","Piedmont","Residential","Urban (>70% Developed)","MAIN STREET","Urban","30 - 35  MPH","No Control Present","Rain","No",68,"60-69",NA,"Missing","With Traffic","B: Evident Injury","Travel Lane","White","Male",NA,NA,NA,"No","11-15 mph","Unknown Injury","Unknown/Missing",NA,"Light Truck (Mini-Van, Panel)","No","22DEC2014","Monday","Bicyclist Overtaking Motorist",10,"Non-Intersection","December","B: Evident Injury",36000,"Bicyclist Overtaking - Parked Vehicle",2014,"Yes","No","Daylight","Straight - Level","NC Route","Wet","Two-Way, Not Divided","None","No Special Feature","Coarse Asphalt",0,1,0,0,0,1,0,"2 lanes",2,0.076,"CENTRAL AVENUE",50018682,"CEDAR STREET"
1125,819,"Raleigh","Wake","Piedmont","Residential","Urban (>70% Developed)","GORMAN ST","Urban","30 - 35  MPH","No Control Present","Clear","No",20,"20-24",NA,"No","With Traffic","C: Possible Injury","Travel Lane","White","Male",27,"25-29",NA,"No","31-35 mph","C: Possible Injury","White","Male","Passenger Car","No","30DEC2014","Tuesday","Motorist Overtaking Bicyclist",22,"Non-Intersection","December","C: Possible Injury",81840,"Motorist Overtaking - Undetected Bicyclist",2014,"Yes","No","Dark - Roadway Not Lighted","Straight - Hillcrest","Local Street","Dry","Two-Way, Not Divided","None","No Special Feature","Smooth Asphalt",0,0,1,0,0,1,0,"3 lanes",2,0.049,"MARCOM ST",50012171,"GREENLEAF ST"
1126,820,"High Point","Guilford","Piedmont","Residential","Urban (>70% Developed)","EASTCHESTER DR","Urban","40 - 45  MPH","No Control Present","Clear","No",48,"40-49",NA,"No","With Traffic","C: Possible Injury","Travel Lane","Black","Male",NA,NA,NA,"Missing",NA,"Unknown Injury","Unknown/Missing",NA,NA,"No","15DEC2014","Monday","Motorist Overtaking Bicyclist",17,"Non-Intersection","December","C: Possible Injury",62520,"Motorist Overtaking - Undetected Bicyclist",2014,"Yes","Yes","Dark - Lighted Roadway","Straight - Level","NC Route","Dry","Two-Way, Divided, Unprotected Median","None","No Special Feature","Smooth Asphalt",0,0,1,0,0,1,0,"4 lanes",2,0.019,"TIMBERLAKE DR",30000068,"YORK AVE"
1127,824,"Raleigh","Wake","Piedmont","Commercial","Urban (>70% Developed)","E EDENTON ST","Urban","30 - 35  MPH","Stop And Go Signal","Clear","No",18,"16-19",NA,"No","With Traffic","C: Possible Injury","Travel Lane","Black","Male",NA,NA,NA,"Missing","6-10 mph","Unknown Injury","Unknown/Missing",NA,"Passenger Car","No","30DEC2014","Tuesday","Loss of Control / Turning Error",13,"Intersection-Related","December","C: Possible Injury",48600,"Motorist Turning Error - Other",2014,"No","Yes","Daylight","Straight - Level","Local Street","Dry","One-Way, Not Divided","None","Four-Way Intersection","Smooth Asphalt",0,0,1,0,0,1,0,"2 lanes",2,0.003,"N MCDOWELL ST",40002298,"N SALISBURY ST"
1128,830,"Burlington","Alamance","Piedmont","Residential","Urban (>70% Developed)","US 70","Urban","40 - 45  MPH","Stop Sign","Rain","No",54,"50-59",NA,"No","With Traffic","B: Evident Injury","Travel Lane","White","Male",16,"0-19",NA,"No","6-10 mph","O: No Injury","White","Female","Passenger Car","No","31OCT2014","Friday","Motorist Failed to Yield - Sign-Controlled Intersection",23,"Intersection","October","B: Evident Injury",83100,"Motorist Drive Out - Sign-Controlled Intersection",2014,"Yes","No","Dark - Roadway Not Lighted","Straight - Level","US Route","Wet","Two-Way, Not Divided","None","T-Intersection","Concrete",0,1,0,0,0,1,0,"2 lanes",3,0.002,"RANDOM LN (1900)",20000070,NA
1129,832,"Asheville","Buncombe","Mountains","Commercial","Urban (>70% Developed)","70","Urban","30 - 35  MPH","No Control Present","Cloudy","No",49,"40-49",NA,"No","With Traffic","B: Evident Injury","Travel Lane","White","Male",41,"40-49",NA,"No","16-20 mph","O: No Injury","White","Male","Passenger Car","No","14DEC2014","Sunday","Motorist Overtaking Bicyclist",16,"Non-Intersection","December","B: Evident Injury",60120,"Motorist Overtaking - Misjudged Space",2014,"Yes","No","Daylight","Straight - Grade","US Route","Dry","Two-Way, Divided, Unprotected Median","None","No Special Feature","Smooth Asphalt",0,1,0,0,0,1,0,"5 lanes",2,0.027,"RESTAURANT CT",20000070,"KENILWORTH RD"
1130,852,"Raleigh","Wake","Piedmont","Commercial","Urban (>70% Developed)","I 40","Urban","20 - 25  MPH","Stop And Go Signal","Clear","No",41,"40-49","No",NA,"Facing Traffic","C: Possible Injury","Travel Lane","Hispanic","Male",36,"30-39","No",NA,"0-5 mph","O: No Injury","Black","Female","Sport Utility","No","02JAN2013","Wednesday","Motorist Failed to Yield - Signalized Intersection",19,"Intersection","January","C: Possible Injury",71760,"Motorist Drive Out - Right Turn on Red",2013,"Yes","No","Dark - Lighted Roadway","Straight - Grade","Interstate","Dry","One-Way, Not Divided","None","On or Off Ramp","Smooth Asphalt",0,0,0,0,0,0,0,"2 lanes",2,0,NA,0,NA
1131,860,"Charlotte","Mecklenburg","Piedmont","Residential","Mixed (30% To 70% Developed)","LAWYERS RD","Urban","40 - 45  MPH","Stop And Go Signal","Clear","No",18,"16-19","No",NA,"Facing Traffic","B: Evident Injury","Sidewalk / Crosswalk / Driveway Crossing","White","Female",NA,NA,"Missing",NA,"31-35 mph","Unknown Injury","Unknown/Missing",NA,NA,"No","04JAN2013","Friday","Crossing Paths - Other Circumstances",17,"Intersection","January","B: Evident Injury",64320,"Signalized Intersection - Other / Unknown",2013,"No","Yes","Dark - Lighted Roadway","Straight - Level","Local Street","Dry","Two-Way, Not Divided","None","No Special Feature","Smooth Asphalt",0,0,0,0,0,0,0,"4 lanes",2,0,NA,0,NA