"...1","object_id","city","county","region","development","locality","on_road","rural_urban","speed_limit","traffic_control","weather","workzone","bike_age","bike_age_group","bike_alcohol","bike_alcohol_drugs","bike_direction","bike_injury","bike_position","bike_race","bike_sex","driver_age","driver_age_group","driver_alcohol","driver_alcohol_drugs","driver_est_speed","driver_injury","driver_race","driver_sex","driver_vehicle_type","crash_alcohol","crash_date","crash_day","crash_group","crash_hour","crash_location","crash_month","crash_severity","crash_time","crash_type","crash_year","ambulance_req","hit_run","light_condition","road_character","road_class","road_condition","road_configuration","road_defects","road_feature","road_surface","num_bikes_ai","num_bikes_bi","num_bikes_ci","num_bikes_ki","num_bikes_no","num_bikes_to","num_bikes_ui","num_lanes","num_units","distance_mi_from","frm_road","rte_invd_cd","towrd_road"
1132,868,"Raleigh","Wake","Piedmont","Commercial","Urban (>70% Developed)","S MCDOWELL ST","Urban","30 - 35  MPH","Stop And Go Signal","Clear","No",20,"20-24","No",NA,"Facing Traffic","B: Evident Injury","Sidewalk / Crosswalk / Driveway Crossing","Black","Male",27,"25-29","No",NA,"0-5 mph","O: No Injury","Black","Male","Single Unit Truck (2-Axle, 6-Tire)","No","14JAN2013","Monday","Bicyclist Failed to Yield - Signalized Intersection",17,"Intersection","January","B: Evident Injury",63360,"Bicyclist Ride Out - Signalized  Intersection",2013,"Yes","No","Dusk","Straight - Level","Local Street","Dry","One-Way, Not Divided","None","No Special Feature","Smooth Asphalt",0,0,0,0,0,0,0,"3 lanes",2,0,NA,0,NA
1133,873,"Charlotte","Mecklenburg","Piedmont","Commercial","Urban (>70% Developed)","WEMBLEY DRIVE","Urban","20 - 25  MPH","Stop Sign","Clear","No",15,"11-15","No",NA,"With Traffic","C: Possible Injury","Sidewalk / Crosswalk / Driveway Crossing","Black","Male",64,"60-69","No",NA,"6-10 mph","O: No Injury","Black","Male","Passenger Car","No","26JAN2013","Saturday","Motorist Failed to Yield - Sign-Controlled Intersection",15,"Intersection","January","C: Possible Injury",55800,"Motorist Drive Out - Sign-Controlled Intersection",2013,"Yes","No","Daylight","Straight - Level","Local Street","Dry","Two-Way, Not Divided","None","T-Intersection","Smooth Asphalt",0,0,0,0,0,0,0,"2 lanes",2,0,NA,0,NA
1134,878,"Kinston","Lenoir","Coastal","Commercial","Urban (>70% Developed)","PARROTT AVE","Urban","30 - 35  MPH","Stop Sign","Clear","No",14,"11-15","No",NA,"Facing Traffic","O: No Injury","Sidewalk / Crosswalk / Driveway Crossing","Black","Male",30,"30-39","No",NA,"0-5 mph","O: No Injury","White","Male","Pickup","No","31JAN2013","Thursday","Backing Vehicle",18,"Intersection-Related","January","O: No Injury",65280,"Backing Vehicle",2013,"No","No","Dark - Lighted Roadway","Straight - Level","Local Street","Dry","Two-Way, Not Divided","None","T-Intersection","Coarse Asphalt",0,0,0,0,0,0,0,"2 lanes",2,0,NA,0,NA
1135,888,"Raleigh","Wake","Piedmont","Residential","Urban (>70% Developed)","N BOYLAN AVE","Urban","30 - 35  MPH","No Control Present","Clear","No",49,"40-49","No",NA,"With Traffic","C: Possible Injury","Travel Lane","Black","Male",38,"30-39","No",NA,"6-10 mph","C: Possible Injury","White","Male","Passenger Car","No","10FEB2013","Sunday","Crossing Paths - Other Circumstances",14,"Non-Intersection","February","C: Possible Injury",53460,"Crossing Paths - Midblock - Other / Unknown",2013,"Yes","No","Daylight","Straight - Grade","Local Street","Dry","Two-Way, Not Divided","None","No Special Feature","Smooth Asphalt",0,0,0,0,0,0,0,"2 lanes",2,0,NA,0,NA
1136,890,"Kannapolis","Cabarrus","Piedmont","Commercial","Mixed (30% To 70% Developed)","DAKOTA ST","Urban","30 - 35  MPH","Stop Sign","Clear","No",46,"40-49","No",NA,"With Traffic","B: Evident Injury","Travel Lane","Hispanic","Male",49,"40-49","No",NA,"11-15 mph","O: No Injury","Black","Female","Passenger Car","No","24JAN2013","Thursday","Motorist Right Turn / Merge",17,"Intersection","January","B: Evident Injury",62460,"Motorist Right Turn - Same Direction",2013,"Yes","No","Dusk","Straight - Level","Local Street","Dry","Two-Way, Not Divided","None","T-Intersection","Smooth Asphalt",0,0,0,0,0,0,0,"2 lanes",2,0,NA,0,NA
1137,894,"Charlotte","Mecklenburg","Piedmont","Commercial","Urban (>70% Developed)","ALLEGHANY ST","Urban","30 - 35  MPH","Stop And Go Signal","Clear","No",45,"40-49","No",NA,"With Traffic","C: Possible Injury","Sidewalk / Crosswalk / Driveway Crossing","Black","Male",37,"30-39","No",NA,"11-15 mph","O: No Injury","Hispanic","Male","Pickup","No","06FEB2013","Wednesday","Motorist Right Turn / Merge",6,"Intersection","February","C: Possible Injury",24960,"Motorist Right Turn - Same Direction",2013,"Yes","No","Dawn","Straight - Level","Local Street","Dry","Two-Way, Divided, Unprotected Median","None","Four-Way Intersection","Coarse Asphalt",0,0,0,0,0,0,0,"9 or more lanes",2,0,NA,0,NA
1138,900,"Raleigh","Wake","Piedmont","Institutional","Urban (>70% Developed)","HILLSBOROUGH ST","Urban","30 - 35  MPH","No Control Present","Cloudy","No",29,"25-29","No",NA,"With Traffic","C: Possible Injury","Bike Lane / Paved Shoulder","White","Male",21,"20-24","No",NA,"21-25 mph","O: No Injury","Other","Female","Passenger Car","No","14FEB2013","Thursday","Motorist Right Turn / Merge",13,"Intersection-Related","February","C: Possible Injury",48900,"Motorist Right Turn - Same Direction",2013,"Yes","No","Daylight","Straight - Level","Local Street","Dry","Two-Way, Divided, Unprotected Median","None","Driveway, Public","Coarse Asphalt",0,0,0,0,0,0,0,"3 lanes",2,0,NA,0,NA
1139,902,"Gastonia","Gaston","Piedmont","Commercial","Urban (>70% Developed)","610 COX RD","Urban",NA,"No Control Present","Clear","No",23,"20-24","No",NA,"Facing Traffic","C: Possible Injury","Travel Lane","White","Male",27,"25-29","No",NA,"0-5 mph","O: No Injury","White","Female","Passenger Car","No","18JAN2013","Friday","Motorist Failed to Yield - Midblock",17,"Non-Intersection","January","C: Possible Injury",61380,"Motorist Drive Out - Commercial Driveway / Alley",2013,"Yes","No","Daylight","Straight - Level","State Secondary Route","Dry","Two-Way, Not Divided","None","No Special Feature","Smooth Asphalt",0,0,0,0,0,0,0,"5 lanes",2,0,NA,0,NA
1140,905,"Greenville","Pitt","Coastal","Residential","Urban (>70% Developed)","COUNTY HOME RD","Urban","40 - 45  MPH","No Control Present","Clear","No",31,"30-39","No",NA,"With Traffic","C: Possible Injury","Bike Lane / Paved Shoulder","Black","Male",NA,NA,"Missing",NA,"36-40 mph","Unknown Injury","Unknown/Missing",NA,NA,"No","12FEB2013","Tuesday","Motorist Overtaking Bicyclist",13,"Intersection-Related","February","C: Possible Injury",47940,"Motorist Overtaking - Misjudged Space",2013,"Yes","Yes","Daylight","Straight - Level","Local Street","Dry","Two-Way, Not Divided","None","No Special Feature","Smooth Asphalt",0,0,0,0,0,0,0,"2 lanes",2,0,NA,0,NA
1141,917,"Wilmington","New Hanover","Coastal","Commercial","Urban (>70% Developed)","PVA CAROLINA BEACH RD","Urban",NA,"No Control Present","Clear","No",54,"50-59","No",NA,"Facing Traffic","C: Possible Injury","Travel Lane","Black","Male",28,"25-29","No",NA,NA,"O: No Injury","White","Male","Sport Utility","No","10FEB2013","Sunday","Motorist Failed to Yield - Midblock",11,"Non-Intersection","February","C: Possible Injury",40260,"Motorist Drive Out - Commercial Driveway / Alley",2013,"Yes","No","Daylight","Straight - Level","Public Vehicular Area","Dry","Two-Way, Not Divided","None","Driveway, Public","Gravel",0,0,0,0,0,0,0,NA,2,0,NA,0,NA
1142,921,"High Point","Guilford","Piedmont","Commercial","Urban (>70% Developed)","N MAIN ST","Urban",NA,"No Control Present","Cloudy","No",30,"30-39","No",NA,"Facing Traffic","C: Possible Injury","Sidewalk / Crosswalk / Driveway Crossing","White","Male",51,"50-59","No",NA,NA,"O: No Injury","White","Female","Passenger Car","No","13FEB2013","Wednesday","Motorist Failed to Yield - Midblock",13,"Non-Intersection","February","C: Possible Injury",47340,"Motorist Drive Out - Commercial Driveway / Alley",2013,"No","No","Daylight","Straight - Grade","Local Street","Wet","Two-Way, Not Divided","None","Other","Concrete",0,0,0,0,0,0,0,"5 lanes",2,0,NA,0,NA
1143,923,"Conover","Catawba","Piedmont","Commercial","Urban (>70% Developed)","BOUNDARY ST SW","Urban","30 - 35  MPH","No Control Present","Clear","No",44,"40-49","No",NA,"With Traffic","C: Possible Injury","Travel Lane","White","Male",NA,NA,"Missing",NA,"31-35 mph","Unknown Injury","Unknown/Missing",NA,"Passenger Car","No","03MAR2013","Sunday","Motorist Overtaking Bicyclist",1,"Non-Intersection","March","C: Possible Injury",5400,"Motorist Overtaking - Undetected Bicyclist",2013,"Yes","Yes","Dark - Roadway Not Lighted","Straight - Level","Local Street","Dry","Two-Way, Not Divided","None","No Special Feature","Smooth Asphalt",0,0,0,0,0,0,0,"2 lanes",2,0,NA,0,NA
1144,925,"Greensboro","Guilford","Piedmont","Commercial","Urban (>70% Developed)","W LEE ST","Urban","30 - 35  MPH","Stop And Go Signal","Rain","No",53,"50-59","No",NA,"With Traffic","B: Evident Injury","Travel Lane","White","Male",23,"20-24","No",NA,"0-5 mph","O: No Injury","Black","Female","Passenger Car","No","22FEB2013","Friday","Motorist Failed to Yield - Signalized Intersection",20,"Intersection","February","B: Evident Injury",72360,"Motorist Drive Out - Signalized Intersection",2013,"Yes","No","Dark - Lighted Roadway","Straight - Grade","Local Street","Wet","Two-Way, Divided, Unprotected Median","None","Four-Way Intersection","Smooth Asphalt",0,0,0,0,0,0,0,"5 lanes",2,0,NA,0,NA
1145,928,"Forest City","Rutherford","Mountains","Commercial","Mixed (30% To 70% Developed)","OAK ST","Urban","40 - 45  MPH","No Control Present","Clear","No",63,"60-69","No",NA,"With Traffic","B: Evident Injury","Travel Lane","Black","Male",NA,NA,"Missing",NA,NA,"Unknown Injury","Unknown/Missing",NA,NA,"No","20FEB2013","Wednesday","Motorist Overtaking Bicyclist",18,"Intersection-Related","February","B: Evident Injury",68160,"Motorist Overtaking - Other / Unknown",2013,"Yes","Yes","Dark - Lighted Roadway","Straight - Grade","Local Street","Dry","Two-Way, Not Divided","None","No Special Feature","Smooth Asphalt",0,0,0,0,0,0,0,"4 lanes",2,0,NA,0,NA
1146,949,"Whiteville","Columbus","Coastal","Commercial","Urban (>70% Developed)","N JK POWELL BLVD","Urban","30 - 35  MPH","No Control Present","Clear","No",65,"60-69","No",NA,"Facing Traffic","C: Possible Injury","Sidewalk / Crosswalk / Driveway Crossing","Black","Male",23,"20-24","No",NA,"0-5 mph","O: No Injury","White","Female","Sport Utility","No","15MAR2013","Friday","Motorist Failed to Yield - Midblock",13,"Non-Intersection","March","C: Possible Injury",49980,"Motorist Drive Out - Commercial Driveway / Alley",2013,"Yes","No","Daylight","Straight - Level","Local Street","Dry","Two-Way, Not Divided","None","No Special Feature","Coarse Asphalt",0,0,0,0,0,0,0,"2 lanes",2,0,NA,0,NA
1147,950,"Durham","Durham","Piedmont","Residential","Urban (>70% Developed)","BERWYN AVE","Urban","30 - 35  MPH","No Control Present","Clear","No",8,"6-10","No",NA,NA,"O: No Injury",NA,"Hispanic","Male",66,"60-69","No",NA,"36-40 mph","O: No Injury","Black","Female","Passenger Car","No","16MAR2013","Saturday","Bicyclist Failed to Yield - Midblock",12,"Non-Intersection","March","O: No Injury",45000,"Bicyclist Ride Out - Other Midblock",2013,"No","No","Daylight","Straight - Level","Local Street","Dry","Two-Way, Not Divided","None","No Special Feature","Smooth Asphalt",0,0,0,0,0,0,0,"2 lanes",2,0,NA,0,NA
1148,952,"None - Rural Crash","Union","Piedmont","Residential","Mixed (30% To 70% Developed)","SR 1316","Rural","40 - 45  MPH","No Control Present","Clear","No",54,"50-59","No",NA,"With Traffic","O: No Injury","Travel Lane","White","Male",31,"30-39","No",NA,"41-45 mph","O: No Injury","White","Female","Sport Utility","No","16MAR2013","Saturday","Motorist Overtaking Bicyclist",10,"Non-Intersection","March","O: No Injury",37800,"Motorist Overtaking - Other / Unknown",2013,"No","No","Daylight","Straight - Level","State Secondary Route","Dry","Two-Way, Divided, Unprotected Median","None","No Special Feature","Smooth Asphalt",0,0,0,0,0,0,0,"4 lanes",2,0,NA,0,NA
1149,957,"None - Rural Crash","Robeson","Coastal","Commercial","Rural (<30% Developed)","SR 1340","Rural","30 - 35  MPH","Yield Sign","Cloudy","No",24,"20-24","No",NA,"Not Applicable","O: No Injury","Sidewalk / Crosswalk / Driveway Crossing","White","Male",43,"40-49","No",NA,"31-35 mph","O: No Injury","Native American","Female","Passenger Car","No","19MAR2013","Tuesday","Crossing Paths - Other Circumstances",8,"Non-Intersection","March","O: No Injury",29700,"Crossing Paths - Midblock - Other / Unknown",2013,"No","No","Daylight","Straight - Level","State Secondary Route","Dry","Two-Way, Not Divided","None","No Special Feature","Coarse Asphalt",0,0,0,0,0,0,0,"5 lanes",2,0,NA,0,NA
1150,959,"None - Rural Crash","Scotland","Coastal","Commercial","Mixed (30% To 70% Developed)","NC 71","Rural","50 - 55  MPH","Double Yellow Line, No Passing Zone","Cloudy","No",56,"50-59","No",NA,"With Traffic","K: Killed","Travel Lane","Native American","Male",65,"60-69","No",NA,"51-55 mph","O: No Injury","Native American","Male","Passenger Car","No","17MAR2013","Sunday","Motorist Overtaking Bicyclist",11,"Non-Intersection","March","K: Killed",41700,"Motorist Overtaking - Other / Unknown",2013,"Yes","No","Daylight","Curve - Level","NC Route","Dry","Two-Way, Not Divided","None","No Special Feature","Smooth Asphalt",0,0,0,0,0,0,0,"2 lanes",2,0,NA,0,NA
1151,961,"None - Rural Crash","Hoke","Coastal","Residential","Urban (>70% Developed)","SR 1334","Rural","20 - 25  MPH","No Control Present","Clear","No",9,"6-10","No",NA,"Not Applicable","B: Evident Injury","Driveway / Alley","Black","Female",40,"40-49","No",NA,"16-20 mph","O: No Injury","Other","Male","Passenger Car","No","19MAR2013","Tuesday","Bicyclist Failed to Yield - Midblock",18,"Non-Intersection","March","B: Evident Injury",67500,"Bicyclist Ride Out - Residential Driveway",2013,"Yes","No","Daylight","Straight - Level","State Secondary Route","Dry","Two-Way, Not Divided","None","Driveway, Private","Coarse Asphalt",0,0,0,0,0,0,0,"2 lanes",2,0,NA,0,NA
1152,965,"Raleigh","Wake","Piedmont","Residential","Urban (>70% Developed)","HILLSBOROUGH ST","Urban","30 - 35  MPH","No Control Present","Clear","No",30,"30-39","No",NA,"With Traffic","O: No Injury","Bike Lane / Paved Shoulder","White","Male",26,"25-29","No",NA,"6-10 mph","O: No Injury","Black","Male","Sport Utility","No","22MAR2013","Friday","Motorist Left Turn / Merge",10,"Intersection","March","O: No Injury",37440,"Motorist Left Turn - Opposite Direction",2013,"No","No","Daylight","Straight - Level","Local Street","Dry","Two-Way, Not Divided","None","Four-Way Intersection","Smooth Asphalt",0,0,0,0,0,0,0,"3 lanes",2,0,NA,0,NA
1153,968,"Rocky Mount","Nash","Coastal","Commercial","Urban (>70% Developed)","PVA W RALEIGH BLVD","Urban","20 - 25  MPH","No Control Present","Clear","No",22,"20-24","No",NA,"Not Applicable","C: Possible Injury","Non-Roadway","Black","Male",24,"20-24","No",NA,"0-5 mph","O: No Injury","Black","Male","Police","No","30MAR2013","Saturday","Non-Roadway",19,"Non-Roadway","March","C: Possible Injury",70620,"Non-Roadway",2013,"Yes","No","Dusk","Straight - Level","Public Vehicular Area","Dry","Two-Way, Not Divided","None","Driveway, Public","Coarse Asphalt",0,0,0,0,0,0,0,"2 lanes",2,0,NA,0,NA
1154,978,"Greenville","Pitt","Coastal","Residential","Urban (>70% Developed)","LINE AV","Urban","30 - 35  MPH","Stop And Go Signal","Clear","No",54,"50-59","Yes",NA,"With Traffic","B: Evident Injury","Travel Lane","Black","Male",25,"25-29","No",NA,"31-35 mph","O: No Injury","Black","Male","Passenger Car","Yes","07APR2013","Sunday","Bicyclist Failed to Yield - Signalized Intersection",21,"Intersection","April","B: Evident Injury",76740,"Bicyclist Ride Through - Signalized Intersection",2013,"Yes","No","Dark - Lighted Roadway","Straight - Level","Local Street","Dry","Two-Way, Not Divided","None","No Special Feature","Coarse Asphalt",0,0,0,0,0,0,0,"3 lanes",2,0,NA,0,NA
1155,982,"None - Rural Crash","Jones","Coastal","Farms, Woods, Pastures","Rural (<30% Developed)","NC 41","Rural","40 - 45  MPH","No Control Present","Clear","No",46,"40-49","No",NA,"With Traffic","K: Killed","Travel Lane","Black","Male",21,"20-24","No",NA,"41-45 mph","O: No Injury","Black","Male","Passenger Car","No","02APR2013","Tuesday","Motorist Overtaking Bicyclist",20,"Non-Intersection","April","K: Killed",74880,"Motorist Overtaking - Other / Unknown",2013,"Yes","No","Dark - Roadway Not Lighted","Straight - Level","NC Route","Dry","Two-Way, Not Divided","None","No Special Feature","Smooth Asphalt",0,0,0,0,0,0,0,"2 lanes",2,0,NA,0,NA
1156,983,"Kinston","Lenoir","Coastal","Residential","Urban (>70% Developed)","CAREY RD","Urban","30 - 35  MPH","Stop Sign","Clear","No",17,"16-19","No",NA,"Facing Traffic","C: Possible Injury","Travel Lane","Black","Male",61,"60-69","No",NA,"26-30 mph","O: No Injury","White","Male","Pickup","No","10APR2013","Wednesday","Bicyclist Failed to Yield - Sign-Controlled Intersection",12,"Intersection","April","C: Possible Injury",46500,"Bicyclist Ride Out - Sign-Controlled Intersection",2013,"Yes","No","Daylight","Straight - Level","Local Street","Dry","Two-Way, Not Divided","None","Four-Way Intersection","Coarse Asphalt",0,0,0,0,0,0,0,"2 lanes",2,0,NA,0,NA
1157,986,"Claremont","Catawba","Piedmont","Commercial","Urban (>70% Developed)","NORTH OXFORD STREET","Rural","30 - 35  MPH","No Control Present","Cloudy","No",54,"50-59","No",NA,"With Traffic","B: Evident Injury","Travel Lane","White","Male",26,"25-29","No",NA,"26-30 mph","O: No Injury","White","Female","Sport Utility","No","11APR2013","Thursday","Motorist Overtaking Bicyclist",19,"Non-Intersection","April","B: Evident Injury",68700,"Motorist Overtaking - Other / Unknown",2013,"Yes","No","Daylight","Straight - Grade","Local Street","Dry","Two-Way, Not Divided","None","No Special Feature","Smooth Asphalt",0,0,0,0,0,0,0,"2 lanes",2,0,NA,0,NA
1158,987,"Durham","Durham","Piedmont","Residential","Urban (>70% Developed)","PLUM ST","Urban",NA,"Stop Sign","Clear","No",51,"50-59","Yes",NA,"With Traffic","B: Evident Injury","Sidewalk / Crosswalk / Driveway Crossing","Black","Male",NA,NA,"Missing",NA,NA,"Unknown Injury","Unknown/Missing",NA,NA,"Yes","12APR2013","Friday","Bicyclist Failed to Yield - Sign-Controlled Intersection",20,"Intersection","April","B: Evident Injury",72000,"Bicyclist Ride Through - Sign-Controlled Intersection",2013,"Yes","Yes","Dark - Lighted Roadway","Straight - Bottom","Local Street","Dry","Two-Way, Not Divided","None","No Special Feature","Smooth Asphalt",0,0,0,0,0,0,0,"2 lanes",2,0,NA,0,NA
1159,992,"None - Rural Crash","New Hanover","Coastal","Residential","Mixed (30% To 70% Developed)","SR 2078","Rural","30 - 35  MPH","No Control Present","Clear","No",17,"16-19","No",NA,"Not Applicable","B: Evident Injury","Driveway / Alley","White","Female",61,"60-69","No",NA,"16-20 mph","O: No Injury","White","Male","Pickup","No","10APR2013","Wednesday","Bicyclist Failed to Yield - Midblock",16,"Non-Intersection","April","B: Evident Injury",59220,"Bicyclist Ride Out - Residential Driveway",2013,"Yes","No","Daylight","Straight - Level","State Secondary Route","Dry","Two-Way, Not Divided","None","Driveway, Private","Coarse Asphalt",0,0,0,0,0,0,0,"2 lanes",2,0,NA,0,NA
1160,4002,"Charlotte","Mecklenburg","Piedmont","Commercial","Urban (>70% Developed)",NA,"Urban","30 - 35  MPH","Stop And Go Signal","Clear","No",38,"30-39","No",NA,"Facing Traffic","B: Evident Injury","Sidewalk / Crosswalk / Driveway Crossing","White","Male",63,"60-69","No",NA,"6-10 mph","O: No Injury","White","Male","Passenger Car","No","27MAY2010","Thursday","Motorist Failed to Yield - Signalized Intersection",12,"Intersection","May","B: Evident Injury",45960,"Motorist Drive Out - Right Turn on Red",2010,"Yes","No","Daylight","Straight - Grade","Local Street","Dry","Two-Way, Not Divided","None","Four-Way Intersection","Smooth Asphalt",0,0,0,0,0,0,0,"3 lanes",2,0,NA,0,NA
1161,4011,"None - Rural Crash","Bertie","Coastal","Farms, Woods, Pastures","Rural (<30% Developed)",NA,"Rural","50 - 55  MPH","Double Yellow Line, No Passing Zone","Clear","No",10,"6-10","No",NA,"Not Applicable","B: Evident Injury","Driveway / Alley","Black","Male",NA,"70+","No",NA,"51-55 mph","O: No Injury","Black","Male","Passenger Car","No","14JUN2010","Monday","Bicyclist Failed to Yield - Midblock",12,"Non-Intersection","June","B: Evident Injury",43620,"Bicyclist Ride Out - Residential Driveway",2010,"Yes","No","Daylight","Curve - Level","State Secondary Route","Dry","Two-Way, Not Divided","None","Driveway, Private","Coarse Asphalt",0,0,0,0,0,0,0,"2 lanes",2,0,NA,0,NA
1162,4017,"Asheboro","Randolph","Piedmont","Commercial","Urban (>70% Developed)",NA,"Urban","40 - 45  MPH","Stop And Go Signal","Clear","No",21,"20-24","No",NA,"With Traffic","C: Possible Injury","Travel Lane","White","Male",58,"50-59","No",NA,"11-15 mph","O: No Injury","White","Female","Light Truck (Mini-Van, Panel)","No","01JUN2010","Tuesday","Bicyclist Failed to Yield - Signalized Intersection",15,"Intersection","June","C: Possible Injury",55320,"Bicyclist Ride Through - Signalized Intersection",2010,"Yes","No","Daylight","Straight - Grade","US Route","Dry","Two-Way, Not Divided","None","Four-Way Intersection","Smooth Asphalt",0,0,0,0,0,0,0,"5 lanes",2,0,NA,0,NA
1163,4018,"High Point","Guilford","Piedmont","Commercial","Urban (>70% Developed)",NA,"Urban","30 - 35  MPH","No Control Present","Clear","No",18,"16-19","No",NA,"Facing Traffic","B: Evident Injury","Travel Lane","White","Male",34,"30-39","No",NA,"21-25 mph","O: No Injury","White","Male","Passenger Car","No","01JUN2010","Tuesday","Bicyclist Right Turn / Merge",16,"Intersection","June","B: Evident Injury",59640,"Bicyclist Right Turn - Same Direction",2010,"Yes","No","Daylight","Straight - Bottom","Local Street","Dry","Two-Way, Not Divided","None","No Special Feature","Coarse Asphalt",0,0,0,0,0,0,0,"4 lanes",2,0,NA,0,NA
1164,4020,"None - Rural Crash","Dare","Coastal","Commercial","Urban (>70% Developed)",NA,"Rural","30 - 35  MPH","Double Yellow Line, No Passing Zone","Clear","No",8,"6-10","No",NA,"Not Applicable","C: Possible Injury","Non-Roadway","White","Female",64,"60-69","No",NA,"31-35 mph","O: No Injury","White","Male","Sport Utility","No","21JUN2010","Monday","Bicyclist Failed to Yield - Midblock",14,"Non-Intersection","June","C: Possible Injury",53100,"Bicyclist Ride Out - Commercial Driveway / Alley",2010,"Yes","No","Daylight","Straight - Level","NC Route","Dry","Two-Way, Not Divided","None","Driveway, Public","Smooth Asphalt",0,0,0,0,0,0,0,"2 lanes",2,0,NA,0,NA
1165,4026,"High Point","Guilford","Piedmont","Institutional","Urban (>70% Developed)",NA,"Urban","40 - 45  MPH","Stop And Go Signal","Clear","No",33,"30-39","No",NA,"Not Applicable","B: Evident Injury","Sidewalk / Crosswalk / Driveway Crossing","Black","Male",NA,"70+","No",NA,NA,"O: No Injury","White","Male","Pickup","No","09JUN2010","Wednesday","Backing Vehicle",14,"Intersection","June","B: Evident Injury",52500,"Backing Vehicle",2010,"No","No","Daylight","Straight - Level","Local Street","Dry","Two-Way, Divided, Positive Median Barrier","None","Related To Intersection","Smooth Asphalt",0,0,0,0,0,0,0,"4 lanes",2,0,NA,0,NA
1166,4029,"Charlotte","Mecklenburg","Piedmont","Commercial","Urban (>70% Developed)",NA,"Urban","5 - 15 MPH","Stop And Go Signal","Clear","No",18,"16-19","No",NA,NA,"C: Possible Injury","Sidewalk / Crosswalk / Driveway Crossing","White","Female",30,"30-39","No",NA,"0-5 mph","O: No Injury","White","Female","Sport Utility","No","15JUN2010","Tuesday","Crossing Paths - Other Circumstances",13,"Intersection","June","C: Possible Injury",48180,"Signalized Intersection - Other / Unknown",2010,"Yes","No","Daylight","Straight - Level","Local Street","Dry","Two-Way, Not Divided","None","No Special Feature","Smooth Asphalt",0,0,0,0,0,0,0,"5 lanes",2,0,NA,0,NA
1167,4035,"Greensboro","Guilford","Piedmont","Residential","Urban (>70% Developed)",NA,"Urban","30 - 35  MPH","Stop Sign","Clear","No",31,"30-39","No",NA,"Facing Traffic","C: Possible Injury","Travel Lane","White","Female",48,"40-49","No",NA,"0-5 mph","O: No Injury","Black","Male","Passenger Car","No","07JUN2010","Monday","Motorist Failed to Yield - Sign-Controlled Intersection",17,"Intersection","June","C: Possible Injury",61680,"Motorist Drive Out - Sign-Controlled Intersection",2010,"Yes","No","Daylight","Straight - Level","Local Street","Dry","Two-Way, Divided, Positive Median Barrier","None","No Special Feature","Smooth Asphalt",0,0,0,0,0,0,0,"5 lanes",2,0,NA,0,NA
1168,4040,"Durham","Durham","Piedmont","Residential","Urban (>70% Developed)",NA,"Urban","20 - 25  MPH","No Control Present","Cloudy","No",18,"16-19","No",NA,"With Traffic","C: Possible Injury","Sidewalk / Crosswalk / Driveway Crossing","Black","Male",25,"25-29","No",NA,"11-15 mph","O: No Injury","White","Male","Passenger Car","No","23JUN2010","Wednesday","Crossing Paths - Other Circumstances",17,"Intersection","June","C: Possible Injury",63420,"Crossing Paths - Intersection - Other / Unknown",2010,"Yes","No","Daylight","Straight - Level","Local Street","Wet","One-Way, Not Divided","None","No Special Feature","Smooth Asphalt",0,0,0,0,0,0,0,"4 lanes",2,0,NA,0,NA
1169,4043,"Charlotte","Mecklenburg","Piedmont","Commercial","Urban (>70% Developed)",NA,"Urban","40 - 45  MPH","Stop And Go Signal","Clear","No",40,"40-49","No",NA,"With Traffic","O: No Injury","Travel Lane","White","Male",NA,NA,"Missing",NA,"6-10 mph","Unknown Injury","Unknown/Missing",NA,NA,"No","06JUN2010","Sunday","Other / Unusual Circumstances",11,"Intersection","June","O: No Injury",41460,"Motorist Intentionally Caused",2010,"No","Yes","Daylight","Straight - Level","Local Street","Dry","Two-Way, Divided, Positive Median Barrier","None","Four-Way Intersection","Smooth Asphalt",0,0,0,0,0,0,0,"2 lanes",2,0,NA,0,NA
1170,4044,"None - Rural Crash","Robeson","Coastal","Farms, Woods, Pastures","Rural (<30% Developed)",NA,"Rural","50 - 55  MPH","No Control Present","Clear","No",52,"50-59","No",NA,"With Traffic","O: No Injury","Bike Lane / Paved Shoulder","White","Male",16,"0-19","No",NA,"51-55 mph","O: No Injury","White","Male","Passenger Car","No","06JUN2010","Sunday","Parallel Paths - Other Circumstances",14,"Non-Intersection","June","C: Possible Injury",53460,"Parallel Paths - Other / Unknown",2010,"Yes","No","Daylight","Straight - Level","NC Route","Dry","Two-Way, Not Divided","None","No Special Feature","Coarse Asphalt",0,0,0,0,0,0,0,"2 lanes",3,0,NA,0,NA
1171,4046,"Charlotte","Mecklenburg","Piedmont","Residential","Urban (>70% Developed)",NA,"Urban",NA,"No Control Present","Clear","No",22,"20-24","No",NA,"Facing Traffic","B: Evident Injury","Sidewalk / Crosswalk / Driveway Crossing","White","Female",41,"40-49","No",NA,"0-5 mph","O: No Injury","White","Female","Sport Utility","No","07JUN2010","Monday","Motorist Failed to Yield - Midblock",10,"Non-Intersection","June","B: Evident Injury",36540,"Motorist Drive Out - Residential Driveway",2010,"Yes","No","Daylight","Straight - Level",NA,"Dry","Two-Way, Not Divided","Non-Highway Work","Other","Concrete",0,0,0,0,0,0,0,NA,2,0,NA,0,NA