"...1","object_id","city","county","region","development","locality","on_road","rural_urban","speed_limit","traffic_control","weather","workzone","bike_age","bike_age_group","bike_alcohol","bike_alcohol_drugs","bike_direction","bike_injury","bike_position","bike_race","bike_sex","driver_age","driver_age_group","driver_alcohol","driver_alcohol_drugs","driver_est_speed","driver_injury","driver_race","driver_sex","driver_vehicle_type","crash_alcohol","crash_date","crash_day","crash_group","crash_hour","crash_location","crash_month","crash_severity","crash_time","crash_type","crash_year","ambulance_req","hit_run","light_condition","road_character","road_class","road_condition","road_configuration","road_defects","road_feature","road_surface","num_bikes_ai","num_bikes_bi","num_bikes_ci","num_bikes_ki","num_bikes_no","num_bikes_to","num_bikes_ui","num_lanes","num_units","distance_mi_from","frm_road","rte_invd_cd","towrd_road"
1172,4052,"Durham","Durham","Piedmont","Commercial","Urban (>70% Developed)",NA,"Urban","20 - 25  MPH","Stop Sign","Clear","No",24,"20-24","No",NA,"With Traffic","C: Possible Injury","Travel Lane","White","Female",35,"30-39","No",NA,"0-5 mph","O: No Injury","White","Female","Passenger Car","No","29JUN2010","Tuesday","Crossing Paths - Other Circumstances",21,"Intersection","June","C: Possible Injury",78540,"Sign-Controlled Intersection - Other / Unknown",2010,"Yes","No","Dark - Lighted Roadway","Straight - Level","Local Street","Dry","Two-Way, Not Divided","None","No Special Feature","Smooth Asphalt",0,0,0,0,0,0,0,"2 lanes",2,0,NA,0,NA
1173,4055,"Fayetteville","Cumberland","Coastal","Commercial","Rural (<30% Developed)",NA,"Urban",NA,"No Control Present","Clear","No",48,"40-49","No",NA,"With Traffic","B: Evident Injury","Travel Lane","Black","Male",NA,NA,"Missing",NA,NA,"Unknown Injury","Unknown/Missing",NA,NA,"No","15JUN2010","Tuesday","Parallel Paths - Other Circumstances",6,"Intersection-Related","June","B: Evident Injury",23400,"Parallel Paths - Other / Unknown",2010,"No","Yes","Dawn","Straight - Level","Local Street","Dry","Two-Way, Not Divided","None","Driveway, Public","Coarse Asphalt",0,0,0,0,0,0,0,"7 lanes",2,0,NA,0,NA
1174,4056,"Hickory","Catawba","Piedmont","Residential","Urban (>70% Developed)",NA,"Urban","30 - 35  MPH","Stop Sign","Clear","No",7,"6-10","No",NA,"With Traffic","O: No Injury","Travel Lane","Black","Female",24,"20-24","No",NA,"26-30 mph","O: No Injury","White","Male","Passenger Car","No","10JUN2010","Thursday","Bicyclist Failed to Yield - Sign-Controlled Intersection",20,"Intersection","June","O: No Injury",75000,"Bicyclist Ride Through - Sign-Controlled Intersection",2010,"Yes","No","Dusk","Curve - Grade","Local Street","Dry","Two-Way, Divided, Unprotected Median","None","T-Intersection","Smooth Asphalt",0,0,0,0,0,0,0,"2 lanes",2,0,NA,0,NA
1175,4071,"Raleigh","Wake","Piedmont","Residential","Urban (>70% Developed)",NA,"Urban","30 - 35  MPH","No Control Present","Clear","No",17,"16-19","No",NA,"With Traffic","B: Evident Injury","Travel Lane","Hispanic","Male",NA,NA,"Missing",NA,"31-35 mph","Unknown Injury","Unknown/Missing",NA,NA,"No","28MAY2010","Friday","Bicyclist Left Turn / Merge",19,"Intersection-Related","May","B: Evident Injury",70200,"Bicyclist Left Turn - Same Direction",2010,"Yes","Yes","Daylight","Straight - Level","Local Street","Dry","Two-Way, Not Divided","None","No Special Feature","Smooth Asphalt",0,0,0,0,0,0,0,"2 lanes",2,0,NA,0,NA
1176,4076,"Raleigh","Wake","Piedmont","Commercial","Urban (>70% Developed)",NA,"Urban","40 - 45  MPH","Stop And Go Signal","Clear","No",16,"16-19","No",NA,"Facing Traffic","O: No Injury","Sidewalk / Crosswalk / Driveway Crossing","White","Male",29,"25-29","No",NA,"6-10 mph","O: No Injury","White","Male","Passenger Car","No","09JUN2010","Wednesday","Bicyclist Failed to Yield - Sign-Controlled Intersection",5,"Intersection","June","O: No Injury",18540,"Bicyclist Ride Through - Sign-Controlled Intersection",2010,"No","No","Dark - Roadway Not Lighted","Straight - Level","Local Street","Dry","Two-Way, Divided, Unprotected Median","None","No Special Feature","Coarse Asphalt",0,0,0,0,0,0,0,"3 lanes",2,0,NA,0,NA
1177,4078,"Charlotte","Mecklenburg","Piedmont","Commercial","Urban (>70% Developed)",NA,"Urban","30 - 35  MPH","Stop Sign","Clear","No",28,"25-29","No",NA,"With Traffic","C: Possible Injury","Travel Lane","Black","Male",28,"25-29","No",NA,"21-25 mph","O: No Injury","Black","Female","Passenger Car","No","22JUN2010","Tuesday","Bicyclist Failed to Yield - Sign-Controlled Intersection",11,"Intersection","June","C: Possible Injury",42540,"Bicyclist Ride Through - Sign-Controlled Intersection",2010,"Yes","No","Daylight","Curve - Bottom","Local Street","Dry","Two-Way, Not Divided","None","No Special Feature","Smooth Asphalt",0,0,0,0,0,0,0,"3 lanes",2,0,NA,0,NA
1178,4096,"Kinston","Lenoir","Coastal","Commercial","Urban (>70% Developed)",NA,"Urban","30 - 35  MPH","No Control Present","Clear","No",29,"25-29","No",NA,NA,"Unknown Injury",NA,"Black","Female",NA,NA,"Missing",NA,"31-35 mph","Unknown Injury","Unknown/Missing",NA,"Passenger Car","No","15JUL2010","Thursday","Other / Unknown - Insufficient Details",6,"Non-Intersection","July","Unknown Injury",23040,"Unknown Approach Paths",2010,"No","Yes","Dark - Unknown Lighting","Straight - Level","Local Street","Dry","Two-Way, Not Divided","None","No Special Feature","Smooth Asphalt",0,0,0,0,0,0,0,"2 lanes",2,0,NA,0,NA
1179,4100,"High Point","Guilford","Piedmont","Commercial","Urban (>70% Developed)",NA,"Urban","5 - 15 MPH","No Control Present","Clear","No",15,"11-15","No",NA,"Not Applicable","B: Evident Injury","Non-Roadway","Black","Male",NA,"70+","No",NA,"16-20 mph","O: No Injury","Black","Female","Pickup","No","06JUL2010","Tuesday","Non-Roadway",15,"Non-Roadway","July","B: Evident Injury",54360,"Non-Roadway",2010,"Yes","No","Daylight","Straight - Level","Public Vehicular Area","Dry","Two-Way, Not Divided","None","Driveway, Public","Smooth Asphalt",0,0,0,0,0,0,0,NA,2,0,NA,0,NA
1180,4102,"Holly Springs","Wake","Piedmont","Residential","Urban (>70% Developed)",NA,"Urban","30 - 35  MPH","No Control Present","Clear","No",35,"30-39","No",NA,"With Traffic","B: Evident Injury","Travel Lane","White","Male",NA,NA,"No",NA,"31-35 mph","Unknown Injury","Unknown/Missing",NA,"Sport Utility","No","11JUL2010","Sunday","Motorist Right Turn / Merge",13,"Intersection","July","B: Evident Injury",50280,"Motorist Right Turn - Same Direction",2010,"Yes","Yes","Daylight","Straight - Level","Local Street","Dry","Two-Way, Not Divided","None","No Special Feature","Coarse Asphalt",0,0,0,0,0,0,0,"2 lanes",2,0,NA,0,NA
1181,4105,"Monroe","Union","Piedmont","Residential","Urban (>70% Developed)",NA,"Urban",NA,"Stop Sign","Clear","No",14,"11-15","No",NA,"Facing Traffic","C: Possible Injury","Travel Lane","Black","Male",NA,NA,"Missing",NA,NA,"Unknown Injury","Unknown/Missing",NA,NA,"No","10JUL2010","Saturday","Head-On",14,"Intersection","July","C: Possible Injury",53700,"Head-On - Bicyclist",2010,"Yes","Yes","Daylight","Straight - Level","Local Street","Dry","Two-Way, Not Divided","None","No Special Feature","Smooth Asphalt",0,0,0,0,0,0,0,"2 lanes",2,0,NA,0,NA
1182,4108,"None - Rural Crash","Clay","Mountains","Residential","Rural (<30% Developed)",NA,"Rural","30 - 35  MPH","Stop Sign","Clear","No",17,"16-19","No",NA,"With Traffic","B: Evident Injury","Travel Lane","White","Male",17,"0-19","No",NA,"26-30 mph","O: No Injury","White","Female","Passenger Car","No","01JUL2010","Thursday","Bicyclist Failed to Yield - Sign-Controlled Intersection",15,"Intersection","July","B: Evident Injury",57420,"Bicyclist Ride Through - Sign-Controlled Intersection",2010,"Yes","No","Daylight","Straight - Grade","State Secondary Route","Dry","Two-Way, Not Divided","None","Y-Intersection","Coarse Asphalt",0,0,0,0,0,0,0,"2 lanes",2,0,NA,0,NA
1183,4118,"Raleigh","Wake","Piedmont","Residential","Urban (>70% Developed)",NA,"Urban","30 - 35  MPH","Stop Sign","Clear","No",21,"20-24","No",NA,"Facing Traffic","C: Possible Injury","Sidewalk / Crosswalk / Driveway Crossing","White","Male",32,"30-39","No",NA,"6-10 mph","O: No Injury","Black","Female","Passenger Car","No","02JUL2010","Friday","Motorist Failed to Yield - Sign-Controlled Intersection",19,"Intersection-Related","July","C: Possible Injury",69300,"Motorist Drive Out - Sign-Controlled Intersection",2010,"No","No","Daylight","Straight - Level","Local Street","Dry","Two-Way, Divided, Unprotected Median","None","Four-Way Intersection","Coarse Asphalt",0,0,0,0,0,0,0,"4 lanes",2,0,NA,0,NA
1184,4119,"Raleigh","Wake","Piedmont","Residential","Urban (>70% Developed)",NA,"Urban","40 - 45  MPH","No Control Present","Clear","No",50,"50-59","No",NA,"With Traffic","B: Evident Injury","Travel Lane","White","Male",51,"50-59","Yes",NA,"41-45 mph","O: No Injury","Black","Male","Passenger Car","Yes","04JUL2010","Sunday","Motorist Overtaking Bicyclist",9,"Intersection-Related","July","B: Evident Injury",33960,"Motorist Overtaking - Misjudged Space",2010,"Yes","Yes","Daylight","Curve - Grade","Local Street","Dry","Two-Way, Divided, Unprotected Median","None","No Special Feature","Smooth Asphalt",0,0,0,0,0,0,0,"6 lanes",2,0,NA,0,NA
1185,4137,"None - Rural Crash","Lenoir","Coastal","Farms, Woods, Pastures","Rural (<30% Developed)",NA,"Rural",NA,"No Control Present","Clear","No",62,"60-69","No",NA,"With Traffic","C: Possible Injury","Travel Lane","Black","Male",NA,NA,"No",NA,NA,"Unknown Injury","Unknown/Missing",NA,NA,"No","22JUL2010","Thursday","Motorist Overtaking Bicyclist",6,"Non-Intersection","July","C: Possible Injury",22500,"Motorist Overtaking - Misjudged Space",2010,"Yes","Yes","Daylight","Straight - Level","NC Route","Dry","Two-Way, Divided, Unprotected Median","None","No Special Feature","Smooth Asphalt",0,0,0,0,0,0,0,"2 lanes",2,0,NA,0,NA
1186,4141,"None - Rural Crash","Wake","Piedmont","Residential","Rural (<30% Developed)",NA,"Rural","20 - 25  MPH","No Control Present","Cloudy","No",9,"6-10","No",NA,"Not Applicable","O: No Injury","Driveway / Alley","White","Male",16,"0-19","No",NA,"21-25 mph","O: No Injury","White","Male","Pickup","No","01AUG2010","Sunday","Bicyclist Failed to Yield - Midblock",15,"Non-Intersection","August","O: No Injury",56340,"Bicyclist Ride Out - Residential Driveway",2010,"No","No","Daylight","Straight - Hillcrest","State Secondary Route","Dry","Two-Way, Not Divided","None","No Special Feature","Smooth Asphalt",0,0,0,0,0,0,0,"2 lanes",2,0,NA,0,NA
1187,4144,"Wilson","Wilson","Coastal","Residential","Urban (>70% Developed)",NA,"Urban","30 - 35  MPH","No Control Present","Clear","No",40,"40-49","No",NA,"With Traffic","C: Possible Injury","Travel Lane","White","Male",NA,NA,"Missing",NA,NA,"Unknown Injury","Unknown/Missing",NA,NA,"No","17JUN2010","Thursday","Loss of Control / Turning Error",18,"Intersection-Related","June","C: Possible Injury",64800,"Motorist Turning Error - Left Turn",2010,"No","Yes","Daylight","Straight - Level","Local Street","Dry","Two-Way, Not Divided","None","No Special Feature","Coarse Asphalt",0,0,0,0,0,0,0,"2 lanes",2,0,NA,0,NA
1188,4145,"None - Rural Crash","Catawba","Piedmont","Farms, Woods, Pastures","Rural (<30% Developed)",NA,"Rural","40 - 45  MPH","Double Yellow Line, No Passing Zone","Cloudy","No",59,"50-59","No",NA,"With Traffic","B: Evident Injury","Travel Lane","White","Male",37,"30-39","No",NA,"36-40 mph","O: No Injury","White","Female","Van","No","02AUG2010","Monday","Loss of Control / Turning Error",9,"Non-Intersection","August","B: Evident Injury",32820,"Motorist Lost Control - Other / Unknown",2010,"Yes","No","Daylight","Straight - Grade","State Secondary Route","Dry","Two-Way, Not Divided","None","No Special Feature","Smooth Asphalt",0,0,0,0,0,0,0,"2 lanes",2,0,NA,0,NA
1189,4148,"None - Rural Crash","Wake","Piedmont","Farms, Woods, Pastures","Rural (<30% Developed)",NA,"Rural","40 - 45  MPH","Double Yellow Line, No Passing Zone","Cloudy","No",34,"30-39","No",NA,"With Traffic","B: Evident Injury","Travel Lane","White","Male",35,"30-39","No",NA,"41-45 mph","O: No Injury","White","Male","Pickup","No","29JUL2010","Thursday","Motorist Left Turn / Merge",22,"Intersection","July","B: Evident Injury",79980,"Motorist Left Turn - Opposite Direction",2010,"Yes","No","Dark - Roadway Not Lighted","Straight - Level","State Secondary Route","Dry","Two-Way, Not Divided","None","T-Intersection","Coarse Asphalt",0,0,0,0,0,0,0,"2 lanes",2,0,NA,0,NA
1190,4152,"None - Rural Crash","Hoke","Coastal","Farms, Woods, Pastures","Rural (<30% Developed)",NA,"Rural","40 - 45  MPH","No Control Present","Cloudy","No",12,"11-15","No",NA,"With Traffic","B: Evident Injury","Travel Lane","Native American","Male",25,"25-29","No",NA,"31-35 mph","O: No Injury","White","Female","Sport Utility","No","31JUL2010","Saturday","Bicyclist Failed to Yield - Sign-Controlled Intersection",18,"Intersection","July","B: Evident Injury",65820,"Bicyclist Ride Through - Sign-Controlled Intersection",2010,"Yes","No","Daylight","Straight - Level","State Secondary Route","Dry","Two-Way, Not Divided","None","No Special Feature","Smooth Asphalt",0,0,0,0,0,0,0,"2 lanes",2,0,NA,0,NA
1191,4160,"Goldsboro","Wayne","Coastal","Commercial","Urban (>70% Developed)",NA,"Urban","30 - 35  MPH","No Control Present","Cloudy","No",51,"50-59","No",NA,"Facing Traffic","C: Possible Injury","Travel Lane","Black","Male",21,"20-24","No",NA,"6-10 mph","O: No Injury","White","Male",NA,"No","23JUL2010","Friday","Motorist Left Turn / Merge",16,"Non-Intersection","July","C: Possible Injury",60300,"Motorist Left Turn - Same Direction",2010,"Yes","Yes","Daylight","Straight - Level","Local Street","Wet","Two-Way, Not Divided","None","No Special Feature","Coarse Asphalt",0,0,0,0,0,0,0,"2 lanes",2,0,NA,0,NA
1192,4162,"Greensboro","Guilford","Piedmont","Commercial","Urban (>70% Developed)",NA,"Urban","30 - 35  MPH","No Control Present","Clear","No",36,"30-39","No",NA,"With Traffic","B: Evident Injury","Bike Lane / Paved Shoulder","White","Male",29,"25-29","No",NA,"11-15 mph","O: No Injury","White","Female","Passenger Car","No","18JUL2010","Sunday","Motorist Left Turn / Merge",0,"Non-Intersection","July","B: Evident Injury",3540,"Motorist Left Turn - Opposite Direction",2010,"Yes","No","Dark - Lighted Roadway","Straight - Level","Local Street","Wet","Two-Way, Not Divided","None","No Special Feature","Concrete",0,0,0,0,0,0,0,"2 lanes",2,0,NA,0,NA
1193,4163,"Wilmington","New Hanover","Coastal","Residential","Urban (>70% Developed)",NA,"Urban","20 - 25  MPH","No Control Present","Clear","No",66,"60-69","No",NA,"With Traffic","C: Possible Injury","Sidewalk / Crosswalk / Driveway Crossing","Black","Male",25,"25-29","No",NA,"11-15 mph","O: No Injury","White","Male","Passenger Car","No","21JUL2010","Wednesday","Motorist Left Turn / Merge",17,"Intersection","July","C: Possible Injury",61200,"Motorist Left Turn - Opposite Direction",2010,"Yes","No","Daylight","Straight - Level","Local Street","Dry","Two-Way, Not Divided","None","No Special Feature","Smooth Asphalt",0,0,0,0,0,0,0,"2 lanes",2,0,NA,0,NA
1194,4171,"None - Rural Crash","Davidson","Piedmont","Farms, Woods, Pastures","Rural (<30% Developed)",NA,"Rural","40 - 45  MPH","Double Yellow Line, No Passing Zone","Clear","No",46,"40-49","No",NA,"With Traffic","B: Evident Injury","Travel Lane","White","Male",19,"0-19","No",NA,"0-5 mph","O: No Injury","White","Female","Passenger Car","No","07AUG2010","Saturday","Motorist Failed to Yield - Midblock",11,"Non-Intersection","August","B: Evident Injury",41160,"Motorist Drive Out - Other Midblock",2010,"Yes","No","Daylight","Straight - Grade","State Secondary Route","Dry","Two-Way, Not Divided","None","Driveway, Private","Smooth Asphalt",0,0,0,0,0,0,0,"2 lanes",2,0,NA,0,NA
1195,4174,"Rocky Mount","Nash","Coastal","Commercial","Urban (>70% Developed)",NA,"Urban","30 - 35  MPH","No Control Present","Clear","No",17,"16-19","No",NA,"Facing Traffic","B: Evident Injury","Travel Lane","Black","Male",NA,NA,"Missing",NA,"0-5 mph","Unknown Injury","Unknown/Missing",NA,"Pickup","No","13JUL2010","Tuesday","Motorist Failed to Yield - Midblock",17,"Non-Intersection","July","B: Evident Injury",64080,"Motorist Drive Out - Commercial Driveway / Alley",2010,"No","Yes","Daylight","Straight - Level","NC Route","Dry","Two-Way, Not Divided","None","No Special Feature","Coarse Asphalt",0,0,0,0,0,0,0,"4 lanes",2,0,NA,0,NA
1196,4175,"Salisbury","Rowan","Piedmont","Commercial","Urban (>70% Developed)",NA,"Urban","40 - 45  MPH","No Control Present","Clear","No",51,"50-59","No",NA,"With Traffic","B: Evident Injury","Travel Lane","White","Male",50,"50-59","No",NA,"31-35 mph","O: No Injury","White","Male","Pickup","No","08AUG2010","Sunday","Motorist Overtaking Bicyclist",22,"Non-Intersection","August","B: Evident Injury",81060,"Motorist Overtaking - Other / Unknown",2010,"Yes","No","Dark - Lighted Roadway","Straight - Hillcrest","Local Street","Dry","Two-Way, Divided, Unprotected Median","None","Bridge","Concrete",0,0,0,0,0,0,0,"4 lanes",2,0,NA,0,NA
1197,4178,"Raleigh","Wake","Piedmont","Residential","Urban (>70% Developed)",NA,"Urban","30 - 35  MPH","Stop Sign","Clear","No",36,"30-39","No",NA,"Facing Traffic","B: Evident Injury","Sidewalk / Crosswalk / Driveway Crossing","Black","Male",62,"60-69","No",NA,"0-5 mph","O: No Injury","White","Female","Passenger Car","No","21JUL2010","Wednesday","Motorist Failed to Yield - Sign-Controlled Intersection",9,"Intersection","July","B: Evident Injury",33540,"Motorist Drive Out - Sign-Controlled Intersection",2010,"Yes","No","Daylight","Straight - Grade","Local Street","Dry","Two-Way, Not Divided","None","T-Intersection","Smooth Asphalt",0,0,0,0,0,0,0,"2 lanes",2,0,NA,0,NA
1198,4180,"Raleigh","Wake","Piedmont","Commercial","Urban (>70% Developed)",NA,"Urban","5 - 15 MPH","No Control Present","Clear","No",21,"20-24","No",NA,"With Traffic","C: Possible Injury","Sidewalk / Crosswalk / Driveway Crossing","Black","Female",NA,NA,"Missing",NA,"6-10 mph","Unknown Injury","Unknown/Missing",NA,NA,"No","20JUL2010","Tuesday","Motorist Failed to Yield - Midblock",17,"Non-Intersection","July","C: Possible Injury",61860,"Motorist Drive Out - Commercial Driveway / Alley",2010,"Yes","Yes","Daylight","Straight - Level","Local Street","Dry","One-Way, Not Divided","None","No Special Feature","Smooth Asphalt",0,0,0,0,0,0,0,"2 lanes",2,0,NA,0,NA
1199,4181,"Raleigh","Wake","Piedmont","Commercial","Urban (>70% Developed)",NA,"Urban","5 - 15 MPH","No Control Present","Clear","No",43,"40-49","No",NA,"With Traffic","O: No Injury","Sidewalk / Crosswalk / Driveway Crossing","White","Male",20,"20-24","No",NA,"0-5 mph","O: No Injury","White","Male","Light Truck (Mini-Van, Panel)","No","20JUL2010","Tuesday","Motorist Failed to Yield - Midblock",13,"Non-Intersection","July","O: No Injury",47760,"Motorist Drive Out - Commercial Driveway / Alley",2010,"Yes","No","Daylight","Straight - Level","Public Vehicular Area","Dry","Two-Way, Not Divided","None","No Special Feature","Smooth Asphalt",0,0,0,0,0,0,0,NA,2,0,NA,0,NA
1200,4184,"Fuquay-Varina","Wake","Piedmont","Commercial","Urban (>70% Developed)",NA,"Urban","30 - 35  MPH","No Control Present","Clear","No",12,"11-15","No",NA,"Facing Traffic","C: Possible Injury","Sidewalk / Crosswalk / Driveway Crossing","Black","Male",NA,NA,"Missing",NA,"0-5 mph","Unknown Injury","Unknown/Missing",NA,NA,"No","16JUL2010","Friday","Motorist Failed to Yield - Midblock",15,"Non-Intersection","July","C: Possible Injury",54000,"Motorist Drive Out - Commercial Driveway / Alley",2010,"No","Yes","Daylight","Straight - Level","Public Vehicular Area","Dry","Two-Way, Divided, Unprotected Median","None","Driveway, Public","Smooth Asphalt",0,0,0,0,0,0,0,"2 lanes",2,0,NA,0,NA
1201,3460,"None - Rural Crash","Gaston","Piedmont","Farms, Woods, Pastures","Rural (<30% Developed)",NA,"Rural","40 - 45  MPH","Double Yellow Line, No Passing Zone","Clear","No",15,"11-15","No",NA,"With Traffic","B: Evident Injury","Travel Lane","White","Male",52,"50-59","No",NA,"41-45 mph","B: Evident Injury","White","Male","Motorcycle","No","24SEP2011","Saturday","Bicyclist Left Turn / Merge",10,"Non-Intersection","September","B: Evident Injury",37020,"Bicyclist Left Turn - Same Direction",2011,"Yes","No","Daylight","Straight - Hillcrest","State Secondary Route","Dry","Two-Way, Not Divided","None","No Special Feature","Smooth Asphalt",0,0,0,0,0,0,0,"2 lanes",2,0,NA,0,NA
1202,3463,"Raleigh","Wake","Piedmont","Commercial","Urban (>70% Developed)",NA,"Urban","40 - 45  MPH","Stop And Go Signal","Clear","No",53,"50-59","No",NA,"With Traffic","B: Evident Injury","Sidewalk / Crosswalk / Driveway Crossing","White","Female",21,"20-24","No",NA,"41-45 mph","O: No Injury","Black","Male","Passenger Car","No","10OCT2011","Monday","Motorist Failed to Yield - Signalized Intersection",12,"Intersection","October","B: Evident Injury",46500,"Motorist Drive Through - Signalized Intersection",2011,"Yes","No","Daylight","Straight - Level","Local Street","Dry","Two-Way, Divided, Unprotected Median","None","No Special Feature","Smooth Asphalt",0,0,0,0,0,0,0,"5 lanes",2,0,NA,0,NA
1203,3464,"Huntersville","Mecklenburg","Piedmont","Commercial","Urban (>70% Developed)",NA,"Urban","30 - 35  MPH","Stop And Go Signal","Clear","No",22,"20-24","No",NA,"Facing Traffic","B: Evident Injury","Sidewalk / Crosswalk / Driveway Crossing","Black","Female",16,"0-19","No",NA,"6-10 mph","O: No Injury","White","Female","Passenger Car","No","30SEP2011","Friday","Motorist Failed to Yield - Signalized Intersection",6,"Intersection","September","B: Evident Injury",22740,"Motorist Drive Out - Right Turn on Red",2011,"No","No","Dark - Roadway Not Lighted","Straight - Level","Local Street","Dry","Two-Way, Divided, Positive Median Barrier","None","Four-Way Intersection","Smooth Asphalt",0,0,0,0,0,0,0,"3 lanes",2,0,NA,0,NA
1204,3465,"Greenville","Pitt","Coastal","Institutional","Urban (>70% Developed)",NA,"Urban",NA,"No Control Present","Clear","No",22,"20-24","No",NA,"Not Applicable","O: No Injury","Non-Roadway","White","Female",22,"20-24","No",NA,"0-5 mph","O: No Injury","White","Female","Sport Utility","No","21SEP2011","Wednesday","Non-Roadway",10,"Non-Roadway","September","O: No Injury",36180,"Non-Roadway",2011,"No","No","Daylight","Straight - Level","Public Vehicular Area","Dry","One-Way, Not Divided","None","No Special Feature","Smooth Asphalt",0,0,0,0,0,0,0,"1 lane",2,0,NA,0,NA
1205,3466,"Wilmington","New Hanover","Coastal","Commercial","Urban (>70% Developed)",NA,"Urban","40 - 45  MPH","Stop And Go Signal","Clear","No",26,"25-29","No",NA,"With Traffic","C: Possible Injury","Travel Lane","White","Male",21,"20-24","No",NA,"6-10 mph","O: No Injury","White","Female","Passenger Car","No","05OCT2011","Wednesday","Motorist Failed to Yield - Midblock",13,"Non-Intersection","October","C: Possible Injury",46980,"Motorist Drive Out - Commercial Driveway / Alley",2011,"No","No","Daylight","Straight - Level","NC Route","Dry","Two-Way, Divided, Unprotected Median","None","No Special Feature","Smooth Asphalt",0,0,0,0,0,0,0,"8 lanes",2,0,NA,0,NA
1206,3469,"Wilmington","New Hanover","Coastal","Residential","Urban (>70% Developed)",NA,"Urban","40 - 45  MPH","No Control Present","Clear","No",NA,NA,"No",NA,"With Traffic","Unknown Injury","Travel Lane","Unknown/Missing",NA,33,"30-39","No",NA,"41-45 mph","O: No Injury","White","Male","Pickup","No","03OCT2011","Monday","Motorist Overtaking Bicyclist",5,"Non-Intersection","October","O: No Injury",18180,"Motorist Overtaking - Undetected Bicyclist",2011,"No","No","Dark - Lighted Roadway","Straight - Level","Local Street","Dry","Two-Way, Divided, Positive Median Barrier","None","No Special Feature","Coarse Asphalt",0,0,0,0,0,0,0,"4 lanes",2,0,NA,0,NA
1207,3470,"Clinton","Sampson","Coastal","Commercial","Mixed (30% To 70% Developed)",NA,"Urban","5 - 15 MPH","No Control Present","Clear","No",52,"50-59","No",NA,"With Traffic","C: Possible Injury","Travel Lane","Black","Male",NA,"70+","No",NA,"0-5 mph","O: No Injury","Black","Male","Passenger Car","No","15OCT2011","Saturday","Motorist Overtaking Bicyclist",19,"Non-Intersection","October","C: Possible Injury",69540,"Motorist Overtaking - Other / Unknown",2011,"Yes","No","Dark - Lighted Roadway","Straight - Level","Local Street","Dry","Two-Way, Not Divided","None","No Special Feature","Coarse Asphalt",0,0,0,0,0,0,0,"2 lanes",2,0,NA,0,NA
1208,3472,"None - Rural Crash","Onslow","Coastal","Farms, Woods, Pastures","Rural (<30% Developed)",NA,"Rural","50 - 55  MPH","Double Yellow Line, No Passing Zone","Clear","No",64,"60-69","No",NA,"With Traffic","B: Evident Injury","Travel Lane","White","Male",42,"40-49","No",NA,"36-40 mph","O: No Injury","White","Male","Pickup","No","17OCT2011","Monday","Motorist Overtaking Bicyclist",19,"Non-Intersection","October","B: Evident Injury",71100,"Motorist Overtaking - Misjudged Space",2011,"Yes","No","Dark - Roadway Not Lighted","Straight - Level","NC Route","Dry","Two-Way, Not Divided","None","No Special Feature","Coarse Asphalt",0,0,0,0,0,0,0,"2 lanes",2,0,NA,0,NA
1209,3479,"None - Rural Crash","Rockingham","Piedmont","Farms, Woods, Pastures","Rural (<30% Developed)",NA,"Rural","50 - 55  MPH","No Control Present","Clear","No",16,"16-19","No",NA,"With Traffic","C: Possible Injury","Travel Lane","White","Male",NA,NA,"No",NA,"51-55 mph","Unknown Injury","Unknown/Missing",NA,"Passenger Car","No","17OCT2011","Monday","Motorist Overtaking Bicyclist",18,"Non-Intersection","October","C: Possible Injury",64800,"Motorist Overtaking - Misjudged Space",2011,"No","Yes","Daylight","Straight - Grade","NC Route","Dry","Two-Way, Not Divided","None","No Special Feature","Smooth Asphalt",0,0,0,0,0,0,0,"2 lanes",2,0,NA,0,NA
1210,3480,"Wilmington","New Hanover","Coastal","Commercial","Urban (>70% Developed)",NA,"Urban","30 - 35  MPH","Stop And Go Signal","Clear","No",20,"20-24","No",NA,"With Traffic","C: Possible Injury","Sidewalk / Crosswalk / Driveway Crossing","White","Female",64,"60-69","No",NA,"11-15 mph","O: No Injury","White","Male","Passenger Car","No","07OCT2011","Friday","Bicyclist Failed to Yield - Signalized Intersection",13,"Intersection","October","C: Possible Injury",49620,"Bicyclist Ride Out - Signalized  Intersection",2011,"Yes","No","Daylight","Straight - Level","Local Street","Dry","Two-Way, Not Divided","None","No Special Feature","Coarse Asphalt",0,0,0,0,0,0,0,"2 lanes",2,0,NA,0,NA
1211,3483,"Charlotte","Mecklenburg","Piedmont","Residential","Urban (>70% Developed)",NA,"Urban","30 - 35  MPH","No Control Present","Clear","No",48,"40-49","Yes",NA,"With Traffic","B: Evident Injury","Travel Lane","Black","Male",21,"20-24","No",NA,"21-25 mph","O: No Injury","Black","Male","Pickup","Yes","08OCT2011","Saturday","Bicyclist Right Turn / Merge",23,"Intersection-Related","October","B: Evident Injury",85500,"Bicyclist Right Turn - Same Direction",2011,"Yes","No","Dark - Lighted Roadway","Straight - Level","Local Street","Dry","Two-Way, Not Divided","None","No Special Feature","Smooth Asphalt",0,0,0,0,0,0,0,"2 lanes",2,0,NA,0,NA