"...1","object_id","city","county","region","development","locality","on_road","rural_urban","speed_limit","traffic_control","weather","workzone","bike_age","bike_age_group","bike_alcohol","bike_alcohol_drugs","bike_direction","bike_injury","bike_position","bike_race","bike_sex","driver_age","driver_age_group","driver_alcohol","driver_alcohol_drugs","driver_est_speed","driver_injury","driver_race","driver_sex","driver_vehicle_type","crash_alcohol","crash_date","crash_day","crash_group","crash_hour","crash_location","crash_month","crash_severity","crash_time","crash_type","crash_year","ambulance_req","hit_run","light_condition","road_character","road_class","road_condition","road_configuration","road_defects","road_feature","road_surface","num_bikes_ai","num_bikes_bi","num_bikes_ci","num_bikes_ki","num_bikes_no","num_bikes_to","num_bikes_ui","num_lanes","num_units","distance_mi_from","frm_road","rte_invd_cd","towrd_road"
1212,3484,"Cary","Wake","Piedmont","Residential","Urban (>70% Developed)",NA,"Urban","30 - 35  MPH","No Control Present","Cloudy","No",39,"30-39","No",NA,"With Traffic","B: Evident Injury","Sidewalk / Crosswalk / Driveway Crossing","White","Male",40,"40-49","No",NA,"31-35 mph","O: No Injury","White","Female","Passenger Car","No","10OCT2011","Monday","Parallel Paths - Other Circumstances",13,"Non-Intersection","October","B: Evident Injury",49260,"Bicyclist Ride Out - Parallel Path",2011,"Yes","No","Daylight","Straight - Grade","State Secondary Route","Dry","Two-Way, Not Divided","None","No Special Feature","Coarse Asphalt",0,0,0,0,0,0,0,"4 lanes",2,0,NA,0,NA
1213,3485,"Cary","Wake","Piedmont","Commercial","Urban (>70% Developed)",NA,"Urban","40 - 45  MPH","No Control Present","Clear","No",33,"30-39","No",NA,"With Traffic","B: Evident Injury","Travel Lane","White","Male",46,"40-49","No",NA,"0-5 mph","O: No Injury","White","Male","Truck/Trailer","No","10OCT2011","Monday","Motorist Right Turn / Merge",8,"Non-Intersection","October","B: Evident Injury",31560,"Motorist Right Turn - Same Direction",2011,"Yes","No","Daylight","Straight - Level","State Secondary Route","Dry","Two-Way, Divided, Unprotected Median","None","Driveway, Public","Smooth Asphalt",0,0,0,0,0,0,0,"4 lanes",2,0,NA,0,NA
1214,3497,"None - Rural Crash","Henderson","Mountains","Farms, Woods, Pastures","Rural (<30% Developed)",NA,"Rural","40 - 45  MPH","Double Yellow Line, No Passing Zone","Cloudy","No",62,"60-69","No",NA,"With Traffic","B: Evident Injury","Travel Lane","White","Male",41,"40-49","No",NA,"36-40 mph","O: No Injury","White","Male","Passenger Car","No","18OCT2011","Tuesday","Motorist Overtaking Bicyclist",18,"Non-Intersection","October","B: Evident Injury",65460,"Motorist Overtaking - Other / Unknown",2011,"Yes","No","Daylight","Curve - Level","State Secondary Route","Wet","Two-Way, Not Divided","None","No Special Feature","Smooth Asphalt",0,0,0,0,0,0,0,"2 lanes",2,0,NA,0,NA
1215,3507,"Mount Airy","Surry","Mountains","Residential","Urban (>70% Developed)",NA,"Urban","20 - 25  MPH","No Control Present","Clear","No",22,"20-24","No",NA,"With Traffic","B: Evident Injury","Travel Lane","White","Male",42,"40-49","No",NA,"21-25 mph","O: No Injury","White","Male","Sport Utility","No","17OCT2011","Monday","Motorist Overtaking Bicyclist",21,"Non-Intersection","October","A: Disabling Injury",77940,"Motorist Overtaking - Other / Unknown",2011,"No","No","Dark - Lighted Roadway","Straight - Grade","Local Street","Dry","Two-Way, Not Divided","None","No Special Feature","Smooth Asphalt",0,0,0,0,0,0,0,"2 lanes",2,0,NA,0,NA
1216,3508,"None - Rural Crash","Wayne","Coastal","Farms, Woods, Pastures","Rural (<30% Developed)",NA,"Rural","40 - 45  MPH","Double Yellow Line, No Passing Zone","Clear","No",25,"25-29","No",NA,"With Traffic","A: Disabling Injury","Travel Lane","Black","Male",19,"0-19","No",NA,"41-45 mph","O: No Injury","White","Female","Passenger Car","No","25OCT2011","Tuesday","Bicyclist Left Turn / Merge",16,"Non-Intersection","October","A: Disabling Injury",59700,"Bicyclist Left Turn - Same Direction",2011,"Yes","No","Daylight","Straight - Level","State Secondary Route","Dry","Two-Way, Not Divided","None","No Special Feature","Coarse Asphalt",0,0,0,0,0,0,0,"2 lanes",2,0,NA,0,NA
1217,3510,"Wrightsville Beach","New Hanover","Coastal","Residential","Mixed (30% To 70% Developed)",NA,"Rural","20 - 25  MPH","No Control Present","Clear","No",35,"30-39","No",NA,"Not Applicable","C: Possible Injury","Driveway / Alley","White","Male",27,"25-29","No",NA,"0-5 mph","O: No Injury","White","Male","Pickup","No","14OCT2011","Friday","Bicyclist Failed to Yield - Midblock",12,"Non-Intersection","October","C: Possible Injury",45480,"Bicyclist Ride Out - Residential Driveway",2011,"Yes","No","Daylight","Straight - Level","Local Street","Dry","Two-Way, Not Divided","None","No Special Feature","Smooth Asphalt",0,0,0,0,0,0,0,"2 lanes",2,0,NA,0,NA
1218,3514,"Durham","Durham","Piedmont","Commercial","Urban (>70% Developed)",NA,"Urban","20 - 25  MPH","Stop Sign","Clear","No",28,"25-29","No",NA,"With Traffic","C: Possible Injury","Travel Lane","White","Female",68,"60-69","No",NA,"11-15 mph","O: No Injury","White","Male","Passenger Car","No","27OCT2011","Thursday","Bicyclist Left Turn / Merge",10,"Intersection","October","C: Possible Injury",36120,"Bicyclist Left Turn - Same Direction",2011,"Yes","No","Daylight","Straight - Level","Local Street","Dry","Two-Way, Not Divided","None","No Special Feature","Smooth Asphalt",0,0,0,0,0,0,0,"2 lanes",2,0,NA,0,NA
1219,3522,"Greensboro","Guilford","Piedmont","Residential","Urban (>70% Developed)",NA,"Urban","30 - 35  MPH","Stop Sign","Clear","No",45,"40-49","No",NA,"Facing Traffic","C: Possible Injury","Travel Lane","Black","Male",30,"30-39","No",NA,"0-5 mph","O: No Injury","Black","Female","Passenger Car","No","09OCT2011","Sunday","Loss of Control / Turning Error",11,"Intersection","October","C: Possible Injury",42300,"Bicyclist Turning Error - Left Turn",2011,"Yes","No","Daylight","Straight - Level","Local Street","Dry","Two-Way, Not Divided","None","No Special Feature","Smooth Asphalt",0,0,0,0,0,0,0,"2 lanes",2,0,NA,0,NA
1220,3526,"Wilmington","New Hanover","Coastal","Commercial","Urban (>70% Developed)",NA,"Urban","30 - 35  MPH","Stop And Go Signal","Clear","No",59,"50-59","No",NA,"With Traffic","B: Evident Injury","Sidewalk / Crosswalk / Driveway Crossing","White","Male",32,"30-39","No",NA,"31-35 mph","O: No Injury","White","Male","Single Unit Truck (2-Axle, 6-Tire)","No","16OCT2011","Sunday","Bicyclist Failed to Yield - Signalized Intersection",10,"Intersection","October","B: Evident Injury",39480,"Bicyclist Ride Out - Signalized  Intersection",2011,"No","No","Daylight","Straight - Level","Local Street","Dry","Two-Way, Divided, Unprotected Median","None","No Special Feature","Coarse Asphalt",0,0,0,0,0,0,0,"9 or more lanes",2,0,NA,0,NA
1221,3530,"Durham","Durham","Piedmont","Commercial","Urban (>70% Developed)",NA,"Urban","30 - 35  MPH","Stop And Go Signal","Rain","No",26,"25-29","No",NA,"With Traffic","O: No Injury","Travel Lane","White","Female",NA,NA,"Missing",NA,"0-5 mph","Unknown Injury","Unknown/Missing",NA,"Passenger Car","No","01NOV2011","Tuesday","Motorist Failed to Yield - Signalized Intersection",21,"Intersection","November","O: No Injury",77100,"Motorist Drive Out - Right Turn on Red",2011,"No","Yes","Daylight","Straight - Level","Local Street","Wet","Two-Way, Not Divided","None","Four-Way Intersection","Smooth Asphalt",0,0,0,0,0,0,0,"2 lanes",2,0,NA,0,NA
1222,6003,"Raleigh","Wake","Piedmont","Residential","Urban (>70% Developed)",NA,"Urban",NA,"Stop And Go Signal","Cloudy","No",19,"16-19","No",NA,"With Traffic","O: No Injury","Travel Lane","Black","Male",35,"30-39","No",NA,NA,"B: Evident Injury","Black","Male","Pedalcycle","No","08JUL2008","Tuesday","Crossing Paths - Other Circumstances",5,"Intersection","July","B: Evident Injury",20880,"Signalized Intersection - Other / Unknown",2008,"Yes","No","Dawn","Straight - Grade","Local Street","Dry","Two-Way, Not Divided","None","Four-Way Intersection","Smooth Asphalt",0,0,0,0,0,0,0,"9 or more lanes",2,0,NA,0,NA
1223,6008,"None - Rural Crash","Rutherford","Mountains","Residential","Mixed (30% To 70% Developed)",NA,"Rural","40 - 45  MPH","Missing","Clear","No",62,"60-69","No",NA,"With Traffic","C: Possible Injury","Travel Lane","White","Male",68,"60-69","No",NA,"41-45 mph","O: No Injury","White","Female","Van","No","25JUL2008","Friday","Bicyclist Left Turn / Merge",8,"Intersection","July","C: Possible Injury",30600,"Bicyclist Left Turn - Same Direction",2008,"Yes","No","Daylight","Straight - Grade","US Route","Dry","Two-Way, Not Divided","None","T-Intersection","Smooth Asphalt",0,0,0,0,0,0,0,"2 lanes",2,0,NA,0,NA
1224,6017,"Hudson","Caldwell","Mountains","Commercial","Urban (>70% Developed)",NA,"Rural","50 - 55  MPH","Missing","Clear","No",22,"20-24","No",NA,"With Traffic","B: Evident Injury","Bike Lane / Paved Shoulder","White","Male",NA,NA,"Missing",NA,NA,"Unknown Injury","Unknown/Missing",NA,NA,"No","27JUL2008","Sunday","Motorist Overtaking Bicyclist",21,"Non-Intersection","July","B: Evident Injury",78240,"Motorist Overtaking - Other / Unknown",2008,"Yes","Yes","Dark - Lighted Roadway","Straight - Level","Local Street","Dry","Two-Way, Divided, Unprotected Median","None","No Special Feature","Smooth Asphalt",0,0,0,0,0,0,0,"4 lanes",2,0,NA,0,NA
1225,6018,"Morehead City","Carteret","Coastal","Commercial","Urban (>70% Developed)",NA,"Urban","30 - 35  MPH","Stop Sign","Clear","No",33,"30-39","No",NA,"Facing Traffic","B: Evident Injury","Sidewalk / Crosswalk / Driveway Crossing","Black","Male",52,"50-59","No",NA,"6-10 mph","O: No Injury","White","Female","Passenger Car","No","28JUL2008","Monday","Motorist Failed to Yield - Sign-Controlled Intersection",8,"Intersection","July","B: Evident Injury",32160,"Motorist Drive Out - Sign-Controlled Intersection",2008,"Yes","No","Daylight","Straight - Level","Local Street","Dry","Two-Way, Not Divided","None","T-Intersection","Smooth Asphalt",0,0,0,0,0,0,0,"4 lanes",2,0,NA,0,NA
1226,6021,"None - Rural Crash","Wake","Piedmont","Residential","Rural (<30% Developed)",NA,"Rural","40 - 45  MPH","Double Yellow Line, No Passing Zone","Clear","No",37,"30-39","No",NA,"With Traffic","B: Evident Injury","Travel Lane","White","Male",50,"50-59","Yes",NA,"41-45 mph","O: No Injury","White","Male","Pickup","Yes","18AUG2008","Monday","Motorist Overtaking Bicyclist",6,"Non-Intersection","August","B: Evident Injury",24900,"Motorist Overtaking - Other / Unknown",2008,"Yes","No","Daylight","Straight - Level","State Secondary Route","Dry","Two-Way, Not Divided","None","No Special Feature","Coarse Asphalt",0,0,0,0,0,0,0,"2 lanes",3,0,NA,0,NA
1227,6026,"Greensboro","Guilford","Piedmont","Residential","Urban (>70% Developed)",NA,"Urban","30 - 35  MPH","Stop Sign","Cloudy","No",10,"6-10","No",NA,"With Traffic","B: Evident Injury","Travel Lane","Black","Male",24,"20-24","No",NA,"16-20 mph","O: No Injury","Black","Female","Passenger Car","No","19JUL2008","Saturday","Loss of Control / Turning Error",17,"Intersection","July","B: Evident Injury",64140,"Bicyclist Lost Control - Oversteering, Improper Braking, Speed",2008,"Yes","No","Daylight","Straight - Level","Local Street","Dry","Two-Way, Not Divided","None","T-Intersection","Smooth Asphalt",0,0,0,0,0,0,0,"1 lane",2,0,NA,0,NA
1228,6031,"None - Rural Crash","Pitt","Coastal","Farms, Woods, Pastures","Rural (<30% Developed)",NA,"Rural","50 - 55  MPH","No Control Present","Clear","No",49,"40-49","Yes",NA,"With Traffic","C: Possible Injury","Travel Lane","Black","Male",48,"40-49","No",NA,"46-50 mph","O: No Injury","White","Female","Sport Utility","Yes","26JUL2008","Saturday","Motorist Overtaking Bicyclist",20,"Non-Intersection","July","C: Possible Injury",74520,"Motorist Overtaking - Bicyclist Swerved",2008,"Yes","No","Dusk","Straight - Level","State Secondary Route","Dry","Two-Way, Not Divided","None","Driveway, Private","Coarse Asphalt",0,0,0,0,0,0,0,"2 lanes",2,0,NA,0,NA
1229,6032,"None - Rural Crash","Pitt","Coastal","Residential","Mixed (30% To 70% Developed)",NA,"Rural","40 - 45  MPH","Double Yellow Line, No Passing Zone","Cloudy","No",58,"50-59","No",NA,"With Traffic","B: Evident Injury","Travel Lane","White","Male",NA,"70+","No",NA,"21-25 mph","O: No Injury","White","Male","Pickup","No","30JUL2008","Wednesday","Motorist Overtaking Bicyclist",8,"Non-Intersection","July","B: Evident Injury",30000,"Motorist Overtaking - Other / Unknown",2008,"Yes","No","Daylight","Straight - Hillcrest","State Secondary Route","Dry","Two-Way, Not Divided","None","No Special Feature","Coarse Asphalt",0,0,0,0,0,0,0,"2 lanes",2,0,NA,0,NA
1230,6035,"Durham","Durham","Piedmont","Residential","Urban (>70% Developed)",NA,"Urban","30 - 35  MPH","No Control Present","Clear","No",57,"50-59","No",NA,"With Traffic","O: No Injury","Travel Lane","Black","Male",58,"50-59","No",NA,"16-20 mph","O: No Injury","Black","Male","Passenger Car","No","17AUG2008","Sunday","Loss of Control / Turning Error",17,"Intersection","August","O: No Injury",61920,"Bicyclist Lost Control - Oversteering, Improper Braking, Speed",2008,"No","No","Daylight","Straight - Grade","Local Street","Dry","Two-Way, Not Divided","None","No Special Feature","Smooth Asphalt",0,0,0,0,0,0,0,"2 lanes",2,0,NA,0,NA
1231,6045,"None - Rural Crash","Mecklenburg","Piedmont","Residential","Mixed (30% To 70% Developed)",NA,"Rural","40 - 45  MPH","Stop Sign","Clear","No",15,"11-15","No",NA,"Facing Traffic","C: Possible Injury","Travel Lane","Black","Male",20,"20-24","No",NA,"11-15 mph","O: No Injury","White","Male","Passenger Car","No","04AUG2008","Monday","Motorist Failed to Yield - Sign-Controlled Intersection",11,"Intersection","August","C: Possible Injury",43140,"Motorist Drive Out - Sign-Controlled Intersection",2008,"Yes","No","Daylight","Straight - Level","Local Street","Dry","Two-Way, Not Divided","None","T-Intersection","Smooth Asphalt",0,0,0,0,0,0,0,"3 lanes",3,0,NA,0,NA
1232,6049,"Raleigh","Wake","Piedmont","Commercial","Urban (>70% Developed)",NA,"Urban","40 - 45  MPH","No Control Present","Clear","No",46,"40-49","No",NA,"With Traffic","A: Disabling Injury","Travel Lane","Black","Male",24,"20-24","No",NA,"41-45 mph","O: No Injury","Black","Male","Passenger Car","No","09AUG2008","Saturday","Motorist Overtaking Bicyclist",4,"Non-Intersection","August","A: Disabling Injury",16140,"Motorist Overtaking - Bicyclist Swerved",2008,"Yes","No","Dark - Lighted Roadway","Straight - Level","Local Street","Dry","Two-Way, Divided, Positive Median Barrier","None","No Special Feature","Smooth Asphalt",0,0,0,0,0,0,0,"6 lanes",2,0,NA,0,NA
1233,6055,"Wilmington","New Hanover","Coastal","Commercial","Urban (>70% Developed)",NA,"Urban","40 - 45  MPH","No Control Present","Clear","No",24,"20-24","No",NA,"With Traffic","B: Evident Injury","Travel Lane","White","Female",38,"30-39","Yes",NA,"41-45 mph","O: No Injury","White","Male",NA,"Yes","09AUG2008","Saturday","Bicyclist Left Turn / Merge",1,"Non-Intersection","August","B: Evident Injury",3600,"Bicyclist Left Turn - Same Direction",2008,"Yes","Yes","Dark - Lighted Roadway","Straight - Level","Local Street","Dry","Two-Way, Divided, Unprotected Median","None","No Special Feature","Coarse Asphalt",0,0,0,0,0,0,0,"6 lanes",2,0,NA,0,NA
1234,6056,"None - Rural Crash","Currituck","Coastal","Residential","Rural (<30% Developed)",NA,"Rural",NA,"Missing","Rain","No",45,"40-49","No",NA,"Not Applicable","B: Evident Injury","Travel Lane","White","Male",22,"20-24","No",NA,"6-10 mph","O: No Injury","White","Male","Passenger Car","No","10AUG2008","Sunday","Non-Roadway",13,"Non-Roadway","August","B: Evident Injury",49800,"Non-Roadway",2008,"Yes","No","Daylight","Straight - Level","Public Vehicular Area","Wet","Two-Way, Not Divided","None","No Special Feature","Other",0,0,0,0,0,0,0,"2 lanes",2,0,NA,0,NA
1235,6058,"Asheville","Buncombe","Mountains","Commercial","Urban (>70% Developed)",NA,"Urban","30 - 35  MPH","Stop And Go Signal","Clear","No",25,"25-29","No",NA,"With Traffic","C: Possible Injury","Travel Lane","White","Male",26,"25-29","No",NA,"16-20 mph","O: No Injury","Black","Male","Sport Utility","No","10AUG2008","Sunday","Motorist Left Turn / Merge",0,"Intersection","August","C: Possible Injury",300,"Motorist Left Turn - Opposite Direction",2008,"No","No","Dark - Lighted Roadway","Straight - Level","Public Vehicular Area","Dry","Two-Way, Not Divided","None","No Special Feature","Smooth Asphalt",0,0,0,0,0,0,0,"5 lanes",2,0,NA,0,NA
1236,6079,"Carrboro","Orange","Piedmont","Commercial","Urban (>70% Developed)",NA,"Urban","20 - 25  MPH","Stop Sign","Clear","No",23,"20-24","No",NA,"Not Applicable","C: Possible Injury","Multi-use Path","White","Female",48,"40-49","No",NA,"16-20 mph","O: No Injury","White","Male","Van","No","14AUG2008","Thursday","Bicyclist Failed to Yield - Sign-Controlled Intersection",8,"Intersection","August","C: Possible Injury",32280,"Bicyclist Ride Through - Sign-Controlled Intersection",2008,"Yes","No","Daylight","Straight - Hillcrest","Local Street","Dry","Two-Way, Not Divided","None","No Special Feature","Smooth Asphalt",0,0,0,0,0,0,0,"2 lanes",2,0,NA,0,NA
1237,6080,"None - Rural Crash","Pender","Coastal","Commercial","Mixed (30% To 70% Developed)",NA,"Rural","50 - 55  MPH","Stop Sign","Clear","No",15,"11-15","No",NA,"With Traffic","A: Disabling Injury","Travel Lane","White","Male",62,"60-69","No",NA,"46-50 mph","O: No Injury","White","Female","Van","No","11AUG2008","Monday","Bicyclist Failed to Yield - Sign-Controlled Intersection",12,"Intersection","August","A: Disabling Injury",43980,"Bicyclist Ride Out - Sign-Controlled Intersection",2008,"Yes","No","Dusk","Straight - Level","US Route","Dry","Two-Way, Divided, Unprotected Median","None","Four-Way Intersection","Coarse Asphalt",0,0,0,0,0,0,0,"4 lanes",2,0,NA,0,NA
1238,6083,"Durham","Durham","Piedmont","Residential","Urban (>70% Developed)",NA,"Urban","30 - 35  MPH","No Control Present","Clear","No",45,"40-49","No",NA,"With Traffic","C: Possible Injury","Travel Lane","White","Male",25,"25-29","No",NA,"31-35 mph","O: No Injury","Black","Female","Sport Utility","No","30AUG2008","Saturday","Bicyclist Left Turn / Merge",9,"Intersection-Related","August","C: Possible Injury",35880,"Bicyclist Left Turn - Same Direction",2008,"Yes","No","Daylight","Straight - Level","Local Street","Dry","Two-Way, Not Divided","None","No Special Feature","Smooth Asphalt",0,0,0,0,0,0,0,"2 lanes",2,0,NA,0,NA
1239,6085,"Fayetteville","Cumberland","Coastal","Residential","Urban (>70% Developed)",NA,"Urban","20 - 25  MPH","Stop Sign","Clear","No",13,"11-15","No",NA,"With Traffic","O: No Injury","Travel Lane","Unknown/Missing",NA,21,"20-24","No",NA,"16-20 mph","O: No Injury","Black","Female","Passenger Car","No","17AUG2008","Sunday","Crossing Paths - Other Circumstances",17,"Intersection","August","O: No Injury",61560,"Sign-Controlled Intersection - Other / Unknown",2008,"No","No","Dusk","Curve - Grade","Local Street","Dry","Two-Way, Not Divided","None","T-Intersection","Coarse Asphalt",0,0,0,0,0,0,0,"2 lanes",2,0,NA,0,NA
1240,6089,"None - Rural Crash","Onslow","Coastal","Residential","Mixed (30% To 70% Developed)",NA,"Rural","40 - 45  MPH","Missing","Clear","No",50,"50-59","No",NA,"With Traffic","B: Evident Injury","Travel Lane","White","Male",46,"40-49","No",NA,"36-40 mph","O: No Injury","White","Female","Van","No","20AUG2008","Wednesday","Motorist Overtaking Bicyclist",15,"Non-Intersection","August","B: Evident Injury",55200,"Motorist Overtaking - Other / Unknown",2008,"No","No","Daylight","Straight - Level","State Secondary Route","Dry","Two-Way, Not Divided","None","No Special Feature","Smooth Asphalt",0,0,0,0,0,0,0,"2 lanes",2,0,NA,0,NA
1241,6094,"Hudson","Caldwell","Mountains","Residential","Urban (>70% Developed)",NA,"Rural","40 - 45  MPH","No Control Present","Clear","No",19,"16-19","No",NA,"With Traffic","B: Evident Injury","Travel Lane","White","Male",62,"60-69","No",NA,"41-45 mph","O: No Injury","White","Female","Sport Utility","No","21AUG2008","Thursday","Bicyclist Left Turn / Merge",11,"Intersection-Related","August","B: Evident Injury",39900,"Bicyclist Left Turn - Same Direction",2008,"Yes","No","Daylight","Straight - Grade","Local Street","Dry","Two-Way, Not Divided","None","No Special Feature","Smooth Asphalt",0,0,0,0,0,0,0,"2 lanes",2,0,NA,0,NA
1242,6098,"Fayetteville","Cumberland","Coastal","Commercial","Urban (>70% Developed)",NA,"Urban","30 - 35  MPH","Stop Sign","Cloudy","No",35,"30-39","No",NA,NA,"B: Evident Injury",NA,"Black","Female",57,"50-59","No",NA,"6-10 mph","O: No Injury","Black","Female","Sport Utility","No","22AUG2008","Friday","Loss of Control / Turning Error",18,"Intersection-Related","August","B: Evident Injury",65700,"Bicyclist Lost Control - Mechanical Problems",2008,"No","No","Daylight","Straight - Grade","Local Street","Dry","Two-Way, Not Divided","None","Four-Way Intersection","Coarse Asphalt",0,0,0,0,0,0,0,"1 lane",2,0,NA,0,NA
1243,6101,"Pink Hill","Lenoir","Coastal","Commercial","Mixed (30% To 70% Developed)",NA,"Rural","30 - 35  MPH","Stop Sign","Clear","No",13,"11-15","No",NA,"With Traffic","O: No Injury","Travel Lane","White","Female",19,"0-19","No",NA,"26-30 mph","O: No Injury","White","Female","Passenger Car","No","14SEP2008","Sunday","Bicyclist Failed to Yield - Sign-Controlled Intersection",11,"Intersection","September","O: No Injury",42360,"Bicyclist Ride Through - Sign-Controlled Intersection",2008,"Yes","No","Daylight","Straight - Level","NC Route","Dry","Two-Way, Not Divided","None","Four-Way Intersection","Smooth Asphalt",0,0,0,0,0,0,0,"2 lanes",2,0,NA,0,NA
1244,6102,"Charlotte","Mecklenburg","Piedmont","Commercial","Urban (>70% Developed)",NA,"Urban","50 - 55  MPH","Stop And Go Signal","Clear","No",40,"40-49","Yes",NA,"With Traffic","B: Evident Injury","Travel Lane","White","Male",24,"20-24","No",NA,"51-55 mph","O: No Injury","White","Female","Passenger Car","Yes","14SEP2008","Sunday","Crossing Paths - Other Circumstances",13,"Intersection","September","B: Evident Injury",48840,"Signalized Intersection - Other / Unknown",2008,"Yes","No","Daylight","Straight - Level","Local Street","Dry","Two-Way, Divided, Unprotected Median","None","Four-Way Intersection","Smooth Asphalt",0,0,0,0,0,0,0,"4 lanes",2,0,NA,0,NA
1245,6107,"Fuquay-Varina","Wake","Piedmont","Farms, Woods, Pastures","Rural (<30% Developed)",NA,"Urban","40 - 45  MPH","Stop Sign","Clear","No",43,"40-49","No",NA,"With Traffic","C: Possible Injury","Travel Lane","White","Male",53,"50-59","No",NA,"6-10 mph","O: No Injury","Black","Female","School Bus","No","05AUG2008","Tuesday","Motorist Failed to Yield - Sign-Controlled Intersection",14,"Intersection","August","C: Possible Injury",52440,"Motorist Drive Out - Sign-Controlled Intersection",2008,"No","No","Dusk","Straight - Level","Local Street","Dry","Two-Way, Not Divided","None","T-Intersection","Coarse Asphalt",0,0,0,0,0,0,0,"2 lanes",2,0,NA,0,NA
1246,6115,"Charlotte","Mecklenburg","Piedmont","Commercial","Urban (>70% Developed)",NA,"Urban","5 - 15 MPH","No Control Present","Rain","No",15,"11-15","No",NA,"Facing Traffic","C: Possible Injury","Sidewalk / Crosswalk / Driveway Crossing","Black","Male",60,"60-69","No",NA,"0-5 mph","O: No Injury","White","Male","Van","No","16SEP2008","Tuesday","Motorist Failed to Yield - Midblock",10,"Non-Intersection","September","C: Possible Injury",39120,"Motorist Drive Out - Commercial Driveway / Alley",2008,"Yes","No","Daylight","Straight - Level","Public Vehicular Area","Wet","Two-Way, Not Divided","None","Driveway, Public","Concrete",0,0,0,0,0,0,0,NA,2,0,NA,0,NA
1247,6120,"Raleigh","Wake","Piedmont","Residential","Urban (>70% Developed)",NA,"Urban","30 - 35  MPH","Stop Sign","Clear","No",16,"16-19","No",NA,"Facing Traffic","C: Possible Injury","Travel Lane","Black","Male",21,"20-24","No",NA,"0-5 mph","O: No Injury","White","Male","Sport Utility","No","24JUN2008","Tuesday","Motorist Failed to Yield - Sign-Controlled Intersection",21,"Intersection","June","C: Possible Injury",75960,"Motorist Drive Out - Sign-Controlled Intersection",2008,"Yes","No","Dark - Lighted Roadway","Straight - Level","Local Street","Dry","Two-Way, Divided, Unprotected Median","None","No Special Feature","Smooth Asphalt",0,0,0,0,0,0,0,"2 lanes",2,0,NA,0,NA
1248,6122,"None - Rural Crash","Gaston","Piedmont","Residential","Rural (<30% Developed)",NA,"Rural","40 - 45  MPH","No Control Present","Cloudy","No",NA,NA,"No",NA,"With Traffic","B: Evident Injury","Bike Lane / Paved Shoulder","White","Male",33,"30-39","No",NA,"36-40 mph","O: No Injury","White","Male","Sport Utility","No","18AUG2008","Monday","Parallel Paths - Other Circumstances",14,"Non-Intersection","August","B: Evident Injury",50940,"Bicyclist Ride Out - Parallel Path",2008,"Yes","No","Daylight","Curve - Level","State Secondary Route","Dry","Two-Way, Not Divided","None","T-Intersection","Smooth Asphalt",0,0,0,0,0,0,0,"2 lanes",2,0,NA,0,NA
1249,6126,"None - Rural Crash","Craven","Coastal","Farms, Woods, Pastures","Rural (<30% Developed)",NA,"Rural","60 - 75 MPH","Missing","Clear","No",31,"30-39","No",NA,"With Traffic","B: Evident Injury","Travel Lane","White","Male",26,"25-29","No",NA,"66-70 mph","O: No Injury","White","Male","Pickup","No","31AUG2008","Sunday","Motorist Overtaking Bicyclist",8,"Non-Intersection","August","B: Evident Injury",30900,"Motorist Overtaking - Misjudged Space",2008,"Yes","No","Daylight","Straight - Level","US Route","Dry","Two-Way, Divided, Unprotected Median","None","No Special Feature","Smooth Asphalt",0,0,0,0,0,0,0,"4 lanes",2,0,NA,0,NA
1250,6141,"High Point","Guilford","Piedmont","Commercial","Urban (>70% Developed)",NA,"Urban","40 - 45  MPH","Missing","Clear","No",12,"11-15","No",NA,"Not Applicable","B: Evident Injury",NA,"Black","Male",42,"40-49","No",NA,"26-30 mph","O: No Injury","Black","Male","Sport Utility","No","01SEP2008","Monday","Bicyclist Failed to Yield - Midblock",20,"Non-Intersection","September","B: Evident Injury",72540,"Bicyclist Ride Out - Midblock - Unknown",2008,"Yes","No","Dark - Lighted Roadway","Straight - Level","Local Street","Dry","Two-Way, Divided, Positive Median Barrier","None","No Special Feature","Smooth Asphalt",0,0,0,0,0,0,0,"8 lanes",2,0,NA,0,NA
1251,6148,"Chapel Hill","Orange","Piedmont","Residential","Urban (>70% Developed)",NA,"Urban","20 - 25  MPH","No Control Present","Cloudy","No",25,"25-29","No",NA,"Facing Traffic","B: Evident Injury","Travel Lane","White","Male",20,"20-24","No",NA,"6-10 mph","O: No Injury","White","Male","Passenger Car","No","29AUG2008","Friday","Crossing Paths - Other Circumstances",21,"Intersection","August","B: Evident Injury",78900,"Crossing Paths - Uncontrolled Intersection",2008,"Yes","No","Dark - Lighted Roadway","Straight - Level","Local Street","Dry","Two-Way, Not Divided","None","T-Intersection","Smooth Asphalt",0,0,0,0,0,0,0,"2 lanes",2,0,NA,0,NA
1252,6150,"None - Rural Crash","Henderson","Mountains","Residential","Urban (>70% Developed)",NA,"Rural","40 - 45  MPH","Missing","Clear","No",8,"6-10","No",NA,"Not Applicable","C: Possible Injury","Driveway / Alley","Hispanic","Female",50,"50-59","No",NA,"31-35 mph","O: No Injury","White","Female","Passenger Car","No","05SEP2008","Friday","Bicyclist Failed to Yield - Midblock",18,"Non-Intersection","September","C: Possible Injury",67560,"Bicyclist Ride Out - Residential Driveway",2008,"No","No","Daylight","Straight - Level","State Secondary Route","Dry","Two-Way, Not Divided","None","No Special Feature","Smooth Asphalt",0,0,0,0,0,0,0,"2 lanes",2,0,NA,0,NA