"...1","object_id","city","county","region","development","locality","on_road","rural_urban","speed_limit","traffic_control","weather","workzone","bike_age","bike_age_group","bike_alcohol","bike_alcohol_drugs","bike_direction","bike_injury","bike_position","bike_race","bike_sex","driver_age","driver_age_group","driver_alcohol","driver_alcohol_drugs","driver_est_speed","driver_injury","driver_race","driver_sex","driver_vehicle_type","crash_alcohol","crash_date","crash_day","crash_group","crash_hour","crash_location","crash_month","crash_severity","crash_time","crash_type","crash_year","ambulance_req","hit_run","light_condition","road_character","road_class","road_condition","road_configuration","road_defects","road_feature","road_surface","num_bikes_ai","num_bikes_bi","num_bikes_ci","num_bikes_ki","num_bikes_no","num_bikes_to","num_bikes_ui","num_lanes","num_units","distance_mi_from","frm_road","rte_invd_cd","towrd_road"
1253,6157,"Charlotte","Mecklenburg","Piedmont","Residential","Urban (>70% Developed)",NA,"Urban","30 - 35  MPH","No Control Present","Cloudy","No",21,"20-24","No",NA,"With Traffic","B: Evident Injury","Travel Lane","White","Male",24,"20-24","Yes",NA,"26-30 mph","O: No Injury","White","Male","Passenger Car","Yes","28SEP2008","Sunday","Motorist Overtaking Bicyclist",2,"Non-Intersection","September","B: Evident Injury",7560,"Motorist Overtaking - Undetected Bicyclist",2008,"Yes","No","Dark - Lighted Roadway","Straight - Level","Local Street","Dry","Two-Way, Divided, Unprotected Median","None","No Special Feature","Smooth Asphalt",0,0,0,0,0,0,0,"4 lanes",2,0,NA,0,NA
1254,6161,"Boone","Watauga","Mountains","Institutional","Urban (>70% Developed)",NA,"Urban","20 - 25  MPH","Missing","Cloudy","No",33,"30-39","No",NA,"With Traffic","B: Evident Injury","Travel Lane","White","Male",21,"20-24","No",NA,"11-15 mph","O: No Injury","White","Male","Pickup","No","09SEP2008","Tuesday","Motorist Left Turn / Merge",9,"Non-Intersection","September","B: Evident Injury",35820,"Motorist Left Turn - Opposite Direction",2008,"Yes","No","Daylight",NA,"Local Street","Dry",NA,"None","No Special Feature",NA,0,0,0,0,0,0,0,NA,2,0,NA,0,NA
1255,6164,"Fayetteville","Cumberland","Coastal","Commercial","Urban (>70% Developed)",NA,"Urban","30 - 35  MPH","No Control Present","Cloudy","No",16,"16-19","No",NA,"Facing Traffic","C: Possible Injury","Sidewalk / Crosswalk / Driveway Crossing","White","Male",NA,NA,"Missing",NA,NA,"Unknown Injury","Unknown/Missing",NA,"Passenger Car","No","26SEP2008","Friday","Motorist Failed to Yield - Midblock",13,"Non-Intersection","September","C: Possible Injury",49140,"Motorist Drive Out - Commercial Driveway / Alley",2008,"No","Yes","Daylight","Straight - Level","Public Vehicular Area","Dry","Two-Way, Not Divided","None","No Special Feature","Coarse Asphalt",0,0,0,0,0,0,0,NA,2,0,NA,0,NA
1256,6167,"Raleigh","Wake","Piedmont","Commercial","Urban (>70% Developed)",NA,"Urban","30 - 35  MPH","No Control Present","Clear","No",17,"16-19","No",NA,"Not Applicable","O: No Injury","Non-Roadway","White","Male",52,"50-59","No",NA,"0-5 mph","O: No Injury","Black","Female","Sport Utility","No","09JUL2008","Wednesday","Bicyclist Failed to Yield - Midblock",10,"Non-Intersection","July","O: No Injury",37500,"Bicyclist Ride Out - Other Midblock",2008,"No","No","Daylight","Straight - Level","Local Street","Dry","Two-Way, Divided, Unprotected Median","None","No Special Feature","Smooth Asphalt",0,0,0,0,0,0,0,"5 lanes",2,0,NA,0,NA
1257,6179,"Statesville","Iredell","Piedmont","Commercial","Urban (>70% Developed)",NA,"Urban","30 - 35  MPH","Stop And Go Signal","Clear","No",43,"40-49","Yes",NA,"Facing Traffic","B: Evident Injury",NA,"Hispanic","Male",39,"30-39","No",NA,"31-35 mph","O: No Injury","Hispanic","Male","Passenger Car","Yes","14SEP2008","Sunday","Crossing Paths - Other Circumstances",14,"Intersection","September","B: Evident Injury",52920,"Signalized Intersection - Other / Unknown",2008,"Yes","No","Daylight","Straight - Grade","Local Street","Dry","Two-Way, Not Divided","None","Four-Way Intersection","Smooth Asphalt",0,0,0,0,0,0,0,"3 lanes",2,0,NA,0,NA
1258,6184,"Vanceboro","Craven","Coastal","Commercial","Mixed (30% To 70% Developed)",NA,"Rural","30 - 35  MPH","Double Yellow Line, No Passing Zone","Clear","No",17,"16-19","No",NA,"Not Applicable","B: Evident Injury",NA,"Black","Male",27,"25-29","No",NA,"31-35 mph","O: No Injury","White","Male","Pickup","No","16SEP2008","Tuesday","Bicyclist Failed to Yield - Midblock",20,"Non-Intersection","September","B: Evident Injury",74100,"Bicyclist Ride Out - Other Midblock",2008,"Yes","No","Dark - Lighted Roadway","Straight - Level","NC Route","Dry","Two-Way, Not Divided","None","Y-Intersection","Smooth Asphalt",0,0,0,0,0,0,0,"2 lanes",2,0,NA,0,NA
1259,6188,"Edenton","Chowan","Coastal","Residential","Rural (<30% Developed)",NA,"Urban","30 - 35  MPH","Stop Sign","Clear","No",62,"60-69","No",NA,"With Traffic","C: Possible Injury","Travel Lane","Unknown/Missing","Male",63,"60-69","No",NA,"11-15 mph","O: No Injury","White","Female","Passenger Car","No","21SEP2008","Sunday","Motorist Left Turn / Merge",7,"Intersection","September","C: Possible Injury",27600,"Motorist Left Turn - Opposite Direction",2008,"Yes","No","Dawn","Straight - Level","Local Street","Dry","Two-Way, Not Divided","None","No Special Feature","Coarse Asphalt",0,0,0,0,0,0,0,"4 lanes",2,0,NA,0,NA
1260,6190,"None - Rural Crash","Rowan","Piedmont","Farms, Woods, Pastures","Rural (<30% Developed)",NA,"Rural",NA,"Double Yellow Line, No Passing Zone","Rain","No",19,"16-19","No",NA,"With Traffic","O: No Injury","Travel Lane","White","Male",24,"20-24","No",NA,NA,"C: Possible Injury","White","Male","Pedalcycle","No","26SEP2008","Friday","Motorist Overtaking Bicyclist",23,"Non-Intersection","September","C: Possible Injury",83460,"Motorist Overtaking - Other / Unknown",2008,"Yes","No","Dark - Roadway Not Lighted","Straight - Level","US Route","Wet","Two-Way, Not Divided","None","No Special Feature","Smooth Asphalt",0,0,0,0,0,0,0,"2 lanes",2,0,NA,0,NA
1261,6197,"Roxboro","Person","Piedmont","Commercial","Urban (>70% Developed)",NA,"Urban","30 - 35  MPH","Stop Sign","Clear","No",59,"50-59","No",NA,"With Traffic","C: Possible Injury","Travel Lane","Black","Male",46,"40-49","No",NA,"31-35 mph","O: No Injury","Unknown/Missing","Female","Pickup","No","03SEP2008","Wednesday","Bicyclist Failed to Yield - Sign-Controlled Intersection",10,"Intersection","September","C: Possible Injury",38220,"Bicyclist Ride Through - Sign-Controlled Intersection",2008,"No","No","Daylight","Straight - Grade","Local Street","Dry","Two-Way, Not Divided","None","Four-Way Intersection","Coarse Asphalt",0,0,0,0,0,0,0,"5 lanes",2,0,NA,0,NA
1262,6199,"Belmont","Gaston","Piedmont","Residential","Urban (>70% Developed)",NA,"Urban","30 - 35  MPH","Stop Sign","Clear","No",21,"20-24","No",NA,"With Traffic","Unknown Injury","Travel Lane","White","Male",32,"30-39","No",NA,"31-35 mph","O: No Injury","White","Female","Passenger Car","No","27SEP2008","Saturday","Bicyclist Failed to Yield - Sign-Controlled Intersection",16,"Intersection","September","O: No Injury",60300,"Bicyclist Ride Through - Sign-Controlled Intersection",2008,"Yes","No","Daylight","Straight - Level","Local Street","Dry","Two-Way, Not Divided","None","Related To Intersection","Smooth Asphalt",0,0,0,0,0,0,0,"2 lanes",2,0,NA,0,NA
1263,6219,"Charlotte","Mecklenburg","Piedmont","Residential","Mixed (30% To 70% Developed)",NA,"Urban","30 - 35  MPH","Stop Sign","Clear","No",22,"20-24","No",NA,"Facing Traffic","O: No Injury","Sidewalk / Crosswalk / Driveway Crossing","Hispanic","Male",47,"40-49","No",NA,"0-5 mph","O: No Injury","Other","Female","Passenger Car","No","14OCT2008","Tuesday","Motorist Failed to Yield - Sign-Controlled Intersection",7,"Intersection","October","O: No Injury",26280,"Motorist Drive Out - Sign-Controlled Intersection",2008,"Yes","No","Dawn","Straight - Grade","Local Street","Dry","Two-Way, Not Divided","None","T-Intersection","Smooth Asphalt",0,0,0,0,0,0,0,"1 lane",2,0,NA,0,NA
1264,6220,"Morehead City","Carteret","Coastal","Residential","Urban (>70% Developed)",NA,"Urban","20 - 25  MPH","Stop Sign","Clear","No",42,"40-49","No",NA,"Facing Traffic","C: Possible Injury","Sidewalk / Crosswalk / Driveway Crossing","White","Female",17,"0-19","No",NA,"21-25 mph","O: No Injury","White","Male","Passenger Car","No","30SEP2008","Tuesday","Motorist Failed to Yield - Sign-Controlled Intersection",16,"Intersection","September","C: Possible Injury",58320,"Motorist Drive Out - Sign-Controlled Intersection",2008,"Yes","No","Daylight","Straight - Level","Local Street","Dry","Two-Way, Divided, Unprotected Median","None","Four-Way Intersection","Smooth Asphalt",0,0,0,0,0,0,0,"3 lanes",2,0,NA,0,NA
1265,6223,"Chapel Hill","Orange","Piedmont","Residential","Urban (>70% Developed)",NA,"Urban","20 - 25  MPH","No Control Present","Clear","No",20,"20-24","No",NA,"With Traffic","C: Possible Injury",NA,"White","Male",22,"20-24","Yes",NA,"0-5 mph","O: No Injury","White","Male","Sport Utility","Yes","05OCT2008","Sunday","Motorist Failed to Yield - Midblock",9,"Non-Intersection","October","C: Possible Injury",35640,"Motorist Drive Out - Commercial Driveway / Alley",2008,"Yes","No","Daylight","Straight - Level","Public Vehicular Area","Dry","Two-Way, Not Divided","None","Driveway, Public","Smooth Asphalt",0,0,0,0,0,0,0,"2 lanes",2,0,NA,0,NA
1266,6225,"Kings Mountain","Cleveland","Mountains","Residential","Mixed (30% To 70% Developed)",NA,"Urban","30 - 35  MPH","Stop And Go Signal","Clear","No",13,"11-15","No",NA,NA,"O: No Injury",NA,"White","Female",NA,NA,"Missing",NA,NA,"Unknown Injury","Unknown/Missing",NA,NA,"No","28SEP2008","Sunday","Other / Unknown - Insufficient Details",9,"Unknown Location","September","O: No Injury",33780,"Unknown Location",2008,"No","Yes","Daylight","Straight - Level","Local Street","Dry","Two-Way, Divided, Unprotected Median","None","Four-Way Intersection","Smooth Asphalt",0,0,0,0,0,0,0,"4 lanes",2,0,NA,0,NA
1267,6226,"Winston-Salem","Forsyth","Piedmont","Commercial","Urban (>70% Developed)",NA,"Urban","30 - 35  MPH","Stop And Go Signal","Clear","No",11,"11-15","No",NA,"With Traffic","B: Evident Injury","Sidewalk / Crosswalk / Driveway Crossing","White","Male",47,"40-49","No",NA,"31-35 mph","O: No Injury","White","Male","Pickup","No","03OCT2008","Friday","Crossing Paths - Other Circumstances",18,"Intersection","October","B: Evident Injury",66480,"Signalized Intersection - Other / Unknown",2008,"Yes","No","Daylight","Straight - Level","Local Street","Dry","Two-Way, Divided, Unprotected Median","None","Four-Way Intersection","Smooth Asphalt",0,0,0,0,0,0,0,"4 lanes",2,0,NA,0,NA
1268,6227,"Winston-Salem","Forsyth","Piedmont","Commercial","Urban (>70% Developed)",NA,"Urban","30 - 35  MPH","Yield Sign","Cloudy","No",27,"25-29","No",NA,"With Traffic","B: Evident Injury","Travel Lane","White","Male",NA,NA,"Missing",NA,"0-5 mph","Unknown Injury","Unknown/Missing",NA,NA,"No","08OCT2008","Wednesday","Motorist Failed to Yield - Sign-Controlled Intersection",6,"Intersection","October","B: Evident Injury",22500,"Motorist Drive Out - Sign-Controlled Intersection",2008,"No","Yes","Dark - Lighted Roadway","Straight - Grade","Public Vehicular Area","Dry","Two-Way, Not Divided","None","Related To Intersection","Smooth Asphalt",0,0,0,0,0,0,0,"3 lanes",2,0,NA,0,NA
1269,6231,"None - Rural Crash","Rowan","Piedmont","Residential","Urban (>70% Developed)",NA,"Rural","50 - 55  MPH","No Control Present","Clear","No",9,"6-10","No",NA,"With Traffic","C: Possible Injury","Bike Lane / Paved Shoulder","White","Male",53,"50-59","No",NA,"51-55 mph","O: No Injury","White","Male","Passenger Car","No","16OCT2008","Thursday","Bicyclist Left Turn / Merge",16,"Non-Intersection","October","C: Possible Injury",58500,"Bicyclist Left Turn - Same Direction",2008,"Yes","No","Daylight","Straight - Level","State Secondary Route","Dry","Two-Way, Not Divided","None","No Special Feature","Smooth Asphalt",0,0,0,0,0,0,0,"2 lanes",2,0,NA,0,NA
1270,6236,"Jacksonville","Onslow","Coastal","Residential","Urban (>70% Developed)",NA,"Urban","30 - 35  MPH","Stop And Go Signal","Clear","No",20,"20-24","No",NA,"Facing Traffic","B: Evident Injury","Sidewalk / Crosswalk / Driveway Crossing","Hispanic","Male",55,"50-59","No",NA,"0-5 mph","O: No Injury","White","Male","Light Truck (Mini-Van, Panel)","No","08OCT2008","Wednesday","Crossing Paths - Other Circumstances",19,"Intersection","October","B: Evident Injury",70920,"Signalized Intersection - Other / Unknown",2008,"Yes","No","Dark - Lighted Roadway","Straight - Level","Local Street","Dry","Two-Way, Not Divided","None","Four-Way Intersection","Smooth Asphalt",0,0,0,0,0,0,0,"2 lanes",2,0,NA,0,NA
1271,6240,"Charlotte","Mecklenburg","Piedmont","Commercial","Urban (>70% Developed)",NA,"Urban","40 - 45  MPH","No Control Present","Clear","No",56,"50-59","No",NA,"With Traffic","B: Evident Injury","Travel Lane","White","Male",NA,NA,"Missing",NA,"41-45 mph","Unknown Injury","Unknown/Missing",NA,"Pickup","No","21OCT2008","Tuesday","Motorist Overtaking Bicyclist",23,"Non-Intersection","October","B: Evident Injury",83880,"Motorist Overtaking - Other / Unknown",2008,"No","Yes","Dark - Lighted Roadway","Straight - Level","Local Street","Dry","Two-Way, Not Divided","None","No Special Feature","Smooth Asphalt",0,0,0,0,0,0,0,"3 lanes",2,0,NA,0,NA
1272,6249,"Hickory","Catawba","Piedmont","Residential","Urban (>70% Developed)",NA,"Urban","30 - 35  MPH","Stop And Go Signal","Rain","No",44,"40-49","No",NA,"With Traffic","C: Possible Injury","Bike Lane / Paved Shoulder","White","Female",33,"30-39","No",NA,"31-35 mph","O: No Injury","Black","Male","Police","No","17OCT2008","Friday","Motorist Left Turn / Merge",6,"Intersection","October","C: Possible Injury",23820,"Motorist Left Turn - Opposite Direction",2008,"No","No","Dark - Lighted Roadway","Straight - Grade","Local Street","Wet","Two-Way, Not Divided","None","No Special Feature","Smooth Asphalt",0,0,0,0,0,0,0,"3 lanes",2,0,NA,0,NA
1273,6256,"Wilmington","New Hanover","Coastal","Commercial","Urban (>70% Developed)",NA,"Urban","40 - 45  MPH","Missing","Clear","No",62,"60-69","No",NA,"With Traffic","K: Killed","Travel Lane","White","Male",49,"40-49","No",NA,"31-35 mph","O: No Injury","White","Female","Passenger Car","No","16OCT2008","Thursday","Motorist Right Turn / Merge",9,"Non-Intersection","October","K: Killed",33720,"Motorist Right Turn - Same Direction",2008,"Yes","No","Daylight","Straight - Level","Local Street","Dry","Two-Way, Divided, Unprotected Median","None","No Special Feature","Smooth Asphalt",0,0,0,0,0,0,0,NA,2,0,NA,0,NA
1274,6272,"Norwood","Stanly","Piedmont","Residential","Mixed (30% To 70% Developed)",NA,"Rural","30 - 35  MPH","Stop Sign","Clear","No",51,"50-59","No",NA,"With Traffic","B: Evident Injury","Travel Lane","Black","Female",36,"30-39","No",NA,"31-35 mph","O: No Injury","White","Male","Unknown Heavy Truck","No","18SEP2008","Thursday","Bicyclist Failed to Yield - Sign-Controlled Intersection",1,"Intersection","September","B: Evident Injury",4140,"Bicyclist Ride Out - Sign-Controlled Intersection",2008,"Yes","No","Dark - Lighted Roadway","Straight - Grade","Local Street","Dry","Two-Way, Not Divided","None","T-Intersection","Coarse Asphalt",0,0,0,0,0,0,0,"3 lanes",2,0,NA,0,NA
1275,6283,"Cary","Wake","Piedmont","Residential","Urban (>70% Developed)",NA,"Urban","5 - 15 MPH","No Control Present","Clear","No",10,"6-10","No",NA,"Not Applicable","B: Evident Injury","Non-Roadway","Other","Male",NA,NA,"Missing",NA,"11-15 mph","Unknown Injury","Unknown/Missing",NA,"Pickup","No","01NOV2008","Saturday","Non-Roadway",16,"Non-Roadway","November","B: Evident Injury",60600,"Non-Roadway",2008,"Yes","Yes","Daylight","Straight - Level","Public Vehicular Area","Dry","Two-Way, Not Divided","None","Driveway, Public","Smooth Asphalt",0,0,0,0,0,0,0,NA,2,0,NA,0,NA
1276,6286,"None - Rural Crash","Nash","Coastal","Residential","Rural (<30% Developed)",NA,"Rural","40 - 45  MPH","Missing","Clear","No",41,"40-49","Yes",NA,"With Traffic","C: Possible Injury","Travel Lane","Black","Male",19,"0-19","No",NA,"0-5 mph","O: No Injury","White","Female","Passenger Car","Yes","23OCT2008","Thursday","Motorist Failed to Yield - Midblock",20,"Non-Intersection","October","C: Possible Injury",73800,"Motorist Drive Out - Residential Driveway",2008,"Yes","No","Dark - Roadway Not Lighted","Straight - Level","State Secondary Route","Dry","Two-Way, Not Divided","None","Driveway, Private","Coarse Asphalt",0,0,0,0,0,0,0,"2 lanes",2,0,NA,0,NA
1277,6288,"Trinity","Randolph","Piedmont","Commercial","Mixed (30% To 70% Developed)",NA,"Urban","40 - 45  MPH","Stop And Go Signal","Clear","No",36,"30-39","No",NA,"With Traffic","B: Evident Injury","Travel Lane","White","Male",40,"40-49","No",NA,"41-45 mph","O: No Injury","White","Male","Pickup","No","07OCT2008","Tuesday","Loss of Control / Turning Error",13,"Non-Intersection","October","B: Evident Injury",47460,"Bicyclist Lost Control - Other / Unknown",2008,"No","No","Daylight","Straight - Level","NC Route","Dry","Two-Way, Not Divided","None","Four-Way Intersection","Smooth Asphalt",0,0,0,0,0,0,0,"2 lanes",2,0,NA,0,NA
1278,6291,"None - Rural Crash","Carteret","Coastal","Residential","Mixed (30% To 70% Developed)",NA,"Rural","40 - 45  MPH","Stop Sign","Clear","No",68,"60-69","No",NA,"With Traffic","C: Possible Injury","Travel Lane","White","Male",NA,NA,"Missing",NA,"26-30 mph","Unknown Injury","Unknown/Missing",NA,"Van","No","06NOV2008","Thursday","Motorist Overtaking Bicyclist",18,"Intersection","November","C: Possible Injury",68100,"Motorist Overtaking - Misjudged Space",2008,"Yes","Yes","Daylight","Straight - Level","State Secondary Route","Dry","Two-Way, Not Divided","None","T-Intersection","Coarse Asphalt",0,0,0,0,0,0,0,"2 lanes",2,0,NA,0,NA
1279,6292,"Atlantic Beach","Carteret","Coastal","Residential","Urban (>70% Developed)",NA,"Rural","40 - 45  MPH","Missing","Clear","No",65,"60-69","No",NA,"With Traffic","A: Disabling Injury","Travel Lane","White","Male",60,"60-69","No",NA,"41-45 mph","O: No Injury","White","Female","Passenger Car","No","21OCT2008","Tuesday","Motorist Overtaking Bicyclist",13,"Non-Intersection","October","A: Disabling Injury",49380,"Motorist Overtaking - Bicyclist Swerved",2008,"No","No","Daylight",NA,"Local Street","Dry",NA,"None","No Special Feature",NA,0,0,0,0,0,0,0,NA,2,0,NA,0,NA
1280,6296,"High Point","Guilford","Piedmont","Residential","Urban (>70% Developed)",NA,"Urban","30 - 35  MPH","Stop Sign","Clear","No",20,"20-24","No",NA,"With Traffic","B: Evident Injury","Travel Lane","Black","Male",39,"30-39","No",NA,"16-20 mph","O: No Injury","White","Female","Van","No","22OCT2008","Wednesday","Bicyclist Failed to Yield - Sign-Controlled Intersection",17,"Intersection","October","B: Evident Injury",62340,"Bicyclist Ride Through - Sign-Controlled Intersection",2008,"Yes","No","Daylight","Straight - Grade","Local Street","Dry","Two-Way, Not Divided","None","T-Intersection","Smooth Asphalt",0,0,0,0,0,0,0,"2 lanes",2,0,NA,0,NA
1281,6300,"Wilmington","New Hanover","Coastal","Commercial","Urban (>70% Developed)",NA,"Urban","20 - 25  MPH","Stop And Go Signal","Clear","No",27,"25-29","No",NA,"With Traffic","C: Possible Injury","Travel Lane","White","Male",NA,"70+","No",NA,"16-20 mph","O: No Injury","Black","Male","Passenger Car","No","26OCT2008","Sunday","Motorist Left Turn / Merge",16,"Intersection","October","C: Possible Injury",60360,"Motorist Left Turn - Opposite Direction",2008,"Yes","No","Daylight","Straight - Level","Local Street","Dry","Two-Way, Not Divided","None","No Special Feature","Smooth Asphalt",0,0,0,0,0,0,0,"2 lanes",2,0,NA,0,NA
1282,6312,"None - Rural Crash","Iredell","Piedmont","Residential","Rural (<30% Developed)",NA,"Rural","50 - 55  MPH","Stop Sign","Clear","No",17,"16-19","No",NA,"Not Applicable","K: Killed","Non-Roadway","White","Male",62,"60-69","No",NA,"46-50 mph","B: Evident Injury","White","Female","Passenger Car","No","27OCT2008","Monday","Bicyclist Failed to Yield - Midblock",18,"Non-Intersection","October","K: Killed",65400,"Bicyclist Ride Out - Midblock - Unknown",2008,"Yes","No","Dusk","Straight - Level","State Secondary Route","Dry","Two-Way, Not Divided","None","T-Intersection","Smooth Asphalt",0,0,0,0,0,0,0,"2 lanes",2,0,NA,0,NA
1283,6324,"Thomasville","Davidson","Piedmont","Residential","Urban (>70% Developed)",NA,"Urban","40 - 45  MPH","School Zone Signs","Clear","No",15,"11-15","No",NA,"With Traffic","B: Evident Injury","Travel Lane","White","Male",NA,"70+","No",NA,"31-35 mph","O: No Injury","White","Female","Passenger Car","No","10NOV2008","Monday","Bicyclist Left Turn / Merge",18,"Non-Intersection","November","B: Evident Injury",65340,"Bicyclist Left Turn - Same Direction",2008,"Yes","No","Dark - Lighted Roadway","Straight - Level","Local Street","Dry","Two-Way, Divided, Unprotected Median","None","No Special Feature","Coarse Asphalt",0,0,0,0,0,0,0,"2 lanes",2,0,NA,0,NA
1284,6327,"None - Rural Crash","Sampson","Coastal","Farms, Woods, Pastures","Rural (<30% Developed)",NA,"Rural",NA,"Double Yellow Line, No Passing Zone","Clear","No",42,"40-49","Yes",NA,"With Traffic","B: Evident Injury","Travel Lane","Black","Male",NA,NA,"No",NA,NA,"Unknown Injury","Unknown/Missing",NA,NA,"Yes","28NOV2008","Friday","Head-On",18,"Non-Intersection","November","B: Evident Injury",67200,"Head-On - Bicyclist",2008,"Yes","Yes","Dark - Roadway Not Lighted","Straight - Grade","State Secondary Route","Dry","Two-Way, Not Divided","None","Bridge Approach","Smooth Asphalt",0,0,0,0,0,0,0,"2 lanes",2,0,NA,0,NA
1285,6330,"Wilmington","New Hanover","Coastal","Commercial","Urban (>70% Developed)",NA,"Urban","40 - 45  MPH","Stop And Go Signal","Clear","No",18,"16-19","No",NA,"Facing Traffic","O: No Injury","Sidewalk / Crosswalk / Driveway Crossing","White","Male",24,"20-24","No",NA,"11-15 mph","O: No Injury","White","Female","Passenger Car","No","08NOV2008","Saturday","Motorist Right Turn / Merge",18,"Intersection","November","O: No Injury",65820,"Motorist Right Turn - Opposite Direction",2008,"No","No","Daylight","Straight - Level","Local Street","Dry","Two-Way, Not Divided","None","No Special Feature","Coarse Asphalt",0,0,0,0,0,0,0,"3 lanes",2,0,NA,0,NA
1286,6331,"Greensboro","Guilford","Piedmont","Commercial","Urban (>70% Developed)",NA,"Urban","5 - 15 MPH","No Control Present","Clear","No",15,"11-15","No",NA,"Facing Traffic","C: Possible Injury","Sidewalk / Crosswalk / Driveway Crossing","White","Male",NA,NA,"Missing",NA,"0-5 mph","Unknown Injury","Unknown/Missing",NA,NA,"No","22OCT2008","Wednesday","Motorist Failed to Yield - Midblock",19,"Non-Intersection","October","C: Possible Injury",68880,"Motorist Drive Out - Commercial Driveway / Alley",2008,"No","Yes","Dark - Lighted Roadway","Straight - Level","Public Vehicular Area","Dry","Two-Way, Divided, Unprotected Median","None","Driveway, Public","Coarse Asphalt",0,0,0,0,0,0,0,"7 lanes",2,0,NA,0,NA
1287,6337,"Raleigh","Wake","Piedmont","Commercial","Urban (>70% Developed)",NA,"Urban",NA,"Stop Sign","Clear","No",50,"50-59","No",NA,"Facing Traffic","C: Possible Injury","Sidewalk / Crosswalk / Driveway Crossing","White","Male",53,"50-59","No",NA,"0-5 mph","O: No Injury","Black","Male","Sport Utility","No","22OCT2008","Wednesday","Motorist Failed to Yield - Midblock",7,"Non-Intersection","October","C: Possible Injury",28140,"Motorist Drive Out - Other Midblock",2008,"Yes","No","Daylight","Straight - Level","Public Vehicular Area","Dry","Two-Way, Not Divided","None","No Special Feature","Smooth Asphalt",0,0,0,0,0,0,0,NA,2,0,NA,0,NA
1288,6340,"Concord","Cabarrus","Piedmont","Residential","Urban (>70% Developed)",NA,"Urban","30 - 35  MPH","Stop Sign","Clear","No",44,"40-49","No",NA,"With Traffic","B: Evident Injury","Travel Lane","White","Female",NA,"70+","No",NA,"0-5 mph","O: No Injury","Black","Female","Passenger Car","No","09NOV2008","Sunday","Motorist Failed to Yield - Sign-Controlled Intersection",8,"Intersection","November","B: Evident Injury",31140,"Motorist Drive Through - Sign-Controlled Intersection",2008,"No","No","Daylight","Straight - Level","Local Street","Dry","Two-Way, Not Divided","None","Four-Way Intersection","Coarse Asphalt",0,0,0,0,0,0,0,"2 lanes",2,0,NA,0,NA
1289,6345,"Raleigh","Wake","Piedmont","Commercial","Urban (>70% Developed)",NA,"Urban","40 - 45  MPH","No Control Present","Cloudy","No",30,"30-39","No",NA,"With Traffic","B: Evident Injury","Travel Lane","White","Male",42,"40-49","No",NA,"41-45 mph","O: No Injury","Black","Male","Passenger Car","No","20SEP2008","Saturday","Motorist Overtaking Bicyclist",6,"Non-Intersection","September","B: Evident Injury",25020,"Motorist Overtaking - Other / Unknown",2008,"Yes","No","Dark - Roadway Not Lighted","Straight - Level","Local Street","Dry","Two-Way, Divided, Unprotected Median","None","No Special Feature","Coarse Asphalt",0,0,0,0,0,0,0,"6 lanes",2,0,NA,0,NA
1290,6352,"Cary","Wake","Piedmont","Commercial","Urban (>70% Developed)",NA,"Urban","5 - 15 MPH","No Control Present","Clear","No",25,"25-29","No",NA,"Facing Traffic","C: Possible Injury","Sidewalk / Crosswalk / Driveway Crossing","White","Female",56,"50-59","No",NA,"0-5 mph","O: No Injury","White","Male","Sport Utility","No","07DEC2008","Sunday","Motorist Failed to Yield - Sign-Controlled Intersection",17,"Intersection","December","C: Possible Injury",64440,"Motorist Drive Out - Sign-Controlled Intersection",2008,"Yes","No","Dusk","Straight - Level","Public Vehicular Area","Dry","One-Way, Not Divided","None","No Special Feature","Smooth Asphalt",0,0,0,0,0,0,0,NA,2,0,NA,0,NA
1291,6355,"Chapel Hill","Orange","Piedmont","Commercial","Urban (>70% Developed)",NA,"Urban","20 - 25  MPH","Stop And Go Signal","Cloudy","No",18,"16-19","No",NA,"With Traffic","B: Evident Injury","Sidewalk / Crosswalk / Driveway Crossing","White","Male",23,"20-24","No",NA,"6-10 mph","O: No Injury","White","Female","Light Truck (Mini-Van, Panel)","No","13NOV2008","Thursday","Bicyclist Failed to Yield - Signalized Intersection",18,"Intersection","November","B: Evident Injury",66660,"Bicyclist Ride Through - Signalized Intersection",2008,"Yes","No","Dark - Lighted Roadway","Straight - Bottom","Local Street","Wet","Two-Way, Not Divided","None","Four-Way Intersection","Smooth Asphalt",0,0,0,0,0,0,0,"4 lanes",2,0,NA,0,NA
1292,6358,"Durham","Durham","Piedmont","Commercial","Urban (>70% Developed)",NA,"Urban","30 - 35  MPH","No Control Present","Cloudy","No",14,"11-15","No",NA,NA,"C: Possible Injury",NA,"Black","Male",43,"40-49","No",NA,"31-35 mph","O: No Injury","Black","Male","Passenger Car","No","09DEC2008","Tuesday","Other / Unknown - Insufficient Details",9,"Intersection","December","C: Possible Injury",33120,"Unknown Approach Paths",2008,"Yes","No","Daylight","Straight - Grade","Local Street","Dry","Two-Way, Divided, Unprotected Median","None","No Special Feature","Coarse Asphalt",0,0,0,0,0,0,0,"2 lanes",2,0,NA,0,NA
1293,6368,"Lumberton","Robeson","Coastal","Commercial","Urban (>70% Developed)",NA,"Urban","30 - 35  MPH","Stop Sign","Clear","No",17,"16-19","No",NA,"With Traffic","C: Possible Injury","Sidewalk / Crosswalk / Driveway Crossing","White","Male",51,"50-59","No",NA,"31-35 mph","O: No Injury","Black","Male","Pickup","No","21NOV2008","Friday","Motorist Failed to Yield - Sign-Controlled Intersection",15,"Intersection","November","C: Possible Injury",55620,"Motorist Drive Out - Sign-Controlled Intersection",2008,"Yes","No","Daylight","Straight - Level","Local Street","Dry","Two-Way, Not Divided","None","No Special Feature","Coarse Asphalt",0,0,0,0,0,0,0,"4 lanes",2,0,NA,0,NA