"...1","object_id","city","county","region","development","locality","on_road","rural_urban","speed_limit","traffic_control","weather","workzone","bike_age","bike_age_group","bike_alcohol","bike_alcohol_drugs","bike_direction","bike_injury","bike_position","bike_race","bike_sex","driver_age","driver_age_group","driver_alcohol","driver_alcohol_drugs","driver_est_speed","driver_injury","driver_race","driver_sex","driver_vehicle_type","crash_alcohol","crash_date","crash_day","crash_group","crash_hour","crash_location","crash_month","crash_severity","crash_time","crash_type","crash_year","ambulance_req","hit_run","light_condition","road_character","road_class","road_condition","road_configuration","road_defects","road_feature","road_surface","num_bikes_ai","num_bikes_bi","num_bikes_ci","num_bikes_ki","num_bikes_no","num_bikes_to","num_bikes_ui","num_lanes","num_units","distance_mi_from","frm_road","rte_invd_cd","towrd_road"
1294,6373,"None - Rural Crash","Rowan","Piedmont","Farms, Woods, Pastures","Rural (<30% Developed)",NA,"Rural",NA,"Double Yellow Line, No Passing Zone","Clear","No",61,"60-69","No",NA,"With Traffic","O: No Injury","Travel Lane","White","Male",60,"60-69","No",NA,NA,"A: Disabling Injury","White","Male","Pedalcycle","No","28NOV2008","Friday","Motorist Left Turn / Merge",12,"Intersection","November","A: Disabling Injury",43920,"Motorist Left Turn - Opposite Direction",2008,"Yes","No","Daylight","Straight - Level","State Secondary Route","Dry","Two-Way, Not Divided","None","T-Intersection","Smooth Asphalt",0,0,0,0,0,0,0,"2 lanes",2,0,NA,0,NA
1295,6375,"Durham","Durham","Piedmont","Residential","Urban (>70% Developed)",NA,"Urban",NA,"No Control Present","Clear","No",15,"11-15","No",NA,"Facing Traffic","C: Possible Injury","Sidewalk / Crosswalk / Driveway Crossing","Black","Male",NA,NA,"Missing",NA,NA,"Unknown Injury","Unknown/Missing",NA,"Passenger Car","No","14DEC2008","Sunday","Motorist Failed to Yield - Midblock",17,"Non-Intersection","December","C: Possible Injury",63900,"Motorist Drive Out - Residential Driveway",2008,"Yes","Yes","Dark - Lighted Roadway","Straight - Level","Public Vehicular Area","Dry","Two-Way, Not Divided","None","T-Intersection","Smooth Asphalt",0,0,0,0,0,0,0,"4 lanes",2,0,NA,0,NA
1296,6378,"None - Rural Crash","Robeson","Coastal","Farms, Woods, Pastures","Rural (<30% Developed)",NA,"Rural","50 - 55  MPH","Double Yellow Line, No Passing Zone","Clear","No",39,"30-39","No",NA,"With Traffic","C: Possible Injury","Bike Lane / Paved Shoulder","Native American","Male",28,"25-29","No",NA,"51-55 mph","O: No Injury","Native American","Male","Sport Utility","No","27NOV2008","Thursday","Bicyclist Left Turn / Merge",9,"Non-Intersection","November","C: Possible Injury",35100,"Bicyclist Left Turn - Same Direction",2008,"Yes","No","Daylight","Straight - Level","State Secondary Route","Dry","Two-Way, Not Divided","None","Bridge","Coarse Asphalt",0,0,0,0,0,0,0,"2 lanes",2,0,NA,0,NA
1297,6385,"Raleigh","Wake","Piedmont","Commercial","Urban (>70% Developed)",NA,"Urban","40 - 45  MPH","Stop And Go Signal","Clear","No",58,"50-59","No",NA,"Facing Traffic","O: No Injury","Sidewalk / Crosswalk / Driveway Crossing","White","Male",56,"50-59","No",NA,"0-5 mph","O: No Injury","Black","Female",NA,"No","02OCT2008","Thursday","Motorist Failed to Yield - Signalized Intersection",10,"Intersection","October","O: No Injury",37740,"Motorist Drive Out - Right Turn on Red",2008,"No","Yes","Daylight","Straight - Level","Local Street","Dry","Two-Way, Not Divided","None","Four-Way Intersection","Smooth Asphalt",0,0,0,0,0,0,0,"6 lanes",2,0,NA,0,NA
1298,6388,"Raleigh","Wake","Piedmont","Residential","Mixed (30% To 70% Developed)",NA,"Urban","20 - 25  MPH","Missing","Clear","No",27,"25-29","No",NA,"With Traffic","O: No Injury","Travel Lane","White","Male",NA,NA,"Missing",NA,"11-15 mph","Unknown Injury","Unknown/Missing",NA,NA,"No","15SEP2008","Monday","Motorist Overtaking Bicyclist",0,"Non-Intersection","September","O: No Injury",900,"Motorist Overtaking - Misjudged Space",2008,"No","Yes","Dark - Lighted Roadway","Straight - Grade","Local Street","Dry","Two-Way, Not Divided","None","No Special Feature","Smooth Asphalt",0,0,0,0,0,0,0,"2 lanes",2,0,NA,0,NA
1299,6391,"None - Rural Crash","Gaston","Piedmont","Farms, Woods, Pastures","Rural (<30% Developed)",NA,"Rural","40 - 45  MPH","Double Yellow Line, No Passing Zone","Cloudy","No",33,"30-39","Yes",NA,"With Traffic","K: Killed","Travel Lane","White","Male",33,"30-39","Yes",NA,"41-45 mph","O: No Injury","White","Female","Passenger Car","Yes","06DEC2008","Saturday","Motorist Overtaking Bicyclist",22,"Non-Intersection","December","K: Killed",80160,"Motorist Overtaking - Other / Unknown",2008,"Yes","No","Dark - Roadway Not Lighted","Straight - Level","NC Route","Dry","Two-Way, Not Divided","None","No Special Feature","Coarse Asphalt",0,0,0,0,0,0,0,"2 lanes",2,0,NA,0,NA
1300,6392,"Raleigh","Wake","Piedmont","Residential","Urban (>70% Developed)",NA,"Urban","30 - 35  MPH","Stop Sign","Clear","No",14,"11-15","No",NA,"Facing Traffic","C: Possible Injury","Sidewalk / Crosswalk / Driveway Crossing","White","Male",33,"30-39","No",NA,"0-5 mph","O: No Injury","White","Male","Passenger Car","No","01OCT2008","Wednesday","Motorist Failed to Yield - Sign-Controlled Intersection",18,"Intersection","October","C: Possible Injury",66660,"Motorist Drive Out - Sign-Controlled Intersection",2008,"No","No","Daylight","Straight - Level","Local Street","Dry","Two-Way, Not Divided","None","No Special Feature","Smooth Asphalt",0,0,0,0,0,0,0,"2 lanes",2,0,NA,0,NA
1301,2670,"Clinton","Sampson","Coastal","Residential","Urban (>70% Developed)",NA,"Urban","30 - 35  MPH","No Control Present","Clear","No",NA,"70+","No",NA,NA,"O: No Injury","Bike Lane / Paved Shoulder","Hispanic","Male",57,"50-59","No",NA,"31-35 mph","O: No Injury","Black","Female","Passenger Car","No","28NOV2012","Wednesday","Bicyclist Failed to Yield - Midblock",13,"Non-Intersection","November","O: No Injury",50160,"Bicyclist Ride Out - Midblock - Unknown",2012,"No","No","Daylight","Straight - Level","Local Street","Dry","Two-Way, Not Divided","None","No Special Feature","Coarse Asphalt",0,0,0,0,0,0,0,"2 lanes",2,0,NA,0,NA
1302,2650,"Durham","Durham","Piedmont","Residential","Urban (>70% Developed)",NA,"Urban","30 - 35  MPH","Stop And Go Signal","Clear","No",46,"40-49","No",NA,"Facing Traffic","C: Possible Injury","Travel Lane","Black","Male",48,"40-49","No",NA,"6-10 mph","O: No Injury","Black","Female","Passenger Car","No","21NOV2012","Wednesday","Crossing Paths - Other Circumstances",0,"Intersection","November","C: Possible Injury",2700,"Signalized Intersection - Other / Unknown",2012,"Yes","No","Daylight","Straight - Level","Local Street","Dry","Two-Way, Not Divided","None","No Special Feature","Coarse Asphalt",0,0,0,0,0,0,0,"3 lanes",2,0,NA,0,NA
1303,2844,"Fayetteville","Cumberland","Coastal","Farms, Woods, Pastures","Mixed (30% To 70% Developed)",NA,"Urban","40 - 45  MPH","No Control Present","Cloudy","No",54,"50-59","Yes",NA,"With Traffic","O: No Injury","Non-Roadway","Black","Male",27,"25-29","No",NA,"41-45 mph","O: No Injury","Black","Female","Passenger Car","Yes","11MAR2011","Friday","Motorist Overtaking Bicyclist",19,"Non-Intersection","March","O: No Injury",69060,"Motorist Overtaking - Other / Unknown",2011,"No","No","Dark - Roadway Not Lighted","Straight - Level","Local Street","Dry","Two-Way, Not Divided","None","No Special Feature","Coarse Asphalt",0,0,0,0,0,0,0,"2 lanes",2,0,NA,0,NA
1304,2843,"Wilmington","New Hanover","Coastal","Commercial","Urban (>70% Developed)",NA,"Urban","30 - 35  MPH","No Control Present","Clear","No",19,"16-19","No",NA,"Facing Traffic","Unknown Injury","Sidewalk / Crosswalk / Driveway Crossing","Black","Male",60,"60-69","No",NA,"0-5 mph","O: No Injury","White","Female","Passenger Car","No","01MAR2011","Tuesday","Motorist Failed to Yield - Midblock",17,"Non-Intersection","March","O: No Injury",61860,"Motorist Drive Out - Commercial Driveway / Alley",2011,"No","No","Daylight","Straight - Level",NA,"Dry","Two-Way, Not Divided","None","Driveway, Public","Concrete",0,0,0,0,0,0,0,NA,2,0,NA,0,NA
1305,2839,"Charlotte","Mecklenburg","Piedmont","Commercial","Urban (>70% Developed)",NA,"Urban","30 - 35  MPH","Stop And Go Signal","Cloudy","No",58,"50-59","No",NA,"With Traffic","O: No Injury","Sidewalk / Crosswalk / Driveway Crossing","Black","Male",40,"40-49","No",NA,"0-5 mph","O: No Injury","White","Male","Police","No","24FEB2011","Thursday","Motorist Right Turn / Merge",16,"Intersection","February","O: No Injury",58800,"Motorist Right Turn - Same Direction",2011,"No","No","Daylight","Straight - Level","Local Street","Dry","Two-Way, Divided, Unprotected Median","None","No Special Feature","Smooth Asphalt",0,0,0,0,0,0,0,"5 lanes",2,0,NA,0,NA
1306,2847,"Clemmons","Forsyth","Piedmont","Commercial","Urban (>70% Developed)",NA,"Urban","60 - 75 MPH","Stop And Go Signal","Clear","No",44,"40-49","No",NA,"With Traffic","C: Possible Injury","Travel Lane","White","Male",50,"50-59","No",NA,"11-15 mph","O: No Injury","White","Male","Pickup","No","07MAR2011","Monday","Bicyclist Failed to Yield - Signalized Intersection",13,"Intersection","March","C: Possible Injury",49860,"Bicyclist Ride Through - Signalized Intersection",2011,"Yes","No","Daylight","Straight - Level","Local Street","Dry","Two-Way, Not Divided","None","On or Off Ramp","Smooth Asphalt",0,0,0,0,0,0,0,"4 lanes",2,0,NA,0,NA
1307,2854,"Asheville","Buncombe","Mountains","Commercial","Urban (>70% Developed)",NA,"Urban","20 - 25  MPH","Stop And Go Signal","Cloudy","No",22,"20-24","No",NA,"With Traffic","C: Possible Injury","Travel Lane","White","Male",NA,"70+","No",NA,"11-15 mph","O: No Injury","White","Female","Pickup","No","10MAR2011","Thursday","Motorist Left Turn / Merge",16,"Intersection","March","C: Possible Injury",58140,"Motorist Left Turn - Opposite Direction",2011,"Yes","No","Daylight","Straight - Level","Local Street","Dry","Two-Way, Not Divided","None","Four-Way Intersection","Smooth Asphalt",0,0,0,0,0,0,0,"4 lanes",2,0,NA,0,NA
1308,2836,"Asheville","Buncombe","Mountains","Commercial","Urban (>70% Developed)",NA,"Urban","30 - 35  MPH","Stop And Go Signal","Clear","No",21,"20-24","No",NA,"With Traffic","O: No Injury","Travel Lane","White","Male",44,"40-49","No",NA,"11-15 mph","O: No Injury","Black","Female","Passenger Car","No","11FEB2011","Friday","Loss of Control / Turning Error",10,"Intersection","February","O: No Injury",37980,"Bicyclist Lost Control - Mechanical Problems",2011,"No","No","Daylight",NA,"US Route","Dry","Two-Way, Not Divided","None","T-Intersection","Smooth Asphalt",0,0,0,0,0,0,0,"3 lanes",2,0,NA,0,NA
1309,2968,"Charlotte","Mecklenburg","Piedmont","Commercial","Urban (>70% Developed)",NA,"Urban","40 - 45  MPH","No Control Present","Clear","No",48,"40-49","No",NA,"Facing Traffic","B: Evident Injury","Sidewalk / Crosswalk / Driveway Crossing","Black","Male",60,"60-69","No",NA,NA,"O: No Injury","Black","Male","Pickup","No","26APR2011","Tuesday","Motorist Failed to Yield - Midblock",21,"Non-Intersection","April","B: Evident Injury",77940,"Motorist Drive Out - Commercial Driveway / Alley",2011,"No","No","Dark - Lighted Roadway","Straight - Hillcrest","Public Vehicular Area","Dry","Two-Way, Not Divided","None","No Special Feature","Smooth Asphalt",0,0,0,0,0,0,0,NA,2,0,NA,0,NA
1310,2959,"Wilmington","New Hanover","Coastal","Commercial","Urban (>70% Developed)",NA,"Urban","40 - 45  MPH","No Control Present","Clear","No",43,"40-49","No",NA,"Facing Traffic","B: Evident Injury","Sidewalk / Crosswalk / Driveway Crossing","White","Male",67,"60-69","No",NA,"0-5 mph","O: No Injury","White","Male","Passenger Car","No","20APR2011","Wednesday","Motorist Failed to Yield - Midblock",9,"Non-Intersection","April","B: Evident Injury",35040,"Motorist Drive Out - Commercial Driveway / Alley",2011,"Yes","No","Daylight","Straight - Level","US Route","Dry","Two-Way, Not Divided","None","No Special Feature","Smooth Asphalt",0,0,0,0,0,0,0,"5 lanes",2,0,NA,0,NA
1311,2918,"None - Rural Crash","Onslow","Coastal","Residential","Urban (>70% Developed)",NA,"Rural","40 - 45  MPH","Stop Sign","Clear","No",12,"11-15","No",NA,"With Traffic","C: Possible Injury","Travel Lane","White","Female",32,"30-39","No",NA,"31-35 mph","O: No Injury","White","Female","Passenger Car","No","20APR2011","Wednesday","Bicyclist Failed to Yield - Sign-Controlled Intersection",17,"Intersection","April","C: Possible Injury",62700,"Bicyclist Ride Out - Sign-Controlled Intersection",2011,"Yes","No","Daylight","Straight - Level","State Secondary Route","Dry","Two-Way, Not Divided","None","T-Intersection","Smooth Asphalt",0,0,0,0,0,0,0,"2 lanes",2,0,NA,0,NA
1312,2967,"None - Rural Crash","Mecklenburg","Piedmont","Farms, Woods, Pastures","Rural (<30% Developed)",NA,"Rural","50 - 55  MPH","No Control Present","Clear","No",28,"25-29","No",NA,"With Traffic","Unknown Injury","Travel Lane","White","Female",46,"40-49","No",NA,"41-45 mph","O: No Injury","White","Male","Sport Utility","No","23APR2011","Saturday","Motorist Overtaking Bicyclist",13,"Non-Intersection","April","O: No Injury",49620,"Motorist Overtaking - Other / Unknown",2011,"No","No","Daylight","Straight - Level","NC Route","Dry","Two-Way, Not Divided","None","No Special Feature","Smooth Asphalt",0,0,0,0,0,0,0,"2 lanes",2,0,NA,0,NA
1313,2962,"Troutman","Iredell","Piedmont","Residential","Urban (>70% Developed)",NA,"Rural","20 - 25  MPH","No Control Present","Clear","No",8,"6-10","No",NA,"With Traffic","B: Evident Injury","Travel Lane","White","Male",25,"25-29","No",NA,"21-25 mph","O: No Injury","Black","Female","Passenger Car","No","06APR2011","Wednesday","Motorist Overtaking Bicyclist",17,"Non-Intersection","April","B: Evident Injury",61500,"Motorist Overtaking - Bicyclist Swerved",2011,"Yes","No","Daylight","Straight - Level","Local Street","Dry","Two-Way, Not Divided","None","No Special Feature","Smooth Asphalt",0,0,0,0,0,0,0,"2 lanes",2,0,NA,0,NA
1314,2926,"Cary","Wake","Piedmont","Residential","Urban (>70% Developed)",NA,"Urban","30 - 35  MPH","Stop Sign","Clear","No",17,"16-19","No",NA,"With Traffic","B: Evident Injury","Travel Lane","White","Male",32,"30-39","No",NA,"31-35 mph","O: No Injury","White","Male","Passenger Car","No","23APR2011","Saturday","Motorist Left Turn / Merge",21,"Intersection","April","B: Evident Injury",77940,"Motorist Left Turn - Opposite Direction",2011,"Yes","No","Dark - Roadway Not Lighted","Straight - Level","State Secondary Route","Dry","Two-Way, Not Divided","None","T-Intersection","Smooth Asphalt",0,0,0,0,0,0,0,"2 lanes",2,0,NA,0,NA
1315,2920,"Raleigh","Wake","Piedmont","Residential","Urban (>70% Developed)",NA,"Urban","30 - 35  MPH","No Control Present","Clear","No",42,"40-49","No",NA,"With Traffic","B: Evident Injury","Travel Lane","White","Female",20,"20-24","No",NA,"0-5 mph","O: No Injury","White","Female","Sport Utility","No","07APR2011","Thursday","Motorist Left Turn / Merge",14,"Non-Intersection","April","B: Evident Injury",52380,"Motorist Left Turn - Opposite Direction",2011,"Yes","No","Daylight","Curve - Grade","Local Street","Dry","Two-Way, Not Divided","None","No Special Feature","Coarse Asphalt",0,0,0,0,0,0,0,"2 lanes",2,0,NA,0,NA
1316,2940,"Durham","Durham","Piedmont","Commercial","Urban (>70% Developed)",NA,"Urban","20 - 25  MPH","Stop And Go Signal","Clear","No",60,"60-69","No",NA,"With Traffic","C: Possible Injury","Travel Lane","White","Male",53,"50-59","No",NA,"0-5 mph","O: No Injury","Black","Female","Sport Utility","No","29APR2011","Friday","Motorist Left Turn / Merge",7,"Intersection","April","C: Possible Injury",28020,"Motorist Left Turn - Opposite Direction",2011,"Yes","No","Daylight","Straight - Level","Local Street","Dry","Two-Way, Not Divided","None","Five-Point, Or More","Smooth Asphalt",0,0,0,0,0,0,0,"2 lanes",2,0,NA,0,NA
1317,2969,"Apex","Wake","Piedmont","Commercial","Urban (>70% Developed)",NA,"Urban","30 - 35  MPH","Stop Sign","Clear","No",42,"40-49","No",NA,"With Traffic","B: Evident Injury","Travel Lane","White","Male",33,"30-39","No",NA,"0-5 mph","O: No Injury","White","Male","Sport Utility","No","08MAY2011","Sunday","Bicyclist Overtaking Motorist",14,"Intersection","May","B: Evident Injury",51660,"Bicyclist Overtaking - Other / Unknown",2011,"Yes","No","Daylight","Straight - Grade","Local Street","Dry","Two-Way, Not Divided","None","No Special Feature","Smooth Asphalt",0,0,0,0,0,0,0,"2 lanes",2,0,NA,0,NA
1318,7,"Charlotte","Mecklenburg","Piedmont","Commercial","Mixed (30% To 70% Developed)","ALBEMARLE RD","Urban","40 - 45  MPH","Stop Sign","Clear","No",48,"40-49",NA,"No","With Traffic","B: Evident Injury","Sidewalk / Crosswalk / Driveway Crossing","White","Male",NA,"70+",NA,"No",NA,"O: No Injury","White","Female","Passenger Car","No","15JAN2014","Wednesday","Motorist Failed to Yield - Midblock",14,"Non-Intersection","January","B: Evident Injury",53400,"Motorist Drive Out - Commercial Driveway / Alley",2014,"Yes","No","Daylight","Straight - Level","Local Street","Dry","Two-Way, Divided, Unprotected Median","None","No Special Feature","Smooth Asphalt",0,1,0,0,0,1,0,"4 lanes",2,0.161,"HARRISBURG RD",30000024,"CIRCUMFERENTIAL DR"
1319,13,"Raleigh","Wake","Piedmont","Residential","Urban (>70% Developed)","AVENT FERRY RD","Urban","40 - 45  MPH","Stop And Go Signal","Clear","No",42,"40-49",NA,"No","Facing Traffic","C: Possible Injury","Travel Lane","White","Male",30,"30-39",NA,"No","0-5 mph","O: No Injury","Black","Female","Passenger Car","No","21JAN2014","Tuesday","Bicyclist Failed to Yield - Signalized Intersection",17,"Intersection","January","C: Possible Injury",62280,"Bicyclist Ride Through - Signalized Intersection",2014,"Yes","No","Dusk","Straight - Level","Local Street","Dry","Two-Way, Divided, Unprotected Median","None","T-Intersection","Coarse Asphalt",0,0,1,0,0,1,0,"5 lanes",2,0,"TRAILWOOD DR",40001321,"BRIGADOON DR"
1320,2981,"Raleigh","Wake","Piedmont","Commercial","Urban (>70% Developed)",NA,"Urban","30 - 35  MPH","Stop And Go Signal","Clear","No",18,"16-19","No",NA,"Facing Traffic","C: Possible Injury","Travel Lane","Hispanic","Male",42,"40-49","No",NA,"0-5 mph","O: No Injury","White","Female","Passenger Car","No","19APR2011","Tuesday","Bicyclist Failed to Yield - Signalized Intersection",5,"Intersection","April","C: Possible Injury",20760,"Bicyclist Ride Through - Signalized Intersection",2011,"No","No","Dark - Roadway Not Lighted","Straight - Level","Local Street","Dry","Two-Way, Divided, Positive Median Barrier","None","Four-Way Intersection","Coarse Asphalt",0,0,0,0,0,0,0,"5 lanes",2,0,NA,0,NA
1321,21,"Charlotte","Mecklenburg","Piedmont","Residential","Urban (>70% Developed)","SELWYN AV","Urban","30 - 35  MPH","No Control Present","Clear","No",60,"60-69",NA,"No","With Traffic","B: Evident Injury","Bike Lane / Paved Shoulder","White","Male",23,"20-24",NA,"No","6-10 mph","O: No Injury","White","Female","Sport Utility","No","01FEB2014","Saturday","Motorist Overtaking Bicyclist",15,"Intersection-Related","February","B: Evident Injury",57480,"Motorist Overtaking - Other / Unknown",2014,"Yes","No","Daylight","Straight - Level","Local Street","Dry","Two-Way, Not Divided","None","No Special Feature","Smooth Asphalt",0,1,0,0,0,1,0,"3 lanes",2,0,"QUEENS RD WEST",50027545,"STERLING RD"
1322,2980,"Raleigh","Wake","Piedmont","Commercial","Urban (>70% Developed)",NA,"Urban","30 - 35  MPH","Yield Sign","Clear","No",18,"16-19","No",NA,"With Traffic","B: Evident Injury","Travel Lane","White","Female",44,"40-49","No",NA,"11-15 mph","O: No Injury","Black","Male","Passenger Car","No","01MAY2011","Sunday","Motorist Failed to Yield - Sign-Controlled Intersection",23,"Intersection","May","B: Evident Injury",85380,"Motorist Drive Out - Sign-Controlled Intersection",2011,"Yes","No","Dark - Lighted Roadway","Curve - Level","Local Street","Dry","Two-Way, Divided, Unprotected Median","None","Traffic Circle/Roundabout","Smooth Asphalt",0,0,0,0,0,0,0,"2 lanes",2,0,NA,0,NA
1323,2995,"Boone","Watauga","Mountains","Commercial","Mixed (30% To 70% Developed)",NA,"Urban","30 - 35  MPH","No Control Present","Clear","No",20,"20-24","No",NA,"Facing Traffic","B: Evident Injury","Sidewalk / Crosswalk / Driveway Crossing","White","Female",49,"40-49","No",NA,"0-5 mph","O: No Injury","White","Male","Sport Utility","No","06MAY2011","Friday","Motorist Failed to Yield - Midblock",16,"Non-Intersection","May","B: Evident Injury",58740,"Motorist Drive Out - Commercial Driveway / Alley",2011,"No","No","Daylight","Straight - Level","US Route","Dry","Two-Way, Not Divided","None","Driveway, Private","Smooth Asphalt",0,0,0,0,0,0,0,"5 lanes",2,0,NA,0,NA
1324,10,"None - Rural Crash","Washington","Coastal","Farms, Woods, Pastures","Rural (<30% Developed)","NC 45","Rural","40 - 45  MPH","No Control Present","Clear","No",36,"30-39",NA,"No","With Traffic","B: Evident Injury","Travel Lane","Black","Male",NA,"70+",NA,"No","21-25 mph","O: No Injury","White","Female","Passenger Car","No","13JAN2014","Monday","Motorist Overtaking Bicyclist",17,"Non-Intersection","January","B: Evident Injury",63240,"Motorist Overtaking - Other / Unknown",2014,"Yes","No","Dusk","Straight - Level","NC Route","Dry","Two-Way, Not Divided","None","No Special Feature","Smooth Asphalt",0,1,0,0,0,1,0,"2 lanes",2,0.1,"1221",30000045,"32"
1325,26,"Burlington","Alamance","Piedmont","Commercial","Urban (>70% Developed)","109 S ANTHONY ST","Urban","30 - 35  MPH","No Control Present","Cloudy","No",51,"50-59",NA,"No","Facing Traffic","C: Possible Injury","Travel Lane","Black","Male",65,"60-69",NA,"No","0-5 mph","O: No Injury","White","Male","Passenger Car","No","12FEB2014","Wednesday","Backing Vehicle",9,"Non-Intersection","February","C: Possible Injury",34200,"Backing Vehicle",2014,"Yes","No","Daylight","Straight - Level","Local Street","Dry","Two-Way, Not Divided","None","No Special Feature","Smooth Asphalt",0,0,1,0,0,1,0,"2 lanes",2,0.022,"87",0,"STONE ST"
1326,2536,"Greensboro","Guilford","Piedmont","Commercial","Urban (>70% Developed)",NA,"Urban","5 - 15 MPH","No Control Present","Clear","No",38,"30-39","No",NA,"Facing Traffic","B: Evident Injury","Sidewalk / Crosswalk / Driveway Crossing","White","Male",34,"30-39","No",NA,"6-10 mph","O: No Injury","White","Female","Passenger Car","No","18OCT2012","Thursday","Motorist Failed to Yield - Midblock",17,"Non-Intersection","October","B: Evident Injury",61320,"Motorist Drive Out - Commercial Driveway / Alley",2012,"Yes","No","Daylight","Straight - Level","Public Vehicular Area","Dry","Two-Way, Not Divided","None","Driveway, Public","Smooth Asphalt",0,0,0,0,0,0,0,"2 lanes",2,0,NA,0,NA
1327,2541,"Greensboro","Guilford","Piedmont","Commercial","Urban (>70% Developed)",NA,"Urban","20 - 25  MPH","Stop And Go Signal","Clear","No",28,"25-29","No",NA,"Facing Traffic","C: Possible Injury","Sidewalk / Crosswalk / Driveway Crossing","Black","Male",35,"30-39","No",NA,"0-5 mph","O: No Injury","Black","Female","Van","No","19OCT2012","Friday","Bicyclist Failed to Yield - Signalized Intersection",8,"Intersection","October","C: Possible Injury",32100,"Bicyclist Ride Through - Signalized Intersection",2012,"Yes","No","Daylight","Straight - Level","Local Street","Dry","One-Way, Not Divided","None","Four-Way Intersection","Smooth Asphalt",0,0,0,0,0,0,0,"3 lanes",2,0,NA,0,NA
1328,2534,"Gastonia","Gaston","Piedmont","Residential","Urban (>70% Developed)",NA,"Urban","30 - 35  MPH","No Control Present","Clear","No",32,"30-39","No",NA,"Not Applicable","B: Evident Injury","Non-Roadway","White","Male",NA,NA,"Missing",NA,"6-10 mph","Unknown Injury","Unknown/Missing",NA,NA,"No","28SEP2012","Friday","Crossing Paths - Other Circumstances",21,"Intersection-Related","September","B: Evident Injury",76860,"Crossing Paths - Uncontrolled Intersection",2012,"Yes","Yes","Dark - Lighted Roadway","Straight - Level","Local Street","Dry","Two-Way, Not Divided","None","No Special Feature","Coarse Asphalt",0,0,0,0,0,0,0,"2 lanes",2,0,NA,0,NA
1329,2560,"Winston-Salem","Forsyth","Piedmont","Residential","Urban (>70% Developed)",NA,"Urban","30 - 35  MPH","No Control Present","Clear","No",37,"30-39","No",NA,"With Traffic","B: Evident Injury","Travel Lane","White","Male",NA,NA,"Missing",NA,"31-35 mph","Unknown Injury","Unknown/Missing",NA,NA,"No","10OCT2012","Wednesday","Motorist Overtaking Bicyclist",18,"Non-Intersection","October","B: Evident Injury",65640,"Motorist Overtaking - Other / Unknown",2012,"Yes","Yes","Daylight","Straight - Level","Local Street","Dry","Two-Way, Divided, Unprotected Median","None","No Special Feature","Coarse Asphalt",0,0,0,0,0,0,0,"2 lanes",2,0,NA,0,NA
1330,2515,"Greensboro","Guilford","Piedmont","Residential","Urban (>70% Developed)",NA,"Urban","30 - 35  MPH","Stop And Go Signal","Clear","No",22,"20-24","No",NA,"With Traffic","C: Possible Injury","Travel Lane","Other","Male",19,"0-19","No",NA,"36-40 mph","O: No Injury","White","Female","Passenger Car","No","22SEP2012","Saturday","Motorist Left Turn / Merge",1,"Intersection","September","C: Possible Injury",3960,"Motorist Left Turn - Opposite Direction",2012,"Yes","No","Dark - Roadway Not Lighted","Straight - Level","Local Street","Dry","Two-Way, Divided, Unprotected Median","None","Four-Way Intersection","Smooth Asphalt",0,0,0,0,0,0,0,"2 lanes",2,0,NA,0,NA
1331,2525,"Raleigh","Wake","Piedmont","Commercial","Urban (>70% Developed)",NA,"Urban","40 - 45  MPH","Stop And Go Signal","Clear","No",17,"16-19","No",NA,"Facing Traffic","B: Evident Injury","Sidewalk / Crosswalk / Driveway Crossing","White","Male",22,"20-24","No",NA,"0-5 mph","O: No Injury","White","Female","Sport Utility","No","13OCT2012","Saturday","Motorist Failed to Yield - Signalized Intersection",12,"Intersection","October","B: Evident Injury",45180,"Motorist Drive Out - Right Turn on Red",2012,"Yes","No","Daylight","Straight - Level","Local Street","Dry","Two-Way, Not Divided","None","T-Intersection","Smooth Asphalt",0,0,0,0,0,0,0,"3 lanes",2,0,NA,0,NA
1332,2561,"Winston-Salem","Forsyth","Piedmont","Residential","Urban (>70% Developed)",NA,"Urban","20 - 25  MPH","No Control Present","Clear","No",9,"6-10","No",NA,NA,"C: Possible Injury",NA,"Hispanic","Female",NA,NA,"Missing",NA,NA,"Unknown Injury","Unknown/Missing",NA,"Passenger Car","No","12OCT2012","Friday","Bicyclist Failed to Yield - Midblock",16,"Non-Intersection","October","C: Possible Injury",59340,"Bicyclist Ride Out - Midblock - Unknown",2012,"No","Yes","Daylight","Straight - Level","Local Street","Dry","Two-Way, Not Divided","None","No Special Feature","Smooth Asphalt",0,0,0,0,0,0,0,"2 lanes",2,0,NA,0,NA
1333,2533,"Rockwell","Rowan","Piedmont","Commercial","Urban (>70% Developed)",NA,"Rural","30 - 35  MPH","No Control Present","Clear","No",19,"16-19","No",NA,"With Traffic","B: Evident Injury","Travel Lane","White","Male",48,"40-49","No",NA,"26-30 mph","B: Evident Injury","White","Male","Motorcycle","No","05OCT2012","Friday","Motorist Overtaking Bicyclist",18,"Non-Intersection","October","B: Evident Injury",65100,"Motorist Overtaking - Bicyclist Swerved",2012,"Yes","No","Daylight","Curve - Level","US Route","Dry","Two-Way, Not Divided","None","No Special Feature","Smooth Asphalt",0,0,0,0,0,0,0,"3 lanes",2,0,NA,0,NA