"...1","object_id","city","county","region","development","locality","on_road","rural_urban","speed_limit","traffic_control","weather","workzone","bike_age","bike_age_group","bike_alcohol","bike_alcohol_drugs","bike_direction","bike_injury","bike_position","bike_race","bike_sex","driver_age","driver_age_group","driver_alcohol","driver_alcohol_drugs","driver_est_speed","driver_injury","driver_race","driver_sex","driver_vehicle_type","crash_alcohol","crash_date","crash_day","crash_group","crash_hour","crash_location","crash_month","crash_severity","crash_time","crash_type","crash_year","ambulance_req","hit_run","light_condition","road_character","road_class","road_condition","road_configuration","road_defects","road_feature","road_surface","num_bikes_ai","num_bikes_bi","num_bikes_ci","num_bikes_ki","num_bikes_no","num_bikes_to","num_bikes_ui","num_lanes","num_units","distance_mi_from","frm_road","rte_invd_cd","towrd_road"
1334,2555,"Lumberton","Robeson","Coastal","Commercial","Urban (>70% Developed)",NA,"Urban","30 - 35  MPH","No Control Present","Clear","No",61,"60-69","No",NA,"With Traffic","O: No Injury","Travel Lane","White","Male",NA,"70+","No",NA,"31-35 mph","O: No Injury","Black","Female","Passenger Car","No","04OCT2012","Thursday","Motorist Overtaking Bicyclist",14,"Intersection","October","O: No Injury",50640,"Motorist Overtaking - Other / Unknown",2012,"No","No","Daylight","Straight - Level","Local Street","Dry","Two-Way, Not Divided","None","No Special Feature","Coarse Asphalt",0,0,0,0,0,0,0,"5 lanes",2,0,NA,0,NA
1335,31,"Raleigh","Wake","Piedmont","Residential","Urban (>70% Developed)","CREST RD","Urban","30 - 35  MPH","Stop Sign","Clear","No",25,"25-29",NA,"No","Facing Traffic","C: Possible Injury","Sidewalk / Crosswalk / Driveway Crossing","White","Male",19,"0-19",NA,"No","11-15 mph","O: No Injury","White","Female","Sport Utility","No","20FEB2014","Thursday","Motorist Failed to Yield - Sign-Controlled Intersection",15,"Intersection","February","C: Possible Injury",54240,"Motorist Drive Out - Sign-Controlled Intersection",2014,"Yes","No","Daylight","Straight - Level","Local Street","Dry","Two-Way, Divided, Unprotected Median","None","No Special Feature","Smooth Asphalt",0,0,1,0,0,1,0,"6 lanes",2,0,"AVENT FERRY RD",50007369,"CHAPPELL DR"
1336,40,"Monroe","Union","Piedmont","Industrial","Mixed (30% To 70% Developed)","CHARLOTTE HWY","Urban","40 - 45  MPH","No Control Present","Snow, Sleet, Hail, Freezing Rain/Drizzle","No",20,"20-24",NA,"No","With Traffic","C: Possible Injury","Travel Lane","White","Male",38,"30-39",NA,"No","16-20 mph","O: No Injury","Black","Male","Passenger Car","No","04FEB2014","Tuesday","Bicyclist Left Turn / Merge",9,"Non-Intersection","February","C: Possible Injury",32880,"Bicyclist Left Turn - Same Direction",2014,"Yes","No","Daylight","Straight - Level","State Secondary Route","Wet","Two-Way, Not Divided","None","No Special Feature","Smooth Asphalt",0,0,1,0,0,1,0,"2 lanes",2,0.057,"AIRPORT RD",40001009,"ROGERS RD"
1337,65,"Asheville","Buncombe","Mountains","Commercial","Urban (>70% Developed)","US 25","Urban","20 - 25  MPH","Flashing Stop And Go Signal","Clear","No",26,"25-29",NA,"No","With Traffic","B: Evident Injury","Travel Lane","White","Male",31,"30-39",NA,"No","16-20 mph","O: No Injury","White","Male","Passenger Car","No","25FEB2014","Tuesday","Bicyclist Failed to Yield - Signalized Intersection",21,"Intersection","February","B: Evident Injury",76620,"Bicyclist Ride Through - Signalized Intersection",2014,"Yes","No","Dark - Lighted Roadway","Straight - Grade","US Route","Dry","Two-Way, Not Divided","None","No Special Feature","Coarse Asphalt",0,1,0,0,0,1,0,"2 lanes",2,0,"WALNUT STREET",20000025,"COLLEGE ST"
1338,56,"Gastonia","Gaston","Piedmont","Commercial","Urban (>70% Developed)","330 N. MARIETTA ST","Urban",NA,"No Control Present","Clear","No",47,"40-49",NA,"No","With Traffic","C: Possible Injury","Sidewalk / Crosswalk / Driveway Crossing","White","Male",26,"25-29",NA,"No",NA,"O: No Injury","Black","Male","Light Truck (Mini-Van, Panel)","No","24FEB2014","Monday","Motorist Failed to Yield - Midblock",10,"Non-Intersection","February","C: Possible Injury",39420,"Motorist Drive Out - Other Midblock",2014,"Yes","No","Daylight","Straight - Grade","Public Vehicular Area","Dry",NA,"None","No Special Feature","Smooth Asphalt",0,0,1,0,0,1,0,NA,2,0,"N. MARIETTA ST.",0,NA
1339,61,"None - Rural Crash","Dare","Coastal","Residential","Mixed (30% To 70% Developed)","SR 1168","Rural","30 - 35  MPH","Stop Sign","Clear","No",64,"60-69",NA,"No","With Traffic","K: Killed","Travel Lane","White","Male",54,"50-59",NA,"No","26-30 mph","O: No Injury","White","Male","Passenger Car","No","09MAR2014","Sunday","Bicyclist Failed to Yield - Sign-Controlled Intersection",15,"Intersection","March","K: Killed",55800,"Bicyclist Ride Through - Sign-Controlled Intersection",2014,"Yes","No","Daylight","Straight - Level","State Secondary Route","Dry","Two-Way, Not Divided","None","Four-Way Intersection","Smooth Asphalt",0,0,0,1,0,1,0,"2 lanes",2,0,"1137",40001168,"1323"
1340,50,"None - Rural Crash","Lincoln","Piedmont","Farms, Woods, Pastures","Rural (<30% Developed)","SR 1222","Rural","40 - 45  MPH","Stop Sign","Clear","No",23,"20-24",NA,"No","With Traffic","C: Possible Injury","Travel Lane","White","Male",44,"40-49",NA,"No","36-40 mph","O: No Injury","White","Female","Sport Utility","No","02MAR2014","Sunday","Bicyclist Left Turn / Merge",19,"Intersection","March","C: Possible Injury",71400,"Bicyclist Left Turn - Same Direction",2014,"Yes","No","Dark - Roadway Not Lighted","Straight - Level","State Secondary Route","Dry","Two-Way, Not Divided","None","T-Intersection","Coarse Asphalt",0,0,1,0,0,1,0,"2 lanes",2,0,"1235",40001222,"150"
1341,36,"Greenville","Pitt","Coastal","Residential","Urban (>70% Developed)","KINGSTON CI","Urban",NA,"No Control Present","Clear","No",51,"50-59",NA,"No","Facing Traffic","C: Possible Injury","Sidewalk / Crosswalk / Driveway Crossing","White","Male",23,"20-24",NA,"No","0-5 mph","O: No Injury","White","Female","Sport Utility","No","24FEB2014","Monday","Crossing Paths - Other Circumstances",16,"Intersection","February","C: Possible Injury",58260,"Crossing Paths - Intersection - Other / Unknown",2014,"Yes","No","Dark - Lighted Roadway",NA,NA,"Dry",NA,"None","No Special Feature",NA,0,0,1,0,0,1,0,NA,2,0,"KINGSTON CI",0,"GOLDEN RD"
1342,28,"Greenville","Pitt","Coastal","Residential","Mixed (30% To 70% Developed)","EASTRIDGE CT","Urban","30 - 35  MPH","No Control Present","Clear","No",6,"6-10",NA,"No","Not Applicable","B: Evident Injury","Travel Lane","Black","Female",48,"40-49",NA,"No","0-5 mph","O: No Injury","White","Female","Light Truck (Mini-Van, Panel)","No","14FEB2014","Friday","Other / Unusual Circumstances",17,"Non-Intersection","February","B: Evident Injury",64020,"Play Vehicle-Related",2014,"Yes","No","Daylight","Straight - Level","Local Street","Dry","Two-Way, Not Divided","None","Other","Coarse Asphalt",0,1,0,0,0,1,0,"2 lanes",2,0.076,"WESTPOINTE DR",0,NA
1343,44,"None - Rural Crash","Duplin","Coastal","Commercial","Mixed (30% To 70% Developed)","NC 41","Rural","50 - 55  MPH","No Control Present","Rain","No",59,"50-59",NA,NA,"With Traffic","K: Killed","Travel Lane","White","Male",31,"30-39",NA,NA,"51-55 mph","O: No Injury","Hispanic","Male","Van","No","26FEB2014","Wednesday","Motorist Overtaking Bicyclist",13,"Non-Intersection","February","K: Killed",48900,"Motorist Overtaking - Other / Unknown",2014,"Yes","No","Daylight","Straight - Level","NC Route","Wet","Two-Way, Not Divided","None","No Special Feature","Coarse Asphalt",0,0,0,1,0,1,0,"2 lanes",2,0.5,"11",30000041,"2025"
1344,32,"None - Rural Crash","Guilford","Piedmont","Residential","Urban (>70% Developed)","SR 1462","Rural","30 - 35  MPH","No Control Present","Clear","No",17,"16-19",NA,"No","With Traffic","C: Possible Injury","Travel Lane","White","Male",NA,"70+",NA,"No","16-20 mph","O: No Injury","White","Male","Pickup","No","21FEB2014","Friday","Head-On",21,"Non-Intersection","February","C: Possible Injury",78000,"Head-On - Bicyclist",2014,"No","No","Dark - Roadway Not Lighted","Straight - Level","State Secondary Route","Dry","Two-Way, Not Divided","None","No Special Feature","Smooth Asphalt",0,0,1,0,0,1,0,"2 lanes",2,0.048,"1463",40001462,"1383"
1345,153,"Kinston","Lenoir","Coastal","Residential","Mixed (30% To 70% Developed)","MITCHELL ST","Urban","30 - 35  MPH","Stop Sign","Clear","No",47,"40-49",NA,"No","Facing Traffic","C: Possible Injury","Travel Lane","Black","Male",NA,NA,NA,"Missing","11-15 mph","Unknown Injury","Unknown/Missing",NA,"Passenger Car","No","25APR2014","Friday","Motorist Failed to Yield - Sign-Controlled Intersection",18,"Intersection","April","C: Possible Injury",67080,"Motorist Drive Through - Sign-Controlled Intersection",2014,"Yes","Yes","Daylight","Straight - Level","Local Street","Dry","Two-Way, Not Divided","None","No Special Feature","Coarse Asphalt",0,0,1,0,0,1,0,"2 lanes",2,0,"W WASHINGTON AVE",50020279,"COLLEGE ST"
1346,134,"Charlotte","Mecklenburg","Piedmont","Commercial","Urban (>70% Developed)","PVA E WT HARRIS BLVD","Urban","20 - 25  MPH","Stop Sign","Clear","No",33,"30-39",NA,"No","Facing Traffic","B: Evident Injury","Sidewalk / Crosswalk / Driveway Crossing","Black","Male",42,"40-49",NA,"No","0-5 mph","O: No Injury","White","Male","Van","No","10APR2014","Thursday","Motorist Failed to Yield - Midblock",13,"Non-Intersection","April","B: Evident Injury",49200,"Motorist Drive Out - Residential Driveway",2014,"Yes","No","Daylight","Straight - Grade","Public Vehicular Area","Dry","Two-Way, Not Divided","None","Driveway, Public","Coarse Asphalt",0,1,0,0,0,1,0,NA,2,0.076,"TANTILLA CIRCLE",30000024,"WINDSOR GATE LANE"
1347,148,"None - Rural Crash","Wake","Piedmont","Farms, Woods, Pastures","Rural (<30% Developed)","SR 1010","Rural","40 - 45  MPH","Double Yellow Line, No Passing Zone","Clear","No",52,"50-59",NA,"No","With Traffic","A: Disabling Injury","Travel Lane","White","Male",32,"30-39",NA,"Yes-Drugs, impairment suspected","41-45 mph","O: No Injury","White","Male","Passenger Car","No","12APR2014","Saturday","Motorist Overtaking Bicyclist",8,"Non-Intersection","April","A: Disabling Injury",30240,"Motorist Overtaking - Other / Unknown",2014,"Yes","No","Daylight","Straight - Level","State Secondary Route","Dry","Two-Way, Not Divided","None","No Special Feature","Coarse Asphalt",1,0,0,0,0,1,0,"2 lanes",2,0.16,"1557",40001010,"1387"
1348,173,"Roanoke Rapids","Halifax","Coastal","Commercial","Urban (>70% Developed)","HINSON ST","Urban","30 - 35  MPH","Stop Sign","Clear","No",15,"11-15",NA,"No","Facing Traffic","O: No Injury","Bike Lane / Paved Shoulder","Black","Male",33,"30-39",NA,"No","0-5 mph","O: No Injury","White","Female","Sport Utility","No","06MAY2014","Tuesday","Motorist Failed to Yield - Sign-Controlled Intersection",11,"Intersection","May","O: No Injury",42600,"Motorist Drive Out - Sign-Controlled Intersection",2014,"Yes","No","Daylight","Straight - Hillcrest","Local Street","Dry","Two-Way, Not Divided","None","T-Intersection","Smooth Asphalt",0,0,0,0,1,1,0,"3 lanes",2,0,"48",40001453,"JULIAN ALLSBROOK HWY"
1349,137,"Lumberton","Robeson","Coastal","Commercial","Urban (>70% Developed)","NC 211","Urban","40 - 45  MPH","Stop Sign","Clear","No",59,"50-59",NA,"No","Facing Traffic","B: Evident Injury","Travel Lane","Native American","Male",35,"30-39",NA,"No","6-10 mph","O: No Injury","White","Female","Passenger Car","No","05APR2014","Saturday","Motorist Failed to Yield - Midblock",11,"Non-Intersection","April","B: Evident Injury",41880,"Motorist Drive Out - Commercial Driveway / Alley",2014,"No","No","Daylight","Straight - Level","NC Route","Dry","Two-Way, Not Divided","None","Driveway, Public","Coarse Asphalt",0,1,0,0,0,1,0,"5 lanes",2,0.095,"BOOMERANG DR",30000211,"ALEXANDER ST"
1350,169,"Albemarle","Stanly","Piedmont","Commercial","Urban (>70% Developed)","KINGSLEY DR","Urban","30 - 35  MPH","No Control Present","Clear","No",58,"50-59",NA,"No","With Traffic","B: Evident Injury","Travel Lane","White","Male",56,"50-59",NA,"No",NA,"O: No Injury","White","Male","Truck/Trailer","No","03APR2014","Thursday","Bicyclist Overtaking Motorist",16,"Non-Intersection","April","B: Evident Injury",58920,"Bicyclist Overtaking - Parked Vehicle",2014,"Yes","No","Daylight","Straight - Level","Local Street","Dry","Two-Way, Not Divided","None","No Special Feature","Coarse Asphalt",0,1,0,0,0,1,0,"2 lanes",2,0.057,"POPLINS GROVE CHURCH",0,"GARFIELD AVE"
1351,161,"Clemmons","Forsyth","Piedmont","Residential","Urban (>70% Developed)","STADIUM DR","Urban","30 - 35  MPH","No Control Present","Clear","No",42,"40-49",NA,"No","With Traffic","O: No Injury","Travel Lane","White","Male",67,"60-69",NA,"No","31-35 mph","O: No Injury","Black","Male","Pickup","No","10APR2014","Thursday","Motorist Overtaking Bicyclist",20,"Non-Intersection","April","O: No Injury",74160,"Motorist Overtaking - Undetected Bicyclist",2014,"No","No","Dark - Lighted Roadway","Curve - Level","Local Street","Dry","Two-Way, Not Divided","None","No Special Feature","Smooth Asphalt",0,0,0,0,1,1,0,"2 lanes",2,0.03,"BREWER AVE",50028971,"RIDGECREST RD"
1352,123,"Greenville","Pitt","Coastal","Commercial","Urban (>70% Developed)","PVA 715 S MEMORIAL DR","Urban",NA,"No Control Present","Clear","No",44,"40-49",NA,"No","Not Applicable","C: Possible Injury","Non-Roadway","Black","Male",NA,NA,NA,"Missing","0-5 mph","Unknown Injury","Unknown/Missing",NA,NA,"No","04APR2014","Friday","Non-Roadway",15,"Non-Roadway","April","C: Possible Injury",56880,"Non-Roadway",2014,"Yes","Yes","Daylight","Straight - Level","Public Vehicular Area","Dry","Two-Way, Not Divided","None","No Special Feature","Smooth Asphalt",0,0,1,0,0,1,0,NA,2,0.004,"13",0,NA
1353,160,"Asheville","Buncombe","Mountains","Residential","Urban (>70% Developed)",NA,"Urban","30 - 35  MPH","No Control Present","Clear","No",38,"30-39",NA,"No","With Traffic","C: Possible Injury","Travel Lane","White","Male",24,"20-24",NA,"No","26-30 mph","O: No Injury","White","Female","Passenger Car","No","11APR2014","Friday","Bicyclist Left Turn / Merge",16,"Intersection","April","C: Possible Injury",58200,"Bicyclist Left Turn - Same Direction",2014,"No","No","Daylight","Straight - Level","Local Street","Dry","Two-Way, Divided, Unprotected Median","None","No Special Feature","Smooth Asphalt",0,0,1,0,0,1,0,"2 lanes",2,0,NA,50020416,NA
1354,112,"Raleigh","Wake","Piedmont","Commercial","Urban (>70% Developed)","436 S SALISBURY ST","Urban","30 - 35  MPH","No Control Present","Clear","No",52,"50-59",NA,"No","With Traffic","C: Possible Injury","Sidewalk / Crosswalk / Driveway Crossing","Black","Male",NA,NA,NA,"Missing","0-5 mph","Unknown Injury","Unknown/Missing",NA,NA,"No","24MAR2014","Monday","Motorist Failed to Yield - Midblock",18,"Non-Intersection","March","C: Possible Injury",65400,"Motorist Drive Out - Commercial Driveway / Alley",2014,"Yes","Yes","Daylight","Straight - Level","Public Vehicular Area","Dry","One-Way, Not Divided","None","Driveway, Public","Coarse Asphalt",0,0,1,0,0,1,0,NA,2,0.014,"W CABARRUS ST",0,"E LENIOR ST"
1355,121,"Charlotte","Mecklenburg","Piedmont","Commercial","Urban (>70% Developed)","EAST BLVD","Urban","30 - 35  MPH","No Control Present","Clear","No",29,"25-29",NA,"No","With Traffic","B: Evident Injury","Bike Lane / Paved Shoulder","White","Male",45,"40-49",NA,"No","6-10 mph","O: No Injury","White","Female","Passenger Car","No","02APR2014","Wednesday","Motorist Right Turn / Merge",17,"Non-Intersection","April","B: Evident Injury",63180,"Motorist Right Turn - Same Direction",2014,"No","No","Daylight","Straight - Grade","Local Street","Dry","Two-Way, Divided, Positive Median Barrier","None","No Special Feature","Smooth Asphalt",0,1,0,0,0,1,0,"3 lanes",2,0.019,"CUMBERLAND AVENUE",50009213,"LOMBARDY CIRCLE"
1356,92,"Asheville","Buncombe","Mountains","Commercial","Urban (>70% Developed)","PATTON AVE","Urban","20 - 25  MPH","Stop And Go Signal","Clear","No",25,"25-29",NA,"No","Facing Traffic","C: Possible Injury","Travel Lane","White","Male",31,"30-39",NA,"No","6-10 mph","O: No Injury","White","Female","Passenger Car","No","28FEB2014","Friday","Motorist Failed to Yield - Signalized Intersection",13,"Intersection","February","C: Possible Injury",49680,"Motorist Drive Out - Right Turn on Red",2014,"No","No","Daylight","Straight - Grade","US Route","Dry","One-Way, Not Divided","None","Four-Way Intersection","Smooth Asphalt",0,0,1,0,0,1,0,"1 lane",2,0,"S LEXINGTON AVE",50023561,"COLLEGE ST"
1357,106,"None - Rural Crash","Wake","Piedmont","Farms, Woods, Pastures","Rural (<30% Developed)","SR 2754","Rural","40 - 45  MPH","Double Yellow Line, No Passing Zone","Clear","No",40,"40-49",NA,"No","With Traffic","B: Evident Injury","Travel Lane","White","Male",30,"30-39",NA,"No","41-45 mph","O: No Injury","White","Male","Passenger Car","No","01APR2014","Tuesday","Motorist Overtaking Bicyclist",14,"Non-Intersection","April","B: Evident Injury",50400,"Motorist Overtaking - Other / Unknown",2014,"Yes","No","Daylight","Straight - Level","State Secondary Route","Dry","Two-Way, Not Divided","None","No Special Feature","Coarse Asphalt",0,1,0,0,0,1,0,"2 lanes",2,0.1,"3790",40002754,"2756"
1358,91,"Zebulon","Wake","Piedmont","Commercial","Urban (>70% Developed)","PONY RD","Rural","30 - 35  MPH","No Control Present","Clear","No",29,"25-29",NA,"No","With Traffic","C: Possible Injury","Bike Lane / Paved Shoulder","Black","Male",29,"25-29",NA,"No","31-35 mph","O: No Injury","Black","Female","Passenger Car","No","26MAR2014","Wednesday","Bicyclist Left Turn / Merge",18,"Non-Intersection","March","C: Possible Injury",66240,"Bicyclist Left Turn - Same Direction",2014,"Yes","No","Daylight","Straight - Hillcrest","Local Street","Dry","Two-Way, Not Divided","None","No Special Feature","Smooth Asphalt",0,0,1,0,0,1,0,"2 lanes",2,0.2,"SHANNON DR",40002367,"97"
1359,117,"Wilson","Wilson","Coastal","Commercial","Urban (>70% Developed)","NASH ST","Urban","30 - 35  MPH","No Control Present","Clear","No",21,"20-24",NA,"No","Facing Traffic","O: No Injury","Bike Lane / Paved Shoulder","White","Male",NA,"70+",NA,"No","31-35 mph","O: No Injury","White","Female","Passenger Car","No","21MAR2014","Friday","Loss of Control / Turning Error",10,"Non-Intersection","March","O: No Injury",38700,"Bicyclist Lost Control - Surface Conditions",2014,"No","No","Daylight","Straight - Level","Local Street","Dry","Two-Way, Not Divided","Other","No Special Feature","Coarse Asphalt",0,0,0,0,1,1,0,"5 lanes",2,0,"DAISY LN",30000058,"CEDAR RUN PL"
1360,76,"Ayden","Pitt","Coastal","Residential","Mixed (30% To 70% Developed)","NC 102","Rural","50 - 55  MPH","No Control Present","Clear","No",40,"40-49",NA,"No","With Traffic","C: Possible Injury","Travel Lane","White","Male",44,"40-49",NA,"No","46-50 mph","O: No Injury","White","Female","Passenger Car","No","26FEB2014","Wednesday","Bicyclist Left Turn / Merge",18,"Intersection","February","C: Possible Injury",65460,"Bicyclist Left Turn - Same Direction",2014,"No","No","Dusk","Straight - Level","NC Route","Dry","Two-Way, Not Divided","None","No Special Feature","Smooth Asphalt",0,0,1,0,0,1,0,"2 lanes",2,0,"PLEASANT PLAIN RD",30000102,"OLD SNOWHILL RD"
1361,114,"Charlotte","Mecklenburg","Piedmont","Commercial","Urban (>70% Developed)","RANDOLPH RD","Urban","30 - 35  MPH","No Control Present","Clear","No",57,"50-59",NA,"No","With Traffic","C: Possible Injury","Travel Lane","Black","Male",38,"30-39",NA,"No",NA,"O: No Injury","Black","Male","Van","No","03APR2014","Thursday","Motorist Left Turn / Merge",8,"Intersection","April","C: Possible Injury",29760,"Motorist Left Turn - Opposite Direction",2014,"Yes","No","Daylight","Straight - Level","Local Street","Dry","Two-Way, Not Divided","None","Four-Way Intersection","Smooth Asphalt",0,0,1,0,0,1,0,"6 lanes",2,0,"CODDINGTON PL",50025330,"WENDOVER RD"
1362,111,"Raleigh","Wake","Piedmont","Residential","Urban (>70% Developed)","PVA 1414 BROOKSIDE DR","Urban","5 - 15 MPH","No Control Present","Clear","No",7,"6-10",NA,"No","Not Applicable","C: Possible Injury","Non-Roadway","Black","Male",37,"30-39",NA,"No","11-15 mph","O: No Injury","White","Male","Passenger Car","No","20MAR2014","Thursday","Non-Roadway",19,"Non-Roadway","March","C: Possible Injury",69960,"Non-Roadway",2014,"Yes","No","Daylight","Straight - Level","Public Vehicular Area","Dry","Two-Way, Not Divided","None","No Special Feature","Smooth Asphalt",0,0,1,0,0,1,0,NA,2,0.028,"VALE ST",0,"EDMUND ST"
1363,105,"Jacksonville","Onslow","Coastal","Commercial","Urban (>70% Developed)","RICHARDS DR","Urban","30 - 35  MPH","No Control Present","Clear","No",6,"6-10",NA,"No","Facing Traffic","C: Possible Injury","Travel Lane","White","Male",50,"50-59",NA,"No","6-10 mph","O: No Injury","Black","Female","Passenger Car","No","11MAR2014","Tuesday","Head-On",16,"Non-Intersection","March","C: Possible Injury",58800,"Head-On - Bicyclist",2014,"No","No","Daylight","Straight - Level","Local Street","Dry","Two-Way, Not Divided","None","No Special Feature","Coarse Asphalt",0,0,1,0,0,1,0,"2 lanes",2,0.009,"HARGETT ST",0,"24"
1364,193,"Wilmington","New Hanover","Coastal","Residential","Urban (>70% Developed)","SHIPYARD BLVD","Urban","40 - 45  MPH","No Control Present","Cloudy","No",12,"11-15",NA,"No",NA,"B: Evident Injury","Travel Lane","White","Male",48,"40-49",NA,"No","36-40 mph","O: No Injury","White","Male","Sport Utility","No","29APR2014","Tuesday","Loss of Control / Turning Error",16,"Intersection","April","B: Evident Injury",59880,"Bicyclist Lost Control - Mechanical Problems",2014,"No","No","Daylight","Straight - Level","Local Street","Dry","Two-Way, Divided, Positive Median Barrier","None","No Special Feature","Coarse Asphalt",0,1,0,0,0,1,0,"4 lanes",2,0,"RUTLEDGE DR",20000117,"VANCE ST"
1365,182,"Charlotte","Mecklenburg","Piedmont","Residential","Urban (>70% Developed)","CITY VIEW DR","Urban","30 - 35  MPH","Stop Sign","Clear","No",14,"11-15",NA,"No","With Traffic","B: Evident Injury","Travel Lane","Black","Male",46,"40-49",NA,"No","6-10 mph","O: No Injury","Asian","Male","Sport Utility","No","26APR2014","Saturday","Bicyclist Failed to Yield - Sign-Controlled Intersection",20,"Intersection","April","B: Evident Injury",74640,"Bicyclist Ride Through - Sign-Controlled Intersection",2014,"No","No","Dusk","Straight - Level","Local Street","Dry","Two-Way, Not Divided","None","No Special Feature","Smooth Asphalt",0,1,0,0,0,1,0,"2 lanes",2,0,"DION AV",0,"BRIGHTON BROOK DR"
1366,211,"None - Rural Crash","Chatham","Piedmont","Farms, Woods, Pastures","Rural (<30% Developed)","SR 1912","Rural","50 - 55  MPH","Stop Sign","Clear","No",35,"30-39",NA,"No","With Traffic","B: Evident Injury","Travel Lane","White","Male",52,"50-59",NA,"No","0-5 mph","O: No Injury","White","Male","Sport Utility","No","24MAY2014","Saturday","Motorist Failed to Yield - Sign-Controlled Intersection",11,"Intersection","May","B: Evident Injury",42480,"Motorist Drive Out - Sign-Controlled Intersection",2014,"Yes","No","Daylight","Straight - Level","State Secondary Route","Dry","Two-Way, Not Divided","None","Four-Way Intersection","Smooth Asphalt",0,1,0,0,0,1,0,"2 lanes",2,0,"1011",40001912,"1"
1367,174,"Rocky Mount","Nash","Coastal","Residential","Urban (>70% Developed)","W RALEIGH BLVD","Urban","40 - 45  MPH","No Control Present","Clear","No",10,"6-10",NA,"No","Not Applicable","C: Possible Injury","Travel Lane","Black","Female",50,"50-59",NA,"No","31-35 mph","O: No Injury","Black","Female","Passenger Car","No","06MAY2014","Tuesday","Bicyclist Failed to Yield - Midblock",17,"Non-Intersection","May","C: Possible Injury",63840,"Bicyclist Ride Out - Midblock - Unknown",2014,"Yes","No","Daylight","Straight - Level","Local Street","Dry","Two-Way, Not Divided","None","No Special Feature","Grooved Concrete",0,0,1,0,0,1,0,"4 lanes",2,0.019,"STARLING WAY",30000097,"RAVENWOOD DR"
1368,215,"Greensboro","Guilford","Piedmont","Commercial","Urban (>70% Developed)","THIRD ST","Urban","30 - 35  MPH","No Control Present","Clear","No",26,"25-29",NA,"No","Not Applicable","C: Possible Injury","Non-Roadway","Black","Male",16,"0-19",NA,"No","6-10 mph","O: No Injury","Black","Female","Passenger Car","No","31MAY2014","Saturday","Bicyclist Failed to Yield - Midblock",9,"Non-Intersection","May","C: Possible Injury",35580,"Bicyclist Ride Out - Commercial Driveway / Alley",2014,"Yes","No","Daylight","Straight - Level","Local Street","Dry","Two-Way, Not Divided","None","Driveway, Public","Smooth Asphalt",0,0,1,0,0,1,0,"2 lanes",2,0.027,"SUMMIT AV",0,"WALNUT ST"
1369,198,"Durham","Durham","Piedmont","Commercial","Urban (>70% Developed)","EAST CHAPEL HILL ST","Urban","20 - 25  MPH","Stop And Go Signal","Clear","No",37,"30-39",NA,"No","With Traffic","O: No Injury","Travel Lane","White","Male",26,"25-29",NA,"No","11-15 mph","O: No Injury","Black","Female","Passenger Car","No","21MAY2014","Wednesday","Motorist Left Turn / Merge",17,"Intersection","May","O: No Injury",61200,"Motorist Left Turn - Opposite Direction",2014,"No","No","Daylight","Straight - Level","Local Street","Dry","Two-Way, Not Divided","None","Four-Way Intersection","Smooth Asphalt",0,0,0,0,1,1,0,"2 lanes",2,0,"CORCORAN ST",50005632,"RIGSBEE ST"
1370,205,"Erwin","Harnett","Coastal","Commercial","Urban (>70% Developed)","PVA ERWIN MILLS LOT","Rural",NA,"No Control Present","Cloudy","No",32,"30-39",NA,"No","Not Applicable","B: Evident Injury","Non-Roadway","Black","Male",48,"40-49",NA,"No","0-5 mph","O: No Injury","White","Male","Police","No","15MAY2014","Thursday","Non-Roadway",15,"Non-Roadway","May","B: Evident Injury",57360,"Non-Roadway",2014,"Yes","No","Daylight","Straight - Level","Public Vehicular Area","Dry","Two-Way, Not Divided","None","Driveway, Public","Coarse Asphalt",0,1,0,0,0,1,0,NA,2,0.004,"J STREET",0,NA
1371,1304,"Greenville","Pitt","Coastal","Residential","Urban (>70% Developed)","PVA MERIDIAN DRIVE","Urban","5 - 15 MPH","Stop Sign","Clear","No",10,"6-10","No",NA,"Facing Traffic","C: Possible Injury","Sidewalk / Crosswalk / Driveway Crossing","Black","Male",NA,NA,"Missing",NA,"0-5 mph","Unknown Injury","Unknown/Missing",NA,NA,"No","28JUL2013","Sunday","Motorist Failed to Yield - Sign-Controlled Intersection",21,"Intersection-Related","July","C: Possible Injury",75900,"Motorist Drive Out - Sign-Controlled Intersection",2013,"Yes","Yes","Dusk","Straight - Level","Public Vehicular Area","Dry","Two-Way, Not Divided","None","Driveway, Public","Coarse Asphalt",0,0,0,0,0,0,0,"2 lanes",2,0,NA,0,NA
1372,1314,"Hendersonville","Henderson","Mountains","Commercial","Urban (>70% Developed)","SOUTH GROVE ST","Urban","20 - 25  MPH","Stop And Go Signal","Clear","No",27,"25-29","No",NA,"With Traffic","O: No Injury","Sidewalk / Crosswalk / Driveway Crossing","White","Male",29,"25-29","No",NA,"0-5 mph","O: No Injury","White","Female","Sport Utility","No","05AUG2013","Monday","Motorist Right Turn / Merge",11,"Intersection","August","O: No Injury",39660,"Motorist Right Turn on Red - Same Direction",2013,"No","No","Daylight","Straight - Level","Local Street","Dry","Two-Way, Not Divided","None","No Special Feature","Smooth Asphalt",0,0,0,0,0,0,0,"2 lanes",2,0,NA,0,NA