"...1","object_id","city","county","region","development","locality","on_road","rural_urban","speed_limit","traffic_control","weather","workzone","bike_age","bike_age_group","bike_alcohol","bike_alcohol_drugs","bike_direction","bike_injury","bike_position","bike_race","bike_sex","driver_age","driver_age_group","driver_alcohol","driver_alcohol_drugs","driver_est_speed","driver_injury","driver_race","driver_sex","driver_vehicle_type","crash_alcohol","crash_date","crash_day","crash_group","crash_hour","crash_location","crash_month","crash_severity","crash_time","crash_type","crash_year","ambulance_req","hit_run","light_condition","road_character","road_class","road_condition","road_configuration","road_defects","road_feature","road_surface","num_bikes_ai","num_bikes_bi","num_bikes_ci","num_bikes_ki","num_bikes_no","num_bikes_to","num_bikes_ui","num_lanes","num_units","distance_mi_from","frm_road","rte_invd_cd","towrd_road"
1373,1305,"Asheville","Buncombe","Mountains","Commercial","Urban (>70% Developed)","HILLARD AVE","Urban","20 - 25  MPH","Stop And Go Signal","Cloudy","No",19,"16-19","No",NA,"Facing Traffic","B: Evident Injury","Travel Lane","White","Female",62,"60-69","No",NA,"11-15 mph","O: No Injury","White","Male","Passenger Car","No","07JUL2013","Sunday","Loss of Control / Turning Error",13,"Intersection","July","B: Evident Injury",47820,"Bicyclist Lost Control - Mechanical Problems",2013,"Yes","No","Daylight","Straight - Grade","Local Street","Dry","Two-Way, Not Divided","None","Four-Way Intersection","Coarse Asphalt",0,0,0,0,0,0,0,"2 lanes",3,0,NA,0,NA
1374,1311,"Lilesville","Anson","Piedmont","Residential","Urban (>70% Developed)","SR 1730","Rural","30 - 35  MPH","Double Yellow Line, No Passing Zone","Clear","No",7,"6-10","No",NA,"With Traffic","C: Possible Injury","Travel Lane","Black","Male",59,"50-59","No",NA,"26-30 mph","O: No Injury","Black","Male","Passenger Car","No","19JUL2013","Friday","Motorist Overtaking Bicyclist",19,"Non-Intersection","July","C: Possible Injury",71460,"Motorist Overtaking - Undetected Bicyclist",2013,"Yes","No","Dusk","Curve - Level","State Secondary Route","Dry","Two-Way, Not Divided","None","No Special Feature","Coarse Asphalt",0,0,0,0,0,0,0,"2 lanes",2,0,NA,0,NA
1375,1337,"High Point","Guilford","Piedmont","Residential","Urban (>70% Developed)","NATHAN HUNT DR","Urban","30 - 35  MPH","Stop And Go Signal","Cloudy","No",24,"20-24","No",NA,"Facing Traffic","C: Possible Injury","Travel Lane","Black","Male",50,"50-59","No",NA,"0-5 mph","O: No Injury","White","Female","Passenger Car","No","12JUL2013","Friday","Loss of Control / Turning Error",10,"Intersection","July","C: Possible Injury",36900,"Motorist Turning Error - Right Turn",2013,"Yes","No","Daylight","Straight - Level","Local Street","Dry","Two-Way, Not Divided","None","Four-Way Intersection","Smooth Asphalt",0,0,0,0,0,0,0,"3 lanes",2,0,NA,0,NA
1376,1347,"Nags Head","Dare","Coastal","Residential","Urban (>70% Developed)","NC 12","Rural","30 - 35  MPH","No Control Present","Clear","No",4,"0-5","No",NA,"Facing Traffic","C: Possible Injury","Sidewalk / Crosswalk / Driveway Crossing","White","Male",61,"60-69","No",NA,"31-35 mph","O: No Injury","White","Female","Sport Utility","No","18JUL2013","Thursday","Other / Unusual Circumstances",17,"Intersection","July","C: Possible Injury",62520,"Play Vehicle-Related",2013,"Yes","No","Daylight","Straight - Level","US Route","Dry","Two-Way, Not Divided","None","T-Intersection","Smooth Asphalt",0,0,0,0,0,0,0,"2 lanes",2,0,NA,0,NA
1377,1328,"None - Rural Crash","Union","Piedmont","Farms, Woods, Pastures","Rural (<30% Developed)","SR 1117","Rural","50 - 55  MPH","Stop Sign","Cloudy","No",47,"40-49","No",NA,"Facing Traffic","O: No Injury","Travel Lane","White","Female",NA,"70+","No",NA,"11-15 mph","O: No Injury","White","Male","Pickup","No","07AUG2013","Wednesday","Loss of Control / Turning Error",10,"Intersection","August","O: No Injury",37320,"Motorist Turning Error - Left Turn",2013,"No","No","Daylight","Straight - Level","State Secondary Route","Dry","Two-Way, Not Divided","None","T-Intersection","Smooth Asphalt",0,0,0,0,0,0,0,"2 lanes",2,0,NA,0,NA
1378,1324,"Clemmons","Forsyth","Piedmont","Commercial","Urban (>70% Developed)","CLEMMONS RD","Urban","30 - 35  MPH","Stop Sign","Cloudy","No",34,"30-39","No",NA,"Facing Traffic","B: Evident Injury","Travel Lane","Hispanic","Male",40,"40-49","No",NA,"6-10 mph","O: No Injury","White","Male","Pickup","No","11JUL2013","Thursday","Loss of Control / Turning Error",16,"Intersection","July","B: Evident Injury",59640,"Motorist Turning Error - Right Turn",2013,"Yes","No","Daylight","Straight - Grade","Local Street","Dry","Two-Way, Not Divided","None","T-Intersection","Smooth Asphalt",0,0,0,0,0,0,0,"4 lanes",2,0,NA,0,NA
1379,1319,"Pineville","Mecklenburg","Piedmont","Residential","Urban (>70% Developed)","PVA CAMDEN HABERSHAM APT","Rural",NA,"No Control Present","Clear","No",50,"50-59","No",NA,"Not Applicable","A: Disabling Injury","Non-Roadway","Hispanic","Female",22,"20-24","No",NA,"0-5 mph","O: No Injury","White","Male","Passenger Car","No","16JUN2013","Sunday","Non-Roadway",16,"Non-Roadway","June","A: Disabling Injury",59520,"Non-Roadway",2013,"No","No","Daylight","Straight - Grade","Public Vehicular Area","Dry","Two-Way, Not Divided","None","No Special Feature","Smooth Asphalt",0,0,0,0,0,0,0,"2 lanes",3,0,NA,0,NA
1380,1451,"Kings Mountain","Cleveland","Mountains","Residential","Urban (>70% Developed)","PHIFER ROAD","Urban","30 - 35  MPH","No Control Present","Clear","No",13,"11-15","No",NA,"Facing Traffic","C: Possible Injury","Sidewalk / Crosswalk / Driveway Crossing","White","Male",17,"0-19","No",NA,"11-15 mph","O: No Injury","White","Male","Passenger Car","No","12SEP2013","Thursday","Motorist Failed to Yield - Midblock",15,"Non-Intersection","September","C: Possible Injury",56400,"Motorist Drive Out - Other Midblock",2013,"Yes","No","Daylight","Straight - Hillcrest","Local Street","Dry","Two-Way, Divided, Unprotected Median","None","No Special Feature","Smooth Asphalt",0,0,0,0,0,0,0,"2 lanes",2,0,NA,0,NA
1381,1441,"Greenville","Pitt","Coastal","Commercial","Urban (>70% Developed)","PVA 609 SE GREENVILLE BLV","Urban","5 - 15 MPH","No Control Present","Clear","No",52,"50-59","No",NA,"Facing Traffic","O: No Injury","Sidewalk / Crosswalk / Driveway Crossing","White","Male",41,"40-49","No",NA,"0-5 mph","O: No Injury","White","Female","Passenger Car","No","20AUG2013","Tuesday","Motorist Failed to Yield - Midblock",15,"Non-Intersection","August","O: No Injury",56760,"Motorist Drive Out - Commercial Driveway / Alley",2013,"Yes","No","Daylight","Straight - Level","Public Vehicular Area","Dry","Two-Way, Not Divided","None","Driveway, Public","Smooth Asphalt",0,0,0,0,0,0,0,NA,2,0,NA,0,NA
1382,1449,"None - Rural Crash","Craven","Coastal","Farms, Woods, Pastures","Rural (<30% Developed)","NC 43","Rural","50 - 55  MPH","Double Yellow Line, No Passing Zone","Clear","No",69,"60-69","No",NA,"With Traffic","K: Killed","Travel Lane","White","Female",64,"60-69","No",NA,"51-55 mph","O: No Injury","White","Male","Single Unit Truck (2-Axle, 6-Tire)","No","07SEP2013","Saturday","Bicyclist Left Turn / Merge",9,"Intersection-Related","September","K: Killed",34740,"Bicyclist Left Turn - Same Direction",2013,"Yes","No","Daylight","Straight - Level","NC Route","Dry","Two-Way, Not Divided","None","No Special Feature","Smooth Asphalt",0,0,0,0,0,0,0,"3 lanes",2,0,NA,0,NA
1383,1443,"Elizabeth City","Pasquotank","Coastal","Residential","Urban (>70% Developed)","NORTH ROAD ST","Urban","40 - 45  MPH","Stop And Go Signal","Clear","Yes",16,"16-19","No",NA,"With Traffic","B: Evident Injury","Travel Lane","Black","Male",28,"25-29","Yes",NA,"41-45 mph","O: No Injury","Black","Male","Passenger Car","Yes","07AUG2013","Wednesday","Motorist Overtaking Bicyclist",22,"Intersection","August","B: Evident Injury",79200,"Motorist Overtaking - Other / Unknown",2013,"Yes","No","Dark - Lighted Roadway","Straight - Level","Local Street","Dry","Two-Way, Not Divided","None","Related To Intersection","Smooth Asphalt",0,0,0,0,0,0,0,"4 lanes",2,0,NA,0,NA
1384,1452,"Black Mountain","Buncombe","Mountains","Residential","Urban (>70% Developed)","MONTREAT RD","Urban","20 - 25  MPH","Stop Sign","Clear","No",13,"11-15","No",NA,"With Traffic","C: Possible Injury","Travel Lane","White","Male",21,"20-24","No",NA,"0-5 mph","O: No Injury","White","Female","Van","No","12SEP2013","Thursday","Bicyclist Failed to Yield - Sign-Controlled Intersection",17,"Intersection","September","C: Possible Injury",63600,"Bicyclist Ride Through - Sign-Controlled Intersection",2013,"Yes","No","Daylight","Straight - Level","Local Street","Dry","Two-Way, Not Divided","None","No Special Feature","Smooth Asphalt",0,0,0,0,0,0,0,"1 lane",2,0,NA,0,NA
1385,1458,"Charlotte","Mecklenburg","Piedmont","Residential","Urban (>70% Developed)","RAMA","Urban","30 - 35  MPH","No Control Present","Clear","No",66,"60-69","No",NA,"With Traffic","B: Evident Injury","Travel Lane","White","Male",40,"40-49","No",NA,"31-35 mph","B: Evident Injury","Hispanic","Female","Passenger Car","No","14SEP2013","Saturday","Motorist Overtaking Bicyclist",6,"Non-Intersection","September","B: Evident Injury",25140,"Motorist Overtaking - Undetected Bicyclist",2013,"Yes","No","Dawn","Straight - Level","Local Street","Dry","Two-Way, Divided, Unprotected Median","None","No Special Feature","Coarse Asphalt",0,0,0,0,0,0,0,"4 lanes",2,0,NA,0,NA
1386,1442,"Greenville","Pitt","Coastal","Commercial","Urban (>70% Developed)","STANTONSBURG RD","Urban","40 - 45  MPH","No Control Present","Clear","No",20,"20-24","No",NA,"Facing Traffic","B: Evident Injury","Travel Lane","Black","Female",41,"40-49","No",NA,"36-40 mph","O: No Injury","Other","Female","Sport Utility","No","07SEP2013","Saturday","Bicyclist Failed to Yield - Midblock",12,"Non-Intersection","September","B: Evident Injury",46140,"Bicyclist Ride Out - Midblock - Unknown",2013,"Yes","No","Daylight","Straight - Level","Local Street","Dry","Two-Way, Not Divided","None","No Special Feature","Coarse Asphalt",0,0,0,0,0,0,0,"5 lanes",2,0,NA,0,NA
1387,1454,"Winston-Salem","Forsyth","Piedmont","Residential","Urban (>70% Developed)","LEIGHT ST","Urban","30 - 35  MPH","Stop Sign","Clear","No",30,"30-39","No",NA,"Facing Traffic","C: Possible Injury","Sidewalk / Crosswalk / Driveway Crossing","Black","Male",30,"30-39","No",NA,"6-10 mph","O: No Injury","Hispanic","Male","Pickup","No","18AUG2013","Sunday","Loss of Control / Turning Error",17,"Intersection-Related","August","C: Possible Injury",63060,"Motorist Turning Error - Right Turn",2013,"No","No","Daylight","Straight - Level","Local Street","Dry","Two-Way, Not Divided","None","T-Intersection","Concrete",0,0,0,0,0,0,0,"2 lanes",2,0,NA,0,NA
1388,1463,"Fayetteville","Cumberland","Coastal","Commercial","Urban (>70% Developed)","OWEN DR","Urban","40 - 45  MPH","No Control Present","Clear","No",45,"40-49","No",NA,"With Traffic","O: No Injury","Travel Lane","Black","Male",47,"40-49","Yes",NA,"6-10 mph","O: No Injury","White","Male","Motorcycle","Yes","27AUG2013","Tuesday","Motorist Overtaking Bicyclist",1,"Non-Intersection","August","O: No Injury",4560,"Motorist Overtaking - Other / Unknown",2013,"No","No","Dark - Lighted Roadway","Straight - Level","Local Street","Dry","Two-Way, Not Divided","None","No Special Feature","Smooth Asphalt",0,0,0,0,0,0,0,"5 lanes",2,0,NA,0,NA
1389,1460,"None - Rural Crash","New Hanover","Coastal","Commercial","Urban (>70% Developed)","PVA FOODLION","Rural",NA,"No Control Present","Clear","No",35,"30-39","No",NA,"Not Applicable","C: Possible Injury","Non-Roadway","White","Male",49,"40-49","No",NA,"0-5 mph","O: No Injury","White","Female","Passenger Car","No","14SEP2013","Saturday","Non-Roadway",0,"Non-Roadway","September","C: Possible Injury",900,"Non-Roadway",2013,"No","No","Dark - Roadway Not Lighted","Straight - Level","Public Vehicular Area","Dry","Two-Way, Not Divided","None","Driveway, Public","Coarse Asphalt",0,0,0,0,0,0,0,"2 lanes",2,0,NA,0,NA
1390,1481,"None - Rural Crash","Wake","Piedmont","Residential","Rural (<30% Developed)","NC 96","Rural","40 - 45  MPH","Double Yellow Line, No Passing Zone","Clear","No",20,"20-24","No",NA,"With Traffic","B: Evident Injury","Travel Lane","Black","Female",NA,NA,"No",NA,"41-45 mph","Unknown Injury","Unknown/Missing",NA,"Sport Utility","No","20SEP2013","Friday","Motorist Overtaking Bicyclist",23,"Intersection","September","B: Evident Injury",83520,"Motorist Overtaking - Other / Unknown",2013,"Yes","Yes","Dark - Roadway Not Lighted","Straight - Hillcrest","NC Route","Dry","Two-Way, Not Divided","None","No Special Feature","Coarse Asphalt",0,0,0,0,0,0,0,"2 lanes",2,0,NA,0,NA
1391,1469,"None - Rural Crash","Robeson","Coastal","Farms, Woods, Pastures","Rural (<30% Developed)","NC 71","Rural","50 - 55  MPH","No Control Present","Clear","No",54,"50-59","Yes",NA,"Not Applicable","O: No Injury","Driveway / Alley","Native American","Male",NA,"70+","No",NA,"41-45 mph","O: No Injury","Black","Male","Passenger Car","Yes","18SEP2013","Wednesday","Bicyclist Failed to Yield - Midblock",20,"Non-Intersection","September","O: No Injury",72180,"Bicyclist Ride Out - Residential Driveway",2013,"No","No","Dark - Roadway Not Lighted","Straight - Level","NC Route","Dry","Two-Way, Not Divided","None","No Special Feature","Coarse Asphalt",0,0,0,0,0,0,0,"2 lanes",2,0,NA,0,NA
1392,1497,"Salisbury","Rowan","Piedmont","Residential","Urban (>70% Developed)","E CEMETERY ST","Urban","30 - 35  MPH","Stop Sign","Clear","No",57,"50-59","No",NA,"With Traffic","Unknown Injury","Travel Lane","Black","Male",43,"40-49","No",NA,"21-25 mph","O: No Injury","White","Female","Sport Utility","No","26SEP2013","Thursday","Bicyclist Failed to Yield - Sign-Controlled Intersection",16,"Intersection","September","O: No Injury",59160,"Bicyclist Ride Through - Sign-Controlled Intersection",2013,"No","No","Daylight","Straight - Level","Local Street","Dry","Two-Way, Not Divided","None","Four-Way Intersection","Smooth Asphalt",0,0,0,0,0,0,0,"2 lanes",2,0,NA,0,NA
1393,1471,"Ahoskie","Hertford","Coastal","Residential","Rural (<30% Developed)","CATHERINE CREEK RD","Rural","30 - 35  MPH","No Control Present","Clear","No",40,"40-49","Yes",NA,"With Traffic","C: Possible Injury","Travel Lane","Black","Male",NA,"70+","No",NA,"31-35 mph","O: No Injury","Black","Female","Passenger Car","Yes","03AUG2013","Saturday","Parallel Paths - Other Circumstances",20,"Intersection","August","C: Possible Injury",74340,"Parallel Paths - Other / Unknown",2013,"Yes","No","Dark - Lighted Roadway","Straight - Level","Local Street","Dry","Two-Way, Not Divided","None","No Special Feature","Coarse Asphalt",0,0,0,0,0,0,0,"3 lanes",2,0,NA,0,NA
1394,1522,"Charlotte","Mecklenburg","Piedmont","Commercial","Urban (>70% Developed)","PVA 2732 WILKINSON BV","Urban","40 - 45  MPH","No Control Present","Clear","No",42,"40-49","No",NA,"Facing Traffic","C: Possible Injury","Sidewalk / Crosswalk / Driveway Crossing","Black","Male",40,"40-49","No",NA,NA,"O: No Injury","Black","Male","Sport Utility","No","30SEP2013","Monday","Motorist Failed to Yield - Midblock",19,"Non-Intersection","September","C: Possible Injury",70920,"Motorist Drive Out - Commercial Driveway / Alley",2013,"Yes","No","Dusk","Straight - Level","Public Vehicular Area","Dry","Two-Way, Not Divided","None","No Special Feature","Smooth Asphalt",0,0,0,0,0,0,0,"2 lanes",2,0,NA,0,NA
1395,1535,"Jacksonville","Onslow","Coastal","Commercial","Urban (>70% Developed)","NC 53","Urban","40 - 45  MPH","No Control Present","Clear","No",53,"50-59","No",NA,"Facing Traffic","C: Possible Injury","Travel Lane","Black","Male",20,"20-24","No",NA,"0-5 mph","O: No Injury","White","Female","Passenger Car","No","06SEP2013","Friday","Motorist Failed to Yield - Sign-Controlled Intersection",10,"Intersection","September","C: Possible Injury",37800,"Motorist Drive Out - Sign-Controlled Intersection",2013,"Yes","No","Daylight","Straight - Level","NC Route","Dry","Two-Way, Not Divided","None","No Special Feature","Smooth Asphalt",0,0,0,0,0,0,0,"7 lanes",2,0,NA,0,NA
1396,1539,"Granite Falls","Caldwell","Mountains","Commercial","Urban (>70% Developed)","PINEWOOD RD","Rural","30 - 35  MPH","No Control Present","Clear","No",14,"11-15","No",NA,"Not Applicable","B: Evident Injury","Travel Lane","White","Male",51,"50-59","No",NA,"16-20 mph","O: No Injury","White","Female","Passenger Car","No","23AUG2013","Friday","Bicyclist Failed to Yield - Midblock",16,"Non-Intersection","August","B: Evident Injury",58980,"Bicyclist Ride Out - Commercial Driveway / Alley",2013,"Yes","No","Daylight","Straight - Level","Local Street","Dry","Two-Way, Not Divided","None","No Special Feature","Smooth Asphalt",0,0,0,0,0,0,0,"2 lanes",2,0,NA,0,NA
1397,1509,"None - Rural Crash","New Hanover","Coastal","Residential","Mixed (30% To 70% Developed)","SR 1565","Rural","20 - 25  MPH","No Control Present","Clear","No",9,"6-10","No",NA,"With Traffic","C: Possible Injury","Travel Lane","Black","Female",61,"60-69","No",NA,"0-5 mph","O: No Injury","White","Female","Passenger Car","No","29SEP2013","Sunday","Bicyclist Overtaking Motorist",20,"Non-Intersection","September","C: Possible Injury",73800,"Bicyclist Overtaking - Parked Vehicle",2013,"No","No","Daylight","Straight - Level","State Secondary Route","Dry","Two-Way, Not Divided","None","No Special Feature","Smooth Asphalt",0,0,0,0,0,0,0,"2 lanes",2,0,NA,0,NA
1398,1533,"Raleigh","Wake","Piedmont","Commercial","Urban (>70% Developed)","E DAVIE ST","Urban","30 - 35  MPH","Stop And Go Signal","Clear","No",37,"30-39","Yes",NA,"Facing Traffic","K: Killed","Travel Lane","Black","Male",52,"50-59","No",NA,"11-15 mph","O: No Injury","Black","Male","Other Bus","Yes","18SEP2013","Wednesday","Bicyclist Failed to Yield - Signalized Intersection",23,"Intersection","September","K: Killed",82980,"Bicyclist Ride Through - Signalized Intersection",2013,"No","No","Dark - Lighted Roadway","Straight - Level","Local Street","Dry","One-Way, Not Divided","None","Four-Way Intersection","Smooth Asphalt",0,0,0,0,0,0,0,"2 lanes",2,0,NA,0,NA
1399,1599,"Raleigh","Wake","Piedmont","Residential","Urban (>70% Developed)","LAKE BOONE TRL","Urban","40 - 45  MPH","Stop And Go Signal","Clear","No",32,"30-39","No",NA,"Facing Traffic","B: Evident Injury","Sidewalk / Crosswalk / Driveway Crossing","White","Male",49,"40-49","No",NA,"0-5 mph","O: No Injury","White","Male","Van","No","02NOV2013","Saturday","Motorist Failed to Yield - Signalized Intersection",11,"Intersection","November","B: Evident Injury",42900,"Motorist Drive Out - Right Turn on Red",2013,"Yes","No","Daylight","Straight - Level","Local Street","Dry","Two-Way, Divided, Unprotected Median","None","Four-Way Intersection","Coarse Asphalt",0,0,0,0,0,0,0,"5 lanes",2,0,NA,0,NA
1400,1577,"Raleigh","Wake","Piedmont","Commercial","Urban (>70% Developed)","AVENT FERRY RD","Urban","40 - 45  MPH","Stop Sign","Cloudy","No",21,"20-24","No",NA,"Facing Traffic","C: Possible Injury","Sidewalk / Crosswalk / Driveway Crossing","White","Male",50,"50-59","No",NA,"0-5 mph","O: No Injury","Black","Female","Passenger Car","No","18OCT2013","Friday","Motorist Failed to Yield - Sign-Controlled Intersection",11,"Intersection","October","C: Possible Injury",40020,"Motorist Drive Out - Sign-Controlled Intersection",2013,"No","No","Daylight","Straight - Level","Local Street","Dry","Two-Way, Not Divided","None","No Special Feature","Coarse Asphalt",0,0,0,0,0,0,0,"4 lanes",2,0,NA,0,NA
1401,1477,"Durham","Durham","Piedmont","Residential","Urban (>70% Developed)","CHAPEL HILL RD","Urban","30 - 35  MPH","No Control Present","Cloudy","No",52,"50-59","No",NA,"With Traffic","C: Possible Injury","Travel Lane","White","Male",23,"20-24","No",NA,"31-35 mph","O: No Injury","Black","Male","Passenger Car","No","20SEP2013","Friday","Motorist Right Turn / Merge",13,"Non-Intersection","September","C: Possible Injury",48660,"Motorist Right Turn - Same Direction",2013,"No","No","Daylight","Straight - Level","Public Vehicular Area","Dry","Two-Way, Not Divided","None","No Special Feature","Smooth Asphalt",0,0,0,0,0,0,0,"2 lanes",2,0,NA,0,NA
1402,1479,"None - Rural Crash","Dare","Coastal","Residential","Rural (<30% Developed)","SR 1113","Rural","50 - 55  MPH","Human Control","Clear","No",25,"25-29","No",NA,"Facing Traffic","C: Possible Injury","Travel Lane","White","Male",30,"30-39","No",NA,"6-10 mph","O: No Injury","White","Male","Sport Utility","No","21SEP2013","Saturday","Head-On",8,"Non-Intersection","September","C: Possible Injury",29880,"Head-On - Bicyclist",2013,"Yes","No","Daylight","Straight - Level","State Secondary Route","Dry","Two-Way, Not Divided","None","T-Intersection","Coarse Asphalt",0,0,0,0,0,0,0,"2 lanes",2,0,NA,0,NA
1403,12,"Cary","Wake","Piedmont","Commercial","Urban (>70% Developed)","JAMES JACKSON AVE","Urban","30 - 35  MPH","No Control Present","Clear","No",55,"50-59",NA,"No","With Traffic","O: No Injury","Travel Lane","White","Male",41,"40-49",NA,"No","16-20 mph","O: No Injury","Asian","Male","Passenger Car","No","08JAN2014","Wednesday","Bicyclist Left Turn / Merge",19,"Non-Intersection","January","O: No Injury",68700,"Bicyclist Left Turn - Same Direction",2014,"No","No","Dark - Lighted Roadway","Straight - Level","Local Street","Dry","Two-Way, Not Divided","None","No Special Feature","Smooth Asphalt",0,0,0,0,1,1,0,"2 lanes",2,15,"TOWER VIEW CT",0,"DARRINGTON DR"
1404,16,"Asheboro","Randolph","Piedmont","Commercial","Urban (>70% Developed)","US 64","Urban","40 - 45  MPH","No Control Present","Rain","No",53,"50-59",NA,"No","With Traffic","C: Possible Injury","Travel Lane","White","Male",38,"30-39",NA,"No",NA,"O: No Injury","Black","Female","Sport Utility","No","06JAN2014","Monday","Motorist Failed to Yield - Midblock",7,"Non-Intersection","January","C: Possible Injury",26040,"Motorist Drive Out - Commercial Driveway / Alley",2014,"Yes","No","Dawn","Straight - Level","US Route","Wet","Two-Way, Not Divided","None","No Special Feature","Smooth Asphalt",0,0,1,0,0,1,0,"5 lanes",2,0.2,"73",20000064,"COUNTRY CLUB DR"
1405,23,"Greensboro","Guilford","Piedmont","Residential","Urban (>70% Developed)","TEXTILE DR","Urban","30 - 35  MPH","Stop Sign","Clear","No",20,"20-24",NA,"No","With Traffic","B: Evident Injury","Travel Lane","Black","Male",NA,NA,NA,NA,"6-10 mph","Unknown Injury","Unknown/Missing",NA,"Passenger Car","No","20JAN2014","Monday","Parallel Paths - Other Circumstances",19,"Intersection","January","B: Evident Injury",70980,"Motorist Turn / Merge - Other / Unknown",2014,"Yes","Yes","Dark - Roadway Not Lighted","Straight - Level","Local Street","Dry","Two-Way, Not Divided","None","No Special Feature","Smooth Asphalt",0,1,0,0,0,1,0,"4 lanes",2,0,"ANDOVER AV",50030252,"TEXTILE DR"
1406,33,"Raleigh","Wake","Piedmont","Commercial","Urban (>70% Developed)","WAKE FOREST RD","Urban","30 - 35  MPH","No Control Present","Clear","No",67,"60-69",NA,"No","With Traffic","C: Possible Injury","Travel Lane","White","Male",46,"40-49",NA,"No","0-5 mph","O: No Injury","Black","Male","Passenger Car","No","07FEB2014","Friday","Motorist Failed to Yield - Signalized Intersection",14,"Intersection","February","C: Possible Injury",53100,"Motorist Drive Out - Right Turn on Red",2014,"No","No","Daylight","Straight - Level","Local Street","Dry","Two-Way, Not Divided","None","No Special Feature","Coarse Asphalt",0,0,1,0,0,1,0,NA,2,0.001,"SIX FORKS RD",40002000,"ATLANTIC AVE"
1407,38,"High Point","Guilford","Piedmont","Commercial","Urban (>70% Developed)","COLLEGE DR","Urban","40 - 45  MPH","Flashing Stop And Go Signal","Clear","No",54,"50-59",NA,"No","Facing Traffic","B: Evident Injury","Travel Lane","Black","Male",NA,"70+",NA,"No","36-40 mph","O: No Injury","White","Male","Sport Utility","No","20JAN2014","Monday","Bicyclist Failed to Yield - Signalized Intersection",17,"Intersection","January","B: Evident Injury",64140,"Bicyclist Ride Through - Signalized Intersection",2014,"Yes","No","Dark - Lighted Roadway","Straight - Level","Local Street","Dry","Two-Way, Divided, Unprotected Median","None","No Special Feature","Coarse Asphalt",0,1,0,0,0,1,0,"4 lanes",2,0,"GREEN DR",40001278,"RUSSELL AVE"
1408,39,"None - Rural Crash","Duplin","Coastal","Farms, Woods, Pastures","Rural (<30% Developed)","1307","Rural","50 - 55  MPH","No Control Present","Clear","No",12,"11-15",NA,"No","Not Applicable","B: Evident Injury","Driveway / Alley","Other","Male",17,"0-19",NA,"No","26-30 mph","O: No Injury","Black","Male","Passenger Car","No","24FEB2014","Monday","Bicyclist Failed to Yield - Midblock",16,"Non-Intersection","February","B: Evident Injury",59220,"Bicyclist Ride Out - Residential Driveway",2014,"Yes","No","Daylight","Straight - Level","State Secondary Route","Dry","Two-Way, Not Divided","None","No Special Feature","Coarse Asphalt",0,1,0,0,0,1,0,"2 lanes",2,1.32,"1402",40001307,"1004"
1409,46,"Charlotte","Mecklenburg","Piedmont","Residential","Urban (>70% Developed)","EAST BLVD","Urban","30 - 35  MPH","No Control Present","Clear","No",30,"30-39",NA,"No","With Traffic","C: Possible Injury","Travel Lane","White","Male",60,"60-69",NA,"No","26-30 mph","O: No Injury","White","Female","Passenger Car","No","21FEB2014","Friday","Motorist Right Turn / Merge",16,"Intersection","February","C: Possible Injury",59940,"Motorist Right Turn - Same Direction",2014,"Yes","No","Daylight","Straight - Level","Local Street","Dry","Two-Way, Divided, Positive Median Barrier","None","No Special Feature","Smooth Asphalt",0,0,1,0,0,1,0,"2 lanes",2,0,"MARYLAND AVE",50009213,"S KINGS DR"
1410,49,"Durham","Durham","Piedmont","Commercial","Urban (>70% Developed)","N ROXBORO ST","Urban","30 - 35  MPH","No Control Present","Clear","No",49,"40-49",NA,"Yes-Alcohol,  impairment suspected","Facing Traffic","C: Possible Injury","Travel Lane","Black","Male",32,"30-39",NA,"No","26-30 mph","O: No Injury","White","Male","Pickup","Yes","03MAR2014","Monday","Motorist Overtaking Bicyclist",6,"Non-Intersection","March","C: Possible Injury",22080,"Motorist Overtaking - Undetected Bicyclist",2014,"Yes","No","Dark - Lighted Roadway","Straight - Level","Local Street","Dry","Two-Way, Divided, Unprotected Median","None","No Special Feature","Smooth Asphalt",0,0,1,0,0,1,0,"4 lanes",2,0.033,"BERWYN AVE",29000501,"BRITANIA AVE"
1411,52,"Charlotte","Mecklenburg","Piedmont","Commercial","Mixed (30% To 70% Developed)","E WOODLAWN RD","Urban","30 - 35  MPH","No Control Present","Clear","No",20,"20-24",NA,"Yes-Alcohol,  impairment suspected","Not Applicable","B: Evident Injury","Travel Lane","Hispanic","Male",43,"40-49",NA,"No","36-40 mph","O: No Injury","White","Female","Passenger Car","Yes","04MAR2014","Tuesday","Bicyclist Failed to Yield - Midblock",22,"Non-Intersection","March","B: Evident Injury",82260,"Bicyclist Ride Out - Other Midblock",2014,"Yes","No","Dark - Lighted Roadway","Straight - Level","Local Street","Dry","Two-Way, Not Divided","None","No Special Feature","Coarse Asphalt",0,1,0,0,0,1,0,"4 lanes",2,0.009,"HALSTEAD DR",40003814,"DREXMORE AV"
1412,70,"Mint Hill","Mecklenburg","Piedmont","Residential","Urban (>70% Developed)","WILSON GROVE RD","Urban","40 - 45  MPH","No Control Present","Clear","No",25,"25-29",NA,"No","With Traffic","C: Possible Injury","Travel Lane","Black","Male",NA,NA,NA,"Missing","41-45 mph","Unknown Injury","Unknown/Missing",NA,NA,"No","31JAN2014","Friday","Motorist Right Turn / Merge",12,"Intersection","January","C: Possible Injury",44400,"Motorist Right Turn - Same Direction",2014,"No","Yes","Daylight","Straight - Level","State Secondary Route","Dry","Two-Way, Not Divided","None","T-Intersection","Smooth Asphalt",0,0,1,0,0,1,0,"4 lanes",2,0,"HANNON RD",40003135,"CENTRAL DR"