"...1","object_id","city","county","region","development","locality","on_road","rural_urban","speed_limit","traffic_control","weather","workzone","bike_age","bike_age_group","bike_alcohol","bike_alcohol_drugs","bike_direction","bike_injury","bike_position","bike_race","bike_sex","driver_age","driver_age_group","driver_alcohol","driver_alcohol_drugs","driver_est_speed","driver_injury","driver_race","driver_sex","driver_vehicle_type","crash_alcohol","crash_date","crash_day","crash_group","crash_hour","crash_location","crash_month","crash_severity","crash_time","crash_type","crash_year","ambulance_req","hit_run","light_condition","road_character","road_class","road_condition","road_configuration","road_defects","road_feature","road_surface","num_bikes_ai","num_bikes_bi","num_bikes_ci","num_bikes_ki","num_bikes_no","num_bikes_to","num_bikes_ui","num_lanes","num_units","distance_mi_from","frm_road","rte_invd_cd","towrd_road"
1413,71,"Selma","Johnston","Coastal","Residential","Urban (>70% Developed)","W LIZZIE ST","Urban","30 - 35  MPH","Stop Sign","Cloudy","No",16,"16-19",NA,"No","Facing Traffic","C: Possible Injury","Bike Lane / Paved Shoulder","White","Male",46,"40-49",NA,"No","6-10 mph","O: No Injury","Black","Female","Passenger Car","No","03FEB2014","Monday","Motorist Right Turn / Merge",18,"Intersection","February","C: Possible Injury",66300,"Motorist Right Turn - Opposite Direction",2014,"Yes","No","Dark - Unknown Lighting","Straight - Hillcrest","Local Street","Dry","Two-Way, Not Divided","None","T-Intersection","Smooth Asphalt",0,0,1,0,0,1,0,"3 lanes",2,0,"W LIZZIE ST",50017929,"W RICHARDSON ST"
1414,72,"Mooresville","Iredell","Piedmont","Farms, Woods, Pastures","Rural (<30% Developed)","21","Urban","40 - 45  MPH","Double Yellow Line, No Passing Zone","Clear","No",42,"40-49",NA,"No","With Traffic","O: No Injury","Travel Lane","White","Female",65,"60-69",NA,"No","36-40 mph","C: Possible Injury","Black","Male","Sport Utility","No","09FEB2014","Sunday","Motorist Overtaking Bicyclist",20,"Non-Intersection","February","C: Possible Injury",72120,"Motorist Overtaking - Undetected Bicyclist",2014,"Yes","No","Dark - Roadway Not Lighted","Straight - Level","US Route","Dry","Two-Way, Not Divided","None","No Special Feature","Smooth Asphalt",0,0,0,0,2,2,0,"2 lanes",2,0.076,"OATES RD",20000021,"BRANTLEY ACRES DR"
1415,73,"Zebulon","Wake","Piedmont","Commercial","Urban (>70% Developed)","NC 97","Rural","30 - 35  MPH","Stop Sign","Rain","No",56,"50-59",NA,"Yes-Alcohol,  impairment suspected","With Traffic","B: Evident Injury","Travel Lane","Black","Male",27,"25-29",NA,"No","31-35 mph","O: No Injury","White","Female","Passenger Car","Yes","17MAR2014","Monday","Loss of Control / Turning Error",20,"Intersection","March","B: Evident Injury",72840,"Bicyclist Lost Control - Mechanical Problems",2014,"No","No","Dark - Lighted Roadway","Straight - Level","NC Route","Wet","Two-Way, Not Divided","None","No Special Feature","Coarse Asphalt",0,1,0,0,0,1,0,"2 lanes",2,0,"N WHITLEY ST",30000097,"E NORTH ST"
1416,78,"Fayetteville","Cumberland","Coastal","Residential","Urban (>70% Developed)","DODGE DR","Urban","20 - 25  MPH","Stop Sign","Clear","No",44,"40-49",NA,"No","With Traffic","C: Possible Injury","Travel Lane","Hispanic","Male",NA,"70+",NA,"No","0-5 mph","O: No Injury","Black","Male","Pickup","No","09FEB2014","Sunday","Motorist Failed to Yield - Sign-Controlled Intersection",18,"Intersection","February","C: Possible Injury",66060,"Motorist Drive Out - Sign-Controlled Intersection",2014,"Yes","No","Dark - Lighted Roadway","Straight - Level","Local Street","Dry","Two-Way, Not Divided","None","Four-Way Intersection","Coarse Asphalt",0,0,1,0,0,1,0,"5 lanes",2,0,"SANTA FE DR",40001437,"TAHOE CT"
1417,79,"Fayetteville","Cumberland","Coastal","Commercial","Urban (>70% Developed)","PVA 6891 CLIFFDALE RD","Urban","5 - 15 MPH","No Control Present","Clear","No",54,"50-59",NA,"No","Not Applicable","C: Possible Injury","Non-Roadway","Black","Male",NA,NA,NA,"Missing","0-5 mph","Unknown Injury","Unknown/Missing",NA,NA,"No","15FEB2014","Saturday","Non-Roadway",12,"Non-Roadway","February","C: Possible Injury",43980,"Non-Roadway",2014,"No","Yes","Daylight","Straight - Level","Public Vehicular Area","Dry","Two-Way, Not Divided","None","No Special Feature","Coarse Asphalt",0,0,1,0,0,1,0,NA,2,0.008,"SEVENTY FIRST SCHOOL",0,"RAVEN PL"
1418,81,"None - Rural Crash","Henderson","Mountains","Farms, Woods, Pastures","Rural (<30% Developed)","1196","Rural","50 - 55  MPH","Double Yellow Line, No Passing Zone","Clear","No",16,"16-19",NA,"No","With Traffic","A: Disabling Injury","Travel Lane","White","Female",21,"20-24",NA,"No","11-15 mph","O: No Injury","White","Female","Passenger Car","No","19MAR2014","Wednesday","Motorist Left Turn / Merge",17,"Non-Intersection","March","A: Disabling Injury",61260,"Motorist Left Turn - Opposite Direction",2014,"Yes","No","Daylight","Curve - Grade","State Secondary Route","Dry","Two-Way, Not Divided","None","Driveway, Private","Smooth Asphalt",1,0,0,0,0,1,0,"2 lanes",2,0.03,"STARDUST LN",40001196,"REBELS LAIR"
1419,90,"Greenville","Pitt","Coastal","Residential","Urban (>70% Developed)","HOLDEN DR","Urban","30 - 35  MPH","Stop Sign","Clear","No",8,"6-10",NA,"No","Facing Traffic","B: Evident Injury","Travel Lane","Black","Male",19,"0-19",NA,"No","16-20 mph","C: Possible Injury","White","Male","Passenger Car","No","09MAR2014","Sunday","Bicyclist Failed to Yield - Sign-Controlled Intersection",18,"Intersection","March","B: Evident Injury",68340,"Bicyclist Ride Through - Sign-Controlled Intersection",2014,"Yes","No","Daylight","Straight - Level","Local Street","Dry","Two-Way, Not Divided","None","Four-Way Intersection","Smooth Asphalt",0,1,0,0,0,1,0,"2 lanes",2,0,"WIMBLEDON DR",0,"FIRETOWER RD"
1420,95,"Lumberton","Robeson","Coastal","Residential","Urban (>70% Developed)","PVA 300 PEARL ST","Urban",NA,"No Control Present","Clear","No",30,"30-39",NA,"No","Not Applicable","O: No Injury","Travel Lane","Black","Male",25,"25-29",NA,"No","0-5 mph","O: No Injury","Black","Female","Passenger Car","No","11MAR2014","Tuesday","Non-Roadway",17,"Non-Roadway","March","O: No Injury",61920,"Non-Roadway",2014,"No","No","Daylight","Straight - Level","Public Vehicular Area","Dry","Two-Way, Not Divided","None","No Special Feature","Coarse Asphalt",0,0,0,0,1,1,0,NA,2,0.005,"LOT 137",0,"LOT 138"
1421,96,"None - Rural Crash","Haywood","Mountains","Residential","Mixed (30% To 70% Developed)","1883","Rural","30 - 35  MPH","Double Yellow Line, No Passing Zone","Clear","No",15,"11-15",NA,"No","Not Applicable","C: Possible Injury","Travel Lane","White","Male",18,"0-19",NA,"No","26-30 mph","O: No Injury","White","Female","Passenger Car","No","27MAR2014","Thursday","Bicyclist Failed to Yield - Midblock",18,"Non-Intersection","March","C: Possible Injury",66540,"Bicyclist Ride Out - Other Midblock",2014,"Yes","No","Daylight","Straight - Level","State Secondary Route","Dry","Two-Way, Not Divided","None","No Special Feature","Coarse Asphalt",0,0,1,0,0,1,0,"2 lanes",2,0.28,"215",40001883,"DEAD END"
1422,98,"Charlotte","Mecklenburg","Piedmont","Residential","Urban (>70% Developed)","JULIA AV","Urban","30 - 35  MPH","No Control Present","Clear","No",5,"0-5",NA,"No","Not Applicable","B: Evident Injury","Travel Lane","Black","Male",53,"50-59",NA,"No","31-35 mph","O: No Injury","Black","Male","Passenger Car","No","24MAR2014","Monday","Bicyclist Failed to Yield - Midblock",17,"Non-Intersection","March","B: Evident Injury",64440,"Bicyclist Ride Out - Other Midblock",2014,"Yes","No","Daylight","Straight - Level","Local Street","Dry","One-Way, Not Divided","None","No Special Feature","Smooth Asphalt",0,1,0,0,0,1,0,"2 lanes",2,0.1,"CARMINE ST",0,"END OF JULIA AV"
1423,99,"Mount Airy","Surry","Mountains","Residential","Urban (>70% Developed)","WORTH ST","Urban","30 - 35  MPH","Stop And Go Signal","Cloudy","No",15,"11-15",NA,"No",NA,"C: Possible Injury","Travel Lane","Black","Male",NA,"70+",NA,"No","26-30 mph","O: No Injury","White","Male","Passenger Car","No","22MAR2014","Saturday","Crossing Paths - Other Circumstances",13,"Intersection","March","C: Possible Injury",48000,"Signalized Intersection - Other / Unknown",2014,"No","No","Daylight","Straight - Bottom","Local Street","Dry","Two-Way, Not Divided","None","Four-Way Intersection","Smooth Asphalt",0,0,1,0,0,1,0,"2 lanes",2,0,"E HAYMORE ST",50033697,"HALE ST"
1424,102,"New Bern","Craven","Coastal","Commercial","Urban (>70% Developed)","17","Urban","50 - 55  MPH","Stop Sign","Clear","No",51,"50-59",NA,"No","Facing Traffic","C: Possible Injury","Travel Lane","White","Female",41,"40-49",NA,"No","0-5 mph","O: No Injury","Asian","Male","Passenger Car","No","27MAR2014","Thursday","Motorist Failed to Yield - Midblock",16,"Non-Intersection","March","C: Possible Injury",60360,"Motorist Drive Out - Commercial Driveway / Alley",2014,"Yes","No","Daylight","Straight - Level","US Route","Dry","Two-Way, Divided, Unprotected Median","None","No Special Feature","Smooth Asphalt",0,0,1,0,0,1,0,"6 lanes",2,0.05,"PINETREE DR",40001395,"HOTEL DR"
1425,103,"Raleigh","Wake","Piedmont","Residential","Urban (>70% Developed)","N RALEIGH BLVD","Urban","40 - 45  MPH","Stop And Go Signal","Clear","No",20,"20-24",NA,"No","With Traffic","B: Evident Injury","Travel Lane","Black","Male",39,"30-39",NA,"No","36-40 mph","O: No Injury","Black","Male","Passenger Car","No","30MAR2014","Sunday","Bicyclist Failed to Yield - Signalized Intersection",17,"Intersection","March","B: Evident Injury",61260,"Bicyclist Ride Through - Signalized Intersection",2014,"Yes","No","Daylight","Straight - Level","Local Street","Dry","Two-Way, Not Divided","None","No Special Feature","Coarse Asphalt",0,1,0,0,0,1,0,"6 lanes",2,0,"POOLE RD",40002921,"LIGHTNER LANE"
1426,104,"Jacksonville","Onslow","Coastal","Commercial","Urban (>70% Developed)","ONSLOW DR","Urban","30 - 35  MPH","Stop And Go Signal","Clear","No",24,"20-24",NA,"No","Facing Traffic","C: Possible Injury","Sidewalk / Crosswalk / Driveway Crossing","White","Male",38,"30-39",NA,"No","31-35 mph","O: No Injury","White","Male","Pickup","No","08MAR2014","Saturday","Crossing Paths - Other Circumstances",23,"Intersection","March","C: Possible Injury",84300,"Crossing Paths - Uncontrolled Intersection",2014,"Yes","No","Dark - Lighted Roadway","Straight - Level","State Secondary Route","Dry","Two-Way, Divided, Unprotected Median","None","Four-Way Intersection","Smooth Asphalt",0,0,1,0,0,1,0,"3 lanes",2,0,"17",40001336,"PRESTON ROAD"
1427,109,"Raleigh","Wake","Piedmont","Commercial","Urban (>70% Developed)","WAKEFIELD PINES DR","Urban","20 - 25  MPH","No Control Present","Clear","No",16,"16-19",NA,"No","With Traffic","B: Evident Injury","Travel Lane","White","Male",NA,NA,NA,"Missing","16-20 mph","Unknown Injury","Unknown/Missing",NA,NA,"No","01APR2014","Tuesday","Parallel Paths - Other Circumstances",21,"Non-Intersection","April","B: Evident Injury",78960,"Parallel Paths - Other / Unknown",2014,"Yes","Yes","Dark - Lighted Roadway","Straight - Hillcrest","Local Street","Dry","Two-Way, Not Divided","None","No Special Feature","Smooth Asphalt",0,1,0,0,0,1,0,"2 lanes",2,0.085,"FALLS OF NEUSE RD",50034524,"WAKEFIELD CROSSING DR"
1428,115,"None - Rural Crash","Duplin","Coastal","Farms, Woods, Pastures","Rural (<30% Developed)","SR 1102","Rural","50 - 55  MPH","Double Yellow Line, No Passing Zone","Clear","No",56,"50-59",NA,"Yes- Alcohol and Drugs, impairment suspected","With Traffic","C: Possible Injury","Travel Lane","Black","Male",NA,"70+",NA,"No","36-40 mph","O: No Injury","Black","Male","Pickup","Yes","01APR2014","Tuesday","Motorist Overtaking Bicyclist",19,"Non-Intersection","April","C: Possible Injury",69000,"Motorist Overtaking - Other / Unknown",2014,"Yes","No","Daylight","Straight - Level","State Secondary Route","Dry","Two-Way, Not Divided","None","No Special Feature","Coarse Asphalt",0,0,1,0,0,1,0,"2 lanes",2,0.023,"1162",40001102,"40"
1429,120,"Charlotte","Mecklenburg","Piedmont","Commercial","Urban (>70% Developed)","E W T HARRIS BLVD","Urban",NA,"No Control Present","Clear","No",13,"11-15",NA,"No","Facing Traffic","C: Possible Injury","Sidewalk / Crosswalk / Driveway Crossing","Black","Male",25,"25-29",NA,"No","6-10 mph","O: No Injury","Black","Female","Passenger Car","No","06APR2014","Sunday","Motorist Failed to Yield - Midblock",18,"Non-Intersection","April","C: Possible Injury",66180,"Motorist Drive Out - Commercial Driveway / Alley",2014,"Yes","No","Daylight","Curve - Grade","Public Vehicular Area","Dry","Two-Way, Not Divided","None","No Special Feature","Smooth Asphalt",0,0,1,0,0,1,0,"2 lanes",2,0,"8825 E W T HARRIS BLVD",0,"BONLYN DR"
1430,125,"Charlotte","Mecklenburg","Piedmont","Commercial","Urban (>70% Developed)","W SUGAR CREEK RD","Urban","30 - 35  MPH","Stop And Go Signal","Clear","No",57,"50-59",NA,"No","With Traffic","C: Possible Injury","Sidewalk / Crosswalk / Driveway Crossing","Black","Male",63,"60-69",NA,"No","0-5 mph","O: No Injury","Black","Male","Sport Utility","No","09APR2014","Wednesday","Motorist Failed to Yield - Signalized Intersection",8,"Intersection","April","C: Possible Injury",28920,"Motorist Drive Out - Signalized Intersection",2014,"Yes","No","Daylight","Straight - Level","Local Street","Dry","Two-Way, Not Divided","None","Four-Way Intersection","Smooth Asphalt",0,0,1,0,0,1,0,"6 lanes",2,0,"REAGAN DR",40002480,"TOM HUNTER RD"
1431,126,"Statesville","Iredell","Piedmont","Commercial","Urban (>70% Developed)","OAKDALE DR","Urban","30 - 35  MPH","Stop Sign","Clear","No",52,"50-59",NA,"No","With Traffic","K: Killed","Travel Lane","White","Male",33,"30-39",NA,"No","6-10 mph","O: No Injury","White","Male","Sport Utility","No","03APR2014","Thursday","Motorist Failed to Yield - Sign-Controlled Intersection",18,"Intersection","April","K: Killed",65160,"Motorist Drive Out - Sign-Controlled Intersection",2014,"Yes","No","Daylight","Straight - Grade","State Secondary Route","Dry","Two-Way, Not Divided","None","Four-Way Intersection","Smooth Asphalt",0,0,0,1,0,1,0,"2 lanes",2,0,"HARTNESS RD",50013307,"SPRINGDALE RD"
1432,132,"Raleigh","Wake","Piedmont","Commercial","Urban (>70% Developed)","FALLS OF NEUSE RD","Urban","5 - 15 MPH","Stop And Go Signal","Clear","No",60,"60-69",NA,"No","Facing Traffic","B: Evident Injury","Sidewalk / Crosswalk / Driveway Crossing","Other","Male",16,"0-19",NA,"No","0-5 mph","O: No Injury","White","Male","Passenger Car","No","10APR2014","Thursday","Motorist Failed to Yield - Signalized Intersection",9,"Intersection","April","B: Evident Injury",32640,"Motorist Drive Out - Signalized Intersection",2014,"No","No","Daylight","Straight - Level","Public Vehicular Area","Dry","Two-Way, Not Divided","None","Driveway, Public","Smooth Asphalt",0,1,0,0,0,1,0,NA,2,0,"HUNTING RIDGE RD",40002000,"LAKE FOREST DR"
1433,135,"Raleigh","Wake","Piedmont","Commercial","Urban (>70% Developed)","E MARTIN ST","Urban","30 - 35  MPH","Stop And Go Signal","Cloudy","Yes",28,"25-29",NA,"No","With Traffic","C: Possible Injury","Travel Lane","Black","Male",NA,"70+",NA,"No","6-10 mph","O: No Injury","Black","Male","Passenger Car","No","15APR2014","Tuesday","Motorist Left Turn / Merge",10,"Intersection","April","C: Possible Injury",37800,"Motorist Left Turn - Opposite Direction",2014,"Yes","No","Daylight","Straight - Level","Local Street","Wet","Two-Way, Not Divided","Work Zone","Four-Way Intersection","Smooth Asphalt",0,0,1,0,0,1,0,NA,2,0,"S BLOUNT ST",50019046,"WOLFE ST"
1434,139,"Pembroke","Robeson","Coastal","Commercial","Urban (>70% Developed)","EAST THIRD STREET","Rural","30 - 35  MPH","No Control Present","Cloudy","No",48,"40-49",NA,"Yes-Alcohol,  impairment suspected","With Traffic","C: Possible Injury","Travel Lane","Native American","Male",18,"0-19",NA,"No","21-25 mph","O: No Injury","Native American","Male","Sport Utility","Yes","15APR2014","Tuesday","Motorist Overtaking Bicyclist",16,"Non-Intersection","April","C: Possible Injury",60960,"Motorist Overtaking - Undetected Bicyclist",2014,"Yes","No","Daylight","Straight - Level","Local Street","Wet","Two-Way, Divided, Unprotected Median","None","No Special Feature","Coarse Asphalt",0,0,1,0,0,1,0,"4 lanes",2,0,"LUMBEE BANK DRIVE",0,"BLAINE STREET"
1435,140,"Elizabeth City","Pasquotank","Coastal","Commercial","Urban (>70% Developed)","N ROAD ST","Urban","40 - 45  MPH","No Control Present","Cloudy","Yes",16,"16-19",NA,"No","With Traffic","B: Evident Injury","Sidewalk / Crosswalk / Driveway Crossing","White","Male",31,"30-39",NA,"No","41-45 mph","O: No Injury","Black","Female","Passenger Car","No","15APR2014","Tuesday","Bicyclist Left Turn / Merge",12,"Non-Intersection","April","B: Evident Injury",43800,"Bicyclist Left Turn - Same Direction",2014,"Yes","No","Daylight","Straight - Level","Local Street","Wet","Two-Way, Divided, Unprotected Median","None","No Special Feature","Coarse Asphalt",0,1,0,0,0,1,0,"4 lanes",2,0.2,"KNOBBS CREEK DR",20000017,"GRIGGS ST"
1436,141,"Charlotte","Mecklenburg","Piedmont","Residential","Urban (>70% Developed)","KILDARE DR","Urban","20 - 25  MPH","Stop Sign","Rain","No",36,"30-39",NA,"No","Facing Traffic","C: Possible Injury","Travel Lane","White","Male",62,"60-69",NA,"No","0-5 mph","O: No Injury","Black","Female","Passenger Car","No","18APR2014","Friday","Motorist Failed to Yield - Sign-Controlled Intersection",21,"Intersection","April","C: Possible Injury",76860,"Motorist Drive Out - Sign-Controlled Intersection",2014,"Yes","No","Dark - Lighted Roadway","Straight - Level","Local Street","Wet","Two-Way, Not Divided","None","No Special Feature","Smooth Asphalt",0,0,1,0,0,1,0,"2 lanes",2,0,"JOYCE DR",0,NA
1437,150,"None - Rural Crash","Randolph","Piedmont","Farms, Woods, Pastures","Rural (<30% Developed)","SR 2900","Rural","50 - 55  MPH","No Control Present","Clear","No",13,"11-15",NA,"No","Not Applicable","A: Disabling Injury","Travel Lane","Black","Male",NA,"70+",NA,"No","41-45 mph","C: Possible Injury","White","Female","Passenger Car","No","21APR2014","Monday","Bicyclist Failed to Yield - Midblock",17,"Non-Intersection","April","A: Disabling Injury",61500,"Bicyclist Ride Out - Midblock - Unknown",2014,"Yes","No","Daylight","Straight - Level","State Secondary Route","Dry","Two-Way, Not Divided","None","No Special Feature","Smooth Asphalt",1,1,0,0,0,2,0,"2 lanes",3,0.16,"2907",40002900,"2898"
1438,151,"None - Rural Crash","Buncombe","Mountains","Residential","Rural (<30% Developed)","3074","Rural","40 - 45  MPH","Double Yellow Line, No Passing Zone","Rain","No",21,"20-24",NA,"No","With Traffic","C: Possible Injury","Travel Lane","White","Male",61,"60-69",NA,"No","0-5 mph","O: No Injury","White","Male","Passenger Car","No","19APR2014","Saturday","Motorist Left Turn / Merge",15,"Non-Intersection","April","C: Possible Injury",54180,"Motorist Left Turn - Opposite Direction",2014,"No","No","Daylight","Straight - Grade","State Secondary Route","Wet","Two-Way, Not Divided","None","Driveway, Private","Smooth Asphalt",0,0,1,0,0,1,0,"2 lanes",2,0.22,"3121",40003074,"3122"
1439,157,"Boone","Watauga","Mountains","Residential","Urban (>70% Developed)",NA,"Urban","20 - 25  MPH","Stop And Go Signal","Clear","No",19,"16-19",NA,"No","With Traffic","C: Possible Injury","Sidewalk / Crosswalk / Driveway Crossing","White","Female",53,"50-59",NA,"No","6-10 mph","O: No Injury","White","Female","Passenger Car","No","25APR2014","Friday","Motorist Right Turn / Merge",17,"Non-Intersection","April","C: Possible Injury",63000,"Motorist Right Turn - Same Direction",2014,"No","No","Daylight","Straight - Level","Local Street","Dry","Two-Way, Divided, Unprotected Median","None","No Special Feature","Smooth Asphalt",0,0,1,0,0,1,0,"4 lanes",2,0.123,NA,40001163,NA
1440,165,"Fayetteville","Cumberland","Coastal","Residential","Urban (>70% Developed)","SEVENTY FIRST SCHOOL R","Urban","40 - 45  MPH","No Control Present","Cloudy","No",19,"16-19",NA,"No","With Traffic","B: Evident Injury","Bike Lane / Paved Shoulder","Black","Male",NA,NA,NA,"Missing",NA,"Unknown Injury","Unknown/Missing",NA,NA,"No","14APR2014","Monday","Bicyclist Left Turn / Merge",21,"Non-Intersection","April","B: Evident Injury",76800,"Bicyclist Left Turn - Same Direction",2014,"Yes","Yes","Dark - Lighted Roadway","Straight - Level","Local Street","Dry","Two-Way, Not Divided","None","No Special Feature","Coarse Asphalt",0,1,0,0,0,1,0,"2 lanes",2,0.023,"WRIGHT AVE",40001409,"FAMILY ST"
1441,171,"Greenville","Pitt","Coastal","Commercial","Urban (>70% Developed)","PVA 211 E ARLINGTON BV","Urban","30 - 35  MPH","No Control Present","Clear","No",19,"16-19",NA,"No","Facing Traffic","C: Possible Injury","Sidewalk / Crosswalk / Driveway Crossing","Black","Female",26,"25-29",NA,"No","0-5 mph","O: No Injury","White","Female","Passenger Car","No","01MAY2014","Thursday","Motorist Failed to Yield - Midblock",12,"Non-Intersection","May","C: Possible Injury",45120,"Motorist Drive Out - Commercial Driveway / Alley",2014,"Yes","No","Daylight","Straight - Level","Local Street","Dry","Two-Way, Not Divided","None","No Special Feature","Smooth Asphalt",0,0,1,0,0,1,0,"5 lanes",2,0.001,"E ARLINGTON BV",0,"CLIFTON CI"
1442,179,"Raleigh","Wake","Piedmont","Commercial","Urban (>70% Developed)","HILLSBOROUGH ST","Urban","5 - 15 MPH","No Control Present","Cloudy","No",23,"20-24",NA,"No","Facing Traffic","C: Possible Injury","Sidewalk / Crosswalk / Driveway Crossing","White","Female",39,"30-39",NA,"No","0-5 mph","O: No Injury","White","Female","Van","No","07MAY2014","Wednesday","Motorist Failed to Yield - Midblock",11,"Non-Intersection","May","C: Possible Injury",40920,"Motorist Drive Out - Commercial Driveway / Alley",2014,"Yes","No","Daylight","Straight - Level","Public Vehicular Area","Dry","Two-Way, Divided, Unprotected Median","None","No Special Feature","Smooth Asphalt",0,0,1,0,0,1,0,"3 lanes",2,0.119,"OBERLIN RD",50014055,"FOREST DR"
1443,180,"None - Rural Crash","Caldwell","Mountains","Residential","Mixed (30% To 70% Developed)","SR 1233","Rural","20 - 25  MPH","No Control Present","Clear","No",NA,NA,NA,"No","With Traffic","B: Evident Injury","Travel Lane","White","Male",41,"40-49",NA,"No","11-15 mph","O: No Injury","White","Female","Sport Utility","No","03MAY2014","Saturday","Crossing Paths - Other Circumstances",10,"Intersection","May","B: Evident Injury",36120,"Crossing Paths - Uncontrolled Intersection",2014,"No","No","Daylight","Straight - Level","State Secondary Route","Dry","Two-Way, Not Divided","None","T-Intersection","Coarse Asphalt",0,1,0,0,0,1,0,"2 lanes",2,0,"GENTRY CIR",40001233,"1115"
1444,181,"Lumberton","Robeson","Coastal","Residential","Urban (>70% Developed)","7TH ST","Urban","30 - 35  MPH","Double Yellow Line, No Passing Zone","Clear","No",NA,"70+",NA,"No","Facing Traffic","B: Evident Injury","Travel Lane","White","Male",47,"40-49",NA,"No","31-35 mph","O: No Injury","Black","Male","Passenger Car","No","28MAR2014","Friday","Head-On",15,"Non-Intersection","March","B: Evident Injury",54180,"Head-On - Bicyclist",2014,"No","No","Daylight","Straight - Grade","Local Street","Dry","Two-Way, Not Divided","None","No Special Feature","Coarse Asphalt",0,1,0,0,0,1,0,"2 lanes",2,0.004,"MCNEIL ST",40002104,"GODWIN AVE"
1445,184,"None - Rural Crash","Catawba","Piedmont","Farms, Woods, Pastures","Rural (<30% Developed)","SR 1849","Rural","40 - 45  MPH","Stop Sign","Clear","No",14,"11-15",NA,"No","With Traffic","O: No Injury","Travel Lane","Black","Male",61,"60-69",NA,"No","31-35 mph","O: No Injury","White","Male","Passenger Car","No","28APR2014","Monday","Bicyclist Failed to Yield - Sign-Controlled Intersection",13,"Intersection","April","O: No Injury",49560,"Bicyclist Ride Through - Sign-Controlled Intersection",2014,"No","No","Daylight","Curve - Level","State Secondary Route","Dry","Two-Way, Not Divided","None","T-Intersection","Smooth Asphalt",0,0,0,0,1,1,0,"2 lanes",2,0,"1851",40001849,"1863"
1446,187,"Raleigh","Wake","Piedmont","Commercial","Urban (>70% Developed)","E EDENTON ST","Urban","30 - 35  MPH","Stop And Go Signal","Clear","No",28,"25-29",NA,"No","With Traffic","O: No Injury","Travel Lane","White","Male",35,"30-39",NA,"No","21-25 mph","O: No Injury","White","Male","Passenger Car","No","05MAY2014","Monday","Bicyclist Failed to Yield - Signalized Intersection",18,"Intersection","May","O: No Injury",67500,"Bicyclist Ride Through - Signalized Intersection",2014,"No","No","Daylight","Straight - Level","Local Street","Dry","One-Way, Not Divided","None","Four-Way Intersection","Smooth Asphalt",0,0,0,0,1,1,0,"6 lanes",2,0,"PERSON ST",40002298,"S BLOUNT ST"
1447,189,"Weddington","Union","Piedmont","Residential","Mixed (30% To 70% Developed)","SR 1344","Urban","40 - 45  MPH","Double Yellow Line, No Passing Zone","Clear","No",49,"40-49",NA,"No","With Traffic","B: Evident Injury","Travel Lane","White","Male",NA,"70+",NA,"No","31-35 mph","O: No Injury","White","Male","Van","No","07MAY2014","Wednesday","Motorist Overtaking Bicyclist",19,"Non-Intersection","May","B: Evident Injury",70500,"Motorist Overtaking - Other / Unknown",2014,"Yes","No","Daylight","Straight - Level","State Secondary Route","Dry","Two-Way, Not Divided","None","No Special Feature","Smooth Asphalt",0,1,0,0,0,1,0,"2 lanes",2,0.02,"2512",40001344,"1345"
1448,191,"Raleigh","Wake","Piedmont","Commercial","Urban (>70% Developed)","GORMAN ST","Urban","30 - 35  MPH","Stop Sign","Clear","No",22,"20-24",NA,"No","With Traffic","C: Possible Injury","Travel Lane","Other","Male",68,"60-69",NA,"No","26-30 mph","O: No Injury","Black","Male","Passenger Car","No","17MAY2014","Saturday","Bicyclist Failed to Yield - Sign-Controlled Intersection",14,"Intersection","May","C: Possible Injury",50880,"Bicyclist Ride Through - Sign-Controlled Intersection",2014,"Yes","No","Daylight","Straight - Level","Local Street","Dry","Two-Way, Not Divided","None","No Special Feature","Concrete",0,0,1,0,0,1,0,"2 lanes",2,0,"LEXINGTON DR",50012171,"WESTERN BLVD"
1449,196,"Cary","Wake","Piedmont","Residential","Urban (>70% Developed)","NW CARY PKWY","Urban","40 - 45  MPH","No Control Present","Clear","No",31,"30-39",NA,"No","With Traffic","O: No Injury","Travel Lane","White","Female",32,"30-39",NA,"No",NA,"O: No Injury","White","Female","Passenger Car","No","29APR2014","Tuesday","Bicyclist Overtaking Motorist",18,"Non-Intersection","April","O: No Injury",66120,"Bicyclist Overtaking - Other / Unknown",2014,"No","No","Daylight","Straight - Level","State Secondary Route","Dry","Two-Way, Divided, Unprotected Median","None","No Special Feature","Smooth Asphalt",0,0,0,0,1,1,0,"4 lanes",2,0.1,"HIGH HOUSE RD",40003112,"SUMMER LAKES"
1450,209,"Wilmington",NA,"Coastal","Commercial","Urban (>70% Developed)","4400 MARKET ST","Urban","5 - 15 MPH","Stop And Go Signal","Cloudy","No",25,"25-29",NA,"No","Facing Traffic","C: Possible Injury","Sidewalk / Crosswalk / Driveway Crossing","Black","Male",NA,"70+",NA,"No","11-15 mph","O: No Injury","Black","Male","Passenger Car","No","15MAY2014","Thursday","Motorist Failed to Yield - Midblock",17,"Non-Intersection","May","C: Possible Injury",61260,"Motorist Drive Out - Commercial Driveway / Alley",2014,"No","No","Daylight","Straight - Level","Local Street","Dry","Two-Way, Not Divided","None","No Special Feature","Coarse Asphalt",0,0,1,0,0,1,0,"4 lanes",2,0.23,"BARCLAY HILLS DR",29000017,"S KERR AVE"