"...1","object_id","city","county","region","development","locality","on_road","rural_urban","speed_limit","traffic_control","weather","workzone","bike_age","bike_age_group","bike_alcohol","bike_alcohol_drugs","bike_direction","bike_injury","bike_position","bike_race","bike_sex","driver_age","driver_age_group","driver_alcohol","driver_alcohol_drugs","driver_est_speed","driver_injury","driver_race","driver_sex","driver_vehicle_type","crash_alcohol","crash_date","crash_day","crash_group","crash_hour","crash_location","crash_month","crash_severity","crash_time","crash_type","crash_year","ambulance_req","hit_run","light_condition","road_character","road_class","road_condition","road_configuration","road_defects","road_feature","road_surface","num_bikes_ai","num_bikes_bi","num_bikes_ci","num_bikes_ki","num_bikes_no","num_bikes_to","num_bikes_ui","num_lanes","num_units","distance_mi_from","frm_road","rte_invd_cd","towrd_road"
1451,214,"None - Rural Crash","Onslow","Coastal","Farms, Woods, Pastures","Rural (<30% Developed)","SR 1434","Rural","50 - 55  MPH","Double Yellow Line, No Passing Zone","Clear","No",30,"30-39",NA,"No","With Traffic","C: Possible Injury","Other","White","Male",59,"50-59",NA,"No","41-45 mph","O: No Injury","White","Male","Pickup","No","12MAY2014","Monday","Motorist Overtaking Bicyclist",21,"Non-Intersection","May","C: Possible Injury",78900,"Motorist Overtaking - Other / Unknown",2014,"No","No","Dark - Roadway Not Lighted","Straight - Level","State Secondary Route","Dry","Two-Way, Not Divided","None","No Special Feature","Smooth Asphalt",0,0,1,0,0,1,0,"2 lanes",2,0.1,"1444",40001434,"1443"
1452,218,"Surf City","Pender","Coastal","Commercial","Mixed (30% To 70% Developed)","ROLAND AVE","Rural","30 - 35  MPH","Stop And Go Signal","Clear","No",10,"6-10",NA,"No","With Traffic","C: Possible Injury","Travel Lane","White","Male",20,"20-24",NA,"No","31-35 mph","O: No Injury","White","Male","Passenger Car","No","01JUN2014","Sunday","Bicyclist Failed to Yield - Signalized Intersection",13,"Intersection","June","C: Possible Injury",46800,"Bicyclist Ride Through - Signalized Intersection",2014,"No","No","Daylight","Straight - Level","Local Street","Dry","Two-Way, Divided, Unprotected Median","None","Four-Way Intersection","Coarse Asphalt",0,0,1,0,0,1,0,"3 lanes",2,0,"S TOPSAIL DR",0,"N TOPSAIL DR"
1453,228,"Durham","Durham","Piedmont","Commercial","Urban (>70% Developed)","MOREHEAD AVE","Urban","30 - 35  MPH","Stop Sign","Clear","No",13,"11-15",NA,"No","Facing Traffic","C: Possible Injury","Travel Lane","Black","Male",37,"30-39",NA,"No","0-5 mph","O: No Injury","Hispanic","Male","Light Truck (Mini-Van, Panel)","No","01JUN2014","Sunday","Motorist Failed to Yield - Sign-Controlled Intersection",21,"Intersection","June","C: Possible Injury",78600,"Motorist Drive Out - Sign-Controlled Intersection",2014,"Yes","No","Dark - Lighted Roadway","Straight - Level","Local Street","Dry","Two-Way, Not Divided","None","No Special Feature","Coarse Asphalt",0,0,1,0,0,1,0,"2 lanes",2,0,"ROSEDALE AVE",40001127,"CHAPEL HILL RD"
1454,231,"Raleigh","Wake","Piedmont","Residential","Urban (>70% Developed)","E MARTIN ST","Urban","30 - 35  MPH","Stop Sign","Clear","No",7,"6-10",NA,"No","With Traffic","B: Evident Injury","Travel Lane","Black","Male",NA,"70+",NA,"No","26-30 mph","O: No Injury","Black","Male","Light Truck (Mini-Van, Panel)","No","29MAY2014","Thursday","Bicyclist Failed to Yield - Sign-Controlled Intersection",18,"Intersection","May","B: Evident Injury",65040,"Bicyclist Ride Through - Sign-Controlled Intersection",2014,"Yes","No","Daylight","Straight - Hillcrest","Local Street","Dry","Two-Way, Not Divided","Non-Highway Work","No Special Feature","Grooved Concrete",0,1,0,0,0,1,0,"2 lanes",2,0,"E MARTIN ST",50019046,"PARRISH ST"
1455,237,"Raleigh","Wake","Piedmont","Residential","Urban (>70% Developed)","PVA 3302 NEW BERN RIDGE DR","Urban","20 - 25  MPH","No Control Present","Clear","No",5,"0-5",NA,"No","Not Applicable","B: Evident Injury","Non-Roadway","Black","Male",26,"25-29",NA,"No","11-15 mph","O: No Injury","Black","Female","Passenger Car","No","05JUN2014","Thursday","Non-Roadway",20,"Non-Roadway","June","B: Evident Injury",73380,"Non-Roadway",2014,"Yes","No","Dark - Lighted Roadway","Straight - Level","Public Vehicular Area","Dry","Two-Way, Not Divided","None","Driveway, Public","Smooth Asphalt",0,1,0,0,0,1,0,NA,2,0.002,"PRIDWEN CIR",0,"KELLY AUSTIN DR"
1456,238,"None - Rural Crash","Dare","Coastal","Residential","Urban (>70% Developed)","SR 1217","Rural","30 - 35  MPH","Double Yellow Line, No Passing Zone","Clear","No",21,"20-24",NA,"No","With Traffic","B: Evident Injury","Travel Lane","White","Male",43,"40-49",NA,"No","31-35 mph","O: No Injury","White","Male","Pickup","No","23MAY2014","Friday","Motorist Left Turn / Merge",9,"Intersection","May","B: Evident Injury",32940,"Motorist Left Turn - Opposite Direction",2014,"Yes","No","Daylight","Straight - Level","State Secondary Route","Dry","Two-Way, Not Divided","None","T-Intersection","Coarse Asphalt",0,2,0,0,0,2,0,"2 lanes",3,0,"COLINGTON DRIVE",40001217,"KNIGHT COURT"
1457,241,"Greensboro","Guilford","Piedmont","Commercial","Urban (>70% Developed)","E FRIENDLY AV","Urban","30 - 35  MPH","Stop And Go Signal","Clear","No",51,"50-59",NA,"No","Facing Traffic","B: Evident Injury","Travel Lane","Hispanic","Male",56,"50-59",NA,"No","21-25 mph","O: No Injury","White","Male","Passenger Car","No","10JUN2014","Tuesday","Bicyclist Failed to Yield - Signalized Intersection",16,"Intersection","June","B: Evident Injury",60120,"Bicyclist Ride Through - Signalized Intersection",2014,"Yes","No","Daylight","Straight - Level","Local Street","Dry","Two-Way, Divided, Unprotected Median","None","No Special Feature","Smooth Asphalt",0,1,0,0,0,1,0,"2 lanes",2,0,"N MURROW BLVD",50011215,"REGAN ST"
1458,242,"Lumberton","Robeson","Coastal","Commercial","Urban (>70% Developed)","ROBERTS AVE","Urban","40 - 45  MPH","No Control Present","Cloudy","No",35,"30-39",NA,"No","Facing Traffic","Unknown Injury","Bike Lane / Paved Shoulder","Unknown/Missing",NA,NA,NA,NA,"Missing","6-10 mph","Unknown Injury","Unknown/Missing",NA,NA,"No","27MAY2014","Tuesday","Motorist Failed to Yield - Midblock",22,"Non-Intersection","May","Unknown Injury",81960,"Motorist Drive Out - Commercial Driveway / Alley",2014,"No","Yes","Dark - Lighted Roadway","Straight - Level","Local Street","Wet","Two-Way, Not Divided","None","No Special Feature","Coarse Asphalt",0,0,0,0,0,1,1,"5 lanes",2,0.063,"MIDDLE ST",50026121,"MCPHAIL RD"
1459,243,"Raleigh","Wake","Piedmont","Residential","Urban (>70% Developed)","N NEW HOPE RD","Urban","20 - 25  MPH","No Control Present","Clear","No",24,"20-24",NA,"No","Facing Traffic","C: Possible Injury","Sidewalk / Crosswalk / Driveway Crossing","Hispanic","Male",NA,NA,NA,"Missing","6-10 mph","Unknown Injury","Unknown/Missing",NA,"Sport Utility","No","11JUN2014","Wednesday","Motorist Failed to Yield - Midblock",14,"Non-Intersection","June","C: Possible Injury",53760,"Motorist Drive Out - Residential Driveway",2014,"Yes","Yes","Dusk","Straight - Level","Public Vehicular Area","Dry","Two-Way, Not Divided","None","No Special Feature","Coarse Asphalt",0,0,1,0,0,1,0,"2 lanes",2,0.107,"HOLLENDEN DR",40002108,"CAPIITAL BLVD"
1460,248,"Durham","Durham","Piedmont","Residential","Urban (>70% Developed)","E GEER ST","Urban",NA,"Stop And Go Signal","Cloudy","No",28,"25-29",NA,"No","With Traffic","C: Possible Injury","Sidewalk / Crosswalk / Driveway Crossing","White","Female",NA,NA,NA,"Missing",NA,"Unknown Injury","Unknown/Missing",NA,"Passenger Car","No","15JUN2014","Sunday","Motorist Left Turn / Merge",21,"Intersection","June","C: Possible Injury",76080,"Motorist Left Turn - Opposite Direction",2014,"No","Yes","Dark - Lighted Roadway","Straight - Level","Local Street","Dry","Two-Way, Not Divided","None","Four-Way Intersection","Smooth Asphalt",0,0,1,0,0,1,0,"2 lanes",2,0,"N ROXBORO RD",40001670,NA
1461,253,"None - Rural Crash","Moore","Piedmont","Commercial","Rural (<30% Developed)","SR 2077","Rural","40 - 45  MPH","No Control Present","Clear","No",43,"40-49",NA,"No","With Traffic","B: Evident Injury","Travel Lane","White","Male",24,"20-24",NA,"No","41-45 mph","O: No Injury","White","Male","Single Unit Truck (2-Axle, 6-Tire)","No","02JUN2014","Monday","Motorist Overtaking Bicyclist",7,"Non-Intersection","June","B: Evident Injury",28320,"Motorist Overtaking - Other / Unknown",2014,"Yes","No","Daylight","Straight - Level","State Secondary Route","Dry","Two-Way, Not Divided","None","No Special Feature","Coarse Asphalt",0,1,0,0,0,1,0,"2 lanes",2,1.5,"211",40002077,"0"
1462,259,"Greenville","Pitt","Coastal","Institutional","Urban (>70% Developed)","S PITT ST","Urban","20 - 25  MPH","Stop And Go Signal","Clear","No",21,"20-24",NA,"No","With Traffic","C: Possible Injury","Sidewalk / Crosswalk / Driveway Crossing","Other","Female",65,"60-69",NA,"No","16-20 mph","O: No Injury","White","Male","Pickup","No","13JUN2014","Friday","Loss of Control / Turning Error",12,"Intersection","June","C: Possible Injury",44400,"Bicyclist Lost Control - Mechanical Problems",2014,"Yes","No","Daylight","Straight - Level","Local Street","Dry","One-Way, Not Divided","None","No Special Feature","Smooth Asphalt",0,0,1,0,0,1,0,"2 lanes",2,0.002,"E 5TH ST",50024334,"E 4TH ST"
1463,261,"None - Rural Crash","Cleveland","Mountains","Institutional","Mixed (30% To 70% Developed)","198","Rural","40 - 45  MPH","Double Yellow Line, No Passing Zone","Clear","No",52,"50-59",NA,"No","With Traffic","B: Evident Injury","Travel Lane","White","Male",NA,NA,NA,"Missing","21-25 mph","Unknown Injury","Unknown/Missing",NA,NA,"No","04JUN2014","Wednesday","Motorist Left Turn / Merge",22,"Intersection","June","B: Evident Injury",81960,"Motorist Left Turn - Opposite Direction",2014,"Yes","Yes","Dark - Roadway Not Lighted","Straight - Level","NC Route","Dry","Two-Way, Not Divided","None","T-Intersection","Coarse Asphalt",0,1,0,0,0,1,0,"2 lanes",2,0,"2226",30000198,"2213"
1464,283,"Charlotte","Mecklenburg","Piedmont","Residential","Rural (<30% Developed)","PVA 7029 FERNWOOD DRIVE","Urban","5 - 15 MPH","No Control Present","Clear","No",7,"6-10",NA,"No","Not Applicable","C: Possible Injury","Non-Roadway","Black","Male",32,"30-39",NA,"No","0-5 mph","O: No Injury","White","Male","Passenger Car","No","25JUN2014","Wednesday","Non-Roadway",18,"Non-Roadway","June","C: Possible Injury",67920,"Non-Roadway",2014,"Yes","No","Daylight","Straight - Level","Public Vehicular Area","Dry","Two-Way, Not Divided","None","No Special Feature","Smooth Asphalt",0,0,1,0,0,1,0,"2 lanes",2,0.379,"THERMAL ROAD",0,NA
1465,301,"Greensboro","Guilford","Piedmont","Commercial","Urban (>70% Developed)","RANDLEMAN RD","Urban","5 - 15 MPH","No Control Present","Clear","No",NA,"70+",NA,"No","Not Applicable","K: Killed","Travel Lane","Black","Male",57,"50-59",NA,"No","26-30 mph","O: No Injury","Black","Male","Single Unit Truck (2-Axle, 6-Tire)","No","20JUN2014","Friday","Crossing Paths - Other Circumstances",10,"Intersection","June","K: Killed",38640,"Crossing Paths - Uncontrolled Intersection",2014,"Yes","No","Daylight","Straight - Grade","Local Street","Dry","Two-Way, Not Divided","None","No Special Feature","Smooth Asphalt",0,0,0,1,0,1,0,"6 lanes",2,0,"DOUGHERTY",40001007,"MEADOWVIEW RD"
1466,308,"None - Rural Crash","Union","Piedmont","Farms, Woods, Pastures","Rural (<30% Developed)","SR 1137","Rural","40 - 45  MPH","Double Yellow Line, No Passing Zone","Clear","No",23,"20-24",NA,"Yes-Alcohol,  impairment suspected","With Traffic","B: Evident Injury","Travel Lane","White","Male",NA,NA,NA,NA,"31-35 mph","Unknown Injury","Unknown/Missing",NA,NA,"Yes","27JUN2014","Friday","Loss of Control / Turning Error",12,"Non-Intersection","June","B: Evident Injury",44700,"Motorist Lost Control - Other / Unknown",2014,"Yes","Yes","Dark - Roadway Not Lighted","Straight - Level","State Secondary Route","Dry","Two-Way, Not Divided","None","No Special Feature","Smooth Asphalt",0,1,0,0,0,1,0,"2 lanes",2,0.01,"1111",40001137,"1147"
1467,311,"Holden Beach","Brunswick","Coastal","Commercial","Urban (>70% Developed)","SR 1116","Rural","30 - 35  MPH","No Control Present","Clear","No",32,"30-39",NA,"No","With Traffic","B: Evident Injury","Travel Lane","White","Male",19,"0-19",NA,"No","6-10 mph","O: No Injury","White","Female","Passenger Car","No","08JUN2014","Sunday","Motorist Left Turn / Merge",7,"Intersection","June","B: Evident Injury",28560,"Motorist Left Turn - Same Direction",2014,"No","No","Daylight","Straight - Level","State Secondary Route","Dry","Two-Way, Not Divided","None","T-Intersection","Coarse Asphalt",0,1,0,0,0,1,0,"2 lanes",2,0,"130",40001116,"ROTHSCHILD ST"
1468,322,"Greensboro","Guilford","Piedmont","Commercial","Urban (>70% Developed)","S EUGENE ST","Urban","30 - 35  MPH","Stop And Go Signal","Clear","No",28,"25-29",NA,"No","With Traffic","B: Evident Injury","Travel Lane","Black","Male",19,"0-19",NA,"No","31-35 mph","O: No Injury","Black","Female","Passenger Car","No","13JUL2014","Sunday","Motorist Failed to Yield - Signalized Intersection",16,"Intersection","July","B: Evident Injury",61140,"Motorist Drive Through - Signalized Intersection",2014,"Yes","No","Daylight","Straight - Level","Local Street","Dry","Two-Way, Divided, Unprotected Median","None","Four-Way Intersection","Smooth Asphalt",0,1,0,0,0,1,0,"5 lanes",2,0,"MCGEE ST",50009934,"LEE ST"
1469,323,"Charlotte","Mecklenburg","Piedmont","Commercial","Urban (>70% Developed)","PVA 8445 DAVIS LAKE PY","Urban","5 - 15 MPH","Stop Sign","Clear","No",17,"16-19",NA,"No","Not Applicable","B: Evident Injury","Sidewalk / Crosswalk / Driveway Crossing","White","Male",26,"25-29",NA,"No","6-10 mph","O: No Injury","Hispanic","Male","Sport Utility","No","06JUL2014","Sunday","Non-Roadway",17,"Non-Roadway","July","B: Evident Injury",61200,"Non-Roadway",2014,"No","No","Daylight","Straight - Grade","Public Vehicular Area","Dry","Two-Way, Not Divided","Other","Driveway, Public","Smooth Asphalt",0,1,0,0,0,1,0,"2 lanes",2,0,"UNIVERSITY STATION CR",0,NA
1470,326,"Franklin","Macon","Mountains","Commercial","Urban (>70% Developed)","US 441","Rural","40 - 45  MPH","Stop And Go Signal","Clear","No",17,"16-19",NA,"No","With Traffic","A: Disabling Injury","Sidewalk / Crosswalk / Driveway Crossing","White","Male",25,"25-29",NA,"No","11-15 mph","O: No Injury","White","Female","Van","No","17JUL2014","Thursday","Motorist Left Turn / Merge",22,"Intersection","July","A: Disabling Injury",79380,"Motorist Left Turn - Opposite Direction",2014,"Yes","No","Dark - Roadway Not Lighted","Straight - Level","US Route","Dry","Two-Way, Not Divided","None","Four-Way Intersection","Smooth Asphalt",1,0,0,0,0,1,0,"5 lanes",2,0,"LAKESIDE DRIVE",29000441,"WATAUGA STREET"
1471,335,"Greenville","Pitt","Coastal","Residential","Urban (>70% Developed)","MILLBROOK ST","Urban","40 - 45  MPH","No Control Present","Clear","No",57,"50-59",NA,"Yes- Alcohol and Drugs, impairment suspected","With Traffic","C: Possible Injury","Travel Lane","White","Male",NA,NA,NA,"Missing","41-45 mph","Unknown Injury","Unknown/Missing",NA,NA,"Yes","13JUL2014","Sunday","Motorist Overtaking Bicyclist",21,"Intersection-Related","July","C: Possible Injury",76560,"Motorist Overtaking - Other / Unknown",2014,"No","Yes","Dusk","Straight - Level","Local Street","Dry","Two-Way, Not Divided","None","No Special Feature","Coarse Asphalt",0,0,1,0,0,1,0,"2 lanes",2,0.005,"HOOKER RD",0,"PINE ST"
1472,336,"Gastonia","Gaston","Piedmont","Residential","Mixed (30% To 70% Developed)","SPENCER AVE","Urban","30 - 35  MPH","No Control Present","Clear","No",27,"25-29",NA,"No","With Traffic","C: Possible Injury","Travel Lane","White","Male",NA,NA,NA,"Missing","11-15 mph","Unknown Injury","Unknown/Missing",NA,NA,"No","04JUN2014","Wednesday","Motorist Overtaking Bicyclist",21,"Non-Intersection","June","C: Possible Injury",77820,"Motorist Overtaking - Other / Unknown",2014,"No","Yes","Dark - Lighted Roadway","Straight - Level","Local Street","Dry","Two-Way, Divided, Unprotected Median","None","No Special Feature","Smooth Asphalt",0,0,1,0,0,1,0,"2 lanes",2,0.011,"HILLCREST AVE",0,"MILLER ST"
1473,338,"None - Rural Crash","Robeson","Coastal","Farms, Woods, Pastures","Rural (<30% Developed)","PP KELSEY DR","Rural","5 - 15 MPH","No Control Present","Clear","No",22,"20-24",NA,"No","Facing Traffic","C: Possible Injury","Travel Lane","Native American","Male",42,"40-49",NA,"No","0-5 mph","O: No Injury","Native American","Male","Passenger Car","No","05JUN2014","Thursday","Motorist Failed to Yield - Sign-Controlled Intersection",7,"Intersection","June","C: Possible Injury",27780,"Motorist Drive Out - Sign-Controlled Intersection",2014,"Yes","No","Daylight","Straight - Level","NC Route","Dry","Two-Way, Not Divided","None","Driveway, Private","Coarse Asphalt",0,0,1,0,0,1,0,"2 lanes",2,0.6,"2110",0,"2109"
1474,342,"Greenville","Pitt","Coastal","Institutional","Urban (>70% Developed)","S WASHINGTON ST","Urban","30 - 35  MPH","No Control Present","Cloudy","No",28,"25-29",NA,"No","Facing Traffic","A: Disabling Injury","Sidewalk / Crosswalk / Driveway Crossing","White","Male",29,"25-29",NA,"No","0-5 mph","O: No Injury","White","Female","Light Truck (Mini-Van, Panel)","No","24JUL2014","Thursday","Motorist Failed to Yield - Midblock",9,"Non-Intersection","July","A: Disabling Injury",32400,"Motorist Drive Out - Commercial Driveway / Alley",2014,"Yes","No","Daylight","Straight - Level","Local Street","Dry","Two-Way, Not Divided","None","Driveway, Public","Coarse Asphalt",1,0,0,0,0,1,0,"2 lanes",2,0.018,"W 5TH ST",50032162,"W 4TH ST"
1475,345,"Smithfield","Johnston","Coastal","Commercial","Urban (>70% Developed)","SR 1913","Urban","40 - 45  MPH","No Control Present","Clear","No",52,"50-59",NA,"No","With Traffic","Unknown Injury","Travel Lane","Black","Male",17,"0-19",NA,"No","31-35 mph","O: No Injury","Black","Male","Passenger Car","No","12JUN2014","Thursday","Motorist Overtaking Bicyclist",14,"Non-Intersection","June","O: No Injury",51480,"Motorist Overtaking - Bicyclist Swerved",2014,"Yes","No","Daylight","Straight - Level","State Secondary Route","Dry","Two-Way, Not Divided","None","No Special Feature","Coarse Asphalt",0,0,0,0,0,1,1,"2 lanes",2,0.095,"70",40001913,"HAMILTON DR"
1476,348,"Durham","Durham","Piedmont","Residential","Urban (>70% Developed)","CARPENTER FLETCHER RD","Urban","30 - 35  MPH","Stop Sign","Clear","No",50,"50-59",NA,"No","With Traffic","C: Possible Injury","Travel Lane","White","Male",40,"40-49",NA,"No","0-5 mph","O: No Injury","Black","Female","Passenger Car","No","25JUL2014","Friday","Bicyclist Overtaking Motorist",14,"Intersection-Related","July","C: Possible Injury",50580,"Bicyclist Overtaking - Parked Vehicle",2014,"Yes","No","Daylight","Straight - Level","Local Street","Dry","Two-Way, Not Divided","None","T-Intersection","Smooth Asphalt",0,0,1,0,0,1,0,"2 lanes",2,0,"BARBEE RD",50001634,NA
1477,350,"Raleigh","Wake","Piedmont","Commercial","Urban (>70% Developed)","FAYETTEVILLE ST","Urban","30 - 35  MPH","No Control Present","Rain","No",24,"20-24",NA,"No","With Traffic","B: Evident Injury","Travel Lane","White","Male",52,"50-59",NA,"No","0-5 mph","O: No Injury","White","Female","Sport Utility","No","21JUL2014","Monday","Parking / Bus-Related",16,"Non-Intersection","July","B: Evident Injury",58860,"Motorist Drive In / Out - Parking",2014,"Yes","No","Daylight","Straight - Level","Local Street","Wet","Two-Way, Not Divided","None","No Special Feature","Smooth Asphalt",0,1,0,0,0,1,0,"2 lanes",2,0.054,"W MARTIN ST",50010335,"W DAVIE ST"
1478,352,"Greensboro","Guilford","Piedmont","Residential","Urban (>70% Developed)","HIGHLAND AV","Urban","20 - 25  MPH","Stop Sign","Clear","No",21,"20-24",NA,"No",NA,"C: Possible Injury","Travel Lane","Black","Male",45,"40-49",NA,"No","21-25 mph","O: No Injury","Black","Male","Passenger Car","No","28JUL2014","Monday","Bicyclist Failed to Yield - Sign-Controlled Intersection",14,"Intersection","July","C: Possible Injury",52320,"Bicyclist Ride Through - Sign-Controlled Intersection",2014,"Yes","No","Daylight","Straight - Bottom","Local Street","Dry","Two-Way, Not Divided","None","Four-Way Intersection","Coarse Asphalt",0,0,1,0,0,1,0,"2 lanes",2,0,"HERTFORD ST",50013978,"HAYWOOD ST"
1479,355,"Wilmington","New Hanover","Coastal","Residential","Urban (>70% Developed)","PRINCESS PLACE DR","Urban","30 - 35  MPH","Stop Sign","Clear","No",41,"40-49",NA,NA,"Facing Traffic","B: Evident Injury","Bike Lane / Paved Shoulder","White","Male",25,"25-29",NA,NA,"0-5 mph","Unknown Injury","White","Male","Passenger Car","No","27JUN2014","Friday","Motorist Failed to Yield - Sign-Controlled Intersection",19,"Intersection","June","B: Evident Injury",70200,"Motorist Drive Out - Sign-Controlled Intersection",2014,"No","No","Daylight","Straight - Level","Local Street","Dry","Two-Way, Not Divided","None","Four-Way Intersection","Smooth Asphalt",0,1,0,0,0,1,0,"2 lanes",2,0,"KENWOOD AVE",40001301,"23RD ST"
1480,356,"Boone","Watauga","Mountains","Commercial","Urban (>70% Developed)","BLOWING ROCK RD","Urban","5 - 15 MPH","Other","Clear","No",21,"20-24",NA,"No","With Traffic","C: Possible Injury","Sidewalk / Crosswalk / Driveway Crossing","White","Male",NA,NA,NA,"Missing","16-20 mph","O: No Injury","White","Female","Sport Utility","No","26JUL2014","Saturday","Motorist Right Turn / Merge",6,"Non-Intersection","July","C: Possible Injury",23100,"Motorist Right Turn - Same Direction",2014,"Yes","Yes","Daylight","Straight - Level","US Route","Dry","Two-Way, Not Divided","None","Driveway, Public","Coarse Asphalt",0,0,1,0,0,1,0,"5 lanes",2,0.047,"105",20000321,"HIGHLAND AVE"
1481,357,"Raleigh","Wake","Piedmont","Commercial","Urban (>70% Developed)","PVA 1707 HILLSBOROUGH ST","Urban","5 - 15 MPH","No Control Present","Clear","No",30,"30-39",NA,"No","With Traffic","C: Possible Injury","Bike Lane / Paved Shoulder","White","Male",67,"60-69",NA,"No","6-10 mph","O: No Injury","Black","Female","Passenger Car","No","04JUL2014","Friday","Motorist Right Turn / Merge",12,"Non-Intersection","July","C: Possible Injury",44100,"Motorist Right Turn - Same Direction",2014,"No","No","Daylight","Straight - Level","Local Street","Dry","Two-Way, Not Divided","None","No Special Feature","Smooth Asphalt",0,0,1,0,0,1,0,"2 lanes",2,0,"HILLSBOROUGH ST",0,"ASHE AVE"
1482,368,"Fayetteville","Cumberland","Coastal","Residential","Urban (>70% Developed)","PVA 818 ENGLISH CT","Urban","5 - 15 MPH","No Control Present","Cloudy","No",5,"0-5",NA,"No","Not Applicable","C: Possible Injury","Non-Roadway","Black","Female",21,"20-24",NA,"No","0-5 mph","O: No Injury","White","Male","Pickup","No","08JUN2014","Sunday","Non-Roadway",17,"Non-Roadway","June","C: Possible Injury",63000,"Non-Roadway",2014,"No","No","Daylight","Straight - Level","Public Vehicular Area","Dry","One-Way, Not Divided","None","No Special Feature","Smooth Asphalt",0,0,1,0,0,1,0,NA,2,0,"ENGLISH CT",0,"MONTCLAIR RD"
1483,370,"None - Rural Crash","Hoke","Coastal","Farms, Woods, Pastures","Rural (<30% Developed)","1406","Rural","50 - 55  MPH","Double Yellow Line, No Passing Zone","Clear","No",14,"11-15",NA,"No","With Traffic","B: Evident Injury","Travel Lane","Black","Male",63,"60-69",NA,"No","51-55 mph","O: No Injury","Black","Female","Passenger Car","No","24JUL2014","Thursday","Motorist Overtaking Bicyclist",14,"Non-Intersection","July","B: Evident Injury",50400,"Motorist Overtaking - Other / Unknown",2014,"Yes","No","Daylight","Straight - Bottom","State Secondary Route","Dry","Two-Way, Not Divided","None","No Special Feature","Coarse Asphalt",0,1,0,0,0,1,0,"2 lanes",2,0.23,"1412",40001406,"1414"
1484,379,"Greensboro","Guilford","Piedmont","Residential","Mixed (30% To 70% Developed)","COTSALD AV","Urban","30 - 35  MPH","Stop And Go Signal","Clear","No",56,"50-59",NA,"No","Facing Traffic","C: Possible Injury","Sidewalk / Crosswalk / Driveway Crossing","White","Male",28,"25-29",NA,"No","0-5 mph","O: No Injury","White","Female","Passenger Car","No","29JUL2014","Tuesday","Motorist Failed to Yield - Signalized Intersection",12,"Intersection","July","C: Possible Injury",44280,"Motorist Drive Out - Right Turn on Red",2014,"Yes","No","Daylight","Straight - Level","Local Street","Dry","Two-Way, Divided, Unprotected Median","None","Four-Way Intersection","Coarse Asphalt",0,0,1,0,0,1,0,"3 lanes",2,0,"OLD BATTLEGROUND AV",0,"BATTLEGROUND AV"
1485,386,"High Point","Guilford","Piedmont","Residential","Rural (<30% Developed)","MODEL FARM RD","Urban","30 - 35  MPH","Double Yellow Line, No Passing Zone","Clear","No",38,"30-39",NA,"No","With Traffic","B: Evident Injury","Travel Lane","White","Male",40,"40-49",NA,"No","21-25 mph","O: No Injury","White","Male","Passenger Car","No","13JUN2014","Friday","Motorist Overtaking Bicyclist",15,"Non-Intersection","June","B: Evident Injury",54720,"Motorist Overtaking - Other / Unknown",2014,"Yes","No","Daylight","Straight - Hillcrest","Local Street","Dry","Two-Way, Not Divided","None","No Special Feature","Coarse Asphalt",0,1,0,0,0,1,0,"2 lanes",2,0.089,"FRANCIS ST",0,"ELVA PL"
1486,388,"None - Rural Crash","Lincoln","Piedmont","Residential","Mixed (30% To 70% Developed)","SR 2046","Rural","20 - 25  MPH","Stop Sign","Clear","No",NA,"70+",NA,"No","With Traffic","B: Evident Injury","Travel Lane","White","Female",39,"30-39",NA,"No","6-10 mph","O: No Injury","White","Female","Sport Utility","No","14JUN2014","Saturday","Motorist Failed to Yield - Sign-Controlled Intersection",10,"Intersection","June","B: Evident Injury",39300,"Motorist Drive Through - Sign-Controlled Intersection",2014,"Yes","No","Daylight","Curve - Level","State Secondary Route","Dry","Two-Way, Not Divided","None","T-Intersection","Smooth Asphalt",0,1,0,0,0,1,0,"2 lanes",2,0,"2045",40002046,"DEAD END"
1487,392,"Raleigh","Wake","Piedmont","Residential","Urban (>70% Developed)","DALEVIEW DR","Urban","20 - 25  MPH","No Control Present","Clear","No",7,"6-10",NA,"No","Facing Traffic","C: Possible Injury","Travel Lane","Black","Male",42,"40-49",NA,"No","6-10 mph","O: No Injury","Asian","Male","Passenger Car","No","05AUG2014","Tuesday","Head-On",19,"Non-Intersection","August","C: Possible Injury",69360,"Head-On - Bicyclist",2014,"No","No","Daylight","Straight - Level","Local Street","Dry","Two-Way, Not Divided","None","No Special Feature","Smooth Asphalt",0,0,1,0,0,1,0,"2 lanes",2,0.004,"PENNCROSS",0,"TAYLORS CREEK CT"
1488,397,"Raleigh","Wake","Piedmont","Residential","Urban (>70% Developed)","GARNER RD","Urban","30 - 35  MPH","Stop And Go Signal","Clear","No",16,"16-19",NA,"No","With Traffic","A: Disabling Injury","Travel Lane","Black","Male",NA,"70+",NA,"No","21-25 mph","O: No Injury","Black","Female","Passenger Car","No","07AUG2014","Thursday","Bicyclist Failed to Yield - Signalized Intersection",12,"Intersection","August","A: Disabling Injury",45540,"Bicyclist Ride Through - Signalized Intersection",2014,"Yes","No","Daylight","Straight - Level","Local Street","Dry","Two-Way, Not Divided","None","Four-Way Intersection","Smooth Asphalt",1,0,0,0,0,1,0,"3 lanes",2,0,"CROSS LINK RD",50011494,"HILLTOP DR"