"...1","object_id","city","county","region","development","locality","on_road","rural_urban","speed_limit","traffic_control","weather","workzone","bike_age","bike_age_group","bike_alcohol","bike_alcohol_drugs","bike_direction","bike_injury","bike_position","bike_race","bike_sex","driver_age","driver_age_group","driver_alcohol","driver_alcohol_drugs","driver_est_speed","driver_injury","driver_race","driver_sex","driver_vehicle_type","crash_alcohol","crash_date","crash_day","crash_group","crash_hour","crash_location","crash_month","crash_severity","crash_time","crash_type","crash_year","ambulance_req","hit_run","light_condition","road_character","road_class","road_condition","road_configuration","road_defects","road_feature","road_surface","num_bikes_ai","num_bikes_bi","num_bikes_ci","num_bikes_ki","num_bikes_no","num_bikes_to","num_bikes_ui","num_lanes","num_units","distance_mi_from","frm_road","rte_invd_cd","towrd_road"
1529,1456,"Raleigh","Wake","Piedmont","Commercial","Urban (>70% Developed)","BOYLAN AVE","Urban","30 - 35  MPH","No Control Present","Clear","No",13,"11-15","No",NA,"With Traffic","O: No Injury","Sidewalk / Crosswalk / Driveway Crossing","White","Male",27,"25-29","No",NA,"0-5 mph","O: No Injury","Asian","Female","Passenger Car","No","30AUG2013","Friday","Motorist Right Turn / Merge",16,"Intersection","August","O: No Injury",59160,"Motorist Right Turn - Same Direction",2013,"No","No","Daylight","Straight - Level","Local Street","Dry","Two-Way, Not Divided","None","Four-Way Intersection","Smooth Asphalt",0,0,0,0,0,0,0,"4 lanes",2,0,NA,0,NA
1530,1518,"Charlotte","Mecklenburg","Piedmont","Commercial","Urban (>70% Developed)","2607 W ARROWOOD RD","Urban","40 - 45  MPH","Stop Sign","Clear","No",58,"50-59","No",NA,"Not Applicable","C: Possible Injury","Sidewalk / Crosswalk / Driveway Crossing","White","Male",54,"50-59","No",NA,"26-30 mph","O: No Injury","Black","Female","Passenger Car","No","02OCT2013","Wednesday","Crossing Paths - Other Circumstances",6,"Intersection","October","C: Possible Injury",23640,"Sign-Controlled Intersection - Other / Unknown",2013,"Yes","No","Dark - Lighted Roadway","Straight - Level","Local Street","Dry","Two-Way, Divided, Positive Median Barrier","None","No Special Feature","Concrete",0,0,0,0,0,0,0,"4 lanes",2,0,NA,0,NA
1531,1521,"Salisbury","Rowan","Piedmont","Commercial","Urban (>70% Developed)","W INNES ST","Urban","30 - 35  MPH","No Control Present","Clear","No",NA,"70+","No",NA,"Facing Traffic","O: No Injury","Sidewalk / Crosswalk / Driveway Crossing","White","Male",68,"60-69","No",NA,"0-5 mph","O: No Injury","White","Female","Passenger Car","No","03OCT2013","Thursday","Motorist Failed to Yield - Midblock",12,"Non-Intersection","October","O: No Injury",44580,"Motorist Drive Out - Commercial Driveway / Alley",2013,"No","No","Daylight","Straight - Level","Local Street","Dry","Two-Way, Not Divided","None","No Special Feature","Concrete",0,0,0,0,0,0,0,"2 lanes",2,0,NA,0,NA
1532,1517,"Chapel Hill","Orange","Piedmont","Commercial","Urban (>70% Developed)","US 15","Urban","40 - 45  MPH","No Control Present","Clear","No",19,"16-19","No",NA,"Not Applicable","C: Possible Injury","Travel Lane","Black","Male",67,"60-69","No",NA,"6-10 mph","O: No Injury","White","Female","Passenger Car","No","13SEP2013","Friday","Bicyclist Failed to Yield - Midblock",15,"Non-Intersection","September","C: Possible Injury",56580,"Bicyclist Ride Out - Midblock - Unknown",2013,"No","No","Daylight","Straight - Level","NC Route","Dry","Two-Way, Divided, Positive Median Barrier","None","No Special Feature","Concrete",0,0,0,0,0,0,0,"2 lanes",2,0,NA,0,NA
1533,1510,"Fayetteville","Cumberland","Coastal","Commercial","Urban (>70% Developed)","5439 YADKIN","Urban","20 - 25  MPH","No Control Present","Clear","No",57,"50-59","No",NA,"Facing Traffic","O: No Injury","Travel Lane","Hispanic","Male",49,"40-49","No",NA,"0-5 mph","O: No Injury","Black","Female","Passenger Car","No","31AUG2013","Saturday","Motorist Failed to Yield - Midblock",8,"Non-Intersection","August","O: No Injury",31320,"Motorist Drive Out - Commercial Driveway / Alley",2013,"No","No","Daylight","Straight - Level","Local Street","Dry","Two-Way, Not Divided","None","No Special Feature","Coarse Asphalt",0,0,0,0,0,0,0,"4 lanes",2,0,NA,0,NA
1534,1516,"None - Rural Crash","Onslow","Coastal","Residential","Mixed (30% To 70% Developed)","SR 1503","Rural","40 - 45  MPH","No Control Present","Clear","No",38,"30-39","No",NA,"With Traffic","B: Evident Injury","Travel Lane","White","Female",25,"25-29","No",NA,"6-10 mph","O: No Injury","White","Male","Pickup","No","29SEP2013","Sunday","Motorist Left Turn / Merge",15,"Non-Intersection","September","B: Evident Injury",56100,"Motorist Left Turn - Opposite Direction",2013,"Yes","No","Daylight","Straight - Level","State Secondary Route","Dry","Two-Way, Not Divided","None","Driveway, Public","Smooth Asphalt",0,0,0,0,0,0,0,"2 lanes",2,0,NA,0,NA
1535,1506,"Raleigh","Wake","Piedmont","Residential","Urban (>70% Developed)","NEW HOPE CHURCH RD","Urban","20 - 25  MPH","No Control Present","Clear","No",17,"16-19","No",NA,"With Traffic","A: Disabling Injury","Travel Lane","Hispanic","Male",25,"25-29","No",NA,"0-5 mph","O: No Injury","Black","Male","Passenger Car","No","27SEP2013","Friday","Motorist Left Turn / Merge",21,"Intersection","September","A: Disabling Injury",77400,"Motorist Left Turn - Opposite Direction",2013,"Yes","No","Other","Straight - Grade","Local Street","Dry","Two-Way, Not Divided","Other","T-Intersection","Smooth Asphalt",0,0,0,0,0,0,0,"4 lanes",2,0,NA,0,NA
1536,1502,"Kinston","Lenoir","Coastal","Residential","Mixed (30% To 70% Developed)","S TRINON ST","Urban","20 - 25  MPH","No Control Present","Clear","No",53,"50-59","No",NA,"Facing Traffic","B: Evident Injury","Travel Lane","Black","Male",NA,NA,"Missing",NA,"26-30 mph","Unknown Injury","Unknown/Missing",NA,"Passenger Car","No","28SEP2013","Saturday","Head-On",15,"Non-Intersection","September","B: Evident Injury",55020,"Head-On - Bicyclist",2013,"No","Yes","Daylight","Curve - Level","Local Street","Dry","Two-Way, Not Divided","None","No Special Feature","Smooth Asphalt",0,0,0,0,0,0,0,"2 lanes",2,0,NA,0,NA
1537,1038,"Wilmington","New Hanover","Coastal","Residential","Urban (>70% Developed)","MARKET ST","Urban","30 - 35  MPH","Stop Sign","Clear","No",51,"50-59","Yes",NA,"With Traffic","B: Evident Injury","Travel Lane","Black","Male",62,"60-69","No",NA,"26-30 mph","O: No Injury","White","Female","Passenger Car","Yes","14APR2013","Sunday","Bicyclist Failed to Yield - Sign-Controlled Intersection",17,"Intersection","April","B: Evident Injury",62160,"Bicyclist Ride Through - Sign-Controlled Intersection",2013,"Yes","No","Daylight","Straight - Level","Local Street","Dry","Two-Way, Divided, Unprotected Median","None","No Special Feature","Smooth Asphalt",0,0,0,0,0,0,0,"2 lanes",2,0,NA,0,NA
1538,1033,"Winston-Salem","Forsyth","Piedmont","Residential","Urban (>70% Developed)","SUNNYSIDE AVE (1800BLK","Urban","30 - 35  MPH","No Control Present","Cloudy","No",30,"30-39","No",NA,"With Traffic","C: Possible Injury","Travel Lane","White","Male",26,"25-29","No",NA,"26-30 mph","O: No Injury","White","Male","Passenger Car","No","15APR2013","Monday","Motorist Left Turn / Merge",21,"Intersection","April","C: Possible Injury",76920,"Motorist Left Turn - Opposite Direction",2013,"Yes","No","Dark - Lighted Roadway","Straight - Grade","Local Street","Dry","Two-Way, Not Divided","None","Y-Intersection","Smooth Asphalt",0,0,0,0,0,0,0,"2 lanes",2,0,NA,0,NA
1539,1010,"Durham","Durham","Piedmont","Commercial","Urban (>70% Developed)","BROAD STREET","Urban","30 - 35  MPH","Stop And Go Signal","Clear","No",12,"11-15","No",NA,"Not Applicable","B: Evident Injury","Non-Roadway","Black","Male",NA,"70+","No",NA,"31-35 mph","O: No Injury","White","Male","Passenger Car","No","11APR2013","Thursday","Bicyclist Failed to Yield - Signalized Intersection",18,"Intersection","April","B: Evident Injury",67560,"Bicyclist Ride Through - Signalized Intersection",2013,"Yes","No","Daylight","Straight - Level","Local Street","Dry","Two-Way, Not Divided","None","No Special Feature","Coarse Asphalt",0,0,0,0,0,0,0,"2 lanes",2,0,NA,0,NA
1540,1001,"Chapel Hill","Orange","Piedmont","Commercial","Urban (>70% Developed)","US 15","Urban","40 - 45  MPH","Stop And Go Signal","Clear","No",NA,"70+","No",NA,"With Traffic","O: No Injury","Sidewalk / Crosswalk / Driveway Crossing","White","Male",NA,"70+","No",NA,"6-10 mph","O: No Injury","White","Female","Passenger Car","No","02APR2013","Tuesday","Motorist Left Turn / Merge",16,"Intersection","April","O: No Injury",58500,"Motorist Left Turn - Same Direction",2013,"No","No","Daylight","Straight - Level","US Route","Dry","Two-Way, Divided, Unprotected Median","None","Four-Way Intersection","Smooth Asphalt",0,0,0,0,0,0,0,"4 lanes",2,0,NA,0,NA
1541,1002,"None - Rural Crash","Chatham","Piedmont","Residential","Mixed (30% To 70% Developed)","SR 1012","Rural","50 - 55  MPH","No Control Present","Cloudy","No",18,"16-19","No",NA,"With Traffic","C: Possible Injury","Travel Lane","White","Male",45,"40-49","No",NA,"51-55 mph","O: No Injury","White","Male","Pickup","No","04APR2013","Thursday","Motorist Overtaking Bicyclist",10,"Intersection","April","C: Possible Injury",39300,"Motorist Overtaking - Other / Unknown",2013,"Yes","No","Daylight","Straight - Level","State Secondary Route","Wet","Two-Way, Not Divided","None","T-Intersection","Smooth Asphalt",0,0,0,0,0,0,0,"2 lanes",2,0,NA,0,NA
1542,1027,"Carrboro","Orange","Piedmont","Commercial","Urban (>70% Developed)","E WEAVER ST","Urban","20 - 25  MPH","Stop And Go Signal","Clear","No",37,"30-39","No",NA,"With Traffic","C: Possible Injury","Travel Lane","White","Male",20,"20-24","No",NA,"0-5 mph","O: No Injury","White","Female","Passenger Car","No","16MAR2013","Saturday","Bicyclist Overtaking Motorist",19,"Non-Intersection","March","C: Possible Injury",68580,"Bicyclist Overtaking - Passing on Right",2013,"Yes","No","Daylight","Straight - Level","Local Street","Dry","Two-Way, Not Divided","None","Four-Way Intersection","Coarse Asphalt",0,0,0,0,0,0,0,"3 lanes",2,0,NA,0,NA
1543,1076,"Concord","Cabarrus","Piedmont","Commercial","Urban (>70% Developed)","MCCACHERN BLVD","Urban",NA,"Stop Sign","Cloudy","No",20,"20-24","No",NA,"With Traffic","C: Possible Injury","Travel Lane","White","Male",NA,NA,"Missing",NA,NA,"Unknown Injury","Unknown/Missing",NA,NA,"No","29APR2013","Monday","Bicyclist Failed to Yield - Sign-Controlled Intersection",15,"Intersection-Related","April","C: Possible Injury",56460,"Bicyclist Ride Through - Sign-Controlled Intersection",2013,"Yes","Yes","Daylight","Straight - Grade","Local Street","Dry","Two-Way, Divided, Unprotected Median","None","T-Intersection","Smooth Asphalt",0,0,0,0,0,0,0,"2 lanes",2,0,NA,0,NA
1544,1068,"Raleigh","Wake","Piedmont","Commercial","Urban (>70% Developed)","S SAUNDERS ST","Urban","40 - 45  MPH","No Control Present","Clear","No",17,"16-19","No",NA,"Facing Traffic","C: Possible Injury","Sidewalk / Crosswalk / Driveway Crossing","Hispanic","Male",30,"30-39","No",NA,"0-5 mph","O: No Injury","Black","Male","Pickup","No","03MAY2013","Friday","Motorist Failed to Yield - Midblock",8,"Non-Intersection","May","C: Possible Injury",30060,"Motorist Drive Out - Commercial Driveway / Alley",2013,"No","No","Daylight","Straight - Level","Local Street","Dry","Two-Way, Divided, Unprotected Median","None","Driveway, Public","Smooth Asphalt",0,0,0,0,0,0,0,"5 lanes",2,0,NA,0,NA
1545,1059,"Durham","Durham","Piedmont","Industrial","Urban (>70% Developed)","GARRETT RD","Urban","40 - 45  MPH","No Control Present","Clear","No",15,"11-15","No",NA,"With Traffic","C: Possible Injury","Sidewalk / Crosswalk / Driveway Crossing","Black","Male",30,"30-39","No",NA,"41-45 mph","O: No Injury","White","Male","Sport Utility","No","29APR2013","Monday","Bicyclist Failed to Yield - Signalized Intersection",18,"Intersection","April","C: Possible Injury",67800,"Bicyclist Ride Out - Signalized  Intersection",2013,"No","No","Daylight","Straight - Level","Local Street","Dry","Two-Way, Not Divided","None","No Special Feature","Smooth Asphalt",0,0,0,0,0,0,0,"2 lanes",2,0,NA,0,NA
1546,1070,"None - Rural Crash","Wake","Piedmont","Farms, Woods, Pastures","Rural (<30% Developed)","SR 2215","Rural","40 - 45  MPH","Double Yellow Line, No Passing Zone","Clear","No",39,"30-39","No",NA,"With Traffic","B: Evident Injury","Travel Lane","White","Male",50,"50-59","No",NA,"16-20 mph","O: No Injury","White","Male","Passenger Car","No","07MAY2013","Tuesday","Bicyclist Left Turn / Merge",15,"Non-Intersection","May","B: Evident Injury",54300,"Bicyclist Left Turn - Same Direction",2013,"Yes","No","Daylight","Straight - Level","State Secondary Route","Dry","Two-Way, Not Divided","None","No Special Feature","Smooth Asphalt",0,0,0,0,0,0,0,"2 lanes",2,0,NA,0,NA
1547,1058,"Raleigh","Wake","Piedmont","Residential","Urban (>70% Developed)","PEACE ST","Urban","30 - 35  MPH","Stop And Go Signal","Clear","No",27,"25-29","No",NA,"With Traffic","C: Possible Injury","Travel Lane","White","Male",64,"60-69","No",NA,"0-5 mph","O: No Injury","White","Female","Passenger Car","No","14APR2013","Sunday","Bicyclist Overtaking Motorist",14,"Intersection","April","C: Possible Injury",52500,"Bicyclist Overtaking - Passing on Right",2013,"Yes","No","Daylight","Straight - Level","Local Street","Dry","Two-Way, Divided, Unprotected Median","None","Four-Way Intersection","Smooth Asphalt",0,0,0,0,0,0,0,"3 lanes",2,0,NA,0,NA
1548,1065,"None - Rural Crash","Davidson","Piedmont","Residential","Rural (<30% Developed)","SR 1457","Rural","40 - 45  MPH","Double Yellow Line, No Passing Zone","Cloudy","No",11,"11-15","No",NA,"Facing Traffic","B: Evident Injury","Travel Lane","White","Male",29,"25-29","No",NA,"41-45 mph","O: No Injury","White","Female","Passenger Car","No","03MAY2013","Friday","Head-On",17,"Non-Intersection","May","B: Evident Injury",63600,"Head-On - Bicyclist",2013,"Yes","No","Daylight","Straight - Level","State Secondary Route","Dry","Two-Way, Not Divided","None","No Special Feature","Coarse Asphalt",0,0,0,0,0,0,0,"2 lanes",2,0,NA,0,NA
1549,1073,"None - Rural Crash","Wake","Piedmont","Commercial","Mixed (30% To 70% Developed)","PVA RESCO MART 2","Rural",NA,"No Control Present","Clear","No",12,"11-15","No",NA,"Not Applicable","C: Possible Injury","Non-Roadway","Hispanic","Female",61,"60-69","No",NA,"0-5 mph","O: No Injury","White","Male","Van","No","02MAY2013","Thursday","Non-Roadway",17,"Non-Roadway","May","C: Possible Injury",63000,"Non-Roadway",2013,"Yes","No","Daylight","Straight - Level","Public Vehicular Area","Dry","Two-Way, Not Divided","None","Driveway, Public","Smooth Asphalt",0,0,0,0,0,0,0,"1 lane",2,0,NA,0,NA
1550,421,"Charlotte","Mecklenburg","Piedmont","Residential","Urban (>70% Developed)","COMMONWEALTH AV","Urban","30 - 35  MPH","Stop And Go Signal","Cloudy","No",50,"50-59",NA,"Yes-Alcohol,  impairment suspected","With Traffic","B: Evident Injury","Travel Lane","White","Male",47,"40-49",NA,"Yes-Alcohol,  impairment suspected","11-15 mph","O: No Injury","White","Male","Passenger Car","Yes","09AUG2014","Saturday","Motorist Overtaking Bicyclist",20,"Intersection","August","B: Evident Injury",73680,"Motorist Overtaking - Undetected Bicyclist",2014,"Yes","No","Dark - Lighted Roadway","Straight - Grade","Local Street","Dry","Two-Way, Not Divided","None","Four-Way Intersection","Smooth Asphalt",0,1,0,0,0,1,0,"2 lanes",2,0,"BRIAR CREEK RD",50006708,NA
1551,422,"Raleigh","Wake","Piedmont","Institutional","Urban (>70% Developed)","VARSITY DR","Urban","20 - 25  MPH","Stop Sign","Clear","No",26,"25-29",NA,"No","With Traffic","B: Evident Injury","Travel Lane","Asian","Male",29,"25-29",NA,"No","6-10 mph","O: No Injury","Other","Male","Passenger Car","No","03JUN2014","Tuesday","Motorist Failed to Yield - Sign-Controlled Intersection",19,"Intersection","June","B: Evident Injury",68520,"Motorist Drive Out - Sign-Controlled Intersection",2014,"Yes","No","Daylight","Straight - Level","Local Street","Wet","Two-Way, Divided, Positive Median Barrier","None","Alley Intersection","Smooth Asphalt",0,1,0,0,0,1,0,"4 lanes",2,0.006,"VENTURE CTR WAY",0,"CAPABILITY DR"
1552,420,"Durham","Durham","Piedmont","Commercial","Mixed (30% To 70% Developed)","FLOWERS DR","Urban","20 - 25  MPH","Stop Sign","Clear","No",28,"25-29",NA,"No","With Traffic","B: Evident Injury","Bike Lane / Paved Shoulder","White","Male",41,"40-49",NA,"No","6-10 mph","O: No Injury","White","Female","Passenger Car","No","20JUN2014","Friday","Motorist Right Turn / Merge",8,"Non-Intersection","June","B: Evident Injury",32340,"Motorist Right Turn - Same Direction",2014,"Yes","No","Daylight","Straight - Grade","Local Street","Dry","Two-Way, Divided, Unprotected Median","None","No Special Feature","Coarse Asphalt",0,1,0,0,0,1,0,"2 lanes",2,0.072,"ERWIN RD",40001320,"YEARBY AVE"
1553,412,"Raleigh","Wake","Piedmont","Residential","Urban (>70% Developed)","N KING CHARLES RD","Urban","30 - 35  MPH","No Control Present","Clear","No",51,"50-59",NA,"No","With Traffic","C: Possible Injury","Travel Lane","White","Male",63,"60-69",NA,"No","11-15 mph","O: No Injury","Black","Male","Pickup","No","12JUL2014","Saturday","Motorist Overtaking Bicyclist",12,"Intersection","July","C: Possible Injury",45840,"Motorist Overtaking - Other / Unknown",2014,"Yes","No","Daylight","Straight - Level","Local Street","Dry","One-Way, Not Divided","None","Traffic Circle/Roundabout","Smooth Asphalt",0,0,1,0,0,1,0,"1 lane",2,0,"BERTIE DR",50016385,"LORD BERKLEY RD"
1554,404,"Kill Devil Hills","Dare","Coastal","Commercial","Urban (>70% Developed)","NC 12","Urban","30 - 35  MPH","No Control Present","Cloudy","No",17,"16-19",NA,"No","Facing Traffic","O: No Injury","Bike Lane / Paved Shoulder","White","Female",27,"25-29",NA,"No",NA,"O: No Injury","White","Male","Pickup","No","20JUN2014","Friday","Motorist Failed to Yield - Signalized Intersection",15,"Intersection","June","O: No Injury",55680,"Motorist Drive Out - Signalized Intersection",2014,"No","No","Daylight","Straight - Level","NC Route","Dry","Two-Way, Not Divided","None","T-Intersection","Coarse Asphalt",0,0,0,0,1,1,0,NA,2,0,"NEPTUNE DR",30000012,"CAROLYN DR"
1555,389,"Greenville","Pitt","Coastal","Residential","Urban (>70% Developed)","HOOKER RD","Urban","40 - 45  MPH","No Control Present","Clear","No",61,"60-69",NA,"No",NA,"B: Evident Injury","Travel Lane","White","Male",24,"20-24",NA,"No","0-5 mph","O: No Injury","White","Male","Passenger Car","No","28JUL2014","Monday","Motorist Left Turn / Merge",16,"Intersection","July","B: Evident Injury",58440,"Motorist Left Turn - Opposite Direction",2014,"Yes","No","Daylight","Straight - Level","Local Street","Dry","Two-Way, Not Divided","None","Four-Way Intersection","Coarse Asphalt",0,1,0,0,0,1,0,"5 lanes",2,0,"SYLVAN DR",50014370,"HOWELL ST"
1556,396,"None - Rural Crash","Gaston","Piedmont","Industrial","Mixed (30% To 70% Developed)","US 321","Rural","50 - 55  MPH","No Control Present","Clear","No",20,"20-24",NA,"No","Facing Traffic","B: Evident Injury","Travel Lane","White","Male",46,"40-49",NA,"No","51-55 mph","O: No Injury","White","Male","Sport Utility","No","24JUN2014","Tuesday","Head-On",0,"Non-Intersection","June","B: Evident Injury",1800,"Head-On - Bicyclist",2014,"Yes","No","Dark - Roadway Not Lighted","Straight - Level","US Route","Dry","Two-Way, Divided, Unprotected Median","None","No Special Feature","Smooth Asphalt",0,1,0,0,0,1,0,NA,2,0.1,"2420",0,"1108"
1557,410,"Claremont","Catawba","Piedmont","Commercial","Urban (>70% Developed)","PVA ST MARK'S CHURCH","Rural","20 - 25  MPH","No Control Present","Clear","No",10,"6-10",NA,"No","Not Applicable","O: No Injury","Sidewalk / Crosswalk / Driveway Crossing","White","Female",45,"40-49",NA,"Missing","0-5 mph","O: No Injury","White","Female","Passenger Car","No","13AUG2014","Wednesday","Non-Roadway",21,"Non-Roadway","August","O: No Injury",77940,"Non-Roadway",2014,"No","No","Daylight","Straight - Level","Public Vehicular Area","Dry",NA,"None","Driveway, Public","Smooth Asphalt",0,0,0,0,1,1,0,NA,2,0,"70",0,"NORTH DEPOT STREET"
1558,400,"None - Rural Crash","Chatham","Piedmont","Residential","Urban (>70% Developed)","PVA CLYNELISH CLOSE","Rural","5 - 15 MPH","No Control Present","Cloudy","No",68,"60-69",NA,"No","Not Applicable","A: Disabling Injury","Non-Roadway","White","Male",35,"30-39",NA,"No","0-5 mph","O: No Injury","Black","Female","Passenger Car","No","10JUL2014","Thursday","Non-Roadway",16,"Non-Roadway","July","A: Disabling Injury",60360,"Non-Roadway",2014,"Yes","No","Daylight","Curve - Level","Public Vehicular Area","Dry","Two-Way, Not Divided","None","No Special Feature","Smooth Asphalt",1,0,0,0,0,1,0,NA,2,0.4,"1807",0,"GALLOWAY RIDGE"
1559,409,"Raleigh","Wake","Piedmont","Residential","Urban (>70% Developed)","PVA 5979 FOXHALL VILLAGE R","Urban","5 - 15 MPH","No Control Present","Cloudy","No",8,"6-10",NA,"No","Not Applicable","C: Possible Injury","Non-Roadway","Black","Male",33,"30-39",NA,NA,"0-5 mph","O: No Injury","Hispanic","Male","Van","No","25JUL2014","Friday","Non-Roadway",19,"Non-Roadway","July","C: Possible Injury",70260,"Non-Roadway",2014,"Yes","No","Daylight","Straight - Level","Public Vehicular Area",NA,"One-Way, Not Divided","None","No Special Feature","Smooth Asphalt",0,0,1,0,0,1,0,NA,2,0.038,"FOXHOUND RD",0,"TALLEYHOE DR"
1560,457,"Oak Island","Brunswick","Coastal","Residential","Urban (>70% Developed)","COUNTRY CLUB DR","Urban","40 - 45  MPH","No Control Present","Clear","No",22,"20-24",NA,"No","With Traffic","B: Evident Injury","Bike Lane / Paved Shoulder","White","Male",NA,NA,NA,"Missing","41-45 mph","Unknown Injury","Unknown/Missing",NA,NA,"No","27JUN2014","Friday","Motorist Overtaking Bicyclist",2,"Non-Intersection","June","B: Evident Injury",8460,"Motorist Overtaking - Other / Unknown",2014,"Yes","Yes","Dark - Lighted Roadway","Straight - Level","Local Street","Dry","Two-Way, Not Divided","None","No Special Feature","Smooth Asphalt",0,1,0,0,0,1,0,"2 lanes",2,0.057,"YAUPON WAY",30000133,"LONG BEACH RD"
1561,447,"Kill Devil Hills","Dare","Coastal","Commercial","Urban (>70% Developed)","US 158","Urban","40 - 45  MPH","Stop And Go Signal","Clear","No",20,"20-24",NA,"No","Facing Traffic","C: Possible Injury","Sidewalk / Crosswalk / Driveway Crossing","White","Male",NA,"70+",NA,"No","0-5 mph","O: No Injury","White","Female","Sport Utility","No","06AUG2014","Wednesday","Motorist Failed to Yield - Signalized Intersection",15,"Intersection","August","C: Possible Injury",56880,"Motorist Drive Out - Right Turn on Red",2014,"No","No","Daylight","Straight - Level","US Route","Dry","Two-Way, Not Divided","None","Four-Way Intersection","Coarse Asphalt",0,0,1,0,0,1,0,"5 lanes",2,0,"W MARTIN ST",20000158,"W BOUNDRY ST"
1562,462,"None - Rural Crash","Rutherford","Mountains","Residential","Mixed (30% To 70% Developed)","SR 1972","Rural","30 - 35  MPH","Double Yellow Line, No Passing Zone","Clear","No",9,"6-10",NA,"No","Not Applicable","B: Evident Injury","Non-Roadway","White","Male",54,"50-59",NA,"No","16-20 mph","O: No Injury","White","Male","Pickup","No","26AUG2014","Tuesday","Bicyclist Failed to Yield - Midblock",16,"Non-Intersection","August","B: Evident Injury",60240,"Bicyclist Ride Out - Other Midblock",2014,"Yes","No","Daylight","Straight - Grade","State Secondary Route","Dry","Two-Way, Not Divided","None","No Special Feature","Smooth Asphalt",0,1,0,0,0,1,0,"2 lanes",2,0.1,"1003",40001972,"1003"
1563,423,"New Bern","Craven","Coastal","Residential","Urban (>70% Developed)","POLLOCK ST","Urban","20 - 25  MPH","Stop Sign","Clear","No",41,"40-49",NA,"No","With Traffic","B: Evident Injury","Travel Lane","Black","Male",69,"60-69",NA,"No","16-20 mph","O: No Injury","Black","Male","Pickup","No","05AUG2014","Tuesday","Bicyclist Failed to Yield - Sign-Controlled Intersection",22,"Intersection","August","B: Evident Injury",80460,"Bicyclist Ride Through - Sign-Controlled Intersection",2014,"Yes","No","Dark - Lighted Roadway","Straight - Level","Local Street","Dry","Two-Way, Not Divided","None","Four-Way Intersection","Coarse Asphalt",0,1,0,0,0,1,0,"2 lanes",2,0,"NORWOOD ST",50024518,"QUEEN ST"
1564,446,"Charlotte","Mecklenburg","Piedmont","Residential","Urban (>70% Developed)","PP 6635 MOUNTING ROCK RD","Urban","20 - 25  MPH","No Control Present","Clear","No",6,"6-10",NA,"No","With Traffic","B: Evident Injury","Sidewalk / Crosswalk / Driveway Crossing","Hispanic","Male",46,"40-49",NA,"No","0-5 mph","O: No Injury","Black","Male","Passenger Car","No","26AUG2014","Tuesday","Backing Vehicle",20,"Non-Intersection","August","B: Evident Injury",73140,"Backing Vehicle",2014,"Yes","No","Dark - Lighted Roadway","Straight - Grade","Private Road, Driveway","Dry","Two-Way, Not Divided","None","Driveway, Private","Concrete",0,1,0,0,0,1,0,"2 lanes",2,0,"6635 MOUNTING ROCK RD",0,NA
1565,458,"Oak Island","Brunswick","Coastal","Commercial","Urban (>70% Developed)","E OAK ISLAND DR","Urban","30 - 35  MPH","No Control Present","Clear","No",25,"25-29",NA,"No","With Traffic","B: Evident Injury","Travel Lane","White","Male",49,"40-49",NA,"No","16-20 mph","O: No Injury","White","Male","Sport Utility","No","01JUL2014","Tuesday","Bicyclist Left Turn / Merge",21,"Intersection","July","B: Evident Injury",78300,"Bicyclist Left Turn - Opposite Direction",2014,"No","No","Dark - Lighted Roadway","Straight - Level","Local Street","Dry","Two-Way, Not Divided","None","Four-Way Intersection","Smooth Asphalt",0,1,0,0,0,1,0,"3 lanes",2,0.004,"MCGLAMERY ST",50021696,"SELLERS ST"
1566,432,"New Bern","Craven","Coastal","Commercial","Urban (>70% Developed)","TRENT RD","Urban","30 - 35  MPH","Stop Sign","Rain","No",22,"20-24",NA,"No","Facing Traffic","C: Possible Injury","Travel Lane","Asian","Male",33,"30-39",NA,"No","0-5 mph","O: No Injury","White","Female","Passenger Car","No","09AUG2014","Saturday","Motorist Failed to Yield - Sign-Controlled Intersection",13,"Intersection","August","C: Possible Injury",49560,"Motorist Drive Out - Sign-Controlled Intersection",2014,"Yes","No","Daylight","Straight - Level","Local Street","Wet","Two-Way, Not Divided","None","T-Intersection","Smooth Asphalt",0,0,1,0,0,1,0,"2 lanes",2,0,"HOTEL DR",40001278,NA
1567,427,"Raleigh","Wake","Piedmont","Residential","Urban (>70% Developed)","RIDGE RD","Urban","30 - 35  MPH","No Control Present","Cloudy","No",23,"20-24",NA,"No","With Traffic","B: Evident Injury","Travel Lane","White","Male",28,"25-29",NA,"No","31-35 mph","O: No Injury","White","Male","Sport Utility","No","18AUG2014","Monday","Motorist Right Turn / Merge",19,"Non-Intersection","August","B: Evident Injury",69120,"Motorist Right Turn - Same Direction",2014,"Yes","No","Daylight","Straight - Grade","Local Street","Dry","Two-Way, Not Divided","None","No Special Feature","Smooth Asphalt",0,1,0,0,0,1,0,"2 lanes",2,0.019,"GLENDALE DR",50025900,"WESTMORELAND DR"