"...1","object_id","city","county","region","development","locality","on_road","rural_urban","speed_limit","traffic_control","weather","workzone","bike_age","bike_age_group","bike_alcohol","bike_alcohol_drugs","bike_direction","bike_injury","bike_position","bike_race","bike_sex","driver_age","driver_age_group","driver_alcohol","driver_alcohol_drugs","driver_est_speed","driver_injury","driver_race","driver_sex","driver_vehicle_type","crash_alcohol","crash_date","crash_day","crash_group","crash_hour","crash_location","crash_month","crash_severity","crash_time","crash_type","crash_year","ambulance_req","hit_run","light_condition","road_character","road_class","road_condition","road_configuration","road_defects","road_feature","road_surface","num_bikes_ai","num_bikes_bi","num_bikes_ci","num_bikes_ki","num_bikes_no","num_bikes_to","num_bikes_ui","num_lanes","num_units","distance_mi_from","frm_road","rte_invd_cd","towrd_road"
1568,474,"Mooresville","Iredell","Piedmont","Commercial","Urban (>70% Developed)","N MAIN ST","Urban","30 - 35  MPH","No Control Present","Clear","No",51,"50-59",NA,"No","With Traffic","B: Evident Injury","Travel Lane","White","Female",69,"60-69",NA,"No","6-10 mph","O: No Injury","White","Female","Passenger Car","No","23AUG2014","Saturday","Motorist Left Turn / Merge",10,"Intersection","August","B: Evident Injury",37680,"Motorist Left Turn - Opposite Direction",2014,"Yes","No","Daylight","Straight - Level","Local Street","Dry","Two-Way, Not Divided","None","T-Intersection","Smooth Asphalt",0,1,0,0,0,1,0,"2 lanes",2,0,"INSTITUTE ST",30000152,"IREDELL AVE"
1569,437,"Monroe","Union","Piedmont","Residential","Urban (>70% Developed)","WINTHROP LN","Urban","20 - 25  MPH","No Control Present","Cloudy","No",5,"0-5",NA,"No","Not Applicable","B: Evident Injury","Driveway / Alley","White","Male",25,"25-29",NA,"No","6-10 mph","O: No Injury","White","Female","Sport Utility","No","18JUL2014","Friday","Bicyclist Failed to Yield - Midblock",19,"Non-Intersection","July","B: Evident Injury",69480,"Multiple Threat - Midblock",2014,"Yes","No","Daylight","Straight - Level","Local Street","Dry","Two-Way, Not Divided","None","Driveway, Private","Smooth Asphalt",0,1,0,0,0,1,0,"2 lanes",2,0.068,"CONTINENTAL DR",0,"PATRIOT DR"
1570,499,"Wilmington","New Hanover","Coastal","Commercial","Urban (>70% Developed)","CASTLE ST","Urban","20 - 25  MPH","Stop And Go Signal","Clear","No",33,"30-39",NA,"Yes-Alcohol,  impairment suspected","With Traffic","C: Possible Injury","Travel Lane","White","Male",40,"40-49",NA,"No","11-15 mph","O: No Injury","Black","Male","Passenger Car","Yes","26JUL2014","Saturday","Bicyclist Failed to Yield - Signalized Intersection",19,"Intersection","July","C: Possible Injury",71100,"Bicyclist Ride Through - Signalized Intersection",2014,"Yes","No","Daylight","Straight - Level","Local Street","Dry","Two-Way, Not Divided","None","Four-Way Intersection","Concrete",0,0,1,0,0,1,0,"2 lanes",2,0,"S 10TH ST",50005296,"ANN ST"
1571,482,"Hendersonville","Henderson","Mountains","Commercial","Urban (>70% Developed)","US 64","Urban","30 - 35  MPH","Stop Sign","Clear","No",52,"50-59",NA,"No","With Traffic","B: Evident Injury","Travel Lane","White","Male",38,"30-39",NA,"No","0-5 mph","O: No Injury","White","Male","Passenger Car","No","30AUG2014","Saturday","Motorist Failed to Yield - Sign-Controlled Intersection",16,"Intersection","August","B: Evident Injury",59820,"Motorist Drive Out - Sign-Controlled Intersection",2014,"Yes","No","Daylight","Straight - Level","Local Street","Dry","One-Way, Not Divided","None","No Special Feature","Smooth Asphalt",0,1,0,0,0,1,0,"2 lanes",2,0,"BALLANTYNE COMMONS CIR",20000064,"HALF MOON TRAIL"
1572,503,"Charlotte","Mecklenburg","Piedmont","Residential","Mixed (30% To 70% Developed)","BACK CREEK CHURCH RD","Urban","30 - 35  MPH","Stop Sign","Clear","No",35,"30-39",NA,"No","With Traffic","B: Evident Injury","Travel Lane","White","Female",17,"0-19",NA,"No","31-35 mph","O: No Injury","White","Female","Passenger Car","No","07SEP2014","Sunday","Loss of Control / Turning Error",11,"Intersection","September","B: Evident Injury",42600,"Motorist Turning Error - Left Turn",2014,"Yes","No","Daylight","Straight - Level","Local Street","Dry","Two-Way, Not Divided","None","No Special Feature","Coarse Asphalt",0,1,0,0,0,1,0,"4 lanes",2,0.001,"ROLLING ACRES RD",40002827,"MIDDLE STREAM RD"
1573,481,"Beaufort","Carteret","Coastal","Residential","Urban (>70% Developed)","POLLOCK ST","Rural","20 - 25  MPH","Stop Sign","Clear","No",30,"30-39",NA,"No","With Traffic","B: Evident Injury","Travel Lane","White","Female",57,"50-59",NA,"No","0-5 mph","O: No Injury","White","Female","Passenger Car","No","04SEP2014","Thursday","Motorist Failed to Yield - Sign-Controlled Intersection",20,"Intersection","September","B: Evident Injury",74400,"Motorist Drive Out - Sign-Controlled Intersection",2014,"Yes","No","Dark - Lighted Roadway","Straight - Level","Local Street","Dry","Two-Way, Not Divided","None","Four-Way Intersection","Smooth Asphalt",0,1,0,0,0,1,0,"2 lanes",2,0,"ANN ST",0,NA
1574,498,"Gastonia","Gaston","Piedmont","Commercial","Urban (>70% Developed)","PVA 3250 E FRANKLIN BLVD","Urban","5 - 15 MPH","Stop Sign","Clear","No",17,"16-19",NA,"No","Not Applicable","C: Possible Injury","Non-Roadway","Black","Male",35,"30-39",NA,"No","11-15 mph","O: No Injury","White","Male","Passenger Car","No","24JUL2014","Thursday","Non-Roadway",5,"Non-Roadway","July","C: Possible Injury",19320,"Non-Roadway",2014,"No","No","Dark - Lighted Roadway","Straight - Grade","Public Vehicular Area","Dry","Two-Way, Divided, Positive Median Barrier","None","Four-Way Intersection","Smooth Asphalt",0,0,1,0,0,1,0,"5 lanes",2,0.5,"LINEBERGER RD",0,"COX RD"
1575,497,"None - Rural Crash",NA,"Coastal","Commercial","Urban (>70% Developed)","421","Rural","40 - 45  MPH","No Control Present","Clear","No",24,"20-24",NA,"No","Facing Traffic","C: Possible Injury","Travel Lane","White","Female",35,"30-39",NA,"No","0-5 mph","O: No Injury","White","Male","Pickup","No","04SEP2014","Thursday","Motorist Failed to Yield - Midblock",19,"Non-Intersection","September","C: Possible Injury",70740,"Motorist Drive Out - Commercial Driveway / Alley",2014,"Yes","No","Daylight","Straight - Level","US Route","Dry","One-Way, Not Divided","None","Driveway, Public","Smooth Asphalt",0,0,1,0,0,1,0,"2 lanes",2,0.15,"1276",20000421,"1524"
1576,487,"River Bend","Craven","Coastal","Residential","Urban (>70% Developed)","PVA 30 SHORELINE DR","Rural",NA,"No Control Present","Clear","No",18,"16-19",NA,"No","Not Applicable","B: Evident Injury","Non-Roadway","Black","Male",NA,"70+",NA,"No","0-5 mph","O: No Injury","White","Female","Passenger Car","No","17JUL2014","Thursday","Non-Roadway",17,"Non-Roadway","July","B: Evident Injury",61500,"Non-Roadway",2014,"Yes","No","Daylight","Straight - Level","Public Vehicular Area","Dry","Two-Way, Not Divided","None","No Special Feature","Smooth Asphalt",0,1,1,0,0,2,0,NA,2,0,NA,0,NA
1577,1356,"None - Rural Crash","Vance","Piedmont","Commercial","Mixed (30% To 70% Developed)","US 1","Rural","50 - 55  MPH","No Control Present","Clear","No",35,"30-39","No",NA,"With Traffic","B: Evident Injury","Travel Lane","Asian","Male",NA,NA,"No",NA,"51-55 mph","Unknown Injury","Unknown/Missing",NA,"Passenger Car","No","13AUG2013","Tuesday","Loss of Control / Turning Error",15,"Non-Intersection","August","B: Evident Injury",54600,"Motorist Lost Control - Other / Unknown",2013,"Yes","Yes","Daylight","Straight - Level","US Route","Dry","Two-Way, Divided, Unprotected Median","None","No Special Feature","Smooth Asphalt",0,0,0,0,0,0,0,"4 lanes",2,0,NA,0,NA
1578,1372,"Hendersonville","Henderson","Mountains","Commercial","Urban (>70% Developed)","6TH AVE WEST","Urban","30 - 35  MPH","Stop Sign","Clear","No",12,"11-15","No",NA,"With Traffic","C: Possible Injury","Travel Lane","White","Female",43,"40-49","No",NA,"26-30 mph","O: No Injury","White","Female","Passenger Car","No","19AUG2013","Monday","Bicyclist Failed to Yield - Sign-Controlled Intersection",17,"Intersection","August","C: Possible Injury",64020,"Bicyclist Ride Through - Sign-Controlled Intersection",2013,"Yes","No","Daylight","Straight - Hillcrest","Local Street","Dry","Two-Way, Not Divided","None","Four-Way Intersection","Coarse Asphalt",0,0,0,0,0,0,0,"3 lanes",2,0,NA,0,NA
1579,1379,"Roanoke Rapids","Halifax","Coastal","Residential","Urban (>70% Developed)","5TH ST","Urban",NA,"Stop Sign","Clear","No",61,"60-69","No",NA,"With Traffic","B: Evident Injury","Travel Lane","White","Male",NA,NA,"No",NA,NA,"Unknown Injury","Unknown/Missing",NA,"Passenger Car","No","22AUG2013","Thursday","Motorist Failed to Yield - Sign-Controlled Intersection",11,"Intersection","August","B: Evident Injury",41340,"Motorist Drive Through - Sign-Controlled Intersection",2013,"Yes","Yes","Daylight","Straight - Level","Local Street","Dry","Two-Way, Not Divided","None","No Special Feature","Smooth Asphalt",0,0,0,0,0,0,0,"3 lanes",2,0,NA,0,NA
1580,1366,"Wilmington","New Hanover","Coastal","Commercial","Urban (>70% Developed)","NEW CENTRE DR","Urban","30 - 35  MPH","Stop Sign","Clear","No",20,"20-24","No",NA,"Facing Traffic","C: Possible Injury","Sidewalk / Crosswalk / Driveway Crossing","White","Female",44,"40-49","No",NA,"0-5 mph","O: No Injury","White","Male","Passenger Car","No","04AUG2013","Sunday","Motorist Failed to Yield - Midblock",14,"Non-Intersection","August","C: Possible Injury",53580,"Motorist Drive Out - Commercial Driveway / Alley",2013,"No","No","Daylight","Straight - Level","Local Street","Dry","Two-Way, Not Divided","None","Driveway, Public","Coarse Asphalt",0,0,0,0,0,0,0,"4 lanes",2,0,NA,0,NA
1581,1711,"None - Rural Crash","Johnston","Coastal","Farms, Woods, Pastures","Rural (<30% Developed)","NC 39","Rural","50 - 55  MPH","Double Yellow Line, No Passing Zone","Clear","No",23,"20-24","No",NA,"Facing Traffic","B: Evident Injury","Bike Lane / Paved Shoulder","Hispanic","Male",31,"30-39","No",NA,"46-50 mph","O: No Injury","Black","Male","Passenger Car","No","27DEC2013","Friday","Bicyclist Right Turn / Merge",18,"Non-Intersection","December","B: Evident Injury",67380,"Bicyclist Right Turn - Opposite Direction",2013,"Yes","No","Dark - Roadway Not Lighted","Straight - Grade","NC Route","Dry","Two-Way, Not Divided","None","No Special Feature","Coarse Asphalt",0,0,0,0,0,0,0,"2 lanes",2,0,NA,0,NA
1582,1693,"Fayetteville","Cumberland","Coastal","Commercial","Urban (>70% Developed)","PVA 3408 MURCHISON RD","Urban","5 - 15 MPH","No Control Present","Clear","No",22,"20-24","No",NA,"Facing Traffic","B: Evident Injury","Sidewalk / Crosswalk / Driveway Crossing","White","Male",24,"20-24","No",NA,"0-5 mph","O: No Injury","Black","Male","Passenger Car","No","05NOV2013","Tuesday","Motorist Right Turn / Merge",20,"Non-Intersection","November","B: Evident Injury",72480,"Motorist Right Turn - Opposite Direction",2013,"No","No","Dark - Lighted Roadway","Straight - Level","Public Vehicular Area","Dry","Two-Way, Not Divided","None","No Special Feature","Coarse Asphalt",0,0,0,0,0,0,0,"2 lanes",2,0,NA,0,NA
1583,1691,"None - Rural Crash","Rowan","Piedmont","Residential","Mixed (30% To 70% Developed)","SR 1915","Rural","40 - 45  MPH","No Control Present","Cloudy","No",16,"16-19","No",NA,"With Traffic","B: Evident Injury","Travel Lane","White","Male",NA,NA,"No",NA,"41-45 mph","Unknown Injury","Unknown/Missing",NA,"Passenger Car","No","13DEC2013","Friday","Motorist Overtaking Bicyclist",21,"Non-Intersection","December","B: Evident Injury",75600,"Motorist Overtaking - Other / Unknown",2013,"Yes","Yes","Dark - Roadway Not Lighted","Straight - Level","State Secondary Route","Dry","Two-Way, Not Divided","None","No Special Feature","Smooth Asphalt",0,0,0,0,0,0,0,"2 lanes",2,0,NA,0,NA
1584,1713,"Chapel Hill","Orange","Piedmont","Commercial","Mixed (30% To 70% Developed)","MARTIN LUTHER KING JR","Urban","30 - 35  MPH","Stop And Go Signal","Clear","No",12,"11-15","No",NA,"Facing Traffic","B: Evident Injury","Travel Lane","Black","Male",18,"0-19","No",NA,"31-35 mph","O: No Injury","White","Male","Passenger Car","No","21NOV2013","Thursday","Bicyclist Failed to Yield - Signalized Intersection",18,"Intersection","November","B: Evident Injury",68160,"Bicyclist Ride Through - Signalized Intersection",2013,"Yes","No","Dark - Lighted Roadway","Straight - Level","Local Street","Dry","Two-Way, Not Divided","None","Four-Way Intersection","Smooth Asphalt",0,0,0,0,0,0,0,"5 lanes",2,0,NA,0,NA
1585,1708,"None - Rural Crash","Wayne","Coastal","Farms, Woods, Pastures","Rural (<30% Developed)","US 13","Rural","50 - 55  MPH","Double Yellow Line, No Passing Zone","Rain","No",23,"20-24","No",NA,"With Traffic","B: Evident Injury","Travel Lane","White","Male",NA,NA,"No",NA,"51-55 mph","Unknown Injury","Unknown/Missing",NA,NA,"No","26DEC2013","Thursday","Parallel Paths - Other Circumstances",9,"Non-Intersection","December","B: Evident Injury",34260,"Parallel Paths - Other / Unknown",2013,"Yes","Yes","Daylight","Straight - Level","US Route","Water (Standing, Moving)","Two-Way, Not Divided","None","No Special Feature","Coarse Asphalt",0,0,0,0,0,0,0,"2 lanes",2,0,NA,0,NA
1586,1719,"Monroe","Union","Piedmont","Commercial","Mixed (30% To 70% Developed)","US 74","Urban","50 - 55  MPH","No Control Present","Clear","No",54,"50-59","No",NA,"With Traffic","C: Possible Injury","Bike Lane / Paved Shoulder","White","Male",57,"50-59","No",NA,"31-35 mph","O: No Injury","Asian","Female","Sport Utility","No","14NOV2013","Thursday","Loss of Control / Turning Error",17,"Non-Intersection","November","C: Possible Injury",61200,"Motorist Lost Control - Other / Unknown",2013,"Yes","No","Daylight","Straight - Grade","US Route","Dry","Two-Way, Divided, Unprotected Median","None","No Special Feature","Smooth Asphalt",0,0,0,0,0,0,0,"4 lanes",2,0,NA,0,NA
1587,1695,"None - Rural Crash","Hoke","Coastal","Residential","Mixed (30% To 70% Developed)","SR 1004","Rural","40 - 45  MPH","Double Yellow Line, No Passing Zone","Clear","No",21,"20-24","No",NA,"With Traffic","B: Evident Injury","Travel Lane","White","Male",60,"60-69","No",NA,"0-5 mph","O: No Injury","Black","Male","Sport Utility","No","17DEC2013","Tuesday","Motorist Left Turn / Merge",16,"Intersection","December","B: Evident Injury",58260,"Motorist Left Turn - Opposite Direction",2013,"Yes","No","Daylight","Straight - Level","State Secondary Route","Dry","Two-Way, Not Divided","None","T-Intersection","Smooth Asphalt",0,0,0,0,0,0,0,"2 lanes",2,0,NA,0,NA
1588,1720,"Raleigh","Wake","Piedmont","Commercial","Urban (>70% Developed)","GLENWOOD AVE","Urban","30 - 35  MPH","Stop And Go Signal","Rain","No",42,"40-49","No",NA,"With Traffic","A: Disabling Injury","Travel Lane","Black","Male",34,"30-39","No",NA,"0-5 mph","O: No Injury","White","Female","Sport Utility","No","29DEC2013","Sunday","Motorist Left Turn / Merge",2,"Intersection","December","A: Disabling Injury",7200,"Motorist Left Turn - Opposite Direction",2013,"Yes","No","Dark - Lighted Roadway","Straight - Grade","Local Street","Wet","Two-Way, Not Divided","None","Four-Way Intersection","Smooth Asphalt",0,0,0,0,0,0,0,"6 lanes",2,0,NA,0,NA
1589,1690,"Winston-Salem","Forsyth","Piedmont","Residential","Urban (>70% Developed)","GLENN AVE","Urban","30 - 35  MPH","No Control Present","Cloudy","No",13,"11-15","No",NA,"Not Applicable","C: Possible Injury","Non-Roadway","Black","Male",NA,"70+","No",NA,"16-20 mph","O: No Injury","Black","Male","Passenger Car","No","05NOV2013","Tuesday","Bicyclist Failed to Yield - Midblock",17,"Non-Intersection","November","C: Possible Injury",62460,"Bicyclist Ride Out - Other Midblock",2013,"Yes","No","Dusk","Curve - Grade","Local Street","Dry","Two-Way, Not Divided","None","Alley Intersection","Smooth Asphalt",0,0,0,0,0,0,0,"2 lanes",2,0,NA,0,NA
1590,1694,"Raleigh","Wake","Piedmont","Commercial","Urban (>70% Developed)","HARRINGSTON ST","Urban","30 - 35  MPH","No Control Present","Clear","No",22,"20-24","No",NA,"With Traffic","B: Evident Injury","Travel Lane","White","Male",66,"60-69","No",NA,"11-15 mph","O: No Injury","White","Female","Van","No","06DEC2013","Friday","Motorist Right Turn / Merge",18,"Non-Intersection","December","B: Evident Injury",66600,"Motorist Right Turn - Same Direction",2013,"Yes","No","Dark - Lighted Roadway","Straight - Level","Local Street","Dry","Two-Way, Not Divided","None","No Special Feature","Smooth Asphalt",0,0,0,0,0,0,0,"2 lanes",2,0,NA,0,NA
1591,1783,"Charlotte","Mecklenburg","Piedmont","Commercial","Urban (>70% Developed)",NA,"Urban","20 - 25  MPH","Stop Sign","Clear","No",21,"20-24","No",NA,"Facing Traffic","C: Possible Injury","Sidewalk / Crosswalk / Driveway Crossing","White","Male",59,"50-59","No",NA,NA,"O: No Injury","White","Female","Sport Utility","No","09FEB2012","Thursday","Motorist Failed to Yield - Sign-Controlled Intersection",12,"Intersection","February","C: Possible Injury",44340,"Motorist Drive Out - Sign-Controlled Intersection",2012,"No","No","Daylight","Straight - Grade","Local Street","Dry","Two-Way, Divided, Positive Median Barrier","None","T-Intersection","Smooth Asphalt",0,0,0,0,0,0,0,"2 lanes",2,0,NA,0,NA
1592,1782,"Asheville","Buncombe","Mountains","Commercial","Urban (>70% Developed)",NA,"Urban","20 - 25  MPH","Stop And Go Signal","Snow, Sleet, Hail, Freezing Rain/Drizzle","No",26,"25-29","No",NA,"With Traffic","C: Possible Injury","Travel Lane","Asian","Female",24,"20-24","Yes",NA,"21-25 mph","O: No Injury","White","Male","Sport Utility","Yes","15JAN2012","Sunday","Motorist Failed to Yield - Signalized Intersection",0,"Intersection","January","C: Possible Injury",3480,"Motorist Drive Through - Signalized Intersection",2012,"No","Yes","Dark - Lighted Roadway","Straight - Level","US Route","Wet","Two-Way, Not Divided","None","On or Off Ramp","Smooth Asphalt",0,0,0,0,0,0,0,"3 lanes",2,0,NA,0,NA
1593,1771,"None - Rural Crash","Scotland","Coastal","Residential","Rural (<30% Developed)",NA,"Rural","50 - 55  MPH","Stop Sign","Clear","No",47,"40-49","Yes",NA,"Facing Traffic","O: No Injury","Travel Lane","Black","Male",23,"20-24","No",NA,"11-15 mph","B: Evident Injury","Native American","Female","Passenger Car","Yes","28JAN2012","Saturday","Motorist Failed to Yield - Sign-Controlled Intersection",18,"Intersection","January","B: Evident Injury",64800,"Motorist Drive Out - Sign-Controlled Intersection",2012,"Yes","No","Dark - Roadway Not Lighted","Straight - Level","State Secondary Route","Dry","Two-Way, Not Divided","None","T-Intersection","Smooth Asphalt",0,0,0,0,0,0,0,"2 lanes",2,0,NA,0,NA
1594,1766,"Walkertown","Forsyth","Piedmont","Residential","Mixed (30% To 70% Developed)",NA,"Rural","40 - 45  MPH","Double Yellow Line, No Passing Zone","Cloudy","No",37,"30-39","No",NA,"With Traffic","B: Evident Injury","Travel Lane","White","Male",46,"40-49","No",NA,"41-45 mph","O: No Injury","White","Male","Truck/Trailer","No","26JAN2012","Thursday","Motorist Overtaking Bicyclist",6,"Non-Intersection","January","B: Evident Injury",22560,"Motorist Overtaking - Other / Unknown",2012,"Yes","No","Dark - Roadway Not Lighted","Straight - Level","NC Route","Dry","Two-Way, Not Divided","None","No Special Feature","Smooth Asphalt",0,0,0,0,0,0,0,"2 lanes",2,0,NA,0,NA
1595,1770,"Huntersville","Mecklenburg","Piedmont","Commercial","Urban (>70% Developed)",NA,"Urban","30 - 35  MPH","Stop Sign","Clear","No",46,"40-49","No",NA,"With Traffic","B: Evident Injury","Bike Lane / Paved Shoulder","White","Male",63,"60-69","No",NA,"0-5 mph","O: No Injury","White","Male","Passenger Car","No","05JAN2012","Thursday","Motorist Failed to Yield - Sign-Controlled Intersection",17,"Intersection","January","B: Evident Injury",61380,"Motorist Drive Out - Sign-Controlled Intersection",2012,"Yes","No","Daylight","Straight - Grade","Local Street","Dry","Two-Way, Not Divided","None","T-Intersection","Smooth Asphalt",0,0,0,0,0,0,0,"3 lanes",2,0,NA,0,NA
1596,1777,"Wrightsville Beach","New Hanover","Coastal","Residential","Urban (>70% Developed)",NA,"Rural","30 - 35  MPH","Double Yellow Line, No Passing Zone","Clear","No",28,"25-29","No",NA,"With Traffic","O: No Injury","Travel Lane","Other","Male",26,"25-29","Missing",NA,"0-5 mph","O: No Injury","White","Male","Police","No","07FEB2012","Tuesday","Bicyclist Overtaking Motorist",20,"Non-Intersection","February","O: No Injury",72300,"Bicyclist Overtaking - Parked Vehicle",2012,"No","No","Dark - Lighted Roadway","Straight - Level","US Route","Dry","Two-Way, Not Divided","None","No Special Feature","Smooth Asphalt",0,0,0,0,0,0,0,"5 lanes",2,0,NA,0,NA
1597,1776,"Charlotte","Mecklenburg","Piedmont","Residential","Urban (>70% Developed)",NA,"Urban","20 - 25  MPH","No Control Present","Clear","No",37,"30-39","No",NA,"With Traffic","B: Evident Injury","Travel Lane","White","Male",31,"30-39","No",NA,"21-25 mph","O: No Injury","White","Male","Passenger Car","No","28JAN2012","Saturday","Motorist Left Turn / Merge",0,"Intersection","January","B: Evident Injury",2460,"Motorist Left Turn - Opposite Direction",2012,"Yes","No","Dark - Lighted Roadway","Curve - Level","Local Street","Dry","Two-Way, Not Divided","None","T-Intersection","Smooth Asphalt",0,0,0,0,0,0,0,"2 lanes",2,0,NA,0,NA
1598,1806,"Raleigh","Wake","Piedmont","Institutional","Urban (>70% Developed)",NA,"Urban","5 - 15 MPH","No Control Present","Clear","No",21,"20-24","No",NA,"With Traffic","B: Evident Injury","Travel Lane","White","Male",21,"20-24","No",NA,"0-5 mph","O: No Injury","Black","Male","Passenger Car","No","15FEB2012","Wednesday","Bicyclist Overtaking Motorist",11,"Intersection","February","B: Evident Injury",39600,"Bicyclist Overtaking - Passing on Left",2012,"No","No","Daylight","Straight - Level","Local Street","Dry","One-Way, Not Divided","None","T-Intersection","Smooth Asphalt",0,0,0,0,0,0,0,"1 lane",2,0,NA,0,NA
1599,1785,"Cary","Wake","Piedmont","Commercial","Mixed (30% To 70% Developed)",NA,"Urban","5 - 15 MPH","Stop Sign","Cloudy","No",40,"40-49","No",NA,"Not Applicable","B: Evident Injury","Non-Roadway","White","Male",56,"50-59","No",NA,"0-5 mph","O: No Injury","Black","Male","Pickup","No","20JAN2012","Friday","Non-Roadway",12,"Non-Roadway","January","B: Evident Injury",46620,"Non-Roadway",2012,"No","No","Daylight","Straight - Level","Public Vehicular Area","Dry","Two-Way, Not Divided","None","Driveway, Public","Smooth Asphalt",0,0,0,0,0,0,0,"1 lane",2,0,NA,0,NA
1600,1727,"High Point","Guilford","Piedmont","Institutional","Urban (>70% Developed)","N ELM ST","Urban","30 - 35  MPH","Flashing Signal With Stop Sign","Snow, Sleet, Hail, Freezing Rain/Drizzle","No",53,"50-59","No",NA,"With Traffic","C: Possible Injury","Travel Lane","Black","Male",23,"20-24","No",NA,"31-35 mph","O: No Injury","White","Female","Passenger Car","No","27NOV2013","Wednesday","Bicyclist Failed to Yield - Sign-Controlled Intersection",11,"Intersection","November","C: Possible Injury",42720,"Bicyclist Ride Through - Sign-Controlled Intersection",2013,"Yes","No","Daylight","Straight - Level","Local Street","Wet","Two-Way, Not Divided","None","Four-Way Intersection","Smooth Asphalt",0,0,0,0,0,0,0,"4 lanes",2,0,NA,0,NA
1601,4188,"Clinton","Sampson","Coastal","Residential","Urban (>70% Developed)",NA,"Urban","30 - 35  MPH","Stop Sign","Clear","No",8,"6-10","No",NA,"With Traffic","C: Possible Injury","Travel Lane","Black","Male",62,"60-69","No",NA,"31-35 mph","O: No Injury","White","Female","Passenger Car","No","09AUG2010","Monday","Bicyclist Failed to Yield - Sign-Controlled Intersection",18,"Intersection","August","C: Possible Injury",65940,"Bicyclist Ride Through - Sign-Controlled Intersection",2010,"No","No","Daylight","Straight - Level","Local Street","Dry","Two-Way, Not Divided","None","Four-Way Intersection","Coarse Asphalt",0,0,0,0,0,0,0,"2 lanes",2,0,NA,0,NA
1602,4190,"Hendersonville","Henderson","Mountains","Commercial","Urban (>70% Developed)",NA,"Urban","20 - 25  MPH","No Control Present","Clear","No",25,"25-29","No",NA,"With Traffic","C: Possible Injury","Travel Lane","White","Male",59,"50-59","No",NA,"21-25 mph","O: No Injury","White","Female","Passenger Car","No","02JUL2010","Friday","Bicyclist Left Turn / Merge",15,"Intersection","July","C: Possible Injury",55680,"Bicyclist Left Turn - Same Direction",2010,"Yes","No","Daylight","Straight - Level","Local Street","Dry","Two-Way, Not Divided","None","No Special Feature","Smooth Asphalt",0,0,0,0,0,0,0,"2 lanes",2,0,NA,0,NA
1603,4193,"Wilmington","New Hanover","Coastal","Residential","Urban (>70% Developed)",NA,"Urban","20 - 25  MPH","No Control Present","Cloudy","No",NA,NA,"Missing",NA,"Not Applicable","Unknown Injury","Travel Lane","Unknown/Missing",NA,NA,NA,"Missing",NA,NA,"Unknown Injury","Unknown/Missing",NA,NA,"No","01AUG2010","Sunday","Bicyclist Failed to Yield - Midblock",14,"Non-Intersection","August","B: Evident Injury",52080,"Bicyclist Ride Out - Other Midblock",2010,"No","Yes","Daylight","Straight - Level","Local Street","Dry","Two-Way, Not Divided","None","No Special Feature","Smooth Asphalt",0,0,0,0,0,0,0,"2 lanes",2,0,NA,0,NA
1604,4202,"None - Rural Crash","Durham","Piedmont","Farms, Woods, Pastures","Rural (<30% Developed)",NA,"Rural","40 - 45  MPH","Stop Sign","Clear","No",37,"30-39","No",NA,"With Traffic","B: Evident Injury","Travel Lane","White","Male",NA,"70+","No",NA,"0-5 mph","O: No Injury","White","Male","Sport Utility","No","13AUG2010","Friday","Motorist Failed to Yield - Sign-Controlled Intersection",18,"Intersection","August","B: Evident Injury",64800,"Motorist Drive Out - Sign-Controlled Intersection",2010,"No","No","Daylight","Curve - Grade","State Secondary Route","Dry","Two-Way, Not Divided","None","Four-Way Intersection","Coarse Asphalt",0,0,0,0,0,0,0,"2 lanes",2,0,NA,0,NA
1605,4213,"High Point","Guilford","Piedmont","Residential","Urban (>70% Developed)",NA,"Urban","30 - 35  MPH","Stop And Go Signal","Clear","No",36,"30-39","No",NA,"Facing Traffic","C: Possible Injury","Travel Lane","Black","Male",39,"30-39","No",NA,"6-10 mph","O: No Injury","White","Male","Pickup","No","26JUL2010","Monday","Crossing Paths - Other Circumstances",8,"Intersection","July","C: Possible Injury",31920,"Signalized Intersection - Other / Unknown",2010,"Yes","No","Daylight","Straight - Level","Local Street","Dry","Two-Way, Not Divided","None","Four-Way Intersection","Smooth Asphalt",0,0,0,0,0,0,0,"4 lanes",2,0,NA,0,NA
1606,4215,"Kitty Hawk","Dare","Coastal","Commercial","Urban (>70% Developed)",NA,"Rural","50 - 55  MPH","Stop And Go Signal","Clear","No",16,"16-19","No",NA,"With Traffic","B: Evident Injury","Multi-use Path","White","Male",50,"50-59","No",NA,"0-5 mph","O: No Injury","White","Male","Passenger Car","No","05JUL2010","Monday","Bicyclist Failed to Yield - Sign-Controlled Intersection",18,"Intersection","July","B: Evident Injury",65220,"Bicyclist Ride Through - Sign-Controlled Intersection",2010,"Yes","No","Daylight","Straight - Bottom","US Route","Dry","Two-Way, Not Divided","None","Four-Way Intersection","Coarse Asphalt",0,0,0,0,0,0,0,"7 lanes",2,0,NA,0,NA
1607,4216,"Greensboro","Guilford","Piedmont","Residential","Urban (>70% Developed)",NA,"Urban","30 - 35  MPH","Stop And Go Signal","Clear","No",37,"30-39","No",NA,"With Traffic","B: Evident Injury","Sidewalk / Crosswalk / Driveway Crossing","White","Female",23,"20-24","No",NA,"11-15 mph","O: No Injury","White","Male","Pickup","No","07AUG2010","Saturday","Motorist Left Turn / Merge",10,"Intersection","August","B: Evident Injury",36120,"Motorist Left Turn - Opposite Direction",2010,"Yes","No","Daylight","Straight - Grade","Local Street","Dry","Two-Way, Not Divided","None","No Special Feature","Smooth Asphalt",0,0,0,0,0,0,0,"5 lanes",2,0,NA,0,NA