"...1","object_id","city","county","region","development","locality","on_road","rural_urban","speed_limit","traffic_control","weather","workzone","bike_age","bike_age_group","bike_alcohol","bike_alcohol_drugs","bike_direction","bike_injury","bike_position","bike_race","bike_sex","driver_age","driver_age_group","driver_alcohol","driver_alcohol_drugs","driver_est_speed","driver_injury","driver_race","driver_sex","driver_vehicle_type","crash_alcohol","crash_date","crash_day","crash_group","crash_hour","crash_location","crash_month","crash_severity","crash_time","crash_type","crash_year","ambulance_req","hit_run","light_condition","road_character","road_class","road_condition","road_configuration","road_defects","road_feature","road_surface","num_bikes_ai","num_bikes_bi","num_bikes_ci","num_bikes_ki","num_bikes_no","num_bikes_to","num_bikes_ui","num_lanes","num_units","distance_mi_from","frm_road","rte_invd_cd","towrd_road"
1608,4224,"Wilmington","New Hanover","Coastal","Commercial","Mixed (30% To 70% Developed)",NA,"Urban","40 - 45  MPH","Stop And Go Signal","Clear","No",27,"25-29","No",NA,"With Traffic","C: Possible Injury","Travel Lane","White","Male",27,"25-29","No",NA,"21-25 mph","O: No Injury","White","Female","Passenger Car","No","06AUG2010","Friday","Motorist Left Turn / Merge",7,"Intersection","August","C: Possible Injury",28140,"Motorist Left Turn - Opposite Direction",2010,"Yes","No","Daylight","Straight - Level","Local Street","Dry","Two-Way, Not Divided","None","No Special Feature","Coarse Asphalt",0,0,0,0,0,0,0,"5 lanes",2,0,NA,0,NA
1609,4226,"Asheville","Buncombe","Mountains","Residential","Urban (>70% Developed)",NA,"Urban","20 - 25  MPH","Stop Sign","Clear","No",18,"16-19","No",NA,"With Traffic","B: Evident Injury","Travel Lane","Black","Male",33,"30-39","No",NA,"21-25 mph","O: No Injury","White","Female","Sport Utility","No","29JUL2010","Thursday","Bicyclist Failed to Yield - Sign-Controlled Intersection",19,"Intersection","July","B: Evident Injury",70740,"Bicyclist Ride Through - Sign-Controlled Intersection",2010,"No","No","Daylight","Straight - Hillcrest","Local Street","Dry","Two-Way, Not Divided","None","T-Intersection","Coarse Asphalt",0,0,0,0,0,0,0,"2 lanes",2,0,NA,0,NA
1610,4230,"Asheboro","Randolph","Piedmont","Residential","Urban (>70% Developed)",NA,"Urban","30 - 35  MPH","No Control Present","Clear","No",38,"30-39","No",NA,"With Traffic","C: Possible Injury","Travel Lane","White","Male",NA,"70+","No",NA,"16-20 mph","O: No Injury","White","Male","Passenger Car","No","08AUG2010","Sunday","Motorist Failed to Yield - Sign-Controlled Intersection",18,"Intersection","August","C: Possible Injury",66900,"Motorist Drive Through - Sign-Controlled Intersection",2010,"No","No","Daylight","Straight - Grade","Local Street","Dry","Two-Way, Not Divided","None","Four-Way Intersection","Smooth Asphalt",0,0,0,0,0,0,0,"2 lanes",2,0,NA,0,NA
1611,4231,"Goldsboro","Wayne","Coastal","Commercial","Urban (>70% Developed)",NA,"Urban","30 - 35  MPH","No Control Present","Clear","No",21,"20-24","No",NA,"Facing Traffic","B: Evident Injury","Sidewalk / Crosswalk / Driveway Crossing","Black","Male",22,"20-24","No",NA,"21-25 mph","O: No Injury","Black","Female","Passenger Car","No","30JUL2010","Friday","Parallel Paths - Other Circumstances",14,"Non-Intersection","July","B: Evident Injury",52080,"Bicyclist Ride Out - Parallel Path",2010,"Yes","No","Daylight","Straight - Level","Local Street","Dry","Two-Way, Not Divided","None","No Special Feature","Coarse Asphalt",0,0,0,0,0,0,0,"2 lanes",2,0,NA,0,NA
1612,4233,"Oak Island","Brunswick","Coastal","Residential","Urban (>70% Developed)",NA,"Urban","30 - 35  MPH","No Control Present","Clear","No",9,"6-10","No",NA,"With Traffic","B: Evident Injury","Travel Lane","White","Male",16,"0-19","No",NA,"21-25 mph","O: No Injury","White","Female","Passenger Car","No","19JUL2010","Monday","Crossing Paths - Other Circumstances",20,"Intersection","July","B: Evident Injury",72000,"Crossing Paths - Intersection - Other / Unknown",2010,"Yes","No","Dusk","Straight - Level","Local Street","Dry","Two-Way, Not Divided","None","Four-Way Intersection","Grooved Concrete",0,0,0,0,0,0,0,"2 lanes",2,0,NA,0,NA
1613,4235,"Durham","Durham","Piedmont","Commercial","Urban (>70% Developed)",NA,"Urban","30 - 35  MPH","Stop Sign","Cloudy","No",51,"50-59","No",NA,"With Traffic","C: Possible Injury","Travel Lane","White","Male",44,"40-49","No",NA,"0-5 mph","O: No Injury","Black","Female","Passenger Car","No","20AUG2010","Friday","Motorist Failed to Yield - Sign-Controlled Intersection",2,"Intersection","August","C: Possible Injury",7260,"Motorist Drive Out - Sign-Controlled Intersection",2010,"Yes","No","Dark - Lighted Roadway","Straight - Level","Local Street","Dry","Two-Way, Not Divided","None","No Special Feature","Smooth Asphalt",0,0,0,0,0,0,0,"3 lanes",2,0,NA,0,NA
1614,4238,"Jacksonville","Onslow","Coastal","Commercial","Urban (>70% Developed)",NA,"Urban","5 - 15 MPH","No Control Present","Clear","No",24,"20-24","No",NA,"Not Applicable","O: No Injury","Non-Roadway","White","Male",34,"30-39","No",NA,"11-15 mph","O: No Injury","Black","Female","Passenger Car","No","10AUG2010","Tuesday","Non-Roadway",15,"Non-Roadway","August","O: No Injury",56700,"Non-Roadway",2010,"No","No","Daylight","Straight - Level","Public Vehicular Area","Dry","Two-Way, Not Divided","None","No Special Feature","Smooth Asphalt",0,0,0,0,0,0,0,NA,2,0,NA,0,NA
1615,4239,"Fayetteville","Cumberland","Coastal","Residential","Urban (>70% Developed)",NA,"Urban","20 - 25  MPH","No Control Present","Clear","No",17,"16-19","No",NA,"Facing Traffic","C: Possible Injury","Travel Lane","Black","Male",NA,"70+","No",NA,"0-5 mph","O: No Injury","White","Male","Passenger Car","No","09AUG2010","Monday","Head-On",17,"Non-Intersection","August","C: Possible Injury",62940,"Head-On - Bicyclist",2010,"Yes","No","Daylight","Straight - Level","Local Street","Dry","Two-Way, Divided, Positive Median Barrier","None","No Special Feature","Coarse Asphalt",0,0,0,0,0,0,0,"2 lanes",2,0,NA,0,NA
1616,4241,"Marietta","Robeson","Coastal","Residential","Mixed (30% To 70% Developed)",NA,"Rural","40 - 45  MPH","No Control Present","Clear","No",29,"25-29","No",NA,"With Traffic","B: Evident Injury","Travel Lane","Black","Male",33,"30-39","No",NA,"31-35 mph","O: No Injury","Black","Female","Passenger Car","No","12AUG2010","Thursday","Other / Unusual Circumstances",0,"Non-Intersection","August","B: Evident Injury",2100,"Unusual Circumstances",2010,"Yes","No","Dark - Roadway Not Lighted","Straight - Level","State Secondary Route","Dry","Two-Way, Not Divided","None","No Special Feature","Smooth Asphalt",0,0,0,0,0,0,0,"2 lanes",2,0,NA,0,NA
1617,4244,"Charlotte","Mecklenburg","Piedmont","Residential","Urban (>70% Developed)",NA,"Urban","40 - 45  MPH","Yield Sign","Clear","No",36,"30-39","No",NA,"Facing Traffic","C: Possible Injury","Travel Lane","Black","Male",26,"25-29","No",NA,"16-20 mph","O: No Injury","Black","Female","Passenger Car","No","13AUG2010","Friday","Motorist Failed to Yield - Sign-Controlled Intersection",15,"Intersection","August","C: Possible Injury",55200,"Motorist Drive Out - Sign-Controlled Intersection",2010,"Yes","No","Daylight","Straight - Level","Local Street","Dry","Two-Way, Not Divided","None","No Special Feature","Smooth Asphalt",0,0,0,0,0,0,0,"4 lanes",2,0,NA,0,NA
1618,4245,"Charlotte","Mecklenburg","Piedmont","Residential","Urban (>70% Developed)",NA,"Urban","20 - 25  MPH","Stop Sign","Clear","No",56,"50-59","No",NA,NA,"B: Evident Injury","Travel Lane","Black","Male",48,"40-49","No",NA,"21-25 mph","O: No Injury","Black","Female","Sport Utility","No","13AUG2010","Friday","Bicyclist Failed to Yield - Sign-Controlled Intersection",13,"Intersection","August","B: Evident Injury",47760,"Bicyclist Ride Through - Sign-Controlled Intersection",2010,"Yes","No","Daylight","Straight - Level","Local Street","Dry","Two-Way, Not Divided","Rut, Holes, Bumps","Four-Way Intersection","Smooth Asphalt",0,0,0,0,0,0,0,"2 lanes",2,0,NA,0,NA
1619,4254,"Hickory","Catawba","Piedmont","Residential","Urban (>70% Developed)",NA,"Urban","30 - 35  MPH","Stop And Go Signal","Clear","No",22,"20-24","No",NA,"Facing Traffic","C: Possible Injury","Sidewalk / Crosswalk / Driveway Crossing","White","Female",68,"60-69","No",NA,NA,"O: No Injury","White","Female","Passenger Car","No","13AUG2010","Friday","Motorist Failed to Yield - Signalized Intersection",20,"Intersection","August","C: Possible Injury",73860,"Motorist Drive Out - Signalized Intersection",2010,"Yes","No","Dark - Lighted Roadway","Straight - Level","Local Street","Dry","One-Way, Not Divided","None","Four-Way Intersection","Smooth Asphalt",0,0,0,0,0,0,0,"3 lanes",2,0,NA,0,NA
1620,4255,"Eden","Rockingham","Piedmont","Residential","Urban (>70% Developed)",NA,"Urban","30 - 35  MPH","No Control Present","Clear","No",27,"25-29","Yes",NA,"With Traffic","K: Killed","Travel Lane","White","Male",20,"20-24","No",NA,"31-35 mph","O: No Injury","Black","Male","Passenger Car","Yes","17AUG2010","Tuesday","Bicyclist Failed to Yield - Sign-Controlled Intersection",3,"Intersection","August","K: Killed",13260,"Bicyclist Ride Through - Sign-Controlled Intersection",2010,"Yes","Yes","Dark - Lighted Roadway","Straight - Level","Local Street","Dry","Two-Way, Not Divided","None","No Special Feature","Smooth Asphalt",0,0,0,0,0,0,0,"2 lanes",3,0,NA,0,NA
1621,4258,"Nags Head","Dare","Coastal","Commercial","Mixed (30% To 70% Developed)",NA,"Rural","50 - 55  MPH","Stop And Go Signal","Clear","No",55,"50-59","No",NA,"Facing Traffic","B: Evident Injury","Travel Lane","White","Male",31,"30-39","No",NA,"6-10 mph","O: No Injury","White","Male","Sport Utility","No","12JUN2010","Saturday","Bicyclist Failed to Yield - Signalized Intersection",21,"Intersection","June","B: Evident Injury",77220,"Bicyclist Ride Through - Signalized Intersection",2010,"Yes","No","Dark - Lighted Roadway","Straight - Level","US Route","Dry","Two-Way, Divided, Unprotected Median","None","Four-Way Intersection","Coarse Asphalt",0,0,0,0,0,0,0,"5 lanes",2,0,NA,0,NA
1622,4261,"None - Rural Crash","Warren","Piedmont","Farms, Woods, Pastures","Rural (<30% Developed)",NA,"Rural","50 - 55  MPH","Double Yellow Line, No Passing Zone","Clear","No",42,"40-49","No",NA,"With Traffic","C: Possible Injury","Travel Lane","White","Male",NA,"70+","No",NA,"16-20 mph","O: No Injury","White","Male","Passenger Car","No","08AUG2010","Sunday","Motorist Overtaking Bicyclist",13,"Non-Intersection","August","C: Possible Injury",48480,"Motorist Overtaking - Misjudged Space",2010,"Yes","No","Daylight","Straight - Level","NC Route","Dry","Two-Way, Not Divided","None","No Special Feature","Smooth Asphalt",0,0,0,0,0,0,0,"2 lanes",2,0,NA,0,NA
1623,4265,"Charlotte","Mecklenburg","Piedmont","Residential","Urban (>70% Developed)",NA,"Urban","30 - 35  MPH","No Control Present","Cloudy","No",52,"50-59","No",NA,"With Traffic","C: Possible Injury","Travel Lane","White","Male",43,"40-49","No",NA,"0-5 mph","O: No Injury","White","Male","Sport Utility","No","21AUG2010","Saturday","Motorist Left Turn / Merge",7,"Non-Intersection","August","C: Possible Injury",28200,"Motorist Left Turn - Opposite Direction",2010,"Yes","No","Daylight","Straight - Grade","Local Street","Dry","Two-Way, Not Divided","None","No Special Feature","Smooth Asphalt",0,0,0,0,0,0,0,"2 lanes",2,0,NA,0,NA
1624,4267,"Charlotte","Mecklenburg","Piedmont","Residential","Urban (>70% Developed)",NA,"Urban","40 - 45  MPH","Stop And Go Signal","Cloudy","No",33,"30-39","No",NA,"With Traffic","B: Evident Injury","Travel Lane","White","Male",NA,"70+","No",NA,"11-15 mph","O: No Injury","Hispanic","Male","Passenger Car","No","19AUG2010","Thursday","Bicyclist Left Turn / Merge",5,"Intersection","August","B: Evident Injury",18840,"Bicyclist Left Turn - Opposite Direction",2010,"Yes","No","Dark - Lighted Roadway","Straight - Level","NC Route","Wet","Two-Way, Not Divided","None","Four-Way Intersection","Smooth Asphalt",0,0,0,0,0,0,0,"4 lanes",2,0,NA,0,NA
1625,4272,"Charlotte","Mecklenburg","Piedmont","Commercial","Urban (>70% Developed)",NA,"Urban","20 - 25  MPH","Stop Sign","Cloudy","No",17,"16-19","No",NA,"Facing Traffic","C: Possible Injury","Sidewalk / Crosswalk / Driveway Crossing","Black","Female",31,"30-39","No",NA,NA,"O: No Injury","White","Female","Passenger Car","No","19AUG2010","Thursday","Loss of Control / Turning Error",7,"Intersection","August","C: Possible Injury",28380,"Bicyclist Lost Control - Other / Unknown",2010,"Yes","No","Daylight","Straight - Level","Local Street","Wet","Two-Way, Divided, Positive Median Barrier","None","T-Intersection","Smooth Asphalt",0,0,0,0,0,0,0,"2 lanes",2,0,NA,0,NA
1626,4274,"Hickory","Catawba","Piedmont","Residential","Urban (>70% Developed)",NA,"Urban","20 - 25  MPH","Stop Sign","Clear","No",14,"11-15","No",NA,"With Traffic","B: Evident Injury","Travel Lane","Black","Male",38,"30-39","No",NA,"21-25 mph","O: No Injury","White","Male","Passenger Car","No","22AUG2010","Sunday","Bicyclist Failed to Yield - Signalized Intersection",12,"Intersection","August","B: Evident Injury",45660,"Bicyclist Ride Through - Signalized Intersection",2010,"Yes","No","Daylight","Straight - Grade","Local Street","Dry","Two-Way, Not Divided","None","Four-Way Intersection","Smooth Asphalt",0,0,0,0,0,0,0,"2 lanes",2,0,NA,0,NA
1627,4279,"None - Rural Crash","Wake","Piedmont","Residential","Mixed (30% To 70% Developed)",NA,"Rural","40 - 45  MPH","Double Yellow Line, No Passing Zone","Clear","No",48,"40-49","No",NA,"With Traffic","B: Evident Injury","Travel Lane","White","Male",32,"30-39","No",NA,"11-15 mph","O: No Injury","White","Male","Pickup","No","31AUG2010","Tuesday","Motorist Left Turn / Merge",6,"Intersection","August","B: Evident Injury",21780,"Motorist Left Turn - Opposite Direction",2010,"Yes","No","Dark - Roadway Not Lighted","Straight - Grade","State Secondary Route","Dry","Two-Way, Not Divided","None","No Special Feature","Smooth Asphalt",0,0,0,0,0,0,0,"2 lanes",2,0,NA,0,NA
1628,4283,"Greensboro","Guilford","Piedmont","Institutional","Urban (>70% Developed)",NA,"Urban","20 - 25  MPH","No Control Present","Cloudy","No",21,"20-24","No",NA,"With Traffic","C: Possible Injury","Bike Lane / Paved Shoulder","White","Male",25,"25-29","No",NA,"0-5 mph","O: No Injury","White","Female","Pickup","No","25AUG2010","Wednesday","Motorist Right Turn / Merge",18,"Non-Intersection","August","C: Possible Injury",66540,"Motorist Right Turn - Same Direction",2010,"Yes","No","Daylight","Straight - Level","Local Street","Dry","Two-Way, Divided, Positive Median Barrier","None","Driveway, Public","Smooth Asphalt",0,0,0,0,0,0,0,"2 lanes",2,0,NA,0,NA
1629,4286,"Charlotte","Mecklenburg","Piedmont","Residential","Urban (>70% Developed)",NA,"Urban","5 - 15 MPH","Stop Sign","Clear","No",52,"50-59","No",NA,"Facing Traffic","C: Possible Injury","Sidewalk / Crosswalk / Driveway Crossing","Black","Male",31,"30-39","No",NA,"6-10 mph","O: No Injury","Black","Male","Passenger Car","No","24AUG2010","Tuesday","Motorist Failed to Yield - Sign-Controlled Intersection",17,"Intersection","August","C: Possible Injury",63120,"Motorist Drive Out - Sign-Controlled Intersection",2010,"No","No","Daylight","Straight - Level","Local Street","Dry","Two-Way, Divided, Unprotected Median","None","T-Intersection","Smooth Asphalt",0,0,0,0,0,0,0,"2 lanes",2,0,NA,0,NA
1630,4293,"Weldon","Halifax","Coastal","Farms, Woods, Pastures","Mixed (30% To 70% Developed)",NA,"Rural","40 - 45  MPH","No Control Present","Clear","No",55,"50-59","No",NA,"With Traffic","Unknown Injury","Travel Lane","White","Male",NA,"70+","No",NA,"41-45 mph","Unknown Injury","Black","Male","Passenger Car","No","04SEP2010","Saturday","Motorist Overtaking Bicyclist",7,"Non-Intersection","September","Unknown Injury",27900,"Motorist Overtaking - Other / Unknown",2010,"Yes","Yes","Daylight","Straight - Level",NA,"Dry","Two-Way, Divided, Unprotected Median","None","No Special Feature","Concrete",0,0,0,0,0,0,0,"2 lanes",5,0,NA,0,NA
1631,4300,"Fayetteville","Cumberland","Coastal","Commercial","Urban (>70% Developed)",NA,"Urban",NA,"Stop Sign","Clear","No",39,"30-39","No",NA,"Facing Traffic","C: Possible Injury","Sidewalk / Crosswalk / Driveway Crossing","Black","Male",27,"25-29","No",NA,NA,"O: No Injury","Hispanic","Female","Pickup","No","01SEP2010","Wednesday","Motorist Failed to Yield - Sign-Controlled Intersection",9,"Intersection","September","C: Possible Injury",35940,"Motorist Drive Out - Sign-Controlled Intersection",2010,"No","No","Daylight","Straight - Level","Local Street","Dry","Two-Way, Not Divided","None","No Special Feature","Coarse Asphalt",0,0,0,0,0,0,0,"2 lanes",2,0,NA,0,NA
1632,4304,"Burlington","Alamance","Piedmont","Commercial","Urban (>70% Developed)",NA,"Urban","30 - 35  MPH","Stop And Go Signal","Clear","No",46,"40-49","Yes",NA,"Facing Traffic","B: Evident Injury","Travel Lane","Black","Male",50,"50-59","No",NA,"21-25 mph","O: No Injury","White","Male","Passenger Car","Yes","02SEP2010","Thursday","Bicyclist Failed to Yield - Signalized Intersection",13,"Intersection-Related","September","B: Evident Injury",47160,"Bicyclist Ride Through - Signalized Intersection",2010,"Yes","No","Daylight","Straight - Level","NC Route","Dry","Two-Way, Not Divided","None","T-Intersection","Smooth Asphalt",0,0,0,0,0,0,0,"4 lanes",2,0,NA,0,NA
1633,4309,"Dallas","Gaston","Piedmont","Residential","Urban (>70% Developed)",NA,"Rural","20 - 25  MPH","Stop Sign","Clear","No",12,"11-15","No",NA,"With Traffic","B: Evident Injury","Travel Lane","White","Male",NA,"70+","No",NA,"16-20 mph","C: Possible Injury","Black","Female","Passenger Car","No","13AUG2010","Friday","Bicyclist Failed to Yield - Sign-Controlled Intersection",17,"Intersection","August","B: Evident Injury",63060,"Bicyclist Ride Out - Sign-Controlled Intersection",2010,"Yes","No","Daylight","Straight - Bottom","Local Street","Dry","Two-Way, Not Divided","None","T-Intersection","Smooth Asphalt",0,0,0,0,0,0,0,"2 lanes",2,0,NA,0,NA
1634,4316,"Cary","Wake","Piedmont","Residential","Urban (>70% Developed)",NA,"Urban","20 - 25  MPH","Stop Sign","Clear","No",31,"30-39","Yes",NA,"With Traffic","O: No Injury","Travel Lane","Hispanic","Male",43,"40-49","No",NA,"16-20 mph","O: No Injury","Asian","Male","Light Truck (Mini-Van, Panel)","Yes","10SEP2010","Friday","Bicyclist Failed to Yield - Sign-Controlled Intersection",22,"Intersection","September","O: No Injury",79740,"Bicyclist Ride Through - Sign-Controlled Intersection",2010,"No","No","Dark - Lighted Roadway","Straight - Level","Local Street","Dry","Two-Way, Not Divided","None","Four-Way Intersection","Smooth Asphalt",0,0,0,0,0,0,0,"2 lanes",2,0,NA,0,NA
1635,4321,"None - Rural Crash","Robeson","Coastal","Residential","Rural (<30% Developed)",NA,"Rural","50 - 55  MPH","Double Yellow Line, No Passing Zone","Clear","No",42,"40-49","Yes",NA,"With Traffic","C: Possible Injury","Travel Lane","Native American","Male",28,"25-29","No",NA,"41-45 mph","O: No Injury","Native American","Male","Passenger Car","Yes","13SEP2010","Monday","Motorist Overtaking Bicyclist",19,"Non-Intersection","September","C: Possible Injury",71880,"Motorist Overtaking - Bicyclist Swerved",2010,"Yes","No","Dark - Roadway Not Lighted","Straight - Level","NC Route","Dry","Two-Way, Not Divided","None","No Special Feature","Coarse Asphalt",0,0,0,0,0,0,0,"2 lanes",2,0,NA,0,NA
1636,4326,"Durham","Durham","Piedmont","Commercial","Urban (>70% Developed)",NA,"Urban","20 - 25  MPH","Stop And Go Signal","Clear","No",29,"25-29","No",NA,"With Traffic","B: Evident Injury","Travel Lane","White","Male",43,"40-49","No",NA,"6-10 mph","C: Possible Injury","Black","Male","Motorcycle","No","13SEP2010","Monday","Motorist Left Turn / Merge",18,"Intersection","September","B: Evident Injury",65520,"Motorist Left Turn - Opposite Direction",2010,"Yes","No","Daylight","Straight - Grade","Local Street","Dry","Two-Way, Divided, Unprotected Median","None","Four-Way Intersection","Smooth Asphalt",0,0,0,0,0,0,0,"5 lanes",2,0,NA,0,NA
1637,4334,"Leland","Brunswick","Coastal","Residential","Urban (>70% Developed)",NA,"Rural","40 - 45  MPH","No Control Present","Clear","No",44,"40-49","No",NA,"Facing Traffic","B: Evident Injury","Travel Lane","Hispanic","Male",NA,NA,"Missing",NA,"41-45 mph","Unknown Injury","Unknown/Missing",NA,NA,"No","28AUG2010","Saturday","Head-On",20,"Non-Intersection","August","B: Evident Injury",74280,"Head-On - Bicyclist",2010,"Yes","Yes","Dark - Roadway Not Lighted","Straight - Level","Local Street","Dry","Two-Way, Not Divided","None","No Special Feature","Smooth Asphalt",0,0,0,0,0,0,0,"2 lanes",2,0,NA,0,NA
1638,4341,"None - Rural Crash","Caldwell","Mountains","Farms, Woods, Pastures","Rural (<30% Developed)",NA,"Rural","50 - 55  MPH","Double Yellow Line, No Passing Zone","Clear","No",41,"40-49","No",NA,"With Traffic","B: Evident Injury","Travel Lane","White","Male",53,"50-59","No",NA,"0-5 mph","O: No Injury","White","Male","Motorcycle","No","19SEP2010","Sunday","Motorist Left Turn / Merge",9,"Non-Intersection","September","B: Evident Injury",34320,"Motorist Left Turn - Same Direction",2010,"Yes","No","Daylight","Straight - Grade","State Secondary Route","Dry","Two-Way, Not Divided","None","No Special Feature","Smooth Asphalt",0,0,0,0,0,0,0,"2 lanes",2,0,NA,0,NA
1639,4346,"Washington","Beaufort","Coastal","Commercial","Urban (>70% Developed)",NA,"Urban","40 - 45  MPH","No Control Present","Clear","No",52,"50-59","No",NA,"Facing Traffic","C: Possible Injury","Travel Lane","White","Male",17,"0-19","No",NA,"0-5 mph","O: No Injury","Black","Female","Passenger Car","No","14SEP2010","Tuesday","Motorist Failed to Yield - Midblock",14,"Non-Intersection","September","C: Possible Injury",51240,"Motorist Drive Out - Commercial Driveway / Alley",2010,"Yes","No","Daylight","Straight - Level","Local Street","Dry","Two-Way, Not Divided","None","Driveway, Public","Coarse Asphalt",0,0,0,0,0,0,0,"5 lanes",2,0,NA,0,NA
1640,4350,"Charlotte","Mecklenburg","Piedmont","Commercial","Mixed (30% To 70% Developed)",NA,"Urban","5 - 15 MPH","Stop Sign","Clear","No",12,"11-15","No",NA,"Facing Traffic","O: No Injury","Travel Lane","Black","Male",19,"0-19","No",NA,"0-5 mph","O: No Injury","White","Female","Passenger Car","No","09SEP2010","Thursday","Motorist Failed to Yield - Sign-Controlled Intersection",21,"Intersection","September","O: No Injury",77640,"Motorist Drive Out - Sign-Controlled Intersection",2010,"No","No","Dark - Lighted Roadway","Straight - Level","Public Vehicular Area","Dry","Two-Way, Divided, Unprotected Median","None","No Special Feature","Smooth Asphalt",0,0,0,0,0,0,0,"2 lanes",2,0,NA,0,NA
1641,4353,"Boone","Watauga","Mountains","Institutional","Urban (>70% Developed)",NA,"Urban","20 - 25  MPH","Double Yellow Line, No Passing Zone","Clear","No",24,"20-24","No",NA,"With Traffic","B: Evident Injury","Bike Lane / Paved Shoulder","White","Male",25,"25-29","No",NA,"6-10 mph","O: No Injury","White","Female","Passenger Car","No","17SEP2010","Friday","Motorist Left Turn / Merge",11,"Non-Intersection","September","B: Evident Injury",42480,"Motorist Left Turn - Opposite Direction",2010,"No","No","Daylight","Straight - Level","Local Street","Dry","Two-Way, Not Divided","None","No Special Feature","Smooth Asphalt",0,0,0,0,0,0,0,"4 lanes",2,0,NA,0,NA
1642,4358,"Concord","Cabarrus","Piedmont","Commercial","Mixed (30% To 70% Developed)",NA,"Urban","30 - 35  MPH","Stop And Go Signal","Clear","No",48,"40-49","No",NA,"With Traffic","B: Evident Injury","Travel Lane","White","Male",19,"0-19","No",NA,"16-20 mph","O: No Injury","White","Female","Passenger Car","No","14SEP2010","Tuesday","Bicyclist Failed to Yield - Signalized Intersection",16,"Intersection","September","B: Evident Injury",59580,"Bicyclist Ride Out - Signalized  Intersection",2010,"Yes","No","Daylight","Straight - Level","Local Street","Dry","Two-Way, Divided, Positive Median Barrier","None","Four-Way Intersection","Smooth Asphalt",0,0,0,0,0,0,0,"3 lanes",2,0,NA,0,NA
1643,4367,"Greensboro","Guilford","Piedmont","Residential","Urban (>70% Developed)",NA,"Urban","30 - 35  MPH","Flashing Stop And Go Signal","Clear","No",34,"30-39","No",NA,"With Traffic","C: Possible Injury","Travel Lane","White","Male",20,"20-24","No",NA,"0-5 mph","O: No Injury","White","Female","Passenger Car","No","19SEP2010","Sunday","Motorist Left Turn / Merge",17,"Intersection","September","C: Possible Injury",64140,"Motorist Left Turn - Opposite Direction",2010,"Yes","No","Daylight","Straight - Hillcrest","Local Street","Dry","Two-Way, Not Divided","None","No Special Feature","Smooth Asphalt",0,0,0,0,0,0,0,"2 lanes",2,0,NA,0,NA
1644,4371,"Gastonia","Gaston","Piedmont","Commercial","Urban (>70% Developed)",NA,"Urban","30 - 35  MPH","Stop And Go Signal","Clear","No",27,"25-29","No",NA,"With Traffic","C: Possible Injury","Sidewalk / Crosswalk / Driveway Crossing","Black","Male",52,"50-59","No",NA,"0-5 mph","O: No Injury","White","Female","Passenger Car","No","19SEP2010","Sunday","Bicyclist Failed to Yield - Signalized Intersection",16,"Intersection","September","C: Possible Injury",60660,"Bicyclist Ride Out - Signalized  Intersection",2010,"Yes","No","Daylight","Straight - Grade","US Route","Dry","Two-Way, Not Divided","None","Four-Way Intersection","Smooth Asphalt",0,0,0,0,0,0,0,"5 lanes",2,0,NA,0,NA
1645,4380,"Charlotte","Mecklenburg","Piedmont","Commercial","Urban (>70% Developed)",NA,"Urban","20 - 25  MPH","Stop Sign","Clear","No",61,"60-69","No",NA,"With Traffic","C: Possible Injury","Travel Lane","Black","Male",56,"50-59","No",NA,NA,"O: No Injury","White","Female","Passenger Car","No","21SEP2010","Tuesday","Motorist Right Turn / Merge",12,"Intersection","September","C: Possible Injury",46260,"Motorist Right Turn - Same Direction",2010,"Yes","No","Daylight","Straight - Level","Local Street","Dry","Two-Way, Not Divided","None","T-Intersection","Smooth Asphalt",0,0,0,0,0,0,0,"2 lanes",2,0,NA,0,NA
1646,4381,"Charlotte","Mecklenburg","Piedmont","Commercial","Mixed (30% To 70% Developed)",NA,"Urban","30 - 35  MPH","No Control Present","Clear","No",59,"50-59","No",NA,"With Traffic","O: No Injury","Travel Lane","White","Male",49,"40-49","No",NA,"26-30 mph","O: No Injury","White","Male","Commercial Bus","No","22SEP2010","Wednesday","Loss of Control / Turning Error",9,"Non-Intersection","September","O: No Injury",33180,"Bicyclist Lost Control - Other / Unknown",2010,"No","No","Daylight","Straight - Level","Local Street","Dry","Two-Way, Not Divided","Debris","No Special Feature","Smooth Asphalt",0,0,0,0,0,0,0,"2 lanes",2,0,NA,0,NA
1647,4383,"High Point","Guilford","Piedmont","Commercial","Urban (>70% Developed)",NA,"Urban","30 - 35  MPH","Stop Sign","Cloudy","No",36,"30-39","No",NA,"Facing Traffic","C: Possible Injury","Travel Lane","Black","Male",NA,"70+","No",NA,NA,"O: No Injury","White","Male","Passenger Car","No","17SEP2010","Friday","Crossing Paths - Other Circumstances",9,"Intersection","September","C: Possible Injury",34860,"Sign-Controlled Intersection - Other / Unknown",2010,"Yes","No","Daylight","Straight - Level","Local Street","Dry","Two-Way, Not Divided","None","T-Intersection","Coarse Asphalt",0,0,0,0,0,0,0,"2 lanes",2,0,NA,0,NA