"...1","object_id","city","county","region","development","locality","on_road","rural_urban","speed_limit","traffic_control","weather","workzone","bike_age","bike_age_group","bike_alcohol","bike_alcohol_drugs","bike_direction","bike_injury","bike_position","bike_race","bike_sex","driver_age","driver_age_group","driver_alcohol","driver_alcohol_drugs","driver_est_speed","driver_injury","driver_race","driver_sex","driver_vehicle_type","crash_alcohol","crash_date","crash_day","crash_group","crash_hour","crash_location","crash_month","crash_severity","crash_time","crash_type","crash_year","ambulance_req","hit_run","light_condition","road_character","road_class","road_condition","road_configuration","road_defects","road_feature","road_surface","num_bikes_ai","num_bikes_bi","num_bikes_ci","num_bikes_ki","num_bikes_no","num_bikes_to","num_bikes_ui","num_lanes","num_units","distance_mi_from","frm_road","rte_invd_cd","towrd_road"
1688,264,"Cary","Wake","Piedmont","Commercial","Urban (>70% Developed)","1105 WALNUT ST","Urban","20 - 25  MPH","No Control Present","Clear","No",15,"11-15",NA,"No","Not Applicable","B: Evident Injury","Non-Roadway","White","Male",37,"30-39",NA,"No","11-15 mph","O: No Injury","Hispanic","Female","Sport Utility","No","11MAY2014","Sunday","Non-Roadway",16,"Non-Roadway","May","B: Evident Injury",59880,"Non-Roadway",2014,"Yes","No","Daylight","Straight - Level","Public Vehicular Area","Dry","Two-Way, Not Divided","None","No Special Feature","Smooth Asphalt",0,1,0,0,0,1,0,"2 lanes",2,0.193,"1313",40001313,"SE MAYNARD RD"
1689,272,"Raleigh","Wake","Piedmont","Commercial","Urban (>70% Developed)","FALLS OF NEUSE RD","Urban","40 - 45  MPH","No Control Present","Clear","No",38,"30-39",NA,"No","With Traffic","C: Possible Injury","Travel Lane","Hispanic","Male",20,"20-24",NA,"No","0-5 mph","O: No Injury","Black","Male","Sport Utility","No","10JUN2014","Tuesday","Motorist Failed to Yield - Sign-Controlled Intersection",19,"Intersection","June","C: Possible Injury",71820,"Motorist Drive Out - Sign-Controlled Intersection",2014,"Yes","No","Daylight","Straight - Level","Local Street","Dry","Two-Way, Not Divided","None","Four-Way Intersection","Coarse Asphalt",0,0,1,0,0,1,0,"5 lanes",2,0,"CEDARHURST DR",40002000,"MILLBROOK RD"
1690,273,"Raleigh","Wake","Piedmont","Commercial","Urban (>70% Developed)","OBERLIN RD","Urban","30 - 35  MPH","Stop And Go Signal","Clear","No",24,"20-24",NA,"No","With Traffic","B: Evident Injury","Travel Lane","White","Male",68,"60-69",NA,NA,"31-35 mph","Unknown Injury","White","Male","Sport Utility","No","13JUN2014","Friday","Motorist Left Turn / Merge",11,"Intersection","June","B: Evident Injury",42300,"Motorist Left Turn - Opposite Direction",2014,"No","No","Daylight","Straight - Level","Local Street","Dry","Two-Way, Not Divided","None","T-Intersection","Smooth Asphalt",0,1,0,0,0,1,0,"4 lanes",2,0,"SMALLWOOD DR",50021784,"CAMERON ST"
1691,275,"Oak Island","Brunswick","Coastal","Residential","Urban (>70% Developed)","E YACHT DR","Urban","30 - 35  MPH","No Control Present","Clear","No",37,"30-39",NA,"No","With Traffic","B: Evident Injury","Travel Lane","White","Female",39,"30-39",NA,"No","0-5 mph","O: No Injury","White","Male","Pickup","No","12MAY2014","Monday","Motorist Failed to Yield - Sign-Controlled Intersection",16,"Intersection","May","B: Evident Injury",59400,"Motorist Drive Out - Sign-Controlled Intersection",2014,"Yes","No","Daylight","Straight - Level","Local Street","Dry","Two-Way, Not Divided","None","Four-Way Intersection","Smooth Asphalt",0,1,0,0,0,1,0,"2 lanes",2,0,"NE 7TH ST",0,"NE 8TH ST"
1692,277,"None - Rural Crash","New Hanover","Coastal","Residential","Urban (>70% Developed)","SR 1100","Rural","50 - 55  MPH","Double Yellow Line, No Passing Zone","Clear","No",67,"60-69",NA,"No","With Traffic","B: Evident Injury","Bike Lane / Paved Shoulder","White","Male",47,"40-49",NA,"No","46-50 mph","O: No Injury","White","Male","Pickup","No","05JUN2014","Thursday","Motorist Overtaking Bicyclist",14,"Non-Intersection","June","B: Evident Injury",50700,"Motorist Overtaking - Other / Unknown",2014,"No","No","Daylight","Straight - Level","State Secondary Route","Dry","Two-Way, Not Divided","None","No Special Feature","Smooth Asphalt",0,1,0,0,0,1,0,"2 lanes",2,0.8,"1187",40001576,"1276"
1693,278,"High Point","Guilford","Piedmont","Industrial","Urban (>70% Developed)","PENDLETON ST","Urban","30 - 35  MPH","Stop And Go Signal","Cloudy","No",8,"6-10",NA,"No","Facing Traffic","B: Evident Injury","Sidewalk / Crosswalk / Driveway Crossing","Black","Male",36,"30-39",NA,"No","21-25 mph","O: No Injury","White","Male","Police","No","10MAY2014","Saturday","Bicyclist Failed to Yield - Signalized Intersection",12,"Intersection-Related","May","B: Evident Injury",44700,"Bicyclist Ride Through - Signalized Intersection",2014,"Yes","No","Daylight","Straight - Grade","Local Street","Dry","Two-Way, Not Divided","None","Related To Intersection","Coarse Asphalt",0,1,0,0,0,1,0,"3 lanes",2,0.004,"E KIVETT DR",0,"HABERSHAM RD"
1694,280,"Charlotte","Mecklenburg","Piedmont","Residential","Urban (>70% Developed)","RODEY AVE","Urban","30 - 35  MPH","No Control Present","Clear","No",5,"0-5",NA,"No","Not Applicable","C: Possible Injury","Travel Lane","Black","Male",26,"25-29",NA,"No","31-35 mph","O: No Injury","Black","Male","Passenger Car","No","26JUN2014","Thursday","Other / Unusual Circumstances",20,"Non-Intersection","June","C: Possible Injury",73920,"Play Vehicle-Related",2014,"Yes","No","Dusk","Straight - Level","Local Street","Dry","Two-Way, Not Divided","None","No Special Feature","Smooth Asphalt",0,0,1,0,0,1,0,"2 lanes",2,0.009,"POINSETT ST",0,"ISENHOUR ST"
1695,288,"Charlotte","Mecklenburg","Piedmont","Commercial","Urban (>70% Developed)","FREEDOM DRIVE","Urban","40 - 45  MPH","Stop And Go Signal","Clear","No",15,"11-15",NA,"No","Facing Traffic","C: Possible Injury","Sidewalk / Crosswalk / Driveway Crossing","Black","Male",NA,NA,NA,"Missing","41-45 mph","Unknown Injury","White","Male",NA,"No","30JUN2014","Monday","Bicyclist Failed to Yield - Signalized Intersection",15,"Intersection","June","C: Possible Injury",54720,"Bicyclist Failed to Clear - Trapped",2014,"No","Yes","Daylight","Straight - Bottom","Local Street","Dry","Two-Way, Divided, Unprotected Median","None","Four-Way Intersection","Coarse Asphalt",0,0,1,0,0,1,0,"6 lanes",2,0,"CAMP GREENE STREET",30000027,"BERRYHILL ROAD"
1696,292,"Raleigh","Wake","Piedmont","Residential","Urban (>70% Developed)","FENTON ST","Urban","20 - 25  MPH","Stop Sign","Clear","No",7,"6-10",NA,"No","With Traffic","B: Evident Injury","Travel Lane","White","Male",42,"40-49",NA,"No","16-20 mph","O: No Injury","White","Male","Pickup","No","29JUN2014","Sunday","Bicyclist Failed to Yield - Sign-Controlled Intersection",17,"Intersection","June","B: Evident Injury",62280,"Bicyclist Ride Through - Sign-Controlled Intersection",2014,"Yes","No","Daylight","Straight - Level","Local Street","Dry","Two-Way, Not Divided","None","Four-Way Intersection","Coarse Asphalt",0,1,0,0,0,1,0,"2 lanes",2,0,"WATKINS ST",50032243,"TIMBER DR"
1697,298,"Cramerton","Gaston","Piedmont","Residential","Urban (>70% Developed)","HIDDEN PASTURES DR","Rural","20 - 25  MPH","No Control Present","Clear","No",15,"11-15",NA,"No","Not Applicable","B: Evident Injury","Driveway / Alley","White","Male",47,"40-49",NA,"No","16-20 mph","O: No Injury","White","Male","Pickup","No","04JUN2014","Wednesday","Bicyclist Failed to Yield - Midblock",16,"Non-Intersection","June","B: Evident Injury",60780,"Bicyclist Ride Out - Commercial Driveway / Alley",2014,"No","No","Daylight","Straight - Level","Public Vehicular Area","Dry","Two-Way, Not Divided","None","T-Intersection","Smooth Asphalt",0,1,0,0,0,1,0,"2 lanes",2,0.047,"MAYMONT DR",0,"HANNA WOODS DR"
1698,309,"None - Rural Crash","Pitt","Coastal","Residential","Rural (<30% Developed)","SR 1401","Rural","50 - 55  MPH","Double Yellow Line, No Passing Zone","Clear","No",24,"20-24",NA,"No","Not Applicable","B: Evident Injury","Driveway / Alley","Black","Male",66,"60-69",NA,"No","36-40 mph","O: No Injury","White","Male","Pickup","No","29JUN2014","Sunday","Bicyclist Failed to Yield - Sign-Controlled Intersection",12,"Intersection","June","B: Evident Injury",46140,"Bicyclist Ride Through - Sign-Controlled Intersection",2014,"Yes","No","Daylight","Straight - Level","State Secondary Route","Dry","Two-Way, Not Divided","None","Driveway, Public","Coarse Asphalt",0,1,0,0,0,1,0,"2 lanes",2,0,"PACIFIC DR",40001401,"FAIRMONT AV"
1699,313,"None - Rural Crash","Buncombe","Mountains","Farms, Woods, Pastures","Rural (<30% Developed)","NC 191","Rural","40 - 45  MPH","No Control Present","Clear","No",53,"50-59",NA,"No","With Traffic","B: Evident Injury","Travel Lane","Hispanic","Male",18,"0-19",NA,"No","36-40 mph","O: No Injury","White","Male","Pickup","No","04JUL2014","Friday","Motorist Overtaking Bicyclist",15,"Non-Intersection","July","B: Evident Injury",55380,"Motorist Overtaking - Undetected Bicyclist",2014,"Yes","No","Daylight","Straight - Grade","NC Route","Dry","Two-Way, Not Divided","None","No Special Feature","Smooth Asphalt",0,1,0,0,0,1,0,"5 lanes",2,0.3,"3479",30000191,"3480"
1700,319,"Raleigh","Wake","Piedmont","Residential","Urban (>70% Developed)","E EDENTON ST","Urban","30 - 35  MPH","Stop And Go Signal","Clear","No",18,"16-19",NA,"No","With Traffic","C: Possible Injury","Travel Lane","Black","Male",32,"30-39",NA,"No","26-30 mph","O: No Injury","Black","Female","Sport Utility","No","12JUL2014","Saturday","Bicyclist Failed to Yield - Signalized Intersection",15,"Intersection","July","C: Possible Injury",55080,"Bicyclist Ride Through - Signalized Intersection",2014,"No","No","Daylight","Straight - Level","Local Street","Dry","Two-Way, Not Divided","None","Other","Smooth Asphalt",0,0,1,0,0,1,0,"4 lanes",2,0,"N SWAIN ST",40002298,"RAY ST"
1701,6397,"Raleigh","Wake","Piedmont","Residential","Mixed (30% To 70% Developed)",NA,"Urban","40 - 45  MPH","Stop Sign","Clear","No",35,"30-39","No",NA,"With Traffic","B: Evident Injury","Travel Lane","White","Male",26,"25-29","Yes",NA,"0-5 mph","O: No Injury","White","Male",NA,"Yes","30JUL2008","Wednesday","Motorist Failed to Yield - Sign-Controlled Intersection",23,"Intersection","July","B: Evident Injury",82800,"Motorist Drive Out - Sign-Controlled Intersection",2008,"Yes","Yes","Dark - Lighted Roadway","Straight - Level","Local Street","Dry","Two-Way, Divided, Unprotected Median","None","No Special Feature","Smooth Asphalt",0,0,0,0,0,0,0,"2 lanes",2,0,NA,0,NA
1702,6399,"Pinetops","Edgecombe","Coastal","Residential","Urban (>70% Developed)",NA,"Rural","20 - 25  MPH","No Control Present","Clear","No",15,"11-15","No",NA,NA,"B: Evident Injury","Travel Lane","Black","Male",28,"25-29","No",NA,"16-20 mph","O: No Injury","White","Female","Sport Utility","No","26JUN2008","Thursday","Loss of Control / Turning Error",17,"Intersection","June","B: Evident Injury",63420,"Bicyclist Lost Control - Mechanical Problems",2008,"Yes","No","Daylight","Straight - Level","Local Street","Dry","Two-Way, Not Divided","None","No Special Feature","Smooth Asphalt",0,0,0,0,0,0,0,"5 lanes",2,0,NA,0,NA
1703,6415,"Charlotte","Mecklenburg","Piedmont","Institutional","Urban (>70% Developed)",NA,"Urban","30 - 35  MPH","Other","Clear","No",17,"16-19","No",NA,"Facing Traffic","B: Evident Injury","Sidewalk / Crosswalk / Driveway Crossing","White","Male",60,"60-69","No",NA,"6-10 mph","O: No Injury","White","Male","Passenger Car","No","03MAR2008","Monday","Loss of Control / Turning Error",7,"Intersection","March","B: Evident Injury",26400,"Motorist Lost Control - Mechanical Problems",2008,"Yes","No","Daylight","Straight - Grade","NC Route","Dry","Two-Way, Divided, Unprotected Median","None","Four-Way Intersection","Smooth Asphalt",0,0,0,0,0,0,0,"2 lanes",2,0,NA,0,NA
1704,6421,"Chapel Hill","Orange","Piedmont","Commercial","Urban (>70% Developed)",NA,"Urban","5 - 15 MPH","Stop And Go Signal","Cloudy","No",27,"25-29","No",NA,"With Traffic","C: Possible Injury","Sidewalk / Crosswalk / Driveway Crossing","White","Female",21,"20-24","No",NA,"0-5 mph","O: No Injury","White","Female","Passenger Car","No","16DEC2008","Tuesday","Crossing Paths - Other Circumstances",18,"Intersection","December","C: Possible Injury",65220,"Signalized Intersection - Other / Unknown",2008,"No","No","Dark - Lighted Roadway","Straight - Level","Public Vehicular Area","Wet","Two-Way, Not Divided","None","No Special Feature","Smooth Asphalt",0,0,0,0,0,0,0,NA,2,0,NA,0,NA
1705,6427,"Raleigh","Wake","Piedmont","Commercial","Urban (>70% Developed)",NA,"Urban","40 - 45  MPH","Stop Sign","Clear","No",25,"25-29","No",NA,"Facing Traffic","C: Possible Injury","Sidewalk / Crosswalk / Driveway Crossing","Black","Male",50,"50-59","No",NA,"0-5 mph","O: No Injury","Black","Male","Passenger Car","No","02NOV2008","Sunday","Motorist Failed to Yield - Sign-Controlled Intersection",16,"Intersection","November","C: Possible Injury",60480,"Motorist Drive Out - Sign-Controlled Intersection",2008,"Yes","No","Daylight","Straight - Level","Local Street","Dry","Two-Way, Divided, Positive Median Barrier","None","No Special Feature","Smooth Asphalt",0,0,0,0,0,0,0,"3 lanes",2,0,NA,0,NA
1706,6434,"Charlotte","Mecklenburg","Piedmont","Commercial","Urban (>70% Developed)",NA,"Urban","30 - 35  MPH","Stop And Go Signal","Cloudy","No",42,"40-49","No",NA,NA,"C: Possible Injury","Sidewalk / Crosswalk / Driveway Crossing","Black","Male",49,"40-49","No",NA,"11-15 mph","O: No Injury","Black","Male","Light Truck (Mini-Van, Panel)","No","27DEC2008","Saturday","Other / Unknown - Insufficient Details",17,"Intersection","December","C: Possible Injury",64560,"Unknown Approach Paths",2008,"Yes","No","Dark - Lighted Roadway","Straight - Level","Local Street","Wet","Two-Way, Divided, Unprotected Median","None","Four-Way Intersection","Smooth Asphalt",0,0,0,0,0,0,0,"8 lanes",2,0,NA,0,NA
1707,6440,"Raleigh","Wake","Piedmont","Commercial","Urban (>70% Developed)",NA,"Urban","30 - 35  MPH","Missing","Clear","No",14,"11-15","No",NA,"Not Applicable","B: Evident Injury","Bike Lane / Paved Shoulder","Black","Male",51,"50-59","No",NA,"16-20 mph","O: No Injury","White","Male","Passenger Car","No","24NOV2008","Monday","Bicyclist Failed to Yield - Midblock",17,"Non-Intersection","November","B: Evident Injury",62520,"Bicyclist Ride Out - Midblock - Unknown",2008,"Yes","No","Dusk","Straight - Level","Local Street","Dry","Two-Way, Not Divided","None","No Special Feature","Coarse Asphalt",0,0,0,0,0,0,0,"2 lanes",2,0,NA,0,NA
1708,6443,"Mooresville","Iredell","Piedmont","Commercial","Urban (>70% Developed)",NA,"Urban","40 - 45  MPH","No Control Present","Clear","No",18,"16-19","No",NA,"With Traffic","B: Evident Injury","Other","White","Male",51,"50-59","No",NA,"41-45 mph","O: No Injury","White","Male","Passenger Car","No","09JAN2008","Wednesday","Parallel Paths - Other Circumstances",14,"Non-Intersection","January","B: Evident Injury",53820,"Bicyclist Ride Out - Parallel Path",2008,"Yes","No","Daylight","Straight - Level","NC Route","Dry","Two-Way, Not Divided","None","No Special Feature","Coarse Asphalt",0,0,0,0,0,0,0,"2 lanes",2,0,NA,0,NA
1709,6447,"Washington","Beaufort","Coastal","Commercial","Urban (>70% Developed)",NA,"Urban","30 - 35  MPH","No Control Present","Clear","No",13,"11-15","No",NA,"With Traffic","B: Evident Injury","Travel Lane","Black","Male",30,"30-39","No",NA,NA,"O: No Injury","White","Female","Passenger Car","No","16OCT2008","Thursday","Bicyclist Left Turn / Merge",17,"Non-Intersection","October","B: Evident Injury",62100,"Bicyclist Left Turn - Same Direction",2008,"Yes","No","Daylight","Straight - Level","Local Street","Dry","Two-Way, Not Divided","None","No Special Feature","Coarse Asphalt",0,0,0,0,0,0,0,"4 lanes",2,0,NA,0,NA
1710,6450,"Edenton","Chowan","Coastal","Institutional","Mixed (30% To 70% Developed)",NA,"Urban",NA,"Stop And Go Signal","Clear","No",NA,"70+","No",NA,"With Traffic","B: Evident Injury","Sidewalk / Crosswalk / Driveway Crossing","Black","Male",28,"25-29","No",NA,NA,"O: No Injury","Black","Male","Passenger Car","No","30DEC2008","Tuesday","Motorist Left Turn / Merge",11,"Intersection","December","B: Evident Injury",42000,"Motorist Left Turn - Opposite Direction",2008,"Yes","No","Daylight","Straight - Level","Local Street","Dry","Two-Way, Not Divided","None","T-Intersection","Smooth Asphalt",0,0,0,0,0,0,0,"2 lanes",2,0,NA,0,NA
1711,6453,"Greensboro","Guilford","Piedmont","Residential","Urban (>70% Developed)",NA,"Urban","30 - 35  MPH","No Control Present","Clear","No",18,"16-19","No",NA,"Not Applicable","B: Evident Injury","Non-Roadway","Black","Male",21,"20-24","No",NA,NA,"O: No Injury","Black","Male",NA,"No","03AUG2008","Sunday","Bicyclist Failed to Yield - Midblock",19,"Non-Intersection","August","B: Evident Injury",68400,"Bicyclist Ride Out - Commercial Driveway / Alley",2008,"Yes","Yes","Daylight","Straight - Grade","Local Street","Dry","Two-Way, Not Divided","None","Railroad Crossing","Smooth Asphalt",0,0,0,0,0,0,0,"2 lanes",2,0,NA,0,NA
1712,6454,"Greensboro","Guilford","Piedmont","Residential","Rural (<30% Developed)",NA,"Urban","30 - 35  MPH","No Control Present","Clear","No",49,"40-49","No",NA,NA,"C: Possible Injury","Travel Lane","Black","Male",22,"20-24","No",NA,"0-5 mph","O: No Injury","Black","Male","Passenger Car","No","22JUL2008","Tuesday","Other / Unknown - Insufficient Details",0,"Non-Intersection","July","C: Possible Injury",1800,"Unknown Approach Paths",2008,"Yes","No","Dark - Lighted Roadway","Straight - Level","Local Street","Wet","Two-Way, Not Divided","None","No Special Feature","Smooth Asphalt",0,0,0,0,0,0,0,"2 lanes",2,0,NA,0,NA
1713,6456,"Greensboro","Guilford","Piedmont","Residential","Urban (>70% Developed)",NA,"Urban","30 - 35  MPH","Stop Sign","Clear","No",13,"11-15","No",NA,NA,"C: Possible Injury","Travel Lane","Black","Male",57,"50-59","No",NA,"31-35 mph","O: No Injury","Black","Male","Pickup","No","05AUG2008","Tuesday","Bicyclist Failed to Yield - Sign-Controlled Intersection",11,"Intersection","August","C: Possible Injury",42900,"Bicyclist Ride Through - Sign-Controlled Intersection",2008,"No","No","Daylight","Straight - Level","Local Street","Dry","Two-Way, Divided, Unprotected Median","None","Four-Way Intersection","Smooth Asphalt",0,0,0,0,0,0,0,"2 lanes",2,0,NA,0,NA
1714,6461,"Charlotte","Mecklenburg","Piedmont","Commercial","Urban (>70% Developed)",NA,"Urban","40 - 45  MPH","No Control Present","Clear","No",41,"40-49","No",NA,"With Traffic","K: Killed","Travel Lane","White","Male",22,"20-24","No",NA,"36-40 mph","O: No Injury","Asian","Male","Passenger Car","No","01DEC2008","Monday","Motorist Overtaking Bicyclist",14,"Non-Intersection","December","K: Killed",51060,"Motorist Overtaking - Other / Unknown",2008,"No","No","Daylight","Straight - Level","Local Street","Dry","Two-Way, Divided, Unprotected Median","None","No Special Feature","Smooth Asphalt",0,0,0,0,0,0,0,"5 lanes",2,0,NA,0,NA
1715,6464,"Durham","Durham","Piedmont","Residential","Urban (>70% Developed)",NA,"Urban","30 - 35  MPH","No Control Present","Clear","No",31,"30-39","No",NA,"With Traffic","B: Evident Injury","Travel Lane","White","Male",46,"40-49","No",NA,"0-5 mph","O: No Injury","White","Male","Passenger Car","No","05NOV2008","Wednesday","Parking / Bus-Related",17,"Non-Intersection","November","B: Evident Injury",64680,"Motorist Drive In / Out - Parking",2008,"Yes","No","Dark - Roadway Not Lighted","Straight - Level","Local Street","Dry","Two-Way, Not Divided","None","No Special Feature","Smooth Asphalt",0,0,0,0,0,0,0,"2 lanes",2,0,NA,0,NA
1716,6465,"Wilson","Wilson","Coastal","Residential","Urban (>70% Developed)",NA,"Urban","30 - 35  MPH","Stop Sign","Clear","No",15,"11-15","No",NA,"Facing Traffic","C: Possible Injury","Sidewalk / Crosswalk / Driveway Crossing","Black","Male",37,"30-39","No",NA,"0-5 mph","O: No Injury","Black","Female","Sport Utility","No","23SEP2008","Tuesday","Motorist Failed to Yield - Sign-Controlled Intersection",19,"Intersection","September","C: Possible Injury",71460,"Motorist Drive Out - Sign-Controlled Intersection",2008,"No","No","Dusk","Straight - Level","Local Street","Dry","Two-Way, Not Divided","None","No Special Feature","Coarse Asphalt",0,0,0,0,0,0,0,"2 lanes",2,0,NA,0,NA
1717,6467,"Durham","Durham","Piedmont","Residential","Urban (>70% Developed)",NA,"Urban","30 - 35  MPH","No Control Present","Clear","No",11,"11-15","No",NA,"With Traffic","B: Evident Injury","Sidewalk / Crosswalk / Driveway Crossing","Black","Male",35,"30-39","No",NA,"31-35 mph","O: No Injury","White","Male","Passenger Car","No","02JAN2007","Tuesday","Parallel Paths - Other Circumstances",16,"Non-Intersection","January","B: Evident Injury",60060,"Bicyclist Ride Out - Parallel Path",2007,"Yes","No","Daylight","Straight - Level","Local Street","Dry","Two-Way, Divided, Unprotected Median","None","No Special Feature","Smooth Asphalt",0,0,0,0,0,0,0,"1 lane",2,0,NA,0,NA
1718,6468,"Cary","Wake","Piedmont","Residential","Urban (>70% Developed)",NA,"Urban","30 - 35  MPH","Stop And Go Signal","Clear","No",20,"20-24","No",NA,"Facing Traffic","C: Possible Injury","Sidewalk / Crosswalk / Driveway Crossing","Hispanic","Male",64,"60-69","No",NA,"0-5 mph","O: No Injury","White","Male","Passenger Car","No","12JAN2007","Friday","Motorist Failed to Yield - Signalized Intersection",9,"Intersection","January","C: Possible Injury",34440,"Motorist Drive Out - Right Turn on Red",2007,"Yes","No","Daylight","Straight - Grade","Local Street","Dry","Two-Way, Divided, Unprotected Median","None","Four-Way Intersection","Smooth Asphalt",0,0,0,0,0,0,0,"3 lanes",2,0,NA,0,NA
1719,6471,"Fayetteville","Cumberland","Coastal","Commercial","Urban (>70% Developed)",NA,"Urban","30 - 35  MPH","Double Yellow Line, No Passing Zone","Clear","No",45,"40-49","No",NA,"With Traffic","B: Evident Injury","Travel Lane","Black","Male",51,"50-59","No",NA,"31-35 mph","O: No Injury","Black","Female","Van","No","12JAN2007","Friday","Motorist Overtaking Bicyclist",12,"Non-Intersection","January","B: Evident Injury",45660,"Motorist Overtaking - Bicyclist Swerved",2007,"Yes","No","Daylight","Straight - Level","Local Street","Dry","Two-Way, Not Divided","None","No Special Feature","Coarse Asphalt",0,0,0,0,0,0,0,"2 lanes",2,0,NA,0,NA
1720,6472,"Salisbury","Rowan","Piedmont","Residential","Urban (>70% Developed)",NA,"Urban","30 - 35  MPH","Stop And Go Signal","Clear","No",58,"50-59","No",NA,"With Traffic","B: Evident Injury","Sidewalk / Crosswalk / Driveway Crossing","White","Male",NA,NA,"No",NA,"21-25 mph","Unknown Injury","Unknown/Missing",NA,"Passenger Car","No","31JAN2007","Wednesday","Bicyclist Failed to Yield - Signalized Intersection",9,"Intersection","January","B: Evident Injury",33900,"Bicyclist Ride Out - Signalized  Intersection",2007,"Yes","Yes","Daylight","Straight - Grade","Local Street","Dry","Two-Way, Not Divided","None","Four-Way Intersection","Smooth Asphalt",0,0,0,0,0,0,0,"2 lanes",2,0,NA,0,NA
1721,6486,"Gastonia","Gaston","Piedmont","Commercial","Urban (>70% Developed)",NA,"Urban",NA,"No Control Present","Clear","No",31,"30-39","Yes",NA,"Facing Traffic","B: Evident Injury","Sidewalk / Crosswalk / Driveway Crossing","Hispanic","Male",29,"25-29","No",NA,"0-5 mph","O: No Injury","White","Male","Pickup","Yes","06JAN2007","Saturday","Motorist Failed to Yield - Midblock",13,"Non-Intersection","January","B: Evident Injury",48600,"Motorist Drive Out - Commercial Driveway / Alley",2007,"No","No","Daylight","Straight - Level","Public Vehicular Area","Dry","Two-Way, Not Divided","None","Driveway, Public","Smooth Asphalt",0,0,0,0,0,0,0,NA,2,0,NA,0,NA
1722,6494,"None - Rural Crash","Orange","Piedmont","Farms, Woods, Pastures","Rural (<30% Developed)",NA,"Rural","40 - 45  MPH","No Control Present","Clear","No",21,"20-24","No",NA,"With Traffic","C: Possible Injury","Travel Lane","White","Male",NA,NA,"Missing",NA,"16-20 mph","Unknown Injury","Unknown/Missing",NA,NA,"No","09JAN2007","Tuesday","Motorist Overtaking Bicyclist",8,"Non-Intersection","January","C: Possible Injury",31260,"Motorist Overtaking - Misjudged Space",2007,"Yes","Yes","Daylight","Straight - Level","State Secondary Route","Dry","Two-Way, Not Divided","None","No Special Feature","Smooth Asphalt",0,0,0,0,0,0,0,"2 lanes",2,0,NA,0,NA
1723,6499,"Wilmington","New Hanover","Coastal","Commercial","Urban (>70% Developed)",NA,"Urban","40 - 45  MPH","No Control Present","Clear","No",18,"16-19","No",NA,"Not Applicable","B: Evident Injury","Driveway / Alley","Hispanic","Male",23,"20-24","No",NA,"11-15 mph","O: No Injury","Black","Male","Passenger Car","No","13JAN2007","Saturday","Bicyclist Failed to Yield - Midblock",10,"Non-Intersection","January","B: Evident Injury",36840,"Bicyclist Ride Out - Commercial Driveway / Alley",2007,"Yes","No","Daylight","Straight - Level","Local Street","Dry","Two-Way, Not Divided","None","No Special Feature","Smooth Asphalt",0,0,0,0,0,0,0,"4 lanes",2,0,NA,0,NA
1724,6500,"Farmville","Pitt","Coastal","Residential","Mixed (30% To 70% Developed)",NA,"Rural","30 - 35  MPH","Stop Sign","Clear","No",10,"6-10","No",NA,"With Traffic","Unknown Injury","Travel Lane","Black","Male",52,"50-59","No",NA,"21-25 mph","O: No Injury","White","Female","Passenger Car","No","14JAN2007","Sunday","Bicyclist Failed to Yield - Sign-Controlled Intersection",16,"Intersection","January","O: No Injury",60300,"Bicyclist Ride Through - Sign-Controlled Intersection",2007,"No","No","Daylight","Straight - Level","Local Street","Dry","Two-Way, Not Divided","None","Four-Way Intersection","Smooth Asphalt",0,0,0,0,0,0,0,"2 lanes",2,0,NA,0,NA
1725,6511,"Charlotte","Mecklenburg","Piedmont","Residential","Urban (>70% Developed)",NA,"Urban","20 - 25  MPH","Stop Sign","Clear","No",32,"30-39","No",NA,"With Traffic","O: No Injury","Travel Lane","Black","Male",44,"40-49","No",NA,"0-5 mph","O: No Injury","White","Male","Passenger Car","No","19JAN2007","Friday","Loss of Control / Turning Error",11,"Intersection-Related","January","O: No Injury",41880,"Bicyclist Turning Error - Right Turn",2007,"No","No","Daylight","Straight - Level","Local Street","Dry","Two-Way, Not Divided","None","No Special Feature","Smooth Asphalt",0,0,0,0,0,0,0,"2 lanes",2,0,NA,0,NA
1726,6513,"Lexington","Davidson","Piedmont","Commercial","Urban (>70% Developed)",NA,"Urban","30 - 35  MPH","Stop And Go Signal","Cloudy","No",60,"60-69","No",NA,"With Traffic","B: Evident Injury","Travel Lane","White","Male",58,"50-59","No",NA,"0-5 mph","O: No Injury","White","Female","Passenger Car","No","21JAN2007","Sunday","Bicyclist Failed to Yield - Signalized Intersection",15,"Intersection","January","B: Evident Injury",56760,"Bicyclist Ride Through - Signalized Intersection",2007,"Yes","No","Daylight","Straight - Level","Local Street","Wet","Two-Way, Not Divided","None","Four-Way Intersection","Coarse Asphalt",0,0,0,0,0,0,0,"7 lanes",2,0,NA,0,NA
1727,6520,"Durham","Durham","Piedmont","Commercial","Urban (>70% Developed)",NA,"Urban","40 - 45  MPH","No Control Present","Clear","No",52,"50-59","No",NA,"With Traffic","A: Disabling Injury","Travel Lane","White","Male",20,"20-24","No",NA,"41-45 mph","O: No Injury","White","Female","Passenger Car","No","02APR2007","Monday","Motorist Overtaking Bicyclist",20,"Non-Intersection","April","A: Disabling Injury",73500,"Motorist Overtaking - Undetected Bicyclist",2007,"Yes","No","Dark - Roadway Not Lighted","Straight - Grade","Local Street","Dry","Two-Way, Divided, Unprotected Median","None","On or Off Ramp","Smooth Asphalt",0,0,0,0,0,0,0,"4 lanes",2,0,NA,0,NA