"...1","object_id","city","county","region","development","locality","on_road","rural_urban","speed_limit","traffic_control","weather","workzone","bike_age","bike_age_group","bike_alcohol","bike_alcohol_drugs","bike_direction","bike_injury","bike_position","bike_race","bike_sex","driver_age","driver_age_group","driver_alcohol","driver_alcohol_drugs","driver_est_speed","driver_injury","driver_race","driver_sex","driver_vehicle_type","crash_alcohol","crash_date","crash_day","crash_group","crash_hour","crash_location","crash_month","crash_severity","crash_time","crash_type","crash_year","ambulance_req","hit_run","light_condition","road_character","road_class","road_condition","road_configuration","road_defects","road_feature","road_surface","num_bikes_ai","num_bikes_bi","num_bikes_ci","num_bikes_ki","num_bikes_no","num_bikes_to","num_bikes_ui","num_lanes","num_units","distance_mi_from","frm_road","rte_invd_cd","towrd_road"
1728,6525,"Washington","Beaufort","Coastal","Residential","Urban (>70% Developed)",NA,"Urban","30 - 35  MPH","No Control Present","Clear","No",23,"20-24","No",NA,NA,"C: Possible Injury","Travel Lane","Black","Male",61,"60-69","No",NA,"26-30 mph","O: No Injury","White","Male","Pickup","No","29JAN2007","Monday","Bicyclist Failed to Yield - Sign-Controlled Intersection",14,"Intersection","January","C: Possible Injury",52320,"Bicyclist Ride Out - Sign-Controlled Intersection",2007,"Yes","No","Daylight","Straight - Level","Local Street","Dry","Two-Way, Not Divided","None","T-Intersection","Coarse Asphalt",0,0,0,0,0,0,0,"4 lanes",2,0,NA,0,NA
1729,6534,"Raleigh","Wake","Piedmont","Residential","Urban (>70% Developed)",NA,"Urban","30 - 35  MPH","Stop And Go Signal","Clear","No",15,"11-15","No",NA,"With Traffic","C: Possible Injury","Travel Lane","White","Male",45,"40-49","No",NA,"0-5 mph","O: No Injury","White","Male","Passenger Car","No","09FEB2007","Friday","Motorist Right Turn / Merge",15,"Non-Intersection","February","C: Possible Injury",55980,"Motorist Right Turn - Same Direction",2007,"Yes","No","Daylight","Straight - Level","Local Street","Dry","Two-Way, Divided, Positive Median Barrier","None","T-Intersection","Smooth Asphalt",0,0,0,0,0,0,0,"4 lanes",2,0,NA,0,NA
1730,6539,"None - Rural Crash","Wake","Piedmont","Farms, Woods, Pastures","Rural (<30% Developed)",NA,"Rural","40 - 45  MPH","Double Yellow Line, No Passing Zone","Clear","No",45,"40-49","No",NA,"With Traffic","C: Possible Injury","Travel Lane","White","Male",NA,NA,"No",NA,"16-20 mph","Unknown Injury","Unknown/Missing",NA,"Passenger Car","No","14FEB2007","Wednesday","Other / Unusual Circumstances",17,"Non-Intersection","February","C: Possible Injury",62760,"Motorist Intentionally Caused",2007,"No","Yes","Daylight","Curve - Hillcrest","State Secondary Route","Dry","Two-Way, Not Divided","None","Driveway, Private","Coarse Asphalt",0,0,0,0,0,0,0,"2 lanes",2,0,NA,0,NA
1731,6544,"Charlotte","Mecklenburg","Piedmont","Residential","Urban (>70% Developed)",NA,"Urban","30 - 35  MPH","Stop Sign","Clear","No",38,"30-39","No",NA,"With Traffic","A: Disabling Injury","Travel Lane","White","Male",53,"50-59","No",NA,"6-10 mph","O: No Injury","Black","Female","Passenger Car","No","20FEB2007","Tuesday","Motorist Left Turn / Merge",7,"Intersection","February","A: Disabling Injury",28740,"Motorist Left Turn - Opposite Direction",2007,"Yes","No","Daylight","Straight - Grade","Local Street","Dry","Two-Way, Not Divided","None","Four-Way Intersection","Smooth Asphalt",0,0,0,0,0,0,0,"2 lanes",2,0,NA,0,NA
1732,6551,"Burlington","Alamance","Piedmont","Residential","Mixed (30% To 70% Developed)",NA,"Urban","30 - 35  MPH","Double Yellow Line, No Passing Zone","Clear","No",20,"20-24","No",NA,"With Traffic","B: Evident Injury","Travel Lane","White","Male",66,"60-69","No",NA,"31-35 mph","O: No Injury","White","Male","Truck/Trailer","No","26JAN2007","Friday","Parallel Paths - Other Circumstances",17,"Non-Intersection","January","B: Evident Injury",63000,"Parallel Paths - Other / Unknown",2007,"Yes","No","Daylight","Straight - Level","NC Route","Dry","Two-Way, Not Divided","None","No Special Feature","Grooved Concrete",0,0,0,0,0,0,0,"2 lanes",2,0,NA,0,NA
1733,6552,"None - Rural Crash","Columbus","Coastal","Residential","Rural (<30% Developed)",NA,"Rural","50 - 55  MPH","Double Yellow Line, No Passing Zone","Clear","No",14,"11-15","No",NA,"Facing Traffic","C: Possible Injury","Travel Lane","White","Male",30,"30-39","No",NA,"36-40 mph","B: Evident Injury","Black","Male","Tractor/Semi-Trailer","No","20MAR2007","Tuesday","Bicyclist Right Turn / Merge",19,"Non-Intersection","March","B: Evident Injury",69000,"Bicyclist Right Turn - Same Direction",2007,"Yes","No","Daylight","Straight - Level","State Secondary Route","Dry","Two-Way, Not Divided","None","No Special Feature","Coarse Asphalt",0,0,0,0,0,0,0,"2 lanes",2,0,NA,0,NA
1734,6554,"Asheville","Buncombe","Mountains","Commercial","Urban (>70% Developed)",NA,"Urban","30 - 35  MPH","No Control Present","Clear","No",34,"30-39","No",NA,"With Traffic","B: Evident Injury","Travel Lane","White","Male",24,"20-24","No",NA,"31-35 mph","O: No Injury","White","Female","Passenger Car","No","23FEB2007","Friday","Bicyclist Left Turn / Merge",23,"Non-Intersection","February","B: Evident Injury",84420,"Bicyclist Left Turn - Same Direction",2007,"Yes","No","Dark - Roadway Not Lighted","Straight - Grade","US Route","Dry","Two-Way, Not Divided","None","No Special Feature","Coarse Asphalt",0,0,0,0,0,0,0,"4 lanes",2,0,NA,0,NA
1735,6559,"Fayetteville","Cumberland","Coastal","Commercial","Urban (>70% Developed)",NA,"Urban","30 - 35  MPH","Stop And Go Signal","Clear","No",55,"50-59","No",NA,"Facing Traffic","C: Possible Injury","Sidewalk / Crosswalk / Driveway Crossing","Black","Male",19,"0-19","No",NA,"0-5 mph","O: No Injury","Black","Female","Passenger Car","No","28FEB2007","Wednesday","Bicyclist Failed to Yield - Signalized Intersection",14,"Intersection","February","C: Possible Injury",50460,"Bicyclist Ride Through - Signalized Intersection",2007,"No","No","Daylight","Straight - Level","Local Street","Dry","Two-Way, Not Divided","None","No Special Feature","Smooth Asphalt",0,0,0,0,0,0,0,"5 lanes",2,0,NA,0,NA
1736,6575,"Charlotte","Mecklenburg","Piedmont","Commercial","Urban (>70% Developed)",NA,"Urban","30 - 35  MPH","No Control Present","Clear","No",36,"30-39","No",NA,"Facing Traffic","C: Possible Injury","Travel Lane","White","Female",55,"50-59","No",NA,"0-5 mph","O: No Injury","White","Female","Van","No","09MAR2007","Friday","Motorist Failed to Yield - Midblock",17,"Non-Intersection","March","C: Possible Injury",64440,"Motorist Drive Out - Commercial Driveway / Alley",2007,"No","No","Daylight","Straight - Level","Local Street","Dry","Two-Way, Divided, Positive Median Barrier","None","No Special Feature","Smooth Asphalt",0,0,0,0,0,0,0,"4 lanes",2,0,NA,0,NA
1737,6578,"Albemarle","Stanly","Piedmont","Residential","Urban (>70% Developed)",NA,"Urban","30 - 35  MPH","Stop Sign","Clear","No",6,"6-10","No",NA,NA,"B: Evident Injury","Travel Lane","White","Male",55,"50-59","No",NA,"26-30 mph","O: No Injury","White","Male","Passenger Car","No","11MAR2007","Sunday","Bicyclist Failed to Yield - Sign-Controlled Intersection",13,"Intersection","March","B: Evident Injury",50100,"Bicyclist Ride Through - Sign-Controlled Intersection",2007,"Yes","No","Daylight","Straight - Bottom","Local Street","Dry","Two-Way, Not Divided","None","T-Intersection","Coarse Asphalt",0,0,0,0,0,0,0,"2 lanes",2,0,NA,0,NA
1738,6585,"None - Rural Crash","Guilford","Piedmont","Farms, Woods, Pastures","Rural (<30% Developed)",NA,"Rural","40 - 45  MPH","Double Yellow Line, No Passing Zone","Clear","No",44,"40-49","No",NA,"With Traffic","B: Evident Injury","Travel Lane","White","Male",67,"60-69","No",NA,"0-5 mph","O: No Injury","White","Male","Single Unit Truck (2-Axle, 6-Tire)","No","14MAR2007","Wednesday","Motorist Failed to Yield - Midblock",15,"Non-Intersection","March","B: Evident Injury",54960,"Motorist Drive Out - Commercial Driveway / Alley",2007,"Yes","No","Daylight","Curve - Bottom","State Secondary Route","Dry","Two-Way, Not Divided","None","Driveway, Public","Smooth Asphalt",0,0,0,0,0,0,0,"2 lanes",2,0,NA,0,NA
1739,6587,"Raleigh","Wake","Piedmont","Commercial","Urban (>70% Developed)",NA,"Urban","30 - 35  MPH","No Control Present","Clear","No",10,"6-10","No",NA,"Not Applicable","B: Evident Injury","Non-Roadway","Black","Male",56,"50-59","No",NA,"21-25 mph","O: No Injury","White","Male","Passenger Car","No","14MAR2007","Wednesday","Bicyclist Failed to Yield - Midblock",19,"Non-Intersection","March","B: Evident Injury",68400,"Bicyclist Ride Out - Midblock - Unknown",2007,"Yes","No","Daylight","Straight - Level","Local Street","Dry","Two-Way, Not Divided","None","No Special Feature","Smooth Asphalt",0,0,0,0,0,0,0,"2 lanes",2,0,NA,0,NA
1740,6610,"Cary","Wake","Piedmont","Residential","Mixed (30% To 70% Developed)",NA,"Urban","20 - 25  MPH","Stop Sign","Clear","No",36,"30-39","No",NA,"Facing Traffic","C: Possible Injury","Sidewalk / Crosswalk / Driveway Crossing","Hispanic","Male",49,"40-49","No",NA,"0-5 mph","O: No Injury","White","Female","Sport Utility","No","07JUN2007","Thursday","Motorist Failed to Yield - Sign-Controlled Intersection",11,"Intersection","June","C: Possible Injury",43140,"Motorist Drive Out - Sign-Controlled Intersection",2007,"Yes","No","Daylight","Straight - Hillcrest","Local Street","Dry","Two-Way, Not Divided","None","T-Intersection","Smooth Asphalt",0,0,0,0,0,0,0,"2 lanes",2,0,NA,0,NA
1741,6611,"Charlotte","Mecklenburg","Piedmont","Residential","Urban (>70% Developed)",NA,"Urban","30 - 35  MPH","No Control Present","Clear","No",49,"40-49","No",NA,"Facing Traffic","B: Evident Injury","Sidewalk / Crosswalk / Driveway Crossing","Black","Male",67,"60-69","No",NA,"21-25 mph","O: No Injury","Black","Female","Passenger Car","No","08JUN2007","Friday","Head-On",16,"Non-Intersection","June","B: Evident Injury",57720,"Head-On - Bicyclist",2007,"No","No","Daylight","Straight - Level","Local Street","Dry","Two-Way, Not Divided","None","No Special Feature","Smooth Asphalt",0,0,0,0,0,0,0,"2 lanes",2,0,NA,0,NA
1742,6612,"Gastonia","Gaston","Piedmont","Residential","Urban (>70% Developed)",NA,"Urban","30 - 35  MPH","Stop Sign","Clear","No",15,"11-15","No",NA,NA,"B: Evident Injury","Travel Lane","White","Male",NA,NA,"Missing",NA,"31-35 mph","Unknown Injury","Unknown/Missing",NA,NA,"No","25MAR2007","Sunday","Bicyclist Failed to Yield - Sign-Controlled Intersection",18,"Intersection","March","B: Evident Injury",66360,"Bicyclist Ride Through - Sign-Controlled Intersection",2007,"Yes","Yes","Daylight","Straight - Level","Local Street","Dry","Two-Way, Not Divided","None","Four-Way Intersection","Concrete",0,0,0,0,0,0,0,"2 lanes",2,0,NA,0,NA
1743,6619,"None - Rural Crash","Beaufort","Coastal","Farms, Woods, Pastures","Rural (<30% Developed)",NA,"Rural","50 - 55  MPH","No Control Present","Clear","No",14,"11-15","No",NA,"With Traffic","B: Evident Injury","Travel Lane","White","Female",NA,NA,"Missing",NA,NA,"Unknown Injury","Unknown/Missing",NA,NA,"No","27MAR2007","Tuesday","Motorist Overtaking Bicyclist",18,"Non-Intersection","March","B: Evident Injury",67200,"Motorist Overtaking - Bicyclist Swerved",2007,"Yes","Yes","Dusk","Straight - Level","State Secondary Route","Dry","Two-Way, Not Divided","None","No Special Feature","Smooth Asphalt",0,0,0,0,0,0,0,"2 lanes",2,0,NA,0,NA
1744,6624,"Raleigh","Wake","Piedmont","Residential","Urban (>70% Developed)",NA,"Urban","30 - 35  MPH","No Control Present","Clear","No",13,"11-15","No",NA,"Not Applicable","C: Possible Injury",NA,"Black","Male",67,"60-69","No",NA,"31-35 mph","O: No Injury","Black","Male","Passenger Car","No","24MAR2007","Saturday","Bicyclist Failed to Yield - Midblock",15,"Non-Intersection","March","C: Possible Injury",55740,"Bicyclist Ride Out - Midblock - Unknown",2007,"Yes","No","Daylight","Curve - Level","Local Street","Dry","Two-Way, Not Divided","None","No Special Feature","Smooth Asphalt",0,0,0,0,0,0,0,"2 lanes",2,0,NA,0,NA
1745,6646,"Charlotte","Mecklenburg","Piedmont","Residential","Urban (>70% Developed)",NA,"Urban","5 - 15 MPH","No Control Present","Clear","No",6,"6-10","No",NA,"Facing Traffic","O: No Injury","Sidewalk / Crosswalk / Driveway Crossing","White","Male",61,"60-69","No",NA,"0-5 mph","O: No Injury","Black","Female","Passenger Car","No","03APR2007","Tuesday","Motorist Failed to Yield - Midblock",15,"Non-Intersection","April","O: No Injury",55020,"Motorist Drive Out - Commercial Driveway / Alley",2007,"No","No","Daylight","Straight - Level","Public Vehicular Area","Dry","One-Way, Not Divided","None","No Special Feature","Smooth Asphalt",0,0,0,0,0,0,0,"1 lane",2,0,NA,0,NA
1746,6649,"None - Rural Crash","Randolph","Piedmont","Residential","Urban (>70% Developed)",NA,"Rural","30 - 35  MPH","Double Yellow Line, No Passing Zone","Clear","No",7,"6-10","No",NA,"Not Applicable","B: Evident Injury","Driveway / Alley","White","Female",17,"0-19","No",NA,"26-30 mph","O: No Injury","White","Male","Sport Utility","No","04APR2007","Wednesday","Bicyclist Failed to Yield - Midblock",18,"Non-Intersection","April","B: Evident Injury",66600,"Bicyclist Ride Out - Residential Driveway",2007,"No","No","Daylight","Straight - Level","State Secondary Route","Dry","Two-Way, Not Divided","None","Driveway, Private","Smooth Asphalt",0,0,0,0,0,0,0,"2 lanes",2,0,NA,0,NA
1747,6651,"East Spencer","Rowan","Piedmont","Residential","Urban (>70% Developed)",NA,"Rural","30 - 35  MPH","Stop Sign","Clear","No",11,"11-15","No",NA,"With Traffic","A: Disabling Injury","Travel Lane","Black","Male",24,"20-24","No",NA,"26-30 mph","O: No Injury","Black","Female","Passenger Car","No","04APR2007","Wednesday","Bicyclist Failed to Yield - Sign-Controlled Intersection",10,"Intersection","April","A: Disabling Injury",38100,"Bicyclist Ride Out - Sign-Controlled Intersection",2007,"Yes","No","Daylight","Straight - Hillcrest","Local Street","Dry","Two-Way, Not Divided","None","No Special Feature","Coarse Asphalt",0,0,0,0,0,0,0,"2 lanes",2,0,NA,0,NA
1748,6658,"Fayetteville","Cumberland","Coastal","Commercial","Urban (>70% Developed)",NA,"Urban","30 - 35  MPH","Stop And Go Signal","Clear","No",41,"40-49","No",NA,"With Traffic","Unknown Injury","Sidewalk / Crosswalk / Driveway Crossing","Black","Male",23,"20-24","No",NA,"0-5 mph","O: No Injury","Black","Female","Passenger Car","No","28JUN2007","Thursday","Motorist Right Turn / Merge",17,"Intersection","June","O: No Injury",62220,"Motorist Right Turn - Same Direction",2007,"Yes","No","Daylight","Straight - Level","Local Street","Dry","Two-Way, Divided, Unprotected Median","None","Four-Way Intersection","Coarse Asphalt",0,0,0,0,0,0,0,"5 lanes",2,0,NA,0,NA
1749,6659,"Charlotte","Mecklenburg","Piedmont","Residential","Urban (>70% Developed)",NA,"Urban",NA,"No Control Present","Clear","No",23,"20-24","No",NA,"Facing Traffic","C: Possible Injury","Sidewalk / Crosswalk / Driveway Crossing","White","Female",NA,"70+","No",NA,"0-5 mph","O: No Injury","White","Male","Passenger Car","No","07APR2007","Saturday","Motorist Failed to Yield - Midblock",14,"Non-Intersection","April","C: Possible Injury",51540,"Motorist Drive Out - Residential Driveway",2007,"No","No","Daylight","Straight - Level","Public Vehicular Area","Dry","Two-Way, Not Divided","None","Driveway, Public","Concrete",0,0,0,0,0,0,0,NA,2,0,NA,0,NA
1750,6662,"Charlotte","Mecklenburg","Piedmont","Commercial","Urban (>70% Developed)",NA,"Urban","5 - 15 MPH","No Control Present","Clear","No",21,"20-24","No",NA,NA,"B: Evident Injury","Sidewalk / Crosswalk / Driveway Crossing","White","Female",53,"50-59","No",NA,"0-5 mph","O: No Injury","White","Male","Passenger Car","No","29JUN2007","Friday","Motorist Failed to Yield - Midblock",13,"Non-Intersection","June","B: Evident Injury",49200,"Motorist Drive Out - Commercial Driveway / Alley",2007,"Yes","No","Daylight","Straight - Level","Public Vehicular Area","Dry","Two-Way, Not Divided","None","No Special Feature","Concrete",0,0,0,0,0,0,0,"2 lanes",2,0,NA,0,NA
1751,6669,"Charlotte","Mecklenburg","Piedmont","Residential","Urban (>70% Developed)",NA,"Urban","30 - 35  MPH","Stop Sign","Clear","No",16,"16-19","No",NA,"Facing Traffic","B: Evident Injury","Sidewalk / Crosswalk / Driveway Crossing","Black","Male",29,"25-29","No",NA,"0-5 mph","O: No Injury","White","Female","Passenger Car","No","03JUL2007","Tuesday","Motorist Failed to Yield - Sign-Controlled Intersection",13,"Intersection","July","B: Evident Injury",48300,"Motorist Drive Out - Sign-Controlled Intersection",2007,"Yes","No","Daylight","Straight - Level","Local Street","Dry","Two-Way, Divided, Unprotected Median","None","T-Intersection","Smooth Asphalt",0,0,0,0,0,0,0,"2 lanes",2,0,NA,0,NA
1752,6673,"Benson","Johnston","Coastal","Residential","Mixed (30% To 70% Developed)",NA,"Rural","30 - 35  MPH","Stop Sign","Clear","No",25,"25-29","No",NA,"With Traffic","B: Evident Injury","Travel Lane","Hispanic","Male",52,"50-59","No",NA,"31-35 mph","O: No Injury","White","Female","Passenger Car","No","01JUL2007","Sunday","Bicyclist Failed to Yield - Sign-Controlled Intersection",9,"Intersection","July","B: Evident Injury",35280,"Bicyclist Ride Through - Sign-Controlled Intersection",2007,"Yes","No","Daylight","Straight - Level","NC Route","Dry","Two-Way, Not Divided","None","Four-Way Intersection","Smooth Asphalt",0,0,0,0,0,0,0,"2 lanes",2,0,NA,0,NA
1753,6683,"North Wilkesboro","Wilkes","Mountains","Commercial","Urban (>70% Developed)",NA,"Rural","30 - 35  MPH","No Control Present","Rain","No",34,"30-39","Yes",NA,NA,"C: Possible Injury",NA,"White","Male",40,"40-49","No",NA,"21-25 mph","O: No Injury","White","Female","Passenger Car","Yes","14APR2007","Saturday","Bicyclist Failed to Yield - Midblock",21,"Non-Intersection","April","C: Possible Injury",77400,"Bicyclist Ride Out - Midblock - Unknown",2007,"No","No","Dark - Lighted Roadway","Straight - Level","Local Street","Wet","Two-Way, Not Divided","None","No Special Feature","Smooth Asphalt",0,0,0,0,0,0,0,"5 lanes",2,0,NA,0,NA
1754,6684,"None - Rural Crash","Buncombe","Mountains","Farms, Woods, Pastures","Rural (<30% Developed)",NA,"Rural","50 - 55  MPH","No Control Present","Clear","No",20,"20-24","No",NA,"With Traffic","A: Disabling Injury","Travel Lane","White","Male",40,"40-49","Yes",NA,"36-40 mph","O: No Injury","White","Female","Passenger Car","Yes","16APR2007","Monday","Motorist Overtaking Bicyclist",22,"Non-Intersection","April","A: Disabling Injury",82200,"Motorist Overtaking - Other / Unknown",2007,"Yes","No","Dark - Roadway Not Lighted","Straight - Grade","US Route","Dry","Two-Way, Not Divided","None","No Special Feature","Smooth Asphalt",0,0,0,0,0,0,0,"5 lanes",2,0,NA,0,NA
1755,6685,"None - Rural Crash","Richmond","Piedmont","Residential","Urban (>70% Developed)",NA,"Rural","30 - 35  MPH","No Control Present","Clear","No",5,"0-5","No",NA,"With Traffic","B: Evident Injury","Travel Lane","White","Male",41,"40-49","No",NA,"0-5 mph","O: No Injury","White","Male","Pickup","No","16APR2007","Monday","Backing Vehicle",15,"Non-Intersection","April","B: Evident Injury",55800,"Backing Vehicle",2007,"Yes","No","Daylight","Straight - Level","State Secondary Route","Dry","Two-Way, Not Divided","None","Driveway, Private","Coarse Asphalt",0,0,0,0,0,0,0,"2 lanes",2,0,NA,0,NA
1756,6688,"Winston-Salem","Forsyth","Piedmont","Commercial","Urban (>70% Developed)",NA,"Urban","30 - 35  MPH","Stop Sign","Clear","No",29,"25-29","No",NA,"With Traffic","C: Possible Injury","Travel Lane","Black","Male",NA,"70+","No",NA,"16-20 mph","O: No Injury","White","Male","Passenger Car","No","17APR2007","Tuesday","Motorist Overtaking Bicyclist",10,"Non-Intersection","April","C: Possible Injury",37500,"Motorist Overtaking - Bicyclist Swerved",2007,"Yes","No","Daylight","Straight - Level","Local Street","Dry","Two-Way, Divided, Positive Median Barrier","None","No Special Feature","Coarse Asphalt",0,0,0,0,0,0,0,"2 lanes",2,0,NA,0,NA
1757,6694,"Charlotte","Mecklenburg","Piedmont","Residential","Urban (>70% Developed)",NA,"Urban","40 - 45  MPH","Stop And Go Signal","Other","No",21,"20-24","No",NA,"With Traffic","B: Evident Injury","Sidewalk / Crosswalk / Driveway Crossing","Black","Male",40,"40-49","No",NA,"6-10 mph","O: No Injury","White","Female","Sport Utility","No","18APR2007","Wednesday","Motorist Right Turn / Merge",21,"Intersection","April","B: Evident Injury",78480,"Motorist Right Turn - Same Direction",2007,"Yes","No","Dark - Lighted Roadway","Straight - Level","Local Street","Dry","Two-Way, Not Divided","None","No Special Feature","Smooth Asphalt",0,0,0,0,0,0,0,"4 lanes",2,0,NA,0,NA
1758,6704,"Granite Falls","Caldwell","Mountains","Residential","Urban (>70% Developed)",NA,"Rural","30 - 35  MPH","Stop Sign","Clear","No",13,"11-15","No",NA,"Facing Traffic","B: Evident Injury","Travel Lane","White","Male",27,"25-29","No",NA,"16-20 mph","O: No Injury","White","Male","Passenger Car","No","22APR2007","Sunday","Bicyclist Failed to Yield - Sign-Controlled Intersection",17,"Intersection","April","B: Evident Injury",63060,"Bicyclist Ride Through - Sign-Controlled Intersection",2007,"Yes","No","Daylight","Straight - Grade","Local Street","Dry","Two-Way, Not Divided","None","No Special Feature","Smooth Asphalt",0,0,0,0,0,0,0,"1 lane",2,0,NA,0,NA
1759,6711,"None - Rural Crash","Pitt","Coastal","Farms, Woods, Pastures","Rural (<30% Developed)",NA,"Rural","50 - 55  MPH","No Control Present","Clear","No",15,"11-15","No",NA,"With Traffic","B: Evident Injury","Travel Lane","White","Male",41,"40-49","No",NA,"31-35 mph","O: No Injury","Black","Male","Van","No","24APR2007","Tuesday","Motorist Overtaking Bicyclist",17,"Non-Intersection","April","B: Evident Injury",62820,"Motorist Overtaking - Other / Unknown",2007,"Yes","No","Daylight","Straight - Level","State Secondary Route","Dry","Two-Way, Not Divided","None","No Special Feature","Coarse Asphalt",0,0,0,0,0,0,0,"2 lanes",2,0,NA,0,NA
1760,6721,"None - Rural Crash","Stanly","Piedmont","Institutional","Mixed (30% To 70% Developed)",NA,"Rural","50 - 55  MPH","Double Yellow Line, No Passing Zone","Clear","No",52,"50-59","No",NA,"With Traffic","B: Evident Injury","Travel Lane","White","Female",NA,"70+","No",NA,"36-40 mph","O: No Injury","White","Female","Passenger Car","No","26APR2007","Thursday","Motorist Overtaking Bicyclist",13,"Non-Intersection","April","B: Evident Injury",48780,"Motorist Overtaking - Other / Unknown",2007,"Yes","No","Daylight","Straight - Grade","State Secondary Route","Dry","Two-Way, Not Divided","None","No Special Feature","Smooth Asphalt",0,0,0,0,0,0,0,"2 lanes",2,0,NA,0,NA
1761,6731,"Charlotte","Mecklenburg","Piedmont","Commercial","Urban (>70% Developed)",NA,"Urban","5 - 15 MPH","No Control Present","Clear","No",14,"11-15","No",NA,"With Traffic","C: Possible Injury","Travel Lane","Asian","Male",NA,NA,"Missing",NA,"11-15 mph","Unknown Injury","Unknown/Missing",NA,NA,"No","29APR2007","Sunday","Motorist Overtaking Bicyclist",14,"Non-Intersection","April","C: Possible Injury",51300,"Motorist Overtaking - Misjudged Space",2007,"Yes","Yes","Daylight","Straight - Level","Local Street","Dry","Two-Way, Not Divided","None","No Special Feature","Smooth Asphalt",0,0,0,0,0,0,0,"2 lanes",2,0,NA,0,NA
1762,6732,"Jacksonville","Onslow","Coastal","Commercial","Urban (>70% Developed)",NA,"Urban","40 - 45  MPH","No Control Present","Clear","No",46,"40-49","No",NA,NA,"B: Evident Injury","Non-Roadway","Black","Male",36,"30-39","No",NA,"11-15 mph","O: No Injury","White","Female","Passenger Car","No","30APR2007","Monday","Non-Roadway",13,"Non-Roadway","April","B: Evident Injury",46800,"Non-Roadway",2007,"No","Yes","Daylight","Straight - Level","Public Vehicular Area","Dry",NA,"None","Other","Smooth Asphalt",0,0,0,0,0,0,0,NA,2,0,NA,0,NA
1763,6733,"Asheboro","Randolph","Piedmont","Residential","Mixed (30% To 70% Developed)",NA,"Urban","30 - 35  MPH","Stop Sign","Clear","No",13,"11-15","No",NA,"With Traffic","C: Possible Injury","Travel Lane","Black","Male",43,"40-49","No",NA,"16-20 mph","O: No Injury","White","Female","Passenger Car","No","30APR2007","Monday","Bicyclist Failed to Yield - Sign-Controlled Intersection",16,"Intersection","April","C: Possible Injury",59580,"Bicyclist Ride Through - Sign-Controlled Intersection",2007,"Yes","No","Daylight","Straight - Grade","Local Street","Dry","Two-Way, Not Divided","None","T-Intersection","Smooth Asphalt",0,0,0,0,0,0,0,"2 lanes",2,0,NA,0,NA
1764,6748,"Charlotte","Mecklenburg","Piedmont","Residential","Urban (>70% Developed)",NA,"Urban","30 - 35  MPH","No Control Present","Cloudy","No",39,"30-39","No",NA,"With Traffic","B: Evident Injury","Travel Lane","White","Male",51,"50-59","No",NA,"26-30 mph","O: No Injury","Black","Female","Passenger Car","No","31JUL2007","Tuesday","Motorist Left Turn / Merge",6,"Intersection","July","B: Evident Injury",22560,"Motorist Left Turn - Opposite Direction",2007,"Yes","No","Dawn","Straight - Level","Local Street","Dry","Two-Way, Not Divided","None","No Special Feature","Smooth Asphalt",0,0,0,0,0,0,0,"4 lanes",2,0,NA,0,NA
1765,6758,"Wilmington","New Hanover","Coastal","Residential","Mixed (30% To 70% Developed)",NA,"Urban","30 - 35  MPH","No Control Present","Cloudy","No",23,"20-24","No",NA,"With Traffic","B: Evident Injury","Travel Lane","White","Male",NA,NA,"Missing",NA,"31-35 mph","Unknown Injury","Unknown/Missing",NA,NA,"No","09MAY2007","Wednesday","Motorist Overtaking Bicyclist",1,"Non-Intersection","May","B: Evident Injury",5100,"Motorist Overtaking - Undetected Bicyclist",2007,"Yes","Yes","Dark - Lighted Roadway","Straight - Level","Public Vehicular Area","Dry","Two-Way, Not Divided","None","No Special Feature","Smooth Asphalt",0,0,0,0,0,0,0,"2 lanes",2,0,NA,0,NA
1766,6767,"Raleigh","Wake","Piedmont","Commercial","Urban (>70% Developed)",NA,"Urban","30 - 35  MPH","Stop And Go Signal","Clear","No",32,"30-39","No",NA,"With Traffic","C: Possible Injury","Travel Lane","White","Male",27,"25-29","No",NA,"0-5 mph","O: No Injury","White","Male","Pickup","No","11MAY2007","Friday","Motorist Overtaking Bicyclist",9,"Non-Intersection","May","C: Possible Injury",32880,"Motorist Overtaking - Other / Unknown",2007,"No","No","Daylight","Straight - Level","Local Street","Dry","One-Way, Not Divided","None","No Special Feature","Smooth Asphalt",0,0,0,0,0,0,0,"8 lanes",2,0,NA,0,NA
1767,6773,"Durham","Durham","Piedmont","Residential","Urban (>70% Developed)",NA,"Urban","40 - 45  MPH","Stop And Go Signal","Clear","No",8,"6-10","No",NA,"With Traffic","C: Possible Injury",NA,"Black","Female",58,"50-59","No",NA,"0-5 mph","O: No Injury","Other","Male","Passenger Car","No","13AUG2007","Monday","Bicyclist Failed to Yield - Signalized Intersection",17,"Intersection","August","C: Possible Injury",62640,"Bicyclist Failed to Clear - Multiple Threat",2007,"Yes","No","Daylight","Straight - Level","Local Street","Dry","Two-Way, Not Divided","None","Four-Way Intersection","Smooth Asphalt",0,0,0,0,0,0,0,"3 lanes",2,0,NA,0,NA