"...1","object_id","city","county","region","development","locality","on_road","rural_urban","speed_limit","traffic_control","weather","workzone","bike_age","bike_age_group","bike_alcohol","bike_alcohol_drugs","bike_direction","bike_injury","bike_position","bike_race","bike_sex","driver_age","driver_age_group","driver_alcohol","driver_alcohol_drugs","driver_est_speed","driver_injury","driver_race","driver_sex","driver_vehicle_type","crash_alcohol","crash_date","crash_day","crash_group","crash_hour","crash_location","crash_month","crash_severity","crash_time","crash_type","crash_year","ambulance_req","hit_run","light_condition","road_character","road_class","road_condition","road_configuration","road_defects","road_feature","road_surface","num_bikes_ai","num_bikes_bi","num_bikes_ci","num_bikes_ki","num_bikes_no","num_bikes_to","num_bikes_ui","num_lanes","num_units","distance_mi_from","frm_road","rte_invd_cd","towrd_road"
1768,6775,"Greensboro","Guilford","Piedmont","Residential","Urban (>70% Developed)",NA,"Urban","30 - 35  MPH","Stop Sign","Clear","No",54,"50-59","No",NA,NA,"C: Possible Injury","Travel Lane","White","Male",27,"25-29","No",NA,"6-10 mph","O: No Injury","Black","Male","Passenger Car","No","14MAY2007","Monday","Other / Unknown - Insufficient Details",12,"Intersection","May","C: Possible Injury",43200,"Unknown Approach Paths",2007,"No","No","Daylight","Straight - Level","Local Street","Dry","Two-Way, Not Divided","None","Four-Way Intersection","Concrete",0,0,0,0,0,0,0,"2 lanes",2,0,NA,0,NA
1769,6778,"Morehead City","Carteret","Coastal","Residential","Urban (>70% Developed)",NA,"Urban","20 - 25  MPH","No Control Present","Clear","No",10,"6-10","No",NA,"Not Applicable","B: Evident Injury","Driveway / Alley","Black","Male",28,"25-29","No",NA,"21-25 mph","O: No Injury","White","Male","Pickup","No","15MAY2007","Tuesday","Bicyclist Failed to Yield - Midblock",17,"Non-Intersection","May","B: Evident Injury",61440,"Bicyclist Ride Out - Commercial Driveway / Alley",2007,"Yes","No","Daylight","Straight - Level","Local Street","Dry","Two-Way, Not Divided","None","No Special Feature","Smooth Asphalt",0,0,0,0,0,0,0,"2 lanes",2,0,NA,0,NA
1770,6782,"Charlotte","Mecklenburg","Piedmont","Residential","Urban (>70% Developed)",NA,"Urban","20 - 25  MPH","No Control Present","Clear","No",34,"30-39","No",NA,"With Traffic","B: Evident Injury","Travel Lane","White","Male",34,"30-39","Yes",NA,"16-20 mph","O: No Injury","White","Male","Van","Yes","15MAY2007","Tuesday","Motorist Left Turn / Merge",23,"Intersection","May","B: Evident Injury",83580,"Motorist Left Turn - Opposite Direction",2007,"No","Yes","Dark - Lighted Roadway","Straight - Level","Local Street","Dry","Two-Way, Not Divided","None","No Special Feature","Smooth Asphalt",0,0,0,0,0,0,0,"3 lanes",2,0,NA,0,NA
1771,6788,"Durham","Durham","Piedmont","Commercial","Urban (>70% Developed)",NA,"Urban","30 - 35  MPH","Stop And Go Signal","Clear","No",55,"50-59","No",NA,"Facing Traffic","C: Possible Injury","Travel Lane","Black","Male",NA,NA,"Missing",NA,"11-15 mph","Unknown Injury","Unknown/Missing",NA,"Sport Utility","No","17AUG2007","Friday","Bicyclist Failed to Yield - Signalized Intersection",19,"Intersection","August","C: Possible Injury",70200,"Bicyclist Ride Through - Signalized Intersection",2007,"Yes","Yes","Dusk","Straight - Level","Local Street","Dry","Two-Way, Not Divided","None","Four-Way Intersection","Smooth Asphalt",0,0,0,0,0,0,0,"2 lanes",2,0,NA,0,NA
1772,6794,"None - Rural Crash","Iredell","Piedmont","Farms, Woods, Pastures","Rural (<30% Developed)",NA,"Rural","50 - 55  MPH","No Control Present","Clear","No",51,"50-59","No",NA,"With Traffic","B: Evident Injury","Travel Lane","White","Male",32,"30-39","No",NA,"41-45 mph","O: No Injury","White","Male","Pickup","No","21MAY2007","Monday","Motorist Overtaking Bicyclist",7,"Non-Intersection","May","B: Evident Injury",25500,"Motorist Overtaking - Undetected Bicyclist",2007,"Yes","No","Daylight","Straight - Grade","State Secondary Route","Dry","Two-Way, Not Divided","None","No Special Feature","Coarse Asphalt",0,0,0,0,0,0,0,"2 lanes",2,0,NA,0,NA
1773,6796,"Duck","Dare","Coastal","Commercial","Urban (>70% Developed)",NA,"Rural","20 - 25  MPH","No Control Present","Clear","No",45,"40-49","No",NA,"With Traffic","O: No Injury","Bike Lane / Paved Shoulder","White","Male",49,"40-49","No",NA,"16-20 mph","O: No Injury","White","Male","Van","No","06APR2007","Friday","Motorist Left Turn / Merge",16,"Non-Intersection","April","O: No Injury",59400,"Motorist Left Turn - Opposite Direction",2007,"Yes","No","Daylight","Straight - Level","NC Route","Dry","Two-Way, Divided, Unprotected Median","None","No Special Feature","Smooth Asphalt",0,0,0,0,0,0,0,"3 lanes",3,0,NA,0,NA
1774,6803,"None - Rural Crash","New Hanover","Coastal","Residential","Urban (>70% Developed)",NA,"Rural","50 - 55  MPH","No Control Present","Clear","No",54,"50-59","No",NA,"With Traffic","C: Possible Injury","Travel Lane","White","Male",51,"50-59","No",NA,"51-55 mph","O: No Injury","White","Female","Passenger Car","No","22MAY2007","Tuesday","Motorist Overtaking Bicyclist",19,"Non-Intersection","May","C: Possible Injury",69000,"Motorist Overtaking - Misjudged Space",2007,"Yes","No","Daylight","Straight - Level","US Route","Dry","Two-Way, Divided, Unprotected Median","None","No Special Feature","Smooth Asphalt",0,0,0,0,0,0,0,"4 lanes",2,0,NA,0,NA
1775,6808,"Raleigh","Wake","Piedmont","Residential","Mixed (30% To 70% Developed)",NA,"Urban","40 - 45  MPH","Stop And Go Signal","Clear","No",16,"16-19","No",NA,"With Traffic","B: Evident Injury","Sidewalk / Crosswalk / Driveway Crossing","Black","Male",28,"25-29","No",NA,"0-5 mph","O: No Injury","White","Male","Passenger Car","No","23MAY2007","Wednesday","Bicyclist Failed to Yield - Signalized Intersection",15,"Intersection","May","B: Evident Injury",56160,"Bicyclist Ride Out - Signalized  Intersection",2007,"No","No","Daylight","Straight - Level","Local Street","Dry","Two-Way, Not Divided","None","No Special Feature","Smooth Asphalt",0,0,0,0,0,0,0,"4 lanes",2,0,NA,0,NA
1776,6813,"Jacksonville","Onslow","Coastal","Commercial","Urban (>70% Developed)",NA,"Urban",NA,"No Control Present","Clear","No",17,"16-19","No",NA,NA,"C: Possible Injury","Non-Roadway","Black","Male",38,"30-39","No",NA,"0-5 mph","O: No Injury","White","Male","Pickup","No","24MAY2007","Thursday","Non-Roadway",14,"Non-Roadway","May","C: Possible Injury",52260,"Non-Roadway",2007,"Yes","No","Daylight","Straight - Level","Public Vehicular Area","Dry","Two-Way, Not Divided","None","No Special Feature","Concrete",0,0,0,0,0,0,0,NA,2,0,NA,0,NA
1777,6818,"Asheville","Buncombe","Mountains","Residential","Urban (>70% Developed)",NA,"Urban","30 - 35  MPH","Stop Sign","Clear","No",12,"11-15","No",NA,"Facing Traffic","B: Evident Injury","Travel Lane","Black","Male",16,"0-19","No",NA,"11-15 mph","O: No Injury","Other","Female","Passenger Car","No","24MAY2007","Thursday","Motorist Left Turn / Merge",15,"Intersection","May","B: Evident Injury",56820,"Motorist Left Turn - Same Direction",2007,"Yes","No","Daylight","Straight - Grade","Local Street","Dry","Two-Way, Not Divided","None","T-Intersection","Smooth Asphalt",0,0,0,0,0,0,0,"2 lanes",2,0,NA,0,NA
1778,6823,"High Point","Guilford","Piedmont","Residential","Mixed (30% To 70% Developed)",NA,"Urban","20 - 25  MPH","Stop Sign","Clear","No",8,"6-10","No",NA,NA,"B: Evident Injury","Travel Lane","Black","Male",55,"50-59","No",NA,"21-25 mph","O: No Injury","Black","Female","Passenger Car","No","29APR2007","Sunday","Bicyclist Failed to Yield - Sign-Controlled Intersection",19,"Intersection","April","B: Evident Injury",70740,"Bicyclist Ride Through - Sign-Controlled Intersection",2007,"Yes","No","Daylight","Straight - Hillcrest","Local Street","Dry","Two-Way, Not Divided","None","No Special Feature","Coarse Asphalt",0,0,0,0,0,0,0,"2 lanes",2,0,NA,0,NA
1779,6824,"None - Rural Crash","Pasquotank","Coastal","Residential","Rural (<30% Developed)",NA,"Rural","40 - 45  MPH","Double Yellow Line, No Passing Zone","Clear","No",42,"40-49","Yes",NA,"Facing Traffic","A: Disabling Injury","Travel Lane","Black","Male",19,"0-19","No",NA,"41-45 mph","O: No Injury","Black","Male","Passenger Car","Yes","26MAY2007","Saturday","Bicyclist Right Turn / Merge",6,"Non-Intersection","May","A: Disabling Injury",24300,"Bicyclist Right Turn - Same Direction",2007,"Yes","No","Daylight","Straight - Level","State Secondary Route","Dry","Two-Way, Not Divided","None","No Special Feature","Smooth Asphalt",0,0,0,0,0,0,0,"2 lanes",2,0,NA,0,NA
1780,6826,"Emerald Isle","Carteret","Coastal","Commercial","Urban (>70% Developed)",NA,"Rural","40 - 45  MPH","No Control Present","Clear","No",14,"11-15","No",NA,"Facing Traffic","B: Evident Injury","Sidewalk / Crosswalk / Driveway Crossing","White","Male",47,"40-49","No",NA,"26-30 mph","O: No Injury","White","Male","Pickup","No","27MAY2007","Sunday","Crossing Paths - Other Circumstances",21,"Intersection","May","B: Evident Injury",78960,"Crossing Paths - Intersection - Other / Unknown",2007,"No","No","Dark - Lighted Roadway","Straight - Level","NC Route","Dry","Two-Way, Not Divided","None","Driveway, Public","Smooth Asphalt",0,0,0,0,0,0,0,"3 lanes",2,0,NA,0,NA
1781,6829,"Charlotte","Mecklenburg","Piedmont","Residential","Urban (>70% Developed)",NA,"Urban","20 - 25  MPH","Stop Sign","Clear","No",59,"50-59","No",NA,NA,"B: Evident Injury","Travel Lane","White","Male",39,"30-39","No",NA,"6-10 mph","O: No Injury","White","Female","Sport Utility","No","28MAY2007","Monday","Crossing Paths - Other Circumstances",9,"Intersection","May","B: Evident Injury",32520,"Sign-Controlled Intersection - Other / Unknown",2007,"No","No","Daylight","Straight - Level","Public Vehicular Area","Dry","Two-Way, Not Divided","None","No Special Feature","Smooth Asphalt",0,0,0,0,0,0,0,"2 lanes",2,0,NA,0,NA
1782,6832,"Wilmington","New Hanover","Coastal","Residential","Urban (>70% Developed)",NA,"Urban","30 - 35  MPH","Stop And Go Signal","Clear","No",23,"20-24","No",NA,"Facing Traffic","C: Possible Injury","Travel Lane","White","Female",67,"60-69","No",NA,"6-10 mph","O: No Injury","White","Female","Passenger Car","No","29MAY2007","Tuesday","Bicyclist Failed to Yield - Signalized Intersection",14,"Intersection","May","C: Possible Injury",52980,"Bicyclist Ride Through - Signalized Intersection",2007,"No","No","Daylight","Straight - Level","Local Street","Dry","Two-Way, Not Divided","None","Driveway, Public","Smooth Asphalt",0,0,0,0,0,0,0,"3 lanes",2,0,NA,0,NA
1783,6838,"Chapel Hill","Orange","Piedmont","Residential","Urban (>70% Developed)",NA,"Urban","20 - 25  MPH","Stop Sign","Clear","No",22,"20-24","Yes",NA,"With Traffic","C: Possible Injury","Travel Lane","Unknown/Missing","Male",48,"40-49","No",NA,"6-10 mph","O: No Injury","Black","Male","Sport Utility","Yes","31MAY2007","Thursday","Motorist Failed to Yield - Sign-Controlled Intersection",23,"Intersection","May","C: Possible Injury",83340,"Motorist Drive Out - Sign-Controlled Intersection",2007,"No","No","Dark - Roadway Not Lighted","Straight - Level","Local Street","Dry","Two-Way, Not Divided","None","No Special Feature","Smooth Asphalt",0,0,0,0,0,0,0,"4 lanes",2,0,NA,0,NA
1784,6841,"Charlotte","Mecklenburg","Piedmont","Residential","Urban (>70% Developed)",NA,"Urban","20 - 25  MPH","No Control Present","Clear","No",10,"6-10","No",NA,"With Traffic","O: No Injury","Sidewalk / Crosswalk / Driveway Crossing","Black","Female",34,"30-39","No",NA,"0-5 mph","O: No Injury","Black","Female","Passenger Car","No","03SEP2007","Monday","Backing Vehicle",17,"Non-Intersection","September","O: No Injury",62520,"Backing Vehicle",2007,"No","No","Daylight","Straight - Level","Local Street","Dry","Two-Way, Not Divided","None","Driveway, Private","Smooth Asphalt",0,0,0,0,0,0,0,"2 lanes",2,0,NA,0,NA
1785,6851,"None - Rural Crash","Scotland","Coastal","Farms, Woods, Pastures","Rural (<30% Developed)",NA,"Rural","50 - 55  MPH","No Control Present","Clear","No",14,"11-15","No",NA,"With Traffic","C: Possible Injury","Other","Native American","Male",26,"25-29","No",NA,"41-45 mph","O: No Injury","White","Female","Passenger Car","No","04JUN2007","Monday","Bicyclist Left Turn / Merge",18,"Non-Intersection","June","C: Possible Injury",66960,"Bicyclist Left Turn - Same Direction",2007,"No","No","Daylight","Straight - Level","State Secondary Route","Dry","Two-Way, Not Divided","None","No Special Feature","Smooth Asphalt",0,0,0,0,0,0,0,"2 lanes",2,0,NA,0,NA
1786,6854,"Hickory","Catawba","Piedmont","Residential","Urban (>70% Developed)",NA,"Urban","20 - 25  MPH","Stop Sign","Clear","No",7,"6-10","No",NA,"With Traffic","B: Evident Injury","Travel Lane","White","Male",NA,"70+","No",NA,"21-25 mph","O: No Injury","White","Female","Passenger Car","No","05JUN2007","Tuesday","Bicyclist Failed to Yield - Sign-Controlled Intersection",20,"Intersection","June","B: Evident Injury",72180,"Bicyclist Ride Through - Sign-Controlled Intersection",2007,"No","No","Daylight","Straight - Level","Local Street","Dry","Two-Way, Not Divided","None","Four-Way Intersection","Smooth Asphalt",0,0,0,0,0,0,0,"2 lanes",2,0,NA,0,NA
1787,6870,"None - Rural Crash","Buncombe","Mountains","Farms, Woods, Pastures","Rural (<30% Developed)",NA,"Rural","50 - 55  MPH","Double Yellow Line, No Passing Zone","Clear","No",11,"11-15","No",NA,"Not Applicable","B: Evident Injury","Driveway / Alley","White","Male",32,"30-39","No",NA,"26-30 mph","O: No Injury","White","Male","Pickup","No","10JUN2007","Sunday","Bicyclist Failed to Yield - Midblock",22,"Non-Intersection","June","B: Evident Injury",82500,"Bicyclist Ride Out - Residential Driveway",2007,"Yes","No","Dusk","Curve - Grade","State Secondary Route","Dry","Two-Way, Not Divided","None","Driveway, Private","Smooth Asphalt",0,0,0,0,0,0,0,"2 lanes",2,0,NA,0,NA
1788,6872,"Charlotte","Mecklenburg","Piedmont","Residential","Urban (>70% Developed)",NA,"Urban","20 - 25  MPH","Stop Sign","Clear","No",28,"25-29","No",NA,"With Traffic","B: Evident Injury","Travel Lane","White","Male",35,"30-39","No",NA,"0-5 mph","O: No Injury","White","Male","Sport Utility","No","16SEP2007","Sunday","Bicyclist Left Turn / Merge",10,"Intersection","September","B: Evident Injury",37260,"Bicyclist Left Turn - Same Direction",2007,"Yes","No","Daylight","Straight - Level","Local Street","Dry","Two-Way, Not Divided","None","T-Intersection","Smooth Asphalt",0,0,0,0,0,0,0,"2 lanes",2,0,NA,0,NA
1789,6874,"High Point","Guilford","Piedmont","Residential","Urban (>70% Developed)",NA,"Urban","30 - 35  MPH","Stop Sign","Clear","No",29,"25-29","No",NA,NA,"B: Evident Injury","Travel Lane","Black","Male",53,"50-59","No",NA,"31-35 mph","Unknown Injury","Black","Female","Pickup","No","10JUN2007","Sunday","Bicyclist Failed to Yield - Sign-Controlled Intersection",15,"Intersection","June","B: Evident Injury",57060,"Bicyclist Ride Through - Sign-Controlled Intersection",2007,"Yes","No","Daylight","Straight - Grade","Local Street","Dry","Two-Way, Not Divided","None","Four-Way Intersection","Smooth Asphalt",0,0,0,0,0,0,0,"2 lanes",2,0,NA,0,NA
1790,6884,"None - Rural Crash","Bertie","Coastal","Farms, Woods, Pastures","Rural (<30% Developed)",NA,"Rural","50 - 55  MPH","Double Yellow Line, No Passing Zone","Clear","No",6,"6-10","No",NA,"Not Applicable","C: Possible Injury","Driveway / Alley","Black","Male",NA,"70+","No",NA,"31-35 mph","O: No Injury","Black","Male","Passenger Car","No","13JUN2007","Wednesday","Bicyclist Failed to Yield - Midblock",16,"Non-Intersection","June","C: Possible Injury",58380,"Bicyclist Ride Out - Residential Driveway",2007,"No","No","Daylight","Straight - Level","State Secondary Route","Dry","Two-Way, Not Divided","None","Driveway, Private","Coarse Asphalt",0,0,0,0,0,0,0,"2 lanes",2,0,NA,0,NA
1791,6889,"Rocky Mount","Nash","Coastal","Commercial","Urban (>70% Developed)",NA,"Urban","30 - 35  MPH","No Control Present","Clear","No",13,"11-15","No",NA,NA,"C: Possible Injury","Non-Roadway","White","Male",NA,"70+","No",NA,"0-5 mph","O: No Injury","White","Male","Passenger Car","No","14JUN2007","Thursday","Non-Roadway",15,"Non-Roadway","June","C: Possible Injury",57300,"Non-Roadway",2007,"No","No","Daylight","Straight - Level","Public Vehicular Area","Dry","Two-Way, Not Divided","None","No Special Feature","Smooth Asphalt",0,0,0,0,0,0,0,NA,2,0,NA,0,NA
1792,6890,"Charlotte","Mecklenburg","Piedmont","Commercial","Urban (>70% Developed)",NA,"Urban","30 - 35  MPH","No Control Present","Clear","No",22,"20-24","No",NA,"With Traffic","B: Evident Injury","Bike Lane / Paved Shoulder","White","Male",22,"20-24","No",NA,"6-10 mph","O: No Injury","White","Female","Passenger Car","No","18SEP2007","Tuesday","Motorist Right Turn / Merge",13,"Intersection","September","B: Evident Injury",47880,"Motorist Right Turn - Same Direction",2007,"Yes","No","Daylight","Straight - Level","Local Street","Dry","Two-Way, Divided, Unprotected Median","None","No Special Feature","Smooth Asphalt",0,0,0,0,0,0,0,"4 lanes",2,0,NA,0,NA
1793,6892,"Cleveland","Rowan","Piedmont","Commercial","Urban (>70% Developed)",NA,"Rural","50 - 55  MPH","No Control Present","Clear","No",6,"6-10","No",NA,"Not Applicable","C: Possible Injury","Non-Roadway","White","Male",65,"60-69","No",NA,"21-25 mph","O: No Injury","White","Male","Tractor/Semi-Trailer","No","04SEP2007","Tuesday","Bicyclist Failed to Yield - Midblock",8,"Non-Intersection","September","C: Possible Injury",31500,"Bicyclist Ride Out - Commercial Driveway / Alley",2007,"No","No","Daylight","Straight - Level","US Route","Dry","Two-Way, Not Divided","None","Driveway, Public","Grooved Concrete",0,0,0,0,0,0,0,"2 lanes",2,0,NA,0,NA
1794,6895,"Wilson","Wilson","Coastal","Commercial","Mixed (30% To 70% Developed)",NA,"Urban","30 - 35  MPH","Stop And Go Signal","Clear","No",16,"16-19","No",NA,"Facing Traffic","C: Possible Injury",NA,"Black","Male",18,"0-19","No",NA,"31-35 mph","O: No Injury","Hispanic","Male","Passenger Car","No","15JUN2007","Friday","Bicyclist Failed to Yield - Signalized Intersection",14,"Intersection","June","C: Possible Injury",52800,"Bicyclist Ride Through - Signalized Intersection",2007,"Yes","No","Daylight","Straight - Level","Local Street","Dry","Two-Way, Not Divided","None","Four-Way Intersection","Smooth Asphalt",0,0,0,0,0,0,0,"2 lanes",2,0,NA,0,NA
1795,6900,"None - Rural Crash","Hyde","Coastal","Commercial","Urban (>70% Developed)",NA,"Rural","5 - 15 MPH","Double Yellow Line, No Passing Zone","Clear","No",NA,"70+","No",NA,"Facing Traffic","B: Evident Injury","Bike Lane / Paved Shoulder","White","Female",29,"25-29","No",NA,"0-5 mph","O: No Injury","White","Male","Pickup","No","18JUN2007","Monday","Motorist Failed to Yield - Midblock",13,"Non-Intersection","June","B: Evident Injury",50220,"Motorist Drive Out - Commercial Driveway / Alley",2007,"Yes","No","Daylight","Straight - Level","NC Route","Sand, Mud, Dirt, Gravel","Two-Way, Not Divided","None","Driveway, Public","Gravel",0,0,0,0,0,0,0,"2 lanes",2,0,NA,0,NA
1796,6902,"Rocky Mount","Nash","Coastal","Commercial","Urban (>70% Developed)",NA,"Urban","30 - 35  MPH","Stop And Go Signal","Clear","No",42,"40-49","No",NA,"Facing Traffic","C: Possible Injury","Travel Lane","Black","Male",54,"50-59","No",NA,"11-15 mph","O: No Injury","Black","Female","Passenger Car","No","18JUN2007","Monday","Bicyclist Failed to Yield - Signalized Intersection",9,"Intersection","June","C: Possible Injury",34140,"Bicyclist Ride Through - Signalized Intersection",2007,"Yes","No","Daylight","Straight - Grade","Local Street","Dry","Two-Way, Divided, Unprotected Median","None","Four-Way Intersection","Smooth Asphalt",0,0,0,0,0,0,0,"4 lanes",2,0,NA,0,NA
1797,6904,"Jamestown","Guilford","Piedmont","Farms, Woods, Pastures","Rural (<30% Developed)",NA,"Rural","40 - 45  MPH","Double Yellow Line, No Passing Zone","Clear","No",22,"20-24","No",NA,"With Traffic","B: Evident Injury","Travel Lane","White","Female",39,"30-39","No",NA,"36-40 mph","O: No Injury","White","Female","Passenger Car","No","21JUN2007","Thursday","Bicyclist Left Turn / Merge",18,"Non-Intersection","June","B: Evident Injury",67680,"Bicyclist Left Turn - Same Direction",2007,"No","No","Daylight","Straight - Grade","State Secondary Route","Dry","Two-Way, Not Divided","None","Shared-Use Paths Or Trails","Smooth Asphalt",0,0,0,0,0,0,0,"2 lanes",2,0,NA,0,NA
1798,6905,"Roanoke Rapids","Halifax","Coastal","Commercial","Urban (>70% Developed)",NA,"Urban","20 - 25  MPH","No Control Present","Clear","No",7,"6-10","No",NA,"Not Applicable","B: Evident Injury","Driveway / Alley","Black","Female",28,"25-29","No",NA,"16-20 mph","O: No Injury","Black","Male","Passenger Car","No","21JUN2007","Thursday","Bicyclist Failed to Yield - Midblock",19,"Non-Intersection","June","B: Evident Injury",70260,"Bicyclist Ride Out - Commercial Driveway / Alley",2007,"Yes","No","Daylight","Straight - Level","Local Street","Dry","Two-Way, Not Divided","None","Alley Intersection","Concrete",0,0,0,0,0,0,0,"2 lanes",2,0,NA,0,NA
1799,6909,"None - Rural Crash","Granville","Piedmont","Residential","Mixed (30% To 70% Developed)",NA,"Rural","20 - 25  MPH","No Control Present","Rain","No",45,"40-49","No",NA,"With Traffic","K: Killed","Travel Lane","Black","Male",NA,NA,"Missing",NA,"21-25 mph","Unknown Injury","Unknown/Missing",NA,NA,"No","15APR2007","Sunday","Motorist Overtaking Bicyclist",22,"Non-Intersection","April","K: Killed",79440,"Motorist Overtaking - Undetected Bicyclist",2007,"Yes","Yes","Dark - Roadway Not Lighted","Straight - Level","Local Street","Wet","Two-Way, Not Divided","None","No Special Feature","Smooth Asphalt",0,0,0,0,0,0,0,"2 lanes",2,0,NA,0,NA
1800,6910,"Raleigh","Wake","Piedmont","Residential","Urban (>70% Developed)",NA,"Urban","30 - 35  MPH","Stop And Go Signal","Cloudy","No",31,"30-39","No",NA,"With Traffic","C: Possible Injury","Travel Lane","Hispanic","Male",NA,"70+","No",NA,"0-5 mph","O: No Injury","Black","Female","Passenger Car","No","20JUN2007","Wednesday","Motorist Right Turn / Merge",21,"Intersection","June","C: Possible Injury",75960,"Motorist Right Turn on Red - Same Direction",2007,"No","No","Dark - Lighted Roadway","Straight - Level","Local Street","Dry","Two-Way, Divided, Unprotected Median","None","Four-Way Intersection","Coarse Asphalt",0,0,0,0,0,0,0,"4 lanes",2,0,NA,0,NA
1801,1576,"Lumberton","Robeson","Coastal","Commercial","Mixed (30% To 70% Developed)","FAYETTEVILLE RD","Urban","40 - 45  MPH","Stop And Go Signal","Cloudy","No",57,"50-59","No",NA,"With Traffic","C: Possible Injury","Travel Lane","Black","Male",69,"60-69","No",NA,"0-5 mph","O: No Injury","Black","Male","Pickup","No","06OCT2013","Sunday","Bicyclist Failed to Yield - Signalized Intersection",15,"Intersection","October","C: Possible Injury",54960,"Bicyclist Failed to Clear - Trapped",2013,"Yes","No","Daylight","Straight - Level","Local Street","Dry","Two-Way, Not Divided","None","Four-Way Intersection","Coarse Asphalt",0,0,0,0,0,0,0,"5 lanes",2,0,NA,0,NA
1802,1507,"Winston-Salem","Forsyth","Piedmont","Commercial","Urban (>70% Developed)","COUNTRY CLUB RD","Urban","30 - 35  MPH","No Control Present","Clear","No",49,"40-49","No",NA,"With Traffic","C: Possible Injury","Travel Lane","White","Male",25,"25-29","No",NA,"26-30 mph","O: No Injury","White","Female","Passenger Car","No","29AUG2013","Thursday","Motorist Right Turn / Merge",8,"Non-Intersection","August","C: Possible Injury",30840,"Motorist Right Turn - Same Direction",2013,"No","No","Daylight","Straight - Grade","State Secondary Route","Dry","Two-Way, Not Divided","None","No Special Feature","Smooth Asphalt",0,0,0,0,0,0,0,"4 lanes",2,0,NA,0,NA
1803,1532,"Charlotte","Mecklenburg","Piedmont","Industrial","Urban (>70% Developed)","N GRAHAM ST","Urban","30 - 35  MPH","Stop And Go Signal","Clear","No",35,"30-39","No",NA,"Not Applicable","B: Evident Injury","Sidewalk / Crosswalk / Driveway Crossing","White","Male",27,"25-29","No",NA,NA,"O: No Injury","Black","Male","Passenger Car","No","26SEP2013","Thursday","Bicyclist Failed to Yield - Signalized Intersection",17,"Intersection","September","B: Evident Injury",63540,"Bicyclist Ride Through - Signalized Intersection",2013,"No","No","Daylight","Straight - Level","Local Street","Dry","Two-Way, Divided, Unprotected Median","None","No Special Feature","Smooth Asphalt",0,0,0,0,0,0,0,"4 lanes",2,0,NA,0,NA
1804,1554,"Charlotte","Mecklenburg","Piedmont","Residential","Urban (>70% Developed)","E 18TH ST","Urban","20 - 25  MPH","Stop Sign","Clear","No",32,"30-39","No",NA,"With Traffic","A: Disabling Injury","Travel Lane","Black","Female",37,"30-39","No",NA,"21-25 mph","O: No Injury","Black","Female","Passenger Car","No","08OCT2013","Tuesday","Bicyclist Failed to Yield - Sign-Controlled Intersection",19,"Intersection","October","A: Disabling Injury",68640,"Bicyclist Ride Through - Sign-Controlled Intersection",2013,"Yes","No","Dusk","Straight - Hillcrest","Local Street","Dry","Two-Way, Not Divided","None","No Special Feature","Grooved Concrete",0,0,0,0,0,0,0,"2 lanes",2,0,NA,0,NA
1805,1571,"Spring Lake","Cumberland","Coastal","Commercial","Urban (>70% Developed)","LILLINGTON HWY","Urban","30 - 35  MPH","No Control Present","Clear","No",20,"20-24","No",NA,"With Traffic","C: Possible Injury","Travel Lane","Hispanic","Male",41,"40-49","No",NA,"31-35 mph","O: No Injury","White","Male","Pickup","No","13SEP2013","Friday","Crossing Paths - Other Circumstances",18,"Intersection-Related","September","C: Possible Injury",65640,"Crossing Paths - Uncontrolled Intersection",2013,"No","No","Daylight","Straight - Level","missing","Dry","Two-Way, Divided, Unprotected Median","None","No Special Feature","Coarse Asphalt",0,0,0,0,0,0,0,"4 lanes",2,0,NA,0,NA
1806,1559,"Wilmington","New Hanover","Coastal","Residential","Urban (>70% Developed)","PRINCESS PLACE DR","Urban","30 - 35  MPH","Stop And Go Signal","Clear","No",22,"20-24","No",NA,"With Traffic","C: Possible Injury","Travel Lane","White","Male",57,"50-59","No",NA,"6-10 mph","O: No Injury","White","Male","Passenger Car","No","02OCT2013","Wednesday","Motorist Left Turn / Merge",19,"Intersection","October","C: Possible Injury",69540,"Motorist Left Turn - Opposite Direction",2013,"Yes","No","Dark - Roadway Not Lighted","Straight - Grade","Local Street","Dry","Two-Way, Not Divided","None","Four-Way Intersection","Smooth Asphalt",0,0,0,0,0,0,0,"3 lanes",2,0,NA,0,NA
1807,1570,"None - Rural Crash","Harnett","Coastal","Residential","Rural (<30% Developed)","SR 1143","Rural","50 - 55  MPH","Double Yellow Line, No Passing Zone","Rain","No",14,"11-15","No",NA,"Facing Traffic","C: Possible Injury","Travel Lane","White","Male",32,"30-39","No",NA,"41-45 mph","O: No Injury","White","Male","Pickup","No","10OCT2013","Thursday","Bicyclist Right Turn / Merge",17,"Non-Intersection","October","C: Possible Injury",64680,"Bicyclist Right Turn - Same Direction",2013,"No","No","Daylight","Straight - Level","State Secondary Route","Wet","Two-Way, Not Divided","None","No Special Feature","Coarse Asphalt",0,0,0,0,0,0,0,"2 lanes",2,0,NA,0,NA
1808,1624,"Jacksonville","Onslow","Coastal","Commercial","Urban (>70% Developed)","PVA 454 WESTERN BLVD","Urban",NA,"Stop Sign","Clear","No",20,"20-24","No",NA,"Facing Traffic","B: Evident Injury","Sidewalk / Crosswalk / Driveway Crossing","White","Female",65,"60-69","No",NA,"0-5 mph","O: No Injury","White","Female","Passenger Car","No","16OCT2013","Wednesday","Motorist Failed to Yield - Sign-Controlled Intersection",16,"Intersection","October","B: Evident Injury",58440,"Motorist Drive Out - Sign-Controlled Intersection",2013,"Yes","No","Daylight","Straight - Level","Public Vehicular Area","Dry","Two-Way, Not Divided","None","On or Off Ramp","Smooth Asphalt",0,0,0,0,0,0,0,NA,2,0,NA,0,NA