"...1","object_id","city","county","region","development","locality","on_road","rural_urban","speed_limit","traffic_control","weather","workzone","bike_age","bike_age_group","bike_alcohol","bike_alcohol_drugs","bike_direction","bike_injury","bike_position","bike_race","bike_sex","driver_age","driver_age_group","driver_alcohol","driver_alcohol_drugs","driver_est_speed","driver_injury","driver_race","driver_sex","driver_vehicle_type","crash_alcohol","crash_date","crash_day","crash_group","crash_hour","crash_location","crash_month","crash_severity","crash_time","crash_type","crash_year","ambulance_req","hit_run","light_condition","road_character","road_class","road_condition","road_configuration","road_defects","road_feature","road_surface","num_bikes_ai","num_bikes_bi","num_bikes_ci","num_bikes_ki","num_bikes_no","num_bikes_to","num_bikes_ui","num_lanes","num_units","distance_mi_from","frm_road","rte_invd_cd","towrd_road"
1809,1622,"None - Rural Crash","New Hanover","Coastal","Commercial","Urban (>70% Developed)","US 17","Rural","50 - 55  MPH","No Control Present","Clear","No",42,"40-49","No",NA,"With Traffic","C: Possible Injury","Travel Lane","Black","Male",51,"50-59","No",NA,"41-45 mph","O: No Injury","White","Male","Pickup","No","11NOV2013","Monday","Motorist Overtaking Bicyclist",19,"Non-Intersection","November","C: Possible Injury",69900,"Motorist Overtaking - Other / Unknown",2013,"Yes","No","Dark - Roadway Not Lighted","Straight - Level","US Route","Dry","Two-Way, Divided, Unprotected Median","None","No Special Feature","Coarse Asphalt",0,0,0,0,0,0,0,"5 lanes",2,0,NA,0,NA
1810,1630,"Kinston","Lenoir","Coastal","Commercial","Mixed (30% To 70% Developed)","US 70","Urban","40 - 45  MPH","Stop And Go Signal","Clear","No",44,"40-49","No",NA,"Facing Traffic","C: Possible Injury","Travel Lane","Black","Male",41,"40-49","No",NA,"0-5 mph","O: No Injury","White","Female","Passenger Car","No","14NOV2013","Thursday","Motorist Failed to Yield - Signalized Intersection",16,"Intersection","November","C: Possible Injury",59880,"Motorist Drive Out - Right Turn on Red",2013,"Yes","No","Dusk","Straight - Level","US Route","Dry","Two-Way, Not Divided","None","T-Intersection","Coarse Asphalt",0,0,0,0,0,0,0,"5 lanes",2,0,NA,0,NA
1811,1631,"Mooresville","Iredell","Piedmont","Residential","Urban (>70% Developed)","SHEARERS RD","Urban","40 - 45  MPH","No Control Present","Clear","No",62,"60-69","No",NA,"With Traffic","B: Evident Injury","Travel Lane","White","Male",31,"30-39","No",NA,NA,"O: No Injury","Black","Male","Van","No","16OCT2013","Wednesday","Bicyclist Overtaking Motorist",12,"Non-Intersection","October","B: Evident Injury",44220,"Bicyclist Overtaking - Parked Vehicle",2013,"No","No","Daylight","Straight - Grade","Local Street","Dry","Two-Way, Not Divided","None","No Special Feature","Coarse Asphalt",0,0,0,0,0,0,0,"2 lanes",2,0,NA,0,NA
1812,1541,"Sanford","Lee","Piedmont","Commercial","Urban (>70% Developed)","JEFFERSON DAVIS HWY","Urban","40 - 45  MPH","No Control Present","Clear","No",31,"30-39","Yes",NA,"Not Applicable","B: Evident Injury","Travel Lane","White","Male",44,"40-49","No",NA,"36-40 mph","O: No Injury","White","Female","Passenger Car","Yes","11SEP2013","Wednesday","Bicyclist Failed to Yield - Midblock",20,"Non-Intersection","September","B: Evident Injury",72480,"Bicyclist Ride Out - Other Midblock",2013,"Yes","No","Dark - Lighted Roadway","Straight - Level","Local Street","Dry","Two-Way, Divided, Unprotected Median","None","Non-Intersection Median Crossing","Smooth Asphalt",0,0,0,0,0,0,0,"7 lanes",2,0,NA,0,NA
1813,1553,"Winston-Salem","Forsyth","Piedmont","Commercial","Urban (>70% Developed)","1100 BLK BURKE ST","Urban","30 - 35  MPH","No Control Present","Clear","No",30,"30-39","Yes",NA,"With Traffic","C: Possible Injury","Travel Lane","White","Male",NA,NA,"Missing",NA,NA,"Unknown Injury","Unknown/Missing",NA,"Sport Utility","Yes","25AUG2013","Sunday","Bicyclist Overtaking Motorist",3,"Intersection-Related","August","C: Possible Injury",11400,"Bicyclist Overtaking - Parked Vehicle",2013,"No","No","Dark - Lighted Roadway","Straight - Level","Local Street","Dry","Two-Way, Not Divided","None","No Special Feature","Smooth Asphalt",0,0,0,0,0,0,0,"2 lanes",2,0,NA,0,NA
1814,1547,"Wrightsville Beach","New Hanover","Coastal","Commercial","Urban (>70% Developed)","EAST SALISBURY STREET","Rural","20 - 25  MPH","Stop And Go Signal","Rain","No",35,"30-39","No",NA,"With Traffic","O: No Injury","Travel Lane","White","Male",30,"30-39","No",NA,"11-15 mph","O: No Injury","White","Male","Police","No","08OCT2013","Tuesday","Bicyclist Failed to Yield - Signalized Intersection",13,"Intersection","October","O: No Injury",48600,"Bicyclist Ride Through - Signalized Intersection",2013,"No","No","Daylight","Straight - Level","Local Street","Wet","Two-Way, Divided, Unprotected Median","None","Four-Way Intersection","Coarse Asphalt",0,0,0,0,0,0,0,"2 lanes",2,0,NA,0,NA
1815,1550,"None - Rural Crash","Wake","Piedmont","Residential","Mixed (30% To 70% Developed)","SR 1381","Rural","40 - 45  MPH","Double Yellow Line, No Passing Zone","Cloudy","No",53,"50-59","No",NA,"With Traffic","B: Evident Injury","Travel Lane","White","Female",69,"60-69","No",NA,"31-35 mph","O: No Injury","White","Male","Passenger Car","No","12OCT2013","Saturday","Motorist Overtaking Bicyclist",8,"Non-Intersection","October","B: Evident Injury",31260,"Motorist Overtaking - Other / Unknown",2013,"Yes","No","Daylight","Straight - Level","State Secondary Route","Dry","Two-Way, Not Divided","None","No Special Feature","Coarse Asphalt",0,0,0,0,0,0,0,"2 lanes",2,0,NA,0,NA
1816,1551,"Wilmington","New Hanover","Coastal","Commercial","Urban (>70% Developed)","PVA 4614 MARKET ST","Urban","5 - 15 MPH","No Control Present","Clear","No",21,"20-24","No",NA,"Not Applicable","C: Possible Injury","Non-Roadway","Black","Male",49,"40-49","No",NA,"0-5 mph","O: No Injury","Black","Male","Passenger Car","No","03OCT2013","Thursday","Non-Roadway",15,"Non-Roadway","October","C: Possible Injury",54300,"Non-Roadway",2013,"Yes","No","Daylight","Straight - Level","Public Vehicular Area","Dry","Two-Way, Not Divided","None","No Special Feature","Coarse Asphalt",0,0,0,0,0,0,0,"2 lanes",2,0,NA,0,NA
1817,1621,"Wilmington","New Hanover","Coastal","Commercial","Mixed (30% To 70% Developed)","INDEPENDENCE BLVD","Urban","40 - 45  MPH","Stop Sign","Clear","No",51,"50-59","No",NA,"Facing Traffic","B: Evident Injury","Multi-use Path","White","Female",44,"40-49","No",NA,"0-5 mph","O: No Injury","White","Male","Passenger Car","No","25OCT2013","Friday","Motorist Failed to Yield - Sign-Controlled Intersection",14,"Intersection","October","B: Evident Injury",50940,"Motorist Drive Out - Sign-Controlled Intersection",2013,"Yes","No","Daylight","Straight - Level","Local Street","Dry","Two-Way, Divided, Unprotected Median","None","No Special Feature","Coarse Asphalt",0,0,0,0,0,0,0,"6 lanes",2,0,NA,0,NA
1818,1612,"None - Rural Crash","Buncombe","Mountains","Institutional","Urban (>70% Developed)","PVA NORTH WEST LN","Rural","5 - 15 MPH","No Control Present","Clear","No",19,"16-19","No",NA,"With Traffic","B: Evident Injury","Travel Lane","White","Female",22,"20-24","No",NA,"11-15 mph","O: No Injury","White","Male","Passenger Car","No","12NOV2013","Tuesday","Motorist Left Turn / Merge",20,"Intersection","November","B: Evident Injury",72420,"Motorist Left Turn - Opposite Direction",2013,"No","No","Dark - Roadway Not Lighted","Straight - Grade","Public Vehicular Area","Dry","Two-Way, Not Divided","None","Driveway, Public","Coarse Asphalt",0,0,0,0,0,0,0,NA,2,0,NA,0,NA
1819,1604,"Roxboro","Person","Piedmont","Commercial","Urban (>70% Developed)","REAMS AVE","Urban","30 - 35  MPH","Stop And Go Signal","Clear","No",56,"50-59","No",NA,"With Traffic","C: Possible Injury","Travel Lane","Black","Female",66,"60-69","No",NA,"16-20 mph","O: No Injury","White","Female","Sport Utility","No","23SEP2013","Monday","Motorist Overtaking Bicyclist",19,"Intersection-Related","September","C: Possible Injury",71040,"Motorist Overtaking - Undetected Bicyclist",2013,"No","No","Dark - Lighted Roadway","Straight - Level","Local Street","Dry","Two-Way, Not Divided","None","No Special Feature","Coarse Asphalt",0,0,0,0,0,0,0,"3 lanes",2,0,NA,0,NA
1820,1652,"None - Rural Crash","Duplin","Coastal","Farms, Woods, Pastures","Rural (<30% Developed)","US 117","Rural","50 - 55  MPH","No Control Present","Clear","No",24,"20-24","No",NA,"Facing Traffic","C: Possible Injury","Travel Lane","White","Male",NA,NA,"Missing",NA,NA,"Unknown Injury","Unknown/Missing",NA,"Passenger Car","No","21NOV2013","Thursday","Loss of Control / Turning Error",18,"Non-Intersection","November","C: Possible Injury",67680,"Motorist Lost Control - Other / Unknown",2013,"Yes","Yes","Dark - Roadway Not Lighted","Straight - Level","US Route","Dry","Two-Way, Not Divided","None","No Special Feature","Smooth Asphalt",0,0,0,0,0,0,0,"2 lanes",2,0,NA,0,NA
1821,1639,"Greenville","Pitt","Coastal","Residential","Urban (>70% Developed)","FORD ST","Urban","20 - 25  MPH","Stop Sign","Clear","No",23,"20-24","No",NA,"Facing Traffic","C: Possible Injury","Sidewalk / Crosswalk / Driveway Crossing","Other","Male",29,"25-29","No",NA,"6-10 mph","O: No Injury","Black","Female","Passenger Car","No","20NOV2013","Wednesday","Motorist Failed to Yield - Sign-Controlled Intersection",15,"Intersection-Related","November","C: Possible Injury",55380,"Motorist Drive Out - Sign-Controlled Intersection",2013,"Yes","No","Daylight","Straight - Level","Local Street","Dry","Two-Way, Not Divided","None","T-Intersection","Smooth Asphalt",0,0,0,0,0,0,0,"2 lanes",2,0,NA,0,NA
1822,1647,"None - Rural Crash","Wake","Piedmont","Farms, Woods, Pastures","Rural (<30% Developed)","SR 1011","Rural","50 - 55  MPH","Double Yellow Line, No Passing Zone","Clear","No",50,"50-59","No",NA,"With Traffic","B: Evident Injury","Travel Lane","White","Male",22,"20-24","No",NA,"6-10 mph","O: No Injury","White","Male","Passenger Car","No","20NOV2013","Wednesday","Motorist Left Turn / Merge",16,"Intersection","November","B: Evident Injury",58380,"Motorist Left Turn - Opposite Direction",2013,"Yes","No","Daylight","Straight - Level","State Secondary Route","Dry","Two-Way, Not Divided","None","No Special Feature","Coarse Asphalt",0,0,0,0,0,0,0,"2 lanes",2,0,NA,0,NA
1823,1651,"None - Rural Crash","Brunswick","Coastal","Commercial","Urban (>70% Developed)","NC 211","Rural","40 - 45  MPH","Stop Sign","Clear","No",43,"40-49","No",NA,"With Traffic","C: Possible Injury","Travel Lane","Hispanic","Male",57,"50-59","No",NA,"6-10 mph","O: No Injury","White","Male","Sport Utility","No","23NOV2013","Saturday","Motorist Failed to Yield - Midblock",18,"Non-Intersection","November","C: Possible Injury",65100,"Motorist Drive Out - Commercial Driveway / Alley",2013,"Yes","No","Dark - Roadway Not Lighted","Straight - Level","NC Route","Dry","Two-Way, Not Divided","None","Driveway, Public","Coarse Asphalt",0,0,0,0,0,0,0,"2 lanes",2,0,NA,0,NA
1824,1637,"Durham","Durham","Piedmont","Residential","Urban (>70% Developed)","S ROXBORO ST","Urban","30 - 35  MPH","No Control Present","Clear","No",11,"11-15","No",NA,"Facing Traffic","O: No Injury","Travel Lane","Black","Male",60,"60-69","No",NA,"21-25 mph","O: No Injury","Black","Male","Motorcycle","No","18NOV2013","Monday","Bicyclist Left Turn / Merge",19,"Intersection","November","O: No Injury",69480,"Bicyclist Left Turn - Same Direction",2013,"No","No","Dark - Roadway Not Lighted","Straight - Level","Local Street","Dry","Two-Way, Not Divided","None","Four-Way Intersection","Smooth Asphalt",0,0,0,0,0,0,0,"2 lanes",2,0,NA,0,NA
1825,1636,"Raleigh","Wake","Piedmont","Commercial","Urban (>70% Developed)","HILLSBOROUGH ST","Urban","30 - 35  MPH","No Control Present","Clear","No",23,"20-24","No",NA,"With Traffic","O: No Injury","Travel Lane","White","Male",49,"40-49","No",NA,"0-5 mph","O: No Injury","White","Male","Passenger Car","No","04NOV2013","Monday","Motorist Left Turn / Merge",18,"Intersection","November","O: No Injury",64800,"Motorist Left Turn - Opposite Direction",2013,"No","No","Dark - Lighted Roadway","Straight - Level","Local Street","Dry","Two-Way, Not Divided","None","No Special Feature","Smooth Asphalt",0,0,0,0,0,0,0,"2 lanes",2,0,NA,0,NA
1826,1649,"Roanoke Rapids","Halifax","Coastal","Commercial","Urban (>70% Developed)","PP MEDICAL CENTER DR","Urban","5 - 15 MPH","No Control Present","Clear","No",52,"50-59","No",NA,"Not Applicable","B: Evident Injury","Driveway / Alley","White","Male",54,"50-59","No",NA,"0-5 mph","O: No Injury","White","Female","Sport Utility","No","21NOV2013","Thursday","Non-Roadway",8,"Non-Roadway","November","B: Evident Injury",30000,"Non-Roadway",2013,"Yes","No","Daylight","Straight - Level","Private Road, Driveway","Dry","Two-Way, Not Divided","None","No Special Feature","Smooth Asphalt",0,0,0,0,0,0,0,"2 lanes",2,0,NA,0,NA
1827,7001,"Rocky Mount","Nash","Coastal","Commercial","Urban (>70% Developed)",NA,"Urban","30 - 35  MPH","No Control Present","Clear","No",41,"40-49","No",NA,"With Traffic","C: Possible Injury",NA,"Black","Male",36,"30-39","No",NA,"21-25 mph","O: No Injury","Black","Male","Passenger Car","No","18JUL2007","Wednesday","Motorist Right Turn / Merge",13,"Non-Intersection","July","C: Possible Injury",46860,"Motorist Right Turn - Same Direction",2007,"Yes","No","Daylight","Straight - Level","Local Street","Dry","Two-Way, Not Divided","None","No Special Feature","Coarse Asphalt",0,0,0,0,0,0,0,"2 lanes",2,0,NA,0,NA
1828,7009,"Charlotte","Mecklenburg","Piedmont","Commercial","Urban (>70% Developed)",NA,"Urban","20 - 25  MPH","No Control Present","Clear","No",17,"16-19","No",NA,"Facing Traffic","C: Possible Injury","Sidewalk / Crosswalk / Driveway Crossing","Black","Male",59,"50-59","No",NA,"0-5 mph","O: No Injury","Black","Male","Passenger Car","No","20OCT2007","Saturday","Motorist Failed to Yield - Midblock",14,"Non-Intersection","October","C: Possible Injury",50820,"Motorist Drive Out - Commercial Driveway / Alley",2007,"Yes","No","Daylight","Straight - Level","Public Vehicular Area","Dry","Two-Way, Divided, Unprotected Median","None","Driveway, Public","Concrete",0,0,0,0,0,0,0,NA,2,0,NA,0,NA
1829,7011,"None - Rural Crash","Guilford","Piedmont","Residential","Urban (>70% Developed)",NA,"Rural","40 - 45  MPH","Double Yellow Line, No Passing Zone","Clear","No",19,"16-19","No",NA,"With Traffic","B: Evident Injury","Travel Lane","White","Male",NA,NA,"No",NA,"41-45 mph","Unknown Injury","Unknown/Missing",NA,NA,"No","15JUL2007","Sunday","Motorist Overtaking Bicyclist",21,"Non-Intersection","July","B: Evident Injury",75600,"Motorist Overtaking - Other / Unknown",2007,"Yes","Yes","Dark - Roadway Not Lighted","Straight - Level","State Secondary Route","Dry","Two-Way, Not Divided","None","Driveway, Private","Coarse Asphalt",0,0,0,0,0,0,0,"2 lanes",2,0,NA,0,NA
1830,7012,"None - Rural Crash","Mcdowell","Mountains","Farms, Woods, Pastures","Rural (<30% Developed)",NA,"Rural","50 - 55  MPH","Double Yellow Line, No Passing Zone","Clear","No",20,"20-24","No",NA,"With Traffic","B: Evident Injury","Travel Lane","White","Female",52,"50-59","No",NA,"51-55 mph","O: No Injury","White","Male","Motorcycle","No","15JUL2007","Sunday","Head-On",9,"Non-Intersection","July","B: Evident Injury",34200,"Head-On - Bicyclist",2007,"Yes","No","Daylight","Curve - Grade","NC Route","Dry","Two-Way, Not Divided","None","No Special Feature","Smooth Asphalt",0,0,0,0,0,0,0,"2 lanes",2,0,NA,0,NA
1831,7014,"Raleigh","Wake","Piedmont","Commercial","Urban (>70% Developed)",NA,"Urban","30 - 35  MPH","No Control Present","Clear","No",7,"6-10","Yes",NA,"Not Applicable","B: Evident Injury","Driveway / Alley","Black","Male",54,"50-59","No",NA,"0-5 mph","O: No Injury","Black","Male","Van","Yes","16JUL2007","Monday","Bicyclist Failed to Yield - Midblock",18,"Non-Intersection","July","B: Evident Injury",65940,"Bicyclist Ride Out - Residential Driveway",2007,"Yes","No","Daylight","Straight - Level","Local Street","Dry","Two-Way, Not Divided","None","No Special Feature","Smooth Asphalt",0,0,0,0,0,0,0,"2 lanes",2,0,NA,0,NA
1832,7016,"Rocky Mount","Nash","Coastal","Residential","Urban (>70% Developed)",NA,"Urban","30 - 35  MPH","No Control Present","Cloudy","No",12,"11-15","No",NA,"Not Applicable","C: Possible Injury",NA,"Black","Male",NA,NA,"Missing",NA,NA,"Unknown Injury","Unknown/Missing",NA,NA,"No","17JUL2007","Tuesday","Bicyclist Failed to Yield - Midblock",17,"Non-Intersection","July","C: Possible Injury",64620,"Bicyclist Ride Out - Midblock - Unknown",2007,"Yes","Yes","Daylight","Straight - Level","Local Street","Dry","Two-Way, Not Divided","None","No Special Feature","Smooth Asphalt",0,0,0,0,0,0,0,"2 lanes",2,0,NA,0,NA
1833,7027,"Norwood","Stanly","Piedmont","Residential","Urban (>70% Developed)",NA,"Rural","20 - 25  MPH","Stop Sign","Clear","No",5,"0-5","No",NA,"With Traffic","C: Possible Injury","Travel Lane","Black","Male",48,"40-49","No",NA,"21-25 mph","O: No Injury","White","Female","Passenger Car","No","21JUL2007","Saturday","Bicyclist Failed to Yield - Sign-Controlled Intersection",13,"Intersection","July","C: Possible Injury",47400,"Bicyclist Ride Through - Sign-Controlled Intersection",2007,"Yes","No","Daylight","Straight - Hillcrest","Local Street","Dry","Two-Way, Not Divided","None","T-Intersection","Coarse Asphalt",0,0,0,0,0,0,0,"2 lanes",2,0,NA,0,NA
1834,7028,"Raleigh","Wake","Piedmont","Commercial","Urban (>70% Developed)",NA,"Urban","40 - 45  MPH","Stop And Go Signal","Clear","No",51,"50-59","No",NA,"Facing Traffic","C: Possible Injury","Sidewalk / Crosswalk / Driveway Crossing","Black","Male",59,"50-59","No",NA,"0-5 mph","O: No Injury","White","Male","Passenger Car","No","21JUL2007","Saturday","Bicyclist Failed to Yield - Signalized Intersection",8,"Intersection","July","C: Possible Injury",31980,"Bicyclist Ride Out - Signalized  Intersection",2007,"Yes","No","Daylight","Straight - Level","Local Street","Dry","Two-Way, Divided, Unprotected Median","None","Four-Way Intersection","Smooth Asphalt",0,0,0,0,0,0,0,"5 lanes",2,0,NA,0,NA
1835,7033,"Asheville","Buncombe","Mountains","Residential","Urban (>70% Developed)",NA,"Urban","30 - 35  MPH","Stop Sign","Clear","No",37,"30-39","No",NA,"With Traffic","B: Evident Injury","Travel Lane","White","Male",23,"20-24","No",NA,"11-15 mph","O: No Injury","Black","Male","Passenger Car","No","22JUL2007","Sunday","Motorist Failed to Yield - Sign-Controlled Intersection",12,"Intersection","July","B: Evident Injury",44460,"Motorist Drive Out - Sign-Controlled Intersection",2007,"No","No","Daylight","Curve - Grade","Local Street","Dry","Two-Way, Divided, Unprotected Median","None","No Special Feature","Smooth Asphalt",0,0,0,0,0,0,0,"2 lanes",2,0,NA,0,NA
1836,7034,"None - Rural Crash","Alamance","Piedmont","Farms, Woods, Pastures","Rural (<30% Developed)",NA,"Rural","50 - 55  MPH","Double Yellow Line, No Passing Zone","Clear","No",12,"11-15","No",NA,"Not Applicable","B: Evident Injury","Driveway / Alley","Black","Male",58,"50-59","No",NA,"41-45 mph","O: No Injury","Hispanic","Male","Van","No","23JUL2007","Monday","Bicyclist Failed to Yield - Midblock",17,"Non-Intersection","July","B: Evident Injury",63900,"Bicyclist Ride Out - Residential Driveway",2007,"Yes","No","Daylight","Straight - Level","NC Route","Dry","Two-Way, Not Divided","None","Driveway, Private","Smooth Asphalt",0,0,0,0,0,0,0,"2 lanes",2,0,NA,0,NA
1837,7037,"Plymouth","Washington","Coastal","Residential","Mixed (30% To 70% Developed)",NA,"Rural",NA,"No Control Present","Clear","No",44,"40-49","Yes",NA,NA,"B: Evident Injury","Travel Lane","Black","Male",29,"25-29","No",NA,NA,"O: No Injury","White","Male","Sport Utility","Yes","23JUL2007","Monday","Bicyclist Failed to Yield - Sign-Controlled Intersection",19,"Intersection","July","B: Evident Injury",71940,"Bicyclist Ride Through - Sign-Controlled Intersection",2007,"Yes","No","Daylight",NA,"Local Street","Wet",NA,"None","No Special Feature",NA,0,0,0,0,0,0,0,NA,2,0,NA,0,NA
1838,7043,"Elon College","Alamance","Piedmont","Commercial","Urban (>70% Developed)",NA,"Urban","30 - 35  MPH","Stop And Go Signal","Clear","No",30,"30-39","Yes",NA,"With Traffic","B: Evident Injury","Travel Lane","White","Male",69,"60-69","No",NA,"11-15 mph","O: No Injury","White","Female","Van","Yes","25JUL2007","Wednesday","Motorist Left Turn / Merge",23,"Intersection","July","B: Evident Injury",83100,"Motorist Left Turn - Opposite Direction",2007,"No","No","Dark - Roadway Not Lighted","Straight - Level","Local Street","Dry","Two-Way, Not Divided","None","No Special Feature","Smooth Asphalt",0,0,0,0,0,0,0,"3 lanes",2,0,NA,0,NA
1839,7058,"Hickory","Catawba","Piedmont","Commercial","Urban (>70% Developed)",NA,"Urban","30 - 35  MPH","Stop Sign","Clear","No",58,"50-59","No",NA,"With Traffic","C: Possible Injury","Travel Lane","White","Male",22,"20-24","No",NA,"6-10 mph","O: No Injury","White","Male","Pickup","No","27JUL2007","Friday","Bicyclist Left Turn / Merge",16,"Intersection","July","C: Possible Injury",59880,"Bicyclist Left Turn - Opposite Direction",2007,"Yes","No","Daylight","Straight - Level","Local Street","Dry","Two-Way, Not Divided","None","Four-Way Intersection","Coarse Asphalt",0,0,0,0,0,0,0,"2 lanes",2,0,NA,0,NA
1840,7059,"Grantsboro","Pamlico","Coastal","Commercial","Mixed (30% To 70% Developed)",NA,"Rural","40 - 45  MPH","No Control Present","Clear","No",51,"50-59","Yes",NA,"With Traffic","B: Evident Injury","Travel Lane","Black","Male",45,"40-49","No",NA,"41-45 mph","O: No Injury","White","Male","Sport Utility","Yes","28JUL2007","Saturday","Motorist Overtaking Bicyclist",21,"Non-Intersection","July","B: Evident Injury",76020,"Motorist Overtaking - Undetected Bicyclist",2007,"No","No","Dark - Roadway Not Lighted","Straight - Level","NC Route","Dry","Two-Way, Not Divided","Work Zone","No Special Feature","Coarse Asphalt",0,0,0,0,0,0,0,"2 lanes",2,0,NA,0,NA
1841,7060,"Kannapolis","Cabarrus","Piedmont","Commercial","Urban (>70% Developed)",NA,"Urban","40 - 45  MPH","No Control Present","Clear","No",57,"50-59","No",NA,"With Traffic","B: Evident Injury","Travel Lane","Native American","Male",NA,NA,"Missing",NA,"6-10 mph","Unknown Injury","Unknown/Missing",NA,NA,"No","28JUL2007","Saturday","Other / Unusual Circumstances",19,"Non-Intersection","July","B: Evident Injury",71820,"Motorist Intentionally Caused",2007,"Yes","Yes","Daylight","Straight - Level","Local Street","Dry","Two-Way, Not Divided","None","No Special Feature","Smooth Asphalt",0,0,0,0,0,0,0,"4 lanes",2,0,NA,0,NA
1842,7073,"None - Rural Crash","Dare","Coastal","Commercial","Urban (>70% Developed)",NA,"Rural","30 - 35  MPH","No Control Present","Clear","No",38,"30-39","No",NA,"With Traffic","B: Evident Injury","Bike Lane / Paved Shoulder","White","Female",NA,"70+","No",NA,"0-5 mph","O: No Injury","White","Male","Pickup","No","31JUL2007","Tuesday","Motorist Failed to Yield - Midblock",16,"Non-Intersection","July","B: Evident Injury",58680,"Motorist Drive Out - Commercial Driveway / Alley",2007,"Yes","No","Daylight","Straight - Level","NC Route","Dry","Two-Way, Not Divided","None","Driveway, Public","Coarse Asphalt",0,0,0,0,0,0,0,"2 lanes",2,0,NA,0,NA
1843,7077,"Hickory","Catawba","Piedmont","Commercial","Urban (>70% Developed)",NA,"Urban","40 - 45  MPH","No Control Present","Clear","No",58,"50-59","No",NA,"With Traffic","B: Evident Injury","Travel Lane","White","Male",56,"50-59","No",NA,"36-40 mph","O: No Injury","White","Male","Van","No","31JUL2007","Tuesday","Motorist Overtaking Bicyclist",21,"Non-Intersection","July","B: Evident Injury",77700,"Motorist Overtaking - Bicyclist Swerved",2007,"Yes","No","Dark - Lighted Roadway","Straight - Grade","Local Street","Dry","Two-Way, Not Divided","None","No Special Feature","Coarse Asphalt",0,0,0,0,0,0,0,"5 lanes",2,0,NA,0,NA
1844,7080,"Monroe","Union","Piedmont","Commercial","Urban (>70% Developed)",NA,"Urban","30 - 35  MPH","Stop And Go Signal","Clear","No",19,"16-19","No",NA,"Facing Traffic","C: Possible Injury","Sidewalk / Crosswalk / Driveway Crossing","Black","Male",16,"0-19","No",NA,"0-5 mph","O: No Injury","Black","Female","Passenger Car","No","01AUG2007","Wednesday","Loss of Control / Turning Error",15,"Intersection","August","C: Possible Injury",56820,"Bicyclist Lost Control - Mechanical Problems",2007,"Yes","No","Daylight","Straight - Level","Local Street","Dry","Two-Way, Not Divided","None","Four-Way Intersection","Smooth Asphalt",0,0,0,0,0,0,0,"2 lanes",2,0,NA,0,NA
1845,7113,"Raleigh","Wake","Piedmont","Residential","Urban (>70% Developed)",NA,"Urban","40 - 45  MPH","No Control Present","Clear","No",31,"30-39","No",NA,"With Traffic","C: Possible Injury","Travel Lane","White","Male",NA,NA,"Missing",NA,"16-20 mph","Unknown Injury","Unknown/Missing",NA,NA,"No","12AUG2007","Sunday","Motorist Overtaking Bicyclist",18,"Non-Intersection","August","C: Possible Injury",67500,"Motorist Overtaking - Other / Unknown",2007,"Yes","Yes","Daylight","Straight - Level","Local Street","Dry","Two-Way, Divided, Unprotected Median","None","No Special Feature","Smooth Asphalt",0,0,0,0,0,0,0,"4 lanes",2,0,NA,0,NA
1846,7119,"Greenville","Pitt","Coastal","Institutional","Urban (>70% Developed)",NA,"Urban","5 - 15 MPH","No Control Present","Clear","No",20,"20-24","No",NA,NA,"B: Evident Injury","Non-Roadway","White","Female",NA,NA,"Missing",NA,"0-5 mph","Unknown Injury","Unknown/Missing",NA,NA,"No","13AUG2007","Monday","Non-Roadway",15,"Non-Roadway","August","B: Evident Injury",54000,"Non-Roadway",2007,"No","Yes","Daylight","Curve - Level","Public Vehicular Area","Dry","Two-Way, Not Divided","None","Driveway, Public","Smooth Asphalt",0,0,0,0,0,0,0,"1 lane",2,0,NA,0,NA
1847,7121,"High Point","Guilford","Piedmont","Residential","Urban (>70% Developed)",NA,"Urban","30 - 35  MPH","Stop Sign","Clear","No",20,"20-24","No",NA,"With Traffic","B: Evident Injury","Travel Lane","White","Male",61,"60-69","No",NA,"21-25 mph","O: No Injury","White","Female","Sport Utility","No","13AUG2007","Monday","Bicyclist Failed to Yield - Sign-Controlled Intersection",14,"Intersection","August","B: Evident Injury",51720,"Bicyclist Ride Through - Sign-Controlled Intersection",2007,"Yes","No","Daylight","Straight - Level","Local Street","Dry","Two-Way, Not Divided","None","T-Intersection","Smooth Asphalt",0,0,0,0,0,0,0,"2 lanes",2,0,NA,0,NA
1848,7140,"Havelock","Craven","Coastal","Commercial","Urban (>70% Developed)",NA,"Urban","40 - 45  MPH","No Control Present","Clear","No",14,"11-15","No",NA,"With Traffic","O: No Injury","Travel Lane","Black","Male",NA,"70+","No",NA,"16-20 mph","O: No Injury","White","Male","Passenger Car","No","18AUG2007","Saturday","Parallel Paths - Other Circumstances",14,"Non-Intersection","August","O: No Injury",53220,"Parallel Paths - Other / Unknown",2007,"Yes","No","Daylight","Straight - Level","State Secondary Route","Dry","Two-Way, Not Divided","None","No Special Feature","Smooth Asphalt",0,0,0,0,0,0,0,"2 lanes",2,0,NA,0,NA