"...1","object_id","city","county","region","development","locality","on_road","rural_urban","speed_limit","traffic_control","weather","workzone","bike_age","bike_age_group","bike_alcohol","bike_alcohol_drugs","bike_direction","bike_injury","bike_position","bike_race","bike_sex","driver_age","driver_age_group","driver_alcohol","driver_alcohol_drugs","driver_est_speed","driver_injury","driver_race","driver_sex","driver_vehicle_type","crash_alcohol","crash_date","crash_day","crash_group","crash_hour","crash_location","crash_month","crash_severity","crash_time","crash_type","crash_year","ambulance_req","hit_run","light_condition","road_character","road_class","road_condition","road_configuration","road_defects","road_feature","road_surface","num_bikes_ai","num_bikes_bi","num_bikes_ci","num_bikes_ki","num_bikes_no","num_bikes_to","num_bikes_ui","num_lanes","num_units","distance_mi_from","frm_road","rte_invd_cd","towrd_road"
1849,7144,"Asheboro","Randolph","Piedmont","Residential","Urban (>70% Developed)",NA,"Urban","40 - 45  MPH","Double Yellow Line, No Passing Zone","Clear","No",14,"11-15","No",NA,"Not Applicable","B: Evident Injury","Driveway / Alley","Black","Female",68,"60-69","No",NA,"41-45 mph","O: No Injury","White","Male","Passenger Car","No","19AUG2007","Sunday","Bicyclist Failed to Yield - Midblock",17,"Non-Intersection","August","B: Evident Injury",61260,"Bicyclist Ride Out - Commercial Driveway / Alley",2007,"Yes","No","Daylight","Straight - Level","US Route","Dry","Two-Way, Not Divided","None","Driveway, Private","Smooth Asphalt",0,0,0,0,0,0,0,"2 lanes",2,0,NA,0,NA
1850,7145,"Durham","Durham","Piedmont","Residential","Mixed (30% To 70% Developed)",NA,"Urban","30 - 35  MPH","No Control Present","Clear","No",NA,"70+","No",NA,"With Traffic","B: Evident Injury","Travel Lane","White","Male",34,"30-39","No",NA,"31-35 mph","O: No Injury","Asian","Female","Passenger Car","No","27NOV2007","Tuesday","Motorist Right Turn / Merge",9,"Non-Intersection","November","B: Evident Injury",35100,"Motorist Right Turn - Same Direction",2007,"Yes","No","Daylight","Straight - Hillcrest","Local Street","Dry","Two-Way, Not Divided","None","No Special Feature","Coarse Asphalt",0,0,0,0,0,0,0,"2 lanes",2,0,NA,0,NA
1851,7155,"Greensboro","Guilford","Piedmont","Residential","Urban (>70% Developed)",NA,"Urban","30 - 35  MPH","No Control Present","Cloudy","No",10,"6-10","No",NA,"Facing Traffic","B: Evident Injury","Travel Lane","Black","Female",23,"20-24","No",NA,"21-25 mph","O: No Injury","Black","Female","Passenger Car","No","22AUG2007","Wednesday","Crossing Paths - Other Circumstances",12,"Intersection","August","B: Evident Injury",43500,"Crossing Paths - Intersection - Other / Unknown",2007,"Yes","No","Daylight","Straight - Level","Local Street","Dry","Two-Way, Not Divided","None","T-Intersection","Coarse Asphalt",0,0,0,0,0,0,0,"3 lanes",2,0,NA,0,NA
1852,7156,"None - Rural Crash","Cumberland","Coastal","Commercial","Mixed (30% To 70% Developed)",NA,"Rural","40 - 45  MPH","No Control Present","Clear","No",12,"11-15","No",NA,"With Traffic","C: Possible Injury","Travel Lane","Black","Male",68,"60-69","No",NA,"41-45 mph","O: No Injury","White","Male","Passenger Car","No","23AUG2007","Thursday","Bicyclist Left Turn / Merge",15,"Non-Intersection","August","C: Possible Injury",55020,"Bicyclist Left Turn - Same Direction",2007,"Yes","No","Daylight","Straight - Hillcrest","State Secondary Route","Dry","Two-Way, Not Divided","None","No Special Feature","Smooth Asphalt",0,0,0,0,0,0,0,"5 lanes",2,0,NA,0,NA
1853,7160,"Boone","Watauga","Mountains","Commercial","Urban (>70% Developed)",NA,"Urban","30 - 35  MPH","Stop And Go Signal","Cloudy","No",20,"20-24","No",NA,"With Traffic","B: Evident Injury","Travel Lane","White","Male",29,"25-29","No",NA,"16-20 mph","O: No Injury","White","Male","Sport Utility","No","24AUG2007","Friday","Bicyclist Overtaking Motorist",16,"Intersection-Related","August","B: Evident Injury",61140,"Bicyclist Overtaking - Other / Unknown",2007,"Yes","No","Daylight","Straight - Level","NC Route","Wet","Two-Way, Not Divided","None","Four-Way Intersection","Smooth Asphalt",0,0,0,0,0,0,0,"7 lanes",2,0,NA,0,NA
1854,7162,"Raleigh","Wake","Piedmont","Commercial","Urban (>70% Developed)",NA,"Urban","40 - 45  MPH","No Control Present","Clear","No",65,"60-69","No",NA,"With Traffic","A: Disabling Injury","Travel Lane","Black","Male",NA,NA,"Missing",NA,"41-45 mph","Unknown Injury","Unknown/Missing",NA,NA,"No","18AUG2007","Saturday","Motorist Overtaking Bicyclist",1,"Intersection","August","A: Disabling Injury",5220,"Motorist Overtaking - Undetected Bicyclist",2007,"Yes","Yes","Dark - Lighted Roadway","Straight - Grade","Local Street","Dry","Two-Way, Divided, Unprotected Median","None","On or Off Ramp","Smooth Asphalt",0,0,0,0,0,0,0,"6 lanes",2,0,NA,0,NA
1855,7164,"Wilson","Wilson","Coastal","Residential","Urban (>70% Developed)",NA,"Urban","30 - 35  MPH","No Control Present","Clear","No",10,"6-10","No",NA,"With Traffic","B: Evident Injury","Travel Lane","White","Male",20,"20-24","No",NA,"31-35 mph","O: No Injury","White","Male","Passenger Car","No","21AUG2007","Tuesday","Bicyclist Left Turn / Merge",17,"Non-Intersection","August","B: Evident Injury",61980,"Bicyclist Left Turn - Same Direction",2007,"Yes","No","Daylight","Curve - Level","Local Street","Dry","Two-Way, Not Divided","None","No Special Feature","Smooth Asphalt",0,0,0,0,0,0,0,"2 lanes",2,0,NA,0,NA
1856,7165,"Raleigh","Wake","Piedmont","Residential","Urban (>70% Developed)",NA,"Urban","30 - 35  MPH","Stop Sign","Clear","No",22,"20-24","No",NA,"With Traffic","C: Possible Injury","Travel Lane","White","Female",37,"30-39","No",NA,"21-25 mph","O: No Injury","White","Female","Passenger Car","No","23AUG2007","Thursday","Motorist Failed to Yield - Sign-Controlled Intersection",20,"Intersection","August","C: Possible Injury",72420,"Motorist Drive Out - Sign-Controlled Intersection",2007,"No","No","Dark - Roadway Not Lighted","Straight - Level","Local Street","Dry","Two-Way, Divided, Unprotected Median","None","Four-Way Intersection","Concrete",0,0,0,0,0,0,0,"2 lanes",2,0,NA,0,NA
1857,7166,"Charlotte","Mecklenburg","Piedmont","Residential","Urban (>70% Developed)",NA,"Urban","20 - 25  MPH","No Control Present","Clear","No",9,"6-10","No",NA,NA,"C: Possible Injury","Non-Roadway","Black","Female",24,"20-24","No",NA,"0-5 mph","O: No Injury","Hispanic","Male","Sport Utility","No","01DEC2007","Saturday","Non-Roadway",15,"Non-Roadway","December","C: Possible Injury",55200,"Non-Roadway",2007,"Yes","No","Daylight","Straight - Level","Public Vehicular Area","Dry","Two-Way, Not Divided","None","No Special Feature","Smooth Asphalt",0,0,0,0,0,0,0,NA,2,0,NA,0,NA
1858,7167,"None - Rural Crash","Orange","Piedmont","Farms, Woods, Pastures","Rural (<30% Developed)",NA,"Rural","50 - 55  MPH","Double Yellow Line, No Passing Zone","Clear","No",30,"30-39","No",NA,"With Traffic","B: Evident Injury","Travel Lane","White","Female",25,"25-29","No",NA,"46-50 mph","O: No Injury","White","Female","Passenger Car","No","25AUG2007","Saturday","Motorist Overtaking Bicyclist",9,"Non-Intersection","August","B: Evident Injury",33720,"Motorist Overtaking - Other / Unknown",2007,"Yes","No","Daylight","Curve - Hillcrest","State Secondary Route","Dry","Two-Way, Not Divided","None","No Special Feature","Smooth Asphalt",0,0,0,0,0,0,0,"2 lanes",2,0,NA,0,NA
1859,7174,"None - Rural Crash","New Hanover","Coastal","Farms, Woods, Pastures","Rural (<30% Developed)",NA,"Rural","50 - 55  MPH","No Control Present","Clear","No",15,"11-15","No",NA,"With Traffic","B: Evident Injury","Travel Lane","White","Male",29,"25-29","No",NA,"51-55 mph","O: No Injury","White","Male","Sport Utility","No","29AUG2007","Wednesday","Bicyclist Left Turn / Merge",16,"Non-Intersection","August","B: Evident Injury",58740,"Bicyclist Left Turn - Same Direction",2007,"Yes","No","Daylight","Straight - Level","US Route","Dry","Two-Way, Divided, Unprotected Median","None","No Special Feature","Coarse Asphalt",0,0,0,0,0,0,0,"4 lanes",2,0,NA,0,NA
1860,7182,"Conetoe","Edgecombe","Coastal","Residential","Urban (>70% Developed)",NA,"Rural","30 - 35  MPH","Stop Sign","Clear","No",9,"6-10","No",NA,"With Traffic","C: Possible Injury","Travel Lane","Black","Male",26,"25-29","No",NA,"31-35 mph","O: No Injury","Black","Male","Sport Utility","No","01SEP2007","Saturday","Bicyclist Failed to Yield - Sign-Controlled Intersection",19,"Intersection","September","C: Possible Injury",68760,"Bicyclist Ride Through - Sign-Controlled Intersection",2007,"Yes","No","Daylight","Straight - Level","State Secondary Route","Dry","Two-Way, Not Divided","None","Four-Way Intersection","Coarse Asphalt",0,0,0,0,0,0,0,"2 lanes",2,0,NA,0,NA
1861,7183,"None - Rural Crash","Hertford","Coastal","Residential","Mixed (30% To 70% Developed)",NA,"Rural","40 - 45  MPH","Double Yellow Line, No Passing Zone","Clear","No",21,"20-24","No",NA,"With Traffic","K: Killed","Travel Lane","Black","Male",19,"0-19","No",NA,"56-60 mph","B: Evident Injury","Black","Male","Passenger Car","No","01SEP2007","Saturday","Head-On",22,"Non-Intersection","September","K: Killed",82200,"Head-On - Motorist",2007,"Yes","No","Daylight","Straight - Level","State Secondary Route","Dry","Two-Way, Not Divided","None","Driveway, Public","Coarse Asphalt",0,0,0,0,0,0,0,"2 lanes",2,0,NA,0,NA
1862,7187,"Fayetteville","Cumberland","Coastal","Residential","Urban (>70% Developed)",NA,"Urban",NA,"Stop Sign","Clear","No",20,"20-24","No",NA,"With Traffic","O: No Injury",NA,"White","Male",NA,NA,"Missing",NA,NA,"Unknown Injury","Unknown/Missing",NA,NA,"No","21AUG2007","Tuesday","Motorist Failed to Yield - Sign-Controlled Intersection",8,"Intersection","August","O: No Injury",31500,"Motorist Drive Out - Sign-Controlled Intersection",2007,"No","Yes","Daylight","Curve - Hillcrest","Local Street","Dry","Two-Way, Not Divided","None","T-Intersection","Coarse Asphalt",0,0,0,0,0,0,0,"4 lanes",2,0,NA,0,NA
1863,7188,"Charlotte","Mecklenburg","Piedmont","Commercial","Urban (>70% Developed)",NA,"Urban","30 - 35  MPH","Stop And Go Signal","Clear","No",14,"11-15","No",NA,NA,"B: Evident Injury",NA,"Black","Male",23,"20-24","No",NA,"0-5 mph","O: No Injury","Black","Female","Passenger Car","No","07DEC2007","Friday","Other / Unknown - Insufficient Details",21,"Intersection-Related","December","B: Evident Injury",76380,"Unknown Approach Paths",2007,"Yes","No","Dark - Lighted Roadway","Straight - Level","Local Street","Dry","Two-Way, Divided, Unprotected Median","None","Four-Way Intersection","Smooth Asphalt",0,0,0,0,0,0,0,"2 lanes",2,0,NA,0,NA
1864,7190,"Washington","Beaufort","Coastal","Commercial","Urban (>70% Developed)",NA,"Urban","30 - 35  MPH","No Control Present","Clear","Yes",27,"25-29","No",NA,"Facing Traffic","B: Evident Injury","Travel Lane","White","Male",24,"20-24","No",NA,"0-5 mph","O: No Injury","White","Female","Sport Utility","No","03SEP2007","Monday","Motorist Failed to Yield - Midblock",14,"Non-Intersection","September","B: Evident Injury",53460,"Motorist Drive Out - Commercial Driveway / Alley",2007,"Yes","No","Daylight","Straight - Level","Local Street","Dry","Two-Way, Not Divided","None","No Special Feature","Coarse Asphalt",0,0,0,0,0,0,0,"4 lanes",2,0,NA,0,NA
1865,7191,"Statesville","Iredell","Piedmont","Residential","Urban (>70% Developed)",NA,"Urban","30 - 35  MPH","Flashing Signal With Stop Sign","Clear","No",17,"16-19","No",NA,"Facing Traffic","B: Evident Injury","Multi-use Path","Black","Male",51,"50-59","No",NA,"31-35 mph","O: No Injury","White","Female","Passenger Car","No","03SEP2007","Monday","Motorist Failed to Yield - Sign-Controlled Intersection",17,"Intersection","September","B: Evident Injury",64740,"Motorist Drive Out - Sign-Controlled Intersection",2007,"Yes","No","Dusk","Straight - Level","Local Street","Dry","Two-Way, Not Divided","None","Four-Way Intersection","Smooth Asphalt",0,0,0,0,0,0,0,"2 lanes",2,0,NA,0,NA
1866,7199,"None - Rural Crash","Craven","Coastal","Commercial","Urban (>70% Developed)",NA,"Rural","50 - 55  MPH","Stop And Go Signal","Clear","No",12,"11-15","Yes",NA,NA,"C: Possible Injury",NA,"White","Male",31,"30-39","No",NA,"0-5 mph","O: No Injury","White","Male","Pickup","Yes","06SEP2007","Thursday","Bicyclist Failed to Yield - Signalized Intersection",18,"Intersection","September","C: Possible Injury",65640,"Bicyclist Ride Out - Signalized  Intersection",2007,"No","No","Daylight","Straight - Grade","US Route","Dry","Two-Way, Divided, Unprotected Median","None","Four-Way Intersection","Coarse Asphalt",0,0,0,0,0,0,0,"4 lanes",2,0,NA,0,NA
1867,7202,"Wilmington","New Hanover","Coastal","Residential","Urban (>70% Developed)",NA,"Urban","20 - 25  MPH","No Control Present","Clear","No",34,"30-39","Yes",NA,NA,"B: Evident Injury",NA,"Black","Male",29,"25-29","Yes",NA,"21-25 mph","O: No Injury","White","Male","Passenger Car","Yes","26AUG2007","Sunday","Other / Unknown - Insufficient Details",4,"Non-Intersection","August","B: Evident Injury",14760,"Unknown Approach Paths",2007,"Yes","No","Dark - Lighted Roadway","Straight - Level","Local Street","Dry","Two-Way, Not Divided","None","No Special Feature","Smooth Asphalt",0,0,0,0,0,0,0,"2 lanes",2,0,NA,0,NA
1868,7204,"None - Rural Crash","Halifax","Coastal","Residential","Mixed (30% To 70% Developed)",NA,"Rural","40 - 45  MPH","Double Yellow Line, No Passing Zone","Clear","No",14,"11-15","No",NA,"With Traffic","C: Possible Injury","Travel Lane","Black","Male",NA,NA,"Missing",NA,NA,"Unknown Injury","Unknown/Missing",NA,NA,"No","01SEP2007","Saturday","Motorist Overtaking Bicyclist",12,"Non-Intersection","September","C: Possible Injury",43740,"Motorist Overtaking - Misjudged Space",2007,"No","Yes","Daylight","Curve - Level","State Secondary Route","Dry","Two-Way, Not Divided","None","No Special Feature","Smooth Asphalt",0,0,0,0,0,0,0,"2 lanes",2,0,NA,0,NA
1869,7205,"Morganton","Burke","Mountains","Commercial","Urban (>70% Developed)",NA,"Urban","40 - 45  MPH","Stop And Go Signal","Clear","No",39,"30-39","No",NA,"With Traffic","B: Evident Injury",NA,"White","Male",52,"50-59","No",NA,"0-5 mph","O: No Injury","White","Female","Sport Utility","No","31AUG2007","Friday","Motorist Right Turn / Merge",16,"Intersection","August","B: Evident Injury",60960,"Motorist Right Turn - Same Direction",2007,"No","No","Daylight","Straight - Grade","Local Street","Dry","Two-Way, Divided, Unprotected Median","None","T-Intersection","Coarse Asphalt",0,0,0,0,0,0,0,"5 lanes",2,0,NA,0,NA
1870,7206,"None - Rural Crash","Orange","Piedmont","Farms, Woods, Pastures","Mixed (30% To 70% Developed)",NA,"Rural","30 - 35  MPH","No Control Present","Clear","No",34,"30-39","No",NA,"With Traffic","B: Evident Injury","Travel Lane","White","Male",18,"0-19","No",NA,"11-15 mph","O: No Injury","White","Female","Passenger Car","No","12OCT2007","Friday","Motorist Left Turn / Merge",17,"Non-Intersection","October","B: Evident Injury",61800,"Motorist Left Turn - Opposite Direction",2007,"Yes","No","Daylight","Straight - Grade","State Secondary Route","Dry","Two-Way, Not Divided","None","Driveway, Private","Smooth Asphalt",0,0,0,0,0,0,0,"2 lanes",2,0,NA,0,NA
1871,7207,"Erwin","Harnett","Coastal","Commercial","Urban (>70% Developed)",NA,"Rural","30 - 35  MPH","No Control Present","Clear","No",14,"11-15","No",NA,"Not Applicable","B: Evident Injury","Non-Roadway","Black","Male",16,"0-19","No",NA,"11-15 mph","O: No Injury","White","Male","Passenger Car","No","05SEP2007","Wednesday","Bicyclist Failed to Yield - Signalized Intersection",14,"Intersection-Related","September","B: Evident Injury",53460,"Bicyclist Ride Out - Signalized  Intersection",2007,"No","No","Daylight","Straight - Level","Local Street","Dry","Two-Way, Not Divided","None","Driveway, Private","Coarse Asphalt",0,0,0,0,0,0,0,"2 lanes",2,0,NA,0,NA
1872,7208,"Rocky Mount","Edgecombe","Coastal","Residential","Urban (>70% Developed)",NA,"Urban","30 - 35  MPH","Stop Sign","Clear","No",10,"6-10","No",NA,"With Traffic","C: Possible Injury","Travel Lane","Black","Female",62,"60-69","No",NA,"16-20 mph","O: No Injury","Black","Male","Van","No","29AUG2007","Wednesday","Loss of Control / Turning Error",16,"Intersection","August","C: Possible Injury",57720,"Bicyclist Turning Error - Right Turn",2007,"No","No","Daylight","Straight - Level","Local Street","Dry","Two-Way, Not Divided","None","Four-Way Intersection","Smooth Asphalt",0,0,0,0,0,0,0,"2 lanes",2,0,NA,0,NA
1873,7209,"None - Rural Crash","Pitt","Coastal","Farms, Woods, Pastures","Rural (<30% Developed)",NA,"Rural","50 - 55  MPH","No Control Present","Clear","No",36,"30-39","No",NA,"With Traffic","B: Evident Injury","Travel Lane","White","Male",38,"30-39","No",NA,"16-20 mph","O: No Injury","White","Female","Passenger Car","No","06OCT2007","Saturday","Motorist Left Turn / Merge",10,"Intersection","October","B: Evident Injury",37020,"Motorist Left Turn - Opposite Direction",2007,"Yes","No","Daylight","Straight - Level","State Secondary Route","Dry","Two-Way, Not Divided","None","T-Intersection","Smooth Asphalt",0,0,0,0,0,0,0,"2 lanes",2,0,NA,0,NA
1874,7212,"Charlotte","Mecklenburg","Piedmont","Commercial","Urban (>70% Developed)",NA,"Urban","30 - 35  MPH","Stop And Go Signal","Clear","Yes",51,"50-59","No",NA,"Facing Traffic","C: Possible Injury","Sidewalk / Crosswalk / Driveway Crossing","White","Male",38,"30-39","No",NA,"26-30 mph","O: No Injury","White","Male","Passenger Car","No","12DEC2007","Wednesday","Motorist Left Turn / Merge",10,"Intersection","December","C: Possible Injury",38040,"Motorist Left Turn - Same Direction",2007,"No","No","Daylight","Straight - Level","Local Street","Dry","Two-Way, Not Divided","None","Four-Way Intersection","Smooth Asphalt",0,0,0,0,0,0,0,"4 lanes",2,0,NA,0,NA
1875,7215,"New Bern","Craven","Coastal","Commercial","Urban (>70% Developed)",NA,"Urban","40 - 45  MPH","Stop And Go Signal","Clear","No",42,"40-49","No",NA,"Facing Traffic","C: Possible Injury","Travel Lane","Hispanic","Male",31,"30-39","No",NA,NA,"O: No Injury","Other","Female","Sport Utility","No","07SEP2007","Friday","Motorist Failed to Yield - Signalized Intersection",15,"Intersection","September","C: Possible Injury",55560,"Motorist Drive Out - Right Turn on Red",2007,"Yes","No","Daylight","Straight - Level","US Route","Dry","Two-Way, Not Divided","None","Four-Way Intersection","Smooth Asphalt",0,0,0,0,0,0,0,"4 lanes",2,0,NA,0,NA
1876,7218,"None - Rural Crash","New Hanover","Coastal","Residential","Urban (>70% Developed)",NA,"Rural","30 - 35  MPH","Stop And Go Signal","Clear","No",37,"30-39","No",NA,"Facing Traffic","C: Possible Injury","Sidewalk / Crosswalk / Driveway Crossing","Black","Male",52,"50-59","No",NA,"0-5 mph","O: No Injury","Black","Male","Passenger Car","No","07SEP2007","Friday","Motorist Failed to Yield - Signalized Intersection",13,"Intersection","September","C: Possible Injury",48360,"Motorist Drive Out - Right Turn on Red",2007,"Yes","No","Daylight","Straight - Grade","Local Street","Dry","Two-Way, Divided, Unprotected Median","None","Traffic Circle/Roundabout","Coarse Asphalt",0,0,0,0,0,0,0,"4 lanes",2,0,NA,0,NA
1877,7220,"Greensboro","Guilford","Piedmont","Residential","Urban (>70% Developed)",NA,"Urban","30 - 35  MPH","Stop Sign","Clear","No",9,"6-10","No",NA,"With Traffic","B: Evident Injury","Travel Lane","Black","Male",20,"20-24","No",NA,"26-30 mph","O: No Injury","Black","Male","Passenger Car","No","08SEP2007","Saturday","Loss of Control / Turning Error",14,"Intersection","September","B: Evident Injury",50580,"Bicyclist Lost Control - Mechanical Problems",2007,"Yes","No","Daylight","Straight - Level","Local Street","Dry","Two-Way, Not Divided","None","T-Intersection","Smooth Asphalt",0,0,0,0,0,0,0,"2 lanes",2,0,NA,0,NA
1878,7222,"New Bern","Craven","Coastal","Commercial","Urban (>70% Developed)",NA,"Urban","30 - 35  MPH","No Control Present","Cloudy","No",23,"20-24","No",NA,"With Traffic","B: Evident Injury","Travel Lane","Hispanic","Female",NA,"70+","No",NA,"0-5 mph","O: No Injury","White","Male","Passenger Car","No","09SEP2007","Sunday","Bicyclist Overtaking Motorist",10,"Non-Intersection","September","B: Evident Injury",37380,"Bicyclist Overtaking - Other / Unknown",2007,"No","No","Daylight","Straight - Level","Local Street","Dry","Two-Way, Not Divided","None","No Special Feature","Smooth Asphalt",0,0,0,0,0,0,0,"2 lanes",2,0,NA,0,NA
1879,7224,"None - Rural Crash","Rockingham","Piedmont","Farms, Woods, Pastures","Rural (<30% Developed)",NA,"Rural","40 - 45  MPH","Double Yellow Line, No Passing Zone","Clear","No",16,"16-19","No",NA,"Facing Traffic","C: Possible Injury","Travel Lane","White","Male",31,"30-39","No",NA,NA,"O: No Injury","White","Female","Sport Utility","No","10SEP2007","Monday","Motorist Failed to Yield - Sign-Controlled Intersection",21,"Intersection","September","C: Possible Injury",76440,"Motorist Drive Out - Sign-Controlled Intersection",2007,"No","No","Dark - Roadway Not Lighted","Curve - Grade","State Secondary Route","Dry","Two-Way, Not Divided","None","T-Intersection","Coarse Asphalt",0,0,0,0,0,0,0,"2 lanes",2,0,NA,0,NA
1880,7232,"Rocky Mount","Nash","Coastal","Residential","Urban (>70% Developed)",NA,"Urban","30 - 35  MPH","No Control Present","Clear","No",45,"40-49","No",NA,"Facing Traffic","B: Evident Injury","Travel Lane","Black","Male",32,"30-39","No",NA,"31-35 mph","O: No Injury","White","Male","Police","No","12SEP2007","Wednesday","Head-On",21,"Non-Intersection","September","B: Evident Injury",78240,"Head-On - Bicyclist",2007,"Yes","No","Dark - Lighted Roadway","Straight - Grade","Local Street","Dry","One-Way, Not Divided","None","No Special Feature","Smooth Asphalt",0,0,0,0,0,0,0,"2 lanes",2,0,NA,0,NA
1881,7234,"Sunset Beach","Brunswick","Coastal","Residential","Urban (>70% Developed)",NA,"Rural","30 - 35  MPH","Stop Sign","Clear","No",14,"11-15","No",NA,"With Traffic","C: Possible Injury","Travel Lane","White","Male",19,"0-19","No",NA,"11-15 mph","O: No Injury","White","Female","Sport Utility","No","10SEP2007","Monday","Bicyclist Failed to Yield - Sign-Controlled Intersection",17,"Intersection","September","C: Possible Injury",63300,"Bicyclist Ride Through - Sign-Controlled Intersection",2007,"Yes","No","Daylight","Straight - Level","Local Street","Dry","Two-Way, Not Divided","None","Four-Way Intersection","Smooth Asphalt",0,0,0,0,0,0,0,"4 lanes",2,0,NA,0,NA
1882,7240,"Kinston","Lenoir","Coastal","Residential","Urban (>70% Developed)",NA,"Urban","20 - 25  MPH","Stop Sign","Clear","No",52,"50-59","Yes",NA,"With Traffic","C: Possible Injury","Travel Lane","Black","Male",30,"30-39","No",NA,"0-5 mph","O: No Injury","Black","Female","Sport Utility","Yes","26DEC2007","Wednesday","Motorist Failed to Yield - Sign-Controlled Intersection",13,"Intersection","December","C: Possible Injury",48660,"Motorist Drive Out - Sign-Controlled Intersection",2007,"No","No","Dark - Roadway Not Lighted","Straight - Level","Private Road, Driveway","Wet","Two-Way, Not Divided","None","T-Intersection","Coarse Asphalt",0,0,0,0,0,0,0,"2 lanes",2,0,NA,0,NA
1883,7253,"None - Rural Crash","Lincoln","Piedmont","Residential","Mixed (30% To 70% Developed)",NA,"Rural","40 - 45  MPH","No Control Present","Clear","No",54,"50-59","No",NA,"With Traffic","C: Possible Injury","Travel Lane","White","Male",48,"40-49","No",NA,"36-40 mph","O: No Injury","White","Female","Passenger Car","No","17SEP2007","Monday","Motorist Overtaking Bicyclist",5,"Non-Intersection","September","C: Possible Injury",20520,"Motorist Overtaking - Undetected Bicyclist",2007,"Yes","No","Dark - Roadway Not Lighted","Straight - Level","NC Route","Dry","Two-Way, Not Divided","None","No Special Feature","Coarse Asphalt",0,0,0,0,0,0,0,"2 lanes",2,0,NA,0,NA
1884,7258,"Kings Mountain","Cleveland","Mountains","Commercial","Mixed (30% To 70% Developed)",NA,"Urban","20 - 25  MPH","Stop Sign","Clear","No",16,"16-19","No",NA,"Facing Traffic","B: Evident Injury","Travel Lane","Black","Male",66,"60-69","No",NA,"16-20 mph","B: Evident Injury","White","Female","Sport Utility","No","18SEP2007","Tuesday","Bicyclist Failed to Yield - Sign-Controlled Intersection",16,"Intersection","September","B: Evident Injury",59520,"Bicyclist Ride Through - Sign-Controlled Intersection",2007,"Yes","No","Daylight","Straight - Bottom","Local Street","Dry","Two-Way, Not Divided","None","T-Intersection","Smooth Asphalt",0,0,0,0,0,0,0,"4 lanes",2,0,NA,0,NA
1885,7262,"Newton","Catawba","Piedmont","Residential","Mixed (30% To 70% Developed)",NA,"Urban","40 - 45  MPH","Double Yellow Line, No Passing Zone","Clear","No",13,"11-15","No",NA,"With Traffic","B: Evident Injury","Travel Lane","White","Male",59,"50-59","No",NA,"36-40 mph","O: No Injury","White","Male","Police","No","19SEP2007","Wednesday","Motorist Overtaking Bicyclist",19,"Non-Intersection","September","B: Evident Injury",70860,"Motorist Overtaking - Other / Unknown",2007,"Yes","No","Dusk","Straight - Level","NC Route","Dry","Two-Way, Not Divided","None","No Special Feature","Smooth Asphalt",0,0,0,0,0,0,0,"2 lanes",2,0,NA,0,NA
1886,7272,"Hickory","Catawba","Piedmont","Residential","Urban (>70% Developed)",NA,"Urban","5 - 15 MPH","No Control Present","Cloudy","No",45,"40-49","No",NA,"With Traffic","O: No Injury","Travel Lane","Black","Male",23,"20-24","No",NA,"0-5 mph","O: No Injury","Black","Male","Passenger Car","No","21SEP2007","Friday","Backing Vehicle",18,"Non-Intersection","September","O: No Injury",67200,"Backing Vehicle",2007,"No","No","Daylight","Straight - Grade","Local Street","Dry","Two-Way, Not Divided","None","No Special Feature","Coarse Asphalt",0,0,0,0,0,0,0,"2 lanes",2,0,NA,0,NA
1887,7276,"Gastonia","Gaston","Piedmont","Residential","Urban (>70% Developed)",NA,"Urban","30 - 35  MPH","No Control Present","Clear","No",41,"40-49","No",NA,"Facing Traffic","C: Possible Injury","Travel Lane","Black","Male",NA,NA,"Missing",NA,"31-35 mph","Unknown Injury","Unknown/Missing",NA,NA,"No","24SEP2007","Monday","Head-On",4,"Non-Intersection","September","C: Possible Injury",14400,"Head-On - Bicyclist",2007,"Yes","Yes","Dark - Lighted Roadway","Straight - Level","Local Street","Dry","Two-Way, Not Divided","None","No Special Feature","Smooth Asphalt",0,0,0,0,0,0,0,"2 lanes",2,0,NA,0,NA
1888,7281,"Jacksonville","Onslow","Coastal","Commercial","Urban (>70% Developed)",NA,"Urban","30 - 35  MPH","No Control Present","Clear","No",53,"50-59","No",NA,"With Traffic","O: No Injury","Travel Lane","White","Male",60,"60-69","No",NA,"0-5 mph","O: No Injury","White","Female","Passenger Car","No","26SEP2007","Wednesday","Motorist Failed to Yield - Midblock",0,"Non-Intersection","September","O: No Injury",3360,"Motorist Drive Out - Commercial Driveway / Alley",2007,"No","No","Dark - Lighted Roadway","Straight - Level","Local Street","Dry","Two-Way, Not Divided","None","No Special Feature","Smooth Asphalt",0,0,0,0,0,0,0,"4 lanes",2,0,NA,0,NA
1889,7294,"Apex","Wake","Piedmont","Commercial","Urban (>70% Developed)",NA,"Urban","40 - 45  MPH","Stop And Go Signal","Clear","No",51,"50-59","No",NA,"With Traffic","C: Possible Injury","Travel Lane","White","Male",20,"20-24","No",NA,NA,"O: No Injury","White","Female","Passenger Car","No","01OCT2007","Monday","Motorist Left Turn / Merge",18,"Intersection","October","C: Possible Injury",65040,"Motorist Left Turn - Opposite Direction",2007,"Yes","No","Daylight","Straight - Level","NC Route","Dry","Two-Way, Not Divided","None","Four-Way Intersection","Smooth Asphalt",0,0,0,0,0,0,0,"4 lanes",2,0,NA,0,NA