"...1","object_id","city","county","region","development","locality","on_road","rural_urban","speed_limit","traffic_control","weather","workzone","bike_age","bike_age_group","bike_alcohol","bike_alcohol_drugs","bike_direction","bike_injury","bike_position","bike_race","bike_sex","driver_age","driver_age_group","driver_alcohol","driver_alcohol_drugs","driver_est_speed","driver_injury","driver_race","driver_sex","driver_vehicle_type","crash_alcohol","crash_date","crash_day","crash_group","crash_hour","crash_location","crash_month","crash_severity","crash_time","crash_type","crash_year","ambulance_req","hit_run","light_condition","road_character","road_class","road_condition","road_configuration","road_defects","road_feature","road_surface","num_bikes_ai","num_bikes_bi","num_bikes_ci","num_bikes_ki","num_bikes_no","num_bikes_to","num_bikes_ui","num_lanes","num_units","distance_mi_from","frm_road","rte_invd_cd","towrd_road"
1890,7311,"None - Rural Crash","Iredell","Piedmont","Residential","Mixed (30% To 70% Developed)",NA,"Rural","40 - 45  MPH","Double Yellow Line, No Passing Zone","Clear","No",34,"30-39","No",NA,"With Traffic","B: Evident Injury","Travel Lane","White","Male",NA,"70+","No",NA,"21-25 mph","O: No Injury","White","Male","Passenger Car","No","09OCT2007","Tuesday","Motorist Overtaking Bicyclist",12,"Non-Intersection","October","B: Evident Injury",43500,"Motorist Overtaking - Other / Unknown",2007,"Yes","No","Daylight","Straight - Level","State Secondary Route","Dry","Two-Way, Not Divided","None","No Special Feature","Smooth Asphalt",0,0,0,0,0,0,0,"2 lanes",2,0,NA,0,NA
1891,7315,"Greensboro","Guilford","Piedmont","Residential","Urban (>70% Developed)",NA,"Urban","30 - 35  MPH","Stop Sign","Clear","No",NA,"70+","No",NA,"With Traffic","B: Evident Injury","Multi-use Path","White","Male",64,"60-69","No",NA,"31-35 mph","O: No Injury","White","Female","Sport Utility","No","10OCT2007","Wednesday","Motorist Failed to Yield - Sign-Controlled Intersection",8,"Intersection","October","B: Evident Injury",29760,"Motorist Drive Out - Sign-Controlled Intersection",2007,"Yes","No","Daylight","Straight - Level","Local Street","Dry","Two-Way, Divided, Unprotected Median","None","T-Intersection","Smooth Asphalt",0,0,0,0,0,0,0,"2 lanes",2,0,NA,0,NA
1892,7321,"Nags Head","Dare","Coastal","Residential","Urban (>70% Developed)",NA,"Rural","5 - 15 MPH","No Control Present","Clear","No",48,"40-49","No",NA,"With Traffic","C: Possible Injury","Multi-use Path","White","Female",29,"25-29","No",NA,"0-5 mph","O: No Injury","White","Male","Passenger Car","No","25AUG2007","Saturday","Motorist Failed to Yield - Midblock",9,"Non-Intersection","August","C: Possible Injury",34980,"Motorist Drive Out - Commercial Driveway / Alley",2007,"Yes","No","Daylight",NA,"NC Route","Dry",NA,"Obstruction In Roadway","Driveway, Private","Concrete",0,0,0,0,0,0,0,NA,2,0,NA,0,NA
1893,7328,"Emerald Isle","Carteret","Coastal","Commercial","Urban (>70% Developed)",NA,"Rural","20 - 25  MPH","Stop Sign","Clear","No",20,"20-24","No",NA,"With Traffic","C: Possible Injury","Bike Lane / Paved Shoulder","White","Male",42,"40-49","No",NA,"6-10 mph","O: No Injury","White","Male","Pickup","No","16OCT2007","Tuesday","Crossing Paths - Other Circumstances",11,"Intersection","October","B: Evident Injury",42240,"Crossing Paths - Intersection - Other / Unknown",2007,"Yes","No","Daylight","Straight - Level","Local Street","Dry","Two-Way, Not Divided","None","Driveway, Public","Smooth Asphalt",0,0,0,0,0,0,0,"2 lanes",2,0,NA,0,NA
1894,7330,"Hickory","Catawba","Piedmont","Commercial","Urban (>70% Developed)",NA,"Urban","40 - 45  MPH","No Control Present","Clear","No",17,"16-19","No",NA,"Facing Traffic","C: Possible Injury","Travel Lane","Black","Male",NA,NA,"Missing",NA,"0-5 mph","Unknown Injury","Unknown/Missing",NA,NA,"No","16OCT2007","Tuesday","Motorist Failed to Yield - Midblock",18,"Non-Intersection","October","C: Possible Injury",65400,"Motorist Drive Out - Commercial Driveway / Alley",2007,"Yes","Yes","Daylight","Straight - Level","Local Street","Water (Standing, Moving)","Two-Way, Not Divided","None","No Special Feature","Smooth Asphalt",0,0,0,0,0,0,0,"5 lanes",2,0,NA,0,NA
1895,7331,"Kannapolis","Cabarrus","Piedmont","Residential","Mixed (30% To 70% Developed)",NA,"Urban","30 - 35  MPH","Stop Sign","Clear","No",14,"11-15","No",NA,"With Traffic","O: No Injury","Travel Lane","Black","Male",42,"40-49","No",NA,"21-25 mph","O: No Injury","Native American","Male","Sport Utility","No","17OCT2007","Wednesday","Bicyclist Failed to Yield - Sign-Controlled Intersection",18,"Intersection","October","O: No Injury",68100,"Bicyclist Ride Through - Sign-Controlled Intersection",2007,"No","No","Dusk","Straight - Grade","Local Street","Dry","Two-Way, Not Divided","None","No Special Feature","Smooth Asphalt",0,0,0,0,0,0,0,"2 lanes",2,0,NA,0,NA
1896,7332,"None - Rural Crash","Harnett","Coastal","Farms, Woods, Pastures","Rural (<30% Developed)",NA,"Rural","50 - 55  MPH","Double Yellow Line, No Passing Zone","Clear","No",41,"40-49","Yes",NA,"With Traffic","C: Possible Injury","Bike Lane / Paved Shoulder","White","Male",39,"30-39","No",NA,"41-45 mph","O: No Injury","White","Male","Passenger Car","Yes","18OCT2007","Thursday","Motorist Overtaking Bicyclist",20,"Non-Intersection","October","C: Possible Injury",72600,"Motorist Overtaking - Bicyclist Swerved",2007,"Yes","No","Dark - Roadway Not Lighted","Straight - Level","NC Route","Dry","Two-Way, Not Divided","None","No Special Feature","Coarse Asphalt",0,0,0,0,0,0,0,"2 lanes",2,0,NA,0,NA
1897,7338,"Wilson","Wilson","Coastal","Residential","Rural (<30% Developed)",NA,"Urban","30 - 35  MPH","Stop Sign","Clear","No",36,"30-39","Yes",NA,"With Traffic","B: Evident Injury","Travel Lane","Black","Male",37,"30-39","No",NA,"16-20 mph","O: No Injury","Hispanic","Male","Pickup","Yes","20OCT2007","Saturday","Motorist Failed to Yield - Sign-Controlled Intersection",18,"Intersection","October","B: Evident Injury",66540,"Motorist Drive Out - Sign-Controlled Intersection",2007,"Yes","No","Daylight","Straight - Level","Local Street","Dry","Two-Way, Not Divided","None","Four-Way Intersection","Coarse Asphalt",0,0,0,0,0,0,0,"2 lanes",2,0,NA,0,NA
1898,7339,"High Point","Guilford","Piedmont","Residential","Urban (>70% Developed)",NA,"Urban","30 - 35  MPH","No Control Present","Clear","No",29,"25-29","No",NA,"With Traffic","B: Evident Injury","Travel Lane","White","Male",NA,"70+","No",NA,"6-10 mph","O: No Injury","Black","Female","Passenger Car","No","20OCT2007","Saturday","Motorist Right Turn / Merge",14,"Intersection","October","B: Evident Injury",50400,"Motorist Right Turn - Same Direction",2007,"Yes","No","Daylight","Straight - Bottom","Local Street","Dry","Two-Way, Not Divided","None","No Special Feature","Smooth Asphalt",0,0,0,0,0,0,0,"2 lanes",2,0,NA,0,NA
1899,7342,"Raleigh","Wake","Piedmont","Commercial","Urban (>70% Developed)",NA,"Urban","40 - 45  MPH","No Control Present","Cloudy","No",20,"20-24","No",NA,"Not Applicable","B: Evident Injury","Driveway / Alley","Black","Male",22,"20-24","No",NA,"36-40 mph","O: No Injury","White","Male","Passenger Car","No","22OCT2007","Monday","Bicyclist Failed to Yield - Midblock",13,"Non-Intersection","October","B: Evident Injury",47460,"Multiple Threat - Midblock",2007,"Yes","No","Daylight","Straight - Grade","Local Street","Dry","Two-Way, Divided, Unprotected Median","None","T-Intersection","Smooth Asphalt",0,0,0,0,0,0,0,"5 lanes",2,0,NA,0,NA
1900,7351,"None - Rural Crash","Davidson","Piedmont","Farms, Woods, Pastures","Rural (<30% Developed)",NA,"Rural","50 - 55  MPH","Double Yellow Line, No Passing Zone","Clear","No",53,"50-59","Yes",NA,"With Traffic","A: Disabling Injury","Travel Lane","White","Male",44,"40-49","No",NA,"31-35 mph","O: No Injury","White","Female","Sport Utility","Yes","27OCT2007","Saturday","Motorist Overtaking Bicyclist",11,"Non-Intersection","October","A: Disabling Injury",41580,"Motorist Overtaking - Other / Unknown",2007,"Yes","No","Daylight","Straight - Grade","State Secondary Route","Dry","Two-Way, Not Divided","None","No Special Feature","Smooth Asphalt",0,0,0,0,0,0,0,"2 lanes",2,0,NA,0,NA
1901,453,"None - Rural Crash","Iredell","Piedmont","Farms, Woods, Pastures","Rural (<30% Developed)","SR 2305","Rural","40 - 45  MPH","Double Yellow Line, No Passing Zone","Cloudy","No",53,"50-59",NA,"No","With Traffic","K: Killed","Travel Lane","White","Male",38,"30-39",NA,"Yes-Drugs, impairment suspected","41-45 mph","O: No Injury","White","Male","Pickup","No","16JUN2014","Monday","Head-On",17,"Non-Intersection","June","K: Killed",62820,"Head-On - Motorist",2014,"Yes","Yes","Daylight","Curve - Grade","State Secondary Route","Dry","Two-Way, Not Divided","None","No Special Feature","Smooth Asphalt",0,0,0,1,0,1,0,"2 lanes",2,0.052,"2310",40002305,"2309"
1902,461,"None - Rural Crash","Guilford","Piedmont","Residential","Mixed (30% To 70% Developed)","2565","Rural","40 - 45  MPH","Stop And Go Signal","Clear","No",63,"60-69",NA,"No","With Traffic","C: Possible Injury","Travel Lane","Black","Male",48,"40-49",NA,"No","0-5 mph","O: No Injury","White","Male","Sport Utility","No","06AUG2014","Wednesday","Motorist Failed to Yield - Sign-Controlled Intersection",20,"Intersection-Related","August","C: Possible Injury",74040,"Motorist Drive Through - Sign-Controlled Intersection",2014,"No","No","Daylight","Straight - Level","State Secondary Route","Dry","Two-Way, Not Divided","None","Y-Intersection","Smooth Asphalt",0,0,1,0,0,1,0,"2 lanes",2,0.071,"29",40002565,"2891"
1903,463,"Charlotte","Mecklenburg","Piedmont","Residential","Urban (>70% Developed)","CENTRAL AVENUE","Urban","30 - 35  MPH","Stop Sign","Clear","No",23,"20-24",NA,"No","With Traffic","B: Evident Injury","Travel Lane","Black","Male",NA,NA,NA,"Missing","6-10 mph","Unknown Injury","Unknown/Missing",NA,NA,"No","01SEP2014","Monday","Motorist Failed to Yield - Sign-Controlled Intersection",19,"Intersection","September","B: Evident Injury",70080,"Motorist Drive Through - Sign-Controlled Intersection",2014,"No","Yes","Dawn","Straight - Level","Local Street","Dry","Two-Way, Divided, Unprotected Median","None","No Special Feature","Smooth Asphalt",0,1,0,0,0,1,0,"6 lanes",2,0.015,"CYRUS DRIVE",50005515,"CRYSTAL RD"
1904,464,"High Point","Guilford","Piedmont","Residential","Urban (>70% Developed)","CEDROW DR","Urban","30 - 35  MPH","No Control Present","Clear","No",16,"16-19",NA,"No","With Traffic","A: Disabling Injury","Travel Lane","Black","Male",35,"30-39",NA,"No","36-40 mph","O: No Injury","Black","Female","Sport Utility","No","21AUG2014","Thursday","Bicyclist Left Turn / Merge",15,"Non-Intersection","August","A: Disabling Injury",55260,"Bicyclist Left Turn - Same Direction",2014,"Yes","No","Daylight","Curve - Level","Local Street","Dry","Two-Way, Not Divided","None","Bridge","Concrete",1,0,0,0,0,1,0,"2 lanes",2,0,"INTERSTATE 74",0,"GORDON ST"
1905,470,"Durham","Durham","Piedmont","Residential","Urban (>70% Developed)","GRAY AVE","Urban","20 - 25  MPH","Stop Sign","Clear","No",17,"16-19",NA,"No","With Traffic","B: Evident Injury","Travel Lane","Black","Male",32,"30-39",NA,"Yes-Alcohol,  impairment suspected","31-35 mph","O: No Injury","Black","Male","Sport Utility","Yes","24AUG2014","Sunday","Bicyclist Failed to Yield - Sign-Controlled Intersection",9,"Intersection","August","B: Evident Injury",33360,"Bicyclist Ride Through - Sign-Controlled Intersection",2014,"Yes","No","Dark - Lighted Roadway","Straight - Grade","Local Street","Dry","Two-Way, Not Divided","None","Four-Way Intersection","Smooth Asphalt",0,1,0,0,0,1,0,"2 lanes",2,0,"GEARWOOD AVE",0,"HARGROVE STREET"
1906,475,"Goldsboro","Wayne","Coastal","Commercial","Urban (>70% Developed)","ASH ST","Urban","30 - 35  MPH","No Control Present","Clear","No",61,"60-69",NA,"No","With Traffic","C: Possible Injury","Travel Lane","Black","Male",58,"50-59",NA,"No","0-5 mph","O: No Injury","White","Female","Sport Utility","No","22AUG2014","Friday","Crossing Paths - Other Circumstances",11,"Intersection-Related","August","C: Possible Injury",40800,"Crossing Paths - Uncontrolled Intersection",2014,"Yes","No","Daylight","Straight - Level","Local Street","Dry","Two-Way, Not Divided","None","Driveway, Public","Smooth Asphalt",0,0,1,0,0,1,0,"6 lanes",2,0.012,"LEE DR",50001103,"GLENWOOD TRAIL"
1907,477,"Goldsboro","Wayne","Coastal","Commercial","Urban (>70% Developed)","N GEORGE ST","Urban","30 - 35  MPH","Stop Sign","Clear","No",15,"11-15",NA,"No",NA,"C: Possible Injury","Travel Lane","Black","Male",22,"20-24",NA,"No","0-5 mph","O: No Injury","White","Male","Pickup","No","12AUG2014","Tuesday","Motorist Failed to Yield - Sign-Controlled Intersection",15,"Intersection","August","C: Possible Injury",57060,"Motorist Drive Out - Sign-Controlled Intersection",2014,"Yes","No","Daylight","Straight - Level","State Secondary Route","Dry","Two-Way, Not Divided","None","T-Intersection","Smooth Asphalt",0,0,2,0,0,2,0,"2 lanes",2,0,"A ST",40001304,NA
1908,480,"Kannapolis","Rowan","Piedmont","Residential","Urban (>70% Developed)","W 9TH ST","Urban","30 - 35  MPH","Stop Sign","Clear","No",7,"6-10",NA,"No","With Traffic","B: Evident Injury","Travel Lane","Black","Male",23,"20-24",NA,"No","11-15 mph","O: No Injury","White","Male","Passenger Car","No","14AUG2014","Thursday","Bicyclist Left Turn / Merge",19,"Intersection","August","B: Evident Injury",69780,"Bicyclist Left Turn - Opposite Direction",2014,"No","No","Daylight","Straight - Grade","Local Street","Dry","Two-Way, Not Divided","None","T-Intersection","Smooth Asphalt",0,1,0,0,0,1,0,"2 lanes",2,0,"CHURCH AVE",50006074,"N POPLAR ST"
1909,490,"None - Rural Crash","Cleveland","Mountains","Residential","Urban (>70% Developed)","SR 2266","Rural","20 - 25  MPH","No Control Present","Clear","No",7,"6-10",NA,"No","With Traffic","B: Evident Injury","Travel Lane","White","Male",NA,NA,NA,NA,"21-25 mph","Unknown Injury","Unknown/Missing",NA,"Passenger Car","No","21AUG2014","Thursday","Motorist Overtaking Bicyclist",20,"Intersection","August","B: Evident Injury",73620,"Motorist Overtaking - Other / Unknown",2014,"Yes","Yes","Dark - Roadway Not Lighted","Straight - Grade","State Secondary Route","Dry","Two-Way, Not Divided","None","Four-Way Intersection","Coarse Asphalt",0,1,0,0,0,1,0,"2 lanes",2,0,"2264",40002266,"2263"
1910,511,"Durham","Durham","Piedmont","Commercial","Urban (>70% Developed)","HOPE VALLEY RD","Urban","5 - 15 MPH","No Control Present","Clear","No",15,"11-15",NA,"No","Facing Traffic","B: Evident Injury","Sidewalk / Crosswalk / Driveway Crossing","Black","Female",NA,NA,NA,"Missing","11-15 mph","Unknown Injury","Unknown/Missing",NA,"Light Truck (Mini-Van, Panel)","No","02SEP2014","Tuesday","Motorist Failed to Yield - Midblock",14,"Non-Intersection","September","B: Evident Injury",53400,"Motorist Drive Out - Commercial Driveway / Alley",2014,"Yes","Yes","Daylight","Straight - Level","Local Street","Dry","Two-Way, Divided, Unprotected Median","None","No Special Feature","Coarse Asphalt",0,1,0,0,0,1,0,"2 lanes",2,0.15,"GARRETT RD",30000751,"WOODCROFT PKWY"
1911,522,"Raleigh","Wake","Piedmont","Residential","Urban (>70% Developed)","ANDERSON DR","Urban","30 - 35  MPH","No Control Present","Rain","No",36,"30-39",NA,"No","With Traffic","B: Evident Injury","Travel Lane","White","Male",NA,"70+",NA,"No","6-10 mph","O: No Injury","White","Female","Passenger Car","No","13SEP2014","Saturday","Motorist Left Turn / Merge",10,"Intersection","September","B: Evident Injury",38760,"Motorist Left Turn - Opposite Direction",2014,"Yes","No","Daylight","Straight - Grade","Local Street","Wet","Two-Way, Not Divided","None","Four-Way Intersection","Smooth Asphalt",0,1,0,0,0,1,0,"2 lanes",2,0,"OXFORD RD",50000687,"OVERBROOK DR"
1912,527,"Charlotte","Mecklenburg","Piedmont","Commercial","Mixed (30% To 70% Developed)","21","Urban","40 - 45  MPH","No Control Present","Clear","No",20,"20-24",NA,"No","With Traffic","C: Possible Injury","Bike Lane / Paved Shoulder","Other","Male",NA,NA,NA,"Missing","41-45 mph","Unknown Injury","Unknown/Missing",NA,NA,"No","10SEP2014","Wednesday","Motorist Overtaking Bicyclist",23,"Non-Intersection","September","C: Possible Injury",84900,"Motorist Overtaking - Other / Unknown",2014,"Yes","Yes","Dark - Roadway Not Lighted","Straight - Level","NC Route","Dry","Two-Way, Not Divided","None","No Special Feature","Smooth Asphalt",0,0,1,0,0,1,0,"3 lanes",2,0.038,"DAPHNE DRIVE",20000021,"LONG CREEK PARK DR"
1913,530,"Wilmington","New Hanover","Coastal","Commercial","Mixed (30% To 70% Developed)","CEDAR AVE","Urban","30 - 35  MPH","No Control Present","Clear","No",24,"20-24",NA,"No","With Traffic","B: Evident Injury","Travel Lane","White","Male",24,"20-24",NA,"No","16-20 mph","O: No Injury","White","Female","Passenger Car","No","09AUG2014","Saturday","Loss of Control / Turning Error",2,"Intersection-Related","August","B: Evident Injury",8760,"Motorist Turning Error - Left Turn",2014,"Yes","No","Dark - Roadway Not Lighted","Straight - Level","Local Street","Dry","Two-Way, Not Divided","None","No Special Feature","Coarse Asphalt",0,1,0,0,0,1,0,"2 lanes",2,0,"S COLLEGE RD",20000117,"WILSHIRE AVE"
1914,539,"Durham","Durham","Piedmont","Residential","Rural (<30% Developed)","FAYETTEVILLE ST","Urban","30 - 35  MPH","Stop Sign","Cloudy","No",13,"11-15",NA,"No","Facing Traffic","O: No Injury","Bike Lane / Paved Shoulder","Black","Male",53,"50-59",NA,"No","0-5 mph","O: No Injury","Black","Female","Passenger Car","No","15SEP2014","Monday","Motorist Failed to Yield - Sign-Controlled Intersection",17,"Intersection","September","O: No Injury",63240,"Motorist Drive Out - Sign-Controlled Intersection",2014,"No","No","Daylight","Straight - Level","Local Street","Dry","Two-Way, Not Divided","None","Four-Way Intersection","Smooth Asphalt",0,0,0,0,1,1,0,"2 lanes",2,0,"NELSON ST",40001118,NA
1915,547,"Calabash","Brunswick","Coastal","Residential","Mixed (30% To 70% Developed)","US 179","Rural","40 - 45  MPH","Double Yellow Line, No Passing Zone","Clear","No",62,"60-69",NA,"No","With Traffic","B: Evident Injury","Travel Lane","White","Female",32,"30-39",NA,"No","41-45 mph","O: No Injury","White","Male","Pickup","No","01SEP2014","Monday","Motorist Overtaking Bicyclist",16,"Non-Intersection","September","B: Evident Injury",59640,"Motorist Overtaking - Misjudged Space",2014,"Yes","No","Daylight","Straight - Level","NC Route","Dry","Two-Way, Not Divided","None","No Special Feature","Coarse Asphalt",0,1,0,0,0,1,0,"2 lanes",2,0.5,"179",0,"1246"
1916,554,"Durham","Durham","Piedmont","Commercial","Urban (>70% Developed)","N MANGUM ST","Urban","30 - 35  MPH","No Control Present","Clear","No",59,"50-59",NA,"No","Facing Traffic","B: Evident Injury",NA,"Black","Male",48,"40-49",NA,"No","0-5 mph","O: No Injury","Black","Female","Passenger Car","No","19SEP2014","Friday","Motorist Failed to Yield - Midblock",13,"Non-Intersection","September","B: Evident Injury",46920,"Motorist Drive Out - Commercial Driveway / Alley",2014,"Yes","No","Daylight","Straight - Level","Interstate","Dry","One-Way, Not Divided","None","No Special Feature","Coarse Asphalt",0,1,0,0,0,1,0,"3 lanes",2,0,"801 MANGUM ST",0,"W CORPORATION ST"
1917,557,"Hendersonville","Henderson","Mountains","Commercial","Urban (>70% Developed)","GROVE STREET","Urban","20 - 25  MPH","No Control Present","Cloudy","No",39,"30-39",NA,"No","With Traffic","C: Possible Injury","Travel Lane","Hispanic","Male",26,"25-29",NA,"No","11-15 mph","O: No Injury","Black","Male","Passenger Car","No","09SEP2014","Tuesday","Motorist Left Turn / Merge",17,"Intersection","September","C: Possible Injury",62640,"Motorist Left Turn - Opposite Direction",2014,"Yes","No","Daylight","Straight - Grade","Local Street","Dry","Two-Way, Not Divided","None","No Special Feature","Coarse Asphalt",0,0,1,0,0,1,0,"2 lanes",2,0,"E BARNWELL ST",50001728,"E ALLEN STREET"
1918,573,"Raleigh","Wake","Piedmont","Residential","Urban (>70% Developed)","BROWN OWL DR","Urban","20 - 25  MPH","No Control Present","Cloudy","No",14,"11-15",NA,"No","Facing Traffic","O: No Injury","Travel Lane","Black","Male",33,"30-39",NA,"No","6-10 mph","O: No Injury","Black","Female","Passenger Car","No","25SEP2014","Thursday","Head-On",19,"Non-Intersection","September","O: No Injury",69960,"Head-On - Bicyclist",2014,"No","No","Dusk","Straight - Level","Local Street","Dry","Two-Way, Not Divided","None","No Special Feature","Coarse Asphalt",0,0,0,0,1,1,0,"2 lanes",2,0.028,"MAYBROOK CROSSING DR",0,"LILYMOUNT DR"
1919,585,"Raleigh","Wake","Piedmont","Institutional","Urban (>70% Developed)","WESTERN BLVD","Urban","40 - 45  MPH","Stop And Go Signal","Clear","No",26,"25-29",NA,"No","Facing Traffic","B: Evident Injury","Sidewalk / Crosswalk / Driveway Crossing","White","Male",24,"20-24",NA,"No","0-5 mph","O: No Injury","Black","Male","Passenger Car","No","28SEP2014","Sunday","Motorist Failed to Yield - Signalized Intersection",7,"Intersection","September","B: Evident Injury",25920,"Motorist Drive Out - Right Turn on Red",2014,"Yes","No","Daylight","Curve - Grade","Local Street","Dry","Two-Way, Divided, Unprotected Median","None","Four-Way Intersection","Smooth Asphalt",0,1,0,0,0,1,0,"3 lanes",2,0,"HUNT DR",40001012,NA
1920,588,"Wilmington",NA,"Coastal","Residential","Mixed (30% To 70% Developed)","462 RACINE DR","Urban","5 - 15 MPH","Stop Sign","Clear","No",19,"16-19",NA,"No","Facing Traffic","C: Possible Injury","Sidewalk / Crosswalk / Driveway Crossing","White","Female",57,"50-59",NA,"No","0-5 mph","O: No Injury","White","Male","Van","No","28AUG2014","Thursday","Motorist Failed to Yield - Sign-Controlled Intersection",22,"Intersection","August","C: Possible Injury",79920,"Motorist Drive Out - Sign-Controlled Intersection",2014,"No","No","Dark - Roadway Not Lighted","Straight - Level","Public Vehicular Area","Dry","Two-Way, Not Divided","None","No Special Feature","Coarse Asphalt",0,0,1,0,0,1,0,"2 lanes",2,0.066,"COLLEGE ACRES DR",0,"NEW CENTRE DR"
1921,590,"None - Rural Crash",NA,"Coastal","Commercial","Mixed (30% To 70% Developed)","421","Rural","40 - 45  MPH","No Control Present","Clear","No",29,"25-29",NA,"No","With Traffic","C: Possible Injury","Travel Lane","White","Male",47,"40-49",NA,"No","36-40 mph","O: No Injury","White","Male","Passenger Car","No","27SEP2014","Saturday","Motorist Overtaking Bicyclist",20,"Non-Intersection","September","C: Possible Injury",73980,"Motorist Overtaking - Other / Unknown",2014,"Yes","No","Dark - Roadway Not Lighted","Straight - Level","US Route","Dry","Two-Way, Divided, Unprotected Median","None","No Special Feature","Coarse Asphalt",0,0,1,0,0,1,0,"4 lanes",2,0.07,"1237",20000421,"SAINT ANDREWS DR"
1922,591,"Fayetteville","Cumberland","Coastal","Residential","Mixed (30% To 70% Developed)","HARVEY DR","Urban","20 - 25  MPH","No Control Present","Clear","No",8,"6-10",NA,"No","Not Applicable","O: No Injury","Driveway / Alley","Black","Male",NA,NA,NA,"Missing","0-5 mph","Unknown Injury","Unknown/Missing",NA,NA,"No","31AUG2014","Sunday","Loss of Control / Turning Error",16,"Non-Intersection","August","O: No Injury",58320,"Motorist Lost Control - Other / Unknown",2014,"No","Yes","Daylight","Straight - Level","Local Street","Dry","Two-Way, Not Divided","None","No Special Feature","Coarse Asphalt",0,0,0,0,1,1,0,"2 lanes",2,0.07,"PELT",0,"2719 HARVEY DR"
1923,593,"Wilmington",NA,"Coastal","Commercial","Mixed (30% To 70% Developed)","5099 RANDALL PKY","Urban","5 - 15 MPH","No Control Present","Clear","No",23,"20-24",NA,"No","With Traffic","B: Evident Injury","Sidewalk / Crosswalk / Driveway Crossing","Black","Male",32,"30-39",NA,"No","0-5 mph","O: No Injury","Black","Male","Passenger Car","No","05SEP2014","Friday","Motorist Failed to Yield - Midblock",10,"Non-Intersection","September","B: Evident Injury",38400,"Motorist Drive Out - Commercial Driveway / Alley",2014,"Yes","No","Daylight","Straight - Level","Public Vehicular Area","Dry","Two-Way, Not Divided","None","No Special Feature","Smooth Asphalt",0,1,0,0,0,1,0,"2 lanes",2,0.133,"GROUSE CT",0,"S COLLEGE RD"
1924,604,"Gastonia","Gaston","Piedmont","Residential","Urban (>70% Developed)","W FRANKLIN BLVD","Urban","30 - 35  MPH","No Control Present","Clear","No",48,"40-49",NA,"No","With Traffic","B: Evident Injury","Travel Lane","White","Male",NA,NA,NA,"Missing","46-50 mph","Unknown Injury","Unknown/Missing",NA,NA,"No","22SEP2014","Monday","Motorist Overtaking Bicyclist",19,"Non-Intersection","September","B: Evident Injury",69300,"Motorist Overtaking - Other / Unknown",2014,"Yes","Yes","Dusk","Straight - Level","US Route","Dry","Two-Way, Not Divided","None","No Special Feature","Coarse Asphalt",0,1,0,0,0,1,0,"6 lanes",2,0.054,"S FIRESTONE ST",20000029,"MILLON ST"
1925,607,"Wilmington","New Hanover","Coastal","Institutional","Urban (>70% Developed)","MEDICAL CTR DR","Urban","20 - 25  MPH","Stop Sign","Clear","No",52,"50-59",NA,"No","With Traffic","B: Evident Injury","Sidewalk / Crosswalk / Driveway Crossing","White","Male",17,"0-19",NA,"No","6-10 mph","O: No Injury","White","Female","Passenger Car","No","16SEP2014","Tuesday","Motorist Failed to Yield - Sign-Controlled Intersection",14,"Intersection","September","B: Evident Injury",53160,"Motorist Drive Out - Sign-Controlled Intersection",2014,"Yes","No","Daylight","Straight - Level","Local Street","Dry","Two-Way, Not Divided","None","No Special Feature","Coarse Asphalt",0,1,0,0,0,1,0,NA,2,0,"WISTERIA DR",50019735,"SILVER STREAM LN"
1926,617,"None - Rural Crash","Rockingham","Piedmont","Farms, Woods, Pastures","Mixed (30% To 70% Developed)","SR 1605","Rural","40 - 45  MPH","Double Yellow Line, No Passing Zone","Clear","No",50,"50-59",NA,"Yes-Alcohol,  impairment suspected","With Traffic","C: Possible Injury","Travel Lane","White","Male",NA,NA,NA,NA,"41-45 mph","Unknown Injury","Unknown/Missing",NA,NA,"Yes","26SEP2014","Friday","Motorist Overtaking Bicyclist",22,"Non-Intersection","September","C: Possible Injury",79500,"Motorist Overtaking - Other / Unknown",2014,"Yes","Yes","Dark - Roadway Not Lighted","Straight - Level","State Secondary Route","Dry","Two-Way, Not Divided","None","No Special Feature","Smooth Asphalt",0,0,1,0,0,1,0,"2 lanes",2,0.1,"1792",40001605,"1557"
1927,622,"Asheville","Buncombe","Mountains","Commercial","Urban (>70% Developed)","667 MERRIMON AVE","Urban","5 - 15 MPH","No Control Present","Clear","No",29,"25-29",NA,"No","Facing Traffic","C: Possible Injury","Sidewalk / Crosswalk / Driveway Crossing","White","Female",68,"60-69",NA,"No","0-5 mph","O: No Injury","White","Male","Motorcycle","No","07SEP2014","Sunday","Motorist Failed to Yield - Midblock",12,"Non-Intersection","September","C: Possible Injury",43800,"Motorist Drive Out - Commercial Driveway / Alley",2014,"Yes","No","Daylight","Straight - Level","Public Vehicular Area","Dry","Two-Way, Not Divided","None","No Special Feature","Coarse Asphalt",0,0,1,0,0,1,0,"2 lanes",2,0.2,"SANDON DR",0,"EDGEWOOD RD"
1928,627,"None - Rural Crash","Dare","Coastal","Residential","Mixed (30% To 70% Developed)","SR 1232","Rural","20 - 25  MPH","Double Yellow Line, No Passing Zone","Clear","No",14,"11-15",NA,"No","Facing Traffic","B: Evident Injury","Multi-use Path","White","Male",29,"25-29",NA,"No","21-25 mph","O: No Injury","Hispanic","Male","Pickup","No","01OCT2014","Wednesday","Motorist Right Turn / Merge",7,"Intersection","October","B: Evident Injury",28560,"Motorist Right Turn - Opposite Direction",2014,"Yes","No","Daylight","Straight - Level","State Secondary Route","Dry","Two-Way, Not Divided","None","T-Intersection","Coarse Asphalt",0,1,0,0,0,1,0,"2 lanes",2,0,"1529",40001232,"12"