"...1","object_id","city","county","region","development","locality","on_road","rural_urban","speed_limit","traffic_control","weather","workzone","bike_age","bike_age_group","bike_alcohol","bike_alcohol_drugs","bike_direction","bike_injury","bike_position","bike_race","bike_sex","driver_age","driver_age_group","driver_alcohol","driver_alcohol_drugs","driver_est_speed","driver_injury","driver_race","driver_sex","driver_vehicle_type","crash_alcohol","crash_date","crash_day","crash_group","crash_hour","crash_location","crash_month","crash_severity","crash_time","crash_type","crash_year","ambulance_req","hit_run","light_condition","road_character","road_class","road_condition","road_configuration","road_defects","road_feature","road_surface","num_bikes_ai","num_bikes_bi","num_bikes_ci","num_bikes_ki","num_bikes_no","num_bikes_to","num_bikes_ui","num_lanes","num_units","distance_mi_from","frm_road","rte_invd_cd","towrd_road"
1929,633,"Greensboro","Guilford","Piedmont","Commercial","Urban (>70% Developed)","MARKET STREET","Urban","30 - 35  MPH","No Control Present","Clear","Yes",57,"50-59",NA,"No","With Traffic","B: Evident Injury","Bike Lane / Paved Shoulder","White","Female",57,"50-59",NA,"No","36-40 mph","O: No Injury","White","Male","Van","No","05OCT2014","Sunday","Loss of Control / Turning Error",12,"Non-Intersection","October","B: Evident Injury",45720,"Bicyclist Lost Control - Surface Conditions",2014,"Yes","No","Daylight","Straight - Level","Local Street","Dry","Two-Way, Divided, Unprotected Median","Work Zone","No Special Feature","Smooth Asphalt",0,1,0,0,0,1,0,"2 lanes",2,0.2,"LANDMARK DR",40001008,"PLEASANT RIDGE RD"
1930,634,"Raleigh","Wake","Piedmont","Institutional","Urban (>70% Developed)","CATES AVE","Urban","5 - 15 MPH","No Control Present","Clear","No",18,"16-19",NA,NA,"Not Applicable","B: Evident Injury","Travel Lane","White","Male",34,"30-39",NA,NA,"0-5 mph","O: No Injury","Black","Male","Passenger Car","No","15SEP2014","Monday","Bicyclist Failed to Yield - Midblock",15,"Non-Intersection","September","B: Evident Injury",54480,"Bicyclist Ride Out - Other Midblock",2014,"Yes","No","Daylight","Straight - Level","Local Street","Dry","Two-Way, Not Divided","None","Driveway, Public","Smooth Asphalt",0,1,0,0,0,1,0,"2 lanes",2,0.038,"MORRILL DR",50005341,NA
1931,640,"Asheville","Buncombe","Mountains","Residential","Urban (>70% Developed)","EDGEWOOD RD","Urban","20 - 25  MPH","Stop Sign","Cloudy","No",18,"16-19",NA,"No","With Traffic","C: Possible Injury","Travel Lane","White","Male",22,"20-24",NA,"No","0-5 mph","O: No Injury","White","Male","Passenger Car","No","29SEP2014","Monday","Motorist Failed to Yield - Sign-Controlled Intersection",15,"Intersection","September","C: Possible Injury",56520,"Motorist Drive Out - Sign-Controlled Intersection",2014,"Yes","No","Daylight","Straight - Level","Local Street","Wet","Two-Way, Not Divided","None","No Special Feature","Smooth Asphalt",0,0,1,0,0,1,0,"2 lanes",2,0,"BARNARD AVE",0,"25"
1932,647,"None - Rural Crash","Dare","Coastal","Commercial","Urban (>70% Developed)","NC 12","Rural","40 - 45  MPH","No Control Present","Clear","No",23,"20-24",NA,"No","With Traffic","B: Evident Injury","Multi-use Path","White","Male",57,"50-59",NA,"No","0-5 mph","O: No Injury","White","Male","Pickup","No","12OCT2014","Sunday","Motorist Right Turn / Merge",6,"Non-Intersection","October","B: Evident Injury",25080,"Motorist Right Turn - Same Direction",2014,"Yes","No","Daylight","Straight - Level","NC Route","Dry","Two-Way, Not Divided","None","Driveway, Public","Smooth Asphalt",0,1,0,0,0,1,0,"2 lanes",2,0.022,"1299",30000012,"1224"
1933,659,"Greensboro","Guilford","Piedmont","Institutional","Urban (>70% Developed)","SPRING GARDEN ST","Urban","20 - 25  MPH","No Control Present","Clear","No",24,"20-24",NA,"No","With Traffic","C: Possible Injury","Bike Lane / Paved Shoulder","White","Male",22,"20-24",NA,"No","0-5 mph","O: No Injury","White","Male","Passenger Car","No","18OCT2014","Saturday","Motorist Right Turn / Merge",10,"Non-Intersection","October","C: Possible Injury",39420,"Motorist Right Turn - Same Direction",2014,"Yes","No","Daylight","Straight - Level","Local Street","Dry","Two-Way, Divided, Positive Median Barrier","None","No Special Feature","Coarse Asphalt",0,0,1,0,0,1,0,"2 lanes",2,0.038,"STIRLING ST",50028840,"FOREST ST"
1934,660,"Asheville","Buncombe","Mountains","Residential","Urban (>70% Developed)","EMMA RD","Urban","30 - 35  MPH","No Control Present","Clear","No",40,"40-49",NA,"Yes-Alcohol, no impairment detected","With Traffic","C: Possible Injury","Travel Lane","White","Female",NA,NA,NA,"Missing",NA,"Unknown Injury","Unknown/Missing",NA,NA,"Yes","03OCT2014","Friday","Motorist Overtaking Bicyclist",2,"Non-Intersection","October","C: Possible Injury",8880,"Motorist Overtaking - Undetected Bicyclist",2014,"Yes","Yes","Dark - Roadway Not Lighted","Straight - Level","Local Street","Dry","Two-Way, Divided, Unprotected Median","None","No Special Feature","Smooth Asphalt",0,0,1,0,0,1,0,"2 lanes",2,0.3,"CRAVEN ST",40001338,"BOONE ST"
1935,666,"Raleigh","Wake","Piedmont","Commercial","Urban (>70% Developed)","ST MARYS ST","Urban","30 - 35  MPH","No Control Present","Clear","No",19,"16-19",NA,"No","With Traffic","C: Possible Injury","Travel Lane","Black","Male",25,"25-29",NA,"No","21-25 mph","O: No Injury","White","Male","Passenger Car","No","14OCT2014","Tuesday","Motorist Left Turn / Merge",19,"Intersection","October","C: Possible Injury",68700,"Motorist Left Turn - Opposite Direction",2014,"Yes","No","Dark - Lighted Roadway","Straight - Grade","Local Street","Dry","Two-Way, Not Divided","None","No Special Feature","Smooth Asphalt",0,0,1,0,0,1,0,"4 lanes",2,0,"TUCKER ST",50026927,"W NORTH ST"
1936,668,"Raleigh","Wake","Piedmont","Commercial","Urban (>70% Developed)","W HARGETT ST","Urban","20 - 25  MPH","No Control Present","Clear","No",24,"20-24",NA,"No","With Traffic","B: Evident Injury","Travel Lane","White","Male",19,"0-19",NA,"Missing","0-5 mph","O: No Injury","Black","Male","Sport Utility","No","07OCT2014","Tuesday","Bicyclist Overtaking Motorist",14,"Non-Intersection","October","B: Evident Injury",53700,"Bicyclist Overtaking - Extended Door",2014,"No","No","Daylight","Straight - Level","Local Street","Dry","Two-Way, Not Divided","None","No Special Feature","Smooth Asphalt",0,1,0,0,0,1,0,"3 lanes",2,0.014,"S MCDOWELL ST",50013157,"S SALISBURY ST"
1937,670,"Mount Airy","Surry","Mountains","Residential","Urban (>70% Developed)","N SOUTH STREET","Urban","20 - 25  MPH","Stop Sign","Cloudy","No",5,"0-5",NA,"No","With Traffic","C: Possible Injury","Travel Lane","Black","Male",65,"60-69",NA,"No","21-25 mph","O: No Injury","White","Female","Sport Utility","No","10OCT2014","Friday","Bicyclist Failed to Yield - Sign-Controlled Intersection",14,"Intersection","October","C: Possible Injury",50880,"Bicyclist Ride Through - Sign-Controlled Intersection",2014,"No","No","Daylight","Straight - Hillcrest","Local Street","Dry","Two-Way, Not Divided","None","T-Intersection","Smooth Asphalt",0,0,1,0,0,1,0,"2 lanes",2,0,"HAY STREET",0,NA
1938,674,"Raleigh","Wake","Piedmont","Residential","Urban (>70% Developed)","PLEASANT PINES DR","Urban","30 - 35  MPH","Stop Sign","Clear","No",47,"40-49",NA,"No","With Traffic","B: Evident Injury","Travel Lane","White","Female",NA,NA,NA,"Missing","11-15 mph","Unknown Injury","Unknown/Missing",NA,NA,"No","22OCT2014","Wednesday","Bicyclist Left Turn / Merge",23,"Intersection","October","B: Evident Injury",83220,"Bicyclist Left Turn - Opposite Direction",2014,"No","Yes","Daylight","Straight - Level","Local Street","Dry","Two-Way, Not Divided","None","No Special Feature","Coarse Asphalt",0,1,0,0,0,1,0,"2 lanes",2,0.14,"PLEASANT GROVE CHRCH",0,"WELLINGTON DOWNS"
1939,686,"Asheboro","Randolph","Piedmont","Commercial","Urban (>70% Developed)","S PARK ST","Urban","30 - 35  MPH","No Control Present","Clear","No",57,"50-59",NA,"No","With Traffic","B: Evident Injury","Travel Lane","White","Male",27,"25-29",NA,"No","31-35 mph","O: No Injury","Hispanic","Male","Passenger Car","No","18OCT2014","Saturday","Motorist Left Turn / Merge",19,"Non-Intersection","October","B: Evident Injury",68460,"Motorist Left Turn - Opposite Direction",2014,"Yes","No","Dusk","Straight - Bottom","Local Street","Dry","Two-Way, Not Divided","None","No Special Feature","Smooth Asphalt",0,1,0,0,0,1,0,"2 lanes",2,0.027,"HILL ST",40001451,"1442"
1940,687,"Asheboro","Randolph","Piedmont","Commercial","Urban (>70% Developed)","NC 42","Urban","30 - 35  MPH","Stop And Go Signal","Clear","No",40,"40-49",NA,"No","With Traffic","C: Possible Injury","Sidewalk / Crosswalk / Driveway Crossing","White","Female",58,"50-59",NA,"No","0-5 mph","O: No Injury","White","Male","Sport Utility","No","19OCT2014","Sunday","Motorist Left Turn / Merge",19,"Intersection","October","C: Possible Injury",68640,"Motorist Left Turn - Opposite Direction",2014,"Yes","No","Dark - Lighted Roadway","Straight - Level","NC Route","Dry","Two-Way, Not Divided","None","Four-Way Intersection","Smooth Asphalt",0,0,1,0,0,1,0,"3 lanes",2,0,"ELM ST",30000042,NA
1941,690,"Elizabeth City","Pasquotank","Coastal","Commercial","Urban (>70% Developed)","PVA 1609 W EHRINGHAUS ST","Urban","20 - 25  MPH","No Control Present","Clear","No",59,"50-59",NA,"No","Facing Traffic","O: No Injury","Sidewalk / Crosswalk / Driveway Crossing","White","Male",38,"30-39",NA,"No","0-5 mph","O: No Injury","Black","Male","Passenger Car","No","29OCT2014","Wednesday","Motorist Failed to Yield - Midblock",13,"Non-Intersection","October","O: No Injury",47700,"Motorist Drive Out - Commercial Driveway / Alley",2014,"Yes","No","Daylight","Straight - Level","Public Vehicular Area","Dry","Two-Way, Divided, Unprotected Median","None","Driveway, Public","Coarse Asphalt",0,0,0,0,1,1,0,"3 lanes",2,0,"FIRST CITIZENS PVA",0,"HALSTEAD BLVD"
1942,691,"Kill Devil Hills","Dare","Coastal","Commercial","Urban (>70% Developed)","THIRD ST","Urban","20 - 25  MPH","No Control Present","Clear","No",26,"25-29",NA,"No","With Traffic","O: No Injury","Travel Lane","White","Male",60,"60-69",NA,"No","16-20 mph","O: No Injury","White","Female","Passenger Car","No","17OCT2014","Friday","Bicyclist Failed to Yield - Signalized Intersection",13,"Intersection","October","O: No Injury",47880,"Bicyclist Ride Through - Signalized Intersection",2014,"No","No","Daylight","Straight - Level","Local Street","Dry","Two-Way, Not Divided","None","No Special Feature","Coarse Asphalt",0,0,0,0,1,1,0,"2 lanes",2,0.009,"CROATAN HWY",0,"AZTEC ST"
1943,699,"Charlotte","Mecklenburg","Piedmont","Residential","Urban (>70% Developed)","THE PLAZA","Urban","30 - 35  MPH","No Control Present","Clear","No",63,"60-69",NA,"No","Not Applicable","O: No Injury","Travel Lane","Black","Male",30,"30-39",NA,"No","16-20 mph","O: No Injury","Black","Female","Passenger Car","No","29AUG2014","Friday","Bicyclist Failed to Yield - Midblock",17,"Non-Intersection","August","O: No Injury",64440,"Bicyclist Ride Out - Midblock - Unknown",2014,"No","No","Daylight","Straight - Level","Local Street","Dry","Two-Way, Not Divided","None","No Special Feature","Smooth Asphalt",0,0,0,0,1,1,0,"2 lanes",2,0.008,"WELDON AV",40002935,"COMMERCIAL AVE"
1944,713,"Raleigh","Wake","Piedmont","Commercial","Urban (>70% Developed)","S SALISBURY ST","Urban","20 - 25  MPH","Stop And Go Signal","Clear","No",26,"25-29",NA,"No","With Traffic","B: Evident Injury","Travel Lane","White","Male",25,"25-29",NA,"No","26-30 mph","O: No Injury","White","Female","Passenger Car","No","07NOV2014","Friday","Motorist Overtaking Bicyclist",17,"Intersection","November","B: Evident Injury",64260,"Motorist Overtaking - Bicyclist Swerved",2014,"Yes","No","Dusk","Straight - Level","Local Street","Dry","One-Way, Not Divided","None","No Special Feature","Coarse Asphalt",0,1,0,0,0,1,0,"3 lanes",2,0,"MORGAN ST",50026965,"W HARGETT ST"
1945,718,"Kings Mountain","Cleveland","Mountains","Commercial","Urban (>70% Developed)","YORK RD","Urban","30 - 35  MPH","No Control Present","Clear","No",41,"40-49",NA,"No","With Traffic","C: Possible Injury","Travel Lane","White","Male",52,"50-59",NA,"No","0-5 mph","O: No Injury","White","Female","Passenger Car","No","14NOV2014","Friday","Motorist Failed to Yield - Midblock",15,"Non-Intersection","November","C: Possible Injury",54000,"Motorist Drive Out - Commercial Driveway / Alley",2014,"Yes","No","Daylight","Straight - Level","Local Street","Dry","Two-Way, Divided, Unprotected Median","None","No Special Feature","Coarse Asphalt",0,0,1,0,0,1,0,"3 lanes",2,0.08,"CHARLES ST",30000161,"GOLD ST"
1946,721,"Asheville","Buncombe","Mountains","Residential","Urban (>70% Developed)","HAYWOOD RDW","Urban","20 - 25  MPH","Stop And Go Signal","Clear","No",34,"30-39",NA,"No","With Traffic","C: Possible Injury","Travel Lane","White","Male",NA,NA,NA,"Missing","0-5 mph","Unknown Injury","Unknown/Missing",NA,NA,"No","03NOV2014","Monday","Motorist Overtaking Bicyclist",18,"Intersection-Related","November","C: Possible Injury",65760,"Motorist Overtaking - Other / Unknown",2014,"Yes","Yes","Dark - Lighted Roadway","Straight - Level","Local Street","Dry","Two-Way, Divided, Unprotected Median","None","Related To Intersection","Smooth Asphalt",0,0,1,0,0,1,0,"3 lanes",2,0.038,"KNIGHT PL",40003548,"HANOVER ST"
1947,727,"Greenville","Pitt","Coastal","Commercial","Mixed (30% To 70% Developed)","GREENPARK DR","Urban","20 - 25  MPH","Stop Sign","Clear","No",48,"40-49",NA,"No","With Traffic","B: Evident Injury","Travel Lane","Black","Male",28,"25-29",NA,"No","16-20 mph","O: No Injury","Black","Male","Pickup","No","30OCT2014","Thursday","Motorist Left Turn / Merge",23,"Non-Intersection","October","B: Evident Injury",84480,"Motorist Left Turn - Opposite Direction",2014,"Yes","No","Dark - Lighted Roadway","Straight - Level","Local Street","Dry","Two-Way, Not Divided","None","No Special Feature","Smooth Asphalt",0,1,0,0,0,1,0,"2 lanes",2,0.019,"11",0,"STATON HOUSE RD"
1948,731,"None - Rural Crash","Orange","Piedmont","Farms, Woods, Pastures","Rural (<30% Developed)","SR 1144","Rural","40 - 45  MPH","Double Yellow Line, No Passing Zone","Clear","No",34,"30-39",NA,"No","With Traffic","C: Possible Injury","Travel Lane","White","Male",NA,NA,NA,NA,"16-20 mph","Unknown Injury","Unknown/Missing",NA,"Sport Utility","No","18NOV2014","Tuesday","Motorist Left Turn / Merge",20,"Intersection","November","C: Possible Injury",73380,"Motorist Left Turn - Opposite Direction",2014,"No","Yes","Dark - Roadway Not Lighted","Straight - Level","State Secondary Route","Dry","Two-Way, Not Divided","None","T-Intersection","Coarse Asphalt",0,0,1,0,0,1,0,"2 lanes",2,0,"1204",40001144,"1147"
1949,738,"Duck","Dare","Coastal","Residential","Mixed (30% To 70% Developed)","DUCK ROAD","Rural","40 - 45  MPH","No Control Present","Clear","No",61,"60-69",NA,"No","With Traffic","C: Possible Injury","Travel Lane","White","Male",NA,NA,NA,"Missing","41-45 mph","Unknown Injury","Unknown/Missing",NA,NA,"No","19OCT2014","Sunday","Motorist Overtaking Bicyclist",16,"Non-Intersection","October","C: Possible Injury",59400,"Motorist Overtaking - Other / Unknown",2014,"No","Yes","Daylight","Straight - Level","NC Route","Dry","Two-Way, Not Divided","None","No Special Feature","Coarse Asphalt",0,0,1,0,0,1,0,"2 lanes",2,0.038,"GANNETT LN",0,"MARTIN LN"
1950,741,"Rutherfordton","Rutherford","Mountains","Commercial","Urban (>70% Developed)","RAILROAD AVE","Rural","40 - 45  MPH","Stop And Go Signal","Cloudy","No",32,"30-39",NA,"No","Not Applicable","C: Possible Injury","Non-Roadway","White","Female",32,"30-39",NA,"No","41-45 mph","O: No Injury","White","Female","Sport Utility","No","31OCT2014","Friday","Bicyclist Failed to Yield - Midblock",17,"Non-Intersection","October","C: Possible Injury",61500,"Bicyclist Ride Out - Commercial Driveway / Alley",2014,"Yes","No","Daylight","Straight - Level","US Route","Wet","Two-Way, Divided, Unprotected Median","None","Four-Way Intersection","Smooth Asphalt",0,0,1,0,0,1,0,"3 lanes",2,0.045,"NORTH ST",21000074,"WHITESIDES RD"
1951,745,"Brevard","Transylvania","Mountains","Commercial","Urban (>70% Developed)","PVA FOREST GATE PLAZA PVA","Urban","20 - 25  MPH","No Control Present","Clear","No",21,"20-24",NA,"No","Not Applicable","B: Evident Injury","Non-Roadway","White","Male",50,"50-59",NA,"No","11-15 mph","O: No Injury","White","Male","Passenger Car","No","06NOV2014","Thursday","Non-Roadway",16,"Non-Roadway","November","B: Evident Injury",60300,"Non-Roadway",2014,"Yes","No","Daylight","Straight - Grade","Public Vehicular Area","Dry","Two-Way, Not Divided","None","No Special Feature","Smooth Asphalt",0,1,0,0,0,1,0,"2 lanes",2,0,"PIZZA HUT PVA",0,"BILO PVA"
1952,747,"New Bern","Craven","Coastal","Commercial","Urban (>70% Developed)","55","Urban","40 - 45  MPH","Double Yellow Line, No Passing Zone","Clear","No",65,"60-69",NA,"No","With Traffic","C: Possible Injury","Bike Lane / Paved Shoulder","White","Female",35,"30-39",NA,"No","31-35 mph","O: No Injury","White","Female","Passenger Car","No","08OCT2014","Wednesday","Motorist Left Turn / Merge",15,"Non-Intersection","October","C: Possible Injury",56880,"Motorist Left Turn - Opposite Direction",2014,"Yes","No","Daylight","Straight - Grade","Local Street","Dry","Two-Way, Not Divided","None","Driveway, Private","Coarse Asphalt",0,0,1,0,0,1,0,"4 lanes",2,0.17,"GLENBURNIE RD",30000055,"CHERRY TREE ST"
1953,753,"Fayetteville","Cumberland","Coastal","Commercial","Urban (>70% Developed)","BUNCE RD","Urban","30 - 35  MPH","No Control Present","Clear","No",32,"30-39",NA,"No","Not Applicable","C: Possible Injury","Non-Roadway","Black","Male",27,"25-29",NA,"No","0-5 mph","O: No Injury","White","Male","Sport Utility","No","10NOV2014","Monday","Bicyclist Failed to Yield - Midblock",19,"Non-Intersection","November","C: Possible Injury",70380,"Bicyclist Ride Out - Other Midblock",2014,"Yes","No","Dark - Lighted Roadway","Straight - Level","Local Street","Dry","Two-Way, Divided, Unprotected Median","None","No Special Feature","Coarse Asphalt",0,0,1,0,0,1,0,"3 lanes",2,0.057,"CLIFFDALE RD",40001410,"OLD BUNCE RD"
1954,764,"None - Rural Crash","Guilford","Piedmont","Residential","Mixed (30% To 70% Developed)","SR 1546","Rural","40 - 45  MPH","No Control Present","Clear","No",NA,"70+",NA,"No","With Traffic","B: Evident Injury","Travel Lane","White","Male",17,"0-19",NA,"No","41-45 mph","O: No Injury","Asian","Male","Passenger Car","No","24NOV2014","Monday","Motorist Right Turn / Merge",15,"Intersection","November","B: Evident Injury",57540,"Motorist Right Turn - Same Direction",2014,"Yes","No","Daylight","Straight - Level","State Secondary Route","Dry","Two-Way, Divided, Unprotected Median","None","T-Intersection","Smooth Asphalt",0,1,0,0,0,1,0,"4 lanes",2,0,"OLDE SALEM DR",40001546,"1424"
1955,766,"None - Rural Crash","Pitt","Coastal","Farms, Woods, Pastures","Rural (<30% Developed)","US 264","Rural","50 - 55  MPH","No Control Present","Clear","No",17,"16-19",NA,"No","With Traffic","C: Possible Injury","Travel Lane","Black","Male",27,"25-29",NA,"No","51-55 mph","O: No Injury","Black","Female","Passenger Car","No","17NOV2014","Monday","Motorist Overtaking Bicyclist",18,"Non-Intersection","November","C: Possible Injury",65400,"Motorist Overtaking - Undetected Bicyclist",2014,"Yes","No","Dark - Roadway Not Lighted","Straight - Level","US Route","Dry","Two-Way, Divided, Unprotected Median","None","No Special Feature","Smooth Asphalt",0,0,1,0,0,1,0,"3 lanes",2,2.3,"30",20000264,"1565"
1956,767,"Smithfield","Johnston","Coastal","Commercial","Urban (>70% Developed)","US 301","Urban","50 - 55  MPH","No Control Present","Clear","No",56,"50-59",NA,"No","With Traffic","B: Evident Injury","Travel Lane","Black","Male",37,"30-39",NA,"No","51-55 mph","O: No Injury","White","Female","Passenger Car","No","05DEC2014","Friday","Loss of Control / Turning Error",4,"Intersection","December","B: Evident Injury",15480,"Motorist Lost Control - Alcohol / Drug Impairment",2014,"No","No","Dark - Lighted Roadway","Straight - Level","US Route","Dry","Two-Way, Not Divided","None","No Special Feature","Coarse Asphalt",0,1,0,0,0,1,0,"5 lanes",2,0,"HANCOCK ST",20000301,"CASWELL ST"
1957,770,"Wilmington","New Hanover","Coastal","Residential","Urban (>70% Developed)","WOOSTER ST","Urban","30 - 35  MPH","No Control Present","Clear","No",13,"11-15",NA,"No","Facing Traffic","B: Evident Injury","Travel Lane","Black","Male",27,"25-29",NA,"No","16-20 mph","O: No Injury","White","Female","Sport Utility","No","25NOV2014","Tuesday","Bicyclist Failed to Yield - Signalized Intersection",16,"Intersection","November","B: Evident Injury",61080,"Bicyclist Ride Through - Signalized Intersection",2014,"Yes","No","Dark - Lighted Roadway","Straight - Level","Local Street","Dry","One-Way, Not Divided","None","Four-Way Intersection","Coarse Asphalt",0,1,0,0,0,1,0,"3 lanes",2,0,"S 13TH ST",20600076,"S 12TH ST"
1958,774,"Lumberton","Robeson","Coastal","Commercial","Urban (>70% Developed)","CEDAR ST","Urban","30 - 35  MPH","Stop Sign","Clear","No",18,"16-19",NA,"No",NA,"O: No Injury","Travel Lane","Black","Male",62,"60-69",NA,"No","21-25 mph","O: No Injury","White","Male","Pickup","No","22NOV2014","Saturday","Loss of Control / Turning Error",12,"Intersection","November","O: No Injury",45120,"Bicyclist Lost Control - Mechanical Problems",2014,"Yes","No","Daylight","Straight - Level","Local Street","Dry","Two-Way, Not Divided","None","Four-Way Intersection","Coarse Asphalt",0,0,0,0,1,1,0,"2 lanes",2,0,"EAST SEVENTH ST",40002007,"EAST 6TH ST"
1959,783,"Wilmington","New Hanover","Coastal","Residential","Urban (>70% Developed)","MARKET ST","Urban","30 - 35  MPH","No Control Present","Clear","No",19,"16-19",NA,"No","Not Applicable","C: Possible Injury","Non-Roadway","White","Male",25,"25-29",NA,"No","31-35 mph","O: No Injury","Black","Female","Passenger Car","No","26NOV2014","Wednesday","Bicyclist Failed to Yield - Midblock",15,"Non-Intersection","November","C: Possible Injury",56820,"Bicyclist Ride Out - Commercial Driveway / Alley",2014,"No","No","Daylight","Straight - Level","Local Street","Dry","Two-Way, Not Divided","None","No Special Feature","Smooth Asphalt",0,0,1,0,0,1,0,"4 lanes",2,0.006,"KENWOOD AVE",29000017,"N 23RD ST"
1960,791,"Red Springs","Robeson","Coastal","Residential","Urban (>70% Developed)","HUBERT MCLEAN RD","Rural","30 - 35  MPH","No Control Present","Clear","No",30,"30-39",NA,"No","With Traffic","Unknown Injury","Travel Lane","Black","Male",NA,NA,NA,"Missing","31-35 mph","Unknown Injury","Unknown/Missing",NA,"Passenger Car","No","01DEC2014","Monday","Motorist Overtaking Bicyclist",18,"Non-Intersection","December","Unknown Injury",65160,"Motorist Overtaking - Other / Unknown",2014,"No","Yes","Dark - Roadway Not Lighted","Straight - Level","Local Street","Dry","Two-Way, Not Divided",NA,"No Special Feature","Coarse Asphalt",0,0,0,0,0,1,1,"2 lanes",2,0.038,"SOUTH MAIN ST",30000072,"RICHARDSON ST"
1961,795,"Raleigh","Wake","Piedmont","Commercial","Urban (>70% Developed)","E HARGETT ST","Urban","30 - 35  MPH","Stop And Go Signal","Clear","No",44,"40-49",NA,"No","Facing Traffic","B: Evident Injury","Sidewalk / Crosswalk / Driveway Crossing","Hispanic","Male",NA,"70+",NA,"No","16-20 mph","O: No Injury","Asian","Male","Passenger Car","No","16DEC2014","Tuesday","Motorist Left Turn / Merge",7,"Intersection","December","B: Evident Injury",25800,"Motorist Left Turn - Opposite Direction",2014,"Yes","No","Dark - Lighted Roadway","Straight - Level","Local Street","Dry","Two-Way, Not Divided","None","Four-Way Intersection","Smooth Asphalt",0,1,0,0,0,1,0,"2 lanes",2,0.001,"S BLOUNT ST",50013157,"S PERSON AT"
1962,796,"Wilmington",NA,"Coastal","Residential","Urban (>70% Developed)","CASTLE ST","Urban","30 - 35  MPH","Stop And Go Signal","Cloudy","No",27,"25-29",NA,"No","Facing Traffic","B: Evident Injury","Sidewalk / Crosswalk / Driveway Crossing","White","Male",33,"30-39",NA,"No","0-5 mph","O: No Injury","White","Female","Passenger Car","No","06DEC2014","Saturday","Motorist Failed to Yield - Signalized Intersection",7,"Intersection","December","B: Evident Injury",27060,"Motorist Drive Out - Signalized Intersection",2014,"Yes","No","Daylight","Straight - Level","Local Street","Wet","Two-Way, Not Divided","None","No Special Feature","Smooth Asphalt",0,1,0,0,0,1,0,"3 lanes",2,0.066,"S 4TH ST",50005296,"S 3RD ST"
1963,798,"Wilmington","New Hanover","Coastal","Institutional","Urban (>70% Developed)","WALTON DR","Urban","20 - 25  MPH","No Control Present","Clear","No",19,"16-19",NA,"No","With Traffic","C: Possible Injury","Sidewalk / Crosswalk / Driveway Crossing","White","Male",NA,NA,NA,"Missing","16-20 mph","Unknown Injury","Unknown/Missing",NA,NA,"No","05SEP2014","Friday","Motorist Left Turn / Merge",9,"Intersection","September","C: Possible Injury",35400,"Motorist Left Turn - Opposite Direction",2014,"No","Yes","Daylight","Straight - Level","Local Street","Dry","Two-Way, Not Divided","None","T-Intersection","Smooth Asphalt",0,0,1,0,0,1,0,"2 lanes",2,0,"REIGEL RD",0,"LIONFISH DR"
1964,802,"None - Rural Crash","Cumberland","Coastal","Residential","Rural (<30% Developed)","SR 2226","Rural","50 - 55  MPH","Double Yellow Line, No Passing Zone","Rain","No",54,"50-59",NA,"Yes-Alcohol,  impairment suspected","With Traffic","C: Possible Injury","Travel Lane","Native American","Male",57,"50-59",NA,"No","11-15 mph","Unknown Injury","White","Male","Passenger Car","Yes","24DEC2014","Wednesday","Motorist Overtaking Bicyclist",14,"Non-Intersection","December","C: Possible Injury",51420,"Motorist Overtaking - Bicyclist Swerved",2014,"Yes","No","Daylight","Straight - Level","State Secondary Route","Wet","Two-Way, Not Divided","None","No Special Feature","Coarse Asphalt",0,0,1,0,0,1,0,"2 lanes",2,0.1,"2225",40002226,"2023"
1965,803,"None - Rural Crash","Columbus","Coastal","Residential","Rural (<30% Developed)","PP NORRIS RES","Rural",NA,"No Control Present","Clear","No",11,"11-15",NA,"No","Not Applicable","B: Evident Injury","Non-Roadway","White","Male",32,"30-39",NA,"No","16-20 mph","O: No Injury","White","Female","Passenger Car","No","18DEC2014","Thursday","Non-Roadway",17,"Non-Roadway","December","B: Evident Injury",61200,"Non-Roadway",2014,"Yes","No","Daylight","Straight - Level","Private Road, Driveway","Dry","Two-Way, Not Divided","None","Driveway, Private","Sand",0,1,0,0,0,1,0,NA,2,0.038,"904",0,NA
1966,806,"None - Rural Crash","New Hanover","Coastal","Commercial","Urban (>70% Developed)","US 421","Rural","40 - 45  MPH","No Control Present","Cloudy","No",21,"20-24",NA,"No","With Traffic","B: Evident Injury","Travel Lane","White","Male",24,"20-24",NA,"No","31-35 mph","O: No Injury","Black","Female","Passenger Car","No","23DEC2014","Tuesday","Motorist Overtaking Bicyclist",13,"Non-Intersection","December","B: Evident Injury",47880,"Motorist Overtaking - Bicyclist Swerved",2014,"No","No","Daylight","Straight - Level","US Route","Dry","Two-Way, Divided, Unprotected Median","None","Related To Intersection","Coarse Asphalt",0,1,0,0,0,1,0,"4 lanes",2,0.25,"1197",20000421,"1247"