"...1","object_id","city","county","region","development","locality","on_road","rural_urban","speed_limit","traffic_control","weather","workzone","bike_age","bike_age_group","bike_alcohol","bike_alcohol_drugs","bike_direction","bike_injury","bike_position","bike_race","bike_sex","driver_age","driver_age_group","driver_alcohol","driver_alcohol_drugs","driver_est_speed","driver_injury","driver_race","driver_sex","driver_vehicle_type","crash_alcohol","crash_date","crash_day","crash_group","crash_hour","crash_location","crash_month","crash_severity","crash_time","crash_type","crash_year","ambulance_req","hit_run","light_condition","road_character","road_class","road_condition","road_configuration","road_defects","road_feature","road_surface","num_bikes_ai","num_bikes_bi","num_bikes_ci","num_bikes_ki","num_bikes_no","num_bikes_to","num_bikes_ui","num_lanes","num_units","distance_mi_from","frm_road","rte_invd_cd","towrd_road"
1967,807,"New Bern","Craven","Coastal","Commercial","Urban (>70% Developed)","HOTEL DR","Urban","30 - 35  MPH","Stop Sign","Clear","No",17,"16-19",NA,"No","Facing Traffic","C: Possible Injury","Travel Lane","Black","Male",NA,NA,NA,"Missing","0-5 mph","Unknown Injury","Unknown/Missing",NA,NA,"No","31DEC2014","Wednesday","Motorist Failed to Yield - Sign-Controlled Intersection",12,"Intersection","December","C: Possible Injury",44700,"Motorist Drive Out - Sign-Controlled Intersection",2014,"No","Yes","Daylight","Straight - Level","Local Street","Dry","Two-Way, Not Divided","None","T-Intersection","Smooth Asphalt",0,0,1,0,0,1,0,"3 lanes",2,0.38,"M L KING JR BLVD",0,"TRENT RD"
1968,810,"None - Rural Crash","Gaston","Piedmont","Farms, Woods, Pastures","Rural (<30% Developed)","SR 1902","Rural","40 - 45  MPH","Double Yellow Line, No Passing Zone","Clear","No",16,"16-19",NA,"No","Facing Traffic","K: Killed","Travel Lane","White","Male",16,"0-19",NA,"No","36-40 mph","O: No Injury","White","Female","Sport Utility","No","18DEC2014","Thursday","Head-On",19,"Non-Intersection","December","K: Killed",71640,"Head-On - Bicyclist",2014,"Yes","No","Dark - Roadway Not Lighted","Straight - Level","State Secondary Route","Dry","Two-Way, Not Divided","None","No Special Feature","Smooth Asphalt",0,0,0,1,0,1,0,"2 lanes",2,0.2,"27",40001902,"1904"
1969,827,"None - Rural Crash","Cleveland","Mountains","Farms, Woods, Pastures","Mixed (30% To 70% Developed)","SR 1161","Rural","40 - 45  MPH","Double Yellow Line, No Passing Zone","Clear","No",23,"20-24",NA,"No","With Traffic","C: Possible Injury","Travel Lane","White","Male",NA,NA,NA,"Missing","41-45 mph","Unknown Injury","Unknown/Missing",NA,NA,"No","04NOV2014","Tuesday","Motorist Overtaking Bicyclist",20,"Non-Intersection","November","C: Possible Injury",72000,"Motorist Overtaking - Other / Unknown",2014,"No","Yes","Dark - Roadway Not Lighted","Curve - Hillcrest","State Secondary Route","Dry","Two-Way, Not Divided","None","No Special Feature","Smooth Asphalt",0,0,1,0,0,1,0,"2 lanes",2,0.3,"74",40001161,"2340"
1970,828,"Wilmington","New Hanover","Coastal","Residential","Urban (>70% Developed)","BARCLAY HILLS DR","Urban","30 - 35  MPH","Stop Sign","Clear","No",30,"30-39",NA,"No","With Traffic","O: No Injury","Bike Lane / Paved Shoulder","White","Female",NA,NA,NA,"Missing","16-20 mph","Unknown Injury","Unknown/Missing",NA,NA,"No","26DEC2014","Friday","Motorist Right Turn / Merge",13,"Intersection","December","O: No Injury",49260,"Motorist Right Turn - Same Direction",2014,"No","Yes","Daylight","Straight - Level","Local Street","Dry","Two-Way, Not Divided","None","Four-Way Intersection","Smooth Asphalt",0,0,0,0,1,1,0,"5 lanes",2,0,"PRINCESS PL DR",40002251,"BARCLAY HILLS DR"
1971,833,"Garner","Wake","Piedmont","Residential","Urban (>70% Developed)","CORWIN RD","Urban","20 - 25  MPH","No Control Present","Clear","No",14,"11-15",NA,"No","With Traffic","C: Possible Injury","Travel Lane","Hispanic","Male",NA,NA,NA,NA,"21-25 mph","Unknown Injury","Unknown/Missing",NA,"Passenger Car","No","30OCT2014","Thursday","Head-On",16,"Non-Intersection","October","C: Possible Injury",59400,"Head-On - Motorist",2014,"Yes","Yes","Daylight","Straight - Level","Local Street","Dry","Two-Way, Not Divided","None","No Special Feature","Coarse Asphalt",0,0,1,0,0,1,0,"2 lanes",2,0.1,"CRANSTON RD",0,"MEADOWBROOK DR"
1972,834,"Burlington","Alamance","Piedmont","Commercial","Urban (>70% Developed)","87","Urban","30 - 35  MPH","Stop Sign","Clear","No",57,"50-59",NA,"Yes-Alcohol and Drugs, no impairment detected","Facing Traffic","C: Possible Injury","Travel Lane","Black","Male",31,"30-39",NA,"No","0-5 mph","O: No Injury","Black","Female","Passenger Car","Yes","12JUN2014","Thursday","Motorist Failed to Yield - Sign-Controlled Intersection",12,"Intersection","June","C: Possible Injury",44580,"Motorist Drive Out - Sign-Controlled Intersection",2014,"Yes","No","Daylight","Straight - Bottom","NC Route","Dry","Two-Way, Not Divided","None","T-Intersection","Coarse Asphalt",0,0,1,0,0,1,0,"4 lanes",2,0,"BOONE ST",30000087,"ALBANY ST"
1973,839,"Jamestown","Guilford","Piedmont","Commercial","Urban (>70% Developed)","SR 4121","Rural","30 - 35  MPH","Double Yellow Line, No Passing Zone","Clear","No",57,"50-59",NA,"No","With Traffic","B: Evident Injury","Travel Lane","White","Male",33,"30-39",NA,"No","21-25 mph","O: No Injury","White","Male","Passenger Car","No","15OCT2014","Wednesday","Motorist Right Turn / Merge",17,"Non-Intersection","October","B: Evident Injury",64080,"Motorist Right Turn - Same Direction",2014,"Yes","No","Daylight","Straight - Grade","State Secondary Route","Dry","Two-Way, Not Divided","None","Driveway, Public","Smooth Asphalt",0,1,0,0,0,1,0,"3 lanes",2,0.039,"GANAWAY ST",40004121,"1144"
1974,848,"Chapel Hill","Orange","Piedmont","Institutional","Urban (>70% Developed)","S COLUMBIA ST","Urban","20 - 25  MPH","No Control Present","Clear","No",24,"20-24",NA,"No","With Traffic","C: Possible Injury","Travel Lane","Black","Male",29,"25-29",NA,"No",NA,"O: No Injury","White","Male","Sport Utility","No","17APR2014","Thursday","Bicyclist Overtaking Motorist",18,"Non-Intersection","April","C: Possible Injury",66120,"Bicyclist Overtaking - Extended Door",2014,"No","No","Daylight","Straight - Level","Local Street","Dry",NA,"None","No Special Feature","Smooth Asphalt",0,0,1,0,0,1,0,"3 lanes",2,0.076,"MANNING DR",30000086,"SOUTH RD"
1975,849,"Chapel Hill","Orange","Piedmont","Institutional","Urban (>70% Developed)","RALEIGH ST","Urban","20 - 25  MPH","No Control Present","Cloudy","No",20,"20-24",NA,"No","With Traffic","C: Possible Injury","Travel Lane","White","Male",63,"60-69",NA,"No","0-5 mph","O: No Injury","White","Male","Sport Utility","No","04APR2014","Friday","Motorist Right Turn / Merge",11,"Non-Intersection","April","C: Possible Injury",43080,"Motorist Right Turn - Same Direction",2014,"No","No","Daylight","Straight - Level","Local Street","Dry","Two-Way, Divided, Unprotected Median","None","No Special Feature","Smooth Asphalt",0,0,1,0,0,1,0,"2 lanes",2,0.084,"CAMRON AVE",50025238,"SOUTH RD"
1976,851,"None - Rural Crash","Gaston","Piedmont","Farms, Woods, Pastures","Rural (<30% Developed)","SR 2000","Rural","40 - 45  MPH","Double Yellow Line, No Passing Zone","Clear","No",16,"16-19","No",NA,"With Traffic","B: Evident Injury","Travel Lane","White","Male",31,"30-39","No",NA,"41-45 mph","O: No Injury","White","Male","Pickup","No","02JAN2013","Wednesday","Motorist Overtaking Bicyclist",20,"Non-Intersection","January","B: Evident Injury",74100,"Motorist Overtaking - Undetected Bicyclist",2013,"No","No","Dark - Roadway Not Lighted","Straight - Level","State Secondary Route","Dry","Two-Way, Not Divided","None","No Special Feature","Smooth Asphalt",0,0,0,0,0,0,0,"2 lanes",2,0,NA,0,NA
1977,863,"None - Rural Crash","Union","Piedmont","Farms, Woods, Pastures","Rural (<30% Developed)","SR 1514","Rural","50 - 55  MPH","Double Yellow Line, No Passing Zone","Clear","No",NA,"70+","No",NA,"With Traffic","C: Possible Injury","Travel Lane","White","Male",NA,NA,"Missing",NA,"41-45 mph","Unknown Injury","Unknown/Missing",NA,"Passenger Car","No","12JAN2013","Saturday","Motorist Overtaking Bicyclist",13,"Non-Intersection","January","C: Possible Injury",47700,"Motorist Overtaking - Other / Unknown",2013,"Yes","Yes","Daylight","Straight - Grade","State Secondary Route","Dry","Two-Way, Not Divided","None","No Special Feature","Smooth Asphalt",0,0,0,0,0,0,0,"2 lanes",2,0,NA,0,NA
1978,867,"Lumberton","Robeson","Coastal","Commercial","Urban (>70% Developed)","US 301","Urban","40 - 45  MPH","No Control Present","Cloudy","No",65,"60-69","No",NA,"With Traffic","B: Evident Injury","Travel Lane","White","Male",NA,NA,"No",NA,"41-45 mph","Unknown Injury","Unknown/Missing",NA,"Light Truck (Mini-Van, Panel)","No","18JAN2013","Friday","Motorist Overtaking Bicyclist",6,"Non-Intersection","January","B: Evident Injury",23400,"Motorist Overtaking - Other / Unknown",2013,"No","Yes","Dawn","Straight - Level","US Route","Wet","Two-Way, Not Divided","None","No Special Feature","Coarse Asphalt",0,0,0,0,0,0,0,"4 lanes",2,0,NA,0,NA
1979,869,"None - Rural Crash","Orange","Piedmont","Farms, Woods, Pastures","Rural (<30% Developed)","SR 1709","Rural","40 - 45  MPH","Double Yellow Line, No Passing Zone","Clear","No",61,"60-69","No",NA,"With Traffic","B: Evident Injury","Travel Lane","White","Male",17,"0-19","No",NA,"31-35 mph","O: No Injury","Hispanic","Female","Passenger Car","No","20JAN2013","Sunday","Motorist Right Turn / Merge",16,"Intersection","January","B: Evident Injury",60000,"Motorist Right Turn - Same Direction",2013,"Yes","No","Daylight","Straight - Grade","State Secondary Route","Dry","Two-Way, Not Divided","None","T-Intersection","Smooth Asphalt",0,0,0,0,0,0,0,"2 lanes",2,0,NA,0,NA
1980,879,"Greenville","Pitt","Coastal","Commercial","Rural (<30% Developed)","COLLEGE HILL DR","Urban","20 - 25  MPH","Stop And Go Signal","Clear","No",22,"20-24","No",NA,"With Traffic","C: Possible Injury","Travel Lane","White","Male",NA,NA,"Missing",NA,"0-5 mph","Unknown Injury","Unknown/Missing",NA,"Passenger Car","No","29JAN2013","Tuesday","Motorist Right Turn / Merge",13,"Intersection","January","C: Possible Injury",49980,"Motorist Right Turn - Same Direction",2013,"No","Yes","Daylight","Straight - Level","Local Street","Dry","Two-Way, Not Divided","None","Four-Way Intersection","Coarse Asphalt",0,0,0,0,0,0,0,"3 lanes",2,0,NA,0,NA
1981,889,"Wilmington","New Hanover","Coastal","Commercial","Urban (>70% Developed)","PVA MILITARY CUTOFF RD","Urban",NA,"No Control Present","Clear","No",22,"20-24","No",NA,"Not Applicable","B: Evident Injury","Non-Roadway","White","Male",19,"0-19","No",NA,"6-10 mph","O: No Injury","White","Male","Sport Utility","No","22JAN2013","Tuesday","Non-Roadway",16,"Non-Roadway","January","B: Evident Injury",59040,"Non-Roadway",2013,"Yes","No","Daylight","Straight - Level","Public Vehicular Area","Dry","Two-Way, Not Divided","None","Driveway, Public","Coarse Asphalt",0,0,0,0,0,0,0,NA,2,0,NA,0,NA
1982,891,"None - Rural Crash","Henderson","Mountains","Residential","Mixed (30% To 70% Developed)","SR 1539","Rural","40 - 45  MPH","Double Yellow Line, No Passing Zone","Clear","No",60,"60-69","No",NA,"With Traffic","B: Evident Injury","Travel Lane","White","Male",NA,"70+","No",NA,"31-35 mph","O: No Injury","White","Female","Passenger Car","No","06FEB2013","Wednesday","Bicyclist Overtaking Motorist",16,"Non-Intersection","February","B: Evident Injury",57900,"Bicyclist Overtaking - Other / Unknown",2013,"Yes","No","Daylight","Straight - Grade","State Secondary Route","Dry","Two-Way, Not Divided","None","No Special Feature","Smooth Asphalt",0,0,0,0,0,0,0,"2 lanes",2,0,NA,0,NA
1983,895,"None - Rural Crash","New Hanover","Coastal","Residential","Urban (>70% Developed)","US 117","Rural","40 - 45  MPH","Double Yellow Line, No Passing Zone","Clear","No",55,"50-59","No",NA,"With Traffic","B: Evident Injury","Travel Lane","White","Male",21,"20-24","No",NA,"41-45 mph","O: No Injury","Asian","Male","Passenger Car","No","16FEB2013","Saturday","Bicyclist Right Turn / Merge",13,"Intersection-Related","February","B: Evident Injury",47640,"Bicyclist Right Turn - Same Direction",2013,"No","No","Daylight","Straight - Level","US Route","Dry","Two-Way, Divided, Unprotected Median","None","No Special Feature","Smooth Asphalt",0,0,0,0,0,0,0,"6 lanes",2,0,NA,0,NA
1984,903,"Greensboro","Guilford","Piedmont","Commercial","Urban (>70% Developed)","E BESSEMER AV","Urban","30 - 35  MPH","No Control Present","Clear","No",21,"20-24","No",NA,"With Traffic","C: Possible Injury","Travel Lane","White","Male",NA,"70+","No",NA,"11-15 mph","O: No Injury","Black","Female","Sport Utility","No","15FEB2013","Friday","Motorist Left Turn / Merge",14,"Intersection-Related","February","C: Possible Injury",51900,"Motorist Left Turn - Opposite Direction",2013,"Yes","No","Daylight","Straight - Level","Local Street","Dry","Two-Way, Not Divided","None","Driveway, Public","Smooth Asphalt",0,0,0,0,0,0,0,"5 lanes",2,0,NA,0,NA
1985,908,"Raleigh","Wake","Piedmont","Commercial","Urban (>70% Developed)","FALLS OF NEUSE RD","Urban","40 - 45  MPH","Stop And Go Signal","Clear","No",55,"50-59","No",NA,"With Traffic","O: No Injury","Travel Lane","White","Male",27,"25-29","No",NA,"6-10 mph","O: No Injury","Black","Male","Passenger Car","No","20FEB2013","Wednesday","Motorist Left Turn / Merge",18,"Intersection","February","O: No Injury",67320,"Motorist Left Turn - Opposite Direction",2013,"No","Yes","Dark - Lighted Roadway","Straight - Level","Local Street","Dry","Two-Way, Not Divided","None","T-Intersection","Smooth Asphalt",0,0,0,0,0,0,0,"9 or more lanes",2,0,NA,0,NA
1986,911,"Arapahoe","Pamlico","Coastal","Farms, Woods, Pastures","Rural (<30% Developed)","NC 306","Rural","30 - 35  MPH","Double Yellow Line, No Passing Zone","Clear","No",16,"16-19","No",NA,"With Traffic","C: Possible Injury","Travel Lane","White","Male",16,"0-19","No",NA,"31-35 mph","O: No Injury","White","Male","Sport Utility","No","18FEB2013","Monday","Motorist Overtaking Bicyclist",19,"Non-Intersection","February","C: Possible Injury",69180,"Motorist Overtaking - Bicyclist Swerved",2013,"Yes","No","Dark - Roadway Not Lighted","Straight - Level","NC Route","Dry","Two-Way, Not Divided","None","No Special Feature","Smooth Asphalt",0,0,0,0,0,0,0,"2 lanes",2,0,NA,0,NA
1987,913,"Fayetteville","Cumberland","Coastal","Commercial","Urban (>70% Developed)","HAY ST","Urban","30 - 35  MPH","Double Yellow Line, No Passing Zone","Clear","No",21,"20-24","No",NA,"With Traffic","C: Possible Injury","Sidewalk / Crosswalk / Driveway Crossing","White","Male",NA,NA,"No",NA,"26-30 mph","Unknown Injury","Unknown/Missing",NA,NA,"No","12FEB2013","Tuesday","Parallel Paths - Other Circumstances",17,"Intersection","February","C: Possible Injury",61320,"Bicyclist Ride Out - Parallel Path",2013,"No","Yes","Daylight","Straight - Hillcrest","Local Street","Dry","Two-Way, Divided, Unprotected Median","None","No Special Feature","Coarse Asphalt",0,0,0,0,0,0,0,"4 lanes",2,0,NA,0,NA
1988,915,"Raleigh","Wake","Piedmont","Commercial","Urban (>70% Developed)","FAYETTEVILLE ST","Urban","20 - 25  MPH","Stop And Go Signal","Clear","No",33,"30-39","No",NA,"With Traffic","C: Possible Injury","Sidewalk / Crosswalk / Driveway Crossing","White","Female",40,"40-49","No",NA,"6-10 mph","O: No Injury","Black","Male","Passenger Car","No","23FEB2013","Saturday","Motorist Right Turn / Merge",19,"Intersection","February","C: Possible Injury",70500,"Motorist Right Turn - Same Direction",2013,"No","Yes","Dark - Lighted Roadway","Straight - Level","Local Street","Dry","Two-Way, Not Divided","None","No Special Feature","Smooth Asphalt",0,0,0,0,0,0,0,"2 lanes",2,0,NA,0,NA
1989,916,"New Bern","Craven","Coastal","Institutional","Urban (>70% Developed)","EDUCATIONAL DR","Urban",NA,"No Control Present","Clear","No",31,"30-39","No",NA,"Not Applicable","C: Possible Injury","Non-Roadway","Black","Male",29,"25-29","Missing",NA,NA,"O: No Injury","White","Female","Van","No","15FEB2013","Friday","Non-Roadway",11,"Non-Roadway","February","C: Possible Injury",42300,"Non-Roadway",2013,"No","No","Daylight","Straight - Level","Public Vehicular Area","Dry","Two-Way, Not Divided","None","No Special Feature","Smooth Asphalt",0,0,0,0,0,0,0,"2 lanes",2,0,NA,0,NA
1990,924,"Greensboro","Guilford","Piedmont","Commercial","Urban (>70% Developed)","VAN WERT","Urban","30 - 35  MPH","Stop Sign","Cloudy","No",20,"20-24","No",NA,"With Traffic","C: Possible Injury","Sidewalk / Crosswalk / Driveway Crossing","White","Male",68,"60-69","No",NA,"0-5 mph","O: No Injury","Black","Female","Van","No","25FEB2013","Monday","Motorist Left Turn / Merge",18,"Intersection","February","C: Possible Injury",67920,"Motorist Left Turn - Same Direction",2013,"Yes","No","Dark - Lighted Roadway","Straight - Grade","Local Street","Dry","Two-Way, Not Divided","None","T-Intersection","Coarse Asphalt",0,0,0,0,0,0,0,"2 lanes",2,0,NA,0,NA
1991,926,"Huntersville","Mecklenburg","Piedmont","Residential","Rural (<30% Developed)","NC 73","Urban","40 - 45  MPH","No Control Present","Clear","No",67,"60-69","No",NA,"With Traffic","B: Evident Injury","Travel Lane","Black","Male",25,"25-29","Yes",NA,"46-50 mph","O: No Injury","White","Male","Pickup","Yes","24FEB2013","Sunday","Motorist Overtaking Bicyclist",14,"Non-Intersection","February","B: Evident Injury",51840,"Motorist Overtaking - Other / Unknown",2013,"Yes","Yes","Daylight","Straight - Level","NC Route","Dry","Two-Way, Not Divided","None","No Special Feature","Smooth Asphalt",0,0,0,0,0,0,0,"2 lanes",2,0,NA,0,NA
1992,930,"Raleigh","Wake","Piedmont","Commercial","Urban (>70% Developed)","CAPITAL BLVD","Urban","5 - 15 MPH","No Control Present","Clear","No",60,"60-69","No",NA,"Facing Traffic","C: Possible Injury","Travel Lane","Other","Male",25,"25-29","No",NA,"0-5 mph","O: No Injury","Black","Female","Passenger Car","No","04MAR2013","Monday","Motorist Failed to Yield - Midblock",17,"Non-Intersection","March","C: Possible Injury",64020,"Motorist Drive Out - Commercial Driveway / Alley",2013,"No","No","Daylight","Straight - Level","Local Street","Dry","Two-Way, Divided, Positive Median Barrier","None","Other","Concrete",0,0,0,0,0,0,0,"6 lanes",2,0,NA,0,NA
1993,943,"Greenville","Pitt","Coastal","Commercial","Urban (>70% Developed)","ARLINGTON BLVD","Urban","30 - 35  MPH","No Control Present","Clear","No",31,"30-39","No",NA,"With Traffic","C: Possible Injury","Travel Lane","Other","Male",46,"40-49","No",NA,"0-5 mph","O: No Injury","Black","Female","Passenger Car","No","07MAR2013","Thursday","Bicyclist Overtaking Motorist",16,"Non-Intersection","March","C: Possible Injury",59040,"Bicyclist Overtaking - Other / Unknown",2013,"No","No","Daylight","Straight - Level","Local Street","Dry","Two-Way, Divided, Positive Median Barrier","None","No Special Feature","Coarse Asphalt",0,0,0,0,0,0,0,"4 lanes",3,0,NA,0,NA
1994,944,"Raleigh","Wake","Piedmont","Residential","Urban (>70% Developed)","NEW LEESVILLE RD","Urban","40 - 45  MPH","No Control Present","Clear","No",48,"40-49","No",NA,"With Traffic","C: Possible Injury","Travel Lane","White","Male",49,"40-49","No",NA,"26-30 mph","O: No Injury","Other","Female","Passenger Car","No","09MAR2013","Saturday","Motorist Overtaking Bicyclist",14,"Non-Intersection","March","C: Possible Injury",53520,"Motorist Overtaking - Other / Unknown",2013,"Yes","No","Daylight","Straight - Level","Local Street","Dry","Two-Way, Divided, Unprotected Median","None","No Special Feature","Smooth Asphalt",0,0,0,0,0,0,0,"2 lanes",2,0,NA,0,NA
1995,945,"Lumberton","Robeson","Coastal","Commercial","Urban (>70% Developed)","ROBERTS AVE","Urban","40 - 45  MPH","Stop And Go Signal","Cloudy","No",47,"40-49","No",NA,"Facing Traffic","C: Possible Injury","Travel Lane","Black","Male",NA,"70+","No",NA,"16-20 mph","O: No Injury","White","Male","Passenger Car","No","13MAR2013","Wednesday","Bicyclist Failed to Yield - Signalized Intersection",20,"Intersection","March","C: Possible Injury",72120,"Bicyclist Ride Out - Signalized  Intersection",2013,"No","No","Dawn","Straight - Level","Local Street","Dry","Two-Way, Not Divided","None","Four-Way Intersection","Coarse Asphalt",0,0,0,0,0,0,0,"5 lanes",2,0,NA,0,NA
1996,954,"Kannapolis","Cabarrus","Piedmont","Commercial","Urban (>70% Developed)","BARNETT ST","Urban","30 - 35  MPH","Stop Sign","Clear","No",43,"40-49","No",NA,"With Traffic","C: Possible Injury","Travel Lane","White","Male",63,"60-69","No",NA,"0-5 mph","O: No Injury","Black","Male","Passenger Car","No","04MAR2013","Monday","Motorist Failed to Yield - Sign-Controlled Intersection",15,"Intersection","March","C: Possible Injury",54480,"Motorist Drive Out - Sign-Controlled Intersection",2013,"Yes","No","Daylight","Straight - Level","Local Street","Dry","Two-Way, Not Divided","None","T-Intersection","Smooth Asphalt",0,0,0,0,0,0,0,"2 lanes",2,0,NA,0,NA
1997,956,"Chapel Hill","Orange","Piedmont","Residential","Urban (>70% Developed)","W BARBEE CHAPEL RD","Urban","30 - 35  MPH","Stop And Go Signal","Cloudy","No",64,"60-69","No",NA,"Facing Traffic","C: Possible Injury","Sidewalk / Crosswalk / Driveway Crossing","Black","Male",60,"60-69","No",NA,"6-10 mph","O: No Injury","White","Female","Passenger Car","No","06MAR2013","Wednesday","Motorist Failed to Yield - Signalized Intersection",10,"Intersection","March","C: Possible Injury",37680,"Motorist Drive Out - Right Turn on Red",2013,"No","No","Daylight","Straight - Level","Local Street","Dry","Two-Way, Not Divided","None","No Special Feature","Smooth Asphalt",0,0,0,0,0,0,0,"3 lanes",2,0,NA,0,NA
1998,963,"Asheboro","Randolph","Piedmont","Commercial","Urban (>70% Developed)","US 220","Urban",NA,"No Control Present","Clear","No",13,"11-15","No",NA,"With Traffic","C: Possible Injury","Travel Lane","Hispanic","Male",42,"40-49","No",NA,NA,"O: No Injury","White","Female","Passenger Car","No","11MAR2013","Monday","Motorist Overtaking Bicyclist",19,"Intersection-Related","March","C: Possible Injury",68820,"Motorist Overtaking - Bicyclist Swerved",2013,"Yes","No","Dawn","Straight - Level","US Route","Dry","Two-Way, Divided, Unprotected Median","None","No Special Feature","Concrete",0,0,0,0,0,0,0,"3 lanes",2,0,NA,0,NA
1999,967,"None - Rural Crash","Randolph","Piedmont","Farms, Woods, Pastures","Rural (<30% Developed)","SR 1526","Rural","50 - 55  MPH","Double Yellow Line, No Passing Zone","Clear","No",54,"50-59","No",NA,"With Traffic","O: No Injury","Travel Lane","White","Male",68,"60-69","No",NA,"41-45 mph","O: No Injury","White","Male","Pickup","No","28MAR2013","Thursday","Motorist Overtaking Bicyclist",17,"Non-Intersection","March","O: No Injury",61680,"Motorist Overtaking - Other / Unknown",2013,"No","No","Daylight","Straight - Grade","State Secondary Route","Dry","Two-Way, Not Divided","None","Railroad Crossing","Coarse Asphalt",0,0,0,0,0,0,0,"2 lanes",2,0,NA,0,NA
2000,969,"Salisbury","Rowan","Piedmont","Residential","Urban (>70% Developed)","LINCOLNTON RD","Urban","30 - 35  MPH","No Control Present","Clear","No",12,"11-15","No",NA,"With Traffic","B: Evident Injury","Sidewalk / Crosswalk / Driveway Crossing","Black","Female",28,"25-29","No",NA,"31-35 mph","O: No Injury","White","Female","Passenger Car","No","29MAR2013","Friday","Parallel Paths - Other Circumstances",18,"Non-Intersection","March","B: Evident Injury",65880,"Bicyclist Ride Out - Parallel Path",2013,"Yes","No","Daylight","Straight - Level","Local Street","Dry","Two-Way, Divided, Unprotected Median","None","Driveway, Public","Smooth Asphalt",0,0,0,0,0,0,0,"2 lanes",2,0,NA,0,NA
2001,1745,"Winston-Salem","Forsyth","Piedmont","Commercial","Urban (>70% Developed)","STRATFORD RD","Urban","40 - 45  MPH","Double Yellow Line, No Passing Zone","Clear","No",51,"50-59","No",NA,"With Traffic","C: Possible Injury","Travel Lane","White","Male",22,"20-24","No",NA,"0-5 mph","O: No Injury","Hispanic","Male","Sport Utility","No","10SEP2013","Tuesday","Motorist Overtaking Bicyclist",22,"Intersection-Related","September","C: Possible Injury",81780,"Motorist Overtaking - Undetected Bicyclist",2013,"Yes","No","Dark - Lighted Roadway","Straight - Level","Local Street","Dry","Two-Way, Divided, Unprotected Median","None","No Special Feature","Smooth Asphalt",0,0,0,0,0,0,0,"4 lanes",2,0,NA,0,NA
2002,1728,"Wilmington","New Hanover","Coastal","Residential","Urban (>70% Developed)","WRIGHTSVILLE AVE","Urban","30 - 35  MPH","Stop And Go Signal","Clear","No",52,"50-59","Yes",NA,"Facing Traffic","B: Evident Injury","Travel Lane","White","Female",28,"25-29","No",NA,"26-30 mph","O: No Injury","Black","Male","Passenger Car","Yes","02DEC2013","Monday","Bicyclist Failed to Yield - Signalized Intersection",22,"Intersection","December","B: Evident Injury",82200,"Bicyclist Ride Through - Signalized Intersection",2013,"Yes","No","Dark - Lighted Roadway","Straight - Level","Local Street","Dry","Two-Way, Not Divided","None","Four-Way Intersection","Coarse Asphalt",0,0,0,0,0,0,0,"2 lanes",2,0,NA,0,NA
2003,1729,"Wilmington","New Hanover","Coastal","Farms, Woods, Pastures","Urban (>70% Developed)","MARKET ST","Urban","40 - 45  MPH","No Control Present","Clear","No",28,"25-29","No",NA,"With Traffic","A: Disabling Injury","Bike Lane / Paved Shoulder","Black","Male",62,"60-69","No",NA,"41-45 mph","O: No Injury","White","Female","Passenger Car","No","11DEC2013","Wednesday","Motorist Overtaking Bicyclist",18,"Non-Intersection","December","A: Disabling Injury",65880,"Motorist Overtaking - Other / Unknown",2013,"Yes","No","Dark - Lighted Roadway","Straight - Level","US Route","Dry","Two-Way, Not Divided","None","No Special Feature","Smooth Asphalt",0,0,0,0,0,0,0,"5 lanes",2,0,NA,0,NA
2004,1736,"Cary","Wake","Piedmont","Residential","Urban (>70% Developed)","MORRISVILLE PKWY","Urban","30 - 35  MPH","Stop And Go Signal","Clear","No",23,"20-24","No",NA,"With Traffic","O: No Injury","Sidewalk / Crosswalk / Driveway Crossing","Black","Male",44,"40-49","No",NA,"11-15 mph","O: No Injury","Asian","Female","Light Truck (Mini-Van, Panel)","No","13DEC2013","Friday","Motorist Left Turn / Merge",8,"Intersection","December","O: No Injury",29280,"Motorist Left Turn - Opposite Direction",2013,"Yes","No","Daylight","Straight - Level","Local Street","Dry","Two-Way, Divided, Unprotected Median","None","Four-Way Intersection","Smooth Asphalt",0,0,0,0,0,0,0,"8 lanes",2,0,NA,0,NA
2005,1721,"Raleigh","Wake","Piedmont","Commercial","Urban (>70% Developed)","US 401","Urban","30 - 35  MPH","Stop Sign","Clear","No",15,"11-15","No",NA,"Facing Traffic","C: Possible Injury","Bike Lane / Paved Shoulder","White","Male",50,"50-59","No",NA,"11-15 mph","O: No Injury","White","Male","Sport Utility","No","13NOV2013","Wednesday","Motorist Failed to Yield - Sign-Controlled Intersection",18,"Intersection","November","C: Possible Injury",67500,"Motorist Drive Out - Sign-Controlled Intersection",2013,"Yes","No","Dark - Roadway Not Lighted","Straight - Level","US Route","Dry","Two-Way, Not Divided","None","T-Intersection","Smooth Asphalt",0,0,0,0,0,0,0,"3 lanes",2,0,NA,0,NA
2006,1744,"Ayden","Pitt","Coastal","Farms, Woods, Pastures","Mixed (30% To 70% Developed)","NC 11","Rural","60 - 75 MPH","Stop Sign","Clear","No",69,"60-69","No",NA,"With Traffic","B: Evident Injury","Travel Lane","White","Male",30,"30-39","No",NA,"56-60 mph","B: Evident Injury","Black","Female","Passenger Car","No","21NOV2013","Thursday","Crossing Paths - Other Circumstances",17,"Intersection","November","B: Evident Injury",62100,"Sign-Controlled Intersection - Other / Unknown",2013,"Yes","No","Dark - Unknown Lighting","Straight - Level","NC Route","Dry","Two-Way, Divided, Unprotected Median","None","No Special Feature","Smooth Asphalt",0,0,0,0,0,0,0,"4 lanes",2,0,NA,0,NA