"...1","object_id","city","county","region","development","locality","on_road","rural_urban","speed_limit","traffic_control","weather","workzone","bike_age","bike_age_group","bike_alcohol","bike_alcohol_drugs","bike_direction","bike_injury","bike_position","bike_race","bike_sex","driver_age","driver_age_group","driver_alcohol","driver_alcohol_drugs","driver_est_speed","driver_injury","driver_race","driver_sex","driver_vehicle_type","crash_alcohol","crash_date","crash_day","crash_group","crash_hour","crash_location","crash_month","crash_severity","crash_time","crash_type","crash_year","ambulance_req","hit_run","light_condition","road_character","road_class","road_condition","road_configuration","road_defects","road_feature","road_surface","num_bikes_ai","num_bikes_bi","num_bikes_ci","num_bikes_ki","num_bikes_no","num_bikes_to","num_bikes_ui","num_lanes","num_units","distance_mi_from","frm_road","rte_invd_cd","towrd_road"
2007,1750,"Raleigh","Wake","Piedmont","Commercial","Urban (>70% Developed)",NA,"Urban","30 - 35  MPH","Stop And Go Signal","Clear","No",45,"40-49","No",NA,"Facing Traffic","O: No Injury","Sidewalk / Crosswalk / Driveway Crossing","Black","Male",43,"40-49","No",NA,"31-35 mph","O: No Injury","White","Male","Passenger Car","No","06JAN2012","Friday","Bicyclist Failed to Yield - Signalized Intersection",11,"Intersection","January","O: No Injury",41700,"Bicyclist Ride Through - Signalized Intersection",2012,"No","No","Daylight","Straight - Level","Local Street","Dry","One-Way, Not Divided","None","Four-Way Intersection","Smooth Asphalt",0,0,0,0,0,0,0,"4 lanes",2,0,NA,0,NA
2008,1752,"None - Rural Crash","Pitt","Coastal","Residential","Mixed (30% To 70% Developed)",NA,"Rural","50 - 55  MPH","No Control Present","Cloudy","No",21,"20-24","No",NA,"Not Applicable","A: Disabling Injury","Travel Lane","White","Male",31,"30-39","No",NA,"31-35 mph","O: No Injury","White","Female","Van","No","09JAN2012","Monday","Head-On",18,"Non-Intersection","January","A: Disabling Injury",66300,"Head-On - Motorist",2012,"Yes","No","Dark - Roadway Not Lighted","Straight - Level","US Route","Wet","Two-Way, Not Divided","None","No Special Feature","Coarse Asphalt",0,0,0,0,0,0,0,"5 lanes",2,0,NA,0,NA
2009,1724,"Greenville","Pitt","Coastal","Residential","Urban (>70% Developed)","YORK RD","Urban","30 - 35  MPH","No Control Present","Clear","No",39,"30-39","No",NA,"Facing Traffic","B: Evident Injury","Travel Lane","White","Female",41,"40-49","No",NA,"31-35 mph","O: No Injury","White","Male","Sport Utility","No","26SEP2013","Thursday","Head-On",7,"Non-Intersection","September","B: Evident Injury",25860,"Head-On - Bicyclist",2013,"Yes","No","Daylight","Straight - Level","Local Street","Dry","Two-Way, Not Divided","None","No Special Feature","Coarse Asphalt",0,0,0,0,0,0,0,"2 lanes",2,0,NA,0,NA
2010,1852,"Charlotte","Mecklenburg","Piedmont","Commercial","Urban (>70% Developed)",NA,"Urban","30 - 35  MPH","Stop And Go Signal","Clear","No",42,"40-49","No",NA,"Facing Traffic","C: Possible Injury","Sidewalk / Crosswalk / Driveway Crossing","Black","Male",42,"40-49","No",NA,"0-5 mph","O: No Injury","White","Male","Single Unit Truck (2-Axle, 6-Tire)","No","20MAR2012","Tuesday","Motorist Failed to Yield - Signalized Intersection",7,"Intersection","March","C: Possible Injury",26220,"Motorist Drive Out - Right Turn on Red",2012,"Yes","No","Daylight","Straight - Level","Local Street","Dry","Two-Way, Not Divided","None","No Special Feature","Smooth Asphalt",0,0,0,0,0,0,0,"2 lanes",2,0,NA,0,NA
2011,1857,"Charlotte","Mecklenburg","Piedmont","Commercial","Urban (>70% Developed)",NA,"Urban","30 - 35  MPH","Stop Sign","Clear","No",28,"25-29","Missing",NA,"Facing Traffic","B: Evident Injury","Sidewalk / Crosswalk / Driveway Crossing","White","Male",55,"50-59","No",NA,"0-5 mph","O: No Injury","White","Male","Passenger Car","No","20MAR2012","Tuesday","Motorist Failed to Yield - Sign-Controlled Intersection",11,"Intersection","March","B: Evident Injury",41580,"Motorist Drive Out - Sign-Controlled Intersection",2012,"Yes","No","Daylight","Straight - Level","Local Street","Dry","Two-Way, Divided, Unprotected Median","None","T-Intersection","Smooth Asphalt",0,0,0,0,0,0,0,"2 lanes",2,0,NA,0,NA
2012,1863,"None - Rural Crash","Dare","Coastal","Residential","Urban (>70% Developed)",NA,"Rural","20 - 25  MPH","Double Yellow Line, No Passing Zone","Clear","No",12,"11-15","No",NA,"With Traffic","B: Evident Injury","Bike Lane / Paved Shoulder","White","Male",NA,"70+","No",NA,"21-25 mph","O: No Injury","White","Male","Passenger Car","No","23MAR2012","Friday","Loss of Control / Turning Error",7,"Non-Intersection","March","B: Evident Injury",27720,"Bicyclist Lost Control - Other / Unknown",2012,"Yes","No","Daylight","Straight - Level","US Route","Dry","Two-Way, Not Divided","None","No Special Feature","Coarse Asphalt",0,0,0,0,0,0,0,"2 lanes",2,0,NA,0,NA
2013,1869,"Durham","Durham","Piedmont","Commercial","Urban (>70% Developed)",NA,"Urban","30 - 35  MPH","No Control Present","Clear","No",32,"30-39","No",NA,"With Traffic","C: Possible Injury","Travel Lane","White","Male",NA,NA,"Missing",NA,"0-5 mph","Unknown Injury","Unknown/Missing",NA,"Van","No","23MAR2012","Friday","Loss of Control / Turning Error",16,"Non-Intersection","March","C: Possible Injury",57600,"Bicyclist Lost Control - Mechanical Problems",2012,"No","No","Daylight","Straight - Level","Local Street","Dry","Two-Way, Not Divided","None","No Special Feature","Coarse Asphalt",0,0,0,0,0,0,0,"2 lanes",2,0,NA,0,NA
2014,1881,"Durham","Durham","Piedmont","Residential","Urban (>70% Developed)",NA,"Urban","40 - 45  MPH","No Control Present","Clear","No",43,"40-49","No",NA,"With Traffic","C: Possible Injury","Travel Lane","White","Female",28,"25-29","No",NA,"31-35 mph","O: No Injury","Other","Male","Passenger Car","No","02APR2012","Monday","Motorist Overtaking Bicyclist",19,"Non-Intersection","April","C: Possible Injury",69720,"Motorist Overtaking - Undetected Bicyclist",2012,"No","No","Daylight","Straight - Hillcrest","Local Street","Dry","Two-Way, Divided, Unprotected Median","None","No Special Feature","Smooth Asphalt",0,0,0,0,0,0,0,"4 lanes",2,0,NA,0,NA
2015,1867,"Lumberton","Robeson","Coastal","Commercial","Urban (>70% Developed)",NA,"Urban","30 - 35  MPH","Stop And Go Signal","Clear","No",43,"40-49","No",NA,"With Traffic","C: Possible Injury","Travel Lane","White","Male",25,"25-29","No",NA,"31-35 mph","O: No Injury","White","Female","Passenger Car","No","27MAR2012","Tuesday","Bicyclist Failed to Yield - Signalized Intersection",13,"Intersection","March","C: Possible Injury",46800,"Bicyclist Failed to Clear - Trapped",2012,"No","No","Daylight","Straight - Level","Local Street","Dry","Two-Way, Not Divided","None","Four-Way Intersection","Coarse Asphalt",0,0,0,0,0,0,0,"8 lanes",2,0,NA,0,NA
2016,1879,"Aberdeen","Moore","Piedmont","Residential","Urban (>70% Developed)",NA,"Rural","30 - 35  MPH","Stop Sign","Clear","No",23,"20-24","No",NA,"With Traffic","B: Evident Injury","Travel Lane","White","Male",20,"20-24","No",NA,"26-30 mph","O: No Injury","Black","Female","Passenger Car","No","21MAR2012","Wednesday","Loss of Control / Turning Error",12,"Intersection","March","B: Evident Injury",45540,"Bicyclist Lost Control - Mechanical Problems",2012,"Yes","No","Daylight","Straight - Level","Local Street","Dry","Two-Way, Not Divided","None","No Special Feature","Coarse Asphalt",0,0,0,0,0,0,0,"2 lanes",2,0,NA,0,NA
2017,1877,"None - Rural Crash","Cabarrus","Piedmont","Residential","Rural (<30% Developed)",NA,"Rural","5 - 15 MPH","No Control Present","Clear","No",5,"0-5","No",NA,"With Traffic","B: Evident Injury","Travel Lane","White","Male",36,"30-39","No",NA,"6-10 mph","O: No Injury","White","Female","Passenger Car","No","28MAR2012","Wednesday","Head-On",18,"Non-Intersection","March","B: Evident Injury",66780,"Head-On - Bicyclist",2012,"Yes","No","Daylight","Straight - Grade","Local Street","Dry","Two-Way, Not Divided","None","No Special Feature","Smooth Asphalt",0,0,0,0,0,0,0,"2 lanes",2,0,NA,0,NA
2018,1950,"Charlotte","Mecklenburg","Piedmont","Commercial","Urban (>70% Developed)",NA,"Urban","40 - 45  MPH","Stop Sign","Clear","No",29,"25-29","No",NA,"Facing Traffic","C: Possible Injury","Sidewalk / Crosswalk / Driveway Crossing","Black","Male",48,"40-49","No",NA,"0-5 mph","O: No Injury","White","Female","Passenger Car","No","13APR2012","Friday","Motorist Failed to Yield - Midblock",13,"Non-Intersection","April","C: Possible Injury",49200,"Motorist Drive Out - Commercial Driveway / Alley",2012,"Yes","No","Daylight","Straight - Level","Local Street","Dry","Two-Way, Not Divided","None","T-Intersection","Smooth Asphalt",0,0,0,0,0,0,0,"2 lanes",2,0,NA,0,NA
2019,1960,"None - Rural Crash","Cleveland","Mountains","Farms, Woods, Pastures","Rural (<30% Developed)",NA,"Rural","40 - 45  MPH","Double Yellow Line, No Passing Zone","Clear","No",42,"40-49","No",NA,"With Traffic","O: No Injury","Travel Lane","White","Male",38,"30-39","No",NA,"36-40 mph","O: No Injury","White","Female","Sport Utility","No","26APR2012","Thursday","Motorist Right Turn / Merge",18,"Intersection","April","O: No Injury",65400,"Motorist Right Turn - Same Direction",2012,"No","No","Daylight","Straight - Level","State Secondary Route","Dry","Two-Way, Not Divided","None","T-Intersection","Smooth Asphalt",0,0,0,0,0,0,0,"2 lanes",2,0,NA,0,NA
2020,1957,"Vass","Moore","Piedmont","Commercial","Rural (<30% Developed)",NA,"Rural","60 - 75 MPH","No Control Present","Clear","No",26,"25-29","No",NA,"With Traffic","B: Evident Injury","Bike Lane / Paved Shoulder","White","Female",53,"50-59","No",NA,"56-60 mph","O: No Injury","White","Male","Passenger Car","No","27APR2012","Friday","Motorist Overtaking Bicyclist",11,"Non-Intersection","April","B: Evident Injury",43080,"Motorist Overtaking - Other / Unknown",2012,"Yes","No","Daylight","Straight - Level","US Route","Dry","Two-Way, Divided, Positive Median Barrier","None","No Special Feature","Smooth Asphalt",0,0,0,0,0,0,0,"4 lanes",2,0,NA,0,NA
2021,1948,"Greensboro","Guilford","Piedmont","Commercial","Urban (>70% Developed)",NA,"Urban","30 - 35  MPH","Stop And Go Signal","Clear","No",28,"25-29","No",NA,"With Traffic","C: Possible Injury","Bike Lane / Paved Shoulder","Asian","Male",21,"20-24","No",NA,"6-10 mph","O: No Injury","White","Female","Passenger Car","No","02APR2012","Monday","Motorist Left Turn / Merge",19,"Intersection","April","C: Possible Injury",70740,"Motorist Left Turn - Opposite Direction",2012,"No","No","Daylight","Straight - Level","Local Street","Dry","Two-Way, Not Divided","None","Four-Way Intersection","Smooth Asphalt",0,0,0,0,0,0,0,"2 lanes",2,0,NA,0,NA
2022,1952,"Stallings","Union","Piedmont","Residential","Mixed (30% To 70% Developed)",NA,"Urban","40 - 45  MPH","No Control Present","Clear","No",45,"40-49","No",NA,"With Traffic","B: Evident Injury","Travel Lane","White","Male",59,"50-59","No",NA,"6-10 mph","O: No Injury","White","Female","Passenger Car","No","07APR2012","Saturday","Motorist Left Turn / Merge",3,"Non-Intersection","April","B: Evident Injury",13680,"Motorist Left Turn - Opposite Direction",2012,"Yes","No","Daylight","Curve - Hillcrest","Local Street","Dry","Two-Way, Not Divided","None","No Special Feature","Smooth Asphalt",0,0,0,0,0,0,0,"2 lanes",2,0,NA,0,NA
2023,1964,"Wilmington","New Hanover","Coastal","Residential","Urban (>70% Developed)",NA,"Urban","30 - 35  MPH","Stop Sign","Clear","No",54,"50-59","No",NA,"With Traffic","B: Evident Injury","Travel Lane","Black","Male",32,"30-39","No",NA,"21-25 mph","O: No Injury","Black","Male","Pickup","No","20APR2012","Friday","Crossing Paths - Other Circumstances",18,"Intersection","April","B: Evident Injury",67860,"Sign-Controlled Intersection - Other / Unknown",2012,"Yes","No","Daylight","Straight - Level","Local Street","Dry","One-Way, Not Divided","None","No Special Feature","Coarse Asphalt",0,0,0,0,0,0,0,"3 lanes",2,0,NA,0,NA
2024,1945,"Wilmington","New Hanover","Coastal","Residential","Urban (>70% Developed)",NA,"Urban","40 - 45  MPH","Stop And Go Signal","Clear","No",44,"40-49","No",NA,"With Traffic","B: Evident Injury","Travel Lane","White","Male",22,"20-24","No",NA,"6-10 mph","O: No Injury","White","Male","Passenger Car","No","10APR2012","Tuesday","Motorist Left Turn / Merge",17,"Intersection","April","B: Evident Injury",63360,"Motorist Left Turn - Opposite Direction",2012,"Yes","No","Daylight","Curve - Grade","Local Street","Dry","Two-Way, Not Divided","None","T-Intersection","Smooth Asphalt",0,0,0,0,0,0,0,"3 lanes",2,0,NA,0,NA
2025,1961,"None - Rural Crash","Henderson","Mountains","Farms, Woods, Pastures","Rural (<30% Developed)",NA,"Rural","40 - 45  MPH","Double Yellow Line, No Passing Zone","Rain","No",42,"40-49","No",NA,"With Traffic","B: Evident Injury","Travel Lane","White","Male",24,"20-24","No",NA,"36-40 mph","O: No Injury","Hispanic","Male","Passenger Car","No","25APR2012","Wednesday","Head-On",20,"Non-Intersection","April","B: Evident Injury",72060,"Head-On - Motorist",2012,"Yes","No","Dusk","Curve - Level","State Secondary Route","Wet","Two-Way, Not Divided","None","Bridge","Concrete",0,0,0,0,0,0,0,"2 lanes",2,0,NA,0,NA
2026,1975,"Wilson","Wilson","Coastal","Residential","Urban (>70% Developed)",NA,"Urban","30 - 35  MPH","No Control Present","Clear","No",9,"6-10","No",NA,"With Traffic","O: No Injury","Travel Lane","Black","Male",61,"60-69","No",NA,NA,"O: No Injury","Black","Male","Van","No","29MAR2012","Thursday","Bicyclist Left Turn / Merge",17,"Intersection-Related","March","O: No Injury",64020,"Bicyclist Left Turn - Same Direction",2012,"No","No","Daylight","Straight - Bottom","Local Street","Dry","Two-Way, Not Divided","None","No Special Feature","Smooth Asphalt",0,0,0,0,0,0,0,"5 lanes",2,0,NA,0,NA
2027,1979,"Raleigh","Wake","Piedmont","Farms, Woods, Pastures","Urban (>70% Developed)",NA,"Urban","40 - 45  MPH","No Control Present","Clear","No",38,"30-39","No",NA,"With Traffic","B: Evident Injury","Bike Lane / Paved Shoulder","White","Male",39,"30-39","Yes",NA,"41-45 mph","O: No Injury","White","Female","Van","Yes","29APR2012","Sunday","Loss of Control / Turning Error",21,"Non-Intersection","April","B: Evident Injury",78780,"Motorist Lost Control - Other / Unknown",2012,"Yes","No","Dark - Roadway Not Lighted","Straight - Level","Local Street","Dry","Two-Way, Divided, Unprotected Median","None","No Special Feature","Smooth Asphalt",0,0,0,0,0,0,0,"4 lanes",2,0,NA,0,NA
2028,2003,"Charlotte","Mecklenburg","Piedmont","Residential","Urban (>70% Developed)",NA,"Urban","30 - 35  MPH","Stop Sign","Clear","No",46,"40-49","Missing",NA,"With Traffic","C: Possible Injury","Travel Lane","White","Male",23,"20-24","No",NA,NA,"O: No Injury","White","Female","Passenger Car","No","05MAY2012","Saturday","Motorist Failed to Yield - Sign-Controlled Intersection",13,"Intersection","May","C: Possible Injury",47160,"Motorist Drive Out - Sign-Controlled Intersection",2012,"No","No","Daylight","Straight - Grade","Local Street","Dry","Two-Way, Divided, Unprotected Median","None","Four-Way Intersection","Smooth Asphalt",0,0,0,0,0,0,0,"4 lanes",2,0,NA,0,NA
2029,2000,"Raleigh","Wake","Piedmont","Commercial","Urban (>70% Developed)",NA,"Urban","30 - 35  MPH","Other","Clear","No",20,"20-24","No",NA,"Facing Traffic","C: Possible Injury","Sidewalk / Crosswalk / Driveway Crossing","White","Female",44,"40-49","No",NA,"0-5 mph","O: No Injury","White","Male","Passenger Car","No","24APR2012","Tuesday","Motorist Failed to Yield - Midblock",12,"Non-Intersection","April","C: Possible Injury",44040,"Motorist Drive Out - Commercial Driveway / Alley",2012,"Yes","No","Daylight","Straight - Level","Public Vehicular Area","Dry","Two-Way, Not Divided","None","Driveway, Public","Smooth Asphalt",0,0,0,0,0,0,0,"2 lanes",2,0,NA,0,NA
2030,2007,"Stanley","Gaston","Piedmont","Commercial","Urban (>70% Developed)",NA,"Rural",NA,"No Control Present","Clear","No",36,"30-39","No",NA,"Facing Traffic","C: Possible Injury","Sidewalk / Crosswalk / Driveway Crossing","White","Male",NA,"70+","No",NA,NA,"O: No Injury","White","Female","Passenger Car","No","01MAR2012","Thursday","Loss of Control / Turning Error",17,"Non-Intersection","March","C: Possible Injury",61800,"Bicyclist Lost Control - Mechanical Problems",2012,"No","No","Daylight","Straight - Grade","Public Vehicular Area","Dry","Two-Way, Not Divided","None","T-Intersection","Smooth Asphalt",0,0,0,0,0,0,0,NA,2,0,NA,0,NA
2031,1998,"None - Rural Crash","Gaston","Piedmont","Commercial","Mixed (30% To 70% Developed)",NA,"Rural","50 - 55  MPH","No Control Present","Clear","No",51,"50-59","No",NA,"With Traffic","B: Evident Injury","Travel Lane","White","Male",33,"30-39","No",NA,"51-55 mph","O: No Injury","White","Male","Pickup","No","03MAY2012","Thursday","Motorist Overtaking Bicyclist",19,"Non-Intersection","May","B: Evident Injury",71100,"Motorist Overtaking - Misjudged Space",2012,"No","No","Daylight","Straight - Grade","NC Route","Dry","Two-Way, Divided, Unprotected Median","None","No Special Feature","Smooth Asphalt",0,0,0,0,0,0,0,"4 lanes",2,0,NA,0,NA
2032,1980,"None - Rural Crash","Jones","Coastal","Residential","Rural (<30% Developed)",NA,"Rural","40 - 45  MPH","No Control Present","Clear","No",NA,NA,"No",NA,"With Traffic","Unknown Injury","Travel Lane","Unknown/Missing",NA,38,"30-39","No",NA,"41-45 mph","O: No Injury","White","Female","Van","No","03MAY2012","Thursday","Motorist Overtaking Bicyclist",17,"Non-Intersection","May","O: No Injury",61620,"Motorist Overtaking - Bicyclist Swerved",2012,"No","No","Daylight","Straight - Level","NC Route","Dry","Two-Way, Not Divided","None","No Special Feature","Coarse Asphalt",0,0,0,0,0,0,0,"2 lanes",2,0,NA,0,NA
2033,2004,"Boone","Watauga","Mountains","Institutional","Urban (>70% Developed)",NA,"Urban","20 - 25  MPH","No Control Present","Rain","No",20,"20-24","No",NA,"With Traffic","B: Evident Injury","Travel Lane","White","Female",43,"40-49","No",NA,"6-10 mph","O: No Injury","White","Female","Passenger Car","No","08MAY2012","Tuesday","Motorist Left Turn / Merge",10,"Non-Intersection","May","B: Evident Injury",39000,"Motorist Left Turn - Opposite Direction",2012,"Yes","No","Daylight","Straight - Level","Local Street","Wet","Two-Way, Not Divided","None","No Special Feature","Smooth Asphalt",0,0,0,0,0,0,0,"4 lanes",2,0,NA,0,NA
2034,1981,"Raleigh","Wake","Piedmont","Commercial","Urban (>70% Developed)",NA,"Urban","30 - 35  MPH","No Control Present","Clear","No",65,"60-69","No",NA,"With Traffic","C: Possible Injury","Travel Lane","Black","Male",62,"60-69","No",NA,"6-10 mph","O: No Injury","Black","Female","Passenger Car","No","13APR2012","Friday","Motorist Left Turn / Merge",15,"Intersection","April","C: Possible Injury",56340,"Motorist Left Turn - Opposite Direction",2012,"Yes","No","Daylight","Straight - Level","Local Street","Dry","One-Way, Not Divided","None","No Special Feature","Smooth Asphalt",0,0,0,0,0,0,0,"4 lanes",2,0,NA,0,NA
2035,2919,"None - Rural Crash","Orange","Piedmont","Residential","Mixed (30% To 70% Developed)",NA,"Rural","40 - 45  MPH","Double Yellow Line, No Passing Zone","Clear","No",44,"40-49","Yes",NA,"With Traffic","C: Possible Injury","Travel Lane","White","Male",NA,NA,"No",NA,"26-30 mph","Unknown Injury","Unknown/Missing",NA,NA,"Yes","07APR2011","Thursday","Motorist Overtaking Bicyclist",0,"Intersection-Related","April","C: Possible Injury",2940,"Motorist Overtaking - Other / Unknown",2011,"Yes","Yes","Dark - Roadway Not Lighted","Straight - Grade","State Secondary Route","Dry","Two-Way, Not Divided","None","No Special Feature","Smooth Asphalt",0,0,0,0,0,0,0,"9 or more lanes",2,0,NA,0,NA
2036,2924,"None - Rural Crash","Onslow","Coastal","Farms, Woods, Pastures","Rural (<30% Developed)",NA,"Rural","30 - 35  MPH","No Control Present","Clear","No",18,"16-19","No",NA,"With Traffic","A: Disabling Injury","Bike Lane / Paved Shoulder","White","Male",NA,NA,"Missing",NA,"11-15 mph","Unknown Injury","Unknown/Missing",NA,"Van","No","23APR2011","Saturday","Motorist Left Turn / Merge",22,"Intersection","April","A: Disabling Injury",81000,"Motorist Left Turn - Opposite Direction",2011,"No","Yes","Dark - Roadway Not Lighted","Straight - Level","State Secondary Route","Dry","Two-Way, Not Divided","None","T-Intersection","Coarse Asphalt",0,0,0,0,0,0,0,"2 lanes",2,0,NA,0,NA
2037,2947,"None - Rural Crash","New Hanover","Coastal","Residential","Urban (>70% Developed)",NA,"Rural","50 - 55  MPH","Stop Sign","Clear","No",21,"20-24","No",NA,"With Traffic","B: Evident Injury","Travel Lane","White","Male",43,"40-49","No",NA,"0-5 mph","O: No Injury","White","Female","Sport Utility","No","29APR2011","Friday","Motorist Failed to Yield - Sign-Controlled Intersection",17,"Intersection","April","B: Evident Injury",61200,"Motorist Drive Out - Sign-Controlled Intersection",2011,"No","No","Daylight","Straight - Level","State Secondary Route","Dry","Two-Way, Not Divided","None","T-Intersection","Smooth Asphalt",0,0,0,0,0,0,0,"2 lanes",2,0,NA,0,NA
2038,2897,"None - Rural Crash","Craven","Coastal","Farms, Woods, Pastures","Rural (<30% Developed)",NA,"Rural","50 - 55  MPH","No Control Present","Clear","No",20,"20-24","No",NA,"With Traffic","A: Disabling Injury","Travel Lane","Black","Male",41,"40-49","No",NA,"41-45 mph","O: No Injury","Black","Female","Sport Utility","No","07APR2011","Thursday","Motorist Overtaking Bicyclist",7,"Non-Intersection","April","A: Disabling Injury",28260,"Motorist Overtaking - Other / Unknown",2011,"Yes","No","Daylight","Straight - Level","State Secondary Route","Dry","Two-Way, Not Divided","None","No Special Feature","Smooth Asphalt",0,0,0,0,0,0,0,"2 lanes",2,0,NA,0,NA
2039,2899,"Raleigh","Wake","Piedmont","Commercial","Urban (>70% Developed)",NA,"Urban","40 - 45  MPH","Stop And Go Signal","Clear","No",25,"25-29","No",NA,"Facing Traffic","C: Possible Injury","Travel Lane","Black","Male",45,"40-49","No",NA,"0-5 mph","O: No Injury","White","Female","Passenger Car","No","29MAR2011","Tuesday","Parallel Paths - Other Circumstances",16,"Non-Intersection","March","C: Possible Injury",58620,"Bicyclist Ride Out - Parallel Path",2011,"Yes","No","Daylight","Straight - Level","Local Street","Dry","Two-Way, Divided, Positive Median Barrier","None","No Special Feature","Smooth Asphalt",0,0,0,0,0,0,0,"6 lanes",2,0,NA,0,NA
2040,2937,"None - Rural Crash","Onslow","Coastal","Farms, Woods, Pastures","Rural (<30% Developed)",NA,"Rural","40 - 45  MPH","No Control Present","Clear","No",64,"60-69","No",NA,"With Traffic","B: Evident Injury","Travel Lane","Black","Male",30,"30-39","No",NA,"16-20 mph","O: No Injury","White","Male","Passenger Car","No","26APR2011","Tuesday","Motorist Overtaking Bicyclist",6,"Non-Intersection","April","B: Evident Injury",23400,"Motorist Overtaking - Misjudged Space",2011,"Yes","No","Dawn","Straight - Level","State Secondary Route",NA,"Two-Way, Not Divided","None","No Special Feature","Coarse Asphalt",0,0,0,0,0,0,0,"2 lanes",2,0,NA,0,NA
2041,2950,"Greensboro","Guilford","Piedmont","Residential","Urban (>70% Developed)",NA,"Urban","30 - 35  MPH","No Control Present","Clear","No",10,"6-10","No",NA,"Not Applicable","C: Possible Injury","Travel Lane","Black","Male",21,"20-24","No",NA,"21-25 mph","O: No Injury","Black","Female","Passenger Car","No","20APR2011","Wednesday","Bicyclist Failed to Yield - Midblock",15,"Non-Intersection","April","C: Possible Injury",55980,"Bicyclist Ride Out - Other Midblock",2011,"Yes","No","Daylight","Straight - Level","Local Street","Dry","Two-Way, Not Divided","None","No Special Feature","Smooth Asphalt",0,0,0,0,0,0,0,"2 lanes",2,0,NA,0,NA
2042,2896,"None - Rural Crash","New Hanover","Coastal","Residential","Mixed (30% To 70% Developed)",NA,"Rural","50 - 55  MPH","No Control Present","Clear","No",46,"40-49","No",NA,"With Traffic","K: Killed","Travel Lane","White","Male",63,"60-69","Yes",NA,"51-55 mph","O: No Injury","White","Male","Passenger Car","Yes","03APR2011","Sunday","Motorist Overtaking Bicyclist",9,"Non-Intersection","April","K: Killed",34200,"Motorist Overtaking - Other / Unknown",2011,"Yes","No","Daylight","Straight - Level","State Secondary Route","Dry","Two-Way, Not Divided","None","No Special Feature","Coarse Asphalt",0,0,0,0,0,0,0,"2 lanes",3,0,NA,0,NA
2043,2930,"Dunn","Harnett","Coastal","Commercial","Urban (>70% Developed)",NA,"Urban","30 - 35  MPH","Stop Sign","Clear","No",49,"40-49","No",NA,"Facing Traffic","C: Possible Injury","Travel Lane","Black","Male",21,"20-24","No",NA,"0-5 mph","O: No Injury","White","Female","Sport Utility","No","16APR2011","Saturday","Head-On",20,"Intersection","April","C: Possible Injury",73800,"Head-On - Bicyclist",2011,"Yes","No","Dark - Roadway Not Lighted","Straight - Level","State Secondary Route","Wet","Two-Way, Not Divided","None","Four-Way Intersection","Smooth Asphalt",0,0,0,0,0,0,0,"2 lanes",2,0,NA,0,NA
2044,2911,"Winston-Salem","Forsyth","Piedmont","Commercial","Urban (>70% Developed)",NA,"Urban",NA,"No Control Present","Clear","No",9,"6-10","No",NA,"Not Applicable","B: Evident Injury","Non-Roadway","Black","Female",50,"50-59","No",NA,"0-5 mph","O: No Injury","Black","Male","Passenger Car","No","10APR2011","Sunday","Non-Roadway",18,"Non-Roadway","April","B: Evident Injury",67020,"Non-Roadway",2011,"Yes","No","Daylight","Straight - Level","Public Vehicular Area","Dry","Two-Way, Not Divided","None","No Special Feature","Smooth Asphalt",0,0,0,0,0,0,0,NA,2,0,NA,0,NA
2045,2978,"Raleigh","Wake","Piedmont","Residential","Urban (>70% Developed)",NA,"Urban","30 - 35  MPH","No Control Present","Clear","No",14,"11-15","No",NA,"With Traffic","B: Evident Injury","Sidewalk / Crosswalk / Driveway Crossing","Black","Female",NA,NA,"Missing",NA,"16-20 mph","Unknown Injury","Unknown/Missing",NA,NA,"No","03MAY2011","Tuesday","Loss of Control / Turning Error",19,"Non-Intersection","May","B: Evident Injury",69060,"Motorist Lost Control - Other / Unknown",2011,"Yes","Yes","Daylight","Straight - Level","Local Street","Dry","Two-Way, Divided, Unprotected Median","None","No Special Feature","Smooth Asphalt",0,0,0,0,0,0,0,"3 lanes",2,0,NA,0,NA
2046,2982,"Cary","Wake","Piedmont","Residential","Urban (>70% Developed)",NA,"Urban","30 - 35  MPH","Stop And Go Signal","Clear","No",13,"11-15","No",NA,"Facing Traffic","B: Evident Injury","Sidewalk / Crosswalk / Driveway Crossing","Asian","Male",22,"20-24","No",NA,"0-5 mph","O: No Injury","White","Female","Sport Utility","No","28APR2011","Thursday","Motorist Failed to Yield - Signalized Intersection",7,"Intersection","April","B: Evident Injury",27900,"Motorist Drive Out - Right Turn on Red",2011,"No","No","Daylight","Straight - Level","Local Street","Dry","Two-Way, Divided, Unprotected Median","None","T-Intersection","Smooth Asphalt",0,0,0,0,0,0,0,"2 lanes",2,0,NA,0,NA
2047,2979,"Raleigh","Wake","Piedmont","Residential","Urban (>70% Developed)",NA,"Urban","30 - 35  MPH","Stop And Go Signal","Clear","No",54,"50-59","No",NA,"Facing Traffic","B: Evident Injury","Sidewalk / Crosswalk / Driveway Crossing","Hispanic","Male",NA,"70+","No",NA,"0-5 mph","O: No Injury","Black","Male","Passenger Car","No","24APR2011","Sunday","Bicyclist Failed to Yield - Signalized Intersection",23,"Intersection","April","B: Evident Injury",83400,"Bicyclist Ride Out - Signalized  Intersection",2011,"Yes","No","Daylight","Straight - Level","Local Street","Dry","Two-Way, Not Divided","None","Four-Way Intersection","Smooth Asphalt",0,0,0,0,0,0,0,"5 lanes",2,0,NA,0,NA