"...1","object_id","city","county","region","development","locality","on_road","rural_urban","speed_limit","traffic_control","weather","workzone","bike_age","bike_age_group","bike_alcohol","bike_alcohol_drugs","bike_direction","bike_injury","bike_position","bike_race","bike_sex","driver_age","driver_age_group","driver_alcohol","driver_alcohol_drugs","driver_est_speed","driver_injury","driver_race","driver_sex","driver_vehicle_type","crash_alcohol","crash_date","crash_day","crash_group","crash_hour","crash_location","crash_month","crash_severity","crash_time","crash_type","crash_year","ambulance_req","hit_run","light_condition","road_character","road_class","road_condition","road_configuration","road_defects","road_feature","road_surface","num_bikes_ai","num_bikes_bi","num_bikes_ci","num_bikes_ki","num_bikes_no","num_bikes_to","num_bikes_ui","num_lanes","num_units","distance_mi_from","frm_road","rte_invd_cd","towrd_road"
2048,2951,"Greensboro","Guilford","Piedmont","Commercial","Urban (>70% Developed)",NA,"Urban","30 - 35  MPH","Stop And Go Signal","Clear","No",25,"25-29","No",NA,"With Traffic","O: No Injury","Travel Lane","White","Male",24,"20-24","No",NA,"31-35 mph","O: No Injury","Black","Female","Passenger Car","No","17APR2011","Sunday","Motorist Failed to Yield - Signalized Intersection",1,"Intersection","April","O: No Injury",5760,"Motorist Drive Through - Signalized Intersection",2011,"Yes","No","Dark - Lighted Roadway","Straight - Level","Local Street","Dry","Two-Way, Not Divided","None","Related To Intersection","Smooth Asphalt",0,0,0,0,0,0,0,"6 lanes",2,0,NA,0,NA
2049,2958,"Charlotte","Mecklenburg","Piedmont","Commercial","Urban (>70% Developed)",NA,"Urban","20 - 25  MPH","Stop And Go Signal","Clear","No",37,"30-39","No",NA,"With Traffic","B: Evident Injury","Travel Lane","White","Male",26,"25-29","No",NA,"16-20 mph","O: No Injury","White","Female","Passenger Car","No","20APR2011","Wednesday","Motorist Failed to Yield - Signalized Intersection",19,"Intersection","April","B: Evident Injury",70860,"Motorist Drive Out - Signalized Intersection",2011,"Yes","No","Daylight","Straight - Grade","Local Street","Dry","One-Way, Not Divided","None","Four-Way Intersection","Smooth Asphalt",0,0,0,0,0,0,0,"3 lanes",2,0,NA,0,NA
2050,2961,"None - Rural Crash","Wake","Piedmont","Residential","Rural (<30% Developed)",NA,"Rural","40 - 45  MPH","Double Yellow Line, No Passing Zone","Clear","No",17,"16-19","No",NA,"With Traffic","B: Evident Injury","Travel Lane","Black","Male",22,"20-24","No",NA,"41-45 mph","O: No Injury","Black","Female","Passenger Car","No","05MAY2011","Thursday","Bicyclist Left Turn / Merge",20,"Non-Intersection","May","B: Evident Injury",73440,"Bicyclist Left Turn - Same Direction",2011,"Yes","No","Dusk","Straight - Level","State Secondary Route","Dry","Two-Way, Not Divided","None","No Special Feature","Smooth Asphalt",0,0,0,0,0,0,0,"2 lanes",2,0,NA,0,NA
2051,2975,"Murfreesboro","Hertford","Coastal","Commercial","Urban (>70% Developed)",NA,"Rural","30 - 35  MPH","Double Yellow Line, No Passing Zone","Clear","No",61,"60-69","No",NA,"With Traffic","C: Possible Injury","Travel Lane","Black","Male",NA,"70+","No",NA,"16-20 mph","O: No Injury","Black","Female","Passenger Car","No","20APR2011","Wednesday","Bicyclist Left Turn / Merge",14,"Intersection-Related","April","C: Possible Injury",52020,"Bicyclist Left Turn - Same Direction",2011,"Yes","No","Daylight","Straight - Level","US Route","Dry","Two-Way, Not Divided","None","Driveway, Public","Coarse Asphalt",0,0,0,0,0,0,0,"3 lanes",2,0,NA,0,NA
2052,2976,"Raleigh","Wake","Piedmont","Residential","Urban (>70% Developed)",NA,"Urban","30 - 35  MPH","No Control Present","Clear","No",3,"0-5","No",NA,NA,"C: Possible Injury","Travel Lane","Black","Female",50,"50-59","No",NA,"46-50 mph","O: No Injury","Black","Male","Motorcycle","No","14APR2011","Thursday","Bicyclist Failed to Yield - Midblock",12,"Non-Intersection","April","C: Possible Injury",45720,"Bicyclist Ride Out - Midblock - Unknown",2011,"Yes","No","Daylight","Straight - Level","Local Street","Dry","Two-Way, Not Divided","None","No Special Feature","Smooth Asphalt",0,0,0,0,0,0,0,"2 lanes",2,0,NA,0,NA
2053,2964,"Durham","Durham","Piedmont","Residential","Urban (>70% Developed)",NA,"Urban","40 - 45  MPH","No Control Present","Clear","No",52,"50-59","No",NA,"With Traffic","B: Evident Injury","Travel Lane","White","Male",48,"40-49","No",NA,"6-10 mph","O: No Injury","Black","Female","Sport Utility","No","05MAY2011","Thursday","Motorist Left Turn / Merge",13,"Intersection","May","B: Evident Injury",48180,"Motorist Left Turn - Opposite Direction",2011,"Yes","No","Daylight","Straight - Level","Local Street","Dry","Two-Way, Not Divided","None","No Special Feature","Coarse Asphalt",0,0,0,0,0,0,0,"2 lanes",2,0,NA,0,NA
2054,2952,"Charlotte","Mecklenburg","Piedmont","Commercial","Urban (>70% Developed)",NA,"Urban","5 - 15 MPH","Stop Sign","Clear","No",12,"11-15","No",NA,"Not Applicable","O: No Injury","Travel Lane","Black","Male",NA,NA,"Missing",NA,NA,"Unknown Injury","Unknown/Missing",NA,NA,"No","18APR2011","Monday","Non-Roadway",19,"Non-Roadway","April","B: Evident Injury",69600,"Non-Roadway",2011,"Yes","Yes","Dusk","Straight - Level","Public Vehicular Area","Dry","Two-Way, Not Divided","None","No Special Feature","Smooth Asphalt",0,0,0,0,0,0,0,"2 lanes",2,0,NA,0,NA
2055,3,"Raleigh","Wake","Piedmont","Residential","Urban (>70% Developed)","MARSH CREEK RD","Urban","40 - 45  MPH","Stop And Go Signal","Clear","No",64,"60-69",NA,"No","Facing Traffic","C: Possible Injury","Sidewalk / Crosswalk / Driveway Crossing","Black","Male",52,"50-59",NA,"No","0-5 mph","O: No Injury","White","Female","Passenger Car","No","08JAN2014","Wednesday","Crossing Paths - Other Circumstances",16,"Intersection","January","C: Possible Injury",59220,"Signalized Intersection - Other / Unknown",2014,"Yes","No","Daylight","Straight - Level","Local Street","Dry","Two-Way, Not Divided","None","T-Intersection","Coarse Asphalt",0,0,1,0,0,1,0,"4 lanes",2,0,"N NEW HOPE RD",40002206,"ANDOVER GLEN RD"
2056,2990,"Charlotte","Mecklenburg","Piedmont","Commercial","Urban (>70% Developed)",NA,"Urban","5 - 15 MPH","No Control Present","Clear","No",23,"20-24","No",NA,"Facing Traffic","O: No Injury","Sidewalk / Crosswalk / Driveway Crossing","White","Male",NA,NA,"Missing",NA,"0-5 mph","Unknown Injury","Unknown/Missing",NA,"Taxicab","No","09MAY2011","Monday","Motorist Failed to Yield - Midblock",19,"Non-Intersection","May","O: No Injury",70380,"Motorist Drive Out - Commercial Driveway / Alley",2011,"No","Yes","Daylight","Straight - Level","Private Road, Driveway","Dry","One-Way, Not Divided","None","Driveway, Private","Concrete",0,0,0,0,0,0,0,NA,2,0,NA,0,NA
2057,2984,"None - Rural Crash","Franklin","Piedmont","Residential","Rural (<30% Developed)",NA,"Rural","50 - 55  MPH","Double Yellow Line, No Passing Zone","Clear","No",52,"50-59","No",NA,"With Traffic","C: Possible Injury","Travel Lane","Other","Female",57,"50-59","No",NA,"41-45 mph","O: No Injury","White","Female","Passenger Car","No","03MAY2011","Tuesday","Motorist Overtaking Bicyclist",7,"Non-Intersection","May","C: Possible Injury",26340,"Motorist Overtaking - Misjudged Space",2011,"No","No","Daylight","Straight - Grade","State Secondary Route","Dry","Two-Way, Not Divided","None","No Special Feature","Smooth Asphalt",0,0,0,0,0,0,0,"2 lanes",2,0,NA,0,NA
2058,2991,"Charlotte","Mecklenburg","Piedmont","Residential","Urban (>70% Developed)",NA,"Urban","20 - 25  MPH","Stop Sign","Clear","No",8,"6-10","No",NA,"Not Applicable","B: Evident Injury","Travel Lane","Black","Male",19,"0-19","No",NA,"16-20 mph","O: No Injury","Black","Male","Passenger Car","No","08MAY2011","Sunday","Bicyclist Failed to Yield - Sign-Controlled Intersection",14,"Intersection-Related","May","B: Evident Injury",52380,"Bicyclist Ride Through - Sign-Controlled Intersection",2011,"Yes","No","Daylight","Straight - Level","Local Street","Dry","Two-Way, Not Divided","None","No Special Feature","Smooth Asphalt",0,0,0,0,0,0,0,"2 lanes",2,0,NA,0,NA
2059,2989,"None - Rural Crash","Sampson","Coastal","Farms, Woods, Pastures","Rural (<30% Developed)",NA,"Rural","50 - 55  MPH","Double Yellow Line, No Passing Zone","Cloudy","No",46,"40-49","No",NA,"With Traffic","C: Possible Injury","Travel Lane","White","Male",60,"60-69","No",NA,"41-45 mph","O: No Injury","Black","Female","Passenger Car","No","17MAY2011","Tuesday","Motorist Overtaking Bicyclist",21,"Intersection","May","C: Possible Injury",75840,"Motorist Overtaking - Other / Unknown",2011,"No","No","Dusk","Curve - Level","US Route","Wet","Two-Way, Not Divided","None","T-Intersection","Smooth Asphalt",0,0,0,0,0,0,0,"2 lanes",2,0,NA,0,NA
2060,2986,"Wilmington","New Hanover","Coastal","Residential","Urban (>70% Developed)",NA,"Urban","20 - 25  MPH","No Control Present","Clear","No",7,"6-10","No",NA,"With Traffic","C: Possible Injury",NA,"Black","Female",41,"40-49","No",NA,"0-5 mph","O: No Injury","Black","Female","Sport Utility","No","21APR2011","Thursday","Motorist Right Turn / Merge",14,"Non-Intersection","April","C: Possible Injury",51300,"Motorist Right Turn - Same Direction",2011,"Yes","No","Daylight","Straight - Level","Local Street","Dry","One-Way, Not Divided","None","No Special Feature","Coarse Asphalt",0,0,0,0,0,0,0,"2 lanes",2,0,NA,0,NA
2061,2983,"Durham","Durham","Piedmont","Commercial","Urban (>70% Developed)",NA,"Urban","30 - 35  MPH","No Control Present","Clear","No",26,"25-29","No",NA,"With Traffic","O: No Injury","Travel Lane","White","Male",65,"60-69","No",NA,"26-30 mph","O: No Injury","White","Male","Passenger Car","No","10MAY2011","Tuesday","Motorist Left Turn / Merge",17,"Non-Intersection","May","O: No Injury",62160,"Motorist Left Turn - Opposite Direction",2011,"No","No","Daylight","Straight - Level","Local Street","Dry","Two-Way, Not Divided","None","No Special Feature","Smooth Asphalt",0,0,0,0,0,0,0,"2 lanes",2,0,NA,0,NA
2062,1263,"Stallings","Union","Piedmont","Farms, Woods, Pastures","Mixed (30% To 70% Developed)","IDLEWILD ROAD","Urban","40 - 45  MPH","No Control Present","Clear","No",56,"50-59","No",NA,"With Traffic","C: Possible Injury","Travel Lane","Hispanic","Male",33,"30-39","No",NA,"41-45 mph","O: No Injury","White","Female","Sport Utility","No","22JUN2013","Saturday","Motorist Overtaking Bicyclist",6,"Non-Intersection","June","C: Possible Injury",21780,"Motorist Overtaking - Undetected Bicyclist",2013,"Yes","No","Dark - Roadway Not Lighted","Straight - Grade","State Secondary Route","Dry","Two-Way, Not Divided","None","No Special Feature","Smooth Asphalt",0,0,0,0,0,0,0,"2 lanes",2,0,NA,0,NA
2063,1310,"None - Rural Crash","Harnett","Coastal","Farms, Woods, Pastures","Rural (<30% Developed)","NC 55","Rural","50 - 55  MPH","Double Yellow Line, No Passing Zone","Clear","No",20,"20-24","No",NA,"With Traffic","C: Possible Injury","Travel Lane","Hispanic","Male",64,"60-69","No",NA,"51-55 mph","O: No Injury","White","Female","Passenger Car","No","04AUG2013","Sunday","Motorist Overtaking Bicyclist",20,"Non-Intersection","August","C: Possible Injury",75180,"Motorist Overtaking - Other / Unknown",2013,"No","No","Dark - Roadway Not Lighted","Straight - Level","NC Route","Dry","Two-Way, Not Divided","None","No Special Feature","Smooth Asphalt",0,0,0,0,0,0,0,"2 lanes",2,0,NA,0,NA
2064,1301,"Raleigh","Wake","Piedmont","Institutional","Urban (>70% Developed)","DIXIE FOREST RD","Urban","30 - 35  MPH","Stop Sign","Cloudy","No",24,"20-24","No",NA,"Facing Traffic","B: Evident Injury","Sidewalk / Crosswalk / Driveway Crossing","White","Male",51,"50-59","No",NA,"0-5 mph","O: No Injury","Black","Male","Van","No","30JUL2013","Tuesday","Motorist Failed to Yield - Sign-Controlled Intersection",17,"Intersection","July","B: Evident Injury",64260,"Motorist Drive Out - Sign-Controlled Intersection",2013,"No","No","Daylight",NA,"Local Street","Dry","Two-Way, Not Divided","None","T-Intersection","Smooth Asphalt",0,0,0,0,0,0,0,"5 lanes",2,0,NA,0,NA
2065,1296,"Kenly","Johnston","Coastal","Commercial","Urban (>70% Developed)","SOUTH CHURCH STREET","Rural","30 - 35  MPH","Stop Sign","Clear","No",34,"30-39","No",NA,"Not Applicable","B: Evident Injury","Non-Roadway","White","Male",NA,"70+","No",NA,"16-20 mph","B: Evident Injury","White","Female","Passenger Car","No","27JUL2013","Saturday","Other / Unusual Circumstances",17,"Intersection","July","B: Evident Injury",61620,"Unusual Circumstances",2013,"Yes","No","Daylight","Straight - Level","Local Street","Dry","Two-Way, Divided, Unprotected Median","None","Driveway, Public","Coarse Asphalt",0,0,0,0,0,0,0,"5 lanes",3,0,NA,0,NA
2066,1295,"Charlotte","Mecklenburg","Piedmont","Residential","Urban (>70% Developed)","PINEBURR RD","Urban","20 - 25  MPH","No Control Present","Rain","No",19,"16-19","No",NA,"With Traffic","B: Evident Injury","Travel Lane","Black","Female",NA,NA,"Missing",NA,"0-5 mph","Unknown Injury","Unknown/Missing",NA,NA,"No","27JUN2013","Thursday","Backing Vehicle",19,"Non-Intersection","June","B: Evident Injury",68400,"Backing Vehicle",2013,"Yes","Yes","Daylight","Straight - Grade","Local Street","Wet","Two-Way, Not Divided","None","No Special Feature","Smooth Asphalt",0,0,0,0,0,0,0,"2 lanes",2,0,NA,0,NA
2067,1583,"Charlotte","Mecklenburg","Piedmont","Commercial","Mixed (30% To 70% Developed)","4220 NORTH TRYON ST","Urban","40 - 45  MPH","Stop And Go Signal","Clear","No",23,"20-24","No",NA,"With Traffic","C: Possible Injury","Travel Lane","White","Male",NA,NA,"Missing",NA,"41-45 mph","Unknown Injury","Unknown/Missing",NA,"Unknown Heavy Truck","No","26OCT2013","Saturday","Motorist Overtaking Bicyclist",14,"Non-Intersection","October","C: Possible Injury",53400,"Motorist Overtaking - Other / Unknown",2013,"No","Yes","Daylight","Straight - Level","Local Street","Dry","Two-Way, Divided, Positive Median Barrier","None","No Special Feature","Coarse Asphalt",0,0,0,0,0,0,0,"2 lanes",2,0,NA,0,NA
2068,1563,"None - Rural Crash","Edgecombe","Coastal","Commercial","Urban (>70% Developed)","SR 1146","Rural","40 - 45  MPH","Double Yellow Line, No Passing Zone","Cloudy","No",53,"50-59","Yes",NA,"With Traffic","B: Evident Injury","Travel Lane","White","Male",64,"60-69","No",NA,"36-40 mph","O: No Injury","White","Female","Sport Utility","Yes","15OCT2013","Tuesday","Motorist Overtaking Bicyclist",19,"Non-Intersection","October","B: Evident Injury",70320,"Motorist Overtaking - Undetected Bicyclist",2013,"Yes","No","Dark - Roadway Not Lighted","Straight - Grade","State Secondary Route","Dry","Two-Way, Not Divided","None","No Special Feature","Coarse Asphalt",0,0,0,0,0,0,0,"2 lanes",2,0,NA,0,NA
2069,1590,"Charlotte","Mecklenburg","Piedmont","Commercial","Urban (>70% Developed)","N DAVIDSON ST","Urban","30 - 35  MPH","No Control Present","Clear","No",53,"50-59","No",NA,"With Traffic","C: Possible Injury","Bike Lane / Paved Shoulder","Black","Male",NA,NA,"Missing",NA,"6-10 mph","Unknown Injury","Unknown/Missing",NA,NA,"No","20OCT2013","Sunday","Parallel Paths - Other Circumstances",14,"Non-Intersection","October","C: Possible Injury",51480,"Parallel Paths - Other / Unknown",2013,"Yes","Yes","Daylight","Straight - Level","Local Street","Dry","Two-Way, Not Divided","None","No Special Feature","Smooth Asphalt",0,0,0,0,0,0,0,"2 lanes",2,0,NA,0,NA
2070,1586,"Alliance","Pamlico","Coastal","Residential","Urban (>70% Developed)","NC 55","Rural","30 - 35  MPH","No Control Present","Clear","No",15,"11-15","No",NA,"With Traffic","B: Evident Injury","Sidewalk / Crosswalk / Driveway Crossing","White","Male",NA,"70+","No",NA,"31-35 mph","O: No Injury","White","Male","Sport Utility","No","27OCT2013","Sunday","Bicyclist Left Turn / Merge",20,"Non-Intersection","October","B: Evident Injury",72720,"Bicyclist Left Turn - Same Direction",2013,"Yes","No","Dark - Roadway Not Lighted","Straight - Level","NC Route","Dry","Two-Way, Divided, Unprotected Median","None","Driveway, Private","Smooth Asphalt",0,0,0,0,0,0,0,"5 lanes",2,0,NA,0,NA
2071,1592,"Lewisville","Forsyth","Piedmont","Residential","Mixed (30% To 70% Developed)","SEQUOIA DR","Urban","30 - 35  MPH","Stop Sign","Clear","No",49,"40-49","No",NA,"With Traffic","C: Possible Injury","Travel Lane","White","Male",63,"60-69","No",NA,"11-15 mph","O: No Injury","White","Female","Passenger Car","No","29OCT2013","Tuesday","Motorist Failed to Yield - Sign-Controlled Intersection",7,"Intersection","October","C: Possible Injury",26520,"Motorist Drive Through - Sign-Controlled Intersection",2013,"Yes","No","Daylight","Straight - Level","Local Street","Dry","Two-Way, Not Divided","None","Four-Way Intersection","Smooth Asphalt",0,0,0,0,0,0,0,"2 lanes",2,0,NA,0,NA
2072,1594,"Raleigh","Wake","Piedmont","Commercial","Urban (>70% Developed)","CAPITAL BLVD","Urban","40 - 45  MPH","No Control Present","Clear","No",42,"40-49","No",NA,"Facing Traffic","C: Possible Injury","Travel Lane","White","Male",57,"50-59","No",NA,"6-10 mph","O: No Injury","White","Male","Pickup","No","29OCT2013","Tuesday","Bicyclist Failed to Yield - Signalized Intersection",16,"Intersection","October","C: Possible Injury",60960,"Bicyclist Ride Through - Signalized Intersection",2013,"Yes","No","Daylight","Straight - Level","US Route","Dry","Two-Way, Divided, Positive Median Barrier","None","Four-Way Intersection","Coarse Asphalt",0,0,0,0,0,0,0,"3 lanes",2,0,NA,0,NA
2073,1566,"Wilmington","New Hanover","Coastal","Commercial","Urban (>70% Developed)","PVA MARKET ST","Urban",NA,"No Control Present","Cloudy","No",53,"50-59","No",NA,"Facing Traffic","B: Evident Injury","Sidewalk / Crosswalk / Driveway Crossing","White","Male",21,"20-24","No",NA,NA,"O: No Injury","Black","Male","Passenger Car","No","20SEP2013","Friday","Motorist Failed to Yield - Midblock",14,"Non-Intersection","September","B: Evident Injury",52140,"Motorist Drive Out - Commercial Driveway / Alley",2013,"Yes","No","Daylight","Straight - Level","US Route","Dry","Two-Way, Not Divided","None","Driveway, Public","Concrete",0,0,0,0,0,0,0,"5 lanes",2,0,NA,0,NA
2074,1573,"Greenville","Pitt","Coastal","Commercial","Urban (>70% Developed)","PORTERTOWN RD","Urban","30 - 35  MPH","No Control Present","Clear","No",46,"40-49","No",NA,"With Traffic","C: Possible Injury","Travel Lane","White","Female",37,"30-39","No",NA,"0-5 mph","O: No Injury","White","Male","Sport Utility","No","20OCT2013","Sunday","Bicyclist Left Turn / Merge",18,"Non-Intersection","October","C: Possible Injury",65040,"Bicyclist Left Turn - Same Direction",2013,"Yes","No","Daylight","Straight - Level","Local Street","Dry","Two-Way, Not Divided","None","No Special Feature","Smooth Asphalt",0,0,0,0,0,0,0,"5 lanes",2,0,NA,0,NA
2075,1561,"Elizabeth City","Pasquotank","Coastal","Residential","Urban (>70% Developed)","ROANOKE AVE","Urban","20 - 25  MPH","No Control Present","Cloudy","No",49,"40-49","No",NA,"Facing Traffic","O: No Injury","Travel Lane","Black","Male",49,"40-49","No",NA,"16-20 mph","O: No Injury","Black","Male","Passenger Car","No","08OCT2013","Tuesday","Parallel Paths - Other Circumstances",13,"Non-Intersection","October","O: No Injury",50160,"Parallel Paths - Other / Unknown",2013,"No","No","Daylight","Straight - Level","Local Street","Dry","Two-Way, Not Divided","None","No Special Feature","Smooth Asphalt",0,0,0,0,0,0,0,"2 lanes",2,0,NA,0,NA
2076,1581,"Erwin","Harnett","Coastal","Residential","Mixed (30% To 70% Developed)","DENIM DR","Rural","40 - 45  MPH","No Control Present","Rain","No",29,"25-29","No",NA,"With Traffic","C: Possible Injury","Travel Lane","White","Male",67,"60-69","No",NA,"11-15 mph","O: No Injury","Black","Male","Pickup","No","07OCT2013","Monday","Bicyclist Right Turn / Merge",14,"Non-Intersection","October","C: Possible Injury",53580,"Bicyclist Right Turn - Opposite Direction",2013,"Yes","No","Daylight","Straight - Level",NA,"Wet","Two-Way, Not Divided","None","No Special Feature","Coarse Asphalt",0,0,0,0,0,0,0,"2 lanes",2,0,NA,0,NA
2077,1548,"None - Rural Crash","Wake","Piedmont","Farms, Woods, Pastures","Rural (<30% Developed)","SR 1301","Rural","40 - 45  MPH","Double Yellow Line, No Passing Zone","Cloudy","No",62,"60-69","No",NA,"With Traffic","C: Possible Injury","Travel Lane","White","Female",NA,NA,"Missing",NA,"41-45 mph","Unknown Injury","Unknown/Missing",NA,"Passenger Car","No","12SEP2013","Thursday","Motorist Overtaking Bicyclist",19,"Non-Intersection","September","C: Possible Injury",68760,"Motorist Overtaking - Other / Unknown",2013,"No","Yes","Daylight","Straight - Level","State Secondary Route","Dry","Two-Way, Not Divided","None","No Special Feature","Smooth Asphalt",0,0,0,0,0,0,0,"2 lanes",2,0,NA,0,NA
2078,1536,"Charlotte","Mecklenburg","Piedmont","Commercial","Urban (>70% Developed)","NORTH TRYON STREET","Urban","40 - 45  MPH","Stop And Go Signal","Cloudy","No",53,"50-59","No",NA,"Facing Traffic","C: Possible Injury","Sidewalk / Crosswalk / Driveway Crossing","Black","Male",55,"50-59","No",NA,"0-5 mph","O: No Injury","Black","Female","Passenger Car","No","08OCT2013","Tuesday","Motorist Failed to Yield - Signalized Intersection",15,"Intersection","October","C: Possible Injury",55860,"Motorist Drive Out - Right Turn on Red",2013,"No","No","Daylight","Straight - Level","Local Street","Dry","Two-Way, Divided, Unprotected Median","None","T-Intersection","Smooth Asphalt",0,0,0,0,0,0,0,"2 lanes",2,0,NA,0,NA
2079,1546,"None - Rural Crash","Rockingham","Piedmont","Farms, Woods, Pastures","Rural (<30% Developed)","US 29","Rural","50 - 55  MPH","Stop Sign","Clear","No",58,"50-59","Yes",NA,"With Traffic","K: Killed","Travel Lane","Black","Male",41,"40-49","No",NA,"51-55 mph","B: Evident Injury","White","Male","Sport Utility","Yes","10OCT2013","Thursday","Bicyclist Failed to Yield - Sign-Controlled Intersection",19,"Intersection","October","K: Killed",70740,"Bicyclist Ride Through - Sign-Controlled Intersection",2013,"Yes","No","Dark - Roadway Not Lighted","Straight - Level","US Route","Dry","Two-Way, Divided, Unprotected Median","None","No Special Feature","Smooth Asphalt",0,0,0,0,0,0,0,"5 lanes",2,0,NA,0,NA
2080,1558,"None - Rural Crash","Lee","Piedmont","Farms, Woods, Pastures","Rural (<30% Developed)","SR 1167","Rural","50 - 55  MPH","Double Yellow Line, No Passing Zone","Cloudy","No",11,"11-15","No",NA,"Not Applicable","B: Evident Injury","Driveway / Alley","White","Male",49,"40-49","Yes",NA,"41-45 mph","O: No Injury","White","Male","Pickup","Yes","16OCT2013","Wednesday","Crossing Paths - Other Circumstances",19,"Intersection","October","B: Evident Injury",68580,"Crossing Paths - Uncontrolled Intersection",2013,"Yes","No","Dusk","Straight - Level","State Secondary Route","Dry","Two-Way, Not Divided","None","T-Intersection","Coarse Asphalt",0,0,0,0,0,0,0,"2 lanes",2,0,NA,0,NA
2081,1542,"Charlotte","Mecklenburg","Piedmont","Commercial","Urban (>70% Developed)","PROVIDENCE ROAD","Urban","30 - 35  MPH","Stop And Go Signal","Clear","No",10,"6-10","No",NA,"Not Applicable","O: No Injury","Sidewalk / Crosswalk / Driveway Crossing","White","Male",26,"25-29","No",NA,"0-5 mph","O: No Injury","White","Female","Passenger Car","No","25SEP2013","Wednesday","Motorist Left Turn / Merge",7,"Intersection","September","O: No Injury",27900,"Motorist Left Turn - Opposite Direction",2013,"Yes","No","Daylight","Straight - Level","Local Street","Wet","Two-Way, Not Divided","None","Four-Way Intersection","Smooth Asphalt",0,0,0,0,0,0,0,"7 lanes",2,0,NA,0,NA
2082,1526,"None - Rural Crash","Edgecombe","Coastal","Farms, Woods, Pastures","Mixed (30% To 70% Developed)","NC 97","Rural","50 - 55  MPH","No Control Present","Cloudy","No",42,"40-49","No",NA,"With Traffic","C: Possible Injury","Travel Lane","Black","Male",49,"40-49","No",NA,"51-55 mph","O: No Injury","White","Female","Passenger Car","No","06OCT2013","Sunday","Bicyclist Left Turn / Merge",14,"Non-Intersection","October","C: Possible Injury",51360,"Bicyclist Left Turn - Same Direction",2013,"Yes","No","Daylight","Straight - Level","NC Route","Dry","Two-Way, Not Divided","None","No Special Feature","Coarse Asphalt",0,0,0,0,0,0,0,"2 lanes",2,0,NA,0,NA
2083,1555,"Raleigh","Wake","Piedmont","Commercial","Urban (>70% Developed)","HILLSBOROUGH ST","Urban","30 - 35  MPH","Stop And Go Signal","Cloudy","No",31,"30-39","No",NA,"With Traffic","O: No Injury","Sidewalk / Crosswalk / Driveway Crossing","White","Male",33,"30-39","No",NA,"6-10 mph","O: No Injury","Black","Female","Passenger Car","No","12OCT2013","Saturday","Motorist Left Turn / Merge",9,"Intersection","October","O: No Injury",32580,"Motorist Left Turn - Opposite Direction",2013,"Yes","No","Daylight","Straight - Level","Local Street","Dry","Two-Way, Not Divided","None","No Special Feature","Coarse Asphalt",0,0,0,0,0,0,0,"3 lanes",2,0,NA,0,NA
2084,1524,"None - Rural Crash","Lee","Piedmont","Farms, Woods, Pastures","Rural (<30% Developed)","SR 1318","Rural","50 - 55  MPH","No Control Present","Clear","No",43,"40-49","Yes",NA,"With Traffic","A: Disabling Injury","Other","Black","Male",42,"40-49","Yes",NA,"46-50 mph","O: No Injury","White","Male","Pickup","Yes","05OCT2013","Saturday","Bicyclist Left Turn / Merge",18,"Non-Intersection","October","A: Disabling Injury",67680,"Bicyclist Left Turn - Same Direction",2013,"Yes","Yes","Daylight","Straight - Level","State Secondary Route","Dry","Two-Way, Not Divided","None","No Special Feature","Smooth Asphalt",0,0,0,0,0,0,0,"2 lanes",2,0,NA,0,NA
2085,1534,"Stanfield","Stanly","Piedmont","Residential","Mixed (30% To 70% Developed)","SR 1144","Rural","30 - 35  MPH","No Control Present","Clear","No",33,"30-39","No",NA,"With Traffic","B: Evident Injury","Travel Lane","White","Female",33,"30-39","Yes",NA,"31-35 mph","O: No Injury","White","Male",NA,"Yes","10SEP2013","Tuesday","Motorist Overtaking Bicyclist",19,"Non-Intersection","September","B: Evident Injury",69180,"Motorist Overtaking - Other / Unknown",2013,"Yes","Yes","Daylight","Straight - Grade","State Secondary Route","Dry","Two-Way, Not Divided","None","Driveway, Private","Smooth Asphalt",0,0,0,0,0,0,0,"2 lanes",2,0,NA,0,NA
2086,1540,"Spencer","Rowan","Piedmont","Commercial","Urban (>70% Developed)","US 29","Rural","30 - 35  MPH","No Control Present","Clear","No",53,"50-59","No",NA,"With Traffic","Unknown Injury","Travel Lane","White","Male",NA,"70+","No",NA,"11-15 mph","O: No Injury","White","Female","Passenger Car","No","15SEP2013","Sunday","Motorist Failed to Yield - Sign-Controlled Intersection",12,"Intersection","September","O: No Injury",44160,"Motorist Drive Out - Sign-Controlled Intersection",2013,"No","No","Daylight","Straight - Grade","NC Route","Dry","Two-Way, Not Divided","None","Driveway, Public","Coarse Asphalt",0,0,0,0,0,0,0,"4 lanes",2,0,NA,0,NA
2087,1625,"Raleigh","Wake","Piedmont","Commercial","Urban (>70% Developed)","HILLSBOROUGH ST","Urban","30 - 35  MPH","No Control Present","Clear","No",28,"25-29","No",NA,"With Traffic","C: Possible Injury","Bike Lane / Paved Shoulder","White","Male",NA,NA,"Missing",NA,"0-5 mph","Unknown Injury","Unknown/Missing",NA,"Sport Utility","No","13NOV2013","Wednesday","Bicyclist Overtaking Motorist",11,"Non-Intersection","November","C: Possible Injury",42780,"Bicyclist Overtaking - Parked Vehicle",2013,"No","No","Daylight","Straight - Level","Local Street","Dry","Two-Way, Divided, Positive Median Barrier","None","No Special Feature","Smooth Asphalt",0,0,0,0,0,0,0,"2 lanes",2,0,NA,0,NA