"...1","object_id","city","county","region","development","locality","on_road","rural_urban","speed_limit","traffic_control","weather","workzone","bike_age","bike_age_group","bike_alcohol","bike_alcohol_drugs","bike_direction","bike_injury","bike_position","bike_race","bike_sex","driver_age","driver_age_group","driver_alcohol","driver_alcohol_drugs","driver_est_speed","driver_injury","driver_race","driver_sex","driver_vehicle_type","crash_alcohol","crash_date","crash_day","crash_group","crash_hour","crash_location","crash_month","crash_severity","crash_time","crash_type","crash_year","ambulance_req","hit_run","light_condition","road_character","road_class","road_condition","road_configuration","road_defects","road_feature","road_surface","num_bikes_ai","num_bikes_bi","num_bikes_ci","num_bikes_ki","num_bikes_no","num_bikes_to","num_bikes_ui","num_lanes","num_units","distance_mi_from","frm_road","rte_invd_cd","towrd_road"
2088,1596,"Raleigh","Wake","Piedmont","Residential","Urban (>70% Developed)","DIXON DR","Urban","30 - 35  MPH","Stop And Go Signal","Clear","No",21,"20-24","No",NA,"Facing Traffic","O: No Injury","Sidewalk / Crosswalk / Driveway Crossing","Black","Male",51,"50-59","No",NA,"11-15 mph","O: No Injury","White","Male","Light Truck (Mini-Van, Panel)","No","30OCT2013","Wednesday","Bicyclist Failed to Yield - Signalized Intersection",12,"Intersection","October","O: No Injury",44160,"Bicyclist Ride Through - Signalized Intersection",2013,"Yes","No","Daylight","Straight - Level","Local Street","Dry","Two-Way, Not Divided","None","No Special Feature","Smooth Asphalt",0,0,0,0,0,0,0,"3 lanes",2,0,NA,0,NA
2089,1616,"New Bern","Craven","Coastal","Residential","Mixed (30% To 70% Developed)","NATIONAL AVE","Urban","30 - 35  MPH","Stop Sign","Clear","No",17,"16-19","No",NA,"With Traffic","C: Possible Injury","Travel Lane","Black","Male",NA,NA,"Missing",NA,"11-15 mph","Unknown Injury","Unknown/Missing",NA,NA,"No","07NOV2013","Thursday","Bicyclist Failed to Yield - Sign-Controlled Intersection",18,"Intersection-Related","November","C: Possible Injury",66660,"Bicyclist Ride Out - Sign-Controlled Intersection",2013,"No","Yes","Dusk","Straight - Level","Local Street","Dry","Two-Way, Not Divided","None","No Special Feature","Smooth Asphalt",0,0,0,0,0,0,0,"2 lanes",2,0,NA,0,NA
2090,1607,"None - Rural Crash","Lincoln","Piedmont","Residential","Rural (<30% Developed)","SR 1754","Rural","30 - 35  MPH","Double Yellow Line, No Passing Zone","Clear","No",54,"50-59","No",NA,"With Traffic","C: Possible Injury","Travel Lane","White","Female",38,"30-39","No",NA,"31-35 mph","O: No Injury","Hispanic","Female","Pickup","No","10NOV2013","Sunday","Loss of Control / Turning Error",15,"Intersection-Related","November","C: Possible Injury",55260,"Motorist Turning Error - Left Turn",2013,"No","No","Daylight","Straight - Level","State Secondary Route","Dry","Two-Way, Not Divided","None","Four-Way Intersection","Coarse Asphalt",0,0,0,0,0,0,0,"2 lanes",2,0,NA,0,NA
2091,1620,"High Point","Guilford","Piedmont","Commercial","Urban (>70% Developed)","NW CLOVERLEAF PL","Urban","30 - 35  MPH","Stop Sign","Clear","No",22,"20-24","No",NA,"Facing Traffic","C: Possible Injury","Travel Lane","Black","Male",NA,"70+","No",NA,"0-5 mph","O: No Injury","White","Male","Passenger Car","No","09OCT2013","Wednesday","Motorist Failed to Yield - Sign-Controlled Intersection",6,"Intersection","October","C: Possible Injury",23220,"Motorist Drive Out - Sign-Controlled Intersection",2013,"No","No","Dark - Lighted Roadway","Straight - Level","Local Street","Dry","Two-Way, Not Divided","None","T-Intersection","Coarse Asphalt",0,0,0,0,0,0,0,"5 lanes",2,0,NA,0,NA
2092,1635,"Asheville","Buncombe","Mountains","Residential","Urban (>70% Developed)","SULPHUR SPRINGS RD","Urban","30 - 35  MPH","No Control Present","Clear","No",33,"30-39","No",NA,"With Traffic","B: Evident Injury","Travel Lane","White","Male",24,"20-24","Yes",NA,"11-15 mph","O: No Injury","White","Male","Sport Utility","Yes","19OCT2013","Saturday","Motorist Left Turn / Merge",0,"Intersection","October","B: Evident Injury",120,"Motorist Left Turn - Opposite Direction",2013,"No","No","Dark - Lighted Roadway","Curve - Grade","Local Street","Dry","Two-Way, Not Divided","None","T-Intersection","Coarse Asphalt",0,0,0,0,0,0,0,"2 lanes",2,0,NA,0,NA
2093,1634,"Raleigh","Wake","Piedmont","Residential","Urban (>70% Developed)","WHITTINGTON DR","Urban","20 - 25  MPH","Stop Sign","Clear","No",11,"11-15","No",NA,"With Traffic","O: No Injury","Travel Lane","White","Male",44,"40-49","No",NA,"21-25 mph","O: No Injury","White","Male","Passenger Car","No","05NOV2013","Tuesday","Bicyclist Failed to Yield - Sign-Controlled Intersection",21,"Intersection","November","O: No Injury",75960,"Bicyclist Ride Through - Sign-Controlled Intersection",2013,"No","No","Daylight","Straight - Level","Local Street","Dry","Two-Way, Not Divided","None","T-Intersection","Smooth Asphalt",0,0,0,0,0,0,0,NA,2,0,NA,0,NA
2094,2175,"Hickory","Catawba","Piedmont","Commercial","Urban (>70% Developed)",NA,"Urban","30 - 35  MPH","No Control Present","Clear","No",15,"11-15","No",NA,"With Traffic","B: Evident Injury","Sidewalk / Crosswalk / Driveway Crossing","Native American","Male",NA,NA,"Missing",NA,"16-20 mph","Unknown Injury","Unknown/Missing",NA,NA,"No","28JUN2012","Thursday","Parallel Paths - Other Circumstances",11,"Non-Intersection","June","B: Evident Injury",39900,"Bicyclist Ride Out - Parallel Path",2012,"No","Yes","Daylight","Straight - Level","Local Street","Dry","Two-Way, Not Divided","None","No Special Feature","Coarse Asphalt",0,0,0,0,0,0,0,"3 lanes",2,0,NA,0,NA
2095,2169,"None - Rural Crash","Transylvania","Mountains","Farms, Woods, Pastures","Rural (<30% Developed)",NA,"Rural","40 - 45  MPH","Double Yellow Line, No Passing Zone","Clear","No",17,"16-19","No",NA,"Not Applicable","B: Evident Injury","Driveway / Alley","White","Male",17,"0-19","No",NA,"36-40 mph","O: No Injury","White","Male","Pickup","No","02JUL2012","Monday","Bicyclist Failed to Yield - Midblock",15,"Non-Intersection","July","B: Evident Injury",54240,"Bicyclist Ride Out - Residential Driveway",2012,"Yes","No","Daylight","Curve - Level","State Secondary Route","Dry","Two-Way, Not Divided","None","No Special Feature","Smooth Asphalt",0,0,0,0,0,0,0,"2 lanes",2,0,NA,0,NA
2096,2141,"Raleigh","Wake","Piedmont","Residential","Urban (>70% Developed)",NA,"Urban","40 - 45  MPH","Stop And Go Signal","Cloudy","No",21,"20-24","No",NA,"With Traffic","B: Evident Injury","Sidewalk / Crosswalk / Driveway Crossing","White","Female",63,"60-69","No",NA,"6-10 mph","O: No Injury","White","Male","Pickup","No","11JUN2012","Monday","Motorist Right Turn / Merge",17,"Intersection","June","B: Evident Injury",64500,"Motorist Right Turn - Same Direction",2012,"No","No","Daylight","Straight - Level","Local Street","Wet","Two-Way, Divided, Unprotected Median","None","Four-Way Intersection","Smooth Asphalt",0,0,0,0,0,0,0,"9 or more lanes",2,0,NA,0,NA
2097,2136,"None - Rural Crash","Craven","Coastal","Residential","Urban (>70% Developed)",NA,"Rural","40 - 45  MPH","Double Yellow Line, No Passing Zone","Clear","No",16,"16-19","No",NA,"With Traffic","B: Evident Injury","Travel Lane","White","Male",40,"40-49","No",NA,"26-30 mph","O: No Injury","White","Male","Pickup","No","14JUN2012","Thursday","Bicyclist Left Turn / Merge",17,"Non-Intersection","June","B: Evident Injury",61800,"Bicyclist Left Turn - Same Direction",2012,"No","No","Daylight","Straight - Level","State Secondary Route","Dry","Two-Way, Not Divided","None","No Special Feature","Coarse Asphalt",0,0,0,0,0,0,0,"2 lanes",2,0,NA,0,NA
2098,2142,"None - Rural Crash","Lenoir","Coastal","Residential","Rural (<30% Developed)",NA,"Rural","40 - 45  MPH","No Control Present","Clear","No",16,"16-19","No",NA,"With Traffic","B: Evident Injury","Travel Lane","Black","Male",48,"40-49","No",NA,"41-45 mph","O: No Injury","Black","Female","Passenger Car","No","20JUN2012","Wednesday","Motorist Overtaking Bicyclist",13,"Non-Intersection","June","B: Evident Injury",50100,"Motorist Overtaking - Bicyclist Swerved",2012,"Yes","No","Daylight","Straight - Level","State Secondary Route","Dry","Two-Way, Not Divided","None","No Special Feature","Coarse Asphalt",0,0,0,0,0,0,0,"2 lanes",2,0,NA,0,NA
2099,2140,"Salisbury","Rowan","Piedmont","Commercial","Urban (>70% Developed)",NA,"Urban",NA,"Stop Sign","Clear","No",17,"16-19","No",NA,"Facing Traffic","C: Possible Injury","Travel Lane","White","Male",22,"20-24","No",NA,NA,"O: No Injury","Hispanic","Male","Passenger Car","No","20JUN2012","Wednesday","Motorist Failed to Yield - Sign-Controlled Intersection",11,"Intersection","June","C: Possible Injury",41820,"Motorist Drive Out - Sign-Controlled Intersection",2012,"No","No","Daylight","Straight - Level","Local Street","Dry","Two-Way, Not Divided","None","T-Intersection","Smooth Asphalt",0,0,0,0,0,0,0,"2 lanes",2,0,NA,0,NA
2100,2138,"Charlotte","Mecklenburg","Piedmont","Commercial","Urban (>70% Developed)",NA,"Urban","40 - 45  MPH","Stop And Go Signal","Clear","No",45,"40-49","No",NA,"With Traffic","C: Possible Injury","Travel Lane","White","Male",NA,NA,"Missing",NA,"6-10 mph","Unknown Injury","Unknown/Missing",NA,NA,"No","15JUN2012","Friday","Motorist Overtaking Bicyclist",16,"Intersection","June","C: Possible Injury",58920,"Motorist Overtaking - Other / Unknown",2012,"No","Yes","Daylight","Straight - Level","Local Street","Dry","Two-Way, Not Divided","None","No Special Feature","Concrete",0,0,0,0,0,0,0,"4 lanes",2,0,NA,0,NA
2101,320,"Kannapolis","Cabarrus","Piedmont","Residential","Urban (>70% Developed)","CONCORD LAKE RD","Urban","40 - 45  MPH","No Control Present","Clear","No",14,"11-15",NA,"No","Facing Traffic","C: Possible Injury","Travel Lane","Black","Male",40,"40-49",NA,"No","16-20 mph","O: No Injury","White","Male","Pickup","No","29JUN2014","Sunday","Head-On",16,"Non-Intersection","June","C: Possible Injury",58020,"Head-On - Bicyclist",2014,"Yes","No","Daylight","Straight - Grade","Local Street","Dry","Two-Way, Not Divided","None","No Special Feature","Smooth Asphalt",0,0,1,0,0,1,0,"2 lanes",2,0.057,"MT OLIVET RD",30000003,"GROVE ST"
2102,325,"Raleigh","Wake","Piedmont","Commercial","Urban (>70% Developed)","HILLSBOROUGH ST","Urban","30 - 35  MPH","No Control Present","Clear","No",28,"25-29",NA,"No","With Traffic","O: No Injury","Travel Lane","White","Male",39,"30-39",NA,"No","26-30 mph","O: No Injury","White","Male","Passenger Car","No","25JUN2014","Wednesday","Motorist Overtaking Bicyclist",11,"Non-Intersection","June","O: No Injury",42000,"Motorist Overtaking - Other / Unknown",2014,"No","No","Daylight","Straight - Level","Local Street","Dry","Two-Way, Divided, Unprotected Median","None","No Special Feature","Smooth Asphalt",0,0,0,0,1,1,0,"2 lanes",2,0.038,"FAIRCLOTH ST",40003007,"MEREDITH COLLEGE"
2103,328,"None - Rural Crash","Craven","Coastal","Farms, Woods, Pastures","Rural (<30% Developed)","US 70","Rural","50 - 55  MPH","Stop Sign","Clear","No",12,"11-15",NA,"No","Not Applicable","B: Evident Injury","Travel Lane","Other","Male",55,"50-59",NA,"Yes-Alcohol,  impairment suspected","56-60 mph","O: No Injury","White","Male","Pickup","Yes","12JUN2014","Thursday","Crossing Paths - Other Circumstances",14,"Intersection","June","B: Evident Injury",50700,"Sign-Controlled Intersection - Other / Unknown",2014,"No","No","Daylight","Curve - Grade","US Route","Dry","Two-Way, Divided, Unprotected Median","None","Four-Way Intersection","Coarse Asphalt",0,1,0,0,0,1,0,"4 lanes",2,0,"1104",20000070,"1156"
2104,341,"None - Rural Crash","Wayne","Coastal","Residential","Mixed (30% To 70% Developed)","SR 1880","Rural","20 - 25  MPH","No Control Present","Clear","No",7,"6-10",NA,"No","Not Applicable","O: No Injury","Driveway / Alley","White","Male",NA,"70+",NA,"No","11-15 mph","O: No Injury","White","Female","Passenger Car","No","05JUL2014","Saturday","Bicyclist Failed to Yield - Midblock",11,"Non-Intersection","July","O: No Injury",42900,"Bicyclist Ride Out - Residential Driveway",2014,"No","No","Daylight","Straight - Level","State Secondary Route","Dry","Two-Way, Not Divided","None","Driveway, Private","Coarse Asphalt",0,0,0,0,1,1,0,"2 lanes",2,0.08,"1855",40001880,"BRYANWOOD PL"
2105,343,"None - Rural Crash","Bladen","Coastal","Farms, Woods, Pastures","Rural (<30% Developed)","US 701","Rural","50 - 55  MPH","No Control Present","Clear","No",46,"40-49",NA,"No","With Traffic","C: Possible Injury","Bike Lane / Paved Shoulder","White","Male",48,"40-49",NA,"No","51-55 mph","O: No Injury","White","Male","Pickup","No","03JUL2014","Thursday","Motorist Right Turn / Merge",10,"Non-Intersection","July","C: Possible Injury",37500,"Motorist Right Turn - Same Direction",2014,"No","No","Daylight","Straight - Level","US Route","Dry","Two-Way, Not Divided","None","No Special Feature","Smooth Asphalt",0,0,1,0,0,1,0,"2 lanes",2,0.1,"1557",20000701,"1512"
2106,362,"None - Rural Crash","Guilford","Piedmont","Farms, Woods, Pastures","Rural (<30% Developed)","SR 2778","Rural","40 - 45  MPH","Stop Sign","Clear","No",63,"60-69",NA,"No","With Traffic","C: Possible Injury","Travel Lane","Black","Male",NA,NA,NA,"Missing","6-10 mph","Unknown Injury","Unknown/Missing",NA,"Sport Utility","No","29JUL2014","Tuesday","Motorist Failed to Yield - Sign-Controlled Intersection",9,"Intersection","July","C: Possible Injury",33600,"Motorist Drive Out - Sign-Controlled Intersection",2014,"No","Yes","Daylight","Straight - Level","State Secondary Route","Dry","Two-Way, Not Divided","None","Four-Way Intersection","Smooth Asphalt",0,0,1,0,0,1,0,"2 lanes",2,0,"2777",40002778,"2733"
2107,366,"Burlington","Alamance","Piedmont","Residential","Urban (>70% Developed)","MOREHEAD ST","Urban","30 - 35  MPH","Stop Sign","Cloudy","No",9,"6-10",NA,"No","Facing Traffic","B: Evident Injury","Travel Lane","Black","Male",46,"40-49",NA,"No","26-30 mph","O: No Injury","White","Female","Sport Utility","No","13JUN2014","Friday","Bicyclist Failed to Yield - Sign-Controlled Intersection",14,"Intersection","June","B: Evident Injury",52020,"Bicyclist Ride Through - Sign-Controlled Intersection",2014,"Yes","No","Daylight","Straight - Grade","Local Street","Dry","Two-Way, Not Divided","None","Four-Way Intersection","Smooth Asphalt",0,1,0,0,0,1,0,NA,2,0,"EVERETT ST",50020528,NA
2108,377,"Raleigh","Wake","Piedmont","Commercial","Urban (>70% Developed)","BLOUNT ST","Urban","30 - 35  MPH","No Control Present","Clear","No",27,"25-29",NA,"No","Not Applicable","C: Possible Injury","Sidewalk / Crosswalk / Driveway Crossing","White","Male",55,"50-59",NA,"No","21-25 mph","O: No Injury","Black","Female","Van","No","30JUL2014","Wednesday","Bicyclist Failed to Yield - Midblock",16,"Non-Intersection","July","C: Possible Injury",58500,"Multiple Threat - Midblock",2014,"No","No","Daylight","Straight - Level","Local Street","Dry","One-Way, Not Divided","None","No Special Feature","Smooth Asphalt",0,0,1,0,0,1,0,"3 lanes",2,0.034,"HARGETT ST",40003670,"MARTIN ST"
2109,380,"Asheville","Buncombe","Mountains","Commercial","Urban (>70% Developed)","19","Urban","30 - 35  MPH","Flashing Stop And Go Signal","Rain","No",12,"11-15",NA,"No","Facing Traffic","C: Possible Injury","Sidewalk / Crosswalk / Driveway Crossing","White","Male",57,"50-59",NA,"No","0-5 mph","O: No Injury","White","Female","Passenger Car","No","18JUL2014","Friday","Crossing Paths - Other Circumstances",17,"Intersection","July","C: Possible Injury",64140,"Signalized Intersection - Other / Unknown",2014,"No","No","Daylight","Straight - Level","US Route","Dry","Two-Way, Divided, Unprotected Median","None","No Special Feature","Smooth Asphalt",0,0,1,0,0,1,0,"3 lanes",2,0,"ON RAMP TO I240 E",0,"240"
2110,382,"None - Rural Crash","Davidson","Piedmont","Residential","Mixed (30% To 70% Developed)","SR 2183","Rural","40 - 45  MPH","Double Yellow Line, No Passing Zone","Cloudy","No",48,"40-49",NA,"No","With Traffic","C: Possible Injury","Bike Lane / Paved Shoulder","White","Male",31,"30-39",NA,"No","31-35 mph","O: No Injury","White","Female","Passenger Car","No","27JUL2014","Sunday","Motorist Overtaking Bicyclist",22,"Non-Intersection","July","C: Possible Injury",79500,"Motorist Overtaking - Other / Unknown",2014,"Yes","No","Dusk","Straight - Level","State Secondary Route","Dry","Two-Way, Not Divided","None","No Special Feature","Smooth Asphalt",0,0,1,0,0,1,0,"2 lanes",2,0.3,"2183",40002183,"2118"
2111,387,"Kings Mountain","Cleveland","Mountains","Residential","Urban (>70% Developed)","SHELBY RD","Urban","30 - 35  MPH","No Control Present","Clear","No",22,"20-24",NA,"No","Facing Traffic","B: Evident Injury","Travel Lane","White","Male",59,"50-59",NA,"No","11-15 mph","O: No Injury","White","Female","Light Truck (Mini-Van, Panel)","No","07AUG2014","Thursday","Motorist Failed to Yield - Sign-Controlled Intersection",7,"Intersection","August","B: Evident Injury",28200,"Motorist Drive Out - Sign-Controlled Intersection",2014,"Yes","No","Daylight","Straight - Hillcrest","Local Street","Dry","Two-Way, Divided, Positive Median Barrier","None","No Special Feature","Smooth Asphalt",0,1,0,0,0,1,0,"4 lanes",2,0,"GARRISON DR",50027834,NA
2112,390,"Charlotte","Mecklenburg","Piedmont","Commercial","Urban (>70% Developed)","CLANTON RD","Urban",NA,"No Control Present","Cloudy","No",56,"50-59",NA,"No","Facing Traffic","C: Possible Injury","Sidewalk / Crosswalk / Driveway Crossing","Black","Male",55,"50-59",NA,"No",NA,"O: No Injury","White","Male","Pickup","No","31JUL2014","Thursday","Motorist Failed to Yield - Midblock",17,"Non-Intersection","July","C: Possible Injury",63840,"Motorist Drive Out - Commercial Driveway / Alley",2014,"Yes","No","Daylight","Straight - Level","Local Street","Dry","Two-Way, Not Divided","None","Driveway, Public","Concrete",0,0,1,0,0,1,0,"2 lanes",2,0.121,"S TRYON ST",50006151,"SY VARDELL LN"
2113,391,"Elizabeth City","Pasquotank","Coastal","Commercial","Mixed (30% To 70% Developed)","N ROAD ST","Urban","40 - 45  MPH","Stop And Go Signal","Clear","No",59,"50-59",NA,"No","With Traffic","B: Evident Injury","Bike Lane / Paved Shoulder","Black","Male",40,"40-49",NA,"No","36-40 mph","O: No Injury","White","Male","Sport Utility","No","07AUG2014","Thursday","Motorist Overtaking Bicyclist",18,"Intersection-Related","August","B: Evident Injury",66720,"Motorist Overtaking - Bicyclist Swerved",2014,"Yes","No","Daylight","Straight - Level","Local Street","Dry","Two-Way, Divided, Unprotected Median","None","No Special Feature","Smooth Asphalt",0,1,0,0,0,1,0,"5 lanes",2,0,"RUSSELL LN",20000017,"VILLA DR"
2114,401,"None - Rural Crash","Forsyth","Piedmont","Farms, Woods, Pastures","Rural (<30% Developed)","SR 1455","Rural","40 - 45  MPH","Double Yellow Line, No Passing Zone","Clear","No",50,"50-59",NA,"No","With Traffic","B: Evident Injury","Travel Lane","White","Female",23,"20-24",NA,"No","41-45 mph","O: No Injury","White","Male","Pickup","No","29JUL2014","Tuesday","Motorist Overtaking Bicyclist",19,"Non-Intersection","July","B: Evident Injury",69000,"Motorist Overtaking - Misjudged Space",2014,"Yes","No","Daylight","Straight - Grade","State Secondary Route","Dry","Two-Way, Not Divided","None","No Special Feature","Coarse Asphalt",0,1,0,0,0,1,0,"2 lanes",2,0.038,"1454",40001455,"2392"
2115,402,"None - Rural Crash","Harnett","Coastal","Farms, Woods, Pastures","Rural (<30% Developed)","SR 1115","Rural","40 - 45  MPH","Double Yellow Line, No Passing Zone","Clear","No",15,"11-15",NA,"No","With Traffic","O: No Injury","Travel Lane","White","Male",60,"60-69",NA,"No","41-45 mph","C: Possible Injury","White","Male","Motorcycle","No","29JUL2014","Tuesday","Motorist Overtaking Bicyclist",18,"Non-Intersection","July","C: Possible Injury",67440,"Motorist Overtaking - Other / Unknown",2014,"No","No","Daylight","Straight - Hillcrest","State Secondary Route","Dry","Two-Way, Not Divided","None","No Special Feature","Coarse Asphalt",0,0,0,0,1,1,0,"2 lanes",2,0.5,"27",40001115,"87"
2116,405,"Patterson Springs","Cleveland","Mountains","Residential","Mixed (30% To 70% Developed)","NC 180","Rural","40 - 45  MPH","Double Yellow Line, No Passing Zone","Cloudy","No",13,"11-15",NA,"No","With Traffic","C: Possible Injury","Travel Lane","Black","Male",61,"60-69",NA,"No","31-35 mph","O: No Injury","White","Male","Pickup","No","27JUL2014","Sunday","Motorist Overtaking Bicyclist",22,"Non-Intersection","July","C: Possible Injury",81360,"Motorist Overtaking - Undetected Bicyclist",2014,"Yes","No","Dark - Roadway Not Lighted","Straight - Level","NC Route","Wet","Two-Way, Not Divided","None","No Special Feature","Smooth Asphalt",0,0,1,0,0,1,0,"2 lanes",2,0.15,"226",30000180,"1282"
2117,415,"None - Rural Crash","Johnston","Coastal","Farms, Woods, Pastures","Rural (<30% Developed)","SR 2105","Rural","40 - 45  MPH","No Control Present","Clear","No",11,"11-15",NA,"No","With Traffic","C: Possible Injury","Travel Lane","Hispanic","Male",57,"50-59",NA,"No","26-30 mph","O: No Injury","White","Female","Passenger Car","No","29JUL2014","Tuesday","Other / Unusual Circumstances",20,"Non-Intersection","July","C: Possible Injury",72060,"Play Vehicle-Related",2014,"No","No","Dusk","Straight - Level","State Secondary Route","Dry","Two-Way, Not Divided","None","No Special Feature","Coarse Asphalt",0,0,1,0,0,1,0,"2 lanes",2,0.1,"2104",40002105,"2168"
2118,416,"Burlington","Alamance","Piedmont","Commercial","Urban (>70% Developed)","S MEBANE ST","Urban","30 - 35  MPH","Stop And Go Signal","Clear","No",14,"11-15",NA,"No","With Traffic","B: Evident Injury","Travel Lane","Hispanic","Male",67,"60-69",NA,"No","31-35 mph","O: No Injury","White","Female","Passenger Car","No","14AUG2014","Thursday","Bicyclist Failed to Yield - Signalized Intersection",12,"Intersection-Related","August","B: Evident Injury",44100,"Bicyclist Ride Through - Signalized Intersection",2014,"Yes","No","Daylight","Straight - Grade","Local Street","Dry","Two-Way, Not Divided","None","Four-Way Intersection","Smooth Asphalt",0,1,0,0,0,1,0,"5 lanes",2,0.001,"E SIXTH ST",40001363,"SUMMIT AVE"
2119,418,"None - Rural Crash","Sampson","Coastal","Farms, Woods, Pastures","Rural (<30% Developed)","SR 1476","Rural","50 - 55  MPH","No Control Present","Cloudy","No",55,"50-59",NA,"No","With Traffic","B: Evident Injury","Travel Lane","White","Male",64,"60-69",NA,"No","31-35 mph","O: No Injury","Black","Female","Passenger Car","No","16JUL2014","Wednesday","Motorist Overtaking Bicyclist",5,"Non-Intersection","July","B: Evident Injury",21540,"Motorist Overtaking - Other / Unknown",2014,"Yes","No","Dawn","Straight - Level","State Secondary Route","Dry","Two-Way, Not Divided","None","No Special Feature","Coarse Asphalt",0,1,0,0,0,1,0,"2 lanes",2,0.6,"13",40001476,"1607"
2120,419,"Wrightsville Beach",NA,"Coastal","Residential","Urban (>70% Developed)","N LUMINA AVE","Rural","20 - 25  MPH","No Control Present","Clear","No",23,"20-24",NA,"No","With Traffic","B: Evident Injury","Travel Lane","White","Male",25,"25-29",NA,"Yes-Alcohol,  impairment suspected","16-20 mph","O: No Injury","White","Male",NA,"Yes","04JUL2014","Friday","Motorist Overtaking Bicyclist",16,"Intersection-Related","July","B: Evident Injury",60480,"Motorist Overtaking - Other / Unknown",2014,"No","Yes","Daylight","Straight - Level","Local Street","Dry","Two-Way, Not Divided","None","No Special Feature","Coarse Asphalt",0,1,0,0,0,1,0,"2 lanes",2,0.006,"LAGOON DR",20000074,"SANDPIPER ST"
2121,429,"Hickory","Catawba","Piedmont","Residential","Urban (>70% Developed)","2ND AVE","Urban","30 - 35  MPH","Stop And Go Signal","Clear","No",14,"11-15",NA,"No","Facing Traffic","C: Possible Injury","Sidewalk / Crosswalk / Driveway Crossing","White","Male",30,"30-39",NA,"No","21-25 mph","O: No Injury","White","Male","Pickup","No","02JUL2014","Wednesday","Bicyclist Failed to Yield - Signalized Intersection",15,"Intersection","July","C: Possible Injury",54780,"Bicyclist Ride Out - Signalized  Intersection",2014,"No","Yes","Daylight","Straight - Grade","Local Street","Dry","Two-Way, Not Divided","None","Related To Intersection","Coarse Asphalt",0,0,1,0,0,1,0,"2 lanes",2,0,"17TH ST",50027472,"1ST AVE"
2122,431,"Washington","Beaufort","Coastal","Commercial","Urban (>70% Developed)","JOHN SMALL AVE","Urban","30 - 35  MPH","No Control Present","Clear","No",34,"30-39",NA,"No","Facing Traffic","B: Evident Injury","Travel Lane","White","Male",56,"50-59",NA,"No","21-25 mph","O: No Injury","White","Male","Passenger Car","No","30JUL2014","Wednesday","Bicyclist Failed to Yield - Sign-Controlled Intersection",5,"Intersection","July","B: Evident Injury",18840,"Bicyclist Ride Out - Sign-Controlled Intersection",2014,"Yes","No","Dark - Lighted Roadway","Straight - Level","Local Street","Dry","Two-Way, Not Divided","None","Four-Way Intersection","Coarse Asphalt",0,1,0,0,0,1,0,"5 lanes",2,0,"HODGES AVE",20000264,"HUDNELL ST"
2123,434,"High Point","Guilford","Piedmont","Commercial","Urban (>70% Developed)","EASTCHESTER DR","Urban",NA,"Stop Sign","Clear","No",14,"11-15",NA,"No","Not Applicable","C: Possible Injury","Non-Roadway","Black","Male",17,"0-19",NA,"No","6-10 mph","O: No Injury","White","Female","Passenger Car","No","20JUL2014","Sunday","Non-Roadway",21,"Non-Roadway","July","C: Possible Injury",78120,"Non-Roadway",2014,"Yes","No","Daylight","Straight - Level","Public Vehicular Area","Dry","Two-Way, Not Divided","None","Driveway, Public","Coarse Asphalt",0,0,1,0,0,1,0,NA,2,0,"265 EASTCHESTER DR",50005883,NA
2124,440,"None - Rural Crash","Haywood","Mountains","Farms, Woods, Pastures","Mixed (30% To 70% Developed)","SR 1513","Rural","40 - 45  MPH","Double Yellow Line, No Passing Zone","Clear","No",52,"50-59",NA,"No","With Traffic","C: Possible Injury","Travel Lane","White","Male",17,"0-19",NA,"No","21-25 mph","O: No Injury","White","Male","Sport Utility","No","16AUG2014","Saturday","Head-On",9,"Intersection-Related","August","C: Possible Injury",35220,"Head-On - Motorist",2014,"Yes","No","Daylight","Straight - Level","State Secondary Route","Dry","Two-Way, Not Divided","None","T-Intersection","Smooth Asphalt",0,0,1,0,0,1,0,"2 lanes",2,0.006,"1519",40001513,"1654"
2125,449,"Cary","Wake","Piedmont","Commercial","Urban (>70% Developed)","KILDAIRE FARM RD","Urban","30 - 35  MPH","Stop And Go Signal","Clear","No",NA,NA,NA,"No","Facing Traffic","Unknown Injury","Travel Lane","White","Female",32,"30-39",NA,"No","6-10 mph","O: No Injury","White","Female","Sport Utility","No","11JUL2014","Friday","Bicyclist Failed to Yield - Signalized Intersection",8,"Intersection","July","O: No Injury",32100,"Bicyclist Ride Through - Signalized Intersection",2014,"No","No","Daylight","Straight - Level","State Secondary Route","Dry","Two-Way, Not Divided","None","Four-Way Intersection","Smooth Asphalt",0,0,0,0,0,1,1,"6 lanes",2,0,"MAYNARD RD",40001300,"MEDCON CT"
2126,452,"Mooresville","Iredell","Piedmont","Commercial","Mixed (30% To 70% Developed)","PROMENADE DR","Urban","30 - 35  MPH","Stop Sign","Clear","No",34,"30-39",NA,"No","Facing Traffic","B: Evident Injury","Sidewalk / Crosswalk / Driveway Crossing","White","Female",17,"0-19",NA,"No","0-5 mph","O: No Injury","White","Female","Sport Utility","No","16AUG2014","Saturday","Motorist Failed to Yield - Sign-Controlled Intersection",11,"Intersection","August","B: Evident Injury",40140,"Motorist Drive Out - Sign-Controlled Intersection",2014,"Yes","No","Daylight","Straight - Hillcrest","Local Street","Dry","Two-Way, Not Divided","None","T-Intersection","Smooth Asphalt",0,1,0,0,0,1,0,"2 lanes",2,0,"BRAWLEY SCHOOL RD",40001100,"OAK TREE RD"