"...1","object_id","city","county","region","development","locality","on_road","rural_urban","speed_limit","traffic_control","weather","workzone","bike_age","bike_age_group","bike_alcohol","bike_alcohol_drugs","bike_direction","bike_injury","bike_position","bike_race","bike_sex","driver_age","driver_age_group","driver_alcohol","driver_alcohol_drugs","driver_est_speed","driver_injury","driver_race","driver_sex","driver_vehicle_type","crash_alcohol","crash_date","crash_day","crash_group","crash_hour","crash_location","crash_month","crash_severity","crash_time","crash_type","crash_year","ambulance_req","hit_run","light_condition","road_character","road_class","road_condition","road_configuration","road_defects","road_feature","road_surface","num_bikes_ai","num_bikes_bi","num_bikes_ci","num_bikes_ki","num_bikes_no","num_bikes_to","num_bikes_ui","num_lanes","num_units","distance_mi_from","frm_road","rte_invd_cd","towrd_road"
2127,454,"None - Rural Crash","Pitt","Coastal","Farms, Woods, Pastures","Mixed (30% To 70% Developed)","NC 43","Rural","50 - 55  MPH","No Control Present","Clear","No",26,"25-29",NA,"No","With Traffic","C: Possible Injury","Travel Lane","Other","Female",63,"60-69",NA,"No","31-35 mph","O: No Injury","White","Female","Passenger Car","No","13AUG2014","Wednesday","Motorist Overtaking Bicyclist",18,"Non-Intersection","August","C: Possible Injury",65760,"Motorist Overtaking - Other / Unknown",2014,"Yes","No","Daylight","Straight - Level","NC Route","Dry","Two-Way, Not Divided","None","No Special Feature","Coarse Asphalt",0,0,1,0,0,1,0,"2 lanes",2,0.3,"222",30000043,"1437"
2128,455,"None - Rural Crash","Randolph","Piedmont","Farms, Woods, Pastures","Rural (<30% Developed)","NC 22","Rural","50 - 55  MPH","Double Yellow Line, No Passing Zone","Clear","No",42,"40-49",NA,"No","With Traffic","B: Evident Injury","Travel Lane","White","Male",28,"25-29",NA,"No","51-55 mph","O: No Injury","Native American","Male","Pickup","No","26AUG2014","Tuesday","Motorist Overtaking Bicyclist",10,"Non-Intersection","August","B: Evident Injury",38220,"Motorist Overtaking - Other / Unknown",2014,"No","No","Daylight","Straight - Level","NC Route","Dry","Two-Way, Not Divided","None","No Special Feature","Smooth Asphalt",0,1,0,0,0,1,0,"2 lanes",2,2.6,"2628",30000022,"2642"
2129,459,"Rocky Mount","Nash","Coastal","Commercial","Urban (>70% Developed)","SUNSET AVE","Urban","30 - 35  MPH","Stop And Go Signal","Clear","No",54,"50-59",NA,"No","Facing Traffic","B: Evident Injury","Sidewalk / Crosswalk / Driveway Crossing","White","Male",36,"30-39",NA,"No","0-5 mph","O: No Injury","Black","Female","Sport Utility","No","29AUG2014","Friday","Motorist Failed to Yield - Signalized Intersection",15,"Intersection","August","B: Evident Injury",55380,"Motorist Drive Out - Signalized Intersection",2014,"Yes","No","Daylight","Straight - Level","Local Street","Dry","One-Way, Not Divided","None","No Special Feature","Smooth Asphalt",0,1,0,0,0,1,0,"3 lanes",2,0,"N GRACE ST",29000064,"S PERAL ST"
2130,466,"Wilmington","New Hanover","Coastal","Commercial","Urban (>70% Developed)","N FRONT ST","Urban","20 - 25  MPH","Stop Sign","Clear","No",21,"20-24",NA,"No","Facing Traffic","C: Possible Injury","Sidewalk / Crosswalk / Driveway Crossing","Black","Male",NA,"70+",NA,"No","0-5 mph","O: No Injury","White","Male","Passenger Car","No","19AUG2014","Tuesday","Crossing Paths - Other Circumstances",7,"Intersection","August","C: Possible Injury",27900,"Sign-Controlled Intersection - Other / Unknown",2014,"No","No","Daylight","Straight - Level","Local Street","Dry","Two-Way, Not Divided","None","Four-Way Intersection","Coarse Asphalt",0,0,1,0,0,1,0,"2 lanes",2,0,"PRINCESS ST",50011260,"MARKET ST"
2131,469,"Gastonia","Gaston","Piedmont","Residential","Urban (>70% Developed)","HILLCREST AVE","Urban","30 - 35  MPH","Stop Sign","Clear","No",12,"11-15",NA,"No","With Traffic","C: Possible Injury","Travel Lane","Black","Male",25,"25-29",NA,"No","31-35 mph","O: No Injury","Black","Female","Passenger Car","No","11JUL2014","Friday","Bicyclist Failed to Yield - Sign-Controlled Intersection",18,"Intersection","July","C: Possible Injury",65280,"Bicyclist Ride Through - Sign-Controlled Intersection",2014,"Yes","No","Daylight","Straight - Level","Local Street","Dry","Two-Way, Not Divided","None","Four-Way Intersection","Coarse Asphalt",0,0,1,0,0,1,0,"2 lanes",2,0,"SPRINGDALE LN",0,"MILLER ST"
2132,473,"Greenville","Pitt","Coastal","Commercial","Urban (>70% Developed)","PVA 703 SE GREENVILLE BLVD","Urban","30 - 35  MPH","Stop Sign","Clear","No",51,"50-59",NA,"No","Facing Traffic","C: Possible Injury","Sidewalk / Crosswalk / Driveway Crossing","Black","Male",67,"60-69",NA,"No","0-5 mph","O: No Injury","Black","Female","Passenger Car","No","03SEP2014","Wednesday","Motorist Failed to Yield - Sign-Controlled Intersection",16,"Intersection","September","C: Possible Injury",59580,"Motorist Drive Out - Sign-Controlled Intersection",2014,"Yes","No","Daylight","Straight - Level","Public Vehicular Area","Dry","Two-Way, Not Divided","None","No Special Feature","Coarse Asphalt",0,0,1,0,0,1,0,NA,2,0.001,"E ARLINGTON BLVD",0,NA
2133,478,"Boone","Watauga","Mountains","Commercial","Urban (>70% Developed)","E KING ST","Urban","30 - 35  MPH","No Control Present","Cloudy","No",22,"20-24",NA,"No","Facing Traffic","B: Evident Injury","Bike Lane / Paved Shoulder","White","Male",25,"25-29",NA,"No","6-10 mph","O: No Injury","White","Male","Passenger Car","No","03SEP2014","Wednesday","Motorist Failed to Yield - Midblock",6,"Non-Intersection","September","B: Evident Injury",22500,"Motorist Drive Out - Other Midblock",2014,"Yes","No","Daylight","Straight - Grade","Local Street","Dry","Two-Way, Divided, Unprotected Median","None","No Special Feature","Coarse Asphalt",0,1,0,0,0,1,0,"4 lanes",2,0.025,"OAK ST",20000421,"HILLSIDE DR"
2134,488,"Hickory","Catawba","Piedmont","Commercial","Urban (>70% Developed)","OLD LENOIR RD","Urban","30 - 35  MPH","Yield Sign","Cloudy","No",44,"40-49",NA,"No","With Traffic","O: No Injury","Travel Lane","White","Male",66,"60-69",NA,"No","6-10 mph","O: No Injury","White","Male","Passenger Car","No","22JUL2014","Tuesday","Motorist Failed to Yield - Sign-Controlled Intersection",6,"Intersection","July","O: No Injury",21780,"Motorist Drive Out - Sign-Controlled Intersection",2014,"No","No","Dark - Lighted Roadway","Straight - Grade","Local Street","Wet","Two-Way, Not Divided","None","T-Intersection","Coarse Asphalt",0,0,0,0,1,1,0,"6 lanes",2,0,"12TH AVE",40001314,"13TH AVE"
2135,489,"Raleigh","Wake","Piedmont","Commercial","Urban (>70% Developed)","HILLLSBOURGH ST","Urban","30 - 35  MPH","No Control Present","Rain","No",29,"25-29",NA,"No","With Traffic","C: Possible Injury","Bike Lane / Paved Shoulder","White","Male",23,"20-24",NA,"No","0-5 mph","O: No Injury","White","Female","Passenger Car","No","18AUG2014","Monday","Motorist Left Turn / Merge",19,"Non-Intersection","August","C: Possible Injury",71160,"Motorist Left Turn - Opposite Direction",2014,"Yes","No","Daylight","Straight - Level","Local Street","Wet","Two-Way, Not Divided","None","No Special Feature","Smooth Asphalt",0,0,1,0,0,1,0,"2 lanes",2,0.038,"COX AVE",50014055,"PARK AVE"
2136,494,"Durham","Durham","Piedmont","Commercial","Urban (>70% Developed)","ANDERSON ST","Urban","5 - 15 MPH","Stop Sign","Rain","No",20,"20-24",NA,"No","With Traffic","C: Possible Injury","Bike Lane / Paved Shoulder","White","Male",23,"20-24",NA,"No","0-5 mph","O: No Injury","White","Female","Sport Utility","No","08SEP2014","Monday","Motorist Failed to Yield - Midblock",20,"Non-Intersection","September","C: Possible Injury",72600,"Motorist Drive Out - Commercial Driveway / Alley",2014,"Yes","No","Dark - Lighted Roadway","Straight - Level","Local Street","Wet","Two-Way, Not Divided","None","T-Intersection","Smooth Asphalt",0,0,1,0,0,1,0,"3 lanes",2,0.023,"ERWIN RD",50000687,"YEARBY AVE"
2137,495,"High Point","Guilford","Piedmont","Farms, Woods, Pastures","Urban (>70% Developed)","SANDY RIDGE RD","Urban","40 - 45  MPH","Stop Sign","Cloudy","No",34,"30-39",NA,"No","With Traffic","C: Possible Injury","Travel Lane","White","Female",NA,"70+",NA,"No","36-40 mph","O: No Injury","White","Female","Passenger Car","No","08AUG2014","Friday","Motorist Right Turn / Merge",11,"Intersection","August","C: Possible Injury",39660,"Motorist Right Turn - Same Direction",2014,"No","No","Daylight","Straight - Level","Local Street","Dry","Two-Way, Not Divided","None","T-Intersection","Smooth Asphalt",0,0,1,0,0,1,0,"2 lanes",2,0,"KENDALE RD",40001850,"ROSEMONT DR"
2138,25,"None - Rural Crash","Buncombe","Mountains","Commercial","Mixed (30% To 70% Developed)","SR 3550","Rural","30 - 35  MPH","Double Yellow Line, No Passing Zone","Snow, Sleet, Hail, Freezing Rain/Drizzle","No",15,"11-15",NA,"No","With Traffic","B: Evident Injury","Travel Lane","White","Male",NA,NA,NA,NA,"11-15 mph","Unknown Injury","Unknown/Missing",NA,"Pickup","No","12FEB2014","Wednesday","Bicyclist Left Turn / Merge",21,"Non-Intersection","February","B: Evident Injury",77100,"Bicyclist Left Turn - Same Direction",2014,"Yes","Yes","Dark - Roadway Not Lighted","Straight - Level","State Secondary Route","Snow","Two-Way, Not Divided","None","No Special Feature","Coarse Asphalt",0,1,0,0,0,1,0,"2 lanes",2,0.11,"1404",40003550,"25"
2139,17,"Lumberton","Robeson","Coastal","Commercial","Urban (>70% Developed)","CARTHAGE RD","Urban","30 - 35  MPH","No Control Present","Clear","No",60,"60-69",NA,"Yes-Alcohol,  impairment suspected","With Traffic","C: Possible Injury","Travel Lane","Native American","Male",45,"40-49",NA,"No","31-35 mph","O: No Injury","Black","Female","Sport Utility","Yes","03JAN2014","Friday","Motorist Overtaking Bicyclist",19,"Intersection","January","C: Possible Injury",70380,"Motorist Overtaking - Undetected Bicyclist",2014,"No","No","Dark - Lighted Roadway","Straight - Grade","Local Street","Dry","Two-Way, Divided, Unprotected Median","None","No Special Feature","Coarse Asphalt",0,0,1,0,0,1,0,"2 lanes",2,0,"95",40001536,"ALBION ST"
2140,19,"None - Rural Crash","Wake","Piedmont","Farms, Woods, Pastures","Rural (<30% Developed)","SR 1605","Rural","40 - 45  MPH","Double Yellow Line, No Passing Zone","Clear","No",18,"16-19",NA,"No","Not Applicable","O: No Injury","Sidewalk / Crosswalk / Driveway Crossing","White","Male",18,"0-19",NA,"No","46-50 mph","O: No Injury","White","Male","Passenger Car","No","02FEB2014","Sunday","Bicyclist Failed to Yield - Midblock",15,"Non-Intersection","February","O: No Injury",54060,"Bicyclist Ride Out - Other Midblock",2014,"No","No","Daylight","Straight - Level","State Secondary Route","Dry","Two-Way, Not Divided","None","Shared-Use Paths Or Trails","Coarse Asphalt",0,0,0,0,1,1,0,"2 lanes",2,1.25,"1600",40001605,"1603"
2141,18,"Durham","Durham","Piedmont","Commercial","Urban (>70% Developed)","ERWIN RD","Urban","40 - 45  MPH","Stop And Go Signal","Clear","No",29,"25-29",NA,"No","With Traffic","B: Evident Injury","Sidewalk / Crosswalk / Driveway Crossing","White","Male",NA,NA,NA,"Missing","16-20 mph","Unknown Injury","Unknown/Missing",NA,"Passenger Car","No","31JAN2014","Friday","Motorist Left Turn / Merge",19,"Intersection","January","B: Evident Injury",71580,"Motorist Left Turn - Opposite Direction",2014,"Yes","Yes","Dark - Lighted Roadway","Straight - Level","Local Street","Dry","Two-Way, Not Divided","None","Four-Way Intersection","Coarse Asphalt",0,1,0,0,0,1,0,"4 lanes",2,0,"S LASALLE ST",40001320,NA
2142,27,"Raleigh","Wake","Piedmont","Residential","Urban (>70% Developed)","BROOKSIDE DR","Urban","30 - 35  MPH","No Control Present","Clear","No",31,"30-39",NA,"No","Not Applicable","B: Evident Injury","Travel Lane","White","Male",NA,NA,NA,"Missing","21-25 mph","Unknown Injury","Unknown/Missing",NA,NA,"No","15FEB2014","Saturday","Crossing Paths - Other Circumstances",1,"Intersection-Related","February","B: Evident Injury",4680,"Crossing Paths - Uncontrolled Intersection",2014,"Yes","Yes","Dark - Lighted Roadway","Straight - Level","Local Street","Wet","Two-Way, Not Divided","None","No Special Feature","Smooth Asphalt",0,1,0,0,0,1,0,"2 lanes",2,0.007,"VALE ST",50003935,"AUTOMOTIVE WAY"
2143,6,"Greensboro","Guilford","Piedmont","Institutional","Urban (>70% Developed)","E MARKET ST","Urban","30 - 35  MPH","Stop And Go Signal","Cloudy","No",21,"20-24",NA,"No","With Traffic","C: Possible Injury","Travel Lane","Black","Male",50,"50-59",NA,"No","31-35 mph","O: No Injury","Black","Female","Passenger Car","No","14JAN2014","Tuesday","Loss of Control / Turning Error",18,"Intersection","January","C: Possible Injury",66420,"Bicyclist Lost Control - Mechanical Problems",2014,"Yes","No","Dark - Lighted Roadway","Straight - Grade","Local Street","Dry","Two-Way, Divided, Unprotected Median","None","Four-Way Intersection","Smooth Asphalt",0,0,1,0,0,1,0,NA,2,0,"S BENBOW ST",50018945,"S BOOKER ST"
2144,37,"None - Rural Crash","Alamance","Piedmont","Farms, Woods, Pastures","Rural (<30% Developed)","NC 119","Rural","40 - 45  MPH","Double Yellow Line, No Passing Zone","Clear","No",49,"40-49",NA,"No","With Traffic","C: Possible Injury","Travel Lane","White","Male",27,"25-29",NA,"No","41-45 mph","O: No Injury","White","Male","Passenger Car","No","24FEB2014","Monday","Motorist Overtaking Bicyclist",22,"Non-Intersection","February","C: Possible Injury",81600,"Motorist Overtaking - Other / Unknown",2014,"Yes","No","Dark - Roadway Not Lighted","Curve - Level","NC Route","Dry","Two-Way, Not Divided","None","No Special Feature","Smooth Asphalt",0,0,1,0,0,1,0,"2 lanes",2,0.1,"2125",30000119,"2135"
2145,14,"Raleigh","Wake","Piedmont","Commercial","Mixed (30% To 70% Developed)","AVENT FERRY RD","Urban","30 - 35  MPH","No Control Present","Clear","No",27,"25-29",NA,"No","With Traffic","Unknown Injury","Bike Lane / Paved Shoulder","White","Female",53,"50-59",NA,"No","11-15 mph","O: No Injury","White","Female","Passenger Car","No","08JAN2014","Wednesday","Motorist Right Turn / Merge",8,"Non-Intersection","January","O: No Injury",28860,"Motorist Right Turn - Same Direction",2014,"No","No","Daylight","Straight - Level","Local Street","Dry","Two-Way, Not Divided","None","No Special Feature","Smooth Asphalt",0,0,0,0,0,1,1,"2 lanes",2,0.085,"MERRIE RD",40001321,"GORMAN ST"
2146,22,"Raleigh","Wake","Piedmont","Commercial","Urban (>70% Developed)","ROCK QUARRY RD","Urban","40 - 45  MPH","No Control Present","Cloudy","No",17,"16-19",NA,"No","Not Applicable","B: Evident Injury","Travel Lane","Black","Male",34,"30-39",NA,"No","21-25 mph","O: No Injury","White","Female","Sport Utility","No","11FEB2014","Tuesday","Bicyclist Failed to Yield - Midblock",13,"Non-Intersection","February","B: Evident Injury",48540,"Bicyclist Ride Out - Other Midblock",2014,"Yes","No","Daylight","Straight - Level","Local Street","Dry","Two-Way, Not Divided","None","No Special Feature","Smooth Asphalt",0,1,0,0,0,1,0,"5 lanes",2,0,"CROSS LINK RD",40002542,"40"
2147,15,"Greenville","Pitt","Coastal","Commercial","Rural (<30% Developed)","264","Urban","40 - 45  MPH","No Control Present","Clear","No",26,"25-29",NA,"No","Facing Traffic","C: Possible Injury","Travel Lane","Black","Male",NA,"70+",NA,"No","6-10 mph","O: No Injury","White","Female","Sport Utility","No","25JAN2014","Saturday","Head-On",9,"Intersection-Related","January","C: Possible Injury",35940,"Head-On - Bicyclist",2014,"Yes","No","Daylight","Straight - Level","US Route","Dry","Two-Way, Divided, Unprotected Median","None","No Special Feature","Smooth Asphalt",0,0,1,0,0,1,0,"5 lanes",2,0.005,"BELVEDERE DR",21000264,"BISMARCK ST"
2148,80,"Raleigh","Wake","Piedmont","Commercial","Urban (>70% Developed)","WESTERN BLVD","Urban","40 - 45  MPH","No Control Present","Clear","No",34,"30-39",NA,"Yes-Alcohol,  impairment suspected","Facing Traffic","O: No Injury","Sidewalk / Crosswalk / Driveway Crossing","White","Male",49,"40-49",NA,"No","0-5 mph","O: No Injury","Black","Male","Sport Utility","Yes","11MAR2014","Tuesday","Motorist Failed to Yield - Midblock",1,"Non-Intersection","March","O: No Injury",7140,"Motorist Drive Out - Commercial Driveway / Alley",2014,"No","No","Dark - Lighted Roadway","Straight - Level","Local Street","Dry","Two-Way, Divided, Unprotected Median","None","No Special Feature","Smooth Asphalt",0,0,0,0,1,1,0,"2 lanes",2,0.011,"DAN ALLEN DR",40001012,"AVENT FERRY RD"
2149,68,"Charlotte","Mecklenburg","Piedmont","Residential","Urban (>70% Developed)","LYNFIELD DRIVE","Urban","20 - 25  MPH","Stop Sign","Clear","No",43,"40-49",NA,"No","Facing Traffic","C: Possible Injury","Sidewalk / Crosswalk / Driveway Crossing","White","Male",NA,"70+",NA,"No","0-5 mph","O: No Injury","White","Female","Passenger Car","No","09MAR2014","Sunday","Motorist Failed to Yield - Sign-Controlled Intersection",16,"Intersection-Related","March","C: Possible Injury",59820,"Motorist Drive Out - Sign-Controlled Intersection",2014,"No","No","Daylight","Straight - Level","Local Street","Dry","Two-Way, Not Divided","None","No Special Feature","Smooth Asphalt",0,0,1,0,0,1,0,"2 lanes",2,0.002,"IDLEWILD ROAD",0,"BLUFF WOOD CV"
2150,63,"None - Rural Crash","Edgecombe","Coastal","Farms, Woods, Pastures","Rural (<30% Developed)","US 64","Rural","50 - 55  MPH","No Control Present","Clear","No",56,"50-59",NA,"Yes-Alcohol,  impairment suspected","With Traffic","B: Evident Injury","Travel Lane","Black","Male",NA,NA,NA,NA,"51-55 mph","Unknown Injury","Unknown/Missing",NA,NA,"Yes","11MAR2014","Tuesday","Motorist Overtaking Bicyclist",20,"Non-Intersection","March","B: Evident Injury",74400,"Motorist Overtaking - Other / Unknown",2014,"Yes","Yes","Dark - Roadway Not Lighted","Straight - Level","US Route","Dry","Two-Way, Not Divided","None","No Special Feature","Coarse Asphalt",0,1,0,0,0,1,0,"2 lanes",2,0.1,"1606",21000064,"1523"
2151,57,"Asheboro","Randolph","Piedmont","Commercial","Urban (>70% Developed)","PVA 509 SUNSET AVE","Urban",NA,"No Control Present","Clear","No",20,"20-24",NA,"No","Facing Traffic","C: Possible Injury","Sidewalk / Crosswalk / Driveway Crossing","Black","Male",NA,NA,NA,"Missing","0-5 mph","Unknown Injury","Unknown/Missing",NA,NA,"No","18FEB2014","Tuesday","Motorist Failed to Yield - Midblock",14,"Non-Intersection","February","C: Possible Injury",52080,"Motorist Drive Out - Commercial Driveway / Alley",2014,"Yes","Yes","Daylight","Straight - Level","Public Vehicular Area","Dry","Two-Way, Not Divided","None","Driveway, Public","Concrete",0,0,1,0,0,1,0,NA,2,0.001,"SUNSET AVE",0,NA
2152,58,"Charlotte","Mecklenburg","Piedmont","Commercial","Urban (>70% Developed)","E 9TH ST","Urban","30 - 35  MPH","Stop And Go Signal","Clear","No",45,"40-49",NA,"No","With Traffic","C: Possible Injury","Travel Lane","White","Male",NA,NA,NA,"Missing","6-10 mph","Unknown Injury","Unknown/Missing",NA,"Passenger Car","No","01MAR2014","Saturday","Motorist Failed to Yield - Signalized Intersection",14,"Intersection","March","C: Possible Injury",52740,"Motorist Drive Through - Signalized Intersection",2014,"Yes","Yes","Daylight","Straight - Level","Local Street","Dry","Two-Way, Not Divided","None","No Special Feature","Smooth Asphalt",0,0,1,0,0,1,0,"2 lanes",2,0,"COLLEGE ST",50006592,NA
2153,108,"None - Rural Crash","Guilford","Piedmont","Farms, Woods, Pastures","Rural (<30% Developed)","SR 1001","Rural","50 - 55  MPH","No Control Present","Clear","No",11,"11-15",NA,"No","With Traffic","B: Evident Injury","Travel Lane","White","Female",41,"40-49",NA,"No","46-50 mph","O: No Injury","White","Female","Passenger Car","No","01APR2014","Tuesday","Motorist Overtaking Bicyclist",20,"Non-Intersection","April","B: Evident Injury",73920,"Motorist Overtaking - Undetected Bicyclist",2014,"Yes","No","Dark - Roadway Not Lighted","Straight - Level","State Secondary Route","Dry","Two-Way, Not Divided","None","No Special Feature","Coarse Asphalt",0,1,0,0,0,1,0,"2 lanes",2,0.1,"4048",40001001,"150"
2154,107,"Fuquay-Varina","Wake","Piedmont","Residential","Mixed (30% To 70% Developed)","AIR PARK RD","Urban","40 - 45  MPH","Double Yellow Line, No Passing Zone","Clear","No",16,"16-19",NA,"No","With Traffic","B: Evident Injury","Travel Lane","White","Female",56,"50-59",NA,"No","36-40 mph","O: No Injury","White","Female","Passenger Car","No","01APR2014","Tuesday","Bicyclist Left Turn / Merge",16,"Non-Intersection","April","B: Evident Injury",57900,"Bicyclist Left Turn - Same Direction",2014,"No","No","Daylight","Straight - Level","State Secondary Route","Dry","Two-Way, Not Divided","None","No Special Feature","Coarse Asphalt",0,1,0,0,0,1,0,"2 lanes",2,0.081,"4740",40002752,"3786"
2155,55,"Charlotte","Mecklenburg","Piedmont","Residential","Urban (>70% Developed)","MOORES CHAPEL RD","Urban","30 - 35  MPH","No Control Present","Rain","No",55,"50-59",NA,"No","With Traffic","C: Possible Injury","Travel Lane","White","Male",NA,"70+",NA,"No","26-30 mph","O: No Injury","White","Male","Sport Utility","No","06MAR2014","Thursday","Motorist Overtaking Bicyclist",17,"Non-Intersection","March","C: Possible Injury",61380,"Motorist Overtaking - Bicyclist Swerved",2014,"Yes","No","Daylight","Straight - Level","Local Street","Wet","Two-Way, Not Divided","None","No Special Feature","Coarse Asphalt",0,0,1,0,0,1,0,"2 lanes",2,0.095,"GLASGOW RD",50020488,"OLD MOUNT HOLLY RD"
2156,66,"None - Rural Crash","Guilford","Piedmont","Farms, Woods, Pastures","Rural (<30% Developed)","SR 1002","Rural","50 - 55  MPH","Double Yellow Line, No Passing Zone","Clear","No",49,"40-49",NA,"No","With Traffic","K: Killed","Travel Lane","Hispanic","Male",19,"0-19",NA,"No","46-50 mph","O: No Injury","White","Male","Pickup","No","02FEB2014","Sunday","Motorist Overtaking Bicyclist",17,"Non-Intersection","February","K: Killed",62040,"Motorist Overtaking - Other / Unknown",2014,"Yes","No","Daylight","Straight - Hillcrest","State Secondary Route","Dry","Two-Way, Not Divided","None","No Special Feature","Smooth Asphalt",0,0,0,1,0,1,0,"2 lanes",2,0.033,"4941",40001002,"2310"
2157,74,"Tarboro","Edgecombe","Coastal","Residential","Urban (>70% Developed)","EDMONDSON AVE","Urban","20 - 25  MPH","Stop Sign","Clear","No",15,"11-15",NA,"No",NA,"O: No Injury","Travel Lane","Black","Male",NA,"70+",NA,"No","16-20 mph","O: No Injury","Black","Female","Sport Utility","No","08FEB2014","Saturday","Bicyclist Failed to Yield - Sign-Controlled Intersection",18,"Intersection","February","O: No Injury",66660,"Bicyclist Ride Through - Sign-Controlled Intersection",2014,"Yes","No","Dusk","Straight - Level","Local Street","Dry","Two-Way, Not Divided","None","Four-Way Intersection","Coarse Asphalt",0,0,0,0,1,1,0,"2 lanes",2,0,"COFIELD ST",0,NA
2158,146,"Wilmington","New Hanover","Coastal","Residential","Urban (>70% Developed)","WILSHIRE BLVD","Urban","30 - 35  MPH","No Control Present","Clear","No",29,"25-29",NA,"No","With Traffic","C: Possible Injury","Bike Lane / Paved Shoulder","White","Male",38,"30-39",NA,"Yes-Alcohol,  impairment suspected","31-35 mph","O: No Injury","White","Female","Sport Utility","Yes","05APR2014","Saturday","Motorist Overtaking Bicyclist",20,"Non-Intersection","April","C: Possible Injury",74580,"Motorist Overtaking - Other / Unknown",2014,"No","No","Dark - Roadway Not Lighted","Straight - Level","Local Street","Dry","Two-Way, Not Divided","None","No Special Feature","Smooth Asphalt",0,0,1,0,0,1,0,"2 lanes",2,0.019,"41ST ST",40002313,"MONTCLAIR DR"
2159,129,"Cary","Wake","Piedmont","Commercial","Urban (>70% Developed)","COMMONWEALTH CT","Urban","20 - 25  MPH","Stop And Go Signal","Clear","No",30,"30-39",NA,"No","Facing Traffic","C: Possible Injury","Sidewalk / Crosswalk / Driveway Crossing","White","Male",42,"40-49",NA,"No","11-15 mph","O: No Injury","White","Female","Sport Utility","No","24MAR2014","Monday","Motorist Failed to Yield - Signalized Intersection",16,"Intersection","March","C: Possible Injury",60180,"Motorist Drive Out - Signalized Intersection",2014,"No","No","Daylight","Straight - Level","Local Street","Dry","Two-Way, Not Divided","None","No Special Feature","Smooth Asphalt",0,0,1,0,0,1,0,"2 lanes",2,0,"1300",40001300,"EXECUTIVE CT"
2160,116,"Wilmington","New Hanover","Coastal","Commercial","Urban (>70% Developed)","CAROLINA BEACH RD","Urban","40 - 45  MPH","No Control Present","Clear","No",NA,NA,NA,"No","With Traffic","Unknown Injury","Travel Lane","Unknown/Missing",NA,NA,NA,NA,"Missing",NA,"Unknown Injury","Unknown/Missing",NA,NA,"No","26MAR2014","Wednesday","Motorist Overtaking Bicyclist",6,"Non-Intersection","March","Unknown Injury",24540,"Motorist Overtaking - Other / Unknown",2014,"No","Yes","Dawn","Straight - Level","Local Street","Dry","Two-Way, Not Divided","None","No Special Feature","Smooth Asphalt",0,0,0,0,0,1,1,"5 lanes",2,0.066,"RALEIGH ST",20000421,"MARION DR"
2161,118,"Charlotte","Mecklenburg","Piedmont","Commercial","Urban (>70% Developed)","W 4TH ST","Urban","20 - 25  MPH","Stop And Go Signal","Cloudy","No",69,"60-69",NA,"No","Facing Traffic","B: Evident Injury","Travel Lane","White","Male",43,"40-49",NA,"No","21-25 mph","O: No Injury","Black","Female","Passenger Car","No","03APR2014","Thursday","Bicyclist Failed to Yield - Signalized Intersection",9,"Intersection","April","B: Evident Injury",34920,"Bicyclist Ride Through - Signalized Intersection",2014,"Yes","No","Daylight","Straight - Grade","Local Street","Dry","One-Way, Not Divided","None","Four-Way Intersection","Smooth Asphalt",0,0,1,0,0,1,0,"3 lanes",3,0,"S CHURCH ST",50010970,"S POPLAR ST"
2162,127,"Raleigh","Wake","Piedmont","Commercial","Urban (>70% Developed)","CAPITAL BLVD","Urban","40 - 45  MPH","No Control Present","Clear","No",36,"30-39",NA,"No","Facing Traffic","C: Possible Injury","Travel Lane","White","Male",40,"40-49",NA,"No","16-20 mph","O: No Injury","Black","Male","Sport Utility","No","04APR2014","Friday","Loss of Control / Turning Error",14,"Intersection-Related","April","C: Possible Injury",53640,"Bicyclist Lost Control - Other / Unknown",2014,"Yes","No","Daylight","Straight - Level",NA,"Dry","Two-Way, Divided, Positive Median Barrier","None","No Special Feature","Smooth Asphalt",0,0,1,0,0,1,0,"4 lanes",2,0.009,"STARMOUNT DR",20000001,"TRAWICK RD"
2163,122,"Huntersville","Mecklenburg","Piedmont","Residential","Urban (>70% Developed)","N MAIN ST","Urban","30 - 35  MPH","Stop Sign","Clear","No",24,"20-24",NA,"No","With Traffic","C: Possible Injury","Travel Lane","Black","Male",NA,NA,NA,"Missing","0-5 mph","O: No Injury","Black","Male",NA,"No","24MAR2014","Monday","Motorist Failed to Yield - Sign-Controlled Intersection",16,"Intersection","March","C: Possible Injury",60300,"Motorist Drive Out - Sign-Controlled Intersection",2014,"No","Yes","Daylight","Straight - Level","Local Street","Dry","Two-Way, Not Divided","None","T-Intersection","Smooth Asphalt",0,0,1,0,0,1,0,"2 lanes",2,0,"W CHURCH ST",50018682,"BIGHAM ST"
2164,158,"Raleigh","Wake","Piedmont","Residential","Urban (>70% Developed)","MILLBANK ST","Urban","30 - 35  MPH","Stop Sign","Clear","No",23,"20-24",NA,"No","With Traffic","C: Possible Injury","Sidewalk / Crosswalk / Driveway Crossing","Black","Male",50,"50-59",NA,"No","6-10 mph","O: No Injury","Black","Male","Passenger Car","No","27APR2014","Sunday","Motorist Right Turn / Merge",15,"Intersection","April","C: Possible Injury",54540,"Motorist Right Turn - Same Direction",2014,"Yes","No","Daylight","Straight - Grade","Local Street","Dry","Two-Way, Not Divided","None","T-Intersection","Smooth Asphalt",0,0,1,0,0,1,0,"2 lanes",2,0.001,"N RALEIGH BLVD",0,"BURGUNDY ST"