"...1","object_id","city","county","region","development","locality","on_road","rural_urban","speed_limit","traffic_control","weather","workzone","bike_age","bike_age_group","bike_alcohol","bike_alcohol_drugs","bike_direction","bike_injury","bike_position","bike_race","bike_sex","driver_age","driver_age_group","driver_alcohol","driver_alcohol_drugs","driver_est_speed","driver_injury","driver_race","driver_sex","driver_vehicle_type","crash_alcohol","crash_date","crash_day","crash_group","crash_hour","crash_location","crash_month","crash_severity","crash_time","crash_type","crash_year","ambulance_req","hit_run","light_condition","road_character","road_class","road_condition","road_configuration","road_defects","road_feature","road_surface","num_bikes_ai","num_bikes_bi","num_bikes_ci","num_bikes_ki","num_bikes_no","num_bikes_to","num_bikes_ui","num_lanes","num_units","distance_mi_from","frm_road","rte_invd_cd","towrd_road"
2165,163,"Red Springs","Robeson","Coastal","Commercial","Urban (>70% Developed)","PVA FOOD LION PVA","Rural","5 - 15 MPH","No Control Present","Clear","No",54,"50-59",NA,"Yes-Alcohol, no impairment detected","Not Applicable","C: Possible Injury","Non-Roadway","Black","Male",56,"50-59",NA,"No","0-5 mph","O: No Injury","White","Male","Passenger Car","Yes","27APR2014","Sunday","Non-Roadway",19,"Non-Roadway","April","C: Possible Injury",69540,"Non-Roadway",2014,"No","No","Daylight","Straight - Level","Public Vehicular Area","Dry","Two-Way, Not Divided","None","No Special Feature","Smooth Asphalt",0,0,1,0,0,1,0,"2 lanes",2,0,"EAST 4TH AVE",50010970,NA
2166,128,"Waxhaw","Union","Piedmont","Commercial","Urban (>70% Developed)","W NORTH MAIN ST","Rural","20 - 25  MPH","Stop Sign","Clear","No",45,"40-49",NA,"No","With Traffic","C: Possible Injury","Travel Lane","White","Male",17,"0-19",NA,"No","0-5 mph","O: No Injury","White","Female","Sport Utility","No","26MAR2014","Wednesday","Motorist Left Turn / Merge",18,"Intersection","March","C: Possible Injury",67260,"Motorist Left Turn - Opposite Direction",2014,"No","No","Daylight","Straight - Level","Local Street","Dry","Two-Way, Not Divided","None","Four-Way Intersection","Coarse Asphalt",0,0,1,0,0,1,0,"2 lanes",2,0,"N CHURCH ST",50018682,"16"
2167,167,"Durham","Durham","Piedmont","Commercial","Urban (>70% Developed)","GUESS RD","Urban","30 - 35  MPH","Stop Sign","Cloudy","No",48,"40-49",NA,"No","With Traffic","B: Evident Injury","Travel Lane","White","Male",46,"40-49",NA,"No","31-35 mph","O: No Injury","Black","Male","Sport Utility","No","02MAY2014","Friday","Loss of Control / Turning Error",11,"Intersection","May","B: Evident Injury",39600,"Motorist Turning Error - Left Turn",2014,"Yes","No","Daylight","Straight - Level","Local Street","Dry","Two-Way, Not Divided","None","No Special Feature","Coarse Asphalt",0,1,0,0,0,1,0,"5 lanes",2,0,"ELLEN ST",30000157,"CARVER ST"
2168,185,"Clayton","Johnston","Coastal","Residential","Mixed (30% To 70% Developed)","BARBERMILL RD","Urban","40 - 45  MPH","No Control Present","Clear","No",13,"11-15",NA,"No","With Traffic","C: Possible Injury","Travel Lane","Black","Male",30,"30-39",NA,"No","41-45 mph","O: No Injury","Black","Female","Passenger Car","No","23APR2014","Wednesday","Motorist Overtaking Bicyclist",20,"Non-Intersection","April","C: Possible Injury",74520,"Motorist Overtaking - Undetected Bicyclist",2014,"Yes","No","Dark - Roadway Not Lighted","Straight - Level","Local Street","Dry","Two-Way, Not Divided","None","No Special Feature","Coarse Asphalt",0,0,1,0,0,1,0,"2 lanes",2,0.1,"DAIRY RD",40001555,"42"
2169,168,"Charlotte","Mecklenburg","Piedmont","Residential","Urban (>70% Developed)","WILKINSON BLVD","Urban","40 - 45  MPH","No Control Present","Clear","No",50,"50-59",NA,"No","With Traffic","B: Evident Injury","Travel Lane","White","Male",28,"25-29",NA,"No",NA,"C: Possible Injury","White","Male","Light Truck (Mini-Van, Panel)","No","01MAY2014","Thursday","Bicyclist Overtaking Motorist",18,"Non-Intersection","May","B: Evident Injury",66540,"Bicyclist Overtaking - Other / Unknown",2014,"Yes","No","Daylight","Straight - Level","Local Street","Dry","Two-Way, Not Divided","None","Bridge","Concrete",0,1,0,0,0,1,0,"4 lanes",2,0.25,"EAST CATAWBA STR",50033004,"MOORES CHAPEL LP"
2170,176,"Greensboro","Guilford","Piedmont","Residential","Urban (>70% Developed)","BOTHWELL ST","Urban","30 - 35  MPH","Stop Sign","Clear","No",7,"6-10",NA,"No","With Traffic","B: Evident Injury","Travel Lane","Black","Male",NA,"70+",NA,"No","26-30 mph","C: Possible Injury","Black","Female","Passenger Car","No","06MAY2014","Tuesday","Bicyclist Failed to Yield - Sign-Controlled Intersection",17,"Intersection-Related","May","B: Evident Injury",62220,"Bicyclist Ride Through - Sign-Controlled Intersection",2014,"Yes","No","Daylight","Straight - Grade","Local Street","Dry","Two-Way, Not Divided","None","T-Intersection","Coarse Asphalt",0,1,0,0,0,1,0,"2 lanes",2,0.002,"PICHARD ST",0,"40"
2171,1147,"Raleigh","Wake","Piedmont","Residential","Urban (>70% Developed)","GLENBROOK DR","Urban","30 - 35  MPH","No Control Present","Cloudy","No",16,"16-19","No",NA,"Facing Traffic","C: Possible Injury","Sidewalk / Crosswalk / Driveway Crossing","Black","Male",NA,NA,"Missing",NA,"6-10 mph","Unknown Injury","Unknown/Missing",NA,"Sport Utility","No","03JUN2013","Monday","Motorist Failed to Yield - Sign-Controlled Intersection",13,"Intersection-Related","June","C: Possible Injury",49560,"Motorist Drive Out - Sign-Controlled Intersection",2013,"No","Yes","Daylight","Straight - Level","Local Street","Dry","Two-Way, Not Divided","None","T-Intersection","Smooth Asphalt",0,0,0,0,0,0,0,"2 lanes",2,0,NA,0,NA
2172,1168,"Charlotte","Mecklenburg","Piedmont","Commercial","Urban (>70% Developed)","MULBERRY CHURCH","Urban","20 - 25  MPH","Stop And Go Signal","Clear","No",24,"20-24","No",NA,"Facing Traffic","B: Evident Injury","Travel Lane","White","Male",33,"30-39","No",NA,"16-20 mph","O: No Injury","Black","Male","Passenger Car","No","08JUN2013","Saturday","Crossing Paths - Other Circumstances",23,"Non-Intersection","June","B: Evident Injury",83040,"Crossing Paths - Midblock - Other / Unknown",2013,"Yes","No","Dark - Lighted Roadway","Straight - Level","Local Street","Dry","Two-Way, Divided, Unprotected Median","None","Non-Intersection Median Crossing","Smooth Asphalt",0,0,0,0,0,0,0,"3 lanes",2,0,NA,0,NA
2173,1153,"Gastonia","Gaston","Piedmont","Commercial","Urban (>70% Developed)","W FRANKLIN BLVD","Urban","30 - 35  MPH","Stop And Go Signal","Clear","No",22,"20-24","No",NA,"Facing Traffic","C: Possible Injury","Sidewalk / Crosswalk / Driveway Crossing","White","Male",17,"0-19","No",NA,"31-35 mph","C: Possible Injury","White","Female","Sport Utility","No","15MAY2013","Wednesday","Bicyclist Failed to Yield - Signalized Intersection",16,"Intersection","May","C: Possible Injury",58620,"Bicyclist Ride Out - Signalized  Intersection",2013,"Yes","No","Daylight","Straight - Grade","US Route","Dry","Two-Way, Not Divided","None","Four-Way Intersection","Grooved Concrete",0,0,0,0,0,0,0,"6 lanes",2,0,NA,0,NA
2174,1159,"Gastonia","Gaston","Piedmont","Commercial","Urban (>70% Developed)","SOUTH WEBB ST","Urban","30 - 35  MPH","Stop Sign","Clear","No",20,"20-24","No",NA,"Facing Traffic","C: Possible Injury","Sidewalk / Crosswalk / Driveway Crossing","White","Male",50,"50-59","No",NA,"0-5 mph","O: No Injury","White","Female","Passenger Car","No","21MAY2013","Tuesday","Motorist Failed to Yield - Sign-Controlled Intersection",17,"Intersection","May","C: Possible Injury",63840,"Motorist Drive Out - Sign-Controlled Intersection",2013,"Yes","No","Daylight","Straight - Level","Local Street","Dry","Two-Way, Not Divided","None","Four-Way Intersection","Smooth Asphalt",0,0,0,0,0,0,0,"2 lanes",2,0,NA,0,NA
2175,1140,"None - Rural Crash","Henderson","Mountains","Farms, Woods, Pastures","Rural (<30% Developed)","SR 1587","Rural","30 - 35  MPH","Double Yellow Line, No Passing Zone","Clear","No",42,"40-49","No",NA,"With Traffic","B: Evident Injury","Travel Lane","White","Male",NA,"70+","No",NA,"16-20 mph","O: No Injury","White","Female","Passenger Car","No","17MAY2013","Friday","Loss of Control / Turning Error",11,"Intersection-Related","May","B: Evident Injury",42660,"Motorist Turning Error - Left Turn",2013,"Yes","No","Daylight","Straight - Level","State Secondary Route","Dry","Two-Way, Not Divided","None","T-Intersection","Smooth Asphalt",0,0,0,0,0,0,0,"2 lanes",2,0,NA,0,NA
2176,1167,"None - Rural Crash","Currituck","Coastal","Farms, Woods, Pastures","Rural (<30% Developed)","NC 12","Rural","40 - 45  MPH","No Control Present","Clear","No",19,"16-19","No",NA,"With Traffic","A: Disabling Injury","Travel Lane","White","Female",20,"20-24","No",NA,"41-45 mph","O: No Injury","White","Male","Sport Utility","No","08JUN2013","Saturday","Motorist Overtaking Bicyclist",22,"Non-Intersection","June","A: Disabling Injury",80880,"Motorist Overtaking - Bicyclist Swerved",2013,"Yes","No","Dark - Roadway Not Lighted","Straight - Level","NC Route","Dry","Two-Way, Not Divided","None","No Special Feature","Coarse Asphalt",0,0,0,0,0,0,0,"2 lanes",2,0,NA,0,NA
2177,1163,"Ocean Isle Beach","Brunswick","Coastal","Residential","Mixed (30% To 70% Developed)","E FIRST ST","Rural","30 - 35  MPH","No Control Present","Clear","No",13,"11-15","No",NA,"With Traffic","B: Evident Injury","Travel Lane","White","Female",26,"25-29","No",NA,"31-35 mph","O: No Injury","White","Female","Passenger Car","No","27MAY2013","Monday","Crossing Paths - Other Circumstances",12,"Intersection","May","B: Evident Injury",46560,"Crossing Paths - Uncontrolled Intersection",2013,"Yes","No","Daylight","Straight - Level","Local Street","Dry","Two-Way, Not Divided","None","No Special Feature","Smooth Asphalt",0,0,0,0,0,0,0,"2 lanes",2,0,NA,0,NA
2178,1202,"None - Rural Crash","Guilford","Piedmont","Farms, Woods, Pastures","Rural (<30% Developed)","SR 2755","Rural","50 - 55  MPH","Double Yellow Line, No Passing Zone","Clear","No",56,"50-59","No",NA,"With Traffic","C: Possible Injury","Travel Lane","Black","Male",NA,"70+","No",NA,"0-5 mph","O: No Injury","White","Female","Van","No","27JUN2013","Thursday","Motorist Left Turn / Merge",12,"Intersection","June","C: Possible Injury",45600,"Motorist Left Turn - Opposite Direction",2013,"Yes","No","Daylight","Straight - Level","State Secondary Route","Dry","Two-Way, Not Divided","None","T-Intersection","Smooth Asphalt",0,0,0,0,0,0,0,"2 lanes",2,0,NA,0,NA
2179,1165,"Lumberton","Robeson","Coastal","Residential","Urban (>70% Developed)","WARWICK MILL RD","Urban","20 - 25  MPH","No Control Present","Clear","No",8,"6-10","No",NA,"Not Applicable","C: Possible Injury","Non-Roadway","Unknown/Missing","Female",42,"40-49","No",NA,"11-15 mph","O: No Injury","White","Female","Passenger Car","No","12JUN2013","Wednesday","Bicyclist Failed to Yield - Midblock",19,"Non-Intersection","June","C: Possible Injury",71580,"Bicyclist Ride Out - Other Midblock",2013,"No","No","Dawn","Straight - Level","Local Street","Dry","Two-Way, Not Divided","None","No Special Feature","Coarse Asphalt",0,0,0,0,0,0,0,"2 lanes",2,0,NA,0,NA
2180,1201,"None - Rural Crash","Brunswick","Coastal","Commercial","Urban (>70% Developed)","NC 211","Rural","40 - 45  MPH","Double Yellow Line, No Passing Zone","Clear","No",19,"16-19","No",NA,"With Traffic","B: Evident Injury","Travel Lane","White","Male",50,"50-59","No",NA,"0-5 mph","O: No Injury","White","Male","Passenger Car","No","26JUN2013","Wednesday","Bicyclist Overtaking Motorist",13,"Non-Intersection","June","B: Evident Injury",49620,"Bicyclist Overtaking - Other / Unknown",2013,"Yes","No","Daylight","Straight - Level","NC Route","Dry","Two-Way, Not Divided","None","No Special Feature","Coarse Asphalt",0,0,0,0,0,0,0,"2 lanes",2,0,NA,0,NA
2181,1092,"Raleigh","Wake","Piedmont","Residential","Mixed (30% To 70% Developed)","LONGSTREET DR","Urban","20 - 25  MPH","Stop Sign","Clear","No",11,"11-15","No",NA,"Facing Traffic","B: Evident Injury","Sidewalk / Crosswalk / Driveway Crossing","Hispanic","Male",34,"30-39","No",NA,"0-5 mph","O: No Injury","Black","Female","Passenger Car","No","04MAY2013","Saturday","Motorist Failed to Yield - Sign-Controlled Intersection",15,"Intersection","May","B: Evident Injury",54180,"Motorist Drive Out - Sign-Controlled Intersection",2013,"Yes","No","Daylight","Straight - Grade","Local Street","Dry","Two-Way, Not Divided","None","No Special Feature","Smooth Asphalt",0,0,0,0,0,0,0,"2 lanes",2,0,NA,0,NA
2182,1109,"None - Rural Crash","Cumberland","Coastal","Farms, Woods, Pastures","Rural (<30% Developed)","NC 210","Rural","40 - 45  MPH","Double Yellow Line, No Passing Zone","Cloudy","No",16,"16-19","No",NA,"With Traffic","B: Evident Injury","Travel Lane","Black","Male",25,"25-29","Yes",NA,"41-45 mph","O: No Injury","White","Male","Passenger Car","Yes","18MAY2013","Saturday","Motorist Overtaking Bicyclist",0,"Non-Intersection","May","B: Evident Injury",1200,"Motorist Overtaking - Other / Unknown",2013,"Yes","No","Dark - Roadway Not Lighted","Straight - Level","NC Route","Dry","Two-Way, Not Divided","None","No Special Feature","Coarse Asphalt",0,0,0,0,0,0,0,"4 lanes",2,0,NA,0,NA
2183,1137,"Lumberton","Robeson","Coastal","Commercial","Mixed (30% To 70% Developed)","ROBERTS AVE","Urban","30 - 35  MPH","No Control Present","Clear","No",23,"20-24","No",NA,"Facing Traffic","C: Possible Injury","Travel Lane","Black","Female",25,"25-29","No",NA,"0-5 mph","O: No Injury","Native American","Female","Passenger Car","No","22APR2013","Monday","Motorist Failed to Yield - Midblock",11,"Non-Intersection","April","C: Possible Injury",42840,"Motorist Drive Out - Commercial Driveway / Alley",2013,"No","No","Daylight","Straight - Level","Local Street","Dry","Two-Way, Not Divided","None","No Special Feature","Coarse Asphalt",0,0,0,0,0,0,0,"6 lanes",2,0,NA,0,NA
2184,1129,"Greenville","Pitt","Coastal","Commercial","Urban (>70% Developed)","US 264","Urban","40 - 45  MPH","Stop And Go Signal","Clear","No",53,"50-59","No",NA,"With Traffic","C: Possible Injury","Travel Lane","Black","Male",28,"25-29","No",NA,"41-45 mph","O: No Injury","White","Female","Passenger Car","No","28MAY2013","Tuesday","Bicyclist Failed to Yield - Signalized Intersection",14,"Intersection","May","C: Possible Injury",50760,"Bicyclist Ride Out - Signalized  Intersection",2013,"Yes","No","Daylight","Straight - Level","US Route","Dry","Two-Way, Divided, Unprotected Median","None","Four-Way Intersection","Coarse Asphalt",0,0,0,0,0,0,0,"5 lanes",2,0,NA,0,NA
2185,1060,"Mooresville","Iredell","Piedmont","Commercial","Urban (>70% Developed)","NC 150","Urban","40 - 45  MPH","Stop And Go Signal","Clear","No",18,"16-19","No",NA,"Facing Traffic","B: Evident Injury","Travel Lane","White","Male",19,"0-19","No",NA,"0-5 mph","O: No Injury","Hispanic","Male","Sport Utility","No","16APR2013","Tuesday","Bicyclist Failed to Yield - Signalized Intersection",12,"Intersection","April","B: Evident Injury",44160,"Bicyclist Ride Through - Signalized Intersection",2013,"Yes","No","Daylight","Straight - Grade","NC Route","Dry","Two-Way, Not Divided","None","Four-Way Intersection","Smooth Asphalt",0,0,0,0,0,0,0,"5 lanes",2,0,NA,0,NA
2186,1094,"Asheville","Buncombe","Mountains","Commercial","Urban (>70% Developed)","US 19","Urban","20 - 25  MPH","Stop And Go Signal","Clear","No",25,"25-29","No",NA,"With Traffic","B: Evident Injury","Sidewalk / Crosswalk / Driveway Crossing","White","Male",64,"60-69","No",NA,"6-10 mph","O: No Injury","White","Female","Passenger Car","No","25APR2013","Thursday","Motorist Left Turn / Merge",18,"Intersection","April","B: Evident Injury",67920,"Motorist Left Turn - Opposite Direction",2013,"Yes","No","Daylight","Straight - Level","US Route","Dry","Two-Way, Not Divided","None","No Special Feature","Smooth Asphalt",0,0,0,0,0,0,0,"6 lanes",2,0,NA,0,NA
2187,1077,"Charlotte","Mecklenburg","Piedmont","Residential","Urban (>70% Developed)","8800 MOORES CHAPEL ROA","Urban","30 - 35  MPH","Stop Sign","Clear","No",23,"20-24","No",NA,"With Traffic","B: Evident Injury","Travel Lane","Hispanic","Male",42,"40-49","Yes",NA,"16-20 mph","O: No Injury","Black","Male","Passenger Car","Yes","08MAY2013","Wednesday","Motorist Right Turn / Merge",22,"Intersection","May","B: Evident Injury",80760,"Motorist Right Turn - Same Direction",2013,"No","No","Dark - Lighted Roadway","Straight - Level","Local Street","Dry","Two-Way, Not Divided","None","T-Intersection","Smooth Asphalt",0,0,0,0,0,0,0,"4 lanes",2,0,NA,0,NA
2188,1133,"Thomasville","Davidson","Piedmont","Commercial","Mixed (30% To 70% Developed)","EAST MAIN ST","Urban","30 - 35  MPH","Stop And Go Signal","Clear","No",7,"6-10","No",NA,"With Traffic","C: Possible Injury","Travel Lane","Black","Male",53,"50-59","No",NA,"0-5 mph","O: No Injury","Black","Male","Passenger Car","No","24MAY2013","Friday","Loss of Control / Turning Error",16,"Intersection","May","C: Possible Injury",60300,"Bicyclist Turning Error - Right Turn",2013,"Yes","No","Daylight","Straight - Bottom","Local Street","Dry","Two-Way, Not Divided","None","Four-Way Intersection","Coarse Asphalt",0,0,0,0,0,0,0,"3 lanes",2,0,NA,0,NA
2189,1082,"Winston-Salem","Forsyth","Piedmont","Commercial","Urban (>70% Developed)","800 REYNOLDA","Urban","20 - 25  MPH","Stop Sign","Clear","No",25,"25-29","No",NA,"With Traffic","C: Possible Injury","Travel Lane","White","Male",22,"20-24","No",NA,"21-25 mph","O: No Injury","White","Female","Passenger Car","No","02MAY2013","Thursday","Motorist Overtaking Bicyclist",13,"Intersection","May","C: Possible Injury",47940,"Motorist Overtaking - Other / Unknown",2013,"Yes","No","Daylight","Curve - Level","Local Street","Dry","Two-Way, Not Divided","None","Related To Intersection","Smooth Asphalt",0,0,0,0,0,0,0,"2 lanes",2,0,NA,0,NA
2190,1057,"Wilmington","New Hanover","Coastal","Commercial","Rural (<30% Developed)","CAROLINA BEACH RD","Urban","40 - 45  MPH","No Control Present","Clear","No",9,"6-10","No",NA,NA,"B: Evident Injury",NA,"White","Male",51,"50-59","No",NA,"36-40 mph","O: No Injury","White","Male","Passenger Car","No","16APR2013","Tuesday","Bicyclist Failed to Yield - Midblock",7,"Non-Intersection","April","B: Evident Injury",27180,"Bicyclist Ride Out - Other Midblock",2013,"Yes","No","Daylight","Straight - Level","Local Street","Dry","Two-Way, Not Divided","None","No Special Feature","Concrete",0,0,0,0,0,0,0,"5 lanes",2,0,NA,0,NA
2191,1029,"None - Rural Crash","Forsyth","Piedmont","Farms, Woods, Pastures","Rural (<30% Developed)","SR 1525","Rural","40 - 45  MPH","Double Yellow Line, No Passing Zone","Clear","No",18,"16-19","No",NA,"With Traffic","B: Evident Injury","Travel Lane","White","Male",26,"25-29","No",NA,"31-35 mph","O: No Injury","White","Female","Passenger Car","No","03APR2013","Wednesday","Motorist Overtaking Bicyclist",19,"Intersection-Related","April","B: Evident Injury",71700,"Motorist Overtaking - Undetected Bicyclist",2013,"Yes","No","Dark - Roadway Not Lighted","Straight - Level","State Secondary Route","Dry","Two-Way, Not Divided","None","No Special Feature","Coarse Asphalt",0,0,0,0,0,0,0,"2 lanes",2,0,NA,0,NA
2192,1045,"Raleigh","Wake","Piedmont","Residential","Urban (>70% Developed)","PETERSON ST","Urban","30 - 35  MPH","Stop Sign","Clear","No",16,"16-19","No",NA,"Facing Traffic","A: Disabling Injury","Sidewalk / Crosswalk / Driveway Crossing","Black","Male",35,"30-39","No",NA,"6-10 mph","O: No Injury","White","Female","Passenger Car","No","18APR2013","Thursday","Motorist Failed to Yield - Sign-Controlled Intersection",16,"Intersection","April","A: Disabling Injury",60240,"Motorist Drive Out - Sign-Controlled Intersection",2013,"Yes","No","Daylight","Straight - Level","Local Street","Dry","Two-Way, Not Divided","None","T-Intersection","Smooth Asphalt",0,0,0,0,0,0,0,"2 lanes",2,0,NA,0,NA
2193,1019,"Elizabeth City","Pasquotank","Coastal","Commercial","Urban (>70% Developed)","HALSTEAD BLVD","Urban","40 - 45  MPH","Stop And Go Signal","Clear","No",21,"20-24","No",NA,"With Traffic","C: Possible Injury","Travel Lane","White","Female",NA,"70+","No",NA,"36-40 mph","O: No Injury","White","Male","Passenger Car","No","10APR2013","Wednesday","Bicyclist Left Turn / Merge",23,"Intersection-Related","April","C: Possible Injury",84300,"Bicyclist Left Turn - Same Direction",2013,"Yes","No","Dark - Lighted Roadway","Straight - Grade","Local Street","Dry","Two-Way, Divided, Unprotected Median","None","Four-Way Intersection","Smooth Asphalt",0,0,0,0,0,0,0,"5 lanes",2,0,NA,0,NA
2194,1026,"Apex","Wake","Piedmont","Residential","Urban (>70% Developed)","APEX PEAKWAY","Urban","30 - 35  MPH","No Control Present","Clear","No",50,"50-59","No",NA,"Facing Traffic","B: Evident Injury","Sidewalk / Crosswalk / Driveway Crossing","White","Male",48,"40-49","No",NA,"6-10 mph","O: No Injury","White","Female","Passenger Car","No","05APR2013","Friday","Motorist Right Turn / Merge",18,"Intersection","April","B: Evident Injury",66540,"Motorist Right Turn - Opposite Direction",2013,"Yes","No","Daylight","Straight - Level","Local Street","Dry","Two-Way, Divided, Unprotected Median","None","Four-Way Intersection","Coarse Asphalt",0,0,0,0,0,0,0,"4 lanes",2,0,NA,0,NA
2195,1054,"None - Rural Crash","Pamlico","Coastal","Residential","Mixed (30% To 70% Developed)","NC 304","Rural","40 - 45  MPH","Double Yellow Line, No Passing Zone","Clear","No",17,"16-19","No",NA,"With Traffic","C: Possible Injury","Travel Lane","Black","Male",19,"0-19","No",NA,"36-40 mph","O: No Injury","Black","Female","Passenger Car","No","07MAR2013","Thursday","Motorist Overtaking Bicyclist",14,"Non-Intersection","March","C: Possible Injury",53820,"Motorist Overtaking - Other / Unknown",2013,"Yes","No","Daylight","Straight - Level","NC Route","Dry","Two-Way, Not Divided","None","No Special Feature","Smooth Asphalt",0,0,0,0,0,0,0,"2 lanes",2,0,NA,0,NA
2196,1023,"Greensboro","Guilford","Piedmont","Institutional","Urban (>70% Developed)","SPRING GARDEN ST","Urban","20 - 25  MPH","Stop And Go Signal","Clear","No",18,"16-19","No",NA,"With Traffic","B: Evident Injury","Travel Lane","White","Male",21,"20-24","No",NA,"6-10 mph","O: No Injury","White","Female","Passenger Car","No","08APR2013","Monday","Motorist Right Turn / Merge",13,"Intersection","April","B: Evident Injury",50220,"Motorist Right Turn - Same Direction",2013,"Yes","No","Daylight","Straight - Level","Local Street","Dry","Two-Way, Divided, Positive Median Barrier","None","Four-Way Intersection","Coarse Asphalt",0,0,0,0,0,0,0,"1 lane",2,0,NA,0,NA
2197,1030,"None - Rural Crash","Buncombe","Mountains","Residential","Mixed (30% To 70% Developed)","PVA WOODFIELD DR","Rural",NA,"Stop Sign","Cloudy","No",NA,"70+","No",NA,"With Traffic","C: Possible Injury","Travel Lane","White","Female",44,"40-49","No",NA,"0-5 mph","O: No Injury","White","Male","Pickup","No","24APR2013","Wednesday","Motorist Overtaking Bicyclist",16,"Intersection-Related","April","C: Possible Injury",59520,"Motorist Overtaking - Undetected Bicyclist",2013,"Yes","No","Daylight","Straight - Grade","Public Vehicular Area","Dry","Two-Way, Not Divided","None","Driveway, Public","Coarse Asphalt",0,0,0,0,0,0,0,"2 lanes",2,0,NA,0,NA
2198,1044,"Durham","Durham","Piedmont","Residential","Urban (>70% Developed)","W CLUB BLVD","Urban","30 - 35  MPH","Stop And Go Signal","Clear","No",30,"30-39","No",NA,"With Traffic","C: Possible Injury","Travel Lane","White","Male",54,"50-59","No",NA,"6-10 mph","O: No Injury","Hispanic","Male","Sport Utility","No","24APR2013","Wednesday","Motorist Left Turn / Merge",18,"Intersection","April","C: Possible Injury",66960,"Motorist Left Turn - Opposite Direction",2013,"Yes","Yes","Daylight","Straight - Level","Local Street","Dry","Two-Way, Divided, Positive Median Barrier","None","Four-Way Intersection","Smooth Asphalt",0,0,0,0,0,0,0,"4 lanes",2,0,NA,0,NA
2199,1031,"None - Rural Crash","New Hanover","Coastal","Residential","Urban (>70% Developed)","SR 1524","Rural","40 - 45  MPH","No Control Present","Clear","No",47,"40-49","No",NA,"With Traffic","C: Possible Injury","Travel Lane","Black","Male",NA,"70+","No",NA,"41-45 mph","O: No Injury","White","Male","Sport Utility","No","23APR2013","Tuesday","Motorist Overtaking Bicyclist",18,"Non-Intersection","April","C: Possible Injury",67860,"Motorist Overtaking - Misjudged Space",2013,"Yes","No","Daylight","Straight - Level","State Secondary Route","Dry","Two-Way, Not Divided","None","No Special Feature","Smooth Asphalt",0,0,0,0,0,0,0,"2 lanes",2,0,NA,0,NA
2200,1032,"None - Rural Crash","Onslow","Coastal","Farms, Woods, Pastures","Rural (<30% Developed)","SR 2338","Rural","30 - 35  MPH","No Control Present","Clear","No",11,"11-15","No",NA,"With Traffic","B: Evident Injury","Travel Lane","White","Male",39,"30-39","No",NA,"16-20 mph","O: No Injury","White","Male","Motorcycle","No","23APR2013","Tuesday","Motorist Overtaking Bicyclist",19,"Non-Intersection","April","B: Evident Injury",68400,"Motorist Overtaking - Bicyclist Swerved",2013,"No","No","Daylight","Curve - Level","State Secondary Route","Dry","Two-Way, Not Divided","None","No Special Feature","Coarse Asphalt",0,0,0,0,0,0,0,"2 lanes",2,0,NA,0,NA
2201,6912,"Farmville","Pitt","Coastal","Residential","Mixed (30% To 70% Developed)",NA,"Rural","30 - 35  MPH","No Control Present","Clear","No",17,"16-19","No",NA,"Not Applicable","C: Possible Injury","Non-Roadway","Black","Male",63,"60-69","No",NA,"31-35 mph","O: No Injury","Black","Male","Passenger Car","No","21JUN2007","Thursday","Crossing Paths - Other Circumstances",15,"Intersection-Related","June","C: Possible Injury",57180,"Crossing Paths - Intersection - Other / Unknown",2007,"Yes","No","Daylight","Straight - Level","Local Street","Dry","Two-Way, Not Divided","None","No Special Feature","Smooth Asphalt",0,0,0,0,0,0,0,"2 lanes",2,0,NA,0,NA
2202,6919,"Morehead City","Carteret","Coastal","Commercial","Urban (>70% Developed)",NA,"Urban","30 - 35  MPH","No Control Present","Clear","No",20,"20-24","No",NA,"Facing Traffic","O: No Injury","Travel Lane","White","Male",27,"25-29","No",NA,"0-5 mph","O: No Injury","Black","Male","Sport Utility","No","24JUN2007","Sunday","Motorist Failed to Yield - Midblock",15,"Non-Intersection","June","O: No Injury",57000,"Motorist Drive Out - Commercial Driveway / Alley",2007,"No","No","Daylight","Straight - Level","Local Street","Dry","Two-Way, Not Divided","None","No Special Feature","Coarse Asphalt",0,0,0,0,0,0,0,"4 lanes",2,0,NA,0,NA
2203,6921,"Wilson","Wilson","Coastal","Commercial","Urban (>70% Developed)",NA,"Urban","40 - 45  MPH","Stop And Go Signal","Clear","No",23,"20-24","No",NA,"With Traffic","B: Evident Injury","Travel Lane","White","Male",NA,NA,"Missing",NA,"0-5 mph","Unknown Injury","Unknown/Missing",NA,NA,"No","24JUN2007","Sunday","Motorist Failed to Yield - Signalized Intersection",12,"Intersection","June","B: Evident Injury",44760,"Motorist Drive Out - Signalized Intersection",2007,"No","Yes","Daylight","Straight - Level","Local Street","Dry","Two-Way, Not Divided","None","Four-Way Intersection","Smooth Asphalt",0,0,0,0,0,0,0,"5 lanes",3,0,NA,0,NA