"...1","object_id","city","county","region","development","locality","on_road","rural_urban","speed_limit","traffic_control","weather","workzone","bike_age","bike_age_group","bike_alcohol","bike_alcohol_drugs","bike_direction","bike_injury","bike_position","bike_race","bike_sex","driver_age","driver_age_group","driver_alcohol","driver_alcohol_drugs","driver_est_speed","driver_injury","driver_race","driver_sex","driver_vehicle_type","crash_alcohol","crash_date","crash_day","crash_group","crash_hour","crash_location","crash_month","crash_severity","crash_time","crash_type","crash_year","ambulance_req","hit_run","light_condition","road_character","road_class","road_condition","road_configuration","road_defects","road_feature","road_surface","num_bikes_ai","num_bikes_bi","num_bikes_ci","num_bikes_ki","num_bikes_no","num_bikes_to","num_bikes_ui","num_lanes","num_units","distance_mi_from","frm_road","rte_invd_cd","towrd_road"
2204,6929,"Randleman","Randolph","Piedmont","Commercial","Urban (>70% Developed)",NA,"Rural","30 - 35  MPH","Stop And Go Signal","Clear","No",16,"16-19","No",NA,"Facing Traffic","B: Evident Injury","Travel Lane","White","Male",67,"60-69","No",NA,"21-25 mph","O: No Injury","White","Male","Pickup","No","28SEP2007","Friday","Bicyclist Failed to Yield - Signalized Intersection",19,"Intersection","September","B: Evident Injury",70260,"Bicyclist Ride Through - Signalized Intersection",2007,"Yes","No","Dark - Lighted Roadway","Straight - Level","State Secondary Route","Dry","Two-Way, Not Divided","None","Four-Way Intersection","Smooth Asphalt",0,0,0,0,0,0,0,"4 lanes",2,0,NA,0,NA
2205,6930,"Charlotte","Mecklenburg","Piedmont","Residential","Urban (>70% Developed)",NA,"Urban","30 - 35  MPH","Stop Sign","Clear","No",53,"50-59","No",NA,"With Traffic","B: Evident Injury","Travel Lane","White","Male",NA,"70+","No",NA,"0-5 mph","O: No Injury","White","Female","Passenger Car","No","29SEP2007","Saturday","Motorist Failed to Yield - Sign-Controlled Intersection",11,"Intersection","September","B: Evident Injury",41580,"Motorist Drive Out - Sign-Controlled Intersection",2007,"Yes","No","Daylight","Straight - Level","Local Street","Dry","Two-Way, Divided, Unprotected Median","None","Four-Way Intersection","Coarse Asphalt",0,0,0,0,0,0,0,"4 lanes",2,0,NA,0,NA
2206,6931,"None - Rural Crash","Orange","Piedmont","Farms, Woods, Pastures","Rural (<30% Developed)",NA,"Rural","40 - 45  MPH","Double Yellow Line, No Passing Zone","Clear","No",25,"25-29","No",NA,"With Traffic","B: Evident Injury","Travel Lane","White","Male",NA,NA,"No",NA,"11-15 mph","Unknown Injury","Unknown/Missing",NA,"Pickup","No","16JUN2007","Saturday","Motorist Left Turn / Merge",19,"Non-Intersection","June","B: Evident Injury",68460,"Motorist Left Turn - Opposite Direction",2007,"Yes","Yes","Daylight","Curve - Hillcrest","State Secondary Route","Dry","Two-Way, Not Divided","None","No Special Feature","Smooth Asphalt",0,0,0,0,0,0,0,"2 lanes",2,0,NA,0,NA
2207,6940,"None - Rural Crash","Guilford","Piedmont","Residential","Urban (>70% Developed)",NA,"Rural","5 - 15 MPH","No Control Present","Cloudy","No",16,"16-19","No",NA,NA,"C: Possible Injury","Travel Lane","Black","Male",32,"30-39","No",NA,"0-5 mph","O: No Injury","Hispanic","Male","Passenger Car","No","28JUN2007","Thursday","Non-Roadway",17,"Non-Roadway","June","C: Possible Injury",63780,"Non-Roadway",2007,"No","No","Daylight","Curve - Grade","Public Vehicular Area","Dry","Two-Way, Not Divided","None","Driveway, Public","Smooth Asphalt",0,0,0,0,0,0,0,NA,2,0,NA,0,NA
2208,6944,"None - Rural Crash","Brunswick","Coastal","Commercial","Urban (>70% Developed)",NA,"Rural","40 - 45  MPH","Stop And Go Signal","Clear","No",14,"11-15","No",NA,"Not Applicable","B: Evident Injury","Non-Roadway","White","Male",51,"50-59","No",NA,"31-35 mph","O: No Injury","Hispanic","Male","Van","No","29JUN2007","Friday","Bicyclist Failed to Yield - Midblock",12,"Non-Intersection","June","B: Evident Injury",43500,"Bicyclist Ride Out - Commercial Driveway / Alley",2007,"Yes","No","Daylight","Straight - Level","NC Route","Dry","Two-Way, Not Divided","None","Related To Intersection","Smooth Asphalt",0,0,0,0,0,0,0,"2 lanes",2,0,NA,0,NA
2209,6955,"None - Rural Crash","New Hanover","Coastal","Commercial","Urban (>70% Developed)",NA,"Rural","50 - 55  MPH","No Control Present","Clear","No",50,"50-59","No",NA,"With Traffic","C: Possible Injury","Travel Lane","White","Male",45,"40-49","No",NA,"41-45 mph","O: No Injury","Black","Male","Single Unit Truck (2-Axle, 6-Tire)","No","21SEP2007","Friday","Motorist Overtaking Bicyclist",9,"Non-Intersection","September","C: Possible Injury",33960,"Motorist Overtaking - Misjudged Space",2007,"Yes","No","Daylight","Straight - Level","NC Route","Dry","Two-Way, Not Divided","None","No Special Feature","Smooth Asphalt",0,0,0,0,0,0,0,"2 lanes",2,0,NA,0,NA
2210,6957,"Oak Island","Brunswick","Coastal","Residential","Urban (>70% Developed)",NA,"Urban","30 - 35  MPH","Stop Sign","Clear","No",41,"40-49","No",NA,"Facing Traffic","C: Possible Injury","Sidewalk / Crosswalk / Driveway Crossing","White","Female",51,"50-59","Yes",NA,"31-35 mph","O: No Injury","White","Male","Pickup","Yes","01JUL2007","Sunday","Motorist Failed to Yield - Sign-Controlled Intersection",18,"Intersection","July","C: Possible Injury",67320,"Motorist Drive Out - Sign-Controlled Intersection",2007,"Yes","No","Daylight","Straight - Level","Local Street","Dry","Two-Way, Not Divided","None","Four-Way Intersection","Smooth Asphalt",0,0,0,0,0,0,0,"2 lanes",2,0,NA,0,NA
2211,6958,"High Point","Guilford","Piedmont","Residential","Urban (>70% Developed)",NA,"Urban","30 - 35  MPH","Stop Sign","Clear","No",14,"11-15","No",NA,NA,"B: Evident Injury","Travel Lane","White","Female",26,"25-29","No",NA,"21-25 mph","O: No Injury","White","Male","Passenger Car","No","01JUL2007","Sunday","Bicyclist Failed to Yield - Sign-Controlled Intersection",15,"Intersection","July","B: Evident Injury",55260,"Bicyclist Ride Through - Sign-Controlled Intersection",2007,"Yes","No","Daylight","Straight - Level","Local Street","Dry","Two-Way, Not Divided","None","No Special Feature","Coarse Asphalt",0,0,0,0,0,0,0,"2 lanes",2,0,NA,0,NA
2212,6980,"Lumberton","Robeson","Coastal","Commercial","Urban (>70% Developed)",NA,"Urban","30 - 35  MPH","No Control Present","Cloudy","No",49,"40-49","Yes",NA,"Facing Traffic","C: Possible Injury","Sidewalk / Crosswalk / Driveway Crossing","Black","Male",NA,"70+","No",NA,"31-35 mph","O: No Injury","Black","Male","Passenger Car","Yes","07JUL2007","Saturday","Motorist Right Turn / Merge",16,"Non-Intersection","July","C: Possible Injury",59520,"Motorist Right Turn - Opposite Direction",2007,"Yes","No","Dusk","Straight - Level","Public Vehicular Area","Wet","Two-Way, Not Divided","None","Driveway, Public","Smooth Asphalt",0,0,0,0,0,0,0,"4 lanes",2,0,NA,0,NA
2213,6981,"None - Rural Crash","Wake","Piedmont","Residential","Rural (<30% Developed)",NA,"Rural","30 - 35  MPH","No Control Present","Clear","No",5,"0-5","No",NA,"Not Applicable","B: Evident Injury",NA,"Black","Female",49,"40-49","Yes",NA,"41-45 mph","O: No Injury","Black","Male","Passenger Car","Yes","07JUL2007","Saturday","Loss of Control / Turning Error",15,"Non-Intersection","July","B: Evident Injury",55920,"Motorist Lost Control - Alcohol / Drug Impairment",2007,"Yes","No","Daylight","Straight - Level","State Secondary Route","Dry","Two-Way, Not Divided","None","No Special Feature","Smooth Asphalt",0,0,0,0,0,0,0,"2 lanes",2,0,NA,0,NA
2214,6987,"Maxton","Robeson","Coastal","Residential","Mixed (30% To 70% Developed)",NA,"Rural","40 - 45  MPH","Stop Sign","Clear","No",15,"11-15","No",NA,"With Traffic","C: Possible Injury","Travel Lane","Black","Male",24,"20-24","No",NA,"26-30 mph","O: No Injury","Native American","Female","Passenger Car","No","10JUL2007","Tuesday","Motorist Overtaking Bicyclist",21,"Intersection","July","C: Possible Injury",78180,"Motorist Overtaking - Other / Unknown",2007,"Yes","No","Dark - Lighted Roadway","Straight - Level","NC Route","Dry","Two-Way, Divided, Unprotected Median","None","Y-Intersection","Coarse Asphalt",0,0,0,0,0,0,0,"2 lanes",3,0,NA,0,NA
2215,6997,"None - Rural Crash","Wake","Piedmont","Farms, Woods, Pastures","Rural (<30% Developed)",NA,"Rural","40 - 45  MPH","Double Yellow Line, No Passing Zone","Clear","No",NA,NA,"No",NA,"With Traffic","B: Evident Injury","Travel Lane","White","Male",42,"40-49","No",NA,NA,"O: No Injury","Asian","Female","Passenger Car","No","13JUL2007","Friday","Bicyclist Overtaking Motorist",17,"Non-Intersection","July","B: Evident Injury",62580,"Bicyclist Overtaking - Other / Unknown",2007,"Yes","No","Daylight","Straight - Level","State Secondary Route","Dry","Two-Way, Not Divided","None","No Special Feature","Smooth Asphalt",0,0,0,0,0,0,0,"2 lanes",2,0,NA,0,NA
2216,5009,"Wrightsville Beach","New Hanover","Coastal","Residential","Urban (>70% Developed)",NA,"Rural","20 - 25  MPH","No Control Present","Clear","No",46,"40-49","No",NA,"With Traffic","C: Possible Injury","Travel Lane","White","Female",43,"40-49","No",NA,NA,"O: No Injury","White","Male","Sport Utility","No","31MAY2009","Sunday","Bicyclist Overtaking Motorist",11,"Non-Intersection","May","C: Possible Injury",41100,"Bicyclist Overtaking - Extended Door",2009,"Yes","No","Daylight","Straight - Level","Local Street","Dry","Two-Way, Not Divided","None","No Special Feature","Coarse Asphalt",0,0,0,0,0,0,0,"4 lanes",2,0,NA,0,NA
2217,5010,"Gastonia","Gaston","Piedmont","Residential","Urban (>70% Developed)",NA,"Urban","30 - 35  MPH","Stop Sign","Clear","No",13,"11-15","No",NA,"With Traffic","C: Possible Injury","Travel Lane","Black","Male",51,"50-59","No",NA,"21-25 mph","O: No Injury","White","Female","Passenger Car","No","18JUL2009","Saturday","Bicyclist Failed to Yield - Sign-Controlled Intersection",14,"Intersection","July","C: Possible Injury",53280,"Bicyclist Ride Through - Sign-Controlled Intersection",2009,"Yes","No","Daylight","Straight - Grade","Local Street","Dry","Two-Way, Not Divided","None","T-Intersection","Smooth Asphalt",0,0,0,0,0,0,0,"2 lanes",3,0,NA,0,NA
2218,5014,"Durham","Durham","Piedmont","Residential","Urban (>70% Developed)",NA,"Urban","5 - 15 MPH","No Control Present","Clear","No",26,"25-29","No",NA,"Not Applicable","O: No Injury","Non-Roadway","White","Male",24,"20-24","No",NA,"0-5 mph","O: No Injury","White","Male","Passenger Car","No","27JUL2009","Monday","Non-Roadway",8,"Non-Roadway","July","O: No Injury",28800,"Non-Roadway",2009,"No","No","Daylight","Straight - Grade","Public Vehicular Area","Dry","Two-Way, Not Divided","None","No Special Feature","Smooth Asphalt",0,0,0,0,0,0,0,"2 lanes",2,0,NA,0,NA
2219,5015,"None - Rural Crash","Iredell","Piedmont","Residential","Mixed (30% To 70% Developed)",NA,"Rural","40 - 45  MPH","No Control Present","Clear","No",32,"30-39","No",NA,"With Traffic","B: Evident Injury","Bike Lane / Paved Shoulder","White","Male",25,"25-29","No",NA,"41-45 mph","O: No Injury","White","Male","Pickup","No","21JUL2009","Tuesday","Bicyclist Left Turn / Merge",17,"Non-Intersection","July","B: Evident Injury",63300,"Bicyclist Left Turn - Same Direction",2009,"Yes","No","Daylight","Straight - Level","State Secondary Route","Dry","Two-Way, Not Divided","None","No Special Feature","Smooth Asphalt",0,0,0,0,0,0,0,"2 lanes",2,0,NA,0,NA
2220,5023,"None - Rural Crash","Durham","Piedmont","Residential","Mixed (30% To 70% Developed)",NA,"Rural","30 - 35  MPH","Double Yellow Line, No Passing Zone","Clear","No",14,"11-15","No",NA,"Facing Traffic","B: Evident Injury","Travel Lane","Black","Male",51,"50-59","No",NA,"31-35 mph","O: No Injury","Black","Female","Passenger Car","No","19JUL2009","Sunday","Loss of Control / Turning Error",14,"Non-Intersection","July","B: Evident Injury",53580,"Bicyclist Lost Control - Other / Unknown",2009,"Yes","No","Daylight","Straight - Level","State Secondary Route","Dry","Two-Way, Not Divided","None","No Special Feature","Smooth Asphalt",0,0,0,0,0,0,0,"2 lanes",2,0,NA,0,NA
2221,5027,"Chapel Hill","Orange","Piedmont","Commercial","Urban (>70% Developed)",NA,"Urban","20 - 25  MPH","Stop Sign","Clear","No",25,"25-29","No",NA,"With Traffic","B: Evident Injury","Travel Lane","White","Male",54,"50-59","No",NA,"0-5 mph","O: No Injury","Black","Male","Passenger Car","No","25JUL2009","Saturday","Motorist Failed to Yield - Sign-Controlled Intersection",12,"Intersection","July","B: Evident Injury",43440,"Motorist Drive Out - Sign-Controlled Intersection",2009,"Yes","No","Daylight","Straight - Grade","Local Street","Dry","Two-Way, Not Divided","None","T-Intersection","Smooth Asphalt",0,0,0,0,0,0,0,"2 lanes",2,0,NA,0,NA
2222,5028,"Cary","Wake","Piedmont","Farms, Woods, Pastures","Rural (<30% Developed)",NA,"Urban","30 - 35  MPH","Stop And Go Signal","Clear","No",44,"40-49","No",NA,"With Traffic","C: Possible Injury","Travel Lane","White","Male",32,"30-39","No",NA,"31-35 mph","O: No Injury","White","Female","Light Truck (Mini-Van, Panel)","No","03AUG2009","Monday","Motorist Right Turn / Merge",14,"Intersection","August","C: Possible Injury",51120,"Motorist Right Turn - Same Direction",2009,"No","No","Daylight","Straight - Level","State Secondary Route","Dry","Two-Way, Not Divided","None","Four-Way Intersection","Smooth Asphalt",0,0,0,0,0,0,0,"2 lanes",2,0,NA,0,NA
2223,5029,"Huntersville","Mecklenburg","Piedmont","Residential","Mixed (30% To 70% Developed)",NA,"Urban","40 - 45  MPH","Double Yellow Line, No Passing Zone","Clear","No",26,"25-29","No",NA,"With Traffic","B: Evident Injury","Travel Lane","White","Male",37,"30-39","No",NA,"31-35 mph","O: No Injury","White","Female","Pickup","No","26JUL2009","Sunday","Motorist Overtaking Bicyclist",8,"Non-Intersection","July","B: Evident Injury",31440,"Motorist Overtaking - Other / Unknown",2009,"No","No","Daylight","Curve - Grade","State Secondary Route","Dry","Two-Way, Divided, Unprotected Median","None","No Special Feature","Smooth Asphalt",0,0,0,0,0,0,0,"2 lanes",2,0,NA,0,NA
2224,5033,"None - Rural Crash","Carteret","Coastal","Residential","Mixed (30% To 70% Developed)",NA,"Rural","50 - 55  MPH","No Control Present","Clear","No",16,"16-19","No",NA,"Facing Traffic","A: Disabling Injury","Bike Lane / Paved Shoulder","White","Female",18,"0-19","No",NA,"51-55 mph","O: No Injury","White","Male","Van","No","03AUG2009","Monday","Loss of Control / Turning Error",22,"Non-Intersection","August","A: Disabling Injury",79380,"Bicyclist Lost Control - Other / Unknown",2009,"Yes","Yes","Dark - Roadway Not Lighted","Straight - Level","NC Route","Dry","Two-Way, Not Divided","None","No Special Feature","Smooth Asphalt",0,0,0,0,0,0,0,"5 lanes",2,0,NA,0,NA
2225,5034,"Whiteville","Columbus","Coastal","Residential","Urban (>70% Developed)",NA,"Urban",NA,"No Control Present","Cloudy","No",15,"11-15","No",NA,"With Traffic","O: No Injury","Travel Lane","White","Male",NA,NA,"Missing",NA,NA,"Unknown Injury","Unknown/Missing",NA,NA,"No","20JUL2009","Monday","Motorist Overtaking Bicyclist",8,"Non-Intersection","July","O: No Injury",30600,"Motorist Overtaking - Misjudged Space",2009,"No","Yes","Daylight","Straight - Hillcrest","Local Street","Wet","One-Way, Not Divided","None","No Special Feature","Coarse Asphalt",0,0,0,0,0,0,0,"2 lanes",2,0,NA,0,NA
2226,5057,"Wilmington","New Hanover","Coastal","Commercial","Urban (>70% Developed)",NA,"Urban","30 - 35  MPH","Stop Sign","Clear","No",29,"25-29","No",NA,"Facing Traffic","C: Possible Injury","Sidewalk / Crosswalk / Driveway Crossing","White","Male",52,"50-59","No",NA,"0-5 mph","O: No Injury","Black","Male","Passenger Car","No","24JUL2009","Friday","Motorist Failed to Yield - Sign-Controlled Intersection",16,"Intersection","July","C: Possible Injury",59760,"Motorist Drive Through - Sign-Controlled Intersection",2009,"Yes","No","Daylight","Straight - Level","US Route","Dry","Two-Way, Not Divided","None","T-Intersection","Coarse Asphalt",0,0,0,0,0,0,0,"5 lanes",2,0,NA,0,NA
2227,5061,"Greensboro","Guilford","Piedmont","Residential","Urban (>70% Developed)",NA,"Urban","20 - 25  MPH","Stop Sign","Clear","No",11,"11-15","No",NA,"Facing Traffic","B: Evident Injury","Travel Lane","Black","Male",NA,NA,"Missing",NA,NA,"Unknown Injury","Unknown/Missing",NA,NA,"No","03AUG2009","Monday","Crossing Paths - Other Circumstances",18,"Intersection","August","B: Evident Injury",64860,"Sign-Controlled Intersection - Other / Unknown",2009,"No","Yes","Daylight","Straight - Level","Local Street","Dry","Two-Way, Not Divided","None","No Special Feature","Smooth Asphalt",0,0,0,0,0,0,0,"2 lanes",2,0,NA,0,NA
2228,5063,"None - Rural Crash","Wake","Piedmont","Farms, Woods, Pastures","Mixed (30% To 70% Developed)",NA,"Rural","40 - 45  MPH","Double Yellow Line, No Passing Zone","Clear","No",42,"40-49","No",NA,"With Traffic","C: Possible Injury","Travel Lane","White","Female",50,"50-59","No",NA,"31-35 mph","O: No Injury","White","Male","Pickup","No","06AUG2009","Thursday","Motorist Overtaking Bicyclist",18,"Non-Intersection","August","C: Possible Injury",67980,"Motorist Overtaking - Other / Unknown",2009,"Yes","No","Daylight","Straight - Hillcrest","State Secondary Route","Dry","Two-Way, Not Divided","None","No Special Feature","Coarse Asphalt",0,0,0,0,0,0,0,"2 lanes",2,0,NA,0,NA
2229,5064,"None - Rural Crash","Gaston","Piedmont","Farms, Woods, Pastures","Rural (<30% Developed)",NA,"Rural","40 - 45  MPH","Double Yellow Line, No Passing Zone","Cloudy","No",59,"50-59","No",NA,"With Traffic","C: Possible Injury","Travel Lane","White","Female",21,"20-24","No",NA,"31-35 mph","O: No Injury","White","Female","Passenger Car","No","16AUG2009","Sunday","Motorist Overtaking Bicyclist",18,"Non-Intersection","August","C: Possible Injury",65280,"Motorist Overtaking - Misjudged Space",2009,"Yes","No","Daylight","Straight - Level","State Secondary Route","Dry","Two-Way, Not Divided","None","No Special Feature","Smooth Asphalt",0,0,0,0,0,0,0,"2 lanes",2,0,NA,0,NA
2230,5067,"Asheville","Buncombe","Mountains","Residential","Urban (>70% Developed)",NA,"Urban","20 - 25  MPH","No Control Present","Rain","No",7,"6-10","No",NA,"Not Applicable","B: Evident Injury","Non-Roadway","White","Male",NA,NA,"Missing",NA,"0-5 mph","Unknown Injury","Unknown/Missing",NA,"Passenger Car","No","04AUG2009","Tuesday","Non-Roadway",18,"Non-Roadway","August","B: Evident Injury",64860,"Non-Roadway",2009,"Yes","No","Daylight","Straight - Level","Local Street","Wet","Two-Way, Not Divided","None","No Special Feature","Coarse Asphalt",0,0,0,0,0,0,0,"2 lanes",2,0,NA,0,NA
2231,5075,"Raleigh","Wake","Piedmont","Residential","Urban (>70% Developed)",NA,"Urban","40 - 45  MPH","Stop And Go Signal","Clear","No",24,"20-24","No",NA,"Facing Traffic","C: Possible Injury","Travel Lane","White","Male",NA,NA,"Missing",NA,"21-25 mph","Unknown Injury","Unknown/Missing",NA,NA,"No","29JUL2009","Wednesday","Motorist Right Turn / Merge",23,"Intersection","July","C: Possible Injury",84060,"Motorist Right Turn - Opposite Direction",2009,"Yes","Yes","Dark - Lighted Roadway","Straight - Level","Local Street","Dry","Two-Way, Not Divided","None","T-Intersection","Coarse Asphalt",0,0,0,0,0,0,0,"4 lanes",2,0,NA,0,NA
2232,5080,"Raleigh","Wake","Piedmont","Residential","Urban (>70% Developed)",NA,"Urban","20 - 25  MPH","No Control Present","Clear","No",15,"11-15","No",NA,"Facing Traffic","O: No Injury","Sidewalk / Crosswalk / Driveway Crossing","Black","Male",41,"40-49","No",NA,"6-10 mph","O: No Injury","White","Male","Police","No","28JUL2009","Tuesday","Motorist Right Turn / Merge",0,"Non-Intersection","July","O: No Injury",2340,"Motorist Right Turn - Opposite Direction",2009,"No","No","Dark - Roadway Not Lighted","Straight - Level","Local Street","Wet","Two-Way, Not Divided","None","No Special Feature","Smooth Asphalt",0,0,0,0,0,0,0,"2 lanes",2,0,NA,0,NA
2233,5082,"Shelby","Cleveland","Mountains","Residential","Mixed (30% To 70% Developed)",NA,"Urban","30 - 35  MPH","No Control Present","Clear","No",16,"16-19","No",NA,"With Traffic","C: Possible Injury","Travel Lane","Black","Male",29,"25-29","No",NA,"26-30 mph","O: No Injury","White","Female","Passenger Car","No","11AUG2009","Tuesday","Crossing Paths - Other Circumstances",0,"Intersection","August","C: Possible Injury",480,"Sign-Controlled Intersection - Other / Unknown",2009,"Yes","No","Dark - Roadway Not Lighted","Straight - Grade","NC Route","Dry","Two-Way, Not Divided","None","No Special Feature","Coarse Asphalt",0,0,0,0,0,0,0,"2 lanes",2,0,NA,0,NA
2234,5089,"Raleigh","Wake","Piedmont","Commercial","Urban (>70% Developed)",NA,"Urban","5 - 15 MPH","Stop Sign","Clear","No",31,"30-39","No",NA,"With Traffic","C: Possible Injury","Sidewalk / Crosswalk / Driveway Crossing","White","Male",26,"25-29","No",NA,"0-5 mph","O: No Injury","White","Male","Passenger Car","No","11AUG2009","Tuesday","Motorist Failed to Yield - Sign-Controlled Intersection",16,"Intersection","August","C: Possible Injury",60300,"Motorist Drive Out - Sign-Controlled Intersection",2009,"No","No","Daylight","Straight - Grade","Public Vehicular Area","Dry","Two-Way, Not Divided","None","No Special Feature","Smooth Asphalt",0,0,0,0,0,0,0,NA,2,0,NA,0,NA
2235,5093,"Lexington","Davidson","Piedmont","Commercial","Urban (>70% Developed)",NA,"Urban","20 - 25  MPH","Stop Sign","Clear","No",44,"40-49","No",NA,"Facing Traffic","C: Possible Injury","Sidewalk / Crosswalk / Driveway Crossing","Black","Male",58,"50-59","No",NA,"0-5 mph","O: No Injury","White","Female","Passenger Car","No","10AUG2009","Monday","Motorist Failed to Yield - Sign-Controlled Intersection",9,"Intersection","August","C: Possible Injury",34500,"Motorist Drive Out - Sign-Controlled Intersection",2009,"Yes","No","Daylight","Straight - Level","Local Street","Dry","One-Way, Not Divided","None","No Special Feature","Smooth Asphalt",0,0,0,0,0,0,0,"1 lane",2,0,NA,0,NA
2236,5099,"None - Rural Crash","Union","Piedmont","Residential","Mixed (30% To 70% Developed)",NA,"Rural","50 - 55  MPH","Double Yellow Line, No Passing Zone","Clear","No",NA,"70+","No",NA,"With Traffic","B: Evident Injury","Travel Lane","Hispanic","Male",40,"40-49","No",NA,"51-55 mph","O: No Injury","White","Male","Motorcycle","No","09AUG2009","Sunday","Motorist Overtaking Bicyclist",9,"Non-Intersection","August","B: Evident Injury",32880,"Motorist Overtaking - Bicyclist Swerved",2009,"Yes","No","Daylight","Straight - Level","NC Route","Dry","Two-Way, Not Divided","None","No Special Feature","Smooth Asphalt",0,0,0,0,0,0,0,"2 lanes",2,0,NA,0,NA
2237,5101,"Lumberton","Robeson","Coastal","Commercial","Urban (>70% Developed)",NA,"Urban","40 - 45  MPH","No Control Present","Clear","No",49,"40-49","Yes",NA,"Facing Traffic","A: Disabling Injury","Travel Lane","Black","Male",21,"20-24","No",NA,"51-55 mph","O: No Injury","Black","Male","Passenger Car","Yes","21AUG2009","Friday","Head-On",22,"Non-Intersection","August","A: Disabling Injury",80100,"Head-On - Bicyclist",2009,"Yes","No","Dark - Lighted Roadway","Straight - Level","NC Route","Dry","Two-Way, Not Divided","None","No Special Feature","Coarse Asphalt",0,0,0,0,0,0,0,"5 lanes",2,0,NA,0,NA
2238,5109,"Durham","Durham","Piedmont","Commercial","Urban (>70% Developed)",NA,"Urban","20 - 25  MPH","No Control Present","Clear","No",15,"11-15","No",NA,"With Traffic","C: Possible Injury","Travel Lane","White","Male",42,"40-49","No",NA,"0-5 mph","O: No Injury","Black","Male","Passenger Car","No","02SEP2009","Wednesday","Bicyclist Overtaking Motorist",20,"Intersection-Related","September","C: Possible Injury",73500,"Bicyclist Overtaking - Other / Unknown",2009,"Yes","No","Dusk","Straight - Grade","Local Street","Dry","One-Way, Not Divided","None","No Special Feature","Smooth Asphalt",0,0,0,0,0,0,0,"4 lanes",2,0,NA,0,NA
2239,5112,"Wilmington","New Hanover","Coastal","Residential","Urban (>70% Developed)",NA,"Urban","20 - 25  MPH","No Control Present","Clear","No",7,"6-10","No",NA,"Not Applicable","B: Evident Injury","Non-Roadway","White","Male",60,"60-69","No",NA,"6-10 mph","O: No Injury","White","Male","Passenger Car","No","24AUG2009","Monday","Bicyclist Failed to Yield - Midblock",17,"Non-Intersection","August","B: Evident Injury",63480,"Bicyclist Ride Out - Other Midblock",2009,"Yes","No","Daylight","Straight - Level","Local Street","Dry","Two-Way, Not Divided","None","Driveway, Public","Smooth Asphalt",0,0,0,0,0,0,0,"2 lanes",2,0,NA,0,NA
2240,5113,"None - Rural Crash","Lenoir","Coastal","Farms, Woods, Pastures","Rural (<30% Developed)",NA,"Rural","50 - 55  MPH","Stop Sign","Clear","No",18,"16-19","No",NA,"Facing Traffic","O: No Injury",NA,"Black","Male",27,"25-29","No",NA,"51-55 mph","O: No Injury","Black","Female","Passenger Car","No","16AUG2009","Sunday","Motorist Failed to Yield - Sign-Controlled Intersection",15,"Intersection","August","O: No Injury",55800,"Motorist Drive Out - Sign-Controlled Intersection",2009,"No","No","Daylight","Straight - Level","NC Route","Dry","Two-Way, Divided, Unprotected Median","None","T-Intersection","Coarse Asphalt",0,0,0,0,0,0,0,"4 lanes",2,0,NA,0,NA
2241,5114,"None - Rural Crash","Columbus","Coastal","Farms, Woods, Pastures","Rural (<30% Developed)",NA,"Rural","30 - 35  MPH","No Control Present","Clear","No",12,"11-15","No",NA,"With Traffic","B: Evident Injury","Travel Lane","Black","Male",22,"20-24","No",NA,"31-35 mph","O: No Injury","Black","Female","Passenger Car","No","03SEP2009","Thursday","Motorist Overtaking Bicyclist",16,"Non-Intersection","September","B: Evident Injury",58980,"Motorist Overtaking - Bicyclist Swerved",2009,"Yes","No","Daylight","Straight - Level","State Secondary Route","Dry","Two-Way, Not Divided","None","No Special Feature","Grooved Concrete",0,0,0,0,0,0,0,"2 lanes",2,0,NA,0,NA
2242,5118,"Charlotte","Mecklenburg","Piedmont","Residential","Urban (>70% Developed)",NA,"Urban","20 - 25  MPH","Stop And Go Signal","Cloudy","No",64,"60-69","No",NA,"Facing Traffic","C: Possible Injury","Sidewalk / Crosswalk / Driveway Crossing","White","Female",54,"50-59","No",NA,"0-5 mph","O: No Injury","White","Male","Tractor/Semi-Trailer","No","23AUG2009","Sunday","Motorist Failed to Yield - Signalized Intersection",10,"Intersection","August","C: Possible Injury",36660,"Motorist Drive Out - Right Turn on Red",2009,"Yes","No","Daylight","Straight - Level","Local Street","Dry","Two-Way, Not Divided","None","Four-Way Intersection","Smooth Asphalt",0,0,0,0,0,0,0,"2 lanes",2,0,NA,0,NA
2243,5128,"None - Rural Crash","Wake","Piedmont","Farms, Woods, Pastures","Rural (<30% Developed)",NA,"Rural","40 - 45  MPH","Double Yellow Line, No Passing Zone","Clear","No",36,"30-39","No",NA,"With Traffic","C: Possible Injury","Travel Lane","White","Male",36,"30-39","No",NA,"41-45 mph","O: No Injury","Hispanic","Male","Pickup","No","04SEP2009","Friday","Motorist Right Turn / Merge",13,"Non-Intersection","September","C: Possible Injury",47700,"Motorist Right Turn - Same Direction",2009,"Yes","No","Daylight","Straight - Level","State Secondary Route","Dry","Two-Way, Not Divided","None","Driveway, Private","Smooth Asphalt",0,0,0,0,0,0,0,"2 lanes",2,0,NA,0,NA
2244,5140,"Rocky Mount","Edgecombe","Coastal","Residential","Mixed (30% To 70% Developed)",NA,"Urban","30 - 35  MPH","Stop Sign","Clear","No",62,"60-69","No",NA,"With Traffic","B: Evident Injury","Travel Lane","Black","Male",NA,NA,"Missing",NA,"21-25 mph","Unknown Injury","Unknown/Missing",NA,NA,"No","19JUL2009","Sunday","Bicyclist Failed to Yield - Sign-Controlled Intersection",14,"Intersection","July","B: Evident Injury",50820,"Bicyclist Ride Through - Sign-Controlled Intersection",2009,"Yes","Yes","Daylight","Straight - Level","Local Street","Dry","Two-Way, Not Divided","None","No Special Feature","Grooved Concrete",0,0,0,0,0,0,0,"4 lanes",2,0,NA,0,NA