"...1","object_id","city","county","region","development","locality","on_road","rural_urban","speed_limit","traffic_control","weather","workzone","bike_age","bike_age_group","bike_alcohol","bike_alcohol_drugs","bike_direction","bike_injury","bike_position","bike_race","bike_sex","driver_age","driver_age_group","driver_alcohol","driver_alcohol_drugs","driver_est_speed","driver_injury","driver_race","driver_sex","driver_vehicle_type","crash_alcohol","crash_date","crash_day","crash_group","crash_hour","crash_location","crash_month","crash_severity","crash_time","crash_type","crash_year","ambulance_req","hit_run","light_condition","road_character","road_class","road_condition","road_configuration","road_defects","road_feature","road_surface","num_bikes_ai","num_bikes_bi","num_bikes_ci","num_bikes_ki","num_bikes_no","num_bikes_to","num_bikes_ui","num_lanes","num_units","distance_mi_from","frm_road","rte_invd_cd","towrd_road"
2245,5148,"Asheville","Buncombe","Mountains","Commercial","Urban (>70% Developed)",NA,"Urban","40 - 45  MPH","Stop Sign","Clear","No",68,"60-69","No",NA,"With Traffic","B: Evident Injury","Travel Lane","White","Male",19,"0-19","No",NA,"36-40 mph","O: No Injury","White","Male","Passenger Car","No","30AUG2009","Sunday","Motorist Left Turn / Merge",12,"Intersection","August","B: Evident Injury",45180,"Motorist Left Turn - Opposite Direction",2009,"No","No","Daylight","Straight - Level","Local Street","Dry","Two-Way, Not Divided","None","No Special Feature","Smooth Asphalt",0,0,0,0,0,0,0,"2 lanes",2,0,NA,0,NA
2246,5154,"None - Rural Crash","Durham","Piedmont","Farms, Woods, Pastures","Rural (<30% Developed)",NA,"Rural","40 - 45  MPH","Stop Sign","Clear","No",35,"30-39","No",NA,"With Traffic","B: Evident Injury","Travel Lane","White","Female",54,"50-59","No",NA,"6-10 mph","O: No Injury","White","Male","Sport Utility","No","30AUG2009","Sunday","Bicyclist Failed to Yield - Sign-Controlled Intersection",18,"Intersection","August","B: Evident Injury",66720,"Bicyclist Ride Through - Sign-Controlled Intersection",2009,"No","No","Daylight","Straight - Level","State Secondary Route","Dry","Two-Way, Not Divided","None","Four-Way Intersection","Smooth Asphalt",0,0,0,0,0,0,0,"2 lanes",2,0,NA,0,NA
2247,5161,"Raleigh","Wake","Piedmont","Institutional","Urban (>70% Developed)",NA,"Urban","20 - 25  MPH","No Control Present","Clear","No",22,"20-24","No",NA,"With Traffic","B: Evident Injury","Travel Lane","White","Male",24,"20-24","No",NA,"16-20 mph","O: No Injury","Black","Male","Passenger Car","No","08SEP2009","Tuesday","Bicyclist Left Turn / Merge",15,"Intersection","September","B: Evident Injury",56280,"Bicyclist Left Turn - Same Direction",2009,"Yes","No","Daylight","Straight - Level","Local Street","Dry","One-Way, Not Divided","None","No Special Feature","Smooth Asphalt",0,0,0,0,0,0,0,"2 lanes",2,0,NA,0,NA
2248,5164,"Raleigh","Wake","Piedmont","Commercial","Urban (>70% Developed)",NA,"Urban","30 - 35  MPH","Stop And Go Signal","Clear","No",25,"25-29","No",NA,"With Traffic","B: Evident Injury","Travel Lane","White","Male",NA,"70+","No",NA,"31-35 mph","O: No Injury","White","Male","Passenger Car","No","20AUG2009","Thursday","Motorist Left Turn / Merge",11,"Intersection","August","B: Evident Injury",40560,"Motorist Left Turn - Opposite Direction",2009,"Yes","No","Daylight","Straight - Level","Local Street","Dry","Two-Way, Divided, Unprotected Median","None","Four-Way Intersection","Coarse Asphalt",0,0,0,0,0,0,0,"3 lanes",2,0,NA,0,NA
2249,5166,"Marvin","Union","Piedmont","Residential","Urban (>70% Developed)",NA,"Rural","30 - 35  MPH","Stop Sign","Clear","No",30,"30-39","No",NA,"With Traffic","B: Evident Injury","Travel Lane","White","Male",35,"30-39","No",NA,"0-5 mph","O: No Injury","White","Female","Van","No","19SEP2009","Saturday","Motorist Failed to Yield - Sign-Controlled Intersection",15,"Intersection","September","B: Evident Injury",55200,"Motorist Drive Out - Sign-Controlled Intersection",2009,"Yes","No","Daylight","Straight - Level","State Secondary Route","Dry","Two-Way, Not Divided","None","Four-Way Intersection","Smooth Asphalt",0,0,0,0,0,0,0,"2 lanes",2,0,NA,0,NA
2250,5193,"Kill Devil Hills","Dare","Coastal","Commercial","Urban (>70% Developed)",NA,"Urban",NA,"No Control Present","Clear","No",37,"30-39","Yes",NA,"Not Applicable","C: Possible Injury","Non-Roadway","White","Male",46,"40-49","No",NA,"0-5 mph","O: No Injury","White","Male","Passenger Car","Yes","17SEP2009","Thursday","Non-Roadway",16,"Non-Roadway","September","C: Possible Injury",59520,"Non-Roadway",2009,"Yes","No","Daylight","Straight - Level","Public Vehicular Area","Dry","Two-Way, Not Divided","None","Driveway, Public","Coarse Asphalt",0,0,0,0,0,0,0,NA,2,0,NA,0,NA
2251,5194,"None - Rural Crash","Buncombe","Mountains","Farms, Woods, Pastures","Rural (<30% Developed)",NA,"Rural","40 - 45  MPH","No Control Present","Rain","No",21,"20-24","No",NA,"With Traffic","B: Evident Injury","Travel Lane","White","Male",39,"30-39","No",NA,"41-45 mph","O: No Injury","White","Male","Passenger Car","No","20SEP2009","Sunday","Motorist Overtaking Bicyclist",22,"Non-Intersection","September","B: Evident Injury",82560,"Motorist Overtaking - Undetected Bicyclist",2009,"Yes","No","Dark - Roadway Not Lighted","Curve - Level","US Route","Wet","Two-Way, Divided, Unprotected Median","None","No Special Feature","Smooth Asphalt",0,0,0,0,0,0,0,"4 lanes",2,0,NA,0,NA
2252,5196,"Nags Head","Dare","Coastal","Residential","Mixed (30% To 70% Developed)",NA,"Rural",NA,"No Control Present","Clear","No",14,"11-15","No",NA,"Facing Traffic","C: Possible Injury","Sidewalk / Crosswalk / Driveway Crossing","White","Male",23,"20-24","No",NA,"0-5 mph","O: No Injury","White","Female","Sport Utility","No","08JUL2009","Wednesday","Motorist Failed to Yield - Midblock",9,"Non-Intersection","July","C: Possible Injury",33600,"Motorist Drive Out - Commercial Driveway / Alley",2009,"No","No","Daylight","Straight - Level","Private Road, Driveway","Dry","Two-Way, Not Divided","None","Driveway, Private","Concrete",0,0,0,0,0,0,0,"1 lane",2,0,NA,0,NA
2253,5215,"Asheville","Buncombe","Mountains","Residential","Urban (>70% Developed)",NA,"Urban","20 - 25  MPH","No Control Present","Rain","No",8,"6-10","No",NA,"Facing Traffic","B: Evident Injury","Travel Lane","Black","Male",18,"0-19","No",NA,NA,"O: No Injury","White","Male","Passenger Car","No","27AUG2009","Thursday","Head-On",16,"Non-Intersection","August","B: Evident Injury",60960,"Head-On - Bicyclist",2009,"Yes","No","Daylight","Curve - Grade","Local Street","Wet","Two-Way, Not Divided","None","No Special Feature","Concrete",0,0,0,0,0,0,0,NA,2,0,NA,0,NA
2254,5220,"Raleigh","Wake","Piedmont","Commercial","Urban (>70% Developed)",NA,"Urban","30 - 35  MPH","No Control Present","Clear","No",21,"20-24","No",NA,"With Traffic","C: Possible Injury","Travel Lane","White","Male",NA,NA,"Missing",NA,"31-35 mph","Unknown Injury","Unknown/Missing",NA,NA,"No","11SEP2009","Friday","Motorist Overtaking Bicyclist",14,"Non-Intersection","September","C: Possible Injury",52620,"Motorist Overtaking - Misjudged Space",2009,"No","Yes","Daylight","Straight - Level","Local Street","Dry","Two-Way, Not Divided","None","No Special Feature","Smooth Asphalt",0,0,0,0,0,0,0,"4 lanes",2,0,NA,0,NA
2255,5227,"Winston-Salem","Forsyth","Piedmont","Residential","Urban (>70% Developed)",NA,"Urban","30 - 35  MPH","Stop Sign","Clear","No",58,"50-59","No",NA,"With Traffic","B: Evident Injury","Travel Lane","White","Male",55,"50-59","No",NA,"31-35 mph","O: No Injury","White","Female","Passenger Car","No","03OCT2009","Saturday","Motorist Left Turn / Merge",12,"Intersection","October","B: Evident Injury",45000,"Motorist Left Turn - Opposite Direction",2009,"Yes","No","Dawn","Curve - Level","Local Street","Dry","Two-Way, Not Divided","None","T-Intersection","Smooth Asphalt",0,0,0,0,0,0,0,"2 lanes",2,0,NA,0,NA
2256,5228,"Greensboro","Guilford","Piedmont","Commercial","Urban (>70% Developed)",NA,"Urban","20 - 25  MPH","Stop And Go Signal","Clear","No",52,"50-59","No",NA,"With Traffic","B: Evident Injury","Travel Lane","Black","Male",19,"0-19","No",NA,"16-20 mph","O: No Injury","Black","Female","Passenger Car","No","30SEP2009","Wednesday","Motorist Overtaking Bicyclist",12,"Intersection","September","B: Evident Injury",46320,"Motorist Overtaking - Misjudged Space",2009,"Yes","No","Daylight","Straight - Level","Local Street","Dry","One-Way, Not Divided","None","Four-Way Intersection","Smooth Asphalt",0,0,0,0,0,0,0,"6 lanes",2,0,NA,0,NA
2257,5229,"None - Rural Crash","Brunswick","Coastal","Farms, Woods, Pastures","Mixed (30% To 70% Developed)",NA,"Rural","50 - 55  MPH","Stop Sign","Clear","No",16,"16-19","No",NA,"With Traffic","A: Disabling Injury","Travel Lane","White","Male",62,"60-69","No",NA,"51-55 mph","O: No Injury","White","Male","Passenger Car","No","13OCT2009","Tuesday","Bicyclist Failed to Yield - Sign-Controlled Intersection",17,"Intersection","October","A: Disabling Injury",64560,"Bicyclist Ride Through - Sign-Controlled Intersection",2009,"Yes","No","Daylight","Straight - Level","NC Route","Dry","Two-Way, Not Divided","None","Driveway, Public","Coarse Asphalt",0,0,0,0,0,0,0,"3 lanes",2,0,NA,0,NA
2258,5230,"Roanoke Rapids","Halifax","Coastal","Commercial","Urban (>70% Developed)",NA,"Urban","30 - 35  MPH","Stop And Go Signal","Clear","No",9,"6-10","No",NA,"With Traffic","B: Evident Injury","Travel Lane","Black","Male",NA,NA,"Missing",NA,"11-15 mph","Unknown Injury","Unknown/Missing",NA,NA,"No","27SEP2009","Sunday","Motorist Failed to Yield - Signalized Intersection",15,"Intersection","September","B: Evident Injury",56640,"Motorist Drive Through - Signalized Intersection",2009,"Yes","Yes","Daylight","Straight - Level","NC Route","Dry","Two-Way, Not Divided","None","No Special Feature","Coarse Asphalt",0,0,0,0,0,0,0,"3 lanes",2,0,NA,0,NA
2259,5232,"None - Rural Crash","Stokes","Piedmont","Residential","Mixed (30% To 70% Developed)",NA,"Rural","40 - 45  MPH","Double Yellow Line, No Passing Zone","Clear","No",51,"50-59","No",NA,"With Traffic","B: Evident Injury","Travel Lane","White","Female",48,"40-49","No",NA,"41-45 mph","O: No Injury","White","Male","Van","No","03OCT2009","Saturday","Motorist Overtaking Bicyclist",10,"Non-Intersection","October","B: Evident Injury",38700,"Motorist Overtaking - Other / Unknown",2009,"Yes","No","Daylight","Straight - Grade","State Secondary Route","Dry","Two-Way, Not Divided","None","No Special Feature","Smooth Asphalt",0,0,0,0,0,0,0,"2 lanes",2,0,NA,0,NA
2260,5238,"None - Rural Crash","Beaufort","Coastal","Residential","Rural (<30% Developed)",NA,"Rural","50 - 55  MPH","Double Yellow Line, No Passing Zone","Clear","No",16,"16-19","No",NA,NA,"B: Evident Injury",NA,"White","Male",20,"20-24","No",NA,"41-45 mph","O: No Injury","White","Male","Passenger Car","No","11OCT2009","Sunday","Bicyclist Failed to Yield - Midblock",21,"Non-Intersection","October","B: Evident Injury",76920,"Bicyclist Ride Out - Midblock - Unknown",2009,"Yes","No","Dark - Roadway Not Lighted","Straight - Level","State Secondary Route","Dry","Two-Way, Not Divided","None","No Special Feature","Coarse Asphalt",0,0,0,0,0,0,0,"2 lanes",2,0,NA,0,NA
2261,5250,"None - Rural Crash","Robeson","Coastal","Farms, Woods, Pastures","Rural (<30% Developed)",NA,"Rural","50 - 55  MPH","No Control Present","Clear","No",60,"60-69","No",NA,"With Traffic","A: Disabling Injury","Travel Lane","White","Male",24,"20-24","No",NA,"51-55 mph","O: No Injury","Native American","Male","Pickup","No","19OCT2009","Monday","Motorist Overtaking Bicyclist",7,"Non-Intersection","October","A: Disabling Injury",28200,"Motorist Overtaking - Other / Unknown",2009,"Yes","No","Daylight","Straight - Level","State Secondary Route","Dry","Two-Way, Not Divided","None","No Special Feature","Coarse Asphalt",0,0,0,0,0,0,0,"2 lanes",2,0,NA,0,NA
2262,5255,"Rocky Mount","Nash","Coastal","Residential","Urban (>70% Developed)",NA,"Urban","30 - 35  MPH","Stop And Go Signal","Clear","No",27,"25-29","No",NA,"Facing Traffic","C: Possible Injury","Travel Lane","Black","Male",39,"30-39","No",NA,"6-10 mph","O: No Injury","White","Male","Sport Utility","No","23SEP2009","Wednesday","Crossing Paths - Other Circumstances",19,"Intersection","September","C: Possible Injury",69720,"Signalized Intersection - Other / Unknown",2009,"Yes","No","Dusk","Straight - Level","Local Street","Dry","One-Way, Not Divided","None","T-Intersection","Coarse Asphalt",0,0,0,0,0,0,0,"2 lanes",2,0,NA,0,NA
2263,5260,"None - Rural Crash","Burke","Mountains","Residential","Urban (>70% Developed)",NA,"Rural","40 - 45  MPH","No Control Present","Clear","No",15,"11-15","No",NA,"Not Applicable","B: Evident Injury","Driveway / Alley","White","Male",NA,"70+","No",NA,"41-45 mph","O: No Injury","White","Female","Pickup","No","24OCT2009","Saturday","Bicyclist Failed to Yield - Midblock",16,"Non-Intersection","October","B: Evident Injury",58680,"Bicyclist Ride Out - Residential Driveway",2009,"Yes","No","Daylight","Straight - Level","State Secondary Route","Dry","Two-Way, Not Divided","None","Driveway, Private","Smooth Asphalt",0,0,0,0,0,0,0,"2 lanes",2,0,NA,0,NA
2264,5261,"Wilmington","New Hanover","Coastal","Commercial","Urban (>70% Developed)",NA,"Urban","30 - 35  MPH","No Control Present","Clear","No",52,"50-59","Yes",NA,"Facing Traffic","B: Evident Injury","Travel Lane","White","Male",39,"30-39","No",NA,"0-5 mph","O: No Injury","White","Male","Pickup","Yes","09OCT2009","Friday","Motorist Failed to Yield - Midblock",18,"Non-Intersection","October","B: Evident Injury",66300,"Motorist Drive Out - Residential Driveway",2009,"Yes","No","Daylight","Straight - Level","Local Street","Dry","Two-Way, Not Divided","None","Driveway, Private","Smooth Asphalt",0,0,0,0,0,0,0,"2 lanes",2,0,NA,0,NA
2265,5271,"Kannapolis","Cabarrus","Piedmont","Residential","Urban (>70% Developed)",NA,"Urban","30 - 35  MPH","Stop Sign","Clear","No",8,"6-10","No",NA,"With Traffic","B: Evident Injury","Travel Lane","White","Male",NA,"70+","No",NA,"26-30 mph","O: No Injury","White","Male","Passenger Car","No","16OCT2009","Friday","Bicyclist Failed to Yield - Sign-Controlled Intersection",18,"Intersection","October","B: Evident Injury",65640,"Bicyclist Ride Through - Sign-Controlled Intersection",2009,"Yes","No","Daylight","Straight - Grade","Local Street","Dry","Two-Way, Not Divided","None","Four-Way Intersection","Smooth Asphalt",0,0,0,0,0,0,0,"2 lanes",2,0,NA,0,NA
2266,5275,"None - Rural Crash","Haywood","Mountains","Residential","Mixed (30% To 70% Developed)",NA,"Rural","30 - 35  MPH","Double Yellow Line, No Passing Zone","Cloudy","No",10,"6-10","No",NA,"With Traffic","B: Evident Injury","Travel Lane","White","Male",56,"50-59","No",NA,"26-30 mph","O: No Injury","White","Female","Passenger Car","No","18OCT2009","Sunday","Crossing Paths - Other Circumstances",15,"Intersection","October","B: Evident Injury",55260,"Crossing Paths - Intersection - Other / Unknown",2009,"Yes","No","Daylight","Straight - Grade","State Secondary Route","Dry","Two-Way, Not Divided","None","T-Intersection","Coarse Asphalt",0,0,0,0,0,0,0,"2 lanes",2,0,NA,0,NA
2267,5278,"Salisbury","Rowan","Piedmont","Commercial","Urban (>70% Developed)",NA,"Urban","30 - 35  MPH","No Control Present","Clear","No",48,"40-49","No",NA,"Facing Traffic","O: No Injury","Sidewalk / Crosswalk / Driveway Crossing","Black","Male",30,"30-39","No",NA,"0-5 mph","O: No Injury","White","Male","Pickup","No","02NOV2009","Monday","Crossing Paths - Other Circumstances",20,"Intersection","November","O: No Injury",75060,"Crossing Paths - Uncontrolled Intersection",2009,"No","No","Dark - Roadway Not Lighted","Straight - Level","Local Street","Dry","Two-Way, Not Divided","None","T-Intersection","Smooth Asphalt",0,0,0,0,0,0,0,"4 lanes",2,0,NA,0,NA
2268,5280,"Elizabethtown","Bladen","Coastal","Commercial","Urban (>70% Developed)",NA,"Rural",NA,"No Control Present","Clear","No",56,"50-59","No",NA,"Facing Traffic","B: Evident Injury","Sidewalk / Crosswalk / Driveway Crossing","Black","Male",58,"50-59","No",NA,"0-5 mph","O: No Injury","White","Female","Passenger Car","No","23OCT2009","Friday","Motorist Failed to Yield - Midblock",10,"Non-Intersection","October","B: Evident Injury",37200,"Motorist Drive Out - Commercial Driveway / Alley",2009,"Yes","No","Daylight","Straight - Level","Public Vehicular Area","Dry",NA,"None","Driveway, Public","Smooth Asphalt",0,0,0,0,0,0,0,NA,2,0,NA,0,NA
2269,5283,"Washington","Beaufort","Coastal","Residential","Urban (>70% Developed)",NA,"Urban","30 - 35  MPH","Stop Sign","Clear","No",25,"25-29","No",NA,"With Traffic","C: Possible Injury","Travel Lane","Black","Male",20,"20-24","No",NA,"16-20 mph","O: No Injury","Black","Female","Passenger Car","No","26OCT2009","Monday","Other / Unusual Circumstances",0,"Intersection","October","C: Possible Injury",3420,"Motorist Intentionally Caused",2009,"Yes","No","Dark - Lighted Roadway","Straight - Level","Local Street","Dry","Two-Way, Not Divided","None","T-Intersection","Coarse Asphalt",0,0,0,0,0,0,0,"2 lanes",2,0,NA,0,NA
2270,5285,"None - Rural Crash","Onslow","Coastal","Residential","Mixed (30% To 70% Developed)",NA,"Rural","50 - 55  MPH","No Control Present","Clear","No",19,"16-19","No",NA,"With Traffic","B: Evident Injury","Travel Lane","White","Male",NA,NA,"Missing",NA,"51-55 mph","Unknown Injury","Unknown/Missing",NA,NA,"No","27SEP2009","Sunday","Motorist Overtaking Bicyclist",23,"Non-Intersection","September","B: Evident Injury",82800,"Motorist Overtaking - Other / Unknown",2009,"Yes","Yes","Dark - Roadway Not Lighted","Straight - Level","US Route","Dry","Two-Way, Not Divided","None","No Special Feature","Coarse Asphalt",0,0,0,0,0,0,0,"5 lanes",2,0,NA,0,NA
2271,5291,"Weldon","Halifax","Coastal","Residential","Urban (>70% Developed)",NA,"Rural","20 - 25  MPH","No Control Present","Cloudy","No",40,"40-49","No",NA,"With Traffic","B: Evident Injury","Travel Lane","Black","Male",43,"40-49","No",NA,"11-15 mph","O: No Injury","Black","Female","Passenger Car","No","24OCT2009","Saturday","Crossing Paths - Other Circumstances",17,"Intersection","October","B: Evident Injury",63660,"Crossing Paths - Intersection - Other / Unknown",2009,"Yes","No","Daylight","Straight - Grade","Local Street","Dry","One-Way, Not Divided","None","No Special Feature","Smooth Asphalt",0,0,0,0,0,0,0,"2 lanes",2,0,NA,0,NA
2272,5292,"Kinston","Lenoir","Coastal","Commercial","Urban (>70% Developed)",NA,"Urban","20 - 25  MPH","Stop And Go Signal","Rain","No",50,"50-59","No",NA,"With Traffic","C: Possible Injury","Travel Lane","Black","Male",NA,"70+","No",NA,"0-5 mph","O: No Injury","Black","Female","Passenger Car","No","10NOV2009","Tuesday","Bicyclist Failed to Yield - Signalized Intersection",15,"Intersection","November","C: Possible Injury",56640,"Bicyclist Ride Through - Signalized Intersection",2009,"Yes","No","Daylight","Straight - Level","Local Street","Wet","Two-Way, Not Divided","None","Four-Way Intersection","Smooth Asphalt",0,0,0,0,0,0,0,"4 lanes",2,0,NA,0,NA
2273,5310,"Wilmington","New Hanover","Coastal","Commercial","Urban (>70% Developed)",NA,"Urban","20 - 25  MPH","Stop And Go Signal","Clear","No",49,"40-49","No",NA,"Facing Traffic","C: Possible Injury","Sidewalk / Crosswalk / Driveway Crossing","Black","Male",25,"25-29","No",NA,"6-10 mph","O: No Injury","White","Female","Passenger Car","No","29OCT2009","Thursday","Motorist Failed to Yield - Signalized Intersection",12,"Intersection","October","C: Possible Injury",43380,"Motorist Drive Out - Signalized Intersection",2009,"Yes","No","Daylight","Straight - Level","Local Street","Dry","Two-Way, Not Divided","None","Four-Way Intersection","Smooth Asphalt",0,0,0,0,0,0,0,"6 lanes",2,0,NA,0,NA
2274,5319,"None - Rural Crash","Alamance","Piedmont","Farms, Woods, Pastures","Rural (<30% Developed)",NA,"Rural","40 - 45  MPH","Double Yellow Line, No Passing Zone","Clear","No",30,"30-39","No",NA,"With Traffic","C: Possible Injury","Travel Lane","White","Male",24,"20-24","No",NA,"36-40 mph","O: No Injury","White","Male","Pickup","No","27NOV2009","Friday","Motorist Overtaking Bicyclist",6,"Non-Intersection","November","C: Possible Injury",24600,"Motorist Overtaking - Misjudged Space",2009,"Yes","No","Daylight","Straight - Level","State Secondary Route","Dry","Two-Way, Not Divided","None","No Special Feature","Coarse Asphalt",0,0,0,0,0,0,0,"2 lanes",2,0,NA,0,NA
2275,5321,"None - Rural Crash","Robeson","Coastal","Farms, Woods, Pastures","Rural (<30% Developed)",NA,"Rural","50 - 55  MPH","Double Yellow Line, No Passing Zone","Cloudy","No",23,"20-24","Yes",NA,"With Traffic","C: Possible Injury","Travel Lane","Native American","Male",28,"25-29","No",NA,"51-55 mph","O: No Injury","Native American","Male","Passenger Car","Yes","13NOV2009","Friday","Bicyclist Left Turn / Merge",22,"Non-Intersection","November","B: Evident Injury",79620,"Bicyclist Left Turn - Same Direction",2009,"Yes","No","Dark - Roadway Not Lighted","Straight - Level","State Secondary Route","Wet","Two-Way, Not Divided","None","No Special Feature","Coarse Asphalt",0,0,0,0,0,0,0,"2 lanes",3,0,NA,0,NA
2276,5323,"None - Rural Crash","Lincoln","Piedmont","Farms, Woods, Pastures","Rural (<30% Developed)",NA,"Rural","50 - 55  MPH","Double Yellow Line, No Passing Zone","Clear","No",44,"40-49","No",NA,"With Traffic","B: Evident Injury","Travel Lane","White","Male",NA,NA,"No",NA,"51-55 mph","Unknown Injury","Unknown/Missing",NA,NA,"No","29NOV2009","Sunday","Motorist Overtaking Bicyclist",9,"Non-Intersection","November","B: Evident Injury",35580,"Motorist Overtaking - Other / Unknown",2009,"Yes","Yes","Daylight","Straight - Level","State Secondary Route","Dry","Two-Way, Not Divided","None","No Special Feature","Coarse Asphalt",0,0,0,0,0,0,0,"2 lanes",2,0,NA,0,NA
2277,5324,"High Point","Guilford","Piedmont","Commercial","Urban (>70% Developed)",NA,"Urban","40 - 45  MPH","No Control Present","Clear","No",54,"50-59","No",NA,"With Traffic","C: Possible Injury","Travel Lane","White","Male",18,"0-19","No",NA,NA,"O: No Injury","White","Male","Passenger Car","No","04NOV2009","Wednesday","Motorist Overtaking Bicyclist",6,"Non-Intersection","November","C: Possible Injury",23400,"Motorist Overtaking - Undetected Bicyclist",2009,"No","No","Dark - Lighted Roadway","Straight - Level","Local Street","Dry","Two-Way, Not Divided","None","No Special Feature","Coarse Asphalt",0,0,0,0,0,0,0,"5 lanes",2,0,NA,0,NA
2278,5328,"Raleigh","Wake","Piedmont","Commercial","Urban (>70% Developed)",NA,"Urban","30 - 35  MPH","No Control Present","Clear","No",22,"20-24","No",NA,"With Traffic","C: Possible Injury","Travel Lane","White","Male",35,"30-39","No",NA,"0-5 mph","O: No Injury","Black","Female","Passenger Car","No","21OCT2009","Wednesday","Motorist Left Turn / Merge",19,"Non-Intersection","October","C: Possible Injury",69540,"Motorist Left Turn - Opposite Direction",2009,"Yes","No","Dark - Lighted Roadway","Straight - Level","Local Street","Dry","Two-Way, Not Divided","None","No Special Feature","Smooth Asphalt",0,0,0,0,0,0,0,"5 lanes",2,0,NA,0,NA
2279,5332,"Raleigh","Wake","Piedmont","Commercial","Urban (>70% Developed)",NA,"Urban","30 - 35  MPH","Stop And Go Signal","Clear","No",25,"25-29","No",NA,"Facing Traffic","C: Possible Injury","Sidewalk / Crosswalk / Driveway Crossing","White","Male",46,"40-49","No",NA,"31-35 mph","O: No Injury","Black","Male","Passenger Car","No","20OCT2009","Tuesday","Motorist Failed to Yield - Signalized Intersection",12,"Intersection","October","C: Possible Injury",43920,"Motorist Drive Out - Right Turn on Red",2009,"No","No","Daylight","Straight - Level","Local Street","Dry","Two-Way, Not Divided","None","T-Intersection","Smooth Asphalt",0,0,0,0,0,0,0,"3 lanes",2,0,NA,0,NA
2280,5333,"Salisbury","Rowan","Piedmont","Commercial","Urban (>70% Developed)",NA,"Urban","40 - 45  MPH","Double Yellow Line, No Passing Zone","Clear","No",21,"20-24","No",NA,"With Traffic","B: Evident Injury","Travel Lane","Hispanic","Male",26,"25-29","No",NA,"26-30 mph","O: No Injury","Black","Female","Passenger Car","No","30NOV2009","Monday","Motorist Overtaking Bicyclist",22,"Non-Intersection","November","B: Evident Injury",79860,"Motorist Overtaking - Other / Unknown",2009,"Yes","No","Dark - Roadway Not Lighted","Straight - Level","Local Street","Dry","Two-Way, Divided, Unprotected Median","None","No Special Feature","Smooth Asphalt",0,0,0,0,0,0,0,"2 lanes",2,0,NA,0,NA
2281,5334,"None - Rural Crash","Chatham","Piedmont","Farms, Woods, Pastures","Rural (<30% Developed)",NA,"Rural","50 - 55  MPH","No Control Present","Clear","No",46,"40-49","Yes",NA,"With Traffic","B: Evident Injury","Travel Lane","Black","Male",45,"40-49","No",NA,"51-55 mph","O: No Injury","Black","Female","Passenger Car","Yes","28NOV2009","Saturday","Motorist Overtaking Bicyclist",20,"Non-Intersection","November","B: Evident Injury",73920,"Motorist Overtaking - Other / Unknown",2009,"Yes","No","Dark - Roadway Not Lighted","Straight - Level","US Route","Dry","Two-Way, Not Divided","None","No Special Feature","Smooth Asphalt",0,0,0,0,0,0,0,"2 lanes",2,0,NA,0,NA
2282,5338,"Goldsboro","Wayne","Coastal","Commercial","Urban (>70% Developed)",NA,"Urban","30 - 35  MPH","No Control Present","Clear","No",52,"50-59","Yes",NA,"Not Applicable","C: Possible Injury","Non-Roadway","Black","Male",NA,"70+","No",NA,"6-10 mph","C: Possible Injury","Black","Male","Pickup","Yes","17NOV2009","Tuesday","Bicyclist Failed to Yield - Midblock",12,"Non-Intersection","November","C: Possible Injury",43800,"Bicyclist Ride Out - Commercial Driveway / Alley",2009,"Yes","No","Daylight","Straight - Level","Local Street","Dry","Two-Way, Not Divided","None","No Special Feature","Smooth Asphalt",0,0,0,0,0,0,0,"2 lanes",2,0,NA,0,NA
2283,5339,"Carrboro","Orange","Piedmont","Commercial","Urban (>70% Developed)",NA,"Urban","30 - 35  MPH","Stop Sign","Clear","No",29,"25-29","No",NA,"With Traffic","O: No Injury","Travel Lane","White","Male",22,"20-24","No",NA,"6-10 mph","O: No Injury","White","Male","Passenger Car","No","17NOV2009","Tuesday","Motorist Failed to Yield - Sign-Controlled Intersection",18,"Intersection","November","O: No Injury",65220,"Motorist Drive Out - Sign-Controlled Intersection",2009,"No","No","Dusk","Straight - Grade","Local Street","Dry","Two-Way, Divided, Positive Median Barrier","None","On or Off Ramp","Smooth Asphalt",0,0,0,0,0,0,0,"6 lanes",2,0,NA,0,NA
2284,5342,"None - Rural Crash","Buncombe","Mountains","Residential","Rural (<30% Developed)",NA,"Rural","40 - 45  MPH","Stop Sign","Clear","No",25,"25-29","No",NA,"With Traffic","B: Evident Injury","Travel Lane","White","Male",NA,"70+","No",NA,"0-5 mph","O: No Injury","White","Male","Van","No","20NOV2009","Friday","Motorist Failed to Yield - Sign-Controlled Intersection",16,"Intersection","November","B: Evident Injury",60360,"Motorist Drive Out - Sign-Controlled Intersection",2009,"Yes","No","Daylight","Straight - Level","State Secondary Route","Dry","Two-Way, Not Divided","None","Four-Way Intersection","Smooth Asphalt",0,0,0,0,0,0,0,"2 lanes",2,0,NA,0,NA