"...1","object_id","city","county","region","development","locality","on_road","rural_urban","speed_limit","traffic_control","weather","workzone","bike_age","bike_age_group","bike_alcohol","bike_alcohol_drugs","bike_direction","bike_injury","bike_position","bike_race","bike_sex","driver_age","driver_age_group","driver_alcohol","driver_alcohol_drugs","driver_est_speed","driver_injury","driver_race","driver_sex","driver_vehicle_type","crash_alcohol","crash_date","crash_day","crash_group","crash_hour","crash_location","crash_month","crash_severity","crash_time","crash_type","crash_year","ambulance_req","hit_run","light_condition","road_character","road_class","road_condition","road_configuration","road_defects","road_feature","road_surface","num_bikes_ai","num_bikes_bi","num_bikes_ci","num_bikes_ki","num_bikes_no","num_bikes_to","num_bikes_ui","num_lanes","num_units","distance_mi_from","frm_road","rte_invd_cd","towrd_road"
2285,5344,"Carrboro","Orange","Piedmont","Residential","Urban (>70% Developed)",NA,"Urban","20 - 25  MPH","No Control Present","Clear","No",27,"25-29","No",NA,"Not Applicable","C: Possible Injury","Driveway / Alley","White","Female",23,"20-24","No",NA,"0-5 mph","O: No Injury","White","Female","Passenger Car","No","20NOV2009","Friday","Loss of Control / Turning Error",21,"Non-Intersection","November","C: Possible Injury",78240,"Bicyclist Lost Control - Other / Unknown",2009,"Yes","No","Dark - Lighted Roadway","Straight - Hillcrest","Local Street","Dry","Two-Way, Not Divided","None","No Special Feature","Smooth Asphalt",0,0,0,0,0,0,0,"2 lanes",2,0,NA,0,NA
2286,5345,"Fayetteville","Cumberland","Coastal","Residential","Urban (>70% Developed)",NA,"Urban","20 - 25  MPH","No Control Present","Cloudy","No",6,"6-10","No",NA,"Not Applicable","O: No Injury",NA,"Black","Male",NA,NA,"Missing",NA,"21-25 mph","Unknown Injury","Unknown/Missing",NA,NA,"No","22NOV2009","Sunday","Bicyclist Failed to Yield - Midblock",14,"Non-Intersection","November","O: No Injury",52260,"Bicyclist Ride Out - Midblock - Unknown",2009,"No","Yes","Daylight","Straight - Grade","Local Street","Dry","Two-Way, Not Divided","None","No Special Feature","Coarse Asphalt",0,0,0,0,0,0,0,"2 lanes",2,0,NA,0,NA
2287,5350,"Greensboro","Guilford","Piedmont","Residential","Mixed (30% To 70% Developed)",NA,"Urban","30 - 35  MPH","Stop Sign","Rain","No",20,"20-24","No",NA,"Not Applicable","C: Possible Injury","Travel Lane","White","Male",37,"30-39","No",NA,"0-5 mph","O: No Injury","White","Female","Passenger Car","No","23NOV2009","Monday","Motorist Failed to Yield - Sign-Controlled Intersection",18,"Intersection","November","C: Possible Injury",65760,"Motorist Drive Out - Sign-Controlled Intersection",2009,"No","No","Dark - Roadway Not Lighted","Straight - Hillcrest","Local Street","Wet","Two-Way, Divided, Unprotected Median","None","No Special Feature","Grooved Concrete",0,0,0,0,0,0,0,"4 lanes",2,0,NA,0,NA
2288,5351,"Newton","Catawba","Piedmont","Commercial","Urban (>70% Developed)",NA,"Urban","30 - 35  MPH","Stop And Go Signal","Cloudy","No",11,"11-15","No",NA,"With Traffic","B: Evident Injury","Sidewalk / Crosswalk / Driveway Crossing","Hispanic","Male",27,"25-29","No",NA,"6-10 mph","O: No Injury","Black","Male","Passenger Car","No","29NOV2009","Sunday","Motorist Left Turn / Merge",13,"Intersection","November","B: Evident Injury",49080,"Motorist Left Turn - Opposite Direction",2009,"No","No","Daylight","Straight - Level","NC Route","Dry","Two-Way, Not Divided","None","T-Intersection","Coarse Asphalt",0,0,0,0,0,0,0,"4 lanes",2,0,NA,0,NA
2289,5364,"Mount Holly","Gaston","Piedmont","Residential","Urban (>70% Developed)",NA,"Urban","40 - 45  MPH","Double Yellow Line, No Passing Zone","Clear","No",47,"40-49","No",NA,"With Traffic","B: Evident Injury","Travel Lane","White","Male",55,"50-59","No",NA,"41-45 mph","B: Evident Injury","White","Female","Pickup","No","16NOV2009","Monday","Motorist Overtaking Bicyclist",16,"Non-Intersection","November","B: Evident Injury",60840,"Motorist Overtaking - Undetected Bicyclist",2009,"Yes","No","Daylight","Straight - Level","Local Street","Dry","Two-Way, Not Divided","None","No Special Feature","Smooth Asphalt",0,0,0,0,0,0,0,"2 lanes",2,0,NA,0,NA
2290,5374,"Winston-Salem","Forsyth","Piedmont","Residential","Urban (>70% Developed)",NA,"Urban","30 - 35  MPH","No Control Present","Cloudy","No",50,"50-59","No",NA,"Not Applicable","B: Evident Injury",NA,"Black","Male",38,"30-39","No",NA,"16-20 mph","O: No Injury","Black","Male","Passenger Car","No","30NOV2009","Monday","Bicyclist Failed to Yield - Midblock",6,"Non-Intersection","November","B: Evident Injury",22740,"Bicyclist Ride Out - Midblock - Unknown",2009,"Yes","No","Dark - Roadway Not Lighted","Straight - Grade","Local Street","Dry","Two-Way, Not Divided","None","No Special Feature","Smooth Asphalt",0,0,0,0,0,0,0,"2 lanes",2,0,NA,0,NA
2291,5375,"Fayetteville","Cumberland","Coastal","Commercial","Urban (>70% Developed)",NA,"Urban","30 - 35  MPH","No Control Present","Clear","No",12,"11-15","No",NA,"Not Applicable","O: No Injury",NA,"White","Male",28,"25-29","No",NA,"16-20 mph","O: No Injury","Black","Male","Passenger Car","No","04DEC2009","Friday","Bicyclist Failed to Yield - Midblock",17,"Non-Intersection","December","O: No Injury",62220,"Bicyclist Ride Out - Midblock - Unknown",2009,"No","No","Dark - Roadway Not Lighted","Straight - Level","Local Street","Dry","Two-Way, Not Divided","None","No Special Feature","Coarse Asphalt",0,0,0,0,0,0,0,"3 lanes",2,0,NA,0,NA
2292,5377,"Kannapolis","Cabarrus","Piedmont","Commercial","Urban (>70% Developed)",NA,"Urban","30 - 35  MPH","Stop And Go Signal","Clear","No",13,"11-15","No",NA,"With Traffic","B: Evident Injury","Travel Lane","Black","Male",50,"50-59","No",NA,"11-15 mph","O: No Injury","White","Female","Light Truck (Mini-Van, Panel)","No","01DEC2009","Tuesday","Motorist Failed to Yield - Signalized Intersection",17,"Intersection","December","B: Evident Injury",64320,"Motorist Drive Out - Signalized Intersection",2009,"Yes","No","Dark - Lighted Roadway","Straight - Level","NC Route","Dry","Two-Way, Not Divided","None","No Special Feature","Smooth Asphalt",0,0,0,0,0,0,0,"4 lanes",2,0,NA,0,NA
2293,5386,"Fayetteville","Cumberland","Coastal","Residential","Urban (>70% Developed)",NA,"Urban","50 - 55  MPH","No Control Present","Cloudy","No",18,"16-19","No",NA,"With Traffic","C: Possible Injury","Travel Lane","White","Male",44,"40-49","No",NA,"46-50 mph","B: Evident Injury","White","Male","Pickup","No","19NOV2009","Thursday","Motorist Overtaking Bicyclist",7,"Non-Intersection","November","K: Killed",26040,"Motorist Overtaking - Other / Unknown",2009,"Yes","No","Daylight","Straight - Level","Local Street","Wet","Two-Way, Not Divided","None","No Special Feature","Coarse Asphalt",0,0,0,0,0,0,0,"2 lanes",3,0,NA,0,NA
2294,5388,"High Point","Guilford","Piedmont","Commercial","Urban (>70% Developed)",NA,"Urban",NA,"No Control Present","Clear","No",48,"40-49","No",NA,"Not Applicable","C: Possible Injury","Sidewalk / Crosswalk / Driveway Crossing","Other","Male",64,"60-69","No",NA,"0-5 mph","O: No Injury","White","Male","Passenger Car","No","16DEC2009","Wednesday","Non-Roadway",12,"Non-Roadway","December","C: Possible Injury",43620,"Non-Roadway",2009,"No","No","Daylight","Straight - Level","Public Vehicular Area","Dry","Two-Way, Not Divided","None","Driveway, Public","Smooth Asphalt",0,0,0,0,0,0,0,NA,2,0,NA,0,NA
2295,5392,"Greensboro","Guilford","Piedmont","Commercial","Urban (>70% Developed)",NA,"Urban","30 - 35  MPH","Stop Sign","Clear","No",22,"20-24","No",NA,"With Traffic","C: Possible Injury","Travel Lane","White","Male",23,"20-24","No",NA,"16-20 mph","O: No Injury","White","Female","Passenger Car","No","21DEC2009","Monday","Loss of Control / Turning Error",13,"Intersection","December","C: Possible Injury",50040,"Bicyclist Lost Control - Mechanical Problems",2009,"Yes","No","Daylight","Straight - Level","Local Street","Dry","Two-Way, Not Divided","None","T-Intersection","Smooth Asphalt",0,0,0,0,0,0,0,"2 lanes",2,0,NA,0,NA
2296,5394,"None - Rural Crash","Burke","Mountains","Residential","Rural (<30% Developed)",NA,"Rural","40 - 45  MPH","Double Yellow Line, No Passing Zone","Rain","No",25,"25-29","No",NA,"With Traffic","C: Possible Injury","Travel Lane","White","Male",NA,NA,"No",NA,"41-45 mph","Unknown Injury","Unknown/Missing",NA,NA,"No","24DEC2009","Thursday","Motorist Overtaking Bicyclist",20,"Non-Intersection","December","C: Possible Injury",74280,"Motorist Overtaking - Other / Unknown",2009,"Yes","Yes","Dark - Roadway Not Lighted","Straight - Level","US Route","Wet","Two-Way, Not Divided","None","No Special Feature","Smooth Asphalt",0,0,0,0,0,0,0,"2 lanes",2,0,NA,0,NA
2297,5407,"Wilson","Wilson","Coastal","Residential","Urban (>70% Developed)",NA,"Urban","30 - 35  MPH","No Control Present","Clear","No",44,"40-49","No",NA,"With Traffic","O: No Injury","Travel Lane","Black","Male",19,"0-19","No",NA,"16-20 mph","O: No Injury","Black","Male","Passenger Car","No","08OCT2009","Thursday","Motorist Overtaking Bicyclist",17,"Non-Intersection","October","O: No Injury",64260,"Motorist Overtaking - Undetected Bicyclist",2009,"No","No","Daylight","Straight - Grade","Local Street","Dry","Two-Way, Not Divided","None","No Special Feature","Smooth Asphalt",0,0,0,0,0,0,0,"2 lanes",2,0,NA,0,NA
2298,5412,"Wilson","Wilson","Coastal","Residential","Urban (>70% Developed)",NA,"Urban","40 - 45  MPH","Stop Sign","Clear","No",15,"11-15","No",NA,"With Traffic","O: No Injury","Travel Lane","White","Male",20,"20-24","No",NA,"46-50 mph","O: No Injury","White","Female","Passenger Car","No","27JUN2009","Saturday","Crossing Paths - Other Circumstances",17,"Intersection-Related","June","O: No Injury",63720,"Crossing Paths - Intersection - Other / Unknown",2009,"Yes","No","Daylight","Straight - Level","Local Street","Dry","Two-Way, Not Divided","None","Four-Way Intersection","Coarse Asphalt",0,0,0,0,0,0,0,"2 lanes",2,0,NA,0,NA
2299,5415,"Charlotte","Mecklenburg","Piedmont","Residential","Urban (>70% Developed)",NA,"Urban","20 - 25  MPH","No Control Present","Cloudy","No",17,"16-19","No",NA,"With Traffic","B: Evident Injury","Travel Lane","Black","Male",NA,NA,"Missing",NA,"26-30 mph","Unknown Injury","Unknown/Missing",NA,NA,"No","24NOV2009","Tuesday","Motorist Overtaking Bicyclist",16,"Non-Intersection","November","B: Evident Injury",59100,"Motorist Overtaking - Other / Unknown",2009,"Yes","Yes","Daylight","Straight - Level","Local Street","Dry","Two-Way, Not Divided","None","No Special Feature","Smooth Asphalt",0,0,0,0,0,0,0,"2 lanes",2,0,NA,0,NA
2300,5418,"Charlotte","Mecklenburg","Piedmont","Commercial","Urban (>70% Developed)",NA,"Urban","20 - 25  MPH","Stop And Go Signal","Cloudy","No",18,"16-19","No",NA,"With Traffic","O: No Injury","Travel Lane","White","Male",60,"60-69","No",NA,"11-15 mph","O: No Injury","White","Male","Passenger Car","No","26OCT2009","Monday","Crossing Paths - Other Circumstances",10,"Intersection","October","O: No Injury",38160,"Signalized Intersection - Other / Unknown",2009,"No","No","Daylight","Straight - Grade","Local Street","Dry","Two-Way, Not Divided","None","Four-Way Intersection","Smooth Asphalt",0,0,0,0,0,0,0,"4 lanes",2,0,NA,0,NA
2301,7359,"Kenansville","Duplin","Coastal","Commercial","Urban (>70% Developed)",NA,"Rural","30 - 35  MPH","No Control Present","Clear","No",NA,NA,"No",NA,"With Traffic","Unknown Injury","Travel Lane","Unknown/Missing",NA,18,"0-19","No",NA,"31-35 mph","O: No Injury","Black","Male","Passenger Car","No","29OCT2007","Monday","Motorist Right Turn / Merge",16,"Intersection","October","O: No Injury",57600,"Motorist Right Turn - Same Direction",2007,"Yes","No","Daylight","Straight - Level","Local Street","Dry","Two-Way, Divided, Unprotected Median","None","Other","Concrete",0,0,0,0,0,0,0,"2 lanes",2,0,NA,0,NA
2302,7361,"Smithfield","Johnston","Coastal","Commercial","Urban (>70% Developed)",NA,"Urban","30 - 35  MPH","Stop And Go Signal","Clear","No",41,"40-49","No",NA,"With Traffic","B: Evident Injury","Sidewalk / Crosswalk / Driveway Crossing","White","Male",40,"40-49","No",NA,"0-5 mph","O: No Injury","White","Female","Taxicab","No","29OCT2007","Monday","Motorist Right Turn / Merge",16,"Intersection","October","B: Evident Injury",60180,"Motorist Right Turn - Same Direction",2007,"Yes","No","Daylight","Straight - Level","Local Street","Dry","Two-Way, Not Divided","None","Four-Way Intersection","Coarse Asphalt",0,0,0,0,0,0,0,"3 lanes",2,0,NA,0,NA
2303,7365,"Fayetteville","Cumberland","Coastal","Residential","Rural (<30% Developed)",NA,"Urban","40 - 45  MPH","No Control Present","Clear","No",46,"40-49","No",NA,"With Traffic","C: Possible Injury","Travel Lane","White","Male",35,"30-39","No",NA,"21-25 mph","O: No Injury","White","Male","Passenger Car","No","01NOV2007","Thursday","Crossing Paths - Other Circumstances",8,"Intersection","November","C: Possible Injury",28980,"Crossing Paths - Intersection - Other / Unknown",2007,"Yes","No","Daylight","Straight - Level","Local Street","Dry","Two-Way, Divided, Unprotected Median","None","No Special Feature","Grooved Concrete",0,0,0,0,0,0,0,"4 lanes",2,0,NA,0,NA
2304,7369,"Raleigh","Wake","Piedmont","Residential","Urban (>70% Developed)",NA,"Urban","30 - 35  MPH","Stop Sign","Clear","No",58,"50-59","No",NA,"Facing Traffic","O: No Injury","Travel Lane","Black","Male",NA,"70+","No",NA,"0-5 mph","O: No Injury","Black","Female","Passenger Car","No","03NOV2007","Saturday","Motorist Failed to Yield - Sign-Controlled Intersection",12,"Intersection","November","O: No Injury",45180,"Motorist Drive Out - Sign-Controlled Intersection",2007,"Yes","No","Daylight","Straight - Level","Local Street","Dry","One-Way, Not Divided","None","Four-Way Intersection","Concrete",0,0,0,0,0,0,0,"3 lanes",2,0,NA,0,NA
2305,7372,"Gastonia","Gaston","Piedmont","Residential","Urban (>70% Developed)",NA,"Urban","30 - 35  MPH","No Control Present","Clear","No",32,"30-39","No",NA,"Not Applicable","C: Possible Injury",NA,"White","Male",27,"25-29","No",NA,"26-30 mph","O: No Injury","White","Female","Passenger Car","No","05NOV2007","Monday","Bicyclist Failed to Yield - Midblock",8,"Non-Intersection","November","C: Possible Injury",28860,"Bicyclist Ride Out - Midblock - Unknown",2007,"Yes","No","Daylight","Straight - Level","Local Street","Dry","Two-Way, Not Divided","None","No Special Feature","Smooth Asphalt",0,0,0,0,0,0,0,"4 lanes",2,0,NA,0,NA
2306,7376,"Jacksonville","Onslow","Coastal","Residential","Urban (>70% Developed)",NA,"Urban","30 - 35  MPH","No Control Present","Clear","No",41,"40-49","No",NA,"With Traffic","B: Evident Injury","Travel Lane","Black","Male",64,"60-69","No",NA,"6-10 mph","O: No Injury","Black","Male","Passenger Car","No","07NOV2007","Wednesday","Motorist Left Turn / Merge",16,"Intersection","November","B: Evident Injury",59820,"Motorist Left Turn - Opposite Direction",2007,"Yes","No","Daylight","Straight - Level","Local Street","Dry","Two-Way, Not Divided","None","T-Intersection","Coarse Asphalt",0,0,0,0,0,0,0,NA,2,0,NA,0,NA
2307,7382,"High Point","Guilford","Piedmont","Commercial","Urban (>70% Developed)",NA,"Urban","30 - 35  MPH","No Control Present","Clear","No",53,"50-59","No",NA,"Facing Traffic","C: Possible Injury","Travel Lane","Black","Male",35,"30-39","No",NA,"0-5 mph","O: No Injury","Other","Male","Passenger Car","No","08NOV2007","Thursday","Motorist Failed to Yield - Midblock",11,"Non-Intersection","November","C: Possible Injury",39660,"Motorist Drive Out - Commercial Driveway / Alley",2007,"Yes","No","Daylight","Straight - Level","Public Vehicular Area","Dry","Two-Way, Not Divided","None","Driveway, Public","Coarse Asphalt",0,0,0,0,0,0,0,"5 lanes",2,0,NA,0,NA
2308,7388,"Raleigh","Wake","Piedmont","Commercial","Urban (>70% Developed)",NA,"Urban","40 - 45  MPH","Stop And Go Signal","Clear","No",55,"50-59","No",NA,"With Traffic","C: Possible Injury",NA,"White","Male",NA,NA,"Missing",NA,"16-20 mph","Unknown Injury","Unknown/Missing",NA,"Passenger Car","No","10NOV2007","Saturday","Motorist Left Turn / Merge",0,"Intersection","November","C: Possible Injury",900,"Motorist Left Turn - Opposite Direction",2007,"No","Yes","Dark - Lighted Roadway","Straight - Level","Local Street","Dry","Two-Way, Not Divided","None","T-Intersection","Smooth Asphalt",0,0,0,0,0,0,0,"5 lanes",2,0,NA,0,NA
2309,7391,"Charlotte","Mecklenburg","Piedmont","Commercial","Urban (>70% Developed)",NA,"Urban","30 - 35  MPH","Stop Sign","Clear","No",33,"30-39","No",NA,"With Traffic","B: Evident Injury","Travel Lane","Black","Male",26,"25-29","No",NA,"6-10 mph","O: No Injury","Black","Male","Passenger Car","No","14DEC2007","Friday","Motorist Left Turn / Merge",8,"Intersection","December","B: Evident Injury",30780,"Motorist Left Turn - Opposite Direction",2007,"No","No","Daylight","Straight - Grade","Local Street","Dry","Two-Way, Not Divided","None","Four-Way Intersection","Smooth Asphalt",0,0,0,0,0,0,0,"4 lanes",2,0,NA,0,NA
2310,7396,"None - Rural Crash","Carteret","Coastal","Farms, Woods, Pastures","Rural (<30% Developed)",NA,"Rural","30 - 35  MPH","Double Yellow Line, No Passing Zone","Clear","No",12,"11-15","No",NA,"Facing Traffic","C: Possible Injury","Travel Lane","White","Female",NA,NA,"Missing",NA,NA,"Unknown Injury","Unknown/Missing",NA,NA,"No","19NOV2007","Monday","Motorist Left Turn / Merge",16,"Non-Intersection","November","C: Possible Injury",60300,"Motorist Left Turn - Same Direction",2007,"Yes","Yes","Dusk","Curve - Level","State Secondary Route","Dry","Two-Way, Not Divided","None","No Special Feature","Coarse Asphalt",0,0,0,0,0,0,0,"2 lanes",2,0,NA,0,NA
2311,7401,"None - Rural Crash","Duplin","Coastal","Farms, Woods, Pastures","Rural (<30% Developed)",NA,"Rural","50 - 55  MPH","Stop Sign","Clear","No",46,"40-49","Yes",NA,"With Traffic","C: Possible Injury","Travel Lane","Black","Male",25,"25-29","No",NA,"21-25 mph","O: No Injury","White","Male","Pickup","Yes","21NOV2007","Wednesday","Motorist Failed to Yield - Sign-Controlled Intersection",22,"Intersection","November","C: Possible Injury",81900,"Motorist Drive Out - Sign-Controlled Intersection",2007,"Yes","No","Dark - Roadway Not Lighted","Straight - Level","NC Route","Dry","Two-Way, Not Divided","None","Four-Way Intersection","Coarse Asphalt",0,0,0,0,0,0,0,"2 lanes",2,0,NA,0,NA
2312,7411,"None - Rural Crash","Rockingham","Piedmont","Farms, Woods, Pastures","Rural (<30% Developed)",NA,"Rural","50 - 55  MPH","Double Yellow Line, No Passing Zone","Clear","No",8,"6-10","No",NA,"With Traffic","B: Evident Injury","Travel Lane","White","Male",60,"60-69","No",NA,"16-20 mph","O: No Injury","White","Female","Passenger Car","No","28NOV2007","Wednesday","Bicyclist Left Turn / Merge",19,"Non-Intersection","November","B: Evident Injury",68400,"Bicyclist Left Turn - Same Direction",2007,"Yes","No","Dark - Roadway Not Lighted","Curve - Grade","State Secondary Route","Dry","Two-Way, Not Divided","None","Driveway, Private","Smooth Asphalt",0,0,0,0,0,0,0,"2 lanes",2,0,NA,0,NA
2313,7417,"Fayetteville","Cumberland","Coastal","Residential","Urban (>70% Developed)",NA,"Urban","30 - 35  MPH","No Control Present","Clear","No",7,"6-10","No",NA,"With Traffic","B: Evident Injury","Sidewalk / Crosswalk / Driveway Crossing","Black","Male",48,"40-49","No",NA,"26-30 mph","O: No Injury","Unknown/Missing","Male","Passenger Car","No","01DEC2007","Saturday","Parallel Paths - Other Circumstances",13,"Non-Intersection","December","B: Evident Injury",48840,"Bicyclist Ride Out - Parallel Path",2007,"Yes","No","Daylight","Straight - Level","Local Street","Dry","Two-Way, Divided, Unprotected Median","None","No Special Feature","Smooth Asphalt",0,0,0,0,0,0,0,"3 lanes",2,0,NA,0,NA
2314,7423,"Tarboro","Edgecombe","Coastal","Commercial","Urban (>70% Developed)",NA,"Urban","40 - 45  MPH","Stop Sign","Clear","No",41,"40-49","No",NA,"With Traffic","C: Possible Injury","Travel Lane","Asian","Male",21,"20-24","No",NA,"41-45 mph","O: No Injury","White","Male","Passenger Car","No","03DEC2007","Monday","Motorist Overtaking Bicyclist",22,"Non-Intersection","December","C: Possible Injury",80880,"Motorist Overtaking - Undetected Bicyclist",2007,"Yes","No","Dark - Lighted Roadway","Straight - Level","Local Street","Dry","Two-Way, Divided, Unprotected Median","None","No Special Feature","Smooth Asphalt",0,0,0,0,0,0,0,"3 lanes",2,0,NA,0,NA
2315,7425,"Wilmington","New Hanover","Coastal","Commercial","Urban (>70% Developed)",NA,"Urban","30 - 35  MPH","No Control Present","Clear","No",44,"40-49","No",NA,"With Traffic","B: Evident Injury","Travel Lane","Black","Male",52,"50-59","No",NA,"31-35 mph","O: No Injury","Black","Female","Sport Utility","No","03DEC2007","Monday","Motorist Overtaking Bicyclist",17,"Non-Intersection","December","B: Evident Injury",63060,"Motorist Overtaking - Other / Unknown",2007,"Yes","No","Dark - Lighted Roadway","Straight - Level","Local Street","Dry","Two-Way, Divided, Unprotected Median","None","No Special Feature","Smooth Asphalt",0,0,0,0,0,0,0,"5 lanes",2,0,NA,0,NA
2316,7427,"Chapel Hill","Orange","Piedmont","Institutional","Urban (>70% Developed)",NA,"Urban","5 - 15 MPH","No Control Present","Clear","No",21,"20-24","No",NA,NA,"B: Evident Injury","Multi-use Path","White","Male",38,"30-39","No",NA,"6-10 mph","O: No Injury","Asian","Male","Passenger Car","No","04DEC2007","Tuesday","Non-Roadway",18,"Non-Roadway","December","B: Evident Injury",67680,"Non-Roadway",2007,"Yes","No","Dark - Lighted Roadway","Straight - Grade","Public Vehicular Area","Dry","One-Way, Not Divided","None","No Special Feature","Coarse Asphalt",0,0,0,0,0,0,0,"1 lane",2,0,NA,0,NA
2317,7428,"Raleigh","Wake","Piedmont","Commercial","Urban (>70% Developed)",NA,"Urban","40 - 45  MPH","Stop Sign","Clear","No",NA,NA,"Missing",NA,"Facing Traffic","Unknown Injury","Travel Lane","Unknown/Missing",NA,38,"30-39","No",NA,"11-15 mph","O: No Injury","Black","Female","Passenger Car","No","05DEC2007","Wednesday","Motorist Failed to Yield - Sign-Controlled Intersection",18,"Intersection","December","O: No Injury",65520,"Motorist Drive Out - Sign-Controlled Intersection",2007,"No","No","Dark - Lighted Roadway","Straight - Level","Local Street","Dry","Two-Way, Divided, Unprotected Median","None","No Special Feature","Smooth Asphalt",0,0,0,0,0,0,0,"6 lanes",2,0,NA,0,NA
2318,7430,"Wilmington","New Hanover","Coastal","Commercial","Urban (>70% Developed)",NA,"Urban","30 - 35  MPH","Stop And Go Signal","Cloudy","No",16,"16-19","No",NA,"With Traffic","C: Possible Injury","Sidewalk / Crosswalk / Driveway Crossing","Black","Male",42,"40-49","No",NA,"6-10 mph","O: No Injury","White","Female","Pickup","No","05DEC2007","Wednesday","Motorist Right Turn / Merge",7,"Intersection","December","C: Possible Injury",26580,"Motorist Right Turn - Same Direction",2007,"Yes","No","Daylight","Straight - Grade","Local Street","Dry","Two-Way, Not Divided","None","Four-Way Intersection","Smooth Asphalt",0,0,0,0,0,0,0,"5 lanes",2,0,NA,0,NA
2319,7431,"Gastonia","Gaston","Piedmont","Commercial","Urban (>70% Developed)",NA,"Urban","30 - 35  MPH","No Control Present","Clear","No",NA,"70+","No",NA,"With Traffic","C: Possible Injury","Travel Lane","White","Male",55,"50-59","No",NA,"0-5 mph","O: No Injury","Asian","Female","Passenger Car","No","06DEC2007","Thursday","Motorist Left Turn / Merge",20,"Intersection","December","C: Possible Injury",72840,"Motorist Left Turn - Opposite Direction",2007,"Yes","No","Dark - Lighted Roadway","Straight - Level","Public Vehicular Area","Dry","Two-Way, Not Divided","None","T-Intersection","Smooth Asphalt",0,0,0,0,0,0,0,"3 lanes",2,0,NA,0,NA
2320,7435,"Manteo","Dare","Coastal","Industrial","Urban (>70% Developed)",NA,"Rural","20 - 25  MPH","Stop And Go Signal","Clear","No",NA,NA,"No",NA,"Facing Traffic","B: Evident Injury","Travel Lane","White","Female",48,"40-49","No",NA,NA,"O: No Injury","White","Female","Passenger Car","No","09DEC2007","Sunday","Crossing Paths - Other Circumstances",10,"Intersection","December","B: Evident Injury",38940,"Signalized Intersection - Other / Unknown",2007,"Yes","No","Daylight","Straight - Level","Local Street","Dry","Two-Way, Not Divided","None","Four-Way Intersection","Coarse Asphalt",0,0,0,0,0,0,0,"2 lanes",2,0,NA,0,NA
2321,7439,"Tarboro","Edgecombe","Coastal","Residential","Mixed (30% To 70% Developed)",NA,"Urban",NA,"No Control Present","Clear","No",53,"50-59","No",NA,NA,"O: No Injury",NA,"Black","Male",54,"50-59","No",NA,NA,"O: No Injury","Black","Female","Passenger Car","No","11DEC2007","Tuesday","Bicyclist Failed to Yield - Midblock",12,"Non-Intersection","December","O: No Injury",43920,"Bicyclist Ride Out - Midblock - Unknown",2007,"Yes","No","Daylight","Straight - Level","Local Street","Dry","One-Way, Not Divided","None","No Special Feature","Smooth Asphalt",0,0,0,0,0,0,0,"1 lane",2,0,NA,0,NA
2322,7450,"Carrboro","Orange","Piedmont","Residential","Rural (<30% Developed)",NA,"Urban","40 - 45  MPH","No Control Present","Clear","No",42,"40-49","No",NA,"With Traffic","C: Possible Injury","Bike Lane / Paved Shoulder","Asian","Female",58,"50-59","No",NA,"36-40 mph","O: No Injury","White","Male","Passenger Car","No","20DEC2007","Thursday","Motorist Overtaking Bicyclist",7,"Non-Intersection","December","C: Possible Injury",28320,"Motorist Overtaking - Bicyclist Swerved",2007,"No","No","Daylight","Straight - Level","NC Route","Dry","Two-Way, Not Divided","None","No Special Feature","Smooth Asphalt",0,0,0,0,0,0,0,"4 lanes",2,0,NA,0,NA
2323,7464,"Wilmington","New Hanover","Coastal","Commercial","Urban (>70% Developed)",NA,"Urban","5 - 15 MPH","No Control Present","Clear","No",18,"16-19","No",NA,NA,"B: Evident Injury","Non-Roadway","White","Male",66,"60-69","No",NA,"6-10 mph","O: No Injury","White","Female","Sport Utility","No","05JUN2007","Tuesday","Non-Roadway",12,"Non-Roadway","June","B: Evident Injury",46740,"Non-Roadway",2007,"No","No","Daylight","Straight - Level","Public Vehicular Area","Dry","Two-Way, Not Divided","None","Driveway, Public","Smooth Asphalt",0,0,0,0,0,0,0,"2 lanes",2,0,NA,0,NA
2324,3004,"None - Rural Crash","Harnett","Coastal","Farms, Woods, Pastures","Rural (<30% Developed)",NA,"Rural","50 - 55  MPH","Double Yellow Line, No Passing Zone","Clear","No",NA,"70+","No",NA,"With Traffic","C: Possible Injury","Travel Lane","White","Male",17,"0-19","No",NA,"51-55 mph","O: No Injury","White","Male","Pickup","No","20MAY2011","Friday","Motorist Overtaking Bicyclist",12,"Non-Intersection","May","C: Possible Injury",46200,"Motorist Overtaking - Misjudged Space",2011,"Yes","No","Daylight","Straight - Hillcrest","State Secondary Route","Dry","Two-Way, Not Divided","None","No Special Feature","Coarse Asphalt",0,0,0,0,0,0,0,"2 lanes",2,0,NA,0,NA
2325,3018,"Matthews","Mecklenburg","Piedmont","Commercial","Urban (>70% Developed)",NA,"Urban","40 - 45  MPH","No Control Present","Clear","No",64,"60-69","No",NA,"With Traffic","A: Disabling Injury","Travel Lane","White","Male",47,"40-49","No",NA,"16-20 mph","O: No Injury","White","Female","Passenger Car","No","02MAY2011","Monday","Motorist Overtaking Bicyclist",16,"Intersection-Related","May","A: Disabling Injury",58260,"Motorist Overtaking - Other / Unknown",2011,"Yes","No","Daylight","Straight - Level","NC Route","Dry","Two-Way, Divided, Positive Median Barrier","None","No Special Feature","Smooth Asphalt",0,0,0,0,0,0,0,"5 lanes",2,0,NA,0,NA