"...1","object_id","city","county","region","development","locality","on_road","rural_urban","speed_limit","traffic_control","weather","workzone","bike_age","bike_age_group","bike_alcohol","bike_alcohol_drugs","bike_direction","bike_injury","bike_position","bike_race","bike_sex","driver_age","driver_age_group","driver_alcohol","driver_alcohol_drugs","driver_est_speed","driver_injury","driver_race","driver_sex","driver_vehicle_type","crash_alcohol","crash_date","crash_day","crash_group","crash_hour","crash_location","crash_month","crash_severity","crash_time","crash_type","crash_year","ambulance_req","hit_run","light_condition","road_character","road_class","road_condition","road_configuration","road_defects","road_feature","road_surface","num_bikes_ai","num_bikes_bi","num_bikes_ci","num_bikes_ki","num_bikes_no","num_bikes_to","num_bikes_ui","num_lanes","num_units","distance_mi_from","frm_road","rte_invd_cd","towrd_road"
2326,3019,"Tarboro","Edgecombe","Coastal","Commercial","Urban (>70% Developed)",NA,"Urban","30 - 35  MPH","No Control Present","Clear","No",NA,"70+","No",NA,"Facing Traffic","C: Possible Injury","Travel Lane","White","Male",20,"20-24","No",NA,"6-10 mph","O: No Injury","Black","Male","Passenger Car","No","21MAY2011","Saturday","Motorist Failed to Yield - Midblock",14,"Non-Intersection","May","C: Possible Injury",52020,"Motorist Drive Out - Commercial Driveway / Alley",2011,"Yes","No","Daylight","Straight - Level","NC Route","Dry","Two-Way, Not Divided","None","No Special Feature","Smooth Asphalt",0,0,0,0,0,0,0,"5 lanes",2,0,NA,0,NA
2327,3029,"Fayetteville","Cumberland","Coastal","Residential","Urban (>70% Developed)",NA,"Urban","40 - 45  MPH","No Control Present","Cloudy","No",44,"40-49","No",NA,"Not Applicable","C: Possible Injury","Driveway / Alley","Black","Male",58,"50-59","No",NA,"11-15 mph","O: No Injury","White","Male","Passenger Car","No","13MAY2011","Friday","Motorist Failed to Yield - Midblock",16,"Non-Intersection","May","C: Possible Injury",59460,"Motorist Drive Out - Commercial Driveway / Alley",2011,"Yes","No","Daylight","Straight - Grade","Local Street","Dry","Two-Way, Not Divided","None","No Special Feature","Coarse Asphalt",0,0,0,0,0,0,0,"4 lanes",2,0,NA,0,NA
2328,3042,"Raleigh","Wake","Piedmont","Residential","Urban (>70% Developed)",NA,"Urban","30 - 35  MPH","Stop Sign","Clear","No",14,"11-15","No",NA,"Facing Traffic","B: Evident Injury","Sidewalk / Crosswalk / Driveway Crossing","Asian","Male",36,"30-39","No",NA,"31-35 mph","O: No Injury","White","Male","Sport Utility","No","30MAY2011","Monday","Motorist Failed to Yield - Sign-Controlled Intersection",12,"Intersection","May","B: Evident Injury",44700,"Motorist Drive Out - Sign-Controlled Intersection",2011,"No","No","Daylight","Straight - Grade","Local Street","Dry","Two-Way, Not Divided","None","T-Intersection","Smooth Asphalt",0,0,0,0,0,0,0,"2 lanes",2,0,NA,0,NA
2329,3055,"Asheville","Buncombe","Mountains","Commercial","Urban (>70% Developed)",NA,"Urban","20 - 25  MPH","Stop And Go Signal","Clear","No",19,"16-19","No",NA,"With Traffic","C: Possible Injury","Travel Lane","White","Male",NA,"70+","No",NA,"6-10 mph","O: No Injury","White","Male","Passenger Car","No","09MAY2011","Monday","Bicyclist Failed to Yield - Signalized Intersection",19,"Intersection","May","C: Possible Injury",69960,"Bicyclist Ride Through - Signalized Intersection",2011,"Yes","No","Daylight","Straight - Grade","US Route","Dry","Two-Way, Not Divided","None","Four-Way Intersection","Smooth Asphalt",0,0,0,0,0,0,0,"2 lanes",2,0,NA,0,NA
2330,3056,"Asheville","Buncombe","Mountains","Residential","Urban (>70% Developed)",NA,"Urban","20 - 25  MPH","No Control Present","Clear","No",12,"11-15","No",NA,"Not Applicable","C: Possible Injury","Driveway / Alley","White","Male",25,"25-29","No",NA,"16-20 mph","O: No Injury","White","Female","Van","No","24MAY2011","Tuesday","Bicyclist Failed to Yield - Midblock",17,"Non-Intersection","May","C: Possible Injury",62460,"Bicyclist Ride Out - Residential Driveway",2011,"No","No","Daylight","Straight - Grade","Local Street","Dry","Two-Way, Not Divided","None","No Special Feature","Smooth Asphalt",0,0,0,0,0,0,0,"2 lanes",2,0,NA,0,NA
2331,3061,"None - Rural Crash","Brunswick","Coastal","Commercial","Urban (>70% Developed)",NA,"Rural","5 - 15 MPH","No Control Present","Clear","No",37,"30-39","No",NA,"Facing Traffic","C: Possible Injury","Sidewalk / Crosswalk / Driveway Crossing","Black","Female",40,"40-49","No",NA,"6-10 mph","O: No Injury","White","Female","Passenger Car","No","09JUN2011","Thursday","Motorist Failed to Yield - Midblock",16,"Non-Intersection","June","C: Possible Injury",57900,"Motorist Drive Out - Midblock - Unknown",2011,"Yes","No","Daylight","Straight - Level","NC Route","Dry","Two-Way, Not Divided","None","Driveway, Public","Coarse Asphalt",0,0,0,0,0,0,0,"3 lanes",2,0,NA,0,NA
2332,3063,"Jacksonville","Onslow","Coastal","Residential","Urban (>70% Developed)",NA,"Urban","30 - 35  MPH","Stop Sign","Clear","No",48,"40-49","No",NA,"With Traffic","C: Possible Injury","Travel Lane","White","Female",33,"30-39","No",NA,"6-10 mph","O: No Injury","Hispanic","Male","Van","No","24MAY2011","Tuesday","Motorist Failed to Yield - Sign-Controlled Intersection",6,"Intersection","May","C: Possible Injury",23220,"Motorist Drive Out - Sign-Controlled Intersection",2011,"Yes","No","Daylight","Straight - Level","Local Street","Dry","Two-Way, Not Divided","None","No Special Feature","Smooth Asphalt",0,0,0,0,0,0,0,"3 lanes",2,0,NA,0,NA
2333,3067,"None - Rural Crash","Currituck","Coastal","Residential","Mixed (30% To 70% Developed)",NA,"Rural","40 - 45  MPH","No Control Present","Clear","No",21,"20-24","No",NA,"With Traffic","C: Possible Injury","Bike Lane / Paved Shoulder","White","Male",30,"30-39","No",NA,"36-40 mph","O: No Injury","White","Female","Passenger Car","No","13JUN2011","Monday","Bicyclist Left Turn / Merge",19,"Non-Intersection","June","C: Possible Injury",69240,"Bicyclist Left Turn - Same Direction",2011,"No","No","Daylight","Straight - Level","NC Route","Dry","Two-Way, Not Divided","None","No Special Feature","Smooth Asphalt",0,0,0,0,0,0,0,"2 lanes",2,0,NA,0,NA
2334,3073,"Charlotte","Mecklenburg","Piedmont","Farms, Woods, Pastures","Rural (<30% Developed)",NA,"Urban","30 - 35  MPH","No Control Present","Cloudy","No",51,"50-59","No",NA,"With Traffic","A: Disabling Injury","Travel Lane","Black","Male",NA,NA,"Missing",NA,"31-35 mph","Unknown Injury","Unknown/Missing",NA,NA,"No","27MAY2011","Friday","Motorist Overtaking Bicyclist",23,"Non-Intersection","May","A: Disabling Injury",84300,"Motorist Overtaking - Other / Unknown",2011,"Yes","Yes","Dark - Roadway Not Lighted","Curve - Level","Local Street","Dry","Two-Way, Not Divided","None","No Special Feature","Smooth Asphalt",0,0,0,0,0,0,0,"2 lanes",2,0,NA,0,NA
2335,3074,"None - Rural Crash","Henderson","Mountains","Residential","Rural (<30% Developed)",NA,"Rural","30 - 35  MPH","Double Yellow Line, No Passing Zone","Cloudy","No",40,"40-49","No",NA,"With Traffic","O: No Injury","Travel Lane","White","Male",20,"20-24","No",NA,"16-20 mph","O: No Injury","Black","Female","Passenger Car","No","15JUN2011","Wednesday","Motorist Left Turn / Merge",18,"Intersection","June","O: No Injury",66300,"Motorist Left Turn - Opposite Direction",2011,"No","No","Dusk","Straight - Bottom","State Secondary Route","Wet","Two-Way, Not Divided","None","T-Intersection","Smooth Asphalt",0,0,0,0,0,0,0,"2 lanes",2,0,NA,0,NA
2336,3080,"None - Rural Crash","Wake","Piedmont","Commercial","Urban (>70% Developed)",NA,"Rural","5 - 15 MPH","No Control Present","Rain","No",41,"40-49","No",NA,"With Traffic","B: Evident Injury","Travel Lane","White","Male",23,"20-24","No",NA,"0-5 mph","O: No Injury","White","Female","Passenger Car","No","25MAY2011","Wednesday","Crossing Paths - Other Circumstances",21,"Intersection","May","B: Evident Injury",76620,"Crossing Paths - Uncontrolled Intersection",2011,"No","No","Daylight","Straight - Level",NA,"Dry","Two-Way, Not Divided","None","Other","Smooth Asphalt",0,0,0,0,0,0,0,"2 lanes",2,0,NA,0,NA
2337,3081,"Raleigh","Wake","Piedmont","Residential","Urban (>70% Developed)",NA,"Urban","20 - 25  MPH","No Control Present","Clear","No",34,"30-39","No",NA,NA,"B: Evident Injury",NA,"Black","Male",26,"25-29","No",NA,"6-10 mph","O: No Injury","White","Female","Passenger Car","No","15JUN2011","Wednesday",NA,21,NA,"June","B: Evident Injury",76320,NA,2011,"Yes","No","Dark - Roadway Not Lighted","Straight - Level","Local Street","Dry","Two-Way, Not Divided","None","No Special Feature","Coarse Asphalt",0,0,0,0,0,0,0,"2 lanes",2,0,NA,0,NA
2338,3082,"Raleigh","Wake","Piedmont","Commercial","Urban (>70% Developed)",NA,"Urban","5 - 15 MPH","No Control Present","Clear","No",14,"11-15","No",NA,"Facing Traffic","B: Evident Injury","Sidewalk / Crosswalk / Driveway Crossing","Black","Male",62,"60-69","No",NA,"0-5 mph","O: No Injury","White","Male","Pickup","No","18MAY2011","Wednesday","Motorist Failed to Yield - Midblock",15,"Non-Intersection","May","B: Evident Injury",56400,"Motorist Drive Out - Commercial Driveway / Alley",2011,"No","No","Daylight","Straight - Hillcrest","Public Vehicular Area","Dry","One-Way, Not Divided","None","No Special Feature","Concrete",0,0,0,0,0,0,0,NA,2,0,NA,0,NA
2339,3084,"Charlotte","Mecklenburg","Piedmont","Commercial","Urban (>70% Developed)",NA,"Urban","30 - 35  MPH","Stop And Go Signal","Clear","No",20,"20-24","No",NA,"Not Applicable","C: Possible Injury","Non-Roadway","Black","Male",18,"0-19","No",NA,"31-35 mph","O: No Injury","White","Female","Passenger Car","No","29MAY2011","Sunday","Bicyclist Failed to Yield - Midblock",18,"Non-Intersection","May","C: Possible Injury",65700,"Bicyclist Ride Out - Other Midblock",2011,"No","No","Daylight","Straight - Level","Local Street","Dry","Two-Way, Divided, Unprotected Median","None","No Special Feature","Smooth Asphalt",0,0,0,0,0,0,0,"2 lanes",2,0,NA,0,NA
2340,3092,"Garner","Wake","Piedmont","Commercial","Urban (>70% Developed)",NA,"Urban","5 - 15 MPH","Stop Sign","Clear","No",15,"11-15","No",NA,"Facing Traffic","B: Evident Injury","Travel Lane","Black","Male",47,"40-49","No",NA,"0-5 mph","O: No Injury","White","Female","Pickup","No","16JUN2011","Thursday","Motorist Failed to Yield - Midblock",16,"Non-Intersection","June","B: Evident Injury",60180,"Motorist Drive Out - Commercial Driveway / Alley",2011,"Yes","No","Daylight","Straight - Level","US Route","Dry","Two-Way, Divided, Unprotected Median","None","T-Intersection","Smooth Asphalt",0,0,0,0,0,0,0,"6 lanes",2,0,NA,0,NA
2341,3096,"Kinston","Lenoir","Coastal","Residential","Urban (>70% Developed)",NA,"Urban","30 - 35  MPH","No Control Present","Clear","No",54,"50-59","Yes",NA,"Not Applicable","Unknown Injury","Non-Roadway","Black","Male",NA,NA,"Missing",NA,"31-35 mph","Unknown Injury","Unknown/Missing",NA,NA,"Yes","05MAY2011","Thursday","Bicyclist Failed to Yield - Midblock",21,"Non-Intersection","May","Unknown Injury",75780,"Bicyclist Ride Out - Other Midblock",2011,"Yes","Yes","Dark - Lighted Roadway","Straight - Level","Local Street","Dry","Two-Way, Divided, Unprotected Median","None","No Special Feature","Smooth Asphalt",0,0,0,0,0,0,0,"2 lanes",2,0,NA,0,NA
2342,3098,"Cary","Wake","Piedmont","Commercial","Urban (>70% Developed)",NA,"Urban","30 - 35  MPH","Stop And Go Signal","Clear","No",36,"30-39","No",NA,"Facing Traffic","C: Possible Injury","Sidewalk / Crosswalk / Driveway Crossing","Asian","Female",34,"30-39","No",NA,"0-5 mph","O: No Injury","White","Male","Passenger Car","No","01JUN2011","Wednesday","Motorist Failed to Yield - Sign-Controlled Intersection",8,"Intersection","June","C: Possible Injury",30420,"Motorist Drive Out - Sign-Controlled Intersection",2011,"Yes","No","Daylight","Straight - Grade","Local Street","Dry","Two-Way, Not Divided","None","Four-Way Intersection","Smooth Asphalt",0,0,0,0,0,0,0,"3 lanes",2,0,NA,0,NA
2343,3101,"Monroe","Union","Piedmont","Residential","Urban (>70% Developed)",NA,"Urban","20 - 25  MPH","No Control Present","Other","No",12,"11-15","No",NA,"Not Applicable","C: Possible Injury","Non-Roadway","Black","Male",NA,NA,"Missing",NA,"0-5 mph","Unknown Injury","Unknown/Missing",NA,"Pickup","No","02JUN2011","Thursday","Non-Roadway",19,"Non-Roadway","June","C: Possible Injury",71760,"Non-Roadway",2011,"No","Yes","Daylight","Straight - Level","Public Vehicular Area",NA,NA,"None","No Special Feature","Sand",0,0,0,0,0,0,0,"2 lanes",2,0,NA,0,NA
2344,3107,"Fayetteville","Cumberland","Coastal","Residential","Urban (>70% Developed)",NA,"Urban","20 - 25  MPH","Stop Sign","Clear","No",17,"16-19","No",NA,"Facing Traffic","B: Evident Injury","Bike Lane / Paved Shoulder","Hispanic","Male",38,"30-39","No",NA,"6-10 mph","O: No Injury","Hispanic","Female","Van","No","31MAY2011","Tuesday","Motorist Failed to Yield - Sign-Controlled Intersection",20,"Intersection","May","B: Evident Injury",72360,"Motorist Drive Out - Sign-Controlled Intersection",2011,"No","No","Daylight","Straight - Level","Local Street","Dry","Two-Way, Not Divided","None","No Special Feature","Coarse Asphalt",0,0,0,0,0,0,0,"2 lanes",2,0,NA,0,NA
2345,3111,"Cary","Wake","Piedmont","Residential","Urban (>70% Developed)",NA,"Urban","20 - 25  MPH","Stop Sign","Clear","No",14,"11-15","No",NA,"Facing Traffic","C: Possible Injury","Sidewalk / Crosswalk / Driveway Crossing","Black","Male",63,"60-69","No",NA,"0-5 mph","O: No Injury","Black","Male","Passenger Car","No","20JUN2011","Monday","Motorist Failed to Yield - Sign-Controlled Intersection",16,"Intersection","June","C: Possible Injury",60720,"Motorist Drive Out - Sign-Controlled Intersection",2011,"Yes","No","Daylight","Straight - Level","Local Street","Dry","Two-Way, Divided, Unprotected Median","None","No Special Feature","Smooth Asphalt",0,0,0,0,0,0,0,"2 lanes",2,0,NA,0,NA
2346,3113,"None - Rural Crash","Transylvania","Mountains","Farms, Woods, Pastures","Rural (<30% Developed)",NA,"Rural","40 - 45  MPH","Double Yellow Line, No Passing Zone","Clear","No",NA,"70+","No",NA,"With Traffic","C: Possible Injury","Travel Lane","White","Male",51,"50-59","No",NA,"16-20 mph","O: No Injury","White","Male","Sport Utility","No","25JUN2011","Saturday","Motorist Overtaking Bicyclist",12,"Non-Intersection","June","C: Possible Injury",46140,"Motorist Overtaking - Bicyclist Swerved",2011,"Yes","No","Daylight","Straight - Level","State Secondary Route","Dry","Two-Way, Not Divided","None","No Special Feature","Smooth Asphalt",0,0,0,0,0,0,0,"2 lanes",2,0,NA,0,NA
2347,3114,"Henderson","Vance","Piedmont","Commercial","Urban (>70% Developed)",NA,"Urban","30 - 35  MPH","Yield Sign","Clear","No",59,"50-59","No",NA,NA,"C: Possible Injury",NA,"Black","Male",29,"25-29","No",NA,"26-30 mph","Unknown Injury","Black","Male",NA,"No","08JUN2011","Wednesday","Motorist Right Turn / Merge",15,"Intersection","June","C: Possible Injury",56340,"Motorist Right Turn - Opposite Direction",2011,"Yes","Yes","Daylight","Straight - Level","Local Street","Dry","Two-Way, Not Divided","None","No Special Feature","Concrete",0,0,0,0,0,0,0,"2 lanes",2,0,NA,0,NA
2348,3117,"None - Rural Crash","Davidson","Piedmont","Farms, Woods, Pastures","Mixed (30% To 70% Developed)",NA,"Rural","50 - 55  MPH","Double Yellow Line, No Passing Zone","Clear","No",56,"50-59","No",NA,"With Traffic","C: Possible Injury","Travel Lane","White","Female",62,"60-69","No",NA,"21-25 mph","O: No Injury","White","Female","Passenger Car","No","20JUN2011","Monday","Motorist Overtaking Bicyclist",10,"Non-Intersection","June","C: Possible Injury",36840,"Motorist Overtaking - Misjudged Space",2011,"No","No","Daylight","Straight - Level","State Secondary Route","Dry","Two-Way, Not Divided","None","No Special Feature","Smooth Asphalt",0,0,0,0,0,0,0,"2 lanes",2,0,NA,0,NA
2349,3131,"Madison","Rockingham","Piedmont","Commercial","Rural (<30% Developed)",NA,"Rural","20 - 25  MPH","Stop And Go Signal","Clear","No",57,"50-59","No",NA,"With Traffic","A: Disabling Injury","Travel Lane","White","Male",47,"40-49","No",NA,"11-15 mph","O: No Injury","White","Male","Pickup","No","16MAY2011","Monday","Bicyclist Failed to Yield - Signalized Intersection",16,"Intersection","May","A: Disabling Injury",59100,"Bicyclist Ride Through - Signalized Intersection",2011,"No","No","Daylight","Straight - Level","Local Street","Dry","Two-Way, Not Divided","None","Four-Way Intersection","Smooth Asphalt",0,0,0,0,0,0,0,"2 lanes",2,0,NA,0,NA
2350,3133,"Jacksonville","Onslow","Coastal","Commercial","Urban (>70% Developed)",NA,"Urban","40 - 45  MPH","No Control Present","Clear","No",34,"30-39","No",NA,"With Traffic","B: Evident Injury","Travel Lane","White","Male",48,"40-49","No",NA,"31-35 mph","O: No Injury","White","Male","Truck/Trailer","No","27MAY2011","Friday","Bicyclist Left Turn / Merge",8,"Intersection-Related","May","B: Evident Injury",30840,"Bicyclist Left Turn - Same Direction",2011,"Yes","No","Daylight","Straight - Level","US Route","Dry","One-Way, Not Divided","None","Y-Intersection","Smooth Asphalt",0,0,0,0,0,0,0,"1 lane",2,0,NA,0,NA
2351,3140,"Charlotte","Mecklenburg","Piedmont","Commercial","Urban (>70% Developed)",NA,"Urban","30 - 35  MPH","No Control Present","Clear","No",22,"20-24","No",NA,"With Traffic","Unknown Injury","Travel Lane","Black","Male",NA,NA,"Missing",NA,"31-35 mph","Unknown Injury","Unknown/Missing",NA,NA,"No","10JUN2011","Friday","Motorist Overtaking Bicyclist",14,"Non-Intersection","June","Unknown Injury",51300,"Motorist Overtaking - Other / Unknown",2011,"No","Yes","Daylight","Straight - Level","Local Street","Dry","Two-Way, Divided, Positive Median Barrier","None","Bridge","Coarse Asphalt",0,0,0,0,0,0,0,"4 lanes",2,0,NA,0,NA
2352,3143,"Fayetteville","Cumberland","Coastal","Commercial","Urban (>70% Developed)",NA,"Urban","40 - 45  MPH","Stop And Go Signal","Cloudy","No",19,"16-19","No",NA,"Facing Traffic","B: Evident Injury","Travel Lane","White","Male",34,"30-39","No",NA,"0-5 mph","O: No Injury","Hispanic","Female","Light Truck (Mini-Van, Panel)","No","28JUN2011","Tuesday","Motorist Failed to Yield - Signalized Intersection",17,"Intersection","June","B: Evident Injury",63780,"Motorist Drive Out - Signalized Intersection",2011,"No","No","Daylight","Straight - Hillcrest","Local Street","Dry","One-Way, Not Divided","None","No Special Feature","Coarse Asphalt",0,0,0,0,0,0,0,"4 lanes",2,0,NA,0,NA
2353,3150,"Southern Pines","Moore","Piedmont","Residential","Urban (>70% Developed)",NA,"Urban","20 - 25  MPH","Stop Sign","Clear","No",53,"50-59","No",NA,"With Traffic","C: Possible Injury","Travel Lane","Black","Male",68,"60-69","No",NA,"6-10 mph","O: No Injury","Black","Female","Passenger Car","No","14JUN2011","Tuesday","Loss of Control / Turning Error",12,"Intersection","June","C: Possible Injury",45060,"Motorist Turning Error - Left Turn",2011,"Yes","No","Daylight","Straight - Grade","Local Street","Dry","Two-Way, Not Divided","None","Four-Way Intersection","Coarse Asphalt",0,0,0,0,0,0,0,"2 lanes",2,0,NA,0,NA
2354,3155,"Duck","Dare","Coastal","Residential","Urban (>70% Developed)",NA,"Rural","30 - 35  MPH","No Control Present","Clear","No",46,"40-49","No",NA,"With Traffic","B: Evident Injury","Travel Lane","White","Male",57,"50-59","No",NA,"6-10 mph","O: No Injury","White","Female","Sport Utility","No","11JUN2011","Saturday","Motorist Left Turn / Merge",8,"Intersection","June","B: Evident Injury",29820,"Motorist Left Turn - Opposite Direction",2011,"No","No","Daylight","Straight - Level","NC Route","Dry","Two-Way, Not Divided","None","No Special Feature","Smooth Asphalt",0,0,0,0,0,0,0,"2 lanes",2,0,NA,0,NA
2355,3158,"Wrightsville Beach","New Hanover","Coastal","Residential","Urban (>70% Developed)",NA,"Rural","5 - 15 MPH","No Control Present","Clear","No",16,"16-19","No",NA,"With Traffic","B: Evident Injury","Sidewalk / Crosswalk / Driveway Crossing","White","Male",39,"30-39","No",NA,NA,"O: No Injury","White","Male","Light Truck (Mini-Van, Panel)","No","16JUN2011","Thursday","Parallel Paths - Other Circumstances",13,"Intersection","June","B: Evident Injury",48120,"Bicyclist Ride Out - Parallel Path",2011,"Yes","No","Daylight","Straight - Level","Local Street","Dry","One-Way, Not Divided","None","No Special Feature","Smooth Asphalt",0,0,0,0,0,0,0,"1 lane",2,0,NA,0,NA
2356,3167,"Ramseur","Randolph","Piedmont","Commercial","Urban (>70% Developed)",NA,"Rural","30 - 35  MPH","Stop And Go Signal","Clear","No",12,"11-15","No",NA,"With Traffic","C: Possible Injury","Travel Lane","White","Male",54,"50-59","No",NA,"21-25 mph","O: No Injury","White","Female","Passenger Car","No","19JUN2011","Sunday","Bicyclist Failed to Yield - Signalized Intersection",21,"Intersection","June","C: Possible Injury",76440,"Bicyclist Ride Out - Signalized  Intersection",2011,"Yes","No","Dark - Lighted Roadway","Straight - Hillcrest","US Route","Dry","Two-Way, Not Divided","None","Four-Way Intersection","Smooth Asphalt",0,0,0,0,0,0,0,"5 lanes",2,0,NA,0,NA
2357,3171,"Gastonia","Gaston","Piedmont","Residential","Urban (>70% Developed)",NA,"Urban","30 - 35  MPH","No Control Present","Clear","No",9,"6-10","No",NA,"With Traffic","B: Evident Injury","Travel Lane","Hispanic","Female",24,"20-24","No",NA,"31-35 mph","O: No Injury","White","Male","Sport Utility","No","19JUN2011","Sunday","Bicyclist Failed to Yield - Sign-Controlled Intersection",17,"Intersection","June","B: Evident Injury",64080,"Bicyclist Ride Out - Sign-Controlled Intersection",2011,"Yes","No","Daylight","Straight - Level","Local Street","Dry","Two-Way, Not Divided","None","T-Intersection","Smooth Asphalt",0,0,0,0,0,0,0,"2 lanes",2,0,NA,0,NA
2358,3177,"Raleigh","Wake","Piedmont","Residential","Urban (>70% Developed)",NA,"Urban","30 - 35  MPH","Stop And Go Signal","Clear","No",16,"16-19","No",NA,"With Traffic","B: Evident Injury","Travel Lane","White","Female",30,"30-39","No",NA,"26-30 mph","O: No Injury","White","Female","Passenger Car","No","04JUL2011","Monday","Bicyclist Failed to Yield - Signalized Intersection",16,"Intersection","July","B: Evident Injury",58500,"Bicyclist Ride Through - Signalized Intersection",2011,"No","No","Daylight","Straight - Level","Local Street","Dry","Two-Way, Not Divided","None","Four-Way Intersection","Coarse Asphalt",0,0,0,0,0,0,0,"2 lanes",2,0,NA,0,NA
2359,3188,"None - Rural Crash","Wake","Piedmont","Commercial","Urban (>70% Developed)",NA,"Rural","50 - 55  MPH","Stop And Go Signal","Clear","No",61,"60-69","No",NA,"With Traffic","B: Evident Injury","Travel Lane","White","Male",NA,"70+","No",NA,"56-60 mph","O: No Injury","White","Female","Passenger Car","No","26JUN2011","Sunday","Motorist Overtaking Bicyclist",13,"Non-Intersection","June","B: Evident Injury",46920,"Motorist Overtaking - Other / Unknown",2011,"No","No","Daylight","Straight - Level","US Route","Dry","Two-Way, Divided, Unprotected Median","None","Related To Intersection","Smooth Asphalt",0,0,0,0,0,0,0,"4 lanes",2,0,NA,0,NA
2360,3194,"Wilson","Wilson","Coastal","Commercial","Urban (>70% Developed)",NA,"Urban","40 - 45  MPH","No Control Present","Clear","No",55,"50-59","No",NA,"Facing Traffic","B: Evident Injury","Bike Lane / Paved Shoulder","Black","Male",52,"50-59","No",NA,NA,"O: No Injury","Black","Female","Passenger Car","No","05JUN2011","Sunday","Motorist Failed to Yield - Midblock",12,"Non-Intersection","June","B: Evident Injury",45240,"Motorist Drive Out - Commercial Driveway / Alley",2011,"Yes","No","Daylight","Straight - Level","Local Street","Dry","Two-Way, Divided, Unprotected Median","None","No Special Feature","Coarse Asphalt",0,0,0,0,0,0,0,"4 lanes",2,0,NA,0,NA
2361,3195,"Wilson","Wilson","Coastal","Residential","Urban (>70% Developed)",NA,"Urban","30 - 35  MPH","No Control Present","Clear","No",11,"11-15","No",NA,"Not Applicable","C: Possible Injury","Driveway / Alley","Black","Male",25,"25-29","No",NA,"16-20 mph","O: No Injury","White","Female","Sport Utility","No","25APR2011","Monday","Bicyclist Failed to Yield - Midblock",12,"Non-Intersection","April","C: Possible Injury",45960,"Bicyclist Ride Out - Residential Driveway",2011,"Yes","No","Daylight","Straight - Level","Local Street","Dry","Two-Way, Not Divided","None","No Special Feature","Coarse Asphalt",0,0,0,0,0,0,0,"2 lanes",2,0,NA,0,NA
2362,3197,"None - Rural Crash","Carteret","Coastal","Farms, Woods, Pastures","Mixed (30% To 70% Developed)",NA,"Rural","30 - 35  MPH","No Control Present","Clear","No",17,"16-19","No",NA,"With Traffic","C: Possible Injury","Travel Lane","White","Male",25,"25-29","No",NA,"26-30 mph","O: No Injury","White","Female","Passenger Car","No","21JUL2011","Thursday","Bicyclist Left Turn / Merge",11,"Non-Intersection","July","C: Possible Injury",41400,"Bicyclist Left Turn - Same Direction",2011,"Yes","No","Daylight","Straight - Level","NC Route","Dry","Two-Way, Not Divided","None","No Special Feature","Smooth Asphalt",0,0,0,0,0,0,0,"5 lanes",2,0,NA,0,NA
2363,3206,"Cramerton","Gaston","Piedmont","Residential","Mixed (30% To 70% Developed)",NA,"Rural","30 - 35  MPH","No Control Present","Cloudy","No",10,"6-10","No",NA,"With Traffic","Unknown Injury","Travel Lane","Unknown/Missing",NA,NA,NA,"Missing",NA,"31-35 mph","Unknown Injury","Unknown/Missing",NA,NA,"No","05JUL2011","Tuesday","Motorist Overtaking Bicyclist",11,"Non-Intersection","July","Unknown Injury",40800,"Motorist Overtaking - Other / Unknown",2011,"No","Yes","Daylight","Straight - Grade","Local Street","Dry","Two-Way, Divided, Unprotected Median","None","No Special Feature","Smooth Asphalt",0,0,0,0,0,0,0,"2 lanes",2,0,NA,0,NA
2364,3211,"Lumberton","Robeson","Coastal","Residential","Urban (>70% Developed)",NA,"Urban","30 - 35  MPH","No Control Present","Rain","No",14,"11-15","No",NA,"With Traffic","B: Evident Injury","Travel Lane","Native American","Male",NA,"70+","No",NA,"26-30 mph","O: No Injury","White","Male","Passenger Car","No","24JUL2011","Sunday","Bicyclist Left Turn / Merge",19,"Intersection-Related","July","B: Evident Injury",68640,"Bicyclist Left Turn - Opposite Direction",2011,"No","No","Daylight","Straight - Level","Local Street","Wet","Two-Way, Not Divided","None","No Special Feature","Coarse Asphalt",0,0,0,0,0,0,0,"2 lanes",2,0,NA,0,NA
2365,3212,"Concord","Cabarrus","Piedmont","Commercial","Urban (>70% Developed)",NA,"Urban",NA,"No Control Present","Cloudy","No",44,"40-49","No",NA,"Facing Traffic","C: Possible Injury","Travel Lane","White","Male",29,"25-29","No",NA,"16-20 mph","O: No Injury","Black","Male","Passenger Car","No","07JUL2011","Thursday","Motorist Failed to Yield - Midblock",16,"Non-Intersection","July","C: Possible Injury",59460,"Motorist Drive Out - Commercial Driveway / Alley",2011,"No","No","Daylight","Straight - Hillcrest","Public Vehicular Area","Dry","Two-Way, Not Divided","None","Driveway, Public","Smooth Asphalt",0,0,0,0,0,0,0,"2 lanes",2,0,NA,0,NA
2366,3213,"Charlotte","Mecklenburg","Piedmont","Residential","Urban (>70% Developed)",NA,"Urban","5 - 15 MPH","Stop Sign","Clear","No",10,"6-10","No",NA,"Not Applicable","B: Evident Injury","Travel Lane","Black","Female",45,"40-49","No",NA,"0-5 mph","O: No Injury","White","Male","Passenger Car","No","07JUL2011","Thursday","Crossing Paths - Other Circumstances",13,"Intersection","July","B: Evident Injury",50340,"Crossing Paths - Intersection - Other / Unknown",2011,"Yes","No","Daylight","Straight - Hillcrest","Local Street","Dry","Two-Way, Not Divided","None","Four-Way Intersection","Smooth Asphalt",0,0,0,0,0,0,0,"2 lanes",2,0,NA,0,NA