"...1","object_id","city","county","region","development","locality","on_road","rural_urban","speed_limit","traffic_control","weather","workzone","bike_age","bike_age_group","bike_alcohol","bike_alcohol_drugs","bike_direction","bike_injury","bike_position","bike_race","bike_sex","driver_age","driver_age_group","driver_alcohol","driver_alcohol_drugs","driver_est_speed","driver_injury","driver_race","driver_sex","driver_vehicle_type","crash_alcohol","crash_date","crash_day","crash_group","crash_hour","crash_location","crash_month","crash_severity","crash_time","crash_type","crash_year","ambulance_req","hit_run","light_condition","road_character","road_class","road_condition","road_configuration","road_defects","road_feature","road_surface","num_bikes_ai","num_bikes_bi","num_bikes_ci","num_bikes_ki","num_bikes_no","num_bikes_to","num_bikes_ui","num_lanes","num_units","distance_mi_from","frm_road","rte_invd_cd","towrd_road"
2367,3215,"Fletcher","Henderson","Mountains","Residential","Mixed (30% To 70% Developed)",NA,"Urban","20 - 25  MPH","No Control Present","Clear","No",38,"30-39","No",NA,"With Traffic","B: Evident Injury","Travel Lane","White","Female",33,"30-39","No",NA,"21-25 mph","O: No Injury","White","Male","Pickup","No","08JUL2011","Friday","Loss of Control / Turning Error",10,"Intersection","July","B: Evident Injury",36780,"Bicyclist Turning Error - Left Turn",2011,"Yes","No","Daylight","Straight - Level","Private Road, Driveway","Dry","Two-Way, Not Divided","None","T-Intersection","Smooth Asphalt",0,0,0,0,0,0,0,"2 lanes",2,0,NA,0,NA
2368,3216,"Charlotte","Mecklenburg","Piedmont","Residential","Urban (>70% Developed)",NA,"Urban","5 - 15 MPH","No Control Present","Clear","No",10,"6-10","No",NA,"Not Applicable","B: Evident Injury","Non-Roadway","Black","Male",21,"20-24","No",NA,"6-10 mph","O: No Injury","White","Female","Passenger Car","No","09JUL2011","Saturday","Non-Roadway",18,"Non-Roadway","July","B: Evident Injury",64860,"Non-Roadway",2011,"Yes","No","Daylight","Straight - Level","Public Vehicular Area","Dry","Two-Way, Not Divided","None","No Special Feature","Smooth Asphalt",0,0,0,0,0,0,0,NA,2,0,NA,0,NA
2369,3218,"Wilmington","New Hanover","Coastal","Commercial","Urban (>70% Developed)",NA,"Urban","30 - 35  MPH","Stop And Go Signal","Clear","No",40,"40-49","No",NA,"Facing Traffic","C: Possible Injury","Travel Lane","Black","Male",38,"30-39","No",NA,"21-25 mph","O: No Injury","White","Male","Passenger Car","No","09JUL2011","Saturday","Bicyclist Failed to Yield - Signalized Intersection",2,"Intersection","July","C: Possible Injury",10440,"Bicyclist Ride Out - Signalized  Intersection",2011,"Yes","No","Dark - Lighted Roadway","Straight - Hillcrest","Local Street","Dry","One-Way, Not Divided","None","No Special Feature","Smooth Asphalt",0,0,0,0,0,0,0,"4 lanes",2,0,NA,0,NA
2370,3223,"Duck","Dare","Coastal","Commercial","Mixed (30% To 70% Developed)",NA,"Rural","30 - 35  MPH","Stop Sign","Clear","No",42,"40-49","No",NA,"Facing Traffic","C: Possible Injury","Multi-use Path","White","Female",58,"50-59","No",NA,"0-5 mph","O: No Injury","White","Male","Pickup","No","12JUL2011","Tuesday","Motorist Failed to Yield - Midblock",10,"Non-Intersection","July","C: Possible Injury",36000,"Motorist Drive Out - Other Midblock",2011,"Yes","No","Daylight","Straight - Level","NC Route","Dry","Two-Way, Not Divided","None","Driveway, Public","Smooth Asphalt",0,0,0,0,0,0,0,"2 lanes",2,0,NA,0,NA
2371,3235,"Asheville","Buncombe","Mountains","Commercial","Urban (>70% Developed)",NA,"Urban","40 - 45  MPH","No Control Present","Rain","No",28,"25-29","No",NA,"With Traffic","C: Possible Injury","Travel Lane","White","Male",37,"30-39","No",NA,"11-15 mph","O: No Injury","White","Female","Passenger Car","No","22JUN2011","Wednesday","Motorist Left Turn / Merge",0,"Intersection","June","C: Possible Injury",1500,"Motorist Left Turn - Opposite Direction",2011,"No","No","Dark - Lighted Roadway","Straight - Level","US Route","Wet","Two-Way, Not Divided","None","No Special Feature","Smooth Asphalt",0,0,0,0,0,0,0,"5 lanes",2,0,NA,0,NA
2372,3236,"Lumberton","Robeson","Coastal","Commercial","Urban (>70% Developed)",NA,"Urban","30 - 35  MPH","Stop And Go Signal","Clear","No",47,"40-49","No",NA,"Facing Traffic","B: Evident Injury","Sidewalk / Crosswalk / Driveway Crossing","White","Female",56,"50-59","No",NA,"6-10 mph","O: No Injury","Black","Male","Passenger Car","No","16JUL2011","Saturday","Bicyclist Failed to Yield - Signalized Intersection",18,"Intersection","July","B: Evident Injury",67860,"Bicyclist Ride Through - Signalized Intersection",2011,"No","No","Daylight","Straight - Level","Local Street","Dry","Two-Way, Divided, Unprotected Median","None","Four-Way Intersection","Coarse Asphalt",0,0,0,0,0,0,0,"9 or more lanes",2,0,NA,0,NA
2373,3242,"Goldsboro","Wayne","Coastal","Residential","Urban (>70% Developed)",NA,"Urban",NA,"No Control Present","Clear","No",26,"25-29","No",NA,"With Traffic","C: Possible Injury","Sidewalk / Crosswalk / Driveway Crossing","Black","Male",62,"60-69","No",NA,NA,"O: No Injury","White","Female","Pickup","No","13JUL2011","Wednesday","Motorist Failed to Yield - Midblock",17,"Non-Intersection","July","C: Possible Injury",62880,"Motorist Drive Out - Commercial Driveway / Alley",2011,"Yes","No","Daylight","Straight - Level","Local Street","Dry","Two-Way, Not Divided","None","No Special Feature","Coarse Asphalt",0,0,0,0,0,0,0,"2 lanes",2,0,NA,0,NA
2374,3251,"Charlotte","Mecklenburg","Piedmont","Residential","Urban (>70% Developed)",NA,"Urban","20 - 25  MPH","No Control Present","Clear","No",14,"11-15","No",NA,"With Traffic","C: Possible Injury","Travel Lane","White","Male",NA,NA,"Missing",NA,NA,"Unknown Injury","Unknown/Missing",NA,"Passenger Car","No","04JUN2011","Saturday","Bicyclist Overtaking Motorist",16,"Non-Intersection","June","C: Possible Injury",58140,"Bicyclist Overtaking - Other / Unknown",2011,"No","No","Daylight","Straight - Level","Local Street","Dry","Two-Way, Not Divided","None","No Special Feature","Smooth Asphalt",0,0,0,0,0,0,0,"2 lanes",2,0,NA,0,NA
2375,3255,"Charlotte","Mecklenburg","Piedmont","Residential","Mixed (30% To 70% Developed)",NA,"Urban","40 - 45  MPH","No Control Present","Clear","No",46,"40-49","No",NA,"With Traffic","C: Possible Injury","Travel Lane","Black","Female",NA,NA,"Missing",NA,"41-45 mph","Unknown Injury","Unknown/Missing",NA,NA,"No","23JUL2011","Saturday","Motorist Overtaking Bicyclist",3,"Intersection","July","C: Possible Injury",13920,"Motorist Overtaking - Misjudged Space",2011,"Yes","Yes","Dark - Lighted Roadway","Straight - Level","Local Street","Dry","Two-Way, Not Divided","None","T-Intersection","Smooth Asphalt",0,0,0,0,0,0,0,"2 lanes",2,0,NA,0,NA
2376,3263,"Raleigh","Wake","Piedmont","Residential","Urban (>70% Developed)",NA,"Urban","30 - 35  MPH","Stop Sign","Clear","No",18,"16-19","No",NA,"With Traffic","C: Possible Injury","Travel Lane","Other","Female",63,"60-69","No",NA,"21-25 mph","O: No Injury","Other","Male","Sport Utility","No","03AUG2011","Wednesday","Motorist Failed to Yield - Sign-Controlled Intersection",21,"Intersection","August","C: Possible Injury",77400,"Motorist Drive Out - Sign-Controlled Intersection",2011,"Yes","No","Dark - Lighted Roadway","Straight - Level","Local Street","Dry","Two-Way, Not Divided","None","No Special Feature","Smooth Asphalt",0,0,0,0,0,0,0,"2 lanes",2,0,NA,0,NA
2377,3266,"Raleigh","Wake","Piedmont","Residential","Urban (>70% Developed)",NA,"Urban","30 - 35  MPH","Stop Sign","Clear","No",21,"20-24","No",NA,"Facing Traffic","C: Possible Injury","Sidewalk / Crosswalk / Driveway Crossing","Hispanic","Male",20,"20-24","No",NA,"0-5 mph","O: No Injury","White","Female","Sport Utility","No","01AUG2011","Monday","Motorist Failed to Yield - Sign-Controlled Intersection",14,"Intersection","August","C: Possible Injury",52020,"Motorist Drive Out - Sign-Controlled Intersection",2011,"Yes","No","Daylight","Straight - Level","Local Street","Dry","Two-Way, Not Divided","None","T-Intersection","Smooth Asphalt",0,0,0,0,0,0,0,"2 lanes",2,0,NA,0,NA
2378,3268,"Charlotte","Mecklenburg","Piedmont","Residential","Urban (>70% Developed)",NA,"Urban","30 - 35  MPH","No Control Present","Clear","No",18,"16-19","No",NA,"With Traffic","B: Evident Injury","Travel Lane","Black","Male",40,"40-49","No",NA,"31-35 mph","O: No Injury","Hispanic","Female","Passenger Car","No","26JUL2011","Tuesday","Bicyclist Left Turn / Merge",20,"Non-Intersection","July","B: Evident Injury",73680,"Bicyclist Left Turn - Same Direction",2011,"Yes","No","Dusk","Straight - Level","Local Street","Dry","Two-Way, Not Divided","None","No Special Feature","Concrete",0,0,0,0,0,0,0,"2 lanes",2,0,NA,0,NA
2379,3269,"Chapel Hill","Orange","Piedmont","Commercial","Urban (>70% Developed)",NA,"Urban","5 - 15 MPH","No Control Present","Clear","No",16,"16-19","No",NA,"Facing Traffic","C: Possible Injury","Sidewalk / Crosswalk / Driveway Crossing","Black","Male",19,"0-19","No",NA,"0-5 mph","O: No Injury","White","Female","Passenger Car","No","19JUL2011","Tuesday","Motorist Failed to Yield - Midblock",15,"Non-Intersection","July","C: Possible Injury",54000,"Motorist Drive Out - Commercial Driveway / Alley",2011,"No","No","Daylight","Straight - Level","Public Vehicular Area","Dry","Two-Way, Not Divided","None","Driveway, Private","Smooth Asphalt",0,0,0,0,0,0,0,NA,2,0,NA,0,NA
2380,3272,"Wilmington","New Hanover","Coastal","Commercial","Urban (>70% Developed)",NA,"Urban","40 - 45  MPH","No Control Present","Clear","No",32,"30-39","No",NA,"Not Applicable","O: No Injury","Travel Lane","White","Male",30,"30-39","No",NA,"36-40 mph","O: No Injury","White","Female","Passenger Car","No","09JUL2011","Saturday","Bicyclist Failed to Yield - Midblock",21,"Non-Intersection","July","O: No Injury",78240,"Bicyclist Ride Out - Other Midblock",2011,"No","No","Dark - Lighted Roadway","Straight - Level","Local Street","Dry",NA,"None","No Special Feature","Coarse Asphalt",0,0,0,0,0,0,0,NA,2,0,NA,0,NA
2381,3278,"Winston-Salem","Forsyth","Piedmont","Commercial","Urban (>70% Developed)",NA,"Urban","30 - 35  MPH","No Control Present","Clear","No",63,"60-69","No",NA,"Facing Traffic","C: Possible Injury","Travel Lane","White","Male",20,"20-24","No",NA,"0-5 mph","O: No Injury","White","Female","Sport Utility","No","15JUL2011","Friday","Motorist Failed to Yield - Midblock",16,"Non-Intersection","July","C: Possible Injury",58620,"Motorist Drive Out - Commercial Driveway / Alley",2011,"No","No","Daylight","Straight - Level","State Secondary Route","Dry","Two-Way, Not Divided","None","Four-Way Intersection","Smooth Asphalt",0,0,0,0,0,0,0,"9 or more lanes",2,0,NA,0,NA
2382,3281,"Summerfield","Guilford","Piedmont","Farms, Woods, Pastures","Rural (<30% Developed)",NA,"Urban","40 - 45  MPH","Double Yellow Line, No Passing Zone","Rain","No",50,"50-59","No",NA,"With Traffic","A: Disabling Injury","Travel Lane","White","Female",36,"30-39","No",NA,"36-40 mph","O: No Injury","Other","Female","Light Truck (Mini-Van, Panel)","No","12AUG2011","Friday","Motorist Left Turn / Merge",18,"Intersection","August","A: Disabling Injury",67140,"Motorist Left Turn - Opposite Direction",2011,"Yes","No","Daylight","Straight - Level","NC Route","Wet","Two-Way, Not Divided","None","T-Intersection","Smooth Asphalt",0,0,0,0,0,0,0,"2 lanes",2,0,NA,0,NA
2383,3284,"None - Rural Crash","Buncombe","Mountains","Residential","Urban (>70% Developed)",NA,"Rural","30 - 35  MPH","Double Yellow Line, No Passing Zone","Clear","No",36,"30-39","No",NA,"With Traffic","A: Disabling Injury","Travel Lane","White","Male",44,"40-49","No",NA,"26-30 mph","O: No Injury","White","Female","Sport Utility","No","14AUG2011","Sunday","Motorist Left Turn / Merge",17,"Intersection","August","A: Disabling Injury",61200,"Motorist Left Turn - Opposite Direction",2011,"Yes","No","Daylight","Straight - Grade","State Secondary Route","Dry","Two-Way, Not Divided","None","T-Intersection","Coarse Asphalt",0,0,0,0,0,0,0,"2 lanes",2,0,NA,0,NA
2384,3286,"Charlotte","Mecklenburg","Piedmont","Commercial","Urban (>70% Developed)",NA,"Urban","30 - 35  MPH","Stop And Go Signal","Clear","No",19,"16-19","No",NA,"With Traffic","B: Evident Injury","Travel Lane","Black","Male",49,"40-49","No",NA,"6-10 mph","O: No Injury","Black","Female","Pickup","No","08AUG2011","Monday","Motorist Right Turn / Merge",14,"Intersection","August","B: Evident Injury",52860,"Motorist Right Turn on Red - Same Direction",2011,"Yes","No","Daylight","Straight - Level","Local Street","Dry","Two-Way, Not Divided","None","T-Intersection","Smooth Asphalt",0,0,0,0,0,0,0,"4 lanes",2,0,NA,0,NA
2385,3287,"Raleigh","Wake","Piedmont","Commercial","Urban (>70% Developed)",NA,"Urban","30 - 35  MPH","Stop And Go Signal","Clear","No",21,"20-24","No",NA,"With Traffic","O: No Injury","Travel Lane","White","Male",48,"40-49","No",NA,"0-5 mph","O: No Injury","Black","Male","Passenger Car","No","13AUG2011","Saturday","Bicyclist Overtaking Motorist",23,"Intersection-Related","August","O: No Injury",86160,"Bicyclist Overtaking - Passing on Right",2011,"No","No","Dark - Lighted Roadway","Straight - Level","Local Street","Dry","Two-Way, Not Divided","None","No Special Feature","Smooth Asphalt",0,0,0,0,0,0,0,"2 lanes",2,0,NA,0,NA
2386,3289,"None - Rural Crash","New Hanover","Coastal","Residential","Mixed (30% To 70% Developed)",NA,"Rural","40 - 45  MPH","Double Yellow Line, No Passing Zone","Clear","No",14,"11-15","No",NA,"With Traffic","C: Possible Injury","Travel Lane","White","Male",48,"40-49","No",NA,"41-45 mph","O: No Injury","White","Male","Pickup","No","14AUG2011","Sunday","Bicyclist Left Turn / Merge",14,"Non-Intersection","August","C: Possible Injury",53760,"Bicyclist Left Turn - Same Direction",2011,"Yes","No","Daylight","Straight - Level","State Secondary Route","Dry","Two-Way, Not Divided","None","Related To Intersection","Coarse Asphalt",0,0,0,0,0,0,0,"2 lanes",2,0,NA,0,NA
2387,3290,"Duck","Dare","Coastal","Commercial","Urban (>70% Developed)",NA,"Rural",NA,"No Control Present","Clear","No",17,"16-19","No",NA,"Facing Traffic","B: Evident Injury","Multi-use Path","White","Male",37,"30-39","No",NA,NA,"O: No Injury","White","Female","Sport Utility","No","31JUL2011","Sunday","Motorist Failed to Yield - Midblock",10,"Non-Intersection","July","B: Evident Injury",37380,"Motorist Drive Out - Commercial Driveway / Alley",2011,"No","No","Daylight","Straight - Grade","NC Route","Dry","Two-Way, Divided, Unprotected Median","None","Driveway, Public","Coarse Asphalt",0,0,0,0,0,0,0,"2 lanes",2,0,NA,0,NA
2388,3292,"Jacksonville","Onslow","Coastal","Commercial","Urban (>70% Developed)",NA,"Urban",NA,"No Control Present","Clear","No",51,"50-59","No",NA,"Facing Traffic","B: Evident Injury","Sidewalk / Crosswalk / Driveway Crossing","White","Female",NA,NA,"Missing",NA,"0-5 mph","Unknown Injury","Unknown/Missing",NA,NA,"No","31JUL2011","Sunday","Motorist Failed to Yield - Midblock",11,"Non-Intersection","July","B: Evident Injury",42660,"Motorist Drive Out - Commercial Driveway / Alley",2011,"No","Yes","Daylight","Straight - Level","Public Vehicular Area","Dry","Two-Way, Not Divided","None","Driveway, Public","Smooth Asphalt",0,0,0,0,0,0,0,"1 lane",2,0,NA,0,NA
2389,3296,"Fayetteville","Cumberland","Coastal","Commercial","Urban (>70% Developed)",NA,"Urban","40 - 45  MPH","No Control Present","Clear","No",46,"40-49","No",NA,"Not Applicable","O: No Injury","Travel Lane","Black","Male",57,"50-59","No",NA,"16-20 mph","O: No Injury","Black","Male","Pickup","No","06AUG2011","Saturday","Motorist Left Turn / Merge",13,"Non-Intersection","August","O: No Injury",49500,"Motorist Left Turn - Opposite Direction",2011,"No","No","Daylight","Straight - Level","Local Street","Dry","Two-Way, Divided, Unprotected Median","None","No Special Feature","Coarse Asphalt",0,0,0,0,0,0,0,"6 lanes",2,0,NA,0,NA
2390,3297,"None - Rural Crash","Wake","Piedmont","Farms, Woods, Pastures","Rural (<30% Developed)",NA,"Rural","40 - 45  MPH","Double Yellow Line, No Passing Zone","Clear","No",23,"20-24","No",NA,"With Traffic","B: Evident Injury","Travel Lane","White","Female",NA,NA,"Missing",NA,"41-45 mph","Unknown Injury","Unknown/Missing",NA,"Passenger Car","No","27JUL2011","Wednesday","Motorist Overtaking Bicyclist",22,"Non-Intersection","July","B: Evident Injury",80280,"Motorist Overtaking - Other / Unknown",2011,"No","Yes","Dark - Roadway Not Lighted","Straight - Grade","State Secondary Route","Dry","Two-Way, Not Divided","None","No Special Feature","Smooth Asphalt",0,0,0,0,0,0,0,"2 lanes",2,0,NA,0,NA
2391,3302,"Charlotte","Mecklenburg","Piedmont","Residential","Urban (>70% Developed)",NA,"Urban","30 - 35  MPH","Stop Sign","Clear","No",18,"16-19","No",NA,"With Traffic","C: Possible Injury","Travel Lane","Black","Male",56,"50-59","No",NA,"26-30 mph","O: No Injury","White","Female","Passenger Car","No","10AUG2011","Wednesday","Loss of Control / Turning Error",16,"Intersection","August","C: Possible Injury",58380,"Bicyclist Lost Control - Oversteering, Improper Braking, Speed",2011,"No","No","Daylight","Straight - Grade","Local Street","Dry","Two-Way, Divided, Unprotected Median","None","T-Intersection","Smooth Asphalt",0,0,0,0,0,0,0,"2 lanes",2,0,NA,0,NA
2392,3321,"Durham","Durham","Piedmont","Residential","Urban (>70% Developed)",NA,"Urban","40 - 45  MPH","Stop And Go Signal","Clear","No",42,"40-49","No",NA,"With Traffic","C: Possible Injury","Travel Lane","White","Female",19,"0-19","No",NA,"16-20 mph","O: No Injury","Black","Female","Passenger Car","No","26AUG2011","Friday","Motorist Left Turn / Merge",11,"Intersection","August","C: Possible Injury",42900,"Motorist Left Turn - Opposite Direction",2011,"Yes","No","Daylight","Straight - Level","NC Route","Dry","Two-Way, Not Divided","None","Four-Way Intersection","Smooth Asphalt",0,0,0,0,0,0,0,"4 lanes",2,0,NA,0,NA
2393,3324,"Durham","Durham","Piedmont","Commercial","Urban (>70% Developed)",NA,"Urban","20 - 25  MPH","No Control Present","Clear","No",30,"30-39","No",NA,"Not Applicable","C: Possible Injury","Non-Roadway","Black","Male",NA,NA,"Missing",NA,"6-10 mph","Unknown Injury","Unknown/Missing",NA,"Passenger Car","No","26AUG2011","Friday","Non-Roadway",16,"Non-Roadway","August","C: Possible Injury",57840,"Non-Roadway",2011,"Yes","Yes","Daylight","Straight - Level","Public Vehicular Area","Dry","Two-Way, Not Divided","None","No Special Feature","Smooth Asphalt",0,0,0,0,0,0,0,"2 lanes",2,0,NA,0,NA
2394,3334,"Raleigh","Wake","Piedmont","Commercial","Urban (>70% Developed)",NA,"Urban","30 - 35  MPH","Stop And Go Signal","Clear","No",21,"20-24","No",NA,"With Traffic","B: Evident Injury","Travel Lane","White","Female",19,"0-19","No",NA,"0-5 mph","O: No Injury","White","Male","Passenger Car","No","29AUG2011","Monday","Motorist Left Turn / Merge",12,"Intersection","August","B: Evident Injury",45600,"Motorist Left Turn - Opposite Direction",2011,"Yes","No","Daylight","Straight - Level","Local Street","Dry","Two-Way, Not Divided","None","Four-Way Intersection","Smooth Asphalt",0,0,0,0,0,0,0,"3 lanes",2,0,NA,0,NA
2395,3338,"None - Rural Crash","Cleveland","Mountains","Residential","Rural (<30% Developed)",NA,"Rural","40 - 45  MPH","Stop Sign","Clear","No",58,"50-59","No",NA,"With Traffic","B: Evident Injury","Travel Lane","White","Male",46,"40-49","No",NA,"0-5 mph","O: No Injury","White","Male","Pickup","No","30AUG2011","Tuesday","Motorist Failed to Yield - Sign-Controlled Intersection",8,"Intersection","August","B: Evident Injury",31380,"Motorist Drive Out - Sign-Controlled Intersection",2011,"Yes","No","Daylight","Straight - Level","State Secondary Route","Dry","Two-Way, Not Divided","None","Four-Way Intersection","Smooth Asphalt",0,0,0,0,0,0,0,"2 lanes",2,0,NA,0,NA
2396,3342,"Cary","Wake","Piedmont","Commercial","Urban (>70% Developed)",NA,"Urban","30 - 35  MPH","Stop And Go Signal","Clear","No",14,"11-15","No",NA,"With Traffic","B: Evident Injury","Travel Lane","Black","Male",29,"25-29","No",NA,"26-30 mph","O: No Injury","White","Male","Passenger Car","No","21AUG2011","Sunday","Bicyclist Failed to Yield - Signalized Intersection",13,"Intersection","August","B: Evident Injury",49620,"Bicyclist Ride Out - Signalized  Intersection",2011,"Yes","No","Daylight","Straight - Level","State Secondary Route","Dry","Two-Way, Not Divided","None","No Special Feature","Smooth Asphalt",0,0,0,0,0,0,0,"4 lanes",2,0,NA,0,NA
2397,3343,"None - Rural Crash","Brunswick","Coastal","Farms, Woods, Pastures","Rural (<30% Developed)",NA,"Rural","40 - 45  MPH","No Control Present","Rain","No",18,"16-19","No",NA,"Facing Traffic","B: Evident Injury","Travel Lane","White","Male",29,"25-29","No",NA,"41-45 mph","O: No Injury","White","Female","Sport Utility","No","22AUG2011","Monday","Head-On",15,"Non-Intersection","August","B: Evident Injury",55500,"Head-On - Bicyclist",2011,"Yes","No","Daylight","Straight - Level","State Secondary Route","Wet","Two-Way, Not Divided","None","No Special Feature","Coarse Asphalt",0,0,0,0,0,0,0,"2 lanes",2,0,NA,0,NA
2398,3346,"Sunset Beach","Brunswick","Coastal","Residential","Urban (>70% Developed)",NA,"Rural","20 - 25  MPH","Stop Sign","Clear","No",9,"6-10","No",NA,"With Traffic","B: Evident Injury","Travel Lane","White","Male",54,"50-59","No",NA,"6-10 mph","O: No Injury","White","Male","Sport Utility","No","18AUG2011","Thursday","Bicyclist Failed to Yield - Sign-Controlled Intersection",19,"Intersection","August","B: Evident Injury",68400,"Bicyclist Ride Through - Sign-Controlled Intersection",2011,"Yes","No","Daylight","Straight - Level","Local Street","Dry","Two-Way, Not Divided","None","T-Intersection","Coarse Asphalt",0,0,0,0,0,0,0,"2 lanes",2,0,NA,0,NA
2399,3347,"Fayetteville","Cumberland","Coastal","Residential","Urban (>70% Developed)",NA,"Urban","20 - 25  MPH","No Control Present","Clear","No",61,"60-69","No",NA,"With Traffic","B: Evident Injury","Travel Lane","White","Male",31,"30-39","No",NA,"21-25 mph","O: No Injury","Asian","Female","Passenger Car","No","01SEP2011","Thursday","Motorist Overtaking Bicyclist",7,"Intersection-Related","September","B: Evident Injury",26580,"Motorist Overtaking - Undetected Bicyclist",2011,"Yes","No","Daylight","Straight - Level","Local Street","Dry","Two-Way, Not Divided","None","No Special Feature","Smooth Asphalt",0,0,0,0,0,0,0,"2 lanes",2,0,NA,0,NA
2400,3355,"Durham","Durham","Piedmont","Residential","Mixed (30% To 70% Developed)",NA,"Urban","20 - 25  MPH","No Control Present","Clear","No",12,"11-15","No",NA,"With Traffic","B: Evident Injury","Travel Lane","Black","Male",18,"0-19","No",NA,"36-40 mph","O: No Injury","Black","Female","Passenger Car","No","04SEP2011","Sunday","Motorist Overtaking Bicyclist",17,"Non-Intersection","September","B: Evident Injury",63000,"Motorist Overtaking - Bicyclist Swerved",2011,"No","No","Daylight","Curve - Level","Local Street","Dry","Two-Way, Not Divided","None","No Special Feature","Smooth Asphalt",0,0,0,0,0,0,0,"2 lanes",2,0,NA,0,NA
2401,973,"Gastonia","Gaston","Piedmont","Residential","Urban (>70% Developed)","KENDRICK RD","Urban",NA,"Double Yellow Line, No Passing Zone","Clear","No",49,"40-49","No",NA,"With Traffic","B: Evident Injury","Travel Lane","White","Male",NA,NA,"Missing",NA,"31-35 mph","Unknown Injury","Unknown/Missing",NA,"Light Truck (Mini-Van, Panel)","No","17MAR2013","Sunday","Motorist Overtaking Bicyclist",14,"Intersection","March","B: Evident Injury",51900,"Motorist Overtaking - Other / Unknown",2013,"Yes","Yes","Daylight","Straight - Grade","State Secondary Route","Dry","Two-Way, Not Divided","None","No Special Feature","Smooth Asphalt",0,0,0,0,0,0,0,"2 lanes",2,0,NA,0,NA
2402,975,"Raleigh","Wake","Piedmont","Institutional","Urban (>70% Developed)","W PEACE ST","Urban","30 - 35  MPH","Stop And Go Signal","Clear","No",37,"30-39","No",NA,"With Traffic","B: Evident Injury","Travel Lane","White","Male",40,"40-49","No",NA,"11-15 mph","O: No Injury","White","Male","Passenger Car","No","15MAR2013","Friday","Motorist Left Turn / Merge",11,"Intersection","March","B: Evident Injury",39840,"Motorist Left Turn - Opposite Direction",2013,"Yes","No","Daylight","Straight - Level","Local Street","Dry","Two-Way, Not Divided","None","Four-Way Intersection","Smooth Asphalt",0,0,0,0,0,0,0,"2 lanes",2,0,NA,0,NA
2403,979,"Charlotte","Mecklenburg","Piedmont","Commercial","Urban (>70% Developed)","THE PLAZA","Urban","30 - 35  MPH","No Control Present","Clear","No",58,"50-59","No",NA,"With Traffic","B: Evident Injury","Travel Lane","Black","Male",50,"50-59","No",NA,"26-30 mph","O: No Injury","Black","Female","Passenger Car","No","08APR2013","Monday","Bicyclist Failed to Yield - Sign-Controlled Intersection",13,"Intersection","April","B: Evident Injury",49320,"Bicyclist Ride Out - Sign-Controlled Intersection",2013,"Yes","No","Daylight","Straight - Level","Local Street","Dry","Two-Way, Divided, Unprotected Median","None","No Special Feature","Smooth Asphalt",0,0,0,0,0,0,0,"4 lanes",2,0,NA,0,NA
2404,985,"Goldsboro","Wayne","Coastal","Residential","Urban (>70% Developed)","PP 430 E ELM ST","Urban",NA,"No Control Present","Rain","No",59,"50-59","No",NA,"With Traffic","O: No Injury","Sidewalk / Crosswalk / Driveway Crossing","Black","Male",NA,NA,"No",NA,NA,"C: Possible Injury","Black","Male","Pedalcycle","No","24MAR2013","Sunday","Motorist Failed to Yield - Midblock",14,"Non-Intersection","March","C: Possible Injury",52740,"Motorist Drive Out - Commercial Driveway / Alley",2013,"Yes","No","Daylight","Straight - Level","Private Road, Driveway","Wet","Two-Way, Not Divided","None","Driveway, Private","Grooved Concrete",0,0,0,0,0,0,0,NA,2,0,NA,0,NA
2405,999,"Mooresville","Iredell","Piedmont","Commercial","Urban (>70% Developed)","SHEARERS RD","Urban","40 - 45  MPH","No Control Present","Cloudy","No",17,"16-19","No",NA,"With Traffic","B: Evident Injury","Travel Lane","White","Male",32,"30-39","No",NA,"16-20 mph","O: No Injury","Native American","Male","Passenger Car","No","31MAR2013","Sunday","Motorist Left Turn / Merge",16,"Intersection","March","B: Evident Injury",60240,"Motorist Left Turn - Opposite Direction",2013,"No","No","Daylight","Straight - Level","Local Street","Wet","Two-Way, Not Divided","None","No Special Feature","Coarse Asphalt",0,0,0,0,0,0,0,"2 lanes",2,0,NA,0,NA
2406,4003,"Apex","Wake","Piedmont","Residential","Mixed (30% To 70% Developed)",NA,"Urban","20 - 25  MPH","Stop Sign","Clear","No",10,"6-10","No",NA,"With Traffic","B: Evident Injury","Travel Lane","White","Male",40,"40-49","No",NA,"16-20 mph","O: No Injury","White","Female","Police","No","15JUN2010","Tuesday","Bicyclist Failed to Yield - Sign-Controlled Intersection",7,"Intersection","June","B: Evident Injury",28620,"Bicyclist Ride Through - Sign-Controlled Intersection",2010,"Yes","No","Daylight","Straight - Level","Local Street","Dry","Two-Way, Not Divided","None","T-Intersection","Smooth Asphalt",0,0,0,0,0,0,0,"2 lanes",2,0,NA,0,NA
2407,4007,"Asheville","Buncombe","Mountains","Commercial","Urban (>70% Developed)",NA,"Urban","20 - 25  MPH","Other","Clear","No",47,"40-49","No",NA,"With Traffic","B: Evident Injury","Travel Lane","White","Male",26,"25-29","No",NA,"6-10 mph","O: No Injury","White","Female","Pickup","No","28MAY2010","Friday","Motorist Right Turn / Merge",12,"Intersection","May","B: Evident Injury",46680,"Motorist Right Turn - Same Direction",2010,"Yes","No","Daylight","Straight - Level","Local Street","Dry","Two-Way, Divided, Unprotected Median","None","No Special Feature","Smooth Asphalt",0,0,0,0,0,0,0,"4 lanes",2,0,NA,0,NA