"...1","object_id","city","county","region","development","locality","on_road","rural_urban","speed_limit","traffic_control","weather","workzone","bike_age","bike_age_group","bike_alcohol","bike_alcohol_drugs","bike_direction","bike_injury","bike_position","bike_race","bike_sex","driver_age","driver_age_group","driver_alcohol","driver_alcohol_drugs","driver_est_speed","driver_injury","driver_race","driver_sex","driver_vehicle_type","crash_alcohol","crash_date","crash_day","crash_group","crash_hour","crash_location","crash_month","crash_severity","crash_time","crash_type","crash_year","ambulance_req","hit_run","light_condition","road_character","road_class","road_condition","road_configuration","road_defects","road_feature","road_surface","num_bikes_ai","num_bikes_bi","num_bikes_ci","num_bikes_ki","num_bikes_no","num_bikes_to","num_bikes_ui","num_lanes","num_units","distance_mi_from","frm_road","rte_invd_cd","towrd_road"
2408,4008,"Fayetteville","Cumberland","Coastal","Commercial","Urban (>70% Developed)",NA,"Urban","40 - 45  MPH","No Control Present","Cloudy","No",61,"60-69","Yes",NA,"Not Applicable","B: Evident Injury","Travel Lane","Black","Male",18,"0-19","No",NA,"41-45 mph","O: No Injury","Black","Female","Passenger Car","Yes","28MAY2010","Friday","Crossing Paths - Other Circumstances",19,"Non-Intersection","May","B: Evident Injury",71100,"Crossing Paths - Midblock - Other / Unknown",2010,"Yes","No","Daylight","Curve - Level","US Route","Wet","Two-Way, Not Divided","None","No Special Feature","Coarse Asphalt",0,0,0,0,0,0,0,"6 lanes",2,0,NA,0,NA
2409,4010,"Shelby","Cleveland","Mountains","Residential","Urban (>70% Developed)",NA,"Urban","30 - 35  MPH","No Control Present","Clear","No",45,"40-49","Yes",NA,"With Traffic","B: Evident Injury","Travel Lane","White","Male",33,"30-39","Yes",NA,"16-20 mph","O: No Injury","White","Male","Passenger Car","Yes","30MAY2010","Sunday","Motorist Overtaking Bicyclist",21,"Non-Intersection","May","B: Evident Injury",76980,"Motorist Overtaking - Undetected Bicyclist",2010,"Yes","No","Dark - Lighted Roadway","Straight - Grade","State Secondary Route","Dry","Two-Way, Not Divided","None","No Special Feature","Smooth Asphalt",0,0,0,0,0,0,0,"2 lanes",2,0,NA,0,NA
2410,4013,"Emerald Isle","Carteret","Coastal","Residential","Urban (>70% Developed)",NA,"Rural","20 - 25  MPH","Stop Sign","Clear","No",12,"11-15","No",NA,"Facing Traffic","B: Evident Injury","Travel Lane","White","Female",23,"20-24","No",NA,"21-25 mph","O: No Injury","Unknown/Missing","Female","Passenger Car","No","31MAY2010","Monday","Bicyclist Failed to Yield - Sign-Controlled Intersection",18,"Intersection","May","B: Evident Injury",65700,"Bicyclist Ride Out - Sign-Controlled Intersection",2010,"Yes","No","Daylight","Straight - Hillcrest","Local Street","Dry","Two-Way, Not Divided","None","T-Intersection","Smooth Asphalt",0,0,0,0,0,0,0,"4 lanes",2,0,NA,0,NA
2411,4014,"None - Rural Crash","Brunswick","Coastal","Farms, Woods, Pastures","Rural (<30% Developed)",NA,"Rural","50 - 55  MPH","Double Yellow Line, No Passing Zone","Clear","No",35,"30-39","No",NA,"With Traffic","B: Evident Injury","Travel Lane","White","Male",65,"60-69","No",NA,"51-55 mph","O: No Injury","White","Male","Pickup","No","18JUN2010","Friday","Motorist Overtaking Bicyclist",7,"Non-Intersection","June","B: Evident Injury",27240,"Motorist Overtaking - Misjudged Space",2010,"Yes","No","Daylight","Straight - Level","NC Route","Dry","Two-Way, Not Divided","None","No Special Feature","Coarse Asphalt",0,0,0,0,0,0,0,"2 lanes",2,0,NA,0,NA
2412,4023,"Wilmington","New Hanover","Coastal","Residential","Urban (>70% Developed)",NA,"Urban","40 - 45  MPH","No Control Present","Clear","No",23,"20-24","No",NA,"Not Applicable","C: Possible Injury","Non-Roadway","White","Male",NA,NA,"Missing",NA,NA,"Unknown Injury","Unknown/Missing",NA,NA,"No","30MAY2010","Sunday","Parallel Paths - Other Circumstances",0,"Non-Intersection","May","C: Possible Injury",540,"Parallel Paths - Other / Unknown",2010,"No","Yes","Dark - Roadway Not Lighted","Straight - Level","Local Street","Dry","Two-Way, Not Divided","None","No Special Feature","Coarse Asphalt",0,0,0,0,0,0,0,"2 lanes",2,0,NA,0,NA
2413,4031,"None - Rural Crash","Alamance","Piedmont","Farms, Woods, Pastures","Rural (<30% Developed)",NA,"Rural","50 - 55  MPH","No Control Present","Fog, Smog, Smoke","No",54,"50-59","Yes",NA,"With Traffic","K: Killed","Travel Lane","Black","Male",43,"40-49","Yes",NA,"41-45 mph","O: No Injury","White","Male","Pickup","Yes","22MAY2010","Saturday","Motorist Overtaking Bicyclist",23,"Non-Intersection","May","K: Killed",84600,"Motorist Overtaking - Other / Unknown",2010,"Yes","No","Dark - Roadway Not Lighted","Straight - Level","State Secondary Route","Dry","Two-Way, Not Divided","None","No Special Feature","Smooth Asphalt",0,0,0,0,0,0,0,"2 lanes",2,0,NA,0,NA
2414,4033,"Charlotte","Mecklenburg","Piedmont","Residential","Urban (>70% Developed)",NA,"Urban","20 - 25  MPH","No Control Present","Clear","No",13,"11-15","No",NA,"With Traffic","C: Possible Injury","Travel Lane","Black","Female",33,"30-39","No",NA,"21-25 mph","O: No Injury","White","Female","Passenger Car","No","04JUN2010","Friday","Bicyclist Right Turn / Merge",18,"Non-Intersection","June","C: Possible Injury",65280,"Bicyclist Right Turn - Same Direction",2010,"No","No","Daylight","Straight - Level","Local Street","Dry","Two-Way, Not Divided","None","No Special Feature","Smooth Asphalt",0,0,0,0,0,0,0,"2 lanes",2,0,NA,0,NA
2415,4036,"Greensboro","Guilford","Piedmont","Residential","Urban (>70% Developed)",NA,"Urban","30 - 35  MPH","Stop And Go Signal","Clear","No",13,"11-15","No",NA,"With Traffic","C: Possible Injury","Sidewalk / Crosswalk / Driveway Crossing","Black","Male",63,"60-69","No",NA,"6-10 mph","O: No Injury","Black","Male","Passenger Car","No","07JUN2010","Monday","Crossing Paths - Other Circumstances",21,"Intersection","June","C: Possible Injury",76680,"Signalized Intersection - Other / Unknown",2010,"No","No","Dark - Lighted Roadway","Straight - Level","Local Street","Dry","Two-Way, Divided, Unprotected Median","None","No Special Feature","Smooth Asphalt",0,0,0,0,0,0,0,"4 lanes",2,0,NA,0,NA
2416,4039,"Charlotte","Mecklenburg","Piedmont","Residential","Urban (>70% Developed)",NA,"Urban","30 - 35  MPH","Stop Sign","Clear","No",8,"6-10","No",NA,"With Traffic","A: Disabling Injury","Travel Lane","Hispanic","Female",27,"25-29","No",NA,"21-25 mph","O: No Injury","White","Male","Single Unit Truck (2-Axle, 6-Tire)","No","16JUN2010","Wednesday","Bicyclist Failed to Yield - Sign-Controlled Intersection",14,"Intersection","June","A: Disabling Injury",50820,"Bicyclist Ride Through - Sign-Controlled Intersection",2010,"Yes","No","Daylight","Straight - Grade","Local Street","Dry","Two-Way, Not Divided","None","T-Intersection","Smooth Asphalt",0,0,0,0,0,0,0,"2 lanes",2,0,NA,0,NA
2417,4042,"None - Rural Crash","Buncombe","Mountains","Farms, Woods, Pastures","Rural (<30% Developed)",NA,"Rural","40 - 45  MPH","Double Yellow Line, No Passing Zone","Clear","No",NA,"70+","No",NA,"With Traffic","O: No Injury","Travel Lane","White","Male",43,"40-49","No",NA,"16-20 mph","Unknown Injury","White","Male","Passenger Car","No","26JUN2010","Saturday","Motorist Overtaking Bicyclist",12,"Non-Intersection","June","O: No Injury",43860,"Motorist Overtaking - Other / Unknown",2010,"Yes","Yes","Daylight","Curve - Grade","State Secondary Route","Dry","Two-Way, Not Divided","None","No Special Feature","Smooth Asphalt",0,0,0,0,0,0,0,"2 lanes",2,0,NA,0,NA
2418,4051,"Fayetteville","Cumberland","Coastal","Residential","Urban (>70% Developed)",NA,"Urban","5 - 15 MPH","Stop Sign","Clear","No",NA,"70+","No",NA,"Facing Traffic","C: Possible Injury","Sidewalk / Crosswalk / Driveway Crossing","Black","Male",31,"30-39","No",NA,"0-5 mph","O: No Injury","White","Female","Passenger Car","No","13MAY2010","Thursday","Motorist Failed to Yield - Sign-Controlled Intersection",12,"Intersection","May","C: Possible Injury",44160,"Motorist Drive Out - Sign-Controlled Intersection",2010,"Yes","No","Daylight","Straight - Level","Local Street","Dry","Two-Way, Not Divided","None","No Special Feature","Coarse Asphalt",0,0,0,0,0,0,0,"2 lanes",2,0,NA,0,NA
2419,4059,"Charlotte","Mecklenburg","Piedmont","Residential","Urban (>70% Developed)",NA,"Urban","30 - 35  MPH","Stop And Go Signal","Clear","No",12,"11-15","No",NA,"Not Applicable","B: Evident Injury","Sidewalk / Crosswalk / Driveway Crossing","Hispanic","Male",19,"0-19","No",NA,"0-5 mph","O: No Injury","White","Female","Passenger Car","No","21JUN2010","Monday","Bicyclist Failed to Yield - Signalized Intersection",16,"Intersection","June","B: Evident Injury",57600,"Bicyclist Failed to Clear - Unknown",2010,"Yes","No","Daylight","Straight - Level","Local Street","Dry","Two-Way, Not Divided","None","No Special Feature","Smooth Asphalt",0,0,0,0,0,0,0,"5 lanes",2,0,NA,0,NA
2420,4063,"None - Rural Crash","Iredell","Piedmont","Farms, Woods, Pastures","Rural (<30% Developed)",NA,"Rural","50 - 55  MPH","Double Yellow Line, No Passing Zone","Clear","No",12,"11-15","No",NA,"With Traffic","B: Evident Injury","Travel Lane","White","Male",NA,"70+","No",NA,"0-5 mph","O: No Injury","White","Female","Passenger Car","No","02JUL2010","Friday","Bicyclist Left Turn / Merge",15,"Non-Intersection","July","B: Evident Injury",55140,"Bicyclist Left Turn - Same Direction",2010,"Yes","No","Daylight","Straight - Grade","State Secondary Route","Dry","Two-Way, Not Divided","None","No Special Feature","Coarse Asphalt",0,0,0,0,0,0,0,"2 lanes",2,0,NA,0,NA
2421,4065,"None - Rural Crash","Sampson","Coastal","Farms, Woods, Pastures","Rural (<30% Developed)",NA,"Rural","40 - 45  MPH","Double Yellow Line, No Passing Zone","Clear","No",57,"50-59","Yes",NA,"With Traffic","B: Evident Injury","Travel Lane","Black","Male",34,"30-39","No",NA,"41-45 mph","O: No Injury","Black","Male","Passenger Car","Yes","02JUL2010","Friday","Motorist Overtaking Bicyclist",16,"Non-Intersection","July","B: Evident Injury",59820,"Motorist Overtaking - Bicyclist Swerved",2010,"Yes","No","Daylight","Straight - Level","State Secondary Route","Dry","Two-Way, Not Divided","None","No Special Feature","Coarse Asphalt",0,0,0,0,0,0,0,"2 lanes",2,0,NA,0,NA
2422,4067,"None - Rural Crash","Harnett","Coastal","Residential","Mixed (30% To 70% Developed)",NA,"Rural","40 - 45  MPH","Double Yellow Line, No Passing Zone","Clear","No",13,"11-15","No",NA,"With Traffic","B: Evident Injury","Travel Lane","White","Male",48,"40-49","No",NA,"36-40 mph","O: No Injury","Black","Female","Passenger Car","No","02JUL2010","Friday","Bicyclist Left Turn / Merge",10,"Non-Intersection","July","B: Evident Injury",37380,"Bicyclist Left Turn - Same Direction",2010,"Yes","No","Daylight","Straight - Level","State Secondary Route","Dry","Two-Way, Not Divided","None","T-Intersection","Coarse Asphalt",0,0,0,0,0,0,0,"2 lanes",2,0,NA,0,NA
2423,4069,"Durham","Durham","Piedmont","Residential","Urban (>70% Developed)",NA,"Urban","30 - 35  MPH","No Control Present","Clear","No",52,"50-59","No",NA,"With Traffic","C: Possible Injury","Travel Lane","White","Female",55,"50-59","No",NA,"21-25 mph","O: No Injury","Black","Female","Passenger Car","No","04JUL2010","Sunday","Motorist Overtaking Bicyclist",18,"Non-Intersection","July","C: Possible Injury",67380,"Motorist Overtaking - Misjudged Space",2010,"No","No","Daylight","Straight - Level","Local Street","Dry","Two-Way, Not Divided","None","No Special Feature","Smooth Asphalt",0,0,0,0,0,0,0,"2 lanes",2,0,NA,0,NA
2424,4074,"Raleigh","Wake","Piedmont","Residential","Urban (>70% Developed)",NA,"Urban","30 - 35  MPH","Stop And Go Signal","Rain","No",33,"30-39","No",NA,"With Traffic","B: Evident Injury","Travel Lane","Native American","Male",58,"50-59","No",NA,"6-10 mph","O: No Injury","White","Male","Passenger Car","No","01JUN2010","Tuesday","Bicyclist Failed to Yield - Signalized Intersection",17,"Intersection","June","B: Evident Injury",61260,"Bicyclist Ride Through - Signalized Intersection",2010,"Yes","No","Daylight","Straight - Bottom","Local Street","Wet","Two-Way, Divided, Positive Median Barrier","Road Surface Condition","No Special Feature","Smooth Asphalt",0,0,0,0,0,0,0,"9 or more lanes",2,0,NA,0,NA
2425,4079,"Charlotte","Mecklenburg","Piedmont","Residential","Urban (>70% Developed)",NA,"Urban","5 - 15 MPH","No Control Present","Clear","No",15,"11-15","No",NA,"Not Applicable","B: Evident Injury","Non-Roadway","White","Male",NA,NA,"Missing",NA,"16-20 mph","Unknown Injury","Unknown/Missing",NA,"Passenger Car","No","22JUN2010","Tuesday","Non-Roadway",19,"Non-Roadway","June","B: Evident Injury",71640,"Non-Roadway",2010,"No","Yes","Dusk","Straight - Level","Public Vehicular Area","Dry","Two-Way, Not Divided","None","No Special Feature","Smooth Asphalt",0,0,0,0,0,0,0,"2 lanes",2,0,NA,0,NA
2426,4087,"Greensboro","Guilford","Piedmont","Commercial","Urban (>70% Developed)",NA,"Urban","30 - 35  MPH","No Control Present","Clear","No",11,"11-15","No",NA,"Facing Traffic","C: Possible Injury","Sidewalk / Crosswalk / Driveway Crossing","Black","Male",40,"40-49","No",NA,"0-5 mph","O: No Injury","White","Female","Passenger Car","No","30JUN2010","Wednesday","Motorist Failed to Yield - Midblock",19,"Non-Intersection","June","C: Possible Injury",68880,"Motorist Drive Out - Commercial Driveway / Alley",2010,"No","No","Daylight","Straight - Level","Public Vehicular Area","Dry","One-Way, Not Divided","None","No Special Feature","Smooth Asphalt",0,0,0,0,0,0,0,"1 lane",2,0,NA,0,NA
2427,4091,"None - Rural Crash","Avery","Mountains","Farms, Woods, Pastures","Rural (<30% Developed)",NA,"Rural","50 - 55  MPH","Double Yellow Line, No Passing Zone","Clear","No",NA,"70+","No",NA,"With Traffic","C: Possible Injury","Travel Lane","White","Male",25,"25-29","No",NA,"41-45 mph","O: No Injury","White","Female","Sport Utility","No","09JUL2010","Friday","Motorist Overtaking Bicyclist",13,"Non-Intersection","July","C: Possible Injury",49080,"Motorist Overtaking - Misjudged Space",2010,"Yes","No","Daylight","Straight - Hillcrest","NC Route","Dry","Two-Way, Not Divided","None","No Special Feature","Smooth Asphalt",0,0,0,0,0,0,0,"2 lanes",2,0,NA,0,NA
2428,4103,"Kill Devil Hills","Dare","Coastal","Commercial","Urban (>70% Developed)",NA,"Urban",NA,"No Control Present","Clear","No",20,"20-24","No",NA,"Facing Traffic","B: Evident Injury","Sidewalk / Crosswalk / Driveway Crossing","White","Female",NA,"70+","No",NA,"0-5 mph","O: No Injury","White","Male","Sport Utility","No","01JUL2010","Thursday","Motorist Failed to Yield - Midblock",15,"Non-Intersection","July","B: Evident Injury",54300,"Motorist Drive Out - Commercial Driveway / Alley",2010,"Yes","No","Daylight","Straight - Level","Private Road, Driveway","Dry","Two-Way, Not Divided","None","Driveway, Public","Coarse Asphalt",0,0,0,0,0,0,0,"2 lanes",2,0,NA,0,NA
2429,4106,"Durham","Durham","Piedmont","Residential","Urban (>70% Developed)",NA,"Urban","20 - 25  MPH","No Control Present","Clear","No",6,"6-10","No",NA,"Not Applicable","O: No Injury","Driveway / Alley","Black","Male",17,"0-19","No",NA,"21-25 mph","O: No Injury","Black","Male","Passenger Car","No","04JUN2010","Friday","Bicyclist Failed to Yield - Midblock",20,"Non-Intersection","June","O: No Injury",73020,"Bicyclist Ride Out - Residential Driveway",2010,"Yes","No","Dusk","Straight - Level","Local Street","Dry","Two-Way, Not Divided","None","No Special Feature","Coarse Asphalt",0,0,0,0,0,0,0,"2 lanes",2,0,NA,0,NA
2430,4107,"Charlotte","Mecklenburg","Piedmont","Residential","Urban (>70% Developed)",NA,"Urban","40 - 45  MPH","No Control Present","Cloudy","No",10,"6-10","No",NA,"With Traffic","B: Evident Injury","Bike Lane / Paved Shoulder","White","Female",59,"50-59","No",NA,"41-45 mph","O: No Injury","Black","Female","Passenger Car","No","29JUN2010","Tuesday","Motorist Overtaking Bicyclist",18,"Non-Intersection","June","B: Evident Injury",65040,"Motorist Overtaking - Bicyclist Swerved",2010,"Yes","No","Daylight","Straight - Level","Local Street","Dry","Two-Way, Not Divided","None","No Special Feature","Smooth Asphalt",0,0,0,0,0,0,0,"2 lanes",2,0,NA,0,NA
2431,4115,"Statesville","Iredell","Piedmont","Residential","Urban (>70% Developed)",NA,"Urban",NA,"No Control Present","Clear","No",NA,NA,"No",NA,"Facing Traffic","B: Evident Injury","Travel Lane","White","Male",19,"0-19","No",NA,NA,"O: No Injury","White","Male","Passenger Car","No","06JUL2010","Tuesday","Bicyclist Right Turn / Merge",22,"Non-Intersection","July","B: Evident Injury",81900,"Bicyclist Right Turn - Opposite Direction",2010,"Yes","No","Dark - Roadway Not Lighted","Straight - Level","Local Street","Dry","Two-Way, Not Divided","None","No Special Feature","Smooth Asphalt",0,0,0,0,0,0,0,"2 lanes",2,0,NA,0,NA
2432,4116,"Durham","Durham","Piedmont","Institutional","Urban (>70% Developed)",NA,"Urban","20 - 25  MPH","No Control Present","Clear","No",21,"20-24","No",NA,"Not Applicable","C: Possible Injury","Travel Lane","White","Male",49,"40-49","No",NA,"11-15 mph","O: No Injury","Black","Female","Passenger Car","No","22JUL2010","Thursday","Non-Roadway",17,"Non-Roadway","July","C: Possible Injury",64080,"Non-Roadway",2010,"Yes","No","Daylight","Straight - Level","Public Vehicular Area","Dry","Two-Way, Not Divided","None","No Special Feature","Smooth Asphalt",0,0,0,0,0,0,0,"2 lanes",2,0,NA,0,NA
2433,4120,"Raleigh","Wake","Piedmont","Residential","Urban (>70% Developed)",NA,"Urban","20 - 25  MPH","Stop Sign","Clear","No",47,"40-49","No",NA,"With Traffic","C: Possible Injury","Travel Lane","Hispanic","Male",35,"30-39","No",NA,"16-20 mph","O: No Injury","Black","Female","Passenger Car","No","11JUL2010","Sunday","Motorist Left Turn / Merge",20,"Intersection","July","C: Possible Injury",73320,"Motorist Left Turn - Opposite Direction",2010,"No","Yes","Daylight","Straight - Grade","Local Street","Dry","Two-Way, Not Divided","None","Four-Way Intersection","Coarse Asphalt",0,0,0,0,0,0,0,"8 lanes",2,0,NA,0,NA
2434,4132,"Troutman","Iredell","Piedmont","Residential","Urban (>70% Developed)",NA,"Rural","20 - 25  MPH","Stop Sign","Clear","No",8,"6-10","No",NA,"With Traffic","B: Evident Injury","Travel Lane","Black","Male",NA,NA,"Missing",NA,"21-25 mph","Unknown Injury","Unknown/Missing",NA,NA,"No","03JUN2010","Thursday","Bicyclist Failed to Yield - Sign-Controlled Intersection",20,"Intersection","June","B: Evident Injury",74160,"Bicyclist Ride Out - Sign-Controlled Intersection",2010,"Yes","Yes","Dark - Lighted Roadway","Straight - Level","Local Street","Dry","Two-Way, Not Divided","None","T-Intersection","Smooth Asphalt",0,0,0,0,0,0,0,"2 lanes",2,0,NA,0,NA
2435,4134,"Charlotte","Mecklenburg","Piedmont","Commercial","Urban (>70% Developed)",NA,"Urban","40 - 45  MPH","No Control Present","Clear","No",17,"16-19","No",NA,"With Traffic","A: Disabling Injury","Travel Lane","Black","Male",35,"30-39","No",NA,"41-45 mph","O: No Injury","Hispanic","Male","Passenger Car","No","20JUL2010","Tuesday","Bicyclist Left Turn / Merge",11,"Non-Intersection","July","A: Disabling Injury",42060,"Bicyclist Left Turn - Same Direction",2010,"Yes","No","Daylight","Straight - Level","Local Street","Dry","Two-Way, Divided, Unprotected Median","None","No Special Feature","Smooth Asphalt",0,0,0,0,0,0,0,"4 lanes",2,0,NA,0,NA
2436,4138,"None - Rural Crash","Surry","Mountains","Residential","Rural (<30% Developed)",NA,"Rural","30 - 35  MPH","Double Yellow Line, No Passing Zone","Clear","No",40,"40-49","No",NA,"With Traffic","B: Evident Injury","Travel Lane","White","Female",NA,"70+","No",NA,"0-5 mph","O: No Injury","White","Female","Passenger Car","No","30JUL2010","Friday","Motorist Left Turn / Merge",17,"Intersection","July","B: Evident Injury",61260,"Motorist Left Turn - Opposite Direction",2010,"Yes","No","Daylight","Straight - Level","State Secondary Route","Dry","Two-Way, Not Divided","None","T-Intersection","Smooth Asphalt",0,0,0,0,0,0,0,"2 lanes",2,0,NA,0,NA
2437,4140,"None - Rural Crash","Johnston","Coastal","Residential","Rural (<30% Developed)",NA,"Rural","50 - 55  MPH","No Control Present","Clear","No",25,"25-29","No",NA,"Facing Traffic","O: No Injury","Travel Lane","White","Male",NA,NA,"Missing",NA,"41-45 mph","Unknown Injury","Unknown/Missing",NA,"Passenger Car","No","29JUL2010","Thursday","Loss of Control / Turning Error",21,"Non-Intersection","July","O: No Injury",75840,"Motorist Lost Control - Other / Unknown",2010,"No","Yes","Dark - Roadway Not Lighted","Straight - Level","State Secondary Route","Dry","Two-Way, Not Divided","None","No Special Feature","Coarse Asphalt",0,0,0,0,0,0,0,"2 lanes",2,0,NA,0,NA
2438,4147,"Durham","Durham","Piedmont","Residential","Urban (>70% Developed)",NA,"Urban",NA,"No Control Present","Clear","No",24,"20-24","No",NA,"With Traffic","C: Possible Injury","Travel Lane","White","Male",NA,NA,"Missing",NA,NA,"Unknown Injury","Unknown/Missing",NA,"Passenger Car","No","02AUG2010","Monday","Bicyclist Failed to Yield - Midblock",14,"Non-Intersection","August","C: Possible Injury",52380,"Bicyclist Ride Out - Commercial Driveway / Alley",2010,"Yes","Yes","Daylight","Straight - Level","Local Street","Dry","Two-Way, Not Divided","None","No Special Feature","Smooth Asphalt",0,0,0,0,0,0,0,"2 lanes",2,0,NA,0,NA
2439,4149,"Greensboro","Guilford","Piedmont","Commercial","Urban (>70% Developed)",NA,"Urban","30 - 35  MPH","No Control Present","Clear","No",43,"40-49","No",NA,"With Traffic","B: Evident Injury","Travel Lane","Black","Male",NA,NA,"Missing",NA,NA,"Unknown Injury","Unknown/Missing",NA,NA,"No","20JUL2010","Tuesday","Motorist Overtaking Bicyclist",3,"Non-Intersection","July","B: Evident Injury",12240,"Motorist Overtaking - Other / Unknown",2010,"Yes","Yes","Dark - Lighted Roadway","Straight - Level","Local Street","Dry","Two-Way, Divided, Unprotected Median","None","No Special Feature","Smooth Asphalt",0,0,0,0,0,0,0,"5 lanes",2,0,NA,0,NA
2440,4151,"Raleigh","Wake","Piedmont","Commercial","Urban (>70% Developed)",NA,"Urban","30 - 35  MPH","No Control Present","Clear","No",15,"11-15","No",NA,"Not Applicable","C: Possible Injury","Driveway / Alley","Black","Male",50,"50-59","No",NA,"0-5 mph","O: No Injury","Black","Male","Pickup","No","13JUL2010","Tuesday","Motorist Failed to Yield - Midblock",12,"Non-Intersection","July","C: Possible Injury",45720,"Motorist Drive Out - Commercial Driveway / Alley",2010,"Yes","No","Daylight","Straight - Level","Local Street","Dry","Two-Way, Not Divided","None","T-Intersection","Smooth Asphalt",0,0,0,0,0,0,0,"2 lanes",2,0,NA,0,NA
2441,4154,"Greensboro","Guilford","Piedmont","Commercial","Mixed (30% To 70% Developed)",NA,"Urban","40 - 45  MPH","Stop And Go Signal","Clear","No",56,"50-59","No",NA,"With Traffic","C: Possible Injury","Sidewalk / Crosswalk / Driveway Crossing","White","Male",26,"25-29","No",NA,"6-10 mph","O: No Injury","Black","Male","Pickup","No","21JUL2010","Wednesday","Motorist Overtaking Bicyclist",15,"Intersection","July","C: Possible Injury",56280,"Motorist Overtaking - Other / Unknown",2010,"Yes","No","Daylight","Straight - Level","Local Street","Dry","Two-Way, Not Divided","None","Related To Intersection","Smooth Asphalt",0,0,0,0,0,0,0,"5 lanes",2,0,NA,0,NA
2442,4156,"Wilson","Wilson","Coastal","Commercial","Urban (>70% Developed)",NA,"Urban","40 - 45  MPH","No Control Present","Clear","No",24,"20-24","No",NA,"Facing Traffic","O: No Injury","Travel Lane","White","Male",55,"50-59","No",NA,"6-10 mph","O: No Injury","White","Female","Passenger Car","No","19JUL2010","Monday","Motorist Failed to Yield - Midblock",16,"Non-Intersection","July","O: No Injury",60480,"Motorist Drive Out - Other Midblock",2010,"No","No","Daylight","Straight - Level","Local Street","Dry","Two-Way, Not Divided","None","No Special Feature","Coarse Asphalt",0,0,0,0,0,0,0,"5 lanes",2,0,NA,0,NA
2443,4158,"Charlotte","Mecklenburg","Piedmont","Commercial","Urban (>70% Developed)",NA,"Urban","5 - 15 MPH","No Control Present","Rain","No",18,"16-19","No",NA,"Facing Traffic","C: Possible Injury","Sidewalk / Crosswalk / Driveway Crossing","Black","Male",28,"25-29","No",NA,"0-5 mph","O: No Injury","Asian","Male","Passenger Car","No","25JUL2010","Sunday","Motorist Failed to Yield - Midblock",21,"Non-Intersection","July","C: Possible Injury",78000,"Motorist Drive Out - Commercial Driveway / Alley",2010,"Yes","No","Dark - Unknown Lighting","Straight - Level","Local Street","Wet","Two-Way, Not Divided","None","No Special Feature","Smooth Asphalt",0,0,0,0,0,0,0,NA,2,0,NA,0,NA
2444,4161,"High Point","Guilford","Piedmont","Commercial","Urban (>70% Developed)",NA,"Urban","30 - 35  MPH","No Control Present","Clear","No",14,"11-15","No",NA,"Facing Traffic","C: Possible Injury","Sidewalk / Crosswalk / Driveway Crossing","Black","Male",33,"30-39","No",NA,"0-5 mph","O: No Injury","White","Male",NA,"No","22JUL2010","Thursday","Motorist Failed to Yield - Midblock",11,"Non-Intersection","July","C: Possible Injury",41460,"Motorist Drive Out - Commercial Driveway / Alley",2010,"Yes","Yes","Daylight","Straight - Level","US Route","Dry","Two-Way, Not Divided","None","No Special Feature","Coarse Asphalt",0,0,0,0,0,0,0,"5 lanes",2,0,NA,0,NA
2445,4165,"None - Rural Crash","Wake","Piedmont","Farms, Woods, Pastures","Rural (<30% Developed)",NA,"Rural","50 - 55  MPH","Double Yellow Line, No Passing Zone","Rain","No",52,"50-59","No",NA,"With Traffic","B: Evident Injury","Bike Lane / Paved Shoulder","White","Male",NA,NA,"No",NA,"51-55 mph","Unknown Injury","Unknown/Missing",NA,"Sport Utility","No","05AUG2010","Thursday","Motorist Overtaking Bicyclist",20,"Non-Intersection","August","B: Evident Injury",74760,"Motorist Overtaking - Misjudged Space",2010,"Yes","Yes","Dusk","Straight - Grade","NC Route","Wet","Two-Way, Not Divided","None","No Special Feature","Smooth Asphalt",0,0,0,0,0,0,0,"2 lanes",2,0,NA,0,NA
2446,4179,"Charlotte","Mecklenburg","Piedmont","Commercial","Urban (>70% Developed)",NA,"Urban","30 - 35  MPH","No Control Present","Clear","No",53,"50-59","No",NA,"Facing Traffic","C: Possible Injury","Sidewalk / Crosswalk / Driveway Crossing","Black","Male",48,"40-49","No",NA,"0-5 mph","O: No Injury","Black","Male","Van","No","30JUL2010","Friday","Motorist Failed to Yield - Midblock",19,"Non-Intersection","July","C: Possible Injury",68400,"Motorist Drive Out - Commercial Driveway / Alley",2010,"Yes","No","Daylight","Straight - Level","Public Vehicular Area","Dry","Two-Way, Not Divided","None","No Special Feature","Concrete",0,0,0,0,0,0,0,NA,2,0,NA,0,NA
2447,4186,"Emerald Isle","Carteret","Coastal","Commercial","Urban (>70% Developed)",NA,"Rural","20 - 25  MPH","Stop And Go Signal","Clear","No",62,"60-69","No",NA,"Facing Traffic","B: Evident Injury","Multi-use Path","White","Male",40,"40-49","No",NA,"0-5 mph","O: No Injury","White","Male","Sport Utility","No","09JUL2010","Friday","Motorist Failed to Yield - Signalized Intersection",13,"Intersection","July","B: Evident Injury",49920,"Motorist Drive Out - Right Turn on Red",2010,"Yes","No","Daylight","Straight - Level","Local Street","Dry","Two-Way, Not Divided","None","Four-Way Intersection","Smooth Asphalt",0,0,0,0,0,0,0,"9 or more lanes",2,0,NA,0,NA