"...1","object_id","city","county","region","development","locality","on_road","rural_urban","speed_limit","traffic_control","weather","workzone","bike_age","bike_age_group","bike_alcohol","bike_alcohol_drugs","bike_direction","bike_injury","bike_position","bike_race","bike_sex","driver_age","driver_age_group","driver_alcohol","driver_alcohol_drugs","driver_est_speed","driver_injury","driver_race","driver_sex","driver_vehicle_type","crash_alcohol","crash_date","crash_day","crash_group","crash_hour","crash_location","crash_month","crash_severity","crash_time","crash_type","crash_year","ambulance_req","hit_run","light_condition","road_character","road_class","road_condition","road_configuration","road_defects","road_feature","road_surface","num_bikes_ai","num_bikes_bi","num_bikes_ci","num_bikes_ki","num_bikes_no","num_bikes_to","num_bikes_ui","num_lanes","num_units","distance_mi_from","frm_road","rte_invd_cd","towrd_road"
2448,4187,"None - Rural Crash","Davidson","Piedmont","Residential","Rural (<30% Developed)",NA,"Rural","40 - 45  MPH","Double Yellow Line, No Passing Zone","Clear","No",46,"40-49","No",NA,"With Traffic","B: Evident Injury","Travel Lane","White","Male",17,"0-19","No",NA,"6-10 mph","O: No Injury","White","Male","Pickup","No","10AUG2010","Tuesday","Backing Vehicle",16,"Non-Intersection","August","B: Evident Injury",60480,"Backing Vehicle",2010,"Yes","No","Daylight","Straight - Level","State Secondary Route","Dry","Two-Way, Not Divided","None","No Special Feature","Smooth Asphalt",0,0,0,0,0,0,0,"2 lanes",2,0,NA,0,NA
2449,4201,"Raleigh","Wake","Piedmont","Commercial","Urban (>70% Developed)",NA,"Urban","40 - 45  MPH","No Control Present","Clear","No",57,"50-59","No",NA,"Not Applicable","O: No Injury","Other","White","Male",NA,NA,"Missing",NA,"16-20 mph","Unknown Injury","Unknown/Missing",NA,NA,"No","31JUL2010","Saturday","Crossing Paths - Other Circumstances",2,"Intersection","July","O: No Injury",8100,"Crossing Paths - Intersection - Other / Unknown",2010,"No","Yes","Dark - Lighted Roadway","Straight - Level","Local Street","Dry","Two-Way, Not Divided","None","T-Intersection","Smooth Asphalt",0,0,0,0,0,0,0,"7 lanes",2,0,NA,0,NA
2450,4211,"Gastonia","Gaston","Piedmont","Residential","Urban (>70% Developed)",NA,"Urban","30 - 35  MPH","No Control Present","Cloudy","No",11,"11-15","No",NA,"Facing Traffic","C: Possible Injury","Travel Lane","White","Male",53,"50-59","No",NA,"11-15 mph","O: No Injury","Black","Male","Passenger Car","No","02AUG2010","Monday","Head-On",15,"Non-Intersection","August","C: Possible Injury",54360,"Head-On - Bicyclist",2010,"No","No","Daylight","Straight - Grade","Local Street","Dry","Two-Way, Not Divided","None","No Special Feature","Smooth Asphalt",0,0,0,0,0,0,0,"2 lanes",2,0,NA,0,NA
2451,4214,"Rocky Mount","Edgecombe","Coastal","Residential","Urban (>70% Developed)",NA,"Urban","30 - 35  MPH","Stop And Go Signal","Clear","No",48,"40-49","Yes",NA,"With Traffic","A: Disabling Injury","Travel Lane","Black","Male",21,"20-24","No",NA,"31-35 mph","O: No Injury","Black","Female","Passenger Car","Yes","07JUN2010","Monday","Bicyclist Failed to Yield - Signalized Intersection",22,"Intersection","June","A: Disabling Injury",81960,"Bicyclist Ride Through - Signalized Intersection",2010,"Yes","No","Dark - Lighted Roadway","Straight - Level","Local Street","Dry","Two-Way, Not Divided","None","Four-Way Intersection","Grooved Concrete",0,0,0,0,0,0,0,"4 lanes",3,0,NA,0,NA
2452,4217,"None - Rural Crash","Durham","Piedmont","Farms, Woods, Pastures","Rural (<30% Developed)",NA,"Rural","40 - 45  MPH","Double Yellow Line, No Passing Zone","Clear","No",52,"50-59","No",NA,"With Traffic","B: Evident Injury","Travel Lane","White","Male",49,"40-49","No",NA,"41-45 mph","O: No Injury","White","Male","Passenger Car","No","17AUG2010","Tuesday","Motorist Overtaking Bicyclist",7,"Non-Intersection","August","B: Evident Injury",26220,"Motorist Overtaking - Misjudged Space",2010,"Yes","No","Daylight","Straight - Hillcrest","State Secondary Route","Dry","Two-Way, Not Divided","Other","No Special Feature","Smooth Asphalt",0,0,0,0,0,0,0,"2 lanes",2,0,NA,0,NA
2453,4218,"None - Rural Crash","Carteret","Coastal","Commercial","Mixed (30% To 70% Developed)",NA,"Rural","50 - 55  MPH","No Control Present","Clear","No",17,"16-19","No",NA,"With Traffic","B: Evident Injury","Travel Lane","White","Male",21,"20-24","No",NA,"51-55 mph","O: No Injury","White","Male","Passenger Car","No","16AUG2010","Monday","Motorist Overtaking Bicyclist",23,"Non-Intersection","August","B: Evident Injury",85680,"Motorist Overtaking - Undetected Bicyclist",2010,"Yes","No","Dark - Roadway Not Lighted","Straight - Level","US Route","Dry","Two-Way, Divided, Unprotected Median","None","No Special Feature","Coarse Asphalt",0,0,0,0,0,0,0,"4 lanes",2,0,NA,0,NA
2454,4220,"Pineville","Mecklenburg","Piedmont","Commercial","Urban (>70% Developed)",NA,"Rural","30 - 35  MPH","No Control Present","Clear","No",46,"40-49","No",NA,"With Traffic","B: Evident Injury","Travel Lane","White","Male",48,"40-49","No",NA,"0-5 mph","O: No Injury","White","Female","Passenger Car","No","17JUL2010","Saturday","Motorist Left Turn / Merge",11,"Non-Intersection","July","B: Evident Injury",42720,"Motorist Left Turn - Opposite Direction",2010,"Yes","No","Daylight","Curve - Level","Local Street","Dry","Two-Way, Not Divided","None","Driveway, Public","Smooth Asphalt",0,0,0,0,0,0,0,"2 lanes",2,0,NA,0,NA
2455,4221,"Charlotte","Mecklenburg","Piedmont","Residential","Urban (>70% Developed)",NA,"Urban","30 - 35  MPH","Stop Sign","Clear","No",29,"25-29","No",NA,"Facing Traffic","O: No Injury","Travel Lane","Hispanic","Male",49,"40-49","No",NA,"6-10 mph","O: No Injury","Black","Female","Van","No","04AUG2010","Wednesday","Motorist Failed to Yield - Sign-Controlled Intersection",16,"Intersection","August","O: No Injury",60660,"Motorist Drive Out - Sign-Controlled Intersection",2010,"No","No","Daylight","Straight - Level","Local Street","Dry","Two-Way, Not Divided","None","T-Intersection","Smooth Asphalt",0,0,0,0,0,0,0,"2 lanes",2,0,NA,0,NA
2456,4225,"Wilmington","New Hanover","Coastal","Commercial","Urban (>70% Developed)",NA,"Urban","20 - 25  MPH","Stop Sign","Clear","No",40,"40-49","No",NA,"Facing Traffic","B: Evident Injury","Sidewalk / Crosswalk / Driveway Crossing","White","Female",NA,"70+","No",NA,"0-5 mph","O: No Injury","White","Male","Passenger Car","No","31JUL2010","Saturday","Motorist Failed to Yield - Sign-Controlled Intersection",17,"Intersection","July","B: Evident Injury",64740,"Motorist Drive Out - Sign-Controlled Intersection",2010,"Yes","No","Daylight","Straight - Level","Local Street","Dry","Two-Way, Not Divided","None","T-Intersection","Smooth Asphalt",0,0,0,0,0,0,0,"2 lanes",2,0,NA,0,NA
2457,4246,"None - Rural Crash","Lincoln","Piedmont","Residential","Rural (<30% Developed)",NA,"Rural","50 - 55  MPH","No Control Present","Clear","No",8,"6-10","No",NA,"Not Applicable","C: Possible Injury","Driveway / Alley","White","Male",25,"25-29","No",NA,"46-50 mph","O: No Injury","White","Female","Passenger Car","No","23AUG2010","Monday","Bicyclist Failed to Yield - Midblock",19,"Non-Intersection","August","C: Possible Injury",69600,"Bicyclist Ride Out - Residential Driveway",2010,"Yes","No","Daylight","Straight - Level","State Secondary Route","Dry","Two-Way, Not Divided","None","Driveway, Private","Coarse Asphalt",0,0,0,0,0,0,0,"2 lanes",2,0,NA,0,NA
2458,4248,"Jacksonville","Onslow","Coastal","Residential","Urban (>70% Developed)",NA,"Urban","20 - 25  MPH","Stop Sign","Cloudy","No",25,"25-29","No",NA,"Facing Traffic","C: Possible Injury","Sidewalk / Crosswalk / Driveway Crossing","White","Female",47,"40-49","No",NA,"0-5 mph","O: No Injury","White","Male","Pickup","No","03AUG2010","Tuesday","Motorist Failed to Yield - Midblock",15,"Non-Intersection","August","C: Possible Injury",54480,"Motorist Drive Out - Other Midblock",2010,"Yes","No","Daylight","Straight - Level","Local Street","Dry","Two-Way, Not Divided","None","No Special Feature","Smooth Asphalt",0,0,0,0,0,0,0,"2 lanes",2,0,NA,0,NA
2459,4256,"Hickory","Catawba","Piedmont","Residential","Urban (>70% Developed)",NA,"Urban","30 - 35  MPH","Stop Sign","Cloudy","No",6,"6-10","No",NA,"With Traffic","B: Evident Injury","Travel Lane","Black","Male",24,"20-24","No",NA,"26-30 mph","O: No Injury","Black","Female","Passenger Car","No","17AUG2010","Tuesday","Bicyclist Failed to Yield - Sign-Controlled Intersection",17,"Intersection","August","B: Evident Injury",61860,"Bicyclist Ride Out - Sign-Controlled Intersection",2010,"Yes","No","Daylight","Straight - Level","Local Street","Dry","Two-Way, Not Divided","None","Four-Way Intersection","Smooth Asphalt",0,0,0,0,0,0,0,NA,2,0,NA,0,NA
2460,4269,"None - Rural Crash","Henderson","Mountains","Residential","Urban (>70% Developed)",NA,"Rural","30 - 35  MPH","Double Yellow Line, No Passing Zone","Clear","No",14,"11-15","No",NA,"With Traffic","C: Possible Injury","Travel Lane","White","Male",NA,"70+","No",NA,"16-20 mph","O: No Injury","White","Male","Sport Utility","No","10AUG2010","Tuesday","Bicyclist Left Turn / Merge",14,"Intersection","August","C: Possible Injury",50520,"Bicyclist Left Turn - Same Direction",2010,"No","No","Daylight","Straight - Bottom","State Secondary Route","Dry","Two-Way, Not Divided","None","T-Intersection","Coarse Asphalt",0,0,0,0,0,0,0,"2 lanes",2,0,NA,0,NA
2461,4273,"Davidson","Mecklenburg","Piedmont","Farms, Woods, Pastures","Rural (<30% Developed)",NA,"Urban","40 - 45  MPH","No Control Present","Clear","No",41,"40-49","No",NA,"With Traffic","B: Evident Injury","Travel Lane","White","Male",34,"30-39","No",NA,"16-20 mph","O: No Injury","Black","Male","Single Unit Truck (2-Axle, 6-Tire)","No","19AUG2010","Thursday","Bicyclist Right Turn / Merge",16,"Intersection","August","B: Evident Injury",60780,"Bicyclist Right Turn - Same Direction",2010,"Yes","No","Daylight","Straight - Grade","Local Street","Dry","Two-Way, Not Divided","None","No Special Feature","Smooth Asphalt",0,0,0,0,0,0,0,"2 lanes",2,0,NA,0,NA
2462,4284,"None - Rural Crash","Durham","Piedmont","Farms, Woods, Pastures","Rural (<30% Developed)",NA,"Rural","30 - 35  MPH","Stop And Go Signal","Clear","No",26,"25-29","No",NA,"Not Applicable","B: Evident Injury","Multi-use Path","White","Female",47,"40-49","No",NA,"0-5 mph","O: No Injury","White","Male","Passenger Car","No","01SEP2010","Wednesday","Non-Roadway",8,"Non-Roadway","September","B: Evident Injury",31380,"Non-Roadway",2010,"Yes","No","Daylight","Straight - Level","State Secondary Route","Dry","Two-Way, Not Divided","None","Driveway, Private","Smooth Asphalt",0,0,0,0,0,0,0,"2 lanes",3,0,NA,0,NA
2463,4291,"Nags Head","Dare","Coastal","Commercial","Urban (>70% Developed)",NA,"Rural","30 - 35  MPH","No Control Present","Clear","No",62,"60-69","No",NA,"With Traffic","B: Evident Injury","Travel Lane","White","Male",59,"50-59","No",NA,"6-10 mph","O: No Injury","White","Male","Sport Utility","No","09AUG2010","Monday","Crossing Paths - Other Circumstances",6,"Intersection","August","B: Evident Injury",24360,"Crossing Paths - Uncontrolled Intersection",2010,"Yes","No","Daylight","Straight - Level","NC Route","Dry","Two-Way, Not Divided","None","T-Intersection","Coarse Asphalt",0,0,0,0,0,0,0,"2 lanes",2,0,NA,0,NA
2464,4294,"Statesville","Iredell","Piedmont","Residential","Rural (<30% Developed)",NA,"Urban","30 - 35  MPH","Stop Sign","Rain","No",34,"30-39","No",NA,"With Traffic","C: Possible Injury","Travel Lane","White","Male",60,"60-69","No",NA,"11-15 mph","O: No Injury","Black","Male","Passenger Car","No","19AUG2010","Thursday","Motorist Failed to Yield - Sign-Controlled Intersection",5,"Intersection","August","C: Possible Injury",20700,"Motorist Drive Out - Sign-Controlled Intersection",2010,"Yes","No","Dark - Lighted Roadway","Straight - Level","Local Street","Wet","Two-Way, Divided, Unprotected Median","None","No Special Feature","Smooth Asphalt",0,0,0,0,0,0,0,"2 lanes",2,0,NA,0,NA
2465,4298,"None - Rural Crash","Wayne","Coastal","Farms, Woods, Pastures","Rural (<30% Developed)",NA,"Rural","50 - 55  MPH","No Control Present","Clear","No",18,"16-19","No",NA,"With Traffic","O: No Injury","Travel Lane","White","Male",35,"30-39","No",NA,"51-55 mph","O: No Injury","White","Female","Sport Utility","No","07SEP2010","Tuesday","Motorist Overtaking Bicyclist",12,"Non-Intersection","September","O: No Injury",43380,"Motorist Overtaking - Other / Unknown",2010,"Yes","No","Daylight","Straight - Level","State Secondary Route","Dry","Two-Way, Not Divided","None","No Special Feature","Smooth Asphalt",0,0,0,0,0,0,0,"2 lanes",2,0,NA,0,NA
2466,4299,"None - Rural Crash","Robeson","Coastal","Residential","Rural (<30% Developed)",NA,"Rural","50 - 55  MPH","Double Yellow Line, No Passing Zone","Clear","No",47,"40-49","Yes",NA,"Facing Traffic","K: Killed","Travel Lane","Native American","Male",58,"50-59","Yes",NA,"36-40 mph","B: Evident Injury","Native American","Female","Passenger Car","Yes","03SEP2010","Friday","Motorist Left Turn / Merge",20,"Non-Intersection","September","K: Killed",75420,"Motorist Left Turn - Same Direction",2010,"Yes","No","Dark - Roadway Not Lighted","Straight - Level","State Secondary Route","Dry","Two-Way, Not Divided","None","No Special Feature","Coarse Asphalt",0,0,0,0,0,0,0,"2 lanes",2,0,NA,0,NA
2467,4302,"Williamston","Martin","Coastal","Commercial","Mixed (30% To 70% Developed)",NA,"Urban","40 - 45  MPH","No Control Present","Clear","No",NA,NA,"Yes",NA,"With Traffic","B: Evident Injury","Travel Lane","Hispanic","Male",40,"40-49","No",NA,"51-55 mph","O: No Injury","White","Male","Truck/Trailer","Yes","31AUG2010","Tuesday","Motorist Overtaking Bicyclist",22,"Non-Intersection","August","B: Evident Injury",81360,"Motorist Overtaking - Other / Unknown",2010,"Yes","No","Dark - Lighted Roadway","Straight - Level","US Route","Dry","Two-Way, Divided, Positive Median Barrier","None","No Special Feature","Smooth Asphalt",0,0,0,0,0,0,0,"4 lanes",2,0,NA,0,NA
2468,4327,"Wilmington","New Hanover","Coastal","Commercial","Urban (>70% Developed)",NA,"Urban","30 - 35  MPH","No Control Present","Clear","No",37,"30-39","No",NA,"Facing Traffic","C: Possible Injury","Travel Lane","White","Male",43,"40-49","No",NA,"0-5 mph","O: No Injury","White","Female","Passenger Car","No","30AUG2010","Monday","Motorist Failed to Yield - Midblock",18,"Non-Intersection","August","C: Possible Injury",64980,"Motorist Drive Out - Midblock - Unknown",2010,"No","No","Daylight","Straight - Level","Public Vehicular Area","Dry","Two-Way, Not Divided","None","No Special Feature","Smooth Asphalt",0,0,0,0,0,0,0,"4 lanes",2,0,NA,0,NA
2469,4328,"Raleigh","Wake","Piedmont","Commercial","Urban (>70% Developed)",NA,"Urban","30 - 35  MPH","Double Yellow Line, No Passing Zone","Clear","No",24,"20-24","No",NA,"With Traffic","O: No Injury","Travel Lane","White","Male",49,"40-49","No",NA,"6-10 mph","O: No Injury","White","Male",NA,"No","07AUG2010","Saturday","Motorist Overtaking Bicyclist",0,"Non-Intersection","August","O: No Injury",1260,"Motorist Overtaking - Other / Unknown",2010,"No","Yes","Dark - Lighted Roadway","Straight - Level","Local Street","Dry","Two-Way, Not Divided","None","No Special Feature","Smooth Asphalt",0,0,0,0,0,0,0,"2 lanes",2,0,NA,0,NA
2470,4333,"Southern Pines","Moore","Piedmont","Commercial","Rural (<30% Developed)",NA,"Urban",NA,"No Control Present","Clear","No",19,"16-19","No",NA,"Not Applicable","O: No Injury","Sidewalk / Crosswalk / Driveway Crossing","White","Male",24,"20-24","No",NA,"6-10 mph","O: No Injury","White","Female","Passenger Car","No","10SEP2010","Friday","Non-Roadway",7,"Non-Roadway","September","O: No Injury",26760,"Non-Roadway",2010,"No","No","Daylight","Straight - Bottom","Public Vehicular Area","Dry","Two-Way, Not Divided","None","Bridge","Smooth Asphalt",0,0,0,0,0,0,0,NA,2,0,NA,0,NA
2471,4338,"None - Rural Crash","Camden","Coastal","Farms, Woods, Pastures","Rural (<30% Developed)",NA,"Rural","50 - 55  MPH","No Control Present","Clear","No",12,"11-15","No",NA,"With Traffic","C: Possible Injury","Travel Lane","Black","Male",58,"50-59","No",NA,"31-35 mph","O: No Injury","Black","Female","Sport Utility","No","11SEP2010","Saturday","Loss of Control / Turning Error",18,"Non-Intersection","September","C: Possible Injury",65400,"Bicyclist Lost Control - Other / Unknown",2010,"Yes","No","Daylight","Straight - Level","State Secondary Route","Dry","Two-Way, Not Divided","None","No Special Feature","Smooth Asphalt",0,0,0,0,0,0,0,"2 lanes",2,0,NA,0,NA
2472,4343,"Lumberton","Robeson","Coastal","Commercial","Urban (>70% Developed)",NA,"Urban","30 - 35  MPH","Other","Clear","No",52,"50-59","No",NA,"With Traffic","B: Evident Injury","Travel Lane","Native American","Male",68,"60-69","No",NA,"0-5 mph","O: No Injury","White","Male","Pickup","No","20SEP2010","Monday","Motorist Failed to Yield - Sign-Controlled Intersection",19,"Intersection","September","B: Evident Injury",71640,"Motorist Drive Out - Sign-Controlled Intersection",2010,"Yes","No","Dark - Lighted Roadway","Straight - Level","Local Street","Dry","One-Way, Not Divided","None","Four-Way Intersection","Coarse Asphalt",0,0,0,0,0,0,0,"6 lanes",2,0,NA,0,NA
2473,4347,"Charlotte","Mecklenburg","Piedmont","Commercial","Urban (>70% Developed)",NA,"Urban","30 - 35  MPH","Stop And Go Signal","Clear","No",40,"40-49","No",NA,"With Traffic","O: No Injury","Travel Lane","Unknown/Missing",NA,27,"25-29","No",NA,"16-20 mph","O: No Injury","Black","Male","Sport Utility","No","07SEP2010","Tuesday","Motorist Left Turn / Merge",22,"Intersection","September","O: No Injury",82440,"Motorist Left Turn - Opposite Direction",2010,"Yes","No","Dark - Lighted Roadway","Straight - Level","Local Street","Dry","Two-Way, Divided, Unprotected Median","None","Four-Way Intersection","Smooth Asphalt",0,0,0,0,0,0,0,"4 lanes",2,0,NA,0,NA
2474,4348,"Charlotte","Mecklenburg","Piedmont","Residential","Urban (>70% Developed)",NA,"Urban","30 - 35  MPH","No Control Present","Cloudy","No",17,"16-19","No",NA,"With Traffic","C: Possible Injury","Travel Lane","Black","Male",NA,NA,"Missing",NA,"31-35 mph","Unknown Injury","Unknown/Missing",NA,NA,"No","11SEP2010","Saturday","Motorist Overtaking Bicyclist",16,"Non-Intersection","September","C: Possible Injury",60120,"Motorist Overtaking - Other / Unknown",2010,"No","Yes","Daylight","Straight - Level","Local Street","Dry","Two-Way, Not Divided","None","No Special Feature","Smooth Asphalt",0,0,0,0,0,0,0,"2 lanes",3,0,NA,0,NA
2475,4349,"Charlotte","Mecklenburg","Piedmont","Residential","Urban (>70% Developed)",NA,"Urban","20 - 25  MPH","Stop Sign","Cloudy","No",8,"6-10","No",NA,NA,"C: Possible Injury","Travel Lane","Black","Female",66,"60-69","No",NA,"31-35 mph","O: No Injury","Black","Male","Passenger Car","No","11SEP2010","Saturday","Bicyclist Failed to Yield - Sign-Controlled Intersection",12,"Intersection","September","C: Possible Injury",45480,"Bicyclist Ride Through - Sign-Controlled Intersection",2010,"No","No","Daylight","Straight - Grade","Local Street","Dry","Two-Way, Not Divided","None","No Special Feature","Smooth Asphalt",0,0,0,0,0,0,0,"2 lanes",2,0,NA,0,NA
2476,4355,"Carrboro","Orange","Piedmont","Residential","Urban (>70% Developed)",NA,"Urban","20 - 25  MPH","No Control Present","Clear","No",23,"20-24","No",NA,"With Traffic","C: Possible Injury","Travel Lane","White","Male",NA,NA,"No",NA,"21-25 mph","Unknown Injury","Unknown/Missing",NA,NA,"No","18SEP2010","Saturday","Motorist Overtaking Bicyclist",11,"Non-Intersection","September","C: Possible Injury",41700,"Motorist Overtaking - Misjudged Space",2010,"No","Yes","Daylight","Straight - Hillcrest","Local Street","Dry","Two-Way, Not Divided","None","No Special Feature","Coarse Asphalt",0,0,0,0,0,0,0,"2 lanes",2,0,NA,0,NA
2477,4360,"Charlotte","Mecklenburg","Piedmont","Residential","Urban (>70% Developed)",NA,"Urban","30 - 35  MPH","Stop Sign","Clear","No",13,"11-15","No",NA,"Facing Traffic","C: Possible Injury",NA,"Black","Male",45,"40-49","No",NA,"0-5 mph","O: No Injury","White","Female","Passenger Car","No","13SEP2010","Monday","Motorist Failed to Yield - Sign-Controlled Intersection",17,"Intersection","September","C: Possible Injury",63600,"Motorist Drive Out - Sign-Controlled Intersection",2010,"No","No","Daylight","Straight - Grade","Local Street","Dry","Two-Way, Not Divided","None","No Special Feature","Smooth Asphalt",0,0,0,0,0,0,0,"5 lanes",2,0,NA,0,NA
2478,4361,"Charlotte","Mecklenburg","Piedmont","Residential","Urban (>70% Developed)",NA,"Urban","30 - 35  MPH","Stop Sign","Clear","No",10,"6-10","No",NA,"With Traffic","B: Evident Injury","Travel Lane","Black","Male",NA,NA,"Missing",NA,"21-25 mph","Unknown Injury","Unknown/Missing",NA,NA,"No","13SEP2010","Monday","Bicyclist Failed to Yield - Sign-Controlled Intersection",19,"Intersection","September","B: Evident Injury",71880,"Bicyclist Ride Out - Sign-Controlled Intersection",2010,"No","Yes","Dark - Lighted Roadway","Straight - Level","Local Street","Dry","Two-Way, Not Divided","None","No Special Feature","Smooth Asphalt",0,0,0,0,0,0,0,"2 lanes",2,0,NA,0,NA
2479,4362,"Raleigh","Wake","Piedmont","Commercial","Urban (>70% Developed)",NA,"Urban","40 - 45  MPH","Stop And Go Signal","Clear","No",50,"50-59","No",NA,"Facing Traffic","B: Evident Injury","Sidewalk / Crosswalk / Driveway Crossing","Black","Male",38,"30-39","No",NA,"0-5 mph","O: No Injury","Black","Female","Passenger Car","No","31AUG2010","Tuesday","Motorist Failed to Yield - Signalized Intersection",23,"Intersection","August","B: Evident Injury",84960,"Motorist Drive Out - Signalized Intersection",2010,"Yes","No","Dark - Lighted Roadway","Straight - Level","Local Street","Dry","Two-Way, Divided, Positive Median Barrier","None","On or Off Ramp","Smooth Asphalt",0,0,0,0,0,0,0,"3 lanes",2,0,NA,0,NA
2480,4364,"Greensboro","Guilford","Piedmont","Residential","Urban (>70% Developed)",NA,"Urban","30 - 35  MPH","Stop Sign","Clear","No",25,"25-29","No",NA,"With Traffic","C: Possible Injury","Travel Lane","White","Male",17,"0-19","No",NA,"6-10 mph","O: No Injury","White","Male","Passenger Car","No","18SEP2010","Saturday","Motorist Left Turn / Merge",20,"Intersection","September","C: Possible Injury",75000,"Motorist Left Turn - Opposite Direction",2010,"Yes","No","Dark - Lighted Roadway","Straight - Grade","Local Street","Dry","Two-Way, Not Divided","None","Four-Way Intersection","Coarse Asphalt",0,0,0,0,0,0,0,"2 lanes",2,0,NA,0,NA
2481,4372,"Sunset Beach","Brunswick","Coastal","Residential","Urban (>70% Developed)",NA,"Rural","30 - 35  MPH","No Control Present","Clear","No",48,"40-49","Yes",NA,"Not Applicable","O: No Injury","Non-Roadway","White","Male",38,"30-39","No",NA,"0-5 mph","B: Evident Injury","White","Female","Sport Utility","Yes","14SEP2010","Tuesday","Bicyclist Failed to Yield - Midblock",8,"Non-Intersection","September","B: Evident Injury",30480,"Bicyclist Ride Out - Other Midblock",2010,"Yes","No","Daylight","Straight - Level","Local Street","Dry","Two-Way, Not Divided","None","No Special Feature","Coarse Asphalt",0,0,0,0,0,0,0,"2 lanes",2,0,NA,0,NA
2482,4373,"Charlotte","Mecklenburg","Piedmont","Residential","Mixed (30% To 70% Developed)",NA,"Urban","40 - 45  MPH","No Control Present","Clear","No",48,"40-49","No",NA,"With Traffic","B: Evident Injury","Travel Lane","White","Male",36,"30-39","No",NA,"36-40 mph","O: No Injury","Hispanic","Male","Pickup","No","19SEP2010","Sunday","Motorist Overtaking Bicyclist",7,"Non-Intersection","September","B: Evident Injury",27900,"Motorist Overtaking - Undetected Bicyclist",2010,"No","No","Daylight","Straight - Hillcrest","Local Street","Dry","Two-Way, Not Divided","Traffic Control Device Inoperative, Not Visible Or Missing","No Special Feature","Smooth Asphalt",0,0,0,0,0,0,0,"2 lanes",3,0,NA,0,NA
2483,4375,"Mooresville","Iredell","Piedmont","Commercial","Urban (>70% Developed)",NA,"Urban","40 - 45  MPH","No Control Present","Clear","No",22,"20-24","No",NA,"Facing Traffic","C: Possible Injury","Travel Lane","White","Male",60,"60-69","No",NA,"0-5 mph","O: No Injury","Hispanic","Male","Sport Utility","No","15SEP2010","Wednesday","Motorist Failed to Yield - Midblock",15,"Non-Intersection","September","C: Possible Injury",56760,"Motorist Drive Out - Other Midblock",2010,"Yes","No","Daylight","Straight - Level","NC Route","Dry","Two-Way, Not Divided","None","Driveway, Public","Smooth Asphalt",0,0,0,0,0,0,0,"5 lanes",2,0,NA,0,NA
2484,4377,"Charlotte","Mecklenburg","Piedmont","Residential","Urban (>70% Developed)",NA,"Urban","30 - 35  MPH","Stop And Go Signal","Clear","No",21,"20-24","No",NA,"Facing Traffic","B: Evident Injury","Bike Lane / Paved Shoulder","Black","Male",23,"20-24","No",NA,"26-30 mph","O: No Injury","Black","Female","Passenger Car","No","18SEP2010","Saturday","Crossing Paths - Other Circumstances",5,"Intersection","September","B: Evident Injury",20700,"Signalized Intersection - Other / Unknown",2010,"Yes","No","Dark - Roadway Not Lighted","Straight - Level","Local Street","Dry","One-Way, Not Divided","None","No Special Feature","Smooth Asphalt",0,0,0,0,0,0,0,"3 lanes",2,0,NA,0,NA
2485,4379,"Greensboro","Guilford","Piedmont","Industrial","Urban (>70% Developed)",NA,"Urban","40 - 45  MPH","No Control Present","Cloudy","No",58,"50-59","No",NA,"With Traffic","B: Evident Injury","Travel Lane","White","Male",29,"25-29","No",NA,"36-40 mph","O: No Injury","White","Male","Pickup","No","22SEP2010","Wednesday","Motorist Overtaking Bicyclist",5,"Non-Intersection","September","B: Evident Injury",19200,"Motorist Overtaking - Other / Unknown",2010,"Yes","No","Dark - Lighted Roadway","Straight - Level","Local Street","Dry","Two-Way, Not Divided","None","No Special Feature","Smooth Asphalt",0,0,0,0,0,0,0,"5 lanes",2,0,NA,0,NA
2486,4387,"Chapel Hill","Orange","Piedmont","Commercial","Urban (>70% Developed)",NA,"Urban","40 - 45  MPH","Stop And Go Signal","Clear","No",54,"50-59","No",NA,"With Traffic","B: Evident Injury","Travel Lane","White","Male",55,"50-59","No",NA,"16-20 mph","O: No Injury","White","Male","Passenger Car","No","22SEP2010","Wednesday","Motorist Overtaking Bicyclist",5,"Intersection","September","B: Evident Injury",20640,"Motorist Overtaking - Other / Unknown",2010,"Yes","No","Dark - Roadway Not Lighted","Straight - Hillcrest","Local Street","Dry","Two-Way, Divided, Unprotected Median","None","T-Intersection","Coarse Asphalt",0,0,0,0,0,0,0,"5 lanes",2,0,NA,0,NA
2487,4390,"Burlington","Alamance","Piedmont","Commercial","Urban (>70% Developed)",NA,"Urban","40 - 45  MPH","No Control Present","Clear","No",45,"40-49","No",NA,"With Traffic","C: Possible Injury","Travel Lane","Black","Male",42,"40-49","No",NA,"41-45 mph","O: No Injury","White","Male","Passenger Car","No","28SEP2010","Tuesday","Crossing Paths - Other Circumstances",17,"Intersection-Related","September","C: Possible Injury",62640,"Crossing Paths - Intersection - Other / Unknown",2010,"No","No","Daylight","Straight - Level","Local Street","Dry","Two-Way, Not Divided","None","No Special Feature","Grooved Concrete",0,0,0,0,0,0,0,"5 lanes",2,0,NA,0,NA
2488,4392,"None - Rural Crash","Hoke","Coastal","Farms, Woods, Pastures","Rural (<30% Developed)",NA,"Rural","50 - 55  MPH","No Control Present","Clear","No",59,"50-59","No",NA,"With Traffic","C: Possible Injury","Travel Lane","Black","Male",NA,NA,"No",NA,"51-55 mph","Unknown Injury","Unknown/Missing",NA,"Passenger Car","No","01OCT2010","Friday","Motorist Overtaking Bicyclist",11,"Non-Intersection","October","C: Possible Injury",41400,"Motorist Overtaking - Other / Unknown",2010,"Yes","Yes","Daylight","Straight - Level","US Route","Dry","Two-Way, Divided, Unprotected Median","None","No Special Feature","Smooth Asphalt",0,0,0,0,0,0,0,"4 lanes",2,0,NA,0,NA