"...1","object_id","city","county","region","development","locality","on_road","rural_urban","speed_limit","traffic_control","weather","workzone","bike_age","bike_age_group","bike_alcohol","bike_alcohol_drugs","bike_direction","bike_injury","bike_position","bike_race","bike_sex","driver_age","driver_age_group","driver_alcohol","driver_alcohol_drugs","driver_est_speed","driver_injury","driver_race","driver_sex","driver_vehicle_type","crash_alcohol","crash_date","crash_day","crash_group","crash_hour","crash_location","crash_month","crash_severity","crash_time","crash_type","crash_year","ambulance_req","hit_run","light_condition","road_character","road_class","road_condition","road_configuration","road_defects","road_feature","road_surface","num_bikes_ai","num_bikes_bi","num_bikes_ci","num_bikes_ki","num_bikes_no","num_bikes_to","num_bikes_ui","num_lanes","num_units","distance_mi_from","frm_road","rte_invd_cd","towrd_road"
2489,4393,"Cary","Wake","Piedmont","Commercial","Urban (>70% Developed)",NA,"Urban","30 - 35  MPH","Stop And Go Signal","Cloudy","No",20,"20-24","No",NA,"With Traffic","C: Possible Injury","Sidewalk / Crosswalk / Driveway Crossing","Black","Male",52,"50-59","No",NA,"0-5 mph","O: No Injury","White","Male","Sport Utility","No","01OCT2010","Friday","Crossing Paths - Other Circumstances",12,"Intersection","October","C: Possible Injury",43980,"Signalized Intersection - Other / Unknown",2010,"Yes","No","Daylight","Straight - Level","State Secondary Route","Dry","Two-Way, Not Divided","None","Four-Way Intersection","Smooth Asphalt",0,0,0,0,0,0,0,"5 lanes",2,0,NA,0,NA
2490,4395,"Pineville","Mecklenburg","Piedmont","Commercial","Urban (>70% Developed)",NA,"Rural","30 - 35  MPH","Stop Sign","Clear","No",28,"25-29","No",NA,"Facing Traffic","C: Possible Injury","Sidewalk / Crosswalk / Driveway Crossing","Black","Male",20,"20-24","No",NA,NA,"O: No Injury","White","Male","Pickup","No","06AUG2010","Friday","Motorist Failed to Yield - Sign-Controlled Intersection",11,"Intersection","August","C: Possible Injury",40200,"Motorist Drive Through - Sign-Controlled Intersection",2010,"Yes","No","Daylight","Straight - Grade","Local Street","Dry","Two-Way, Not Divided","None","T-Intersection","Smooth Asphalt",0,0,0,0,0,0,0,"2 lanes",2,0,NA,0,NA
2491,4407,"Charlotte","Mecklenburg","Piedmont","Commercial","Mixed (30% To 70% Developed)",NA,"Urban","40 - 45  MPH","Stop And Go Signal","Clear","No",38,"30-39","No",NA,"With Traffic","B: Evident Injury","Travel Lane","White","Male",53,"50-59","No",NA,"11-15 mph","O: No Injury","White","Male","Passenger Car","No","02OCT2010","Saturday","Motorist Left Turn / Merge",10,"Intersection","October","B: Evident Injury",38700,"Motorist Left Turn - Opposite Direction",2010,"No","No","Daylight","Straight - Level","NC Route","Dry","Two-Way, Divided, Positive Median Barrier","None","No Special Feature","Smooth Asphalt",0,0,0,0,0,0,0,"4 lanes",2,0,NA,0,NA
2492,4414,"None - Rural Crash","Gaston","Piedmont","Residential","Urban (>70% Developed)",NA,"Rural","5 - 15 MPH","No Control Present","Clear","No",7,"6-10","No",NA,"Not Applicable","B: Evident Injury","Non-Roadway","White","Male",45,"40-49","No",NA,"0-5 mph","O: No Injury","White","Male","Van","No","09OCT2010","Saturday","Non-Roadway",19,"Non-Roadway","October","B: Evident Injury",69180,"Non-Roadway",2010,"Yes","No","Dusk","Straight - Level","Public Vehicular Area","Dry","Two-Way, Not Divided","None","Driveway, Public","Gravel",0,0,0,0,0,0,0,NA,2,0,NA,0,NA
2493,4416,"Raleigh","Wake","Piedmont","Residential","Urban (>70% Developed)",NA,"Urban","30 - 35  MPH","Stop Sign","Clear","No",48,"40-49","No",NA,"Facing Traffic","B: Evident Injury","Sidewalk / Crosswalk / Driveway Crossing","White","Male",17,"0-19","No",NA,"0-5 mph","O: No Injury","Black","Male","Passenger Car","No","02SEP2010","Thursday","Motorist Failed to Yield - Sign-Controlled Intersection",18,"Intersection","September","B: Evident Injury",66000,"Motorist Drive Out - Sign-Controlled Intersection",2010,"No","No","Daylight","Straight - Level","Local Street","Dry","Two-Way, Not Divided","None","T-Intersection","Smooth Asphalt",0,0,0,0,0,0,0,"2 lanes",2,0,NA,0,NA
2494,4423,"Winston-Salem","Forsyth","Piedmont","Institutional","Urban (>70% Developed)",NA,"Urban","30 - 35  MPH","Stop And Go Signal","Clear","No",49,"40-49","No",NA,NA,"B: Evident Injury","Sidewalk / Crosswalk / Driveway Crossing","Black","Male",19,"0-19","No",NA,"6-10 mph","O: No Injury","Black","Female","Passenger Car","No","05OCT2010","Tuesday","Motorist Left Turn / Merge",17,"Intersection","October","B: Evident Injury",64620,"Motorist Left Turn - Opposite Direction",2010,"Yes","No","Daylight",NA,"Local Street",NA,"Two-Way, Divided, Unprotected Median","None","Related To Intersection","Smooth Asphalt",0,0,0,0,0,0,0,"2 lanes",2,0,NA,0,NA
2495,4424,"None - Rural Crash","Pamlico","Coastal","Farms, Woods, Pastures","Rural (<30% Developed)",NA,"Rural","50 - 55  MPH","Stop Sign","Clear","No",16,"16-19","No",NA,"Not Applicable","B: Evident Injury","Travel Lane","White","Male",58,"50-59","No",NA,"51-55 mph","B: Evident Injury","White","Male","Motorcycle","No","09OCT2010","Saturday","Crossing Paths - Other Circumstances",21,"Intersection","October","B: Evident Injury",79020,"Crossing Paths - Intersection - Other / Unknown",2010,"Yes","No","Dark - Roadway Not Lighted","Straight - Level","NC Route","Dry","Two-Way, Divided, Unprotected Median","None","T-Intersection","Smooth Asphalt",0,0,0,0,0,0,0,"5 lanes",2,0,NA,0,NA
2496,4430,"Charlotte","Mecklenburg","Piedmont","Residential","Urban (>70% Developed)",NA,"Urban","30 - 35  MPH","No Control Present","Clear","No",31,"30-39","No",NA,"With Traffic","B: Evident Injury","Travel Lane","White","Male",47,"40-49","No",NA,"31-35 mph","O: No Injury","Black","Female","School Bus","No","04OCT2010","Monday","Motorist Right Turn / Merge",16,"Non-Intersection","October","B: Evident Injury",60360,"Motorist Right Turn - Same Direction",2010,"No","No","Daylight","Straight - Level","Local Street","Dry","Two-Way, Divided, Positive Median Barrier","None","No Special Feature","Coarse Asphalt",0,0,0,0,0,0,0,"2 lanes",2,0,NA,0,NA
2497,4436,"Asheboro","Randolph","Piedmont","Commercial","Urban (>70% Developed)",NA,"Urban","30 - 35  MPH","No Control Present","Clear","No",13,"11-15","No",NA,"Not Applicable","C: Possible Injury","Driveway / Alley","Hispanic","Male",39,"30-39","No",NA,"31-35 mph","O: No Injury","White","Female","Passenger Car","No","05OCT2010","Tuesday","Bicyclist Failed to Yield - Midblock",17,"Non-Intersection","October","C: Possible Injury",64140,"Bicyclist Ride Out - Residential Driveway",2010,"Yes","No","Daylight","Straight - Level","State Secondary Route","Dry","Two-Way, Not Divided","None","No Special Feature","Coarse Asphalt",0,0,0,0,0,0,0,"2 lanes",2,0,NA,0,NA
2498,4444,"None - Rural Crash","Burke","Mountains","Residential","Rural (<30% Developed)",NA,"Rural","30 - 35  MPH","Double Yellow Line, No Passing Zone","Clear","No",6,"6-10","No",NA,"Not Applicable","B: Evident Injury","Non-Roadway","White","Female",50,"50-59","No",NA,"31-35 mph","O: No Injury","White","Male","Pickup","No","14OCT2010","Thursday","Bicyclist Failed to Yield - Midblock",19,"Non-Intersection","October","B: Evident Injury",68400,"Bicyclist Ride Out - Commercial Driveway / Alley",2010,"Yes","No","Dusk","Straight - Grade","State Secondary Route","Dry","Two-Way, Not Divided","None","No Special Feature","Smooth Asphalt",0,0,0,0,0,0,0,"2 lanes",2,0,NA,0,NA
2499,4445,"Greensboro","Guilford","Piedmont","Commercial","Urban (>70% Developed)",NA,"Urban","30 - 35  MPH","No Control Present","Clear","No",45,"40-49","No",NA,"With Traffic","C: Possible Injury","Bike Lane / Paved Shoulder","Black","Male",46,"40-49","No",NA,"0-5 mph","O: No Injury","White","Male","Passenger Car","No","07OCT2010","Thursday","Motorist Right Turn / Merge",11,"Non-Intersection","October","C: Possible Injury",42120,"Motorist Right Turn - Same Direction",2010,"No","No","Daylight","Straight - Level","Local Street","Dry","Two-Way, Not Divided","None","Alley Intersection","Smooth Asphalt",0,0,0,0,0,0,0,"2 lanes",2,0,NA,0,NA
2500,4446,"Greensboro","Guilford","Piedmont","Residential","Urban (>70% Developed)",NA,"Urban","20 - 25  MPH","Stop Sign","Clear","No",47,"40-49","Yes",NA,NA,"C: Possible Injury","Sidewalk / Crosswalk / Driveway Crossing","Black","Male",NA,"70+","No",NA,"11-15 mph","O: No Injury","White","Male","Sport Utility","Yes","05OCT2010","Tuesday","Motorist Failed to Yield - Sign-Controlled Intersection",12,"Intersection","October","C: Possible Injury",45480,"Motorist Drive Out - Sign-Controlled Intersection",2010,"Yes","No","Daylight","Straight - Level","Local Street","Dry","Two-Way, Not Divided","None","Related To Intersection","Smooth Asphalt",0,0,0,0,0,0,0,"2 lanes",2,0,NA,0,NA
2501,2132,"None - Rural Crash","Gaston","Piedmont","Residential","Rural (<30% Developed)",NA,"Rural","40 - 45  MPH","Double Yellow Line, No Passing Zone","Clear","No",12,"11-15","No",NA,"With Traffic","B: Evident Injury","Travel Lane","White","Male",30,"30-39","No",NA,"41-45 mph","O: No Injury","White","Male","Van","No","18JUN2012","Monday","Bicyclist Left Turn / Merge",19,"Non-Intersection","June","B: Evident Injury",70980,"Bicyclist Left Turn - Same Direction",2012,"Yes","No","Dusk","Straight - Level","NC Route","Dry","Two-Way, Not Divided","None","No Special Feature","Smooth Asphalt",0,0,0,0,0,0,0,"2 lanes",2,0,NA,0,NA
2502,2143,"Charlotte","Mecklenburg","Piedmont","Commercial","Urban (>70% Developed)",NA,"Urban","30 - 35  MPH","No Control Present","Clear","No",24,"20-24","No",NA,"With Traffic","B: Evident Injury","Travel Lane","Black","Male",29,"25-29","No",NA,"6-10 mph","O: No Injury","Hispanic","Female","Van","No","04MAY2012","Friday","Motorist Left Turn / Merge",16,"Non-Intersection","May","B: Evident Injury",58620,"Motorist Left Turn - Opposite Direction",2012,"Yes","No","Daylight","Straight - Level","Local Street","Dry","Two-Way, Not Divided","None","No Special Feature","Smooth Asphalt",0,0,0,0,0,0,0,"4 lanes",2,0,NA,0,NA
2503,2166,"Asheboro","Randolph","Piedmont","Commercial","Urban (>70% Developed)",NA,"Urban",NA,"No Control Present","Clear","No",57,"50-59","No",NA,"Not Applicable","C: Possible Injury","Non-Roadway","White","Male",65,"60-69","No",NA,NA,"O: No Injury","White","Male","Sport Utility","No","20JUN2012","Wednesday","Non-Roadway",17,"Non-Roadway","June","C: Possible Injury",62640,"Non-Roadway",2012,"No","No","Daylight","Straight - Level","Public Vehicular Area","Dry","One-Way, Not Divided","None","Driveway, Public","Smooth Asphalt",0,0,0,0,0,0,0,NA,2,0,NA,0,NA
2504,2195,"Wilmington","New Hanover","Coastal","Commercial","Urban (>70% Developed)",NA,"Urban","5 - 15 MPH","No Control Present","Clear","No",26,"25-29","No",NA,"Facing Traffic","B: Evident Injury","Sidewalk / Crosswalk / Driveway Crossing","White","Female",42,"40-49","No",NA,"0-5 mph","O: No Injury","White","Female","Sport Utility","No","29JUN2012","Friday","Motorist Failed to Yield - Midblock",17,"Non-Intersection","June","B: Evident Injury",62760,"Motorist Drive Out - Commercial Driveway / Alley",2012,"Yes","No","Daylight","Straight - Level","Local Street","Dry","One-Way, Not Divided","None","Related To Intersection","Smooth Asphalt",0,0,0,0,0,0,0,"2 lanes",2,0,NA,0,NA
2505,2188,"None - Rural Crash","Harnett","Coastal","Farms, Woods, Pastures","Rural (<30% Developed)",NA,"Rural","50 - 55  MPH","No Control Present","Clear","No",27,"25-29","No",NA,"Facing Traffic","C: Possible Injury","Bike Lane / Paved Shoulder","Black","Male",24,"20-24","No",NA,"41-45 mph","O: No Injury","White","Female","Van","No","02JUL2012","Monday","Loss of Control / Turning Error",12,"Non-Intersection","July","C: Possible Injury",43320,"Motorist Lost Control - Other / Unknown",2012,"Yes","No","Daylight","Straight - Level","State Secondary Route","Dry","Two-Way, Not Divided","None","No Special Feature","Coarse Asphalt",0,0,0,0,0,0,0,"2 lanes",2,0,NA,0,NA
2506,2190,"Rocky Mount","Edgecombe","Coastal","Residential","Urban (>70% Developed)",NA,"Urban","30 - 35  MPH","Stop Sign","Clear","No",5,"0-5","No",NA,"With Traffic","C: Possible Injury","Travel Lane","Black","Female",22,"20-24","No",NA,"16-20 mph","O: No Injury","Black","Female","Passenger Car","No","17JUN2012","Sunday","Bicyclist Failed to Yield - Sign-Controlled Intersection",18,"Intersection-Related","June","C: Possible Injury",68220,"Bicyclist Ride Through - Sign-Controlled Intersection",2012,"No","No","Daylight","Straight - Level","Local Street","Dry","Two-Way, Not Divided","None","Four-Way Intersection","Coarse Asphalt",0,0,0,0,0,0,0,"2 lanes",2,0,NA,0,NA
2507,2176,"Sunset Beach","Brunswick","Coastal","Residential","Mixed (30% To 70% Developed)",NA,"Rural","40 - 45  MPH","No Control Present","Clear","No",21,"20-24","No",NA,"With Traffic","O: No Injury","Travel Lane","White","Male",30,"30-39","No",NA,"41-45 mph","O: No Injury","White","Female","Passenger Car","No","23JUN2012","Saturday","Motorist Overtaking Bicyclist",23,"Non-Intersection","June","O: No Injury",84480,"Motorist Overtaking - Other / Unknown",2012,"No","No","Dark - Roadway Not Lighted","Curve - Grade","Local Street","Dry","Two-Way, Not Divided","None","No Special Feature","Coarse Asphalt",0,0,0,0,0,0,0,"2 lanes",2,0,NA,0,NA
2508,2213,"None - Rural Crash","Wilson","Coastal","Farms, Woods, Pastures","Rural (<30% Developed)",NA,"Rural","50 - 55  MPH","No Control Present","Cloudy","No",51,"50-59","No",NA,"With Traffic","B: Evident Injury","Travel Lane","White","Male",64,"60-69","No",NA,"51-55 mph","O: No Injury","Black","Male","Pickup","No","16JUL2012","Monday","Motorist Overtaking Bicyclist",8,"Non-Intersection","July","B: Evident Injury",31380,"Motorist Overtaking - Misjudged Space",2012,"Yes","No","Daylight","Straight - Level","State Secondary Route","Dry","Two-Way, Not Divided","None","No Special Feature","Coarse Asphalt",0,0,0,0,0,0,0,"2 lanes",2,0,NA,0,NA
2509,2218,"None - Rural Crash","Greene","Coastal","Residential","Mixed (30% To 70% Developed)",NA,"Rural","40 - 45  MPH","No Control Present","Clear","No",20,"20-24","No",NA,"With Traffic","C: Possible Injury","Travel Lane","Black","Male",28,"25-29","No",NA,"36-40 mph","O: No Injury","White","Male","Passenger Car","No","17JUL2012","Tuesday","Motorist Overtaking Bicyclist",17,"Non-Intersection","July","C: Possible Injury",62640,"Motorist Overtaking - Bicyclist Swerved",2012,"Yes","No","Daylight","Straight - Level","NC Route","Dry","Two-Way, Not Divided","None","No Special Feature","Coarse Asphalt",0,0,0,0,0,0,0,"2 lanes",2,0,NA,0,NA
2510,2205,"Indian Trail","Union","Piedmont","Commercial","Urban (>70% Developed)",NA,"Urban","40 - 45  MPH","Stop And Go Signal","Clear","No",51,"50-59","No",NA,"With Traffic","C: Possible Injury","Travel Lane","White","Male",60,"60-69","No",NA,"0-5 mph","O: No Injury","White","Male","Pickup","No","09JUL2012","Monday","Motorist Left Turn / Merge",21,"Intersection","July","C: Possible Injury",75600,"Motorist Left Turn - Opposite Direction",2012,"Yes","No","Dark - Lighted Roadway","Straight - Level","State Secondary Route","Dry","Two-Way, Not Divided","None","Four-Way Intersection","Smooth Asphalt",0,0,0,0,0,0,0,"2 lanes",2,0,NA,0,NA
2511,2220,"Durham","Durham","Piedmont","Residential","Urban (>70% Developed)",NA,"Urban","30 - 35  MPH","Stop Sign","Clear","No",28,"25-29","Yes",NA,"With Traffic","B: Evident Injury","Travel Lane","Black","Male",37,"30-39","No",NA,"31-35 mph","O: No Injury","Hispanic","Male","Sport Utility","Yes","15JUL2012","Sunday","Loss of Control / Turning Error",11,"Intersection","July","B: Evident Injury",42480,"Bicyclist Turning Error - Right Turn",2012,"Yes","No","Daylight","Straight - Grade","Local Street","Dry","Two-Way, Not Divided","None","Four-Way Intersection","Smooth Asphalt",0,0,0,0,0,0,0,"2 lanes",2,0,NA,0,NA
2512,2221,"Kings Mountain","Cleveland","Mountains","Residential","Urban (>70% Developed)",NA,"Urban","20 - 25  MPH","Stop Sign","Clear","No",46,"40-49","No",NA,"With Traffic","B: Evident Injury","Travel Lane","White","Male",NA,"70+","No",NA,"16-20 mph","O: No Injury","White","Female","Passenger Car","No","10JUN2012","Sunday","Motorist Overtaking Bicyclist",9,"Non-Intersection","June","B: Evident Injury",33840,"Motorist Overtaking - Other / Unknown",2012,"No","No","Daylight","Straight - Grade","Local Street","Dry","Two-Way, Not Divided","None","Y-Intersection","Smooth Asphalt",0,0,0,0,0,0,0,"2 lanes",2,0,NA,0,NA
2513,2193,"Goldsboro","Wayne","Coastal","Commercial","Urban (>70% Developed)",NA,"Urban","30 - 35  MPH","No Control Present","Clear","No",67,"60-69","No",NA,"With Traffic","B: Evident Injury","Other","Black","Male",26,"25-29","No",NA,"21-25 mph","O: No Injury","Black","Female","Passenger Car","No","29JUN2012","Friday","Bicyclist Left Turn / Merge",9,"Intersection-Related","June","B: Evident Injury",34080,"Bicyclist Left Turn - Same Direction",2012,"Yes","No","Daylight","Curve - Level","Local Street","Dry","Two-Way, Not Divided","None","No Special Feature","Coarse Asphalt",0,0,0,0,0,0,0,"5 lanes",2,0,NA,0,NA
2514,2231,"Gastonia","Gaston","Piedmont","Commercial","Urban (>70% Developed)",NA,"Urban",NA,"Stop Sign","Clear","No",20,"20-24","No",NA,"Facing Traffic","C: Possible Injury","Sidewalk / Crosswalk / Driveway Crossing","White","Male",NA,NA,"Missing",NA,"6-10 mph","Unknown Injury","Unknown/Missing",NA,NA,"No","10JUL2012","Tuesday","Motorist Failed to Yield - Midblock",14,"Non-Intersection","July","C: Possible Injury",50700,"Motorist Drive Out - Commercial Driveway / Alley",2012,"No","Yes","Daylight","Straight - Grade","Public Vehicular Area","Dry","Two-Way, Not Divided","None","Driveway, Public","Concrete",0,0,0,0,0,0,0,NA,2,0,NA,0,NA
2515,2229,"Kitty Hawk","Dare","Coastal","Commercial","Urban (>70% Developed)",NA,"Rural","50 - 55  MPH","No Control Present","Clear","No",29,"25-29","No",NA,"Facing Traffic","C: Possible Injury","Sidewalk / Crosswalk / Driveway Crossing","Other","Male",21,"20-24","No",NA,"0-5 mph","O: No Injury","White","Male","Pickup","No","21JUN2012","Thursday","Motorist Failed to Yield - Midblock",11,"Non-Intersection","June","C: Possible Injury",42720,"Motorist Drive Out - Commercial Driveway / Alley",2012,"Yes","No","Daylight","Straight - Level","US Route","Dry","Two-Way, Divided, Unprotected Median","None","No Special Feature","Smooth Asphalt",0,0,0,0,0,0,0,"5 lanes",2,0,NA,0,NA
2516,2241,"Wilmington","New Hanover","Coastal","Residential","Urban (>70% Developed)",NA,"Urban","30 - 35  MPH","Stop Sign","Clear","No",63,"60-69","No",NA,"With Traffic","B: Evident Injury","Travel Lane","White","Male",49,"40-49","No",NA,NA,"O: No Injury","Black","Female","Passenger Car","No","08JUL2012","Sunday","Motorist Failed to Yield - Sign-Controlled Intersection",6,"Intersection","July","B: Evident Injury",23040,"Motorist Drive Out - Sign-Controlled Intersection",2012,"Yes","No","Daylight","Straight - Level","Local Street","Dry","Two-Way, Divided, Unprotected Median","None","Four-Way Intersection","Coarse Asphalt",0,0,0,0,0,0,0,"2 lanes",2,0,NA,0,NA
2517,2232,"Gastonia","Gaston","Piedmont","Commercial","Urban (>70% Developed)",NA,"Urban","30 - 35  MPH","Stop And Go Signal","Clear","No",35,"30-39","No",NA,"With Traffic","C: Possible Injury","Travel Lane","Black","Male",55,"50-59","No",NA,"6-10 mph","O: No Injury","White","Female","Sport Utility","No","12JUL2012","Thursday","Crossing Paths - Other Circumstances",17,"Intersection","July","C: Possible Injury",62280,"Signalized Intersection - Other / Unknown",2012,"Yes","No","Daylight","Straight - Level","US Route","Dry","Two-Way, Divided, Unprotected Median","None","Four-Way Intersection","Smooth Asphalt",0,0,0,0,0,0,0,"6 lanes",2,0,NA,0,NA
2518,2223,"Asheville","Buncombe","Mountains","Commercial","Urban (>70% Developed)",NA,"Urban","40 - 45  MPH","No Control Present","Clear","No",32,"30-39","No",NA,"With Traffic","A: Disabling Injury","Travel Lane","Black","Male",18,"0-19","No",NA,"41-45 mph","O: No Injury","White","Male","Passenger Car","No","28JUN2012","Thursday","Motorist Overtaking Bicyclist",21,"Non-Intersection","June","A: Disabling Injury",78600,"Motorist Overtaking - Other / Unknown",2012,"Yes","No","Dark - Roadway Not Lighted","Straight - Grade","NC Route","Dry","Two-Way, Not Divided","None","No Special Feature","Smooth Asphalt",0,0,0,0,0,0,0,NA,2,0,NA,0,NA
2519,2236,"Greenville","Pitt","Coastal","Commercial","Urban (>70% Developed)",NA,"Urban","40 - 45  MPH","Stop And Go Signal","Cloudy","No",32,"30-39","No",NA,"With Traffic","B: Evident Injury","Travel Lane","Black","Male",25,"25-29","No",NA,"41-45 mph","O: No Injury","Black","Male","Passenger Car","No","23JUL2012","Monday","Crossing Paths - Other Circumstances",22,"Intersection","July","B: Evident Injury",80460,"Signalized Intersection - Other / Unknown",2012,"Yes","No","Dark - Lighted Roadway","Straight - Level","US Route","Wet","Two-Way, Not Divided","None","No Special Feature","Coarse Asphalt",0,0,0,0,0,0,0,"5 lanes",2,0,NA,0,NA
2520,2235,"Henderson","Vance","Piedmont","Commercial","Urban (>70% Developed)",NA,"Urban","30 - 35  MPH","No Control Present","Clear","No",36,"30-39","No",NA,"Not Applicable","C: Possible Injury",NA,"Black","Male",23,"20-24","No",NA,"26-30 mph","O: No Injury","Black","Male","Passenger Car","No","18JUN2012","Monday","Bicyclist Failed to Yield - Midblock",17,"Non-Intersection","June","C: Possible Injury",61740,"Bicyclist Ride Out - Other Midblock",2012,"No","No","Daylight","Straight - Level","Local Street","Dry","Two-Way, Not Divided","None","No Special Feature","Coarse Asphalt",0,0,0,0,0,0,0,"4 lanes",2,0,NA,0,NA
2521,2738,"None - Rural Crash","Duplin","Coastal","Farms, Woods, Pastures","Rural (<30% Developed)",NA,"Rural","50 - 55  MPH","No Control Present","Rain","No",21,"20-24","No",NA,"With Traffic","A: Disabling Injury","Travel Lane","White","Male",NA,NA,"Missing",NA,"51-55 mph","Unknown Injury","Unknown/Missing",NA,NA,"No","17DEC2012","Monday","Motorist Overtaking Bicyclist",19,"Non-Intersection","December","A: Disabling Injury",68700,"Motorist Overtaking - Other / Unknown",2012,"Yes","Yes","Dark - Roadway Not Lighted","Straight - Level","NC Route","Wet","Two-Way, Divided, Unprotected Median","None","No Special Feature","Coarse Asphalt",0,0,0,0,0,0,0,"4 lanes",2,0,NA,0,NA
2522,2736,"None - Rural Crash","Richmond","Piedmont","Farms, Woods, Pastures","Rural (<30% Developed)",NA,"Rural","50 - 55  MPH","Stop Sign","Clear","No",48,"40-49","Yes",NA,"With Traffic","A: Disabling Injury","Travel Lane","Black","Male",68,"60-69","No",NA,"51-55 mph","O: No Injury","White","Male","Sport Utility","Yes","25DEC2012","Tuesday","Bicyclist Failed to Yield - Sign-Controlled Intersection",13,"Intersection","December","A: Disabling Injury",48240,"Bicyclist Ride Through - Sign-Controlled Intersection",2012,"Yes","No","Daylight","Straight - Grade","NC Route","Dry","Two-Way, Not Divided","None","Four-Way Intersection","Smooth Asphalt",0,0,0,0,0,0,0,"2 lanes",2,0,NA,0,NA
2523,2746,"Elizabeth City","Pasquotank","Coastal","Residential","Rural (<30% Developed)",NA,"Urban","40 - 45  MPH","No Control Present","Clear","No",NA,NA,"Missing",NA,"With Traffic","Unknown Injury","Travel Lane","Unknown/Missing",NA,44,"40-49","No",NA,"31-35 mph","O: No Injury","White","Male","Pickup","No","10DEC2012","Monday","Motorist Overtaking Bicyclist",17,"Non-Intersection","December","O: No Injury",62640,"Motorist Overtaking - Other / Unknown",2012,"No","No","Dark - Roadway Not Lighted","Straight - Level","State Secondary Route","Dry","Two-Way, Not Divided","None","No Special Feature","Smooth Asphalt",0,0,0,0,0,0,0,"2 lanes",2,0,NA,0,NA
2524,2747,"Cary","Wake","Piedmont","Residential","Urban (>70% Developed)",NA,"Urban","20 - 25  MPH","Stop Sign","Clear","No",NA,"70+","No",NA,"Facing Traffic","C: Possible Injury","Sidewalk / Crosswalk / Driveway Crossing","White","Male",59,"50-59","No",NA,"0-5 mph","O: No Injury","White","Male","Passenger Car","No","14DEC2012","Friday","Motorist Failed to Yield - Sign-Controlled Intersection",10,"Intersection","December","C: Possible Injury",38700,"Motorist Drive Out - Sign-Controlled Intersection",2012,"No","No","Daylight","Straight - Level","Local Street","Dry","Two-Way, Not Divided","None","Four-Way Intersection","Smooth Asphalt",0,0,0,0,0,0,0,"2 lanes",2,0,NA,0,NA
2525,2727,"None - Rural Crash","Wake","Piedmont","Farms, Woods, Pastures","Rural (<30% Developed)",NA,"Rural","50 - 55  MPH","No Control Present","Clear","No",30,"30-39","No",NA,"With Traffic","C: Possible Injury","Travel Lane","White","Male",39,"30-39","No",NA,"41-45 mph","O: No Injury","White","Male","Pickup","No","19DEC2012","Wednesday","Motorist Overtaking Bicyclist",18,"Non-Intersection","December","C: Possible Injury",65220,"Motorist Overtaking - Other / Unknown",2012,"Yes","No","Dark - Roadway Not Lighted","Straight - Level","NC Route","Dry","Two-Way, Not Divided","None","No Special Feature","Coarse Asphalt",0,0,0,0,0,0,0,"2 lanes",2,0,NA,0,NA
2526,2731,"Charlotte","Mecklenburg","Piedmont","Residential","Urban (>70% Developed)",NA,"Urban","20 - 25  MPH","No Control Present","Rain","No",49,"40-49","No",NA,"With Traffic","C: Possible Injury","Travel Lane","Black","Male",57,"50-59","No",NA,NA,"O: No Injury","Black","Male","Passenger Car","No","16DEC2012","Sunday","Bicyclist Overtaking Motorist",17,"Non-Intersection","December","C: Possible Injury",62820,"Bicyclist Overtaking - Other / Unknown",2012,"No","No","Dark - Lighted Roadway","Straight - Level","Local Street","Wet","Two-Way, Not Divided","None","No Special Feature","Smooth Asphalt",0,0,0,0,0,0,0,"2 lanes",2,0,NA,0,NA
2527,2726,"Asheville","Buncombe","Mountains","Commercial","Urban (>70% Developed)",NA,"Urban","30 - 35  MPH","Stop And Go Signal","Clear","No",NA,"70+","No",NA,"With Traffic","C: Possible Injury","Travel Lane","White","Male",46,"40-49","No",NA,"16-20 mph","O: No Injury","Hispanic","Female","Passenger Car","No","29NOV2012","Thursday","Motorist Left Turn / Merge",12,"Intersection","November","C: Possible Injury",46440,"Motorist Left Turn - Opposite Direction",2012,"No","No","Daylight","Straight - Grade","Local Street","Dry","Two-Way, Not Divided","None","T-Intersection","Coarse Asphalt",0,0,0,0,0,0,0,"4 lanes",2,0,NA,0,NA
2528,2763,"Thomasville","Davidson","Piedmont","Residential","Mixed (30% To 70% Developed)",NA,"Urban","30 - 35  MPH","No Control Present","Cloudy","No",11,"11-15","No",NA,"With Traffic","A: Disabling Injury","Travel Lane","Hispanic","Male",57,"50-59","No",NA,"21-25 mph","O: No Injury","White","Female","Passenger Car","No","11JUL2012","Wednesday","Head-On",20,"Non-Intersection","July","A: Disabling Injury",73920,"Head-On - Bicyclist",2012,"Yes","No","Dark - Lighted Roadway","Straight - Level","Local Street","Dry","Two-Way, Not Divided","None","No Special Feature","Coarse Asphalt",0,0,0,0,0,0,0,"2 lanes",2,0,NA,0,NA
2529,2743,"Goldsboro","Wayne","Coastal","Commercial","Urban (>70% Developed)",NA,"Urban","30 - 35  MPH","No Control Present","Cloudy","No",48,"40-49","Yes",NA,"With Traffic","K: Killed","Travel Lane","Black","Male",48,"40-49","No",NA,"26-30 mph","O: No Injury","White","Male","Pickup","Yes","20DEC2012","Thursday","Bicyclist Left Turn / Merge",17,"Non-Intersection","December","K: Killed",64260,"Bicyclist Left Turn - Opposite Direction",2012,"Yes","No","Dusk","Straight - Level","Local Street","Dry","Two-Way, Not Divided","None","No Special Feature","Smooth Asphalt",0,0,0,0,0,0,0,"5 lanes",2,0,NA,0,NA