"...1","object_id","city","county","region","development","locality","on_road","rural_urban","speed_limit","traffic_control","weather","workzone","bike_age","bike_age_group","bike_alcohol","bike_alcohol_drugs","bike_direction","bike_injury","bike_position","bike_race","bike_sex","driver_age","driver_age_group","driver_alcohol","driver_alcohol_drugs","driver_est_speed","driver_injury","driver_race","driver_sex","driver_vehicle_type","crash_alcohol","crash_date","crash_day","crash_group","crash_hour","crash_location","crash_month","crash_severity","crash_time","crash_type","crash_year","ambulance_req","hit_run","light_condition","road_character","road_class","road_condition","road_configuration","road_defects","road_feature","road_surface","num_bikes_ai","num_bikes_bi","num_bikes_ci","num_bikes_ki","num_bikes_no","num_bikes_to","num_bikes_ui","num_lanes","num_units","distance_mi_from","frm_road","rte_invd_cd","towrd_road"
2530,2766,"Burlington","Alamance","Piedmont","Residential","Urban (>70% Developed)",NA,"Urban","30 - 35  MPH","Stop Sign","Clear","No",37,"30-39","No",NA,"With Traffic","B: Evident Injury","Travel Lane","Black","Female",52,"50-59","No",NA,"6-10 mph","O: No Injury","White","Female","Pickup","No","21AUG2012","Tuesday","Backing Vehicle",15,"Intersection","August","B: Evident Injury",57060,"Backing Vehicle",2012,"Yes","Yes","Daylight","Straight - Level","Local Street","Dry","Two-Way, Not Divided","None","T-Intersection","Coarse Asphalt",0,0,0,0,0,0,0,"2 lanes",2,0,NA,0,NA
2531,2548,"Fayetteville","Cumberland","Coastal","Commercial","Urban (>70% Developed)",NA,"Urban","30 - 35  MPH","Stop And Go Signal","Clear","No",NA,NA,"Missing",NA,"Facing Traffic","Unknown Injury","Sidewalk / Crosswalk / Driveway Crossing","Unknown/Missing",NA,45,"40-49","No",NA,"0-5 mph","O: No Injury","White","Male","Passenger Car","No","06OCT2012","Saturday","Motorist Failed to Yield - Signalized Intersection",18,"Intersection","October","O: No Injury",67980,"Motorist Drive Out - Right Turn on Red",2012,"No","No","Dark - Lighted Roadway","Straight - Grade","Local Street","Dry","Two-Way, Not Divided","None","Four-Way Intersection","Coarse Asphalt",0,0,0,0,0,0,0,"6 lanes",2,0,NA,0,NA
2532,2581,"Raleigh","Wake","Piedmont","Commercial","Urban (>70% Developed)",NA,"Urban","30 - 35  MPH","Stop And Go Signal","Clear","No",27,"25-29","No",NA,"Facing Traffic","Unknown Injury","Sidewalk / Crosswalk / Driveway Crossing","White","Female",53,"50-59","No",NA,"6-10 mph","O: No Injury","Black","Male","Passenger Car","No","22OCT2012","Monday","Crossing Paths - Other Circumstances",17,"Intersection-Related","October","O: No Injury",62100,"Signalized Intersection - Other / Unknown",2012,"Yes","No","Daylight","Straight - Level","Local Street","Dry","Two-Way, Not Divided","None","No Special Feature","Smooth Asphalt",0,0,0,0,0,0,0,"3 lanes",2,0,NA,0,NA
2533,2547,"Charlotte","Mecklenburg","Piedmont","Residential","Urban (>70% Developed)",NA,"Urban","20 - 25  MPH","No Control Present","Clear","No",4,"0-5","No",NA,"Not Applicable","C: Possible Injury","Driveway / Alley","Black","Female",38,"30-39","No",NA,"0-5 mph","O: No Injury","Black","Female","Passenger Car","No","20OCT2012","Saturday","Bicyclist Failed to Yield - Midblock",18,"Non-Intersection","October","C: Possible Injury",65160,"Bicyclist Ride Out - Residential Driveway",2012,"Yes","No","Daylight","Straight - Level","Local Street","Dry","Two-Way, Not Divided","None","No Special Feature","Smooth Asphalt",0,0,0,0,0,0,0,"1 lane",2,0,NA,0,NA
2534,2640,"Greensboro","Guilford","Piedmont","Commercial","Urban (>70% Developed)",NA,"Urban","20 - 25  MPH","No Control Present","Clear","No",22,"20-24","No",NA,"Facing Traffic","C: Possible Injury","Travel Lane","White","Female",30,"30-39","No",NA,"0-5 mph","O: No Injury","White","Male","Passenger Car","No","15NOV2012","Thursday","Crossing Paths - Other Circumstances",13,"Intersection","November","C: Possible Injury",46800,"Crossing Paths - Intersection - Other / Unknown",2012,"Yes","No","Daylight","Straight - Grade","Local Street","Dry","One-Way, Not Divided","None","T-Intersection","Smooth Asphalt",0,0,0,0,0,0,0,"1 lane",2,0,NA,0,NA
2535,2603,"Wilmington","New Hanover","Coastal","Industrial","Urban (>70% Developed)",NA,"Urban","40 - 45  MPH","Stop And Go Signal","Clear","No",28,"25-29","No",NA,"With Traffic","B: Evident Injury","Travel Lane","White","Male",48,"40-49","No",NA,"11-15 mph","O: No Injury","White","Female","Van","No","20OCT2012","Saturday","Motorist Failed to Yield - Signalized Intersection",17,"Intersection","October","B: Evident Injury",64140,"Motorist Drive Out - Right Turn on Red",2012,"Yes","No","Dusk","Straight - Level","Local Street","Dry","Two-Way, Not Divided","None","No Special Feature","Coarse Asphalt",0,0,0,0,0,0,0,"4 lanes",2,0,NA,0,NA
2536,2575,"None - Rural Crash","Cumberland","Coastal","Farms, Woods, Pastures","Rural (<30% Developed)",NA,"Rural","40 - 45  MPH","No Control Present","Clear","No",59,"50-59","No",NA,"Facing Traffic","A: Disabling Injury","Travel Lane","Black","Male",63,"60-69","No",NA,"36-40 mph","O: No Injury","Black","Male","Passenger Car","No","26OCT2012","Friday","Head-On",16,"Non-Intersection","October","A: Disabling Injury",57840,"Head-On - Bicyclist",2012,"Yes","No","Daylight","Straight - Level","State Secondary Route","Dry","Two-Way, Divided, Unprotected Median","None","No Special Feature","Coarse Asphalt",0,0,0,0,0,0,0,"4 lanes",2,0,NA,0,NA
2537,2615,"Greensboro","Guilford","Piedmont","Residential","Urban (>70% Developed)",NA,"Urban","20 - 25  MPH","No Control Present","Cloudy","No",13,"11-15","No",NA,"Facing Traffic","O: No Injury","Travel Lane","White","Male",48,"40-49","No",NA,"0-5 mph","O: No Injury","White","Male","Sport Utility","No","12NOV2012","Monday","Motorist Failed to Yield - Midblock",16,"Non-Intersection","November","O: No Injury",60120,"Motorist Drive Out - Other Midblock",2012,"Yes","No","Daylight","Straight - Level","Local Street","Wet","Two-Way, Divided, Positive Median Barrier","Other","Other","Smooth Asphalt",0,0,0,0,0,0,0,"2 lanes",2,0,NA,0,NA
2538,2598,"Boone","Watauga","Mountains","Residential","Urban (>70% Developed)",NA,"Urban",NA,"Double Yellow Line, No Passing Zone","Clear","No",28,"25-29","No",NA,"With Traffic","O: No Injury","Travel Lane","White","Male",19,"0-19","No",NA,NA,"O: No Injury","White","Female","Passenger Car","No","19OCT2012","Friday","Bicyclist Overtaking Motorist",13,"Intersection","October","O: No Injury",49080,"Bicyclist Overtaking - Passing on Right",2012,"No","No","Daylight","Straight - Level","US Route","Dry","Two-Way, Not Divided","None","T-Intersection","Smooth Asphalt",0,0,0,0,0,0,0,"2 lanes",2,0,NA,0,NA
2539,2579,"Concord","Cabarrus","Piedmont","Commercial","Urban (>70% Developed)",NA,"Urban","40 - 45  MPH","Stop Sign","Clear","No",21,"20-24","No",NA,"Facing Traffic","B: Evident Injury","Travel Lane","White","Male",21,"20-24","No",NA,"11-15 mph","O: No Injury","White","Male","Sport Utility","No","13OCT2012","Saturday","Head-On",20,"Intersection","October","B: Evident Injury",74820,"Head-On - Bicyclist",2012,"Yes","No","Dark - Lighted Roadway","Straight - Level","US Route","Dry","Two-Way, Divided, Unprotected Median","None","Driveway, Public","Coarse Asphalt",0,0,0,0,0,0,0,"4 lanes",2,0,NA,0,NA
2540,2552,"None - Rural Crash","Wilson","Coastal","Residential","Mixed (30% To 70% Developed)",NA,"Rural","30 - 35  MPH","No Control Present","Clear","No",59,"50-59","No",NA,"With Traffic","B: Evident Injury","Travel Lane","Black","Male",44,"40-49","No",NA,"21-25 mph","O: No Injury","Black","Male","Passenger Car","No","11OCT2012","Thursday","Head-On",17,"Intersection","October","B: Evident Injury",64260,"Head-On - Unknown",2012,"Yes","No","Daylight","Curve - Bottom","Local Street","Dry","Two-Way, Not Divided","None","No Special Feature","Coarse Asphalt",0,0,0,0,0,0,0,"2 lanes",2,0,NA,0,NA
2541,2652,"None - Rural Crash","Cleveland","Mountains","Residential","Rural (<30% Developed)",NA,"Rural","40 - 45  MPH","Double Yellow Line, No Passing Zone","Clear","No",18,"16-19","No",NA,"With Traffic","C: Possible Injury","Travel Lane","White","Male",50,"50-59","No",NA,"41-45 mph","O: No Injury","White","Female","Passenger Car","No","25NOV2012","Sunday","Motorist Overtaking Bicyclist",18,"Intersection-Related","November","C: Possible Injury",65160,"Motorist Overtaking - Undetected Bicyclist",2012,"Yes","No","Dark - Roadway Not Lighted","Straight - Level","State Secondary Route","Dry","Two-Way, Not Divided","None","No Special Feature","Smooth Asphalt",0,0,0,0,0,0,0,"2 lanes",2,0,NA,0,NA
2542,2645,"Cary","Wake","Piedmont","Commercial","Urban (>70% Developed)",NA,"Urban",NA,"Stop Sign","Clear","No",33,"30-39","No",NA,"Facing Traffic","B: Evident Injury","Sidewalk / Crosswalk / Driveway Crossing","White","Male",40,"40-49","No",NA,"0-5 mph","O: No Injury","Black","Male","Passenger Car","No","05NOV2012","Monday","Motorist Failed to Yield - Sign-Controlled Intersection",9,"Intersection-Related","November","B: Evident Injury",34200,"Motorist Drive Out - Sign-Controlled Intersection",2012,"Yes","No","Daylight","Curve - Hillcrest","Local Street","Dry","Two-Way, Divided, Unprotected Median","None","No Special Feature","Smooth Asphalt",0,0,0,0,0,0,0,"5 lanes",2,0,NA,0,NA
2543,2684,"None - Rural Crash","Orange","Piedmont","Farms, Woods, Pastures","Rural (<30% Developed)",NA,"Rural","40 - 45  MPH","Stop Sign","Clear","No",22,"20-24","No",NA,"With Traffic","B: Evident Injury","Travel Lane","White","Male",40,"40-49","No",NA,"21-25 mph","O: No Injury","White","Male","Passenger Car","No","03DEC2012","Monday","Motorist Failed to Yield - Sign-Controlled Intersection",16,"Intersection","December","B: Evident Injury",57600,"Motorist Drive Out - Sign-Controlled Intersection",2012,"Yes","No","Daylight","Straight - Grade","State Secondary Route","Dry","Two-Way, Not Divided","None","T-Intersection","Smooth Asphalt",0,0,0,0,0,0,0,"2 lanes",2,0,NA,0,NA
2544,2661,"Jonesville","Yadkin","Mountains","Residential","Mixed (30% To 70% Developed)",NA,"Rural","30 - 35  MPH","No Control Present","Rain","No",17,"16-19","No",NA,"With Traffic","C: Possible Injury","Travel Lane","White","Male",43,"40-49","No",NA,"31-35 mph","O: No Injury","White","Female","Sport Utility","No","27NOV2012","Tuesday","Bicyclist Failed to Yield - Sign-Controlled Intersection",11,"Intersection","November","C: Possible Injury",40500,"Bicyclist Ride Through - Sign-Controlled Intersection",2012,"No","No","Daylight","Straight - Grade","Local Street","Wet","Two-Way, Not Divided","None","T-Intersection","Smooth Asphalt",0,0,0,0,0,0,0,"2 lanes",2,0,NA,0,NA
2545,2681,"Greensboro","Guilford","Piedmont","Institutional","Urban (>70% Developed)",NA,"Urban","20 - 25  MPH","No Control Present","Cloudy","No",19,"16-19","No",NA,"With Traffic","C: Possible Injury","Travel Lane","White","Male",24,"20-24","No",NA,"21-25 mph","O: No Injury","Other","Female","Passenger Car","No","15NOV2012","Thursday","Motorist Overtaking Bicyclist",11,"Non-Intersection","November","C: Possible Injury",39720,"Motorist Overtaking - Bicyclist Swerved",2012,"No","No","Daylight","Straight - Level","Local Street","Dry","Two-Way, Divided, Unprotected Median","None","No Special Feature","Smooth Asphalt",0,0,0,0,0,0,0,"3 lanes",2,0,NA,0,NA
2546,2685,"Waynesville","Haywood","Mountains","Residential","Urban (>70% Developed)",NA,"Urban","20 - 25  MPH","Stop Sign","Clear","No",12,"11-15","No",NA,"With Traffic","A: Disabling Injury","Travel Lane","White","Male",59,"50-59","No",NA,"16-20 mph","O: No Injury","White","Female","Passenger Car","No","09OCT2012","Tuesday","Bicyclist Failed to Yield - Sign-Controlled Intersection",18,"Intersection","October","A: Disabling Injury",66360,"Bicyclist Ride Through - Sign-Controlled Intersection",2012,"No","No","Daylight","Straight - Grade","Local Street","Dry","Two-Way, Not Divided","None","T-Intersection","Smooth Asphalt",0,0,0,0,0,0,0,NA,2,0,NA,0,NA
2547,2677,"None - Rural Crash","Scotland","Coastal","Residential","Urban (>70% Developed)",NA,"Rural","50 - 55  MPH","No Control Present","Clear","No",50,"50-59","Yes",NA,"With Traffic","B: Evident Injury",NA,"Black","Male",24,"20-24","No",NA,"51-55 mph","O: No Injury","White","Male","Pickup","Yes","29NOV2012","Thursday","Motorist Overtaking Bicyclist",22,"Non-Intersection","November","B: Evident Injury",81300,"Motorist Overtaking - Other / Unknown",2012,"Yes","No","Dark - Roadway Not Lighted","Straight - Level","State Secondary Route","Dry","Two-Way, Not Divided","None","No Special Feature","Coarse Asphalt",0,0,0,0,0,0,0,"2 lanes",2,0,NA,0,NA
2548,2682,"Pembroke","Robeson","Coastal","Commercial","Urban (>70% Developed)",NA,"Rural","30 - 35  MPH","No Control Present","Clear","No",46,"40-49","No",NA,"Facing Traffic","C: Possible Injury","Travel Lane","Native American","Male",39,"30-39","No",NA,"26-30 mph","O: No Injury","Native American","Female","Passenger Car","No","30NOV2012","Friday","Head-On",14,"Intersection","November","C: Possible Injury",53400,"Head-On - Bicyclist",2012,"No","No","Daylight","Straight - Level","Local Street","Dry","Two-Way, Divided, Unprotected Median","None","No Special Feature","Smooth Asphalt",0,0,0,0,0,0,0,"2 lanes",2,0,NA,0,NA
2549,2667,"Bunn","Franklin","Piedmont","Commercial","Rural (<30% Developed)",NA,"Rural",NA,"No Control Present","Clear","No",18,"16-19","No",NA,"With Traffic","Unknown Injury","Travel Lane","White","Male",46,"40-49","No",NA,NA,"O: No Injury","Black","Male","Passenger Car","No","21OCT2012","Sunday","Loss of Control / Turning Error",18,"Intersection","October","O: No Injury",65160,"Bicyclist Lost Control - Other / Unknown",2012,"No","No","Daylight","Straight - Level","Local Street","Dry","Two-Way, Divided, Unprotected Median","None","T-Intersection","Smooth Asphalt",0,0,0,0,0,0,0,NA,2,0,NA,0,NA
2550,2665,"Raleigh","Wake","Piedmont","Commercial","Urban (>70% Developed)",NA,"Urban","5 - 15 MPH","No Control Present","Cloudy","No",20,"20-24","No",NA,"Not Applicable","C: Possible Injury","Non-Roadway","Black","Male",39,"30-39","No",NA,"11-15 mph","O: No Injury","Black","Male","Sport Utility","No","23NOV2012","Friday","Non-Roadway",14,"Non-Roadway","November","C: Possible Injury",53040,"Non-Roadway",2012,"Yes","No","Daylight","Straight - Level","Public Vehicular Area","Dry","Two-Way, Not Divided","None","No Special Feature","Smooth Asphalt",0,0,0,0,0,0,0,"2 lanes",2,0,NA,0,NA
2551,2791,"Matthews","Mecklenburg","Piedmont","Residential","Urban (>70% Developed)",NA,"Urban","30 - 35  MPH","Stop And Go Signal","Clear","No",15,"11-15","No",NA,"With Traffic","B: Evident Injury","Sidewalk / Crosswalk / Driveway Crossing","White","Male",54,"50-59","No",NA,"31-35 mph","O: No Injury","White","Male","Pickup","No","30JAN2011","Sunday","Bicyclist Failed to Yield - Signalized Intersection",19,"Intersection","January","B: Evident Injury",71880,"Bicyclist Ride Out - Signalized  Intersection",2011,"Yes","No","Dark - Lighted Roadway","Straight - Level","Local Street","Dry","Two-Way, Not Divided","None","No Special Feature","Smooth Asphalt",0,0,0,0,0,0,0,"3 lanes",2,0,NA,0,NA
2552,2790,"Pineville","Mecklenburg","Piedmont","Commercial","Urban (>70% Developed)",NA,"Rural","30 - 35  MPH","Stop Sign","Cloudy","No",57,"50-59","No",NA,"Facing Traffic","B: Evident Injury","Sidewalk / Crosswalk / Driveway Crossing","Hispanic","Male",46,"40-49","No",NA,NA,"O: No Injury","White","Male","Passenger Car","No","07JAN2011","Friday","Motorist Failed to Yield - Sign-Controlled Intersection",9,"Intersection","January","B: Evident Injury",35880,"Motorist Drive Out - Sign-Controlled Intersection",2011,"Yes","No","Daylight","Straight - Level","Local Street","Dry","Two-Way, Not Divided","None","T-Intersection","Smooth Asphalt",0,0,0,0,0,0,0,"2 lanes",2,0,NA,0,NA
2553,2771,"None - Rural Crash","Wake","Piedmont","Residential","Mixed (30% To 70% Developed)",NA,"Rural","40 - 45  MPH","Double Yellow Line, No Passing Zone","Clear","No",62,"60-69","No",NA,"With Traffic","B: Evident Injury","Travel Lane","White","Male",63,"60-69","No",NA,"26-30 mph","O: No Injury","Black","Female","Sport Utility","No","06JAN2011","Thursday","Motorist Overtaking Bicyclist",16,"Non-Intersection","January","B: Evident Injury",60360,"Motorist Overtaking - Undetected Bicyclist",2011,"Yes","No","Daylight","Straight - Level","State Secondary Route","Dry","Two-Way, Not Divided","None","No Special Feature","Smooth Asphalt",0,0,0,0,0,0,0,"2 lanes",2,0,NA,0,NA
2554,2781,"Greensboro","Guilford","Piedmont","Commercial","Urban (>70% Developed)",NA,"Urban","20 - 25  MPH","Stop Sign","Cloudy","No",34,"30-39","No",NA,"With Traffic","B: Evident Injury","Travel Lane","White","Male",45,"40-49","No",NA,"6-10 mph","B: Evident Injury","White","Male","Passenger Car","No","18JAN2011","Tuesday","Motorist Failed to Yield - Sign-Controlled Intersection",13,"Intersection","January","B: Evident Injury",47940,"Motorist Drive Out - Sign-Controlled Intersection",2011,"No","No","Daylight","Straight - Grade","Local Street","Dry","Two-Way, Not Divided","None","T-Intersection","Smooth Asphalt",0,0,0,0,0,0,0,"3 lanes",2,0,NA,0,NA
2555,2782,"Smithfield","Johnston","Coastal","Commercial","Urban (>70% Developed)",NA,"Urban","30 - 35  MPH","Stop And Go Signal","Clear","No",54,"50-59","No",NA,"With Traffic","O: No Injury","Travel Lane","White","Male",45,"40-49","No",NA,"6-10 mph","O: No Injury","Black","Female","Sport Utility","No","19JAN2011","Wednesday","Motorist Right Turn / Merge",12,"Non-Intersection","January","O: No Injury",43860,"Motorist Right Turn - Same Direction",2011,"No","No","Daylight","Straight - Level","US Route","Dry","Two-Way, Not Divided","None","Driveway, Public","Smooth Asphalt",0,0,0,0,0,0,0,"5 lanes",2,0,NA,0,NA
2556,2792,"Chapel Hill","Orange","Piedmont","Commercial","Urban (>70% Developed)",NA,"Urban","20 - 25  MPH","Stop And Go Signal","Clear","No",48,"40-49","No",NA,"With Traffic","Unknown Injury","Travel Lane","White","Male",28,"25-29","No",NA,"0-5 mph","O: No Injury","White","Male","Van","No","02FEB2011","Wednesday","Motorist Right Turn / Merge",17,"Intersection","February","O: No Injury",62520,"Motorist Right Turn - Same Direction",2011,"Yes","No","Daylight","Straight - Level","Local Street","Dry","Two-Way, Not Divided","None","Four-Way Intersection","Smooth Asphalt",0,0,0,0,0,0,0,"2 lanes",2,0,NA,0,NA
2557,7010,"Charlotte","Mecklenburg","Piedmont","Commercial","Urban (>70% Developed)",NA,"Urban","30 - 35  MPH","No Control Present","Clear","No",34,"30-39","No",NA,"With Traffic","B: Evident Injury","Bike Lane / Paved Shoulder","White","Male",45,"40-49","No",NA,"31-35 mph","O: No Injury","White","Female","Sport Utility","No","21OCT2007","Sunday","Motorist Right Turn / Merge",16,"Intersection","October","B: Evident Injury",57720,"Motorist Right Turn - Same Direction",2007,"Yes","No","Daylight","Straight - Level","Local Street","Dry","Two-Way, Divided, Unprotected Median","None","No Special Feature","Smooth Asphalt",0,0,0,0,0,0,0,"4 lanes",2,0,NA,0,NA
2558,7013,"Beaufort","Carteret","Coastal","Commercial","Urban (>70% Developed)",NA,"Rural","30 - 35  MPH","No Control Present","Clear","No",39,"30-39","No",NA,"With Traffic","C: Possible Injury","Bike Lane / Paved Shoulder","White","Male",31,"30-39","No",NA,"26-30 mph","O: No Injury","White","Female","Sport Utility","No","19OCT2007","Friday","Motorist Overtaking Bicyclist",12,"Intersection","October","C: Possible Injury",45600,"Motorist Overtaking - Other / Unknown",2007,"Yes","No","Daylight","Straight - Level","Local Street","Dry","Two-Way, Divided, Unprotected Median","None","No Special Feature","Smooth Asphalt",0,0,0,0,0,0,0,"3 lanes",2,0,NA,0,NA
2559,7020,"None - Rural Crash","Craven","Coastal","Farms, Woods, Pastures","Rural (<30% Developed)",NA,"Rural","40 - 45  MPH","No Control Present","Clear","No",8,"6-10","No",NA,"Not Applicable","C: Possible Injury","Driveway / Alley","Hispanic","Male",32,"30-39","No",NA,"41-45 mph","O: No Injury","White","Female","Van","No","19JUL2007","Thursday","Bicyclist Failed to Yield - Midblock",13,"Non-Intersection","July","C: Possible Injury",49860,"Bicyclist Ride Out - Residential Driveway",2007,"Yes","No","Daylight","Straight - Level","State Secondary Route","Dry","Two-Way, Not Divided","None","Driveway, Private","Coarse Asphalt",0,0,0,0,0,0,0,"2 lanes",2,0,NA,0,NA
2560,7022,"Fayetteville","Cumberland","Coastal","Commercial","Urban (>70% Developed)",NA,"Urban","40 - 45  MPH","No Control Present","Cloudy","No",9,"6-10","No",NA,"Not Applicable","C: Possible Injury","Driveway / Alley","Black","Female",40,"40-49","No",NA,"16-20 mph","O: No Injury","Black","Female","Sport Utility","No","20JUL2007","Friday","Bicyclist Failed to Yield - Midblock",16,"Non-Intersection","July","C: Possible Injury",60540,"Bicyclist Ride Out - Commercial Driveway / Alley",2007,"Yes","No","Daylight","Straight - Level","Local Street","Dry","Two-Way, Not Divided","None","No Special Feature","Smooth Asphalt",0,0,0,0,0,0,0,"4 lanes",2,0,NA,0,NA
2561,7023,"None - Rural Crash","Guilford","Piedmont","Residential","Mixed (30% To 70% Developed)",NA,"Rural","50 - 55  MPH","Stop Sign","Clear","No",14,"11-15","No",NA,"Facing Traffic","B: Evident Injury","Travel Lane","Black","Male",53,"50-59","No",NA,"0-5 mph","O: No Injury","White","Male","Pickup","No","20JUL2007","Friday","Motorist Failed to Yield - Sign-Controlled Intersection",15,"Intersection","July","B: Evident Injury",54840,"Motorist Drive Out - Sign-Controlled Intersection",2007,"No","No","Daylight","Straight - Grade","State Secondary Route","Dry","Two-Way, Not Divided","None","T-Intersection","Smooth Asphalt",0,0,0,0,0,0,0,"4 lanes",2,0,NA,0,NA
2562,7025,"Charlotte","Mecklenburg","Piedmont","Residential","Urban (>70% Developed)",NA,"Urban","30 - 35  MPH","Stop Sign","Rain","No",41,"40-49","No",NA,"Facing Traffic","O: No Injury","Sidewalk / Crosswalk / Driveway Crossing","White","Male",37,"30-39","No",NA,"0-5 mph","O: No Injury","Black","Female","Passenger Car","No","25OCT2007","Thursday","Motorist Failed to Yield - Sign-Controlled Intersection",19,"Intersection","October","O: No Injury",70200,"Motorist Drive Out - Sign-Controlled Intersection",2007,"No","No","Dark - Lighted Roadway","Straight - Level","Local Street","Wet","Two-Way, Divided, Unprotected Median","None","T-Intersection","Smooth Asphalt",0,0,0,0,0,0,0,"2 lanes",2,0,NA,0,NA
2563,7029,"Cary","Wake","Piedmont","Commercial","Urban (>70% Developed)",NA,"Urban","30 - 35  MPH","Stop Sign","Rain","No",11,"11-15","No",NA,"Facing Traffic","O: No Injury","Sidewalk / Crosswalk / Driveway Crossing","Black","Male",37,"30-39","No",NA,"0-5 mph","O: No Injury","White","Male","Sport Utility","No","26OCT2007","Friday","Motorist Failed to Yield - Sign-Controlled Intersection",17,"Intersection","October","O: No Injury",61740,"Motorist Drive Out - Sign-Controlled Intersection",2007,"Yes","No","Daylight","Straight - Level","Local Street","Wet","Two-Way, Divided, Unprotected Median","None","Four-Way Intersection","Smooth Asphalt",0,0,0,0,0,0,0,"2 lanes",2,0,NA,0,NA
2564,7032,"None - Rural Crash","Graham","Mountains","Farms, Woods, Pastures","Rural (<30% Developed)",NA,"Rural","50 - 55  MPH","Stop Sign","Clear","No",32,"30-39","No",NA,"With Traffic","C: Possible Injury","Travel Lane","White","Male",24,"20-24","No",NA,"16-20 mph","O: No Injury","Native American","Female","Passenger Car","No","22JUL2007","Sunday","Motorist Failed to Yield - Sign-Controlled Intersection",8,"Intersection","July","C: Possible Injury",29700,"Motorist Drive Out - Sign-Controlled Intersection",2007,"Yes","No","Daylight","Straight - Level","US Route","Dry","Two-Way, Not Divided","Shoulders Low, Soft Or High","T-Intersection","Smooth Asphalt",0,0,0,0,0,0,0,"2 lanes",2,0,NA,0,NA
2565,7044,"Durham","Durham","Piedmont","Residential","Urban (>70% Developed)",NA,"Urban","30 - 35  MPH","Stop And Go Signal","Clear","No",24,"20-24","No",NA,NA,"C: Possible Injury","Sidewalk / Crosswalk / Driveway Crossing","Black","Male",44,"40-49","No",NA,"0-5 mph","O: No Injury","White","Male","Sport Utility","No","31OCT2007","Wednesday","Motorist Failed to Yield - Signalized Intersection",19,"Intersection","October","C: Possible Injury",70920,"Motorist Drive Out - Right Turn on Red",2007,"Yes","No","Dark - Lighted Roadway","Straight - Level","Local Street","Dry","Two-Way, Not Divided","None","No Special Feature","Smooth Asphalt",0,0,0,0,0,0,0,"4 lanes",2,0,NA,0,NA
2566,7048,"Raleigh","Wake","Piedmont","Residential","Urban (>70% Developed)",NA,"Urban","5 - 15 MPH","No Control Present","Clear","No",29,"25-29","No",NA,NA,"O: No Injury","Sidewalk / Crosswalk / Driveway Crossing","Black","Male",23,"20-24","No",NA,"6-10 mph","O: No Injury","White","Male","Passenger Car","No","26JUL2007","Thursday","Non-Roadway",16,"Non-Roadway","July","O: No Injury",60780,"Non-Roadway",2007,"No","No","Daylight","Straight - Grade","Public Vehicular Area","Dry","One-Way, Not Divided","None","No Special Feature","Smooth Asphalt",0,0,0,0,0,0,0,"1 lane",2,0,NA,0,NA
2567,7050,"Wilson","Wilson","Coastal","Residential","Urban (>70% Developed)",NA,"Urban","30 - 35  MPH","No Control Present","Clear","No",13,"11-15","No",NA,NA,"O: No Injury","Travel Lane","Black","Male",NA,NA,"Missing",NA,"0-5 mph","Unknown Injury","Unknown/Missing",NA,"Passenger Car","No","26JUL2007","Thursday","Bicyclist Overtaking Motorist",10,"Non-Intersection","July","O: No Injury",39540,"Bicyclist Overtaking - Parked Vehicle",2007,"No","No","Daylight","Straight - Level","Local Street","Dry","Two-Way, Not Divided","None","No Special Feature","Coarse Asphalt",0,0,0,0,0,0,0,"2 lanes",2,0,NA,0,NA
2568,7052,"Rocky Mount","Edgecombe","Coastal","Residential","Urban (>70% Developed)",NA,"Urban","30 - 35  MPH","Stop And Go Signal","Clear","No",52,"50-59","No",NA,"Not Applicable","C: Possible Injury","Driveway / Alley","Black","Male",22,"20-24","No",NA,"0-5 mph","O: No Injury","Black","Female","Passenger Car","No","26JUL2007","Thursday","Motorist Right Turn / Merge",18,"Non-Intersection","July","C: Possible Injury",68280,"Motorist Right Turn - Opposite Direction",2007,"Yes","No","Daylight","Straight - Level","Local Street","Dry","Two-Way, Not Divided","None","No Special Feature","Smooth Asphalt",0,0,0,0,0,0,0,"5 lanes",2,0,NA,0,NA
2569,7067,"Belmont","Gaston","Piedmont","Commercial","Urban (>70% Developed)",NA,"Urban","5 - 15 MPH","Stop Sign","Clear","No",42,"40-49","No",NA,"Facing Traffic","B: Evident Injury","Sidewalk / Crosswalk / Driveway Crossing","White","Male",40,"40-49","No",NA,"0-5 mph","O: No Injury","White","Female","Passenger Car","No","29JUL2007","Sunday","Motorist Failed to Yield - Sign-Controlled Intersection",9,"Intersection","July","B: Evident Injury",35460,"Motorist Drive Out - Sign-Controlled Intersection",2007,"Yes","No","Daylight","Straight - Grade","Local Street","Dry","Two-Way, Not Divided","None","Driveway, Public","Smooth Asphalt",0,0,0,0,0,0,0,NA,2,0,NA,0,NA