"...1","object_id","city","county","region","development","locality","on_road","rural_urban","speed_limit","traffic_control","weather","workzone","bike_age","bike_age_group","bike_alcohol","bike_alcohol_drugs","bike_direction","bike_injury","bike_position","bike_race","bike_sex","driver_age","driver_age_group","driver_alcohol","driver_alcohol_drugs","driver_est_speed","driver_injury","driver_race","driver_sex","driver_vehicle_type","crash_alcohol","crash_date","crash_day","crash_group","crash_hour","crash_location","crash_month","crash_severity","crash_time","crash_type","crash_year","ambulance_req","hit_run","light_condition","road_character","road_class","road_condition","road_configuration","road_defects","road_feature","road_surface","num_bikes_ai","num_bikes_bi","num_bikes_ci","num_bikes_ki","num_bikes_no","num_bikes_to","num_bikes_ui","num_lanes","num_units","distance_mi_from","frm_road","rte_invd_cd","towrd_road"
2570,7076,"None - Rural Crash","Union","Piedmont","Farms, Woods, Pastures","Rural (<30% Developed)",NA,"Rural","50 - 55  MPH","No Control Present","Cloudy","No",16,"16-19","No",NA,"With Traffic","C: Possible Injury","Travel Lane","Black","Male",45,"40-49","No",NA,"51-55 mph","O: No Injury","White","Female","Passenger Car","No","31JUL2007","Tuesday","Motorist Overtaking Bicyclist",9,"Non-Intersection","July","C: Possible Injury",32460,"Motorist Overtaking - Bicyclist Swerved",2007,"Yes","No","Daylight","Straight - Level","NC Route","Dry","Two-Way, Not Divided","None","No Special Feature","Smooth Asphalt",0,0,0,0,0,0,0,"2 lanes",2,0,NA,0,NA
2571,7087,"None - Rural Crash","Durham","Piedmont","Farms, Woods, Pastures","Rural (<30% Developed)",NA,"Rural","40 - 45  MPH","Double Yellow Line, No Passing Zone","Clear","No",55,"50-59","No",NA,"With Traffic","B: Evident Injury","Travel Lane","White","Male",46,"40-49","No",NA,"11-15 mph","O: No Injury","White","Female","Passenger Car","No","04AUG2007","Saturday","Motorist Overtaking Bicyclist",11,"Non-Intersection","August","B: Evident Injury",40500,"Motorist Overtaking - Bicyclist Swerved",2007,"Yes","No","Daylight","Straight - Level","State Secondary Route","Dry","Two-Way, Not Divided","None","No Special Feature","Smooth Asphalt",0,0,0,0,0,0,0,"2 lanes",2,0,NA,0,NA
2572,7089,"Spring Lake","Cumberland","Coastal","Commercial","Urban (>70% Developed)",NA,"Urban","20 - 25  MPH","No Control Present","Clear","No",45,"40-49","No",NA,"Not Applicable","B: Evident Injury","Driveway / Alley","Hispanic","Male",42,"40-49","No",NA,"41-45 mph","O: No Injury","Black","Male","Passenger Car","No","09NOV2007","Friday","Bicyclist Failed to Yield - Midblock",20,"Non-Intersection","November","B: Evident Injury",74040,"Bicyclist Ride Out - Commercial Driveway / Alley",2007,"Yes","No","Dark - Lighted Roadway","Straight - Level","Local Street","Dry","Two-Way, Not Divided","None","No Special Feature","Coarse Asphalt",0,0,0,0,0,0,0,"2 lanes",2,0,NA,0,NA
2573,7090,"None - Rural Crash","Hoke","Coastal","Commercial","Mixed (30% To 70% Developed)",NA,"Rural","40 - 45  MPH","Double Yellow Line, No Passing Zone","Clear","No",44,"40-49","No",NA,"With Traffic","C: Possible Injury","Bike Lane / Paved Shoulder","Black","Male",NA,"70+","No",NA,"36-40 mph","O: No Injury","White","Male","Passenger Car","No","05AUG2007","Sunday","Motorist Overtaking Bicyclist",21,"Non-Intersection","August","C: Possible Injury",76500,"Motorist Overtaking - Other / Unknown",2007,"Yes","No","Dark - Roadway Not Lighted","Straight - Grade","US Route","Dry","Two-Way, Not Divided","None","No Special Feature","Smooth Asphalt",0,0,0,0,0,0,0,"2 lanes",2,0,NA,0,NA
2574,7093,"None - Rural Crash","Chatham","Piedmont","Farms, Woods, Pastures","Rural (<30% Developed)",NA,"Rural","50 - 55  MPH","Double Yellow Line, No Passing Zone","Clear","No",27,"25-29","No",NA,"With Traffic","C: Possible Injury","Travel Lane","White","Male",NA,NA,"Missing",NA,NA,"Unknown Injury","Unknown/Missing",NA,NA,"No","06AUG2007","Monday","Motorist Overtaking Bicyclist",13,"Non-Intersection","August","C: Possible Injury",49860,"Motorist Overtaking - Misjudged Space",2007,"No","Yes","Daylight","Straight - Level","State Secondary Route","Dry","Two-Way, Not Divided","None","No Special Feature","Smooth Asphalt",0,0,0,0,0,0,0,"2 lanes",2,0,NA,0,NA
2575,7096,"None - Rural Crash","Franklin","Piedmont","Residential","Rural (<30% Developed)",NA,"Rural","20 - 25  MPH","No Control Present","Clear","No",6,"6-10","No",NA,"Not Applicable","B: Evident Injury",NA,"White","Male",49,"40-49","No",NA,"6-10 mph","O: No Injury","White","Male","Pickup","No","07AUG2007","Tuesday","Bicyclist Failed to Yield - Midblock",17,"Non-Intersection","August","B: Evident Injury",64740,"Bicyclist Ride Out - Midblock - Unknown",2007,"Yes","No","Daylight","Straight - Level","State Secondary Route","Dry","Two-Way, Not Divided","None","No Special Feature","Coarse Asphalt",0,0,0,0,0,0,0,"2 lanes",2,0,NA,0,NA
2576,7108,"Elizabeth City","Pasquotank","Coastal","Residential","Urban (>70% Developed)",NA,"Urban","20 - 25  MPH","Stop Sign","Cloudy","No",10,"6-10","No",NA,NA,"Unknown Injury","Sidewalk / Crosswalk / Driveway Crossing","White","Female",47,"40-49","No",NA,"6-10 mph","Unknown Injury","White","Female","Passenger Car","No","09AUG2007","Thursday","Parallel Paths - Other Circumstances",18,"Non-Intersection","August","Unknown Injury",65820,"Bicyclist Ride Out - Parallel Path",2007,"Yes","No","Daylight","Straight - Level","Local Street","Wet","Two-Way, Not Divided","None","No Special Feature","Smooth Asphalt",0,0,0,0,0,0,0,"2 lanes",2,0,NA,0,NA
2577,7111,"Washington","Beaufort","Coastal","Commercial","Urban (>70% Developed)",NA,"Urban","30 - 35  MPH","Stop Sign","Clear","No",55,"50-59","No",NA,"With Traffic","B: Evident Injury","Travel Lane","Black","Male",NA,NA,"Missing",NA,"31-35 mph","Unknown Injury","Unknown/Missing",NA,NA,"No","10AUG2007","Friday","Bicyclist Failed to Yield - Sign-Controlled Intersection",14,"Intersection","August","B: Evident Injury",51300,"Bicyclist Ride Through - Sign-Controlled Intersection",2007,"No","Yes","Daylight","Straight - Level","Local Street","Dry","Two-Way, Not Divided","None","T-Intersection","Coarse Asphalt",0,0,0,0,0,0,0,"2 lanes",2,0,NA,0,NA
2578,7114,"Kannapolis","Cabarrus","Piedmont","Commercial","Urban (>70% Developed)",NA,"Urban","30 - 35  MPH","No Control Present","Clear","No",47,"40-49","No",NA,"Not Applicable","O: No Injury","Driveway / Alley","Unknown/Missing","Male",32,"30-39","No",NA,"26-30 mph","O: No Injury","White","Male","Van","No","13AUG2007","Monday","Bicyclist Failed to Yield - Midblock",12,"Non-Intersection","August","O: No Injury",43680,"Bicyclist Ride Out - Commercial Driveway / Alley",2007,"No","No","Daylight","Straight - Level","Local Street","Dry","Two-Way, Not Divided","None","No Special Feature","Smooth Asphalt",0,0,0,0,0,0,0,"2 lanes",2,0,NA,0,NA
2579,7123,"Columbia","Tyrrell","Coastal","Residential","Urban (>70% Developed)",NA,"Rural","30 - 35  MPH","Stop And Go Signal","Clear","No",17,"16-19","No",NA,"Facing Traffic","B: Evident Injury","Travel Lane","Black","Female",56,"50-59","No",NA,"0-5 mph","O: No Injury","White","Male","Pickup","No","13AUG2007","Monday","Bicyclist Failed to Yield - Signalized Intersection",20,"Intersection","August","B: Evident Injury",75000,"Bicyclist Failed to Clear - Trapped",2007,"Yes","No","Dark - Lighted Roadway","Straight - Level","Local Street","Dry","Two-Way, Not Divided","None","No Special Feature","Coarse Asphalt",0,0,0,0,0,0,0,"2 lanes",2,0,NA,0,NA
2580,7124,"Charlotte","Mecklenburg","Piedmont","Commercial","Urban (>70% Developed)",NA,"Urban","40 - 45  MPH","No Control Present","Clear","No",16,"16-19","No",NA,NA,"O: No Injury","Travel Lane","Black","Male",25,"25-29","No",NA,"31-35 mph","O: No Injury","White","Male","Passenger Car","No","20NOV2007","Tuesday","Bicyclist Failed to Yield - Sign-Controlled Intersection",17,"Intersection","November","O: No Injury",63900,"Bicyclist Ride Out - Sign-Controlled Intersection",2007,"No","No","Dusk","Straight - Level","Local Street","Dry","Two-Way, Not Divided","None","T-Intersection","Smooth Asphalt",0,0,0,0,0,0,0,"4 lanes",2,0,NA,0,NA
2581,7126,"None - Rural Crash","Henderson","Mountains","Residential","Mixed (30% To 70% Developed)",NA,"Rural","5 - 15 MPH","No Control Present","Clear","No",9,"6-10","No",NA,"With Traffic","A: Disabling Injury","Travel Lane","White","Male",46,"40-49","No",NA,"0-5 mph","O: No Injury","White","Male","Sport Utility","No","14AUG2007","Tuesday","Head-On",17,"Non-Intersection","August","A: Disabling Injury",62160,"Head-On - Bicyclist",2007,"Yes","No","Daylight","Curve - Grade","Public Vehicular Area","Dry","Two-Way, Not Divided","None","Driveway, Public","Smooth Asphalt",0,0,0,0,0,0,0,"2 lanes",2,0,NA,0,NA
2582,7129,"East Spencer","Rowan","Piedmont","Residential","Urban (>70% Developed)",NA,"Rural","30 - 35  MPH","Stop Sign","Clear","No",13,"11-15","No",NA,"Facing Traffic","B: Evident Injury","Travel Lane","Black","Male",35,"30-39","No",NA,"31-35 mph","O: No Injury","Black","Female","Sport Utility","No","14AUG2007","Tuesday","Bicyclist Failed to Yield - Sign-Controlled Intersection",13,"Intersection","August","B: Evident Injury",48960,"Bicyclist Ride Through - Sign-Controlled Intersection",2007,"Yes","No","Daylight","Straight - Grade","Local Street","Dry","Two-Way, Not Divided","None","No Special Feature","Coarse Asphalt",0,0,0,0,0,0,0,"2 lanes",2,0,NA,0,NA
2583,7143,"Wrightsville Beach","New Hanover","Coastal","Commercial","Urban (>70% Developed)",NA,"Rural","30 - 35  MPH","Stop And Go Signal","Clear","No",NA,NA,"Missing",NA,"Not Applicable","Unknown Injury","Non-Roadway","Unknown/Missing",NA,24,"20-24","No",NA,"0-5 mph","O: No Injury","Unknown/Missing","Male","Passenger Car","No","18AUG2007","Saturday","Bicyclist Failed to Yield - Signalized Intersection",17,"Intersection-Related","August","O: No Injury",62940,"Bicyclist Ride Out - Signalized  Intersection",2007,"Yes","No","Daylight","Straight - Level","Local Street","Dry","Two-Way, Not Divided","None","No Special Feature","Coarse Asphalt",0,0,0,0,0,0,0,"4 lanes",2,0,NA,0,NA
2584,7161,"Pembroke","Robeson","Coastal","Commercial","Urban (>70% Developed)",NA,"Rural","30 - 35  MPH","Stop And Go Signal","Cloudy","No",10,"6-10","No",NA,"With Traffic","C: Possible Injury","Travel Lane","Native American","Male",33,"30-39","No",NA,"16-20 mph","O: No Injury","Other","Male","Passenger Car","No","24AUG2007","Friday","Bicyclist Failed to Yield - Signalized Intersection",16,"Intersection","August","C: Possible Injury",58800,"Bicyclist Ride Through - Signalized Intersection",2007,"No","No","Daylight","Straight - Level","Local Street","Dry","Two-Way, Not Divided","None","Four-Way Intersection","Smooth Asphalt",0,0,0,0,0,0,0,"5 lanes",2,0,NA,0,NA
2585,7163,"Sharpsburg","Wilson","Coastal","Residential","Urban (>70% Developed)",NA,"Rural","40 - 45  MPH","Stop Sign","Clear","No",16,"16-19","No",NA,"With Traffic","O: No Injury","Travel Lane","White","Female",55,"50-59","No",NA,"0-5 mph","O: No Injury","Black","Female","Passenger Car","No","18AUG2007","Saturday","Bicyclist Failed to Yield - Sign-Controlled Intersection",15,"Intersection","August","O: No Injury",54000,"Bicyclist Ride Through - Sign-Controlled Intersection",2007,"No","No","Daylight","Straight - Level","Local Street","Dry","Two-Way, Not Divided","None","No Special Feature","Smooth Asphalt",0,0,0,0,0,0,0,"2 lanes",2,0,NA,0,NA
2586,7168,"None - Rural Crash","Polk","Mountains","Farms, Woods, Pastures","Rural (<30% Developed)",NA,"Rural","50 - 55  MPH","No Control Present","Clear","No",34,"30-39","No",NA,"With Traffic","B: Evident Injury","Travel Lane","White","Male",NA,"70+","No",NA,"41-45 mph","O: No Injury","White","Female","Passenger Car","No","25AUG2007","Saturday","Motorist Overtaking Bicyclist",17,"Non-Intersection","August","B: Evident Injury",61200,"Motorist Overtaking - Misjudged Space",2007,"Yes","No","Daylight","Straight - Level","NC Route","Dry","Two-Way, Not Divided","None","No Special Feature","Smooth Asphalt",0,0,0,0,0,0,0,"2 lanes",2,0,NA,0,NA
2587,7179,"Raleigh","Wake","Piedmont","Residential","Urban (>70% Developed)",NA,"Urban","40 - 45  MPH","No Control Present","Clear","No",18,"16-19","No",NA,"With Traffic","O: No Injury",NA,"Hispanic","Female",NA,NA,"Missing",NA,"0-5 mph","Unknown Injury","Unknown/Missing",NA,NA,"No","31AUG2007","Friday","Motorist Right Turn / Merge",14,"Intersection","August","O: No Injury",50400,"Motorist Right Turn on Red - Same Direction",2007,"Yes","Yes","Daylight","Straight - Level","Local Street","Dry","Two-Way, Not Divided","None","No Special Feature","Smooth Asphalt",0,0,0,0,0,0,0,"4 lanes",2,0,NA,0,NA
2588,7181,"None - Rural Crash","Cumberland","Coastal","Residential","Mixed (30% To 70% Developed)",NA,"Rural","40 - 45  MPH","Double Yellow Line, No Passing Zone","Clear","No",16,"16-19","No",NA,"With Traffic","B: Evident Injury","Other","White","Male",NA,NA,"Missing",NA,"41-45 mph","Unknown Injury","Unknown/Missing",NA,NA,"No","01SEP2007","Saturday","Motorist Overtaking Bicyclist",4,"Non-Intersection","September","B: Evident Injury",16740,"Motorist Overtaking - Other / Unknown",2007,"No","Yes","Dark - Lighted Roadway","Straight - Level","State Secondary Route","Dry","Two-Way, Not Divided","None","No Special Feature","Smooth Asphalt",0,0,0,0,0,0,0,"2 lanes",2,0,NA,0,NA
2589,7184,"None - Rural Crash","Chatham","Piedmont","Farms, Woods, Pastures","Rural (<30% Developed)",NA,"Rural","50 - 55  MPH","Stop Sign","Clear","No",53,"50-59","No",NA,"With Traffic","B: Evident Injury","Travel Lane","White","Female",23,"20-24","No",NA,"51-55 mph","B: Evident Injury","White","Male","Sport Utility","No","31AUG2007","Friday","Other / Unusual Circumstances",8,"Intersection","August","B: Evident Injury",30120,"Unusual Circumstances",2007,"Yes","No","Daylight","Straight - Level","US Route","Dry","Two-Way, Divided, Unprotected Median","None","Four-Way Intersection","Coarse Asphalt",0,0,0,0,0,0,0,"2 lanes",4,0,NA,0,NA
2590,7185,"Asheville","Buncombe","Mountains","Residential","Urban (>70% Developed)",NA,"Urban","30 - 35  MPH","Stop Sign","Clear","No",23,"20-24","No",NA,"With Traffic","B: Evident Injury","Travel Lane","White","Female",38,"30-39","No",NA,"0-5 mph","O: No Injury","White","Female","Passenger Car","No","02SEP2007","Sunday","Motorist Failed to Yield - Sign-Controlled Intersection",10,"Intersection","September","B: Evident Injury",37800,"Motorist Drive Out - Sign-Controlled Intersection",2007,"Yes","No","Daylight","Straight - Bottom","Local Street","Dry","Two-Way, Not Divided","None","Four-Way Intersection","Coarse Asphalt",0,0,0,0,0,0,0,"2 lanes",2,0,NA,0,NA
2591,7192,"None - Rural Crash","Craven","Coastal","Residential","Urban (>70% Developed)",NA,"Rural","20 - 25  MPH","Stop Sign","Clear","No",7,"6-10","No",NA,NA,"B: Evident Injury","Travel Lane","Black","Male",25,"25-29","No",NA,"11-15 mph","O: No Injury","Black","Female","Van","No","04SEP2007","Tuesday","Bicyclist Failed to Yield - Sign-Controlled Intersection",15,"Intersection","September","B: Evident Injury",55800,"Bicyclist Ride Through - Sign-Controlled Intersection",2007,"No","No","Daylight","Straight - Level","Local Street","Dry","Two-Way, Not Divided","None","Four-Way Intersection","Smooth Asphalt",0,0,0,0,0,0,0,"2 lanes",2,0,NA,0,NA
2592,7194,"Winston-Salem","Forsyth","Piedmont","Commercial","Urban (>70% Developed)",NA,"Urban","40 - 45  MPH","No Control Present","Clear","No",52,"50-59","Yes",NA,"Facing Traffic","B: Evident Injury","Travel Lane","Black","Male",42,"40-49","No",NA,"41-45 mph","O: No Injury","White","Male","Sport Utility","Yes","05SEP2007","Wednesday","Bicyclist Failed to Yield - Sign-Controlled Intersection",20,"Intersection","September","B: Evident Injury",72300,"Bicyclist Ride Through - Sign-Controlled Intersection",2007,"Yes","No","Dark - Lighted Roadway","Straight - Level","Local Street","Dry","Two-Way, Not Divided","None","Four-Way Intersection","Smooth Asphalt",0,0,0,0,0,0,0,"2 lanes",2,0,NA,0,NA
2593,7197,"Raleigh","Wake","Piedmont","Residential","Mixed (30% To 70% Developed)",NA,"Urban","30 - 35  MPH","Stop Sign","Clear","No",21,"20-24","No",NA,"With Traffic","C: Possible Injury","Travel Lane","Unknown/Missing","Male",25,"25-29","No",NA,"6-10 mph","O: No Injury","Unknown/Missing","Female","Pickup","No","05SEP2007","Wednesday","Motorist Right Turn / Merge",16,"Intersection","September","C: Possible Injury",57600,"Motorist Right Turn - Same Direction",2007,"No","No","Daylight","Straight - Level","Local Street","Dry","Two-Way, Not Divided","None","Four-Way Intersection","Smooth Asphalt",0,0,0,0,0,0,0,"4 lanes",2,0,NA,0,NA
2594,7201,"None - Rural Crash","Gaston","Piedmont","Commercial","Rural (<30% Developed)",NA,"Rural","30 - 35  MPH","Stop And Go Signal","Clear","No",52,"50-59","No",NA,"With Traffic","B: Evident Injury","Travel Lane","White","Male",40,"40-49","No",NA,NA,"O: No Injury","White","Female","Passenger Car","No","06SEP2007","Thursday","Bicyclist Overtaking Motorist",12,"Intersection-Related","September","B: Evident Injury",44400,"Bicyclist Overtaking - Other / Unknown",2007,"No","No","Daylight","Straight - Level","State Secondary Route","Dry","Two-Way, Not Divided","None","Y-Intersection","Smooth Asphalt",0,0,0,0,0,0,0,"2 lanes",2,0,NA,0,NA
2595,7211,"Roxboro","Person","Piedmont","Residential","Mixed (30% To 70% Developed)",NA,"Urban","50 - 55  MPH","Double Yellow Line, No Passing Zone","Clear","No",50,"50-59","No",NA,"With Traffic","B: Evident Injury","Travel Lane","White","Male",21,"20-24","No",NA,"0-5 mph","O: No Injury","White","Male","Pickup","No","06SEP2007","Thursday","Backing Vehicle",12,"Non-Intersection","September","B: Evident Injury",43200,"Backing Vehicle",2007,"Yes","No","Daylight","Straight - Level","State Secondary Route","Dry","Two-Way, Not Divided","None","Driveway, Private","Smooth Asphalt",0,0,0,0,0,0,0,"2 lanes",2,0,NA,0,NA
2596,7217,"Raleigh","Wake","Piedmont","Residential","Urban (>70% Developed)",NA,"Urban","30 - 35  MPH","No Control Present","Clear","No",15,"11-15","No",NA,"With Traffic","C: Possible Injury","Travel Lane","Black","Male",47,"40-49","No",NA,"16-20 mph","O: No Injury","Black","Female","Sport Utility","No","07SEP2007","Friday","Motorist Overtaking Bicyclist",16,"Non-Intersection","September","C: Possible Injury",57600,"Motorist Overtaking - Bicyclist Swerved",2007,"Yes","No","Daylight","Straight - Level","Local Street","Dry","Two-Way, Not Divided","None","No Special Feature","Smooth Asphalt",0,0,0,0,0,0,0,"2 lanes",2,0,NA,0,NA
2597,7219,"High Point","Guilford","Piedmont","Residential","Urban (>70% Developed)",NA,"Urban","30 - 35  MPH","No Control Present","Clear","No",9,"6-10","No",NA,"Not Applicable","C: Possible Injury","Non-Roadway","Black","Male",42,"40-49","No",NA,"6-10 mph","O: No Injury","Black","Male","Passenger Car","No","08SEP2007","Saturday","Bicyclist Failed to Yield - Midblock",19,"Non-Intersection","September","C: Possible Injury",70020,"Bicyclist Ride Out - Other Midblock",2007,"Yes","No","Daylight","Straight - Level","Local Street","Dry","Two-Way, Not Divided","None","No Special Feature","Coarse Asphalt",0,0,0,0,0,0,0,"2 lanes",2,0,NA,0,NA
2598,7226,"None - Rural Crash","Johnston","Coastal","Residential","Mixed (30% To 70% Developed)",NA,"Rural","50 - 55  MPH","No Control Present","Clear","No",6,"6-10","No",NA,"Not Applicable","B: Evident Injury","Driveway / Alley","White","Male",18,"0-19","No",NA,"21-25 mph","O: No Injury","White","Male","Passenger Car","No","09SEP2007","Sunday","Bicyclist Failed to Yield - Midblock",17,"Non-Intersection","September","B: Evident Injury",61980,"Bicyclist Ride Out - Residential Driveway",2007,"Yes","No","Daylight","Straight - Grade","Public Vehicular Area","Dry","Two-Way, Not Divided","None","Driveway, Private","Coarse Asphalt",0,0,0,0,0,0,0,"2 lanes",2,0,NA,0,NA
2599,7228,"Indian Trail","Union","Piedmont","Commercial","Urban (>70% Developed)",NA,"Urban","40 - 45  MPH","Double Yellow Line, No Passing Zone","Clear","No",12,"11-15","No",NA,"Not Applicable","B: Evident Injury",NA,"White","Male",27,"25-29","No",NA,"26-30 mph","O: No Injury","White","Female","Passenger Car","No","12SEP2007","Wednesday","Bicyclist Failed to Yield - Midblock",16,"Non-Intersection","September","B: Evident Injury",58980,"Bicyclist Ride Out - Midblock - Unknown",2007,"Yes","No","Daylight","Straight - Hillcrest","State Secondary Route","Dry","Two-Way, Not Divided","None","No Special Feature","Smooth Asphalt",0,0,0,0,0,0,0,"2 lanes",2,0,NA,0,NA
2600,7235,"Wilmington","New Hanover","Coastal","Commercial","Urban (>70% Developed)",NA,"Urban","30 - 35  MPH","Stop And Go Signal","Clear","No",54,"50-59","No",NA,"Facing Traffic","C: Possible Injury","Sidewalk / Crosswalk / Driveway Crossing","Black","Male",56,"50-59","No",NA,"0-5 mph","O: No Injury","White","Male","Sport Utility","No","13SEP2007","Thursday","Motorist Failed to Yield - Signalized Intersection",15,"Intersection","September","C: Possible Injury",54120,"Motorist Drive Out - Right Turn on Red",2007,"Yes","No","Daylight","Straight - Level","Local Street","Dry","Two-Way, Not Divided","None","Four-Way Intersection","Smooth Asphalt",0,0,0,0,0,0,0,"3 lanes",2,0,NA,0,NA
2601,1212,"Morehead City","Carteret","Coastal","Commercial","Urban (>70% Developed)","PENNY LANE","Urban","20 - 25  MPH","Stop And Go Signal","Clear","No",52,"50-59","No",NA,"Facing Traffic","C: Possible Injury","Multi-use Path","Black","Male",35,"30-39","No",NA,"0-5 mph","O: No Injury","White","Female","Sport Utility","No","24MAY2013","Friday","Motorist Failed to Yield - Sign-Controlled Intersection",13,"Intersection","May","C: Possible Injury",48060,"Motorist Drive Out - Sign-Controlled Intersection",2013,"Yes","No","Daylight","Straight - Level","Local Street","Dry","Two-Way, Divided, Unprotected Median","None","T-Intersection","Smooth Asphalt",0,0,0,0,0,0,0,"2 lanes",2,0,NA,0,NA
2602,1230,"Charlotte","Mecklenburg","Piedmont","Residential","Urban (>70% Developed)","WILLIAM REYNOLDS DR","Urban","20 - 25  MPH","No Control Present","Clear","No",6,"6-10","No",NA,"Not Applicable","C: Possible Injury","Driveway / Alley","Black","Male",17,"0-19","No",NA,"21-25 mph","O: No Injury","Black","Male","Passenger Car","No","04JUL2013","Thursday","Bicyclist Failed to Yield - Midblock",13,"Non-Intersection","July","C: Possible Injury",48600,"Bicyclist Ride Out - Residential Driveway",2013,"No","No","Daylight","Straight - Level","Local Street","Dry","Two-Way, Not Divided","None","No Special Feature","Smooth Asphalt",0,0,0,0,0,0,0,"2 lanes",2,0,NA,0,NA
2603,1231,"None - Rural Crash","Davie","Piedmont","Residential","Rural (<30% Developed)","SR 1738","Rural","20 - 25  MPH","No Control Present","Clear","No",11,"11-15","No",NA,"Not Applicable","B: Evident Injury","Non-Roadway","White","Male",33,"30-39","No",NA,"21-25 mph","O: No Injury","White","Female","Passenger Car","No","28JUN2013","Friday","Bicyclist Failed to Yield - Midblock",17,"Non-Intersection","June","B: Evident Injury",61740,"Bicyclist Ride Out - Other Midblock",2013,"Yes","No","Daylight","Straight - Hillcrest","Private Road, Driveway","Dry","Two-Way, Not Divided","None","No Special Feature","Smooth Asphalt",0,0,0,0,0,0,0,"2 lanes",2,0,NA,0,NA
2604,1233,"Lumberton","Robeson","Coastal","Residential","Urban (>70% Developed)","E 1ST ST","Urban","20 - 25  MPH","No Control Present","Clear","No",59,"50-59","No",NA,"With Traffic","O: No Injury","Travel Lane","Black","Male",NA,NA,"Missing",NA,"21-25 mph","Unknown Injury","Unknown/Missing",NA,NA,"No","26MAY2013","Sunday","Motorist Overtaking Bicyclist",13,"Non-Intersection","May","O: No Injury",47400,"Motorist Overtaking - Other / Unknown",2013,"No","Yes","Daylight","Straight - Level","Local Street","Dry","Two-Way, Not Divided","None","No Special Feature","Coarse Asphalt",0,0,0,0,0,0,0,"2 lanes",2,0,NA,0,NA
2605,1302,"Wilmington","New Hanover","Coastal","Commercial","Urban (>70% Developed)","MARKET ST","Urban","40 - 45  MPH","No Control Present","Clear","No",21,"20-24","No",NA,"With Traffic","C: Possible Injury","Bike Lane / Paved Shoulder","White","Male",NA,NA,"Missing",NA,"41-45 mph","Unknown Injury","Unknown/Missing",NA,NA,"No","06JUL2013","Saturday","Motorist Overtaking Bicyclist",1,"Non-Intersection","July","C: Possible Injury",6660,"Motorist Overtaking - Other / Unknown",2013,"No","Yes","Dark - Lighted Roadway","Straight - Level","Local Street","Dry","Two-Way, Not Divided","None","No Special Feature","Smooth Asphalt",0,0,0,0,0,0,0,"5 lanes",2,0,NA,0,NA
2606,1287,"None - Rural Crash","Duplin","Coastal","Residential","Rural (<30% Developed)","SR 1502","Rural","50 - 55  MPH","No Control Present","Cloudy","No",48,"40-49","No",NA,"With Traffic","B: Evident Injury","Travel Lane","Hispanic","Male",NA,NA,"No",NA,"51-55 mph","Unknown Injury","Unknown/Missing",NA,NA,"No","03JUL2013","Wednesday","Motorist Overtaking Bicyclist",5,"Non-Intersection","July","B: Evident Injury",18000,"Motorist Overtaking - Other / Unknown",2013,"No","Yes","Dark - Roadway Not Lighted","Straight - Level","State Secondary Route","Wet","Two-Way, Not Divided","None","No Special Feature","Coarse Asphalt",0,0,0,0,0,0,0,"2 lanes",2,0,NA,0,NA
2607,1291,"Burlington","Alamance","Piedmont","Residential","Mixed (30% To 70% Developed)","SELLARS MILL RD","Urban","30 - 35  MPH","No Control Present","Clear","No",11,"11-15","No",NA,"With Traffic","C: Possible Injury","Travel Lane","Hispanic","Male",69,"60-69","No",NA,"31-35 mph","O: No Injury","White","Female","Passenger Car","No","22JUL2013","Monday","Motorist Overtaking Bicyclist",20,"Intersection-Related","July","C: Possible Injury",72600,"Motorist Overtaking - Bicyclist Swerved",2013,"Yes","No","Daylight","Straight - Level","Local Street","Dry","Two-Way, Divided, Unprotected Median","None","No Special Feature","Smooth Asphalt",0,0,0,0,0,0,0,"3 lanes",2,0,NA,0,NA
2608,1292,"Emerald Isle","Carteret","Coastal","Residential","Urban (>70% Developed)","NC 58","Rural","40 - 45  MPH","No Control Present","Clear","No",23,"20-24","No",NA,NA,"C: Possible Injury",NA,"White","Male",23,"20-24","No",NA,"6-10 mph","O: No Injury","White","Female","Passenger Car","No","06JUL2013","Saturday","Crossing Paths - Other Circumstances",12,"Intersection-Related","July","C: Possible Injury",43440,"Crossing Paths - Uncontrolled Intersection",2013,"No","No","Daylight","Straight - Level","NC Route","Dry","Two-Way, Not Divided","None","No Special Feature","Smooth Asphalt",0,0,0,0,0,0,0,"3 lanes",2,0,NA,0,NA
2609,1327,"Emerald Isle","Carteret","Coastal","Commercial","Urban (>70% Developed)","DEER HORN DUNES DR","Rural","20 - 25  MPH","Stop Sign","Clear","No",18,"16-19","No",NA,"Facing Traffic","C: Possible Injury","Sidewalk / Crosswalk / Driveway Crossing","White","Female",69,"60-69","No",NA,"0-5 mph","O: No Injury","White","Male","Sport Utility","No","05JUL2013","Friday","Crossing Paths - Other Circumstances",11,"Intersection","July","C: Possible Injury",40620,"Crossing Paths - Intersection - Other / Unknown",2013,"No","No","Daylight","Straight - Level","Local Street","Dry","Two-Way, Not Divided","None","Four-Way Intersection","Smooth Asphalt",0,0,0,0,0,0,0,"8 lanes",2,0,NA,0,NA
2610,1339,"Rocky Mount","Nash","Coastal","Residential","Urban (>70% Developed)","WEATHERVANE HILL DR","Urban","30 - 35  MPH","No Control Present","Clear","No",11,"11-15","No",NA,"With Traffic","O: No Injury","Travel Lane","Black","Male",NA,NA,"Missing",NA,NA,"Unknown Injury","Unknown/Missing",NA,"Passenger Car","No","27JUL2013","Saturday","Bicyclist Overtaking Motorist",20,"Non-Intersection","July","O: No Injury",72900,"Bicyclist Overtaking - Parked Vehicle",2013,"No","No","Dark - Lighted Roadway","Straight - Level","Local Street","Dry","Two-Way, Not Divided","None","No Special Feature","Smooth Asphalt",0,0,0,0,0,0,0,"2 lanes",2,0,NA,0,NA