"...1","object_id","city","county","region","development","locality","on_road","rural_urban","speed_limit","traffic_control","weather","workzone","bike_age","bike_age_group","bike_alcohol","bike_alcohol_drugs","bike_direction","bike_injury","bike_position","bike_race","bike_sex","driver_age","driver_age_group","driver_alcohol","driver_alcohol_drugs","driver_est_speed","driver_injury","driver_race","driver_sex","driver_vehicle_type","crash_alcohol","crash_date","crash_day","crash_group","crash_hour","crash_location","crash_month","crash_severity","crash_time","crash_type","crash_year","ambulance_req","hit_run","light_condition","road_character","road_class","road_condition","road_configuration","road_defects","road_feature","road_surface","num_bikes_ai","num_bikes_bi","num_bikes_ci","num_bikes_ki","num_bikes_no","num_bikes_to","num_bikes_ui","num_lanes","num_units","distance_mi_from","frm_road","rte_invd_cd","towrd_road"
2611,1330,"Chapel Hill","Orange","Piedmont","Commercial","Urban (>70% Developed)","US 15","Urban","40 - 45  MPH","No Control Present","Clear","No",NA,"70+","No",NA,"With Traffic","B: Evident Injury","Bike Lane / Paved Shoulder","White","Male",44,"40-49","No",NA,"41-45 mph","O: No Injury","White","Male","Tractor/Semi-Trailer","No","16JUL2013","Tuesday","Motorist Overtaking Bicyclist",16,"Non-Intersection","July","B: Evident Injury",60480,"Motorist Overtaking - Other / Unknown",2013,"Yes","No","Daylight","Straight - Level","US Route","Dry","Two-Way, Divided, Unprotected Median","None","No Special Feature","Smooth Asphalt",0,0,0,0,0,0,0,"4 lanes",2,0,NA,0,NA
2612,1342,"Durham","Durham","Piedmont","Residential","Urban (>70% Developed)","DUKE UNIVERSITY RD","Urban","30 - 35  MPH","No Control Present","Clear","No",25,"25-29","No",NA,"With Traffic","O: No Injury","Bike Lane / Paved Shoulder","White","Male",52,"50-59","No",NA,"0-5 mph","O: No Injury","Black","Female","Passenger Car","No","12AUG2013","Monday","Motorist Right Turn / Merge",9,"Intersection","August","O: No Injury",34500,"Motorist Right Turn - Same Direction",2013,"No","No","Daylight","Straight - Level","Local Street","Dry","Two-Way, Not Divided","None","No Special Feature","Smooth Asphalt",0,0,0,0,0,0,0,"2 lanes",2,0,NA,0,NA
2613,1392,"None - Rural Crash","Wilkes","Mountains","Residential","Mixed (30% To 70% Developed)","SR 1186","Rural",NA,"Double Yellow Line, No Passing Zone","Clear","No",NA,NA,"Missing",NA,"With Traffic","Unknown Injury","Driveway / Alley","Unknown/Missing",NA,NA,NA,"Missing",NA,NA,"Unknown Injury","Unknown/Missing",NA,NA,"No","25AUG2013","Sunday","Crossing Paths - Other Circumstances",16,"Intersection","August","A: Disabling Injury",58200,"Crossing Paths - Uncontrolled Intersection",2013,"Yes","No","Daylight","Straight - Level","State Secondary Route","Dry","Two-Way, Not Divided","None","Four-Way Intersection","Smooth Asphalt",0,0,0,0,0,0,0,"2 lanes",2,0,NA,0,NA
2614,1398,"Charlotte","Mecklenburg","Piedmont","Residential","Urban (>70% Developed)","BOULDER CREEK DR","Urban",NA,"Stop And Go Signal","Clear","No",63,"60-69","No",NA,"With Traffic","C: Possible Injury","Travel Lane","White","Male",22,"20-24","No",NA,NA,"O: No Injury","Black","Female","Passenger Car","No","30AUG2013","Friday","Motorist Failed to Yield - Sign-Controlled Intersection",11,"Intersection","August","C: Possible Injury",41820,"Motorist Drive Out - Sign-Controlled Intersection",2013,"No","No","Daylight","Straight - Level","Private Road, Driveway","Dry","Two-Way, Not Divided","None","T-Intersection","Smooth Asphalt",0,0,0,0,0,0,0,"2 lanes",2,0,NA,0,NA
2615,1380,"None - Rural Crash","Scotland","Coastal","Residential","Rural (<30% Developed)","US 501","Rural","50 - 55  MPH","No Control Present","Rain","No",35,"30-39","Yes",NA,"With Traffic","B: Evident Injury","Travel Lane","Native American","Male",45,"40-49","No",NA,"46-50 mph","O: No Injury","White","Male","Truck/Trailer","Yes","27JUL2013","Saturday","Motorist Overtaking Bicyclist",21,"Non-Intersection","July","B: Evident Injury",79020,"Motorist Overtaking - Bicyclist Swerved",2013,"Yes","No","Dark - Lighted Roadway","Straight - Level","US Route","Wet","Two-Way, Not Divided","None","No Special Feature","Smooth Asphalt",0,0,0,0,0,0,0,"2 lanes",2,0,NA,0,NA
2616,1400,"None - Rural Crash","Currituck","Coastal","Residential","Mixed (30% To 70% Developed)","NC 12","Rural","30 - 35  MPH","No Control Present","Clear","No",60,"60-69","No",NA,"With Traffic","B: Evident Injury","Bike Lane / Paved Shoulder","White","Male",NA,"70+","No",NA,"26-30 mph","O: No Injury","White","Male","Passenger Car","No","31AUG2013","Saturday","Motorist Left Turn / Merge",12,"Intersection","August","B: Evident Injury",46500,"Motorist Left Turn - Opposite Direction",2013,"Yes","No","Daylight","Straight - Level","NC Route","Dry","Two-Way, Not Divided","None","No Special Feature","Coarse Asphalt",0,0,0,0,0,0,0,"2 lanes",2,0,NA,0,NA
2617,1496,"Beaufort","Carteret","Coastal","Residential","Urban (>70% Developed)","WEST BEAUFORT RD","Rural","30 - 35  MPH","No Control Present","Clear","No",57,"50-59","No",NA,"With Traffic","C: Possible Injury","Travel Lane","White","Male",39,"30-39","No",NA,"31-35 mph","O: No Injury","White","Female","Passenger Car","No","24SEP2013","Tuesday","Motorist Overtaking Bicyclist",7,"Non-Intersection","September","C: Possible Injury",26400,"Motorist Overtaking - Undetected Bicyclist",2013,"No","No","Daylight","Straight - Level","Local Street","Dry","Two-Way, Not Divided","None","No Special Feature","Smooth Asphalt",0,0,0,0,0,0,0,"2 lanes",2,0,NA,0,NA
2618,1446,"None - Rural Crash","Lincoln","Piedmont","Farms, Woods, Pastures","Rural (<30% Developed)","US 321","Rural","40 - 45  MPH","Double Yellow Line, No Passing Zone","Clear","No",30,"30-39","No",NA,"With Traffic","C: Possible Injury","Travel Lane","White","Male",NA,NA,"Missing",NA,"41-45 mph","Unknown Injury","Unknown/Missing",NA,"Passenger Car","No","11SEP2013","Wednesday","Motorist Overtaking Bicyclist",6,"Non-Intersection","September","C: Possible Injury",24300,"Motorist Overtaking - Misjudged Space",2013,"No","Yes","Dawn","Straight - Grade","US Route","Dry","Two-Way, Not Divided","None","No Special Feature","Smooth Asphalt",0,0,0,0,0,0,0,"2 lanes",2,0,NA,0,NA
2619,1447,"Rocky Mount","Edgecombe","Coastal","Residential","Urban (>70% Developed)","MERCER ST","Urban","30 - 35  MPH","Stop Sign","Clear","No",17,"16-19","No",NA,"Facing Traffic","C: Possible Injury","Sidewalk / Crosswalk / Driveway Crossing","Black","Male",49,"40-49","No",NA,NA,"O: No Injury","Hispanic","Male","Sport Utility","No","05AUG2013","Monday","Motorist Failed to Yield - Sign-Controlled Intersection",15,"Intersection","August","C: Possible Injury",55380,"Motorist Drive Out - Sign-Controlled Intersection",2013,"Yes","No","Daylight","Straight - Level","Local Street","Dry","Two-Way, Not Divided","None","T-Intersection","Coarse Asphalt",0,0,0,0,0,0,0,"2 lanes",2,0,NA,0,NA
2620,1437,"Raleigh","Wake","Piedmont","Residential","Urban (>70% Developed)","CURRITUCK DR","Urban","30 - 35  MPH","No Control Present","Clear","No",40,"40-49","No",NA,"With Traffic","O: No Injury","Travel Lane","White","Male",NA,NA,"Missing",NA,"41-45 mph","Unknown Injury","Unknown/Missing",NA,"Passenger Car","No","09JUN2013","Sunday","Motorist Overtaking Bicyclist",19,"Non-Intersection","June","O: No Injury",70920,"Motorist Overtaking - Misjudged Space",2013,"Yes","Yes","Daylight","Straight - Level","Local Street","Dry","Two-Way, Not Divided","None","No Special Feature","Smooth Asphalt",0,0,0,0,0,0,0,"2 lanes",2,0,NA,0,NA
2621,1473,"Charlotte","Mecklenburg","Piedmont","Residential","Urban (>70% Developed)","REAGAN DR","Urban","30 - 35  MPH","Stop Sign","Clear","No",22,"20-24","No",NA,"With Traffic","C: Possible Injury","Travel Lane","Black","Male",NA,NA,"Missing",NA,"41-45 mph","Unknown Injury","Unknown/Missing",NA,NA,"No","18SEP2013","Wednesday","Motorist Overtaking Bicyclist",16,"Intersection","September","C: Possible Injury",57960,"Motorist Overtaking - Other / Unknown",2013,"No","Yes","Daylight","Straight - Grade","Local Street","Dry","Two-Way, Not Divided","None","T-Intersection","Smooth Asphalt",0,0,0,0,0,0,0,"2 lanes",2,0,NA,0,NA
2622,1445,"Thomasville","Davidson","Piedmont","Commercial","Urban (>70% Developed)","LEXINGTON AVE","Urban","30 - 35  MPH","Stop And Go Signal","Clear","No",67,"60-69","No",NA,"With Traffic","O: No Injury","Travel Lane","White","Male",26,"25-29","No",NA,NA,"O: No Injury","Black","Female","Passenger Car","No","10SEP2013","Tuesday","Motorist Left Turn / Merge",11,"Intersection","September","O: No Injury",39720,"Motorist Left Turn - Opposite Direction",2013,"Yes","No","Daylight","Straight - Level","Local Street","Dry","Two-Way, Not Divided","None","Four-Way Intersection","Smooth Asphalt",0,0,0,0,0,0,0,"3 lanes",2,0,NA,0,NA
2623,1412,"Kannapolis","Cabarrus","Piedmont","Residential","Urban (>70% Developed)","BRANTLEY RD","Urban","30 - 35  MPH","Stop Sign","Clear","No",11,"11-15","No",NA,"With Traffic","C: Possible Injury","Travel Lane","Black","Female",19,"0-19","No",NA,"31-35 mph","O: No Injury","White","Male","Sport Utility","No","11AUG2013","Sunday","Bicyclist Failed to Yield - Sign-Controlled Intersection",20,"Intersection","August","C: Possible Injury",74640,"Bicyclist Ride Through - Sign-Controlled Intersection",2013,"Yes","No","Dark - Roadway Not Lighted","Straight - Level","Local Street","Dry","Two-Way, Not Divided","None","Four-Way Intersection","Smooth Asphalt",0,0,0,0,0,0,0,"2 lanes",2,0,NA,0,NA
2624,1427,"Jacksonville","Onslow","Coastal","Commercial","Urban (>70% Developed)","NC 24","Urban","40 - 45  MPH","No Control Present","Cloudy","No",22,"20-24","No",NA,"Facing Traffic","B: Evident Injury","Travel Lane","Black","Male",26,"25-29","No",NA,"41-45 mph","O: No Injury","White","Male","Passenger Car","No","16AUG2013","Friday","Bicyclist Failed to Yield - Midblock",22,"Non-Intersection","August","B: Evident Injury",79440,"Bicyclist Ride Out - Midblock - Unknown",2013,"Yes","No","Dark - Lighted Roadway","Straight - Level","NC Route","Wet","Two-Way, Divided, Unprotected Median","None","No Special Feature","Smooth Asphalt",0,0,0,0,0,0,0,"6 lanes",2,0,NA,0,NA
2625,1403,"Charlotte","Mecklenburg","Piedmont","Residential","Urban (>70% Developed)","MICHAW CT","Urban","20 - 25  MPH","Stop Sign","Clear","No",11,"11-15","No",NA,"With Traffic","B: Evident Injury","Travel Lane","Black","Female",40,"40-49","No",NA,"11-15 mph","O: No Injury","Black","Male","Pickup","No","01SEP2013","Sunday","Bicyclist Failed to Yield - Sign-Controlled Intersection",13,"Intersection","September","B: Evident Injury",47460,"Bicyclist Ride Through - Sign-Controlled Intersection",2013,"Yes","No","Daylight","Straight - Bottom","Local Street","Dry","Two-Way, Not Divided","None","T-Intersection","Smooth Asphalt",0,0,0,0,0,0,0,"2 lanes",2,0,NA,0,NA
2626,1407,"Carrboro","Orange","Piedmont","Residential","Urban (>70% Developed)","S CAMELLIA","Urban","20 - 25  MPH","No Control Present","Clear","No",32,"30-39","No",NA,"With Traffic","O: No Injury","Travel Lane","Black","Male",NA,NA,"Missing",NA,NA,"Unknown Injury","Unknown/Missing",NA,"Passenger Car","No","14AUG2013","Wednesday","Bicyclist Overtaking Motorist",18,"Non-Intersection","August","O: No Injury",65040,"Bicyclist Overtaking - Parked Vehicle",2013,"No","No","Daylight","Straight - Level","Local Street","Dry","Two-Way, Not Divided","None","No Special Feature","Smooth Asphalt",0,0,0,0,0,0,0,"2 lanes",2,0,NA,0,NA
2627,1417,"None - Rural Crash","New Hanover","Coastal","Residential","Urban (>70% Developed)","SR 2022","Rural","30 - 35  MPH","No Control Present","Clear","No",11,"11-15","No",NA,"With Traffic","O: No Injury","Travel Lane","Black","Male",31,"30-39","No",NA,"11-15 mph","O: No Injury","Black","Male","Sport Utility","No","31AUG2013","Saturday","Bicyclist Left Turn / Merge",11,"Non-Intersection","August","O: No Injury",42360,"Bicyclist Left Turn - Same Direction",2013,"No","No","Daylight","Straight - Level","State Secondary Route","Dry","Two-Way, Not Divided","None","No Special Feature","Smooth Asphalt",0,0,0,0,0,0,0,"2 lanes",2,0,NA,0,NA
2628,1529,"Morehead City","Carteret","Coastal","Commercial","Urban (>70% Developed)","US 70","Urban","40 - 45  MPH","Stop And Go Signal","Clear","No",20,"20-24","No",NA,"Facing Traffic","C: Possible Injury","Travel Lane","White","Male",54,"50-59","No",NA,"0-5 mph","O: No Injury","White","Female","Sport Utility","No","05SEP2013","Thursday","Motorist Failed to Yield - Signalized Intersection",8,"Intersection","September","C: Possible Injury",31020,"Motorist Drive Out - Signalized Intersection",2013,"Yes","No","Daylight","Straight - Level","US Route","Dry","Two-Way, Divided, Unprotected Median","None","Four-Way Intersection","Smooth Asphalt",0,0,0,0,0,0,0,"4 lanes",2,0,NA,0,NA
2629,1527,"Durham","Durham","Piedmont","Commercial","Urban (>70% Developed)","HOLLOWAY ST","Urban","30 - 35  MPH","Stop And Go Signal","Clear","No",48,"40-49","No",NA,"With Traffic","B: Evident Injury","Travel Lane","White","Male",NA,NA,"Missing",NA,"21-25 mph","Unknown Injury","Unknown/Missing",NA,"Passenger Car","No","06OCT2013","Sunday","Motorist Right Turn / Merge",20,"Intersection","October","B: Evident Injury",73380,"Motorist Right Turn - Same Direction",2013,"Yes","Yes","Dark - Lighted Roadway","Straight - Level","Local Street","Dry","Two-Way, Not Divided","None","No Special Feature","Coarse Asphalt",0,0,0,0,0,0,0,"7 lanes",2,0,NA,0,NA
2630,1519,"None - Rural Crash","Guilford","Piedmont","Residential","Mixed (30% To 70% Developed)","NC 61","Rural","50 - 55  MPH","Double Yellow Line, No Passing Zone","Clear","No",63,"60-69","No",NA,"With Traffic","K: Killed","Travel Lane","White","Male",33,"30-39","No",NA,"41-45 mph","O: No Injury","White","Male","Van","No","30SEP2013","Monday","Bicyclist Left Turn / Merge",19,"Non-Intersection","September","K: Killed",69300,"Bicyclist Left Turn - Same Direction",2013,"Yes","No","Dark - Roadway Not Lighted","Straight - Level","NC Route","Dry","Two-Way, Not Divided","None","No Special Feature","Smooth Asphalt",0,0,0,0,0,0,0,"2 lanes",2,0,NA,0,NA
2631,1505,"Wilmington","New Hanover","Coastal","Commercial","Urban (>70% Developed)","GREENFIELD ST","Urban","30 - 35  MPH","Stop Sign","Clear","No",49,"40-49","No",NA,"With Traffic","K: Killed","Travel Lane","White","Male",59,"50-59","No",NA,"41-45 mph","O: No Injury","White","Female","Sport Utility","No","22AUG2013","Thursday","Motorist Overtaking Bicyclist",11,"Non-Intersection","August","K: Killed",42660,"Motorist Overtaking - Other / Unknown",2013,"Yes","No","Daylight","Straight - Level","Local Street","Dry","Two-Way, Not Divided","None","No Special Feature","Smooth Asphalt",0,0,0,0,0,0,0,"3 lanes",2,0,NA,0,NA
2632,1525,"Durham","Durham","Piedmont","Commercial","Urban (>70% Developed)","PVA 701 STADIUM DRIVE","Urban","5 - 15 MPH","No Control Present","Clear","No",32,"30-39","No",NA,"Not Applicable","O: No Injury","Non-Roadway","White","Male",46,"40-49","No",NA,"0-5 mph","O: No Injury","White","Male","Passenger Car","No","06OCT2013","Sunday","Non-Roadway",11,"Non-Roadway","October","O: No Injury",40620,"Non-Roadway",2013,"No","No","Daylight","Straight - Grade","Public Vehicular Area","Dry","Two-Way, Not Divided","None","No Special Feature","Smooth Asphalt",0,0,0,0,0,0,0,NA,2,0,NA,0,NA
2633,1014,"None - Rural Crash","Robeson","Coastal","Farms, Woods, Pastures","Rural (<30% Developed)","SR 1563","Rural","50 - 55  MPH","Double Yellow Line, No Passing Zone","Clear","No",12,"11-15","No",NA,"With Traffic","C: Possible Injury","Travel Lane","Native American","Female",59,"50-59","No",NA,"26-30 mph","O: No Injury","Native American","Female","Passenger Car","No","08APR2013","Monday","Motorist Overtaking Bicyclist",19,"Non-Intersection","April","C: Possible Injury",70740,"Motorist Overtaking - Other / Unknown",2013,"No","No","Daylight","Straight - Level","State Secondary Route","Dry","Two-Way, Not Divided","None","No Special Feature","Coarse Asphalt",0,0,0,0,0,0,0,"2 lanes",2,0,NA,0,NA
2634,1018,"Raleigh","Wake","Piedmont","Residential","Urban (>70% Developed)","SHERMAN AVE","Urban","20 - 25  MPH","Stop Sign","Clear","No",12,"11-15","No",NA,"With Traffic","C: Possible Injury","Travel Lane","Black","Male",21,"20-24","No",NA,"16-20 mph","O: No Injury","White","Female","Passenger Car","No","18APR2013","Thursday","Bicyclist Failed to Yield - Sign-Controlled Intersection",16,"Intersection","April","C: Possible Injury",60240,"Bicyclist Ride Through - Sign-Controlled Intersection",2013,"No","No","Daylight","Straight - Grade","Local Street","Dry","Two-Way, Not Divided","None","No Special Feature","Smooth Asphalt",0,0,0,0,0,0,0,"2 lanes",2,0,NA,0,NA
2635,1009,"Raleigh","Wake","Piedmont","Commercial","Urban (>70% Developed)","HAMMOND RD","Urban","40 - 45  MPH","Stop And Go Signal","Clear","No",47,"40-49","No",NA,"With Traffic","A: Disabling Injury","Travel Lane","Other","Male",23,"20-24","No",NA,"41-45 mph","O: No Injury","White","Male","Passenger Car","No","16APR2013","Tuesday","Bicyclist Failed to Yield - Signalized Intersection",17,"Intersection","April","A: Disabling Injury",62880,"Bicyclist Failed to Clear - Trapped",2013,"Yes","No","Daylight","Straight - Level","Local Street","Dry","Two-Way, Divided, Unprotected Median","None","Four-Way Intersection","Smooth Asphalt",0,0,0,0,0,0,0,"8 lanes",2,0,NA,0,NA
2636,1017,"Asheville","Buncombe","Mountains","Commercial","Urban (>70% Developed)","HAYWOOD RD","Urban","20 - 25  MPH","No Control Present","Clear","No",16,"16-19","No",NA,"With Traffic","B: Evident Injury","Travel Lane","White","Male",46,"40-49","No",NA,NA,"O: No Injury","White","Female","Passenger Car","No","10APR2013","Wednesday","Bicyclist Overtaking Motorist",13,"Non-Intersection","April","B: Evident Injury",50340,"Bicyclist Overtaking - Passing on Right",2013,"No","No","Daylight","Straight - Level","Local Street","Dry","Two-Way, Not Divided","None","No Special Feature","Smooth Asphalt",0,0,0,0,0,0,0,"3 lanes",2,0,NA,0,NA
2637,1641,"Greensboro","Guilford","Piedmont","Commercial","Urban (>70% Developed)","SILVER AV","Urban","30 - 35  MPH","Stop And Go Signal","Cloudy","No",22,"20-24","No",NA,"Facing Traffic","C: Possible Injury","Sidewalk / Crosswalk / Driveway Crossing","Black","Male",NA,NA,"Missing",NA,"6-10 mph","Unknown Injury","Unknown/Missing",NA,"Passenger Car","No","21NOV2013","Thursday","Motorist Failed to Yield - Sign-Controlled Intersection",11,"Intersection","November","C: Possible Injury",41100,"Motorist Drive Out - Sign-Controlled Intersection",2013,"Yes","Yes","Daylight","Straight - Level","Local Street","Dry","Two-Way, Not Divided","None","T-Intersection","Smooth Asphalt",0,0,0,0,0,0,0,"7 lanes",2,0,NA,0,NA
2638,1666,"Raleigh","Wake","Piedmont","Commercial","Urban (>70% Developed)","LASSITER MILL RD","Urban","30 - 35  MPH","Stop And Go Signal","Cloudy","No",37,"30-39","No",NA,"With Traffic","O: No Injury","Sidewalk / Crosswalk / Driveway Crossing","Hispanic","Male",45,"40-49","No",NA,"6-10 mph","O: No Injury","White","Female","Passenger Car","No","23NOV2013","Saturday","Bicyclist Failed to Yield - Signalized Intersection",15,"Intersection","November","O: No Injury",55860,"Bicyclist Ride Out - Signalized  Intersection",2013,"Yes","No","Daylight","Straight - Level","Local Street","Dry","Two-Way, Divided, Unprotected Median","None","Four-Way Intersection","Smooth Asphalt",0,0,0,0,0,0,0,"5 lanes",2,0,NA,0,NA
2639,1667,"Charlotte","Mecklenburg","Piedmont","Residential","Urban (>70% Developed)","KENSINGTON DR","Urban","20 - 25  MPH","Stop Sign","Cloudy","No",38,"30-39","No",NA,"Facing Traffic","C: Possible Injury","Sidewalk / Crosswalk / Driveway Crossing","Black","Male",37,"30-39","No",NA,NA,"O: No Injury","White","Male","Sport Utility","No","04DEC2013","Wednesday","Motorist Failed to Yield - Sign-Controlled Intersection",8,"Intersection","December","C: Possible Injury",32280,"Motorist Drive Out - Sign-Controlled Intersection",2013,"Yes","No","Daylight","Straight - Level","Local Street","Wet","Two-Way, Not Divided","None","No Special Feature","Smooth Asphalt",0,0,0,0,0,0,0,"2 lanes",2,0,NA,0,NA
2640,1650,"Charlotte","Mecklenburg","Piedmont","Commercial","Urban (>70% Developed)","EAST 3RD STREET","Urban","30 - 35  MPH","Stop And Go Signal","Clear","No",18,"16-19","No",NA,"Facing Traffic","B: Evident Injury","Sidewalk / Crosswalk / Driveway Crossing","Black","Male",39,"30-39","No",NA,"0-5 mph","O: No Injury","Black","Male","Passenger Car","No","21NOV2013","Thursday","Bicyclist Failed to Yield - Signalized Intersection",17,"Intersection","November","B: Evident Injury",63600,"Bicyclist Failed to Clear - Trapped",2013,"No","No","Dusk","Straight - Level","Local Street","Dry","One-Way, Not Divided","None","No Special Feature","Smooth Asphalt",0,0,0,0,0,0,0,"3 lanes",2,0,NA,0,NA
2641,1688,"Greensboro","Guilford","Piedmont","Residential","Urban (>70% Developed)","S HOLDEN RD","Urban","30 - 35  MPH","Stop And Go Signal","Clear","No",35,"30-39","No",NA,NA,"B: Evident Injury",NA,"White","Male",29,"25-29","Yes",NA,"46-50 mph","O: No Injury","White","Male","Passenger Car","Yes","15DEC2013","Sunday","Crossing Paths - Other Circumstances",23,"Intersection-Related","December","B: Evident Injury",82800,"Crossing Paths - Intersection - Other / Unknown",2013,"Yes","No","Dark - Lighted Roadway","Straight - Level","Local Street","Dry","Two-Way, Divided, Unprotected Median","None","Four-Way Intersection","Smooth Asphalt",0,0,0,0,0,0,0,"5 lanes",2,0,NA,0,NA
2642,1660,"Gastonia","Gaston","Piedmont","Residential","Urban (>70% Developed)","400 SCRUGGS ST","Urban","30 - 35  MPH","Stop Sign","Clear","No",17,"16-19","No",NA,"With Traffic","B: Evident Injury","Travel Lane","Black","Male",62,"60-69","No",NA,"11-15 mph","O: No Injury","Black","Female","Passenger Car","No","17SEP2013","Tuesday","Bicyclist Failed to Yield - Sign-Controlled Intersection",17,"Intersection","September","B: Evident Injury",62700,"Bicyclist Ride Through - Sign-Controlled Intersection",2013,"Yes","No","Daylight","Straight - Level","Local Street","Dry","Two-Way, Not Divided","None","T-Intersection","Coarse Asphalt",0,0,0,0,0,0,0,"2 lanes",2,0,NA,0,NA
2643,1679,"Wilmington","New Hanover","Coastal","Residential","Urban (>70% Developed)","RED CROSS ST","Urban","20 - 25  MPH","No Control Present","Clear","No",26,"25-29","No",NA,"With Traffic","C: Possible Injury","Travel Lane","White","Male",30,"30-39","No",NA,"21-25 mph","O: No Injury","Black","Female","Passenger Car","No","18NOV2013","Monday","Motorist Overtaking Bicyclist",11,"Intersection-Related","November","C: Possible Injury",42300,"Motorist Overtaking - Bicyclist Swerved",2013,"No","No","Daylight","Straight - Level","Local Street","Dry","Two-Way, Not Divided","None","Related To Intersection","Smooth Asphalt",0,0,0,0,0,0,0,"2 lanes",2,0,NA,0,NA
2644,1671,"Mooresville","Iredell","Piedmont","Residential","Urban (>70% Developed)","FOREST GLEN RD","Urban","20 - 25  MPH","Stop Sign","Clear","No",15,"11-15","No",NA,"Not Applicable","B: Evident Injury","Non-Roadway","White","Male",49,"40-49","No",NA,"6-10 mph","O: No Injury","White","Female","Passenger Car","No","23OCT2013","Wednesday","Crossing Paths - Other Circumstances",18,"Intersection-Related","October","B: Evident Injury",66420,"Crossing Paths - Intersection - Other / Unknown",2013,"Yes","No","Dusk","Straight - Level","Local Street","Dry","Two-Way, Not Divided","None","T-Intersection","Smooth Asphalt",0,0,0,0,0,0,0,"2 lanes",2,0,NA,0,NA
2645,1680,"Monroe","Union","Piedmont","Commercial","Mixed (30% To 70% Developed)","SKYWAY DR","Urban","30 - 35  MPH","Stop And Go Signal","Clear","No",NA,"70+","No",NA,"Facing Traffic","C: Possible Injury","Travel Lane","Hispanic","Male",48,"40-49","No",NA,"0-5 mph","O: No Injury","White","Female","Pickup","No","04NOV2013","Monday","Motorist Right Turn / Merge",11,"Intersection","November","C: Possible Injury",42060,"Motorist Right Turn - Opposite Direction",2013,"Yes","No","Daylight","Straight - Grade","State Secondary Route","Dry","Two-Way, Not Divided","None","Four-Way Intersection","Smooth Asphalt",0,0,0,0,0,0,0,"4 lanes",2,0,NA,0,NA
2646,1669,"Cary","Wake","Piedmont","Commercial","Urban (>70% Developed)","BUCK JONES RD","Urban",NA,"Stop Sign","Clear","No",43,"40-49","No",NA,"Facing Traffic","O: No Injury","Travel Lane","White","Female",18,"0-19","No",NA,NA,"C: Possible Injury","Black","Male","Pedalcycle","No","20OCT2013","Sunday","Motorist Failed to Yield - Midblock",15,"Non-Intersection","October","C: Possible Injury",55980,"Motorist Drive Out - Commercial Driveway / Alley",2013,"Yes","No","Daylight","Straight - Level","State Secondary Route","Dry","Two-Way, Not Divided","None","No Special Feature","Smooth Asphalt",0,0,0,0,0,0,0,"2 lanes",2,0,NA,0,NA
2647,1602,"Asheville","Buncombe","Mountains","Commercial","Urban (>70% Developed)","COXE AVE","Urban","30 - 35  MPH","Double Yellow Line, No Passing Zone","Clear","No",38,"30-39","No",NA,"With Traffic","B: Evident Injury","Bike Lane / Paved Shoulder","White","Female",64,"60-69","No",NA,NA,"O: No Injury","White","Female","Sport Utility","No","04OCT2013","Friday","Bicyclist Overtaking Motorist",18,"Non-Intersection","October","B: Evident Injury",67680,"Bicyclist Overtaking - Extended Door",2013,"Yes","No","Dark - Lighted Roadway","Straight - Level","Local Street","Dry","Two-Way, Not Divided","None","No Special Feature","Coarse Asphalt",0,0,0,0,0,0,0,"2 lanes",2,0,NA,0,NA
2648,1588,"Wilmington","New Hanover","Coastal","Industrial","Urban (>70% Developed)","S FRONT ST","Urban","30 - 35  MPH","No Control Present","Clear","No",28,"25-29","No",NA,"Facing Traffic","B: Evident Injury","Travel Lane","White","Male",24,"20-24","No",NA,"6-10 mph","O: No Injury","Black","Female","Passenger Car","No","17SEP2013","Tuesday","Motorist Failed to Yield - Sign-Controlled Intersection",11,"Intersection","September","B: Evident Injury",41220,"Motorist Drive Through - Sign-Controlled Intersection",2013,"No","No","Daylight","Straight - Grade","Local Street","Dry","Two-Way, Not Divided","None","No Special Feature","Coarse Asphalt",0,0,0,0,0,0,0,"2 lanes",2,0,NA,0,NA
2649,1598,"None - Rural Crash","Pitt","Coastal","Farms, Woods, Pastures","Rural (<30% Developed)","SR 1401","Rural","50 - 55  MPH","No Control Present","Clear","No",22,"20-24","Yes",NA,"With Traffic","B: Evident Injury","Travel Lane","Black","Male",59,"50-59","No",NA,"41-45 mph","O: No Injury","Black","Female","Passenger Car","Yes","28OCT2013","Monday","Motorist Overtaking Bicyclist",19,"Non-Intersection","October","B: Evident Injury",68760,"Motorist Overtaking - Undetected Bicyclist",2013,"Yes","No","Dark - Roadway Not Lighted","Straight - Level","State Secondary Route","Dry","Two-Way, Not Divided","None","No Special Feature","Coarse Asphalt",0,0,0,0,0,0,0,"2 lanes",2,0,NA,0,NA
2650,1591,"High Point","Guilford","Piedmont","Institutional","Urban (>70% Developed)","E COMMERCE","Urban","30 - 35  MPH","No Control Present","Clear","No",20,"20-24","No",NA,"With Traffic","C: Possible Injury","Sidewalk / Crosswalk / Driveway Crossing","Black","Male",36,"30-39","No",NA,"6-10 mph","O: No Injury","Black","Female","Passenger Car","No","23SEP2013","Monday","Loss of Control / Turning Error",8,"Non-Intersection","September","C: Possible Injury",31500,"Bicyclist Lost Control - Mechanical Problems",2013,"Yes","No","Daylight","Straight - Grade","Local Street","Dry","Two-Way, Not Divided","None","Driveway, Public","Smooth Asphalt",0,0,0,0,0,0,0,"2 lanes",2,0,NA,0,NA