"...1","object_id","city","county","region","development","locality","on_road","rural_urban","speed_limit","traffic_control","weather","workzone","bike_age","bike_age_group","bike_alcohol","bike_alcohol_drugs","bike_direction","bike_injury","bike_position","bike_race","bike_sex","driver_age","driver_age_group","driver_alcohol","driver_alcohol_drugs","driver_est_speed","driver_injury","driver_race","driver_sex","driver_vehicle_type","crash_alcohol","crash_date","crash_day","crash_group","crash_hour","crash_location","crash_month","crash_severity","crash_time","crash_type","crash_year","ambulance_req","hit_run","light_condition","road_character","road_class","road_condition","road_configuration","road_defects","road_feature","road_surface","num_bikes_ai","num_bikes_bi","num_bikes_ci","num_bikes_ki","num_bikes_no","num_bikes_to","num_bikes_ui","num_lanes","num_units","distance_mi_from","frm_road","rte_invd_cd","towrd_road"
2651,1597,"None - Rural Crash","Orange","Piedmont","Farms, Woods, Pastures","Rural (<30% Developed)","SR 1006","Rural","50 - 55  MPH","Double Yellow Line, No Passing Zone","Clear","No",61,"60-69","No",NA,"With Traffic","B: Evident Injury","Travel Lane","White","Male",43,"40-49","No",NA,"51-55 mph","O: No Injury","White","Male","Sport Utility","No","06SEP2013","Friday","Motorist Overtaking Bicyclist",16,"Non-Intersection","September","B: Evident Injury",60900,"Motorist Overtaking - Other / Unknown",2013,"No","No","Daylight","Straight - Grade","State Secondary Route","Dry","Two-Way, Not Divided","None","No Special Feature","Smooth Asphalt",0,0,0,0,0,0,0,"2 lanes",2,0,NA,0,NA
2652,1595,"None - Rural Crash","Robeson","Coastal","Farms, Woods, Pastures","Rural (<30% Developed)","SR 1777","Rural","50 - 55  MPH","No Control Present","Clear","No",13,"11-15","No",NA,"With Traffic","B: Evident Injury","Travel Lane","Native American","Male",26,"25-29","No",NA,"41-45 mph","O: No Injury","Hispanic","Male","Van","No","26OCT2013","Saturday","Bicyclist Left Turn / Merge",19,"Non-Intersection","October","B: Evident Injury",68520,"Bicyclist Left Turn - Same Direction",2013,"Yes","No","Dark - Roadway Not Lighted","Straight - Level","State Secondary Route","Dry","Two-Way, Not Divided","None","No Special Feature","Coarse Asphalt",0,0,0,0,0,0,0,"2 lanes",2,0,NA,0,NA
2653,1578,"Asheville","Buncombe","Mountains","Residential","Urban (>70% Developed)","DEAVERVIEW RD","Urban","30 - 35  MPH","No Control Present","Clear","No",36,"30-39","No",NA,"With Traffic","C: Possible Injury","Travel Lane","White","Female",36,"30-39","No",NA,"11-15 mph","O: No Injury","White","Male","Passenger Car","No","19SEP2013","Thursday","Motorist Left Turn / Merge",21,"Non-Intersection","September","C: Possible Injury",75660,"Motorist Left Turn - Opposite Direction",2013,"No","No","Dark - Lighted Roadway","Straight - Level","Local Street","Dry","Two-Way, Divided, Unprotected Median","None","No Special Feature","Smooth Asphalt",0,0,0,0,0,0,0,"2 lanes",2,0,NA,0,NA
2654,1585,"None - Rural Crash","Union","Piedmont","Farms, Woods, Pastures","Rural (<30% Developed)","SR 1740","Rural","50 - 55  MPH","No Control Present","Clear","No",58,"50-59","No",NA,NA,"C: Possible Injury","Travel Lane","Black","Male",43,"40-49","No",NA,"41-45 mph","O: No Injury","Black","Female","Passenger Car","No","08OCT2013","Tuesday","Parallel Paths - Other Circumstances",20,"Non-Intersection","October","C: Possible Injury",72780,"Parallel Paths - Other / Unknown",2013,"Yes","No","Dark - Roadway Not Lighted","Straight - Level","State Secondary Route","Dry","Two-Way, Not Divided","None","No Special Feature","Coarse Asphalt",0,0,0,0,0,0,0,"2 lanes",2,0,NA,0,NA
2655,1593,"New Bern","Craven","Coastal","Commercial","Urban (>70% Developed)","NEUSE BLVD","Urban","30 - 35  MPH","No Control Present","Clear","No",54,"50-59","No",NA,"Facing Traffic","C: Possible Injury","Bike Lane / Paved Shoulder","White","Female",46,"40-49","No",NA,"0-5 mph","O: No Injury","White","Female","Passenger Car","No","29OCT2013","Tuesday","Motorist Failed to Yield - Midblock",10,"Non-Intersection","October","C: Possible Injury",36780,"Motorist Drive Out - Commercial Driveway / Alley",2013,"Yes","No","Daylight","Straight - Level","Local Street","Dry","Two-Way, Not Divided","None","No Special Feature","Smooth Asphalt",0,0,0,0,0,0,0,"4 lanes",2,0,NA,0,NA
2656,1580,"Hickory","Catawba","Piedmont","Residential","Urban (>70% Developed)","NC 127","Urban","40 - 45  MPH","Stop Sign","Clear","No",12,"11-15","No",NA,"With Traffic","C: Possible Injury","Travel Lane","White","Male",18,"0-19","No",NA,"6-10 mph","O: No Injury","White","Female","Passenger Car","No","12SEP2013","Thursday","Motorist Right Turn / Merge",16,"Intersection","September","C: Possible Injury",59940,"Motorist Right Turn - Same Direction",2013,"Yes","No","Daylight","Straight - Level","NC Route","Dry","Two-Way, Divided, Unprotected Median","None","Related To Intersection","Coarse Asphalt",0,0,0,0,0,0,0,"5 lanes",2,0,NA,0,NA
2657,1626,"Raleigh","Wake","Piedmont","Commercial","Urban (>70% Developed)","PVA 5135 N NEW HOPE RD","Urban","5 - 15 MPH","No Control Present","Clear","No",18,"16-19","No",NA,"Facing Traffic","Unknown Injury","Sidewalk / Crosswalk / Driveway Crossing","Black","Male",NA,NA,"Missing",NA,"0-5 mph","Unknown Injury","Unknown/Missing",NA,"Sport Utility","No","03NOV2013","Sunday","Crossing Paths - Other Circumstances",15,"Non-Intersection","November","Unknown Injury",56040,"Crossing Paths - Midblock - Other / Unknown",2013,"Yes","Yes","Daylight","Straight - Level","Public Vehicular Area","Dry","Two-Way, Not Divided","None","No Special Feature","Smooth Asphalt",0,0,0,0,0,0,0,"2 lanes",2,0,NA,0,NA
2658,1613,"Durham","Durham","Piedmont","Residential","Urban (>70% Developed)","CECIL ST","Urban","30 - 35  MPH","Stop And Go Signal","Clear","No",NA,"70+","No",NA,"Facing Traffic","B: Evident Injury","Sidewalk / Crosswalk / Driveway Crossing","Black","Male",19,"0-19","No",NA,"0-5 mph","O: No Injury","Other","Female","Passenger Car","No","12NOV2013","Tuesday","Motorist Failed to Yield - Signalized Intersection",9,"Intersection","November","B: Evident Injury",32940,"Motorist Drive Out - Right Turn on Red",2013,"No","No","Daylight","Straight - Level","Local Street","Dry","Two-Way, Not Divided","None","No Special Feature","Smooth Asphalt",0,0,0,0,0,0,0,"2 lanes",2,0,NA,0,NA
2659,1618,"Raleigh","Wake","Piedmont","Commercial","Urban (>70% Developed)","POOLE RD","Urban","40 - 45  MPH","Stop And Go Signal","Clear","No",24,"20-24","No",NA,"With Traffic","C: Possible Injury","Travel Lane","White","Female",33,"30-39","No",NA,"6-10 mph","O: No Injury","Hispanic","Male","Passenger Car","No","30OCT2013","Wednesday","Motorist Failed to Yield - Signalized Intersection",19,"Intersection","October","C: Possible Injury",69900,"Motorist Drive Out - Right Turn on Red",2013,"Yes","No","Dark - Lighted Roadway","Straight - Grade","Local Street","Dry","Two-Way, Not Divided","None","Driveway, Public","Smooth Asphalt",0,0,0,0,0,0,0,"5 lanes",2,0,NA,0,NA
2660,1632,"Asheville","Buncombe","Mountains","Commercial","Urban (>70% Developed)","US 19","Urban","20 - 25  MPH","Double Yellow Line, No Passing Zone","Clear","No",26,"25-29","No",NA,"With Traffic","C: Possible Injury","Travel Lane","White","Female",NA,NA,"Missing",NA,"6-10 mph","Unknown Injury","Unknown/Missing",NA,NA,"No","15OCT2013","Tuesday","Motorist Left Turn / Merge",11,"Intersection","October","C: Possible Injury",39600,"Motorist Left Turn - Opposite Direction",2013,"No","Yes","Daylight","Straight - Level","US Route","Dry","Two-Way, Not Divided","None","T-Intersection","Coarse Asphalt",0,0,0,0,0,0,0,"4 lanes",2,0,NA,0,NA
2661,1627,"Durham","Durham","Piedmont","Commercial","Urban (>70% Developed)","NEAL RD","Urban","30 - 35  MPH","No Control Present","Cloudy","No",45,"40-49","No",NA,"With Traffic","C: Possible Injury","Travel Lane","White","Male",26,"25-29","No",NA,"31-35 mph","O: No Injury","Black","Female","Passenger Car","No","15NOV2013","Friday","Motorist Overtaking Bicyclist",20,"Non-Intersection","November","C: Possible Injury",74940,"Motorist Overtaking - Undetected Bicyclist",2013,"Yes","No","Dark - Roadway Not Lighted","Straight - Level","Local Street","Dry","Two-Way, Not Divided","None","No Special Feature","Coarse Asphalt",0,0,0,0,0,0,0,"2 lanes",2,0,NA,0,NA
2662,1638,"Albemarle","Stanly","Piedmont","Commercial","Urban (>70% Developed)","NC 24","Urban","40 - 45  MPH","No Control Present","Clear","No",13,"11-15","No",NA,"Not Applicable","C: Possible Injury","Non-Roadway","Black","Male",59,"50-59","No",NA,"41-45 mph","O: No Injury","White","Male","Pickup","No","19OCT2013","Saturday","Bicyclist Failed to Yield - Midblock",18,"Non-Intersection","October","C: Possible Injury",67440,"Bicyclist Ride Out - Commercial Driveway / Alley",2013,"No","No","Dusk","Straight - Level","NC Route","Dry","Two-Way, Divided, Unprotected Median","None","No Special Feature","Smooth Asphalt",0,0,0,0,0,0,0,"5 lanes",2,0,NA,0,NA
2663,1603,"Durham","Durham","Piedmont","Commercial","Urban (>70% Developed)","W CHAPEL HILL ST","Urban","30 - 35  MPH","Stop And Go Signal","Clear","No",28,"25-29","No",NA,"With Traffic","C: Possible Injury","Travel Lane","White","Male",22,"20-24","No",NA,"11-15 mph","O: No Injury","White","Male","Passenger Car","No","04NOV2013","Monday","Motorist Left Turn / Merge",19,"Intersection","November","C: Possible Injury",69540,"Motorist Left Turn - Opposite Direction",2013,"No","No","Dark - Lighted Roadway","Straight - Level","Local Street","Dry","Two-Way, Not Divided","None","No Special Feature","Coarse Asphalt",0,0,0,0,0,0,0,"2 lanes",2,0,NA,0,NA
2664,1605,"None - Rural Crash","Craven","Coastal","Residential","Urban (>70% Developed)","US 17","Rural","50 - 55  MPH","No Control Present","Cloudy","No",51,"50-59","No",NA,"With Traffic","B: Evident Injury","Travel Lane","White","Male",26,"25-29","No",NA,"56-60 mph","O: No Injury","White","Female","Sport Utility","No","06OCT2013","Sunday","Bicyclist Left Turn / Merge",16,"Non-Intersection","October","B: Evident Injury",59400,"Bicyclist Left Turn - Same Direction",2013,"No","No","Daylight","Straight - Level","US Route","Dry","Two-Way, Divided, Unprotected Median","None","No Special Feature","Smooth Asphalt",0,0,0,0,0,0,0,"4 lanes",2,0,NA,0,NA
2665,1617,"Wilson","Wilson","Coastal","Residential","Urban (>70% Developed)","ROUNTREE","Urban","30 - 35  MPH","Stop Sign","Rain","No",16,"16-19","No",NA,"With Traffic","B: Evident Injury","Sidewalk / Crosswalk / Driveway Crossing","Black","Male",24,"20-24","No",NA,"11-15 mph","O: No Injury","White","Male","Passenger Car","No","09OCT2013","Wednesday","Motorist Left Turn / Merge",16,"Intersection","October","B: Evident Injury",60600,"Motorist Left Turn - Opposite Direction",2013,"Yes","No","Daylight","Straight - Level","Local Street","Wet","Two-Way, Not Divided","None","Four-Way Intersection","Smooth Asphalt",0,0,0,0,0,0,0,"2 lanes",2,0,NA,0,NA
2666,1609,"Salisbury","Rowan","Piedmont","Commercial","Urban (>70% Developed)","PVA 850 W JAKE ALEXANDER","Urban",NA,"No Control Present","Clear","No",17,"16-19","No",NA,"Not Applicable","B: Evident Injury","Non-Roadway","Black","Male",24,"20-24","No",NA,"11-15 mph","O: No Injury","Black","Female","Passenger Car","No","11NOV2013","Monday","Non-Roadway",10,"Non-Roadway","November","B: Evident Injury",39060,"Non-Roadway",2013,"No","No","Daylight","Straight - Level","Public Vehicular Area","Dry","Two-Way, Not Divided","None","No Special Feature","Smooth Asphalt",0,0,0,0,0,0,0,NA,2,0,NA,0,NA
2667,1767,"Wilmington","New Hanover","Coastal","Commercial","Urban (>70% Developed)",NA,"Urban","40 - 45  MPH","Stop And Go Signal","Clear","No",23,"20-24","No",NA,"With Traffic","C: Possible Injury","Sidewalk / Crosswalk / Driveway Crossing","White","Male",21,"20-24","No",NA,"6-10 mph","O: No Injury","White","Male","Pickup","No","07JAN2012","Saturday","Crossing Paths - Other Circumstances",20,"Intersection","January","C: Possible Injury",72540,"Signalized Intersection - Other / Unknown",2012,"No","No","Dark - Lighted Roadway",NA,"NC Route","Dry","Two-Way, Divided, Positive Median Barrier","None","No Special Feature","Coarse Asphalt",0,0,0,0,0,0,0,"8 lanes",2,0,NA,0,NA
2668,1787,"Charlotte","Mecklenburg","Piedmont","Commercial","Urban (>70% Developed)",NA,"Urban","20 - 25  MPH","Stop Sign","Clear","No",22,"20-24","No",NA,"With Traffic","C: Possible Injury","Travel Lane","Black","Male",60,"60-69","No",NA,"0-5 mph","O: No Injury","Black","Female","Passenger Car","No","14FEB2012","Tuesday","Motorist Failed to Yield - Sign-Controlled Intersection",18,"Intersection","February","C: Possible Injury",68100,"Motorist Drive Through - Sign-Controlled Intersection",2012,"Yes","No","Dark - Roadway Not Lighted","Straight - Level","Local Street","Dry","Two-Way, Not Divided",NA,"T-Intersection","Smooth Asphalt",0,0,0,0,0,0,0,"2 lanes",2,0,NA,0,NA
2669,1796,"Wilmington","New Hanover","Coastal","Commercial","Mixed (30% To 70% Developed)",NA,"Urban","40 - 45  MPH","Flashing Stop And Go Signal","Clear","No",24,"20-24","No",NA,"Not Applicable","B: Evident Injury",NA,"White","Female",28,"25-29","No",NA,NA,"O: No Injury","White","Male","Passenger Car","No","01FEB2012","Wednesday","Bicyclist Failed to Yield - Midblock",12,"Non-Intersection","February","B: Evident Injury",44100,"Bicyclist Ride Out - Midblock - Unknown",2012,"Yes","No","Daylight","Straight - Level","NC Route","Dry","Two-Way, Divided, Unprotected Median","None","No Special Feature","Smooth Asphalt",0,0,0,0,0,0,0,"7 lanes",2,0,NA,0,NA
2670,1792,"Raleigh","Wake","Piedmont","Commercial","Urban (>70% Developed)",NA,"Urban","30 - 35  MPH","Yield Sign","Clear","No",21,"20-24","No",NA,"With Traffic","C: Possible Injury","Travel Lane","White","Male",16,"0-19","No",NA,"6-10 mph","O: No Injury","White","Female","Passenger Car","No","18FEB2012","Saturday","Motorist Failed to Yield - Sign-Controlled Intersection",18,"Intersection","February","C: Possible Injury",65580,"Motorist Drive Out - Sign-Controlled Intersection",2012,"Yes","No","Dusk","Straight - Level","Local Street","Dry","Two-Way, Divided, Unprotected Median","None","Traffic Circle/Roundabout","Smooth Asphalt",0,0,0,0,0,0,0,"2 lanes",2,0,NA,0,NA
2671,1795,"Gastonia","Gaston","Piedmont","Commercial","Urban (>70% Developed)",NA,"Urban","30 - 35  MPH","Stop And Go Signal","Clear","No",49,"40-49","No",NA,"Facing Traffic","B: Evident Injury","Sidewalk / Crosswalk / Driveway Crossing","Black","Male",26,"25-29","No",NA,"0-5 mph","O: No Injury","Black","Female","Pickup","No","03FEB2012","Friday","Motorist Failed to Yield - Signalized Intersection",9,"Intersection","February","B: Evident Injury",32940,"Motorist Drive Out - Right Turn on Red",2012,"Yes","No","Daylight","Straight - Level","Local Street","Dry","Two-Way, Not Divided","None","Four-Way Intersection","Coarse Asphalt",0,0,0,0,0,0,0,"3 lanes",2,0,NA,0,NA
2672,1784,"Wilmington","New Hanover","Coastal","Commercial","Urban (>70% Developed)",NA,"Urban","40 - 45  MPH","No Control Present","Clear","No",19,"16-19","No",NA,NA,"C: Possible Injury",NA,"White","Male",68,"60-69","No",NA,"11-15 mph","O: No Injury","White","Female","Passenger Car","No","12JAN2012","Thursday","Bicyclist Failed to Yield - Midblock",17,"Non-Intersection","January","C: Possible Injury",63240,"Bicyclist Ride Out - Midblock - Unknown",2012,"Yes","No","Dark - Lighted Roadway","Straight - Level","Local Street","Dry","Two-Way, Divided, Unprotected Median","None","No Special Feature","Smooth Asphalt",0,0,0,0,0,0,0,"7 lanes",2,0,NA,0,NA
2673,1789,"Chapel Hill","Orange","Piedmont","Institutional","Urban (>70% Developed)",NA,"Urban","30 - 35  MPH","Stop And Go Signal","Clear","No",18,"16-19","No",NA,"With Traffic","B: Evident Injury","Travel Lane","White","Male",45,"40-49","No",NA,"6-10 mph","O: No Injury","White","Male","Passenger Car","No","29JAN2012","Sunday","Motorist Left Turn / Merge",16,"Intersection","January","B: Evident Injury",60060,"Motorist Left Turn - Opposite Direction",2012,"Yes","No","Daylight","Straight - Level","Local Street","Dry","Two-Way, Not Divided","None","Four-Way Intersection","Coarse Asphalt",0,0,0,0,0,0,0,"4 lanes",2,0,NA,0,NA
2674,1565,"Fayetteville","Cumberland","Coastal","Commercial","Urban (>70% Developed)","PVA 240 GREEN ST","Urban","5 - 15 MPH","No Control Present","Clear","No",22,"20-24","No",NA,"Facing Traffic","B: Evident Injury","Sidewalk / Crosswalk / Driveway Crossing","Hispanic","Male",64,"60-69","No",NA,"11-15 mph","O: No Injury","White","Female","Sport Utility","No","27SEP2013","Friday","Motorist Failed to Yield - Midblock",12,"Non-Intersection","September","B: Evident Injury",43920,"Motorist Drive Out - Commercial Driveway / Alley",2013,"Yes","No","Daylight","Straight - Level","Public Vehicular Area","Dry","Two-Way, Not Divided","None","Driveway, Public","Concrete",0,0,0,0,0,0,0,"2 lanes",2,0,NA,0,NA
2675,1569,"None - Rural Crash","Pender","Coastal","Farms, Woods, Pastures","Rural (<30% Developed)","SR 1412","Rural","50 - 55  MPH","Double Yellow Line, No Passing Zone","Clear","No",46,"40-49","No",NA,"With Traffic","B: Evident Injury","Travel Lane","White","Male",NA,NA,"No",NA,"41-45 mph","Unknown Injury","Unknown/Missing",NA,"Sport Utility","No","11OCT2013","Friday","Motorist Overtaking Bicyclist",7,"Intersection-Related","October","B: Evident Injury",26100,"Motorist Overtaking - Other / Unknown",2013,"Yes","Yes","Daylight","Straight - Level","State Secondary Route","Dry","Two-Way, Not Divided","None","No Special Feature","Coarse Asphalt",0,0,0,0,0,0,0,"2 lanes",2,0,NA,0,NA
2676,1549,"Raleigh","Wake","Piedmont","Commercial","Urban (>70% Developed)","PVA 2231 AVENT FERRY RD","Urban","5 - 15 MPH","Stop Sign","Cloudy","No",23,"20-24","No",NA,"Facing Traffic","C: Possible Injury","Sidewalk / Crosswalk / Driveway Crossing","Asian","Female",18,"0-19","No",NA,"0-5 mph","O: No Injury","White","Male","Sport Utility","No","27SEP2013","Friday","Motorist Failed to Yield - Sign-Controlled Intersection",12,"Intersection","September","C: Possible Injury",45900,"Motorist Drive Out - Sign-Controlled Intersection",2013,"No","No","Daylight","Straight - Grade","Local Street","Dry","Two-Way, Not Divided","None","T-Intersection","Smooth Asphalt",0,0,0,0,0,0,0,"4 lanes",2,0,NA,0,NA
2677,1562,"Knightdale","Wake","Piedmont","Commercial","Urban (>70% Developed)","KNIGHTDALE BLVD","Urban","40 - 45  MPH","Stop And Go Signal","Cloudy","No",18,"16-19","Yes",NA,"With Traffic","B: Evident Injury","Travel Lane","Black","Female",23,"20-24","No",NA,"31-35 mph","O: No Injury","Black","Male","Passenger Car","Yes","11OCT2013","Friday","Bicyclist Failed to Yield - Signalized Intersection",23,"Intersection","October","B: Evident Injury",85080,"Bicyclist Failed to Clear - Unknown",2013,"Yes","No","Dark - Roadway Not Lighted","Straight - Level","Local Street","Dry","Two-Way, Divided, Unprotected Median","None","Four-Way Intersection","Coarse Asphalt",0,0,0,0,0,0,0,"8 lanes",2,0,NA,0,NA
2678,1556,"High Point","Guilford","Piedmont","Residential","Urban (>70% Developed)","E KIVETT","Urban","30 - 35  MPH","Stop And Go Signal","Clear","No",18,"16-19","No",NA,"With Traffic","B: Evident Injury","Travel Lane","Black","Male",NA,NA,"Missing",NA,NA,"Unknown Injury","Unknown/Missing",NA,"Passenger Car","No","10SEP2013","Tuesday","Motorist Failed to Yield - Signalized Intersection",21,"Intersection","September","B: Evident Injury",77400,"Motorist Drive Out - Signalized Intersection",2013,"No","Yes","Dark - Lighted Roadway","Straight - Level","Local Street","Dry","Two-Way, Not Divided","None","T-Intersection","Coarse Asphalt",0,0,0,0,0,0,0,"4 lanes",2,0,NA,0,NA
2679,1568,"None - Rural Crash","Wilkes","Mountains","Farms, Woods, Pastures","Rural (<30% Developed)","SR 1753","Rural","50 - 55  MPH","Double Yellow Line, No Passing Zone","Cloudy","No",58,"50-59","No",NA,"With Traffic","B: Evident Injury","Travel Lane","White","Male",42,"40-49","No",NA,"41-45 mph","O: No Injury","White","Male","Pickup","No","19OCT2013","Saturday","Motorist Overtaking Bicyclist",16,"Non-Intersection","October","B: Evident Injury",58620,"Motorist Overtaking - Misjudged Space",2013,"Yes","No","Daylight","Straight - Level","State Secondary Route","Wet","Two-Way, Not Divided","None","No Special Feature","Smooth Asphalt",0,0,0,0,0,0,0,"2 lanes",2,0,NA,0,NA
2680,1572,"None - Rural Crash","Dare","Coastal","Commercial","Urban (>70% Developed)","NC 12","Rural","40 - 45  MPH","No Control Present","Clear","No",27,"25-29","No",NA,"Facing Traffic","C: Possible Injury","Sidewalk / Crosswalk / Driveway Crossing","White","Male",41,"40-49","No",NA,"0-5 mph","O: No Injury","White","Male","Sport Utility","No","01OCT2013","Tuesday","Crossing Paths - Other Circumstances",10,"Intersection","October","C: Possible Injury",38520,"Crossing Paths - Uncontrolled Intersection",2013,"No","No","Daylight","Straight - Level","Local Street","Dry","Two-Way, Not Divided","None","T-Intersection","Coarse Asphalt",0,0,0,0,0,0,0,"2 lanes",2,0,NA,0,NA
2681,1560,"Kinston","Lenoir","Coastal","Commercial","Urban (>70% Developed)","NC 58","Urban","20 - 25  MPH","Stop And Go Signal","Clear","No",48,"40-49","No",NA,"With Traffic","C: Possible Injury","Travel Lane","Black","Male",NA,NA,"Missing",NA,NA,"Unknown Injury","Unknown/Missing",NA,"Passenger Car","No","17OCT2013","Thursday","Motorist Overtaking Bicyclist",9,"Non-Intersection","October","C: Possible Injury",35100,"Motorist Overtaking - Other / Unknown",2013,"No","Yes","Daylight","Straight - Level","State Secondary Route","Dry","Two-Way, Not Divided","None","Four-Way Intersection","Coarse Asphalt",0,0,0,0,0,0,0,"4 lanes",2,0,NA,0,NA
2682,1557,"Wilmington","New Hanover","Coastal","Commercial","Urban (>70% Developed)","S KERR AVE","Urban","40 - 45  MPH","Stop And Go Signal","Cloudy","No",19,"16-19","No",NA,"With Traffic","B: Evident Injury","Travel Lane","White","Male",69,"60-69","No",NA,"31-35 mph","O: No Injury","Black","Female","Passenger Car","No","20SEP2013","Friday","Motorist Right Turn / Merge",11,"Non-Intersection","September","B: Evident Injury",40920,"Motorist Right Turn - Same Direction",2013,"No","No","Daylight","Straight - Level","Local Street","Dry","Two-Way, Divided, Unprotected Median","None","No Special Feature","Smooth Asphalt",0,0,0,0,0,0,0,"4 lanes",2,0,NA,0,NA
2683,1564,"Brevard","Transylvania","Mountains","Residential","Mixed (30% To 70% Developed)","GREENVILLE HWY (276)","Urban","30 - 35  MPH","No Control Present","Clear","No",10,"6-10","No",NA,"Not Applicable","C: Possible Injury","Non-Roadway","White","Male",NA,"70+","No",NA,"0-5 mph","O: No Injury","White","Female","Passenger Car","No","19MAR2013","Tuesday","Non-Roadway",9,"Non-Roadway","March","C: Possible Injury",35700,"Non-Roadway",2013,"Yes","No","Daylight","Straight - Hillcrest","Local Street","Dry","Two-Way, Not Divided","None","No Special Feature","Smooth Asphalt",0,0,0,0,0,0,0,"2 lanes",2,0,NA,0,NA
2684,1741,"Wilmington","New Hanover","Coastal","Commercial","Urban (>70% Developed)","S COLLEGE RD","Urban","40 - 45  MPH","Stop And Go Signal","Clear","No",42,"40-49","No",NA,"Facing Traffic","B: Evident Injury","Travel Lane","White","Male",24,"20-24","No",NA,"0-5 mph","O: No Injury","Black","Female","Sport Utility","No","28DEC2013","Saturday","Motorist Failed to Yield - Signalized Intersection",18,"Intersection","December","B: Evident Injury",67080,"Motorist Drive Out - Signalized Intersection",2013,"Yes","No","Dark - Lighted Roadway","Straight - Level","NC Route","Dry","Two-Way, Divided, Unprotected Median","None","T-Intersection","Smooth Asphalt",0,0,0,0,0,0,0,"4 lanes",2,0,NA,0,NA
2685,1742,"Elon","Alamance","Piedmont","Commercial","Urban (>70% Developed)","W HAGGARD AVE","Urban","30 - 35  MPH","Stop Sign","Clear","No",54,"50-59","No",NA,NA,"C: Possible Injury","Travel Lane","White","Male",56,"50-59","No",NA,"31-35 mph","O: No Injury","White","Male","Single Unit Truck (3 Or More Axles)","No","26DEC2013","Thursday","Bicyclist Failed to Yield - Sign-Controlled Intersection",11,"Intersection-Related","December","C: Possible Injury",39600,"Bicyclist Ride Through - Sign-Controlled Intersection",2013,"No","No","Daylight","Straight - Level","Local Street","Dry","Two-Way, Not Divided","None","T-Intersection","Smooth Asphalt",0,0,0,0,0,0,0,"2 lanes",2,0,NA,0,NA
2686,1716,"New Bern","Craven","Coastal","Residential","Urban (>70% Developed)","COLONIAL DRIVE","Urban","30 - 35  MPH","Stop Sign","Clear","No",45,"40-49","No",NA,"With Traffic","B: Evident Injury","Travel Lane","White","Male",23,"20-24","No",NA,"0-5 mph","O: No Injury","Black","Female","Passenger Car","No","16DEC2013","Monday","Motorist Failed to Yield - Sign-Controlled Intersection",18,"Intersection","December","B: Evident Injury",65400,"Motorist Drive Through - Sign-Controlled Intersection",2013,"Yes","No","Dark - Lighted Roadway","Straight - Level","Local Street","Dry","Two-Way, Not Divided","None","Four-Way Intersection","Smooth Asphalt",0,0,0,0,0,0,0,"2 lanes",2,0,NA,0,NA
2687,1730,"Ahoskie","Hertford","Coastal","Residential","Urban (>70% Developed)","HAYES ST","Rural","30 - 35  MPH","No Control Present","Cloudy","No",30,"30-39","No",NA,"With Traffic","C: Possible Injury","Travel Lane","Black","Male",NA,NA,"Missing",NA,"11-15 mph","Unknown Injury","Unknown/Missing",NA,NA,"No","14OCT2013","Monday","Motorist Overtaking Bicyclist",21,"Intersection-Related","October","C: Possible Injury",76200,"Motorist Overtaking - Other / Unknown",2013,"Yes","Yes","Daylight","Straight - Level","Local Street","Dry","Two-Way, Not Divided","None","No Special Feature","Coarse Asphalt",0,0,0,0,0,0,0,"2 lanes",2,0,NA,0,NA
2688,1735,"Chadbourn","Columbus","Coastal","Residential","Urban (>70% Developed)","EAST INSTITUTE ST","Rural","30 - 35  MPH","No Control Present","Clear","No",54,"50-59","No",NA,"With Traffic","B: Evident Injury","Travel Lane","Native American","Male",65,"60-69","No",NA,"31-35 mph","O: No Injury","Black","Female","Passenger Car","No","22DEC2013","Sunday","Motorist Overtaking Bicyclist",17,"Non-Intersection","December","B: Evident Injury",62400,"Motorist Overtaking - Bicyclist Swerved",2013,"Yes","No","Daylight","Straight - Level","Local Street","Dry","Two-Way, Not Divided","None","No Special Feature","Smooth Asphalt",0,0,0,0,0,0,0,"2 lanes",2,0,NA,0,NA
2689,1703,"Cary","Wake","Piedmont","Commercial","Urban (>70% Developed)","NC 54","Urban","40 - 45  MPH","No Control Present","Clear","No",63,"60-69","No",NA,"With Traffic","C: Possible Injury","Travel Lane","White","Male",NA,"70+","No",NA,"26-30 mph","O: No Injury","Hispanic","Male","Sport Utility","No","14NOV2013","Thursday","Motorist Overtaking Bicyclist",18,"Non-Intersection","November","C: Possible Injury",65940,"Motorist Overtaking - Undetected Bicyclist",2013,"No","No","Dark - Roadway Not Lighted","Curve - Level","NC Route","Dry","Two-Way, Not Divided","None","No Special Feature","Smooth Asphalt",0,0,0,0,0,0,0,"2 lanes",2,0,NA,0,NA