"...1","object_id","city","county","region","development","locality","on_road","rural_urban","speed_limit","traffic_control","weather","workzone","bike_age","bike_age_group","bike_alcohol","bike_alcohol_drugs","bike_direction","bike_injury","bike_position","bike_race","bike_sex","driver_age","driver_age_group","driver_alcohol","driver_alcohol_drugs","driver_est_speed","driver_injury","driver_race","driver_sex","driver_vehicle_type","crash_alcohol","crash_date","crash_day","crash_group","crash_hour","crash_location","crash_month","crash_severity","crash_time","crash_type","crash_year","ambulance_req","hit_run","light_condition","road_character","road_class","road_condition","road_configuration","road_defects","road_feature","road_surface","num_bikes_ai","num_bikes_bi","num_bikes_ci","num_bikes_ki","num_bikes_no","num_bikes_to","num_bikes_ui","num_lanes","num_units","distance_mi_from","frm_road","rte_invd_cd","towrd_road"
2690,1756,"Raleigh","Wake","Piedmont","Commercial","Urban (>70% Developed)",NA,"Urban","30 - 35  MPH","No Control Present","Clear","No",41,"40-49","No",NA,"Not Applicable","C: Possible Injury","Non-Roadway","White","Male",41,"40-49","No",NA,"6-10 mph","O: No Injury","White","Female","Passenger Car","No","10JAN2012","Tuesday","Motorist Right Turn / Merge",14,"Non-Intersection","January","C: Possible Injury",50700,"Motorist Right Turn - Same Direction",2012,"No","No","Daylight","Straight - Grade","Local Street","Dry","Two-Way, Divided, Unprotected Median","None","No Special Feature","Smooth Asphalt",0,0,0,0,0,0,0,"4 lanes",2,0,NA,0,NA
2691,1758,"Charlotte","Mecklenburg","Piedmont","Residential","Mixed (30% To 70% Developed)",NA,"Urban","50 - 55  MPH","No Control Present","Cloudy","No",15,"11-15","No",NA,"With Traffic","B: Evident Injury","Travel Lane","Black","Male",56,"50-59","No",NA,"41-45 mph","O: No Injury","White","Male","Passenger Car","No","12JAN2012","Thursday","Bicyclist Left Turn / Merge",17,"Non-Intersection","January","B: Evident Injury",61980,"Bicyclist Left Turn - Same Direction",2012,"No","No","Daylight","Straight - Grade","NC Route","Dry","Two-Way, Not Divided","None","No Special Feature","Smooth Asphalt",0,0,0,0,0,0,0,"2 lanes",2,0,NA,0,NA
2692,1692,"Chapel Hill","Orange","Piedmont","Institutional","Urban (>70% Developed)","ARBORETUM LN","Urban","5 - 15 MPH","No Control Present","Clear","No",18,"16-19","No",NA,"Not Applicable","C: Possible Injury","Sidewalk / Crosswalk / Driveway Crossing","White","Male",43,"40-49","No",NA,"0-5 mph","C: Possible Injury","White","Male","Pickup","No","24SEP2013","Tuesday","Non-Roadway",16,"Non-Roadway","September","C: Possible Injury",59340,"Non-Roadway",2013,"No","No","Daylight","Straight - Level","Public Vehicular Area","Dry","Two-Way, Not Divided","None","Driveway, Public","Other",0,0,0,0,0,0,0,"1 lane",2,0,NA,0,NA
2693,1710,"Boone","Watauga","Mountains","Commercial","Urban (>70% Developed)","NC 105","Urban","30 - 35  MPH","Stop And Go Signal","Clear","No",20,"20-24","No",NA,"With Traffic","O: No Injury","Travel Lane","White","Male",64,"60-69","No",NA,NA,"O: No Injury","White","Male","Pickup","No","14NOV2013","Thursday","Bicyclist Overtaking Motorist",16,"Intersection","November","O: No Injury",59700,"Bicyclist Overtaking - Other / Unknown",2013,"No","No","Daylight","Straight - Level","NC Route","Dry","Two-Way, Not Divided","None","T-Intersection","Coarse Asphalt",0,0,0,0,0,0,0,"5 lanes",2,0,NA,0,NA
2694,1828,"Wilmington","New Hanover","Coastal","Residential","Urban (>70% Developed)",NA,"Urban","30 - 35  MPH","Stop Sign","Clear","No",24,"20-24","No",NA,"With Traffic","C: Possible Injury","Sidewalk / Crosswalk / Driveway Crossing","Black","Female",21,"20-24","No",NA,"6-10 mph","O: No Injury","White","Male","Sport Utility","No","14FEB2012","Tuesday","Motorist Failed to Yield - Sign-Controlled Intersection",18,"Intersection","February","C: Possible Injury",68040,"Motorist Drive Out - Sign-Controlled Intersection",2012,"Yes","No","Dark - Lighted Roadway","Straight - Level","Local Street","Dry","One-Way, Not Divided","None","No Special Feature","Smooth Asphalt",0,0,0,0,0,0,0,"2 lanes",2,0,NA,0,NA
2695,1801,"Hickory","Catawba","Piedmont","Commercial","Urban (>70% Developed)",NA,"Urban","30 - 35  MPH","Stop And Go Signal","Clear","No",47,"40-49","No",NA,"Not Applicable","C: Possible Injury","Non-Roadway","Black","Male",NA,NA,"No",NA,NA,"Unknown Injury","Unknown/Missing",NA,NA,"No","06FEB2012","Monday","Crossing Paths - Other Circumstances",18,"Intersection","February","C: Possible Injury",67680,"Signalized Intersection - Other / Unknown",2012,"Yes","Yes","Dark - Lighted Roadway","Straight - Grade","Local Street",NA,"Two-Way, Divided, Unprotected Median",NA,"No Special Feature","Smooth Asphalt",0,0,0,0,0,0,0,"5 lanes",2,0,NA,0,NA
2696,1827,"Charlotte","Mecklenburg","Piedmont","Residential","Urban (>70% Developed)",NA,"Urban","30 - 35  MPH","Stop Sign","Clear","No",20,"20-24","Missing",NA,"Facing Traffic","B: Evident Injury","Travel Lane","Asian","Male",23,"20-24","No",NA,"6-10 mph","O: No Injury","Asian","Female","Passenger Car","No","11MAR2012","Sunday","Motorist Failed to Yield - Sign-Controlled Intersection",15,"Intersection","March","B: Evident Injury",56220,"Motorist Drive Out - Sign-Controlled Intersection",2012,"No","No","Daylight","Straight - Level","Local Street","Dry","Two-Way, Divided, Unprotected Median","None","No Special Feature","Smooth Asphalt",0,0,0,0,0,0,0,"9 or more lanes",2,0,NA,0,NA
2697,1810,"None - Rural Crash","Buncombe","Mountains","Residential","Urban (>70% Developed)",NA,"Rural","30 - 35  MPH","Double Yellow Line, No Passing Zone","Clear","No",24,"20-24","No",NA,"With Traffic","C: Possible Injury","Travel Lane","White","Male",36,"30-39","No",NA,"16-20 mph","O: No Injury","White","Male","Passenger Car","No","01MAR2012","Thursday","Bicyclist Left Turn / Merge",17,"Intersection","March","C: Possible Injury",64140,"Bicyclist Left Turn - Same Direction",2012,"No","No","Daylight","Straight - Level","State Secondary Route","Dry","Two-Way, Not Divided","None","T-Intersection","Coarse Asphalt",0,0,0,0,0,0,0,"2 lanes",2,0,NA,0,NA
2698,1848,"Pinehurst","Moore","Piedmont","Residential","Mixed (30% To 70% Developed)",NA,"Urban","30 - 35  MPH","Stop Sign","Clear","No",NA,NA,"Yes",NA,"With Traffic","Unknown Injury","Travel Lane","Unknown/Missing",NA,63,"60-69","No",NA,"6-10 mph","O: No Injury","White","Male","Pickup","Yes","28FEB2012","Tuesday","Motorist Failed to Yield - Sign-Controlled Intersection",7,"Intersection","February","O: No Injury",25800,"Motorist Drive Out - Sign-Controlled Intersection",2012,"No","No","Daylight","Straight - Level","NC Route","Dry","Two-Way, Not Divided","None","T-Intersection","Smooth Asphalt",0,0,0,0,0,0,0,"2 lanes",2,0,NA,0,NA
2699,1820,"Greensboro","Guilford","Piedmont","Residential","Urban (>70% Developed)",NA,"Urban","30 - 35  MPH","No Control Present","Rain","No",32,"30-39","No",NA,"With Traffic","B: Evident Injury","Travel Lane","Hispanic","Male",NA,"70+","No",NA,"31-35 mph","O: No Injury","Hispanic","Male","Passenger Car","No","16FEB2012","Thursday","Motorist Overtaking Bicyclist",19,"Non-Intersection","February","B: Evident Injury",70980,"Motorist Overtaking - Other / Unknown",2012,"Yes","No","Dark - Lighted Roadway","Straight - Level","Local Street","Wet","Two-Way, Not Divided","None","No Special Feature","Smooth Asphalt",0,0,0,0,0,0,0,"5 lanes",2,0,NA,0,NA
2700,1850,"Gastonia","Gaston","Piedmont","Residential","Urban (>70% Developed)",NA,"Urban","30 - 35  MPH","Stop Sign","Cloudy","No",26,"25-29","No",NA,"With Traffic","C: Possible Injury","Travel Lane","White","Male",42,"40-49","No",NA,"16-20 mph","O: No Injury","Black","Male","Van","No","08MAR2012","Thursday","Bicyclist Failed to Yield - Sign-Controlled Intersection",15,"Intersection","March","C: Possible Injury",55320,"Bicyclist Ride Through - Sign-Controlled Intersection",2012,"Yes","No","Daylight","Straight - Grade","Local Street","Dry","Two-Way, Not Divided","None","Four-Way Intersection","Coarse Asphalt",0,0,0,0,0,0,0,"2 lanes",2,0,NA,0,NA
2701,5424,"Charlotte","Mecklenburg","Piedmont","Commercial","Urban (>70% Developed)",NA,"Urban","5 - 15 MPH","Stop Sign","Clear","No",17,"16-19","No",NA,"Facing Traffic","C: Possible Injury","Travel Lane","Black","Male",NA,NA,"Missing",NA,"6-10 mph","Unknown Injury","Unknown/Missing",NA,NA,"No","05SEP2009","Saturday","Motorist Failed to Yield - Sign-Controlled Intersection",20,"Intersection","September","C: Possible Injury",73440,"Motorist Drive Out - Sign-Controlled Intersection",2009,"Yes","Yes","Dark - Lighted Roadway","Straight - Level","Local Street","Dry","Two-Way, Divided, Positive Median Barrier","None","T-Intersection","Smooth Asphalt",0,0,0,0,0,0,0,"2 lanes",2,0,NA,0,NA
2702,5428,"Charlotte","Mecklenburg","Piedmont","Commercial","Urban (>70% Developed)",NA,"Urban","30 - 35  MPH","Flashing Signal With Stop Sign","Clear","No",35,"30-39","No",NA,"With Traffic","C: Possible Injury","Travel Lane","White","Male",NA,"70+","No",NA,"6-10 mph","O: No Injury","Black","Female","Passenger Car","No","29SEP2009","Tuesday","Motorist Failed to Yield - Sign-Controlled Intersection",19,"Intersection","September","C: Possible Injury",70800,"Motorist Drive Out - Sign-Controlled Intersection",2009,"No","No","Dark - Lighted Roadway","Straight - Level","Local Street","Dry","Two-Way, Not Divided","None","No Special Feature","Smooth Asphalt",0,0,0,0,0,0,0,"2 lanes",2,0,NA,0,NA
2703,5429,"Fayetteville","Cumberland","Coastal","Commercial","Urban (>70% Developed)",NA,"Urban","30 - 35  MPH","No Control Present","Clear","No",23,"20-24","No",NA,"Facing Traffic","C: Possible Injury","Sidewalk / Crosswalk / Driveway Crossing","Black","Male",57,"50-59","No",NA,"6-10 mph","Unknown Injury","White","Male","Pickup","No","19AUG2009","Wednesday","Motorist Left Turn / Merge",8,"Non-Intersection","August","C: Possible Injury",31140,"Motorist Left Turn - Same Direction",2009,"No","No","Daylight","Straight - Level","Local Street","Dry","Two-Way, Not Divided","None","No Special Feature","Grooved Concrete",0,0,0,0,0,0,0,"3 lanes",2,0,NA,0,NA
2704,5439,"Greensboro","Guilford","Piedmont","Residential","Urban (>70% Developed)",NA,"Urban","30 - 35  MPH","Human Control","Cloudy","No",52,"50-59","No",NA,"Facing Traffic","B: Evident Injury","Sidewalk / Crosswalk / Driveway Crossing","White","Female",28,"25-29","No",NA,NA,"O: No Injury","Black","Female","Sport Utility","No","27JUL2009","Monday","Motorist Failed to Yield - Sign-Controlled Intersection",15,"Intersection","July","B: Evident Injury",56760,"Motorist Drive Out - Sign-Controlled Intersection",2009,"Yes","No","Daylight","Straight - Bottom","Local Street","Dry","Two-Way, Divided, Positive Median Barrier","None","T-Intersection","Smooth Asphalt",0,0,0,0,0,0,0,"4 lanes",2,0,NA,0,NA
2705,5440,"Charlotte","Mecklenburg","Piedmont","Commercial","Urban (>70% Developed)",NA,"Urban","30 - 35  MPH","Stop And Go Signal","Clear","No",24,"20-24","No",NA,"Facing Traffic","C: Possible Injury","Travel Lane","Hispanic","Male",55,"50-59","No",NA,"0-5 mph","O: No Injury","Black","Male","Passenger Car","No","29MAY2009","Friday","Motorist Left Turn / Merge",11,"Intersection","May","C: Possible Injury",40020,"Motorist Left Turn - Opposite Direction",2009,"No","No","Daylight","Straight - Level","Local Street","Dry","Two-Way, Divided, Unprotected Median","None","No Special Feature","Smooth Asphalt",0,0,0,0,0,0,0,"5 lanes",2,0,NA,0,NA
2706,5448,"Charlotte","Mecklenburg","Piedmont","Residential","Urban (>70% Developed)",NA,"Urban","20 - 25  MPH","Stop Sign","Clear","No",51,"50-59","No",NA,"Facing Traffic","C: Possible Injury","Travel Lane","White","Male",22,"20-24","No",NA,"0-5 mph","O: No Injury","Black","Female","Passenger Car","No","13JAN2009","Tuesday","Motorist Failed to Yield - Sign-Controlled Intersection",18,"Intersection","January","C: Possible Injury",67620,"Motorist Drive Out - Sign-Controlled Intersection",2009,"No","No","Dark - Roadway Not Lighted","Straight - Level","Local Street","Dry","Two-Way, Divided, Positive Median Barrier","None","T-Intersection","Smooth Asphalt",0,0,0,0,0,0,0,"2 lanes",2,0,NA,0,NA
2707,5459,"Charlotte","Mecklenburg","Piedmont","Commercial","Urban (>70% Developed)",NA,"Urban","30 - 35  MPH","Stop And Go Signal","Clear","No",58,"50-59","No",NA,"With Traffic","K: Killed","Travel Lane","White","Male",50,"50-59","No",NA,"21-25 mph","O: No Injury","Black","Female","Passenger Car","No","08FEB2008","Friday","Motorist Left Turn / Merge",15,"Intersection","February","K: Killed",57120,"Motorist Left Turn - Opposite Direction",2008,"Yes","No","Daylight","Curve - Hillcrest","Local Street","Dry","Two-Way, Divided, Positive Median Barrier","None","Four-Way Intersection","Smooth Asphalt",0,0,0,0,0,0,0,"3 lanes",2,0,NA,0,NA
2708,5460,"Charlotte","Mecklenburg","Piedmont","Residential","Urban (>70% Developed)",NA,"Urban","20 - 25  MPH","Stop Sign","Clear","No",9,"6-10","No",NA,"With Traffic","C: Possible Injury","Travel Lane","Black","Female",20,"20-24","No",NA,"6-10 mph","O: No Injury","Black","Female","Passenger Car","No","18FEB2008","Monday","Bicyclist Failed to Yield - Sign-Controlled Intersection",11,"Intersection-Related","February","C: Possible Injury",42600,"Bicyclist Ride Through - Sign-Controlled Intersection",2008,"No","No","Daylight","Straight - Grade","Local Street","Dry","Two-Way, Not Divided","None","T-Intersection","Smooth Asphalt",0,0,0,0,0,0,0,"2 lanes",2,0,NA,0,NA
2709,5469,"Charlotte","Mecklenburg","Piedmont","Commercial","Urban (>70% Developed)",NA,"Urban","30 - 35  MPH","Stop Sign","Clear","No",32,"30-39","No",NA,"Facing Traffic","O: No Injury","Travel Lane","Black","Male",46,"40-49","No",NA,"0-5 mph","O: No Injury","Black","Female","Commercial Bus","No","05MAR2008","Wednesday","Motorist Failed to Yield - Sign-Controlled Intersection",14,"Intersection","March","O: No Injury",51600,"Motorist Drive Out - Sign-Controlled Intersection",2008,"No","No","Daylight","Straight - Level","Local Street","Dry","Two-Way, Not Divided","None","T-Intersection","Smooth Asphalt",0,0,0,0,0,0,0,"3 lanes",2,0,NA,0,NA
2710,5472,"Cary","Wake","Piedmont","Residential","Mixed (30% To 70% Developed)",NA,"Urban","40 - 45  MPH","No Control Present","Clear","No",46,"40-49","No",NA,"With Traffic","O: No Injury","Travel Lane","White","Female",NA,NA,"Missing",NA,"36-40 mph","Unknown Injury","Unknown/Missing",NA,"Pickup","No","18MAR2008","Tuesday","Motorist Overtaking Bicyclist",18,"Non-Intersection","March","O: No Injury",64800,"Motorist Overtaking - Misjudged Space",2008,"No","Yes","Dusk","Straight - Grade","State Secondary Route","Dry","Two-Way, Not Divided","None","No Special Feature","Coarse Asphalt",0,0,0,0,0,0,0,"2 lanes",2,0,NA,0,NA
2711,5485,"Statesville","Iredell","Piedmont","Commercial","Urban (>70% Developed)",NA,"Urban","30 - 35  MPH","Stop Sign","Clear","No",51,"50-59","No",NA,"With Traffic","C: Possible Injury","Travel Lane","White","Male",59,"50-59","No",NA,"0-5 mph","O: No Injury","White","Female","Passenger Car","No","09JAN2008","Wednesday","Motorist Failed to Yield - Sign-Controlled Intersection",15,"Intersection","January","C: Possible Injury",54300,"Motorist Drive Through - Sign-Controlled Intersection",2008,"Yes","No","Daylight","Straight - Level","Local Street","Dry","Two-Way, Not Divided","None","T-Intersection","Smooth Asphalt",0,0,0,0,0,0,0,"2 lanes",2,0,NA,0,NA
2712,5496,"Raleigh","Wake","Piedmont","Commercial","Urban (>70% Developed)",NA,"Urban","5 - 15 MPH","Missing","Clear","No",26,"25-29","No",NA,"Not Applicable","O: No Injury","Sidewalk / Crosswalk / Driveway Crossing","White","Male",56,"50-59","No",NA,NA,"O: No Injury","White","Female","Passenger Car","No","14JAN2008","Monday","Non-Roadway",18,"Non-Roadway","January","O: No Injury",66780,"Non-Roadway",2008,"No","No","Dark - Lighted Roadway","Straight - Level","Public Vehicular Area","Dry","Two-Way, Not Divided","None","Driveway, Public","Smooth Asphalt",0,0,0,0,0,0,0,NA,2,0,NA,0,NA
2713,5513,"None - Rural Crash","Davie","Piedmont","Residential","Mixed (30% To 70% Developed)",NA,"Rural","50 - 55  MPH","Missing","Clear","No",41,"40-49","No",NA,"With Traffic","C: Possible Injury","Travel Lane","White","Male",61,"60-69","No",NA,NA,"O: No Injury","White","Male","Police","No","26JAN2008","Saturday","Parallel Paths - Other Circumstances",11,"Non-Intersection","January","C: Possible Injury",41400,"Parallel Paths - Other / Unknown",2008,"No","No","Daylight","Straight - Level","State Secondary Route","Dry","Two-Way, Not Divided","None","No Special Feature","Smooth Asphalt",0,0,0,0,0,0,0,"2 lanes",2,0,NA,0,NA
2714,5519,"Weaverville","Buncombe","Mountains","Residential","Urban (>70% Developed)",NA,"Rural","40 - 45  MPH","Missing","Cloudy","No",69,"60-69","No",NA,"With Traffic","C: Possible Injury","Travel Lane","White","Male",24,"20-24","No",NA,"41-45 mph","O: No Injury","White","Female","Passenger Car","No","29JAN2008","Tuesday","Motorist Overtaking Bicyclist",16,"Non-Intersection","January","C: Possible Injury",59700,"Motorist Overtaking - Misjudged Space",2008,"No","No","Daylight","Curve - Level","Local Street","Dry","Two-Way, Not Divided","None","No Special Feature","Smooth Asphalt",0,0,0,0,0,0,0,"2 lanes",2,0,NA,0,NA
2715,5520,"Wilmington","New Hanover","Coastal","Commercial","Urban (>70% Developed)",NA,"Urban","40 - 45  MPH","Missing","Clear","No",39,"30-39","No",NA,"With Traffic","A: Disabling Injury","Travel Lane","White","Male",46,"40-49","No",NA,"41-45 mph","O: No Injury","Black","Male","Single Unit Truck (2-Axle, 6-Tire)","No","29JAN2008","Tuesday","Motorist Overtaking Bicyclist",13,"Non-Intersection","January","A: Disabling Injury",47580,"Motorist Overtaking - Misjudged Space",2008,"Yes","No","Daylight","Straight - Level","Local Street","Dry","Two-Way, Not Divided","None","No Special Feature","Coarse Asphalt",0,0,0,0,0,0,0,"5 lanes",2,0,NA,0,NA
2716,5522,"None - Rural Crash","Wake","Piedmont","Farms, Woods, Pastures","Rural (<30% Developed)",NA,"Rural","40 - 45  MPH","Double Yellow Line, No Passing Zone","Cloudy","No",17,"16-19","No",NA,"With Traffic","C: Possible Injury","Bike Lane / Paved Shoulder","White","Male",NA,"70+","No",NA,"21-25 mph","O: No Injury","White","Male","Pickup","No","30JAN2008","Wednesday","Motorist Overtaking Bicyclist",7,"Non-Intersection","January","C: Possible Injury",27120,"Motorist Overtaking - Other / Unknown",2008,"Yes","No","Daylight","Straight - Grade","State Secondary Route","Dry","Two-Way, Not Divided","None","No Special Feature","Smooth Asphalt",0,0,0,0,0,0,0,"2 lanes",2,0,NA,0,NA
2717,5524,"Raleigh","Wake","Piedmont","Institutional","Urban (>70% Developed)",NA,"Urban","30 - 35  MPH","Stop And Go Signal","Clear","No",42,"40-49","No",NA,"With Traffic","B: Evident Injury",NA,"Black","Female",22,"20-24","No",NA,"0-5 mph","O: No Injury","White","Female","Passenger Car","No","20JAN2008","Sunday","Motorist Right Turn / Merge",14,"Non-Intersection","January","B: Evident Injury",51060,"Motorist Right Turn - Same Direction",2008,"Yes","No","Daylight","Straight - Bottom","Local Street","Dry","Two-Way, Not Divided","None","Driveway, Public","Coarse Asphalt",0,0,0,0,0,0,0,"3 lanes",2,0,NA,0,NA
2718,5533,"Chadbourn","Columbus","Coastal","Institutional","Urban (>70% Developed)",NA,"Rural","20 - 25  MPH","No Control Present","Clear","No",8,"6-10","No",NA,"Not Applicable","O: No Injury","Other","Black","Male",19,"0-19","No",NA,"6-10 mph","O: No Injury","Black","Male","Pickup","No","02FEB2008","Saturday","Bicyclist Failed to Yield - Midblock",14,"Non-Intersection","February","O: No Injury",51600,"Bicyclist Ride Out - Other Midblock",2008,"No","No","Daylight","Straight - Level","Local Street","Dry","Two-Way, Not Divided","None","No Special Feature","Smooth Asphalt",0,0,0,0,0,0,0,"2 lanes",2,0,NA,0,NA
2719,5535,"None - Rural Crash","New Hanover","Coastal","Residential","Rural (<30% Developed)",NA,"Rural","30 - 35  MPH","Stop Sign","Other","No",13,"11-15","No",NA,"With Traffic","O: No Injury","Travel Lane","White","Male",56,"50-59","No",NA,"16-20 mph","O: No Injury","White","Female","Sport Utility","No","04FEB2008","Monday","Bicyclist Failed to Yield - Sign-Controlled Intersection",10,"Intersection","February","O: No Injury",38760,"Bicyclist Ride Through - Sign-Controlled Intersection",2008,"No","No",NA,"Straight - Level","State Secondary Route",NA,"Two-Way, Not Divided",NA,"Four-Way Intersection","Smooth Asphalt",0,0,0,0,0,0,0,"2 lanes",2,0,NA,0,NA
2720,5538,"Ahoskie","Hertford","Coastal","Residential","Urban (>70% Developed)",NA,"Rural","30 - 35  MPH","Stop Sign","Clear","No",68,"60-69","No",NA,"Facing Traffic","C: Possible Injury","Travel Lane","Black","Male",NA,"70+","No",NA,"6-10 mph","O: No Injury","Black","Female","Passenger Car","No","04FEB2008","Monday","Motorist Failed to Yield - Sign-Controlled Intersection",13,"Intersection","February","C: Possible Injury",49080,"Motorist Drive Through - Sign-Controlled Intersection",2008,"No","No","Daylight","Straight - Level","Local Street","Dry","Two-Way, Not Divided","None","Y-Intersection","Smooth Asphalt",0,0,0,0,0,0,0,"2 lanes",2,0,NA,0,NA
2721,5541,"Cary","Wake","Piedmont","Residential","Urban (>70% Developed)",NA,"Urban","20 - 25  MPH","Stop Sign","Clear","Yes",45,"40-49","No",NA,"Facing Traffic","B: Evident Injury","Other","White","Male",25,"25-29","No",NA,"0-5 mph","O: No Injury","White","Female","Passenger Car","No","19APR2008","Saturday","Motorist Failed to Yield - Sign-Controlled Intersection",9,"Intersection","April","B: Evident Injury",32400,"Motorist Drive Out - Sign-Controlled Intersection",2008,"Yes","No","Daylight","Straight - Level","Local Street","Dry","Two-Way, Divided, Unprotected Median","None","T-Intersection","Smooth Asphalt",0,0,0,0,0,0,0,"2 lanes",2,0,NA,0,NA
2722,5557,"None - Rural Crash","Orange","Piedmont","Residential","Mixed (30% To 70% Developed)",NA,"Rural","40 - 45  MPH","Missing","Clear","No",47,"40-49","No",NA,"With Traffic","O: No Injury","Travel Lane","White","Female",NA,NA,"Missing",NA,"41-45 mph","Unknown Injury","Unknown/Missing",NA,NA,"No","15FEB2008","Friday","Motorist Overtaking Bicyclist",13,"Non-Intersection","February","O: No Injury",49500,"Motorist Overtaking - Misjudged Space",2008,"No","Yes","Daylight","Straight - Level","State Secondary Route","Dry","Two-Way, Not Divided","None","No Special Feature","Smooth Asphalt",0,0,0,0,0,0,0,"2 lanes",2,0,NA,0,NA
2723,5566,"Wilmington","New Hanover","Coastal","Commercial","Urban (>70% Developed)",NA,"Urban","40 - 45  MPH","No Control Present","Rain","No",43,"40-49","No",NA,"With Traffic","B: Evident Injury","Travel Lane","White","Male",47,"40-49","No",NA,"16-20 mph","O: No Injury","White","Female","Passenger Car","No","18FEB2008","Monday","Motorist Overtaking Bicyclist",6,"Non-Intersection","February","B: Evident Injury",24180,"Motorist Overtaking - Undetected Bicyclist",2008,"Yes","No","Dark - Unknown Lighting","Straight - Level","Local Street","Wet","Two-Way, Divided, Positive Median Barrier",NA,"No Special Feature","Coarse Asphalt",0,0,0,0,0,0,0,"5 lanes",2,0,NA,0,NA
2724,5575,"None - Rural Crash","Wayne","Coastal","Farms, Woods, Pastures","Rural (<30% Developed)",NA,"Rural","50 - 55  MPH","No Control Present","Clear","No",15,"11-15","No",NA,"With Traffic","B: Evident Injury","Travel Lane","White","Male",36,"30-39","No",NA,"36-40 mph","O: No Injury","Hispanic","Male","Passenger Car","No","24FEB2008","Sunday","Motorist Overtaking Bicyclist",14,"Non-Intersection","February","B: Evident Injury",51000,"Motorist Overtaking - Bicyclist Swerved",2008,"Yes","No","Daylight","Straight - Level","State Secondary Route","Dry","Two-Way, Not Divided","None","No Special Feature","Coarse Asphalt",0,0,0,0,0,0,0,"2 lanes",2,0,NA,0,NA
2725,5591,"None - Rural Crash","Forsyth","Piedmont","Residential","Mixed (30% To 70% Developed)",NA,"Rural","40 - 45  MPH","Double Yellow Line, No Passing Zone","Clear","No",18,"16-19","No",NA,"With Traffic","C: Possible Injury","Travel Lane","White","Female",35,"30-39","No",NA,"46-50 mph","O: No Injury","White","Male","Passenger Car","No","03MAR2008","Monday","Bicyclist Left Turn / Merge",14,"Non-Intersection","March","C: Possible Injury",50400,"Bicyclist Left Turn - Same Direction",2008,"Yes","No","Daylight","Straight - Level","State Secondary Route","Dry","Two-Way, Not Divided","None","No Special Feature","Smooth Asphalt",0,0,0,0,0,0,0,"2 lanes",2,0,NA,0,NA
2726,5592,"None - Rural Crash","Halifax","Coastal","Farms, Woods, Pastures","Rural (<30% Developed)",NA,"Rural","50 - 55  MPH","Missing","Clear","No",17,"16-19","No",NA,"With Traffic","C: Possible Injury","Travel Lane","Black","Male",46,"40-49","No",NA,"51-55 mph","O: No Injury","Black","Female","Passenger Car","No","03MAR2008","Monday","Bicyclist Left Turn / Merge",17,"Non-Intersection","March","C: Possible Injury",62040,"Bicyclist Left Turn - Same Direction",2008,"Yes","No","Daylight","Straight - Level","NC Route","Dry","Two-Way, Divided, Unprotected Median","None","No Special Feature","Smooth Asphalt",0,0,0,0,0,0,0,"2 lanes",2,0,NA,0,NA
2727,5601,"Rocky Mount","Nash","Coastal","Commercial","Urban (>70% Developed)",NA,"Urban","40 - 45  MPH","Stop Sign","Rain","No",43,"40-49","Yes",NA,"With Traffic","A: Disabling Injury","Travel Lane","Black","Male",NA,NA,"Missing",NA,"41-45 mph","Unknown Injury","Unknown/Missing",NA,NA,"Yes","07MAR2008","Friday","Motorist Overtaking Bicyclist",20,"Intersection","March","A: Disabling Injury",72420,"Motorist Overtaking - Other / Unknown",2008,"Yes","Yes","Dark - Lighted Roadway","Straight - Level","Local Street","Wet","Two-Way, Divided, Unprotected Median","None","T-Intersection","Smooth Asphalt",0,0,0,0,0,0,0,"4 lanes",2,0,NA,0,NA
2728,5603,"Kitty Hawk","Dare","Coastal","Commercial","Urban (>70% Developed)",NA,"Rural","50 - 55  MPH","Stop And Go Signal","Rain","No",13,"11-15","No",NA,"With Traffic","B: Evident Injury","Travel Lane","White","Female",31,"30-39","No",NA,"41-45 mph","O: No Injury","White","Male","Pickup","No","08MAR2008","Saturday","Bicyclist Failed to Yield - Signalized Intersection",11,"Intersection","March","B: Evident Injury",41400,"Bicyclist Ride Through - Signalized Intersection",2008,"Yes","No","Daylight","Straight - Hillcrest","Local Street","Wet","Two-Way, Not Divided","None","Four-Way Intersection","Coarse Asphalt",0,0,0,0,0,0,0,"5 lanes",2,0,NA,0,NA
2729,5606,"Greensboro","Guilford","Piedmont","Commercial","Urban (>70% Developed)",NA,"Urban","40 - 45  MPH","Missing","Clear","No",40,"40-49","Yes",NA,"Facing Traffic","B: Evident Injury","Travel Lane","Black","Male",42,"40-49","No",NA,"41-45 mph","O: No Injury","Black","Female","Passenger Car","Yes","09MAR2008","Sunday","Bicyclist Right Turn / Merge",0,"Intersection","March","B: Evident Injury",660,"Bicyclist Right Turn - Same Direction",2008,"Yes","No","Dark - Lighted Roadway","Straight - Grade","Local Street","Dry","Two-Way, Divided, Positive Median Barrier","None","T-Intersection","Smooth Asphalt",0,0,0,0,0,0,0,"6 lanes",2,0,NA,0,NA
2730,5608,"Chapel Hill","Orange","Piedmont","Residential","Urban (>70% Developed)",NA,"Urban","20 - 25  MPH","Stop Sign","Clear","No",12,"11-15","No",NA,"Facing Traffic","B: Evident Injury","Sidewalk / Crosswalk / Driveway Crossing","White","Male",49,"40-49","No",NA,"0-5 mph","O: No Injury","White","Male","Passenger Car","No","11MAR2008","Tuesday","Motorist Failed to Yield - Sign-Controlled Intersection",15,"Intersection","March","B: Evident Injury",55440,"Motorist Drive Out - Sign-Controlled Intersection",2008,"Yes","No","Daylight","Straight - Bottom","Local Street","Dry","Two-Way, Not Divided","None","T-Intersection","Smooth Asphalt",0,0,0,0,0,0,0,"2 lanes",2,0,NA,0,NA