"...1","object_id","city","county","region","development","locality","on_road","rural_urban","speed_limit","traffic_control","weather","workzone","bike_age","bike_age_group","bike_alcohol","bike_alcohol_drugs","bike_direction","bike_injury","bike_position","bike_race","bike_sex","driver_age","driver_age_group","driver_alcohol","driver_alcohol_drugs","driver_est_speed","driver_injury","driver_race","driver_sex","driver_vehicle_type","crash_alcohol","crash_date","crash_day","crash_group","crash_hour","crash_location","crash_month","crash_severity","crash_time","crash_type","crash_year","ambulance_req","hit_run","light_condition","road_character","road_class","road_condition","road_configuration","road_defects","road_feature","road_surface","num_bikes_ai","num_bikes_bi","num_bikes_ci","num_bikes_ki","num_bikes_no","num_bikes_to","num_bikes_ui","num_lanes","num_units","distance_mi_from","frm_road","rte_invd_cd","towrd_road"
2731,5610,"Huntersville","Mecklenburg","Piedmont","Commercial","Urban (>70% Developed)",NA,"Urban","40 - 45  MPH","Double Yellow Line, No Passing Zone","Clear","No",48,"40-49","No",NA,"Facing Traffic","B: Evident Injury","Travel Lane","White","Male",55,"50-59","No",NA,"0-5 mph","O: No Injury","Hispanic","Male","Passenger Car","No","11MAR2008","Tuesday","Motorist Failed to Yield - Sign-Controlled Intersection",15,"Intersection","March","B: Evident Injury",54480,"Motorist Drive Out - Sign-Controlled Intersection",2008,"Yes","No","Daylight","Straight - Level","Local Street","Dry","Two-Way, Not Divided","None","T-Intersection","Smooth Asphalt",0,0,0,0,0,0,0,"2 lanes",2,0,NA,0,NA
2732,5619,"Salisbury","Rowan","Piedmont","Residential","Urban (>70% Developed)",NA,"Urban","20 - 25  MPH","Stop Sign","Clear","No",5,"0-5","No",NA,"With Traffic","C: Possible Injury","Travel Lane","Black","Male",52,"50-59","No",NA,"16-20 mph","O: No Injury","White","Female","Passenger Car","No","09MAY2008","Friday","Bicyclist Failed to Yield - Sign-Controlled Intersection",18,"Intersection","May","C: Possible Injury",66480,"Bicyclist Ride Through - Sign-Controlled Intersection",2008,"Yes","No","Daylight","Straight - Grade","Local Street","Dry","Two-Way, Not Divided","None","T-Intersection","Smooth Asphalt",0,0,0,0,0,0,0,"2 lanes",2,0,NA,0,NA
2733,5627,"Sanford","Lee","Piedmont","Commercial","Urban (>70% Developed)",NA,"Urban",NA,"Stop And Go Signal","Cloudy","No",52,"50-59","No",NA,"Facing Traffic","B: Evident Injury",NA,"Black","Male",NA,"70+","No",NA,NA,"O: No Injury","White","Male","Passenger Car","No","19MAR2008","Wednesday","Crossing Paths - Other Circumstances",15,"Intersection","March","B: Evident Injury",55560,"Signalized Intersection - Other / Unknown",2008,"No","No","Daylight","Straight - Hillcrest","Local Street","Dry","Two-Way, Divided, Unprotected Median","None","Four-Way Intersection","Smooth Asphalt",0,0,0,0,0,0,0,"4 lanes",2,0,NA,0,NA
2734,5636,"Durham","Durham","Piedmont","Commercial","Urban (>70% Developed)",NA,"Urban","60 - 75 MPH","No Control Present","Clear","No",18,"16-19","No",NA,"With Traffic","C: Possible Injury","Bike Lane / Paved Shoulder","White","Male",38,"30-39","No",NA,"56-60 mph","O: No Injury","Black","Male","Passenger Car","No","14MAY2008","Wednesday","Parallel Paths - Other Circumstances",8,"Non-Intersection","May","C: Possible Injury",31800,"Bicyclist Ride Out - Parallel Path",2008,"Yes","No","Daylight","Straight - Level","Interstate","Dry","Two-Way, Divided, Positive Median Barrier","None","On or Off Ramp","Concrete",0,0,0,0,0,0,0,"7 lanes",2,0,NA,0,NA
2735,5638,"Gastonia","Gaston","Piedmont","Commercial","Urban (>70% Developed)",NA,"Urban",NA,"Missing","Clear","No",46,"40-49","No",NA,"Facing Traffic","C: Possible Injury","Travel Lane","White","Male",62,"60-69","No",NA,NA,"O: No Injury","Black","Female","Passenger Car","No","26MAR2008","Wednesday","Motorist Failed to Yield - Midblock",14,"Non-Intersection","March","C: Possible Injury",50820,"Motorist Drive Out - Commercial Driveway / Alley",2008,"No","No","Daylight","Straight - Level","Local Street","Dry","Two-Way, Not Divided","None","Driveway, Public","Smooth Asphalt",0,0,0,0,0,0,0,"5 lanes",2,0,NA,0,NA
2736,5655,"Charlotte","Mecklenburg","Piedmont","Residential","Urban (>70% Developed)",NA,"Urban","40 - 45  MPH","Stop Sign","Cloudy","No",38,"30-39","No",NA,"With Traffic","B: Evident Injury","Travel Lane","White","Male",48,"40-49","No",NA,"16-20 mph","O: No Injury","Black","Male","Passenger Car","No","20MAY2008","Tuesday","Motorist Failed to Yield - Sign-Controlled Intersection",18,"Intersection","May","B: Evident Injury",65100,"Motorist Drive Out - Sign-Controlled Intersection",2008,"No","No","Daylight","Straight - Level","Local Street","Dry","Two-Way, Divided, Unprotected Median","None","No Special Feature","Smooth Asphalt",0,0,0,0,0,0,0,"6 lanes",2,0,NA,0,NA
2737,5665,"Rocky Mount","Edgecombe","Coastal","Residential","Urban (>70% Developed)",NA,"Urban","30 - 35  MPH","Stop Sign","Clear","No",15,"11-15","No",NA,"With Traffic","B: Evident Injury",NA,"Black","Male",34,"30-39","No",NA,NA,"O: No Injury","Black","Female","Passenger Car","No","11APR2008","Friday","Loss of Control / Turning Error",21,"Intersection","April","B: Evident Injury",76680,"Bicyclist Lost Control - Mechanical Problems",2008,"No","No","Daylight","Straight - Level","Local Street","Dry","Two-Way, Not Divided","None","No Special Feature","Coarse Asphalt",0,0,0,0,0,0,0,"2 lanes",2,0,NA,0,NA
2738,5671,"Carrboro","Orange","Piedmont","Residential","Urban (>70% Developed)",NA,"Urban","30 - 35  MPH","No Control Present","Clear","No",36,"30-39","No",NA,"With Traffic","B: Evident Injury",NA,"White","Male",50,"50-59","No",NA,"31-35 mph","O: No Injury","White","Female","Passenger Car","No","08APR2008","Tuesday","Motorist Overtaking Bicyclist",17,"Intersection","April","B: Evident Injury",63420,"Motorist Overtaking - Bicyclist Swerved",2008,"No","No","Daylight","Straight - Level","Local Street","Dry","Two-Way, Not Divided","None","T-Intersection","Smooth Asphalt",0,0,0,0,0,0,0,"2 lanes",2,0,NA,0,NA
2739,5677,"Charlotte","Mecklenburg","Piedmont","Commercial","Urban (>70% Developed)",NA,"Urban","30 - 35  MPH","Stop And Go Signal","Clear","No",13,"11-15","No",NA,NA,"K: Killed","Travel Lane","Black","Female",33,"30-39","No",NA,"26-30 mph","O: No Injury","Black","Female","School Bus","No","23MAY2008","Friday","Other / Unknown - Insufficient Details",15,"Intersection","May","K: Killed",56040,"Unknown Approach Paths",2008,"Yes","No","Daylight","Straight - Level","Local Street","Dry","Two-Way, Not Divided","None","No Special Feature","Smooth Asphalt",0,0,0,0,0,0,0,"4 lanes",2,0,NA,0,NA
2740,5678,"Charlotte","Mecklenburg","Piedmont","Residential","Urban (>70% Developed)",NA,"Urban","20 - 25  MPH","Stop Sign","Clear","No",5,"0-5","No",NA,NA,"A: Disabling Injury",NA,"Black","Female",37,"30-39","No",NA,"0-5 mph","O: No Injury","Black","Female","School Bus","No","12MAY2008","Monday","Other / Unknown - Insufficient Details",16,"Intersection-Related","May","A: Disabling Injury",60960,"Unknown Approach Paths",2008,"Yes","No","Daylight","Straight - Grade","Local Street","Dry","Two-Way, Not Divided","None","T-Intersection","Smooth Asphalt",0,0,0,0,0,0,0,"2 lanes",2,0,NA,0,NA
2741,5679,"Landis","Rowan","Piedmont","Residential","Rural (<30% Developed)",NA,"Rural","40 - 45  MPH","Missing","Clear","No",10,"6-10","No",NA,"With Traffic","B: Evident Injury","Travel Lane","White","Male",45,"40-49","No",NA,"41-45 mph","O: No Injury","White","Male","Motorcycle","No","11APR2008","Friday","Bicyclist Left Turn / Merge",16,"Non-Intersection","April","B: Evident Injury",60660,"Bicyclist Left Turn - Same Direction",2008,"No","No","Daylight",NA,"Local Street","Dry",NA,"None","No Special Feature",NA,0,0,0,0,0,0,0,NA,2,0,NA,0,NA
2742,5684,"Durham","Durham","Piedmont","Residential","Urban (>70% Developed)",NA,"Urban","30 - 35  MPH","Stop Sign","Clear","No",42,"40-49","No",NA,"With Traffic","C: Possible Injury","Travel Lane","Black","Male",NA,NA,"No",NA,"11-15 mph","Unknown Injury","Unknown/Missing",NA,"Passenger Car","No","30MAY2008","Friday","Parallel Paths - Other Circumstances",23,"Intersection","May","C: Possible Injury",84180,"Parallel Paths - Other / Unknown",2008,"Yes","Yes","Dark - Lighted Roadway","Straight - Level","Local Street","Dry","Two-Way, Not Divided","None","No Special Feature","Coarse Asphalt",0,0,0,0,0,0,0,"2 lanes",2,0,NA,0,NA
2743,5693,"Raleigh","Wake","Piedmont","Commercial","Urban (>70% Developed)",NA,"Urban","30 - 35  MPH","Stop And Go Signal","Clear","No",28,"25-29","No",NA,"With Traffic","B: Evident Injury",NA,"White","Male",20,"20-24","No",NA,"6-10 mph","O: No Injury","White","Female","Passenger Car","No","17APR2008","Thursday","Motorist Left Turn / Merge",8,"Intersection","April","B: Evident Injury",31560,"Motorist Left Turn - Opposite Direction",2008,"Yes","No","Daylight","Straight - Level","Local Street","Dry","Two-Way, Divided, Unprotected Median","None","Four-Way Intersection","Coarse Asphalt",0,0,0,0,0,0,0,"5 lanes",2,0,NA,0,NA
2744,5694,"Raleigh","Wake","Piedmont","Commercial","Urban (>70% Developed)",NA,"Urban","30 - 35  MPH","Stop And Go Signal","Clear","No",35,"30-39","No",NA,"With Traffic","B: Evident Injury","Sidewalk / Crosswalk / Driveway Crossing","White","Male",29,"25-29","No",NA,"6-10 mph","O: No Injury","Other","Female","Van","No","17APR2008","Thursday","Motorist Left Turn / Merge",18,"Intersection","April","B: Evident Injury",66360,"Motorist Left Turn - Opposite Direction",2008,"Yes","No","Daylight","Straight - Level","Local Street","Dry","Two-Way, Not Divided","None","Four-Way Intersection","Smooth Asphalt",0,0,0,0,0,0,0,"8 lanes",2,0,NA,0,NA
2745,5699,"Siler City","Chatham","Piedmont","Residential","Urban (>70% Developed)",NA,"Urban","30 - 35  MPH","Stop Sign","Clear","No",7,"6-10","No",NA,"Facing Traffic","B: Evident Injury","Travel Lane","Hispanic","Male",24,"20-24","No",NA,"26-30 mph","O: No Injury","Hispanic","Male","Passenger Car","No","17APR2008","Thursday","Loss of Control / Turning Error",18,"Intersection","April","B: Evident Injury",66660,"Bicyclist Lost Control - Mechanical Problems",2008,"Yes","No","Daylight","Straight - Level","Local Street","Dry","Two-Way, Not Divided","None","T-Intersection","Smooth Asphalt",0,0,0,0,0,0,0,"2 lanes",2,0,NA,0,NA
2746,5710,"Cary","Wake","Piedmont","Commercial","Urban (>70% Developed)",NA,"Urban","5 - 15 MPH","No Control Present","Clear","No",64,"60-69","No",NA,"Not Applicable","B: Evident Injury","Driveway / Alley","White","Male",38,"30-39","No",NA,"0-5 mph","O: No Injury","Black","Female","Van","No","27MAY2008","Tuesday","Non-Roadway",16,"Non-Roadway","May","B: Evident Injury",57600,"Non-Roadway",2008,"No","No","Daylight","Straight - Level","Public Vehicular Area","Dry","Two-Way, Not Divided","None","Driveway, Public","Smooth Asphalt",0,0,0,0,0,0,0,NA,2,0,NA,0,NA
2747,5721,"Rocky Mount","Nash","Coastal","Commercial","Urban (>70% Developed)",NA,"Urban","30 - 35  MPH","Double Yellow Line, No Passing Zone","Clear","No",12,"11-15","No",NA,"Not Applicable","C: Possible Injury",NA,"Black","Male",24,"20-24","No",NA,"16-20 mph","O: No Injury","Black","Male","Passenger Car","No","06MAY2008","Tuesday","Bicyclist Failed to Yield - Midblock",17,"Non-Intersection","May","C: Possible Injury",61620,"Multiple Threat - Midblock",2008,"Yes","No","Daylight","Straight - Level","Local Street","Dry","Two-Way, Not Divided","None","Four-Way Intersection","Smooth Asphalt",0,0,0,0,0,0,0,"4 lanes",2,0,NA,0,NA
2748,5724,"Hendersonville","Henderson","Mountains","Commercial","Urban (>70% Developed)",NA,"Urban","30 - 35  MPH","Stop And Go Signal","Cloudy","No",12,"11-15","No",NA,"Facing Traffic","B: Evident Injury","Sidewalk / Crosswalk / Driveway Crossing","White","Male",48,"40-49","No",NA,"0-5 mph","O: No Injury","White","Male","Passenger Car","No","27APR2008","Sunday","Motorist Failed to Yield - Signalized Intersection",14,"Intersection","April","B: Evident Injury",50820,"Motorist Drive Out - Right Turn on Red",2008,"Yes","No","Daylight","Curve - Grade","Local Street","Wet","Two-Way, Divided, Unprotected Median","None","Four-Way Intersection","Smooth Asphalt",0,0,0,0,0,0,0,"2 lanes",2,0,NA,0,NA
2749,5737,"Raleigh","Wake","Piedmont","Commercial","Urban (>70% Developed)",NA,"Urban","30 - 35  MPH","Stop And Go Signal","Clear","No",24,"20-24","No",NA,"With Traffic","B: Evident Injury","Travel Lane","White","Male",21,"20-24","No",NA,"16-20 mph","Unknown Injury","White","Female","Passenger Car","No","02MAY2008","Friday","Motorist Left Turn / Merge",22,"Intersection","May","B: Evident Injury",79560,"Motorist Left Turn - Opposite Direction",2008,"Yes","No","Dark - Lighted Roadway","Straight - Level","Local Street","Dry","Two-Way, Divided, Unprotected Median","None","No Special Feature","Smooth Asphalt",0,0,0,0,0,0,0,"4 lanes",2,0,NA,0,NA
2750,5738,"None - Rural Crash","Carteret","Coastal","Commercial","Mixed (30% To 70% Developed)",NA,"Rural","30 - 35  MPH","Stop And Go Signal","Clear","No",14,"11-15","No",NA,"With Traffic","B: Evident Injury","Travel Lane","White","Male",NA,"70+","No",NA,"6-10 mph","O: No Injury","White","Female","Passenger Car","No","03MAY2008","Saturday","Motorist Overtaking Bicyclist",16,"Intersection","May","B: Evident Injury",57600,"Motorist Overtaking - Misjudged Space",2008,"Yes","No","Daylight","Straight - Level","NC Route","Dry","Two-Way, Not Divided","None","Four-Way Intersection","Coarse Asphalt",0,0,0,0,0,0,0,"2 lanes",2,0,NA,0,NA
2751,5739,"None - Rural Crash","Duplin","Coastal","Farms, Woods, Pastures","Rural (<30% Developed)",NA,"Rural","50 - 55  MPH","No Control Present","Clear","No",62,"60-69","No",NA,"With Traffic","B: Evident Injury","Bike Lane / Paved Shoulder","White","Male",NA,NA,"Missing",NA,"51-55 mph","Unknown Injury","Unknown/Missing",NA,NA,"No","03MAY2008","Saturday","Motorist Right Turn / Merge",13,"Non-Intersection","May","B: Evident Injury",46800,"Motorist Right Turn - Same Direction",2008,"Yes","Yes","Daylight","Straight - Level","NC Route","Dry","Two-Way, Not Divided","None","No Special Feature","Coarse Asphalt",0,0,0,0,0,0,0,"2 lanes",2,0,NA,0,NA
2752,5748,"Charlotte","Mecklenburg","Piedmont","Commercial","Urban (>70% Developed)",NA,"Urban","5 - 15 MPH","No Control Present","Clear","No",19,"16-19","No",NA,"Not Applicable","O: No Injury","Non-Roadway","White","Male",NA,"70+","No",NA,"6-10 mph","O: No Injury","Black","Female","Passenger Car","No","13JUN2008","Friday","Non-Roadway",16,"Non-Roadway","June","O: No Injury",59940,"Non-Roadway",2008,"No","No","Daylight","Straight - Level","Public Vehicular Area","Dry","Two-Way, Not Divided","None","No Special Feature","Smooth Asphalt",0,0,0,0,0,0,0,"2 lanes",2,0,NA,0,NA
2753,5749,"Kinston","Lenoir","Coastal","Residential","Urban (>70% Developed)",NA,"Urban","30 - 35  MPH","No Control Present","Clear","No",14,"11-15","No",NA,"With Traffic","B: Evident Injury","Bike Lane / Paved Shoulder","Black","Male",28,"25-29","No",NA,"31-35 mph","O: No Injury","Black","Female","Passenger Car","No","10JUN2008","Tuesday","Bicyclist Left Turn / Merge",17,"Non-Intersection","June","B: Evident Injury",64560,"Bicyclist Left Turn - Same Direction",2008,"Yes","No","Daylight","Straight - Level","NC Route","Dry","Two-Way, Divided, Unprotected Median","None","No Special Feature","Smooth Asphalt",0,0,0,0,0,0,0,"4 lanes",2,0,NA,0,NA
2754,5760,"Winston-Salem","Forsyth","Piedmont","Residential","Urban (>70% Developed)",NA,"Urban",NA,"Missing","Clear","No",23,"20-24","No",NA,"With Traffic","O: No Injury","Sidewalk / Crosswalk / Driveway Crossing","White","Female",33,"30-39","No",NA,NA,"C: Possible Injury","Black","Female","Pedestrian","No","09MAY2008","Friday","Backing Vehicle",15,"Non-Intersection","May","C: Possible Injury",57120,"Backing Vehicle",2008,"Yes","No","Daylight","Straight - Hillcrest","Local Street","Dry","Two-Way, Divided, Unprotected Median","None","Driveway, Private","Smooth Asphalt",0,0,0,0,0,0,0,"2 lanes",2,0,NA,0,NA
2755,5762,"Sanford","Lee","Piedmont","Commercial","Urban (>70% Developed)",NA,"Urban","30 - 35  MPH","Stop Sign","Clear","No",51,"50-59","No",NA,"With Traffic","C: Possible Injury","Travel Lane","White","Male",64,"60-69","No",NA,"6-10 mph","O: No Injury","Black","Male","Passenger Car","No","10MAY2008","Saturday","Motorist Failed to Yield - Sign-Controlled Intersection",20,"Intersection","May","C: Possible Injury",74820,"Motorist Drive Out - Sign-Controlled Intersection",2008,"Yes","No","Dark - Roadway Not Lighted","Straight - Level","Local Street","Dry","Two-Way, Not Divided","None","Four-Way Intersection","Smooth Asphalt",0,0,0,0,0,0,0,"2 lanes",2,0,NA,0,NA
2756,5765,"Lumberton","Robeson","Coastal","Residential","Urban (>70% Developed)",NA,"Urban","40 - 45  MPH","No Control Present","Clear","No",60,"60-69","Yes",NA,"With Traffic","K: Killed","Travel Lane","Native American","Male",NA,NA,"Missing",NA,"51-55 mph","Unknown Injury","Unknown/Missing",NA,NA,"Yes","10MAY2008","Saturday","Motorist Overtaking Bicyclist",3,"Non-Intersection","May","K: Killed",11340,"Motorist Overtaking - Other / Unknown",2008,"Yes","Yes","Dark - Lighted Roadway","Curve - Level","Local Street","Dry","Two-Way, Not Divided","None","No Special Feature","Coarse Asphalt",0,0,0,0,0,0,0,"2 lanes",2,0,NA,0,NA
2757,5773,"Burlington","Alamance","Piedmont","Residential","Urban (>70% Developed)",NA,"Urban","30 - 35  MPH","Stop And Go Signal","Clear","No",42,"40-49","No",NA,"With Traffic","B: Evident Injury","Bike Lane / Paved Shoulder","White","Male",64,"60-69","No",NA,"0-5 mph","O: No Injury","White","Female","Passenger Car","No","12MAY2008","Monday","Motorist Right Turn / Merge",11,"Intersection","May","B: Evident Injury",41940,"Motorist Right Turn - Same Direction",2008,"No","No","Daylight","Straight - Grade","NC Route","Dry","Two-Way, Not Divided","None","T-Intersection","Smooth Asphalt",0,0,0,0,0,0,0,"5 lanes",2,0,NA,0,NA
2758,5779,"None - Rural Crash","Davidson","Piedmont","Farms, Woods, Pastures","Rural (<30% Developed)",NA,"Rural","40 - 45  MPH","Stop Sign","Cloudy","No",69,"60-69","No",NA,"With Traffic","A: Disabling Injury","Travel Lane","White","Male",40,"40-49","No",NA,"0-5 mph","O: No Injury","White","Female","Passenger Car","No","14MAY2008","Wednesday","Motorist Failed to Yield - Sign-Controlled Intersection",17,"Intersection","May","A: Disabling Injury",63300,"Motorist Drive Out - Sign-Controlled Intersection",2008,"Yes","No","Daylight","Straight - Grade","State Secondary Route","Dry","Two-Way, Not Divided","None","Four-Way Intersection","Smooth Asphalt",0,0,0,0,0,0,0,"2 lanes",2,0,NA,0,NA
2759,5787,"Charlotte","Mecklenburg","Piedmont","Commercial","Urban (>70% Developed)",NA,"Urban","30 - 35  MPH","Stop And Go Signal","Clear","No",39,"30-39","No",NA,"With Traffic","O: No Injury",NA,"Other","Male",28,"25-29","No",NA,"6-10 mph","O: No Injury","Black","Female","Passenger Car","No","20JUN2008","Friday","Bicyclist Failed to Yield - Signalized Intersection",7,"Intersection","June","O: No Injury",25380,"Bicyclist Failed to Clear - Trapped",2008,"No","No","Daylight","Straight - Level","Local Street","Dry","Two-Way, Divided, Unprotected Median","None","Four-Way Intersection","Smooth Asphalt",0,0,0,0,0,0,0,"6 lanes",2,0,NA,0,NA
2760,5790,"Fayetteville","Cumberland","Coastal","Commercial","Urban (>70% Developed)",NA,"Urban","40 - 45  MPH","No Control Present","Clear","No",63,"60-69","No",NA,"Facing Traffic","C: Possible Injury","Travel Lane","Asian","Male",30,"30-39","No",NA,"6-10 mph","O: No Injury","White","Male","Passenger Car","No","19MAY2008","Monday","Head-On",10,"Non-Intersection","May","C: Possible Injury",39300,"Head-On - Bicyclist",2008,"Yes","No","Daylight","Straight - Level","Local Street","Dry","Two-Way, Not Divided","None","No Special Feature","Coarse Asphalt",0,0,0,0,0,0,0,"6 lanes",2,0,NA,0,NA
2761,5794,"None - Rural Crash","Buncombe","Mountains","Commercial","Mixed (30% To 70% Developed)",NA,"Rural","30 - 35  MPH","Double Yellow Line, No Passing Zone","Clear","No",29,"25-29","No",NA,"With Traffic","B: Evident Injury","Travel Lane","White","Female",NA,"70+","No",NA,"31-35 mph","O: No Injury","White","Female","Passenger Car","No","21MAY2008","Wednesday","Motorist Left Turn / Merge",8,"Non-Intersection","May","B: Evident Injury",28980,"Motorist Left Turn - Opposite Direction",2008,"Yes","No","Daylight","Straight - Level","State Secondary Route","Dry","Two-Way, Not Divided","None","Y-Intersection","Smooth Asphalt",0,0,0,0,0,0,0,"2 lanes",2,0,NA,0,NA
2762,5808,"Wilmington","New Hanover","Coastal","Commercial","Urban (>70% Developed)",NA,"Urban",NA,"Missing","Fog, Smog, Smoke","No",50,"50-59","No",NA,"Facing Traffic","C: Possible Injury","Sidewalk / Crosswalk / Driveway Crossing","Black","Male",24,"20-24","No",NA,NA,"O: No Injury","White","Female","Passenger Car","No","15MAY2008","Thursday","Motorist Failed to Yield - Midblock",12,"Non-Intersection","May","C: Possible Injury",46440,"Motorist Drive Out - Other Midblock",2008,"No","No","Daylight","Straight - Level","Local Street","Dry","Two-Way, Divided, Positive Median Barrier","None","Driveway, Public","Concrete",0,0,0,0,0,0,0,"4 lanes",2,0,NA,0,NA
2763,5815,"Charlotte","Mecklenburg","Piedmont","Commercial","Urban (>70% Developed)",NA,"Urban","30 - 35  MPH","Stop Sign","Clear","No",48,"40-49","No",NA,"With Traffic","B: Evident Injury","Travel Lane","White","Male",49,"40-49","No",NA,"6-10 mph","O: No Injury","White","Female","Passenger Car","No","07JUN2008","Saturday","Motorist Failed to Yield - Sign-Controlled Intersection",12,"Intersection","June","B: Evident Injury",43800,"Motorist Drive Out - Sign-Controlled Intersection",2008,"Yes","No","Daylight","Straight - Level","Local Street","Dry","Two-Way, Not Divided","None","Four-Way Intersection","Smooth Asphalt",0,0,0,0,0,0,0,"2 lanes",2,0,NA,0,NA
2764,5822,"Greensboro","Guilford","Piedmont","Institutional","Urban (>70% Developed)",NA,"Urban","30 - 35  MPH","Missing","Clear","No",51,"50-59","Yes",NA,"With Traffic","C: Possible Injury","Travel Lane","White","Male",37,"30-39","No",NA,"21-25 mph","O: No Injury","White","Female","Pickup","Yes","29MAY2008","Thursday","Bicyclist Left Turn / Merge",15,"Intersection","May","C: Possible Injury",57180,"Bicyclist Left Turn - Opposite Direction",2008,"No","No","Daylight","Straight - Bottom","Local Street","Dry","Two-Way, Not Divided","None","Four-Way Intersection","Smooth Asphalt",0,0,0,0,0,0,0,"3 lanes",2,0,NA,0,NA
2765,5825,"Winston-Salem","Forsyth","Piedmont","Commercial","Urban (>70% Developed)",NA,"Urban","30 - 35  MPH","Missing","Clear","No",16,"16-19","No",NA,"Facing Traffic","B: Evident Injury","Bike Lane / Paved Shoulder","Black","Male",35,"30-39","No",NA,"0-5 mph","O: No Injury","Black","Male","Pickup","No","29MAY2008","Thursday","Motorist Failed to Yield - Midblock",18,"Non-Intersection","May","B: Evident Injury",64980,"Motorist Drive Out - Other Midblock",2008,"Yes","No","Daylight","Curve - Grade","Local Street","Dry","Two-Way, Divided, Positive Median Barrier","None","No Special Feature","Coarse Asphalt",0,0,0,0,0,0,0,"4 lanes",2,0,NA,0,NA
2766,5827,"Raleigh","Wake","Piedmont","Residential","Urban (>70% Developed)",NA,"Urban","30 - 35  MPH","Stop Sign","Clear","No",24,"20-24","No",NA,"Facing Traffic","C: Possible Injury","Sidewalk / Crosswalk / Driveway Crossing","White","Male",39,"30-39","No",NA,"0-5 mph","O: No Injury","Black","Male","Sport Utility","No","30MAY2008","Friday","Motorist Failed to Yield - Sign-Controlled Intersection",15,"Intersection","May","C: Possible Injury",56400,"Motorist Drive Out - Sign-Controlled Intersection",2008,"Yes","No","Daylight","Straight - Grade","Local Street","Dry","Two-Way, Divided, Unprotected Median","None","No Special Feature","Smooth Asphalt",0,0,0,0,0,0,0,"2 lanes",2,0,NA,0,NA
2767,5832,"Salisbury","Rowan","Piedmont","Commercial","Urban (>70% Developed)",NA,"Urban","5 - 15 MPH","No Control Present","Clear","No",48,"40-49","No",NA,"Not Applicable","C: Possible Injury","Non-Roadway","White","Male",62,"60-69","No",NA,"0-5 mph","O: No Injury","White","Male","Pickup","No","30JUN2008","Monday","Non-Roadway",9,"Non-Roadway","June","C: Possible Injury",34980,"Non-Roadway",2008,"Yes","No","Daylight","Straight - Grade","Public Vehicular Area","Dry","One-Way, Not Divided","None","Driveway, Public","Smooth Asphalt",0,0,0,0,0,0,0,NA,2,0,NA,0,NA
2768,5834,"None - Rural Crash","Chatham","Piedmont","Farms, Woods, Pastures","Rural (<30% Developed)",NA,"Rural","50 - 55  MPH","Double Yellow Line, No Passing Zone","Clear","No",50,"50-59","No",NA,"With Traffic","B: Evident Injury","Travel Lane","White","Male",56,"50-59","No",NA,"0-5 mph","O: No Injury","White","Male","Passenger Car","No","29JUN2008","Sunday","Motorist Left Turn / Merge",10,"Non-Intersection","June","B: Evident Injury",36180,"Motorist Left Turn - Opposite Direction",2008,"Yes","No","Daylight","Straight - Level","State Secondary Route","Dry","Two-Way, Not Divided","None","No Special Feature","Coarse Asphalt",0,0,0,0,0,0,0,"2 lanes",3,0,NA,0,NA
2769,5836,"None - Rural Crash","Johnston","Coastal","Farms, Woods, Pastures","Rural (<30% Developed)",NA,"Rural","50 - 55  MPH","No Control Present","Clear","No",12,"11-15","No",NA,"With Traffic","B: Evident Injury","Travel Lane","White","Male",20,"20-24","No",NA,"31-35 mph","O: No Injury","White","Female","Passenger Car","No","07JUN2008","Saturday","Bicyclist Left Turn / Merge",15,"Non-Intersection","June","B: Evident Injury",55200,"Bicyclist Left Turn - Same Direction",2008,"Yes","No","Daylight","Straight - Level","State Secondary Route","Dry","Two-Way, Not Divided","None","No Special Feature","Smooth Asphalt",0,0,0,0,0,0,0,"2 lanes",2,0,NA,0,NA
2770,5840,"None - Rural Crash","Orange","Piedmont","Farms, Woods, Pastures","Rural (<30% Developed)",NA,"Rural","50 - 55  MPH","Double Yellow Line, No Passing Zone","Clear","No",59,"50-59","No",NA,"With Traffic","K: Killed","Travel Lane","White","Male",26,"25-29","No",NA,"51-55 mph","C: Possible Injury","White","Male","Sport Utility","No","03JUN2008","Tuesday","Loss of Control / Turning Error",8,"Non-Intersection","June","K: Killed",28920,"Motorist Lost Control - Other / Unknown",2008,"Yes","No","Daylight","Curve - Level","State Secondary Route","Dry","Two-Way, Not Divided","None","No Special Feature","Smooth Asphalt",0,0,0,0,0,0,0,"2 lanes",3,0,NA,0,NA
2771,5843,"Sharpsburg","Nash","Coastal","Commercial","Mixed (30% To 70% Developed)",NA,"Rural","40 - 45  MPH","Missing","Clear","No",45,"40-49","No",NA,"Not Applicable","C: Possible Injury","Non-Roadway","White","Female",21,"20-24","No",NA,"41-45 mph","O: No Injury","Black","Female","Passenger Car","No","10FEB2008","Sunday","Bicyclist Failed to Yield - Midblock",18,"Non-Intersection","February","C: Possible Injury",64800,"Bicyclist Ride Out - Commercial Driveway / Alley",2008,"Yes","No","Dark - Roadway Not Lighted","Straight - Level","Local Street","Dry","Two-Way, Divided, Unprotected Median","None","No Special Feature","Coarse Asphalt",0,0,0,0,0,0,0,"4 lanes",2,0,NA,0,NA