"...1","object_id","city","county","region","development","locality","on_road","rural_urban","speed_limit","traffic_control","weather","workzone","bike_age","bike_age_group","bike_alcohol","bike_alcohol_drugs","bike_direction","bike_injury","bike_position","bike_race","bike_sex","driver_age","driver_age_group","driver_alcohol","driver_alcohol_drugs","driver_est_speed","driver_injury","driver_race","driver_sex","driver_vehicle_type","crash_alcohol","crash_date","crash_day","crash_group","crash_hour","crash_location","crash_month","crash_severity","crash_time","crash_type","crash_year","ambulance_req","hit_run","light_condition","road_character","road_class","road_condition","road_configuration","road_defects","road_feature","road_surface","num_bikes_ai","num_bikes_bi","num_bikes_ci","num_bikes_ki","num_bikes_no","num_bikes_to","num_bikes_ui","num_lanes","num_units","distance_mi_from","frm_road","rte_invd_cd","towrd_road"
2772,5849,"Jacksonville","Onslow","Coastal","Commercial","Urban (>70% Developed)",NA,"Urban",NA,"Stop And Go Signal","Clear","No",60,"60-69","No",NA,NA,"O: No Injury",NA,"White","Male",44,"40-49","No",NA,NA,"C: Possible Injury","Black","Male","Pedalcycle","No","06JUN2008","Friday","Crossing Paths - Other Circumstances",17,"Intersection","June","C: Possible Injury",62880,"Signalized Intersection - Other / Unknown",2008,"Yes","No","Daylight","Straight - Level","Local Street","Dry","Two-Way, Not Divided","None","No Special Feature","Smooth Asphalt",0,0,0,0,0,0,0,"7 lanes",2,0,NA,0,NA
2773,5851,"None - Rural Crash","Nash","Coastal","Farms, Woods, Pastures","Rural (<30% Developed)",NA,"Rural","50 - 55  MPH","Missing","Clear","No",9,"6-10","No",NA,NA,"B: Evident Injury",NA,"White","Male",60,"60-69","No",NA,"51-55 mph","O: No Injury","Black","Male","Passenger Car","No","18JUN2008","Wednesday","Bicyclist Failed to Yield - Midblock",14,"Non-Intersection","June","B: Evident Injury",53340,"Bicyclist Ride Out - Midblock - Unknown",2008,"No","No","Daylight","Straight - Grade","US Route","Dry","Two-Way, Not Divided","None","No Special Feature","Coarse Asphalt",0,0,0,0,0,0,0,"2 lanes",2,0,NA,0,NA
2774,5852,"None - Rural Crash","Cumberland","Coastal","Residential","Urban (>70% Developed)",NA,"Rural","30 - 35  MPH","Double Yellow Line, No Passing Zone","Clear","No",13,"11-15","No",NA,"With Traffic","B: Evident Injury","Bike Lane / Paved Shoulder","Asian","Male",36,"30-39","No",NA,"31-35 mph","O: No Injury","White","Female","Passenger Car","No","18JUN2008","Wednesday","Bicyclist Left Turn / Merge",20,"Non-Intersection","June","B: Evident Injury",73800,"Bicyclist Left Turn - Same Direction",2008,"Yes","No","Daylight","Straight - Level","State Secondary Route","Dry","Two-Way, Not Divided","None","No Special Feature","Coarse Asphalt",0,0,0,0,0,0,0,"2 lanes",2,0,NA,0,NA
2775,5866,"None - Rural Crash","Pender","Coastal","Residential","Urban (>70% Developed)",NA,"Rural","30 - 35  MPH","Stop Sign","Clear","No",14,"11-15","No",NA,"Facing Traffic","B: Evident Injury","Travel Lane","White","Male",41,"40-49","No",NA,"26-30 mph","O: No Injury","White","Female","Passenger Car","No","13JUN2008","Friday","Bicyclist Failed to Yield - Sign-Controlled Intersection",15,"Intersection","June","B: Evident Injury",54900,"Bicyclist Ride Out - Sign-Controlled Intersection",2008,"Yes","No","Daylight","Straight - Level","State Secondary Route","Dry","Two-Way, Not Divided","None","T-Intersection","Smooth Asphalt",0,0,0,0,0,0,0,"2 lanes",2,0,NA,0,NA
2776,5874,"Raleigh","Wake","Piedmont","Commercial","Urban (>70% Developed)",NA,"Urban","30 - 35  MPH","No Control Present","Clear","No",19,"16-19","No",NA,"With Traffic","C: Possible Injury","Travel Lane","White","Male",35,"30-39","No",NA,"6-10 mph","O: No Injury","White","Male","Pickup","No","18JUN2008","Wednesday","Motorist Left Turn / Merge",19,"Non-Intersection","June","C: Possible Injury",70980,"Motorist Left Turn - Opposite Direction",2008,"Yes","No","Daylight","Straight - Level","Local Street","Dry","Two-Way, Not Divided","None","No Special Feature","Coarse Asphalt",0,0,0,0,0,0,0,"3 lanes",2,0,NA,0,NA
2777,5875,"Raleigh","Wake","Piedmont","Residential","Mixed (30% To 70% Developed)",NA,"Urban","40 - 45  MPH","No Control Present","Clear","No",59,"50-59","No",NA,"With Traffic","C: Possible Injury","Travel Lane","White","Female",27,"25-29","No",NA,"36-40 mph","O: No Injury","Black","Female","Passenger Car","No","15JUN2008","Sunday","Motorist Overtaking Bicyclist",11,"Non-Intersection","June","C: Possible Injury",40260,"Motorist Overtaking - Misjudged Space",2008,"No","No","Daylight","Straight - Level","Local Street","Dry","Two-Way, Divided, Positive Median Barrier","None","No Special Feature","Smooth Asphalt",0,0,0,0,0,0,0,"5 lanes",2,0,NA,0,NA
2778,5879,"Charlotte","Mecklenburg","Piedmont","Residential","Urban (>70% Developed)",NA,"Urban","30 - 35  MPH","Stop And Go Signal","Clear","No",17,"16-19","No",NA,"Facing Traffic","B: Evident Injury","Sidewalk / Crosswalk / Driveway Crossing","Hispanic","Male",NA,"70+","No",NA,"0-5 mph","O: No Injury","White","Female","Sport Utility","No","06JUN2008","Friday","Bicyclist Failed to Yield - Signalized Intersection",20,"Intersection","June","B: Evident Injury",73800,"Bicyclist Ride Through - Signalized Intersection",2008,"Yes","No","Daylight","Straight - Level","Local Street","Dry","Two-Way, Not Divided","None","Four-Way Intersection","Smooth Asphalt",0,0,0,0,0,0,0,"2 lanes",2,0,NA,0,NA
2779,5889,"New Bern","Craven","Coastal","Residential","Urban (>70% Developed)",NA,"Urban",NA,"No Control Present","Clear","No",8,"6-10","No",NA,"Not Applicable","B: Evident Injury","Non-Roadway","Black","Male",26,"25-29","No",NA,"0-5 mph","O: No Injury","White","Male","Passenger Car","No","20JUN2008","Friday","Non-Roadway",15,"Non-Roadway","June","B: Evident Injury",54300,"Non-Roadway",2008,"Yes","No","Daylight","Straight - Level","Public Vehicular Area","Dry","Two-Way, Not Divided","None","No Special Feature","Smooth Asphalt",0,0,0,0,0,0,0,NA,2,0,NA,0,NA
2780,5900,"Chapel Hill","Orange","Piedmont","Commercial","Urban (>70% Developed)",NA,"Urban","20 - 25  MPH","Stop Sign","Clear","No",NA,NA,"No",NA,"Facing Traffic","C: Possible Injury","Sidewalk / Crosswalk / Driveway Crossing","Black","Male",51,"50-59","No",NA,NA,"O: No Injury","White","Female","Passenger Car","No","21JUN2008","Saturday","Motorist Failed to Yield - Sign-Controlled Intersection",13,"Intersection","June","C: Possible Injury",49200,"Motorist Drive Out - Sign-Controlled Intersection",2008,"No","No","Daylight","Straight - Level","Local Street","Dry","Two-Way, Not Divided","None","No Special Feature","Smooth Asphalt",0,0,0,0,0,0,0,"2 lanes",2,0,NA,0,NA
2781,5906,"Gastonia","Gaston","Piedmont","Residential","Urban (>70% Developed)",NA,"Urban","40 - 45  MPH","No Control Present","Clear","No",18,"16-19","No",NA,"With Traffic","C: Possible Injury","Sidewalk / Crosswalk / Driveway Crossing","White","Male",NA,"70+","No",NA,"36-40 mph","O: No Injury","White","Female","Passenger Car","No","25JUN2008","Wednesday","Parallel Paths - Other Circumstances",12,"Non-Intersection","June","C: Possible Injury",43740,"Bicyclist Ride Out - Parallel Path",2008,"Yes","No","Daylight","Straight - Grade","Local Street","Dry","Two-Way, Not Divided","None","No Special Feature","Coarse Asphalt",0,0,0,0,0,0,0,"5 lanes",2,0,NA,0,NA
2782,5908,"Winston-Salem","Forsyth","Piedmont","Commercial","Urban (>70% Developed)",NA,"Urban","40 - 45  MPH","Double Yellow Line, No Passing Zone","Clear","No",12,"11-15","No",NA,"With Traffic","B: Evident Injury","Travel Lane","Black","Male",NA,"70+","No",NA,"21-25 mph","O: No Injury","Black","Female","Passenger Car","No","26JUN2008","Thursday","Bicyclist Left Turn / Merge",11,"Non-Intersection","June","B: Evident Injury",43080,"Bicyclist Left Turn - Same Direction",2008,"Yes","No","Daylight","Straight - Grade","Local Street","Dry","Two-Way, Not Divided","None","No Special Feature","Smooth Asphalt",0,0,0,0,0,0,0,"2 lanes",2,0,NA,0,NA
2783,5911,"None - Rural Crash","Chatham","Piedmont","Farms, Woods, Pastures","Rural (<30% Developed)",NA,"Rural","50 - 55  MPH","Double Yellow Line, No Passing Zone","Clear","No",32,"30-39","No",NA,"With Traffic","B: Evident Injury","Travel Lane","White","Female",32,"30-39","No",NA,"16-20 mph","Unknown Injury","Unknown/Missing",NA,NA,"No","28JUN2008","Saturday","Other / Unusual Circumstances",16,"Non-Intersection","June","B: Evident Injury",59820,"Motorist Intentionally Caused",2008,"Yes","Yes","Daylight","Curve - Level","State Secondary Route","Dry","Two-Way, Not Divided","None","No Special Feature","Coarse Asphalt",0,0,0,0,0,0,0,"2 lanes",2,0,NA,0,NA
2784,5912,"High Point","Guilford","Piedmont","Residential","Urban (>70% Developed)",NA,"Urban","30 - 35  MPH","No Control Present","Clear","No",12,"11-15","No",NA,"Facing Traffic","C: Possible Injury","Travel Lane","Black","Female",21,"20-24","No",NA,"11-15 mph","O: No Injury","Black","Female","Pickup","No","28JUN2008","Saturday","Motorist Left Turn / Merge",16,"Non-Intersection","June","C: Possible Injury",58140,"Motorist Left Turn - Same Direction",2008,"Yes","No","Daylight","Straight - Level","Local Street","Dry","Two-Way, Not Divided","None","No Special Feature","Coarse Asphalt",0,0,0,0,0,0,0,"2 lanes",2,0,NA,0,NA
2785,5914,"Bogue","Carteret","Coastal","Commercial","Urban (>70% Developed)",NA,"Rural",NA,"Missing","Cloudy","No",23,"20-24","No",NA,"With Traffic","B: Evident Injury","Travel Lane","Hispanic","Male",61,"60-69","No",NA,"0-5 mph","O: No Injury","White","Female","Sport Utility","No","29JUN2008","Sunday","Motorist Failed to Yield - Midblock",14,"Non-Intersection","June","B: Evident Injury",51060,"Motorist Drive Out - Commercial Driveway / Alley",2008,"Yes","No","Daylight","Straight - Level","NC Route","Dry","Two-Way, Not Divided","None","Driveway, Public","Smooth Asphalt",0,0,0,0,0,0,0,"5 lanes",2,0,NA,0,NA
2786,5923,"None - Rural Crash","Wake","Piedmont","Residential","Rural (<30% Developed)",NA,"Rural","40 - 45  MPH","Double Yellow Line, No Passing Zone","Clear","No",50,"50-59","No",NA,"With Traffic","B: Evident Injury","Travel Lane","White","Male",37,"30-39","No",NA,"16-20 mph","O: No Injury","White","Male","Light Truck (Mini-Van, Panel)","No","24JUN2008","Tuesday","Bicyclist Overtaking Motorist",12,"Non-Intersection","June","B: Evident Injury",45480,"Bicyclist Overtaking - Other / Unknown",2008,"Yes","No","Daylight","Straight - Level","State Secondary Route","Dry","Two-Way, Not Divided","None","Driveway, Public","Smooth Asphalt",0,0,0,0,0,0,0,"2 lanes",2,0,NA,0,NA
2787,5927,"Wilmington","New Hanover","Coastal","Residential","Urban (>70% Developed)",NA,"Urban","30 - 35  MPH","No Control Present","Clear","No",55,"50-59","No",NA,"With Traffic","B: Evident Injury","Sidewalk / Crosswalk / Driveway Crossing","White","Male",50,"50-59","No",NA,"0-5 mph","O: No Injury","White","Male","Single Unit Truck (2-Axle, 6-Tire)","No","21MAY2008","Wednesday","Motorist Failed to Yield - Midblock",15,"Non-Intersection","May","B: Evident Injury",57360,"Motorist Drive Out - Other Midblock",2008,"Yes","No","Daylight","Straight - Grade","Local Street","Dry","Two-Way, Not Divided","None","Driveway, Private","Smooth Asphalt",0,0,0,0,0,0,0,"4 lanes",2,0,NA,0,NA
2788,5928,"Jacksonville","Onslow","Coastal","Commercial","Urban (>70% Developed)",NA,"Urban","30 - 35  MPH","Other","Cloudy","No",16,"16-19","No",NA,"Not Applicable","C: Possible Injury","Sidewalk / Crosswalk / Driveway Crossing","White","Male",52,"50-59","No",NA,"16-20 mph","O: No Injury","White","Male","Pickup","No","10JUL2008","Thursday","Motorist Failed to Yield - Sign-Controlled Intersection",17,"Intersection-Related","July","C: Possible Injury",63840,"Motorist Drive Through - Sign-Controlled Intersection",2008,"Yes","No","Daylight","Straight - Level","Local Street","Dry","Two-Way, Not Divided","None","No Special Feature","Smooth Asphalt",0,0,0,0,0,0,0,"5 lanes",2,0,NA,0,NA
2789,5932,"Durham","Durham","Piedmont","Commercial","Urban (>70% Developed)",NA,"Urban","30 - 35  MPH","No Control Present","Clear","No",56,"50-59","No",NA,"With Traffic","B: Evident Injury","Travel Lane","White","Male",26,"25-29","No",NA,"6-10 mph","O: No Injury","White","Male","Pickup","No","01AUG2008","Friday","Motorist Left Turn / Merge",6,"Non-Intersection","August","B: Evident Injury",23520,"Motorist Left Turn - Opposite Direction",2008,"Yes","No","Daylight","Straight - Level","Local Street","Dry","Two-Way, Not Divided","None","No Special Feature","Smooth Asphalt",0,0,0,0,0,0,0,"3 lanes",2,0,NA,0,NA
2790,5936,"None - Rural Crash","Cumberland","Coastal","Farms, Woods, Pastures","Rural (<30% Developed)",NA,"Rural","40 - 45  MPH","Double Yellow Line, No Passing Zone","Clear","No",47,"40-49","Yes",NA,"With Traffic","C: Possible Injury","Travel Lane","White","Male",45,"40-49","No",NA,"41-45 mph","O: No Injury","White","Male","Passenger Car","Yes","04JUL2008","Friday","Motorist Overtaking Bicyclist",13,"Non-Intersection","July","C: Possible Injury",48360,"Motorist Overtaking - Other / Unknown",2008,"No","No","Daylight","Straight - Level","State Secondary Route","Dry","Two-Way, Not Divided","None","No Special Feature","Coarse Asphalt",0,0,0,0,0,0,0,"2 lanes",2,0,NA,0,NA
2791,5941,"Indian Trail","Union","Piedmont","Residential","Urban (>70% Developed)",NA,"Urban","40 - 45  MPH","Double Yellow Line, No Passing Zone","Clear","No",25,"25-29","No",NA,"With Traffic","B: Evident Injury","Travel Lane","White","Male",27,"25-29","No",NA,"41-45 mph","O: No Injury","White","Female","Passenger Car","No","07JUL2008","Monday","Motorist Right Turn / Merge",0,"Intersection","July","B: Evident Injury",2880,"Motorist Right Turn - Same Direction",2008,"Yes","No","Daylight","Straight - Level","State Secondary Route","Dry","Two-Way, Not Divided","None","Four-Way Intersection","Smooth Asphalt",0,0,0,0,0,0,0,"2 lanes",2,0,NA,0,NA
2792,5946,"Greensboro","Guilford","Piedmont","Residential","Urban (>70% Developed)",NA,"Urban","30 - 35  MPH","Stop Sign","Clear","No",32,"30-39","No",NA,"Facing Traffic","C: Possible Injury","Sidewalk / Crosswalk / Driveway Crossing","Black","Male",35,"30-39","No",NA,"0-5 mph","O: No Injury","Black","Male","Pickup","No","08JUL2008","Tuesday","Motorist Failed to Yield - Sign-Controlled Intersection",21,"Intersection","July","C: Possible Injury",77040,"Motorist Drive Out - Sign-Controlled Intersection",2008,"No","No","Dark - Lighted Roadway","Straight - Level","Local Street","Dry","Two-Way, Not Divided","None","T-Intersection","Smooth Asphalt",0,0,0,0,0,0,0,"2 lanes",2,0,NA,0,NA
2793,5972,"Garland","Sampson","Coastal","Residential","Urban (>70% Developed)",NA,"Rural","30 - 35  MPH","Double Yellow Line, No Passing Zone","Clear","No",17,"16-19","No",NA,"With Traffic","B: Evident Injury","Travel Lane","Black","Male",57,"50-59","No",NA,"31-35 mph","O: No Injury","White","Female","Passenger Car","No","19JUL2008","Saturday","Bicyclist Left Turn / Merge",21,"Non-Intersection","July","B: Evident Injury",79140,"Bicyclist Left Turn - Same Direction",2008,"Yes","No","Dark - Roadway Not Lighted","Straight - Level","NC Route","Dry","Two-Way, Not Divided","None","T-Intersection","Coarse Asphalt",0,0,0,0,0,0,0,"2 lanes",2,0,NA,0,NA
2794,5978,"None - Rural Crash","Catawba","Piedmont","Farms, Woods, Pastures","Rural (<30% Developed)",NA,"Rural","50 - 55  MPH","Double Yellow Line, No Passing Zone","Clear","No",27,"25-29","No",NA,"With Traffic","B: Evident Injury","Travel Lane","White","Male",56,"50-59","No",NA,"31-35 mph","O: No Injury","White","Male","Passenger Car","No","16AUG2008","Saturday","Motorist Overtaking Bicyclist",10,"Non-Intersection","August","B: Evident Injury",36900,"Motorist Overtaking - Misjudged Space",2008,"Yes","No","Daylight","Curve - Grade","State Secondary Route","Dry","Two-Way, Not Divided","None","No Special Feature","Coarse Asphalt",0,0,0,0,0,0,0,"2 lanes",2,0,NA,0,NA
2795,5981,"None - Rural Crash","Pasquotank","Coastal","Farms, Woods, Pastures","Rural (<30% Developed)",NA,"Rural",NA,"Double Yellow Line, No Passing Zone","Clear","No",20,"20-24","No",NA,"With Traffic","C: Possible Injury","Travel Lane","White","Male",NA,NA,"Missing",NA,NA,"Unknown Injury","Unknown/Missing",NA,"Pickup","No","06AUG2008","Wednesday","Motorist Overtaking Bicyclist",0,"Non-Intersection","August","C: Possible Injury",1020,"Motorist Overtaking - Other / Unknown",2008,"Yes","Yes","Dark - Roadway Not Lighted","Straight - Level","State Secondary Route","Dry","Two-Way, Not Divided","None","No Special Feature","Coarse Asphalt",0,0,0,0,0,0,0,"2 lanes",2,0,NA,0,NA
2796,5990,"None - Rural Crash","Catawba","Piedmont","Residential","Urban (>70% Developed)",NA,"Rural","20 - 25  MPH","Missing","Clear","No",16,"16-19","No",NA,"Not Applicable","B: Evident Injury","Driveway / Alley","White","Male",30,"30-39","No",NA,"16-20 mph","O: No Injury","White","Female","Passenger Car","No","22JUL2008","Tuesday","Bicyclist Failed to Yield - Midblock",15,"Non-Intersection","July","B: Evident Injury",57060,"Bicyclist Ride Out - Residential Driveway",2008,"Yes","No","Daylight","Straight - Level","State Secondary Route","Dry","Two-Way, Not Divided","None","Driveway, Private","Coarse Asphalt",0,0,0,0,0,0,0,"2 lanes",2,0,NA,0,NA
2797,3537,"Raleigh","Wake","Piedmont","Commercial","Urban (>70% Developed)",NA,"Urban","20 - 25  MPH","Stop Sign","Cloudy","No",21,"20-24","No",NA,"Facing Traffic","B: Evident Injury","Sidewalk / Crosswalk / Driveway Crossing","White","Male",38,"30-39","No",NA,"0-5 mph","O: No Injury","Other","Female","Sport Utility","No","04NOV2011","Friday","Motorist Failed to Yield - Sign-Controlled Intersection",16,"Intersection","November","B: Evident Injury",59640,"Motorist Drive Out - Sign-Controlled Intersection",2011,"Yes","No","Daylight","Straight - Grade","Local Street","Wet","Two-Way, Not Divided","Road Surface Condition","T-Intersection","Smooth Asphalt",0,0,0,0,0,0,0,"2 lanes",2,0,NA,0,NA
2798,3538,"Raleigh","Wake","Piedmont","Residential","Mixed (30% To 70% Developed)",NA,"Urban","30 - 35  MPH","No Control Present","Clear","No",21,"20-24","No",NA,"With Traffic","O: No Injury","Bike Lane / Paved Shoulder","White","Male",19,"0-19","No",NA,"21-25 mph","O: No Injury","White","Male","Passenger Car","No","02NOV2011","Wednesday","Motorist Right Turn / Merge",18,"Non-Intersection","November","O: No Injury",65940,"Motorist Right Turn - Same Direction",2011,"Yes","No","Daylight","Straight - Level","Local Street","Dry","Two-Way, Divided, Unprotected Median","None","No Special Feature","Coarse Asphalt",0,0,0,0,0,0,0,"2 lanes",2,0,NA,0,NA
2799,3539,"Wilmington","New Hanover","Coastal","Residential","Mixed (30% To 70% Developed)",NA,"Urban","50 - 55  MPH","No Control Present","Clear","No",56,"50-59","No",NA,"With Traffic","B: Evident Injury","Bike Lane / Paved Shoulder","White","Male",NA,NA,"Missing",NA,"51-55 mph","Unknown Injury","Unknown/Missing",NA,NA,"No","23OCT2011","Sunday","Loss of Control / Turning Error",2,"Non-Intersection","October","B: Evident Injury",9000,"Motorist Lost Control - Other / Unknown",2011,"No","Yes","Dark - Roadway Not Lighted","Straight - Level","US Route","Dry","Two-Way, Divided, Unprotected Median","None","No Special Feature","Smooth Asphalt",0,0,0,0,0,0,0,"6 lanes",2,0,NA,0,NA
2800,3541,"Fayetteville","Cumberland","Coastal","Commercial","Urban (>70% Developed)",NA,"Urban","40 - 45  MPH","No Control Present","Clear","No",NA,"70+","No",NA,"With Traffic","B: Evident Injury","Travel Lane","White","Male",50,"50-59","No",NA,"0-5 mph","O: No Injury","White","Male","Pickup","No","25OCT2011","Tuesday","Motorist Overtaking Bicyclist",17,"Non-Intersection","October","B: Evident Injury",61920,"Motorist Overtaking - Bicyclist Swerved",2011,"No","No","Daylight","Straight - Grade","Local Street","Dry","Two-Way, Not Divided","None","No Special Feature","Coarse Asphalt",0,0,0,0,0,0,0,"7 lanes",2,0,NA,0,NA
2801,3357,"Wilmington","New Hanover","Coastal","Commercial","Urban (>70% Developed)",NA,"Urban","30 - 35  MPH","No Control Present","Clear","No",27,"25-29","No",NA,"With Traffic","C: Possible Injury","Sidewalk / Crosswalk / Driveway Crossing","White","Male",35,"30-39","No",NA,"6-10 mph","O: No Injury","White","Female","Passenger Car","No","19AUG2011","Friday","Motorist Failed to Yield - Midblock",17,"Non-Intersection","August","C: Possible Injury",62520,"Motorist Drive Out - Commercial Driveway / Alley",2011,"No","No","Daylight","Straight - Level","Public Vehicular Area","Dry","Two-Way, Not Divided","None","Driveway, Public","Smooth Asphalt",0,0,0,0,0,0,0,"2 lanes",2,0,NA,0,NA
2802,3358,"None - Rural Crash","Moore","Piedmont","Farms, Woods, Pastures","Rural (<30% Developed)",NA,"Rural","40 - 45  MPH","Double Yellow Line, No Passing Zone","Clear","No",61,"60-69","No",NA,"With Traffic","B: Evident Injury","Travel Lane","White","Male",45,"40-49","No",NA,"41-45 mph","O: No Injury","White","Female","Passenger Car","No","07SEP2011","Wednesday","Motorist Overtaking Bicyclist",9,"Non-Intersection","September","B: Evident Injury",33360,"Motorist Overtaking - Undetected Bicyclist",2011,"Yes","No","Daylight","Straight - Level","State Secondary Route","Dry","Two-Way, Not Divided","None","No Special Feature","Smooth Asphalt",0,0,0,0,0,0,0,"2 lanes",2,0,NA,0,NA
2803,3374,"Fayetteville","Cumberland","Coastal","Commercial","Urban (>70% Developed)",NA,"Urban","40 - 45  MPH","No Control Present","Clear","No",NA,"70+","No",NA,"With Traffic","O: No Injury","Travel Lane","White","Male",41,"40-49","No",NA,"6-10 mph","O: No Injury","Native American","Female","Passenger Car","No","30AUG2011","Tuesday","Motorist Overtaking Bicyclist",19,"Non-Intersection","August","O: No Injury",71280,"Motorist Overtaking - Other / Unknown",2011,"No","No","Dusk","Straight - Level","Local Street","Dry","Two-Way, Not Divided","None","No Special Feature","Coarse Asphalt",0,0,0,0,0,0,0,"5 lanes",2,0,NA,0,NA
2804,3382,"Fuquay-Varina","Wake","Piedmont","Commercial","Urban (>70% Developed)",NA,"Urban","5 - 15 MPH","Stop Sign","Clear","No",15,"11-15","No",NA,"Facing Traffic","C: Possible Injury","Sidewalk / Crosswalk / Driveway Crossing","Native American","Male",28,"25-29","No",NA,"0-5 mph","O: No Injury","Native American","Male","Sport Utility","No","07AUG2011","Sunday","Motorist Failed to Yield - Midblock",14,"Non-Intersection","August","C: Possible Injury",52080,"Motorist Drive Out - Commercial Driveway / Alley",2011,"Yes","No","Daylight","Straight - Bottom","Public Vehicular Area","Dry","Two-Way, Not Divided","None","Driveway, Public","Smooth Asphalt",0,0,0,0,0,0,0,NA,2,0,NA,0,NA
2805,3384,"None - Rural Crash","Durham","Piedmont","Farms, Woods, Pastures","Rural (<30% Developed)",NA,"Rural","40 - 45  MPH","Stop Sign","Clear","No",41,"40-49","No",NA,"With Traffic","B: Evident Injury","Travel Lane","White","Female",NA,"70+","No",NA,"6-10 mph","O: No Injury","White","Male","Passenger Car","No","14SEP2011","Wednesday","Motorist Failed to Yield - Sign-Controlled Intersection",8,"Intersection","September","B: Evident Injury",31200,"Motorist Drive Out - Sign-Controlled Intersection",2011,"Yes","No","Daylight","Straight - Grade","State Secondary Route","Dry","Two-Way, Not Divided","None","Four-Way Intersection","Smooth Asphalt",0,0,0,0,0,0,0,"2 lanes",2,0,NA,0,NA
2806,3401,"Greensboro","Guilford","Piedmont","Commercial","Urban (>70% Developed)",NA,"Urban","5 - 15 MPH","No Control Present","Clear","No",14,"11-15","No",NA,"Facing Traffic","C: Possible Injury","Sidewalk / Crosswalk / Driveway Crossing","Black","Male",36,"30-39","No",NA,"0-5 mph","O: No Injury","Black","Male","Sport Utility","No","08SEP2011","Thursday","Motorist Failed to Yield - Midblock",18,"Non-Intersection","September","C: Possible Injury",65220,"Motorist Drive Out - Commercial Driveway / Alley",2011,"Yes","No","Daylight","Straight - Grade","Public Vehicular Area","Dry","Two-Way, Not Divided","None","Driveway, Private","Smooth Asphalt",0,0,0,0,0,0,0,"2 lanes",2,0,NA,0,NA
2807,3403,"Asheville","Buncombe","Mountains","Commercial","Urban (>70% Developed)",NA,"Urban","30 - 35  MPH","Stop Sign","Clear","No",18,"16-19","No",NA,"With Traffic","C: Possible Injury","Travel Lane","White","Male",61,"60-69","No",NA,"16-20 mph","O: No Injury","White","Male","Passenger Car","No","29AUG2011","Monday","Bicyclist Failed to Yield - Sign-Controlled Intersection",12,"Intersection","August","C: Possible Injury",45780,"Bicyclist Ride Out - Sign-Controlled Intersection",2011,"No","No","Daylight","Straight - Level","US Route","Dry","Two-Way, Divided, Unprotected Median","None","Four-Way Intersection","Smooth Asphalt",0,0,0,0,0,0,0,"5 lanes",2,0,NA,0,NA
2808,3404,"Southern Shores","Dare","Coastal","Residential","Urban (>70% Developed)",NA,"Rural","20 - 25  MPH","Stop And Go Signal","Clear","No",51,"50-59","No",NA,"Facing Traffic","Unknown Injury","Multi-use Path","Unknown/Missing","Female",47,"40-49","No",NA,"0-5 mph","O: No Injury","White","Male","Pickup","No","10SEP2011","Saturday","Bicyclist Failed to Yield - Sign-Controlled Intersection",14,"Intersection","September","O: No Injury",51480,"Bicyclist Ride Through - Sign-Controlled Intersection",2011,"No","No","Daylight","Straight - Level","Local Street","Dry","Two-Way, Not Divided","None","T-Intersection","Smooth Asphalt",0,0,0,0,0,0,0,"2 lanes",2,0,NA,0,NA
2809,3405,"Raleigh","Wake","Piedmont","Commercial","Mixed (30% To 70% Developed)",NA,"Urban","30 - 35  MPH","No Control Present","Cloudy","No",53,"50-59","No",NA,"Not Applicable","B: Evident Injury","Non-Roadway","White","Male",54,"50-59","No",NA,"0-5 mph","O: No Injury","White","Male","Passenger Car","No","19SEP2011","Monday","Non-Roadway",6,"Non-Roadway","September","B: Evident Injury",25080,"Non-Roadway",2011,"No","No","Dawn","Straight - Level","Public Vehicular Area","Dry","Two-Way, Not Divided","None","Driveway, Public","Smooth Asphalt",0,0,0,0,0,0,0,NA,2,0,NA,0,NA
2810,3416,"Chapel Hill","Orange","Piedmont","Commercial","Urban (>70% Developed)",NA,"Urban","20 - 25  MPH","No Control Present","Clear","No",28,"25-29","No",NA,"With Traffic","B: Evident Injury","Travel Lane","White","Female",19,"0-19","No",NA,"0-5 mph","O: No Injury","White","Male","Passenger Car","No","20SEP2011","Tuesday","Motorist Left Turn / Merge",22,"Intersection","September","B: Evident Injury",82260,"Motorist Left Turn - Opposite Direction",2011,"Yes","No","Dark - Lighted Roadway","Straight - Level","Local Street","Dry","Two-Way, Not Divided","None","No Special Feature","Smooth Asphalt",0,0,0,0,0,0,0,"4 lanes",2,0,NA,0,NA
2811,3419,"Jacksonville","Onslow","Coastal","Commercial","Urban (>70% Developed)",NA,"Urban","40 - 45  MPH","Stop And Go Signal","Cloudy","No",55,"50-59","No",NA,"Facing Traffic","C: Possible Injury","Sidewalk / Crosswalk / Driveway Crossing","Black","Male",33,"30-39","No",NA,"6-10 mph","O: No Injury","Black","Female","Passenger Car","No","20SEP2011","Tuesday","Motorist Failed to Yield - Signalized Intersection",8,"Intersection","September","C: Possible Injury",28800,"Motorist Drive Out - Right Turn on Red",2011,"Yes","No","Daylight","Straight - Level","US Route","Dry","Two-Way, Not Divided","None","Four-Way Intersection","Smooth Asphalt",0,0,0,0,0,0,0,"6 lanes",2,0,NA,0,NA
2812,3421,"None - Rural Crash","Washington","Coastal","Farms, Woods, Pastures","Rural (<30% Developed)",NA,"Rural","50 - 55  MPH","No Control Present","Clear","No",34,"30-39","No",NA,"Facing Traffic","C: Possible Injury","Travel Lane","Black","Male",55,"50-59","No",NA,"31-35 mph","O: No Injury","White","Male","Pickup","No","08AUG2011","Monday","Head-On",17,"Intersection","August","C: Possible Injury",62400,"Head-On - Bicyclist",2011,"Yes","No","Daylight","Straight - Level","State Secondary Route","Dry","Two-Way, Not Divided","None","No Special Feature","Smooth Asphalt",0,0,0,0,0,0,0,"2 lanes",2,0,NA,0,NA