"...1","object_id","city","county","region","development","locality","on_road","rural_urban","speed_limit","traffic_control","weather","workzone","bike_age","bike_age_group","bike_alcohol","bike_alcohol_drugs","bike_direction","bike_injury","bike_position","bike_race","bike_sex","driver_age","driver_age_group","driver_alcohol","driver_alcohol_drugs","driver_est_speed","driver_injury","driver_race","driver_sex","driver_vehicle_type","crash_alcohol","crash_date","crash_day","crash_group","crash_hour","crash_location","crash_month","crash_severity","crash_time","crash_type","crash_year","ambulance_req","hit_run","light_condition","road_character","road_class","road_condition","road_configuration","road_defects","road_feature","road_surface","num_bikes_ai","num_bikes_bi","num_bikes_ci","num_bikes_ki","num_bikes_no","num_bikes_to","num_bikes_ui","num_lanes","num_units","distance_mi_from","frm_road","rte_invd_cd","towrd_road"
2813,3435,"None - Rural Crash","Lincoln","Piedmont","Residential","Mixed (30% To 70% Developed)",NA,"Rural","30 - 35  MPH","Double Yellow Line, No Passing Zone","Clear","No",56,"50-59","No",NA,"With Traffic","B: Evident Injury","Travel Lane","White","Male",22,"20-24","No",NA,"46-50 mph","O: No Injury","White","Male","Passenger Car","No","26SEP2011","Monday","Head-On",17,"Non-Intersection","September","B: Evident Injury",62160,"Head-On - Motorist",2011,"Yes","No","Daylight","Straight - Level","State Secondary Route","Dry","Two-Way, Not Divided","None","No Special Feature","Smooth Asphalt",0,0,0,0,0,0,0,"2 lanes",2,0,NA,0,NA
2814,3438,"Fayetteville","Cumberland","Coastal","Commercial","Urban (>70% Developed)",NA,"Urban",NA,"No Control Present","Clear","No",NA,"70+","No",NA,"With Traffic","B: Evident Injury","Sidewalk / Crosswalk / Driveway Crossing","White","Male",NA,NA,"Missing",NA,NA,"Unknown Injury","Unknown/Missing",NA,NA,"No","23SEP2011","Friday","Motorist Left Turn / Merge",21,"Non-Intersection","September","B: Evident Injury",76620,"Motorist Left Turn - Opposite Direction",2011,"No","Yes","Dark - Lighted Roadway","Straight - Level","Local Street","Dry","Two-Way, Not Divided","None","Driveway, Public","Coarse Asphalt",0,0,0,0,0,0,0,"7 lanes",2,0,NA,0,NA
2815,3441,"Raleigh","Wake","Piedmont","Residential","Urban (>70% Developed)",NA,"Urban","5 - 15 MPH","No Control Present","Clear","No",9,"6-10","No",NA,"Facing Traffic","B: Evident Injury","Travel Lane","Hispanic","Male",20,"20-24","No",NA,"16-20 mph","O: No Injury","Black","Male","Passenger Car","No","02OCT2011","Sunday","Parallel Paths - Other Circumstances",15,"Non-Intersection","October","B: Evident Injury",55320,"Parallel Paths - Other / Unknown",2011,"Yes","No","Daylight","Curve - Level","Local Street","Dry","Two-Way, Not Divided","None","No Special Feature","Smooth Asphalt",0,0,0,0,0,0,0,"2 lanes",2,0,NA,0,NA
2816,3442,"Columbia","Tyrrell","Coastal","Residential","Urban (>70% Developed)",NA,"Rural","20 - 25  MPH","No Control Present","Clear","No",15,"11-15","No",NA,"Not Applicable","B: Evident Injury","Non-Roadway","White","Male",66,"60-69","No",NA,"11-15 mph","O: No Injury","White","Male","Pickup","No","05SEP2011","Monday","Bicyclist Failed to Yield - Midblock",18,"Non-Intersection","September","B: Evident Injury",67800,"Bicyclist Ride Out - Commercial Driveway / Alley",2011,"Yes","No","Daylight","Straight - Level","Local Street","Dry","Two-Way, Not Divided","None","No Special Feature","Smooth Asphalt",0,0,0,0,0,0,0,"2 lanes",2,0,NA,0,NA
2817,3448,"Charlotte","Mecklenburg","Piedmont","Commercial","Mixed (30% To 70% Developed)",NA,"Urban","40 - 45  MPH","Stop Sign","Rain","No",64,"60-69","No",NA,"With Traffic","C: Possible Injury","Travel Lane","White","Male",41,"40-49","No",NA,"0-5 mph","O: No Injury","White","Female","Passenger Car","No","27SEP2011","Tuesday","Motorist Failed to Yield - Sign-Controlled Intersection",22,"Intersection","September","C: Possible Injury",82740,"Motorist Drive Out - Sign-Controlled Intersection",2011,"No","No","Dark - Lighted Roadway","Straight - Level","Local Street","Wet","Two-Way, Not Divided","None","T-Intersection","Smooth Asphalt",0,0,0,0,0,0,0,"2 lanes",2,0,NA,0,NA
2818,3456,"Cary","Wake","Piedmont","Residential","Urban (>70% Developed)",NA,"Urban","40 - 45  MPH","Stop And Go Signal","Clear","No",12,"11-15","No",NA,"Facing Traffic","C: Possible Injury","Sidewalk / Crosswalk / Driveway Crossing","Asian","Male",48,"40-49","No",NA,"0-5 mph","O: No Injury","White","Female","Passenger Car","No","29SEP2011","Thursday","Bicyclist Failed to Yield - Signalized Intersection",7,"Intersection","September","C: Possible Injury",27540,"Bicyclist Ride Through - Signalized Intersection",2011,"Yes","No","Daylight","Straight - Bottom","State Secondary Route","Dry","Two-Way, Divided, Unprotected Median","None","Four-Way Intersection","Smooth Asphalt",0,0,0,0,0,0,0,"5 lanes",2,0,NA,0,NA
2819,3458,"Wilmington","New Hanover","Coastal","Commercial","Urban (>70% Developed)",NA,"Urban","30 - 35  MPH","No Control Present","Rain","No",30,"30-39","No",NA,"With Traffic","C: Possible Injury","Travel Lane","White","Male",NA,NA,"No",NA,NA,"Unknown Injury","Unknown/Missing",NA,NA,"No","22SEP2011","Thursday","Motorist Overtaking Bicyclist",21,"Intersection","September","C: Possible Injury",77400,"Motorist Overtaking - Other / Unknown",2011,"Yes","Yes","Dark - Roadway Not Lighted","Straight - Level","Local Street","Wet","Two-Way, Not Divided","None","No Special Feature","Coarse Asphalt",0,0,0,0,0,0,0,"3 lanes",2,0,NA,0,NA
2820,3468,"Raleigh","Wake","Piedmont","Commercial","Urban (>70% Developed)",NA,"Urban","40 - 45  MPH","Stop And Go Signal","Clear","No",53,"50-59","Yes",NA,"Not Applicable","B: Evident Injury","Travel Lane","Hispanic","Male",36,"30-39","No",NA,"36-40 mph","O: No Injury","White","Female","Pickup","Yes","08OCT2011","Saturday","Bicyclist Failed to Yield - Midblock",18,"Non-Intersection","October","B: Evident Injury",66120,"Bicyclist Ride Out - Other Midblock",2011,"Yes","No","Daylight","Straight - Grade","Local Street","Dry","Two-Way, Divided, Positive Median Barrier","None","Bridge","Smooth Asphalt",0,0,0,0,0,0,0,"7 lanes",2,0,NA,0,NA
2821,3476,"Statesville","Iredell","Piedmont","Commercial","Urban (>70% Developed)",NA,"Urban","30 - 35  MPH","Stop And Go Signal","Clear","No",23,"20-24","No",NA,"Facing Traffic","C: Possible Injury","Travel Lane","Black","Male",57,"50-59","No",NA,NA,"O: No Injury","White","Female","Passenger Car","No","06OCT2011","Thursday","Bicyclist Failed to Yield - Signalized Intersection",14,"Intersection","October","C: Possible Injury",51000,"Bicyclist Ride Out - Signalized  Intersection",2011,"Yes","No","Daylight","Straight - Level","Local Street","Dry","Two-Way, Divided, Positive Median Barrier","None","Four-Way Intersection","Smooth Asphalt",0,0,0,0,0,0,0,"4 lanes",2,0,NA,0,NA
2822,3481,"Wilmington","New Hanover","Coastal","Residential","Urban (>70% Developed)",NA,"Urban","20 - 25  MPH","Stop Sign","Clear","No",31,"30-39","No",NA,"With Traffic","B: Evident Injury","Travel Lane","Black","Female",NA,NA,"Missing",NA,"11-15 mph","Unknown Injury","Unknown/Missing",NA,NA,"No","07OCT2011","Friday","Parallel Paths - Other Circumstances",23,"Intersection","October","B: Evident Injury",85080,"Parallel Paths - Other / Unknown",2011,"Yes","Yes","Dark - Lighted Roadway","Straight - Level","Local Street","Dry","Two-Way, Not Divided","None","No Special Feature","Smooth Asphalt",0,0,0,0,0,0,0,"2 lanes",2,0,NA,0,NA
2823,3486,"Greensboro","Guilford","Piedmont","Commercial","Urban (>70% Developed)",NA,"Urban","30 - 35  MPH","Stop And Go Signal","Rain","No",32,"30-39","No",NA,"Not Applicable","B: Evident Injury","Travel Lane","White","Male",41,"40-49","No",NA,"16-20 mph","O: No Injury","White","Female","Passenger Car","No","25SEP2011","Sunday","Bicyclist Failed to Yield - Signalized Intersection",19,"Intersection-Related","September","B: Evident Injury",71460,"Bicyclist Ride Out - Signalized  Intersection",2011,"Yes","No","Dark - Lighted Roadway","Straight - Level","Local Street","Wet","Two-Way, Divided, Unprotected Median","None","No Special Feature","Smooth Asphalt",0,0,0,0,0,0,0,"5 lanes",2,0,NA,0,NA
2824,3494,"None - Rural Crash","Carteret","Coastal","Residential","Rural (<30% Developed)",NA,"Rural","50 - 55  MPH","Double Yellow Line, No Passing Zone","Clear","No",30,"30-39","No",NA,"With Traffic","B: Evident Injury","Travel Lane","White","Male",68,"60-69","No",NA,"31-35 mph","O: No Injury","White","Male","Sport Utility","No","23OCT2011","Sunday","Motorist Overtaking Bicyclist",21,"Non-Intersection","October","B: Evident Injury",77400,"Motorist Overtaking - Other / Unknown",2011,"Yes","No","Dark - Roadway Not Lighted","Curve - Level","NC Route","Dry","Two-Way, Not Divided","None","No Special Feature","Smooth Asphalt",0,0,0,0,0,0,0,"2 lanes",2,0,NA,0,NA
2825,3495,"None - Rural Crash","New Hanover","Coastal","Residential","Urban (>70% Developed)",NA,"Rural","50 - 55  MPH","No Control Present","Cloudy","No",20,"20-24","Yes",NA,"Not Applicable","B: Evident Injury","Travel Lane","White","Male",48,"40-49","No",NA,"51-55 mph","O: No Injury","White","Female","Passenger Car","Yes","22OCT2011","Saturday","Bicyclist Failed to Yield - Midblock",5,"Non-Intersection","October","B: Evident Injury",20700,"Bicyclist Ride Out - Commercial Driveway / Alley",2011,"Yes","No","Dark - Roadway Not Lighted","Straight - Grade","US Route","Dry","Two-Way, Divided, Unprotected Median","None","Related To Intersection","Coarse Asphalt",0,0,0,0,0,0,0,"5 lanes",2,0,NA,0,NA
2826,3501,"Jacksonville","Onslow","Coastal","Commercial","Urban (>70% Developed)",NA,"Urban",NA,"No Control Present","Clear","No",21,"20-24","No",NA,"Facing Traffic","C: Possible Injury","Sidewalk / Crosswalk / Driveway Crossing","White","Male",51,"50-59","No",NA,"0-5 mph","O: No Injury","White","Male","Passenger Car","No","06OCT2011","Thursday","Motorist Failed to Yield - Midblock",16,"Non-Intersection","October","C: Possible Injury",58200,"Motorist Drive Out - Commercial Driveway / Alley",2011,"Yes","No","Daylight","Straight - Level","Public Vehicular Area","Dry","Two-Way, Not Divided","None","Driveway, Private","Smooth Asphalt",0,0,0,0,0,0,0,NA,2,0,NA,0,NA
2827,3502,"Raleigh","Wake","Piedmont","Residential","Urban (>70% Developed)",NA,"Urban","30 - 35  MPH","No Control Present","Clear","No",64,"60-69","No",NA,"With Traffic","B: Evident Injury","Travel Lane","White","Male",31,"30-39","No",NA,"31-35 mph","O: No Injury","Black","Male","Passenger Car","No","21OCT2011","Friday","Motorist Failed to Yield - Midblock",20,"Non-Intersection","October","B: Evident Injury",74160,"Motorist Drive Out - Other Midblock",2011,"Yes","No","Daylight","Straight - Level","Local Street","Dry","Two-Way, Divided, Unprotected Median","None","T-Intersection","Smooth Asphalt",0,0,0,0,0,0,0,"2 lanes",2,0,NA,0,NA
2828,3506,"None - Rural Crash","Onslow","Coastal","Farms, Woods, Pastures","Mixed (30% To 70% Developed)",NA,"Rural","40 - 45  MPH","No Control Present","Clear","No",46,"40-49","Yes",NA,"With Traffic","B: Evident Injury","Travel Lane","White","Male",59,"50-59","No",NA,"41-45 mph","O: No Injury","White","Male","Passenger Car","Yes","23OCT2011","Sunday","Motorist Overtaking Bicyclist",18,"Non-Intersection","October","B: Evident Injury",67920,"Motorist Overtaking - Misjudged Space",2011,"Yes","No","Dark - Roadway Not Lighted","Straight - Level","State Secondary Route","Dry","Two-Way, Not Divided","None","No Special Feature","Smooth Asphalt",0,0,0,0,0,0,0,"2 lanes",2,0,NA,0,NA
2829,3513,"None - Rural Crash","Moore","Piedmont","Farms, Woods, Pastures","Rural (<30% Developed)",NA,"Rural","50 - 55  MPH","No Control Present","Clear","No",NA,"70+","No",NA,"With Traffic","A: Disabling Injury","Travel Lane","White","Male",NA,"70+","No",NA,"41-45 mph","O: No Injury","White","Male","Van","No","25OCT2011","Tuesday","Motorist Overtaking Bicyclist",10,"Non-Intersection","October","A: Disabling Injury",39120,"Motorist Overtaking - Other / Unknown",2011,"Yes","No","Daylight","Straight - Level","State Secondary Route","Dry","Two-Way, Not Divided","None","No Special Feature","Smooth Asphalt",0,0,0,0,0,0,0,"2 lanes",2,0,NA,0,NA
2830,3515,"Raleigh","Wake","Piedmont","Institutional","Urban (>70% Developed)",NA,"Urban","20 - 25  MPH","No Control Present","Clear","No",51,"50-59","No",NA,"With Traffic","B: Evident Injury","Travel Lane","White","Male",21,"20-24","No",NA,"6-10 mph","O: No Injury","White","Female","Passenger Car","No","16OCT2011","Sunday","Motorist Left Turn / Merge",7,"Non-Intersection","October","B: Evident Injury",27420,"Motorist Left Turn - Opposite Direction",2011,"Yes","No","Dawn","Straight - Level","Local Street","Dry","Two-Way, Not Divided","None","Driveway, Public","Coarse Asphalt",0,0,0,0,0,0,0,"2 lanes",2,0,NA,0,NA
2831,3516,"Wilmington","New Hanover","Coastal","Commercial","Urban (>70% Developed)",NA,"Urban","30 - 35  MPH","No Control Present","Clear","No",21,"20-24","No",NA,"With Traffic","B: Evident Injury","Travel Lane","White","Male",NA,NA,"Missing",NA,"16-20 mph","Unknown Injury","Unknown/Missing",NA,NA,"No","13OCT2011","Thursday","Motorist Failed to Yield - Midblock",19,"Non-Intersection","October","B: Evident Injury",69540,"Motorist Drive Out - Commercial Driveway / Alley",2011,"No","Yes","Daylight","Straight - Level","Local Street","Dry","Two-Way, Divided, Unprotected Median","None","No Special Feature","Smooth Asphalt",0,0,0,0,0,0,0,"2 lanes",2,0,NA,0,NA
2832,3527,"Greensboro","Guilford","Piedmont","Residential","Urban (>70% Developed)",NA,"Urban",NA,"No Control Present","Clear","No",26,"25-29","No",NA,"With Traffic","C: Possible Injury","Travel Lane","Black","Male",22,"20-24","No",NA,"26-30 mph","O: No Injury","White","Male","Passenger Car","No","15OCT2011","Saturday","Motorist Overtaking Bicyclist",6,"Non-Intersection","October","C: Possible Injury",21840,"Motorist Overtaking - Other / Unknown",2011,"No","No","Dark - Roadway Not Lighted","Straight - Bottom","Local Street","Dry","Two-Way, Divided, Unprotected Median","None","No Special Feature","Smooth Asphalt",0,0,0,0,0,0,0,"5 lanes",2,0,NA,0,NA
2833,3528,"Greensboro","Guilford","Piedmont","Commercial","Urban (>70% Developed)",NA,"Urban","30 - 35  MPH","Stop And Go Signal","Clear","No",57,"50-59","Yes",NA,"With Traffic","C: Possible Injury","Sidewalk / Crosswalk / Driveway Crossing","White","Male",30,"30-39","No",NA,"0-5 mph","O: No Injury","Black","Female","Passenger Car","Yes","24OCT2011","Monday","Parallel Paths - Other Circumstances",17,"Intersection","October","C: Possible Injury",62940,"Bicyclist Ride Out - Parallel Path",2011,"Yes","No","Daylight","Straight - Level","Local Street","Dry","Two-Way, Not Divided","None","Related To Intersection","Smooth Asphalt",0,0,0,0,0,0,0,"8 lanes",2,0,NA,0,NA
2834,3531,"None - Rural Crash","Beaufort","Coastal","Residential","Urban (>70% Developed)",NA,"Rural","40 - 45  MPH","Double Yellow Line, No Passing Zone","Clear","No",14,"11-15","No",NA,"Facing Traffic","B: Evident Injury","Travel Lane","Hispanic","Male",20,"20-24","No",NA,"41-45 mph","O: No Injury","Black","Female","Passenger Car","No","11OCT2011","Tuesday","Bicyclist Right Turn / Merge",17,"Non-Intersection","October","B: Evident Injury",61980,"Bicyclist Right Turn - Same Direction",2011,"Yes","No","Daylight","Straight - Level","State Secondary Route","Dry","Two-Way, Not Divided","None","No Special Feature","Coarse Asphalt",0,0,0,0,0,0,0,"2 lanes",2,0,NA,0,NA
2835,6001,"Charlotte","Mecklenburg","Piedmont","Residential","Urban (>70% Developed)",NA,"Urban","20 - 25  MPH","Stop Sign","Clear","No",26,"25-29","No",NA,"Facing Traffic","C: Possible Injury","Sidewalk / Crosswalk / Driveway Crossing","Hispanic","Male",NA,"70+","No",NA,"0-5 mph","O: No Injury","White","Female","Passenger Car","No","20AUG2008","Wednesday","Motorist Failed to Yield - Sign-Controlled Intersection",14,"Intersection","August","C: Possible Injury",51180,"Motorist Drive Out - Sign-Controlled Intersection",2008,"Yes","No","Daylight","Curve - Bottom","Local Street","Dry","Two-Way, Not Divided","None","T-Intersection","Smooth Asphalt",0,0,0,0,0,0,0,"2 lanes",2,0,NA,0,NA
2836,6004,"Gastonia","Gaston","Piedmont","Commercial","Urban (>70% Developed)",NA,"Urban","40 - 45  MPH","No Control Present","Clear","No",22,"20-24","No",NA,"With Traffic","C: Possible Injury","Travel Lane","White","Male",NA,NA,"Missing",NA,"26-30 mph","Unknown Injury","Unknown/Missing",NA,NA,"No","29JUL2008","Tuesday","Parallel Paths - Other Circumstances",11,"Non-Intersection","July","C: Possible Injury",41880,"Parallel Paths - Other / Unknown",2008,"Yes","Yes","Daylight","Straight - Grade","Local Street","Dry","Two-Way, Not Divided","None","No Special Feature","Smooth Asphalt",0,0,0,0,0,0,0,"5 lanes",2,0,NA,0,NA
2837,6005,"None - Rural Crash","New Hanover","Coastal","Commercial","Mixed (30% To 70% Developed)",NA,"Rural","50 - 55  MPH","Missing","Cloudy","No",52,"50-59","Yes",NA,"Facing Traffic","C: Possible Injury","Travel Lane","White","Male",40,"40-49","Yes",NA,"0-5 mph","O: No Injury","White","Male","Sport Utility","Yes","23JUL2008","Wednesday","Motorist Failed to Yield - Midblock",17,"Non-Intersection","July","C: Possible Injury",64020,"Motorist Drive Out - Residential Driveway",2008,"Yes","No","Daylight","Straight - Level","US Route","Dry","Two-Way, Divided, Unprotected Median","None","Driveway, Private","Coarse Asphalt",0,0,0,0,0,0,0,"5 lanes",2,0,NA,0,NA
2838,6007,"Raleigh","Wake","Piedmont","Commercial","Urban (>70% Developed)",NA,"Urban","30 - 35  MPH","No Control Present","Clear","No",27,"25-29","No",NA,"With Traffic","C: Possible Injury","Travel Lane","Black","Male",26,"25-29","No",NA,"6-10 mph","O: No Injury","White","Female","Sport Utility","No","02JUL2008","Wednesday","Motorist Right Turn / Merge",10,"Non-Intersection","July","C: Possible Injury",36300,"Motorist Right Turn - Same Direction",2008,"No","No","Daylight","Straight - Level","Local Street","Dry","Two-Way, Divided, Unprotected Median","None","No Special Feature","Coarse Asphalt",0,0,0,0,0,0,0,"2 lanes",2,0,NA,0,NA
2839,6011,"None - Rural Crash","Brunswick","Coastal","Commercial","Mixed (30% To 70% Developed)",NA,"Rural","40 - 45  MPH","Double Yellow Line, No Passing Zone","Cloudy","No",32,"30-39","Yes",NA,"With Traffic","B: Evident Injury","Travel Lane","Hispanic","Male",NA,NA,"Missing",NA,"41-45 mph","Unknown Injury","Unknown/Missing",NA,NA,"Yes","26JUL2008","Saturday","Head-On",1,"Non-Intersection","July","B: Evident Injury",5340,"Head-On - Unknown",2008,"Yes","Yes","Dark - Roadway Not Lighted","Straight - Level","NC Route","Dry","Two-Way, Not Divided","None","No Special Feature","Smooth Asphalt",0,0,0,0,0,0,0,"3 lanes",2,0,NA,0,NA
2840,6012,"High Point","Guilford","Piedmont","Residential","Urban (>70% Developed)",NA,"Urban","40 - 45  MPH","No Control Present","Clear","No",8,"6-10","No",NA,"Not Applicable","C: Possible Injury","Travel Lane","Black","Female",55,"50-59","No",NA,"36-40 mph","O: No Injury","Black","Male","Single Unit Truck (2-Axle, 6-Tire)","No","26JUL2008","Saturday","Crossing Paths - Other Circumstances",11,"Intersection","July","C: Possible Injury",40500,"Crossing Paths - Uncontrolled Intersection",2008,"Yes","No","Daylight","Straight - Grade","Local Street","Dry","Two-Way, Divided, Positive Median Barrier","None","No Special Feature","Coarse Asphalt",0,0,0,0,0,0,0,"4 lanes",2,0,NA,0,NA
2841,6014,"Charlotte","Mecklenburg","Piedmont","Residential","Urban (>70% Developed)",NA,"Urban","30 - 35  MPH","Stop Sign","Cloudy","No",42,"40-49","No",NA,"With Traffic","C: Possible Injury","Travel Lane","White","Male",45,"40-49","No",NA,"0-5 mph","O: No Injury","Black","Female","Sport Utility","No","22AUG2008","Friday","Crossing Paths - Other Circumstances",10,"Intersection","August","C: Possible Injury",37620,"Sign-Controlled Intersection - Other / Unknown",2008,"No","No","Daylight","Straight - Level","Local Street","Dry","Two-Way, Not Divided","None","T-Intersection","Smooth Asphalt",0,0,0,0,0,0,0,"3 lanes",2,0,NA,0,NA
2842,6016,"None - Rural Crash","Moore","Piedmont","Farms, Woods, Pastures","Rural (<30% Developed)",NA,"Rural","50 - 55  MPH","Double Yellow Line, No Passing Zone","Cloudy","No",34,"30-39","No",NA,"With Traffic","B: Evident Injury","Travel Lane","White","Male",36,"30-39","No",NA,"51-55 mph","O: No Injury","White","Male","Pickup","No","23AUG2008","Saturday","Motorist Overtaking Bicyclist",19,"Non-Intersection","August","B: Evident Injury",71100,"Motorist Overtaking - Other / Unknown",2008,"Yes","No","Dusk","Straight - Level","NC Route","Dry","Two-Way, Not Divided","None","No Special Feature","Smooth Asphalt",0,0,0,0,0,0,0,"2 lanes",2,0,NA,0,NA
2843,6019,"Smithfield","Johnston","Coastal","Commercial","Urban (>70% Developed)",NA,"Urban","20 - 25  MPH","Stop And Go Signal","Clear","No",20,"20-24","No",NA,"Facing Traffic","B: Evident Injury","Sidewalk / Crosswalk / Driveway Crossing","Asian","Male",46,"40-49","No",NA,"6-10 mph","O: No Injury","Black","Male","Passenger Car","No","28JUL2008","Monday","Crossing Paths - Other Circumstances",14,"Intersection","July","B: Evident Injury",52920,"Signalized Intersection - Other / Unknown",2008,"Yes","No","Daylight","Straight - Level","Local Street","Dry","Two-Way, Not Divided","None","Four-Way Intersection","Smooth Asphalt",0,0,0,0,0,0,0,"2 lanes",2,0,NA,0,NA
2844,6025,"Troutman","Iredell","Piedmont","Institutional","Mixed (30% To 70% Developed)",NA,"Rural","40 - 45  MPH","No Control Present","Cloudy","No",9,"6-10","No",NA,"With Traffic","C: Possible Injury","Travel Lane","White","Female",49,"40-49","No",NA,"21-25 mph","O: No Injury","White","Male","Pickup","No","31JUL2008","Thursday","Loss of Control / Turning Error",17,"Intersection","July","C: Possible Injury",62100,"Bicyclist Lost Control - Mechanical Problems",2008,"Yes","No","Daylight","Straight - Level","Local Street","Wet","Two-Way, Not Divided","None","T-Intersection","Smooth Asphalt",0,0,0,0,0,0,0,"2 lanes",2,0,NA,0,NA
2845,6028,"Goldsboro","Wayne","Coastal","Commercial","Urban (>70% Developed)",NA,"Urban","40 - 45  MPH","Missing","Clear","No",33,"30-39","No",NA,"With Traffic","C: Possible Injury","Bike Lane / Paved Shoulder","Black","Male",53,"50-59","No",NA,"11-15 mph","O: No Injury","White","Male","Passenger Car","No","01AUG2008","Friday","Motorist Failed to Yield - Midblock",17,"Non-Intersection","August","C: Possible Injury",64560,"Motorist Drive Out - Commercial Driveway / Alley",2008,"Yes","No","Daylight","Straight - Level","US Route","Dry","Two-Way, Divided, Unprotected Median","None","Driveway, Public","Coarse Asphalt",0,0,0,0,0,0,0,"4 lanes",2,0,NA,0,NA
2846,6030,"Southern Pines","Moore","Piedmont","Residential","Mixed (30% To 70% Developed)",NA,"Urban","30 - 35  MPH","Yield Sign","Clear","No",14,"11-15","No",NA,"Facing Traffic","B: Evident Injury","Sidewalk / Crosswalk / Driveway Crossing","White","Male",NA,NA,"Missing",NA,"16-20 mph","Unknown Injury","Unknown/Missing",NA,NA,"No","01AUG2008","Friday","Motorist Failed to Yield - Sign-Controlled Intersection",15,"Intersection","August","B: Evident Injury",55140,"Motorist Drive Out - Sign-Controlled Intersection",2008,"Yes","Yes","Daylight","Curve - Level","Local Street","Dry","Two-Way, Not Divided","None","Traffic Circle/Roundabout","Coarse Asphalt",0,0,0,0,0,0,0,"2 lanes",2,0,NA,0,NA
2847,6034,"Beaufort","Carteret","Coastal","Residential","Mixed (30% To 70% Developed)",NA,"Rural","30 - 35  MPH","No Control Present","Clear","No",25,"25-29","Yes",NA,"With Traffic","C: Possible Injury","Travel Lane","White","Male",NA,NA,"Missing",NA,"31-35 mph","Unknown Injury","Unknown/Missing",NA,"Pickup","Yes","18AUG2008","Monday","Motorist Overtaking Bicyclist",18,"Intersection","August","C: Possible Injury",67800,"Motorist Overtaking - Misjudged Space",2008,"No","Yes","Daylight","Straight - Level","NC Route","Dry","Two-Way, Divided, Unprotected Median","None","No Special Feature","Smooth Asphalt",0,0,0,0,0,0,0,"2 lanes",2,0,NA,0,NA
2848,6036,"Rocky Mount","Nash","Coastal","Residential","Urban (>70% Developed)",NA,"Urban","30 - 35  MPH","No Control Present","Clear","No",53,"50-59","No",NA,NA,"B: Evident Injury","Sidewalk / Crosswalk / Driveway Crossing","Black","Male",49,"40-49","No",NA,"6-10 mph","O: No Injury","Black","Female","Passenger Car","No","25JUN2008","Wednesday","Motorist Failed to Yield - Midblock",22,"Non-Intersection","June","B: Evident Injury",82620,"Motorist Drive Out - Commercial Driveway / Alley",2008,"Yes","No","Dark - Lighted Roadway","Straight - Level","Public Vehicular Area","Dry","Two-Way, Not Divided","None","No Special Feature","Smooth Asphalt",0,0,0,0,0,0,0,NA,2,0,NA,0,NA
2849,6040,"Greensboro","Guilford","Piedmont","Residential","Urban (>70% Developed)",NA,"Urban","30 - 35  MPH","Stop Sign","Clear","No",43,"40-49","No",NA,"With Traffic","C: Possible Injury","Travel Lane","White","Male",16,"0-19","No",NA,NA,"O: No Injury","Black","Female","Passenger Car","No","02AUG2008","Saturday","Loss of Control / Turning Error",9,"Intersection","August","C: Possible Injury",32580,"Bicyclist Lost Control - Mechanical Problems",2008,"Yes","No","Daylight","Straight - Level","Local Street","Dry","Two-Way, Not Divided","None","Related To Intersection","Smooth Asphalt",0,0,0,0,0,0,0,"2 lanes",2,0,NA,0,NA
2850,6041,"None - Rural Crash","Cumberland","Coastal","Residential","Rural (<30% Developed)",NA,"Rural","40 - 45  MPH","Missing","Clear","No",49,"40-49","No",NA,"With Traffic","B: Evident Injury","Travel Lane","Black","Male",31,"30-39","No",NA,"31-35 mph","O: No Injury","White","Female","Sport Utility","No","03AUG2008","Sunday","Motorist Overtaking Bicyclist",18,"Non-Intersection","August","B: Evident Injury",66900,"Motorist Overtaking - Bicyclist Swerved",2008,"No","No","Daylight","Straight - Level","State Secondary Route","Dry","Two-Way, Not Divided","None","No Special Feature","Smooth Asphalt",0,0,0,0,0,0,0,"2 lanes",2,0,NA,0,NA
2851,6043,"None - Rural Crash","Richmond","Piedmont","Farms, Woods, Pastures","Mixed (30% To 70% Developed)",NA,"Rural","50 - 55  MPH","Double Yellow Line, No Passing Zone","Clear","No",12,"11-15","No",NA,"With Traffic","B: Evident Injury","Travel Lane","White","Male",56,"50-59","No",NA,"51-55 mph","O: No Injury","White","Male","Passenger Car","No","04AUG2008","Monday","Motorist Overtaking Bicyclist",16,"Non-Intersection","August","B: Evident Injury",60420,"Motorist Overtaking - Other / Unknown",2008,"Yes","No","Daylight","Straight - Grade","NC Route","Dry","Two-Way, Not Divided","None","Driveway, Private","Smooth Asphalt",0,0,0,0,0,0,0,"2 lanes",2,0,NA,0,NA
2852,6044,"Monroe","Union","Piedmont","Commercial","Urban (>70% Developed)",NA,"Urban","30 - 35  MPH","Stop And Go Signal","Clear","No",61,"60-69","No",NA,"Not Applicable","B: Evident Injury","Non-Roadway","Black","Male",63,"60-69","No",NA,"0-5 mph","O: No Injury","Hispanic","Male","Pickup","No","04AUG2008","Monday","Crossing Paths - Other Circumstances",20,"Intersection-Related","August","B: Evident Injury",72600,"Crossing Paths - Uncontrolled Intersection",2008,"Yes","No","Dusk","Straight - Level","Local Street","Dry","Two-Way, Not Divided","None","Four-Way Intersection","Coarse Asphalt",0,0,0,0,0,0,0,"3 lanes",2,0,NA,0,NA