"...1","object_id","city","county","region","development","locality","on_road","rural_urban","speed_limit","traffic_control","weather","workzone","bike_age","bike_age_group","bike_alcohol","bike_alcohol_drugs","bike_direction","bike_injury","bike_position","bike_race","bike_sex","driver_age","driver_age_group","driver_alcohol","driver_alcohol_drugs","driver_est_speed","driver_injury","driver_race","driver_sex","driver_vehicle_type","crash_alcohol","crash_date","crash_day","crash_group","crash_hour","crash_location","crash_month","crash_severity","crash_time","crash_type","crash_year","ambulance_req","hit_run","light_condition","road_character","road_class","road_condition","road_configuration","road_defects","road_feature","road_surface","num_bikes_ai","num_bikes_bi","num_bikes_ci","num_bikes_ki","num_bikes_no","num_bikes_to","num_bikes_ui","num_lanes","num_units","distance_mi_from","frm_road","rte_invd_cd","towrd_road"
2853,6052,"Smithfield","Johnston","Coastal","Commercial","Urban (>70% Developed)",NA,"Urban","30 - 35  MPH","Stop And Go Signal","Clear","No",63,"60-69","No",NA,"Facing Traffic","C: Possible Injury","Sidewalk / Crosswalk / Driveway Crossing","Black","Male",58,"50-59","No",NA,"0-5 mph","O: No Injury","White","Male","Passenger Car","No","09AUG2008","Saturday","Motorist Failed to Yield - Signalized Intersection",12,"Intersection","August","C: Possible Injury",46260,"Motorist Drive Out - Right Turn on Red",2008,"Yes","No","Daylight","Straight - Level","Local Street","Dry","Two-Way, Not Divided","None","No Special Feature","Coarse Asphalt",0,0,0,0,0,0,0,"5 lanes",2,0,NA,0,NA
2854,6053,"Cary","Wake","Piedmont","Commercial","Mixed (30% To 70% Developed)",NA,"Urban","40 - 45  MPH","Stop Sign","Clear","No",42,"40-49","No",NA,"With Traffic","B: Evident Injury","Travel Lane","White","Male",NA,NA,"No",NA,NA,"Unknown Injury","Unknown/Missing",NA,"Passenger Car","No","03SEP2008","Wednesday","Motorist Left Turn / Merge",18,"Intersection","September","B: Evident Injury",64800,"Motorist Left Turn - Opposite Direction",2008,"No","Yes","Daylight","Straight - Level","State Secondary Route","Dry","Two-Way, Not Divided","None","Four-Way Intersection","Smooth Asphalt",0,0,0,0,0,0,0,"2 lanes",2,0,NA,0,NA
2855,6057,"None - Rural Crash","Lenoir","Coastal","Residential","Mixed (30% To 70% Developed)",NA,"Rural","30 - 35  MPH","Stop Sign","Clear","No",13,"11-15","No",NA,"With Traffic","B: Evident Injury","Travel Lane","White","Male",18,"0-19","No",NA,"31-35 mph","O: No Injury","White","Female","Passenger Car","No","10AUG2008","Sunday","Bicyclist Failed to Yield - Sign-Controlled Intersection",18,"Intersection","August","B: Evident Injury",66600,"Bicyclist Ride Through - Sign-Controlled Intersection",2008,"Yes","No","Daylight","Straight - Level","State Secondary Route","Dry","Two-Way, Not Divided","None","Four-Way Intersection","Coarse Asphalt",0,0,0,0,0,0,0,"2 lanes",2,0,NA,0,NA
2856,6061,"None - Rural Crash","Chatham","Piedmont","Farms, Woods, Pastures","Rural (<30% Developed)",NA,"Rural","40 - 45  MPH","Stop Sign","Clear","No",48,"40-49","No",NA,"With Traffic","B: Evident Injury","Travel Lane","White","Female",NA,"70+","No",NA,"6-10 mph","O: No Injury","White","Female","Passenger Car","No","30AUG2008","Saturday","Motorist Failed to Yield - Sign-Controlled Intersection",8,"Intersection","August","B: Evident Injury",31500,"Motorist Drive Out - Sign-Controlled Intersection",2008,"Yes","No","Daylight","Straight - Level","State Secondary Route","Dry","Two-Way, Not Divided","None","Four-Way Intersection","Smooth Asphalt",0,0,0,0,0,0,0,"2 lanes",2,0,NA,0,NA
2857,6063,"None - Rural Crash","Burke","Mountains","Residential","Mixed (30% To 70% Developed)",NA,"Rural","40 - 45  MPH","Double Yellow Line, No Passing Zone","Cloudy","No",18,"16-19","No",NA,"With Traffic","A: Disabling Injury","Travel Lane","White","Male",NA,NA,"Missing",NA,"41-45 mph","Unknown Injury","Unknown/Missing",NA,NA,"No","31JUL2008","Thursday","Motorist Overtaking Bicyclist",21,"Non-Intersection","July","A: Disabling Injury",77400,"Motorist Overtaking - Other / Unknown",2008,"Yes","Yes","Dark - Roadway Not Lighted","Straight - Level","State Secondary Route","Wet","Two-Way, Not Divided","None","No Special Feature","Smooth Asphalt",0,0,0,0,0,0,0,"2 lanes",2,0,NA,0,NA
2858,6066,"None - Rural Crash","Wayne","Coastal","Farms, Woods, Pastures","Rural (<30% Developed)",NA,"Rural","50 - 55  MPH","No Control Present","Cloudy","No",45,"40-49","No",NA,"With Traffic","B: Evident Injury","Travel Lane","White","Male",18,"0-19","No",NA,"46-50 mph","O: No Injury","White","Female","Passenger Car","No","13AUG2008","Wednesday","Motorist Overtaking Bicyclist",21,"Non-Intersection","August","B: Evident Injury",77700,"Motorist Overtaking - Other / Unknown",2008,"Yes","No","Dark - Roadway Not Lighted","Straight - Level","US Route","Wet","Two-Way, Divided, Unprotected Median","None","No Special Feature","Smooth Asphalt",0,0,0,0,0,0,0,"4 lanes",2,0,NA,0,NA
2859,6067,"Charlotte","Mecklenburg","Piedmont","Commercial","Urban (>70% Developed)",NA,"Urban","40 - 45  MPH","No Control Present","Clear","No",12,"11-15","No",NA,"Facing Traffic","C: Possible Injury","Sidewalk / Crosswalk / Driveway Crossing","Black","Male",28,"25-29","No",NA,"6-10 mph","O: No Injury","Hispanic","Male","Passenger Car","No","05SEP2008","Friday","Motorist Failed to Yield - Midblock",19,"Non-Intersection","September","C: Possible Injury",68700,"Motorist Drive Out - Commercial Driveway / Alley",2008,"Yes","No","Daylight","Straight - Grade","Local Street","Dry","Two-Way, Divided, Unprotected Median","None","No Special Feature","Smooth Asphalt",0,0,0,0,0,0,0,"4 lanes",2,0,NA,0,NA
2860,6070,"None - Rural Crash","Dare","Coastal","Residential","Urban (>70% Developed)",NA,"Rural","30 - 35  MPH","Double Yellow Line, No Passing Zone","Clear","No",45,"40-49","Yes",NA,"Facing Traffic","B: Evident Injury","Travel Lane","White","Male",62,"60-69","No",NA,"31-35 mph","O: No Injury","White","Male","Passenger Car","Yes","14AUG2008","Thursday","Head-On",14,"Non-Intersection","August","B: Evident Injury",51000,"Head-On - Bicyclist",2008,"Yes","No","Daylight","Straight - Level","NC Route","Dry","Two-Way, Not Divided","None","No Special Feature","Smooth Asphalt",0,0,0,0,0,0,0,"2 lanes",2,0,NA,0,NA
2861,6072,"Durham","Durham","Piedmont","Residential","Urban (>70% Developed)",NA,"Urban","5 - 15 MPH","Stop Sign","Clear","No",19,"16-19","No",NA,"Facing Traffic","C: Possible Injury","Sidewalk / Crosswalk / Driveway Crossing","Hispanic","Male",49,"40-49","No",NA,"0-5 mph","O: No Injury","White","Male","Passenger Car","No","04SEP2008","Thursday","Motorist Failed to Yield - Sign-Controlled Intersection",20,"Intersection","September","C: Possible Injury",74220,"Motorist Drive Out - Sign-Controlled Intersection",2008,"Yes","No","Dark - Lighted Roadway","Straight - Level","Local Street","Dry","Two-Way, Not Divided","None","T-Intersection","Smooth Asphalt",0,0,0,0,0,0,0,"2 lanes",2,0,NA,0,NA
2862,6078,"None - Rural Crash","Washington","Coastal","Farms, Woods, Pastures","Rural (<30% Developed)",NA,"Rural","50 - 55  MPH","Double Yellow Line, No Passing Zone","Clear","No",18,"16-19","No",NA,"With Traffic","B: Evident Injury","Travel Lane","Hispanic","Male",27,"25-29","No",NA,"51-55 mph","O: No Injury","White","Female","Passenger Car","No","15AUG2008","Friday","Motorist Overtaking Bicyclist",19,"Non-Intersection","August","B: Evident Injury",71400,"Motorist Overtaking - Other / Unknown",2008,"No","No","Dusk","Straight - Level","NC Route","Dry","Two-Way, Not Divided","None","No Special Feature","Smooth Asphalt",0,0,0,0,0,0,0,"2 lanes",2,0,NA,0,NA
2863,6087,"None - Rural Crash","Davidson","Piedmont","Farms, Woods, Pastures","Rural (<30% Developed)",NA,"Rural",NA,"Double Yellow Line, No Passing Zone","Clear","No",45,"40-49","No",NA,"With Traffic","O: No Injury","Travel Lane","White","Male",20,"20-24","No",NA,NA,"B: Evident Injury","White","Male","Pedalcycle","No","18AUG2008","Monday","Motorist Overtaking Bicyclist",13,"Non-Intersection","August","B: Evident Injury",49500,"Motorist Overtaking - Bicyclist Swerved",2008,"No","No","Daylight","Straight - Grade","State Secondary Route","Dry","Two-Way, Not Divided","None","No Special Feature","Smooth Asphalt",0,0,0,0,0,0,0,"2 lanes",2,0,NA,0,NA
2864,6090,"Asheville","Buncombe","Mountains","Commercial","Urban (>70% Developed)",NA,"Urban","30 - 35  MPH","Stop And Go Signal","Clear","No",22,"20-24","No",NA,"With Traffic","C: Possible Injury","Travel Lane","White","Female",48,"40-49","No",NA,"0-5 mph","O: No Injury","White","Female","Sport Utility","No","20AUG2008","Wednesday","Bicyclist Failed to Yield - Signalized Intersection",17,"Intersection","August","C: Possible Injury",63000,"Bicyclist Ride Through - Signalized Intersection",2008,"Yes","No","Daylight","Straight - Level","US Route","Dry","Two-Way, Not Divided","None","T-Intersection","Smooth Asphalt",0,0,0,0,0,0,0,"4 lanes",2,0,NA,0,NA
2865,6092,"Charlotte","Mecklenburg","Piedmont","Commercial","Urban (>70% Developed)",NA,"Urban","30 - 35  MPH","No Control Present","Cloudy","No",30,"30-39","No",NA,"Facing Traffic","C: Possible Injury","Sidewalk / Crosswalk / Driveway Crossing","Black","Male",NA,NA,"Missing",NA,"6-10 mph","Unknown Injury","Unknown/Missing",NA,"Passenger Car","No","10SEP2008","Wednesday","Motorist Failed to Yield - Midblock",15,"Non-Intersection","September","C: Possible Injury",55440,"Motorist Drive Out - Commercial Driveway / Alley",2008,"Yes","Yes","Daylight","Straight - Level","Local Street","Wet","Two-Way, Not Divided","None","No Special Feature","Coarse Asphalt",0,0,0,0,0,0,0,"2 lanes",2,0,NA,0,NA
2866,6099,"Carrboro","Orange","Piedmont","Residential","Urban (>70% Developed)",NA,"Urban","30 - 35  MPH","Missing","Clear","No",23,"20-24","No",NA,"With Traffic","O: No Injury","Travel Lane","White","Female",57,"50-59","No",NA,"6-10 mph","O: No Injury","White","Male","Passenger Car","No","22AUG2008","Friday","Motorist Failed to Yield - Midblock",20,"Non-Intersection","August","O: No Injury",72360,"Motorist Drive Out - Commercial Driveway / Alley",2008,"Yes","No","Dusk","Straight - Level","Local Street","Dry","Two-Way, Not Divided","None","No Special Feature","Coarse Asphalt",0,0,0,0,0,0,0,"2 lanes",2,0,NA,0,NA
2867,6100,"Charlotte","Mecklenburg","Piedmont","Residential","Urban (>70% Developed)",NA,"Urban","5 - 15 MPH","No Control Present","Clear","No",6,"6-10","No",NA,"With Traffic","B: Evident Injury","Travel Lane","Black","Male",38,"30-39","No",NA,"6-10 mph","O: No Injury","Black","Male","Van","No","13SEP2008","Saturday","Loss of Control / Turning Error",18,"Non-Intersection","September","B: Evident Injury",67380,"Bicyclist Lost Control - Other / Unknown",2008,"Yes","No","Daylight","Straight - Hillcrest","Local Street","Dry","Two-Way, Not Divided","None","No Special Feature","Smooth Asphalt",0,0,0,0,0,0,0,"2 lanes",2,0,NA,0,NA
2868,6114,"Blowing Rock","Watauga","Mountains","Residential","Urban (>70% Developed)",NA,"Rural","20 - 25  MPH","No Control Present","Cloudy","No",21,"20-24","No",NA,"With Traffic","B: Evident Injury","Travel Lane","White","Male",25,"25-29","No",NA,"6-10 mph","O: No Injury","White","Male","Sport Utility","No","23AUG2008","Saturday","Motorist Left Turn / Merge",18,"Non-Intersection","August","B: Evident Injury",66840,"Motorist Left Turn - Opposite Direction",2008,"Yes","No","Daylight","Straight - Grade","Local Street","Dry","Two-Way, Not Divided","None","No Special Feature","Coarse Asphalt",0,0,0,0,0,0,0,"2 lanes",2,0,NA,0,NA
2869,6116,"Goldsboro","Wayne","Coastal","Residential","Urban (>70% Developed)",NA,"Urban","20 - 25  MPH","No Control Present","Rain","No",22,"20-24","No",NA,"With Traffic","C: Possible Injury","Sidewalk / Crosswalk / Driveway Crossing","Black","Female",19,"0-19","No",NA,"31-35 mph","O: No Injury","Black","Female","Passenger Car","No","25AUG2008","Monday","Motorist Left Turn / Merge",21,"Non-Intersection","August","C: Possible Injury",76380,"Motorist Left Turn - Opposite Direction",2008,"Yes","No","Dark - Lighted Roadway","Straight - Level","Local Street","Wet","Two-Way, Not Divided","None","No Special Feature","Coarse Asphalt",0,0,0,0,0,0,0,"2 lanes",2,0,NA,0,NA
2870,6123,"None - Rural Crash","Franklin","Piedmont","Farms, Woods, Pastures","Rural (<30% Developed)",NA,"Rural","50 - 55  MPH","Double Yellow Line, No Passing Zone","Clear","No",15,"11-15","No",NA,"With Traffic","C: Possible Injury","Travel Lane","Black","Male",43,"40-49","No",NA,"36-40 mph","O: No Injury","White","Male","Pickup","No","13SEP2008","Saturday","Bicyclist Left Turn / Merge",16,"Non-Intersection","September","C: Possible Injury",59400,"Bicyclist Left Turn - Same Direction",2008,"Yes","No","Daylight","Curve - Level","State Secondary Route","Dry","Two-Way, Not Divided","None","No Special Feature","Coarse Asphalt",0,0,0,0,0,0,0,"2 lanes",2,0,NA,0,NA
2871,6130,"Gastonia","Gaston","Piedmont","Commercial","Urban (>70% Developed)",NA,"Urban",NA,"Missing","Clear","No",NA,NA,"Missing",NA,"Facing Traffic","Unknown Injury","Travel Lane","Unknown/Missing",NA,32,"30-39","No",NA,NA,"C: Possible Injury","White","Male","Pedalcycle","No","02SEP2008","Tuesday","Motorist Failed to Yield - Midblock",14,"Non-Intersection","September","C: Possible Injury",50700,"Motorist Drive Out - Commercial Driveway / Alley",2008,"Yes","Yes","Daylight","Straight - Level","Local Street","Dry","Two-Way, Not Divided","None","Driveway, Public","Smooth Asphalt",0,0,0,0,0,0,0,"5 lanes",2,0,NA,0,NA
2872,6132,"Greensboro","Guilford","Piedmont","Residential","Urban (>70% Developed)",NA,"Urban","30 - 35  MPH","Stop And Go Signal","Clear","No",16,"16-19","No",NA,"Facing Traffic","C: Possible Injury","Sidewalk / Crosswalk / Driveway Crossing","White","Male",53,"50-59","No",NA,NA,"O: No Injury","White","Female","Van","No","02SEP2008","Tuesday","Motorist Failed to Yield - Signalized Intersection",18,"Intersection","September","C: Possible Injury",67080,"Motorist Drive Out - Right Turn on Red",2008,"No","No","Daylight","Straight - Level","Local Street","Dry","Two-Way, Divided, Unprotected Median","None","Four-Way Intersection","Smooth Asphalt",0,0,0,0,0,0,0,"5 lanes",2,0,NA,0,NA
2873,6136,"Raleigh","Wake","Piedmont","Commercial","Urban (>70% Developed)",NA,"Urban","50 - 55  MPH","No Control Present","Cloudy","No",38,"30-39","No",NA,"With Traffic","K: Killed","Travel Lane","White","Male",36,"30-39","No",NA,"46-50 mph","O: No Injury","Black","Male","Passenger Car","No","16AUG2008","Saturday","Motorist Overtaking Bicyclist",6,"Non-Intersection","August","K: Killed",21840,"Motorist Overtaking - Undetected Bicyclist",2008,"Yes","No","Dark - Roadway Not Lighted","Straight - Level","Local Street","Dry","Two-Way, Divided, Positive Median Barrier","None","No Special Feature","Coarse Asphalt",0,0,0,0,0,0,0,"5 lanes",2,0,NA,0,NA
2874,6151,"Wilmington","New Hanover","Coastal","Residential","Urban (>70% Developed)",NA,"Urban","30 - 35  MPH","Flashing Stop And Go Signal","Clear","No",40,"40-49","Yes",NA,"With Traffic","B: Evident Injury","Travel Lane","Black","Male",26,"25-29","Yes",NA,"11-15 mph","O: No Injury","White","Female","Passenger Car","Yes","06SEP2008","Saturday","Loss of Control / Turning Error",21,"Intersection","September","B: Evident Injury",77940,"Motorist Turning Error - Left Turn",2008,"Yes","No","Daylight","Straight - Level","Local Street","Dry","Two-Way, Not Divided","None","Four-Way Intersection","Smooth Asphalt",0,0,0,0,0,0,0,"4 lanes",2,0,NA,0,NA
2875,6152,"Durham","Durham","Piedmont","Commercial","Urban (>70% Developed)",NA,"Urban","30 - 35  MPH","Stop And Go Signal","Clear","No",26,"25-29","No",NA,"Facing Traffic","B: Evident Injury","Travel Lane","White","Male",47,"40-49","No",NA,"31-35 mph","O: No Injury","White","Male","Sport Utility","No","24SEP2008","Wednesday","Motorist Left Turn / Merge",20,"Intersection","September","B: Evident Injury",73860,"Motorist Left Turn - Same Direction",2008,"No","No","Dark - Roadway Not Lighted","Straight - Level","Local Street","Dry","Two-Way, Divided, Unprotected Median","None","No Special Feature","Coarse Asphalt",0,0,0,0,0,0,0,"2 lanes",2,0,NA,0,NA
2876,6155,"None - Rural Crash","New Hanover","Coastal","Residential","Rural (<30% Developed)",NA,"Rural","50 - 55  MPH","Other","Clear","No",45,"40-49","No",NA,"With Traffic","K: Killed","Bike Lane / Paved Shoulder","White","Male",19,"0-19","No",NA,"51-55 mph","O: No Injury","White","Male","Passenger Car","No","09SEP2008","Tuesday","Motorist Right Turn / Merge",18,"Non-Intersection","September","K: Killed",66660,"Motorist Right Turn - Same Direction",2008,"Yes","No","Daylight","Straight - Level","State Secondary Route","Dry","Two-Way, Not Divided","None","Other","Coarse Asphalt",0,0,0,0,0,0,0,"2 lanes",2,0,NA,0,NA
2877,6156,"Charlotte","Mecklenburg","Piedmont","Residential","Urban (>70% Developed)",NA,"Urban","30 - 35  MPH","Stop Sign","Clear","No",13,"11-15","No",NA,"Facing Traffic","C: Possible Injury","Travel Lane","White","Male",45,"40-49","No",NA,"16-20 mph","O: No Injury","White","Female","Passenger Car","No","14SEP2008","Sunday","Loss of Control / Turning Error",13,"Intersection","September","C: Possible Injury",47820,"Bicyclist Turning Error - Left Turn",2008,"Yes","No","Daylight","Curve - Hillcrest","Local Street","Dry","Two-Way, Not Divided","None","T-Intersection","Smooth Asphalt",0,0,0,0,0,0,0,"2 lanes",2,0,NA,0,NA
2878,6163,"Raleigh","Wake","Piedmont","Residential","Urban (>70% Developed)",NA,"Urban","30 - 35  MPH","Missing","Clear","No",13,"11-15","No",NA,"Not Applicable","B: Evident Injury","Non-Roadway","Black","Male",60,"60-69","No",NA,"31-35 mph","O: No Injury","Black","Female","Sport Utility","No","26JUN2008","Thursday","Bicyclist Failed to Yield - Midblock",18,"Non-Intersection","June","B: Evident Injury",65940,"Bicyclist Ride Out - Other Midblock",2008,"Yes","No","Daylight","Straight - Level","Local Street","Dry","One-Way, Not Divided","None","No Special Feature","Smooth Asphalt",0,0,0,0,0,0,0,"1 lane",2,0,NA,0,NA
2879,6166,"Wilmington","New Hanover","Coastal","Commercial","Urban (>70% Developed)",NA,"Urban",NA,"Stop And Go Signal","Rain","No",43,"40-49","No",NA,"Facing Traffic","C: Possible Injury","Sidewalk / Crosswalk / Driveway Crossing","White","Male",NA,NA,"Missing",NA,NA,"Unknown Injury","Unknown/Missing",NA,NA,"No","22AUG2008","Friday","Motorist Failed to Yield - Signalized Intersection",11,"Intersection","August","C: Possible Injury",41280,"Motorist Drive Out - Right Turn on Red",2008,"No","Yes","Daylight","Straight - Level","Local Street","Wet","Two-Way, Not Divided","None","Four-Way Intersection","Smooth Asphalt",0,0,0,0,0,0,0,"2 lanes",2,0,NA,0,NA
2880,6169,"Raleigh","Wake","Piedmont","Commercial","Urban (>70% Developed)",NA,"Urban","40 - 45  MPH","Stop And Go Signal","Clear","No",49,"40-49","No",NA,"Facing Traffic","C: Possible Injury","Travel Lane","Hispanic","Male",49,"40-49","No",NA,NA,"O: No Injury","White","Female","Sport Utility","No","15AUG2008","Friday","Motorist Failed to Yield - Signalized Intersection",14,"Intersection","August","C: Possible Injury",53640,"Motorist Drive Out - Right Turn on Red",2008,"Yes","No","Daylight","Straight - Level","Local Street","Dry","Two-Way, Divided, Unprotected Median","None","Four-Way Intersection","Smooth Asphalt",0,0,0,0,0,0,0,"9 or more lanes",2,0,NA,0,NA
2881,6176,"Lumberton","Robeson","Coastal","Residential","Mixed (30% To 70% Developed)",NA,"Urban","30 - 35  MPH","Stop Sign","Cloudy","No",55,"50-59","No",NA,"Facing Traffic","C: Possible Injury","Travel Lane","Black","Male",24,"20-24","No",NA,"0-5 mph","O: No Injury","Hispanic","Male","Passenger Car","No","16SEP2008","Tuesday","Motorist Failed to Yield - Sign-Controlled Intersection",14,"Intersection","September","C: Possible Injury",51000,"Motorist Drive Out - Sign-Controlled Intersection",2008,"Yes","No","Daylight","Straight - Level","Local Street","Dry","Two-Way, Not Divided","None","T-Intersection","Coarse Asphalt",0,0,0,0,0,0,0,"2 lanes",2,0,NA,0,NA
2882,6178,"Garner","Wake","Piedmont","Residential","Urban (>70% Developed)",NA,"Urban","20 - 25  MPH","Stop Sign","Rain","No",17,"16-19","No",NA,"Facing Traffic","B: Evident Injury","Travel Lane","Black","Male",NA,NA,"Missing",NA,NA,"Unknown Injury","Unknown/Missing",NA,NA,"No","09SEP2008","Tuesday","Crossing Paths - Other Circumstances",19,"Intersection","September","B: Evident Injury",69300,"Sign-Controlled Intersection - Other / Unknown",2008,"Yes","Yes","Daylight","Straight - Level","Local Street","Wet","Two-Way, Not Divided","None","Four-Way Intersection","Concrete",0,0,0,0,0,0,0,"2 lanes",2,0,NA,0,NA
2883,6182,"Charlotte","Mecklenburg","Piedmont","Residential","Mixed (30% To 70% Developed)",NA,"Urban","40 - 45  MPH","No Control Present","Clear","No",16,"16-19","No",NA,"Facing Traffic","C: Possible Injury","Sidewalk / Crosswalk / Driveway Crossing","Black","Male",NA,NA,"Missing",NA,"0-5 mph","Unknown Injury","Unknown/Missing",NA,"Sport Utility","No","03OCT2008","Friday","Motorist Failed to Yield - Midblock",15,"Non-Intersection","October","C: Possible Injury",55560,"Motorist Drive Out - Commercial Driveway / Alley",2008,"No","Yes","Daylight","Straight - Grade","Local Street","Dry","Two-Way, Divided, Unprotected Median","None","Driveway, Public","Smooth Asphalt",0,0,0,0,0,0,0,"4 lanes",2,0,NA,0,NA
2884,6183,"Charlotte","Mecklenburg","Piedmont","Commercial","Urban (>70% Developed)",NA,"Urban","30 - 35  MPH","No Control Present","Clear","No",25,"25-29","No",NA,NA,"B: Evident Injury","Sidewalk / Crosswalk / Driveway Crossing","White","Female",22,"20-24","No",NA,"6-10 mph","O: No Injury","White","Female","Passenger Car","No","10AUG2008","Sunday","Motorist Failed to Yield - Midblock",13,"Non-Intersection","August","B: Evident Injury",48600,"Motorist Drive Out - Commercial Driveway / Alley",2008,"No","No","Daylight","Straight - Hillcrest","Local Street","Dry","One-Way, Not Divided","None","No Special Feature","Smooth Asphalt",0,0,0,0,0,0,0,"3 lanes",2,0,NA,0,NA
2885,6187,"Statesville","Iredell","Piedmont","Commercial","Urban (>70% Developed)",NA,"Urban","30 - 35  MPH","Stop And Go Signal","Clear","No",26,"25-29","No",NA,"With Traffic","B: Evident Injury","Travel Lane","White","Male",27,"25-29","No",NA,NA,"O: No Injury","White","Female","Sport Utility","No","20SEP2008","Saturday","Loss of Control / Turning Error",11,"Intersection-Related","September","B: Evident Injury",41340,"Bicyclist Lost Control - Mechanical Problems",2008,"Yes","No","Daylight","Straight - Hillcrest","Local Street","Dry","One-Way, Not Divided","None","No Special Feature","Coarse Asphalt",0,0,0,0,0,0,0,"4 lanes",2,0,NA,0,NA
2886,6195,"None - Rural Crash","Columbus","Coastal","Farms, Woods, Pastures","Rural (<30% Developed)",NA,"Rural","50 - 55  MPH","Stop Sign","Cloudy","No",44,"40-49","No",NA,"With Traffic","Unknown Injury","Other","White","Male",NA,"70+","No",NA,"0-5 mph","O: No Injury","White","Female","Passenger Car","No","16SEP2008","Tuesday","Crossing Paths - Other Circumstances",20,"Intersection","September","O: No Injury",73320,"Sign-Controlled Intersection - Other / Unknown",2008,"No","No","Dark - Roadway Not Lighted","Straight - Level","US Route","Dry","Two-Way, Not Divided","None","On or Off Ramp","Smooth Asphalt",0,0,0,0,0,0,0,"2 lanes",2,0,NA,0,NA
2887,6196,"Jacksonville","Onslow","Coastal","Commercial","Urban (>70% Developed)",NA,"Urban","30 - 35  MPH","Missing","Clear","No",18,"16-19","No",NA,"Facing Traffic","B: Evident Injury","Bike Lane / Paved Shoulder","Black","Male",49,"40-49","No",NA,"6-10 mph","O: No Injury","Black","Male","Passenger Car","No","23SEP2008","Tuesday","Motorist Failed to Yield - Midblock",15,"Non-Intersection","September","B: Evident Injury",57360,"Motorist Drive Out - Residential Driveway",2008,"Yes","No","Daylight","Straight - Level","Local Street","Dry","Two-Way, Not Divided","None","Other","Smooth Asphalt",0,0,0,0,0,0,0,"3 lanes",2,0,NA,0,NA
2888,6203,"Greensboro","Guilford","Piedmont","Residential","Rural (<30% Developed)",NA,"Urban","30 - 35  MPH","Stop And Go Signal","Clear","No",23,"20-24","No",NA,"With Traffic","B: Evident Injury","Travel Lane","White","Female",60,"60-69","No",NA,"31-35 mph","O: No Injury","White","Male","Passenger Car","No","20SEP2008","Saturday","Bicyclist Failed to Yield - Signalized Intersection",13,"Intersection","September","B: Evident Injury",48720,"Bicyclist Ride Through - Signalized Intersection",2008,"Yes","No","Daylight","Straight - Level","Local Street","Dry","Two-Way, Divided, Positive Median Barrier","None","No Special Feature","Smooth Asphalt",0,0,0,0,0,0,0,"4 lanes",2,0,NA,0,NA
2889,6207,"Asheville","Buncombe","Mountains","Commercial","Urban (>70% Developed)",NA,"Urban","20 - 25  MPH","Stop And Go Signal","Rain","No",17,"16-19","No",NA,"Facing Traffic","B: Evident Injury","Sidewalk / Crosswalk / Driveway Crossing","White","Male",21,"20-24","Yes",NA,NA,"O: No Injury","White","Male","Sport Utility","Yes","26SEP2008","Friday","Motorist Failed to Yield - Signalized Intersection",23,"Intersection","September","B: Evident Injury",84180,"Motorist Drive Through - Signalized Intersection",2008,"No","No","Dark - Lighted Roadway","Straight - Grade","Local Street","Wet","Two-Way, Not Divided","None","Four-Way Intersection","Smooth Asphalt",0,0,0,0,0,0,0,"4 lanes",2,0,NA,0,NA
2890,6209,"Hendersonville","Henderson","Mountains","Commercial","Urban (>70% Developed)",NA,"Urban","20 - 25  MPH","Stop Sign","Clear","No",10,"6-10","No",NA,"With Traffic","C: Possible Injury","Travel Lane","Black","Male",41,"40-49","No",NA,"16-20 mph","O: No Injury","Black","Male","Passenger Car","No","01SEP2008","Monday","Crossing Paths - Other Circumstances",17,"Intersection","September","C: Possible Injury",64380,"Sign-Controlled Intersection - Other / Unknown",2008,"Yes","No","Daylight","Straight - Level","Local Street","Dry","Two-Way, Not Divided","None","Four-Way Intersection","Coarse Asphalt",0,0,0,0,0,0,0,"4 lanes",2,0,NA,0,NA
2891,6213,"Raleigh","Wake","Piedmont","Institutional","Urban (>70% Developed)",NA,"Urban","5 - 15 MPH","Missing","Clear","No",23,"20-24","No",NA,"With Traffic","B: Evident Injury","Travel Lane","Hispanic","Male",26,"25-29","No",NA,"11-15 mph","O: No Injury","White","Female","Passenger Car","No","02OCT2008","Thursday","Parallel Paths - Other Circumstances",15,"Intersection-Related","October","B: Evident Injury",54720,"Parallel Paths - Other / Unknown",2008,"No","No","Daylight","Straight - Level","Local Street","Dry","One-Way, Not Divided","None","T-Intersection","Smooth Asphalt",0,0,0,0,0,0,0,"1 lane",2,0,NA,0,NA
2892,6215,"Hickory","Catawba","Piedmont","Commercial","Urban (>70% Developed)",NA,"Urban","30 - 35  MPH","Stop Sign","Clear","No",28,"25-29","No",NA,"Facing Traffic","C: Possible Injury","Travel Lane","White","Male",NA,"70+","No",NA,"31-35 mph","O: No Injury","White","Female","Passenger Car","No","03OCT2008","Friday","Motorist Failed to Yield - Sign-Controlled Intersection",12,"Intersection","October","C: Possible Injury",44940,"Motorist Drive Out - Sign-Controlled Intersection",2008,"No","No","Daylight","Straight - Level","NC Route","Dry","Two-Way, Not Divided","None","No Special Feature","Smooth Asphalt",0,0,0,0,0,0,0,"5 lanes",2,0,NA,0,NA