"...1","object_id","city","county","region","development","locality","on_road","rural_urban","speed_limit","traffic_control","weather","workzone","bike_age","bike_age_group","bike_alcohol","bike_alcohol_drugs","bike_direction","bike_injury","bike_position","bike_race","bike_sex","driver_age","driver_age_group","driver_alcohol","driver_alcohol_drugs","driver_est_speed","driver_injury","driver_race","driver_sex","driver_vehicle_type","crash_alcohol","crash_date","crash_day","crash_group","crash_hour","crash_location","crash_month","crash_severity","crash_time","crash_type","crash_year","ambulance_req","hit_run","light_condition","road_character","road_class","road_condition","road_configuration","road_defects","road_feature","road_surface","num_bikes_ai","num_bikes_bi","num_bikes_ci","num_bikes_ki","num_bikes_no","num_bikes_to","num_bikes_ui","num_lanes","num_units","distance_mi_from","frm_road","rte_invd_cd","towrd_road"
2893,6221,"Leland","Brunswick","Coastal","Farms, Woods, Pastures","Urban (>70% Developed)",NA,"Rural","50 - 55  MPH","Missing","Clear","No",24,"20-24","Yes",NA,"With Traffic","A: Disabling Injury","Travel Lane","White","Male",33,"30-39","No",NA,NA,"O: No Injury","Asian","Male","Passenger Car","Yes","23SEP2008","Tuesday","Bicyclist Left Turn / Merge",23,"Non-Intersection","September","A: Disabling Injury",84540,"Bicyclist Left Turn - Same Direction",2008,"No","No","Dark - Roadway Not Lighted","Straight - Grade","US Route","Dry","One-Way, Not Divided","None","On or Off Ramp","Smooth Asphalt",0,0,0,0,0,0,0,"2 lanes",2,0,NA,0,NA
2894,6222,"Charlotte","Mecklenburg","Piedmont","Residential","Mixed (30% To 70% Developed)",NA,"Urban","40 - 45  MPH","No Control Present","Clear","No",53,"50-59","No",NA,"With Traffic","C: Possible Injury","Travel Lane","Black","Male",50,"50-59","No",NA,"26-30 mph","O: No Injury","White","Male","Passenger Car","No","14OCT2008","Tuesday","Motorist Overtaking Bicyclist",5,"Non-Intersection","October","C: Possible Injury",18060,"Motorist Overtaking - Undetected Bicyclist",2008,"Yes","No","Dark - Roadway Not Lighted","Straight - Level","Local Street","Dry","Two-Way, Not Divided","None","No Special Feature","Smooth Asphalt",0,0,0,0,0,0,0,"2 lanes",2,0,NA,0,NA
2895,6239,"Waynesville","Haywood","Mountains","Commercial","Mixed (30% To 70% Developed)",NA,"Urban","30 - 35  MPH","Missing","Clear","No",18,"16-19","No",NA,"With Traffic","B: Evident Injury","Travel Lane","White","Male",66,"60-69","No",NA,"31-35 mph","O: No Injury","White","Female","Sport Utility","No","29SEP2008","Monday","Motorist Overtaking Bicyclist",12,"Non-Intersection","September","B: Evident Injury",45900,"Motorist Overtaking - Misjudged Space",2008,"No","No","Daylight","Straight - Hillcrest","Local Street","Dry","Two-Way, Divided, Unprotected Median","None","No Special Feature","Smooth Asphalt",0,0,0,0,0,0,0,"5 lanes",2,0,NA,0,NA
2896,6245,"Lumberton","Robeson","Coastal","Commercial","Urban (>70% Developed)",NA,"Urban","30 - 35  MPH","Stop And Go Signal","Clear","No",55,"50-59","Yes",NA,"With Traffic","B: Evident Injury","Travel Lane","Black","Male",42,"40-49","No",NA,"6-10 mph","Unknown Injury","Hispanic","Male","Passenger Car","Yes","12OCT2008","Sunday","Bicyclist Right Turn / Merge",10,"Non-Intersection","October","B: Evident Injury",38700,"Bicyclist Right Turn - Same Direction",2008,"No","No","Daylight","Straight - Level","Local Street","Dry","Two-Way, Not Divided","None","No Special Feature","Coarse Asphalt",0,0,0,0,0,0,0,"3 lanes",2,0,NA,0,NA
2897,6246,"None - Rural Crash","Robeson","Coastal","Residential","Rural (<30% Developed)",NA,"Rural","50 - 55  MPH","Double Yellow Line, No Passing Zone","Rain","No",54,"50-59","No",NA,"With Traffic","C: Possible Injury","Travel Lane","Native American","Male",58,"50-59","No",NA,"36-40 mph","O: No Injury","White","Male","Pickup","No","11OCT2008","Saturday","Motorist Overtaking Bicyclist",21,"Non-Intersection","October","C: Possible Injury",77700,"Motorist Overtaking - Undetected Bicyclist",2008,"No","No","Dark - Roadway Not Lighted","Straight - Level","State Secondary Route","Wet","Two-Way, Not Divided","None","No Special Feature","Smooth Asphalt",0,0,0,0,0,0,0,"2 lanes",2,0,NA,0,NA
2898,6255,"Wilson","Wilson","Coastal","Residential","Mixed (30% To 70% Developed)",NA,"Urban","30 - 35  MPH","Stop Sign","Clear","No",48,"40-49","No",NA,"With Traffic","O: No Injury","Travel Lane","White","Male",26,"25-29","No",NA,"6-10 mph","O: No Injury","Black","Female","Passenger Car","No","14OCT2008","Tuesday","Motorist Right Turn / Merge",18,"Intersection","October","O: No Injury",67920,"Motorist Right Turn - Same Direction",2008,"Yes","No","Dark - Lighted Roadway","Straight - Level","Local Street","Dry","Two-Way, Not Divided","None","T-Intersection","Smooth Asphalt",0,0,0,0,0,0,0,"2 lanes",2,0,NA,0,NA
2899,6263,"Raleigh","Wake","Piedmont","Commercial","Urban (>70% Developed)",NA,"Urban","30 - 35  MPH","No Control Present","Clear","No",23,"20-24","No",NA,"With Traffic","C: Possible Injury","Sidewalk / Crosswalk / Driveway Crossing","White","Female",19,"0-19","No",NA,"0-5 mph","O: No Injury","White","Male","Pickup","No","24AUG2008","Sunday","Motorist Right Turn / Merge",16,"Non-Intersection","August","C: Possible Injury",59640,"Motorist Right Turn - Same Direction",2008,"No","No","Daylight","Straight - Level","Local Street","Dry","Two-Way, Not Divided","None","No Special Feature","Coarse Asphalt",0,0,0,0,0,0,0,"4 lanes",2,0,NA,0,NA
2900,6267,"None - Rural Crash","Cumberland","Coastal","Residential","Mixed (30% To 70% Developed)",NA,"Rural","50 - 55  MPH","Double Yellow Line, No Passing Zone","Clear","No",47,"40-49","No",NA,"With Traffic","B: Evident Injury","Bike Lane / Paved Shoulder","White","Male",51,"50-59","No",NA,"51-55 mph","O: No Injury","White","Male","Pickup","No","29SEP2008","Monday","Motorist Overtaking Bicyclist",18,"Non-Intersection","September","B: Evident Injury",64920,"Motorist Overtaking - Misjudged Space",2008,"Yes","Yes","Daylight","Straight - Level","State Secondary Route","Dry","Two-Way, Not Divided","None","No Special Feature","Coarse Asphalt",0,0,0,0,0,0,0,"2 lanes",2,0,NA,0,NA
2901,4451,"Wilmington","New Hanover","Coastal","Commercial","Urban (>70% Developed)",NA,"Urban","40 - 45  MPH","Stop Sign","Clear","No",60,"60-69","No",NA,"With Traffic","A: Disabling Injury","Travel Lane","White","Female",33,"30-39","No",NA,"0-5 mph","O: No Injury","Black","Female","Sport Utility","No","08OCT2010","Friday","Motorist Failed to Yield - Sign-Controlled Intersection",14,"Intersection","October","A: Disabling Injury",53580,"Motorist Drive Out - Sign-Controlled Intersection",2010,"Yes","No","Daylight","Straight - Grade","Local Street","Dry","Two-Way, Divided, Unprotected Median","None","T-Intersection","Smooth Asphalt",0,0,0,0,0,0,0,NA,2,0,NA,0,NA
2902,4459,"Gibsonville","Guilford","Piedmont","Residential","Urban (>70% Developed)",NA,"Urban","30 - 35  MPH","No Control Present","Clear","No",47,"40-49","No",NA,NA,"C: Possible Injury",NA,"Black","Male",28,"25-29","Yes",NA,"16-20 mph","O: No Injury","Black","Male","Passenger Car","Yes","14OCT2010","Thursday","Other / Unknown - Insufficient Details",0,"Non-Intersection","October","C: Possible Injury",1800,"Unknown Approach Paths",2010,"No","No","Dark - Roadway Not Lighted","Straight - Level","Local Street","Dry","Two-Way, Not Divided","None","No Special Feature","Smooth Asphalt",0,0,0,0,0,0,0,"2 lanes",2,0,NA,0,NA
2903,4460,"Chapel Hill","Orange","Piedmont","Institutional","Urban (>70% Developed)",NA,"Urban","20 - 25  MPH","No Control Present","Clear","No",20,"20-24","No",NA,"With Traffic","B: Evident Injury","Bike Lane / Paved Shoulder","White","Male",NA,NA,"Missing",NA,NA,"Unknown Injury","Unknown/Missing",NA,"Passenger Car","No","17OCT2010","Sunday","Bicyclist Overtaking Motorist",20,"Non-Intersection","October","B: Evident Injury",72240,"Bicyclist Overtaking - Parked Vehicle",2010,"Yes","No","Dark - Lighted Roadway","Straight - Level","Local Street","Dry","Two-Way, Divided, Unprotected Median","None","No Special Feature","Smooth Asphalt",0,0,0,0,0,0,0,"4 lanes",2,0,NA,0,NA
2904,4464,"Raleigh","Wake","Piedmont","Residential","Urban (>70% Developed)",NA,"Urban","40 - 45  MPH","Stop Sign","Clear","No",60,"60-69","No",NA,"With Traffic","B: Evident Injury","Travel Lane","White","Male",33,"30-39","No",NA,"21-25 mph","O: No Injury","White","Female","Passenger Car","No","21SEP2010","Tuesday","Motorist Failed to Yield - Sign-Controlled Intersection",8,"Intersection","September","B: Evident Injury",31260,"Motorist Drive Out - Sign-Controlled Intersection",2010,"Yes","No","Daylight","Straight - Level","Local Street","Dry","Two-Way, Divided, Unprotected Median","None","Four-Way Intersection","Concrete",0,0,0,0,0,0,0,"4 lanes",2,0,NA,0,NA
2905,4474,"High Point","Guilford","Piedmont","Commercial","Urban (>70% Developed)",NA,"Urban","30 - 35  MPH","Stop Sign","Clear","No",31,"30-39","No",NA,"Facing Traffic","B: Evident Injury","Travel Lane","White","Male",61,"60-69","No",NA,"0-5 mph","O: No Injury","White","Male","Van","No","18OCT2010","Monday","Bicyclist Right Turn / Merge",17,"Intersection","October","B: Evident Injury",63360,"Bicyclist Right Turn - Same Direction",2010,"Yes","No","Daylight","Straight - Level","Local Street","Dry","Two-Way, Not Divided","None","T-Intersection","Coarse Asphalt",0,0,0,0,0,0,0,"2 lanes",2,0,NA,0,NA
2906,4489,"Boone","Watauga","Mountains","Commercial","Urban (>70% Developed)",NA,"Urban","30 - 35  MPH","Stop And Go Signal","Clear","No",18,"16-19","No",NA,"With Traffic","B: Evident Injury","Sidewalk / Crosswalk / Driveway Crossing","White","Female",58,"50-59","No",NA,"31-35 mph","O: No Injury","White","Male","Light Truck (Mini-Van, Panel)","No","27OCT2010","Wednesday","Bicyclist Failed to Yield - Signalized Intersection",16,"Intersection","October","B: Evident Injury",60900,"Bicyclist Ride Out - Signalized  Intersection",2010,"Yes","No","Daylight","Straight - Level","NC Route","Dry","Two-Way, Not Divided","None","Four-Way Intersection","Smooth Asphalt",0,0,0,0,0,0,0,"7 lanes",2,0,NA,0,NA
2907,4497,"Salisbury","Rowan","Piedmont","Residential","Urban (>70% Developed)",NA,"Urban","30 - 35  MPH","No Control Present","Clear","No",22,"20-24","No",NA,"With Traffic","O: No Injury","Travel Lane","Black","Male",33,"30-39","No",NA,"31-35 mph","O: No Injury","White","Male","Passenger Car","No","28OCT2010","Thursday","Motorist Overtaking Bicyclist",18,"Non-Intersection","October","O: No Injury",65880,"Motorist Overtaking - Other / Unknown",2010,"No","No","Daylight","Straight - Level","Local Street","Dry","Two-Way, Not Divided","None","Driveway, Private","Coarse Asphalt",0,0,0,0,0,0,0,"2 lanes",2,0,NA,0,NA
2908,2502,"Cary","Wake","Piedmont","Residential","Urban (>70% Developed)",NA,"Urban","30 - 35  MPH","Stop Sign","Clear","No",30,"30-39","No",NA,"With Traffic","C: Possible Injury","Travel Lane","White","Male",39,"30-39","No",NA,"6-10 mph","O: No Injury","Other","Female",NA,"No","23SEP2012","Sunday","Motorist Failed to Yield - Sign-Controlled Intersection",17,"Intersection","September","C: Possible Injury",62880,"Motorist Drive Out - Sign-Controlled Intersection",2012,"No","Yes","Daylight","Straight - Level","Local Street","Dry","Two-Way, Not Divided","None","T-Intersection","Smooth Asphalt",0,0,0,0,0,0,0,"2 lanes",2,0,NA,0,NA
2909,2509,"Burlington","Alamance","Piedmont","Residential","Urban (>70% Developed)",NA,"Urban","30 - 35  MPH","Stop Sign","Clear","No",6,"6-10","No",NA,"With Traffic","B: Evident Injury","Travel Lane","Hispanic","Male",19,"0-19","No",NA,"26-30 mph","O: No Injury","Hispanic","Male","Passenger Car","No","06OCT2012","Saturday","Bicyclist Failed to Yield - Sign-Controlled Intersection",20,"Intersection","October","B: Evident Injury",72840,"Bicyclist Ride Through - Sign-Controlled Intersection",2012,"Yes","No","Daylight","Straight - Level","Local Street","Dry","Two-Way, Not Divided","None","Four-Way Intersection","Coarse Asphalt",0,0,0,0,0,0,0,"2 lanes",2,0,NA,0,NA
2910,2510,"Charlotte","Mecklenburg","Piedmont","Farms, Woods, Pastures","Rural (<30% Developed)",NA,"Urban","40 - 45  MPH","No Control Present","Clear","No",12,"11-15","No",NA,"With Traffic","C: Possible Injury","Travel Lane","Black","Male",NA,"70+","No",NA,"6-10 mph","O: No Injury","White","Male","Passenger Car","No","13OCT2012","Saturday","Motorist Overtaking Bicyclist",17,"Non-Intersection","October","C: Possible Injury",62100,"Motorist Overtaking - Other / Unknown",2012,"No","No","Daylight","Straight - Level","Local Street","Dry","Two-Way, Not Divided","None","No Special Feature","Smooth Asphalt",0,0,0,0,0,0,0,"2 lanes",2,0,NA,0,NA
2911,2516,"Fayetteville","Cumberland","Coastal","Commercial","Urban (>70% Developed)",NA,"Urban","40 - 45  MPH","No Control Present","Clear","No",16,"16-19","No",NA,"Facing Traffic","C: Possible Injury","Travel Lane","Black","Male",34,"30-39","No",NA,"31-35 mph","O: No Injury","White","Male","Motorcycle","No","28SEP2012","Friday","Head-On",18,"Intersection-Related","September","C: Possible Injury",66300,"Head-On - Bicyclist",2012,"Yes","No","Daylight","Straight - Level","Local Street","Dry","Two-Way, Not Divided","None","No Special Feature","Coarse Asphalt",0,0,0,0,0,0,0,"2 lanes",2,0,NA,0,NA
2912,2517,"None - Rural Crash","Johnston","Coastal","Farms, Woods, Pastures","Mixed (30% To 70% Developed)",NA,"Rural","50 - 55  MPH","No Control Present","Cloudy","No",18,"16-19","No",NA,"With Traffic","C: Possible Injury","Travel Lane","White","Female",NA,"70+","No",NA,"51-55 mph","Unknown Injury","White","Male",NA,"No","07OCT2012","Sunday","Motorist Overtaking Bicyclist",21,"Non-Intersection","October","C: Possible Injury",76020,"Motorist Overtaking - Bicyclist Swerved",2012,"Yes","Yes","Dark - Roadway Not Lighted","Straight - Level","US Route","Dry","Two-Way, Not Divided","None","No Special Feature","Coarse Asphalt",0,0,0,0,0,0,0,"2 lanes",2,0,NA,0,NA
2913,2521,"Wilmington","New Hanover","Coastal","Residential","Urban (>70% Developed)",NA,"Urban","20 - 25  MPH","Stop Sign","Clear","No",23,"20-24","No",NA,"Facing Traffic","B: Evident Injury","Sidewalk / Crosswalk / Driveway Crossing","Black","Male",18,"0-19","No",NA,"21-25 mph","O: No Injury","White","Female","Passenger Car","No","28SEP2012","Friday","Motorist Failed to Yield - Sign-Controlled Intersection",7,"Intersection","September","B: Evident Injury",27480,"Motorist Drive Out - Sign-Controlled Intersection",2012,"Yes","No","Daylight","Straight - Level","Local Street","Dry","Two-Way, Not Divided","Other","Related To Intersection","Smooth Asphalt",0,0,0,0,0,0,0,"2 lanes",2,0,NA,0,NA
2914,2524,"Raleigh","Wake","Piedmont","Residential","Urban (>70% Developed)",NA,"Urban","30 - 35  MPH","No Control Present","Clear","No",10,"6-10","No",NA,NA,"B: Evident Injury","Travel Lane","White","Male",30,"30-39","No",NA,"11-15 mph","O: No Injury","Hispanic","Female","Passenger Car","No","10OCT2012","Wednesday","Crossing Paths - Other Circumstances",8,"Intersection-Related","October","B: Evident Injury",31500,"Sign-Controlled Intersection - Other / Unknown",2012,"Yes","No","Daylight","Straight - Level",NA,"Dry","Two-Way, Not Divided","None","No Special Feature","Smooth Asphalt",0,0,0,0,0,0,0,"2 lanes",2,0,NA,0,NA
2915,2531,"Jacksonville","Onslow","Coastal","Residential","Urban (>70% Developed)",NA,"Urban","30 - 35  MPH","Other","Clear","No",31,"30-39","No",NA,"Not Applicable","B: Evident Injury","Sidewalk / Crosswalk / Driveway Crossing","White","Male",48,"40-49","No",NA,"31-35 mph","O: No Injury","Other","Female","Passenger Car","No","26SEP2012","Wednesday","Bicyclist Failed to Yield - Midblock",15,"Non-Intersection","September","B: Evident Injury",55440,"Bicyclist Ride Out - Other Midblock",2012,"Yes","No","Daylight","Straight - Level","Local Street","Dry","Two-Way, Divided, Unprotected Median","None","No Special Feature","Smooth Asphalt",0,0,0,0,0,0,0,"4 lanes",2,0,NA,0,NA
2916,2537,"Apex","Wake","Piedmont","Commercial","Urban (>70% Developed)",NA,"Urban","30 - 35  MPH","Stop And Go Signal","Clear","No",44,"40-49","No",NA,"With Traffic","B: Evident Injury","Travel Lane","White","Female",37,"30-39","No",NA,"16-20 mph","O: No Injury","White","Male","Pickup","No","17OCT2012","Wednesday","Motorist Overtaking Bicyclist",16,"Intersection-Related","October","B: Evident Injury",60600,"Motorist Overtaking - Misjudged Space",2012,"Yes","No","Daylight","Straight - Level","State Secondary Route","Dry","Two-Way, Not Divided","None","No Special Feature","Smooth Asphalt",0,0,0,0,0,0,0,"4 lanes",2,0,NA,0,NA
2917,2539,"Mint Hill","Mecklenburg","Piedmont","Residential","Urban (>70% Developed)",NA,"Urban","30 - 35  MPH","No Control Present","Rain","No",23,"20-24","No",NA,"With Traffic","A: Disabling Injury","Travel Lane","White","Male",NA,"70+","No",NA,"26-30 mph","O: No Injury","White","Female","Passenger Car","No","09OCT2012","Tuesday","Motorist Overtaking Bicyclist",5,"Non-Intersection","October","A: Disabling Injury",20880,"Motorist Overtaking - Bicyclist Swerved",2012,"Yes","No","Dawn","Straight - Level","State Secondary Route","Wet","Two-Way, Not Divided","None","No Special Feature","Coarse Asphalt",0,0,0,0,0,0,0,"2 lanes",2,0,NA,0,NA
2918,2542,"None - Rural Crash","New Hanover","Coastal","Commercial","Mixed (30% To 70% Developed)",NA,"Rural","50 - 55  MPH","No Control Present","Clear","No",43,"40-49","No",NA,"With Traffic","C: Possible Injury","Travel Lane","White","Female",23,"20-24","No",NA,"6-10 mph","O: No Injury","White","Male","Sport Utility","No","20OCT2012","Saturday","Motorist Left Turn / Merge",13,"Non-Intersection","October","C: Possible Injury",46800,"Motorist Left Turn - Opposite Direction",2012,"Yes","No","Daylight","Straight - Level","US Route","Dry","Two-Way, Not Divided","None","Driveway, Public","Coarse Asphalt",0,0,0,0,0,0,0,"5 lanes",2,0,NA,0,NA
2919,2543,"None - Rural Crash","Cumberland","Coastal","Commercial","Mixed (30% To 70% Developed)",NA,"Rural","40 - 45  MPH","Double Yellow Line, No Passing Zone","Clear","No",24,"20-24","No",NA,"With Traffic","B: Evident Injury","Bike Lane / Paved Shoulder","White","Male",NA,NA,"No",NA,"41-45 mph","Unknown Injury","Unknown/Missing",NA,NA,"No","19OCT2012","Friday","Motorist Overtaking Bicyclist",13,"Non-Intersection","October","B: Evident Injury",49320,"Motorist Overtaking - Other / Unknown",2012,"Yes","Yes","Dark - Roadway Not Lighted","Straight - Level","State Secondary Route","Dry","Two-Way, Not Divided","None","No Special Feature","Smooth Asphalt",0,0,0,0,0,0,0,"2 lanes",2,0,NA,0,NA
2920,2546,"None - Rural Crash","Wake","Piedmont","Residential","Rural (<30% Developed)",NA,"Rural","20 - 25  MPH","Stop Sign","Clear","No",10,"6-10","No",NA,"With Traffic","C: Possible Injury","Travel Lane","Black","Male",17,"0-19","No",NA,"21-25 mph","O: No Injury","Black","Female","Passenger Car","No","21OCT2012","Sunday","Bicyclist Failed to Yield - Sign-Controlled Intersection",13,"Intersection","October","C: Possible Injury",48600,"Bicyclist Ride Through - Sign-Controlled Intersection",2012,"Yes","No","Daylight","Straight - Grade","State Secondary Route","Dry","Two-Way, Not Divided","None","No Special Feature","Smooth Asphalt",0,0,0,0,0,0,0,"2 lanes",2,0,NA,0,NA
2921,2549,"Raleigh","Wake","Piedmont","Residential","Urban (>70% Developed)",NA,"Urban","20 - 25  MPH","No Control Present","Clear","No",25,"25-29","Yes",NA,"With Traffic","B: Evident Injury","Travel Lane","White","Female",NA,NA,"Missing",NA,"21-25 mph","Unknown Injury","Unknown/Missing",NA,"Passenger Car","Yes","19OCT2012","Friday","Head-On",18,"Non-Intersection","October","B: Evident Injury",67620,"Head-On - Motorist",2012,"Yes","Yes","Dusk","Straight - Level","Local Street","Dry","Two-Way, Not Divided","None","No Special Feature","Smooth Asphalt",0,0,0,0,0,0,0,"2 lanes",2,0,NA,0,NA
2922,2559,"Durham","Durham","Piedmont","Commercial","Urban (>70% Developed)",NA,"Urban","30 - 35  MPH","No Control Present","Clear","No",22,"20-24","No",NA,"With Traffic","C: Possible Injury","Travel Lane","White","Female",31,"30-39","No",NA,"11-15 mph","O: No Injury","Black","Male","Passenger Car","No","01SEP2012","Saturday","Motorist Left Turn / Merge",11,"Non-Intersection","September","C: Possible Injury",39660,"Motorist Left Turn - Opposite Direction",2012,"Yes","No","Daylight","Straight - Level","Local Street","Dry","Two-Way, Not Divided","None","No Special Feature","Smooth Asphalt",0,0,0,0,0,0,0,"2 lanes",2,0,NA,0,NA
2923,2567,"None - Rural Crash","Rockingham","Piedmont","Farms, Woods, Pastures","Rural (<30% Developed)",NA,"Rural","60 - 75 MPH","No Control Present","Clear","No",43,"40-49","No",NA,"With Traffic","B: Evident Injury","Bike Lane / Paved Shoulder","Black","Male",NA,NA,"No",NA,"61-65 mph","Unknown Injury","Unknown/Missing",NA,"Passenger Car","No","25OCT2012","Thursday","Motorist Overtaking Bicyclist",5,"Non-Intersection","October","B: Evident Injury",18000,"Motorist Overtaking - Other / Unknown",2012,"No","Yes","Dark - Roadway Not Lighted","Straight - Level","US Route","Dry","Two-Way, Divided, Positive Median Barrier","None","No Special Feature","Smooth Asphalt",0,0,0,0,0,0,0,"4 lanes",2,0,NA,0,NA
2924,2569,"Cary","Wake","Piedmont","Residential","Urban (>70% Developed)",NA,"Urban","20 - 25  MPH","Stop Sign","Clear","No",27,"25-29","No",NA,"Facing Traffic","C: Possible Injury","Sidewalk / Crosswalk / Driveway Crossing","Black","Female",27,"25-29","No",NA,"0-5 mph","O: No Injury","White","Female","Sport Utility","No","11OCT2012","Thursday","Motorist Failed to Yield - Sign-Controlled Intersection",18,"Intersection","October","C: Possible Injury",64920,"Motorist Drive Out - Sign-Controlled Intersection",2012,"No","No","Daylight","Straight - Level","Local Street","Dry","Two-Way, Not Divided","None","No Special Feature","Smooth Asphalt",0,0,0,0,0,0,0,"2 lanes",2,0,NA,0,NA
2925,2574,"Durham","Durham","Piedmont","Residential","Urban (>70% Developed)",NA,"Urban","30 - 35  MPH","Stop Sign","Cloudy","No",13,"11-15","No",NA,"Facing Traffic","C: Possible Injury","Travel Lane","White","Male",NA,"70+","No",NA,"31-35 mph","O: No Injury","White","Male","Sport Utility","No","29OCT2012","Monday","Head-On",15,"Intersection","October","C: Possible Injury",55080,"Head-On - Bicyclist",2012,"Yes","No","Daylight","Straight - Level","Local Street","Dry","Two-Way, Divided, Unprotected Median","None","No Special Feature","Smooth Asphalt",0,0,0,0,0,0,0,"2 lanes",2,0,NA,0,NA
2926,2576,"Durham","Durham","Piedmont","Residential","Urban (>70% Developed)",NA,"Urban","30 - 35  MPH","Stop Sign","Cloudy","No",27,"25-29","No",NA,"With Traffic","C: Possible Injury","Travel Lane","White","Male",26,"25-29","No",NA,"0-5 mph","O: No Injury","White","Female","Passenger Car","No","18OCT2012","Thursday","Motorist Failed to Yield - Sign-Controlled Intersection",7,"Intersection","October","C: Possible Injury",27000,"Motorist Drive Out - Sign-Controlled Intersection",2012,"No","No","Daylight","Straight - Level","Local Street","Dry","Two-Way, Not Divided","None","No Special Feature","Smooth Asphalt",0,0,0,0,0,0,0,"2 lanes",2,0,NA,0,NA
2927,2577,"None - Rural Crash","Bertie","Coastal","Farms, Woods, Pastures","Rural (<30% Developed)",NA,"Rural","50 - 55  MPH","No Control Present","Clear","No",40,"40-49","No",NA,"With Traffic","K: Killed","Travel Lane","Black","Male",28,"25-29","No",NA,"61-65 mph","O: No Injury","White","Male","Pickup","No","16OCT2012","Tuesday","Motorist Overtaking Bicyclist",17,"Non-Intersection","October","K: Killed",62820,"Motorist Overtaking - Other / Unknown",2012,"Yes","No","Daylight","Straight - Level","US Route","Dry","Two-Way, Divided, Unprotected Median","None","No Special Feature","Coarse Asphalt",0,0,0,0,0,0,0,"4 lanes",2,0,NA,0,NA
2928,2580,"Raleigh","Wake","Piedmont","Commercial","Mixed (30% To 70% Developed)",NA,"Urban","30 - 35  MPH","Stop And Go Signal","Rain","No",54,"50-59","No",NA,"With Traffic","C: Possible Injury","Travel Lane","Black","Male",62,"60-69","No",NA,"11-15 mph","O: No Injury","White","Male","Passenger Car","No","29OCT2012","Monday","Crossing Paths - Other Circumstances",6,"Intersection","October","C: Possible Injury",24180,"Signalized Intersection - Other / Unknown",2012,"Yes","No","Dark - Lighted Roadway","Straight - Level","Local Street","Wet","One-Way, Not Divided","None","No Special Feature","Smooth Asphalt",0,0,0,0,0,0,0,"3 lanes",2,0,NA,0,NA
2929,2585,"Greensboro","Guilford","Piedmont","Institutional","Urban (>70% Developed)",NA,"Urban","20 - 25  MPH","Stop And Go Signal","Clear","No",26,"25-29","No",NA,"With Traffic","O: No Injury","Travel Lane","White","Male",21,"20-24","No",NA,"0-5 mph","O: No Injury","White","Female","Passenger Car","No","25OCT2012","Thursday","Loss of Control / Turning Error",12,"Intersection","October","O: No Injury",44400,"Bicyclist Turning Error - Right Turn",2012,"No","No","Daylight","Straight - Level","Local Street","Dry","Two-Way, Not Divided","None","Four-Way Intersection","Smooth Asphalt",0,0,0,0,0,0,0,"2 lanes",2,0,NA,0,NA
2930,2587,"Fayetteville","Cumberland","Coastal","Commercial","Urban (>70% Developed)",NA,"Urban","30 - 35  MPH","No Control Present","Clear","No",56,"50-59","No",NA,"Facing Traffic","C: Possible Injury","Travel Lane","White","Female",28,"25-29","No",NA,"0-5 mph","O: No Injury","White","Male","Passenger Car","No","24OCT2012","Wednesday","Motorist Failed to Yield - Midblock",16,"Non-Intersection","October","C: Possible Injury",58680,"Motorist Drive Out - Commercial Driveway / Alley",2012,"Yes","No","Daylight","Straight - Level","Local Street","Dry","Two-Way, Not Divided","None","No Special Feature","Smooth Asphalt",0,0,0,0,0,0,0,"6 lanes",2,0,NA,0,NA
2931,2590,"Greensboro","Guilford","Piedmont","Institutional","Urban (>70% Developed)",NA,"Urban","20 - 25  MPH","Stop Sign","Clear","No",21,"20-24","No",NA,"With Traffic","C: Possible Injury","Bike Lane / Paved Shoulder","White","Male",19,"0-19","No",NA,"21-25 mph","O: No Injury","White","Female","Passenger Car","No","18OCT2012","Thursday","Motorist Right Turn / Merge",10,"Intersection","October","C: Possible Injury",37980,"Motorist Right Turn - Same Direction",2012,"No","No","Daylight","Straight - Level","Local Street","Dry","Two-Way, Divided, Positive Median Barrier","None","No Special Feature","Smooth Asphalt",0,0,0,0,0,0,0,"2 lanes",2,0,NA,0,NA
2932,2592,"None - Rural Crash","Onslow","Coastal","Residential","Rural (<30% Developed)",NA,"Rural","30 - 35  MPH","Double Yellow Line, No Passing Zone","Clear","No",50,"50-59","No",NA,"With Traffic","B: Evident Injury","Travel Lane","White","Male",30,"30-39","No",NA,"26-30 mph","O: No Injury","Black","Male","Passenger Car","No","01NOV2012","Thursday","Motorist Overtaking Bicyclist",18,"Non-Intersection","November","B: Evident Injury",65040,"Motorist Overtaking - Other / Unknown",2012,"Yes","No","Daylight","Straight - Level","State Secondary Route","Dry","Two-Way, Not Divided","None","No Special Feature","Coarse Asphalt",0,0,0,0,0,0,0,"2 lanes",2,0,NA,0,NA
2933,2594,"None - Rural Crash","Duplin","Coastal","Farms, Woods, Pastures","Rural (<30% Developed)",NA,"Rural","50 - 55  MPH","No Control Present","Rain","No",61,"60-69","Yes",NA,"With Traffic","K: Killed","Travel Lane","Black","Male",35,"30-39","Yes",NA,"51-55 mph","O: No Injury","White","Male",NA,"Yes","09OCT2012","Tuesday","Motorist Overtaking Bicyclist",19,"Non-Intersection","October","K: Killed",68520,"Motorist Overtaking - Undetected Bicyclist",2012,"Yes","Yes","Dawn","Straight - Level","NC Route","Wet","Two-Way, Not Divided","None","No Special Feature","Coarse Asphalt",0,0,0,0,0,0,0,"2 lanes",2,0,NA,0,NA