"...1","object_id","city","county","region","development","locality","on_road","rural_urban","speed_limit","traffic_control","weather","workzone","bike_age","bike_age_group","bike_alcohol","bike_alcohol_drugs","bike_direction","bike_injury","bike_position","bike_race","bike_sex","driver_age","driver_age_group","driver_alcohol","driver_alcohol_drugs","driver_est_speed","driver_injury","driver_race","driver_sex","driver_vehicle_type","crash_alcohol","crash_date","crash_day","crash_group","crash_hour","crash_location","crash_month","crash_severity","crash_time","crash_type","crash_year","ambulance_req","hit_run","light_condition","road_character","road_class","road_condition","road_configuration","road_defects","road_feature","road_surface","num_bikes_ai","num_bikes_bi","num_bikes_ci","num_bikes_ki","num_bikes_no","num_bikes_to","num_bikes_ui","num_lanes","num_units","distance_mi_from","frm_road","rte_invd_cd","towrd_road"
2934,2596,"Greensboro","Guilford","Piedmont","Commercial","Urban (>70% Developed)",NA,"Urban","5 - 15 MPH","No Control Present","Clear","No",46,"40-49","No",NA,"Facing Traffic","B: Evident Injury","Sidewalk / Crosswalk / Driveway Crossing","White","Male",NA,NA,"No",NA,"6-10 mph","Unknown Injury","Unknown/Missing",NA,"Passenger Car","No","02JUN2012","Saturday","Motorist Failed to Yield - Midblock",20,"Non-Intersection","June","B: Evident Injury",72540,"Motorist Drive Out - Commercial Driveway / Alley",2012,"Yes","Yes","Daylight","Straight - Hillcrest","Public Vehicular Area","Dry",NA,"None","Driveway, Public","Coarse Asphalt",0,0,0,0,0,0,0,NA,2,0,NA,0,NA
2935,2602,"Raleigh","Wake","Piedmont","Commercial","Urban (>70% Developed)",NA,"Urban","20 - 25  MPH","No Control Present","Clear","No",25,"25-29","No",NA,"With Traffic","O: No Injury","Bike Lane / Paved Shoulder","White","Male",39,"30-39","No",NA,"16-20 mph","O: No Injury","White","Male","Passenger Car","No","02NOV2012","Friday","Parking / Bus-Related",15,"Intersection-Related","November","O: No Injury",54600,"Motorist Drive In / Out - Parking",2012,"Yes","No","Daylight","Straight - Level","Local Street","Dry","Two-Way, Divided, Unprotected Median","None","No Special Feature","Smooth Asphalt",0,0,0,0,0,0,0,"2 lanes",2,0,NA,0,NA
2936,2609,"None - Rural Crash","Pitt","Coastal","Farms, Woods, Pastures","Rural (<30% Developed)",NA,"Rural","50 - 55  MPH","No Control Present","Clear","No",23,"20-24","No",NA,"With Traffic","C: Possible Injury","Travel Lane","Black","Male",43,"40-49","No",NA,"41-45 mph","O: No Injury","White","Male","Passenger Car","No","08NOV2012","Thursday","Motorist Overtaking Bicyclist",19,"Non-Intersection","November","C: Possible Injury",71160,"Motorist Overtaking - Undetected Bicyclist",2012,"Yes","No","Dark - Roadway Not Lighted","Straight - Level","State Secondary Route","Dry","Two-Way, Not Divided","None","No Special Feature","Coarse Asphalt",0,0,0,0,0,0,0,"2 lanes",2,0,NA,0,NA
2937,2611,"None - Rural Crash","Rutherford","Mountains","Farms, Woods, Pastures","Rural (<30% Developed)",NA,"Rural","50 - 55  MPH","Double Yellow Line, No Passing Zone","Clear","No",16,"16-19","No",NA,"With Traffic","B: Evident Injury","Travel Lane","White","Male",NA,NA,"Missing",NA,"6-10 mph","Unknown Injury","Unknown/Missing",NA,"Pickup","No","09NOV2012","Friday","Motorist Overtaking Bicyclist",18,"Non-Intersection","November","B: Evident Injury",65400,"Motorist Overtaking - Other / Unknown",2012,"Yes","Yes","Dark - Roadway Not Lighted","Straight - Level","State Secondary Route","Dry","Two-Way, Not Divided","None","No Special Feature","Coarse Asphalt",0,0,0,0,0,0,0,"2 lanes",2,0,NA,0,NA
2938,2613,"None - Rural Crash","Davidson","Piedmont","Residential","Rural (<30% Developed)",NA,"Rural","40 - 45  MPH","Double Yellow Line, No Passing Zone","Clear","No",45,"40-49","No",NA,"With Traffic","A: Disabling Injury","Travel Lane","White","Male",NA,"70+","No",NA,"41-45 mph","O: No Injury","White","Female","Sport Utility","No","11NOV2012","Sunday","Motorist Left Turn / Merge",14,"Intersection","November","A: Disabling Injury",52200,"Motorist Left Turn - Opposite Direction",2012,"Yes","No","Daylight","Curve - Level","State Secondary Route","Dry","Two-Way, Not Divided","None","T-Intersection","Smooth Asphalt",0,0,0,0,0,0,0,"2 lanes",2,0,NA,0,NA
2939,2616,"Rocky Mount","Nash","Coastal","Residential","Urban (>70% Developed)",NA,"Urban","20 - 25  MPH","Stop Sign","Clear","No",51,"50-59","No",NA,"With Traffic","B: Evident Injury","Travel Lane","Black","Male",NA,"70+","No",NA,"6-10 mph","C: Possible Injury","White","Male","Pickup","No","18OCT2012","Thursday","Loss of Control / Turning Error",9,"Non-Intersection","October","B: Evident Injury",35940,"Motorist Lost Control - Other / Unknown",2012,"Yes","No","Daylight","Straight - Level","Local Street","Dry","Two-Way, Not Divided","None","Four-Way Intersection","Smooth Asphalt",0,0,0,0,0,0,0,"2 lanes",3,0,NA,0,NA
2940,2617,"Morrisville","Wake","Piedmont","Commercial","Urban (>70% Developed)",NA,"Urban","30 - 35  MPH","Stop And Go Signal","Clear","No",44,"40-49","No",NA,"Facing Traffic","B: Evident Injury","Sidewalk / Crosswalk / Driveway Crossing","White","Male",27,"25-29","No",NA,"11-15 mph","O: No Injury","Black","Male","Passenger Car","No","08NOV2012","Thursday","Motorist Right Turn / Merge",16,"Intersection","November","B: Evident Injury",59640,"Motorist Right Turn - Opposite Direction",2012,"Yes","No","Dusk","Straight - Grade","Local Street","Dry","Two-Way, Divided, Unprotected Median","None","Four-Way Intersection","Smooth Asphalt",0,0,0,0,0,0,0,"4 lanes",2,0,NA,0,NA
2941,2629,"Smithfield","Johnston","Coastal","Commercial","Urban (>70% Developed)",NA,"Urban","20 - 25  MPH","No Control Present","Clear","No",19,"16-19","No",NA,"Not Applicable","B: Evident Injury","Non-Roadway","Black","Male",49,"40-49","No",NA,"6-10 mph","O: No Injury","Black","Male","Sport Utility","No","01NOV2012","Thursday","Non-Roadway",13,"Non-Roadway","November","B: Evident Injury",49260,"Non-Roadway",2012,"Yes","No","Daylight","Straight - Level","US Route","Dry","Two-Way, Not Divided","None","No Special Feature","Coarse Asphalt",0,0,0,0,0,0,0,"4 lanes",2,0,NA,0,NA
2942,2631,"Greensboro","Guilford","Piedmont","Residential","Urban (>70% Developed)",NA,"Urban","30 - 35  MPH","Stop Sign","Clear","No",7,"6-10","No",NA,"With Traffic","B: Evident Injury","Travel Lane","Black","Male",38,"30-39","No",NA,"31-35 mph","O: No Injury","Black","Male","Van","No","30MAY2012","Wednesday","Bicyclist Failed to Yield - Sign-Controlled Intersection",17,"Intersection-Related","May","B: Evident Injury",62760,"Bicyclist Ride Through - Sign-Controlled Intersection",2012,"Yes","No","Daylight","Straight - Bottom","Local Street","Dry","Two-Way, Not Divided","None","Four-Way Intersection","Smooth Asphalt",0,0,0,0,0,0,0,"2 lanes",2,0,NA,0,NA
2943,2632,"None - Rural Crash","Onslow","Coastal","Farms, Woods, Pastures","Rural (<30% Developed)",NA,"Rural","50 - 55  MPH","No Control Present","Clear","No",36,"30-39","No",NA,"With Traffic","C: Possible Injury","Bike Lane / Paved Shoulder","White","Male",33,"30-39","No",NA,"41-45 mph","O: No Injury","White","Male","Sport Utility","No","16NOV2012","Friday","Loss of Control / Turning Error",17,"Intersection-Related","November","C: Possible Injury",63000,"Motorist Lost Control - Other / Unknown",2012,"No","No","Dark - Roadway Not Lighted","Straight - Level","NC Route","Dry","Two-Way, Divided, Unprotected Median","None","No Special Feature","Smooth Asphalt",0,0,0,0,0,0,0,"4 lanes",2,0,NA,0,NA
2944,2634,"None - Rural Crash","Johnston","Coastal","Residential","Rural (<30% Developed)",NA,"Rural","5 - 15 MPH","Stop Sign","Clear","No",20,"20-24","No",NA,"With Traffic","C: Possible Injury","Travel Lane","Black","Male",NA,NA,"No",NA,"16-20 mph","Unknown Injury","Unknown/Missing",NA,"Pickup","No","08NOV2012","Thursday","Loss of Control / Turning Error",11,"Non-Intersection","November","C: Possible Injury",41880,"Motorist Turning Error - Left Turn",2012,"No","Yes","Dark - Roadway Not Lighted","Straight - Level","State Secondary Route","Dry","Two-Way, Not Divided","None","T-Intersection","Coarse Asphalt",0,0,0,0,0,0,0,"2 lanes",2,0,NA,0,NA
2945,2651,"Mineral Springs","Union","Piedmont","Farms, Woods, Pastures","Rural (<30% Developed)",NA,"Rural","40 - 45  MPH","Double Yellow Line, No Passing Zone","Clear","No",52,"50-59","No",NA,"With Traffic","B: Evident Injury","Travel Lane","Black","Male",27,"25-29","No",NA,"41-45 mph","O: No Injury","White","Female","Passenger Car","No","22NOV2012","Thursday","Head-On",11,"Non-Intersection","November","B: Evident Injury",42300,"Head-On - Bicyclist",2012,"Yes","No","Daylight","Straight - Grade","NC Route","Dry","Two-Way, Not Divided","None","No Special Feature","Smooth Asphalt",0,0,0,0,0,0,0,"2 lanes",2,0,NA,0,NA
2946,2654,"Greensboro","Guilford","Piedmont","Residential","Urban (>70% Developed)",NA,"Urban","30 - 35  MPH","No Control Present","Cloudy","No",13,"11-15","No",NA,"Facing Traffic","B: Evident Injury","Sidewalk / Crosswalk / Driveway Crossing","Black","Male",39,"30-39","No",NA,"36-40 mph","O: No Injury","Hispanic","Male","Passenger Car","No","05JUN2012","Tuesday","Parallel Paths - Other Circumstances",12,"Non-Intersection","June","B: Evident Injury",44880,"Bicyclist Ride Out - Parallel Path",2012,"Yes","No","Daylight","Straight - Level","Local Street","Dry","Two-Way, Divided, Positive Median Barrier","None","No Special Feature","Smooth Asphalt",0,0,0,0,0,0,0,"4 lanes",2,0,NA,0,NA
2947,2657,"Greensboro","Guilford","Piedmont","Commercial","Urban (>70% Developed)",NA,"Urban","5 - 15 MPH","No Control Present","Clear","No",20,"20-24","No",NA,"Facing Traffic","C: Possible Injury","Sidewalk / Crosswalk / Driveway Crossing","White","Female",35,"30-39","No",NA,"0-5 mph","O: No Injury","White","Male","Passenger Car","No","27AUG2012","Monday","Motorist Failed to Yield - Midblock",17,"Non-Intersection","August","C: Possible Injury",61860,"Motorist Drive Out - Commercial Driveway / Alley",2012,"Yes","No","Daylight","Straight - Level","Public Vehicular Area","Dry","Two-Way, Not Divided","None","Driveway, Public","Smooth Asphalt",0,0,0,0,0,0,0,"2 lanes",2,0,NA,0,NA
2948,2666,"Raleigh","Wake","Piedmont","Commercial","Urban (>70% Developed)",NA,"Urban","30 - 35  MPH","No Control Present","Cloudy","No",24,"20-24","No",NA,"Facing Traffic","O: No Injury","Sidewalk / Crosswalk / Driveway Crossing","White","Male",25,"25-29","No",NA,"0-5 mph","O: No Injury","White","Male","Passenger Car","No","27NOV2012","Tuesday","Motorist Failed to Yield - Midblock",14,"Non-Intersection","November","O: No Injury",52500,"Motorist Drive Out - Commercial Driveway / Alley",2012,"Yes","No","Daylight","Straight - Grade","Local Street","Dry","Two-Way, Not Divided","None","No Special Feature","Smooth Asphalt",0,0,0,0,0,0,0,"5 lanes",2,0,NA,0,NA
2949,2669,"Elizabeth City","Pasquotank","Coastal","Commercial","Urban (>70% Developed)",NA,"Urban","40 - 45  MPH","Stop And Go Signal","Clear","No",47,"40-49","No",NA,NA,"B: Evident Injury",NA,"White","Male",NA,"70+","No",NA,"36-40 mph","O: No Injury","White","Male","Passenger Car","No","05NOV2012","Monday","Crossing Paths - Other Circumstances",16,"Intersection-Related","November","B: Evident Injury",60180,"Crossing Paths - Intersection - Other / Unknown",2012,"Yes","No","Daylight","Straight - Level","Local Street","Dry","Two-Way, Not Divided","None","Related To Intersection","Smooth Asphalt",0,0,0,0,0,0,0,"5 lanes",2,0,NA,0,NA
2950,2679,"None - Rural Crash","Nash","Coastal","Farms, Woods, Pastures","Rural (<30% Developed)",NA,"Rural","50 - 55  MPH","No Control Present","Clear","No",41,"40-49","Yes",NA,"Facing Traffic","K: Killed","Travel Lane","White","Male",45,"40-49","No",NA,"51-55 mph","O: No Injury","Black","Female","Passenger Car","Yes","29NOV2012","Thursday","Bicyclist Right Turn / Merge",13,"Non-Intersection","November","K: Killed",47220,"Bicyclist Right Turn - Same Direction",2012,"Yes","No","Daylight","Straight - Level","State Secondary Route","Dry","Two-Way, Not Divided","None","No Special Feature","Smooth Asphalt",0,0,0,0,0,0,0,"2 lanes",2,0,NA,0,NA
2951,2690,"Wilmington","New Hanover","Coastal","Residential","Urban (>70% Developed)",NA,"Urban","20 - 25  MPH","Yield Sign","Clear","No",27,"25-29","No",NA,"Facing Traffic","B: Evident Injury","Travel Lane","White","Female",58,"50-59","No",NA,"0-5 mph","O: No Injury","White","Male","Passenger Car","No","11NOV2012","Sunday","Motorist Failed to Yield - Sign-Controlled Intersection",16,"Intersection","November","B: Evident Injury",58560,"Motorist Drive Out - Sign-Controlled Intersection",2012,"No","No","Daylight","Straight - Level","Local Street","Dry","Two-Way, Not Divided","None","T-Intersection","Smooth Asphalt",0,0,0,0,0,0,0,"2 lanes",2,0,NA,0,NA
2952,2694,"Greenville","Pitt","Coastal","Residential","Urban (>70% Developed)",NA,"Urban","20 - 25  MPH","Stop Sign","Clear","No",50,"50-59","No",NA,"With Traffic","B: Evident Injury","Travel Lane","Black","Male",51,"50-59","No",NA,"16-20 mph","O: No Injury","Black","Male","Pickup","No","03DEC2012","Monday","Bicyclist Failed to Yield - Sign-Controlled Intersection",19,"Intersection","December","B: Evident Injury",71280,"Bicyclist Ride Out - Sign-Controlled Intersection",2012,"Yes","No","Dark - Lighted Roadway","Straight - Level","Local Street","Dry","Two-Way, Not Divided","None","No Special Feature","Coarse Asphalt",0,0,0,0,0,0,0,"2 lanes",2,0,NA,0,NA
2953,2697,"Lumberton","Robeson","Coastal","Commercial","Urban (>70% Developed)",NA,"Urban","30 - 35  MPH","Stop Sign","Clear","No",33,"30-39","No",NA,"Facing Traffic","K: Killed","Travel Lane","White","Female",60,"60-69","No",NA,"11-15 mph","O: No Injury","White","Female","Sport Utility","No","04DEC2012","Tuesday","Motorist Failed to Yield - Sign-Controlled Intersection",18,"Intersection","December","K: Killed",64980,"Motorist Drive Out - Sign-Controlled Intersection",2012,"Yes","No","Dark - Unknown Lighting","Straight - Level","Local Street","Dry","Two-Way, Not Divided","None","T-Intersection","Coarse Asphalt",0,0,0,0,0,0,0,"6 lanes",3,0,NA,0,NA
2954,2698,"Raleigh","Wake","Piedmont","Commercial","Urban (>70% Developed)",NA,"Urban","40 - 45  MPH","No Control Present","Clear","No",22,"20-24","No",NA,NA,"C: Possible Injury",NA,"Hispanic","Male",31,"30-39","No",NA,"21-25 mph","O: No Injury","Hispanic","Male","Passenger Car","No","07DEC2012","Friday","Bicyclist Failed to Yield - Midblock",16,"Non-Intersection","December","C: Possible Injury",57960,"Bicyclist Ride Out - Midblock - Unknown",2012,"Yes","No","Daylight","Straight - Grade","Local Street","Dry","Two-Way, Divided, Unprotected Median","None","No Special Feature","Smooth Asphalt",0,0,0,0,0,0,0,"4 lanes",2,0,NA,0,NA
2955,2699,"Raleigh","Wake","Piedmont","Commercial","Rural (<30% Developed)",NA,"Urban","30 - 35  MPH","No Control Present","Clear","No",53,"50-59","No",NA,"With Traffic","B: Evident Injury","Sidewalk / Crosswalk / Driveway Crossing","White","Male",33,"30-39","No",NA,"6-10 mph","O: No Injury","Black","Male","Passenger Car","No","28NOV2012","Wednesday","Motorist Right Turn / Merge",17,"Non-Intersection","November","B: Evident Injury",63480,"Motorist Right Turn - Same Direction",2012,"Yes","No","Dusk","Straight - Level","Local Street","Dry","Two-Way, Not Divided","None","No Special Feature","Smooth Asphalt",0,0,0,0,0,0,0,"3 lanes",2,0,NA,0,NA
2956,2705,"Raleigh","Wake","Piedmont","Commercial","Urban (>70% Developed)",NA,"Urban","5 - 15 MPH","No Control Present","Clear","No",17,"16-19","No",NA,"Facing Traffic","O: No Injury","Travel Lane","Black","Male",35,"30-39","No",NA,"0-5 mph","O: No Injury","Other","Male","Passenger Car","No","11DEC2012","Tuesday","Bicyclist Right Turn / Merge",15,"Non-Intersection","December","O: No Injury",57120,"Bicyclist Right Turn - Opposite Direction",2012,"No","No","Daylight","Straight - Level","Public Vehicular Area","Dry","One-Way, Not Divided","None","Driveway, Public","Smooth Asphalt",0,0,0,0,0,0,0,"1 lane",2,0,NA,0,NA
2957,2717,"Greensboro","Guilford","Piedmont","Commercial","Urban (>70% Developed)",NA,"Urban","30 - 35  MPH","Stop Sign","Clear","No",NA,NA,"Missing",NA,"Facing Traffic","Unknown Injury","Sidewalk / Crosswalk / Driveway Crossing","Unknown/Missing",NA,38,"30-39","No",NA,"0-5 mph","O: No Injury","White","Female","Passenger Car","No","24MAY2012","Thursday","Motorist Failed to Yield - Midblock",11,"Non-Intersection","May","O: No Injury",41820,"Motorist Drive Out - Commercial Driveway / Alley",2012,"Yes","No","Daylight","Straight - Level","Local Street","Dry","Two-Way, Not Divided","None","No Special Feature","Smooth Asphalt",0,0,0,0,0,0,0,"4 lanes",2,0,NA,0,NA
2958,2718,"Fayetteville","Cumberland","Coastal","Commercial","Urban (>70% Developed)",NA,"Urban","40 - 45  MPH","No Control Present","Clear","No",59,"50-59","No",NA,NA,"B: Evident Injury",NA,"White","Male",40,"40-49","No",NA,"36-40 mph","O: No Injury","White","Female","Sport Utility","No","19NOV2012","Monday","Other / Unknown - Insufficient Details",12,"Non-Intersection","November","B: Evident Injury",44280,"Unknown Approach Paths",2012,"Yes","No","Daylight","Straight - Level","Local Street","Dry","Two-Way, Divided, Unprotected Median","None","No Special Feature","Coarse Asphalt",0,0,0,0,0,0,0,"7 lanes",2,0,NA,0,NA
2959,2719,"Wilmington","New Hanover","Coastal","Commercial","Urban (>70% Developed)",NA,"Urban","30 - 35  MPH","Stop Sign","Cloudy","No",17,"16-19","No",NA,"With Traffic","B: Evident Injury","Travel Lane","White","Female",58,"50-59","No",NA,"21-25 mph","O: No Injury","Black","Male","Passenger Car","No","06DEC2012","Thursday","Bicyclist Failed to Yield - Sign-Controlled Intersection",8,"Intersection","December","B: Evident Injury",30480,"Bicyclist Ride Through - Sign-Controlled Intersection",2012,"Yes","No","Daylight","Straight - Level","Local Street","Dry","Two-Way, Not Divided","None","T-Intersection","Coarse Asphalt",0,0,0,0,0,0,0,"4 lanes",2,0,NA,0,NA
2960,2730,"Mooresville","Iredell","Piedmont","Residential","Urban (>70% Developed)",NA,"Urban","20 - 25  MPH","No Control Present","Clear","No",14,"11-15","No",NA,"With Traffic","O: No Injury","Travel Lane","White","Male",66,"60-69","No",NA,"21-25 mph","O: No Injury","Black","Male","Passenger Car","No","06DEC2012","Thursday","Motorist Overtaking Bicyclist",17,"Non-Intersection","December","O: No Injury",62880,"Motorist Overtaking - Bicyclist Swerved",2012,"No","No","Dark - Roadway Not Lighted","Straight - Hillcrest","Local Street","Dry","Two-Way, Not Divided","None","No Special Feature","Coarse Asphalt",0,0,0,0,0,0,0,"2 lanes",2,0,NA,0,NA
2961,2739,"Jacksonville","Onslow","Coastal","Residential","Urban (>70% Developed)",NA,"Urban","30 - 35  MPH","No Control Present","Clear","No",58,"50-59","No",NA,"With Traffic","K: Killed","Travel Lane","White","Male",NA,"70+","No",NA,"31-35 mph","O: No Injury","White","Male","Sport Utility","No","05DEC2012","Wednesday","Motorist Overtaking Bicyclist",16,"Non-Intersection","December","K: Killed",58200,"Motorist Overtaking - Other / Unknown",2012,"Yes","No","Daylight","Straight - Level","Local Street","Dry","Two-Way, Not Divided","None","No Special Feature","Smooth Asphalt",0,0,0,0,0,0,0,"4 lanes",2,0,NA,0,NA
2962,2741,"None - Rural Crash","Carteret","Coastal","Commercial","Mixed (30% To 70% Developed)",NA,"Rural","50 - 55  MPH","No Control Present","Clear","No",53,"50-59","No",NA,"With Traffic","A: Disabling Injury","Travel Lane","White","Male",NA,"70+","No",NA,"46-50 mph","O: No Injury","White","Male","Pickup","No","30DEC2012","Sunday","Motorist Overtaking Bicyclist",13,"Non-Intersection","December","A: Disabling Injury",50100,"Motorist Overtaking - Other / Unknown",2012,"Yes","No","Daylight","Straight - Level","US Route","Dry","Two-Way, Not Divided","None","No Special Feature","Coarse Asphalt",0,0,0,0,0,0,0,"2 lanes",2,0,NA,0,NA
2963,2742,"Fayetteville","Cumberland","Coastal","Residential","Urban (>70% Developed)",NA,"Urban","40 - 45  MPH","Stop Sign","Cloudy","No",19,"16-19","No",NA,"Facing Traffic","C: Possible Injury","Sidewalk / Crosswalk / Driveway Crossing","White","Male",32,"30-39","No",NA,"0-5 mph","C: Possible Injury","White","Female","Passenger Car","No","19DEC2012","Wednesday","Motorist Failed to Yield - Midblock",17,"Non-Intersection","December","C: Possible Injury",63240,"Motorist Drive Out - Commercial Driveway / Alley",2012,"No","No","Daylight","Straight - Hillcrest","Local Street","Dry","Two-Way, Not Divided","None","T-Intersection","Coarse Asphalt",0,0,0,0,0,0,0,"2 lanes",2,0,NA,0,NA
2964,2744,"Wentworth","Rockingham","Piedmont","Farms, Woods, Pastures","Rural (<30% Developed)",NA,"Rural","40 - 45  MPH","Double Yellow Line, No Passing Zone","Clear","No",29,"25-29","No",NA,"With Traffic","K: Killed","Travel Lane","White","Male",42,"40-49","No",NA,"41-45 mph","O: No Injury","White","Male","Sport Utility","No","15DEC2012","Saturday","Motorist Overtaking Bicyclist",1,"Non-Intersection","December","K: Killed",6360,"Motorist Overtaking - Undetected Bicyclist",2012,"Yes","No","Dark - Roadway Not Lighted","Straight - Level","State Secondary Route","Dry","Two-Way, Not Divided","None","No Special Feature","Smooth Asphalt",0,0,0,0,0,0,0,"2 lanes",2,0,NA,0,NA
2965,2749,"Charlotte","Mecklenburg","Piedmont","Commercial","Urban (>70% Developed)",NA,"Urban","30 - 35  MPH","No Control Present","Clear","No",26,"25-29","Missing",NA,"With Traffic","C: Possible Injury","Bike Lane / Paved Shoulder","White","Male",29,"25-29","No",NA,NA,"O: No Injury","White","Female","Passenger Car","No","18DEC2012","Tuesday","Motorist Left Turn / Merge",13,"Intersection","December","C: Possible Injury",49800,"Motorist Left Turn - Opposite Direction",2012,"Yes","No","Daylight","Straight - Level","Local Street","Dry","Two-Way, Not Divided","None","Four-Way Intersection","Coarse Asphalt",0,0,0,0,0,0,0,"3 lanes",2,0,NA,0,NA
2966,2754,"Madison","Rockingham","Piedmont","Commercial","Urban (>70% Developed)",NA,"Rural","20 - 25  MPH","Stop And Go Signal","Clear","No",21,"20-24","No",NA,"Facing Traffic","C: Possible Injury","Sidewalk / Crosswalk / Driveway Crossing","Black","Male",25,"25-29","No",NA,"26-30 mph","O: No Injury","Black","Male","Pickup","No","15DEC2012","Saturday","Motorist Failed to Yield - Signalized Intersection",13,"Intersection","December","C: Possible Injury",47400,"Motorist Drive Out - Signalized Intersection",2012,"Yes","No","Daylight","Straight - Grade","Local Street","Dry","Two-Way, Divided, Unprotected Median","None","Four-Way Intersection","Smooth Asphalt",0,0,0,0,0,0,0,"2 lanes",2,0,NA,0,NA
2967,2757,"Wilson","Wilson","Coastal","Residential","Urban (>70% Developed)",NA,"Urban","30 - 35  MPH","Stop Sign","Rain","No",45,"40-49","No",NA,"Facing Traffic","C: Possible Injury","Travel Lane","White","Male",33,"30-39","No",NA,"0-5 mph","O: No Injury","Black","Female","Passenger Car","No","26DEC2012","Wednesday","Crossing Paths - Other Circumstances",14,"Intersection","December","C: Possible Injury",51060,"Sign-Controlled Intersection - Other / Unknown",2012,"No","No","Daylight","Straight - Level","Local Street","Wet","Two-Way, Not Divided","None","No Special Feature","Coarse Asphalt",0,0,0,0,0,0,0,"2 lanes",2,0,NA,0,NA
2968,2759,"High Point","Guilford","Piedmont","Residential","Urban (>70% Developed)",NA,"Urban","30 - 35  MPH","Stop Sign","Cloudy","No",10,"6-10","No",NA,"With Traffic","A: Disabling Injury","Travel Lane","Black","Female",22,"20-24","No",NA,"26-30 mph","O: No Injury","Black","Male","Passenger Car","No","31DEC2012","Monday","Bicyclist Failed to Yield - Sign-Controlled Intersection",13,"Intersection-Related","December","A: Disabling Injury",48540,"Bicyclist Ride Through - Sign-Controlled Intersection",2012,"Yes","No","Daylight","Straight - Grade","Local Street","Dry","Two-Way, Not Divided","None","T-Intersection","Coarse Asphalt",0,0,0,0,0,0,0,"2 lanes",2,0,NA,0,NA
2969,2769,"Cary","Wake","Piedmont","Residential","Urban (>70% Developed)",NA,"Urban","5 - 15 MPH","No Control Present","Clear","No",11,"11-15","No",NA,"Not Applicable","C: Possible Injury","Non-Roadway","Black","Female",NA,NA,"No",NA,"0-5 mph","Unknown Injury","Unknown/Missing",NA,"Sport Utility","No","06JAN2011","Thursday","Non-Roadway",16,"Non-Roadway","January","C: Possible Injury",59100,"Non-Roadway",2011,"Yes","Yes","Daylight","Straight - Grade","Private Road, Driveway","Dry","Two-Way, Not Divided","None","Driveway, Private","Smooth Asphalt",0,0,0,0,0,0,0,NA,2,0,NA,0,NA
2970,2770,"None - Rural Crash","Pitt","Coastal","Farms, Woods, Pastures","Rural (<30% Developed)",NA,"Rural","50 - 55  MPH","Double Yellow Line, No Passing Zone","Clear","No",13,"11-15","No",NA,"With Traffic","C: Possible Injury","Travel Lane","Black","Male",26,"25-29","No",NA,"51-55 mph","O: No Injury","White","Male","Passenger Car","No","06JAN2011","Thursday","Head-On",17,"Non-Intersection","January","C: Possible Injury",64440,"Head-On - Bicyclist",2011,"Yes","No","Dark - Roadway Not Lighted","Curve - Level","State Secondary Route","Dry","Two-Way, Not Divided","None","No Special Feature","Smooth Asphalt",0,0,0,0,0,0,0,"2 lanes",2,0,NA,0,NA
2971,2773,"None - Rural Crash","Halifax","Coastal","Farms, Woods, Pastures","Rural (<30% Developed)",NA,"Rural","50 - 55  MPH","Double Yellow Line, No Passing Zone","Clear","No",53,"50-59","Yes",NA,"With Traffic","C: Possible Injury","Bike Lane / Paved Shoulder","Black","Male",40,"40-49","No",NA,"51-55 mph","O: No Injury","White","Male","Pickup","Yes","10JAN2011","Monday","Motorist Overtaking Bicyclist",17,"Non-Intersection","January","C: Possible Injury",64740,"Motorist Overtaking - Undetected Bicyclist",2011,"Yes","No","Dark - Roadway Not Lighted","Straight - Hillcrest","US Route","Dry","Two-Way, Not Divided","None","No Special Feature","Smooth Asphalt",0,0,0,0,0,0,0,"2 lanes",2,0,NA,0,NA
2972,2774,"Durham","Durham","Piedmont","Commercial","Urban (>70% Developed)",NA,"Urban","30 - 35  MPH","Stop And Go Signal","Clear","No",46,"40-49","No",NA,"Facing Traffic","O: No Injury","Travel Lane","White","Male",NA,NA,"Missing",NA,"31-35 mph","Unknown Injury","Unknown/Missing",NA,"Van","No","12JAN2011","Wednesday","Motorist Overtaking Bicyclist",14,"Intersection","January","O: No Injury",52140,"Motorist Overtaking - Misjudged Space",2011,"No","Yes","Daylight","Straight - Level","Local Street","Dry","Two-Way, Not Divided","None","T-Intersection","Coarse Asphalt",0,0,0,0,0,0,0,"2 lanes",2,0,NA,0,NA
2973,2775,"Greensboro","Guilford","Piedmont","Commercial","Urban (>70% Developed)",NA,"Urban","40 - 45  MPH","No Control Present","Clear","No",36,"30-39","No",NA,"With Traffic","C: Possible Injury","Travel Lane","White","Male",69,"60-69","No",NA,"11-15 mph","O: No Injury","White","Male","Passenger Car","No","03JAN2011","Monday","Motorist Overtaking Bicyclist",16,"Non-Intersection","January","C: Possible Injury",58980,"Motorist Overtaking - Undetected Bicyclist",2011,"Yes","No","Daylight","Curve - Level","Local Street","Dry","Two-Way, Divided, Positive Median Barrier","None","On or Off Ramp","Smooth Asphalt",0,0,0,0,0,0,0,"6 lanes",2,0,NA,0,NA