"...1","object_id","city","county","region","development","locality","on_road","rural_urban","speed_limit","traffic_control","weather","workzone","bike_age","bike_age_group","bike_alcohol","bike_alcohol_drugs","bike_direction","bike_injury","bike_position","bike_race","bike_sex","driver_age","driver_age_group","driver_alcohol","driver_alcohol_drugs","driver_est_speed","driver_injury","driver_race","driver_sex","driver_vehicle_type","crash_alcohol","crash_date","crash_day","crash_group","crash_hour","crash_location","crash_month","crash_severity","crash_time","crash_type","crash_year","ambulance_req","hit_run","light_condition","road_character","road_class","road_condition","road_configuration","road_defects","road_feature","road_surface","num_bikes_ai","num_bikes_bi","num_bikes_ci","num_bikes_ki","num_bikes_no","num_bikes_to","num_bikes_ui","num_lanes","num_units","distance_mi_from","frm_road","rte_invd_cd","towrd_road"
2974,2777,"None - Rural Crash","Robeson","Coastal","Residential","Rural (<30% Developed)",NA,"Rural","50 - 55  MPH","No Control Present","Clear","No",9,"6-10","No",NA,"Not Applicable","B: Evident Injury","Travel Lane","Native American","Female",66,"60-69","No",NA,"6-10 mph","O: No Injury","White","Male","Passenger Car","No","17JAN2011","Monday","Non-Roadway",12,"Non-Roadway","January","B: Evident Injury",43800,"Non-Roadway",2011,"Yes","No","Daylight","Straight - Level","State Secondary Route","Dry","Two-Way, Not Divided","None","Driveway, Private","Coarse Asphalt",0,0,0,0,0,0,0,"2 lanes",2,0,NA,0,NA
2975,2778,"None - Rural Crash","Johnston","Coastal","Commercial","Mixed (30% To 70% Developed)",NA,"Rural","50 - 55  MPH","No Control Present","Clear","No",36,"30-39","No",NA,"With Traffic","A: Disabling Injury","Travel Lane","Hispanic","Male",40,"40-49","No",NA,"51-55 mph","O: No Injury","White","Male","Pickup","No","21JAN2011","Friday","Motorist Overtaking Bicyclist",19,"Non-Intersection","January","A: Disabling Injury",69480,"Motorist Overtaking - Undetected Bicyclist",2011,"Yes","No","Dark - Roadway Not Lighted","Curve - Level","US Route","Dry","Two-Way, Divided, Unprotected Median","None","No Special Feature","Smooth Asphalt",0,0,0,0,0,0,0,"4 lanes",2,0,NA,0,NA
2976,2784,"Raleigh","Wake","Piedmont","Commercial","Urban (>70% Developed)",NA,"Urban","30 - 35  MPH","No Control Present","Clear","No",21,"20-24","No",NA,"With Traffic","B: Evident Injury","Travel Lane","White","Male",59,"50-59","No",NA,"26-30 mph","O: No Injury","White","Female","Passenger Car","No","05JAN2011","Wednesday","Motorist Right Turn / Merge",13,"Non-Intersection","January","B: Evident Injury",50340,"Motorist Right Turn - Same Direction",2011,"No","No","Daylight","Straight - Level","Local Street","Dry","Two-Way, Divided, Unprotected Median","None","No Special Feature","Smooth Asphalt",0,0,0,0,0,0,0,"5 lanes",2,0,NA,0,NA
2977,2789,"Winston-Salem","Forsyth","Piedmont","Commercial","Urban (>70% Developed)",NA,"Urban","30 - 35  MPH","Stop And Go Signal","Clear","No",38,"30-39","No",NA,"With Traffic","B: Evident Injury","Travel Lane","White","Male",25,"25-29","No",NA,"6-10 mph","O: No Injury","White","Male","Passenger Car","No","24JAN2011","Monday","Motorist Left Turn / Merge",19,"Intersection","January","B: Evident Injury",69660,"Motorist Left Turn - Opposite Direction",2011,"No","No","Dark - Lighted Roadway","Straight - Grade","Local Street","Dry","Two-Way, Not Divided","None","Four-Way Intersection","Smooth Asphalt",0,0,0,0,0,0,0,"2 lanes",2,0,NA,0,NA
2978,2793,"Charlotte","Mecklenburg","Piedmont","Commercial","Urban (>70% Developed)",NA,"Urban","20 - 25  MPH","No Control Present","Clear","No",18,"16-19","No",NA,"Facing Traffic","C: Possible Injury","Sidewalk / Crosswalk / Driveway Crossing","White","Male",47,"40-49","No",NA,"0-5 mph","O: No Injury","Hispanic","Male","Sport Utility","No","02FEB2011","Wednesday","Motorist Failed to Yield - Midblock",9,"Non-Intersection","February","C: Possible Injury",33840,"Motorist Drive Out - Commercial Driveway / Alley",2011,"Yes","No","Daylight","Straight - Level","Public Vehicular Area","Wet","Two-Way, Not Divided","None","Driveway, Public","Concrete",0,0,0,0,0,0,0,NA,2,0,NA,0,NA
2979,2797,"Hampstead","Pender","Coastal","Residential","Urban (>70% Developed)",NA,"Rural",NA,"No Control Present","Clear","No",NA,"70+","No",NA,"With Traffic","B: Evident Injury","Travel Lane","White","Male",NA,NA,"No",NA,NA,"Unknown Injury","Unknown/Missing",NA,"Passenger Car","No","07FEB2011","Monday","Motorist Overtaking Bicyclist",9,"Non-Intersection","February","B: Evident Injury",32400,"Motorist Overtaking - Misjudged Space",2011,"No","Yes","Daylight","Straight - Level","Local Street","Dry","Two-Way, Not Divided","None","No Special Feature","Coarse Asphalt",0,0,0,0,0,0,0,"2 lanes",2,0,NA,0,NA
2980,2802,"Durham","Durham","Piedmont","Commercial","Urban (>70% Developed)",NA,"Urban","40 - 45  MPH","No Control Present","Clear","No",27,"25-29","No",NA,"With Traffic","B: Evident Injury","Bike Lane / Paved Shoulder","White","Male",NA,NA,"Missing",NA,"41-45 mph","Unknown Injury","Unknown/Missing",NA,"Sport Utility","No","15FEB2011","Tuesday","Motorist Overtaking Bicyclist",18,"Non-Intersection","February","B: Evident Injury",66600,"Motorist Overtaking - Other / Unknown",2011,"Yes","Yes","Daylight","Straight - Level","Local Street","Dry","Two-Way, Divided, Unprotected Median","None","No Special Feature","Smooth Asphalt",0,0,0,0,0,0,0,NA,2,0,NA,0,NA
2981,2807,"Raleigh","Wake","Piedmont","Commercial","Mixed (30% To 70% Developed)",NA,"Urban","40 - 45  MPH","Stop And Go Signal","Clear","No",48,"40-49","No",NA,"With Traffic","K: Killed","Travel Lane","Black","Male",57,"50-59","No",NA,"11-15 mph","O: No Injury","Black","Female","School Bus","No","20JAN2011","Thursday","Bicyclist Failed to Yield - Sign-Controlled Intersection",12,"Intersection","January","K: Killed",46740,"Bicyclist Ride Through - Sign-Controlled Intersection",2011,"Yes","No","Daylight","Straight - Grade","Local Street","Dry","Two-Way, Divided, Unprotected Median","None","Driveway, Public","Smooth Asphalt",0,0,0,0,0,0,0,"4 lanes",2,0,NA,0,NA
2982,2814,"Charlotte","Mecklenburg","Piedmont","Commercial","Urban (>70% Developed)",NA,"Urban","30 - 35  MPH","No Control Present","Clear","No",20,"20-24","No",NA,"Not Applicable","B: Evident Injury","Travel Lane","Hispanic","Male",35,"30-39","No",NA,"31-35 mph","O: No Injury","Black","Male","Sport Utility","No","09FEB2011","Wednesday","Bicyclist Failed to Yield - Midblock",14,"Non-Intersection","February","B: Evident Injury",51300,"Multiple Threat - Midblock",2011,"Yes","No","Daylight","Straight - Level","Local Street","Dry","Two-Way, Divided, Positive Median Barrier","None","No Special Feature","Smooth Asphalt",0,0,0,0,0,0,0,"4 lanes",2,0,NA,0,NA
2983,2815,"Durham","Durham","Piedmont","Residential","Urban (>70% Developed)",NA,"Urban","30 - 35  MPH","Stop And Go Signal","Clear","Yes",24,"20-24","No",NA,"Facing Traffic","C: Possible Injury","Sidewalk / Crosswalk / Driveway Crossing","Hispanic","Male",NA,"70+","No",NA,"0-5 mph","O: No Injury","White","Male","Sport Utility","No","24FEB2011","Thursday","Motorist Failed to Yield - Signalized Intersection",18,"Intersection","February","C: Possible Injury",67560,"Motorist Drive Out - Right Turn on Red",2011,"Yes","No","Dark - Roadway Not Lighted","Straight - Level","Local Street","Dry","Two-Way, Not Divided","None","Four-Way Intersection","Coarse Asphalt",0,0,0,0,0,0,0,"3 lanes",2,0,NA,0,NA
2984,2818,"Durham","Durham","Piedmont","Commercial","Urban (>70% Developed)",NA,"Urban","20 - 25  MPH","Stop And Go Signal","Cloudy","No",46,"40-49","Yes",NA,"With Traffic","C: Possible Injury","Sidewalk / Crosswalk / Driveway Crossing","Black","Male",43,"40-49","No",NA,"0-5 mph","O: No Injury","White","Male","Passenger Car","Yes","24FEB2011","Thursday","Bicyclist Failed to Yield - Signalized Intersection",21,"Intersection","February","C: Possible Injury",78540,"Bicyclist Ride Through - Signalized Intersection",2011,"No","No","Dark - Lighted Roadway","Straight - Level","Local Street","Wet","One-Way, Not Divided","None","No Special Feature","Smooth Asphalt",0,0,0,0,0,0,0,"2 lanes",2,0,NA,0,NA
2985,2832,"Charlotte","Mecklenburg","Piedmont","Commercial","Urban (>70% Developed)",NA,"Urban","30 - 35  MPH","Stop And Go Signal","Cloudy","No",60,"60-69","No",NA,"With Traffic","C: Possible Injury","Travel Lane","White","Male",23,"20-24","No",NA,"0-5 mph","O: No Injury","Other","Female","Passenger Car","No","23FEB2011","Wednesday","Motorist Left Turn / Merge",9,"Intersection","February","C: Possible Injury",34440,"Motorist Left Turn - Opposite Direction",2011,"Yes","No","Daylight","Straight - Level","Local Street","Dry","Two-Way, Divided, Unprotected Median","None","No Special Feature","Smooth Asphalt",0,0,0,0,0,0,0,"4 lanes",2,0,NA,0,NA
2986,2849,"Tarboro","Edgecombe","Coastal","Residential","Urban (>70% Developed)",NA,"Urban","30 - 35  MPH","No Control Present","Rain","No",47,"40-49","No",NA,"With Traffic","B: Evident Injury",NA,"Black","Female",22,"20-24","No",NA,"31-35 mph","O: No Injury","Black","Male","Passenger Car","No","10MAR2011","Thursday","Parallel Paths - Other Circumstances",18,"Non-Intersection","March","B: Evident Injury",67620,"Bicyclist Ride Out - Parallel Path",2011,"Yes","No","Dark - Lighted Roadway","Straight - Level","Local Street","Wet","Two-Way, Not Divided","None","No Special Feature","Smooth Asphalt",0,0,0,0,0,0,0,"5 lanes",2,0,NA,0,NA
2987,2855,"Raleigh","Wake","Piedmont","Residential","Urban (>70% Developed)",NA,"Urban","30 - 35  MPH","Stop And Go Signal","Clear","No",60,"60-69","No",NA,"With Traffic","B: Evident Injury","Travel Lane","Black","Male",20,"20-24","No",NA,"6-10 mph","O: No Injury","Black","Male","Passenger Car","No","21FEB2011","Monday","Motorist Failed to Yield - Midblock",9,"Non-Intersection","February","B: Evident Injury",33000,"Motorist Drive Out - Commercial Driveway / Alley",2011,"Yes","No","Daylight","Straight - Hillcrest","Local Street","Dry","One-Way, Not Divided","None","No Special Feature","Smooth Asphalt",0,0,0,0,0,0,0,"3 lanes",2,0,NA,0,NA
2988,2858,"Greensboro","Guilford","Piedmont","Commercial","Urban (>70% Developed)",NA,"Urban","40 - 45  MPH","Stop And Go Signal","Clear","No",48,"40-49","No",NA,"With Traffic","B: Evident Injury","Travel Lane","White","Male",18,"0-19","No",NA,"11-15 mph","O: No Injury","White","Male","Passenger Car","No","13MAR2011","Sunday","Motorist Overtaking Bicyclist",14,"Intersection-Related","March","B: Evident Injury",52500,"Motorist Overtaking - Other / Unknown",2011,"Yes","No","Daylight","Straight - Level","Local Street","Dry","Two-Way, Not Divided","None","Related To Intersection","Smooth Asphalt",0,0,0,0,0,0,0,"3 lanes",2,0,NA,0,NA
2989,2862,"Cary","Wake","Piedmont","Residential","Urban (>70% Developed)",NA,"Urban","20 - 25  MPH","Stop And Go Signal","Clear","No",59,"50-59","No",NA,"With Traffic","C: Possible Injury","Travel Lane","White","Male",23,"20-24","No",NA,"6-10 mph","O: No Injury","White","Female","Passenger Car","No","23MAR2011","Wednesday","Motorist Left Turn / Merge",17,"Intersection","March","C: Possible Injury",63120,"Motorist Left Turn - Opposite Direction",2011,"Yes","No","Daylight","Straight - Level","State Secondary Route","Dry","Two-Way, Not Divided","None","Four-Way Intersection","Smooth Asphalt",0,0,0,0,0,0,0,"5 lanes",2,0,NA,0,NA
2990,2868,"Davidson","Mecklenburg","Piedmont","Residential","Mixed (30% To 70% Developed)",NA,"Urban","20 - 25  MPH","Double Yellow Line, No Passing Zone","Clear","No",NA,"70+","No",NA,"With Traffic","B: Evident Injury","Travel Lane","White","Male",49,"40-49","No",NA,"6-10 mph","O: No Injury","White","Female","Passenger Car","No","19MAR2011","Saturday","Motorist Failed to Yield - Sign-Controlled Intersection",14,"Intersection","March","B: Evident Injury",52020,"Motorist Drive Out - Sign-Controlled Intersection",2011,"No","No","Daylight","Straight - Level","Local Street","Dry","Two-Way, Divided, Unprotected Median","None","No Special Feature","Smooth Asphalt",0,0,0,0,0,0,0,"3 lanes",2,0,NA,0,NA
2991,2873,"Charlotte","Mecklenburg","Piedmont","Residential","Urban (>70% Developed)",NA,"Urban","30 - 35  MPH","Stop And Go Signal","Cloudy","No",14,"11-15","No",NA,"Facing Traffic","C: Possible Injury","Sidewalk / Crosswalk / Driveway Crossing","Hispanic","Male",NA,NA,"No",NA,"0-5 mph","O: No Injury","White","Male","Sport Utility","No","19MAR2011","Saturday","Motorist Failed to Yield - Signalized Intersection",19,"Intersection","March","C: Possible Injury",71880,"Motorist Drive Out - Right Turn on Red",2011,"Yes","No","Dark - Lighted Roadway","Straight - Level","Local Street","Dry","Two-Way, Divided, Unprotected Median","None","No Special Feature","Smooth Asphalt",0,0,0,0,0,0,0,"2 lanes",2,0,NA,0,NA
2992,2879,"None - Rural Crash","Pitt","Coastal","Residential","Urban (>70% Developed)",NA,"Rural","40 - 45  MPH","No Control Present","Clear","No",22,"20-24","No",NA,"Facing Traffic","K: Killed","Travel Lane","Hispanic","Male",20,"20-24","No",NA,"41-45 mph","O: No Injury","Black","Male","Sport Utility","No","24MAR2011","Thursday","Head-On",20,"Non-Intersection","March","K: Killed",73260,"Head-On - Bicyclist",2011,"Yes","No","Dark - Roadway Not Lighted","Straight - Level","NC Route","Dry","Two-Way, Not Divided","None","No Special Feature","Coarse Asphalt",0,0,0,0,0,0,0,"2 lanes",2,0,NA,0,NA
2993,2887,"Raleigh","Wake","Piedmont","Residential","Urban (>70% Developed)",NA,"Urban","20 - 25  MPH","No Control Present","Clear","No",10,"6-10","No",NA,"With Traffic","C: Possible Injury","Travel Lane","White","Male",23,"20-24","No",NA,"21-25 mph","O: No Injury","White","Female","Sport Utility","No","05MAR2011","Saturday","Bicyclist Left Turn / Merge",17,"Non-Intersection","March","C: Possible Injury",61320,"Bicyclist Left Turn - Opposite Direction",2011,"Yes","No","Daylight","Curve - Grade","Local Street","Dry","Two-Way, Not Divided","None","No Special Feature","Smooth Asphalt",0,0,0,0,0,0,0,"2 lanes",2,0,NA,0,NA
2994,2890,"None - Rural Crash","Robeson","Coastal","Farms, Woods, Pastures","Rural (<30% Developed)",NA,"Rural","50 - 55  MPH","No Control Present","Clear","No",12,"11-15","No",NA,"With Traffic","B: Evident Injury","Travel Lane","Hispanic","Male",NA,"70+","No",NA,"51-55 mph","O: No Injury","Native American","Male","Pickup","No","01APR2011","Friday","Bicyclist Left Turn / Merge",15,"Non-Intersection","April","B: Evident Injury",55980,"Bicyclist Left Turn - Same Direction",2011,"Yes","No","Daylight","Straight - Level","State Secondary Route","Dry","Two-Way, Not Divided","None","No Special Feature","Coarse Asphalt",0,0,0,0,0,0,0,"2 lanes",2,0,NA,0,NA
2995,2891,"Durham","Durham","Piedmont","Residential","Urban (>70% Developed)",NA,"Urban","30 - 35  MPH","No Control Present","Clear","No",31,"30-39","No",NA,"With Traffic","O: No Injury","Travel Lane","White","Male",68,"60-69","No",NA,"31-35 mph","O: No Injury","Black","Male","School Bus","No","04APR2011","Monday","Motorist Right Turn / Merge",7,"Intersection","April","O: No Injury",26820,"Motorist Right Turn - Same Direction",2011,"No","No","Daylight","Straight - Level","Local Street","Dry","Two-Way, Not Divided","None","No Special Feature","Smooth Asphalt",0,0,0,0,0,0,0,"2 lanes",2,0,NA,0,NA
2996,2895,"Boone","Watauga","Mountains","Commercial","Mixed (30% To 70% Developed)",NA,"Urban","20 - 25  MPH","Stop Sign","Rain","No",19,"16-19","No",NA,"Facing Traffic","O: No Injury","Sidewalk / Crosswalk / Driveway Crossing","White","Male",21,"20-24","No",NA,"6-10 mph","O: No Injury","White","Female","Sport Utility","No","31MAR2011","Thursday","Motorist Failed to Yield - Sign-Controlled Intersection",20,"Intersection","March","O: No Injury",73560,"Motorist Drive Out - Sign-Controlled Intersection",2011,"No","No","Dark - Roadway Not Lighted","Straight - Level","Local Street","Wet","Two-Way, Not Divided","None","T-Intersection","Smooth Asphalt",0,0,0,0,0,0,0,"3 lanes",2,0,NA,0,NA
2997,2900,"Raleigh","Wake","Piedmont","Commercial","Urban (>70% Developed)",NA,"Urban","40 - 45  MPH","No Control Present","Clear","No",44,"40-49","Yes",NA,"With Traffic","B: Evident Injury","Travel Lane","Black","Male",20,"20-24","No",NA,"41-45 mph","O: No Injury","White","Male","Passenger Car","Yes","27MAR2011","Sunday","Motorist Overtaking Bicyclist",20,"Non-Intersection","March","B: Evident Injury",73920,"Motorist Overtaking - Undetected Bicyclist",2011,"Yes","No","Dark - Roadway Not Lighted","Straight - Level","Local Street","Dry","One-Way, Not Divided","None","No Special Feature","Smooth Asphalt",0,0,0,0,0,0,0,"5 lanes",2,0,NA,0,NA
2998,2904,"Charlotte","Mecklenburg","Piedmont","Commercial","Urban (>70% Developed)",NA,"Urban","30 - 35  MPH","Stop And Go Signal","Clear","No",45,"40-49","Yes",NA,"With Traffic","A: Disabling Injury","Travel Lane","White","Male",49,"40-49","No",NA,"26-30 mph","O: No Injury","Hispanic","Female","Sport Utility","Yes","04APR2011","Monday","Bicyclist Failed to Yield - Signalized Intersection",15,"Intersection","April","A: Disabling Injury",55080,"Bicyclist Ride Through - Signalized Intersection",2011,"Yes","No","Daylight","Straight - Level","Local Street","Dry","Two-Way, Divided, Unprotected Median","None","Four-Way Intersection","Smooth Asphalt",0,0,0,0,0,0,0,"4 lanes",2,0,NA,0,NA
2999,2923,"None - Rural Crash","Pasquotank","Coastal","Residential","Mixed (30% To 70% Developed)",NA,"Rural","20 - 25  MPH","No Control Present","Clear","No",15,"11-15","No",NA,"With Traffic","C: Possible Injury","Travel Lane","White","Male",32,"30-39","No",NA,"6-10 mph","O: No Injury","Black","Female","Van","No","22APR2011","Friday","Bicyclist Left Turn / Merge",15,"Non-Intersection","April","C: Possible Injury",54600,"Bicyclist Left Turn - Same Direction",2011,"Yes","No","Daylight","Straight - Level","State Secondary Route","Dry","Two-Way, Not Divided","None","No Special Feature","Coarse Asphalt",0,0,0,0,0,0,0,"2 lanes",2,0,NA,0,NA
3000,2928,"Lumberton","Robeson","Coastal","Residential","Urban (>70% Developed)",NA,"Urban","30 - 35  MPH","No Control Present","Cloudy","No",47,"40-49","Yes",NA,"With Traffic","Unknown Injury","Sidewalk / Crosswalk / Driveway Crossing","Unknown/Missing",NA,27,"25-29","Yes",NA,"0-5 mph","O: No Injury","White","Male","Passenger Car","Yes","05APR2011","Tuesday","Motorist Left Turn / Merge",5,"Non-Intersection","April","O: No Injury",21000,"Motorist Left Turn - Same Direction",2011,"No","No","Dark - Lighted Roadway","Curve - Grade",NA,"Dry","Two-Way, Not Divided","None","Driveway, Public","Grooved Concrete",0,0,0,0,0,0,0,NA,2,0,NA,0,NA
3001,7243,"Rocky Mount","Edgecombe","Coastal","Residential","Urban (>70% Developed)",NA,"Urban","5 - 15 MPH","No Control Present","Rain","No",9,"6-10","No",NA,NA,"B: Evident Injury","Non-Roadway","Black","Female",57,"50-59","No",NA,"6-10 mph","O: No Injury","White","Female","Passenger Car","No","14SEP2007","Friday","Non-Roadway",19,"Non-Roadway","September","B: Evident Injury",68760,"Non-Roadway",2007,"Yes","No","Dusk","Straight - Level","Public Vehicular Area","Wet",NA,"None","Driveway, Public","Concrete",0,0,0,0,0,0,0,NA,2,0,NA,0,NA
3002,7251,"Charlotte","Mecklenburg","Piedmont","Residential","Urban (>70% Developed)",NA,"Urban",NA,"No Control Present","Cloudy","No",51,"50-59","No",NA,"With Traffic","B: Evident Injury","Travel Lane","White","Male",NA,NA,"Missing",NA,NA,"Unknown Injury","Unknown/Missing",NA,"Passenger Car","No","29DEC2007","Saturday","Motorist Left Turn / Merge",16,"Non-Intersection","December","B: Evident Injury",60780,"Motorist Left Turn - Opposite Direction",2007,"Yes","Yes","Daylight","Curve - Level","Local Street","Wet","Two-Way, Not Divided","None","No Special Feature","Smooth Asphalt",0,0,0,0,0,0,0,"2 lanes",2,0,NA,0,NA
3003,7254,"Charlotte","Mecklenburg","Piedmont","Commercial","Mixed (30% To 70% Developed)",NA,"Urban","30 - 35  MPH","No Control Present","Clear","No",21,"20-24","No",NA,"Not Applicable","O: No Injury","Driveway / Alley","Black","Male",55,"50-59","No",NA,"0-5 mph","O: No Injury","Black","Female","Passenger Car","No","27DEC2007","Thursday","Motorist Left Turn / Merge",19,"Non-Intersection","December","O: No Injury",71820,"Motorist Left Turn - Opposite Direction",2007,"No","No","Dark - Lighted Roadway","Straight - Level","Local Street","Dry","Two-Way, Not Divided","None","No Special Feature","Smooth Asphalt",0,0,0,0,0,0,0,"4 lanes",2,0,NA,0,NA
3004,7259,"Fayetteville","Cumberland","Coastal","Commercial","Urban (>70% Developed)",NA,"Urban","40 - 45  MPH","Stop And Go Signal","Clear","No",16,"16-19","No",NA,"Facing Traffic","B: Evident Injury",NA,"Black","Female",NA,NA,"Missing",NA,"26-30 mph","Unknown Injury","Unknown/Missing",NA,NA,"No","18SEP2007","Tuesday","Crossing Paths - Other Circumstances",19,"Intersection","September","B: Evident Injury",71100,"Signalized Intersection - Other / Unknown",2007,"No","Yes","Daylight","Straight - Level","Local Street","Dry","Two-Way, Divided, Positive Median Barrier","None","No Special Feature","Coarse Asphalt",0,0,0,0,0,0,0,"3 lanes",2,0,NA,0,NA
3005,7260,"Raleigh","Wake","Piedmont","Commercial","Urban (>70% Developed)",NA,"Urban","30 - 35  MPH","Stop And Go Signal","Clear","No",33,"30-39","No",NA,"Not Applicable","B: Evident Injury","Sidewalk / Crosswalk / Driveway Crossing","Hispanic","Female",32,"30-39","No",NA,"11-15 mph","O: No Injury","Black","Male","Van","No","18SEP2007","Tuesday","Bicyclist Failed to Yield - Signalized Intersection",10,"Intersection-Related","September","B: Evident Injury",37740,"Bicyclist Ride Out - Signalized  Intersection",2007,"Yes","No","Daylight","Straight - Level","Local Street","Dry","Two-Way, Divided, Positive Median Barrier","None","No Special Feature","Coarse Asphalt",0,0,0,0,0,0,0,"4 lanes",2,0,NA,0,NA
3006,7263,"Raleigh","Wake","Piedmont","Residential","Urban (>70% Developed)",NA,"Urban","30 - 35  MPH","Stop And Go Signal","Clear","No",25,"25-29","No",NA,"With Traffic","C: Possible Injury","Travel Lane","White","Male",54,"50-59","No",NA,"31-35 mph","O: No Injury","White","Male","Passenger Car","No","19SEP2007","Wednesday","Motorist Left Turn / Merge",23,"Intersection","September","C: Possible Injury",83520,"Motorist Left Turn - Opposite Direction",2007,"Yes","No","Dark - Lighted Roadway","Straight - Grade","Local Street","Dry","Two-Way, Divided, Unprotected Median","None","Four-Way Intersection","Coarse Asphalt",0,0,0,0,0,0,0,"4 lanes",2,0,NA,0,NA
3007,7266,"Greensboro","Guilford","Piedmont","Commercial","Urban (>70% Developed)",NA,"Urban","20 - 25  MPH","No Control Present","Clear","No",25,"25-29","No",NA,"With Traffic","B: Evident Injury","Travel Lane","White","Male",51,"50-59","No",NA,NA,"O: No Injury","White","Male","Passenger Car","No","19SEP2007","Wednesday","Bicyclist Overtaking Motorist",16,"Non-Intersection","September","B: Evident Injury",58260,"Bicyclist Overtaking - Extended Door",2007,"No","Yes","Daylight","Straight - Level","Local Street","Dry","Two-Way, Not Divided","None","No Special Feature","Smooth Asphalt",0,0,0,0,0,0,0,"2 lanes",4,0,NA,0,NA
3008,7267,"Raleigh","Wake","Piedmont","Residential","Urban (>70% Developed)",NA,"Urban","30 - 35  MPH","Stop Sign","Cloudy","No",41,"40-49","No",NA,"With Traffic","C: Possible Injury","Travel Lane","Black","Male",41,"40-49","No",NA,"0-5 mph","O: No Injury","Black","Male","Passenger Car","No","20SEP2007","Thursday","Motorist Failed to Yield - Sign-Controlled Intersection",20,"Intersection","September","C: Possible Injury",73140,"Motorist Drive Out - Sign-Controlled Intersection",2007,"No","No","Dark - Roadway Not Lighted","Straight - Level","Local Street","Wet","Two-Way, Not Divided","None","Four-Way Intersection","Smooth Asphalt",0,0,0,0,0,0,0,"2 lanes",2,0,NA,0,NA
3009,7277,"None - Rural Crash","Cumberland","Coastal","Residential","Mixed (30% To 70% Developed)",NA,"Rural","40 - 45  MPH","Stop Sign","Clear","No",14,"11-15","No",NA,NA,"A: Disabling Injury","Travel Lane","White","Male",19,"0-19","No",NA,"41-45 mph","O: No Injury","White","Male","Pickup","No","25SEP2007","Tuesday","Bicyclist Failed to Yield - Sign-Controlled Intersection",16,"Intersection","September","A: Disabling Injury",58200,"Bicyclist Ride Through - Sign-Controlled Intersection",2007,"Yes","No","Daylight","Curve - Level","State Secondary Route","Dry","Two-Way, Not Divided","None","Driveway, Public","Smooth Asphalt",0,0,0,0,0,0,0,"2 lanes",2,0,NA,0,NA
3010,7282,"None - Rural Crash","Robeson","Coastal","Farms, Woods, Pastures","Rural (<30% Developed)",NA,"Rural","50 - 55  MPH","Double Yellow Line, No Passing Zone","Clear","No",10,"6-10","No",NA,"Not Applicable","B: Evident Injury","Driveway / Alley","Native American","Male",21,"20-24","Yes",NA,"51-55 mph","O: No Injury","Native American","Male","Passenger Car","Yes","26SEP2007","Wednesday","Bicyclist Failed to Yield - Midblock",17,"Non-Intersection","September","B: Evident Injury",63000,"Bicyclist Ride Out - Midblock - Unknown",2007,"Yes","No","Daylight","Straight - Level","State Secondary Route","Dry","Two-Way, Not Divided","None","Driveway, Private","Coarse Asphalt",0,0,0,0,0,0,0,"2 lanes",2,0,NA,0,NA
3011,7283,"Southern Pines","Moore","Piedmont","Residential","Urban (>70% Developed)",NA,"Urban","30 - 35  MPH","No Control Present","Clear","No",53,"50-59","No",NA,NA,"O: No Injury",NA,"Black","Male",NA,"70+","No",NA,"16-20 mph","O: No Injury","White","Female","Passenger Car","No","26SEP2007","Wednesday","Bicyclist Failed to Yield - Midblock",16,"Non-Intersection","September","O: No Injury",60180,"Bicyclist Ride Out - Midblock - Unknown",2007,"No","No","Daylight","Straight - Level","Local Street","Dry","Two-Way, Not Divided","None","No Special Feature","Coarse Asphalt",0,0,0,0,0,0,0,"2 lanes",2,0,NA,0,NA
3012,7285,"None - Rural Crash","Watauga","Mountains","Farms, Woods, Pastures","Rural (<30% Developed)",NA,"Rural","50 - 55  MPH","Double Yellow Line, No Passing Zone","Clear","No",69,"60-69","No",NA,"With Traffic","B: Evident Injury","Travel Lane","White","Male",46,"40-49","No",NA,"21-25 mph","O: No Injury","White","Male","Pickup","No","28SEP2007","Friday","Loss of Control / Turning Error",14,"Non-Intersection","September","B: Evident Injury",51600,"Bicyclist Lost Control - Other / Unknown",2007,"Yes","No","Daylight","Curve - Grade","State Secondary Route","Dry","Two-Way, Not Divided","None","No Special Feature","Coarse Asphalt",0,0,0,0,0,0,0,"2 lanes",2,0,NA,0,NA
3013,7286,"High Point","Guilford","Piedmont","Commercial","Urban (>70% Developed)",NA,"Urban","30 - 35  MPH","Stop And Go Signal","Clear","No",24,"20-24","No",NA,"With Traffic","C: Possible Injury","Travel Lane","White","Female",38,"30-39","No",NA,"16-20 mph","O: No Injury","Asian","Male","Passenger Car","No","28SEP2007","Friday","Bicyclist Failed to Yield - Signalized Intersection",15,"Intersection","September","C: Possible Injury",54180,"Bicyclist Ride Through - Signalized Intersection",2007,"Yes","No","Daylight","Straight - Grade","Local Street","Dry","One-Way, Not Divided","None","Four-Way Intersection","Smooth Asphalt",0,0,0,0,0,0,0,"3 lanes",2,0,NA,0,NA
3014,7289,"None - Rural Crash","Henderson","Mountains","Residential","Urban (>70% Developed)",NA,"Rural","30 - 35  MPH","Stop Sign","Clear","No",12,"11-15","No",NA,"With Traffic","C: Possible Injury","Travel Lane","White","Female",NA,"70+","No",NA,"11-15 mph","O: No Injury","White","Female","Passenger Car","No","29SEP2007","Saturday","Loss of Control / Turning Error",14,"Intersection","September","C: Possible Injury",52200,"Bicyclist Turning Error - Left Turn",2007,"No","No","Daylight","Straight - Grade","State Secondary Route","Dry","Two-Way, Not Divided","None","T-Intersection","Smooth Asphalt",0,0,0,0,0,0,0,"2 lanes",2,0,NA,0,NA