"...1","object_id","city","county","region","development","locality","on_road","rural_urban","speed_limit","traffic_control","weather","workzone","bike_age","bike_age_group","bike_alcohol","bike_alcohol_drugs","bike_direction","bike_injury","bike_position","bike_race","bike_sex","driver_age","driver_age_group","driver_alcohol","driver_alcohol_drugs","driver_est_speed","driver_injury","driver_race","driver_sex","driver_vehicle_type","crash_alcohol","crash_date","crash_day","crash_group","crash_hour","crash_location","crash_month","crash_severity","crash_time","crash_type","crash_year","ambulance_req","hit_run","light_condition","road_character","road_class","road_condition","road_configuration","road_defects","road_feature","road_surface","num_bikes_ai","num_bikes_bi","num_bikes_ci","num_bikes_ki","num_bikes_no","num_bikes_to","num_bikes_ui","num_lanes","num_units","distance_mi_from","frm_road","rte_invd_cd","towrd_road"
3015,7290,"Chapel Hill","Orange","Piedmont","Commercial","Urban (>70% Developed)",NA,"Urban","30 - 35  MPH","Stop And Go Signal","Clear","No",18,"16-19","No",NA,"With Traffic","B: Evident Injury",NA,"White","Male",68,"60-69","No",NA,"0-5 mph","O: No Injury","White","Female","Passenger Car","No","29SEP2007","Saturday","Bicyclist Failed to Yield - Signalized Intersection",14,"Intersection","September","B: Evident Injury",51420,"Bicyclist Ride Out - Signalized  Intersection",2007,"Yes","No","Daylight","Straight - Level","Local Street","Dry","Two-Way, Not Divided","None","Four-Way Intersection","Smooth Asphalt",0,0,0,0,0,0,0,"9 or more lanes",2,0,NA,0,NA
3016,7292,"Oak Ridge","Guilford","Piedmont","Institutional","Mixed (30% To 70% Developed)",NA,"Rural","30 - 35  MPH","Stop And Go Signal","Clear","No",42,"40-49","No",NA,"With Traffic","B: Evident Injury","Travel Lane","White","Male",29,"25-29","No",NA,"31-35 mph","O: No Injury","White","Male","Passenger Car","No","01OCT2007","Monday","Bicyclist Failed to Yield - Signalized Intersection",13,"Intersection","October","B: Evident Injury",49200,"Bicyclist Ride Through - Signalized Intersection",2007,"Yes","No","Daylight","Straight - Hillcrest","NC Route","Dry","Two-Way, Not Divided","None","Four-Way Intersection","Coarse Asphalt",0,0,0,0,0,0,0,"2 lanes",2,0,NA,0,NA
3017,7296,"Wilmington","New Hanover","Coastal","Residential","Urban (>70% Developed)",NA,"Urban","30 - 35  MPH","Stop Sign","Cloudy","No",14,"11-15","No",NA,"With Traffic","C: Possible Injury","Travel Lane","Black","Male",NA,NA,"Missing",NA,NA,"Unknown Injury","Unknown/Missing",NA,NA,"No","02JUN2007","Saturday","Head-On",22,"Non-Intersection","June","C: Possible Injury",79800,"Head-On - Motorist",2007,"No","Yes","Dark - Lighted Roadway","Straight - Level","Local Street","Water (Standing, Moving)","Two-Way, Not Divided","None","No Special Feature","Gravel",0,0,0,0,0,0,0,"2 lanes",2,0,NA,0,NA
3018,7297,"None - Rural Crash","Haywood","Mountains","Farms, Woods, Pastures","Rural (<30% Developed)",NA,"Rural","40 - 45  MPH","Stop Sign","Clear","No",54,"50-59","No",NA,"With Traffic","C: Possible Injury","Travel Lane","White","Male",68,"60-69","No",NA,NA,"O: No Injury","White","Male","Pickup","No","03OCT2007","Wednesday","Motorist Failed to Yield - Sign-Controlled Intersection",18,"Intersection","October","C: Possible Injury",64980,"Motorist Drive Out - Sign-Controlled Intersection",2007,"Yes","No","Daylight","Straight - Level","NC Route","Dry","Two-Way, Not Divided","None","T-Intersection","Smooth Asphalt",0,0,0,0,0,0,0,"2 lanes",2,0,NA,0,NA
3019,7298,"Elizabeth City","Pasquotank","Coastal","Residential","Urban (>70% Developed)",NA,"Urban","30 - 35  MPH","Stop Sign","Cloudy","No",52,"50-59","No",NA,"With Traffic","C: Possible Injury","Travel Lane","Black","Male",63,"60-69","No",NA,"0-5 mph","O: No Injury","White","Male","Pickup","No","27SEP2007","Thursday","Motorist Failed to Yield - Sign-Controlled Intersection",15,"Intersection","September","C: Possible Injury",57180,"Motorist Drive Out - Sign-Controlled Intersection",2007,"No","No","Daylight","Straight - Level","Local Street","Wet","Two-Way, Divided, Unprotected Median","None","No Special Feature","Smooth Asphalt",0,0,0,0,0,0,0,"2 lanes",2,0,NA,0,NA
3020,7323,"None - Rural Crash","Guilford","Piedmont","Commercial","Urban (>70% Developed)",NA,"Rural","30 - 35  MPH","Stop And Go Signal","Clear","No",42,"40-49","No",NA,"With Traffic","C: Possible Injury","Travel Lane","White","Male",30,"30-39","No",NA,"11-15 mph","O: No Injury","White","Female","Passenger Car","No","10OCT2007","Wednesday","Motorist Right Turn / Merge",7,"Intersection","October","C: Possible Injury",27000,"Motorist Right Turn - Same Direction",2007,"Yes","No","Daylight","Straight - Level","Public Vehicular Area","Dry","Two-Way, Not Divided","None","No Special Feature","Smooth Asphalt",0,0,0,0,0,0,0,"5 lanes",2,0,NA,0,NA
3021,7324,"None - Rural Crash","Johnston","Coastal","Farms, Woods, Pastures","Rural (<30% Developed)",NA,"Rural","50 - 55  MPH","Double Yellow Line, No Passing Zone","Clear","No",50,"50-59","No",NA,"With Traffic","B: Evident Injury","Travel Lane","White","Male",34,"30-39","No",NA,"16-20 mph","O: No Injury","White","Male","Sport Utility","No","14OCT2007","Sunday","Bicyclist Left Turn / Merge",12,"Non-Intersection","October","B: Evident Injury",45000,"Bicyclist Left Turn - Same Direction",2007,"No","No","Daylight","Straight - Level","NC Route","Dry","Two-Way, Not Divided","None","Driveway, Private","Smooth Asphalt",0,0,0,0,0,0,0,"2 lanes",2,0,NA,0,NA
3022,7325,"Morganton","Burke","Mountains","Commercial","Mixed (30% To 70% Developed)",NA,"Urban","30 - 35  MPH","No Control Present","Clear","No",40,"40-49","No",NA,"With Traffic","B: Evident Injury","Travel Lane","Black","Male",29,"25-29","No",NA,"6-10 mph","O: No Injury","White","Male","Sport Utility","No","14OCT2007","Sunday","Crossing Paths - Other Circumstances",10,"Intersection","October","B: Evident Injury",38820,"Crossing Paths - Intersection - Other / Unknown",2007,"Yes","No","Daylight","Straight - Level","Local Street","Dry","Two-Way, Divided, Unprotected Median","None","Related To Intersection","Smooth Asphalt",0,0,0,0,0,0,0,"4 lanes",2,0,NA,0,NA
3023,7329,"Hendersonville","Henderson","Mountains","Residential","Mixed (30% To 70% Developed)",NA,"Urban","30 - 35  MPH","No Control Present","Other","No",32,"30-39","No",NA,NA,"B: Evident Injury","Travel Lane","Hispanic","Male",NA,NA,"Missing",NA,"16-20 mph","Unknown Injury","Unknown/Missing",NA,"Passenger Car","No","16SEP2007","Sunday","Head-On",18,"Non-Intersection","September","B: Evident Injury",66600,"Head-On - Bicyclist",2007,"No","Yes","Daylight","Curve - Grade","Local Street","Dry","Two-Way, Not Divided","None","No Special Feature","Coarse Asphalt",0,0,0,0,0,0,0,"1 lane",2,0,NA,0,NA
3024,7333,"None - Rural Crash","Pitt","Coastal","Residential","Urban (>70% Developed)",NA,"Rural","20 - 25  MPH","No Control Present","Clear","No",NA,NA,"Missing",NA,"With Traffic","Unknown Injury","Travel Lane","Unknown/Missing",NA,16,"0-19","No",NA,"6-10 mph","O: No Injury","Black","Female","Passenger Car","No","19OCT2007","Friday","Motorist Overtaking Bicyclist",19,"Non-Intersection","October","O: No Injury",68400,"Motorist Overtaking - Other / Unknown",2007,"No","No","Dark - Roadway Not Lighted","Straight - Level","Public Vehicular Area","Dry","Two-Way, Not Divided","None","Driveway, Public","Coarse Asphalt",0,0,0,0,0,0,0,"2 lanes",2,0,NA,0,NA
3025,7343,"Rocky Mount","Edgecombe","Coastal","Residential","Urban (>70% Developed)",NA,"Urban","30 - 35  MPH","Stop Sign","Clear","No",5,"0-5","No",NA,NA,"C: Possible Injury","Travel Lane","Black","Male",22,"20-24","No",NA,"16-20 mph","O: No Injury","Black","Male","Passenger Car","No","23OCT2007","Tuesday","Bicyclist Failed to Yield - Sign-Controlled Intersection",16,"Intersection","October","C: Possible Injury",60780,"Bicyclist Ride Through - Sign-Controlled Intersection",2007,"Yes","No","Daylight","Straight - Level","Local Street","Dry","Two-Way, Not Divided","None","Four-Way Intersection","Smooth Asphalt",0,0,0,0,0,0,0,"2 lanes",2,0,NA,0,NA
3026,7349,"Roanoke Rapids","Halifax","Coastal","Commercial","Urban (>70% Developed)",NA,"Urban","20 - 25  MPH","No Control Present","Cloudy","No",NA,NA,"No",NA,"Not Applicable","C: Possible Injury","Driveway / Alley","White","Male",23,"20-24","No",NA,"21-25 mph","O: No Injury","White","Female","Passenger Car","No","26OCT2007","Friday","Bicyclist Failed to Yield - Midblock",12,"Non-Intersection","October","C: Possible Injury",44160,"Bicyclist Ride Out - Residential Driveway",2007,"Yes","No","Daylight","Straight - Level","Local Street","Wet","Two-Way, Not Divided","None","No Special Feature","Grooved Concrete",0,0,0,0,0,0,0,"2 lanes",2,0,NA,0,NA
3027,7353,"Wilson","Wilson","Coastal","Residential","Mixed (30% To 70% Developed)",NA,"Urban","30 - 35  MPH","Stop Sign","Clear","No",10,"6-10","No",NA,"Facing Traffic","C: Possible Injury","Travel Lane","Black","Male",NA,NA,"Missing",NA,"0-5 mph","Unknown Injury","Unknown/Missing",NA,NA,"No","25OCT2007","Thursday","Motorist Failed to Yield - Sign-Controlled Intersection",18,"Intersection","October","C: Possible Injury",67680,"Motorist Drive Out - Sign-Controlled Intersection",2007,"Yes","Yes","Dark - Lighted Roadway","Straight - Level","Local Street","Dry","Two-Way, Not Divided","None","T-Intersection","Smooth Asphalt",0,0,0,0,0,0,0,"2 lanes",2,0,NA,0,NA
3028,7354,"Asheville","Buncombe","Mountains","Farms, Woods, Pastures","Rural (<30% Developed)",NA,"Urban","30 - 35  MPH","Stop Sign","Clear","No",17,"16-19","No",NA,"With Traffic","K: Killed","Travel Lane","White","Male",NA,NA,"Missing",NA,"31-35 mph","Unknown Injury","Unknown/Missing",NA,NA,"No","27OCT2007","Saturday","Bicyclist Failed to Yield - Sign-Controlled Intersection",1,"Intersection","October","K: Killed",4800,"Bicyclist Ride Through - Sign-Controlled Intersection",2007,"Yes","Yes","Dark - Roadway Not Lighted","Straight - Grade","State Secondary Route","Dry","Two-Way, Not Divided","None","T-Intersection","Smooth Asphalt",0,0,0,0,0,0,0,"2 lanes",2,0,NA,0,NA
3029,7366,"None - Rural Crash","Guilford","Piedmont","Residential","Urban (>70% Developed)",NA,"Rural","30 - 35  MPH","No Control Present","Cloudy","No",12,"11-15","No",NA,"Facing Traffic","C: Possible Injury","Travel Lane","White","Male",NA,"70+","No",NA,"0-5 mph","O: No Injury","White","Female","Passenger Car","No","20JUL2007","Friday","Crossing Paths - Other Circumstances",10,"Intersection","July","C: Possible Injury",38880,"Crossing Paths - Intersection - Other / Unknown",2007,"Yes","No","Daylight","Straight - Level","Public Vehicular Area","Dry","Two-Way, Not Divided","None","No Special Feature","Smooth Asphalt",0,0,0,0,0,0,0,"6 lanes",2,0,NA,0,NA
3030,7367,"Holly Springs","Wake","Piedmont","Residential","Mixed (30% To 70% Developed)",NA,"Urban","30 - 35  MPH","No Control Present","Clear","No",47,"40-49","No",NA,"With Traffic","O: No Injury","Travel Lane","Black","Female",NA,"70+","No",NA,"16-20 mph","O: No Injury","Black","Male","Truck/Trailer","No","02NOV2007","Friday","Motorist Overtaking Bicyclist",13,"Non-Intersection","November","O: No Injury",48360,"Motorist Overtaking - Misjudged Space",2007,"Yes","No","Daylight","Straight - Level","Local Street","Dry","Two-Way, Not Divided","None","No Special Feature","Smooth Asphalt",0,0,0,0,0,0,0,"4 lanes",2,0,NA,0,NA
3031,7368,"Washington","Beaufort","Coastal","Residential","Urban (>70% Developed)",NA,"Urban","30 - 35  MPH","No Control Present","Cloudy","No",43,"40-49","Yes",NA,"Facing Traffic","B: Evident Injury","Travel Lane","Black","Male",22,"20-24","No",NA,"11-15 mph","O: No Injury","White","Female","Passenger Car","Yes","02NOV2007","Friday","Bicyclist Right Turn / Merge",17,"Non-Intersection","November","B: Evident Injury",64380,"Bicyclist Right Turn - Opposite Direction",2007,"No","No","Daylight","Straight - Level","Local Street","Dry","Two-Way, Not Divided","None","No Special Feature","Coarse Asphalt",0,0,0,0,0,0,0,"2 lanes",2,0,NA,0,NA
3032,7370,"None - Rural Crash","Catawba","Piedmont","Residential","Mixed (30% To 70% Developed)",NA,"Rural","30 - 35  MPH","No Control Present","Clear","No",10,"6-10","No",NA,"Facing Traffic","B: Evident Injury","Travel Lane","White","Male",22,"20-24","No",NA,"26-30 mph","O: No Injury","White","Female","Passenger Car","No","04NOV2007","Sunday","Bicyclist Right Turn / Merge",18,"Non-Intersection","November","B: Evident Injury",64800,"Bicyclist Right Turn - Same Direction",2007,"Yes","No","Daylight","Straight - Level","State Secondary Route","Dry","Two-Way, Not Divided","None","No Special Feature","Smooth Asphalt",0,0,0,0,0,0,0,"2 lanes",2,0,NA,0,NA
3033,7373,"None - Rural Crash","Cabarrus","Piedmont","Residential","Mixed (30% To 70% Developed)",NA,"Rural","40 - 45  MPH","Double Yellow Line, No Passing Zone","Clear","No",58,"50-59","No",NA,"With Traffic","Unknown Injury","Travel Lane","Unknown/Missing",NA,NA,NA,"Missing",NA,"41-45 mph","Unknown Injury","Unknown/Missing",NA,NA,"No","06NOV2007","Tuesday","Motorist Overtaking Bicyclist",22,"Non-Intersection","November","Unknown Injury",79200,"Motorist Overtaking - Undetected Bicyclist",2007,"Yes","Yes","Dark - Roadway Not Lighted","Curve - Level","State Secondary Route","Dry","Two-Way, Not Divided","None","No Special Feature","Smooth Asphalt",0,0,0,0,0,0,0,"2 lanes",2,0,NA,0,NA
3034,7375,"Fayetteville","Cumberland","Coastal","Commercial","Mixed (30% To 70% Developed)",NA,"Urban","40 - 45  MPH","No Control Present","Clear","No",54,"50-59","No",NA,"Facing Traffic","C: Possible Injury","Sidewalk / Crosswalk / Driveway Crossing","Black","Male",65,"60-69","No",NA,"0-5 mph","O: No Injury","White","Female","Passenger Car","No","06NOV2007","Tuesday","Motorist Failed to Yield - Midblock",20,"Non-Intersection","November","C: Possible Injury",74160,"Motorist Drive Out - Commercial Driveway / Alley",2007,"Yes","No","Dark - Lighted Roadway","Straight - Level","Local Street","Dry","Two-Way, Divided, Unprotected Median","None","Driveway, Public","Coarse Asphalt",0,0,0,0,0,0,0,"5 lanes",2,0,NA,0,NA
3035,7383,"High Point","Guilford","Piedmont","Commercial","Urban (>70% Developed)",NA,"Urban","30 - 35  MPH","Stop And Go Signal","Clear","No",38,"30-39","No",NA,"Facing Traffic","C: Possible Injury","Sidewalk / Crosswalk / Driveway Crossing","Black","Male",65,"60-69","No",NA,"0-5 mph","O: No Injury","White","Female","Passenger Car","No","09NOV2007","Friday","Motorist Failed to Yield - Signalized Intersection",8,"Intersection","November","C: Possible Injury",30120,"Motorist Drive Out - Right Turn on Red",2007,"No","No","Daylight","Straight - Grade","Local Street","Dry","Two-Way, Not Divided","None","Four-Way Intersection","Smooth Asphalt",0,0,0,0,0,0,0,"2 lanes",2,0,NA,0,NA
3036,7387,"Raleigh","Wake","Piedmont","Residential","Urban (>70% Developed)",NA,"Urban","30 - 35  MPH","Stop Sign","Clear","No",53,"50-59","No",NA,"With Traffic","B: Evident Injury","Travel Lane","White","Male",37,"30-39","No",NA,"6-10 mph","O: No Injury","Hispanic","Female","Pickup","No","10NOV2007","Saturday","Motorist Failed to Yield - Sign-Controlled Intersection",18,"Intersection","November","B: Evident Injury",66300,"Motorist Drive Out - Sign-Controlled Intersection",2007,"Yes","No","Dusk","Straight - Bottom","Local Street","Dry","Two-Way, Divided, Unprotected Median","None","Four-Way Intersection","Coarse Asphalt",0,0,0,0,0,0,0,"2 lanes",2,0,NA,0,NA
3037,7403,"None - Rural Crash","New Hanover","Coastal","Commercial","Mixed (30% To 70% Developed)",NA,"Rural","50 - 55  MPH","No Control Present","Cloudy","No",44,"40-49","No",NA,"With Traffic","O: No Injury","Travel Lane","Unknown/Missing",NA,NA,NA,"Missing",NA,"51-55 mph","Unknown Injury","Unknown/Missing",NA,NA,"No","23NOV2007","Friday","Motorist Overtaking Bicyclist",6,"Non-Intersection","November","O: No Injury",21600,"Motorist Overtaking - Misjudged Space",2007,"No","Yes","Dark - Roadway Not Lighted","Straight - Level","US Route","Dry","Two-Way, Divided, Unprotected Median","None","No Special Feature","Coarse Asphalt",0,0,0,0,0,0,0,"4 lanes",2,0,NA,0,NA
3038,7408,"None - Rural Crash","Lenoir","Coastal","Commercial","Mixed (30% To 70% Developed)",NA,"Rural","50 - 55  MPH","Double Yellow Line, No Passing Zone","Clear","No",53,"50-59","No",NA,NA,"C: Possible Injury",NA,"Black","Male",NA,"70+","No",NA,"56-60 mph","O: No Injury","White","Male","Single Unit Truck (2-Axle, 6-Tire)","No","27NOV2007","Tuesday","Other / Unknown - Insufficient Details",6,"Unknown Location","November","C: Possible Injury",22620,"Unknown Location",2007,"Yes","No","Dawn","Straight - Bottom","US Route","Wet","Two-Way, Not Divided","None","Bridge","Coarse Asphalt",0,0,0,0,0,0,0,"2 lanes",2,0,NA,0,NA
3039,7409,"High Point","Guilford","Piedmont","Residential","Urban (>70% Developed)",NA,"Urban","20 - 25  MPH","No Control Present","Clear","No",13,"11-15","No",NA,"With Traffic","B: Evident Injury","Other","White","Male",17,"0-19","No",NA,"6-10 mph","O: No Injury","Asian","Male","Passenger Car","No","01DEC2007","Saturday","Backing Vehicle",13,"Non-Intersection","December","B: Evident Injury",48240,"Backing Vehicle",2007,"No","No","Daylight","Straight - Level","Local Street","Dry","Two-Way, Not Divided","None","No Special Feature","Coarse Asphalt",0,0,0,0,0,0,0,"1 lane",2,0,NA,0,NA
3040,7415,"Elizabeth City","Pasquotank","Coastal","Commercial","Urban (>70% Developed)",NA,"Urban","40 - 45  MPH","No Control Present","Clear","No",35,"30-39","No",NA,"With Traffic","B: Evident Injury","Travel Lane","White","Male",NA,"70+","No",NA,"31-35 mph","O: No Injury","White","Male","Light Truck (Mini-Van, Panel)","No","18NOV2007","Sunday","Motorist Overtaking Bicyclist",0,"Non-Intersection","November","B: Evident Injury",0,"Motorist Overtaking - Undetected Bicyclist",2007,"Yes","No","Dark - Roadway Not Lighted","Straight - Level","US Route","Dry","Two-Way, Divided, Unprotected Median","None","No Special Feature","Smooth Asphalt",0,0,0,0,0,0,0,"5 lanes",2,0,NA,0,NA
3041,7432,"Charlotte","Mecklenburg","Piedmont","Commercial","Urban (>70% Developed)",NA,"Urban","30 - 35  MPH","No Control Present","Clear","No",23,"20-24","No",NA,"With Traffic","C: Possible Injury","Bike Lane / Paved Shoulder","White","Male",58,"50-59","No",NA,"6-10 mph","O: No Injury","White","Male","Van","No","05SEP2007","Wednesday","Motorist Right Turn / Merge",11,"Non-Intersection","September","C: Possible Injury",41100,"Motorist Right Turn - Same Direction",2007,"No","No","Daylight","Straight - Level","Local Street","Dry","One-Way, Not Divided","None","No Special Feature","Smooth Asphalt",0,0,0,0,0,0,0,"2 lanes",3,0,NA,0,NA
3042,7436,"Shelby","Cleveland","Mountains","Commercial","Urban (>70% Developed)",NA,"Urban","40 - 45  MPH","Stop And Go Signal","Clear","No",46,"40-49","Yes",NA,"Facing Traffic","K: Killed","Travel Lane","White","Male",NA,"70+","No",NA,"31-35 mph","O: No Injury","White","Male","Passenger Car","Yes","10DEC2007","Monday","Bicyclist Failed to Yield - Signalized Intersection",20,"Intersection","December","K: Killed",74640,"Bicyclist Ride Through - Signalized Intersection",2007,"Yes","No","Dark - Roadway Not Lighted","Straight - Level","US Route","Dry","Two-Way, Divided, Unprotected Median","None","Four-Way Intersection","Smooth Asphalt",0,0,0,0,0,0,0,"4 lanes",2,0,NA,0,NA
3043,7441,"Rocky Mount","Nash","Coastal","Residential","Urban (>70% Developed)",NA,"Urban","30 - 35  MPH","Stop Sign","Rain","No",12,"11-15","No",NA,"Facing Traffic","C: Possible Injury","Sidewalk / Crosswalk / Driveway Crossing","Black","Male",52,"50-59","No",NA,"0-5 mph","O: No Injury","Black","Female","Passenger Car","No","13DEC2007","Thursday","Bicyclist Failed to Yield - Sign-Controlled Intersection",19,"Intersection","December","C: Possible Injury",70020,"Bicyclist Ride Out - Sign-Controlled Intersection",2007,"Yes","No","Dark - Lighted Roadway","Straight - Level","Local Street","Wet","One-Way, Not Divided","None","T-Intersection","Smooth Asphalt",0,0,0,0,0,0,0,"2 lanes",2,0,NA,0,NA
3044,7442,"Goldsboro","Wayne","Coastal","Commercial","Urban (>70% Developed)",NA,"Urban","30 - 35  MPH","No Control Present","Cloudy","No",41,"40-49","No",NA,"With Traffic","C: Possible Injury","Travel Lane","Black","Male",44,"40-49","No",NA,"31-35 mph","O: No Injury","Black","Male","Pickup","No","13DEC2007","Thursday","Bicyclist Left Turn / Merge",14,"Non-Intersection","December","C: Possible Injury",53220,"Bicyclist Left Turn - Same Direction",2007,"Yes","No","Daylight","Straight - Level","Local Street","Dry","Two-Way, Divided, Unprotected Median","None","No Special Feature","Smooth Asphalt",0,0,0,0,0,0,0,"5 lanes",2,0,NA,0,NA
3045,7445,"Greensboro","Guilford","Piedmont","Commercial","Urban (>70% Developed)",NA,"Urban","30 - 35  MPH","Stop And Go Signal","Clear","No",51,"50-59","No",NA,"With Traffic","B: Evident Injury","Travel Lane","White","Male",49,"40-49","No",NA,"11-15 mph","O: No Injury","Black","Male","Passenger Car","No","14DEC2007","Friday","Loss of Control / Turning Error",18,"Intersection-Related","December","B: Evident Injury",66240,"Motorist Turning Error - Right Turn",2007,"Yes","No","Dark - Lighted Roadway","Straight - Level","Local Street","Dry","Two-Way, Divided, Unprotected Median","None","No Special Feature","Smooth Asphalt",0,0,0,0,0,0,0,"3 lanes",2,0,NA,0,NA
3046,7446,"Fayetteville","Cumberland","Coastal","Commercial","Urban (>70% Developed)",NA,"Urban","5 - 15 MPH","Stop Sign","Clear","No",50,"50-59","No",NA,"Facing Traffic","C: Possible Injury",NA,"Black","Male",33,"30-39","No",NA,"0-5 mph","O: No Injury","Hispanic","Female","Sport Utility","No","17DEC2007","Monday","Motorist Failed to Yield - Sign-Controlled Intersection",17,"Intersection","December","C: Possible Injury",61860,"Motorist Drive Out - Sign-Controlled Intersection",2007,"Yes","No","Dark - Lighted Roadway","Straight - Level","Local Street","Dry","Two-Way, Not Divided","None","Traffic Circle/Roundabout","Coarse Asphalt",0,0,0,0,0,0,0,"2 lanes",2,0,NA,0,NA
3047,7452,"Smithfield","Johnston","Coastal","Commercial","Urban (>70% Developed)",NA,"Urban","5 - 15 MPH","No Control Present","Rain","No",18,"16-19","No",NA,NA,"C: Possible Injury","Non-Roadway","Black","Male",18,"0-19","No",NA,NA,"O: No Injury","White","Male","Pickup","No","23DEC2007","Sunday","Non-Roadway",16,"Non-Roadway","December","C: Possible Injury",60180,"Non-Roadway",2007,"Yes","No","Daylight","Straight - Level","Public Vehicular Area","Wet","Two-Way, Not Divided","Road Surface Condition","Driveway, Public","Smooth Asphalt",0,0,0,0,0,0,0,NA,2,0,NA,0,NA
3048,3006,"Durham","Durham","Piedmont","Commercial","Urban (>70% Developed)",NA,"Urban","5 - 15 MPH","No Control Present","Clear","No",33,"30-39","No",NA,"With Traffic","B: Evident Injury","Bike Lane / Paved Shoulder","White","Male",39,"30-39","No",NA,"11-15 mph","O: No Injury","Black","Male","Sport Utility","No","22MAY2011","Sunday","Motorist Failed to Yield - Midblock",12,"Non-Intersection","May","B: Evident Injury",43620,"Motorist Drive Out - Other Midblock",2011,"Yes","No","Daylight","Straight - Level","Public Vehicular Area","Dry","Two-Way, Not Divided","None","Driveway, Public","Smooth Asphalt",0,0,0,0,0,0,0,NA,2,0,NA,0,NA
3049,3011,"None - Rural Crash","Pitt","Coastal","Farms, Woods, Pastures","Rural (<30% Developed)",NA,"Rural","50 - 55  MPH","No Control Present","Clear","No",29,"25-29","No",NA,"With Traffic","C: Possible Injury","Bike Lane / Paved Shoulder","White","Male",NA,NA,"Missing",NA,"51-55 mph","Unknown Injury","Unknown/Missing",NA,"Sport Utility","No","22MAY2011","Sunday","Loss of Control / Turning Error",18,"Non-Intersection","May","C: Possible Injury",64980,"Motorist Lost Control - Other / Unknown",2011,"Yes","Yes","Daylight","Straight - Level","US Route","Dry","Two-Way, Divided, Unprotected Median","None","No Special Feature","Smooth Asphalt",0,0,0,0,0,0,0,"4 lanes",2,0,NA,0,NA
3050,3012,"Asheville","Buncombe","Mountains","Commercial","Urban (>70% Developed)",NA,"Urban","30 - 35  MPH","No Control Present","Clear","No",27,"25-29","No",NA,"With Traffic","B: Evident Injury","Travel Lane","White","Male",25,"25-29","No",NA,"0-5 mph","O: No Injury","White","Female","Passenger Car","No","12MAY2011","Thursday","Bicyclist Overtaking Motorist",13,"Non-Intersection","May","B: Evident Injury",48240,"Bicyclist Overtaking - Passing on Left",2011,"Yes","No","Daylight","Straight - Grade","Local Street","Dry","Two-Way, Not Divided","None","No Special Feature","Smooth Asphalt",0,0,0,0,0,0,0,NA,2,0,NA,0,NA
3051,3013,"None - Rural Crash","Durham","Piedmont","Commercial","Urban (>70% Developed)",NA,"Rural","40 - 45  MPH","No Control Present","Clear","No",43,"40-49","No",NA,"With Traffic","B: Evident Injury","Travel Lane","Hispanic","Male",17,"0-19","No",NA,"31-35 mph","O: No Injury","White","Male","Passenger Car","No","08MAY2011","Sunday","Motorist Overtaking Bicyclist",21,"Non-Intersection","May","B: Evident Injury",75600,"Motorist Overtaking - Other / Unknown",2011,"Yes","No","Dark - Lighted Roadway","Straight - Grade","NC Route","Dry","Two-Way, Not Divided","None","No Special Feature","Smooth Asphalt",0,0,0,0,0,0,0,"4 lanes",2,0,NA,0,NA
3052,3014,"Charlotte","Mecklenburg","Piedmont","Commercial","Urban (>70% Developed)",NA,"Urban","40 - 45  MPH","Stop Sign","Clear","No",32,"30-39","No",NA,"With Traffic","B: Evident Injury","Bike Lane / Paved Shoulder","White","Male",46,"40-49","No",NA,"6-10 mph","O: No Injury","Black","Male","Sport Utility","No","30APR2011","Saturday","Motorist Right Turn / Merge",8,"Non-Intersection","April","B: Evident Injury",31500,"Motorist Right Turn - Same Direction",2011,"Yes","No","Daylight","Straight - Grade","Local Street","Dry","Two-Way, Divided, Positive Median Barrier","None","Driveway, Public","Smooth Asphalt",0,0,0,0,0,0,0,"4 lanes",2,0,NA,0,NA
3053,3015,"None - Rural Crash","New Hanover","Coastal","Commercial","Urban (>70% Developed)",NA,"Rural",NA,"No Control Present","Clear","No",50,"50-59","No",NA,"Not Applicable","B: Evident Injury","Non-Roadway","White","Male",NA,NA,"Missing",NA,"0-5 mph","Unknown Injury","Unknown/Missing",NA,"Sport Utility","No","25MAY2011","Wednesday","Non-Roadway",15,"Non-Roadway","May","B: Evident Injury",54480,"Non-Roadway",2011,"Yes","No","Daylight","Straight - Level","Public Vehicular Area","Dry","Two-Way, Not Divided","None","Driveway, Public","Coarse Asphalt",0,0,0,0,0,0,0,"2 lanes",2,0,NA,0,NA
3054,3022,"None - Rural Crash","Madison","Mountains","Farms, Woods, Pastures","Rural (<30% Developed)",NA,"Rural","40 - 45  MPH","Double Yellow Line, No Passing Zone","Clear","No",15,"11-15","No",NA,"With Traffic","C: Possible Injury","Travel Lane","White","Male",29,"25-29","No",NA,"31-35 mph","O: No Injury","White","Male","Sport Utility","Yes","25MAY2011","Wednesday","Motorist Overtaking Bicyclist",21,"Non-Intersection","May","K: Killed",77460,"Motorist Overtaking - Undetected Bicyclist",2011,"Yes","No","Dark - Roadway Not Lighted","Straight - Grade","US Route","Dry","Two-Way, Not Divided","None","No Special Feature","Smooth Asphalt",0,0,0,0,0,0,0,"2 lanes",3,0,NA,0,NA