"...1","object_id","city","county","region","development","locality","on_road","rural_urban","speed_limit","traffic_control","weather","workzone","bike_age","bike_age_group","bike_alcohol","bike_alcohol_drugs","bike_direction","bike_injury","bike_position","bike_race","bike_sex","driver_age","driver_age_group","driver_alcohol","driver_alcohol_drugs","driver_est_speed","driver_injury","driver_race","driver_sex","driver_vehicle_type","crash_alcohol","crash_date","crash_day","crash_group","crash_hour","crash_location","crash_month","crash_severity","crash_time","crash_type","crash_year","ambulance_req","hit_run","light_condition","road_character","road_class","road_condition","road_configuration","road_defects","road_feature","road_surface","num_bikes_ai","num_bikes_bi","num_bikes_ci","num_bikes_ki","num_bikes_no","num_bikes_to","num_bikes_ui","num_lanes","num_units","distance_mi_from","frm_road","rte_invd_cd","towrd_road"
3055,3025,"Charlotte","Mecklenburg","Piedmont","Residential","Urban (>70% Developed)",NA,"Urban","30 - 35  MPH","Stop Sign","Clear","No",32,"30-39","No",NA,"With Traffic","B: Evident Injury","Travel Lane","White","Female",42,"40-49","No",NA,"0-5 mph","O: No Injury","White","Female","Sport Utility","No","09MAY2011","Monday","Motorist Failed to Yield - Sign-Controlled Intersection",15,"Intersection","May","B: Evident Injury",54720,"Motorist Drive Out - Sign-Controlled Intersection",2011,"No","No","Daylight","Straight - Level","Local Street","Dry","Two-Way, Divided, Unprotected Median","None","No Special Feature","Smooth Asphalt",0,0,0,0,0,0,0,"2 lanes",2,0,NA,0,NA
3056,3027,"Greensboro","Guilford","Piedmont","Residential","Urban (>70% Developed)",NA,"Urban","30 - 35  MPH","Stop Sign","Cloudy","No",53,"50-59","No",NA,"Facing Traffic","C: Possible Injury","Travel Lane","White","Female",27,"25-29","No",NA,"0-5 mph","O: No Injury","Black","Female","Passenger Car","No","17MAY2011","Tuesday","Motorist Failed to Yield - Sign-Controlled Intersection",13,"Intersection","May","C: Possible Injury",50100,"Motorist Drive Out - Sign-Controlled Intersection",2011,"No","No","Daylight","Straight - Level","Local Street","Dry","Two-Way, Not Divided","None","Four-Way Intersection","Smooth Asphalt",0,0,0,0,0,0,0,"2 lanes",2,0,NA,0,NA
3057,3032,"None - Rural Crash","Rowan","Piedmont","Farms, Woods, Pastures","Rural (<30% Developed)",NA,"Rural","50 - 55  MPH","Double Yellow Line, No Passing Zone","Clear","No",26,"25-29","No",NA,"With Traffic","B: Evident Injury","Travel Lane","White","Male",60,"60-69","No",NA,"51-55 mph","O: No Injury","White","Male","Van","No","01JUN2011","Wednesday","Bicyclist Left Turn / Merge",21,"Non-Intersection","June","B: Evident Injury",77160,"Bicyclist Left Turn - Same Direction",2011,"Yes","No","Dark - Roadway Not Lighted","Straight - Level","State Secondary Route","Dry","Two-Way, Not Divided","None","No Special Feature","Smooth Asphalt",0,0,0,0,0,0,0,"2 lanes",2,0,NA,0,NA
3058,3038,"Wesley Chapel","Union","Piedmont","Farms, Woods, Pastures","Rural (<30% Developed)",NA,"Rural","40 - 45  MPH","Double Yellow Line, No Passing Zone","Clear","No",44,"40-49","No",NA,"With Traffic","C: Possible Injury","Travel Lane","White","Male",53,"50-59","No",NA,"31-35 mph","O: No Injury","White","Male","Light Truck (Mini-Van, Panel)","No","04JUN2011","Saturday","Motorist Overtaking Bicyclist",17,"Non-Intersection","June","C: Possible Injury",63240,"Motorist Overtaking - Other / Unknown",2011,"Yes","No","Daylight","Straight - Level","State Secondary Route","Dry","Two-Way, Not Divided","None","No Special Feature","Coarse Asphalt",0,0,0,0,0,0,0,"2 lanes",2,0,NA,0,NA
3059,3039,"Lumberton","Robeson","Coastal","Residential","Urban (>70% Developed)",NA,"Urban","5 - 15 MPH","Stop Sign","Clear","No",20,"20-24","No",NA,NA,"B: Evident Injury",NA,"White","Male",NA,NA,"Missing",NA,"11-15 mph","Unknown Injury","Unknown/Missing",NA,NA,"No","11MAY2011","Wednesday","Bicyclist Failed to Yield - Sign-Controlled Intersection",13,"Intersection","May","B: Evident Injury",49860,"Bicyclist Ride Through - Sign-Controlled Intersection",2011,"Yes","Yes","Daylight","Straight - Level","Local Street","Dry","Two-Way, Not Divided","None","Driveway, Public","Coarse Asphalt",0,0,0,0,0,0,0,"2 lanes",2,0,NA,0,NA
3060,3041,"Apex","Wake","Piedmont","Commercial","Urban (>70% Developed)",NA,"Urban","20 - 25  MPH","Double Yellow Line, No Passing Zone","Clear","No",9,"6-10","No",NA,"Facing Traffic","B: Evident Injury","Sidewalk / Crosswalk / Driveway Crossing","White","Male",34,"30-39","No",NA,"0-5 mph","O: No Injury","White","Male","Passenger Car","No","02JUN2011","Thursday","Parallel Paths - Other Circumstances",18,"Non-Intersection","June","B: Evident Injury",65340,"Bicyclist Ride Out - Parallel Path",2011,"Yes","No","Daylight","Straight - Level","Local Street","Dry","Two-Way, Not Divided","None","No Special Feature","Coarse Asphalt",0,0,0,0,0,0,0,"2 lanes",2,0,NA,0,NA
3061,3046,"Davidson","Mecklenburg","Piedmont","Residential","Urban (>70% Developed)",NA,"Urban","20 - 25  MPH","Stop Sign","Cloudy","No",60,"60-69","No",NA,"With Traffic","B: Evident Injury","Travel Lane","White","Male",47,"40-49","No",NA,"6-10 mph","O: No Injury","White","Male","Pickup","No","14MAY2011","Saturday","Bicyclist Failed to Yield - Sign-Controlled Intersection",9,"Intersection","May","B: Evident Injury",33540,"Bicyclist Ride Through - Sign-Controlled Intersection",2011,"Yes","No","Daylight","Straight - Grade","Local Street","Dry","Two-Way, Not Divided","None","No Special Feature","Coarse Asphalt",0,0,0,0,0,0,0,"2 lanes",2,0,NA,0,NA
3062,3054,"Raleigh","Wake","Piedmont","Residential","Urban (>70% Developed)",NA,"Urban","30 - 35  MPH","Stop Sign","Clear","No",9,"6-10","No",NA,"Facing Traffic","A: Disabling Injury","Travel Lane","White","Female",41,"40-49","No",NA,"31-35 mph","O: No Injury","White","Male","Sport Utility","No","22MAY2011","Sunday","Bicyclist Failed to Yield - Sign-Controlled Intersection",16,"Intersection","May","A: Disabling Injury",59220,"Bicyclist Ride Through - Sign-Controlled Intersection",2011,"Yes","No","Daylight","Straight - Hillcrest","Local Street","Dry","Two-Way, Not Divided","None","T-Intersection","Smooth Asphalt",0,0,0,0,0,0,0,"2 lanes",2,0,NA,0,NA
3063,3070,"Fayetteville","Cumberland","Coastal","Commercial","Mixed (30% To 70% Developed)",NA,"Urban","40 - 45  MPH","Stop And Go Signal","Clear","No",17,"16-19","No",NA,"Facing Traffic","B: Evident Injury","Travel Lane","Black","Male",NA,NA,"Missing",NA,"16-20 mph","Unknown Injury","Unknown/Missing",NA,NA,"No","24MAY2011","Tuesday","Motorist Right Turn / Merge",0,"Intersection","May","B: Evident Injury",60,"Motorist Right Turn - Opposite Direction",2011,"Yes","Yes","Dark - Lighted Roadway","Straight - Level","Local Street","Dry","One-Way, Not Divided","None","No Special Feature","Coarse Asphalt",0,0,0,0,0,0,0,"2 lanes",2,0,NA,0,NA
3064,3086,"None - Rural Crash","Wake","Piedmont","Residential","Rural (<30% Developed)",NA,"Rural","40 - 45  MPH","Double Yellow Line, No Passing Zone","Clear","No",28,"25-29","No",NA,"With Traffic","B: Evident Injury","Travel Lane","White","Male",NA,NA,"No",NA,"31-35 mph","Unknown Injury","Unknown/Missing",NA,"Passenger Car","No","18JUN2011","Saturday","Motorist Overtaking Bicyclist",6,"Non-Intersection","June","B: Evident Injury",22140,"Motorist Overtaking - Misjudged Space",2011,"Yes","Yes","Daylight","Straight - Level","State Secondary Route","Dry","Two-Way, Not Divided","None","No Special Feature","Coarse Asphalt",0,0,0,0,0,0,0,"2 lanes",2,0,NA,0,NA
3065,3090,"Wilmington","New Hanover","Coastal","Residential","Urban (>70% Developed)",NA,"Urban","20 - 25  MPH","Stop Sign","Clear","No",43,"40-49","No",NA,"With Traffic","C: Possible Injury","Travel Lane","White","Male",NA,NA,"Missing",NA,"21-25 mph","Unknown Injury","Unknown/Missing",NA,NA,"No","30MAY2011","Monday","Motorist Failed to Yield - Sign-Controlled Intersection",15,"Intersection","May","C: Possible Injury",55140,"Motorist Drive Through - Sign-Controlled Intersection",2011,"No","Yes","Daylight","Straight - Level","Local Street","Dry","Two-Way, Not Divided","None","Four-Way Intersection","Coarse Asphalt",0,0,0,0,0,0,0,"2 lanes",2,0,NA,0,NA
3066,3091,"Smithfield","Johnston","Coastal","Residential","Urban (>70% Developed)",NA,"Urban","20 - 25  MPH","Stop Sign","Clear","No",43,"40-49","No",NA,"With Traffic","C: Possible Injury","Travel Lane","White","Male",62,"60-69","No",NA,"0-5 mph","O: No Injury","White","Female","Passenger Car","No","31MAY2011","Tuesday","Motorist Failed to Yield - Sign-Controlled Intersection",16,"Intersection","May","C: Possible Injury",58320,"Motorist Drive Out - Sign-Controlled Intersection",2011,"No","No","Daylight","Straight - Level","Local Street","Dry","Two-Way, Not Divided","None","Four-Way Intersection","Coarse Asphalt",0,0,0,0,0,0,0,"2 lanes",2,0,NA,0,NA
3067,3099,"Durham","Durham","Piedmont","Institutional","Urban (>70% Developed)",NA,"Urban","5 - 15 MPH","No Control Present","Clear","No",21,"20-24","No",NA,"With Traffic","C: Possible Injury","Travel Lane","White","Female",63,"60-69","No",NA,"0-5 mph","O: No Injury","White","Female","Van","No","02JUN2011","Thursday","Motorist Left Turn / Merge",9,"Intersection-Related","June","C: Possible Injury",34200,"Motorist Left Turn - Same Direction",2011,"Yes","No","Daylight","Straight - Grade","Public Vehicular Area","Dry","Two-Way, Divided, Unprotected Median","None","No Special Feature","Smooth Asphalt",0,0,0,0,0,0,0,"2 lanes",2,0,NA,0,NA
3068,3104,"None - Rural Crash","Iredell","Piedmont","Residential","Mixed (30% To 70% Developed)",NA,"Rural","30 - 35  MPH","No Control Present","Clear","No",10,"6-10","No",NA,"With Traffic","B: Evident Injury","Travel Lane","Black","Male",23,"20-24","No",NA,"6-10 mph","O: No Injury","Black","Male","Passenger Car","No","05JUN2011","Sunday","Motorist Overtaking Bicyclist",11,"Non-Intersection","June","B: Evident Injury",40860,"Motorist Overtaking - Bicyclist Swerved",2011,"No","No","Daylight","Straight - Grade","State Secondary Route","Dry","Two-Way, Not Divided","None","No Special Feature","Coarse Asphalt",0,0,0,0,0,0,0,"2 lanes",2,0,NA,0,NA
3069,3105,"Garner","Wake","Piedmont","Commercial","Urban (>70% Developed)",NA,"Urban","30 - 35  MPH","Stop Sign","Clear","No",23,"20-24","No",NA,"Facing Traffic","B: Evident Injury","Travel Lane","Hispanic","Male",37,"30-39","No",NA,"0-5 mph","O: No Injury","White","Male","Pickup","No","20JUN2011","Monday","Motorist Failed to Yield - Sign-Controlled Intersection",13,"Intersection","June","B: Evident Injury",46920,"Motorist Drive Out - Sign-Controlled Intersection",2011,"Yes","No","Daylight","Straight - Level","Local Street","Dry","Two-Way, Not Divided","None","T-Intersection","Smooth Asphalt",0,0,0,0,0,0,0,"2 lanes",2,0,NA,0,NA
3070,3112,"None - Rural Crash","Buncombe","Mountains","Commercial","Mixed (30% To 70% Developed)",NA,"Rural","30 - 35  MPH","Double Yellow Line, No Passing Zone","Cloudy","No",18,"16-19","No",NA,"Not Applicable","B: Evident Injury","Travel Lane","White","Male",NA,"70+","No",NA,"16-20 mph","C: Possible Injury","White","Male","Passenger Car","No","21JUN2011","Tuesday","Crossing Paths - Other Circumstances",13,"Intersection","June","B: Evident Injury",50280,"Crossing Paths - Uncontrolled Intersection",2011,"Yes","No","Daylight","Straight - Grade","State Secondary Route","Dry","Two-Way, Not Divided","None","Driveway, Public","Smooth Asphalt",0,0,0,0,0,0,0,"2 lanes",2,0,NA,0,NA
3071,3115,"Charlotte","Mecklenburg","Piedmont","Commercial","Urban (>70% Developed)",NA,"Urban","20 - 25  MPH","Stop Sign","Clear","No",26,"25-29","No",NA,"Facing Traffic","C: Possible Injury","Sidewalk / Crosswalk / Driveway Crossing","White","Female",49,"40-49","No",NA,NA,"O: No Injury","White","Female","Passenger Car","No","08JUN2011","Wednesday","Motorist Failed to Yield - Sign-Controlled Intersection",11,"Intersection","June","C: Possible Injury",43140,"Motorist Drive Out - Sign-Controlled Intersection",2011,"Yes","No","Daylight","Straight - Level","Local Street","Dry","Two-Way, Not Divided","None","T-Intersection","Smooth Asphalt",0,0,0,0,0,0,0,"2 lanes",2,0,NA,0,NA
3072,3118,"Asheville","Buncombe","Mountains","Commercial","Urban (>70% Developed)",NA,"Urban","50 - 55  MPH","Other","Clear","No",18,"16-19","No",NA,"With Traffic","A: Disabling Injury","Travel Lane","White","Male",47,"40-49","Yes",NA,NA,"O: No Injury","White","Male","Passenger Car","Yes","28MAY2011","Saturday","Motorist Overtaking Bicyclist",23,"Non-Intersection","May","A: Disabling Injury",84420,"Motorist Overtaking - Undetected Bicyclist",2011,"Yes","No","Dark - Lighted Roadway","Straight - Level","Interstate","Dry","Two-Way, Divided, Unprotected Median","None","End Or Beginning-Divided Highway","Concrete",0,0,0,0,0,0,0,"4 lanes",2,0,NA,0,NA
3073,3119,"Washington","Beaufort","Coastal","Residential","Urban (>70% Developed)",NA,"Urban","30 - 35  MPH","Stop Sign","Clear","No",12,"11-15","No",NA,"With Traffic","B: Evident Injury","Travel Lane","Black","Male",19,"0-19","No",NA,"31-35 mph","O: No Injury","Black","Male","Passenger Car","No","07JUN2011","Tuesday","Loss of Control / Turning Error",21,"Intersection","June","B: Evident Injury",76800,"Bicyclist Lost Control - Mechanical Problems",2011,"Yes","No","Dark - Lighted Roadway","Straight - Level","Local Street","Dry","Two-Way, Not Divided","None","Four-Way Intersection","Coarse Asphalt",0,0,0,0,0,0,0,"2 lanes",2,0,NA,0,NA
3074,3122,"Wilmington","New Hanover","Coastal","Commercial","Urban (>70% Developed)",NA,"Urban","30 - 35  MPH","Stop And Go Signal","Clear","No",50,"50-59","No",NA,"Facing Traffic","B: Evident Injury","Sidewalk / Crosswalk / Driveway Crossing","White","Male",49,"40-49","No",NA,"31-35 mph","O: No Injury","White","Male","Pickup","No","06JUN2011","Monday","Bicyclist Right Turn / Merge",19,"Non-Intersection","June","B: Evident Injury",70020,"Bicyclist Right Turn - Same Direction",2011,"Yes","No","Daylight","Straight - Level","Local Street","Dry","Two-Way, Not Divided","None","No Special Feature","Coarse Asphalt",0,0,0,0,0,0,0,"5 lanes",2,0,NA,0,NA
3075,3124,"Mooresville","Iredell","Piedmont","Residential","Urban (>70% Developed)",NA,"Urban","20 - 25  MPH","No Control Present","Clear","No",14,"11-15","No",NA,"With Traffic","O: No Injury","Travel Lane","White","Male",40,"40-49","No",NA,"21-25 mph","O: No Injury","White","Female","Sport Utility","No","09JUN2011","Thursday","Motorist Overtaking Bicyclist",16,"Non-Intersection","June","O: No Injury",58980,"Motorist Overtaking - Misjudged Space",2011,"No","No","Daylight","Straight - Hillcrest","Local Street","Dry","Two-Way, Not Divided","None","No Special Feature","Coarse Asphalt",0,0,0,0,0,0,0,"2 lanes",2,0,NA,0,NA
3076,3125,"None - Rural Crash","Wilkes","Mountains","Farms, Woods, Pastures","Rural (<30% Developed)",NA,"Rural","50 - 55  MPH","No Control Present","Clear","No",60,"60-69","No",NA,"With Traffic","B: Evident Injury","Bike Lane / Paved Shoulder","White","Male",61,"60-69","No",NA,"46-50 mph","O: No Injury","White","Male","Van","No","29JUN2011","Wednesday","Loss of Control / Turning Error",9,"Non-Intersection","June","B: Evident Injury",34200,"Motorist Lost Control - Other / Unknown",2011,"Yes","No","Daylight","Straight - Grade","US Route","Dry","Two-Way, Divided, Unprotected Median","None","No Special Feature","Smooth Asphalt",0,0,0,0,0,0,0,"4 lanes",2,0,NA,0,NA
3077,3134,"Siler City","Chatham","Piedmont","Residential","Urban (>70% Developed)",NA,"Urban","40 - 45  MPH","No Control Present","Clear","No",52,"50-59","No",NA,"With Traffic","C: Possible Injury","Travel Lane","White","Male",NA,NA,"Missing",NA,"41-45 mph","Unknown Injury","Unknown/Missing",NA,"Unknown Heavy Truck","No","09JUN2011","Thursday","Motorist Overtaking Bicyclist",1,"Non-Intersection","June","C: Possible Injury",6900,"Motorist Overtaking - Undetected Bicyclist",2011,"No","Yes","Dark - Lighted Roadway","Straight - Level","Local Street","Dry","Two-Way, Divided, Unprotected Median","None","No Special Feature","Smooth Asphalt",0,0,0,0,0,0,0,"5 lanes",2,0,NA,0,NA
3078,3135,"Charlotte","Mecklenburg","Piedmont","Commercial","Urban (>70% Developed)",NA,"Urban","30 - 35  MPH","No Control Present","Clear","No",20,"20-24","No",NA,"With Traffic","C: Possible Injury","Sidewalk / Crosswalk / Driveway Crossing","Black","Male",33,"30-39","No",NA,NA,"O: No Injury","White","Male","Pickup","No","07JUN2011","Tuesday","Motorist Failed to Yield - Midblock",15,"Non-Intersection","June","C: Possible Injury",57000,"Motorist Drive Out - Residential Driveway",2011,"Yes","No","Dawn","Curve - Hillcrest","Local Street","Dry","Two-Way, Not Divided","None","Driveway, Private","Smooth Asphalt",0,0,0,0,0,0,0,"4 lanes",2,0,NA,0,NA
3079,3136,"Wilmington","New Hanover","Coastal","Commercial","Urban (>70% Developed)",NA,"Urban","20 - 25  MPH","Stop Sign","Clear","No",32,"30-39","No",NA,"Facing Traffic","C: Possible Injury","Travel Lane","White","Female",47,"40-49","No",NA,"0-5 mph","O: No Injury","White","Female","Sport Utility","No","15JUN2011","Wednesday","Motorist Failed to Yield - Sign-Controlled Intersection",17,"Intersection","June","C: Possible Injury",61200,"Motorist Drive Out - Sign-Controlled Intersection",2011,"No","No","Daylight","Straight - Grade","Local Street","Dry","Two-Way, Not Divided","None","T-Intersection","Coarse Asphalt",0,0,0,0,0,0,0,"2 lanes",2,0,NA,0,NA
3080,3137,"Wilmington","New Hanover","Coastal","Commercial","Urban (>70% Developed)",NA,"Urban","40 - 45  MPH","Flashing Stop And Go Signal","Clear","No",NA,"70+","No",NA,"With Traffic","C: Possible Injury","Sidewalk / Crosswalk / Driveway Crossing","White","Male",22,"20-24","No",NA,"0-5 mph","O: No Injury","White","Female","Passenger Car","No","15JUN2011","Wednesday","Motorist Failed to Yield - Signalized Intersection",11,"Intersection","June","C: Possible Injury",40020,"Motorist Drive Out - Right Turn on Red",2011,"No","No","Daylight","Straight - Level","Local Street","Dry","Two-Way, Not Divided","None","No Special Feature","Coarse Asphalt",0,0,0,0,0,0,0,"5 lanes",2,0,NA,0,NA
3081,3146,"High Point","Guilford","Piedmont","Residential","Urban (>70% Developed)",NA,"Urban",NA,"No Control Present","Clear","No",6,"6-10","No",NA,"Not Applicable","A: Disabling Injury","Non-Roadway","Black","Male",42,"40-49","No",NA,"11-15 mph","O: No Injury","White","Female","Passenger Car","No","13JUN2011","Monday","Non-Roadway",19,"Non-Roadway","June","A: Disabling Injury",70260,"Non-Roadway",2011,"Yes","No","Daylight","Straight - Level","Public Vehicular Area","Dry","Two-Way, Not Divided","None","Driveway, Public","Smooth Asphalt",0,0,0,0,0,0,0,NA,2,0,NA,0,NA
3082,3147,"Charlotte","Mecklenburg","Piedmont","Commercial","Urban (>70% Developed)",NA,"Urban","20 - 25  MPH","No Control Present","Clear","No",11,"11-15","No",NA,"With Traffic","C: Possible Injury","Sidewalk / Crosswalk / Driveway Crossing","Black","Male",54,"50-59","No",NA,"0-5 mph","O: No Injury","White","Male","Pickup","No","13JUN2011","Monday","Motorist Failed to Yield - Midblock",13,"Non-Intersection","June","C: Possible Injury",46980,"Motorist Drive Out - Commercial Driveway / Alley",2011,"Yes","No","Daylight","Straight - Grade","Local Street","Dry","Two-Way, Divided, Unprotected Median","None","Other","Smooth Asphalt",0,0,0,0,0,0,0,"2 lanes",2,0,NA,0,NA
3083,3152,"Mooresville","Iredell","Piedmont","Residential","Mixed (30% To 70% Developed)",NA,"Urban","5 - 15 MPH","No Control Present","Clear","No",9,"6-10","No",NA,"Not Applicable","C: Possible Injury","Non-Roadway","Black","Female",63,"60-69","No",NA,"0-5 mph","O: No Injury","Black","Female","Van","No","15JUN2011","Wednesday","Non-Roadway",18,"Non-Roadway","June","C: Possible Injury",66000,"Non-Roadway",2011,"Yes","No","Daylight","Straight - Grade","Public Vehicular Area","Dry","Two-Way, Not Divided","None","Driveway, Public","Coarse Asphalt",0,0,0,0,0,0,0,"2 lanes",2,0,NA,0,NA
3084,3153,"Monroe","Union","Piedmont","Commercial","Urban (>70% Developed)",NA,"Urban","40 - 45  MPH","No Control Present","Clear","No",16,"16-19","No",NA,"Not Applicable","K: Killed","Travel Lane","White","Male",18,"0-19","No",NA,"36-40 mph","O: No Injury","White","Female","Passenger Car","No","15JUN2011","Wednesday","Bicyclist Failed to Yield - Midblock",12,"Non-Intersection","June","K: Killed",46740,"Multiple Threat - Midblock",2011,"Yes","No","Daylight","Straight - Level","US Route","Dry","Two-Way, Divided, Unprotected Median","None","Non-Intersection Median Crossing","Smooth Asphalt",0,0,0,0,0,0,0,"6 lanes",2,0,NA,0,NA
3085,3159,"Charlotte","Mecklenburg","Piedmont","Commercial","Mixed (30% To 70% Developed)",NA,"Urban","40 - 45  MPH","Stop And Go Signal","Clear","No",46,"40-49","No",NA,"With Traffic","B: Evident Injury","Bike Lane / Paved Shoulder","White","Male",47,"40-49","No",NA,"0-5 mph","O: No Injury","White","Female","Passenger Car","No","17JUN2011","Friday","Motorist Right Turn / Merge",11,"Non-Intersection","June","B: Evident Injury",42000,"Motorist Right Turn - Same Direction",2011,"No","No","Daylight","Straight - Level","Local Street","Dry","Two-Way, Divided, Positive Median Barrier","None","No Special Feature","Coarse Asphalt",0,0,0,0,0,0,0,"4 lanes",2,0,NA,0,NA
3086,3161,"Whiteville","Columbus","Coastal","Residential","Urban (>70% Developed)",NA,"Urban","30 - 35  MPH","No Control Present","Clear","No",16,"16-19","No",NA,"With Traffic","C: Possible Injury","Travel Lane","Black","Male",26,"25-29","No",NA,"11-15 mph","O: No Injury","Black","Female","Passenger Car","No","20JUN2011","Monday","Motorist Overtaking Bicyclist",17,"Non-Intersection","June","C: Possible Injury",61260,"Motorist Overtaking - Bicyclist Swerved",2011,"No","No","Daylight","Straight - Level","Local Street","Dry","Two-Way, Not Divided","None","No Special Feature","Smooth Asphalt",0,0,0,0,0,0,0,"2 lanes",2,0,NA,0,NA
3087,3166,"Wrightsville Beach","New Hanover","Coastal","Residential","Urban (>70% Developed)",NA,"Rural","20 - 25  MPH","Stop Sign","Clear","No",28,"25-29","No",NA,"With Traffic","C: Possible Injury","Travel Lane","White","Male",63,"60-69","No",NA,"21-25 mph","O: No Injury","White","Female","Passenger Car","No","25JUN2011","Saturday","Bicyclist Overtaking Motorist",8,"Non-Intersection","June","C: Possible Injury",31080,"Bicyclist Overtaking - Passing on Right",2011,"Yes","No","Daylight","Straight - Level","Public Vehicular Area","Dry","Two-Way, Not Divided","None","Driveway, Public","Concrete",0,0,0,0,0,0,0,NA,2,0,NA,0,NA
3088,3176,"Raleigh","Wake","Piedmont","Commercial","Urban (>70% Developed)",NA,"Urban","5 - 15 MPH","No Control Present","Clear","No",17,"16-19","No",NA,"Facing Traffic","C: Possible Injury","Travel Lane","White","Male",38,"30-39","No",NA,"0-5 mph","O: No Injury","Black","Female","Van","No","11JUL2011","Monday","Loss of Control / Turning Error",15,"Non-Intersection","July","C: Possible Injury",57540,"Bicyclist Lost Control - Other / Unknown",2011,"Yes","No","Daylight","Straight - Level","Public Vehicular Area","Dry","Two-Way, Divided, Unprotected Median","None","Driveway, Public","Coarse Asphalt",0,0,0,0,0,0,0,NA,2,0,NA,0,NA
3089,3178,"Wilmington","New Hanover","Coastal","Residential","Urban (>70% Developed)",NA,"Urban",NA,"No Control Present","Clear","No",28,"25-29","No",NA,"With Traffic","B: Evident Injury","Travel Lane","White","Male",NA,NA,"Missing",NA,NA,"Unknown Injury","Unknown/Missing",NA,NA,"No","23JUN2011","Thursday","Motorist Overtaking Bicyclist",2,"Non-Intersection","June","B: Evident Injury",10260,"Motorist Overtaking - Other / Unknown",2011,"No","Yes","Dark - Lighted Roadway","Straight - Level","Local Street","Dry","Two-Way, Not Divided","None","No Special Feature","Smooth Asphalt",0,0,0,0,0,0,0,"2 lanes",2,0,NA,0,NA
3090,3186,"Princeville","Edgecombe","Coastal","Residential","Urban (>70% Developed)",NA,"Rural","30 - 35  MPH","Double Yellow Line, No Passing Zone","Clear","No",33,"30-39","No",NA,"With Traffic","C: Possible Injury","Bike Lane / Paved Shoulder","Black","Male",NA,"70+","No",NA,"31-35 mph","O: No Injury","Black","Male","Sport Utility","No","16JUL2011","Saturday","Bicyclist Left Turn / Merge",14,"Non-Intersection","July","C: Possible Injury",50940,"Bicyclist Left Turn - Same Direction",2011,"Yes","No","Daylight","Straight - Level","NC Route","Dry","Two-Way, Not Divided","None","No Special Feature","Coarse Asphalt",0,0,0,0,0,0,0,"2 lanes",2,0,NA,0,NA
3091,3187,"Goldsboro","Wayne","Coastal","Residential","Urban (>70% Developed)",NA,"Urban","20 - 25  MPH","Stop Sign","Clear","No",17,"16-19","No",NA,"With Traffic","B: Evident Injury","Travel Lane","Black","Male",63,"60-69","No",NA,"26-30 mph","O: No Injury","Black","Female","Sport Utility","No","26JUN2011","Sunday","Bicyclist Failed to Yield - Sign-Controlled Intersection",19,"Intersection","June","B: Evident Injury",70020,"Bicyclist Ride Out - Sign-Controlled Intersection",2011,"Yes","No","Daylight","Straight - Level","Local Street","Dry","Two-Way, Not Divided","None","Four-Way Intersection","Coarse Asphalt",0,0,0,0,0,0,0,"2 lanes",2,0,NA,0,NA
3092,3196,"Wilson","Wilson","Coastal","Residential","Mixed (30% To 70% Developed)",NA,"Urban","30 - 35  MPH","Stop And Go Signal","Cloudy","No",50,"50-59","No",NA,NA,"C: Possible Injury","Travel Lane","Black","Male",NA,NA,"Missing",NA,"31-35 mph","Unknown Injury","Unknown/Missing",NA,NA,"No","15MAY2011","Sunday","Other / Unknown - Insufficient Details",0,"Intersection-Related","May","C: Possible Injury",0,"Unknown Approach Paths",2011,"Yes","Yes","Dark - Lighted Roadway","Straight - Level","Local Street",NA,"Two-Way, Not Divided","None","Y-Intersection","Coarse Asphalt",0,0,0,0,0,0,0,"2 lanes",2,0,NA,0,NA
3093,3204,"Rutherfordton","Rutherford","Mountains","Commercial","Urban (>70% Developed)",NA,"Rural","30 - 35  MPH","No Control Present","Clear","No",20,"20-24","No",NA,"Not Applicable","C: Possible Injury","Non-Roadway","Black","Male",26,"25-29","No",NA,"21-25 mph","O: No Injury","Black","Male","Passenger Car","No","04JUL2011","Monday","Non-Roadway",18,"Non-Roadway","July","C: Possible Injury",66600,"Non-Roadway",2011,"No","No","Daylight","Curve - Level","Public Vehicular Area","Dry","Two-Way, Not Divided","None","No Special Feature","Smooth Asphalt",0,0,0,0,0,0,0,"2 lanes",2,0,NA,0,NA
3094,3220,"Boone","Watauga","Mountains","Commercial","Urban (>70% Developed)",NA,"Rural",NA,"Double Yellow Line, No Passing Zone","Clear","No",37,"30-39","No",NA,"With Traffic","C: Possible Injury","Travel Lane","White","Male",NA,NA,"Missing",NA,NA,"Unknown Injury","Unknown/Missing",NA,NA,"No","12JUL2011","Tuesday","Other / Unusual Circumstances",23,"Non-Intersection","July","Unknown Injury",85620,"Bicycle Only",2011,"Yes","No","Dark - Lighted Roadway","Straight - Grade","US Route","Dry","Two-Way, Not Divided","None","No Special Feature","Smooth Asphalt",0,0,0,0,0,0,0,"3 lanes",1,0,NA,0,NA
3095,3228,"Raleigh","Wake","Piedmont","Residential","Mixed (30% To 70% Developed)",NA,"Urban","30 - 35  MPH","Stop Sign","Clear","No",20,"20-24","No",NA,"With Traffic","B: Evident Injury","Travel Lane","White","Female",33,"30-39","No",NA,"31-35 mph","O: No Injury","White","Male","Passenger Car","No","27JUL2011","Wednesday","Loss of Control / Turning Error",23,"Intersection","July","B: Evident Injury",84480,"Bicyclist Lost Control - Other / Unknown",2011,"Yes","No","Dark - Roadway Not Lighted","Straight - Grade","Local Street","Dry","Two-Way, Not Divided","None","Four-Way Intersection","Smooth Asphalt",0,0,0,0,0,0,0,"2 lanes",2,0,NA,0,NA