"...1","object_id","city","county","region","development","locality","on_road","rural_urban","speed_limit","traffic_control","weather","workzone","bike_age","bike_age_group","bike_alcohol","bike_alcohol_drugs","bike_direction","bike_injury","bike_position","bike_race","bike_sex","driver_age","driver_age_group","driver_alcohol","driver_alcohol_drugs","driver_est_speed","driver_injury","driver_race","driver_sex","driver_vehicle_type","crash_alcohol","crash_date","crash_day","crash_group","crash_hour","crash_location","crash_month","crash_severity","crash_time","crash_type","crash_year","ambulance_req","hit_run","light_condition","road_character","road_class","road_condition","road_configuration","road_defects","road_feature","road_surface","num_bikes_ai","num_bikes_bi","num_bikes_ci","num_bikes_ki","num_bikes_no","num_bikes_to","num_bikes_ui","num_lanes","num_units","distance_mi_from","frm_road","rte_invd_cd","towrd_road"
3096,3230,"Duck","Dare","Coastal","Residential","Urban (>70% Developed)",NA,"Rural","5 - 15 MPH","Stop Sign","Clear","No",19,"16-19","No",NA,"With Traffic","C: Possible Injury","Travel Lane","Asian","Female",68,"60-69","No",NA,"0-5 mph","O: No Injury","White","Male","Passenger Car","No","05JUL2011","Tuesday","Motorist Failed to Yield - Sign-Controlled Intersection",15,"Intersection","July","C: Possible Injury",55980,"Motorist Drive Out - Sign-Controlled Intersection",2011,"No","No","Daylight","Straight - Level","NC Route","Dry","Two-Way, Not Divided","None","No Special Feature","Coarse Asphalt",0,0,0,0,0,0,0,"4 lanes",2,0,NA,0,NA
3097,3231,"Holly Springs","Wake","Piedmont","Residential","Mixed (30% To 70% Developed)",NA,"Urban","30 - 35  MPH","No Control Present","Clear","No",56,"50-59","No",NA,"Not Applicable","C: Possible Injury","Driveway / Alley","Black","Male",37,"30-39","No",NA,"31-35 mph","O: No Injury","Black","Female","Passenger Car","No","29JUL2011","Friday","Bicyclist Failed to Yield - Midblock",9,"Non-Intersection","July","C: Possible Injury",34320,"Bicyclist Ride Out - Residential Driveway",2011,"Yes","No","Daylight","Straight - Level","Local Street","Dry","Two-Way, Not Divided","None","No Special Feature","Coarse Asphalt",0,0,0,0,0,0,0,"2 lanes",2,0,NA,0,NA
3098,3245,"Raleigh","Wake","Piedmont","Commercial","Urban (>70% Developed)",NA,"Urban","5 - 15 MPH","No Control Present","Clear","No",32,"30-39","No",NA,"With Traffic","O: No Injury","Travel Lane","White","Male",20,"20-24","No",NA,"21-25 mph","O: No Injury","Other","Male","Light Truck (Mini-Van, Panel)","No","30JUL2011","Saturday","Parallel Paths - Other Circumstances",5,"Non-Intersection","July","O: No Injury",18180,"Parallel Paths - Other / Unknown",2011,"Yes","Yes","Dark - Lighted Roadway","Straight - Level","Local Street","Dry","Two-Way, Not Divided","None","No Special Feature","Smooth Asphalt",0,0,0,0,0,0,0,"2 lanes",2,0,NA,0,NA
3099,3247,"Cary","Wake","Piedmont","Residential","Urban (>70% Developed)",NA,"Urban","20 - 25  MPH","Stop Sign","Clear","No",51,"50-59","No",NA,"With Traffic","B: Evident Injury","Travel Lane","White","Male",41,"40-49","No",NA,"6-10 mph","O: No Injury","White","Male","Passenger Car","No","18JUL2011","Monday","Motorist Right Turn / Merge",7,"Intersection","July","B: Evident Injury",27480,"Motorist Right Turn - Same Direction",2011,"No","No","Daylight","Straight - Level","Local Street","Dry","Two-Way, Not Divided","None","Four-Way Intersection","Coarse Asphalt",0,0,0,0,0,0,0,"2 lanes",2,0,NA,0,NA
3100,3260,"High Point","Guilford","Piedmont","Commercial","Urban (>70% Developed)",NA,"Urban","30 - 35  MPH","Stop And Go Signal","Clear","No",56,"50-59","No",NA,"Facing Traffic","C: Possible Injury","Sidewalk / Crosswalk / Driveway Crossing","Black","Male",51,"50-59","No",NA,"26-30 mph","O: No Injury","White","Female","Other Bus","No","25JUL2011","Monday","Bicyclist Failed to Yield - Signalized Intersection",10,"Intersection","July","C: Possible Injury",38640,"Bicyclist Ride Through - Signalized Intersection",2011,"Yes","No","Daylight","Straight - Level","Local Street","Dry","Two-Way, Not Divided","None","Four-Way Intersection","Coarse Asphalt",0,0,0,0,0,0,0,"4 lanes",2,0,NA,0,NA
3101,1940,"None - Rural Crash","Robeson","Coastal","Residential","Mixed (30% To 70% Developed)",NA,"Rural","50 - 55  MPH","Double Yellow Line, No Passing Zone","Cloudy","No",15,"11-15","No",NA,"With Traffic","B: Evident Injury","Travel Lane","Hispanic","Male",19,"0-19","No",NA,"41-45 mph","O: No Injury","Native American","Female","Passenger Car","No","17APR2012","Tuesday","Motorist Overtaking Bicyclist",23,"Non-Intersection","April","B: Evident Injury",83100,"Motorist Overtaking - Other / Unknown",2012,"Yes","No","Dark - Roadway Not Lighted","Straight - Level","US Route","Dry","Two-Way, Not Divided","None","No Special Feature","Smooth Asphalt",0,0,0,0,0,0,0,"2 lanes",2,0,NA,0,NA
3102,1920,"Wilmington","New Hanover","Coastal","Residential","Urban (>70% Developed)",NA,"Urban","30 - 35  MPH","No Control Present","Cloudy","No",40,"40-49","No",NA,"Facing Traffic","B: Evident Injury","Travel Lane","Black","Male",NA,NA,"Missing",NA,"21-25 mph","Unknown Injury","Unknown/Missing",NA,NA,"No","25MAR2012","Sunday","Motorist Failed to Yield - Midblock",13,"Non-Intersection","March","B: Evident Injury",49260,"Motorist Drive Out - Commercial Driveway / Alley",2012,"Yes","Yes","Daylight","Straight - Level","Local Street","Dry","Two-Way, Not Divided","None","Driveway, Private","Smooth Asphalt",0,0,0,0,0,0,0,"3 lanes",2,0,NA,0,NA
3103,1930,"Wilmington","New Hanover","Coastal","Commercial","Urban (>70% Developed)",NA,"Urban","40 - 45  MPH","Stop Sign","Clear","No",26,"25-29","No",NA,"Facing Traffic","C: Possible Injury","Sidewalk / Crosswalk / Driveway Crossing","White","Female",40,"40-49","No",NA,"0-5 mph","O: No Injury","White","Female","Passenger Car","No","02APR2012","Monday","Motorist Failed to Yield - Midblock",9,"Non-Intersection","April","C: Possible Injury",35040,"Motorist Drive Out - Other Midblock",2012,"Yes","No","Daylight","Straight - Level","Local Street","Dry","Two-Way, Divided, Positive Median Barrier","None","T-Intersection","Smooth Asphalt",0,0,0,0,0,0,0,"4 lanes",2,0,NA,0,NA
3104,1922,"Kannapolis","Rowan","Piedmont","Residential","Urban (>70% Developed)",NA,"Urban","30 - 35  MPH","No Control Present","Rain","No",7,"6-10","No",NA,"Facing Traffic","B: Evident Injury","Travel Lane","Black","Female",NA,"70+","No",NA,"26-30 mph","O: No Injury","White","Male","Single Unit Truck (2-Axle, 6-Tire)","No","31MAR2012","Saturday","Loss of Control / Turning Error",19,"Intersection","March","B: Evident Injury",68820,"Bicyclist Lost Control - Mechanical Problems",2012,"Yes","No","Daylight","Straight - Hillcrest","Local Street","Wet","Two-Way, Not Divided","None","No Special Feature","Smooth Asphalt",0,0,0,0,0,0,0,"2 lanes",2,0,NA,0,NA
3105,1942,"Sanford","Lee","Piedmont","Commercial","Urban (>70% Developed)",NA,"Urban","40 - 45  MPH","Stop And Go Signal","Clear","No",49,"40-49","No",NA,"Facing Traffic","C: Possible Injury","Travel Lane","White","Male",60,"60-69","No",NA,"6-10 mph","O: No Injury","Black","Female","Sport Utility","No","10APR2012","Tuesday","Motorist Failed to Yield - Signalized Intersection",15,"Intersection","April","C: Possible Injury",56760,"Motorist Drive Out - Right Turn on Red",2012,"No","No","Daylight","Straight - Grade","Local Street","Dry","Two-Way, Not Divided","None","Four-Way Intersection","Smooth Asphalt",0,0,0,0,0,0,0,"6 lanes",2,0,NA,0,NA
3106,1914,"Kinston","Lenoir","Coastal","Commercial","Urban (>70% Developed)",NA,"Urban","30 - 35  MPH","No Control Present","Clear","No",18,"16-19","No",NA,"Not Applicable","C: Possible Injury","Non-Roadway","Black","Male",46,"40-49","No",NA,"6-10 mph","C: Possible Injury","Black","Female","Passenger Car","No","13APR2012","Friday","Crossing Paths - Other Circumstances",12,"Intersection-Related","April","C: Possible Injury",45720,"Crossing Paths - Uncontrolled Intersection",2012,"No","No","Daylight","Straight - Level","Local Street","Dry","Two-Way, Not Divided","None","No Special Feature","Coarse Asphalt",0,0,0,0,0,0,0,"2 lanes",2,0,NA,0,NA
3107,1913,"None - Rural Crash","Davidson","Piedmont","Residential","Mixed (30% To 70% Developed)",NA,"Rural","50 - 55  MPH","No Control Present","Clear","No",46,"40-49","No",NA,"With Traffic","B: Evident Injury","Travel Lane","White","Male",65,"60-69","No",NA,"51-55 mph","O: No Injury","White","Male","Pickup","No","14APR2012","Saturday","Motorist Right Turn / Merge",9,"Non-Intersection","April","B: Evident Injury",34020,"Motorist Right Turn - Same Direction",2012,"Yes","No","Daylight","Straight - Level","State Secondary Route","Dry","Two-Way, Not Divided","None","No Special Feature","Smooth Asphalt",0,0,0,0,0,0,0,"2 lanes",2,0,NA,0,NA
3108,1943,"None - Rural Crash","Duplin","Coastal","Farms, Woods, Pastures","Rural (<30% Developed)",NA,"Rural","50 - 55  MPH","No Control Present","Clear","No",53,"50-59","Yes",NA,"With Traffic","C: Possible Injury","Travel Lane","Black","Male",NA,"70+","No",NA,"51-55 mph","O: No Injury","White","Male","Pickup","Yes","14APR2012","Saturday","Motorist Overtaking Bicyclist",16,"Non-Intersection","April","C: Possible Injury",60840,"Motorist Overtaking - Misjudged Space",2012,"Yes","No","Daylight","Straight - Level","US Route","Dry","Two-Way, Not Divided","None","No Special Feature","Coarse Asphalt",0,0,0,0,0,0,0,"2 lanes",2,0,NA,0,NA
3109,1928,"Monroe","Union","Piedmont","Residential","Urban (>70% Developed)",NA,"Urban","30 - 35  MPH","Stop Sign","Clear","No",53,"50-59","No",NA,"With Traffic","C: Possible Injury","Travel Lane","Black","Male",19,"0-19","No",NA,"21-25 mph","O: No Injury","Black","Female","Passenger Car","No","04APR2012","Wednesday","Motorist Left Turn / Merge",17,"Intersection","April","C: Possible Injury",63120,"Motorist Left Turn - Opposite Direction",2012,"Yes","No","Daylight","Straight - Level","Local Street","Dry","Two-Way, Not Divided","None","Four-Way Intersection","Smooth Asphalt",0,0,0,0,0,0,0,"2 lanes",2,0,NA,0,NA
3110,1953,"None - Rural Crash","Rockingham","Piedmont","Farms, Woods, Pastures","Rural (<30% Developed)",NA,"Rural","40 - 45  MPH","Double Yellow Line, No Passing Zone","Clear","No",NA,NA,"No",NA,"With Traffic","Unknown Injury","Travel Lane","Unknown/Missing",NA,40,"40-49","No",NA,"41-45 mph","O: No Injury","White","Female","Passenger Car","No","23APR2012","Monday","Motorist Overtaking Bicyclist",22,"Non-Intersection","April","O: No Injury",79440,"Motorist Overtaking - Misjudged Space",2012,"No","No","Dark - Roadway Not Lighted","Straight - Level","NC Route","Dry","Two-Way, Not Divided","None","No Special Feature","Smooth Asphalt",0,0,0,0,0,0,0,"2 lanes",2,0,NA,0,NA
3111,1944,"Greensboro","Guilford","Piedmont","Commercial","Urban (>70% Developed)",NA,"Urban","30 - 35  MPH","Stop And Go Signal","Clear","No",17,"16-19","No",NA,"Facing Traffic","C: Possible Injury","Sidewalk / Crosswalk / Driveway Crossing","White","Female",17,"0-19","No",NA,"0-5 mph","O: No Injury","Black","Male","Passenger Car","No","04APR2012","Wednesday","Motorist Failed to Yield - Signalized Intersection",9,"Intersection","April","C: Possible Injury",35820,"Motorist Drive Out - Right Turn on Red",2012,"No","No","Daylight","Straight - Bottom","Local Street","Dry","Two-Way, Not Divided","None","No Special Feature","Smooth Asphalt",0,0,0,0,0,0,0,"9 or more lanes",2,0,NA,0,NA
3112,1983,"Cary","Wake","Piedmont","Commercial","Urban (>70% Developed)",NA,"Urban","40 - 45  MPH","No Control Present","Clear","No",7,"6-10","No",NA,"With Traffic","C: Possible Injury","Sidewalk / Crosswalk / Driveway Crossing","White","Female",50,"50-59","No",NA,NA,"C: Possible Injury","Black","Male","Passenger Car","No","21APR2012","Saturday","Parallel Paths - Other Circumstances",15,"Non-Intersection","April","C: Possible Injury",56160,"Parallel Paths - Other / Unknown",2012,"Yes","No","Daylight","Straight - Grade","State Secondary Route","Dry","Two-Way, Divided, Unprotected Median","None","Related To Intersection","Smooth Asphalt",0,0,0,0,0,0,0,"4 lanes",3,0,NA,0,NA
3113,1986,"None - Rural Crash","Iredell","Piedmont","Commercial","Urban (>70% Developed)",NA,"Rural","30 - 35  MPH","Double Yellow Line, No Passing Zone","Clear","No",15,"11-15","No",NA,"With Traffic","B: Evident Injury","Travel Lane","White","Male",NA,"70+","No",NA,"26-30 mph","O: No Injury","White","Male","Pickup","No","02MAY2012","Wednesday","Bicyclist Failed to Yield - Sign-Controlled Intersection",16,"Intersection","May","B: Evident Injury",60240,"Bicyclist Ride Out - Sign-Controlled Intersection",2012,"Yes","No","Daylight","Straight - Level","NC Route","Dry","Two-Way, Not Divided","None","T-Intersection","Smooth Asphalt",0,0,0,0,0,0,0,"2 lanes",2,0,NA,0,NA
3114,1973,"None - Rural Crash","Orange","Piedmont","Residential","Mixed (30% To 70% Developed)",NA,"Rural","50 - 55  MPH","Double Yellow Line, No Passing Zone","Clear","No",53,"50-59","No",NA,"With Traffic","A: Disabling Injury","Travel Lane","White","Male",24,"20-24","No",NA,"51-55 mph","O: No Injury","Other","Female","Sport Utility","No","16APR2012","Monday","Motorist Overtaking Bicyclist",20,"Non-Intersection","April","A: Disabling Injury",72660,"Motorist Overtaking - Other / Unknown",2012,"Yes","No","Dusk","Straight - Level","US Route","Dry","Two-Way, Not Divided","None","No Special Feature","Smooth Asphalt",0,0,0,0,0,0,0,"2 lanes",2,0,NA,0,NA
3115,1965,"Charlotte","Mecklenburg","Piedmont","Residential","Rural (<30% Developed)",NA,"Urban","40 - 45  MPH","Stop Sign","Clear","No",18,"16-19","No",NA,"Facing Traffic","B: Evident Injury","Travel Lane","Black","Female",42,"40-49","No",NA,"0-5 mph","O: No Injury","Hispanic","Male","Pickup","No","28MAR2012","Wednesday","Motorist Failed to Yield - Sign-Controlled Intersection",14,"Intersection","March","B: Evident Injury",53400,"Motorist Drive Out - Sign-Controlled Intersection",2012,"Yes","No","Daylight","Straight - Level","Local Street","Dry","Two-Way, Not Divided","None","T-Intersection","Smooth Asphalt",0,0,0,0,0,0,0,"2 lanes",2,0,NA,0,NA
3116,1946,"New Bern","Craven","Coastal","Residential","Urban (>70% Developed)",NA,"Urban","20 - 25  MPH","Stop Sign","Clear","No",20,"20-24","No",NA,"With Traffic","C: Possible Injury","Travel Lane","Black","Female",63,"60-69","No",NA,"11-15 mph","O: No Injury","Black","Male","Pickup","No","20APR2012","Friday","Bicyclist Failed to Yield - Sign-Controlled Intersection",13,"Intersection","April","C: Possible Injury",48180,"Bicyclist Ride Through - Sign-Controlled Intersection",2012,"Yes","No","Daylight","Straight - Level","Local Street","Dry","Two-Way, Not Divided","None","Four-Way Intersection","Smooth Asphalt",0,0,0,0,0,0,0,"2 lanes",2,0,NA,0,NA
3117,1969,"Raleigh","Wake","Piedmont","Commercial","Urban (>70% Developed)",NA,"Urban","20 - 25  MPH","Stop And Go Signal","Clear","No",24,"20-24","No",NA,"Facing Traffic","O: No Injury","Travel Lane","White","Male",27,"25-29","No",NA,"0-5 mph","O: No Injury","Hispanic","Male","Passenger Car","No","16APR2012","Monday","Crossing Paths - Other Circumstances",20,"Intersection","April","O: No Injury",73500,"Signalized Intersection - Other / Unknown",2012,"No","No","Dark - Lighted Roadway","Straight - Level","Local Street","Dry","Two-Way, Divided, Unprotected Median","None","T-Intersection","Smooth Asphalt",0,0,0,0,0,0,0,"4 lanes",2,0,NA,0,NA
3118,1984,"Wilmington","New Hanover","Coastal","Residential","Urban (>70% Developed)",NA,"Urban","30 - 35  MPH","No Control Present","Clear","No",13,"11-15","No",NA,"With Traffic","B: Evident Injury","Travel Lane","White","Male",NA,NA,"Missing",NA,NA,"Unknown Injury","Unknown/Missing",NA,NA,"No","28APR2012","Saturday","Motorist Overtaking Bicyclist",11,"Intersection-Related","April","B: Evident Injury",40260,"Motorist Overtaking - Other / Unknown",2012,"Yes","Yes","Daylight","Straight - Level",NA,"Dry","Two-Way, Not Divided","None","No Special Feature","Coarse Asphalt",0,0,0,0,0,0,0,"2 lanes",2,0,NA,0,NA
3119,1947,"Southport","Brunswick","Coastal","Commercial","Urban (>70% Developed)",NA,"Rural",NA,"No Control Present","Clear","No",67,"60-69","No",NA,"With Traffic","C: Possible Injury","Travel Lane","Black","Male",18,"0-19","No",NA,NA,"O: No Injury","White","Male","Pickup","No","26MAR2012","Monday","Bicyclist Left Turn / Merge",16,"Non-Intersection","March","C: Possible Injury",60000,"Bicyclist Left Turn - Same Direction",2012,"No","No","Daylight",NA,NA,"Dry","Two-Way, Divided, Unprotected Median","None","No Special Feature","Smooth Asphalt",0,0,0,0,0,0,0,NA,2,0,NA,0,NA
3120,1997,"Charlotte","Mecklenburg","Piedmont","Residential","Rural (<30% Developed)",NA,"Urban","20 - 25  MPH","No Control Present","Clear","No",47,"40-49","No",NA,"Facing Traffic","C: Possible Injury","Sidewalk / Crosswalk / Driveway Crossing","Black","Male",55,"50-59","No",NA,"0-5 mph","O: No Injury","Black","Female","Passenger Car","No","07MAY2012","Monday","Crossing Paths - Other Circumstances",16,"Intersection-Related","May","C: Possible Injury",59280,"Crossing Paths - Uncontrolled Intersection",2012,"No","No","Daylight","Straight - Level","Local Street","Dry","Two-Way, Not Divided","None","No Special Feature","Smooth Asphalt",0,0,0,0,0,0,0,"1 lane",2,0,NA,0,NA
3121,1990,"Wilmington","New Hanover","Coastal","Commercial","Urban (>70% Developed)",NA,"Urban","30 - 35  MPH","Human Control","Clear","No",9,"6-10","No",NA,"Not Applicable","O: No Injury","Sidewalk / Crosswalk / Driveway Crossing","White","Female",59,"50-59","No",NA,"0-5 mph","O: No Injury","White","Female","Sport Utility","No","03MAY2012","Thursday","Crossing Paths - Other Circumstances",7,"Non-Intersection","May","O: No Injury",27540,"Crossing Paths - Midblock - Other / Unknown",2012,"No","No","Daylight","Straight - Level","Local Street","Dry","Two-Way, Divided, Unprotected Median","None","No Special Feature","Coarse Asphalt",0,0,0,0,0,0,0,"3 lanes",2,0,NA,0,NA
3122,1999,"None - Rural Crash","Wayne","Coastal","Farms, Woods, Pastures","Rural (<30% Developed)",NA,"Rural","40 - 45  MPH","Double Yellow Line, No Passing Zone","Clear","No",16,"16-19","No",NA,"Facing Traffic","C: Possible Injury","Travel Lane","Black","Female",49,"40-49","No",NA,"41-45 mph","O: No Injury","Black","Male","Passenger Car","No","07MAY2012","Monday","Head-On",20,"Non-Intersection","May","C: Possible Injury",75000,"Head-On - Bicyclist",2012,"Yes","No","Dark - Roadway Not Lighted","Straight - Level","State Secondary Route","Dry","Two-Way, Not Divided","None","No Special Feature","Smooth Asphalt",0,0,0,0,0,0,0,"2 lanes",2,0,NA,0,NA
3123,1991,"Chapel Hill","Orange","Piedmont","Residential","Urban (>70% Developed)",NA,"Urban","30 - 35  MPH","No Control Present","Clear","No",NA,NA,"Missing",NA,"Facing Traffic","Unknown Injury","Travel Lane","Unknown/Missing",NA,27,"25-29","No",NA,"31-35 mph","O: No Injury","White","Male","Passenger Car","No","30APR2012","Monday","Bicyclist Left Turn / Merge",18,"Non-Intersection","April","O: No Injury",66420,"Bicyclist Left Turn - Opposite Direction",2012,"No","No","Daylight","Curve - Grade","Local Street","Dry","Two-Way, Not Divided","None","No Special Feature","Smooth Asphalt",0,0,0,0,0,0,0,"1 lane",2,0,NA,0,NA
3124,1992,"Wilmington","New Hanover","Coastal","Residential","Urban (>70% Developed)",NA,"Urban",NA,"No Control Present","Clear","No",21,"20-24","No",NA,"Facing Traffic","B: Evident Injury","Travel Lane","Black","Male",NA,NA,"Missing",NA,NA,"Unknown Injury","Unknown/Missing",NA,NA,"No","02MAY2012","Wednesday","Other / Unusual Circumstances",16,"Non-Intersection","May","B: Evident Injury",59760,"Motorist Intentionally Caused",2012,"Yes","Yes","Daylight","Straight - Level","Local Street","Dry","Two-Way, Not Divided","None","No Special Feature","Coarse Asphalt",0,0,0,0,0,0,0,"2 lanes",2,0,NA,0,NA
3125,1989,"Chapel Hill","Orange","Piedmont","Institutional","Urban (>70% Developed)",NA,"Urban","20 - 25  MPH","No Control Present","Clear","No",19,"16-19","No",NA,"With Traffic","B: Evident Injury","Travel Lane","Asian","Male",26,"25-29","No",NA,"11-15 mph","O: No Injury","White","Male","Sport Utility","No","11APR2012","Wednesday","Bicyclist Left Turn / Merge",15,"Non-Intersection","April","B: Evident Injury",55620,"Bicyclist Left Turn - Same Direction",2012,"No","No","Daylight","Straight - Grade","Local Street","Dry","Two-Way, Not Divided","None","No Special Feature","Smooth Asphalt",0,0,0,0,0,0,0,"4 lanes",2,0,NA,0,NA
3126,2009,"Laurinburg","Scotland","Coastal","Residential","Urban (>70% Developed)",NA,"Urban","30 - 35  MPH","No Control Present","Clear","No",30,"30-39","No",NA,"Facing Traffic","K: Killed","Travel Lane","Black","Male",64,"60-69","No",NA,"31-35 mph","O: No Injury","Black","Female","Passenger Car","No","02MAY2012","Wednesday","Loss of Control / Turning Error",8,"Non-Intersection","May","K: Killed",29280,"Motorist Lost Control - Other / Unknown",2012,"Yes","No","Daylight","Straight - Level","Local Street","Dry","Two-Way, Not Divided","None","No Special Feature","Coarse Asphalt",0,0,0,0,0,0,0,"2 lanes",2,0,NA,0,NA
3127,1478,"Vanceboro","Craven","Coastal","Residential","Mixed (30% To 70% Developed)","FARM LIFE AVE","Rural","20 - 25  MPH","No Control Present","Clear","No",16,"16-19","No",NA,"With Traffic","O: No Injury","Travel Lane","White","Male",NA,NA,"Missing",NA,"0-5 mph","Unknown Injury","Unknown/Missing",NA,"Passenger Car","No","19SEP2013","Thursday","Bicyclist Overtaking Motorist",17,"Non-Intersection","September","O: No Injury",64560,"Bicyclist Overtaking - Parked Vehicle",2013,"No","No","Daylight","Straight - Level","Local Street","Dry","Two-Way, Not Divided","None","No Special Feature","Coarse Asphalt",0,0,0,0,0,0,0,"2 lanes",2,0,NA,0,NA
3128,1488,"High Point","Guilford","Piedmont","Residential","Urban (>70% Developed)","FURLOUGH AV","Urban","30 - 35  MPH","No Control Present","Clear","No",10,"6-10","No",NA,"Not Applicable","C: Possible Injury","Driveway / Alley","Black","Male",35,"30-39","No",NA,"11-15 mph","O: No Injury","Black","Female","Passenger Car","No","25AUG2013","Sunday","Bicyclist Failed to Yield - Midblock",18,"Non-Intersection","August","C: Possible Injury",65100,"Bicyclist Ride Out - Residential Driveway",2013,"Yes","No","Daylight","Straight - Grade","Local Street","Dry","Two-Way, Not Divided","None","No Special Feature","Smooth Asphalt",0,0,0,0,0,0,0,"2 lanes",2,0,NA,0,NA
3129,1487,"None - Rural Crash","Mecklenburg","Piedmont","Commercial","Urban (>70% Developed)","N GRAHAM ST","Rural","30 - 35  MPH","Stop And Go Signal","Clear","No",30,"30-39","No",NA,"With Traffic","B: Evident Injury","Travel Lane","White","Male",21,"20-24","No",NA,"0-5 mph","O: No Injury","Black","Male","Passenger Car","No","22SEP2013","Sunday","Motorist Left Turn / Merge",11,"Intersection","September","B: Evident Injury",41820,"Motorist Left Turn - Opposite Direction",2013,"Yes","No","Daylight","Straight - Level","Local Street","Dry","Two-Way, Not Divided","None","Four-Way Intersection","Smooth Asphalt",0,0,0,0,0,0,0,"4 lanes",2,0,NA,0,NA
3130,1491,"Asheville","Buncombe","Mountains","Commercial","Urban (>70% Developed)","PVA 15 FUTURE DR","Urban",NA,"No Control Present","Clear","No",13,"11-15","No",NA,"Not Applicable","B: Evident Injury","Non-Roadway","White","Male",17,"0-19","No",NA,"0-5 mph","O: No Injury","Hispanic","Male","Passenger Car","No","28AUG2013","Wednesday","Non-Roadway",8,"Non-Roadway","August","B: Evident Injury",30540,"Non-Roadway",2013,"Yes","No","Daylight","Curve - Level","Public Vehicular Area","Dry","Two-Way, Not Divided","None","Driveway, Public","Smooth Asphalt",0,0,0,0,0,0,0,"2 lanes",2,0,NA,0,NA
3131,1860,"Charlotte","Mecklenburg","Piedmont","Commercial","Urban (>70% Developed)",NA,"Urban","40 - 45  MPH","No Control Present","Clear","No",19,"16-19","No",NA,"With Traffic","B: Evident Injury","Sidewalk / Crosswalk / Driveway Crossing","Black","Female",55,"50-59","No",NA,"41-45 mph","O: No Injury","White","Female","Passenger Car","No","21MAR2012","Wednesday","Parallel Paths - Other Circumstances",16,"Intersection-Related","March","B: Evident Injury",59820,"Bicyclist Ride Out - Parallel Path",2012,"Yes","No","Daylight","Curve - Level","Local Street","Dry","Two-Way, Divided, Unprotected Median","None","No Special Feature","Smooth Asphalt",0,0,0,0,0,0,0,"2 lanes",2,0,NA,0,NA
3132,1903,"None - Rural Crash","Wake","Piedmont","Residential","Urban (>70% Developed)",NA,"Rural","40 - 45  MPH","Double Yellow Line, No Passing Zone","Clear","No",16,"16-19","No",NA,"Facing Traffic","A: Disabling Injury","Bike Lane / Paved Shoulder","Black","Male",21,"20-24","No",NA,"41-45 mph","O: No Injury","Black","Female","Passenger Car","No","07APR2012","Saturday","Loss of Control / Turning Error",15,"Non-Intersection","April","A: Disabling Injury",57420,"Motorist Lost Control - Other / Unknown",2012,"Yes","No","Daylight","Curve - Level","State Secondary Route","Dry","Two-Way, Not Divided","None","Driveway, Private","Smooth Asphalt",0,0,0,0,0,0,0,"2 lanes",2,0,NA,0,NA
3133,1864,"Durham","Durham","Piedmont","Commercial","Urban (>70% Developed)",NA,"Urban","30 - 35  MPH","No Control Present","Clear","No",11,"11-15","No",NA,"Facing Traffic","B: Evident Injury","Sidewalk / Crosswalk / Driveway Crossing","Hispanic","Male",30,"30-39","No",NA,"26-30 mph","O: No Injury","Hispanic","Male","Passenger Car","No","20MAR2012","Tuesday","Parallel Paths - Other Circumstances",18,"Non-Intersection","March","B: Evident Injury",67800,"Bicyclist Ride Out - Parallel Path",2012,"Yes","No","Daylight","Straight - Level","Local Street","Dry","Two-Way, Not Divided","None","No Special Feature","Smooth Asphalt",0,0,0,0,0,0,0,"2 lanes",2,0,NA,0,NA
3134,1858,"Albemarle","Stanly","Piedmont","Commercial","Urban (>70% Developed)",NA,"Urban","40 - 45  MPH","Stop And Go Signal","Clear","No",14,"11-15","No",NA,"With Traffic","B: Evident Injury","Travel Lane","White","Male",NA,"70+","No",NA,"31-35 mph","C: Possible Injury","White","Female","Passenger Car","No","06MAR2012","Tuesday","Motorist Overtaking Bicyclist",23,"Intersection-Related","March","B: Evident Injury",83760,"Motorist Overtaking - Other / Unknown",2012,"Yes","No","Dark - Lighted Roadway","Straight - Level","Local Street","Dry","Two-Way, Divided, Unprotected Median","None","Four-Way Intersection","Coarse Asphalt",0,0,0,0,0,0,0,"5 lanes",2,0,NA,0,NA
3135,1853,"None - Rural Crash","Johnston","Coastal","Residential","Urban (>70% Developed)",NA,"Rural","50 - 55  MPH","Stop Sign","Clear","No",48,"40-49","Yes",NA,"Facing Traffic","B: Evident Injury","Travel Lane","Black","Male",30,"30-39","No",NA,"6-10 mph","O: No Injury","Black","Female","Passenger Car","Yes","17MAR2012","Saturday","Bicyclist Failed to Yield - Sign-Controlled Intersection",18,"Intersection","March","B: Evident Injury",67200,"Bicyclist Ride Through - Sign-Controlled Intersection",2012,"Yes","No","Daylight","Straight - Level","NC Route","Dry","Two-Way, Not Divided","None","T-Intersection","Coarse Asphalt",0,0,0,0,0,0,0,"2 lanes",2,0,NA,0,NA
3136,1899,"Wilmington","New Hanover","Coastal","Institutional","Urban (>70% Developed)",NA,"Urban","5 - 15 MPH","No Control Present","Clear","No",64,"60-69","No",NA,"With Traffic","B: Evident Injury","Sidewalk / Crosswalk / Driveway Crossing","White","Male",21,"20-24","No",NA,"0-5 mph","O: No Injury","White","Female","Passenger Car","No","10APR2012","Tuesday","Motorist Right Turn / Merge",12,"Non-Intersection","April","B: Evident Injury",46140,"Motorist Right Turn - Same Direction",2012,"Yes","No","Daylight","Straight - Grade","Local Street","Dry","Two-Way, Not Divided","None","No Special Feature","Smooth Asphalt",0,0,0,0,0,0,0,"2 lanes",2,0,NA,0,NA