"...1","object_id","city","county","region","development","locality","on_road","rural_urban","speed_limit","traffic_control","weather","workzone","bike_age","bike_age_group","bike_alcohol","bike_alcohol_drugs","bike_direction","bike_injury","bike_position","bike_race","bike_sex","driver_age","driver_age_group","driver_alcohol","driver_alcohol_drugs","driver_est_speed","driver_injury","driver_race","driver_sex","driver_vehicle_type","crash_alcohol","crash_date","crash_day","crash_group","crash_hour","crash_location","crash_month","crash_severity","crash_time","crash_type","crash_year","ambulance_req","hit_run","light_condition","road_character","road_class","road_condition","road_configuration","road_defects","road_feature","road_surface","num_bikes_ai","num_bikes_bi","num_bikes_ci","num_bikes_ki","num_bikes_no","num_bikes_to","num_bikes_ui","num_lanes","num_units","distance_mi_from","frm_road","rte_invd_cd","towrd_road"
3137,1886,"Charlotte","Mecklenburg","Piedmont","Commercial","Mixed (30% To 70% Developed)",NA,"Urban","30 - 35  MPH","Stop And Go Signal","Clear","No",10,"6-10","No",NA,"Facing Traffic","O: No Injury","Multi-use Path","Black","Male",26,"25-29","No",NA,"0-5 mph","O: No Injury","White","Female","Passenger Car","No","05APR2012","Thursday","Crossing Paths - Other Circumstances",13,"Intersection","April","O: No Injury",46800,"Signalized Intersection - Other / Unknown",2012,"Yes","No","Daylight","Straight - Hillcrest","Local Street","Dry","Two-Way, Not Divided","None","No Special Feature","Coarse Asphalt",0,0,0,0,0,0,0,"3 lanes",2,0,NA,0,NA
3138,1880,"Jacksonville","Onslow","Coastal","Residential","Urban (>70% Developed)",NA,"Urban",NA,"No Control Present","Rain","No",19,"16-19","No",NA,NA,"B: Evident Injury",NA,"Black","Male",NA,NA,"Missing",NA,NA,"Unknown Injury","Unknown/Missing",NA,NA,"No","03MAR2012","Saturday","Other / Unknown - Insufficient Details",21,"Non-Intersection","March","B: Evident Injury",78300,"Unknown Approach Paths",2012,"Yes","Yes","Dark - Unknown Lighting","Straight - Level","Local Street","Wet","Two-Way, Not Divided","None","No Special Feature","Coarse Asphalt",0,0,0,0,0,0,0,"2 lanes",2,0,NA,0,NA
3139,1901,"None - Rural Crash","Orange","Piedmont","Residential","Mixed (30% To 70% Developed)",NA,"Rural","40 - 45  MPH","Stop Sign","Clear","No",34,"30-39","No",NA,"With Traffic","B: Evident Injury","Travel Lane","Other","Male",41,"40-49","No",NA,"31-35 mph","O: No Injury","Black","Female","Passenger Car","No","26MAR2012","Monday","Motorist Right Turn / Merge",19,"Intersection","March","B: Evident Injury",70440,"Motorist Right Turn - Same Direction",2012,"Yes","No","Daylight","Straight - Grade","State Secondary Route","Dry","Two-Way, Not Divided","None","T-Intersection","Smooth Asphalt",0,0,0,0,0,0,0,"2 lanes",2,0,NA,0,NA
3140,2346,"None - Rural Crash","Robeson","Coastal","Farms, Woods, Pastures","Rural (<30% Developed)",NA,"Rural","50 - 55  MPH","No Control Present","Cloudy","No",40,"40-49","No",NA,"With Traffic","C: Possible Injury","Bike Lane / Paved Shoulder","Native American","Male",NA,NA,"No",NA,"51-55 mph","Unknown Injury","Unknown/Missing",NA,NA,"No","24AUG2012","Friday","Motorist Overtaking Bicyclist",17,"Non-Intersection","August","C: Possible Injury",61380,"Motorist Overtaking - Other / Unknown",2012,"Yes","Yes","Daylight","Straight - Level","State Secondary Route","Wet","Two-Way, Not Divided","None","No Special Feature","Coarse Asphalt",0,0,0,0,0,0,0,"2 lanes",2,0,NA,0,NA
3141,2347,"Greensboro","Guilford","Piedmont","Commercial","Urban (>70% Developed)",NA,"Urban","30 - 35  MPH","Stop And Go Signal","Clear","No",32,"30-39","No",NA,"Facing Traffic","C: Possible Injury","Travel Lane","White","Male",NA,NA,"No",NA,"6-10 mph","O: No Injury","Unknown/Missing",NA,"Passenger Car","No","23AUG2012","Thursday","Crossing Paths - Other Circumstances",21,"Intersection","August","C: Possible Injury",76200,"Signalized Intersection - Other / Unknown",2012,"Yes","Yes","Dark - Lighted Roadway","Straight - Level","Local Street","Dry","Two-Way, Not Divided","None","No Special Feature","Smooth Asphalt",0,0,0,0,0,0,0,"5 lanes",2,0,NA,0,NA
3142,2351,"Raleigh","Wake","Piedmont","Residential","Urban (>70% Developed)",NA,"Urban","30 - 35  MPH","No Control Present","Clear","No",43,"40-49","Yes",NA,"Not Applicable","A: Disabling Injury","Bike Lane / Paved Shoulder","Hispanic","Male",28,"25-29","No",NA,"31-35 mph","O: No Injury","Black","Male","Passenger Car","Yes","27AUG2012","Monday","Bicyclist Failed to Yield - Midblock",19,"Non-Intersection","August","A: Disabling Injury",69600,"Bicyclist Ride Out - Other Midblock",2012,"Yes","No","Daylight","Straight - Level","Local Street","Dry","Two-Way, Divided, Unprotected Median","None","No Special Feature","Smooth Asphalt",0,0,0,0,0,0,0,"2 lanes",2,0,NA,0,NA
3143,2363,"Wilson","Wilson","Coastal","Commercial","Urban (>70% Developed)",NA,"Urban","5 - 15 MPH","No Control Present","Cloudy","No",28,"25-29","No",NA,"With Traffic","B: Evident Injury","Sidewalk / Crosswalk / Driveway Crossing","Black","Male",43,"40-49","No",NA,"0-5 mph","O: No Injury","White","Female","Passenger Car","No","31JUL2012","Tuesday","Motorist Failed to Yield - Sign-Controlled Intersection",11,"Intersection","July","B: Evident Injury",41580,"Motorist Drive Out - Sign-Controlled Intersection",2012,"Yes","No","Daylight","Straight - Level",NA,"Dry","Two-Way, Not Divided","None","Driveway, Public","Concrete",0,0,0,0,0,0,0,NA,2,0,NA,0,NA
3144,2345,"Greensboro","Guilford","Piedmont","Residential","Urban (>70% Developed)",NA,"Urban","30 - 35  MPH","No Control Present","Clear","No",15,"11-15","No",NA,"With Traffic","B: Evident Injury","Sidewalk / Crosswalk / Driveway Crossing","Black","Male",30,"30-39","No",NA,"31-35 mph","O: No Injury","White","Male","Pickup","No","24AUG2012","Friday","Parallel Paths - Other Circumstances",10,"Non-Intersection","August","B: Evident Injury",38760,"Bicyclist Ride Out - Parallel Path",2012,"Yes","No","Daylight","Straight - Level","Local Street","Dry","Two-Way, Not Divided","None","No Special Feature","Smooth Asphalt",0,0,0,0,0,0,0,"2 lanes",2,0,NA,0,NA
3145,2339,"Roanoke Rapids","Halifax","Coastal","Residential","Urban (>70% Developed)",NA,"Urban","20 - 25  MPH","Stop Sign","Clear","No",15,"11-15","No",NA,"With Traffic","B: Evident Injury","Sidewalk / Crosswalk / Driveway Crossing","White","Male",17,"0-19","No",NA,"21-25 mph","O: No Injury","White","Male","Passenger Car","No","16AUG2012","Thursday","Motorist Left Turn / Merge",20,"Intersection","August","B: Evident Injury",74460,"Motorist Left Turn - Opposite Direction",2012,"Yes","No","Dark - Lighted Roadway","Straight - Level","NC Route","Dry","Two-Way, Not Divided","None","Related To Intersection","Concrete",0,0,0,0,0,0,0,"5 lanes",2,0,NA,0,NA
3146,2336,"Mint Hill","Mecklenburg","Piedmont","Residential","Urban (>70% Developed)",NA,"Urban","20 - 25  MPH","No Control Present","Clear","No",14,"11-15","No",NA,"With Traffic","O: No Injury","Bike Lane / Paved Shoulder","Black","Male",18,"0-19","No",NA,"21-25 mph","O: No Injury","Hispanic","Male","Pickup","No","17AUG2012","Friday","Bicyclist Left Turn / Merge",14,"Non-Intersection","August","O: No Injury",53880,"Bicyclist Left Turn - Same Direction",2012,"No","No","Daylight","Straight - Level","State Secondary Route","Dry","Two-Way, Not Divided","None","No Special Feature","Smooth Asphalt",0,0,0,0,0,0,0,"2 lanes",2,0,NA,0,NA
3147,2332,"Hickory","Catawba","Piedmont","Residential","Urban (>70% Developed)",NA,"Urban","20 - 25  MPH","Stop And Go Signal","Clear","No",45,"40-49","No",NA,"With Traffic","B: Evident Injury","Travel Lane","Black","Male",53,"50-59","No",NA,"16-20 mph","O: No Injury","Black","Male","Pickup","No","11AUG2012","Saturday","Motorist Right Turn / Merge",17,"Intersection","August","B: Evident Injury",63000,"Motorist Right Turn - Same Direction",2012,"Yes","No","Daylight","Straight - Level","Local Street","Dry","Two-Way, Not Divided","None","Four-Way Intersection","Smooth Asphalt",0,0,0,0,0,0,0,"2 lanes",2,0,NA,0,NA
3148,2348,"Morehead City","Carteret","Coastal","Commercial","Urban (>70% Developed)",NA,"Urban","40 - 45  MPH","No Control Present","Clear","No",53,"50-59","No",NA,"With Traffic","C: Possible Injury","Travel Lane","White","Male",65,"60-69","No",NA,"31-35 mph","O: No Injury","Black","Male","Pickup","No","20JUL2012","Friday","Motorist Overtaking Bicyclist",11,"Non-Intersection","July","C: Possible Injury",42600,"Motorist Overtaking - Other / Unknown",2012,"Yes","No","Daylight","Straight - Grade","US Route","Dry","Two-Way, Not Divided","None","Bridge","Concrete",0,0,0,0,0,0,0,"2 lanes",2,0,NA,0,NA
3149,2433,"None - Rural Crash","Cumberland","Coastal","Residential","Urban (>70% Developed)",NA,"Rural","40 - 45  MPH","No Control Present","Cloudy","No",18,"16-19","No",NA,"Not Applicable","B: Evident Injury","Non-Roadway","Hispanic","Male",NA,NA,"Missing",NA,"31-35 mph","Unknown Injury","Unknown/Missing",NA,"Passenger Car","No","18SEP2012","Tuesday","Bicyclist Failed to Yield - Midblock",14,"Non-Intersection","September","B: Evident Injury",52260,"Bicyclist Ride Out - Other Midblock",2012,"Yes","Yes","Daylight","Straight - Level","State Secondary Route","Dry","Two-Way, Not Divided","None","No Special Feature","Smooth Asphalt",0,0,0,0,0,0,0,"2 lanes",2,0,NA,0,NA
3150,2444,"Wilmington","New Hanover","Coastal","Industrial","Urban (>70% Developed)",NA,"Urban","40 - 45  MPH","No Control Present","Clear","No",20,"20-24","No",NA,"Facing Traffic","B: Evident Injury","Sidewalk / Crosswalk / Driveway Crossing","White","Female",27,"25-29","No",NA,"0-5 mph","O: No Injury","White","Male","Passenger Car","No","13SEP2012","Thursday","Motorist Failed to Yield - Midblock",12,"Non-Intersection","September","B: Evident Injury",44460,"Motorist Drive Out - Commercial Driveway / Alley",2012,"No","No","Daylight","Straight - Level","Local Street","Dry","Two-Way, Not Divided","None","No Special Feature","Coarse Asphalt",0,0,0,0,0,0,0,"3 lanes",2,0,NA,0,NA
3151,2438,"Durham","Durham","Piedmont","Commercial","Mixed (30% To 70% Developed)",NA,"Urban","30 - 35  MPH","Stop And Go Signal","Clear","No",33,"30-39","No",NA,"With Traffic","C: Possible Injury","Travel Lane","Hispanic","Male",50,"50-59","No",NA,"36-40 mph","O: No Injury","White","Male","Passenger Car","No","22SEP2012","Saturday","Crossing Paths - Other Circumstances",0,"Intersection","September","C: Possible Injury",720,"Signalized Intersection - Other / Unknown",2012,"Yes","No","Dark - Roadway Not Lighted","Straight - Level","Local Street","Dry","Two-Way, Not Divided","None","No Special Feature","Smooth Asphalt",0,0,0,0,0,0,0,"2 lanes",2,0,NA,0,NA
3152,2455,"Raleigh","Wake","Piedmont","Commercial","Urban (>70% Developed)",NA,"Urban","40 - 45  MPH","No Control Present","Clear","No",46,"40-49","No",NA,"With Traffic","A: Disabling Injury","Travel Lane","Black","Male",29,"25-29","No",NA,"36-40 mph","O: No Injury","White","Male","Single Unit Truck (2-Axle, 6-Tire)","No","24SEP2012","Monday","Motorist Overtaking Bicyclist",14,"Non-Intersection","September","A: Disabling Injury",50700,"Motorist Overtaking - Other / Unknown",2012,"Yes","No","Daylight","Straight - Level","NC Route","Dry","Two-Way, Divided, Unprotected Median","None","No Special Feature","Smooth Asphalt",0,0,0,0,0,0,0,"6 lanes",2,0,NA,0,NA
3153,2430,"Charlotte","Mecklenburg","Piedmont","Residential","Urban (>70% Developed)",NA,"Urban","30 - 35  MPH","No Control Present","Clear","No",52,"50-59","No",NA,"With Traffic","C: Possible Injury","Travel Lane","White","Male",53,"50-59","No",NA,"16-20 mph","O: No Injury","White","Female","Passenger Car","No","12SEP2012","Wednesday","Motorist Left Turn / Merge",14,"Intersection","September","C: Possible Injury",52680,"Motorist Left Turn - Opposite Direction",2012,"Yes","No","Daylight","Straight - Level","Local Street","Dry","Two-Way, Divided, Positive Median Barrier","None","No Special Feature","Coarse Asphalt",0,0,0,0,0,0,0,"4 lanes",2,0,NA,0,NA
3154,2421,"Greenville","Pitt","Coastal","Commercial","Urban (>70% Developed)",NA,"Urban","30 - 35  MPH","No Control Present","Clear","No",25,"25-29","No",NA,"With Traffic","C: Possible Injury","Travel Lane","Black","Male",20,"20-24","No",NA,"11-15 mph","C: Possible Injury","White","Male","Passenger Car","No","14SEP2012","Friday","Motorist Left Turn / Merge",12,"Intersection","September","C: Possible Injury",45480,"Motorist Left Turn - Opposite Direction",2012,"Yes","No","Daylight","Straight - Level","Local Street","Dry","Two-Way, Divided, Unprotected Median","None","No Special Feature","Coarse Asphalt",0,0,0,0,0,0,0,"5 lanes",2,0,NA,0,NA
3155,2432,"Mooresville","Iredell","Piedmont","Commercial","Urban (>70% Developed)",NA,"Urban","40 - 45  MPH","No Control Present","Clear","No",44,"40-49","No",NA,"With Traffic","C: Possible Injury","Travel Lane","Hispanic","Male",47,"40-49","No",NA,"36-40 mph","O: No Injury","White","Male","Passenger Car","No","06SEP2012","Thursday","Motorist Overtaking Bicyclist",19,"Non-Intersection","September","C: Possible Injury",71760,"Motorist Overtaking - Other / Unknown",2012,"Yes","No","Dusk","Curve - Grade","Local Street","Dry","Two-Way, Not Divided","None","No Special Feature","Smooth Asphalt",0,0,0,0,0,0,0,"2 lanes",2,0,NA,0,NA
3156,2424,"Charlotte","Mecklenburg","Piedmont","Commercial","Urban (>70% Developed)",NA,"Urban","40 - 45  MPH","Stop Sign","Clear","No",44,"40-49","No",NA,"With Traffic","B: Evident Injury","Travel Lane","Black","Male",30,"30-39","No",NA,"21-25 mph","O: No Injury","Black","Male","Commercial Bus","No","09JUL2012","Monday","Loss of Control / Turning Error",19,"Intersection","July","B: Evident Injury",71940,"Bicyclist Lost Control - Other / Unknown",2012,"No","No","Daylight","Straight - Level","Local Street","Dry","Two-Way, Not Divided","None","No Special Feature","Smooth Asphalt",0,0,0,0,0,0,0,"1 lane",2,0,NA,0,NA
3157,2437,"None - Rural Crash","Cumberland","Coastal","Residential","Mixed (30% To 70% Developed)",NA,"Rural",NA,"No Control Present","Clear","No",49,"40-49","No",NA,"With Traffic","C: Possible Injury","Travel Lane","White","Male",48,"40-49","No",NA,"0-5 mph","O: No Injury","White","Male","Sport Utility","No","22SEP2012","Saturday","Backing Vehicle",9,"Non-Intersection","September","C: Possible Injury",32820,"Backing Vehicle",2012,"No","No","Daylight","Straight - Level","US Route","Dry","Two-Way, Not Divided","None","Driveway, Private","Smooth Asphalt",0,0,0,0,0,0,0,"2 lanes",2,0,NA,0,NA
3158,2554,"Gastonia","Gaston","Piedmont","Residential","Urban (>70% Developed)",NA,"Urban","20 - 25  MPH","No Control Present","Clear","No",36,"30-39","No",NA,"With Traffic","C: Possible Injury","Travel Lane","Black","Male",NA,NA,"Missing",NA,"21-25 mph","Unknown Injury","Unknown/Missing",NA,NA,"No","07OCT2012","Sunday","Motorist Failed to Yield - Sign-Controlled Intersection",19,"Intersection","October","C: Possible Injury",70080,"Motorist Drive Through - Sign-Controlled Intersection",2012,"No","Yes","Dark - Lighted Roadway","Straight - Level","Local Street","Dry","Two-Way, Not Divided","None","No Special Feature","Smooth Asphalt",0,0,0,0,0,0,0,"2 lanes",2,0,NA,0,NA
3159,2532,"Emerald Isle","Carteret","Coastal","Commercial","Urban (>70% Developed)",NA,"Rural","40 - 45  MPH","Stop And Go Signal","Clear","No",61,"60-69","No",NA,"With Traffic","O: No Injury","Sidewalk / Crosswalk / Driveway Crossing","White","Female",23,"20-24","No",NA,"21-25 mph","O: No Injury","White","Female","Sport Utility","No","07OCT2012","Sunday","Bicyclist Failed to Yield - Signalized Intersection",11,"Intersection","October","O: No Injury",42900,"Bicyclist Ride Out - Signalized  Intersection",2012,"No","No","Daylight","Straight - Level","NC Route","Dry","Two-Way, Not Divided","None","No Special Feature","Smooth Asphalt",0,0,0,0,0,0,0,"9 or more lanes",2,0,NA,0,NA
3160,2544,"Charlotte","Mecklenburg","Piedmont","Commercial","Urban (>70% Developed)",NA,"Urban","30 - 35  MPH","Stop And Go Signal","Clear","No",55,"50-59","No",NA,"Facing Traffic","C: Possible Injury","Travel Lane","Black","Male",25,"25-29","Missing",NA,"0-5 mph","Unknown Injury","Black","Female",NA,"No","20OCT2012","Saturday","Crossing Paths - Other Circumstances",19,"Intersection","October","C: Possible Injury",71940,"Signalized Intersection - Other / Unknown",2012,"Yes","Yes","Dark - Lighted Roadway","Straight - Level","Local Street","Dry","Two-Way, Divided, Unprotected Median","None","No Special Feature","Smooth Asphalt",0,0,0,0,0,0,0,"4 lanes",2,0,NA,0,NA
3161,2550,"Raleigh","Wake","Piedmont","Commercial","Urban (>70% Developed)",NA,"Urban","30 - 35  MPH","Stop And Go Signal","Clear","No",34,"30-39","No",NA,"With Traffic","C: Possible Injury","Travel Lane","Black","Male",21,"20-24","No",NA,"16-20 mph","O: No Injury","White","Male","Passenger Car","No","20OCT2012","Saturday","Bicyclist Failed to Yield - Signalized Intersection",15,"Intersection","October","C: Possible Injury",57300,"Bicyclist Ride Through - Signalized Intersection",2012,"No","No","Daylight","Straight - Level","Local Street","Dry","Two-Way, Divided, Unprotected Median","None","Four-Way Intersection","Smooth Asphalt",0,0,0,0,0,0,0,"5 lanes",2,0,NA,0,NA
3162,2571,"Wilmington","New Hanover","Coastal","Commercial","Urban (>70% Developed)",NA,"Urban","30 - 35  MPH","No Control Present","Clear","No",22,"20-24","No",NA,"With Traffic","B: Evident Injury","Travel Lane","White","Male",NA,NA,"No",NA,"11-15 mph","Unknown Injury","Unknown/Missing",NA,NA,"No","21OCT2012","Sunday","Motorist Failed to Yield - Midblock",15,"Non-Intersection","October","B: Evident Injury",57060,"Motorist Drive Out - Commercial Driveway / Alley",2012,"Yes","Yes","Daylight","Straight - Level","Local Street","Dry","Two-Way, Not Divided","None","No Special Feature","Coarse Asphalt",0,0,0,0,0,0,0,"2 lanes",2,0,NA,0,NA
3163,2540,"Kinston","Lenoir","Coastal","Residential","Urban (>70% Developed)",NA,"Urban","30 - 35  MPH","Stop Sign","Clear","No",46,"40-49","Yes",NA,"With Traffic","C: Possible Injury","Travel Lane","Black","Male",40,"40-49","No",NA,"0-5 mph","O: No Injury","Black","Male","Sport Utility","Yes","16OCT2012","Tuesday","Motorist Failed to Yield - Sign-Controlled Intersection",21,"Intersection","October","C: Possible Injury",78540,"Motorist Drive Out - Sign-Controlled Intersection",2012,"Yes","No","Dark - Lighted Roadway","Straight - Level","Local Street","Dry","Two-Way, Not Divided","None","Four-Way Intersection","Coarse Asphalt",0,0,0,0,0,0,0,"4 lanes",2,0,NA,0,NA
3164,2553,"Burlington","Alamance","Piedmont","Residential","Urban (>70% Developed)",NA,"Urban","30 - 35  MPH","No Control Present","Clear","No",52,"50-59","Yes",NA,"With Traffic","C: Possible Injury","Travel Lane","Black","Male",62,"60-69","No",NA,"31-35 mph","O: No Injury","Black","Male","Passenger Car","Yes","12OCT2012","Friday","Loss of Control / Turning Error",20,"Intersection-Related","October","C: Possible Injury",75420,"Motorist Turning Error - Left Turn",2012,"Yes","No","Dark - Roadway Not Lighted","Straight - Level","Local Street","Dry","Two-Way, Not Divided","None","No Special Feature","Coarse Asphalt",0,0,0,0,0,0,0,"2 lanes",2,0,NA,0,NA
3165,2558,"Durham","Durham","Piedmont","Residential","Urban (>70% Developed)",NA,"Urban","30 - 35  MPH","Stop Sign","Clear","No",10,"6-10","No",NA,"With Traffic","A: Disabling Injury","Travel Lane","Black","Male",31,"30-39","No",NA,"21-25 mph","O: No Injury","Black","Female","Sport Utility","No","23OCT2012","Tuesday","Bicyclist Failed to Yield - Sign-Controlled Intersection",17,"Intersection","October","A: Disabling Injury",63120,"Bicyclist Ride Through - Sign-Controlled Intersection",2012,"Yes","No","Daylight","Straight - Grade","Local Street","Dry","Two-Way, Not Divided","None","No Special Feature","Coarse Asphalt",0,0,0,0,0,0,0,"2 lanes",2,0,NA,0,NA
3166,2566,"Wilmington","New Hanover","Coastal","Residential","Urban (>70% Developed)",NA,"Urban","20 - 25  MPH","Stop Sign","Clear","No",21,"20-24","No",NA,"With Traffic","C: Possible Injury","Travel Lane","Hispanic","Male",19,"0-19","No",NA,"21-25 mph","O: No Injury","White","Male","Passenger Car","No","06OCT2012","Saturday","Loss of Control / Turning Error",20,"Intersection","October","C: Possible Injury",72180,"Motorist Lost Control - Other / Unknown",2012,"Yes","No","Dark - Lighted Roadway","Straight - Level","Local Street","Dry","Two-Way, Not Divided","None","Four-Way Intersection","Smooth Asphalt",0,0,0,0,0,0,0,"4 lanes",4,0,NA,0,NA
3167,2529,"Wilson","Wilson","Coastal","Commercial","Urban (>70% Developed)",NA,"Urban","40 - 45  MPH","Stop Sign","Cloudy","No",36,"30-39","No",NA,"Facing Traffic","C: Possible Injury","Travel Lane","White","Female",67,"60-69","Yes",NA,"21-25 mph","O: No Injury","White","Male","Pickup","Yes","28SEP2012","Friday","Motorist Failed to Yield - Sign-Controlled Intersection",18,"Intersection","September","C: Possible Injury",65760,"Motorist Drive Out - Sign-Controlled Intersection",2012,"Yes","No","Dusk","Straight - Level","Local Street","Dry","Two-Way, Not Divided","None","T-Intersection","Smooth Asphalt",0,0,0,0,0,0,0,"5 lanes",2,0,NA,0,NA
3168,2583,"Greenville","Pitt","Coastal","Commercial","Urban (>70% Developed)",NA,"Urban","30 - 35  MPH","Stop And Go Signal","Rain","No",NA,NA,"No",NA,"Facing Traffic","C: Possible Injury","Sidewalk / Crosswalk / Driveway Crossing","Black","Male",NA,NA,"Missing",NA,"0-5 mph","Unknown Injury","Unknown/Missing",NA,"Passenger Car","No","27OCT2012","Saturday","Crossing Paths - Other Circumstances",20,"Intersection","October","C: Possible Injury",73680,"Signalized Intersection - Other / Unknown",2012,"No","Yes","Dark - Lighted Roadway","Straight - Level","Local Street","Water (Standing, Moving)","Two-Way, Divided, Unprotected Median","None","Four-Way Intersection","Coarse Asphalt",0,0,0,0,0,0,0,"4 lanes",2,0,NA,0,NA
3169,2593,"Charlotte","Mecklenburg","Piedmont","Residential","Urban (>70% Developed)",NA,"Urban","20 - 25  MPH","No Control Present","Clear","No",11,"11-15","No",NA,"With Traffic","C: Possible Injury","Travel Lane","Black","Male",38,"30-39","No",NA,"16-20 mph","C: Possible Injury","White","Female","Passenger Car","No","05NOV2012","Monday","Bicyclist Failed to Yield - Sign-Controlled Intersection",16,"Intersection","November","C: Possible Injury",59700,"Bicyclist Ride Through - Sign-Controlled Intersection",2012,"Yes","No","Daylight","Straight - Level","Local Street","Dry","Two-Way, Not Divided","None","No Special Feature","Smooth Asphalt",0,0,0,0,0,0,0,"2 lanes",2,0,NA,0,NA
3170,2591,"Charlotte","Mecklenburg","Piedmont","Commercial","Urban (>70% Developed)",NA,"Urban","20 - 25  MPH","Stop Sign","Clear","No",39,"30-39","No",NA,"With Traffic","O: No Injury","Travel Lane","White","Male",23,"20-24","No",NA,"0-5 mph","O: No Injury","White","Female","Passenger Car","No","04NOV2012","Sunday","Motorist Failed to Yield - Sign-Controlled Intersection",0,"Intersection","November","O: No Injury",3060,"Motorist Drive Out - Sign-Controlled Intersection",2012,"Yes","No","Dark - Unknown Lighting","Straight - Level","Local Street","Dry","Two-Way, Not Divided","None","No Special Feature","Smooth Asphalt",0,0,0,0,0,0,0,"2 lanes",2,0,NA,0,NA
3171,2597,"Wrightsville Beach","New Hanover","Coastal","Residential","Urban (>70% Developed)",NA,"Rural","30 - 35  MPH","No Control Present","Clear","No",43,"40-49","No",NA,"With Traffic","Unknown Injury","Travel Lane","Unknown/Missing",NA,59,"50-59","No",NA,"11-15 mph","O: No Injury","White","Female","Passenger Car","No","17OCT2012","Wednesday","Motorist Left Turn / Merge",17,"Intersection","October","O: No Injury",63240,"Motorist Left Turn - Opposite Direction",2012,"No","No","Dusk","Straight - Level","Local Street","Dry","Two-Way, Not Divided","None","No Special Feature","Smooth Asphalt",0,0,0,0,0,0,0,"5 lanes",2,0,NA,0,NA
3172,2600,"None - Rural Crash","Davidson","Piedmont","Farms, Woods, Pastures","Rural (<30% Developed)",NA,"Rural","40 - 45  MPH","No Control Present","Cloudy","No",57,"50-59","Yes",NA,"With Traffic","B: Evident Injury","Travel Lane","Asian","Male",NA,"70+","No",NA,"36-40 mph","O: No Injury","Black","Male","Van","Yes","06NOV2012","Tuesday","Motorist Overtaking Bicyclist",10,"Non-Intersection","November","B: Evident Injury",36960,"Motorist Overtaking - Bicyclist Swerved",2012,"Yes","No","Daylight","Curve - Level","NC Route","Dry","Two-Way, Not Divided","None","No Special Feature","Smooth Asphalt",0,0,0,0,0,0,0,"4 lanes",2,0,NA,0,NA
3173,2604,"Raleigh","Wake","Piedmont","Commercial","Mixed (30% To 70% Developed)",NA,"Urban","30 - 35  MPH","Stop And Go Signal","Clear","No",28,"25-29","No",NA,"With Traffic","C: Possible Injury","Travel Lane","White","Male",17,"0-19","No",NA,"16-20 mph","O: No Injury","White","Female","Sport Utility","No","03NOV2012","Saturday","Motorist Left Turn / Merge",13,"Intersection","November","C: Possible Injury",49860,"Motorist Left Turn - Opposite Direction",2012,"Yes","No","Daylight","Straight - Level","Local Street","Dry","Two-Way, Not Divided","None","Four-Way Intersection","Coarse Asphalt",0,0,0,0,0,0,0,"3 lanes",2,0,NA,0,NA
3174,2606,"Raleigh","Wake","Piedmont","Commercial","Urban (>70% Developed)",NA,"Urban","30 - 35  MPH","No Control Present","Clear","No",63,"60-69","No",NA,"With Traffic","B: Evident Injury","Travel Lane","White","Male",36,"30-39","No",NA,"6-10 mph","O: No Injury","White","Male","Passenger Car","No","07NOV2012","Wednesday","Motorist Left Turn / Merge",15,"Intersection-Related","November","B: Evident Injury",57180,"Motorist Left Turn - Opposite Direction",2012,"Yes","No","Daylight","Straight - Level",NA,"Dry","Two-Way, Not Divided","None","No Special Feature","Smooth Asphalt",0,0,0,0,0,0,0,"2 lanes",2,0,NA,0,NA
3175,2605,"Raleigh","Wake","Piedmont","Residential","Urban (>70% Developed)",NA,"Urban","5 - 15 MPH","No Control Present","Clear","No",8,"6-10","No",NA,"Not Applicable","O: No Injury","Non-Roadway","White","Female",37,"30-39","No",NA,"0-5 mph","O: No Injury","White","Male","Light Truck (Mini-Van, Panel)","No","03NOV2012","Saturday","Non-Roadway",17,"Non-Roadway","November","O: No Injury",63000,"Non-Roadway",2012,"Yes","No","Daylight","Straight - Level","Private Road, Driveway","Dry","Two-Way, Not Divided","None","Driveway, Private","Smooth Asphalt",0,0,0,0,0,0,0,"2 lanes",2,0,NA,0,NA
3176,2612,"Charlotte","Mecklenburg","Piedmont","Commercial","Urban (>70% Developed)",NA,"Urban","30 - 35  MPH","Stop And Go Signal","Clear","No",17,"16-19","No",NA,"Facing Traffic","C: Possible Injury","Sidewalk / Crosswalk / Driveway Crossing","Black","Male",NA,NA,"Missing",NA,"31-35 mph","Unknown Injury","Unknown/Missing",NA,NA,"No","10NOV2012","Saturday","Crossing Paths - Other Circumstances",12,"Intersection","November","C: Possible Injury",45840,"Signalized Intersection - Other / Unknown",2012,"Yes","Yes","Daylight","Straight - Level","Local Street","Dry","Two-Way, Divided, Unprotected Median","None","No Special Feature","Smooth Asphalt",0,0,0,0,0,0,0,"4 lanes",2,0,NA,0,NA
3177,2646,"Hendersonville","Henderson","Mountains","Commercial","Urban (>70% Developed)",NA,"Urban","30 - 35  MPH","No Control Present","Clear","No",NA,"70+","No",NA,"With Traffic","A: Disabling Injury","Bike Lane / Paved Shoulder","White","Male",32,"30-39","No",NA,"31-35 mph","O: No Injury","Black","Male","Passenger Car","No","29OCT2012","Monday","Motorist Overtaking Bicyclist",19,"Non-Intersection","October","A: Disabling Injury",69360,"Motorist Overtaking - Other / Unknown",2012,"Yes","No","Dark - Lighted Roadway","Straight - Level","Local Street","Dry","Two-Way, Divided, Unprotected Median","None","No Special Feature","Coarse Asphalt",0,0,0,0,0,0,0,"5 lanes",2,0,NA,0,NA