"...1","object_id","city","county","region","development","locality","on_road","rural_urban","speed_limit","traffic_control","weather","workzone","bike_age","bike_age_group","bike_alcohol","bike_alcohol_drugs","bike_direction","bike_injury","bike_position","bike_race","bike_sex","driver_age","driver_age_group","driver_alcohol","driver_alcohol_drugs","driver_est_speed","driver_injury","driver_race","driver_sex","driver_vehicle_type","crash_alcohol","crash_date","crash_day","crash_group","crash_hour","crash_location","crash_month","crash_severity","crash_time","crash_type","crash_year","ambulance_req","hit_run","light_condition","road_character","road_class","road_condition","road_configuration","road_defects","road_feature","road_surface","num_bikes_ai","num_bikes_bi","num_bikes_ci","num_bikes_ki","num_bikes_no","num_bikes_to","num_bikes_ui","num_lanes","num_units","distance_mi_from","frm_road","rte_invd_cd","towrd_road"
3178,2625,"Greenville","Pitt","Coastal","Commercial","Urban (>70% Developed)",NA,"Urban","40 - 45  MPH","No Control Present","Rain","No",48,"40-49","No",NA,"Facing Traffic","A: Disabling Injury","Travel Lane","Black","Male",56,"50-59","No",NA,"36-40 mph","O: No Injury","Black","Female","Van","No","07NOV2012","Wednesday","Bicyclist Failed to Yield - Sign-Controlled Intersection",18,"Intersection-Related","November","A: Disabling Injury",67740,"Bicyclist Ride Through - Sign-Controlled Intersection",2012,"Yes","No","Dark - Lighted Roadway","Straight - Level","Local Street","Wet","Two-Way, Not Divided","None","No Special Feature","Coarse Asphalt",0,0,0,0,0,0,0,"5 lanes",2,0,NA,0,NA
3179,2638,"None - Rural Crash","Cleveland","Mountains","Farms, Woods, Pastures","Rural (<30% Developed)",NA,"Rural","50 - 55  MPH","Double Yellow Line, No Passing Zone","Clear","No",59,"50-59","No",NA,"With Traffic","C: Possible Injury","Travel Lane","White","Male",55,"50-59","No",NA,"51-55 mph","O: No Injury","White","Male","Pickup","No","19NOV2012","Monday","Motorist Overtaking Bicyclist",17,"Non-Intersection","November","C: Possible Injury",61860,"Motorist Overtaking - Other / Unknown",2012,"Yes","No","Dusk","Straight - Grade","State Secondary Route","Dry","Two-Way, Not Divided","None","No Special Feature","Smooth Asphalt",0,0,0,0,0,0,0,"9 or more lanes",2,0,NA,0,NA
3180,2621,"Gastonia","Gaston","Piedmont","Residential","Urban (>70% Developed)",NA,"Urban","30 - 35  MPH","Stop And Go Signal","Clear","No",54,"50-59","No",NA,"Facing Traffic","Unknown Injury","Travel Lane","Black","Male",NA,NA,"Missing",NA,"0-5 mph","Unknown Injury","Unknown/Missing",NA,"Sport Utility","No","24OCT2012","Wednesday","Motorist Failed to Yield - Signalized Intersection",9,"Intersection","October","Unknown Injury",35700,"Motorist Drive Out - Right Turn on Red",2012,"No","Yes","Daylight","Straight - Level","Local Street","Dry","Two-Way, Not Divided",NA,"Four-Way Intersection","Smooth Asphalt",0,0,0,0,0,0,0,"2 lanes",2,0,NA,0,NA
3181,2614,"None - Rural Crash","New Hanover","Coastal","Residential","Mixed (30% To 70% Developed)",NA,"Rural","40 - 45  MPH","No Control Present","Clear","No",23,"20-24","No",NA,"Facing Traffic","C: Possible Injury","Travel Lane","White","Male",NA,"70+","No",NA,"0-5 mph","O: No Injury","White","Male","Van","No","11NOV2012","Sunday","Motorist Failed to Yield - Midblock",10,"Non-Intersection","November","C: Possible Injury",38100,"Motorist Drive Out - Commercial Driveway / Alley",2012,"Yes","No","Daylight","Straight - Level","US Route","Dry","Two-Way, Divided, Unprotected Median","None","Driveway, Public","Coarse Asphalt",0,0,0,0,0,0,0,"4 lanes",2,0,NA,0,NA
3182,2627,"Charlotte","Mecklenburg","Piedmont","Commercial","Mixed (30% To 70% Developed)",NA,"Urban","50 - 55  MPH","No Control Present","Clear","No",64,"60-69","Yes",NA,"With Traffic","C: Possible Injury","Travel Lane","Black","Male",41,"40-49","No",NA,"11-15 mph","O: No Injury","White","Male","Pickup","Yes","14NOV2012","Wednesday","Crossing Paths - Other Circumstances",16,"Intersection","November","C: Possible Injury",59700,"Crossing Paths - Intersection - Other / Unknown",2012,"No","No","Daylight","Straight - Level","NC Route","Dry","Two-Way, Divided, Unprotected Median","None","No Special Feature","Smooth Asphalt",0,0,0,0,0,0,0,"3 lanes",2,0,NA,0,NA
3183,2649,"Jacksonville","Onslow","Coastal","Residential","Urban (>70% Developed)",NA,"Urban","20 - 25  MPH","Stop Sign","Clear","No",15,"11-15","No",NA,"Facing Traffic","C: Possible Injury","Travel Lane","Black","Male",47,"40-49","No",NA,"11-15 mph","O: No Injury","White","Male","Passenger Car","No","31OCT2012","Wednesday","Motorist Failed to Yield - Sign-Controlled Intersection",17,"Intersection","October","C: Possible Injury",61500,"Motorist Drive Out - Sign-Controlled Intersection",2012,"No","No","Daylight","Straight - Level","Local Street","Dry","Two-Way, Not Divided","None","No Special Feature","Smooth Asphalt",0,0,0,0,0,0,0,"2 lanes",2,0,NA,0,NA
3184,2642,"Wilson","Wilson","Coastal","Residential","Urban (>70% Developed)",NA,"Urban","30 - 35  MPH","No Control Present","Clear","No",19,"16-19","Yes",NA,"Facing Traffic","C: Possible Injury","Travel Lane","White","Male",58,"50-59","No",NA,"0-5 mph","O: No Injury","White","Male","Passenger Car","Yes","18OCT2012","Thursday","Motorist Failed to Yield - Midblock",17,"Non-Intersection","October","C: Possible Injury",62520,"Motorist Drive Out - Commercial Driveway / Alley",2012,"Yes","No","Daylight","Straight - Level","Public Vehicular Area","Dry","Two-Way, Not Divided","None","Driveway, Public","Coarse Asphalt",0,0,0,0,0,0,0,NA,2,0,NA,0,NA
3185,2637,"Wilson","Wilson","Coastal","Residential","Urban (>70% Developed)",NA,"Urban","30 - 35  MPH","No Control Present","Cloudy","No",21,"20-24","No",NA,"Not Applicable","A: Disabling Injury","Driveway / Alley","Black","Male",36,"30-39","No",NA,"31-35 mph","O: No Injury","Black","Male","Passenger Car","No","15OCT2012","Monday","Bicyclist Failed to Yield - Midblock",14,"Non-Intersection","October","A: Disabling Injury",53220,"Bicyclist Ride Out - Residential Driveway",2012,"Yes","No","Daylight","Straight - Level","Local Street","Dry","Two-Way, Not Divided","None","No Special Feature","Coarse Asphalt",0,0,0,0,0,0,0,"2 lanes",2,0,NA,0,NA
3186,2752,"Chapel Hill","Orange","Piedmont","Institutional","Urban (>70% Developed)",NA,"Urban","20 - 25  MPH","Stop And Go Signal","Cloudy","No",18,"16-19","No",NA,"With Traffic","B: Evident Injury","Sidewalk / Crosswalk / Driveway Crossing","Black","Female",26,"25-29","No",NA,"0-5 mph","O: No Injury","White","Female","Sport Utility","No","05DEC2012","Wednesday","Bicyclist Failed to Yield - Signalized Intersection",10,"Intersection","December","B: Evident Injury",38460,"Bicyclist Failed to Clear - Multiple Threat",2012,"Yes","No","Daylight","Straight - Level","Local Street","Dry","Two-Way, Not Divided","None","No Special Feature","Smooth Asphalt",0,0,0,0,0,0,0,"3 lanes",2,0,NA,0,NA
3187,2776,"Cary","Wake","Piedmont","Residential","Urban (>70% Developed)",NA,"Urban","20 - 25  MPH","Stop Sign","Clear","No",17,"16-19","No",NA,"Facing Traffic","C: Possible Injury","Sidewalk / Crosswalk / Driveway Crossing","Asian","Male",17,"0-19","No",NA,"0-5 mph","O: No Injury","White","Female","Sport Utility","No","14JAN2011","Friday","Motorist Failed to Yield - Sign-Controlled Intersection",17,"Intersection","January","C: Possible Injury",63600,"Motorist Drive Out - Sign-Controlled Intersection",2011,"No","No","Dark - Lighted Roadway","Straight - Hillcrest","Local Street","Dry","Two-Way, Not Divided","None","T-Intersection","Smooth Asphalt",0,0,0,0,0,0,0,"2 lanes",2,0,NA,0,NA
3188,2725,"Wilmington","New Hanover","Coastal","Commercial","Urban (>70% Developed)",NA,"Urban","30 - 35  MPH","No Control Present","Cloudy","No",18,"16-19","No",NA,"With Traffic","B: Evident Injury","Bike Lane / Paved Shoulder","White","Male",24,"20-24","No",NA,"16-20 mph","O: No Injury","White","Male","Passenger Car","No","04DEC2012","Tuesday","Motorist Right Turn / Merge",17,"Non-Intersection","December","B: Evident Injury",64080,"Motorist Right Turn - Same Direction",2012,"Yes","No","Dark - Lighted Roadway","Straight - Level","Local Street","Dry","Two-Way, Divided, Unprotected Median","None","Driveway, Public","Coarse Asphalt",0,0,0,0,0,0,0,"3 lanes",2,0,NA,0,NA
3189,2734,"Spring Lake","Cumberland","Coastal","Commercial","Rural (<30% Developed)",NA,"Urban","40 - 45  MPH","No Control Present","Rain","No",29,"25-29","No",NA,"With Traffic","B: Evident Injury","Travel Lane","Black","Male",NA,NA,"Missing",NA,"41-45 mph","Unknown Injury","Unknown/Missing",NA,NA,"No","21DEC2012","Friday","Motorist Overtaking Bicyclist",23,"Non-Intersection","December","B: Evident Injury",83580,"Motorist Overtaking - Other / Unknown",2012,"Yes","Yes","Dark - Roadway Not Lighted","Straight - Level","Local Street","Wet","Two-Way, Not Divided","None","No Special Feature","Smooth Asphalt",0,0,0,0,0,0,0,"5 lanes",2,0,NA,0,NA
3190,2729,"Greensboro","Guilford","Piedmont","Residential","Urban (>70% Developed)",NA,"Urban","30 - 35  MPH","Stop Sign","Cloudy","No",24,"20-24","No",NA,"With Traffic","C: Possible Injury","Travel Lane","White","Male",20,"20-24","No",NA,"0-5 mph","O: No Injury","Black","Male","Passenger Car","No","17DEC2012","Monday","Motorist Failed to Yield - Sign-Controlled Intersection",3,"Intersection","December","C: Possible Injury",12180,"Motorist Drive Out - Sign-Controlled Intersection",2012,"Yes","No","Dark - Roadway Not Lighted","Straight - Level","Local Street","Wet","Two-Way, Not Divided","None","T-Intersection","Coarse Asphalt",0,0,0,0,0,0,0,"2 lanes",2,0,NA,0,NA
3191,2737,"Greenville","Pitt","Coastal","Commercial","Urban (>70% Developed)",NA,"Urban","40 - 45  MPH","No Control Present","Clear","No",29,"25-29","No",NA,"Not Applicable","B: Evident Injury","Sidewalk / Crosswalk / Driveway Crossing","Black","Male",24,"20-24","No",NA,"36-40 mph","O: No Injury","Black","Male","Passenger Car","No","19DEC2012","Wednesday","Other / Unknown - Insufficient Details",13,"Non-Intersection","December","B: Evident Injury",47460,"Unknown Approach Paths",2012,"Yes","No","Daylight","Straight - Level","US Route","Dry","Two-Way, Divided, Unprotected Median","None","No Special Feature","Smooth Asphalt",0,0,0,0,0,0,0,"5 lanes",2,0,NA,0,NA
3192,2732,"None - Rural Crash","Pitt","Coastal","Farms, Woods, Pastures","Rural (<30% Developed)",NA,"Rural","50 - 55  MPH","No Control Present","Clear","No",NA,"70+","No",NA,"With Traffic","B: Evident Injury","Travel Lane","Hispanic","Male",19,"0-19","No",NA,"46-50 mph","B: Evident Injury","Hispanic","Male","Passenger Car","No","11DEC2012","Tuesday","Motorist Overtaking Bicyclist",7,"Non-Intersection","December","B: Evident Injury",28320,"Motorist Overtaking - Other / Unknown",2012,"Yes","No","Daylight","Straight - Level","State Secondary Route","Dry","Two-Way, Not Divided","None","No Special Feature","Coarse Asphalt",0,0,0,0,0,0,0,"2 lanes",2,0,NA,0,NA
3193,2735,"Durham","Durham","Piedmont","Residential","Urban (>70% Developed)",NA,"Urban","30 - 35  MPH","Stop And Go Signal","Clear","No",26,"25-29","No",NA,"With Traffic","B: Evident Injury","Travel Lane","White","Female",26,"25-29","No",NA,"31-35 mph","O: No Injury","Black","Female","Passenger Car","No","23DEC2012","Sunday","Bicyclist Failed to Yield - Signalized Intersection",15,"Intersection","December","B: Evident Injury",54420,"Bicyclist Ride Through - Signalized Intersection",2012,"No","No","Daylight","Straight - Level","Local Street","Dry","Two-Way, Not Divided","None","No Special Feature","Coarse Asphalt",0,0,0,0,0,0,0,"3 lanes",2,0,NA,0,NA
3194,2764,"New Bern","Craven","Coastal","Institutional","Urban (>70% Developed)",NA,"Urban","20 - 25  MPH","Stop Sign","Clear","No",6,"6-10","No",NA,"With Traffic","B: Evident Injury","Travel Lane","Asian","Male",41,"40-49","No",NA,"21-25 mph","O: No Injury","White","Female","Sport Utility","No","25MAY2012","Friday","Bicyclist Failed to Yield - Sign-Controlled Intersection",19,"Intersection","May","B: Evident Injury",68580,"Bicyclist Ride Through - Sign-Controlled Intersection",2012,"Yes","No","Daylight","Straight - Level","Local Street","Dry","Two-Way, Not Divided","None","T-Intersection","Smooth Asphalt",0,0,0,0,0,0,0,"2 lanes",2,0,NA,0,NA
3195,2723,"Morehead City","Carteret","Coastal","Residential","Urban (>70% Developed)",NA,"Urban","20 - 25  MPH","No Control Present","Clear","No",61,"60-69","No",NA,"With Traffic","Unknown Injury","Travel Lane","Black","Male",20,"20-24","No",NA,"11-15 mph","Unknown Injury","White","Male","Pickup","No","05DEC2012","Wednesday","Motorist Overtaking Bicyclist",16,"Intersection-Related","December","Unknown Injury",58020,"Motorist Overtaking - Undetected Bicyclist",2012,"Yes","No","Daylight","Straight - Level","Local Street","Dry","Two-Way, Not Divided","None","No Special Feature","Smooth Asphalt",0,0,0,0,0,0,0,"2 lanes",2,0,NA,0,NA
3196,2856,"Raleigh","Wake","Piedmont","Commercial","Urban (>70% Developed)",NA,"Urban","40 - 45  MPH","Stop And Go Signal","Clear","No",59,"50-59","No",NA,"With Traffic","C: Possible Injury","Sidewalk / Crosswalk / Driveway Crossing","Black","Male",NA,NA,"Missing",NA,"16-20 mph","Unknown Injury","Unknown/Missing",NA,NA,"No","18FEB2011","Friday","Motorist Right Turn / Merge",21,"Intersection","February","C: Possible Injury",76500,"Motorist Right Turn - Same Direction",2011,"No","Yes","Dark - Lighted Roadway","Straight - Level","Local Street","Dry","Two-Way, Divided, Positive Median Barrier","None","Four-Way Intersection","Smooth Asphalt",0,0,0,0,0,0,0,"6 lanes",2,0,NA,0,NA
3197,2882,"Charlotte","Mecklenburg","Piedmont","Residential","Urban (>70% Developed)",NA,"Urban","40 - 45  MPH","Stop Sign","Clear","No",12,"11-15","No",NA,"Not Applicable","C: Possible Injury","Sidewalk / Crosswalk / Driveway Crossing","Black","Male",61,"60-69","No",NA,"31-35 mph","O: No Injury","White","Female","Passenger Car","No","24MAR2011","Thursday","Crossing Paths - Other Circumstances",17,"Intersection","March","C: Possible Injury",64200,"Crossing Paths - Intersection - Other / Unknown",2011,"No","No","Daylight","Straight - Level","Local Street","Dry","Two-Way, Not Divided","None","No Special Feature","Smooth Asphalt",0,0,0,0,0,0,0,"2 lanes",2,0,NA,0,NA
3198,2850,"Charlotte","Mecklenburg","Piedmont","Commercial","Urban (>70% Developed)",NA,"Urban","30 - 35  MPH","Stop And Go Signal","Cloudy","No",50,"50-59","No",NA,NA,"C: Possible Injury","Sidewalk / Crosswalk / Driveway Crossing","White","Male",20,"20-24","No",NA,NA,"O: No Injury","Hispanic","Male","Sport Utility","No","10MAR2011","Thursday","Crossing Paths - Other Circumstances",17,"Intersection","March","C: Possible Injury",62100,"Crossing Paths - Intersection - Other / Unknown",2011,"No","No","Dawn","Straight - Hillcrest","Local Street","Dry","Two-Way, Not Divided","None","Four-Way Intersection","Smooth Asphalt",0,0,0,0,0,0,0,"3 lanes",2,0,NA,0,NA
3199,2871,"Jacksonville","Onslow","Coastal","Commercial","Urban (>70% Developed)",NA,"Urban","40 - 45  MPH","Double Yellow Line, No Passing Zone","Clear","No",18,"16-19","No",NA,"Not Applicable","A: Disabling Injury","Travel Lane","Black","Male",29,"25-29","No",NA,"36-40 mph","O: No Injury","Black","Female","Passenger Car","No","05MAR2011","Saturday","Bicyclist Failed to Yield - Midblock",13,"Non-Intersection","March","A: Disabling Injury",47580,"Multiple Threat - Midblock",2011,"Yes","No","Daylight","Straight - Level","US Route","Dry","Two-Way, Divided, Unprotected Median","None","No Special Feature","Smooth Asphalt",0,0,0,0,0,0,0,"4 lanes",3,0,NA,0,NA
3200,2851,"Wilmington","New Hanover","Coastal","Residential","Urban (>70% Developed)",NA,"Urban","20 - 25  MPH","Stop Sign","Clear","No",25,"25-29","No",NA,"Facing Traffic","B: Evident Injury","Travel Lane","Black","Male",21,"20-24","No",NA,"6-10 mph","O: No Injury","White","Female","Sport Utility","No","08MAR2011","Tuesday","Motorist Failed to Yield - Sign-Controlled Intersection",13,"Intersection","March","B: Evident Injury",48300,"Motorist Drive Out - Sign-Controlled Intersection",2011,"Yes","No","Daylight","Straight - Level","Local Street","Dry","Two-Way, Not Divided","None","T-Intersection","Smooth Asphalt",0,0,0,0,0,0,0,"5 lanes",2,0,NA,0,NA
3201,3542,"Charlotte","Mecklenburg","Piedmont","Residential","Urban (>70% Developed)",NA,"Urban","40 - 45  MPH","No Control Present","Clear","No",42,"40-49","No",NA,"With Traffic","C: Possible Injury","Bike Lane / Paved Shoulder","White","Male",NA,"70+","No",NA,"36-40 mph","O: No Injury","White","Male","Passenger Car","No","25OCT2011","Tuesday","Motorist Left Turn / Merge",18,"Intersection","October","C: Possible Injury",66420,"Motorist Left Turn - Opposite Direction",2011,"No","No","Dusk","Straight - Level","Local Street","Dry","Two-Way, Divided, Positive Median Barrier","None","No Special Feature","Smooth Asphalt",0,0,0,0,0,0,0,"1 lane",2,0,NA,0,NA
3202,3546,"Asheboro","Randolph","Piedmont","Commercial","Urban (>70% Developed)",NA,"Urban","30 - 35  MPH","No Control Present","Clear","No",21,"20-24","No",NA,"Facing Traffic","C: Possible Injury","Bike Lane / Paved Shoulder","Black","Male",69,"60-69","No",NA,"6-10 mph","O: No Injury","White","Male","Pickup","No","17OCT2011","Monday","Head-On",13,"Non-Intersection","October","C: Possible Injury",50040,"Head-On - Bicyclist",2011,"No","No","Daylight","Straight - Grade","NC Route","Dry","Two-Way, Not Divided","None","No Special Feature","Smooth Asphalt",0,0,0,0,0,0,0,"3 lanes",2,0,NA,0,NA
3203,3550,"Hendersonville","Henderson","Mountains","Commercial","Urban (>70% Developed)",NA,"Urban","30 - 35  MPH","No Control Present","Clear","No",43,"40-49","No",NA,"With Traffic","B: Evident Injury","Travel Lane","White","Male",25,"25-29","No",NA,"21-25 mph","O: No Injury","White","Female","Sport Utility","No","05OCT2011","Wednesday","Motorist Overtaking Bicyclist",7,"Non-Intersection","October","B: Evident Injury",28500,"Motorist Overtaking - Other / Unknown",2011,"Yes","No","Daylight","Straight - Hillcrest","US Route","Dry","Two-Way, Not Divided","None","Bridge Approach","Coarse Asphalt",0,0,0,0,0,0,0,"5 lanes",2,0,NA,0,NA
3204,3554,"Raleigh","Wake","Piedmont","Commercial","Urban (>70% Developed)",NA,"Urban","40 - 45  MPH","Stop And Go Signal","Clear","No",40,"40-49","No",NA,"With Traffic","C: Possible Injury","Travel Lane","Black","Male",NA,NA,"Missing",NA,"6-10 mph","Unknown Injury","Unknown/Missing",NA,"Passenger Car","No","13NOV2011","Sunday","Crossing Paths - Other Circumstances",23,"Intersection","November","C: Possible Injury",86220,"Signalized Intersection - Other / Unknown",2011,"No","Yes","Dark - Lighted Roadway","Straight - Hillcrest","Local Street","Dry","Two-Way, Divided, Unprotected Median","None","No Special Feature","Smooth Asphalt",0,0,0,0,0,0,0,"7 lanes",2,0,NA,0,NA
3205,3562,"None - Rural Crash","Robeson","Coastal","Farms, Woods, Pastures","Rural (<30% Developed)",NA,"Rural","50 - 55  MPH","Double Yellow Line, No Passing Zone","Clear","No",52,"50-59","No",NA,"With Traffic","B: Evident Injury","Travel Lane","Native American","Male",38,"30-39","No",NA,"51-55 mph","O: No Injury","Native American","Female","Passenger Car","No","15NOV2011","Tuesday","Motorist Overtaking Bicyclist",11,"Non-Intersection","November","B: Evident Injury",42960,"Motorist Overtaking - Misjudged Space",2011,"Yes","Yes","Daylight","Straight - Level","State Secondary Route","Dry","Two-Way, Not Divided","None","No Special Feature","Coarse Asphalt",0,0,0,0,0,0,0,"2 lanes",2,0,NA,0,NA
3206,3577,"Charlotte","Mecklenburg","Piedmont","Commercial","Urban (>70% Developed)",NA,"Urban","30 - 35  MPH","Stop And Go Signal","Clear","No",31,"30-39","No",NA,"With Traffic","C: Possible Injury","Sidewalk / Crosswalk / Driveway Crossing","White","Male",NA,"70+","No",NA,"21-25 mph","O: No Injury","White","Male","Sport Utility","No","02NOV2011","Wednesday","Motorist Left Turn / Merge",8,"Intersection","November","C: Possible Injury",31920,"Motorist Left Turn - Opposite Direction",2011,"No","No","Daylight","Straight - Level","Local Street","Dry","Two-Way, Divided, Unprotected Median","None","No Special Feature","Smooth Asphalt",0,0,0,0,0,0,0,"4 lanes",2,0,NA,0,NA
3207,3578,"Winston-Salem","Forsyth","Piedmont","Residential","Urban (>70% Developed)",NA,"Urban","40 - 45  MPH","No Control Present","Cloudy","No",27,"25-29","No",NA,"With Traffic","B: Evident Injury","Travel Lane","Hispanic","Male",51,"50-59","No",NA,"41-45 mph","O: No Injury","White","Male","Pickup","No","03NOV2011","Thursday","Motorist Overtaking Bicyclist",20,"Non-Intersection","November","B: Evident Injury",74580,"Motorist Overtaking - Other / Unknown",2011,"Yes","No","Dark - Roadway Not Lighted","Straight - Level","Local Street","Dry","Two-Way, Divided, Unprotected Median","None","No Special Feature","Smooth Asphalt",0,0,0,0,0,0,0,"2 lanes",2,0,NA,0,NA
3208,3580,"None - Rural Crash","Scotland","Coastal","Residential","Mixed (30% To 70% Developed)",NA,"Rural","50 - 55  MPH","No Control Present","Clear","No",15,"11-15","No",NA,"With Traffic","B: Evident Injury","Travel Lane","White","Male",34,"30-39","No",NA,"26-30 mph","O: No Injury","Native American","Male","Pickup","No","14NOV2011","Monday","Bicyclist Left Turn / Merge",17,"Non-Intersection","November","B: Evident Injury",62580,"Bicyclist Left Turn - Same Direction",2011,"No","No","Daylight","Straight - Level","State Secondary Route","Dry","Two-Way, Not Divided","None","No Special Feature","Smooth Asphalt",0,0,0,0,0,0,0,"2 lanes",2,0,NA,0,NA
3209,3590,"Gastonia","Gaston","Piedmont","Commercial","Urban (>70% Developed)",NA,"Urban","30 - 35  MPH","No Control Present","Clear","No",39,"30-39","No",NA,"Not Applicable","B: Evident Injury","Travel Lane","White","Male",57,"50-59","No",NA,"16-20 mph","O: No Injury","White","Female","Passenger Car","No","08NOV2011","Tuesday","Bicyclist Failed to Yield - Midblock",12,"Non-Intersection","November","B: Evident Injury",44760,"Multiple Threat - Midblock",2011,"Yes","No","Daylight","Straight - Grade","NC Route","Dry","Two-Way, Not Divided","None","No Special Feature","Smooth Asphalt",0,0,0,0,0,0,0,"5 lanes",2,0,NA,0,NA
3210,3598,"Wilmington","New Hanover","Coastal","Commercial","Urban (>70% Developed)",NA,"Urban","20 - 25  MPH","No Control Present","Clear","No",NA,"70+","No",NA,"With Traffic","Unknown Injury","Sidewalk / Crosswalk / Driveway Crossing","White","Male",65,"60-69","No",NA,"0-5 mph","O: No Injury","White","Male","Taxicab","No","08NOV2011","Tuesday","Loss of Control / Turning Error",6,"Non-Intersection","November","O: No Injury",24900,"Bicyclist Turning Error - Right Turn",2011,"Yes","No","Daylight","Straight - Level","Public Vehicular Area","Dry","Two-Way, Not Divided","None","Driveway, Public","Concrete",0,0,0,0,0,0,0,"2 lanes",2,0,NA,0,NA
3211,3604,"Belmont","Gaston","Piedmont","Residential","Mixed (30% To 70% Developed)",NA,"Urban","40 - 45  MPH","Stop And Go Signal","Clear","No",7,"6-10","No",NA,"Facing Traffic","C: Possible Injury","Sidewalk / Crosswalk / Driveway Crossing","White","Female",38,"30-39","No",NA,"41-45 mph","O: No Injury","Black","Male","Passenger Car","No","15NOV2011","Tuesday","Bicyclist Failed to Yield - Signalized Intersection",16,"Intersection","November","C: Possible Injury",58620,"Bicyclist Ride Through - Signalized Intersection",2011,"Yes","No","Daylight","Straight - Level","Local Street","Dry","Two-Way, Divided, Unprotected Median","None","T-Intersection","Coarse Asphalt",0,0,0,0,0,0,0,"3 lanes",2,0,NA,0,NA
3212,3606,"Shelby","Cleveland","Mountains","Commercial","Mixed (30% To 70% Developed)",NA,"Urban","30 - 35  MPH","No Control Present","Cloudy","No",62,"60-69","No",NA,"With Traffic","B: Evident Injury","Travel Lane","White","Male",25,"25-29","No",NA,"26-30 mph","O: No Injury","Black","Female","Passenger Car","No","15NOV2011","Tuesday","Motorist Overtaking Bicyclist",9,"Non-Intersection","November","B: Evident Injury",35880,"Motorist Overtaking - Bicyclist Swerved",2011,"Yes","No","Daylight","Straight - Grade","State Secondary Route","Dry","Two-Way, Not Divided","None","No Special Feature","Concrete",0,0,0,0,0,0,0,"2 lanes",2,0,NA,0,NA
3213,3607,"Raleigh","Wake","Piedmont","Institutional","Urban (>70% Developed)",NA,"Urban","20 - 25  MPH","No Control Present","Clear","No",21,"20-24","No",NA,"With Traffic","A: Disabling Injury","Travel Lane","White","Male",19,"0-19","No",NA,"16-20 mph","O: No Injury","White","Male","Sport Utility","No","15NOV2011","Tuesday","Motorist Left Turn / Merge",18,"Non-Intersection","November","A: Disabling Injury",66300,"Motorist Left Turn - Opposite Direction",2011,"Yes","No","Dark - Lighted Roadway","Straight - Grade","Local Street","Dry","Two-Way, Not Divided","None","T-Intersection","Coarse Asphalt",0,0,0,0,0,0,0,"2 lanes",2,0,NA,0,NA
3214,3609,"Charlotte","Mecklenburg","Piedmont","Commercial","Urban (>70% Developed)",NA,"Urban","5 - 15 MPH","No Control Present","Clear","No",51,"50-59","No",NA,"Not Applicable","C: Possible Injury","Non-Roadway","Black","Male",67,"60-69","No",NA,"0-5 mph","O: No Injury","Black","Male","Passenger Car","No","10DEC2011","Saturday","Non-Roadway",16,"Non-Roadway","December","C: Possible Injury",58080,"Non-Roadway",2011,"Yes","No","Daylight","Straight - Level","Public Vehicular Area","Dry","Two-Way, Not Divided","None","Driveway, Private","Smooth Asphalt",0,0,0,0,0,0,0,NA,2,0,NA,0,NA
3215,3615,"None - Rural Crash","Bertie","Coastal","Farms, Woods, Pastures","Rural (<30% Developed)",NA,"Rural","50 - 55  MPH","No Control Present","Clear","No",55,"50-59","Yes",NA,"With Traffic","A: Disabling Injury","Travel Lane","Black","Male",27,"25-29","No",NA,"51-55 mph","O: No Injury","Black","Female","Passenger Car","Yes","30NOV2011","Wednesday","Motorist Overtaking Bicyclist",19,"Non-Intersection","November","A: Disabling Injury",68940,"Motorist Overtaking - Other / Unknown",2011,"Yes","No","Dark - Roadway Not Lighted","Straight - Level","NC Route","Dry","Two-Way, Not Divided","None","No Special Feature","Coarse Asphalt",0,0,0,0,0,0,0,"2 lanes",2,0,NA,0,NA
3216,3617,"Emerald Isle","Carteret","Coastal","Commercial","Urban (>70% Developed)",NA,"Rural","40 - 45  MPH","Stop And Go Signal","Clear","No",62,"60-69","No",NA,"With Traffic","B: Evident Injury","Travel Lane","White","Male",NA,"70+","No",NA,"0-5 mph","O: No Injury","White","Female","Sport Utility","No","26NOV2011","Saturday","Motorist Right Turn / Merge",11,"Intersection","November","B: Evident Injury",41580,"Motorist Right Turn - Same Direction",2011,"Yes","No","Daylight","Straight - Grade","NC Route","Dry","Two-Way, Not Divided","None","Four-Way Intersection","Coarse Asphalt",0,0,0,0,0,0,0,"8 lanes",2,0,NA,0,NA
3217,3623,"None - Rural Crash","Columbus","Coastal","Farms, Woods, Pastures","Rural (<30% Developed)",NA,"Rural","50 - 55  MPH","No Control Present","Clear","No",17,"16-19","No",NA,"With Traffic","O: No Injury","Travel Lane","White","Male",47,"40-49","No",NA,"51-55 mph","O: No Injury","White","Female","Sport Utility","No","15DEC2011","Thursday","Bicyclist Left Turn / Merge",17,"Intersection-Related","December","O: No Injury",63900,"Bicyclist Left Turn - Same Direction",2011,"No","No","Dark - Roadway Not Lighted","Straight - Level","State Secondary Route","Dry","Two-Way, Not Divided","None","T-Intersection","Coarse Asphalt",0,0,0,0,0,0,0,"2 lanes",2,0,NA,0,NA