"...1","object_id","city","county","region","development","locality","on_road","rural_urban","speed_limit","traffic_control","weather","workzone","bike_age","bike_age_group","bike_alcohol","bike_alcohol_drugs","bike_direction","bike_injury","bike_position","bike_race","bike_sex","driver_age","driver_age_group","driver_alcohol","driver_alcohol_drugs","driver_est_speed","driver_injury","driver_race","driver_sex","driver_vehicle_type","crash_alcohol","crash_date","crash_day","crash_group","crash_hour","crash_location","crash_month","crash_severity","crash_time","crash_type","crash_year","ambulance_req","hit_run","light_condition","road_character","road_class","road_condition","road_configuration","road_defects","road_feature","road_surface","num_bikes_ai","num_bikes_bi","num_bikes_ci","num_bikes_ki","num_bikes_no","num_bikes_to","num_bikes_ui","num_lanes","num_units","distance_mi_from","frm_road","rte_invd_cd","towrd_road"
3300,3997,"Boone","Watauga","Mountains","Institutional","Urban (>70% Developed)",NA,"Urban","20 - 25  MPH","No Control Present","Clear","No",20,"20-24","No",NA,"With Traffic","B: Evident Injury","Bike Lane / Paved Shoulder","White","Male",20,"20-24","No",NA,"31-35 mph","O: No Injury","White","Female","Sport Utility","No","15JUN2010","Tuesday","Motorist Right Turn / Merge",10,"Non-Intersection","June","B: Evident Injury",36780,"Motorist Right Turn - Same Direction",2010,"No","No","Daylight","Straight - Level","Local Street","Dry","Two-Way, Not Divided","None","No Special Feature","Smooth Asphalt",0,0,0,0,0,0,0,"6 lanes",2,0,NA,0,NA
3301,6271,"Durham","Durham","Piedmont","Residential","Urban (>70% Developed)",NA,"Urban","20 - 25  MPH","Stop Sign","Clear","No",13,"11-15","No",NA,"Facing Traffic","A: Disabling Injury","Travel Lane","Black","Male",NA,NA,"No",NA,"31-35 mph","Unknown Injury","Unknown/Missing",NA,"Passenger Car","No","02NOV2008","Sunday","Crossing Paths - Other Circumstances",14,"Intersection","November","A: Disabling Injury",53880,"Sign-Controlled Intersection - Other / Unknown",2008,"Yes","Yes","Daylight","Straight - Grade","Local Street","Dry","Two-Way, Not Divided","None","Four-Way Intersection","Smooth Asphalt",0,0,0,0,0,0,0,"2 lanes",2,0,NA,0,NA
3302,6275,"Eastover","Cumberland","Coastal","Residential","Mixed (30% To 70% Developed)",NA,"Rural","40 - 45  MPH","Double Yellow Line, No Passing Zone","Clear","No",53,"50-59","No",NA,"With Traffic","B: Evident Injury","Travel Lane","White","Male",54,"50-59","No",NA,"41-45 mph","O: No Injury","White","Female","Sport Utility","No","06NOV2008","Thursday","Bicyclist Left Turn / Merge",17,"Non-Intersection","November","B: Evident Injury",63420,"Bicyclist Left Turn - Same Direction",2008,"No","No","Dusk","Straight - Level","US Route","Dry","Two-Way, Not Divided","None","No Special Feature","Coarse Asphalt",0,0,0,0,0,0,0,"2 lanes",2,0,NA,0,NA
3303,6280,"Charlotte","Mecklenburg","Piedmont","Commercial","Urban (>70% Developed)",NA,"Urban","5 - 15 MPH","No Control Present","Clear","No",29,"25-29","No",NA,"Facing Traffic","C: Possible Injury","Sidewalk / Crosswalk / Driveway Crossing","Hispanic","Female",17,"0-19","No",NA,"0-5 mph","O: No Injury","White","Female","Passenger Car","No","05NOV2008","Wednesday","Motorist Failed to Yield - Midblock",12,"Non-Intersection","November","C: Possible Injury",44880,"Motorist Drive Out - Commercial Driveway / Alley",2008,"Yes","No","Daylight","Straight - Level","Local Street","Dry","Two-Way, Not Divided","None","No Special Feature","Smooth Asphalt",0,0,0,0,0,0,0,NA,2,0,NA,0,NA
3304,6282,"None - Rural Crash","Currituck","Coastal","Farms, Woods, Pastures","Rural (<30% Developed)",NA,"Rural","50 - 55  MPH","Missing","Clear","No",26,"25-29","Yes",NA,"Facing Traffic","B: Evident Injury","Travel Lane","White","Male",21,"20-24","No",NA,"51-55 mph","O: No Injury","White","Male","Passenger Car","Yes","16OCT2008","Thursday","Bicyclist Right Turn / Merge",20,"Non-Intersection","October","B: Evident Injury",74580,"Bicyclist Right Turn - Opposite Direction",2008,"Yes","No","Dark - Roadway Not Lighted","Curve - Level","US Route","Dry","Two-Way, Not Divided","None","No Special Feature","Coarse Asphalt",0,0,0,0,0,0,0,"5 lanes",2,0,NA,0,NA
3305,6285,"Winston-Salem","Forsyth","Piedmont","Commercial","Urban (>70% Developed)",NA,"Urban","40 - 45  MPH","Stop And Go Signal","Clear","No",43,"40-49","No",NA,"With Traffic","C: Possible Injury","Travel Lane","Black","Male",NA,NA,"No",NA,"11-15 mph","Unknown Injury","Unknown/Missing",NA,"Passenger Car","No","05SEP2008","Friday","Parallel Paths - Other Circumstances",6,"Intersection-Related","September","C: Possible Injury",22860,"Parallel Paths - Other / Unknown",2008,"Yes","Yes","Daylight","Straight - Level","Local Street","Dry","Two-Way, Divided, Positive Median Barrier","None","No Special Feature","Smooth Asphalt",0,0,0,0,0,0,0,"6 lanes",2,0,NA,0,NA
3306,6289,"Charlotte","Mecklenburg","Piedmont","Commercial","Urban (>70% Developed)",NA,"Urban","40 - 45  MPH","Stop And Go Signal","Clear","No",9,"6-10","No",NA,"Not Applicable","Unknown Injury","Travel Lane","Hispanic","Male",44,"40-49","No",NA,"26-30 mph","O: No Injury","White","Female","Passenger Car","No","11NOV2008","Tuesday","Bicyclist Failed to Yield - Midblock",17,"Non-Intersection","November","O: No Injury",63180,"Bicyclist Ride Out - Midblock - Unknown",2008,"No","No","Dark - Lighted Roadway",NA,"Local Street","Dry","Two-Way, Divided, Unprotected Median","None","No Special Feature","Smooth Asphalt",0,0,0,0,0,0,0,"5 lanes",2,0,NA,0,NA
3307,6293,"Carrboro","Orange","Piedmont","Residential","Urban (>70% Developed)",NA,"Urban","30 - 35  MPH","Stop And Go Signal","Clear","No",19,"16-19","No",NA,"Facing Traffic","B: Evident Injury","Travel Lane","White","Male",64,"60-69","No",NA,"21-25 mph","O: No Injury","White","Female","Passenger Car","No","20OCT2008","Monday","Bicyclist Right Turn / Merge",15,"Intersection","October","B: Evident Injury",56760,"Bicyclist Right Turn - Same Direction",2008,"Yes","No","Daylight","Straight - Grade","Local Street","Dry","Two-Way, Not Divided","None","Four-Way Intersection","Smooth Asphalt",0,0,0,0,0,0,0,"3 lanes",2,0,NA,0,NA
3308,6314,"Durham","Durham","Piedmont","Commercial","Urban (>70% Developed)",NA,"Urban","30 - 35  MPH","No Control Present","Clear","No",41,"40-49","No",NA,"With Traffic","O: No Injury","Travel Lane","White","Male",28,"25-29","No",NA,"0-5 mph","O: No Injury","White","Male","Passenger Car","No","03NOV2008","Monday","Motorist Failed to Yield - Midblock",18,"Non-Intersection","November","O: No Injury",65160,"Motorist Drive Out - Commercial Driveway / Alley",2008,"No","No","Dark - Roadway Not Lighted","Straight - Level","Local Street","Dry","Two-Way, Not Divided","None","Driveway, Private","Smooth Asphalt",0,0,0,0,0,0,0,"2 lanes",2,0,NA,0,NA
3309,6317,"None - Rural Crash","Richmond","Piedmont","Farms, Woods, Pastures","Rural (<30% Developed)",NA,"Rural","50 - 55  MPH","Double Yellow Line, No Passing Zone","Clear","No",58,"50-59","No",NA,"With Traffic","B: Evident Injury","Travel Lane","White","Male",NA,NA,"Missing",NA,"36-40 mph","Unknown Injury","Unknown/Missing",NA,NA,"No","29OCT2008","Wednesday","Parallel Paths - Other Circumstances",14,"Non-Intersection","October","B: Evident Injury",50400,"Parallel Paths - Other / Unknown",2008,"No","Yes","Dawn","Straight - Level","NC Route","Dry","Two-Way, Not Divided","None","Underpass","Smooth Asphalt",0,0,0,0,0,0,0,"2 lanes",2,0,NA,0,NA
3310,6319,"None - Rural Crash","Chatham","Piedmont","Farms, Woods, Pastures","Rural (<30% Developed)",NA,"Rural","50 - 55  MPH","No Control Present","Clear","No",NA,"70+","No",NA,"With Traffic","B: Evident Injury","Travel Lane","White","Male",53,"50-59","No",NA,"41-45 mph","O: No Injury","White","Male","Passenger Car","No","02NOV2008","Sunday","Motorist Overtaking Bicyclist",10,"Non-Intersection","November","B: Evident Injury",38580,"Motorist Overtaking - Misjudged Space",2008,"Yes","No","Daylight","Straight - Level","State Secondary Route","Dry","Two-Way, Not Divided","None","No Special Feature","Coarse Asphalt",0,0,0,0,0,0,0,"2 lanes",3,0,NA,0,NA
3311,6320,"Asheville","Buncombe","Mountains","Residential","Urban (>70% Developed)",NA,"Urban","40 - 45  MPH","Double Yellow Line, No Passing Zone","Clear","No",28,"25-29","No",NA,"Facing Traffic","O: No Injury","Bike Lane / Paved Shoulder","Hispanic","Male",37,"30-39","No",NA,"41-45 mph","O: No Injury","White","Male","Police","No","03NOV2008","Monday","Bicyclist Right Turn / Merge",6,"Non-Intersection","November","O: No Injury",22500,"Bicyclist Right Turn - Opposite Direction",2008,"No","No","Dark - Lighted Roadway","Straight - Grade","US Route","Dry","Two-Way, Not Divided","None","No Special Feature","Smooth Asphalt",0,0,0,0,0,0,0,"2 lanes",2,0,NA,0,NA
3312,6323,"None - Rural Crash","Rockingham","Piedmont","Farms, Woods, Pastures","Rural (<30% Developed)",NA,"Rural","50 - 55  MPH","Double Yellow Line, No Passing Zone","Clear","No",56,"50-59","No",NA,"With Traffic","C: Possible Injury","Travel Lane","White","Male",26,"25-29","No",NA,"51-55 mph","O: No Injury","White","Female","Passenger Car","No","07NOV2008","Friday","Motorist Overtaking Bicyclist",17,"Non-Intersection","November","C: Possible Injury",61800,"Motorist Overtaking - Misjudged Space",2008,"Yes","No","Daylight","Straight - Level","State Secondary Route","Dry","Two-Way, Not Divided","None","No Special Feature","Smooth Asphalt",0,0,0,0,0,0,0,"2 lanes",2,0,NA,0,NA
3313,6329,"Durham","Durham","Piedmont","Commercial","Urban (>70% Developed)",NA,"Urban","30 - 35  MPH","No Control Present","Clear","No",22,"20-24","No",NA,"With Traffic","C: Possible Injury","Travel Lane","White","Male",50,"50-59","No",NA,"11-15 mph","O: No Injury","White","Female","Passenger Car","No","06NOV2008","Thursday","Motorist Left Turn / Merge",7,"Non-Intersection","November","C: Possible Injury",28680,"Motorist Left Turn - Opposite Direction",2008,"Yes","No","Daylight","Straight - Level","Local Street","Dry","Two-Way, Not Divided","None","No Special Feature","Coarse Asphalt",0,0,0,0,0,0,0,"4 lanes",2,0,NA,0,NA
3314,6333,"Charlotte","Mecklenburg","Piedmont","Commercial","Urban (>70% Developed)",NA,"Urban","30 - 35  MPH","No Control Present","Cloudy","No",23,"20-24","No",NA,"With Traffic","O: No Injury","Travel Lane","Other","Male",45,"40-49","No",NA,"6-10 mph","O: No Injury","White","Male","Van","No","30NOV2008","Sunday","Motorist Failed to Yield - Midblock",18,"Non-Intersection","November","O: No Injury",67140,"Motorist Drive Out - Commercial Driveway / Alley",2008,"No","No","Dark - Lighted Roadway","Straight - Level","Local Street","Wet","One-Way, Not Divided","None","No Special Feature","Smooth Asphalt",0,0,0,0,0,0,0,"3 lanes",2,0,NA,0,NA
3315,6334,"None - Rural Crash","Brunswick","Coastal","Farms, Woods, Pastures","Rural (<30% Developed)",NA,"Rural","50 - 55  MPH","Double Yellow Line, No Passing Zone","Clear","No",34,"30-39","No",NA,"With Traffic","C: Possible Injury","Travel Lane","White","Female",NA,"70+","No",NA,"31-35 mph","O: No Injury","Black","Male","Pickup","No","09NOV2008","Sunday","Motorist Overtaking Bicyclist",13,"Non-Intersection","November","C: Possible Injury",49200,"Motorist Overtaking - Other / Unknown",2008,"Yes","No","Daylight","Straight - Level","State Secondary Route","Dry","Two-Way, Not Divided","None","No Special Feature","Coarse Asphalt",0,0,0,0,0,0,0,"2 lanes",2,0,NA,0,NA
3316,6347,"Fayetteville","Cumberland","Coastal","Commercial","Urban (>70% Developed)",NA,"Urban","40 - 45  MPH","Stop And Go Signal","Clear","No",50,"50-59","No",NA,"With Traffic","O: No Injury","Travel Lane","Black","Male",69,"60-69","Yes",NA,"21-25 mph","O: No Injury","Black","Male","Pickup","Yes","06DEC2008","Saturday","Motorist Left Turn / Merge",18,"Intersection","December","O: No Injury",67440,"Motorist Left Turn - Opposite Direction",2008,"No","No","Dark - Roadway Not Lighted","Straight - Level","Local Street","Dry","Two-Way, Divided, Unprotected Median","None","Four-Way Intersection","Smooth Asphalt",0,0,0,0,0,0,0,"6 lanes",2,0,NA,0,NA
3317,6351,"Durham","Durham","Piedmont","Commercial","Urban (>70% Developed)",NA,"Urban","30 - 35  MPH","No Control Present","Cloudy","No",38,"30-39","No",NA,"With Traffic","C: Possible Injury","Travel Lane","White","Male",48,"40-49","No",NA,"16-20 mph","O: No Injury","White","Male","Passenger Car","No","14NOV2008","Friday","Motorist Failed to Yield - Sign-Controlled Intersection",19,"Intersection","November","C: Possible Injury",70800,"Motorist Drive Through - Sign-Controlled Intersection",2008,"Yes","No","Dark - Lighted Roadway","Straight - Grade","Local Street","Wet","Two-Way, Not Divided","None","No Special Feature","Smooth Asphalt",0,0,0,0,0,0,0,"4 lanes",2,0,NA,0,NA
3318,6356,"Goldsboro","Wayne","Coastal","Residential","Urban (>70% Developed)",NA,"Urban","40 - 45  MPH","Missing","Rain","No",60,"60-69","No",NA,"With Traffic","O: No Injury","Travel Lane","White","Male",18,"0-19","No",NA,"36-40 mph","O: No Injury","Black","Female","Passenger Car","No","13NOV2008","Thursday","Crossing Paths - Other Circumstances",15,"Intersection","November","O: No Injury",54600,"Crossing Paths - Intersection - Other / Unknown",2008,"No","No","Daylight","Straight - Level","Local Street","Wet","Two-Way, Not Divided","None","No Special Feature","Coarse Asphalt",0,0,0,0,0,0,0,"2 lanes",2,0,NA,0,NA
3319,6357,"Jacksonville","Onslow","Coastal","Commercial","Urban (>70% Developed)",NA,"Urban","20 - 25  MPH","No Control Present","Clear","No",48,"40-49","No",NA,"With Traffic","C: Possible Injury","Travel Lane","Black","Female",43,"40-49","No",NA,"6-10 mph","O: No Injury","White","Male","Pickup","No","14NOV2008","Friday","Bicyclist Left Turn / Merge",9,"Non-Intersection","November","C: Possible Injury",34200,"Bicyclist Left Turn - Same Direction",2008,"No","No","Daylight","Straight - Level","Local Street","Wet","Two-Way, Not Divided","None","No Special Feature","Coarse Asphalt",0,0,0,0,0,0,0,"2 lanes",2,0,NA,0,NA
3320,6360,"Cary","Wake","Piedmont","Commercial","Urban (>70% Developed)",NA,"Urban","30 - 35  MPH","Stop And Go Signal","Rain","No",17,"16-19","No",NA,"Facing Traffic","B: Evident Injury","Sidewalk / Crosswalk / Driveway Crossing","White","Male",NA,NA,"Missing",NA,NA,"Unknown Injury","Unknown/Missing",NA,"Van","No","11DEC2008","Thursday","Crossing Paths - Other Circumstances",7,"Intersection","December","B: Evident Injury",25200,"Signalized Intersection - Other / Unknown",2008,"No","Yes","Dark - Lighted Roadway","Straight - Level","State Secondary Route","Wet","Two-Way, Not Divided","Road Surface Condition","Four-Way Intersection","Coarse Asphalt",0,0,0,0,0,0,0,NA,2,0,NA,0,NA
3321,6370,"Smithfield","Johnston","Coastal","Commercial","Urban (>70% Developed)",NA,"Urban","40 - 45  MPH","No Control Present","Clear","No",35,"30-39","No",NA,"With Traffic","B: Evident Injury","Bike Lane / Paved Shoulder","White","Male",43,"40-49","No",NA,"26-30 mph","O: No Injury","Black","Male","Van","No","01DEC2008","Monday","Bicyclist Left Turn / Merge",7,"Non-Intersection","December","B: Evident Injury",26820,"Bicyclist Left Turn - Same Direction",2008,"Yes","No","Daylight","Straight - Level","Local Street","Dry","Two-Way, Divided, Unprotected Median","None","Bridge","Coarse Asphalt",0,0,0,0,0,0,0,"4 lanes",2,0,NA,0,NA
3322,6379,"Charlotte","Mecklenburg","Piedmont","Farms, Woods, Pastures","Rural (<30% Developed)",NA,"Urban","50 - 55  MPH","No Control Present","Clear","No",40,"40-49","No",NA,"With Traffic","B: Evident Injury","Travel Lane","White","Male",55,"50-59","No",NA,"51-55 mph","O: No Injury","White","Female","Passenger Car","No","14OCT2008","Tuesday","Motorist Overtaking Bicyclist",18,"Non-Intersection","October","B: Evident Injury",64800,"Motorist Overtaking - Undetected Bicyclist",2008,"Yes","No","Daylight","Straight - Level","Local Street","Dry","Two-Way, Divided, Unprotected Median","None","No Special Feature","Coarse Asphalt",0,0,0,0,0,0,0,"4 lanes",2,0,NA,0,NA
3323,6384,"Raleigh","Wake","Piedmont","Commercial","Urban (>70% Developed)",NA,"Urban","30 - 35  MPH","Stop And Go Signal","Cloudy","No",18,"16-19","No",NA,"With Traffic","C: Possible Injury","Sidewalk / Crosswalk / Driveway Crossing","White","Male",52,"50-59","No",NA,"0-5 mph","O: No Injury","Black","Male","Sport Utility","No","26SEP2008","Friday","Bicyclist Failed to Yield - Signalized Intersection",19,"Intersection","September","C: Possible Injury",69540,"Bicyclist Ride Through - Signalized Intersection",2008,"No","No","Daylight","Straight - Level","Local Street","Dry","One-Way, Not Divided","None","Four-Way Intersection","Smooth Asphalt",0,0,0,0,0,0,0,"4 lanes",2,0,NA,0,NA
3324,6409,"Greenville","Pitt","Coastal","Commercial","Urban (>70% Developed)",NA,"Urban","40 - 45  MPH","Stop Sign","Cloudy","No",46,"40-49","No",NA,"With Traffic","B: Evident Injury","Travel Lane","Black","Male",62,"60-69","No",NA,"0-5 mph","O: No Injury","Black","Female","Van","No","12DEC2008","Friday","Motorist Failed to Yield - Sign-Controlled Intersection",6,"Intersection","December","B: Evident Injury",24000,"Motorist Drive Out - Sign-Controlled Intersection",2008,"Yes","No","Dark - Lighted Roadway","Straight - Level","US Route","Wet","Two-Way, Not Divided","None","T-Intersection","Coarse Asphalt",0,0,0,0,0,0,0,"5 lanes",2,0,NA,0,NA
3325,6416,"Charlotte","Mecklenburg","Piedmont","Commercial","Urban (>70% Developed)",NA,"Urban","30 - 35  MPH","Missing","Cloudy","No",18,"16-19","No",NA,"Not Applicable","B: Evident Injury","Non-Roadway","White","Male",45,"40-49","No",NA,"11-15 mph","O: No Injury","White","Female","Sport Utility","No","17DEC2008","Wednesday","Non-Roadway",15,"Non-Roadway","December","B: Evident Injury",54420,"Non-Roadway",2008,"No","No","Daylight","Straight - Level","Public Vehicular Area","Dry","Two-Way, Not Divided","None","No Special Feature","Smooth Asphalt",0,0,0,0,0,0,0,NA,2,0,NA,0,NA
3326,6424,"Raleigh","Wake","Piedmont","Commercial","Urban (>70% Developed)",NA,"Urban","30 - 35  MPH","Stop And Go Signal","Clear","No",25,"25-29","No",NA,"With Traffic","B: Evident Injury","Travel Lane","White","Male",30,"30-39","No",NA,"26-30 mph","O: No Injury","White","Male","Passenger Car","No","23SEP2008","Tuesday","Loss of Control / Turning Error",17,"Intersection","September","B: Evident Injury",61980,"Bicyclist Lost Control - Mechanical Problems",2008,"No","No","Daylight","Straight - Grade","Local Street","Dry","Two-Way, Not Divided","None","Four-Way Intersection","Smooth Asphalt",0,0,0,0,0,0,0,"4 lanes",2,0,NA,0,NA
3327,6428,"Goldsboro","Wayne","Coastal","Commercial","Urban (>70% Developed)",NA,"Urban","30 - 35  MPH","Double Yellow Line, No Passing Zone","Rain","No",12,"11-15","No",NA,"Not Applicable","C: Possible Injury","Travel Lane","Black","Male",NA,"70+","No",NA,"26-30 mph","O: No Injury","Black","Female","Passenger Car","No","20DEC2008","Saturday","Bicyclist Failed to Yield - Midblock",20,"Non-Intersection","December","C: Possible Injury",74640,"Bicyclist Ride Out - Midblock - Unknown",2008,"Yes","No","Dark - Lighted Roadway","Straight - Level","Local Street","Wet","Two-Way, Not Divided","None","No Special Feature","Coarse Asphalt",0,0,0,0,0,0,0,"4 lanes",2,0,NA,0,NA
3328,6430,"Goldsboro","Wayne","Coastal","Commercial","Urban (>70% Developed)",NA,"Urban","30 - 35  MPH","Stop And Go Signal","Clear","No",54,"50-59","Yes",NA,"With Traffic","B: Evident Injury","Travel Lane","Black","Male",26,"25-29","No",NA,"6-10 mph","O: No Injury","White","Female","Sport Utility","Yes","24DEC2008","Wednesday","Loss of Control / Turning Error",20,"Intersection","December","B: Evident Injury",74340,"Motorist Turning Error - Left Turn",2008,"No","No","Dark - Lighted Roadway","Straight - Level","Local Street","Dry","Two-Way, Not Divided","None","No Special Feature","Coarse Asphalt",0,0,0,0,0,0,0,"2 lanes",2,0,NA,0,NA
3329,6432,"None - Rural Crash","Pitt","Coastal","Residential","Mixed (30% To 70% Developed)",NA,"Rural","50 - 55  MPH","Double Yellow Line, No Passing Zone","Clear","No",45,"40-49","No",NA,"With Traffic","A: Disabling Injury","Travel Lane","White","Male",NA,NA,"Missing",NA,"51-55 mph","Unknown Injury","Unknown/Missing",NA,NA,"No","30DEC2008","Tuesday","Motorist Overtaking Bicyclist",20,"Non-Intersection","December","A: Disabling Injury",72240,"Motorist Overtaking - Other / Unknown",2008,"Yes","Yes","Dark - Roadway Not Lighted","Straight - Level","NC Route","Dry","Two-Way, Not Divided","None","No Special Feature","Smooth Asphalt",0,0,0,0,0,0,0,"2 lanes",2,0,NA,0,NA
3330,6442,"Goldsboro","Wayne","Coastal","Residential","Urban (>70% Developed)",NA,"Urban","30 - 35  MPH","No Control Present","Clear","No",45,"40-49","No",NA,"With Traffic","A: Disabling Injury","Travel Lane","Black","Male",44,"40-49","No",NA,"31-35 mph","O: No Injury","White","Male","Sport Utility","No","21DEC2008","Sunday","Motorist Overtaking Bicyclist",20,"Non-Intersection","December","A: Disabling Injury",72300,"Motorist Overtaking - Undetected Bicyclist",2008,"Yes","No","Dark - Roadway Not Lighted","Straight - Level","Local Street","Dry","Two-Way, Not Divided","None","No Special Feature","Coarse Asphalt",0,0,0,0,0,0,0,"2 lanes",2,0,NA,0,NA
3331,6444,"Greensboro","Guilford","Piedmont","Residential","Mixed (30% To 70% Developed)",NA,"Urban","30 - 35  MPH","Missing","Clear","No",49,"40-49","Yes",NA,"Not Applicable","B: Evident Injury",NA,"Black","Male",56,"50-59","No",NA,"26-30 mph","O: No Injury","Black","Male","Passenger Car","Yes","25DEC2008","Thursday","Bicyclist Failed to Yield - Midblock",18,"Non-Intersection","December","B: Evident Injury",67560,"Bicyclist Ride Out - Midblock - Unknown",2008,"Yes","No","Dark - Roadway Not Lighted","Straight - Bottom","Local Street","Dry","Two-Way, Not Divided","None","Bridge Approach","Smooth Asphalt",0,0,0,0,0,0,0,"2 lanes",2,0,NA,0,NA
3332,6446,"Rocky Mount","Nash","Coastal","Residential","Urban (>70% Developed)",NA,"Urban","30 - 35  MPH","Missing","Clear","No",13,"11-15","No",NA,"Facing Traffic","C: Possible Injury","Travel Lane","Black","Male",NA,NA,"Missing",NA,NA,"Unknown Injury","Unknown/Missing",NA,"Pickup","No","24NOV2008","Monday","Motorist Overtaking Bicyclist",15,"Non-Intersection","November","C: Possible Injury",54780,"Motorist Overtaking - Other / Unknown",2008,"No","Yes","Daylight","Straight - Level","Local Street","Dry","Two-Way, Not Divided","None","No Special Feature","Smooth Asphalt",0,0,0,0,0,0,0,"2 lanes",2,0,NA,0,NA
3333,6459,"Greensboro","Guilford","Piedmont","Commercial","Urban (>70% Developed)",NA,"Urban","40 - 45  MPH","Stop And Go Signal","Cloudy","No",NA,"70+","No",NA,"With Traffic","C: Possible Injury","Travel Lane","White","Male",NA,NA,"Missing",NA,"16-20 mph","Unknown Injury","Unknown/Missing",NA,NA,"No","20MAY2008","Tuesday","Motorist Overtaking Bicyclist",11,"Non-Intersection","May","C: Possible Injury",41940,"Motorist Overtaking - Misjudged Space",2008,"Yes","Yes","Daylight","Straight - Level","Local Street","Dry","Two-Way, Not Divided","None","Four-Way Intersection","Smooth Asphalt",0,0,0,0,0,0,0,"6 lanes",2,0,NA,0,NA
3334,6474,"Beaufort","Carteret","Coastal","Residential","Urban (>70% Developed)",NA,"Rural","20 - 25  MPH","Stop Sign","Clear","No",13,"11-15","No",NA,"With Traffic","C: Possible Injury","Travel Lane","White","Male",18,"0-19","No",NA,"21-25 mph","O: No Injury","Black","Female","Passenger Car","No","11FEB2007","Sunday","Bicyclist Failed to Yield - Sign-Controlled Intersection",15,"Intersection","February","C: Possible Injury",56400,"Bicyclist Ride Out - Sign-Controlled Intersection",2007,"Yes","No","Daylight","Straight - Level","Local Street","Dry","Two-Way, Not Divided","None","No Special Feature","Smooth Asphalt",0,0,0,0,0,0,0,"2 lanes",2,0,NA,0,NA
3335,6475,"Lenoir","Caldwell","Mountains","Commercial","Urban (>70% Developed)",NA,"Urban",NA,"No Control Present","Cloudy","No",18,"16-19","No",NA,"With Traffic","C: Possible Injury","Bike Lane / Paved Shoulder","White","Male",NA,NA,"Missing",NA,NA,"Unknown Injury","Unknown/Missing",NA,"Light Truck (Mini-Van, Panel)","No","12FEB2007","Monday","Motorist Overtaking Bicyclist",8,"Non-Intersection","February","C: Possible Injury",28800,"Motorist Overtaking - Other / Unknown",2007,"Yes","Yes","Daylight","Straight - Level","Local Street","Dry","Two-Way, Not Divided","None","No Special Feature","Coarse Asphalt",0,0,0,0,0,0,0,"5 lanes",2,0,NA,0,NA
3336,6479,"None - Rural Crash","Johnston","Coastal","Farms, Woods, Pastures","Rural (<30% Developed)",NA,"Rural","50 - 55  MPH","Stop Sign","Clear","No",40,"40-49","No",NA,"With Traffic","C: Possible Injury","Travel Lane","Hispanic","Male",21,"20-24","No",NA,"6-10 mph","O: No Injury","White","Female","Passenger Car","No","03JAN2007","Wednesday","Motorist Failed to Yield - Sign-Controlled Intersection",20,"Intersection","January","C: Possible Injury",73440,"Motorist Drive Out - Sign-Controlled Intersection",2007,"No","No","Dark - Roadway Not Lighted","Straight - Level","US Route","Dry","Two-Way, Divided, Unprotected Median","None","Four-Way Intersection","Smooth Asphalt",0,0,0,0,0,0,0,"4 lanes",2,0,NA,0,NA
3337,6485,"Durham","Durham","Piedmont","Residential","Mixed (30% To 70% Developed)",NA,"Urban","20 - 25  MPH","No Control Present","Clear","No",6,"6-10","No",NA,"Not Applicable","C: Possible Injury","Driveway / Alley","Black","Female",66,"60-69","No",NA,"11-15 mph","O: No Injury","Black","Male","Pickup","No","06JAN2007","Saturday","Bicyclist Failed to Yield - Midblock",13,"Non-Intersection","January","C: Possible Injury",47880,"Bicyclist Ride Out - Residential Driveway",2007,"No","No","Daylight","Straight - Level","Local Street","Dry","Two-Way, Not Divided","None","No Special Feature","Smooth Asphalt",0,0,0,0,0,0,0,"2 lanes",2,0,NA,0,NA
3338,6490,"Greensboro","Guilford","Piedmont","Residential","Urban (>70% Developed)",NA,"Urban","30 - 35  MPH","Stop And Go Signal","Clear","No",33,"30-39","No",NA,"With Traffic","B: Evident Injury","Travel Lane","White","Female",NA,"70+","No",NA,"11-15 mph","O: No Injury","White","Female","Passenger Car","No","13JAN2007","Saturday","Motorist Left Turn / Merge",11,"Intersection","January","B: Evident Injury",40980,"Motorist Left Turn - Opposite Direction",2007,"Yes","No","Daylight","Straight - Level","Local Street","Dry","Two-Way, Not Divided","None","Four-Way Intersection","Smooth Asphalt",0,0,0,0,0,0,0,"4 lanes",2,0,NA,0,NA
3339,6502,"Charlotte","Mecklenburg","Piedmont","Residential","Urban (>70% Developed)",NA,"Urban","40 - 45  MPH","Stop And Go Signal","Cloudy","No",17,"16-19","No",NA,NA,"B: Evident Injury","Travel Lane","White","Male",33,"30-39","No",NA,"46-50 mph","O: No Injury","White","Female","Sport Utility","No","12JAN2007","Friday","Loss of Control / Turning Error",19,"Intersection","January","B: Evident Injury",71760,"Motorist Lost Control - Other / Unknown",2007,"Yes","No","Dark - Roadway Not Lighted","Straight - Level","NC Route","Dry","Two-Way, Divided, Unprotected Median","None","Four-Way Intersection","Smooth Asphalt",0,0,0,0,0,0,0,"4 lanes",3,0,NA,0,NA