"...1","object_id","city","county","region","development","locality","on_road","rural_urban","speed_limit","traffic_control","weather","workzone","bike_age","bike_age_group","bike_alcohol","bike_alcohol_drugs","bike_direction","bike_injury","bike_position","bike_race","bike_sex","driver_age","driver_age_group","driver_alcohol","driver_alcohol_drugs","driver_est_speed","driver_injury","driver_race","driver_sex","driver_vehicle_type","crash_alcohol","crash_date","crash_day","crash_group","crash_hour","crash_location","crash_month","crash_severity","crash_time","crash_type","crash_year","ambulance_req","hit_run","light_condition","road_character","road_class","road_condition","road_configuration","road_defects","road_feature","road_surface","num_bikes_ai","num_bikes_bi","num_bikes_ci","num_bikes_ki","num_bikes_no","num_bikes_to","num_bikes_ui","num_lanes","num_units","distance_mi_from","frm_road","rte_invd_cd","towrd_road"
3340,6503,"Durham","Durham","Piedmont","Commercial","Urban (>70% Developed)",NA,"Urban","30 - 35  MPH","No Control Present","Clear","No",11,"11-15","No",NA,"Not Applicable","B: Evident Injury","Non-Roadway","Black","Male",24,"20-24","No",NA,"21-25 mph","O: No Injury","Black","Male","Passenger Car","No","23MAR2007","Friday","Bicyclist Failed to Yield - Signalized Intersection",18,"Intersection-Related","March","B: Evident Injury",65460,"Bicyclist Ride Out - Signalized  Intersection",2007,"Yes","No","Daylight","Straight - Level","Local Street","Dry","Two-Way, Not Divided","None","No Special Feature","Smooth Asphalt",0,0,0,0,0,0,0,"2 lanes",2,0,NA,0,NA
3341,6506,"None - Rural Crash","Pitt","Coastal","Farms, Woods, Pastures","Rural (<30% Developed)",NA,"Rural","50 - 55  MPH","No Control Present","Clear","No",49,"40-49","No",NA,"With Traffic","C: Possible Injury","Travel Lane","Black","Male",46,"40-49","No",NA,"36-40 mph","O: No Injury","White","Male","Passenger Car","No","02JAN2007","Tuesday","Motorist Overtaking Bicyclist",18,"Non-Intersection","January","C: Possible Injury",66060,"Motorist Overtaking - Undetected Bicyclist",2007,"Yes","No","Dark - Roadway Not Lighted","Straight - Level","State Secondary Route","Dry","Two-Way, Not Divided","None","No Special Feature","Smooth Asphalt",0,0,0,0,0,0,0,"2 lanes",2,0,NA,0,NA
3342,6533,"None - Rural Crash","Sampson","Coastal","Farms, Woods, Pastures","Rural (<30% Developed)",NA,"Rural","50 - 55  MPH","No Control Present","Clear","No",7,"6-10","No",NA,NA,"B: Evident Injury","Non-Roadway","Black","Female",51,"50-59","No",NA,"0-5 mph","O: No Injury","Black","Male","Sport Utility","No","09FEB2007","Friday","Non-Roadway",0,"Non-Roadway","February","B: Evident Injury",0,"Non-Roadway",2007,"Yes","No","Daylight","Other","Private Road, Driveway","Dry","Two-Way, Not Divided","None","No Special Feature","Soil",0,0,0,0,0,0,0,NA,2,0,NA,0,NA
3343,6536,"Raleigh","Wake","Piedmont","Commercial","Urban (>70% Developed)",NA,"Urban","40 - 45  MPH","Stop And Go Signal","Clear","No",16,"16-19","No",NA,"Facing Traffic","C: Possible Injury",NA,"White","Male",NA,NA,"Missing",NA,"0-5 mph","Unknown Injury","Unknown/Missing",NA,"Sport Utility","No","12FEB2007","Monday","Motorist Failed to Yield - Signalized Intersection",17,"Intersection","February","C: Possible Injury",61620,"Motorist Drive Out - Right Turn on Red",2007,"No","Yes","Daylight","Straight - Level","Local Street","Dry","Two-Way, Divided, Unprotected Median","None","Four-Way Intersection","Smooth Asphalt",0,0,0,0,0,0,0,"3 lanes",2,0,NA,0,NA
3344,6576,"Durham","Durham","Piedmont","Commercial","Urban (>70% Developed)",NA,"Urban","40 - 45  MPH","No Control Present","Clear","No",32,"30-39","No",NA,"With Traffic","C: Possible Injury","Travel Lane","Black","Male",NA,NA,"Missing",NA,NA,"Unknown Injury","Unknown/Missing",NA,NA,"No","10MAR2007","Saturday","Motorist Overtaking Bicyclist",22,"Non-Intersection","March","C: Possible Injury",80820,"Motorist Overtaking - Undetected Bicyclist",2007,"No","Yes","Dark - Roadway Not Lighted","Straight - Level","US Route","Dry","Two-Way, Divided, Unprotected Median","None","No Special Feature","Smooth Asphalt",0,0,0,0,0,0,0,"4 lanes",2,0,NA,0,NA
3345,6579,"None - Rural Crash","Duplin","Coastal","Farms, Woods, Pastures","Rural (<30% Developed)",NA,"Rural","50 - 55  MPH","Stop Sign","Clear","No",52,"50-59","Yes",NA,"With Traffic","B: Evident Injury","Travel Lane","Black","Male",46,"40-49","No",NA,"11-15 mph","O: No Injury","White","Female","Van","Yes","11MAR2007","Sunday","Motorist Failed to Yield - Sign-Controlled Intersection",19,"Intersection","March","B: Evident Injury",71580,"Motorist Drive Out - Sign-Controlled Intersection",2007,"Yes","No","Dark - Roadway Not Lighted","Straight - Level","NC Route","Dry","Two-Way, Not Divided","None","T-Intersection","Coarse Asphalt",0,0,0,0,0,0,0,"2 lanes",2,0,NA,0,NA
3346,6582,"Durham","Durham","Piedmont","Commercial","Urban (>70% Developed)",NA,"Urban","30 - 35  MPH","Stop And Go Signal","Clear","No",20,"20-24","No",NA,"Facing Traffic","C: Possible Injury","Travel Lane","White","Male",23,"20-24","No",NA,"31-35 mph","O: No Injury","Black","Female","Passenger Car","No","29MAY2007","Tuesday","Motorist Failed to Yield - Signalized Intersection",10,"Intersection","May","C: Possible Injury",36300,"Motorist Drive Out - Right Turn on Red",2007,"Yes","No","Daylight","Straight - Level","Local Street","Dry","Two-Way, Not Divided","None","No Special Feature","Coarse Asphalt",0,0,0,0,0,0,0,"3 lanes",2,0,NA,0,NA
3347,6584,"Durham","Durham","Piedmont","Commercial","Mixed (30% To 70% Developed)",NA,"Urban","30 - 35  MPH","No Control Present","Cloudy","No",50,"50-59","No",NA,"With Traffic","A: Disabling Injury","Travel Lane","White","Female",54,"50-59","No",NA,"26-30 mph","O: No Injury","Black","Male","Passenger Car","No","14MAR2007","Wednesday","Motorist Left Turn / Merge",14,"Intersection","March","A: Disabling Injury",52260,"Motorist Left Turn - Opposite Direction",2007,"Yes","No","Daylight","Straight - Level","Local Street","Dry","Two-Way, Not Divided","None","No Special Feature","Smooth Asphalt",0,0,0,0,0,0,0,"2 lanes",2,0,NA,0,NA
3348,6586,"None - Rural Crash","Halifax","Coastal","Farms, Woods, Pastures","Rural (<30% Developed)",NA,"Rural","50 - 55  MPH","No Control Present","Clear","No",41,"40-49","No",NA,"With Traffic","B: Evident Injury","Bike Lane / Paved Shoulder","Black","Male",57,"50-59","No",NA,"41-45 mph","O: No Injury","White","Male","Pickup","No","14MAR2007","Wednesday","Motorist Overtaking Bicyclist",11,"Non-Intersection","March","B: Evident Injury",40200,"Motorist Overtaking - Misjudged Space",2007,"Yes","No","Daylight","Straight - Level","NC Route","Dry","Two-Way, Not Divided","None","No Special Feature","Smooth Asphalt",0,0,0,0,0,0,0,"2 lanes",2,0,NA,0,NA
3349,6591,"Durham","Durham","Piedmont","Residential","Urban (>70% Developed)",NA,"Urban","30 - 35  MPH","Stop And Go Signal","Clear","No",8,"6-10","No",NA,"With Traffic","C: Possible Injury","Travel Lane","Black","Male",66,"60-69","No",NA,"21-25 mph","O: No Injury","Black","Male","Pickup","No","29MAY2007","Tuesday","Loss of Control / Turning Error",18,"Intersection-Related","May","C: Possible Injury",66780,"Bicyclist Turning Error - Other",2007,"Yes","No","Daylight","Straight - Level","Local Street","Dry","Two-Way, Not Divided","None","No Special Feature","Coarse Asphalt",0,0,0,0,0,0,0,"2 lanes",2,0,NA,0,NA
3350,6596,"None - Rural Crash","Johnston","Coastal","Residential","Mixed (30% To 70% Developed)",NA,"Rural","20 - 25  MPH","Stop Sign","Clear","No",7,"6-10","No",NA,NA,"A: Disabling Injury","Travel Lane","White","Female",36,"30-39","No",NA,"21-25 mph","O: No Injury","White","Female","Van","No","12MAR2007","Monday","Bicyclist Failed to Yield - Sign-Controlled Intersection",18,"Intersection","March","A: Disabling Injury",65520,"Bicyclist Ride Through - Sign-Controlled Intersection",2007,"Yes","No","Daylight","Straight - Level","State Secondary Route","Dry","Two-Way, Not Divided","None","Y-Intersection","Coarse Asphalt",0,0,0,0,0,0,0,"2 lanes",2,0,NA,0,NA
3351,6598,"Rocky Mount","Nash","Coastal","Residential","Urban (>70% Developed)",NA,"Urban","30 - 35  MPH","Stop Sign","Clear","No",NA,"70+","No",NA,NA,"O: No Injury",NA,"Black","Male",29,"25-29","No",NA,"0-5 mph","O: No Injury","White","Female","Passenger Car","No","17MAR2007","Saturday","Crossing Paths - Other Circumstances",12,"Intersection","March","O: No Injury",45420,"Sign-Controlled Intersection - Other / Unknown",2007,"No","No","Daylight","Straight - Grade","Local Street","Dry","Two-Way, Not Divided","None","No Special Feature","Smooth Asphalt",0,0,0,0,0,0,0,"2 lanes",2,0,NA,0,NA
3352,6599,"Charlotte","Mecklenburg","Piedmont","Institutional","Urban (>70% Developed)",NA,"Urban","20 - 25  MPH","Flashing Signal With Stop Sign","Clear","No",35,"30-39","No",NA,"With Traffic","C: Possible Injury","Travel Lane","White","Male",42,"40-49","No",NA,"11-15 mph","O: No Injury","Black","Male","Passenger Car","No","17MAR2007","Saturday","Motorist Failed to Yield - Sign-Controlled Intersection",11,"Intersection","March","C: Possible Injury",42660,"Motorist Drive Out - Sign-Controlled Intersection",2007,"No","No","Daylight","Straight - Level","Local Street","Dry","Two-Way, Not Divided","None","No Special Feature","Smooth Asphalt",0,0,0,0,0,0,0,"2 lanes",2,0,NA,0,NA
3353,6603,"Greensboro","Guilford","Piedmont","Commercial","Urban (>70% Developed)",NA,"Urban","30 - 35  MPH","Stop And Go Signal","Clear","No",20,"20-24","No",NA,"With Traffic","C: Possible Injury","Sidewalk / Crosswalk / Driveway Crossing","White","Male",NA,NA,"Missing",NA,"6-10 mph","Unknown Injury","Unknown/Missing",NA,"Passenger Car","No","19MAR2007","Monday","Motorist Left Turn / Merge",14,"Intersection","March","C: Possible Injury",50400,"Motorist Left Turn - Same Direction",2007,"No","No","Daylight","Straight - Level","Local Street","Dry","Two-Way, Not Divided","None","Four-Way Intersection","Smooth Asphalt",0,0,0,0,0,0,0,"4 lanes",2,0,NA,0,NA
3354,6614,"Charlotte","Mecklenburg","Piedmont","Residential","Urban (>70% Developed)",NA,"Urban","30 - 35  MPH","Stop And Go Signal","Clear","No",51,"50-59","No",NA,"With Traffic","B: Evident Injury","Travel Lane","White","Male",26,"25-29","No",NA,"31-35 mph","O: No Injury","White","Male","Passenger Car","No","25MAR2007","Sunday","Motorist Right Turn / Merge",16,"Intersection","March","B: Evident Injury",59940,"Motorist Right Turn - Same Direction",2007,"Yes","No","Daylight","Straight - Level","Local Street","Dry","Two-Way, Divided, Positive Median Barrier","None","No Special Feature","Smooth Asphalt",0,0,0,0,0,0,0,"4 lanes",2,0,NA,0,NA
3355,6621,"None - Rural Crash","Henderson","Mountains","Farms, Woods, Pastures","Mixed (30% To 70% Developed)",NA,"Rural","50 - 55  MPH","No Control Present","Clear","No",12,"11-15","No",NA,"Not Applicable","B: Evident Injury","Driveway / Alley","White","Male",45,"40-49","Yes",NA,"26-30 mph","O: No Injury","White","Male","Pickup","Yes","25MAR2007","Sunday","Bicyclist Failed to Yield - Midblock",12,"Non-Intersection","March","B: Evident Injury",44940,"Bicyclist Ride Out - Residential Driveway",2007,"Yes","No","Daylight","Straight - Level","State Secondary Route","Dry","Two-Way, Not Divided","None","No Special Feature","Gravel",0,0,0,0,0,0,0,"2 lanes",2,0,NA,0,NA
3356,6625,"None - Rural Crash","Cumberland","Coastal","Commercial","Mixed (30% To 70% Developed)",NA,"Rural","40 - 45  MPH","Double Yellow Line, No Passing Zone","Clear","No",54,"50-59","No",NA,"With Traffic","C: Possible Injury","Travel Lane","White","Male",NA,"70+","No",NA,"31-35 mph","O: No Injury","White","Male","Pickup","No","26MAR2007","Monday","Motorist Overtaking Bicyclist",20,"Non-Intersection","March","C: Possible Injury",73440,"Motorist Overtaking - Undetected Bicyclist",2007,"No","No","Dark - Roadway Not Lighted","Straight - Level","State Secondary Route","Dry","Two-Way, Not Divided","None","No Special Feature","Coarse Asphalt",0,0,0,0,0,0,0,"2 lanes",2,0,NA,0,NA
3357,6628,"Beaufort","Carteret","Coastal","Residential","Urban (>70% Developed)",NA,"Rural","30 - 35  MPH","Stop Sign","Clear","No",15,"11-15","No",NA,"Facing Traffic","C: Possible Injury","Travel Lane","Black","Male",53,"50-59","No",NA,"6-10 mph","O: No Injury","White","Female","Passenger Car","No","18JUN2007","Monday","Bicyclist Failed to Yield - Sign-Controlled Intersection",16,"Intersection","June","C: Possible Injury",58200,"Bicyclist Ride Through - Sign-Controlled Intersection",2007,"Yes","No","Daylight","Straight - Level","Local Street","Dry","Two-Way, Not Divided","None","No Special Feature","Smooth Asphalt",0,0,0,0,0,0,0,"2 lanes",2,0,NA,0,NA
3358,6630,"Shelby","Cleveland","Mountains","Residential","Urban (>70% Developed)",NA,"Urban","30 - 35  MPH","No Control Present","Clear","No",7,"6-10","Yes",NA,"Not Applicable","C: Possible Injury","Non-Roadway","Black","Female",22,"20-24","No",NA,"26-30 mph","O: No Injury","Black","Female","Sport Utility","Yes","30MAR2007","Friday","Loss of Control / Turning Error",19,"Non-Intersection","March","C: Possible Injury",68760,"Bicyclist Lost Control - Mechanical Problems",2007,"No","No","Daylight","Straight - Level","Local Street","Dry","Two-Way, Not Divided","None","No Special Feature","Smooth Asphalt",0,0,0,0,0,0,0,"2 lanes",2,0,NA,0,NA
3359,6633,"Sanford","Lee","Piedmont","Residential","Mixed (30% To 70% Developed)",NA,"Urban","40 - 45  MPH","No Control Present","Clear","No",25,"25-29","No",NA,"With Traffic","B: Evident Injury","Travel Lane","Hispanic","Male",59,"50-59","No",NA,"31-35 mph","O: No Injury","White","Male","Sport Utility","No","30MAR2007","Friday","Bicyclist Left Turn / Merge",17,"Intersection","March","B: Evident Injury",63300,"Bicyclist Left Turn - Same Direction",2007,"Yes","No","Daylight","Straight - Level","Local Street","Dry","Two-Way, Divided, Unprotected Median","None","T-Intersection","Coarse Asphalt",0,0,0,0,0,0,0,"3 lanes",2,0,NA,0,NA
3360,6634,"None - Rural Crash","Moore","Piedmont","Farms, Woods, Pastures","Mixed (30% To 70% Developed)",NA,"Rural","50 - 55  MPH","Double Yellow Line, No Passing Zone","Clear","No",36,"30-39","No",NA,"With Traffic","A: Disabling Injury","Travel Lane","White","Male",59,"50-59","No",NA,"51-55 mph","O: No Injury","Native American","Male","Passenger Car","No","30MAR2007","Friday","Motorist Overtaking Bicyclist",13,"Non-Intersection","March","A: Disabling Injury",49860,"Motorist Overtaking - Other / Unknown",2007,"Yes","No","Daylight","Straight - Level","US Route","Dry","Two-Way, Not Divided","None","No Special Feature","Coarse Asphalt",0,0,0,0,0,0,0,"2 lanes",2,0,NA,0,NA
3361,6636,"None - Rural Crash","Caldwell","Mountains","Residential","Urban (>70% Developed)",NA,"Rural","20 - 25  MPH","No Control Present","Clear","No",6,"6-10","No",NA,NA,"B: Evident Injury","Travel Lane","Hispanic","Male",66,"60-69","No",NA,"21-25 mph","O: No Injury","White","Male","Passenger Car","No","31MAR2007","Saturday","Crossing Paths - Other Circumstances",17,"Intersection","March","B: Evident Injury",64620,"Crossing Paths - Intersection - Other / Unknown",2007,"Yes","No","Daylight","Straight - Grade","State Secondary Route","Dry","Two-Way, Not Divided","None","T-Intersection","Smooth Asphalt",0,0,0,0,0,0,0,"2 lanes",2,0,NA,0,NA
3362,6638,"Wilmington","New Hanover","Coastal","Commercial","Urban (>70% Developed)",NA,"Urban","20 - 25  MPH","No Control Present","Clear","No",7,"6-10","No",NA,"Not Applicable","B: Evident Injury","Driveway / Alley","White","Male",66,"60-69","No",NA,"16-20 mph","O: No Injury","Black","Male","Pickup","No","31MAR2007","Saturday","Bicyclist Failed to Yield - Midblock",16,"Non-Intersection","March","B: Evident Injury",60900,"Bicyclist Ride Out - Residential Driveway",2007,"Yes","No","Daylight","Straight - Level","Local Street","Dry","Two-Way, Not Divided","None","No Special Feature","Smooth Asphalt",0,0,0,0,0,0,0,"2 lanes",2,0,NA,0,NA
3363,6641,"Laurinburg","Scotland","Coastal","Residential","Urban (>70% Developed)",NA,"Urban","30 - 35  MPH","No Control Present","Clear","No",51,"50-59","No",NA,"With Traffic","C: Possible Injury","Travel Lane","Black","Male",57,"50-59","No",NA,"31-35 mph","O: No Injury","White","Female","Van","No","01APR2007","Sunday","Bicyclist Right Turn / Merge",13,"Non-Intersection","April","C: Possible Injury",46800,"Bicyclist Right Turn - Same Direction",2007,"Yes","No","Daylight","Straight - Level","Local Street","Dry","Two-Way, Divided, Unprotected Median","None","No Special Feature","Smooth Asphalt",0,0,0,0,0,0,0,"2 lanes",2,0,NA,0,NA
3364,6647,"None - Rural Crash","Hoke","Coastal","Farms, Woods, Pastures","Mixed (30% To 70% Developed)",NA,"Rural","50 - 55  MPH","Stop Sign","Clear","No",33,"30-39","No",NA,"With Traffic","A: Disabling Injury","Travel Lane","White","Male",31,"30-39","No",NA,"31-35 mph","O: No Injury","White","Male","Pickup","No","03APR2007","Tuesday","Loss of Control / Turning Error",16,"Intersection","April","A: Disabling Injury",57600,"Motorist Turning Error - Left Turn",2007,"Yes","No","Daylight","Straight - Level","State Secondary Route","Dry","Two-Way, Not Divided","None","Four-Way Intersection","Smooth Asphalt",0,0,0,0,0,0,0,"2 lanes",3,0,NA,0,NA
3365,6654,"Fayetteville","Cumberland","Coastal","Residential","Urban (>70% Developed)",NA,"Urban","40 - 45  MPH","No Control Present","Clear","No",12,"11-15","No",NA,"Not Applicable","B: Evident Injury",NA,"Black","Male",44,"40-49","No",NA,"21-25 mph","O: No Injury","White","Female","Passenger Car","No","05APR2007","Thursday","Bicyclist Failed to Yield - Midblock",17,"Non-Intersection","April","B: Evident Injury",64080,"Bicyclist Ride Out - Midblock - Unknown",2007,"Yes","No","Daylight","Straight - Level","Local Street","Dry","Two-Way, Not Divided","None","No Special Feature","Smooth Asphalt",0,0,0,0,0,0,0,"5 lanes",2,0,NA,0,NA
3366,6660,"None - Rural Crash","Mecklenburg","Piedmont","Residential","Urban (>70% Developed)",NA,"Rural","30 - 35  MPH","No Control Present","Clear","No",40,"40-49","No",NA,NA,"O: No Injury","Travel Lane","Black","Male",19,"0-19","No",NA,"11-15 mph","O: No Injury","White","Female","Passenger Car","No","07APR2007","Saturday","Other / Unknown - Insufficient Details",16,"Non-Intersection","April","O: No Injury",57600,"Unknown Approach Paths",2007,"No","No","Daylight","Straight - Level","Local Street","Dry","Two-Way, Not Divided","None","Other","Smooth Asphalt",0,0,0,0,0,0,0,"2 lanes",2,0,NA,0,NA
3367,6664,"Troutman","Iredell","Piedmont","Commercial","Mixed (30% To 70% Developed)",NA,"Rural","30 - 35  MPH","No Control Present","Clear","No",13,"11-15","No",NA,"With Traffic","C: Possible Injury",NA,"Hispanic","Male",55,"50-59","No",NA,"0-5 mph","O: No Injury","White","Female","Passenger Car","No","09APR2007","Monday","Motorist Right Turn / Merge",17,"Non-Intersection","April","C: Possible Injury",64140,"Motorist Right Turn - Same Direction",2007,"No","No","Daylight","Straight - Level","Local Street","Dry","Two-Way, Not Divided","None","Driveway, Public","Smooth Asphalt",0,0,0,0,0,0,0,"2 lanes",2,0,NA,0,NA
3368,6671,"Burlington","Alamance","Piedmont","Residential","Urban (>70% Developed)",NA,"Urban","30 - 35  MPH","Stop Sign","Clear","No",39,"30-39","No",NA,NA,"C: Possible Injury","Travel Lane","Black","Female",34,"30-39","No",NA,"26-30 mph","O: No Injury","Black","Male","Pickup","No","12APR2007","Thursday","Bicyclist Failed to Yield - Sign-Controlled Intersection",21,"Intersection","April","C: Possible Injury",77160,"Bicyclist Ride Through - Sign-Controlled Intersection",2007,"No","No","Dark - Lighted Roadway","Straight - Grade","Local Street","Dry","Two-Way, Not Divided","None","Four-Way Intersection","Smooth Asphalt",0,0,0,0,0,0,0,"2 lanes",2,0,NA,0,NA
3369,6687,"None - Rural Crash","Chatham","Piedmont","Farms, Woods, Pastures","Rural (<30% Developed)",NA,"Rural","30 - 35  MPH","No Control Present","Clear","No",10,"6-10","No",NA,"Not Applicable","B: Evident Injury","Driveway / Alley","White","Male",26,"25-29","No",NA,"11-15 mph","O: No Injury","White","Male","Passenger Car","No","17APR2007","Tuesday","Bicyclist Failed to Yield - Midblock",17,"Non-Intersection","April","B: Evident Injury",62280,"Bicyclist Ride Out - Residential Driveway",2007,"Yes","No","Daylight","Straight - Level","State Secondary Route","Dry","Two-Way, Not Divided","None","Driveway, Private","Coarse Asphalt",0,0,0,0,0,0,0,"2 lanes",2,0,NA,0,NA
3370,6691,"None - Rural Crash","Pitt","Coastal","Farms, Woods, Pastures","Rural (<30% Developed)",NA,"Rural","50 - 55  MPH","No Control Present","Clear","No",37,"30-39","No",NA,"With Traffic","C: Possible Injury","Bike Lane / Paved Shoulder","White","Female",29,"25-29","No",NA,"41-45 mph","O: No Injury","Black","Female","Passenger Car","No","17APR2007","Tuesday","Motorist Overtaking Bicyclist",7,"Non-Intersection","April","C: Possible Injury",28200,"Motorist Overtaking - Undetected Bicyclist",2007,"No","No","Daylight","Straight - Hillcrest","State Secondary Route","Dry","Two-Way, Not Divided","None","No Special Feature","Coarse Asphalt",0,0,0,0,0,0,0,"2 lanes",2,0,NA,0,NA
3371,6692,"Raleigh","Wake","Piedmont","Residential","Urban (>70% Developed)",NA,"Urban","30 - 35  MPH","No Control Present","Clear","No",9,"6-10","No",NA,"Not Applicable","C: Possible Injury","Bike Lane / Paved Shoulder","Black","Female",52,"50-59","No",NA,"31-35 mph","O: No Injury","Black","Male","Passenger Car","No","17APR2007","Tuesday","Bicyclist Failed to Yield - Midblock",16,"Non-Intersection","April","C: Possible Injury",60540,"Bicyclist Ride Out - Other Midblock",2007,"Yes","No","Daylight","Straight - Level","Local Street","Dry","Two-Way, Divided, Unprotected Median","Road Surface Condition","No Special Feature","Smooth Asphalt",0,0,0,0,0,0,0,"2 lanes",2,0,NA,0,NA
3372,6693,"Charlotte","Mecklenburg","Piedmont","Institutional","Urban (>70% Developed)",NA,"Urban","30 - 35  MPH","No Control Present","Clear","No",41,"40-49","No",NA,"With Traffic","B: Evident Injury","Travel Lane","White","Male",34,"30-39","No",NA,"0-5 mph","O: No Injury","White","Male","Passenger Car","No","17APR2007","Tuesday","Bicyclist Overtaking Motorist",17,"Non-Intersection","April","B: Evident Injury",61380,"Bicyclist Overtaking - Other / Unknown",2007,"Yes","No","Daylight","Straight - Level","Local Street","Dry","Two-Way, Not Divided","None","No Special Feature","Smooth Asphalt",0,0,0,0,0,0,0,"2 lanes",2,0,NA,0,NA
3373,6695,"Durham","Durham","Piedmont","Commercial","Urban (>70% Developed)",NA,"Urban","30 - 35  MPH","No Control Present","Clear","No",40,"40-49","No",NA,"With Traffic","B: Evident Injury","Bike Lane / Paved Shoulder","Black","Male",53,"50-59","No",NA,"31-35 mph","O: No Injury","Black","Female","Van","No","12JUL2007","Thursday","Motorist Overtaking Bicyclist",15,"Non-Intersection","July","B: Evident Injury",56640,"Motorist Overtaking - Undetected Bicyclist",2007,"Yes","No","Daylight","Straight - Level","Local Street","Dry","Two-Way, Not Divided","None","No Special Feature","Smooth Asphalt",0,0,0,0,0,0,0,"4 lanes",2,0,NA,0,NA
3374,6697,"Rocky Mount","Nash","Coastal","Residential","Urban (>70% Developed)",NA,"Urban","30 - 35  MPH","No Control Present","Clear","No",20,"20-24","No",NA,"With Traffic","C: Possible Injury","Travel Lane","Black","Male",NA,NA,"Missing",NA,"31-35 mph","Unknown Injury","Unknown/Missing",NA,NA,"No","19APR2007","Thursday","Crossing Paths - Other Circumstances",17,"Intersection","April","C: Possible Injury",61680,"Crossing Paths - Intersection - Other / Unknown",2007,"Yes","Yes","Daylight","Straight - Level","Local Street","Dry","Two-Way, Not Divided","None","Four-Way Intersection","Smooth Asphalt",0,0,0,0,0,0,0,"5 lanes",2,0,NA,0,NA
3375,6702,"Charlotte","Mecklenburg","Piedmont","Residential","Urban (>70% Developed)",NA,"Urban",NA,"No Control Present","Clear","No",26,"25-29","No",NA,"With Traffic","C: Possible Injury","Travel Lane","White","Female",NA,NA,"Missing",NA,NA,"Unknown Injury","Unknown/Missing",NA,NA,"No","18JUL2007","Wednesday","Motorist Overtaking Bicyclist",19,"Intersection","July","C: Possible Injury",70320,"Motorist Overtaking - Other / Unknown",2007,"Yes","Yes","Daylight","Curve - Level","Local Street","Dry","Two-Way, Divided, Unprotected Median","None","No Special Feature","Smooth Asphalt",0,0,0,0,0,0,0,"2 lanes",2,0,NA,0,NA
3376,6706,"None - Rural Crash","Robeson","Coastal","Commercial","Mixed (30% To 70% Developed)",NA,"Rural","50 - 55  MPH","Double Yellow Line, No Passing Zone","Clear","No",59,"50-59","No",NA,"Facing Traffic","O: No Injury","Travel Lane","Native American","Male",44,"40-49","No",NA,"51-55 mph","O: No Injury","Native American","Female","Van","No","25APR2007","Wednesday","Bicyclist Failed to Yield - Sign-Controlled Intersection",19,"Intersection","April","O: No Injury",71580,"Bicyclist Ride Through - Sign-Controlled Intersection",2007,"No","No","Daylight","Straight - Level","State Secondary Route","Dry","Two-Way, Not Divided","None","Four-Way Intersection","Coarse Asphalt",0,0,0,0,0,0,0,"2 lanes",2,0,NA,0,NA
3377,6713,"Charlotte","Mecklenburg","Piedmont","Residential","Urban (>70% Developed)",NA,"Urban","30 - 35  MPH","No Control Present","Clear","No",36,"30-39","No",NA,"With Traffic","O: No Injury","Travel Lane","Black","Male",45,"40-49","No",NA,"31-35 mph","O: No Injury","White","Female","Passenger Car","No","23JUL2007","Monday","Motorist Overtaking Bicyclist",17,"Non-Intersection","July","O: No Injury",61620,"Motorist Overtaking - Bicyclist Swerved",2007,"No","No","Daylight","Straight - Grade","Local Street","Dry","Two-Way, Not Divided","None","No Special Feature","Smooth Asphalt",0,0,0,0,0,0,0,"2 lanes",2,0,NA,0,NA
3378,6719,"Raleigh","Wake","Piedmont","Residential","Urban (>70% Developed)",NA,"Urban","20 - 25  MPH","No Control Present","Clear","No",6,"6-10","No",NA,"With Traffic","C: Possible Injury","Travel Lane","White","Female",41,"40-49","No",NA,"0-5 mph","O: No Injury","White","Female","Passenger Car","No","25APR2007","Wednesday","Backing Vehicle",18,"Non-Intersection","April","C: Possible Injury",65760,"Backing Vehicle",2007,"No","No","Daylight","Straight - Level","Local Street","Dry","Two-Way, Not Divided","None","No Special Feature","Coarse Asphalt",0,0,0,0,0,0,0,"1 lane",2,0,NA,0,NA
3379,6720,"Mooresville","Iredell","Piedmont","Residential","Urban (>70% Developed)",NA,"Urban","30 - 35  MPH","No Control Present","Clear","No",12,"11-15","No",NA,"With Traffic","B: Evident Injury","Travel Lane","White","Male",45,"40-49","No",NA,"6-10 mph","O: No Injury","White","Male","Pickup","No","26APR2007","Thursday","Motorist Right Turn / Merge",18,"Non-Intersection","April","B: Evident Injury",67800,"Motorist Right Turn - Same Direction",2007,"No","No","Daylight","Straight - Level","Local Street","Dry","Two-Way, Not Divided","None","Driveway, Public","Coarse Asphalt",0,0,0,0,0,0,0,"2 lanes",2,0,NA,0,NA
3380,6738,"None - Rural Crash","Union","Piedmont","Residential","Urban (>70% Developed)",NA,"Rural","30 - 35  MPH","No Control Present","Clear","No",11,"11-15","No",NA,NA,"C: Possible Injury","Travel Lane","White","Male",NA,NA,"Missing",NA,"0-5 mph","Unknown Injury","Unknown/Missing",NA,NA,"No","01MAY2007","Tuesday","Backing Vehicle",17,"Intersection","May","C: Possible Injury",61200,"Backing Vehicle",2007,"No","Yes","Daylight","Straight - Level","State Secondary Route","Dry","Two-Way, Not Divided","None","No Special Feature","Smooth Asphalt",0,0,0,0,0,0,0,"2 lanes",2,0,NA,0,NA