"...1","object_id","city","county","region","development","locality","on_road","rural_urban","speed_limit","traffic_control","weather","workzone","bike_age","bike_age_group","bike_alcohol","bike_alcohol_drugs","bike_direction","bike_injury","bike_position","bike_race","bike_sex","driver_age","driver_age_group","driver_alcohol","driver_alcohol_drugs","driver_est_speed","driver_injury","driver_race","driver_sex","driver_vehicle_type","crash_alcohol","crash_date","crash_day","crash_group","crash_hour","crash_location","crash_month","crash_severity","crash_time","crash_type","crash_year","ambulance_req","hit_run","light_condition","road_character","road_class","road_condition","road_configuration","road_defects","road_feature","road_surface","num_bikes_ai","num_bikes_bi","num_bikes_ci","num_bikes_ki","num_bikes_no","num_bikes_to","num_bikes_ui","num_lanes","num_units","distance_mi_from","frm_road","rte_invd_cd","towrd_road"
3422,1575,"Raleigh","Wake","Piedmont","Commercial","Urban (>70% Developed)","HILLSBOROUGH ST","Urban","30 - 35  MPH","Stop And Go Signal","Clear","No",27,"25-29","No",NA,"Facing Traffic","O: No Injury","Sidewalk / Crosswalk / Driveway Crossing","White","Male",NA,NA,"Missing",NA,"6-10 mph","Unknown Injury","Unknown/Missing",NA,NA,"No","16OCT2013","Wednesday","Motorist Failed to Yield - Signalized Intersection",20,"Intersection","October","O: No Injury",72540,"Motorist Drive Out - Right Turn on Red",2013,"No","Yes","Daylight","Straight - Level","Local Street","Dry","Two-Way, Not Divided","None","Four-Way Intersection","Smooth Asphalt",0,0,0,0,0,0,0,"6 lanes",2,0,NA,0,NA
3423,1579,"None - Rural Crash","Johnston","Coastal","Farms, Woods, Pastures","Rural (<30% Developed)","NC 222","Rural","50 - 55  MPH","No Control Present","Clear","No",63,"60-69","No",NA,"With Traffic","Unknown Injury","Travel Lane","Black","Male",18,"0-19","No",NA,"51-55 mph","O: No Injury","Other","Male","Sport Utility","No","23OCT2013","Wednesday","Motorist Overtaking Bicyclist",22,"Intersection-Related","October","O: No Injury",80100,"Motorist Overtaking - Undetected Bicyclist",2013,"No","No","Dark - Roadway Not Lighted","Straight - Level","NC Route","Dry","Two-Way, Not Divided","None","No Special Feature","Coarse Asphalt",0,0,0,0,0,0,0,"2 lanes",2,0,NA,0,NA
3424,1584,"Charlotte","Mecklenburg","Piedmont","Residential","Urban (>70% Developed)","TUCKASEEGEE RD","Urban","30 - 35  MPH","No Control Present","Clear","No",27,"25-29","No",NA,"With Traffic","B: Evident Injury","Sidewalk / Crosswalk / Driveway Crossing","Hispanic","Male",23,"20-24","No",NA,"36-40 mph","O: No Injury","Black","Female","Passenger Car","No","26OCT2013","Saturday","Bicyclist Left Turn / Merge",14,"Non-Intersection","October","B: Evident Injury",53220,"Bicyclist Left Turn - Same Direction",2013,"No","No","Daylight","Straight - Level","Local Street","Dry","Two-Way, Not Divided","None","No Special Feature","Smooth Asphalt",0,0,0,0,0,0,0,"2 lanes",2,0,NA,0,NA
3425,1587,"Wilmington","New Hanover","Coastal","Commercial","Urban (>70% Developed)","S 16TH","Urban","30 - 35  MPH","Stop And Go Signal","Clear","No",59,"50-59","No",NA,"Facing Traffic","C: Possible Injury","Sidewalk / Crosswalk / Driveway Crossing","Black","Male",48,"40-49","No",NA,"0-5 mph","O: No Injury","White","Female","Sport Utility","No","27SEP2013","Friday","Bicyclist Failed to Yield - Signalized Intersection",14,"Intersection","September","C: Possible Injury",53700,"Bicyclist Ride Through - Signalized Intersection",2013,"Yes","No","Daylight","Straight - Level","Local Street","Dry","One-Way, Not Divided","None","Other","Smooth Asphalt",0,0,0,0,0,0,0,"7 lanes",2,0,NA,0,NA
3426,1601,"Raleigh","Wake","Piedmont","Residential","Urban (>70% Developed)","JELYNN ST","Urban","20 - 25  MPH","Stop Sign","Clear","No",10,"6-10","No",NA,"With Traffic","B: Evident Injury","Travel Lane","Other","Male",36,"30-39","No",NA,"16-20 mph","O: No Injury","Black","Male","Van","No","26OCT2013","Saturday","Bicyclist Failed to Yield - Sign-Controlled Intersection",13,"Intersection","October","B: Evident Injury",49440,"Bicyclist Ride Through - Sign-Controlled Intersection",2013,"Yes","No","Daylight","Straight - Level","Local Street","Dry","Two-Way, Not Divided","None","T-Intersection","Coarse Asphalt",0,0,0,0,0,0,0,"1 lane",2,0,NA,0,NA
3427,1606,"Winston-Salem","Forsyth","Piedmont","Commercial","Urban (>70% Developed)","700 N MLK JR DR","Urban","30 - 35  MPH","Stop And Go Signal","Clear","No",16,"16-19","No",NA,"With Traffic","B: Evident Injury","Travel Lane","Black","Female",NA,NA,"Missing",NA,"0-5 mph","Unknown Injury","Unknown/Missing",NA,NA,"No","18OCT2013","Friday","Motorist Failed to Yield - Signalized Intersection",17,"Intersection","October","B: Evident Injury",63000,"Motorist Drive Out - Right Turn on Red",2013,"No","Yes","Daylight","Straight - Level","Local Street","Dry","Two-Way, Divided, Unprotected Median","None","Four-Way Intersection","Smooth Asphalt",0,0,0,0,0,0,0,"4 lanes",2,0,NA,0,NA
3428,1608,"None - Rural Crash","Iredell","Piedmont","Residential","Mixed (30% To 70% Developed)","SR 1100","Rural","40 - 45  MPH","Stop Sign","Clear","No",51,"50-59","No",NA,"With Traffic","B: Evident Injury","Bike Lane / Paved Shoulder","White","Male",46,"40-49","No",NA,"41-45 mph","O: No Injury","White","Female","Passenger Car","No","10NOV2013","Sunday","Motorist Left Turn / Merge",15,"Intersection","November","B: Evident Injury",54600,"Motorist Left Turn - Opposite Direction",2013,"Yes","No","Daylight","Straight - Level","State Secondary Route","Dry","Two-Way, Divided, Unprotected Median","None","T-Intersection","Smooth Asphalt",0,0,0,0,0,0,0,"4 lanes",2,0,NA,0,NA
3429,1611,"None - Rural Crash","Onslow","Coastal","Commercial","Mixed (30% To 70% Developed)","PVA RIDGEFIELD AVE","Rural",NA,"Stop Sign","Clear","No",34,"30-39","No",NA,"With Traffic","C: Possible Injury","Travel Lane","White","Male",49,"40-49","No",NA,"16-20 mph","O: No Injury","White","Female","Pickup","No","12NOV2013","Tuesday","Bicyclist Failed to Yield - Sign-Controlled Intersection",16,"Intersection","November","C: Possible Injury",57660,"Bicyclist Ride Through - Sign-Controlled Intersection",2013,"Yes","No","Daylight","Straight - Level","Public Vehicular Area","Dry","Two-Way, Not Divided","None","Driveway, Public","Coarse Asphalt",0,0,0,0,0,0,0,"2 lanes",2,0,NA,0,NA
3430,1628,"Greensboro","Guilford","Piedmont","Commercial","Urban (>70% Developed)","W LEE ST","Urban","30 - 35  MPH","Yield Sign","Cloudy","No",23,"20-24","No",NA,"With Traffic","B: Evident Injury","Sidewalk / Crosswalk / Driveway Crossing","White","Male",NA,"70+","No",NA,"0-5 mph","O: No Injury","White","Male","Passenger Car","No","17NOV2013","Sunday","Motorist Failed to Yield - Sign-Controlled Intersection",12,"Intersection","November","B: Evident Injury",44880,"Motorist Drive Out - Sign-Controlled Intersection",2013,"Yes","No","Daylight","Straight - Level","Local Street","Dry","Two-Way, Divided, Positive Median Barrier","None","Four-Way Intersection","Smooth Asphalt",0,0,0,0,0,0,0,"6 lanes",2,0,NA,0,NA
3431,1629,"Durham","Durham","Piedmont","Commercial","Urban (>70% Developed)","S MIAMI BLVD","Urban","40 - 45  MPH","No Control Present","Cloudy","No",29,"25-29","No",NA,"With Traffic","B: Evident Injury","Travel Lane","Black","Female",39,"30-39","No",NA,"41-45 mph","O: No Injury","Black","Female","Sport Utility","No","17NOV2013","Sunday","Motorist Overtaking Bicyclist",18,"Intersection","November","B: Evident Injury",65820,"Motorist Overtaking - Undetected Bicyclist",2013,"Yes","No","Dark - Lighted Roadway","Straight - Grade","Local Street","Dry","Two-Way, Not Divided","None","T-Intersection","Coarse Asphalt",0,0,0,0,0,0,0,"4 lanes",2,0,NA,0,NA
3432,1644,"New Bern","Craven","Coastal","Residential","Urban (>70% Developed)","SIMMIONS ST","Urban","30 - 35  MPH","No Control Present","Clear","No",8,"6-10","No",NA,"Facing Traffic","B: Evident Injury","Bike Lane / Paved Shoulder","Asian","Male",24,"20-24","No",NA,"31-35 mph","O: No Injury","White","Male","Pickup","No","05NOV2013","Tuesday","Bicyclist Right Turn / Merge",15,"Intersection-Related","November","B: Evident Injury",57060,"Bicyclist Right Turn - Same Direction",2013,"Yes","No","Daylight","Straight - Level","Local Street","Dry","Two-Way, Not Divided","None","No Special Feature","Smooth Asphalt",0,0,0,0,0,0,0,"2 lanes",2,0,NA,0,NA
3433,1648,"Eden","Rockingham","Piedmont","Commercial","Urban (>70% Developed)","KINGS HIGHWAY","Urban","40 - 45  MPH","Stop And Go Signal","Clear","No",59,"50-59","No",NA,"With Traffic","C: Possible Injury","Travel Lane","White","Male",61,"60-69","No",NA,"41-45 mph","O: No Injury","White","Female","Passenger Car","No","22NOV2013","Friday","Bicyclist Failed to Yield - Signalized Intersection",17,"Intersection","November","C: Possible Injury",61500,"Bicyclist Ride Out - Signalized  Intersection",2013,"Yes","No","Dark - Lighted Roadway","Straight - Level","Local Street","Dry","Two-Way, Not Divided","None","No Special Feature","Smooth Asphalt",0,0,0,0,0,0,0,"5 lanes",2,0,NA,0,NA
3434,1656,"High Point","Guilford","Piedmont","Commercial","Urban (>70% Developed)","S MAIN ST/GARNER PL","Urban",NA,"No Control Present","Clear","No",46,"40-49","No",NA,"With Traffic","C: Possible Injury","Travel Lane","White","Male",NA,NA,"Missing",NA,NA,"Unknown Injury","Unknown/Missing",NA,NA,"No","28OCT2013","Monday","Motorist Left Turn / Merge",6,"Intersection","October","C: Possible Injury",21600,"Motorist Left Turn - Opposite Direction",2013,"Yes","Yes","Dark - Lighted Roadway","Straight - Level","Local Street","Dry","Two-Way, Divided, Unprotected Median","None","No Special Feature","Smooth Asphalt",0,0,0,0,0,0,0,"2 lanes",2,0,NA,0,NA
3435,1663,"Chapel Hill","Orange","Piedmont","Commercial","Urban (>70% Developed)","W ROSEMARY ST","Urban","20 - 25  MPH","No Control Present","Clear","No",24,"20-24","No",NA,"With Traffic","B: Evident Injury","Travel Lane","White","Male",23,"20-24","No",NA,"0-5 mph","O: No Injury","White","Male","Passenger Car","No","30OCT2013","Wednesday","Motorist Left Turn / Merge",19,"Intersection-Related","October","B: Evident Injury",68400,"Motorist Left Turn - Opposite Direction",2013,"Yes","No","Dark - Lighted Roadway","Straight - Level","Local Street","Dry",NA,"None","No Special Feature","Concrete",0,0,0,0,0,0,0,"2 lanes",2,0,NA,0,NA
3436,1672,"Clayton","Johnston","Coastal","Commercial","Urban (>70% Developed)","US 70","Urban","40 - 45  MPH","Stop And Go Signal","Clear","No",19,"16-19","No",NA,"Facing Traffic","A: Disabling Injury","Travel Lane","White","Male",56,"50-59","No",NA,"36-40 mph","O: No Injury","White","Female","Sport Utility","No","23OCT2013","Wednesday","Bicyclist Failed to Yield - Signalized Intersection",13,"Intersection","October","A: Disabling Injury",48000,"Bicyclist Ride Out - Signalized  Intersection",2013,"Yes","No","Daylight","Straight - Level","US Route","Dry","Two-Way, Divided, Unprotected Median","None","No Special Feature","Coarse Asphalt",0,0,0,0,0,0,0,"9 or more lanes",3,0,NA,0,NA
3437,1676,"Durham","Durham","Piedmont","Residential","Urban (>70% Developed)","NC 751","Urban","30 - 35  MPH","Stop And Go Signal","Clear","No",31,"30-39","No",NA,NA,"O: No Injury","Sidewalk / Crosswalk / Driveway Crossing","Black","Male",60,"60-69","No",NA,"11-15 mph","O: No Injury","White","Female","Passenger Car","No","10DEC2013","Tuesday","Bicyclist Failed to Yield - Signalized Intersection",14,"Intersection","December","O: No Injury",51000,"Bicyclist Ride Out - Signalized  Intersection",2013,"No","No","Daylight","Straight - Grade","NC Route","Dry","Two-Way, Not Divided","None","No Special Feature","Smooth Asphalt",0,0,0,0,0,0,0,"6 lanes",2,0,NA,0,NA
3438,1682,"Greenville","Pitt","Coastal","Residential","Urban (>70% Developed)","US 13","Urban","20 - 25  MPH","No Control Present","Clear","No",54,"50-59","No",NA,"Facing Traffic","B: Evident Injury","Travel Lane","White","Male",29,"25-29","No",NA,"16-20 mph","O: No Injury","Black","Female","Passenger Car","No","03OCT2013","Thursday","Motorist Failed to Yield - Sign-Controlled Intersection",13,"Intersection","October","B: Evident Injury",47280,"Motorist Drive Out - Sign-Controlled Intersection",2013,"Yes","No","Daylight","Curve - Level","US Route","Dry","Two-Way, Not Divided","None","T-Intersection","Smooth Asphalt",0,0,0,0,0,0,0,"4 lanes",2,0,NA,0,NA
3439,1683,"Cornelius","Mecklenburg","Piedmont","Commercial","Mixed (30% To 70% Developed)","WEST CATAWBA AVE","Urban","40 - 45  MPH","No Control Present","Clear","No",30,"30-39","No",NA,"With Traffic","B: Evident Injury","Travel Lane","White","Male",44,"40-49","No",NA,"11-15 mph","O: No Injury","White","Female","Passenger Car","No","03NOV2013","Sunday","Motorist Left Turn / Merge",14,"Intersection","November","B: Evident Injury",51300,"Motorist Left Turn - Opposite Direction",2013,"Yes","No","Daylight","Straight - Level","Local Street","Dry","Two-Way, Divided, Unprotected Median","None","T-Intersection","Coarse Asphalt",0,0,0,0,0,0,0,"4 lanes",2,0,NA,0,NA
3440,1698,"Archdale","Randolph","Piedmont","Residential","Urban (>70% Developed)","ARCHDALE RD","Urban",NA,"No Control Present","Clear","No",51,"50-59","No",NA,"With Traffic","C: Possible Injury","Travel Lane","White","Male",28,"25-29","No",NA,NA,"O: No Injury","White","Female","Pedalcycle","No","25OCT2013","Friday","Motorist Left Turn / Merge",19,"Intersection","October","C: Possible Injury",71880,"Motorist Left Turn - Opposite Direction",2013,"Yes","No","Dark - Lighted Roadway","Straight - Bottom","Local Street","Dry","Two-Way, Not Divided","None","T-Intersection","Smooth Asphalt",0,0,0,0,0,0,0,"2 lanes",2,0,NA,0,NA
3441,1702,"Jacksonville","Onslow","Coastal","Commercial","Urban (>70% Developed)","GUMBRANCH RD","Urban","40 - 45  MPH","No Control Present","Clear","No",21,"20-24","No",NA,"With Traffic","C: Possible Injury","Travel Lane","Black","Male",NA,NA,"Missing",NA,"36-40 mph","Unknown Injury","Unknown/Missing",NA,NA,"No","30NOV2013","Saturday","Motorist Overtaking Bicyclist",19,"Non-Intersection","November","C: Possible Injury",70800,"Motorist Overtaking - Other / Unknown",2013,"Yes","Yes","Dark - Lighted Roadway","Straight - Level","Local Street","Dry","Two-Way, Divided, Unprotected Median","None","No Special Feature","Smooth Asphalt",0,0,0,0,0,0,0,"5 lanes",2,0,NA,0,NA
3442,1712,"Durham","Durham","Piedmont","Commercial","Urban (>70% Developed)","PVA 2406 HOLLOWAY STREET","Urban","20 - 25  MPH","No Control Present","Rain","No",14,"11-15","No",NA,"Facing Traffic","C: Possible Injury","Sidewalk / Crosswalk / Driveway Crossing","Black","Male",36,"30-39","No",NA,"0-5 mph","O: No Injury","Hispanic","Male","Pickup","No","23DEC2013","Monday","Motorist Failed to Yield - Midblock",13,"Non-Intersection","December","C: Possible Injury",49620,"Motorist Drive Out - Commercial Driveway / Alley",2013,"No","No","Daylight","Straight - Level","Public Vehicular Area","Wet","Two-Way, Not Divided","None","No Special Feature","Smooth Asphalt",0,0,0,0,0,0,0,"2 lanes",2,0,NA,0,NA
3443,1714,"Asheville","Buncombe","Mountains","Residential","Urban (>70% Developed)","SENATOR REYNOLDS RD","Urban","20 - 25  MPH","Stop Sign","Rain","No",49,"40-49","No",NA,"With Traffic","B: Evident Injury","Travel Lane","White","Male",33,"30-39","No",NA,"11-15 mph","O: No Injury","White","Male","Van","No","15NOV2013","Friday","Loss of Control / Turning Error",13,"Intersection","November","B: Evident Injury",49140,"Bicyclist Lost Control - Oversteering, Improper Braking, Speed",2013,"Yes","No","Daylight","Curve - Grade","Local Street","Wet","Two-Way, Not Divided","None","T-Intersection","Smooth Asphalt",0,0,0,0,0,0,0,"2 lanes",2,0,NA,0,NA
3444,1722,"Raleigh","Wake","Piedmont","Commercial","Urban (>70% Developed)","MARTIN ST","Urban","30 - 35  MPH","No Control Present","Clear","No",30,"30-39","No",NA,"With Traffic","C: Possible Injury","Travel Lane","Black","Male",44,"40-49","Yes",NA,"0-5 mph","O: No Injury","Black","Male","Passenger Car","Yes","31DEC2013","Tuesday","Loss of Control / Turning Error",13,"Intersection-Related","December","C: Possible Injury",49500,"Motorist Lost Control - Other / Unknown",2013,"Yes","No","Daylight","Straight - Level","Local Street","Dry","Two-Way, Not Divided","Obstruction In Roadway","No Special Feature","Smooth Asphalt",0,0,0,0,0,0,0,"2 lanes",2,0,NA,0,NA
3445,1723,"Wilmington","New Hanover","Coastal","Residential","Urban (>70% Developed)","ROBERT E LEE DR","Urban","20 - 25  MPH","No Control Present","Clear","No",64,"60-69","No",NA,"With Traffic","C: Possible Injury","Travel Lane","White","Male",63,"60-69","No",NA,NA,"O: No Injury","White","Male","Passenger Car","No","21NOV2013","Thursday","Bicyclist Overtaking Motorist",12,"Non-Intersection","November","C: Possible Injury",43620,"Bicyclist Overtaking - Parked Vehicle",2013,"Yes","No","Daylight","Curve - Level","Local Street","Dry","Two-Way, Not Divided","None","No Special Feature","Smooth Asphalt",0,0,0,0,0,0,0,"2 lanes",2,0,NA,0,NA
3446,1725,"Carrboro","Orange","Piedmont","Commercial","Urban (>70% Developed)","PVA 310 N GREENSBORO ST","Urban",NA,"No Control Present","Clear","No",57,"50-59","No",NA,"Facing Traffic","C: Possible Injury","Sidewalk / Crosswalk / Driveway Crossing","Black","Male",66,"60-69","No",NA,"0-5 mph","O: No Injury","White","Male","Passenger Car","No","13NOV2013","Wednesday","Motorist Failed to Yield - Midblock",8,"Non-Intersection","November","C: Possible Injury",29940,"Motorist Drive Out - Commercial Driveway / Alley",2013,"Yes","No","Daylight","Straight - Level","Public Vehicular Area","Dry","Two-Way, Not Divided","None","Driveway, Public","Smooth Asphalt",0,0,0,0,0,0,0,NA,2,0,NA,0,NA
3447,1733,"Cary","Wake","Piedmont","Residential","Urban (>70% Developed)","SR 1650","Urban","30 - 35  MPH","Stop And Go Signal","Clear","No",36,"30-39","No",NA,"With Traffic","O: No Injury","Travel Lane","White","Male",58,"50-59","No",NA,"6-10 mph","O: No Injury","White","Female","Sport Utility","No","22DEC2013","Sunday","Parallel Paths - Other Circumstances",6,"Intersection-Related","December","O: No Injury",24840,"Parallel Paths - Other / Unknown",2013,"No","No","Daylight","Straight - Level","State Secondary Route","Dry","Two-Way, Not Divided","None","No Special Feature","Smooth Asphalt",0,0,0,0,0,0,0,"3 lanes",2,0,NA,0,NA
3448,1737,"Wilmington","New Hanover","Coastal","Commercial","Urban (>70% Developed)","DOCTORS CIR","Urban","30 - 35  MPH","Stop Sign","Clear","No",60,"60-69","No",NA,"Facing Traffic","C: Possible Injury","Travel Lane","White","Male",28,"25-29","No",NA,"6-10 mph","O: No Injury","White","Female","Passenger Car","No","18DEC2013","Wednesday","Motorist Failed to Yield - Sign-Controlled Intersection",14,"Intersection","December","C: Possible Injury",52980,"Motorist Drive Out - Sign-Controlled Intersection",2013,"Yes","No","Daylight","Straight - Level","Local Street","Dry","Two-Way, Divided, Positive Median Barrier","None","No Special Feature","Smooth Asphalt",0,0,0,0,0,0,0,"6 lanes",2,0,NA,0,NA
3449,1740,"High Point","Guilford","Piedmont","Residential","Urban (>70% Developed)","S ELM ST","Urban","30 - 35  MPH","No Control Present","Clear","No",59,"50-59","No",NA,"With Traffic","A: Disabling Injury","Travel Lane","Hispanic","Male",39,"30-39","No",NA,"36-40 mph","O: No Injury","Black","Male","Passenger Car","No","17DEC2013","Tuesday","Motorist Overtaking Bicyclist",6,"Non-Intersection","December","A: Disabling Injury",24960,"Motorist Overtaking - Undetected Bicyclist",2013,"No","No","Dark - Lighted Roadway","Straight - Level","Local Street","Dry","Two-Way, Divided, Unprotected Median","None","No Special Feature","Smooth Asphalt",0,0,0,0,0,0,0,"4 lanes",2,0,NA,0,NA
3450,1748,"Charlotte","Mecklenburg","Piedmont","Commercial","Urban (>70% Developed)",NA,"Urban","20 - 25  MPH","Stop Sign","Clear","No",48,"40-49","No",NA,"Facing Traffic","C: Possible Injury","Sidewalk / Crosswalk / Driveway Crossing","Hispanic","Female",55,"50-59","No",NA,"0-5 mph","O: No Injury","White","Female","Light Truck (Mini-Van, Panel)","No","02JAN2012","Monday","Motorist Failed to Yield - Sign-Controlled Intersection",17,"Intersection","January","C: Possible Injury",62580,"Motorist Drive Out - Sign-Controlled Intersection",2012,"Yes","No","Dusk","Straight - Level","Local Street","Dry","Two-Way, Not Divided","None","No Special Feature","Smooth Asphalt",0,0,0,0,0,0,0,"2 lanes",2,0,NA,0,NA
3451,1754,"None - Rural Crash","Gates","Coastal","Farms, Woods, Pastures","Rural (<30% Developed)",NA,"Rural","50 - 55  MPH","Double Yellow Line, No Passing Zone","Clear","No",48,"40-49","No",NA,"With Traffic","C: Possible Injury","Travel Lane","Black","Male",NA,"70+","No",NA,"31-35 mph","O: No Injury","White","Male","Pickup","No","06JAN2012","Friday","Motorist Overtaking Bicyclist",14,"Non-Intersection","January","C: Possible Injury",50400,"Motorist Overtaking - Misjudged Space",2012,"Yes","No","Daylight","Curve - Hillcrest","NC Route","Dry","Two-Way, Not Divided","None","No Special Feature","Coarse Asphalt",0,0,0,0,0,0,0,"2 lanes",2,0,NA,0,NA
3452,1757,"None - Rural Crash","Guilford","Piedmont","Residential","Rural (<30% Developed)",NA,"Rural","40 - 45  MPH","Stop Sign","Clear","No",57,"50-59","No",NA,"With Traffic","C: Possible Injury","Travel Lane","White","Male",39,"30-39","No",NA,"11-15 mph","O: No Injury","White","Female","Passenger Car","No","10JAN2012","Tuesday","Motorist Failed to Yield - Sign-Controlled Intersection",18,"Intersection","January","C: Possible Injury",67620,"Motorist Drive Out - Sign-Controlled Intersection",2012,"Yes","No","Dark - Roadway Not Lighted","Straight - Level","State Secondary Route","Dry","Two-Way, Not Divided","None","Four-Way Intersection","Smooth Asphalt",0,0,0,0,0,0,0,"2 lanes",2,0,NA,0,NA
3453,1775,"None - Rural Crash","Wake","Piedmont","Farms, Woods, Pastures","Rural (<30% Developed)",NA,"Rural","40 - 45  MPH","Stop Sign","Clear","No",60,"60-69","No",NA,"With Traffic","B: Evident Injury","Travel Lane","White","Male",NA,NA,"No",NA,"6-10 mph","Unknown Injury","Unknown/Missing",NA,"Pickup","No","01FEB2012","Wednesday","Motorist Right Turn / Merge",15,"Intersection","February","B: Evident Injury",54420,"Motorist Right Turn - Same Direction",2012,"Yes","Yes","Daylight","Straight - Grade","State Secondary Route","Dry","Two-Way, Not Divided","None","T-Intersection","Coarse Asphalt",0,0,0,0,0,0,0,"4 lanes",2,0,NA,0,NA
3454,1786,"Patterson Springs","Cleveland","Mountains","Residential","Mixed (30% To 70% Developed)",NA,"Rural","40 - 45  MPH","Double Yellow Line, No Passing Zone","Clear","No",46,"40-49","Yes",NA,"With Traffic","C: Possible Injury","Travel Lane","Black","Female",37,"30-39","No",NA,"41-45 mph","O: No Injury","White","Female","Passenger Car","Yes","13FEB2012","Monday","Motorist Overtaking Bicyclist",21,"Non-Intersection","February","C: Possible Injury",78780,"Motorist Overtaking - Other / Unknown",2012,"Yes","No","Dark - Roadway Not Lighted","Straight - Level","NC Route","Dry","Two-Way, Not Divided","None","No Special Feature","Smooth Asphalt",0,0,0,0,0,0,0,"2 lanes",2,0,NA,0,NA
3455,1797,"Whiteville","Columbus","Coastal","Commercial","Urban (>70% Developed)",NA,"Urban","40 - 45  MPH","No Control Present","Clear","No",23,"20-24","No",NA,"With Traffic","B: Evident Injury","Travel Lane","Black","Male",NA,"70+","No",NA,"26-30 mph","O: No Injury","White","Male","Pickup","No","07FEB2012","Tuesday","Motorist Overtaking Bicyclist",18,"Intersection-Related","February","B: Evident Injury",66660,"Motorist Overtaking - Other / Unknown",2012,"Yes","No","Dark - Unknown Lighting","Straight - Level","Local Street","Dry","Two-Way, Not Divided","None","No Special Feature","Smooth Asphalt",0,0,0,0,0,0,0,"5 lanes",2,0,NA,0,NA
3456,1799,"Durham","Durham","Piedmont","Commercial","Urban (>70% Developed)",NA,"Urban","20 - 25  MPH","Stop And Go Signal","Clear","No",24,"20-24","No",NA,"With Traffic","C: Possible Injury","Sidewalk / Crosswalk / Driveway Crossing","White","Female",59,"50-59","No",NA,"0-5 mph","O: No Injury","Other","Female","Passenger Car","No","26FEB2012","Sunday","Motorist Left Turn / Merge",17,"Intersection","February","C: Possible Injury",63300,"Motorist Left Turn - Opposite Direction",2012,"Yes","No","Daylight","Straight - Level","Local Street","Dry","Two-Way, Not Divided","None","No Special Feature","Smooth Asphalt",0,0,0,0,0,0,0,"3 lanes",2,0,NA,0,NA
3457,1800,"Summerfield","Guilford","Piedmont","Farms, Woods, Pastures","Rural (<30% Developed)",NA,"Urban","40 - 45  MPH","Double Yellow Line, No Passing Zone","Clear","No",64,"60-69","No",NA,"With Traffic","C: Possible Injury","Travel Lane","White","Male",NA,NA,"Missing",NA,"41-45 mph","Unknown Injury","Unknown/Missing",NA,NA,"No","27FEB2012","Monday","Motorist Overtaking Bicyclist",17,"Non-Intersection","February","C: Possible Injury",63900,"Motorist Overtaking - Misjudged Space",2012,"No","Yes","Daylight","Straight - Grade","State Secondary Route","Dry","Two-Way, Not Divided","None","No Special Feature","Smooth Asphalt",0,0,0,0,0,0,0,"2 lanes",2,0,NA,0,NA
3458,1803,"Jacksonville","Onslow","Coastal","Residential","Urban (>70% Developed)",NA,"Urban","30 - 35  MPH","Stop And Go Signal","Clear","No",55,"50-59","No",NA,"With Traffic","B: Evident Injury","Travel Lane","Black","Male",55,"50-59","No",NA,"0-5 mph","O: No Injury","White","Female","Passenger Car","No","07FEB2012","Tuesday","Bicyclist Failed to Yield - Signalized Intersection",16,"Intersection","February","B: Evident Injury",58140,"Bicyclist Failed to Clear - Trapped",2012,"Yes","No","Daylight","Straight - Level","Local Street","Dry","Two-Way, Divided, Unprotected Median","None","No Special Feature","Smooth Asphalt",0,0,0,0,0,0,0,"4 lanes",2,0,NA,0,NA
3459,1804,"Sanford","Lee","Piedmont","Residential","Mixed (30% To 70% Developed)",NA,"Urban","30 - 35  MPH","Stop Sign","Clear","No",40,"40-49","No",NA,"With Traffic","B: Evident Injury","Travel Lane","White","Male",29,"25-29","No",NA,"0-5 mph","O: No Injury","White","Male","Van","No","08FEB2012","Wednesday","Motorist Left Turn / Merge",18,"Intersection","February","B: Evident Injury",67380,"Motorist Left Turn - Opposite Direction",2012,"Yes","No","Dark - Roadway Not Lighted","Straight - Level","Local Street","Dry","One-Way, Not Divided","None","No Special Feature","Smooth Asphalt",0,0,0,0,0,0,0,"2 lanes",2,0,NA,0,NA
3460,1805,"Charlotte","Mecklenburg","Piedmont","Commercial","Urban (>70% Developed)",NA,"Urban","30 - 35  MPH","Stop And Go Signal","Rain","No",25,"25-29","No",NA,"Facing Traffic","C: Possible Injury","Travel Lane","Black","Male",50,"50-59","No",NA,"0-5 mph","O: No Injury","Black","Male","Truck/Tractor","No","27FEB2012","Monday","Crossing Paths - Other Circumstances",10,"Intersection","February","C: Possible Injury",38460,"Signalized Intersection - Other / Unknown",2012,"Yes","No","Daylight","Straight - Level","Local Street","Wet","Two-Way, Not Divided","None","T-Intersection","Smooth Asphalt",0,0,0,0,0,0,0,"4 lanes",2,0,NA,0,NA