"...1","object_id","city","county","region","development","locality","on_road","rural_urban","speed_limit","traffic_control","weather","workzone","bike_age","bike_age_group","bike_alcohol","bike_alcohol_drugs","bike_direction","bike_injury","bike_position","bike_race","bike_sex","driver_age","driver_age_group","driver_alcohol","driver_alcohol_drugs","driver_est_speed","driver_injury","driver_race","driver_sex","driver_vehicle_type","crash_alcohol","crash_date","crash_day","crash_group","crash_hour","crash_location","crash_month","crash_severity","crash_time","crash_type","crash_year","ambulance_req","hit_run","light_condition","road_character","road_class","road_condition","road_configuration","road_defects","road_feature","road_surface","num_bikes_ai","num_bikes_bi","num_bikes_ci","num_bikes_ki","num_bikes_no","num_bikes_to","num_bikes_ui","num_lanes","num_units","distance_mi_from","frm_road","rte_invd_cd","towrd_road"
3461,1813,"Chapel Hill","Orange","Piedmont","Commercial","Urban (>70% Developed)",NA,"Urban","20 - 25  MPH","No Control Present","Clear","No",24,"20-24","No",NA,"With Traffic","B: Evident Injury","Travel Lane","White","Male",22,"20-24","No",NA,"6-10 mph","O: No Injury","White","Female","Passenger Car","No","15FEB2012","Wednesday","Motorist Left Turn / Merge",16,"Non-Intersection","February","B: Evident Injury",58980,"Motorist Left Turn - Opposite Direction",2012,"Yes","No","Daylight","Straight - Grade","Local Street","Dry","Two-Way, Not Divided","None","No Special Feature","Smooth Asphalt",0,0,0,0,0,0,0,"4 lanes",2,0,NA,0,NA
3462,1831,"Rocky Mount","Nash","Coastal","Commercial","Urban (>70% Developed)",NA,"Urban","40 - 45  MPH","No Control Present","Rain","No",21,"20-24","No",NA,"With Traffic","B: Evident Injury","Sidewalk / Crosswalk / Driveway Crossing","White","Male",19,"0-19","No",NA,"41-45 mph","O: No Injury","Black","Male","Passenger Car","No","16FEB2012","Thursday","Parallel Paths - Other Circumstances",20,"Intersection-Related","February","B: Evident Injury",74640,"Bicyclist Ride Out - Parallel Path",2012,"Yes","No","Dark - Lighted Roadway","Straight - Level","Local Street","Wet","Two-Way, Divided, Unprotected Median","None","Four-Way Intersection","Coarse Asphalt",0,0,0,0,0,0,0,"4 lanes",2,0,NA,0,NA
3463,1837,"Fayetteville","Cumberland","Coastal","Residential","Urban (>70% Developed)",NA,"Urban","30 - 35  MPH","Stop Sign","Clear","No",30,"30-39","No",NA,"Facing Traffic","B: Evident Injury","Travel Lane","Black","Female",27,"25-29","No",NA,NA,"O: No Injury","White","Female","Pickup","No","29FEB2012","Wednesday","Motorist Failed to Yield - Sign-Controlled Intersection",11,"Intersection","February","B: Evident Injury",41640,"Motorist Drive Out - Sign-Controlled Intersection",2012,"No","No","Daylight","Straight - Level","Local Street","Dry","Two-Way, Not Divided","None","No Special Feature","Coarse Asphalt",0,0,0,0,0,0,0,"4 lanes",2,0,NA,0,NA
3464,1841,"None - Rural Crash","Davidson","Piedmont","Farms, Woods, Pastures","Rural (<30% Developed)",NA,"Rural","50 - 55  MPH","No Control Present","Clear","No",30,"30-39","No",NA,"With Traffic","K: Killed","Bike Lane / Paved Shoulder","White","Male",29,"25-29","Yes",NA,"51-55 mph","O: No Injury","White","Male","Pickup","Yes","13MAR2012","Tuesday","Loss of Control / Turning Error",15,"Non-Intersection","March","K: Killed",54000,"Motorist Lost Control - Other / Unknown",2012,"Yes","No","Daylight","Straight - Level","US Route","Dry","Two-Way, Divided, Unprotected Median","None","No Special Feature","Smooth Asphalt",0,0,0,0,0,0,0,"4 lanes",3,0,NA,0,NA
3465,1842,"Durham","Durham","Piedmont","Residential","Urban (>70% Developed)",NA,"Urban","30 - 35  MPH","Stop And Go Signal","Clear","No",30,"30-39","No",NA,"With Traffic","B: Evident Injury","Travel Lane","White","Male",NA,NA,"Missing",NA,"6-10 mph","Unknown Injury","Unknown/Missing",NA,"Passenger Car","No","18MAR2012","Sunday","Motorist Left Turn / Merge",20,"Intersection","March","B: Evident Injury",75540,"Motorist Left Turn - Opposite Direction",2012,"Yes","Yes","Dark - Lighted Roadway","Straight - Level","Local Street","Dry","Two-Way, Not Divided","None","No Special Feature","Smooth Asphalt",0,0,0,0,0,0,0,"4 lanes",2,0,NA,0,NA
3466,1845,"Raleigh","Wake","Piedmont","Residential","Urban (>70% Developed)",NA,"Urban","40 - 45  MPH","Stop And Go Signal","Clear","No",14,"11-15","No",NA,"Facing Traffic","B: Evident Injury","Travel Lane","White","Male",55,"50-59","No",NA,"0-5 mph","O: No Injury","White","Male","Sport Utility","No","15MAR2012","Thursday","Bicyclist Failed to Yield - Signalized Intersection",16,"Intersection","March","B: Evident Injury",58680,"Bicyclist Ride Through - Signalized Intersection",2012,"Yes","No","Daylight","Straight - Grade","Local Street","Dry","Two-Way, Not Divided","None","No Special Feature","Smooth Asphalt",0,0,0,0,0,0,0,"5 lanes",2,0,NA,0,NA
3467,1846,"Wilmington","New Hanover","Coastal","Residential","Urban (>70% Developed)",NA,"Urban","20 - 25  MPH","No Control Present","Clear","No",68,"60-69","No",NA,"With Traffic","B: Evident Injury","Travel Lane","Black","Male",NA,NA,"Missing",NA,NA,"Unknown Injury","Unknown/Missing",NA,"Pickup","No","01MAR2012","Thursday","Loss of Control / Turning Error",13,"Non-Intersection","March","B: Evident Injury",48720,"Bicyclist Lost Control - Mechanical Problems",2012,"Yes","No","Daylight","Straight - Grade","Local Street","Dry","One-Way, Not Divided","None","No Special Feature","Smooth Asphalt",0,0,0,0,0,0,0,"1 lane",2,0,NA,0,NA
3468,1849,"None - Rural Crash","Orange","Piedmont","Farms, Woods, Pastures","Rural (<30% Developed)",NA,"Rural","50 - 55  MPH","No Control Present","Clear","No",53,"50-59","No",NA,"With Traffic","A: Disabling Injury","Travel Lane","White","Male",NA,NA,"Missing",NA,"51-55 mph","Unknown Injury","Unknown/Missing",NA,NA,"No","26FEB2012","Sunday","Motorist Overtaking Bicyclist",14,"Non-Intersection","February","A: Disabling Injury",53040,"Motorist Overtaking - Misjudged Space",2012,"Yes","Yes","Daylight","Straight - Level","State Secondary Route","Dry","Two-Way, Not Divided","None","No Special Feature","Coarse Asphalt",0,0,0,0,0,0,0,"2 lanes",2,0,NA,0,NA
3469,1851,"None - Rural Crash","Chowan","Coastal","Residential","Mixed (30% To 70% Developed)",NA,"Rural","20 - 25  MPH","Stop Sign","Clear","No",57,"50-59","No",NA,"With Traffic","C: Possible Injury","Travel Lane","White","Male",67,"60-69","No",NA,"11-15 mph","O: No Injury","White","Male","Passenger Car","No","01MAR2012","Thursday","Bicyclist Failed to Yield - Sign-Controlled Intersection",14,"Intersection","March","C: Possible Injury",50400,"Bicyclist Ride Through - Sign-Controlled Intersection",2012,"No","No","Daylight","Straight - Level","State Secondary Route","Dry","Two-Way, Not Divided","None","T-Intersection","Smooth Asphalt",0,0,0,0,0,0,0,"2 lanes",2,0,NA,0,NA
3470,1854,"Mount Olive","Wayne","Coastal","Residential","Mixed (30% To 70% Developed)",NA,"Rural","30 - 35  MPH","Double Yellow Line, No Passing Zone","Clear","No",45,"40-49","No",NA,"With Traffic","C: Possible Injury","Bike Lane / Paved Shoulder","Black","Male",54,"50-59","No",NA,"36-40 mph","O: No Injury","Black","Female","Passenger Car","No","29FEB2012","Wednesday","Loss of Control / Turning Error",10,"Intersection","February","C: Possible Injury",36000,"Motorist Lost Control - Other / Unknown",2012,"Yes","No","Daylight","Straight - Level","US Route","Dry","Two-Way, Not Divided","None","No Special Feature","Smooth Asphalt",0,0,0,0,0,0,0,"2 lanes",2,0,NA,0,NA
3471,1870,"None - Rural Crash","Johnston","Coastal","Commercial","Urban (>70% Developed)",NA,"Rural","30 - 35  MPH","Stop And Go Signal","Cloudy","No",55,"50-59","No",NA,"With Traffic","C: Possible Injury","Travel Lane","White","Male",49,"40-49","No",NA,"11-15 mph","O: No Injury","White","Male","Passenger Car","No","27MAR2012","Tuesday","Motorist Left Turn / Merge",5,"Intersection","March","C: Possible Injury",20100,"Motorist Left Turn - Opposite Direction",2012,"No","No","Dark - Lighted Roadway","Straight - Level","NC Route","Dry","Two-Way, Not Divided","None","Four-Way Intersection","Coarse Asphalt",0,0,0,0,0,0,0,"5 lanes",2,0,NA,0,NA
3472,1872,"Charlotte","Mecklenburg","Piedmont","Residential","Urban (>70% Developed)",NA,"Urban","20 - 25  MPH","Stop Sign","Cloudy","No",30,"30-39","Missing",NA,"With Traffic","B: Evident Injury","Travel Lane","White","Male",60,"60-69","No",NA,NA,"O: No Injury","White","Female","Passenger Car","No","25MAR2012","Sunday","Motorist Failed to Yield - Sign-Controlled Intersection",13,"Intersection","March","B: Evident Injury",49800,"Motorist Drive Out - Sign-Controlled Intersection",2012,"Yes","No","Daylight","Straight - Level","Local Street","Dry","Two-Way, Not Divided","None","Four-Way Intersection","Smooth Asphalt",0,0,0,0,0,0,0,"2 lanes",2,0,NA,0,NA
3473,1873,"Dunn","Harnett","Coastal","Residential","Urban (>70% Developed)",NA,"Urban","30 - 35  MPH","Stop Sign","Cloudy","No",8,"6-10","No",NA,"Facing Traffic","K: Killed","Travel Lane","Black","Male",18,"0-19","No",NA,"31-35 mph","O: No Injury","Native American","Female","Passenger Car","No","18MAR2012","Sunday","Bicyclist Failed to Yield - Sign-Controlled Intersection",15,"Intersection","March","K: Killed",55260,"Bicyclist Ride Through - Sign-Controlled Intersection",2012,"Yes","No","Daylight","Straight - Level","Local Street","Dry","Two-Way, Not Divided","None","Four-Way Intersection","Coarse Asphalt",0,0,0,0,0,0,0,"2 lanes",2,0,NA,0,NA
3474,1884,"Rocky Mount","Edgecombe","Coastal","Commercial","Urban (>70% Developed)",NA,"Urban","30 - 35  MPH","No Control Present","Clear","No",51,"50-59","No",NA,"With Traffic","B: Evident Injury","Travel Lane","Black","Male",30,"30-39","No",NA,"16-20 mph","O: No Injury","Black","Female","Passenger Car","No","10MAR2012","Saturday","Motorist Left Turn / Merge",16,"Intersection","March","B: Evident Injury",57660,"Motorist Left Turn - Opposite Direction",2012,"Yes","No","Daylight","Straight - Level","Local Street","Dry","Two-Way, Not Divided","None","Four-Way Intersection","Smooth Asphalt",0,0,0,0,0,0,0,"5 lanes",2,0,NA,0,NA
3475,1887,"None - Rural Crash","Guilford","Piedmont","Residential","Rural (<30% Developed)",NA,"Rural","40 - 45  MPH","Double Yellow Line, No Passing Zone","Clear","No",23,"20-24","No",NA,"With Traffic","C: Possible Injury","Travel Lane","Black","Male",39,"30-39","No",NA,"41-45 mph","O: No Injury","Black","Male","Passenger Car","No","07APR2012","Saturday","Bicyclist Left Turn / Merge",12,"Non-Intersection","April","C: Possible Injury",46680,"Bicyclist Left Turn - Same Direction",2012,"Yes","No","Daylight","Straight - Grade","State Secondary Route","Dry","Two-Way, Not Divided","None","No Special Feature","Smooth Asphalt",0,0,0,0,0,0,0,"2 lanes",2,0,NA,0,NA
3476,1889,"Rocky Mount","Nash","Coastal","Residential","Urban (>70% Developed)",NA,"Urban","40 - 45  MPH","No Control Present","Clear","No",54,"50-59","No",NA,"With Traffic","B: Evident Injury","Travel Lane","Black","Male",27,"25-29","No",NA,"6-10 mph","O: No Injury","Hispanic","Male","Van","No","06MAR2012","Tuesday","Motorist Overtaking Bicyclist",7,"Intersection-Related","March","B: Evident Injury",28440,"Motorist Overtaking - Misjudged Space",2012,"Yes","No","Daylight","Straight - Level","Local Street","Dry","Two-Way, Not Divided","None","No Special Feature","Coarse Asphalt",0,0,0,0,0,0,0,"2 lanes",2,0,NA,0,NA
3477,1891,"Wilmington","New Hanover","Coastal","Commercial","Urban (>70% Developed)",NA,"Urban","30 - 35  MPH","No Control Present","Clear","No",22,"20-24","No",NA,"Not Applicable","B: Evident Injury","Travel Lane","Black","Male",62,"60-69","No",NA,"31-35 mph","O: No Injury","Black","Male","Passenger Car","No","19MAR2012","Monday","Bicyclist Failed to Yield - Midblock",10,"Non-Intersection","March","B: Evident Injury",39120,"Bicyclist Ride Out - Other Midblock",2012,"Yes","No","Daylight","Straight - Level","Local Street","Dry","Two-Way, Divided, Unprotected Median","None","No Special Feature","Smooth Asphalt",0,0,0,0,0,0,0,"4 lanes",2,0,NA,0,NA
3478,1895,"Washington","Beaufort","Coastal","Commercial","Urban (>70% Developed)",NA,"Urban",NA,"No Control Present","Cloudy","No",47,"40-49","No",NA,"Facing Traffic","C: Possible Injury","Sidewalk / Crosswalk / Driveway Crossing","Black","Male",26,"25-29","No",NA,"0-5 mph","O: No Injury","Black","Female","Passenger Car","No","16MAR2012","Friday","Motorist Failed to Yield - Midblock",8,"Non-Intersection","March","C: Possible Injury",30240,"Motorist Drive Out - Commercial Driveway / Alley",2012,"Yes","No","Daylight","Straight - Level","US Route","Wet","Two-Way, Not Divided","None","No Special Feature","Coarse Asphalt",0,0,0,0,0,0,0,"5 lanes",2,0,NA,0,NA
3479,1896,"Rocky Mount","Nash","Coastal","Commercial","Urban (>70% Developed)",NA,"Urban","40 - 45  MPH","Stop And Go Signal","Clear","No",50,"50-59","No",NA,"With Traffic","C: Possible Injury","Travel Lane","Black","Male",59,"50-59","No",NA,"0-5 mph","O: No Injury","White","Male","Pickup","No","16MAR2012","Friday","Bicyclist Failed to Yield - Signalized Intersection",5,"Intersection","March","C: Possible Injury",20760,"Bicyclist Failed to Clear - Trapped",2012,"No","No","Dark - Lighted Roadway","Straight - Level","Local Street","Dry","Two-Way, Not Divided","None","Four-Way Intersection","Smooth Asphalt",0,0,0,0,0,0,0,"2 lanes",2,0,NA,0,NA
3480,1897,"Concord","Cabarrus","Piedmont","Residential","Urban (>70% Developed)",NA,"Urban","30 - 35  MPH","Stop Sign","Clear","No",9,"6-10","No",NA,"Facing Traffic","B: Evident Injury","Sidewalk / Crosswalk / Driveway Crossing","White","Female",40,"40-49","No",NA,"0-5 mph","O: No Injury","White","Male","Passenger Car","No","20MAR2012","Tuesday","Loss of Control / Turning Error",17,"Intersection","March","B: Evident Injury",61560,"Bicyclist Lost Control - Mechanical Problems",2012,"No","No","Daylight","Straight - Level","Local Street","Dry","Two-Way, Not Divided","None","T-Intersection","Smooth Asphalt",0,0,0,0,0,0,0,"2 lanes",2,0,NA,0,NA
3481,1905,"Raleigh","Wake","Piedmont","Residential","Urban (>70% Developed)",NA,"Urban","20 - 25  MPH","No Control Present","Clear","No",20,"20-24","No",NA,"Not Applicable","B: Evident Injury","Driveway / Alley","White","Male",23,"20-24","No",NA,"16-20 mph","O: No Injury","White","Male","Sport Utility","No","22MAR2012","Thursday","Bicyclist Failed to Yield - Midblock",10,"Non-Intersection","March","B: Evident Injury",36600,"Bicyclist Ride Out - Residential Driveway",2012,"Yes","No","Daylight","Straight - Level","Local Street","Dry","Two-Way, Not Divided","None","T-Intersection","Smooth Asphalt",0,0,0,0,0,0,0,"2 lanes",2,0,NA,0,NA
3482,1906,"Raleigh","Wake","Piedmont","Commercial","Mixed (30% To 70% Developed)",NA,"Urban","20 - 25  MPH","Stop And Go Signal","Clear","No",22,"20-24","No",NA,"Facing Traffic","O: No Injury","Sidewalk / Crosswalk / Driveway Crossing","White","Male",NA,NA,"Missing",NA,"11-15 mph","Unknown Injury","Unknown/Missing",NA,NA,"No","27MAR2012","Tuesday","Motorist Failed to Yield - Signalized Intersection",4,"Intersection","March","O: No Injury",14820,"Motorist Drive Out - Right Turn on Red",2012,"No","Yes","Dusk","Straight - Level","Local Street","Dry","Two-Way, Not Divided","None","No Special Feature","Coarse Asphalt",0,0,0,0,0,0,0,"3 lanes",2,0,NA,0,NA
3483,1909,"Gastonia","Gaston","Piedmont","Commercial","Urban (>70% Developed)",NA,"Urban","40 - 45  MPH","No Control Present","Clear","No",14,"11-15","No",NA,"With Traffic","C: Possible Injury","Travel Lane","Black","Female",33,"30-39","No",NA,"31-35 mph","O: No Injury","Black","Female","Sport Utility","No","07APR2012","Saturday","Bicyclist Left Turn / Merge",18,"Intersection-Related","April","C: Possible Injury",67020,"Bicyclist Left Turn - Same Direction",2012,"Yes","No","Daylight","Straight - Grade","State Secondary Route","Dry","Two-Way, Not Divided","None","No Special Feature","Smooth Asphalt",0,0,0,0,0,0,0,"5 lanes",2,0,NA,0,NA
3484,1912,"Raleigh","Wake","Piedmont","Residential","Urban (>70% Developed)",NA,"Urban","5 - 15 MPH","No Control Present","Clear","No",7,"6-10","No",NA,"Not Applicable","B: Evident Injury","Non-Roadway","Hispanic","Male",34,"30-39","No",NA,"0-5 mph","O: No Injury","White","Female","Passenger Car","No","12APR2012","Thursday","Non-Roadway",18,"Non-Roadway","April","B: Evident Injury",66000,"Non-Roadway",2012,"No","No","Daylight","Straight - Grade","Public Vehicular Area","Dry","Two-Way, Not Divided","None","T-Intersection","Smooth Asphalt",0,0,0,0,0,0,0,NA,2,0,NA,0,NA
3485,1915,"Durham","Durham","Piedmont","Commercial","Urban (>70% Developed)",NA,"Urban","5 - 15 MPH","No Control Present","Clear","No",31,"30-39","No",NA,"Facing Traffic","O: No Injury","Travel Lane","Black","Male",33,"30-39","No",NA,"0-5 mph","O: No Injury","Black","Male","Passenger Car","No","13APR2012","Friday","Loss of Control / Turning Error",14,"Non-Intersection","April","O: No Injury",51960,"Bicyclist Lost Control - Mechanical Problems",2012,"No","No","Daylight","Straight - Level","Public Vehicular Area","Dry","Two-Way, Not Divided","None","No Special Feature","Smooth Asphalt",0,0,0,0,0,0,0,"2 lanes",2,0,NA,0,NA
3486,1916,"Siler City","Chatham","Piedmont","Commercial","Urban (>70% Developed)",NA,"Urban",NA,"No Control Present","Clear","No",21,"20-24","No",NA,"Facing Traffic","C: Possible Injury","Sidewalk / Crosswalk / Driveway Crossing","White","Male",34,"30-39","No",NA,"0-5 mph","O: No Injury","White","Male","Sport Utility","No","29MAR2012","Thursday","Motorist Failed to Yield - Midblock",10,"Non-Intersection","March","C: Possible Injury",38700,"Motorist Drive Out - Commercial Driveway / Alley",2012,"Yes","No","Daylight","Straight - Level","Public Vehicular Area","Dry","Two-Way, Not Divided","None","Driveway, Public","Smooth Asphalt",0,0,0,0,0,0,0,NA,2,0,NA,0,NA
3487,1919,"None - Rural Crash","Orange","Piedmont","Residential","Rural (<30% Developed)",NA,"Rural","30 - 35  MPH","No Control Present","Clear","No",23,"20-24","No",NA,"With Traffic","B: Evident Injury","Bike Lane / Paved Shoulder","White","Male",NA,NA,"No",NA,"31-35 mph","Unknown Injury","Unknown/Missing",NA,NA,"No","10APR2012","Tuesday","Motorist Overtaking Bicyclist",9,"Non-Intersection","April","B: Evident Injury",35520,"Motorist Overtaking - Other / Unknown",2012,"Yes","Yes","Daylight","Curve - Level","Local Street","Dry","Two-Way, Not Divided",NA,"No Special Feature","Smooth Asphalt",0,0,0,0,0,0,0,"2 lanes",2,0,NA,0,NA
3488,1921,"Raleigh","Wake","Piedmont","Residential","Mixed (30% To 70% Developed)",NA,"Urban","40 - 45  MPH","Stop And Go Signal","Clear","No",60,"60-69","No",NA,"With Traffic","C: Possible Injury","Travel Lane","Hispanic","Male",51,"50-59","No",NA,"0-5 mph","O: No Injury","Black","Female","Passenger Car","No","16APR2012","Monday","Motorist Failed to Yield - Signalized Intersection",6,"Intersection","April","C: Possible Injury",24120,"Motorist Drive Out - Right Turn on Red",2012,"Yes","No","Daylight","Straight - Level","Local Street","Dry","Two-Way, Not Divided","None","No Special Feature","Coarse Asphalt",0,0,0,0,0,0,0,"6 lanes",2,0,NA,0,NA
3489,1923,"Durham","Durham","Piedmont","Commercial","Urban (>70% Developed)",NA,"Urban","30 - 35  MPH","Stop And Go Signal","Clear","No",27,"25-29","No",NA,"With Traffic","C: Possible Injury","Travel Lane","White","Male",26,"25-29","No",NA,"31-35 mph","O: No Injury","White","Female","Passenger Car","No","13APR2012","Friday","Bicyclist Failed to Yield - Signalized Intersection",9,"Intersection","April","C: Possible Injury",34140,"Bicyclist Ride Through - Signalized Intersection",2012,"Yes","No","Daylight","Straight - Level","US Route","Dry","Two-Way, Not Divided","None","Four-Way Intersection","Smooth Asphalt",0,0,0,0,0,0,0,"2 lanes",2,0,NA,0,NA
3490,1936,"Fayetteville","Cumberland","Coastal","Commercial","Urban (>70% Developed)",NA,"Urban","30 - 35  MPH","Stop Sign","Clear","No",45,"40-49","No",NA,"With Traffic","B: Evident Injury","Travel Lane","Black","Male",22,"20-24","No",NA,"36-40 mph","O: No Injury","Black","Female","Passenger Car","No","07APR2012","Saturday","Bicyclist Failed to Yield - Sign-Controlled Intersection",21,"Intersection","April","B: Evident Injury",76860,"Bicyclist Ride Out - Sign-Controlled Intersection",2012,"Yes","No","Dark - Lighted Roadway","Straight - Level","Local Street","Dry","Two-Way, Divided, Unprotected Median","None","No Special Feature","Smooth Asphalt",0,0,0,0,0,0,0,"6 lanes",2,0,NA,0,NA
3491,1949,"None - Rural Crash","Hertford","Coastal","Farms, Woods, Pastures","Rural (<30% Developed)",NA,"Rural","50 - 55  MPH","No Control Present","Cloudy","No",17,"16-19","No",NA,"With Traffic","B: Evident Injury","Travel Lane","Black","Male",29,"25-29","No",NA,"21-25 mph","O: No Injury","Black","Male","Passenger Car","No","04APR2012","Wednesday","Motorist Overtaking Bicyclist",21,"Non-Intersection","April","B: Evident Injury",76860,"Motorist Overtaking - Other / Unknown",2012,"No","No","Dark - Roadway Not Lighted","Straight - Level","State Secondary Route","Dry","Two-Way, Not Divided","None","No Special Feature","Coarse Asphalt",0,0,0,0,0,0,0,"2 lanes",2,0,NA,0,NA
3492,1951,"Lincolnton","Lincoln","Piedmont","Commercial","Urban (>70% Developed)",NA,"Urban","20 - 25  MPH","Stop And Go Signal","Clear","No",47,"40-49","No",NA,"With Traffic","A: Disabling Injury","Travel Lane","White","Male",56,"50-59","No",NA,"21-25 mph","O: No Injury","White","Male","Pickup","No","13APR2012","Friday","Bicyclist Failed to Yield - Signalized Intersection",15,"Intersection","April","A: Disabling Injury",56700,"Bicyclist Ride Through - Signalized Intersection",2012,"Yes","No","Daylight","Straight - Level","Local Street","Dry","Two-Way, Not Divided","None","Four-Way Intersection","Coarse Asphalt",0,0,0,0,0,0,0,"2 lanes",2,0,NA,0,NA
3493,1956,"Mount Olive","Wayne","Coastal","Residential","Urban (>70% Developed)",NA,"Rural","30 - 35  MPH","Flashing Signal With Stop Sign","Clear","No",19,"16-19","No",NA,"With Traffic","B: Evident Injury","Travel Lane","White","Male",42,"40-49","No",NA,"26-30 mph","O: No Injury","White","Male","Police","No","27APR2012","Friday","Bicyclist Failed to Yield - Sign-Controlled Intersection",12,"Intersection","April","B: Evident Injury",43980,"Bicyclist Ride Through - Sign-Controlled Intersection",2012,"Yes","No","Daylight","Straight - Level","Local Street","Dry","Two-Way, Not Divided","None","Four-Way Intersection","Coarse Asphalt",0,0,0,0,0,0,0,"2 lanes",2,0,NA,0,NA
3494,1966,"Greensboro","Guilford","Piedmont","Residential","Urban (>70% Developed)",NA,"Urban","30 - 35  MPH","Stop And Go Signal","Other","No",35,"30-39","No",NA,"With Traffic","B: Evident Injury","Travel Lane","Black","Female",49,"40-49","No",NA,"21-25 mph","O: No Injury","Black","Male","Passenger Car","No","14APR2012","Saturday","Motorist Overtaking Bicyclist",18,"Intersection-Related","April","B: Evident Injury",68040,"Motorist Overtaking - Undetected Bicyclist",2012,"Yes","No","Daylight","Straight - Grade","Local Street","Dry","Two-Way, Not Divided","None","Four-Way Intersection","Coarse Asphalt",0,0,0,0,0,0,0,"4 lanes",2,0,NA,0,NA
3495,1967,"Raleigh","Wake","Piedmont","Residential","Urban (>70% Developed)",NA,"Urban","5 - 15 MPH","No Control Present","Clear","No",14,"11-15","No",NA,"Not Applicable","B: Evident Injury","Driveway / Alley","White","Male",67,"60-69","No",NA,"21-25 mph","O: No Injury","White","Male","Sport Utility","No","27APR2012","Friday","Bicyclist Failed to Yield - Midblock",21,"Non-Intersection","April","B: Evident Injury",77880,"Bicyclist Ride Out - Commercial Driveway / Alley",2012,"No","No","Daylight","Straight - Level","Local Street","Dry","Two-Way, Not Divided","None","No Special Feature","Smooth Asphalt",0,0,0,0,0,0,0,"2 lanes",2,0,NA,0,NA
3496,1974,"Siler City","Chatham","Piedmont","Residential","Urban (>70% Developed)",NA,"Urban","30 - 35  MPH","Stop Sign","Clear","No",10,"6-10","No",NA,"With Traffic","B: Evident Injury","Travel Lane","Hispanic","Male",17,"0-19","No",NA,"21-25 mph","O: No Injury","Black","Male","Sport Utility","No","16APR2012","Monday","Bicyclist Failed to Yield - Sign-Controlled Intersection",16,"Intersection","April","B: Evident Injury",59760,"Bicyclist Ride Through - Sign-Controlled Intersection",2012,"Yes","No","Daylight","Straight - Grade","Local Street","Dry","Two-Way, Not Divided","None","T-Intersection","Smooth Asphalt",0,0,0,0,0,0,0,"2 lanes",2,0,NA,0,NA
3497,1976,"Kinston","Lenoir","Coastal","Commercial","Urban (>70% Developed)",NA,"Urban","30 - 35  MPH","No Control Present","Clear","No",39,"30-39","No",NA,"With Traffic","O: No Injury","Travel Lane","White","Male",59,"50-59","No",NA,"0-5 mph","O: No Injury","Black","Male","Commercial Bus","No","02MAY2012","Wednesday","Loss of Control / Turning Error",18,"Intersection-Related","May","O: No Injury",67020,"Bicyclist Lost Control - Other / Unknown",2012,"Yes","No","Daylight","Straight - Level","Local Street","Dry","Two-Way, Not Divided","None","T-Intersection","Smooth Asphalt",0,0,0,0,0,0,0,"4 lanes",2,0,NA,0,NA
3498,1977,"Wilson","Wilson","Coastal","Residential","Urban (>70% Developed)",NA,"Urban","30 - 35  MPH","Stop And Go Signal","Clear","No",25,"25-29","No",NA,NA,"C: Possible Injury","Travel Lane","Black","Male",NA,NA,"No",NA,"0-5 mph","Unknown Injury","Unknown/Missing",NA,NA,"No","13MAR2012","Tuesday","Crossing Paths - Other Circumstances",11,"Intersection","March","C: Possible Injury",39600,"Signalized Intersection - Other / Unknown",2012,"Yes","Yes","Dark - Unknown Lighting","Straight - Level","Local Street","Dry","Two-Way, Not Divided","None","Related To Intersection","Coarse Asphalt",0,0,0,0,0,0,0,"2 lanes",2,0,NA,0,NA
3499,1978,"Raleigh","Wake","Piedmont","Commercial","Urban (>70% Developed)",NA,"Urban","5 - 15 MPH","Other","Clear","No",62,"60-69","No",NA,"Facing Traffic","B: Evident Injury","Sidewalk / Crosswalk / Driveway Crossing","White","Male",26,"25-29","No",NA,"0-5 mph","O: No Injury","White","Female","Passenger Car","No","13APR2012","Friday","Motorist Failed to Yield - Midblock",17,"Non-Intersection","April","B: Evident Injury",63720,"Motorist Drive Out - Commercial Driveway / Alley",2012,"No","No","Daylight","Straight - Level","Local Street","Dry","One-Way, Not Divided","None","Driveway, Private","Concrete",0,0,0,0,0,0,0,"1 lane",2,0,NA,0,NA
3500,1985,"None - Rural Crash","New Hanover","Coastal","Residential","Mixed (30% To 70% Developed)",NA,"Rural","50 - 55  MPH","No Control Present","Clear","No",52,"50-59","Yes",NA,"Facing Traffic","B: Evident Injury","Travel Lane","White","Male",26,"25-29","No",NA,"46-50 mph","O: No Injury","White","Male","Pickup","Yes","03MAY2012","Thursday","Head-On",20,"Non-Intersection","May","B: Evident Injury",72660,"Head-On - Bicyclist",2012,"Yes","No","Dark - Roadway Not Lighted","Straight - Level","US Route","Dry","Two-Way, Divided, Unprotected Median","None","No Special Feature","Smooth Asphalt",0,0,0,0,0,0,0,"4 lanes",2,0,NA,0,NA
3501,3264,"None - Rural Crash","Granville","Piedmont","Farms, Woods, Pastures","Rural (<30% Developed)",NA,"Rural","50 - 55  MPH","No Control Present","Clear","No",8,"6-10","No",NA,"Not Applicable","A: Disabling Injury","Driveway / Alley","White","Male",27,"25-29","No",NA,"41-45 mph","O: No Injury","White","Female","Passenger Car","No","05AUG2011","Friday","Bicyclist Failed to Yield - Midblock",19,"Non-Intersection","August","A: Disabling Injury",69480,"Bicyclist Ride Out - Residential Driveway",2011,"Yes","No","Daylight","Curve - Grade","State Secondary Route","Dry","Two-Way, Not Divided","None","Driveway, Private","Smooth Asphalt",0,0,0,0,0,0,0,"2 lanes",2,0,NA,0,NA