"...1","object_id","city","county","region","development","locality","on_road","rural_urban","speed_limit","traffic_control","weather","workzone","bike_age","bike_age_group","bike_alcohol","bike_alcohol_drugs","bike_direction","bike_injury","bike_position","bike_race","bike_sex","driver_age","driver_age_group","driver_alcohol","driver_alcohol_drugs","driver_est_speed","driver_injury","driver_race","driver_sex","driver_vehicle_type","crash_alcohol","crash_date","crash_day","crash_group","crash_hour","crash_location","crash_month","crash_severity","crash_time","crash_type","crash_year","ambulance_req","hit_run","light_condition","road_character","road_class","road_condition","road_configuration","road_defects","road_feature","road_surface","num_bikes_ai","num_bikes_bi","num_bikes_ci","num_bikes_ki","num_bikes_no","num_bikes_to","num_bikes_ui","num_lanes","num_units","distance_mi_from","frm_road","rte_invd_cd","towrd_road"
3502,3270,"Carolina Beach","New Hanover","Coastal","Residential","Urban (>70% Developed)",NA,"Urban","30 - 35  MPH","No Control Present","Clear","No",50,"50-59","No",NA,"With Traffic","C: Possible Injury","Travel Lane","White","Male",36,"30-39","No",NA,"6-10 mph","O: No Injury","White","Male","Passenger Car","No","24JUL2011","Sunday","Motorist Failed to Yield - Midblock",9,"Non-Intersection","July","C: Possible Injury",32640,"Motorist Drive Out - Other Midblock",2011,"Yes","No","Daylight","Straight - Level","Public Vehicular Area","Dry","Two-Way, Not Divided","None","Driveway, Public","Smooth Asphalt",0,0,0,0,0,0,0,NA,2,0,NA,0,NA
3503,3273,"None - Rural Crash","Moore","Piedmont","Farms, Woods, Pastures","Rural (<30% Developed)",NA,"Rural","50 - 55  MPH","Double Yellow Line, No Passing Zone","Clear","No",40,"40-49","No",NA,"With Traffic","C: Possible Injury","Travel Lane","White","Male",64,"60-69","No",NA,"31-35 mph","O: No Injury","White","Male","Passenger Car","No","10AUG2011","Wednesday","Motorist Overtaking Bicyclist",7,"Non-Intersection","August","C: Possible Injury",26760,"Motorist Overtaking - Misjudged Space",2011,"Yes","No","Daylight","Straight - Level","State Secondary Route","Dry","Two-Way, Not Divided","None","No Special Feature","Smooth Asphalt",0,0,0,0,0,0,0,"2 lanes",2,0,NA,0,NA
3504,3275,"Troutman","Iredell","Piedmont","Residential","Urban (>70% Developed)",NA,"Rural",NA,"No Control Present","Cloudy","No",55,"50-59","No",NA,"With Traffic","O: No Injury","Travel Lane","White","Male",35,"30-39","No",NA,NA,"O: No Injury","White","Male","Pickup","No","16JUL2011","Saturday","Backing Vehicle",10,"Non-Intersection","July","O: No Injury",37800,"Backing Vehicle",2011,"No","No","Daylight","Straight - Level","Local Street","Dry","Two-Way, Divided, Unprotected Median","None","No Special Feature","Coarse Asphalt",0,0,0,0,0,0,0,"2 lanes",2,0,NA,0,NA
3505,3280,"None - Rural Crash","Pasquotank","Coastal","Farms, Woods, Pastures","Rural (<30% Developed)",NA,"Rural","50 - 55  MPH","No Control Present","Clear","No",7,"6-10","No",NA,"Not Applicable","B: Evident Injury","Non-Roadway","Black","Male",NA,"70+","No",NA,"31-35 mph","O: No Injury","White","Male","Sport Utility","No","10AUG2011","Wednesday","Bicyclist Failed to Yield - Midblock",15,"Non-Intersection","August","B: Evident Injury",56160,"Bicyclist Ride Out - Commercial Driveway / Alley",2011,"Yes","No","Daylight","Straight - Level","State Secondary Route","Dry","Two-Way, Not Divided","None","Driveway, Private","Coarse Asphalt",0,0,0,0,0,0,0,"2 lanes",2,0,NA,0,NA
3506,3282,"Grimesland","Pitt","Coastal","Residential","Rural (<30% Developed)",NA,"Rural","30 - 35  MPH","Warning Sign","Clear","No",13,"11-15","No",NA,"Facing Traffic","Unknown Injury","Travel Lane","White","Male",33,"30-39","No",NA,"0-5 mph","O: No Injury","Black","Female","Passenger Car","No","09AUG2011","Tuesday","Motorist Failed to Yield - Sign-Controlled Intersection",11,"Intersection","August","O: No Injury",43020,"Motorist Drive Out - Sign-Controlled Intersection",2011,"No","No","Daylight","Straight - Level","Local Street","Dry","Two-Way, Not Divided","None","T-Intersection","Concrete",0,0,0,0,0,0,0,"2 lanes",2,0,NA,0,NA
3507,3283,"None - Rural Crash","Hertford","Coastal","Farms, Woods, Pastures","Rural (<30% Developed)",NA,"Rural","50 - 55  MPH","Stop Sign","Clear","No",12,"11-15","No",NA,"With Traffic","B: Evident Injury","Travel Lane","Hispanic","Female",20,"20-24","No",NA,"51-55 mph","O: No Injury","Black","Female","Passenger Car","No","07AUG2011","Sunday","Bicyclist Failed to Yield - Sign-Controlled Intersection",11,"Intersection","August","B: Evident Injury",42960,"Bicyclist Ride Through - Sign-Controlled Intersection",2011,"Yes","No","Daylight","Straight - Level","State Secondary Route","Dry","Two-Way, Not Divided","None","Four-Way Intersection","Coarse Asphalt",0,0,0,0,0,0,0,"2 lanes",2,0,NA,0,NA
3508,3285,"Durham","Durham","Piedmont","Commercial","Urban (>70% Developed)",NA,"Urban","30 - 35  MPH","Stop Sign","Clear","No",26,"25-29","No",NA,"With Traffic","B: Evident Injury","Travel Lane","White","Male",25,"25-29","No",NA,"31-35 mph","Unknown Injury","White","Female","Sport Utility","No","11AUG2011","Thursday","Bicyclist Failed to Yield - Sign-Controlled Intersection",17,"Intersection","August","B: Evident Injury",63000,"Bicyclist Ride Out - Sign-Controlled Intersection",2011,"Yes","No","Daylight","Straight - Grade","Local Street","Dry","Two-Way, Divided, Unprotected Median","None","T-Intersection","Smooth Asphalt",0,0,0,0,0,0,0,"2 lanes",2,0,NA,0,NA
3509,3291,"Wilmington","New Hanover","Coastal","Residential","Rural (<30% Developed)",NA,"Urban","20 - 25  MPH","No Control Present","Clear","No",66,"60-69","No",NA,"With Traffic","B: Evident Injury","Travel Lane","White","Male",56,"50-59","No",NA,"21-25 mph","O: No Injury","White","Male","Passenger Car","No","06AUG2011","Saturday","Motorist Overtaking Bicyclist",16,"Non-Intersection","August","B: Evident Injury",58920,"Motorist Overtaking - Bicyclist Swerved",2011,"Yes","No","Daylight","Straight - Level","Local Street","Dry","Two-Way, Not Divided","None","No Special Feature","Coarse Asphalt",0,0,0,0,0,0,0,"2 lanes",3,0,NA,0,NA
3510,3298,"Durham","Durham","Piedmont","Residential","Mixed (30% To 70% Developed)",NA,"Urban","20 - 25  MPH","No Control Present","Clear","No",13,"11-15","No",NA,NA,"C: Possible Injury","Travel Lane","Black","Female",NA,NA,"Missing",NA,"21-25 mph","Unknown Injury","Unknown/Missing",NA,"Passenger Car","No","17AUG2011","Wednesday","Head-On",2,"Non-Intersection","August","C: Possible Injury",9600,"Head-On - Unknown",2011,"Yes","Yes","Dark - Roadway Not Lighted","Curve - Grade","Private Road, Driveway","Dry","Two-Way, Not Divided","None","No Special Feature","Coarse Asphalt",0,0,0,0,0,0,0,"2 lanes",2,0,NA,0,NA
3511,3307,"Boone","Watauga","Mountains","Commercial","Urban (>70% Developed)",NA,"Urban","20 - 25  MPH","Double Yellow Line, No Passing Zone","Clear","No",21,"20-24","No",NA,"With Traffic","O: No Injury","Travel Lane","White","Male",NA,NA,"Missing",NA,NA,"Unknown Injury","Unknown/Missing",NA,NA,"No","06AUG2011","Saturday","Motorist Overtaking Bicyclist",19,"Non-Intersection","August","O: No Injury",69780,"Motorist Overtaking - Misjudged Space",2011,"No","Yes","Daylight","Straight - Level","Local Street","Dry","Two-Way, Not Divided","None","No Special Feature","Smooth Asphalt",0,0,0,0,0,0,0,"2 lanes",2,0,NA,0,NA
3512,3310,"Charlotte","Mecklenburg","Piedmont","Commercial","Urban (>70% Developed)",NA,"Urban","30 - 35  MPH","Double Yellow Line, No Passing Zone","Cloudy","No",54,"50-59","No",NA,"Not Applicable","B: Evident Injury","Travel Lane","Hispanic","Male",40,"40-49","No",NA,"26-30 mph","O: No Injury","White","Male","Pickup","No","15AUG2011","Monday","Bicyclist Failed to Yield - Midblock",15,"Non-Intersection","August","B: Evident Injury",54900,"Multiple Threat - Midblock",2011,"No","No","Daylight","Straight - Level","Local Street","Dry","Two-Way, Not Divided","None","No Special Feature","Smooth Asphalt",0,0,0,0,0,0,0,"4 lanes",2,0,NA,0,NA
3513,3312,"Asheville","Buncombe","Mountains","Residential","Urban (>70% Developed)",NA,"Urban","30 - 35  MPH","No Control Present","Clear","No",56,"50-59","No",NA,"With Traffic","B: Evident Injury","Travel Lane","Black","Male",NA,NA,"Missing",NA,NA,"Unknown Injury","Unknown/Missing",NA,"Passenger Car","No","14AUG2011","Sunday","Bicyclist Overtaking Motorist",13,"Non-Intersection","August","B: Evident Injury",49380,"Bicyclist Overtaking - Parked Vehicle",2011,"Yes","No","Daylight","Straight - Grade","Local Street","Dry","Two-Way, Not Divided","None","No Special Feature","Smooth Asphalt",0,0,0,0,0,0,0,"2 lanes",2,0,NA,0,NA
3514,3322,"None - Rural Crash","Stokes","Piedmont","Farms, Woods, Pastures","Rural (<30% Developed)",NA,"Rural","40 - 45  MPH","Double Yellow Line, No Passing Zone","Cloudy","No",52,"50-59","No",NA,"With Traffic","C: Possible Injury","Travel Lane","Black","Male",NA,NA,"Missing",NA,"41-45 mph","Unknown Injury","Unknown/Missing",NA,"Passenger Car","No","26AUG2011","Friday","Motorist Overtaking Bicyclist",20,"Non-Intersection","August","C: Possible Injury",74160,"Motorist Overtaking - Misjudged Space",2011,"Yes","Yes","Dark - Roadway Not Lighted","Straight - Level","US Route","Dry","Two-Way, Not Divided","None","No Special Feature","Coarse Asphalt",0,0,0,0,0,0,0,"2 lanes",2,0,NA,0,NA
3515,3329,"Durham","Durham","Piedmont","Commercial","Urban (>70% Developed)",NA,"Urban","30 - 35  MPH","No Control Present","Cloudy","No",32,"30-39","No",NA,"With Traffic","C: Possible Injury","Travel Lane","Asian","Male",47,"40-49","No",NA,"21-25 mph","O: No Injury","Native American","Female","Passenger Car","No","29AUG2011","Monday","Bicyclist Left Turn / Merge",18,"Intersection","August","C: Possible Injury",66480,"Bicyclist Left Turn - Same Direction",2011,"Yes","No","Daylight","Straight - Level","Local Street","Wet","Two-Way, Not Divided","None","T-Intersection","Coarse Asphalt",0,0,0,0,0,0,0,"2 lanes",2,0,NA,0,NA
3516,3330,"Greensboro","Guilford","Piedmont","Commercial","Urban (>70% Developed)",NA,"Urban","30 - 35  MPH","Stop And Go Signal","Clear","No",24,"20-24","No",NA,"Facing Traffic","C: Possible Injury","Sidewalk / Crosswalk / Driveway Crossing","White","Male",68,"60-69","No",NA,"6-10 mph","O: No Injury","White","Female","Passenger Car","No","23AUG2011","Tuesday","Motorist Failed to Yield - Signalized Intersection",13,"Intersection","August","C: Possible Injury",47280,"Motorist Drive Out - Signalized Intersection",2011,"Yes","Yes","Daylight","Straight - Level","Local Street","Dry","Two-Way, Not Divided","None","Related To Intersection","Smooth Asphalt",0,0,0,0,0,0,0,NA,2,0,NA,0,NA
3517,3333,"Duck","Dare","Coastal","Commercial","Urban (>70% Developed)",NA,"Rural","20 - 25  MPH","Stop Sign","Clear","No",15,"11-15","No",NA,"Facing Traffic","C: Possible Injury","Multi-use Path","White","Female",18,"0-19","No",NA,"0-5 mph","O: No Injury","White","Male","Passenger Car","No","21AUG2011","Sunday","Motorist Failed to Yield - Sign-Controlled Intersection",12,"Intersection","August","C: Possible Injury",45000,"Motorist Drive Out - Sign-Controlled Intersection",2011,"Yes","No","Daylight","Straight - Level","NC Route","Dry","Two-Way, Divided, Unprotected Median","None","T-Intersection","Coarse Asphalt",0,0,0,0,0,0,0,"3 lanes",2,0,NA,0,NA
3518,3341,"Winston-Salem","Forsyth","Piedmont","Residential","Urban (>70% Developed)",NA,"Urban","30 - 35  MPH","No Control Present","Clear","No",53,"50-59","No",NA,"With Traffic","C: Possible Injury","Travel Lane","Black","Male",NA,NA,"No",NA,"31-35 mph","Unknown Injury","Unknown/Missing",NA,"Van","No","23AUG2011","Tuesday","Motorist Overtaking Bicyclist",15,"Non-Intersection","August","C: Possible Injury",54600,"Motorist Overtaking - Misjudged Space",2011,"No","Yes","Daylight","Straight - Level","Local Street","Dry","Two-Way, Not Divided","None","No Special Feature","Smooth Asphalt",0,0,0,0,0,0,0,"2 lanes",2,0,NA,0,NA
3519,3354,"None - Rural Crash","Warren","Piedmont","Farms, Woods, Pastures","Rural (<30% Developed)",NA,"Rural","50 - 55  MPH","Double Yellow Line, No Passing Zone","Clear","No",15,"11-15","No",NA,"Not Applicable","B: Evident Injury","Driveway / Alley","Black","Male",19,"0-19","No",NA,"16-20 mph","O: No Injury","Black","Male","Van","No","05SEP2011","Monday","Bicyclist Failed to Yield - Midblock",10,"Non-Intersection","September","B: Evident Injury",38220,"Bicyclist Ride Out - Residential Driveway",2011,"Yes","No","Daylight","Straight - Hillcrest","State Secondary Route","Dry","Two-Way, Not Divided","None","Driveway, Private","Smooth Asphalt",0,0,0,0,0,0,0,"2 lanes",2,0,NA,0,NA
3520,3360,"Raleigh","Wake","Piedmont","Institutional","Urban (>70% Developed)",NA,"Urban","20 - 25  MPH","No Control Present","Clear","No",19,"16-19","No",NA,"With Traffic","B: Evident Injury","Travel Lane","White","Female",19,"0-19","No",NA,"11-15 mph","O: No Injury","White","Female","Passenger Car","No","30AUG2011","Tuesday","Motorist Right Turn / Merge",11,"Non-Intersection","August","B: Evident Injury",42300,"Motorist Right Turn - Same Direction",2011,"Yes","No","Daylight","Straight - Level","Local Street","Dry","Two-Way, Not Divided","None","Driveway, Public","Coarse Asphalt",0,0,0,0,0,0,0,"2 lanes",2,0,NA,0,NA
3521,3364,"Stanfield","Stanly","Piedmont","Residential","Mixed (30% To 70% Developed)",NA,"Rural","40 - 45  MPH","No Control Present","Cloudy","No",55,"50-59","No",NA,"With Traffic","B: Evident Injury","Travel Lane","White","Male",19,"0-19","No",NA,"41-45 mph","O: No Injury","White","Male","Pickup","No","29AUG2011","Monday","Motorist Overtaking Bicyclist",18,"Non-Intersection","August","B: Evident Injury",67680,"Motorist Overtaking - Misjudged Space",2011,"Yes","No","Daylight","Straight - Level","NC Route","Dry","Two-Way, Not Divided","None","No Special Feature","Smooth Asphalt",0,0,0,0,0,0,0,"2 lanes",3,0,NA,0,NA
3522,3375,"Emerald Isle","Carteret","Coastal","Commercial","Urban (>70% Developed)",NA,"Rural","20 - 25  MPH","No Control Present","Clear","No",17,"16-19","No",NA,"Not Applicable","O: No Injury","Non-Roadway","White","Female",30,"30-39","No",NA,"6-10 mph","O: No Injury","White","Female","Van","No","03SEP2011","Saturday","Bicyclist Failed to Yield - Midblock",12,"Non-Intersection","September","O: No Injury",44160,"Bicyclist Ride Out - Other Midblock",2011,"No","No","Daylight","Straight - Level","Local Street","Dry","Two-Way, Not Divided","None","No Special Feature","Smooth Asphalt",0,0,0,0,0,0,0,"2 lanes",2,0,NA,0,NA
3523,3378,"None - Rural Crash","Lenoir","Coastal","Residential","Rural (<30% Developed)",NA,"Rural","50 - 55  MPH","Double Yellow Line, No Passing Zone","Clear","No",18,"16-19","No",NA,"With Traffic","B: Evident Injury","Travel Lane","White","Male",25,"25-29","No",NA,"41-45 mph","O: No Injury","Hispanic","Male","Pickup","No","08SEP2011","Thursday","Bicyclist Left Turn / Merge",12,"Non-Intersection","September","B: Evident Injury",44760,"Bicyclist Left Turn - Same Direction",2011,"Yes","No","Daylight","Curve - Level","NC Route","Dry","Two-Way, Not Divided","None","No Special Feature","Coarse Asphalt",0,0,0,0,0,0,0,"2 lanes",2,0,NA,0,NA
3524,3380,"None - Rural Crash","Hertford","Coastal","Residential","Rural (<30% Developed)",NA,"Rural","40 - 45  MPH","Double Yellow Line, No Passing Zone","Cloudy","No",65,"60-69","Yes",NA,"Not Applicable","K: Killed","Driveway / Alley","White","Male",44,"40-49","No",NA,"41-45 mph","O: No Injury","White","Male","Passenger Car","Yes","07SEP2011","Wednesday","Bicyclist Failed to Yield - Midblock",17,"Non-Intersection","September","K: Killed",62400,"Bicyclist Ride Out - Residential Driveway",2011,"Yes","No","Daylight","Straight - Level","US Route","Wet","Two-Way, Not Divided","None","Driveway, Private","Coarse Asphalt",0,0,0,0,0,0,0,"2 lanes",2,0,NA,0,NA
3525,3383,"None - Rural Crash","Pitt","Coastal","Farms, Woods, Pastures","Rural (<30% Developed)",NA,"Rural","50 - 55  MPH","Flashing Signal With Stop Sign","Clear","No",53,"50-59","No",NA,"With Traffic","C: Possible Injury","Travel Lane","White","Male",53,"50-59","No",NA,"0-5 mph","O: No Injury","White","Female","Passenger Car","No","13SEP2011","Tuesday","Motorist Failed to Yield - Sign-Controlled Intersection",20,"Intersection","September","C: Possible Injury",74340,"Motorist Drive Out - Sign-Controlled Intersection",2011,"Yes","No","Dark - Roadway Not Lighted","Curve - Level","State Secondary Route","Dry","Two-Way, Not Divided","None","No Special Feature","Coarse Asphalt",0,0,0,0,0,0,0,"2 lanes",2,0,NA,0,NA
3526,3392,"Fayetteville","Cumberland","Coastal","Residential","Urban (>70% Developed)",NA,"Urban","20 - 25  MPH","Stop Sign","Rain","No",16,"16-19","No",NA,"With Traffic","B: Evident Injury","Travel Lane","Black","Male",47,"40-49","No",NA,"41-45 mph","O: No Injury","Black","Female","Passenger Car","No","06SEP2011","Tuesday","Motorist Failed to Yield - Sign-Controlled Intersection",18,"Intersection","September","B: Evident Injury",67500,"Motorist Drive Out - Sign-Controlled Intersection",2011,"Yes","No","Daylight","Straight - Level","Local Street","Wet","Two-Way, Not Divided","None","Four-Way Intersection","Coarse Asphalt",0,0,0,0,0,0,0,"2 lanes",2,0,NA,0,NA
3527,3395,"None - Rural Crash","Hoke","Coastal","Residential","Mixed (30% To 70% Developed)",NA,"Rural","40 - 45  MPH","Double Yellow Line, No Passing Zone","Cloudy","No",22,"20-24","No",NA,"With Traffic","A: Disabling Injury","Other","Black","Male",22,"20-24","No",NA,"41-45 mph","O: No Injury","White","Female","Passenger Car","No","15SEP2011","Thursday","Bicyclist Failed to Yield - Sign-Controlled Intersection",22,"Intersection-Related","September","A: Disabling Injury",79500,"Bicyclist Ride Out - Sign-Controlled Intersection",2011,"Yes","No","Dark - Roadway Not Lighted","Straight - Level","US Route","Wet","Two-Way, Not Divided","None","No Special Feature","Smooth Asphalt",0,0,0,0,0,0,0,"2 lanes",2,0,NA,0,NA
3528,3406,"None - Rural Crash","Nash","Coastal","Farms, Woods, Pastures","Rural (<30% Developed)",NA,"Rural","50 - 55  MPH","Stop Sign","Clear","No",NA,NA,"Missing",NA,"With Traffic","Unknown Injury","Travel Lane","Unknown/Missing",NA,29,"25-29","No",NA,"0-5 mph","O: No Injury","White","Male","Passenger Car","No","15SEP2011","Thursday","Motorist Failed to Yield - Sign-Controlled Intersection",1,"Intersection","September","O: No Injury",3780,"Motorist Drive Out - Sign-Controlled Intersection",2011,"No","No","Dark - Roadway Not Lighted","Straight - Grade","NC Route","Dry","Two-Way, Divided, Unprotected Median","None","Y-Intersection","Coarse Asphalt",0,0,0,0,0,0,0,"4 lanes",2,0,NA,0,NA
3529,3407,"Southern Pines","Moore","Piedmont","Commercial","Urban (>70% Developed)",NA,"Urban","30 - 35  MPH","Stop Sign","Clear","No",32,"30-39","No",NA,"With Traffic","Unknown Injury","Travel Lane","White","Male",32,"30-39","No",NA,"0-5 mph","O: No Injury","Black","Female","Passenger Car","No","10SEP2011","Saturday","Motorist Failed to Yield - Sign-Controlled Intersection",21,"Intersection","September","O: No Injury",75960,"Motorist Drive Out - Sign-Controlled Intersection",2011,"No","No","Dark - Roadway Not Lighted","Straight - Hillcrest","State Secondary Route","Dry","Two-Way, Not Divided","None","Four-Way Intersection","Coarse Asphalt",0,0,0,0,0,0,0,"2 lanes",2,0,NA,0,NA
3530,3408,"Raleigh","Wake","Piedmont","Commercial","Urban (>70% Developed)",NA,"Urban","40 - 45  MPH","Stop And Go Signal","Cloudy","No",57,"50-59","No",NA,"Facing Traffic","B: Evident Injury","Travel Lane","Hispanic","Male",46,"40-49","No",NA,"16-20 mph","O: No Injury","White","Male","Sport Utility","No","20SEP2011","Tuesday","Crossing Paths - Other Circumstances",13,"Intersection","September","B: Evident Injury",47940,"Signalized Intersection - Other / Unknown",2011,"Yes","No","Daylight","Straight - Level","Local Street","Dry","Two-Way, Divided, Unprotected Median","None","On or Off Ramp","Smooth Asphalt",0,0,0,0,0,0,0,"6 lanes",2,0,NA,0,NA
3531,3410,"None - Rural Crash","Iredell","Piedmont","Commercial","Urban (>70% Developed)",NA,"Rural","50 - 55  MPH","Stop And Go Signal","Clear","No",23,"20-24","No",NA,"With Traffic","C: Possible Injury","Travel Lane","White","Female",NA,"70+","No",NA,"6-10 mph","O: No Injury","White","Female","Light Truck (Mini-Van, Panel)","No","22SEP2011","Thursday","Motorist Left Turn / Merge",17,"Intersection","September","C: Possible Injury",63300,"Motorist Left Turn - Opposite Direction",2011,"Yes","No","Daylight","Straight - Level","NC Route","Dry","Two-Way, Not Divided","None","Four-Way Intersection","Smooth Asphalt",0,0,0,0,0,0,0,"2 lanes",2,0,NA,0,NA
3532,3413,"Kinston","Lenoir","Coastal","Residential","Urban (>70% Developed)",NA,"Urban","30 - 35  MPH","Stop Sign","Clear","No",41,"40-49","Yes",NA,"Facing Traffic","C: Possible Injury","Sidewalk / Crosswalk / Driveway Crossing","Black","Male",42,"40-49","No",NA,"0-5 mph","O: No Injury","White","Male","Passenger Car","Yes","03JUN2011","Friday","Motorist Failed to Yield - Sign-Controlled Intersection",17,"Intersection","June","C: Possible Injury",61500,"Motorist Drive Out - Sign-Controlled Intersection",2011,"Yes","No","Daylight","Straight - Grade","Local Street","Dry","Two-Way, Not Divided","None","T-Intersection","Smooth Asphalt",0,0,0,0,0,0,0,"2 lanes",2,0,NA,0,NA
3533,3415,"Concord","Cabarrus","Piedmont","Commercial","Urban (>70% Developed)",NA,"Urban","40 - 45  MPH","No Control Present","Cloudy","No",53,"50-59","No",NA,"With Traffic","C: Possible Injury","Travel Lane","White","Male",63,"60-69","No",NA,"0-5 mph","O: No Injury","White","Male","Passenger Car","No","18SEP2011","Sunday","Motorist Left Turn / Merge",11,"Non-Intersection","September","C: Possible Injury",41340,"Motorist Left Turn - Opposite Direction",2011,"Yes","No","Daylight","Straight - Level","Local Street","Dry","Two-Way, Not Divided","None","Driveway, Public","Smooth Asphalt",0,0,0,0,0,0,0,"2 lanes",2,0,NA,0,NA
3534,3417,"None - Rural Crash","Cleveland","Mountains","Farms, Woods, Pastures","Rural (<30% Developed)",NA,"Rural","50 - 55  MPH","Double Yellow Line, No Passing Zone","Clear","No",69,"60-69","No",NA,"With Traffic","C: Possible Injury","Travel Lane","White","Male",27,"25-29","No",NA,"31-35 mph","O: No Injury","White","Female","Passenger Car","No","23AUG2011","Tuesday","Bicyclist Overtaking Motorist",9,"Non-Intersection","August","C: Possible Injury",32640,"Bicyclist Overtaking - Other / Unknown",2011,"No","No","Daylight","Straight - Level","State Secondary Route","Dry","Two-Way, Not Divided","None","No Special Feature","Smooth Asphalt",0,0,0,0,0,0,0,"2 lanes",2,0,NA,0,NA
3535,3430,"Raleigh","Wake","Piedmont","Institutional","Urban (>70% Developed)",NA,"Urban","20 - 25  MPH","Stop Sign","Clear","No",20,"20-24","No",NA,"With Traffic","C: Possible Injury","Travel Lane","White","Male",25,"25-29","No",NA,"6-10 mph","O: No Injury","Black","Male","Passenger Car","No","20SEP2011","Tuesday","Crossing Paths - Other Circumstances",18,"Intersection","September","C: Possible Injury",67260,"Sign-Controlled Intersection - Other / Unknown",2011,"No","No","Daylight","Straight - Grade","Local Street","Dry","Two-Way, Not Divided","None","No Special Feature","Coarse Asphalt",0,0,0,0,0,0,0,"3 lanes",2,0,NA,0,NA
3536,3431,"Raleigh","Wake","Piedmont","Residential","Urban (>70% Developed)",NA,"Urban","20 - 25  MPH","Stop Sign","Clear","No",11,"11-15","No",NA,"Facing Traffic","B: Evident Injury","Travel Lane","Black","Female",24,"20-24","No",NA,"21-25 mph","O: No Injury","Black","Male","Passenger Car","No","07SEP2011","Wednesday","Bicyclist Failed to Yield - Sign-Controlled Intersection",17,"Intersection","September","B: Evident Injury",63240,"Bicyclist Ride Through - Sign-Controlled Intersection",2011,"Yes","No","Daylight","Straight - Level","Local Street","Dry","Two-Way, Not Divided","None","Four-Way Intersection","Smooth Asphalt",0,0,0,0,0,0,0,"4 lanes",2,0,NA,0,NA
3537,3440,"Rocky Mount","Edgecombe","Coastal","Residential","Urban (>70% Developed)",NA,"Urban","30 - 35  MPH","No Control Present","Clear","No",16,"16-19","No",NA,"With Traffic","C: Possible Injury","Sidewalk / Crosswalk / Driveway Crossing","Black","Male",NA,NA,"Missing",NA,"6-10 mph","Unknown Injury","Unknown/Missing",NA,NA,"No","09AUG2011","Tuesday","Parallel Paths - Other Circumstances",17,"Non-Intersection","August","C: Possible Injury",63960,"Bicyclist Ride Out - Parallel Path",2011,"No","Yes","Daylight","Straight - Level","Local Street","Dry","Two-Way, Not Divided","None","No Special Feature","Smooth Asphalt",0,0,0,0,0,0,0,"2 lanes",2,0,NA,0,NA
3538,3454,"Durham","Durham","Piedmont","Commercial","Urban (>70% Developed)",NA,"Urban","5 - 15 MPH","No Control Present","Clear","No",25,"25-29","No",NA,"Not Applicable","B: Evident Injury","Non-Roadway","Hispanic","Male",41,"40-49","No",NA,"0-5 mph","O: No Injury","White","Male","Pickup","No","07OCT2011","Friday","Non-Roadway",8,"Non-Roadway","October","B: Evident Injury",32340,"Non-Roadway",2011,"Yes","No","Daylight","Straight - Level","Public Vehicular Area","Dry","Two-Way, Not Divided","None","No Special Feature","Smooth Asphalt",0,0,0,0,0,0,0,"1 lane",2,0,NA,0,NA
3539,3455,"Winston-Salem","Forsyth","Piedmont","Commercial","Urban (>70% Developed)",NA,"Urban",NA,"No Control Present","Clear","No",58,"50-59","No",NA,"Facing Traffic","C: Possible Injury","Sidewalk / Crosswalk / Driveway Crossing","White","Male",34,"30-39","No",NA,"0-5 mph","O: No Injury","Black","Female","Passenger Car","No","29SEP2011","Thursday","Motorist Right Turn / Merge",9,"Non-Intersection","September","C: Possible Injury",32700,"Motorist Right Turn - Opposite Direction",2011,"Yes","No","Daylight","Straight - Grade","Public Vehicular Area","Dry","Two-Way, Not Divided","None","Driveway, Public","Smooth Asphalt",0,0,0,0,0,0,0,"2 lanes",2,0,NA,0,NA
3540,3459,"Carolina Beach","New Hanover","Coastal","Residential","Urban (>70% Developed)",NA,"Urban","20 - 25  MPH","Stop And Go Signal","Clear","No",NA,NA,"No",NA,"Not Applicable","Unknown Injury","Sidewalk / Crosswalk / Driveway Crossing","Unknown/Missing",NA,27,"25-29","No",NA,"6-10 mph","O: No Injury","White","Female","Sport Utility","No","07SEP2011","Wednesday","Motorist Left Turn / Merge",14,"Intersection","September","O: No Injury",51600,"Motorist Left Turn - Opposite Direction",2011,"No","No","Daylight","Straight - Level",NA,"Dry","Two-Way, Not Divided","None","No Special Feature","Smooth Asphalt",0,0,0,0,0,0,0,"3 lanes",2,0,NA,0,NA
3541,3467,"Charlotte","Mecklenburg","Piedmont","Commercial","Urban (>70% Developed)",NA,"Urban","30 - 35  MPH","Stop And Go Signal","Clear","No",19,"16-19","No",NA,"With Traffic","B: Evident Injury","Sidewalk / Crosswalk / Driveway Crossing","Black","Male",21,"20-24","No",NA,"21-25 mph","O: No Injury","White","Female","Passenger Car","No","04OCT2011","Tuesday","Motorist Right Turn / Merge",17,"Intersection","October","B: Evident Injury",64140,"Motorist Right Turn - Same Direction",2011,"Yes","No","Daylight","Straight - Level","Local Street","Dry","Two-Way, Divided, Unprotected Median","None","No Special Feature","Smooth Asphalt",0,0,0,0,0,0,0,"3 lanes",2,0,NA,0,NA