"...1","object_id","city","county","region","development","locality","on_road","rural_urban","speed_limit","traffic_control","weather","workzone","bike_age","bike_age_group","bike_alcohol","bike_alcohol_drugs","bike_direction","bike_injury","bike_position","bike_race","bike_sex","driver_age","driver_age_group","driver_alcohol","driver_alcohol_drugs","driver_est_speed","driver_injury","driver_race","driver_sex","driver_vehicle_type","crash_alcohol","crash_date","crash_day","crash_group","crash_hour","crash_location","crash_month","crash_severity","crash_time","crash_type","crash_year","ambulance_req","hit_run","light_condition","road_character","road_class","road_condition","road_configuration","road_defects","road_feature","road_surface","num_bikes_ai","num_bikes_bi","num_bikes_ci","num_bikes_ki","num_bikes_no","num_bikes_to","num_bikes_ui","num_lanes","num_units","distance_mi_from","frm_road","rte_invd_cd","towrd_road"
3542,3471,"Wesley Chapel","Union","Piedmont","Residential","Urban (>70% Developed)",NA,"Rural","30 - 35  MPH","Stop Sign","Clear","No",15,"11-15","No",NA,"With Traffic","B: Evident Injury","Travel Lane","White","Male",44,"40-49","No",NA,"0-5 mph","O: No Injury","White","Female","Sport Utility","No","17OCT2011","Monday","Bicyclist Overtaking Motorist",18,"Intersection","October","B: Evident Injury",67920,"Bicyclist Overtaking - Passing on Left",2011,"Yes","No","Daylight","Straight - Level","State Secondary Route","Dry","Two-Way, Not Divided","None","T-Intersection","Smooth Asphalt",0,0,0,0,0,0,0,"2 lanes",2,0,NA,0,NA
3543,3473,"Charlotte","Mecklenburg","Piedmont","Commercial","Urban (>70% Developed)",NA,"Urban","5 - 15 MPH","Stop And Go Signal","Clear","No",44,"40-49","No",NA,"Facing Traffic","C: Possible Injury","Travel Lane","Black","Male",50,"50-59","No",NA,"0-5 mph","O: No Injury","Black","Female","Truck/Trailer","No","30SEP2011","Friday","Head-On",11,"Non-Intersection","September","C: Possible Injury",42780,"Head-On - Bicyclist",2011,"Yes","No","Daylight","Straight - Level","Local Street","Dry","Two-Way, Divided, Unprotected Median","None","No Special Feature","Smooth Asphalt",0,0,0,0,0,0,0,"4 lanes",2,0,NA,0,NA
3544,3474,"Fayetteville","Cumberland","Coastal","Commercial","Mixed (30% To 70% Developed)",NA,"Urban","20 - 25  MPH","No Control Present","Clear","No",58,"50-59","No",NA,"Not Applicable","C: Possible Injury","Non-Roadway","Black","Male",35,"30-39","No",NA,"0-5 mph","O: No Injury","Black","Male","Passenger Car","No","05OCT2011","Wednesday","Crossing Paths - Other Circumstances",14,"Intersection-Related","October","C: Possible Injury",50760,"Crossing Paths - Uncontrolled Intersection",2011,"Yes","No","Daylight","Straight - Level","Local Street","Dry","Two-Way, Divided, Unprotected Median","None","No Special Feature","Smooth Asphalt",0,0,0,0,0,0,0,"2 lanes",2,0,NA,0,NA
3545,3482,"Chapel Hill","Orange","Piedmont","Residential","Urban (>70% Developed)",NA,"Urban","30 - 35  MPH","No Control Present","Clear","No",23,"20-24","No",NA,"With Traffic","B: Evident Injury","Bike Lane / Paved Shoulder","White","Female",21,"20-24","No",NA,"0-5 mph","O: No Injury","White","Female","Passenger Car","No","09OCT2011","Sunday","Motorist Right Turn / Merge",20,"Intersection","October","B: Evident Injury",72360,"Motorist Right Turn - Same Direction",2011,"Yes","No","Dark - Lighted Roadway","Straight - Level","Local Street","Dry","Two-Way, Not Divided","None","T-Intersection","Smooth Asphalt",0,0,0,0,0,0,0,"2 lanes",2,0,NA,0,NA
3546,3488,"Raleigh","Wake","Piedmont","Commercial","Mixed (30% To 70% Developed)",NA,"Urban","20 - 25  MPH","Stop Sign","Clear","No",14,"11-15","No",NA,"Facing Traffic","C: Possible Injury","Sidewalk / Crosswalk / Driveway Crossing","Black","Male",19,"0-19","No",NA,"0-5 mph","O: No Injury","White","Female","Passenger Car","No","20OCT2011","Thursday","Motorist Failed to Yield - Sign-Controlled Intersection",18,"Intersection","October","C: Possible Injury",67860,"Motorist Drive Out - Sign-Controlled Intersection",2011,"Yes","No","Dark - Lighted Roadway","Straight - Level","Public Vehicular Area","Dry","Two-Way, Not Divided","None","Driveway, Private","Smooth Asphalt",0,0,0,0,0,0,0,"2 lanes",2,0,NA,0,NA
3547,3489,"Raleigh","Wake","Piedmont","Commercial","Urban (>70% Developed)",NA,"Urban","30 - 35  MPH","No Control Present","Cloudy","No",38,"30-39","No",NA,"With Traffic","O: No Injury","Travel Lane","White","Female",NA,NA,"Missing",NA,"16-20 mph","Unknown Injury","Unknown/Missing",NA,"Passenger Car","No","01OCT2011","Saturday","Motorist Overtaking Bicyclist",5,"Non-Intersection","October","O: No Injury",21480,"Motorist Overtaking - Other / Unknown",2011,"Yes","Yes","Dark - Lighted Roadway","Straight - Level","Local Street","Dry","Two-Way, Not Divided","None","Bridge","Concrete",0,0,0,0,0,0,0,"2 lanes",2,0,NA,0,NA
3548,3491,"Benson","Johnston","Coastal","Commercial","Urban (>70% Developed)",NA,"Rural","30 - 35  MPH","Stop And Go Signal","Clear","No",59,"50-59","No",NA,"Facing Traffic","C: Possible Injury","Sidewalk / Crosswalk / Driveway Crossing","Black","Male",20,"20-24","No",NA,"6-10 mph","O: No Injury","Hispanic","Female","Pickup","No","15MAY2011","Sunday","Motorist Failed to Yield - Midblock",15,"Non-Intersection","May","C: Possible Injury",57300,"Motorist Drive Out - Commercial Driveway / Alley",2011,"Yes","No","Daylight","Straight - Level","Local Street","Dry","Two-Way, Divided, Unprotected Median","None","T-Intersection","Smooth Asphalt",0,0,0,0,0,0,0,"4 lanes",2,0,NA,0,NA
3549,3492,"Winston-Salem","Forsyth","Piedmont","Residential","Urban (>70% Developed)",NA,"Urban","5 - 15 MPH","Stop Sign","Clear","No",11,"11-15","No",NA,"With Traffic","B: Evident Injury","Travel Lane","White","Male",44,"40-49","Yes",NA,NA,"O: No Injury","Black","Male","Sport Utility","Yes","04OCT2011","Tuesday","Loss of Control / Turning Error",14,"Intersection","October","B: Evident Injury",53820,"Bicyclist Turning Error - Right Turn",2011,"Yes","No","Daylight","Straight - Grade","Local Street","Dry","Two-Way, Not Divided","None","Related To Intersection","Smooth Asphalt",0,0,0,0,0,0,0,"2 lanes",2,0,NA,0,NA
3550,3496,"Goldsboro","Wayne","Coastal","Residential","Urban (>70% Developed)",NA,"Urban","30 - 35  MPH","Stop Sign","Clear","No",40,"40-49","No",NA,"Facing Traffic","B: Evident Injury","Travel Lane","White","Female",32,"30-39","No",NA,"0-5 mph","O: No Injury","White","Male","Passenger Car","No","13OCT2011","Thursday","Motorist Failed to Yield - Sign-Controlled Intersection",17,"Intersection","October","B: Evident Injury",63300,"Motorist Drive Out - Sign-Controlled Intersection",2011,"Yes","No","Daylight","Straight - Level","Local Street","Dry","Two-Way, Not Divided","None","No Special Feature","Smooth Asphalt",0,0,0,0,0,0,0,"3 lanes",2,0,NA,0,NA
3551,3499,"Rocky Mount","Nash","Coastal","Commercial","Urban (>70% Developed)",NA,"Urban","5 - 15 MPH","No Control Present","Clear","No",NA,NA,"Missing",NA,"Not Applicable","Unknown Injury","Non-Roadway","Unknown/Missing",NA,22,"20-24","No",NA,"0-5 mph","O: No Injury","White","Male","Passenger Car","No","31JUL2011","Sunday","Non-Roadway",2,"Non-Roadway","July","O: No Injury",10620,"Non-Roadway",2011,"No","No","Dark - Lighted Roadway","Straight - Level","Public Vehicular Area","Dry","Two-Way, Not Divided","None","No Special Feature","Coarse Asphalt",0,0,0,0,0,0,0,NA,2,0,NA,0,NA
3552,3500,"Jacksonville","Onslow","Coastal","Residential","Urban (>70% Developed)",NA,"Urban","40 - 45  MPH","No Control Present","Clear","No",54,"50-59","No",NA,"With Traffic","C: Possible Injury","Travel Lane","White","Female",NA,"70+","No",NA,"21-25 mph","O: No Injury","White","Female","Passenger Car","No","02OCT2011","Sunday","Motorist Overtaking Bicyclist",17,"Non-Intersection","October","C: Possible Injury",63600,"Motorist Overtaking - Misjudged Space",2011,"Yes","No","Daylight","Straight - Level","Local Street","Dry","Two-Way, Not Divided","None","No Special Feature","Smooth Asphalt",0,0,0,0,0,0,0,"3 lanes",2,0,NA,0,NA
3553,3504,"Rocky Mount","Edgecombe","Coastal","Residential","Urban (>70% Developed)",NA,"Urban","30 - 35  MPH","Stop Sign","Clear","No",NA,"70+","No",NA,"Facing Traffic","C: Possible Injury","Travel Lane","Black","Male",27,"25-29","No",NA,"31-35 mph","O: No Injury","White","Male","Pickup","No","17OCT2011","Monday","Motorist Failed to Yield - Sign-Controlled Intersection",13,"Intersection","October","C: Possible Injury",48300,"Motorist Drive Out - Sign-Controlled Intersection",2011,"No","No","Daylight","Straight - Level","Local Street","Dry","Two-Way, Not Divided","None","No Special Feature","Coarse Asphalt",0,0,0,0,0,0,0,"2 lanes",2,0,NA,0,NA
3554,3511,"Columbia","Tyrrell","Coastal","Residential","Urban (>70% Developed)",NA,"Rural","30 - 35  MPH","No Control Present","Clear","No",56,"50-59","No",NA,"With Traffic","Unknown Injury","Travel Lane","Unknown/Missing","Female",18,"0-19","No",NA,"21-25 mph","O: No Injury","Black","Male","Passenger Car","No","06OCT2011","Thursday","Motorist Overtaking Bicyclist",18,"Non-Intersection","October","O: No Injury",65280,"Motorist Overtaking - Bicyclist Swerved",2011,"No","No","Daylight","Straight - Level","Local Street","Dry","Two-Way, Not Divided","None","No Special Feature","Smooth Asphalt",0,0,0,0,0,0,0,"1 lane",2,0,NA,0,NA
3555,3517,"Monroe","Union","Piedmont","Commercial","Mixed (30% To 70% Developed)",NA,"Urban","40 - 45  MPH","No Control Present","Clear","No",47,"40-49","No",NA,"Not Applicable","C: Possible Injury","Travel Lane","White","Male",41,"40-49","No",NA,"31-35 mph","O: No Injury","White","Female","Passenger Car","No","14OCT2011","Friday","Bicyclist Failed to Yield - Midblock",14,"Non-Intersection","October","C: Possible Injury",50700,"Bicyclist Ride Out - Other Midblock",2011,"Yes","No","Daylight","Straight - Level","US Route","Dry","Two-Way, Divided, Unprotected Median","None","No Special Feature","Coarse Asphalt",0,0,0,0,0,0,0,"3 lanes",2,0,NA,0,NA
3556,3521,"None - Rural Crash","Davidson","Piedmont","Residential","Rural (<30% Developed)",NA,"Rural","50 - 55  MPH","Double Yellow Line, No Passing Zone","Clear","No",45,"40-49","No",NA,"With Traffic","K: Killed","Travel Lane","White","Male",30,"30-39","No",NA,"51-55 mph","O: No Injury","White","Male","Pickup","No","01NOV2011","Tuesday","Motorist Overtaking Bicyclist",19,"Non-Intersection","November","K: Killed",69060,"Motorist Overtaking - Misjudged Space",2011,"Yes","Yes","Dark - Roadway Not Lighted","Straight - Level","State Secondary Route","Dry","Two-Way, Not Divided","None","No Special Feature","Smooth Asphalt",0,0,0,0,0,0,0,"2 lanes",2,0,NA,0,NA
3557,6022,"None - Rural Crash","Robeson","Coastal","Residential","Rural (<30% Developed)",NA,"Rural","50 - 55  MPH","Double Yellow Line, No Passing Zone","Cloudy","No",22,"20-24","Yes",NA,"With Traffic","B: Evident Injury","Travel Lane","Hispanic","Male",59,"50-59","No",NA,"46-50 mph","O: No Injury","Black","Female","Passenger Car","Yes","30JUL2008","Wednesday","Motorist Overtaking Bicyclist",18,"Non-Intersection","July","B: Evident Injury",67980,"Motorist Overtaking - Other / Unknown",2008,"Yes","No","Daylight","Straight - Level","State Secondary Route","Wet","Two-Way, Not Divided","None","No Special Feature","Smooth Asphalt",0,0,0,0,0,0,0,"2 lanes",2,0,NA,0,NA
3558,6046,"Fayetteville","Cumberland","Coastal","Residential","Urban (>70% Developed)",NA,"Urban","5 - 15 MPH","Missing","Clear","No",31,"30-39","No",NA,NA,"O: No Injury","Travel Lane","Black","Male",42,"40-49","No",NA,"6-10 mph","O: No Injury","White","Male","Police","No","05AUG2008","Tuesday","Other / Unknown - Insufficient Details",17,"Non-Intersection","August","O: No Injury",64260,"Unknown Approach Paths",2008,"No","No","Daylight","Straight - Level","Local Street","Dry","Two-Way, Not Divided","None","No Special Feature","Coarse Asphalt",0,0,0,0,0,0,0,"2 lanes",2,0,NA,0,NA
3559,6051,"Charlotte","Mecklenburg","Piedmont","Commercial","Urban (>70% Developed)",NA,"Urban","40 - 45  MPH","No Control Present","Clear","No",66,"60-69","No",NA,"With Traffic","B: Evident Injury","Travel Lane","White","Male",24,"20-24","No",NA,"41-45 mph","O: No Injury","Black","Female","Passenger Car","No","01SEP2008","Monday","Motorist Right Turn / Merge",9,"Intersection","September","B: Evident Injury",34080,"Motorist Right Turn - Same Direction",2008,"Yes","No","Daylight","Straight - Grade","Local Street","Dry","Two-Way, Not Divided","None","No Special Feature","Smooth Asphalt",0,0,0,0,0,0,0,"2 lanes",2,0,NA,0,NA
3560,6054,"Asheville","Buncombe","Mountains","Commercial","Urban (>70% Developed)",NA,"Urban","30 - 35  MPH","No Control Present","Clear","No",20,"20-24","No",NA,"With Traffic","B: Evident Injury","Travel Lane","White","Female",NA,NA,"No",NA,NA,"Unknown Injury","Unknown/Missing",NA,"Pickup","No","08AUG2008","Friday","Motorist Right Turn / Merge",13,"Intersection","August","B: Evident Injury",49080,"Motorist Right Turn - Same Direction",2008,"Yes","Yes","Daylight","Straight - Grade","Local Street","Dry","Two-Way, Not Divided",NA,"Related To Intersection","Smooth Asphalt",0,0,0,0,0,0,0,"5 lanes",2,0,NA,0,NA
3561,6064,"Shelby","Cleveland","Mountains","Residential","Mixed (30% To 70% Developed)",NA,"Urban","30 - 35  MPH","No Control Present","Clear","No",11,"11-15","No",NA,"With Traffic","C: Possible Injury","Travel Lane","Black","Male",60,"60-69","No",NA,"16-20 mph","O: No Injury","White","Female","Passenger Car","No","12AUG2008","Tuesday","Motorist Overtaking Bicyclist",14,"Intersection","August","C: Possible Injury",50400,"Motorist Overtaking - Bicyclist Swerved",2008,"Yes","No","Daylight","Straight - Grade","Local Street","Dry","Two-Way, Not Divided","None","No Special Feature","Smooth Asphalt",0,0,0,0,0,0,0,"2 lanes",2,0,NA,0,NA
3562,6076,"Raleigh","Wake","Piedmont","Commercial","Urban (>70% Developed)",NA,"Urban","5 - 15 MPH","No Control Present","Clear","No",22,"20-24","No",NA,"With Traffic","O: No Injury","Travel Lane","White","Male",NA,NA,"Missing",NA,"0-5 mph","Unknown Injury","Unknown/Missing",NA,"Sport Utility","No","10JUL2008","Thursday","Backing Vehicle",21,"Non-Intersection","July","O: No Injury",76740,"Backing Vehicle",2008,"No","No","Dark - Lighted Roadway","Straight - Level","Local Street","Dry","Two-Way, Not Divided","None","Four-Way Intersection","Smooth Asphalt",0,0,0,0,0,0,0,"3 lanes",2,0,NA,0,NA
3563,6081,"Duck","Dare","Coastal","Commercial","Urban (>70% Developed)",NA,"Rural","20 - 25  MPH","Missing","Clear","No",37,"30-39","No",NA,"Facing Traffic","C: Possible Injury","Multi-use Path","White","Male",25,"25-29","No",NA,"0-5 mph","O: No Injury","White","Male","Sport Utility","No","16AUG2008","Saturday","Motorist Failed to Yield - Midblock",17,"Non-Intersection","August","B: Evident Injury",62940,"Motorist Drive Out - Commercial Driveway / Alley",2008,"Yes","No","Daylight","Curve - Level","NC Route","Dry","Two-Way, Not Divided","None","Shared-Use Paths Or Trails","Smooth Asphalt",0,0,0,0,0,0,0,"1 lane",2,0,NA,0,NA
3564,6084,"Hickory","Catawba","Piedmont","Residential","Urban (>70% Developed)",NA,"Urban",NA,"Missing","Clear","No",11,"11-15","No",NA,"Not Applicable","B: Evident Injury","Non-Roadway","White","Male",NA,NA,"Missing",NA,"0-5 mph","Unknown Injury","Unknown/Missing",NA,NA,"No","12AUG2008","Tuesday","Non-Roadway",19,"Non-Roadway","August","B: Evident Injury",70200,"Non-Roadway",2008,"Yes","Yes","Daylight","Straight - Level","Public Vehicular Area","Dry","Two-Way, Not Divided","None","No Special Feature","Coarse Asphalt",0,0,0,0,0,0,0,"2 lanes",2,0,NA,0,NA
3565,6086,"Asheville","Buncombe","Mountains","Commercial","Urban (>70% Developed)",NA,"Urban","30 - 35  MPH","Stop And Go Signal","Clear","No",34,"30-39","No",NA,"With Traffic","C: Possible Injury","Travel Lane","White","Male",24,"20-24","No",NA,"11-15 mph","O: No Injury","Black","Female","Passenger Car","No","17AUG2008","Sunday","Bicyclist Failed to Yield - Signalized Intersection",19,"Intersection","August","C: Possible Injury",69960,"Bicyclist Ride Through - Signalized Intersection",2008,"No","No","Daylight","Straight - Level","Local Street","Dry","Two-Way, Not Divided","None","Bridge","Smooth Asphalt",0,0,0,0,0,0,0,"4 lanes",2,0,NA,0,NA
3566,6088,"None - Rural Crash","Edgecombe","Coastal","Farms, Woods, Pastures","Rural (<30% Developed)",NA,"Rural","50 - 55  MPH","Stop Sign","Clear","No",13,"11-15","No",NA,"With Traffic","C: Possible Injury","Travel Lane","Black","Male",NA,"70+","No",NA,"51-55 mph","O: No Injury","Black","Female","Passenger Car","No","18AUG2008","Monday","Bicyclist Failed to Yield - Sign-Controlled Intersection",20,"Intersection","August","C: Possible Injury",73320,"Bicyclist Ride Through - Sign-Controlled Intersection",2008,"Yes","No","Dark - Roadway Not Lighted","Straight - Level","US Route","Dry","Two-Way, Not Divided","None","Driveway, Private","Coarse Asphalt",0,0,0,0,0,0,0,"2 lanes",2,0,NA,0,NA
3567,6095,"Charlotte","Mecklenburg","Piedmont","Commercial","Urban (>70% Developed)",NA,"Urban",NA,"Stop And Go Signal","Clear","No",48,"40-49","No",NA,"With Traffic","C: Possible Injury","Travel Lane","White","Female",NA,NA,"Missing",NA,NA,"Unknown Injury","Unknown/Missing",NA,"Passenger Car","No","04SEP2008","Thursday","Motorist Left Turn / Merge",17,"Intersection","September","C: Possible Injury",61200,"Motorist Left Turn - Opposite Direction",2008,"No","Yes","Daylight","Straight - Level","Local Street","Dry","Two-Way, Not Divided","None","Four-Way Intersection","Smooth Asphalt",0,0,0,0,0,0,0,"4 lanes",2,0,NA,0,NA
3568,6097,"Fayetteville","Cumberland","Coastal","Commercial","Urban (>70% Developed)",NA,"Urban","30 - 35  MPH","No Control Present","Clear","No",43,"40-49","No",NA,"Not Applicable","O: No Injury",NA,"Black","Female",45,"40-49","No",NA,"6-10 mph","O: No Injury","Black","Male","Passenger Car","No","22AUG2008","Friday","Other / Unknown - Insufficient Details",16,"Non-Intersection","August","O: No Injury",59580,"Unknown Approach Paths",2008,"No","No","Daylight","Straight - Level","Local Street","Dry","Two-Way, Not Divided","None","No Special Feature","Coarse Asphalt",0,0,0,0,0,0,0,"5 lanes",2,0,NA,0,NA
3569,6103,"Dunn","Harnett","Coastal","Residential","Urban (>70% Developed)",NA,"Urban","30 - 35  MPH","No Control Present","Clear","No",11,"11-15","No",NA,"Not Applicable","C: Possible Injury",NA,"White","Male",27,"25-29","No",NA,"31-35 mph","O: No Injury","Black","Male","Passenger Car","No","23AUG2008","Saturday","Crossing Paths - Other Circumstances",19,"Non-Intersection","August","C: Possible Injury",71160,"Crossing Paths - Midblock - Other / Unknown",2008,"No","No","Daylight","Straight - Level","Local Street","Dry","Two-Way, Not Divided","None","No Special Feature","Coarse Asphalt",0,0,0,0,0,0,0,"2 lanes",2,0,NA,0,NA
3570,6105,"Hendersonville","Henderson","Mountains","Residential","Urban (>70% Developed)",NA,"Urban","30 - 35  MPH","Missing","Clear","No",19,"16-19","No",NA,"Not Applicable","C: Possible Injury","Non-Roadway","White","Female",29,"25-29","No",NA,"0-5 mph","O: No Injury","Hispanic","Male","Passenger Car","No","08AUG2008","Friday","Loss of Control / Turning Error",20,"Non-Intersection","August","C: Possible Injury",72660,"Bicyclist Lost Control - Mechanical Problems",2008,"Yes","No","Dusk","Straight - Hillcrest","Local Street","Dry","Two-Way, Not Divided","None","No Special Feature","Smooth Asphalt",0,0,0,0,0,0,0,"2 lanes",2,0,NA,0,NA
3571,6112,"None - Rural Crash","Hyde","Coastal","Residential","Urban (>70% Developed)",NA,"Rural","20 - 25  MPH","Stop Sign","Clear","No",10,"6-10","No",NA,"Facing Traffic","B: Evident Injury","Travel Lane","White","Male",16,"0-19","No",NA,"11-15 mph","O: No Injury","White","Male","Sport Utility","No","20JUL2008","Sunday","Bicyclist Failed to Yield - Sign-Controlled Intersection",17,"Intersection","July","B: Evident Injury",62400,"Bicyclist Ride Out - Sign-Controlled Intersection",2008,"Yes","No","Daylight","Straight - Level","Local Street","Dry","Two-Way, Not Divided","None","Four-Way Intersection","Smooth Asphalt",0,0,0,0,0,0,0,"2 lanes",2,0,NA,0,NA
3572,6117,"None - Rural Crash","Cleveland","Mountains","Residential","Mixed (30% To 70% Developed)",NA,"Rural","50 - 55  MPH","Missing","Rain","No",52,"50-59","No",NA,"With Traffic","B: Evident Injury","Travel Lane","Black","Male",62,"60-69","No",NA,"31-35 mph","O: No Injury","White","Female","Sport Utility","No","27AUG2008","Wednesday","Motorist Overtaking Bicyclist",11,"Non-Intersection","August","B: Evident Injury",42720,"Motorist Overtaking - Misjudged Space",2008,"Yes","No","Daylight","Straight - Level","State Secondary Route","Wet","Two-Way, Not Divided","None","No Special Feature","Smooth Asphalt",0,0,0,0,0,0,0,"2 lanes",2,0,NA,0,NA
3573,6121,"Rocky Mount","Nash","Coastal","Commercial","Urban (>70% Developed)",NA,"Urban","30 - 35  MPH","Missing","Clear","No",31,"30-39","No",NA,"Facing Traffic","C: Possible Injury","Travel Lane","Black","Male",26,"25-29","No",NA,"0-5 mph","O: No Injury","Black","Male","Passenger Car","No","27JUN2008","Friday","Motorist Failed to Yield - Midblock",19,"Non-Intersection","June","C: Possible Injury",70200,"Motorist Drive Out - Commercial Driveway / Alley",2008,"No","No","Daylight","Straight - Level","Local Street","Dry","Two-Way, Not Divided","None","No Special Feature","Smooth Asphalt",0,0,0,0,0,0,0,"3 lanes",2,0,NA,0,NA
3574,6131,"None - Rural Crash","Pasquotank","Coastal","Commercial","Mixed (30% To 70% Developed)",NA,"Rural","50 - 55  MPH","No Control Present","Clear","No",13,"11-15","No",NA,"Not Applicable","B: Evident Injury","Non-Roadway","White","Male",17,"0-19","No",NA,"51-55 mph","O: No Injury","Black","Male","Passenger Car","No","02SEP2008","Tuesday","Bicyclist Failed to Yield - Midblock",17,"Non-Intersection","September","B: Evident Injury",61320,"Bicyclist Ride Out - Other Midblock",2008,"No","No","Daylight","Straight - Level","US Route","Dry","Two-Way, Divided, Unprotected Median","None","No Special Feature","Coarse Asphalt",0,0,0,0,0,0,0,"4 lanes",2,0,NA,0,NA
3575,6134,"None - Rural Crash","Lincoln","Piedmont","Farms, Woods, Pastures","Rural (<30% Developed)",NA,"Rural","50 - 55  MPH","Double Yellow Line, No Passing Zone","Clear","No",45,"40-49","No",NA,"With Traffic","A: Disabling Injury","Travel Lane","White","Male",37,"30-39","No",NA,"51-55 mph","O: No Injury","White","Male","Passenger Car","No","22SEP2008","Monday","Motorist Overtaking Bicyclist",17,"Non-Intersection","September","A: Disabling Injury",64200,"Motorist Overtaking - Other / Unknown",2008,"Yes","No","Daylight","Straight - Grade","State Secondary Route","Dry","Two-Way, Not Divided","None","No Special Feature","Coarse Asphalt",0,0,0,0,0,0,0,"2 lanes",2,0,NA,0,NA
3576,6135,"None - Rural Crash","Duplin","Coastal","Farms, Woods, Pastures","Rural (<30% Developed)",NA,"Rural",NA,"No Control Present","Clear","No",37,"30-39","No",NA,"With Traffic","B: Evident Injury","Travel Lane","Black","Female",57,"50-59","Yes",NA,NA,"K: Killed","Black","Male","Pedalcycle","Yes","21AUG2008","Thursday","Head-On",22,"Non-Intersection","August","K: Killed",81300,"Head-On - Bicyclist",2008,"Yes","No","Dark - Roadway Not Lighted","Straight - Level","NC Route","Dry","Two-Way, Not Divided","None","No Special Feature","Coarse Asphalt",0,0,0,0,0,0,0,"2 lanes",2,0,NA,0,NA
3577,6137,"Charlotte","Mecklenburg","Piedmont","Commercial","Urban (>70% Developed)",NA,"Urban","30 - 35  MPH","No Control Present","Clear","No",28,"25-29","No",NA,"With Traffic","B: Evident Injury","Bike Lane / Paved Shoulder","White","Male",40,"40-49","No",NA,"6-10 mph","O: No Injury","White","Male","Passenger Car","No","23SEP2008","Tuesday","Motorist Left Turn / Merge",18,"Intersection","September","B: Evident Injury",66600,"Motorist Left Turn - Opposite Direction",2008,"No","No","Daylight","Straight - Grade","Local Street","Dry","Two-Way, Divided, Unprotected Median","None","No Special Feature","Smooth Asphalt",0,0,0,0,0,0,0,"3 lanes",2,0,NA,0,NA
3578,6139,"Fayetteville","Cumberland","Coastal","Residential","Urban (>70% Developed)",NA,"Urban","30 - 35  MPH","Stop Sign","Clear","No",14,"11-15","No",NA,"Facing Traffic","B: Evident Injury","Travel Lane","Black","Male",49,"40-49","No",NA,"0-5 mph","O: No Injury","Asian","Male","Pickup","No","22MAY2008","Thursday","Loss of Control / Turning Error",17,"Intersection","May","B: Evident Injury",63120,"Bicyclist Lost Control - Mechanical Problems",2008,"Yes","No","Daylight","Straight - Level","Local Street","Dry","Two-Way, Not Divided","None","Four-Way Intersection","Coarse Asphalt",0,0,0,0,0,0,0,"8 lanes",2,0,NA,0,NA
3579,6145,"Wilmington","New Hanover","Coastal","Residential","Urban (>70% Developed)",NA,"Urban","20 - 25  MPH","Missing","Cloudy","No",16,"16-19","No",NA,"Facing Traffic","C: Possible Injury","Sidewalk / Crosswalk / Driveway Crossing","Black","Male",25,"25-29","No",NA,"0-5 mph","Unknown Injury","White","Female","Van","No","25AUG2008","Monday","Motorist Failed to Yield - Sign-Controlled Intersection",11,"Intersection","August","C: Possible Injury",40740,"Motorist Drive Out - Sign-Controlled Intersection",2008,"No","No","Daylight","Straight - Level","Local Street","Dry","One-Way, Not Divided","None","No Special Feature","Coarse Asphalt",0,0,0,0,0,0,0,"2 lanes",2,0,NA,0,NA
3580,6149,"None - Rural Crash","Orange","Piedmont","Farms, Woods, Pastures","Rural (<30% Developed)",NA,"Rural","40 - 45  MPH","Double Yellow Line, No Passing Zone","Clear","No",33,"30-39","No",NA,"With Traffic","C: Possible Injury","Travel Lane","White","Female",53,"50-59","No",NA,"41-45 mph","O: No Injury","White","Male","Pickup","No","04SEP2008","Thursday","Motorist Overtaking Bicyclist",13,"Non-Intersection","September","C: Possible Injury",49380,"Motorist Overtaking - Other / Unknown",2008,"Yes","No","Daylight","Curve - Grade","State Secondary Route","Dry","Two-Way, Not Divided","None","No Special Feature","Smooth Asphalt",0,0,0,0,0,0,0,"2 lanes",2,0,NA,0,NA
3581,6154,"Fayetteville","Cumberland","Coastal","Commercial","Urban (>70% Developed)",NA,"Urban","30 - 35  MPH","No Control Present","Clear","No",20,"20-24","No",NA,"Not Applicable","O: No Injury","Non-Roadway","White","Male",25,"25-29","No",NA,"6-10 mph","O: No Injury","Black","Male","Passenger Car","No","08SEP2008","Monday","Non-Roadway",21,"Non-Roadway","September","O: No Injury",77820,"Non-Roadway",2008,"No","No","Dark - Lighted Roadway","Straight - Level","Public Vehicular Area","Dry","Two-Way, Not Divided","None","No Special Feature","Coarse Asphalt",0,0,0,0,0,0,0,"2 lanes",2,0,NA,0,NA
3582,6168,"Greensboro","Guilford","Piedmont","Residential","Urban (>70% Developed)",NA,"Urban",NA,"Missing","Cloudy","No",14,"11-15","No",NA,"Not Applicable","B: Evident Injury","Travel Lane","Black","Male",18,"0-19","No",NA,"0-5 mph","O: No Injury","White","Male","Sport Utility","No","11SEP2008","Thursday","Non-Roadway",16,"Non-Roadway","September","B: Evident Injury",59580,"Non-Roadway",2008,"Yes","No","Daylight","Straight - Grade","Public Vehicular Area","Wet","Two-Way, Not Divided","None","Driveway, Public","Smooth Asphalt",0,0,0,0,0,0,0,NA,2,0,NA,0,NA
3583,6170,"None - Rural Crash","Robeson","Coastal","Farms, Woods, Pastures","Rural (<30% Developed)",NA,"Rural","50 - 55  MPH","No Control Present","Clear","No",31,"30-39","No",NA,"With Traffic","C: Possible Injury","Travel Lane","Native American","Male",NA,NA,"Missing",NA,"51-55 mph","Unknown Injury","Unknown/Missing",NA,NA,"No","11SEP2008","Thursday","Motorist Overtaking Bicyclist",23,"Non-Intersection","September","C: Possible Injury",83940,"Motorist Overtaking - Other / Unknown",2008,"Yes","Yes","Dark - Roadway Not Lighted","Straight - Level","State Secondary Route","Dry","Two-Way, Not Divided","None","No Special Feature","Coarse Asphalt",0,0,0,0,0,0,0,"2 lanes",2,0,NA,0,NA