"...1","object_id","city","county","region","development","locality","on_road","rural_urban","speed_limit","traffic_control","weather","workzone","bike_age","bike_age_group","bike_alcohol","bike_alcohol_drugs","bike_direction","bike_injury","bike_position","bike_race","bike_sex","driver_age","driver_age_group","driver_alcohol","driver_alcohol_drugs","driver_est_speed","driver_injury","driver_race","driver_sex","driver_vehicle_type","crash_alcohol","crash_date","crash_day","crash_group","crash_hour","crash_location","crash_month","crash_severity","crash_time","crash_type","crash_year","ambulance_req","hit_run","light_condition","road_character","road_class","road_condition","road_configuration","road_defects","road_feature","road_surface","num_bikes_ai","num_bikes_bi","num_bikes_ci","num_bikes_ki","num_bikes_no","num_bikes_to","num_bikes_ui","num_lanes","num_units","distance_mi_from","frm_road","rte_invd_cd","towrd_road"
3584,6171,"Burlington","Alamance","Piedmont","Commercial","Urban (>70% Developed)",NA,"Urban","40 - 45  MPH","No Control Present","Clear","No",13,"11-15","No",NA,"With Traffic","B: Evident Injury","Travel Lane","White","Male",62,"60-69","No",NA,"31-35 mph","O: No Injury","White","Female","Van","No","12SEP2008","Friday","Motorist Overtaking Bicyclist",20,"Non-Intersection","September","B: Evident Injury",73380,"Motorist Overtaking - Undetected Bicyclist",2008,"Yes","No","Dark - Roadway Not Lighted","Straight - Level","Local Street","Dry","Two-Way, Not Divided","None","No Special Feature","Smooth Asphalt",0,0,0,0,0,0,0,"4 lanes",2,0,NA,0,NA
3585,6173,"Chapel Hill","Orange","Piedmont","Residential","Urban (>70% Developed)",NA,"Urban","30 - 35  MPH","Stop And Go Signal","Rain","No",33,"30-39","No",NA,"Facing Traffic","B: Evident Injury","Sidewalk / Crosswalk / Driveway Crossing","White","Male",31,"30-39","No",NA,NA,"O: No Injury","White","Female","Passenger Car","No","12SEP2008","Friday","Crossing Paths - Other Circumstances",20,"Intersection","September","B: Evident Injury",74340,"Signalized Intersection - Other / Unknown",2008,"Yes","No","Dark - Roadway Not Lighted","Straight - Level","Local Street","Water (Standing, Moving)","Two-Way, Divided, Unprotected Median","None","Four-Way Intersection","Smooth Asphalt",0,0,0,0,0,0,0,"5 lanes",2,0,NA,0,NA
3586,6180,"Goldsboro","Wayne","Coastal","Commercial","Urban (>70% Developed)",NA,"Urban","30 - 35  MPH","No Control Present","Clear","No",62,"60-69","No",NA,"With Traffic","B: Evident Injury","Travel Lane","Black","Male",NA,NA,"No",NA,"31-35 mph","Unknown Injury","Unknown/Missing",NA,"Passenger Car","No","17SEP2008","Wednesday","Motorist Overtaking Bicyclist",20,"Non-Intersection","September","B: Evident Injury",73620,"Motorist Overtaking - Other / Unknown",2008,"Yes","Yes","Dark - Roadway Not Lighted","Straight - Level","Local Street","Dry","Two-Way, Divided, Positive Median Barrier","None","Bridge","Coarse Asphalt",0,0,0,0,0,0,0,"5 lanes",2,0,NA,0,NA
3587,6191,"Jacksonville","Onslow","Coastal","Commercial","Urban (>70% Developed)",NA,"Urban","40 - 45  MPH","No Control Present","Clear","No",12,"11-15","No",NA,"Not Applicable","C: Possible Injury","Travel Lane","White","Female",NA,NA,"Missing",NA,"0-5 mph","Unknown Injury","Unknown/Missing",NA,NA,"No","13SEP2008","Saturday","Bicyclist Failed to Yield - Midblock",13,"Non-Intersection","September","C: Possible Injury",50280,"Bicyclist Ride Out - Other Midblock",2008,"No","Yes","Daylight","Straight - Level","Local Street","Dry","Two-Way, Divided, Unprotected Median","None","No Special Feature","Smooth Asphalt",0,0,0,0,0,0,0,"5 lanes",2,0,NA,0,NA
3588,6198,"Roanoke Rapids","Halifax","Coastal","Residential","Urban (>70% Developed)",NA,"Urban","20 - 25  MPH","Stop Sign","Clear","No",18,"16-19","No",NA,"With Traffic","B: Evident Injury","Travel Lane","Black","Male",30,"30-39","No",NA,"11-15 mph","O: No Injury","Black","Female","Passenger Car","No","25SEP2008","Thursday","Motorist Failed to Yield - Sign-Controlled Intersection",17,"Intersection","September","B: Evident Injury",63840,"Motorist Drive Out - Sign-Controlled Intersection",2008,"Yes","Yes","Daylight","Straight - Level","Local Street","Dry","Two-Way, Not Divided","None","No Special Feature","Concrete",0,0,0,0,0,0,0,"2 lanes",2,0,NA,0,NA
3589,6200,"None - Rural Crash","Lee","Piedmont","Farms, Woods, Pastures","Rural (<30% Developed)",NA,"Rural","50 - 55  MPH","Missing","Cloudy","No",46,"40-49","No",NA,"With Traffic","C: Possible Injury","Travel Lane","Black","Male",53,"50-59","No",NA,"31-35 mph","O: No Injury","White","Female","Sport Utility","No","24SEP2008","Wednesday","Motorist Overtaking Bicyclist",17,"Non-Intersection","September","C: Possible Injury",63000,"Motorist Overtaking - Undetected Bicyclist",2008,"Yes","No","Daylight","Straight - Level","State Secondary Route","Dry","Two-Way, Not Divided","None","No Special Feature","Smooth Asphalt",0,0,0,0,0,0,0,"2 lanes",2,0,NA,0,NA
3590,6201,"None - Rural Crash","Halifax","Coastal","Residential","Mixed (30% To 70% Developed)",NA,"Rural","40 - 45  MPH","Double Yellow Line, No Passing Zone","Fog, Smog, Smoke","No",39,"30-39","No",NA,"With Traffic","K: Killed","Travel Lane","Native American","Female",16,"0-19","No",NA,"41-45 mph","O: No Injury","Native American","Male","Passenger Car","No","16SEP2008","Tuesday","Motorist Overtaking Bicyclist",19,"Non-Intersection","September","K: Killed",71940,"Motorist Overtaking - Other / Unknown",2008,"Yes","No","Dark - Roadway Not Lighted","Straight - Level","State Secondary Route","Dry","Two-Way, Not Divided","None","No Special Feature","Smooth Asphalt",0,0,0,0,0,0,0,"2 lanes",2,0,NA,0,NA
3591,6206,"Tarboro","Edgecombe","Coastal","Commercial","Mixed (30% To 70% Developed)",NA,"Urban","30 - 35  MPH","Stop Sign","Clear","No",60,"60-69","No",NA,"Facing Traffic","B: Evident Injury","Travel Lane","Black","Male",60,"60-69","No",NA,"6-10 mph","O: No Injury","White","Male","Sport Utility","No","29SEP2008","Monday","Motorist Failed to Yield - Sign-Controlled Intersection",17,"Intersection","September","B: Evident Injury",61980,"Motorist Drive Out - Sign-Controlled Intersection",2008,"Yes","No","Daylight","Straight - Level","Local Street","Dry","Two-Way, Not Divided","None","No Special Feature","Smooth Asphalt",0,0,0,0,0,0,0,"2 lanes",2,0,NA,0,NA
3592,6210,"None - Rural Crash","Davidson","Piedmont","Farms, Woods, Pastures","Rural (<30% Developed)",NA,"Rural","50 - 55  MPH","Missing","Rain","No",23,"20-24","Yes",NA,"With Traffic","C: Possible Injury","Travel Lane","White","Male",62,"60-69","No",NA,"41-45 mph","O: No Injury","White","Female","Light Truck (Mini-Van, Panel)","Yes","26SEP2008","Friday","Motorist Overtaking Bicyclist",23,"Non-Intersection","September","C: Possible Injury",85620,"Motorist Overtaking - Undetected Bicyclist",2008,"Yes","No","Dark - Roadway Not Lighted",NA,"NC Route","Wet",NA,"None","No Special Feature",NA,0,0,0,0,0,0,0,NA,2,0,NA,0,NA
3593,6211,"Wilmington","New Hanover","Coastal","Residential","Urban (>70% Developed)",NA,"Urban","40 - 45  MPH","Stop Sign","Clear","No",18,"16-19","No",NA,"With Traffic","B: Evident Injury","Travel Lane","White","Male",25,"25-29","No",NA,"11-15 mph","O: No Injury","White","Male","Passenger Car","No","29SEP2008","Monday","Motorist Left Turn / Merge",21,"Intersection","September","B: Evident Injury",77700,"Motorist Left Turn - Opposite Direction",2008,"Yes","No","Dark - Lighted Roadway","Straight - Level","Local Street","Dry","Two-Way, Not Divided","None","T-Intersection","Smooth Asphalt",0,0,0,0,0,0,0,"3 lanes",2,0,NA,0,NA
3594,6232,"Charlotte","Mecklenburg","Piedmont","Commercial","Urban (>70% Developed)",NA,"Urban","20 - 25  MPH","Stop Sign","Clear","No",46,"40-49","No",NA,"Facing Traffic","C: Possible Injury","Sidewalk / Crosswalk / Driveway Crossing","Black","Male",30,"30-39","No",NA,"0-5 mph","O: No Injury","Black","Female","Passenger Car","No","16OCT2008","Thursday","Motorist Failed to Yield - Sign-Controlled Intersection",17,"Intersection","October","C: Possible Injury",61920,"Motorist Drive Out - Sign-Controlled Intersection",2008,"No","No","Daylight","Straight - Level","Local Street","Dry","Two-Way, Not Divided","None","T-Intersection","Smooth Asphalt",0,0,0,0,0,0,0,"2 lanes",2,0,NA,0,NA
3595,6234,"Fayetteville","Cumberland","Coastal","Commercial","Mixed (30% To 70% Developed)",NA,"Urban","30 - 35  MPH","No Control Present","Clear","No",37,"30-39","No",NA,"With Traffic","C: Possible Injury","Travel Lane","Black","Male",25,"25-29","No",NA,"31-35 mph","O: No Injury","White","Female","Passenger Car","No","07OCT2008","Tuesday","Motorist Overtaking Bicyclist",23,"Non-Intersection","October","C: Possible Injury",83760,"Motorist Overtaking - Undetected Bicyclist",2008,"Yes","No","Dark - Lighted Roadway","Straight - Level","Local Street","Dry","Two-Way, Divided, Unprotected Median","None","No Special Feature","Coarse Asphalt",0,0,0,0,0,0,0,"2 lanes",2,0,NA,0,NA
3596,6238,"Wilmington","New Hanover","Coastal","Commercial","Rural (<30% Developed)",NA,"Urban","40 - 45  MPH","No Control Present","Clear","No",35,"30-39","No",NA,"Facing Traffic","C: Possible Injury","Sidewalk / Crosswalk / Driveway Crossing","Black","Male",37,"30-39","No",NA,"0-5 mph","O: No Injury","Black","Female","Passenger Car","No","06OCT2008","Monday","Motorist Failed to Yield - Midblock",14,"Non-Intersection","October","C: Possible Injury",50880,"Motorist Drive Out - Commercial Driveway / Alley",2008,"Yes","No","Daylight","Straight - Level","Private Road, Driveway","Water (Standing, Moving)","Two-Way, Not Divided","None","Driveway, Public","Smooth Asphalt",0,0,0,0,0,0,0,"3 lanes",2,0,NA,0,NA
3597,6242,"Cary","Wake","Piedmont","Residential","Urban (>70% Developed)",NA,"Urban","30 - 35  MPH","Stop Sign","Clear","No",37,"30-39","No",NA,"Facing Traffic","C: Possible Injury","Sidewalk / Crosswalk / Driveway Crossing","Black","Male",20,"20-24","No",NA,"0-5 mph","O: No Injury","White","Female","Passenger Car","No","17OCT2008","Friday","Motorist Failed to Yield - Sign-Controlled Intersection",14,"Intersection","October","C: Possible Injury",50400,"Motorist Drive Out - Sign-Controlled Intersection",2008,"No","No","Daylight","Straight - Level","Local Street","Dry","Two-Way, Divided, Unprotected Median","None","T-Intersection","Smooth Asphalt",0,0,0,0,0,0,0,"2 lanes",2,0,NA,0,NA
3598,6243,"None - Rural Crash","Greene","Coastal","Farms, Woods, Pastures","Rural (<30% Developed)",NA,"Rural","50 - 55  MPH","Double Yellow Line, No Passing Zone","Clear","No",39,"30-39","No",NA,"With Traffic","C: Possible Injury","Bike Lane / Paved Shoulder","Black","Male",24,"20-24","No",NA,"36-40 mph","O: No Injury","Black","Female","Passenger Car","No","13OCT2008","Monday","Motorist Overtaking Bicyclist",7,"Non-Intersection","October","C: Possible Injury",27720,"Motorist Overtaking - Misjudged Space",2008,"Yes","No","Daylight","Straight - Level","State Secondary Route","Dry","Two-Way, Not Divided","None","No Special Feature","Coarse Asphalt",0,0,0,0,0,0,0,"2 lanes",2,0,NA,0,NA
3599,6244,"Charlotte","Mecklenburg","Piedmont","Residential","Urban (>70% Developed)",NA,"Urban","20 - 25  MPH","Stop Sign","Clear","No",37,"30-39","No",NA,"With Traffic","B: Evident Injury","Travel Lane","Black","Male",63,"60-69","No",NA,"21-25 mph","O: No Injury","White","Male","Passenger Car","No","23OCT2008","Thursday","Loss of Control / Turning Error",11,"Intersection","October","B: Evident Injury",39960,"Motorist Turning Error - Left Turn",2008,"Yes","No","Daylight","Straight - Level","Local Street","Dry","Two-Way, Not Divided","None","T-Intersection","Smooth Asphalt",0,0,0,0,0,0,0,"2 lanes",2,0,NA,0,NA
3600,6248,"Charlotte","Mecklenburg","Piedmont","Commercial","Urban (>70% Developed)",NA,"Urban","40 - 45  MPH","Stop And Go Signal","Clear","No",24,"20-24","No",NA,"With Traffic","B: Evident Injury","Travel Lane","White","Male",17,"0-19","No",NA,"41-45 mph","O: No Injury","White","Male","Pickup","No","21OCT2008","Tuesday","Motorist Right Turn / Merge",18,"Intersection","October","B: Evident Injury",67320,"Motorist Right Turn - Same Direction",2008,"Yes","No","Dark - Roadway Not Lighted","Straight - Grade","Local Street","Dry","Two-Way, Not Divided","None","Four-Way Intersection","Coarse Asphalt",0,0,0,0,0,0,0,"4 lanes",2,0,NA,0,NA
3601,2877,"Fayetteville","Cumberland","Coastal","Commercial","Urban (>70% Developed)",NA,"Urban","30 - 35  MPH","Stop And Go Signal","Clear","No",29,"25-29","No",NA,"With Traffic","C: Possible Injury","Travel Lane","White","Male",54,"50-59","No",NA,"31-35 mph","O: No Injury","White","Male","Passenger Car","No","16MAR2011","Wednesday","Motorist Failed to Yield - Signalized Intersection",7,"Intersection","March","C: Possible Injury",26940,"Motorist Drive Through - Signalized Intersection",2011,"No","No","Dawn","Straight - Level","Local Street","Wet","Two-Way, Not Divided","None","No Special Feature","Coarse Asphalt",0,0,0,0,0,0,0,"6 lanes",2,0,NA,0,NA
3602,2848,"Greensboro","Guilford","Piedmont","Residential","Urban (>70% Developed)",NA,"Urban","30 - 35  MPH","No Control Present","Clear","No",5,"0-5","No",NA,"Not Applicable","C: Possible Injury","Driveway / Alley","Black","Male",20,"20-24","No",NA,"21-25 mph","O: No Injury","Asian","Female","Passenger Car","No","08MAR2011","Tuesday","Bicyclist Failed to Yield - Midblock",16,"Non-Intersection","March","C: Possible Injury",60540,"Bicyclist Ride Out - Residential Driveway",2011,"Yes","No","Daylight","Straight - Grade","Local Street","Dry","Two-Way, Not Divided","None","No Special Feature","Smooth Asphalt",0,0,0,0,0,0,0,"2 lanes",2,0,NA,0,NA
3603,2870,"Charlotte","Mecklenburg","Piedmont","Commercial","Urban (>70% Developed)",NA,"Urban","40 - 45  MPH","No Control Present","Clear","No",15,"11-15","No",NA,"With Traffic","O: No Injury","Sidewalk / Crosswalk / Driveway Crossing","Black","Male",55,"50-59","No",NA,"16-20 mph","O: No Injury","Black","Male","Passenger Car","No","19MAR2011","Saturday","Motorist Right Turn / Merge",15,"Non-Intersection","March","O: No Injury",56400,"Motorist Right Turn - Same Direction",2011,"No","No","Daylight","Straight - Grade","Local Street","Dry","Two-Way, Not Divided","None","No Special Feature","Smooth Asphalt",0,0,0,0,0,0,0,NA,2,0,NA,0,NA
3604,2875,"None - Rural Crash","Union","Piedmont","Residential","Urban (>70% Developed)",NA,"Rural","30 - 35  MPH","No Control Present","Clear","No",6,"6-10","No",NA,"With Traffic","C: Possible Injury","Travel Lane","Black","Female",NA,"70+","No",NA,"0-5 mph","O: No Injury","Black","Female","Passenger Car","No","24MAR2011","Thursday","Backing Vehicle",16,"Non-Intersection","March","C: Possible Injury",57720,"Backing Vehicle",2011,"Yes","Yes","Daylight","Straight - Level","State Secondary Route","Dry","Two-Way, Not Divided","None","No Special Feature","Coarse Asphalt",0,0,0,0,0,0,0,"2 lanes",2,0,NA,0,NA
3605,2857,"Fayetteville","Cumberland","Coastal","Commercial","Urban (>70% Developed)",NA,"Urban","20 - 25  MPH","No Control Present","Clear","No",15,"11-15","No",NA,"Not Applicable","Unknown Injury","Non-Roadway","Black","Male",NA,NA,"Missing",NA,NA,"Unknown Injury","Unknown/Missing",NA,NA,"No","11MAR2011","Friday","Non-Roadway",16,"Non-Roadway","March","Unknown Injury",59220,"Non-Roadway",2011,"No","Yes","Daylight","Straight - Level","Public Vehicular Area","Dry",NA,"None","No Special Feature","Coarse Asphalt",0,0,0,0,0,0,0,NA,2,0,NA,0,NA
3606,2985,"Cary","Wake","Piedmont","Residential","Urban (>70% Developed)",NA,"Urban","20 - 25  MPH","Stop Sign","Clear","No",50,"50-59","No",NA,"Facing Traffic","B: Evident Injury","Sidewalk / Crosswalk / Driveway Crossing","White","Female",26,"25-29","No",NA,"0-5 mph","O: No Injury","Black","Male","Sport Utility","No","09MAY2011","Monday","Motorist Failed to Yield - Sign-Controlled Intersection",17,"Intersection","May","B: Evident Injury",63960,"Motorist Drive Out - Sign-Controlled Intersection",2011,"Yes","No","Daylight","Straight - Level","Local Street","Dry","Two-Way, Divided, Unprotected Median","None","Four-Way Intersection","Smooth Asphalt",0,0,0,0,0,0,0,"2 lanes",2,0,NA,0,NA
3607,2987,"None - Rural Crash","New Hanover","Coastal","Commercial","Urban (>70% Developed)",NA,"Rural","40 - 45  MPH","Stop Sign","Clear","No",64,"60-69","No",NA,"Facing Traffic","B: Evident Injury","Travel Lane","White","Male",61,"60-69","No",NA,"6-10 mph","O: No Injury","White","Male","Sport Utility","No","03MAY2011","Tuesday","Motorist Failed to Yield - Sign-Controlled Intersection",16,"Intersection","May","B: Evident Injury",59700,"Motorist Drive Out - Sign-Controlled Intersection",2011,"Yes","No","Daylight","Straight - Level","NC Route","Dry","Two-Way, Divided, Positive Median Barrier","None","T-Intersection","Smooth Asphalt",0,0,0,0,0,0,0,"9 or more lanes",2,0,NA,0,NA
3608,2963,"None - Rural Crash","Guilford","Piedmont","Commercial","Mixed (30% To 70% Developed)",NA,"Rural",NA,"No Control Present","Clear","No",19,"16-19","No",NA,"With Traffic","C: Possible Injury","Sidewalk / Crosswalk / Driveway Crossing","Black","Male",40,"40-49","No",NA,"0-5 mph","O: No Injury","White","Male","Passenger Car","No","29APR2011","Friday","Motorist Failed to Yield - Midblock",9,"Non-Intersection","April","C: Possible Injury",33120,"Motorist Drive Out - Commercial Driveway / Alley",2011,"No","No","Daylight","Straight - Level","Public Vehicular Area","Dry",NA,"None","Driveway, Private","Smooth Asphalt",0,0,0,0,0,0,0,NA,2,0,NA,0,NA
3609,2965,"None - Rural Crash","Iredell","Piedmont","Residential","Urban (>70% Developed)",NA,"Rural","40 - 45  MPH","Double Yellow Line, No Passing Zone","Clear","No",40,"40-49","No",NA,"With Traffic","C: Possible Injury","Travel Lane","White","Male",17,"0-19","No",NA,"26-30 mph","O: No Injury","White","Male","Passenger Car","No","05MAY2011","Thursday","Motorist Overtaking Bicyclist",18,"Non-Intersection","May","C: Possible Injury",67680,"Motorist Overtaking - Bicyclist Swerved",2011,"Yes","No","Daylight","Straight - Level","State Secondary Route","Dry","Two-Way, Not Divided","None","No Special Feature","Smooth Asphalt",0,0,0,0,0,0,0,"3 lanes",2,0,NA,0,NA
3610,2992,"Charlotte","Mecklenburg","Piedmont","Residential","Urban (>70% Developed)",NA,"Urban","20 - 25  MPH","No Control Present","Clear","No",9,"6-10","No",NA,NA,"B: Evident Injury","Travel Lane","Black","Male",NA,NA,"Missing",NA,"16-20 mph","Unknown Injury","Unknown/Missing",NA,NA,"No","04MAY2011","Wednesday","Parallel Paths - Other Circumstances",19,"Non-Intersection","May","B: Evident Injury",69720,"Parallel Paths - Other / Unknown",2011,"Yes","Yes","Daylight","Curve - Level","Local Street","Dry","Two-Way, Not Divided","None","No Special Feature","Smooth Asphalt",0,0,0,0,0,0,0,"2 lanes",2,0,NA,0,NA
3611,2994,"Washington","Beaufort","Coastal","Residential","Urban (>70% Developed)",NA,"Urban","20 - 25  MPH","No Control Present","Clear","No",12,"11-15","No",NA,"Facing Traffic","C: Possible Injury","Travel Lane","Black","Male",NA,"70+","No",NA,"16-20 mph","O: No Injury","White","Female","Passenger Car","No","03MAY2011","Tuesday","Crossing Paths - Other Circumstances",19,"Intersection","May","C: Possible Injury",68640,"Crossing Paths - Intersection - Other / Unknown",2011,"Yes","No","Daylight","Straight - Level","Local Street","Dry","One-Way, Not Divided","None","Four-Way Intersection","Coarse Asphalt",0,0,0,0,0,0,0,"2 lanes",2,0,NA,0,NA
3612,2996,"Carrboro","Orange","Piedmont","Commercial","Urban (>70% Developed)",NA,"Urban","40 - 45  MPH","Stop And Go Signal","Cloudy","No",54,"50-59","No",NA,NA,"A: Disabling Injury","Travel Lane","White","Male",49,"40-49","No",NA,"16-20 mph","O: No Injury","White","Female","Van","No","25APR2011","Monday","Crossing Paths - Other Circumstances",7,"Intersection-Related","April","A: Disabling Injury",28680,"Crossing Paths - Intersection - Other / Unknown",2011,"Yes","No","Daylight","Curve - Level","NC Route","Dry","Two-Way, Divided, Unprotected Median","None","Related To Intersection","Smooth Asphalt",0,0,0,0,0,0,0,"4 lanes",2,0,NA,0,NA
3613,2892,"Charlotte","Mecklenburg","Piedmont","Commercial","Urban (>70% Developed)",NA,"Urban","30 - 35  MPH","No Control Present","Rain","No",16,"16-19","No",NA,"With Traffic","B: Evident Injury","Sidewalk / Crosswalk / Driveway Crossing","White","Male",NA,NA,"Missing",NA,"11-15 mph","Unknown Injury","Unknown/Missing",NA,NA,"No","31MAR2011","Thursday","Motorist Overtaking Bicyclist",21,"Intersection-Related","March","B: Evident Injury",77160,"Motorist Overtaking - Other / Unknown",2011,"Yes","Yes","Dark - Lighted Roadway","Straight - Level","Local Street","Dry","Two-Way, Divided, Unprotected Median","None","Driveway, Public","Concrete",0,0,0,0,0,0,0,"5 lanes",2,0,NA,0,NA
3614,2914,"Kinston","Lenoir","Coastal","Residential","Urban (>70% Developed)",NA,"Urban","20 - 25  MPH","Stop Sign","Clear","No",46,"40-49","Yes",NA,"With Traffic","C: Possible Injury","Sidewalk / Crosswalk / Driveway Crossing","Black","Male",67,"60-69","No",NA,"16-20 mph","O: No Injury","Black","Male","Passenger Car","Yes","19APR2011","Tuesday","Bicyclist Failed to Yield - Sign-Controlled Intersection",20,"Intersection-Related","April","C: Possible Injury",75480,"Bicyclist Ride Out - Sign-Controlled Intersection",2011,"Yes","No","Dark - Lighted Roadway","Straight - Level","Local Street","Dry","Two-Way, Not Divided","None","No Special Feature","Coarse Asphalt",0,0,0,0,0,0,0,"2 lanes",2,0,NA,0,NA
3615,2917,"Charlotte","Mecklenburg","Piedmont","Residential","Urban (>70% Developed)",NA,"Urban","30 - 35  MPH","No Control Present","Cloudy","No",46,"40-49","No",NA,"With Traffic","C: Possible Injury","Travel Lane","Black","Male",NA,NA,"Missing",NA,"6-10 mph","Unknown Injury","Unknown/Missing",NA,NA,"No","12APR2011","Tuesday","Motorist Overtaking Bicyclist",16,"Non-Intersection","April","C: Possible Injury",59400,"Motorist Overtaking - Misjudged Space",2011,"Yes","Yes","Daylight","Straight - Level","Local Street","Dry","Two-Way, Divided, Unprotected Median",NA,"No Special Feature","Smooth Asphalt",0,0,0,0,0,0,0,"4 lanes",2,0,NA,0,NA
3616,2908,"Burlington","Alamance","Piedmont","Residential","Urban (>70% Developed)",NA,"Urban","30 - 35  MPH","Stop And Go Signal","Cloudy","No",51,"50-59","No",NA,"Not Applicable","A: Disabling Injury","Bike Lane / Paved Shoulder","Hispanic","Male",26,"25-29","No",NA,"31-35 mph","O: No Injury","Black","Female","Passenger Car","No","04APR2011","Monday","Crossing Paths - Other Circumstances",19,"Intersection-Related","April","A: Disabling Injury",69000,"Crossing Paths - Uncontrolled Intersection",2011,"Yes","No","Daylight","Curve - Bottom","Local Street","Dry","Two-Way, Not Divided","None","Related To Intersection","Smooth Asphalt",0,0,0,0,0,0,0,"4 lanes",2,0,NA,0,NA
3617,2907,"High Point","Guilford","Piedmont","Residential","Urban (>70% Developed)",NA,"Urban","30 - 35  MPH","Stop Sign","Clear","No",13,"11-15","No",NA,"With Traffic","B: Evident Injury","Travel Lane","White","Male",NA,NA,"Missing",NA,NA,"Unknown Injury","Unknown/Missing",NA,"Passenger Car","No","03APR2011","Sunday","Bicyclist Failed to Yield - Sign-Controlled Intersection",14,"Intersection","April","B: Evident Injury",53100,"Bicyclist Ride Out - Sign-Controlled Intersection",2011,"Yes","Yes","Daylight","Straight - Grade","Local Street","Dry","Two-Way, Not Divided","None","T-Intersection","Smooth Asphalt",0,0,0,0,0,0,0,"2 lanes",2,0,NA,0,NA
3618,2902,"None - Rural Crash","Buncombe","Mountains","Farms, Woods, Pastures","Rural (<30% Developed)",NA,"Rural","50 - 55  MPH","Double Yellow Line, No Passing Zone","Clear","No",35,"30-39","No",NA,"With Traffic","B: Evident Injury","Travel Lane","White","Male",33,"30-39","No",NA,"51-55 mph","O: No Injury","White","Male","Pickup","No","07APR2011","Thursday","Motorist Overtaking Bicyclist",17,"Non-Intersection","April","B: Evident Injury",64440,"Motorist Overtaking - Misjudged Space",2011,"Yes","No","Daylight","Curve - Level","NC Route","Dry","Two-Way, Not Divided","None","T-Intersection","Smooth Asphalt",0,0,0,0,0,0,0,"2 lanes",2,0,NA,0,NA
3619,2916,"Charlotte","Mecklenburg","Piedmont","Commercial","Urban (>70% Developed)",NA,"Urban","30 - 35  MPH","Stop And Go Signal","Clear","No",34,"30-39","No",NA,"With Traffic","C: Possible Injury","Travel Lane","White","Male",24,"20-24","No",NA,"0-5 mph","O: No Injury","Black","Female","Passenger Car","No","09APR2011","Saturday","Motorist Left Turn / Merge",12,"Intersection","April","C: Possible Injury",43500,"Motorist Left Turn - Opposite Direction",2011,"Yes","No","Daylight","Straight - Level","Local Street","Dry","Two-Way, Not Divided","None","Four-Way Intersection","Smooth Asphalt",0,0,0,0,0,0,0,"4 lanes",2,0,NA,0,NA
3620,2898,"Apex","Wake","Piedmont","Residential","Urban (>70% Developed)",NA,"Urban","40 - 45  MPH","No Control Present","Cloudy","No",13,"11-15","No",NA,"With Traffic","C: Possible Injury","Travel Lane","White","Female",57,"50-59","No",NA,"36-40 mph","O: No Injury","Other","Female","Passenger Car","No","09APR2011","Saturday","Bicyclist Left Turn / Merge",13,"Intersection","April","C: Possible Injury",49560,"Bicyclist Left Turn - Same Direction",2011,"Yes","No","Daylight","Straight - Level","Local Street","Dry","Two-Way, Not Divided","None","T-Intersection","Smooth Asphalt",0,0,0,0,0,0,0,"4 lanes",2,0,NA,0,NA
3621,2883,"Raleigh","Wake","Piedmont","Residential","Urban (>70% Developed)",NA,"Urban","30 - 35  MPH","Stop Sign","Clear","No",6,"6-10","No",NA,"With Traffic","O: No Injury","Travel Lane","Black","Male",51,"50-59","No",NA,"31-35 mph","O: No Injury","Black","Female","Passenger Car","No","19MAR2011","Saturday","Loss of Control / Turning Error",16,"Intersection","March","O: No Injury",60780,"Bicyclist Lost Control - Mechanical Problems",2011,"No","No","Daylight","Straight - Level","Local Street","Dry","Two-Way, Not Divided","None","Four-Way Intersection","Smooth Asphalt",0,0,0,0,0,0,0,"2 lanes",2,0,NA,0,NA
3622,2921,"Raleigh","Wake","Piedmont","Commercial","Urban (>70% Developed)",NA,"Urban","30 - 35  MPH","No Control Present","Clear","No",41,"40-49","No",NA,"Facing Traffic","O: No Injury","Sidewalk / Crosswalk / Driveway Crossing","White","Male",46,"40-49","No",NA,"0-5 mph","O: No Injury","White","Female","Sport Utility","No","06APR2011","Wednesday","Backing Vehicle",14,"Non-Intersection","April","O: No Injury",52320,"Backing Vehicle",2011,"No","No","Daylight","Straight - Level","Public Vehicular Area","Dry","Two-Way, Not Divided","None","Driveway, Public","Concrete",0,0,0,0,0,0,0,"1 lane",2,0,NA,0,NA
3623,2783,"None - Rural Crash","Pitt","Coastal","Farms, Woods, Pastures","Rural (<30% Developed)",NA,"Rural","50 - 55  MPH","Stop Sign","Cloudy","No",21,"20-24","No",NA,"With Traffic","C: Possible Injury","Travel Lane","Black","Male",54,"50-59","No",NA,"51-55 mph","O: No Injury","Black","Male","Single Unit Truck (3 Or More Axles)","No","03FEB2011","Thursday","Bicyclist Failed to Yield - Sign-Controlled Intersection",15,"Intersection","February","C: Possible Injury",54000,"Bicyclist Ride Through - Sign-Controlled Intersection",2011,"Yes","No","Daylight","Straight - Level","State Secondary Route","Dry","Two-Way, Not Divided","None","Four-Way Intersection","Coarse Asphalt",0,0,0,0,0,0,0,"2 lanes",2,0,NA,0,NA