"...1","object_id","city","county","region","development","locality","on_road","rural_urban","speed_limit","traffic_control","weather","workzone","bike_age","bike_age_group","bike_alcohol","bike_alcohol_drugs","bike_direction","bike_injury","bike_position","bike_race","bike_sex","driver_age","driver_age_group","driver_alcohol","driver_alcohol_drugs","driver_est_speed","driver_injury","driver_race","driver_sex","driver_vehicle_type","crash_alcohol","crash_date","crash_day","crash_group","crash_hour","crash_location","crash_month","crash_severity","crash_time","crash_type","crash_year","ambulance_req","hit_run","light_condition","road_character","road_class","road_condition","road_configuration","road_defects","road_feature","road_surface","num_bikes_ai","num_bikes_bi","num_bikes_ci","num_bikes_ki","num_bikes_no","num_bikes_to","num_bikes_ui","num_lanes","num_units","distance_mi_from","frm_road","rte_invd_cd","towrd_road"
3624,2785,"Raleigh","Wake","Piedmont","Residential","Urban (>70% Developed)",NA,"Urban","30 - 35  MPH","Stop Sign","Clear","No",13,"11-15","No",NA,"Facing Traffic","C: Possible Injury","Sidewalk / Crosswalk / Driveway Crossing","Black","Male",25,"25-29","No",NA,NA,"O: No Injury","Black","Female","Passenger Car","No","06JAN2011","Thursday","Motorist Failed to Yield - Sign-Controlled Intersection",17,"Intersection","January","C: Possible Injury",63240,"Motorist Drive Out - Sign-Controlled Intersection",2011,"No","No","Dark - Lighted Roadway","Straight - Level","Local Street","Dry","Two-Way, Not Divided","None","T-Intersection","Smooth Asphalt",0,0,0,0,0,0,0,"2 lanes",2,0,NA,0,NA
3625,2806,"Raleigh","Wake","Piedmont","Commercial","Urban (>70% Developed)",NA,"Urban","5 - 15 MPH","No Control Present","Clear","No",40,"40-49","No",NA,"Facing Traffic","C: Possible Injury","Sidewalk / Crosswalk / Driveway Crossing","Black","Male",32,"30-39","No",NA,"0-5 mph","O: No Injury","White","Male","Passenger Car","No","14JAN2011","Friday","Motorist Failed to Yield - Midblock",15,"Non-Intersection","January","C: Possible Injury",55800,"Motorist Drive Out - Commercial Driveway / Alley",2011,"Yes","No","Daylight","Straight - Level","Local Street","Dry","Two-Way, Divided, Positive Median Barrier","None","T-Intersection","Coarse Asphalt",0,0,0,0,0,0,0,"7 lanes",2,0,NA,0,NA
3626,2805,"Charlotte","Mecklenburg","Piedmont","Residential","Rural (<30% Developed)",NA,"Urban","30 - 35  MPH","No Control Present","Clear","No",45,"40-49","No",NA,"With Traffic","C: Possible Injury","Travel Lane","Hispanic","Male",31,"30-39","No",NA,"21-25 mph","O: No Injury","Black","Male","Sport Utility","No","06FEB2011","Sunday","Motorist Overtaking Bicyclist",22,"Non-Intersection","February","C: Possible Injury",80040,"Motorist Overtaking - Undetected Bicyclist",2011,"No","No","Dark - Roadway Not Lighted","Straight - Hillcrest","Local Street","Dry","Two-Way, Not Divided","None","No Special Feature","Smooth Asphalt",0,0,0,0,0,0,0,"2 lanes",2,0,NA,0,NA
3627,2819,"None - Rural Crash","Pitt","Coastal","Residential","Mixed (30% To 70% Developed)",NA,"Rural","50 - 55  MPH","Stop Sign","Clear","No",52,"50-59","No",NA,"With Traffic","B: Evident Injury","Travel Lane","Black","Male",21,"20-24","No",NA,"0-5 mph","O: No Injury","White","Female","Passenger Car","No","25FEB2011","Friday","Motorist Failed to Yield - Sign-Controlled Intersection",7,"Intersection","February","B: Evident Injury",27480,"Motorist Drive Out - Sign-Controlled Intersection",2011,"Yes","No","Daylight","Straight - Level","US Route","Wet","Two-Way, Not Divided","None","No Special Feature","Smooth Asphalt",0,0,0,0,0,0,0,"6 lanes",2,0,NA,0,NA
3628,2788,"Washington","Beaufort","Coastal","Residential","Mixed (30% To 70% Developed)",NA,"Urban","40 - 45  MPH","No Control Present","Clear","No",52,"50-59","No",NA,"With Traffic","C: Possible Injury","Travel Lane","Black","Male",NA,"70+","No",NA,"41-45 mph","O: No Injury","White","Female","Sport Utility","No","15JAN2011","Saturday","Motorist Overtaking Bicyclist",18,"Non-Intersection","January","C: Possible Injury",65280,"Motorist Overtaking - Misjudged Space",2011,"Yes","No","Dark - Lighted Roadway","Straight - Level","Local Street","Dry","Two-Way, Not Divided","None","No Special Feature","Smooth Asphalt",0,0,0,0,0,0,0,"4 lanes",2,0,NA,0,NA
3629,2824,"Charlotte","Mecklenburg","Piedmont","Residential","Urban (>70% Developed)",NA,"Urban","20 - 25  MPH","No Control Present","Clear","No",10,"6-10","No",NA,"With Traffic","C: Possible Injury","Sidewalk / Crosswalk / Driveway Crossing","Black","Male",29,"25-29","No",NA,"11-15 mph","O: No Injury","Black","Female","School Bus","No","14FEB2011","Monday","Motorist Right Turn / Merge",16,"Intersection","February","C: Possible Injury",60600,"Motorist Right Turn - Same Direction",2011,"No","No","Dusk","Straight - Grade","Local Street","Dry","One-Way, Not Divided","None","Traffic Circle/Roundabout","Smooth Asphalt",0,0,0,0,0,0,0,"1 lane",2,0,NA,0,NA
3630,2820,"Charlotte","Mecklenburg","Piedmont","Residential","Urban (>70% Developed)",NA,"Urban","20 - 25  MPH","No Control Present","Clear","No",7,"6-10","No",NA,"Not Applicable","C: Possible Injury","Driveway / Alley","Black","Male",29,"25-29","No",NA,"11-15 mph","O: No Injury","Black","Female","Passenger Car","No","16FEB2011","Wednesday","Bicyclist Failed to Yield - Midblock",17,"Non-Intersection","February","C: Possible Injury",62460,"Bicyclist Ride Out - Residential Driveway",2011,"No","No","Daylight","Straight - Level","Local Street","Dry","Two-Way, Not Divided","None","T-Intersection","Smooth Asphalt",0,0,0,0,0,0,0,"2 lanes",2,0,NA,0,NA
3631,2786,"Monroe","Union","Piedmont","Commercial","Urban (>70% Developed)",NA,"Urban","40 - 45  MPH","No Control Present","Clear","No",46,"40-49","No",NA,"With Traffic","K: Killed","Travel Lane","White","Male",31,"30-39","Yes",NA,"41-45 mph","O: No Injury","White","Male","Passenger Car","Yes","27JAN2011","Thursday","Motorist Overtaking Bicyclist",23,"Non-Intersection","January","K: Killed",84600,"Motorist Overtaking - Other / Unknown",2011,"No","No","Dark - Lighted Roadway","Straight - Level","Local Street","Dry","Two-Way, Not Divided","None","No Special Feature","Smooth Asphalt",0,0,0,0,0,0,0,"2 lanes",2,0,NA,0,NA
3632,2829,"Salisbury","Rowan","Piedmont","Institutional","Urban (>70% Developed)",NA,"Urban","30 - 35  MPH","No Control Present","Clear","No",22,"20-24","No",NA,"Not Applicable","O: No Injury","Non-Roadway","White","Male",28,"25-29","Missing",NA,"0-5 mph","O: No Injury","White","Male","Pickup","No","03MAR2011","Thursday","Non-Roadway",11,"Non-Roadway","March","O: No Injury",39720,"Non-Roadway",2011,"No","No","Daylight","Straight - Level","Public Vehicular Area","Dry","One-Way, Not Divided","None","Driveway, Public","Other",0,0,0,0,0,0,0,NA,2,0,NA,0,NA
3633,2660,"Fayetteville","Cumberland","Coastal","Commercial","Urban (>70% Developed)",NA,"Urban","30 - 35  MPH","Stop And Go Signal","Clear","No",21,"20-24","No",NA,"With Traffic","B: Evident Injury","Travel Lane","Black","Male",28,"25-29","No",NA,"6-10 mph","O: No Injury","White","Female","Passenger Car","No","14NOV2012","Wednesday","Motorist Failed to Yield - Signalized Intersection",19,"Intersection","November","B: Evident Injury",71880,"Motorist Drive Out - Right Turn on Red",2012,"Yes","No","Dark - Lighted Roadway","Straight - Hillcrest","Local Street","Dry","Two-Way, Not Divided","None","Four-Way Intersection","Smooth Asphalt",0,0,0,0,0,0,0,"4 lanes",2,0,NA,0,NA
3634,2680,"Spindale","Rutherford","Mountains","Residential","Urban (>70% Developed)",NA,"Rural","30 - 35  MPH","No Control Present","Clear","No",NA,NA,"No",NA,"Not Applicable","B: Evident Injury","Non-Roadway","Unknown/Missing",NA,67,"60-69","No",NA,"31-35 mph","O: No Injury","White","Female","Passenger Car","No","10NOV2012","Saturday","Bicyclist Failed to Yield - Midblock",14,"Non-Intersection","November","B: Evident Injury",53160,"Bicyclist Ride Out - Other Midblock",2012,"No","No","Daylight","Straight - Bottom","Local Street","Dry","Two-Way, Divided, Unprotected Median","None","T-Intersection","Smooth Asphalt",0,0,0,0,0,0,0,"2 lanes",2,0,NA,0,NA
3635,2710,"Kitty Hawk","Dare","Coastal","Commercial","Urban (>70% Developed)",NA,"Rural","50 - 55  MPH","No Control Present","Cloudy","No",43,"40-49","No",NA,"Facing Traffic","A: Disabling Injury","Travel Lane","White","Male",39,"30-39","No",NA,"46-50 mph","O: No Injury","Other","Female","Passenger Car","No","20NOV2012","Tuesday","Crossing Paths - Other Circumstances",17,"Intersection","November","A: Disabling Injury",64260,"Crossing Paths - Intersection - Other / Unknown",2012,"Yes","No","Dark - Roadway Not Lighted","Straight - Level","US Route","Dry","Two-Way, Not Divided","None","No Special Feature","Smooth Asphalt",0,0,0,0,0,0,0,"5 lanes",2,0,NA,0,NA
3636,2696,"None - Rural Crash","New Hanover","Coastal","Residential","Mixed (30% To 70% Developed)",NA,"Rural","40 - 45  MPH","No Control Present","Clear","No",51,"50-59","No",NA,"With Traffic","B: Evident Injury","Travel Lane","White","Male",NA,"70+","No",NA,"41-45 mph","O: No Injury","White","Female","Passenger Car","No","06DEC2012","Thursday","Motorist Overtaking Bicyclist",15,"Non-Intersection","December","B: Evident Injury",54120,"Motorist Overtaking - Other / Unknown",2012,"No","No","Daylight","Straight - Level","State Secondary Route","Dry","Two-Way, Not Divided","None","No Special Feature","Coarse Asphalt",0,0,0,0,0,0,0,"2 lanes",2,0,NA,0,NA
3637,2675,"Raleigh","Wake","Piedmont","Commercial","Urban (>70% Developed)",NA,"Urban","40 - 45  MPH","Stop Sign","Clear","No",39,"30-39","No",NA,"Facing Traffic","C: Possible Injury","Travel Lane","White","Male",34,"30-39","No",NA,"0-5 mph","O: No Injury","Black","Male","Sport Utility","No","16NOV2012","Friday","Motorist Failed to Yield - Sign-Controlled Intersection",13,"Intersection","November","C: Possible Injury",49500,"Motorist Drive Out - Sign-Controlled Intersection",2012,"Yes","No","Daylight","Straight - Level",NA,"Dry","Two-Way, Divided, Unprotected Median","None","T-Intersection","Smooth Asphalt",0,0,0,0,0,0,0,"2 lanes",2,0,NA,0,NA
3638,2659,"Raleigh","Wake","Piedmont","Residential","Urban (>70% Developed)",NA,"Urban","30 - 35  MPH","No Control Present","Clear","No",23,"20-24","No",NA,"With Traffic","B: Evident Injury","Travel Lane","White","Male",62,"60-69","No",NA,"16-20 mph","O: No Injury","White","Female","Sport Utility","No","25OCT2012","Thursday","Motorist Overtaking Bicyclist",20,"Intersection-Related","October","B: Evident Injury",73980,"Motorist Overtaking - Undetected Bicyclist",2012,"No","No","Dark - Lighted Roadway","Straight - Level","Local Street","Dry","Two-Way, Not Divided","None","No Special Feature","Smooth Asphalt",0,0,0,0,0,0,0,"2 lanes",2,0,NA,0,NA
3639,2674,"Greenville","Pitt","Coastal","Residential","Urban (>70% Developed)",NA,"Urban","30 - 35  MPH","No Control Present","Clear","No",56,"50-59","No",NA,"With Traffic","C: Possible Injury","Travel Lane","Black","Male",47,"40-49","No",NA,"0-5 mph","O: No Injury","White","Female","Passenger Car","No","16NOV2012","Friday","Motorist Failed to Yield - Signalized Intersection",12,"Intersection","November","C: Possible Injury",45960,"Motorist Drive Out - Signalized Intersection",2012,"Yes","No","Daylight","Straight - Level","Local Street","Dry","Two-Way, Not Divided","None","T-Intersection","Smooth Asphalt",0,0,0,0,0,0,0,"2 lanes",2,0,NA,0,NA
3640,2673,"Fayetteville","Cumberland","Coastal","Commercial","Urban (>70% Developed)",NA,"Urban","30 - 35  MPH","No Control Present","Clear","No",22,"20-24","No",NA,"With Traffic","B: Evident Injury","Travel Lane","White","Male",41,"40-49","No",NA,"21-25 mph","O: No Injury","White","Female","Sport Utility","No","08NOV2012","Thursday","Motorist Overtaking Bicyclist",7,"Non-Intersection","November","B: Evident Injury",26280,"Motorist Overtaking - Undetected Bicyclist",2012,"Yes","No","Daylight","Straight - Hillcrest","Local Street","Dry","Two-Way, Not Divided","None","No Special Feature","Concrete",0,0,0,0,0,0,0,"5 lanes",2,0,NA,0,NA
3641,2702,"Mooresville","Iredell","Piedmont","Residential","Rural (<30% Developed)",NA,"Urban","30 - 35  MPH","No Control Present","Clear","No",54,"50-59","No",NA,"With Traffic","C: Possible Injury","Travel Lane","White","Male",59,"50-59","No",NA,"11-15 mph","O: No Injury","White","Female","Passenger Car","No","16NOV2012","Friday","Motorist Left Turn / Merge",15,"Intersection","November","C: Possible Injury",57000,"Motorist Left Turn - Opposite Direction",2012,"No","No","Daylight","Straight - Level","NC Route","Dry","Two-Way, Not Divided","None","No Special Feature","Smooth Asphalt",0,0,0,0,0,0,0,"3 lanes",2,0,NA,0,NA
3642,2686,"Fayetteville","Cumberland","Coastal","Residential","Mixed (30% To 70% Developed)",NA,"Urban","5 - 15 MPH","Stop Sign","Clear","No",6,"6-10","No",NA,NA,"O: No Injury",NA,"Native American","Male",40,"40-49","No",NA,NA,"O: No Injury","Black","Female","Sport Utility","No","12NOV2012","Monday","Other / Unknown - Insufficient Details",16,"Non-Intersection","November","O: No Injury",59580,"Unknown Approach Paths",2012,"No","No","Daylight","Straight - Level","Public Vehicular Area","Dry","Two-Way, Not Divided","None","Driveway, Public","Concrete",0,0,0,0,0,0,0,"1 lane",2,0,NA,0,NA
3643,2957,"None - Rural Crash","Columbus","Coastal","Farms, Woods, Pastures","Rural (<30% Developed)",NA,"Rural","50 - 55  MPH","No Control Present","Cloudy","No",49,"40-49","No",NA,"Facing Traffic","B: Evident Injury","Travel Lane","Native American","Male",NA,NA,"Missing",NA,"51-55 mph","Unknown Injury","Unknown/Missing",NA,"Passenger Car","No","28APR2011","Thursday","Motorist Left Turn / Merge",20,"Non-Intersection","April","B: Evident Injury",73440,"Motorist Left Turn - Same Direction",2011,"Yes","Yes","Dark - Roadway Not Lighted","Straight - Level","State Secondary Route","Dry","Two-Way, Not Divided","None","No Special Feature","Coarse Asphalt",0,0,0,0,0,0,0,"2 lanes",2,0,NA,0,NA
3644,2922,"Raleigh","Wake","Piedmont","Commercial","Urban (>70% Developed)",NA,"Urban","5 - 15 MPH","No Control Present","Clear","No",44,"40-49","No",NA,"Facing Traffic","C: Possible Injury","Sidewalk / Crosswalk / Driveway Crossing","Black","Male",21,"20-24","No",NA,"0-5 mph","O: No Injury","Hispanic","Male","Passenger Car","No","06APR2011","Wednesday","Motorist Failed to Yield - Midblock",19,"Non-Intersection","April","C: Possible Injury",71580,"Motorist Drive Out - Commercial Driveway / Alley",2011,"Yes","No","Daylight","Straight - Level","Public Vehicular Area","Dry","Two-Way, Not Divided","None","Driveway, Public","Smooth Asphalt",0,0,0,0,0,0,0,"1 lane",2,0,NA,0,NA
3645,2925,"Clinton","Sampson","Coastal","Residential","Urban (>70% Developed)",NA,"Urban","30 - 35  MPH","Stop And Go Signal","Clear","No",53,"50-59","Yes",NA,"With Traffic","C: Possible Injury","Travel Lane","Black","Male",41,"40-49","No",NA,"31-35 mph","O: No Injury","White","Female","Passenger Car","Yes","13APR2011","Wednesday","Bicyclist Failed to Yield - Signalized Intersection",17,"Intersection","April","C: Possible Injury",61800,"Bicyclist Ride Out - Signalized  Intersection",2011,"Yes","No","Daylight","Straight - Level","Local Street","Dry","Two-Way, Divided, Unprotected Median","None","Four-Way Intersection","Coarse Asphalt",0,0,0,0,0,0,0,"5 lanes",2,0,NA,0,NA
3646,2943,"Wilmington","New Hanover","Coastal","Commercial","Urban (>70% Developed)",NA,"Urban","40 - 45  MPH","Stop And Go Signal","Clear","No",NA,"70+","No",NA,"Facing Traffic","C: Possible Injury","Travel Lane","White","Male",20,"20-24","No",NA,"6-10 mph","O: No Injury","White","Female","Sport Utility","No","13APR2011","Wednesday","Motorist Failed to Yield - Signalized Intersection",9,"Intersection","April","C: Possible Injury",33540,"Motorist Drive Out - Right Turn on Red",2011,"No","No","Daylight","Straight - Level","Local Street","Dry","Two-Way, Divided, Unprotected Median","None","Four-Way Intersection","Smooth Asphalt",0,0,0,0,0,0,0,"3 lanes",2,0,NA,0,NA
3647,2938,"Matthews","Mecklenburg","Piedmont","Commercial","Urban (>70% Developed)",NA,"Urban","20 - 25  MPH","Stop And Go Signal","Cloudy","No",44,"40-49","No",NA,"With Traffic","C: Possible Injury","Travel Lane","White","Male",25,"25-29","No",NA,"6-10 mph","O: No Injury","White","Female","Van","No","20APR2011","Wednesday","Motorist Failed to Yield - Signalized Intersection",10,"Intersection","April","C: Possible Injury",38280,"Motorist Drive Through - Signalized Intersection",2011,"No","No","Daylight","Straight - Level","Local Street","Dry","Two-Way, Not Divided","None","No Special Feature","Smooth Asphalt",0,0,0,0,0,0,0,"4 lanes",2,0,NA,0,NA
3648,2955,"Mooresville","Iredell","Piedmont","Residential","Mixed (30% To 70% Developed)",NA,"Urban","30 - 35  MPH","No Control Present","Clear","No",4,"0-5","No",NA,"Facing Traffic","B: Evident Injury","Travel Lane","Black","Male",34,"30-39","No",NA,"11-15 mph","O: No Injury","White","Male","Pickup","No","19APR2011","Tuesday","Crossing Paths - Other Circumstances",16,"Intersection","April","B: Evident Injury",60420,"Crossing Paths - Intersection - Other / Unknown",2011,"No","No","Daylight","Straight - Level","Local Street","Dry","Two-Way, Not Divided","None","No Special Feature","Smooth Asphalt",0,0,0,0,0,0,0,"2 lanes",2,0,NA,0,NA
3649,2944,"Raleigh","Wake","Piedmont","Commercial","Urban (>70% Developed)",NA,"Urban","30 - 35  MPH","Stop And Go Signal","Cloudy","No",18,"16-19","No",NA,"With Traffic","C: Possible Injury","Travel Lane","White","Male",22,"20-24","No",NA,"6-10 mph","O: No Injury","Black","Male","Passenger Car","No","12APR2011","Tuesday","Motorist Left Turn / Merge",17,"Intersection","April","C: Possible Injury",62640,"Motorist Left Turn - Opposite Direction",2011,"Yes","No","Daylight","Straight - Level","Local Street","Dry","Two-Way, Divided, Unprotected Median","None","T-Intersection","Smooth Asphalt",0,0,0,0,0,0,0,"6 lanes",2,0,NA,0,NA
3650,2935,"High Point","Guilford","Piedmont","Residential","Urban (>70% Developed)",NA,"Urban","30 - 35  MPH","Stop And Go Signal","Clear","No",48,"40-49","No",NA,"With Traffic","B: Evident Injury","Travel Lane","White","Male",17,"0-19","No",NA,"16-20 mph","O: No Injury","White","Female","Passenger Car","No","07APR2011","Thursday","Motorist Left Turn / Merge",18,"Intersection","April","B: Evident Injury",67620,"Motorist Left Turn - Opposite Direction",2011,"Yes","No","Daylight","Straight - Level","Local Street","Dry","Two-Way, Not Divided","None","Four-Way Intersection","Coarse Asphalt",0,0,0,0,0,0,0,"2 lanes",2,0,NA,0,NA
3651,2932,"Charlotte","Mecklenburg","Piedmont","Residential","Urban (>70% Developed)",NA,"Urban","40 - 45  MPH","No Control Present","Clear","No",48,"40-49","No",NA,"With Traffic","B: Evident Injury","Travel Lane","White","Male",26,"25-29","No",NA,"41-45 mph","O: No Injury","Black","Male","Passenger Car","No","12APR2011","Tuesday","Motorist Left Turn / Merge",19,"Intersection","April","B: Evident Injury",69360,"Motorist Left Turn - Opposite Direction",2011,"Yes","No","Daylight","Straight - Bottom","Local Street","Dry","Two-Way, Not Divided","None","T-Intersection","Smooth Asphalt",0,0,0,0,0,0,0,"2 lanes",2,0,NA,0,NA
3652,2960,"Kinston","Lenoir","Coastal","Commercial","Urban (>70% Developed)",NA,"Urban","20 - 25  MPH","No Control Present","Clear","No",49,"40-49","No",NA,"Not Applicable","C: Possible Injury","Non-Roadway","Black","Female",28,"25-29","No",NA,"0-5 mph","O: No Injury","Black","Female","Passenger Car","No","30APR2011","Saturday","Non-Roadway",15,"Non-Roadway","April","C: Possible Injury",56520,"Non-Roadway",2011,"Yes","No","Daylight","Straight - Level","Public Vehicular Area","Dry","One-Way, Not Divided","None","Driveway, Public","Smooth Asphalt",0,0,0,0,0,0,0,"1 lane",2,0,NA,0,NA
3653,2,"None - Rural Crash","Robeson","Coastal","Farms, Woods, Pastures","Rural (<30% Developed)","SR 1003","Rural","50 - 55  MPH","Double Yellow Line, No Passing Zone","Clear","No",47,"40-49",NA,"Yes-Alcohol,  impairment suspected","With Traffic","B: Evident Injury","Travel Lane","Native American","Male",28,"25-29",NA,"No","51-55 mph","O: No Injury","Native American","Female","Passenger Car","Yes","04JAN2014","Saturday","Motorist Overtaking Bicyclist",18,"Non-Intersection","January","B: Evident Injury",67920,"Motorist Overtaking - Undetected Bicyclist",2014,"Yes","No","Dark - Roadway Not Lighted","Straight - Level","State Secondary Route","Dry","Two-Way, Not Divided","None","No Special Feature","Coarse Asphalt",0,1,0,0,0,1,0,"2 lanes",2,0.2,"1513",40001003,"72"
3654,5,"Charlotte","Mecklenburg","Piedmont","Commercial","Urban (>70% Developed)","EAST SUGAR CREEK ROAD","Urban","40 - 45  MPH","Stop And Go Signal","Clear","No",62,"60-69",NA,"No","Facing Traffic","B: Evident Injury","Sidewalk / Crosswalk / Driveway Crossing","Black","Male",19,"0-19",NA,"No","26-30 mph","O: No Injury","Black","Male","Passenger Car","No","13JAN2014","Monday","Bicyclist Failed to Yield - Signalized Intersection",12,"Intersection","January","B: Evident Injury",45420,"Bicyclist Ride Out - Signalized  Intersection",2014,"Yes","No","Daylight","Straight - Level","Local Street","Dry","Two-Way, Not Divided","None","No Special Feature","Smooth Asphalt",0,1,0,0,0,1,0,"9 or more lanes",2,0,"NORTH TRYON STREET",40002480,"PENNY WAY"
3655,1,"Durham","Durham","Piedmont","Commercial","Urban (>70% Developed)","WEST MAIN STREET","Urban","30 - 35  MPH","No Control Present","Clear","No",31,"30-39",NA,"No","With Traffic","C: Possible Injury","Sidewalk / Crosswalk / Driveway Crossing","White","Male",58,"50-59",NA,"No","11-15 mph","O: No Injury","Black","Female","Sport Utility","No","03JAN2014","Friday","Motorist Failed to Yield - Midblock",9,"Non-Intersection","January","C: Possible Injury",32820,"Motorist Drive Out - Commercial Driveway / Alley",2014,"No","No","Daylight","Straight - Level","Local Street","Dry","Two-Way, Not Divided","None","T-Intersection","Coarse Asphalt",0,0,1,0,0,1,0,"3 lanes",2,0.095,"NINTH STREET",50018682,"RUTHERFORD STREET"
3656,4,"None - Rural Crash","Mecklenburg","Piedmont","Residential","Urban (>70% Developed)","ANN MARIE DR","Rural","30 - 35  MPH","No Control Present","Rain","No",20,"20-24",NA,"No","Not Applicable","B: Evident Injury","Travel Lane","Hispanic","Male",51,"50-59",NA,"No","16-20 mph","O: No Injury","Hispanic","Male","Passenger Car","No","11JAN2014","Saturday","Motorist Failed to Yield - Midblock",15,"Non-Intersection","January","B: Evident Injury",55140,"Motorist Drive Out - Commercial Driveway / Alley",2014,"Yes","No","Daylight","Straight - Level","Local Street","Wet","Two-Way, Not Divided","None","No Special Feature","Smooth Asphalt",0,1,0,0,0,1,0,"2 lanes",2,0,"NATIONS FORD RD",50021061,"ALLEGIANCE DR"
3657,5211,"None - Rural Crash","Buncombe","Mountains","Farms, Woods, Pastures","Rural (<30% Developed)",NA,"Rural","40 - 45  MPH","No Control Present","Clear","No",57,"50-59","No",NA,"With Traffic","B: Evident Injury","Travel Lane","White","Male",54,"50-59","No",NA,"41-45 mph","O: No Injury","White","Female","Sport Utility","No","23SEP2009","Wednesday","Motorist Overtaking Bicyclist",16,"Non-Intersection","September","B: Evident Injury",59340,"Motorist Overtaking - Other / Unknown",2009,"Yes","No","Daylight","Straight - Level","US Route","Dry","Two-Way, Not Divided","None","No Special Feature","Smooth Asphalt",0,0,0,0,0,0,0,"5 lanes",2,0,NA,0,NA
3658,5217,"Raleigh","Wake","Piedmont","Residential","Urban (>70% Developed)",NA,"Urban","20 - 25  MPH","No Control Present","Clear","No",43,"40-49","No",NA,"With Traffic","O: No Injury","Travel Lane","White","Male",36,"30-39","No",NA,"6-10 mph","O: No Injury","Black","Male","Truck/Trailer","No","05SEP2009","Saturday","Crossing Paths - Other Circumstances",12,"Intersection","September","O: No Injury",43680,"Crossing Paths - Uncontrolled Intersection",2009,"No","No","Daylight","Straight - Level","Local Street","Dry","Two-Way, Not Divided","Traffic Control Device Inoperative, Not Visible Or Missing","No Special Feature","Coarse Asphalt",0,0,0,0,0,0,0,"4 lanes",2,0,NA,0,NA
3659,5223,"Raleigh","Wake","Piedmont","Commercial","Urban (>70% Developed)",NA,"Urban","40 - 45  MPH","No Control Present","Rain","No",49,"40-49","No",NA,"Facing Traffic","C: Possible Injury","Sidewalk / Crosswalk / Driveway Crossing","Black","Male",22,"20-24","No",NA,"0-5 mph","O: No Injury","White","Female","Pickup","No","31AUG2009","Monday","Motorist Failed to Yield - Midblock",8,"Non-Intersection","August","C: Possible Injury",30780,"Motorist Drive Out - Other Midblock",2009,"Yes","No","Daylight","Straight - Grade","Local Street","Wet","Two-Way, Divided, Unprotected Median","None","Driveway, Public","Smooth Asphalt",0,0,0,0,0,0,0,"6 lanes",2,0,NA,0,NA
3660,5233,"Carrboro","Orange","Piedmont","Residential","Urban (>70% Developed)",NA,"Urban","30 - 35  MPH","No Control Present","Clear","No",41,"40-49","Yes",NA,"Not Applicable","C: Possible Injury",NA,"White","Male",37,"30-39","No",NA,"31-35 mph","O: No Injury","Other","Male","Passenger Car","Yes","01OCT2009","Thursday","Bicyclist Failed to Yield - Midblock",15,"Non-Intersection","October","C: Possible Injury",54480,"Bicyclist Ride Out - Midblock - Unknown",2009,"Yes","No","Daylight","Straight - Hillcrest","Local Street","Dry","Two-Way, Not Divided","None","No Special Feature","Coarse Asphalt",0,0,0,0,0,0,0,"5 lanes",2,0,NA,0,NA
3661,5237,"Midland","Cabarrus","Piedmont","Residential","Mixed (30% To 70% Developed)",NA,"Rural","50 - 55  MPH","No Control Present","Cloudy","No",39,"30-39","No",NA,"With Traffic","B: Evident Injury","Travel Lane","White","Male",NA,NA,"No",NA,"51-55 mph","Unknown Injury","Unknown/Missing",NA,NA,"No","15OCT2009","Thursday","Motorist Overtaking Bicyclist",6,"Non-Intersection","October","B: Evident Injury",24300,"Motorist Overtaking - Other / Unknown",2009,"Yes","Yes","Dark - Roadway Not Lighted","Straight - Level","NC Route","Wet","Two-Way, Not Divided","None","No Special Feature","Smooth Asphalt",0,0,0,0,0,0,0,"5 lanes",2,0,NA,0,NA
3662,5239,"Rocky Mount","Edgecombe","Coastal","Commercial","Urban (>70% Developed)",NA,"Urban",NA,"No Control Present","Clear","No",43,"40-49","No",NA,"Not Applicable","C: Possible Injury","Non-Roadway","Black","Male",53,"50-59","No",NA,"6-10 mph","O: No Injury","Black","Female","Sport Utility","No","14SEP2009","Monday","Non-Roadway",12,"Non-Roadway","September","C: Possible Injury",46140,"Non-Roadway",2009,"No","No","Daylight","Straight - Level","Public Vehicular Area","Dry","Two-Way, Not Divided","None","No Special Feature","Coarse Asphalt",0,0,0,0,0,0,0,NA,2,0,NA,0,NA
3663,5240,"Rocky Mount","Nash","Coastal","Commercial","Urban (>70% Developed)",NA,"Urban","30 - 35  MPH","Stop And Go Signal","Clear","No",18,"16-19","No",NA,"Facing Traffic","B: Evident Injury",NA,"Black","Male",NA,"70+","No",NA,"31-35 mph","O: No Injury","White","Male","Pickup","No","15SEP2009","Tuesday","Bicyclist Failed to Yield - Signalized Intersection",19,"Intersection","September","B: Evident Injury",70320,"Bicyclist Ride Through - Signalized Intersection",2009,"Yes","No","Dark - Lighted Roadway","Straight - Level","Local Street","Dry","One-Way, Not Divided","None","Four-Way Intersection","Coarse Asphalt",0,0,0,0,0,0,0,"3 lanes",2,0,NA,0,NA