"...1","object_id","city","county","region","development","locality","on_road","rural_urban","speed_limit","traffic_control","weather","workzone","bike_age","bike_age_group","bike_alcohol","bike_alcohol_drugs","bike_direction","bike_injury","bike_position","bike_race","bike_sex","driver_age","driver_age_group","driver_alcohol","driver_alcohol_drugs","driver_est_speed","driver_injury","driver_race","driver_sex","driver_vehicle_type","crash_alcohol","crash_date","crash_day","crash_group","crash_hour","crash_location","crash_month","crash_severity","crash_time","crash_type","crash_year","ambulance_req","hit_run","light_condition","road_character","road_class","road_condition","road_configuration","road_defects","road_feature","road_surface","num_bikes_ai","num_bikes_bi","num_bikes_ci","num_bikes_ki","num_bikes_no","num_bikes_to","num_bikes_ui","num_lanes","num_units","distance_mi_from","frm_road","rte_invd_cd","towrd_road"
3664,5241,"Rocky Mount","Nash","Coastal","Commercial","Urban (>70% Developed)",NA,"Urban","30 - 35  MPH","Stop Sign","Clear","No",17,"16-19","No",NA,"Facing Traffic","O: No Injury","Travel Lane","Black","Male",24,"20-24","No",NA,"6-10 mph","O: No Injury","White","Male","Pickup","No","18SEP2009","Friday","Motorist Failed to Yield - Sign-Controlled Intersection",16,"Intersection","September","O: No Injury",57840,"Motorist Drive Out - Sign-Controlled Intersection",2009,"No","No","Daylight","Straight - Level","Local Street","Dry","Two-Way, Not Divided","None","No Special Feature","Smooth Asphalt",0,0,0,0,0,0,0,"5 lanes",2,0,NA,0,NA
3665,5244,"Jacksonville","Onslow","Coastal","Residential","Urban (>70% Developed)",NA,"Urban",NA,"No Control Present","Clear","No",14,"11-15","No",NA,"Not Applicable","C: Possible Injury","Non-Roadway","White","Male",40,"40-49","No",NA,"0-5 mph","O: No Injury","Black","Female","Passenger Car","No","28SEP2009","Monday","Non-Roadway",20,"Non-Roadway","September","C: Possible Injury",72120,"Non-Roadway",2009,"Yes","No","Dark - Roadway Not Lighted","Straight - Level","Public Vehicular Area","Dry","Two-Way, Not Divided","None","Driveway, Public","Smooth Asphalt",0,0,0,0,0,0,0,NA,2,0,NA,0,NA
3666,5256,"Greenville","Pitt","Coastal","Commercial","Urban (>70% Developed)",NA,"Urban","30 - 35  MPH","Stop And Go Signal","Clear","No",18,"16-19","No",NA,"Facing Traffic","O: No Injury","Travel Lane","White","Male",50,"50-59","No",NA,"0-5 mph","O: No Injury","White","Male","Pickup","No","30SEP2009","Wednesday","Bicyclist Failed to Yield - Signalized Intersection",14,"Intersection","September","O: No Injury",52440,"Bicyclist Failed to Clear - Multiple Threat",2009,"No","No","Daylight","Straight - Level","Local Street","Dry","Two-Way, Not Divided","None","No Special Feature","Smooth Asphalt",0,0,0,0,0,0,0,"4 lanes",2,0,NA,0,NA
3667,5258,"Laurinburg","Scotland","Coastal","Residential","Urban (>70% Developed)",NA,"Urban","5 - 15 MPH","No Control Present","Clear","No",5,"0-5","No",NA,"Not Applicable","C: Possible Injury","Non-Roadway","White","Male",28,"25-29","No",NA,"0-5 mph","O: No Injury","Black","Male","Passenger Car","No","07OCT2009","Wednesday","Non-Roadway",17,"Non-Roadway","October","C: Possible Injury",63120,"Non-Roadway",2009,"No","No","Dusk","Straight - Level","Public Vehicular Area","Dry","Two-Way, Not Divided","None","Driveway, Public","Coarse Asphalt",0,0,0,0,0,0,0,NA,2,0,NA,0,NA
3668,5274,"Winston-Salem","Forsyth","Piedmont","Residential","Urban (>70% Developed)",NA,"Urban","20 - 25  MPH","Stop Sign","Clear","No",22,"20-24","No",NA,"Facing Traffic","C: Possible Injury","Sidewalk / Crosswalk / Driveway Crossing","White","Male",48,"40-49","No",NA,"0-5 mph","O: No Injury","Black","Female","Pickup","No","19OCT2009","Monday","Motorist Failed to Yield - Sign-Controlled Intersection",15,"Intersection","October","C: Possible Injury",56700,"Motorist Drive Out - Sign-Controlled Intersection",2009,"Yes","No","Daylight","Straight - Hillcrest","Local Street","Dry","Two-Way, Divided, Unprotected Median","None","T-Intersection","Smooth Asphalt",0,0,0,0,0,0,0,"2 lanes",2,0,NA,0,NA
3669,5276,"Concord","Cabarrus","Piedmont","Residential","Urban (>70% Developed)",NA,"Urban","30 - 35  MPH","Double Yellow Line, No Passing Zone","Clear","No",14,"11-15","No",NA,"With Traffic","B: Evident Injury","Travel Lane","White","Male",NA,"70+","No",NA,"31-35 mph","O: No Injury","Black","Female","Passenger Car","No","22OCT2009","Thursday","Loss of Control / Turning Error",19,"Non-Intersection","October","B: Evident Injury",68520,"Bicyclist Lost Control - Mechanical Problems",2009,"Yes","No","Dusk","Straight - Grade","Local Street","Dry","Two-Way, Divided, Unprotected Median","None","No Special Feature","Smooth Asphalt",0,0,0,0,0,0,0,"2 lanes",2,0,NA,0,NA
3670,5279,"None - Rural Crash","Halifax","Coastal","Commercial","Rural (<30% Developed)",NA,"Rural","30 - 35  MPH","Stop Sign","Clear","No",50,"50-59","No",NA,"Facing Traffic","C: Possible Injury","Travel Lane","White","Male",44,"40-49","No",NA,"31-35 mph","O: No Injury","Black","Female","Sport Utility","No","23OCT2009","Friday","Motorist Failed to Yield - Sign-Controlled Intersection",19,"Intersection","October","C: Possible Injury",70260,"Motorist Drive Out - Sign-Controlled Intersection",2009,"Yes","No","Dark - Lighted Roadway","Straight - Level","State Secondary Route","Dry","Two-Way, Not Divided","None","Four-Way Intersection","Smooth Asphalt",0,0,0,0,0,0,0,"2 lanes",2,0,NA,0,NA
3671,5281,"Charlotte","Mecklenburg","Piedmont","Commercial","Urban (>70% Developed)",NA,"Urban","30 - 35  MPH","Stop And Go Signal","Cloudy","No",54,"50-59","No",NA,"Facing Traffic","C: Possible Injury","Sidewalk / Crosswalk / Driveway Crossing","Black","Male",25,"25-29","No",NA,NA,"O: No Injury","Black","Male","Light Truck (Mini-Van, Panel)","No","23OCT2009","Friday","Crossing Paths - Other Circumstances",15,"Intersection","October","C: Possible Injury",55560,"Signalized Intersection - Other / Unknown",2009,"No","No","Daylight","Straight - Grade","Local Street","Dry","Two-Way, Not Divided","None","Four-Way Intersection","Smooth Asphalt",0,0,0,0,0,0,0,"6 lanes",2,0,NA,0,NA
3672,5284,"None - Rural Crash","Catawba","Piedmont","Residential","Rural (<30% Developed)",NA,"Rural","40 - 45  MPH","Double Yellow Line, No Passing Zone","Clear","No",45,"40-49","No",NA,"With Traffic","C: Possible Injury","Travel Lane","White","Male",NA,"70+","No",NA,"41-45 mph","O: No Injury","White","Male","Van","No","26OCT2009","Monday","Motorist Overtaking Bicyclist",7,"Non-Intersection","October","C: Possible Injury",27900,"Motorist Overtaking - Misjudged Space",2009,"No","No","Daylight","Straight - Level","State Secondary Route","Dry","Two-Way, Not Divided","None","No Special Feature","Smooth Asphalt",0,0,0,0,0,0,0,"2 lanes",2,0,NA,0,NA
3673,5287,"Durham","Durham","Piedmont","Residential","Rural (<30% Developed)",NA,"Urban","40 - 45  MPH","No Control Present","Clear","No",14,"11-15","No",NA,"Facing Traffic","B: Evident Injury","Travel Lane","White","Male",22,"20-24","No",NA,"41-45 mph","O: No Injury","White","Male","Light Truck (Mini-Van, Panel)","No","06NOV2009","Friday","Head-On",18,"Non-Intersection","November","B: Evident Injury",67860,"Head-On - Bicyclist",2009,"Yes","No","Dark - Roadway Not Lighted","Straight - Level","Local Street","Dry","Two-Way, Not Divided","None","No Special Feature","Smooth Asphalt",0,0,0,0,0,0,0,"2 lanes",2,0,NA,0,NA
3674,5289,"Wilmington","New Hanover","Coastal","Commercial","Urban (>70% Developed)",NA,"Urban","5 - 15 MPH","Stop And Go Signal","Rain","No",19,"16-19","No",NA,"Not Applicable","C: Possible Injury",NA,"White","Male",23,"20-24","No",NA,"0-5 mph","O: No Injury","Black","Female","Van","No","14OCT2009","Wednesday","Bicyclist Failed to Yield - Signalized Intersection",15,"Intersection-Related","October","C: Possible Injury",54960,"Bicyclist Ride Out - Signalized  Intersection",2009,"No","No","Daylight","Straight - Level","Local Street","Wet","Two-Way, Divided, Positive Median Barrier","None","No Special Feature","Coarse Asphalt",0,0,0,0,0,0,0,"3 lanes",2,0,NA,0,NA
3675,5295,"None - Rural Crash","Harnett","Coastal","Farms, Woods, Pastures","Rural (<30% Developed)",NA,"Rural","50 - 55  MPH","Double Yellow Line, No Passing Zone","Clear","No",16,"16-19","Yes",NA,"With Traffic","K: Killed","Travel Lane","White","Male",17,"0-19","No",NA,"41-45 mph","O: No Injury","White","Male","Pickup","Yes","07NOV2009","Saturday","Motorist Overtaking Bicyclist",18,"Non-Intersection","November","K: Killed",65100,"Motorist Overtaking - Bicyclist Swerved",2009,"Yes","No","Dark - Roadway Not Lighted","Straight - Level","State Secondary Route","Dry","Two-Way, Not Divided","None","No Special Feature","Smooth Asphalt",0,0,0,0,0,0,0,"2 lanes",2,0,NA,0,NA
3676,5298,"None - Rural Crash","Rowan","Piedmont","Farms, Woods, Pastures","Rural (<30% Developed)",NA,"Rural","50 - 55  MPH","No Control Present","Clear","No",44,"40-49","No",NA,"With Traffic","C: Possible Injury","Travel Lane","White","Male",22,"20-24","No",NA,"0-5 mph","O: No Injury","White","Male","Pickup","No","14NOV2009","Saturday","Motorist Failed to Yield - Sign-Controlled Intersection",12,"Intersection","November","C: Possible Injury",45180,"Motorist Drive Out - Sign-Controlled Intersection",2009,"No","No","Daylight","Straight - Level","US Route","Dry","Two-Way, Not Divided","None","Four-Way Intersection","Smooth Asphalt",0,0,0,0,0,0,0,"5 lanes",2,0,NA,0,NA
3677,5309,"Greensboro","Guilford","Piedmont","Residential","Urban (>70% Developed)",NA,"Urban","30 - 35  MPH","No Control Present","Clear","No",52,"50-59","Yes",NA,"With Traffic","B: Evident Injury","Travel Lane","White","Male",NA,NA,"Missing",NA,"0-5 mph","Unknown Injury","Unknown/Missing",NA,"Passenger Car","Yes","20OCT2009","Tuesday","Bicyclist Overtaking Motorist",4,"Non-Intersection","October","B: Evident Injury",15900,"Bicyclist Overtaking - Parked Vehicle",2009,"Yes","No","Dark - Roadway Not Lighted","Straight - Grade","Local Street","Dry","Two-Way, Not Divided","None","No Special Feature","Smooth Asphalt",0,0,0,0,0,0,0,"1 lane",2,0,NA,0,NA
3678,5311,"Wilmington","New Hanover","Coastal","Commercial","Urban (>70% Developed)",NA,"Urban","40 - 45  MPH","No Control Present","Clear","No",16,"16-19","No",NA,"With Traffic","B: Evident Injury","Travel Lane","White","Male",27,"25-29","No",NA,"36-40 mph","O: No Injury","White","Female","Passenger Car","No","17OCT2009","Saturday","Motorist Overtaking Bicyclist",22,"Non-Intersection","October","B: Evident Injury",81840,"Motorist Overtaking - Undetected Bicyclist",2009,"Yes","No","Dark - Roadway Not Lighted","Straight - Level","Local Street","Dry","Two-Way, Divided, Positive Median Barrier","None","No Special Feature","Coarse Asphalt",0,0,0,0,0,0,0,NA,2,0,NA,0,NA
3679,5313,"Durham","Durham","Piedmont","Commercial","Urban (>70% Developed)",NA,"Urban","40 - 45  MPH","Human Control","Clear","No",41,"40-49","No",NA,"With Traffic","B: Evident Injury","Travel Lane","White","Female",31,"30-39","No",NA,"36-40 mph","O: No Injury","Asian","Male","Passenger Car","No","21NOV2009","Saturday","Crossing Paths - Other Circumstances",11,"Intersection","November","B: Evident Injury",40260,"Crossing Paths - Intersection - Other / Unknown",2009,"Yes","No","Daylight","Straight - Level","NC Route","Dry","Two-Way, Not Divided","None","No Special Feature","Smooth Asphalt",0,0,0,0,0,0,0,"4 lanes",2,0,NA,0,NA
3680,5315,"Concord","Cabarrus","Piedmont","Commercial","Urban (>70% Developed)",NA,"Urban","20 - 25  MPH","No Control Present","Clear","No",66,"60-69","No",NA,"Not Applicable","B: Evident Injury","Sidewalk / Crosswalk / Driveway Crossing","White","Male",22,"20-24","No",NA,"6-10 mph","O: No Injury","White","Female","Passenger Car","No","08NOV2009","Sunday","Motorist Left Turn / Merge",15,"Non-Intersection","November","B: Evident Injury",54780,"Motorist Left Turn - Opposite Direction",2009,"Yes","No","Daylight","Straight - Level","Public Vehicular Area","Dry","Two-Way, Not Divided","None","No Special Feature","Smooth Asphalt",0,0,0,0,0,0,0,NA,2,0,NA,0,NA
3681,5318,"Fayetteville","Cumberland","Coastal","Commercial","Urban (>70% Developed)",NA,"Urban","30 - 35  MPH","No Control Present","Clear","No",34,"30-39","No",NA,"With Traffic","B: Evident Injury","Travel Lane","White","Male",21,"20-24","No",NA,"0-5 mph","O: No Injury","Black","Male","Passenger Car","No","20OCT2009","Tuesday","Bicyclist Overtaking Motorist",13,"Non-Intersection","October","B: Evident Injury",46860,"Bicyclist Overtaking - Other / Unknown",2009,"Yes","No","Daylight","Straight - Level","Local Street","Dry","Two-Way, Not Divided","None","No Special Feature","Coarse Asphalt",0,0,0,0,0,0,0,"5 lanes",2,0,NA,0,NA
3682,5326,"None - Rural Crash","Rowan","Piedmont","Residential","Mixed (30% To 70% Developed)",NA,"Rural","40 - 45  MPH","Double Yellow Line, No Passing Zone","Rain","No",47,"40-49","No",NA,"With Traffic","C: Possible Injury","Travel Lane","White","Male",NA,"70+","No",NA,"21-25 mph","O: No Injury","White","Female","Passenger Car","No","30NOV2009","Monday","Motorist Overtaking Bicyclist",17,"Non-Intersection","November","C: Possible Injury",62880,"Motorist Overtaking - Misjudged Space",2009,"Yes","No","Dusk","Straight - Grade","State Secondary Route","Wet","Two-Way, Not Divided","None","No Special Feature","Smooth Asphalt",0,0,0,0,0,0,0,"2 lanes",2,0,NA,0,NA
3683,5330,"None - Rural Crash","Carteret","Coastal","Residential","Mixed (30% To 70% Developed)",NA,"Rural","40 - 45  MPH","Double Yellow Line, No Passing Zone","Clear","No",11,"11-15","No",NA,"With Traffic","B: Evident Injury","Travel Lane","White","Female",NA,"70+","No",NA,"21-25 mph","O: No Injury","White","Male","Passenger Car","No","29NOV2009","Sunday","Motorist Overtaking Bicyclist",12,"Non-Intersection","November","B: Evident Injury",44280,"Motorist Overtaking - Other / Unknown",2009,"Yes","No","Daylight","Straight - Level","State Secondary Route","Dry","Two-Way, Not Divided","None","No Special Feature","Coarse Asphalt",0,0,0,0,0,0,0,"2 lanes",2,0,NA,0,NA
3684,5337,"Eden","Rockingham","Piedmont","Residential","Urban (>70% Developed)",NA,"Urban","5 - 15 MPH","No Control Present","Clear","No",3,"0-5","No",NA,"Not Applicable","C: Possible Injury","Non-Roadway","Black","Female",NA,NA,"No",NA,"16-20 mph","Unknown Injury","Unknown/Missing",NA,"Passenger Car","No","15SEP2009","Tuesday","Non-Roadway",18,"Non-Roadway","September","C: Possible Injury",65220,"Non-Roadway",2009,"Yes","Yes","Daylight","Straight - Level","Public Vehicular Area","Dry",NA,"None","Driveway, Public","Smooth Asphalt",0,0,0,0,0,0,0,NA,2,0,NA,0,NA
3685,5347,"Wilmington","New Hanover","Coastal","Commercial","Urban (>70% Developed)",NA,"Urban","30 - 35  MPH","Stop And Go Signal","Clear","No",47,"40-49","No",NA,"Facing Traffic","B: Evident Injury","Sidewalk / Crosswalk / Driveway Crossing","Black","Male",37,"30-39","No",NA,"26-30 mph","O: No Injury","White","Male","Passenger Car","No","28NOV2009","Saturday","Bicyclist Failed to Yield - Signalized Intersection",8,"Intersection","November","B: Evident Injury",29640,"Bicyclist Failed to Clear - Multiple Threat",2009,"Yes","No","Daylight","Straight - Level","US Route","Dry","One-Way, Not Divided","None","Related To Intersection","Coarse Asphalt",0,0,0,0,0,0,0,"3 lanes",2,0,NA,0,NA
3686,5348,"Chapel Hill","Orange","Piedmont","Residential","Urban (>70% Developed)",NA,"Urban","20 - 25  MPH","No Control Present","Cloudy","No",13,"11-15","No",NA,"With Traffic","C: Possible Injury","Bike Lane / Paved Shoulder","White","Female",34,"30-39","No",NA,"21-25 mph","O: No Injury","Black","Male","Passenger Car","No","23NOV2009","Monday","Motorist Left Turn / Merge",17,"Intersection","November","C: Possible Injury",63720,"Motorist Left Turn - Opposite Direction",2009,"Yes","No","Dark - Lighted Roadway","Straight - Level","Local Street","Wet","Two-Way, Divided, Unprotected Median","None","No Special Feature","Smooth Asphalt",0,0,0,0,0,0,0,"2 lanes",2,0,NA,0,NA
3687,5354,"Rocky Mount","Edgecombe","Coastal","Commercial","Urban (>70% Developed)",NA,"Urban","30 - 35  MPH","No Control Present","Clear","No",60,"60-69","No",NA,"With Traffic","B: Evident Injury","Bike Lane / Paved Shoulder","White","Male",49,"40-49","No",NA,"11-15 mph","O: No Injury","White","Male","Passenger Car","No","31OCT2009","Saturday","Motorist Overtaking Bicyclist",9,"Non-Intersection","October","B: Evident Injury",33840,"Motorist Overtaking - Bicyclist Swerved",2009,"Yes","No","Daylight","Straight - Level","US Route","Dry","One-Way, Not Divided","None","No Special Feature","Smooth Asphalt",0,0,0,0,0,0,0,"1 lane",2,0,NA,0,NA
3688,5355,"Kinston","Lenoir","Coastal","Residential","Urban (>70% Developed)",NA,"Urban","20 - 25  MPH","No Control Present","Clear","No",16,"16-19","No",NA,"With Traffic","C: Possible Injury","Travel Lane","Black","Male",57,"50-59","No",NA,"0-5 mph","O: No Injury","Black","Female","Van","No","09NOV2009","Monday","Motorist Left Turn / Merge",18,"Non-Intersection","November","C: Possible Injury",65880,"Motorist Left Turn - Opposite Direction",2009,"No","No","Dark - Unknown Lighting","Straight - Level","Local Street","Dry","Two-Way, Not Divided","None","Driveway, Private","Coarse Asphalt",0,0,0,0,0,0,0,"2 lanes",2,0,NA,0,NA
3689,5359,"Durham","Durham","Piedmont","Institutional","Urban (>70% Developed)",NA,"Urban","20 - 25  MPH","No Control Present","Clear","No",27,"25-29","No",NA,"With Traffic","C: Possible Injury","Travel Lane","White","Male",61,"60-69","No",NA,"6-10 mph","O: No Injury","Black","Female","Passenger Car","No","07DEC2009","Monday","Motorist Right Turn / Merge",16,"Non-Intersection","December","C: Possible Injury",58620,"Motorist Right Turn - Same Direction",2009,"No","No","Daylight","Straight - Level","Public Vehicular Area","Dry","One-Way, Not Divided","None","Traffic Circle/Roundabout","Coarse Asphalt",0,0,0,0,0,0,0,"1 lane",2,0,NA,0,NA
3690,5363,"Wilmington","New Hanover","Coastal","Residential","Urban (>70% Developed)",NA,"Urban","30 - 35  MPH","Stop And Go Signal","Clear","No",18,"16-19","No",NA,"With Traffic","B: Evident Injury","Travel Lane","White","Male",NA,NA,"Missing",NA,"11-15 mph","Unknown Injury","Unknown/Missing",NA,"Passenger Car","No","28SEP2009","Monday","Motorist Right Turn / Merge",16,"Intersection","September","B: Evident Injury",59460,"Motorist Right Turn - Same Direction",2009,"No","Yes","Daylight","Straight - Level","Local Street","Dry","Two-Way, Not Divided","None","T-Intersection","Coarse Asphalt",0,0,0,0,0,0,0,"5 lanes",2,0,NA,0,NA
3691,5372,"Smithfield","Johnston","Coastal","Commercial","Urban (>70% Developed)",NA,"Urban",NA,"No Control Present","Clear","No",25,"25-29","No",NA,"Not Applicable","B: Evident Injury","Non-Roadway","Black","Male",NA,NA,"Missing",NA,"16-20 mph","Unknown Injury","Unknown/Missing",NA,NA,"No","27NOV2009","Friday","Non-Roadway",10,"Non-Roadway","November","B: Evident Injury",37260,"Non-Roadway",2009,"Yes","Yes","Daylight","Straight - Level","Public Vehicular Area","Dry","Two-Way, Not Divided","None","No Special Feature","Coarse Asphalt",0,0,0,0,0,0,0,NA,2,0,NA,0,NA
3692,5376,"None - Rural Crash","Wake","Piedmont","Residential","Mixed (30% To 70% Developed)",NA,"Rural","40 - 45  MPH","Double Yellow Line, No Passing Zone","Clear","No",15,"11-15","No",NA,"With Traffic","B: Evident Injury","Travel Lane","White","Male",NA,NA,"Missing",NA,"31-35 mph","Unknown Injury","Unknown/Missing",NA,NA,"No","01DEC2009","Tuesday","Motorist Overtaking Bicyclist",16,"Non-Intersection","December","B: Evident Injury",59160,"Motorist Overtaking - Misjudged Space",2009,"Yes","Yes","Daylight","Straight - Grade","State Secondary Route","Dry","Two-Way, Divided, Unprotected Median","None","No Special Feature","Smooth Asphalt",0,0,0,0,0,0,0,"2 lanes",2,0,NA,0,NA
3693,5379,"Wilmington","New Hanover","Coastal","Commercial","Urban (>70% Developed)",NA,"Urban",NA,"No Control Present","Clear","No",18,"16-19","No",NA,"With Traffic","B: Evident Injury","Sidewalk / Crosswalk / Driveway Crossing","Black","Male",NA,NA,"Missing",NA,NA,"Unknown Injury","Unknown/Missing",NA,NA,"No","01DEC2009","Tuesday","Motorist Failed to Yield - Midblock",15,"Non-Intersection","December","B: Evident Injury",55380,"Motorist Drive Out - Commercial Driveway / Alley",2009,"No","Yes","Daylight","Straight - Level","NC Route","Dry","Two-Way, Not Divided","None","Driveway, Public","Smooth Asphalt",0,0,0,0,0,0,0,"5 lanes",2,0,NA,0,NA
3694,5383,"None - Rural Crash","Robeson","Coastal","Farms, Woods, Pastures","Rural (<30% Developed)",NA,"Rural","50 - 55  MPH","No Control Present","Rain","No",62,"60-69","No",NA,"With Traffic","B: Evident Injury","Travel Lane","Native American","Male",NA,"70+","No",NA,"51-55 mph","O: No Injury","White","Male","Pickup","No","08DEC2009","Tuesday","Motorist Overtaking Bicyclist",17,"Non-Intersection","December","B: Evident Injury",63540,"Motorist Overtaking - Other / Unknown",2009,"Yes","No","Dark - Roadway Not Lighted","Straight - Level","NC Route","Wet","Two-Way, Not Divided","None","No Special Feature","Coarse Asphalt",0,0,0,0,0,0,0,"2 lanes",2,0,NA,0,NA
3695,5389,"None - Rural Crash","Onslow","Coastal","Commercial","Mixed (30% To 70% Developed)",NA,"Rural","50 - 55  MPH","No Control Present","Clear","No",47,"40-49","Yes",NA,"With Traffic","B: Evident Injury","Travel Lane","White","Male",18,"0-19","No",NA,"51-55 mph","O: No Injury","White","Male","Sport Utility","Yes","21DEC2009","Monday","Bicyclist Left Turn / Merge",17,"Non-Intersection","December","B: Evident Injury",63300,"Bicyclist Left Turn - Same Direction",2009,"No","No","Dusk","Straight - Level","US Route","Dry","Two-Way, Not Divided","None","No Special Feature","Smooth Asphalt",0,0,0,0,0,0,0,"5 lanes",2,0,NA,0,NA
3696,5390,"Greensboro","Guilford","Piedmont","Commercial","Urban (>70% Developed)",NA,"Urban","30 - 35  MPH","No Control Present","Clear","No",62,"60-69","No",NA,"Facing Traffic","C: Possible Injury","Sidewalk / Crosswalk / Driveway Crossing","Black","Male",48,"40-49","No",NA,NA,"O: No Injury","White","Male","Passenger Car","No","16DEC2009","Wednesday","Motorist Failed to Yield - Midblock",10,"Non-Intersection","December","C: Possible Injury",39180,"Motorist Drive Out - Commercial Driveway / Alley",2009,"No","No","Daylight","Straight - Level","Local Street","Dry","Two-Way, Not Divided","None","No Special Feature","Smooth Asphalt",0,0,0,0,0,0,0,"5 lanes",2,0,NA,0,NA
3697,5391,"Southern Pines","Moore","Piedmont","Commercial","Urban (>70% Developed)",NA,"Urban","30 - 35  MPH","No Control Present","Clear","No",27,"25-29","No",NA,"Facing Traffic","B: Evident Injury","Sidewalk / Crosswalk / Driveway Crossing","Black","Male",40,"40-49","No",NA,"0-5 mph","O: No Injury","White","Male","Passenger Car","No","04DEC2009","Friday","Motorist Right Turn / Merge",10,"Non-Intersection","December","B: Evident Injury",37320,"Motorist Right Turn - Opposite Direction",2009,"Yes","No","Daylight","Straight - Grade","Public Vehicular Area","Dry","Two-Way, Not Divided","None","Driveway, Public","Coarse Asphalt",0,0,0,0,0,0,0,"2 lanes",2,0,NA,0,NA
3698,5398,"Hendersonville","Henderson","Mountains","Commercial","Urban (>70% Developed)",NA,"Urban","20 - 25  MPH","Stop And Go Signal","Clear","No",29,"25-29","No",NA,"Not Applicable","C: Possible Injury",NA,"White","Male",NA,"70+","No",NA,"16-20 mph","O: No Injury","White","Male","Van","No","22DEC2009","Tuesday","Bicyclist Failed to Yield - Signalized Intersection",13,"Intersection-Related","December","C: Possible Injury",49380,"Bicyclist Ride Out - Signalized  Intersection",2009,"Yes","No","Daylight","Straight - Level","Local Street","Dry","One-Way, Not Divided","None","Four-Way Intersection","Coarse Asphalt",0,0,0,0,0,0,0,"2 lanes",2,0,NA,0,NA
3699,5399,"Kinston","Lenoir","Coastal","Commercial","Urban (>70% Developed)",NA,"Urban","30 - 35  MPH","Stop Sign","Clear","No",69,"60-69","No",NA,"Facing Traffic","C: Possible Injury","Travel Lane","Black","Male",36,"30-39","No",NA,"0-5 mph","O: No Injury","White","Male","Pickup","No","17DEC2009","Thursday","Motorist Failed to Yield - Sign-Controlled Intersection",15,"Intersection","December","C: Possible Injury",56640,"Motorist Drive Out - Sign-Controlled Intersection",2009,"Yes","No","Daylight","Straight - Level","Local Street","Dry","Two-Way, Not Divided","None","Four-Way Intersection","Coarse Asphalt",0,0,0,0,0,0,0,"5 lanes",2,0,NA,0,NA
3700,5402,"Raleigh","Wake","Piedmont","Residential","Urban (>70% Developed)",NA,"Urban","30 - 35  MPH","Double Yellow Line, No Passing Zone","Clear","No",16,"16-19","No",NA,"With Traffic","B: Evident Injury","Bike Lane / Paved Shoulder","White","Male",NA,NA,"No",NA,"31-35 mph","Unknown Injury","Unknown/Missing",NA,"Passenger Car","No","24DEC2009","Thursday","Bicyclist Left Turn / Merge",19,"Intersection","December","B: Evident Injury",70200,"Bicyclist Left Turn - Same Direction",2009,"Yes","Yes","Dark - Unknown Lighting","Curve - Bottom","Local Street","Dry","Two-Way, Not Divided","None","T-Intersection","Coarse Asphalt",0,0,0,0,0,0,0,"2 lanes",2,0,NA,0,NA
3701,3998,"Fayetteville","Cumberland","Coastal","Commercial","Urban (>70% Developed)",NA,"Urban","30 - 35  MPH","No Control Present","Clear","No",20,"20-24","No",NA,"Facing Traffic","C: Possible Injury","Sidewalk / Crosswalk / Driveway Crossing","Black","Male",32,"30-39","No",NA,"6-10 mph","O: No Injury","White","Male","Pickup","No","14JUN2010","Monday","Motorist Right Turn / Merge",14,"Non-Intersection","June","C: Possible Injury",51360,"Motorist Right Turn - Opposite Direction",2010,"No","No","Daylight","Straight - Level","Public Vehicular Area","Dry","Two-Way, Not Divided","None","Driveway, Public","Coarse Asphalt",0,0,0,0,0,0,0,NA,2,0,NA,0,NA
3702,4659,"None - Rural Crash","Catawba","Piedmont","Farms, Woods, Pastures","Rural (<30% Developed)",NA,"Rural","40 - 45  MPH","No Control Present","Clear","No",48,"40-49","No",NA,"With Traffic","C: Possible Injury","Travel Lane","White","Male",38,"30-39","No",NA,"56-60 mph","O: No Injury","White","Male","Pickup","No","10FEB2009","Tuesday","Head-On",18,"Non-Intersection","February","C: Possible Injury",65640,"Head-On - Motorist",2009,"Yes","Yes","Dusk","Straight - Level","State Secondary Route","Dry","Two-Way, Not Divided","None","No Special Feature","Smooth Asphalt",0,0,0,0,0,0,0,"2 lanes",2,0,NA,0,NA
3703,4666,"None - Rural Crash","Anson","Piedmont","Farms, Woods, Pastures","Rural (<30% Developed)",NA,"Rural","50 - 55  MPH","No Control Present","Clear","No",48,"40-49","No",NA,"With Traffic","B: Evident Injury","Travel Lane","Black","Male",63,"60-69","No",NA,"51-55 mph","O: No Injury","White","Male","Tractor/Semi-Trailer","No","23JAN2009","Friday","Motorist Overtaking Bicyclist",8,"Non-Intersection","January","B: Evident Injury",28800,"Motorist Overtaking - Undetected Bicyclist",2009,"Yes","No","Daylight","Straight - Level","US Route","Dry","Two-Way, Divided, Unprotected Median","None","No Special Feature","Smooth Asphalt",0,0,0,0,0,0,0,"4 lanes",2,0,NA,0,NA
3704,4667,"Hickory","Catawba","Piedmont","Commercial","Urban (>70% Developed)",NA,"Urban","30 - 35  MPH","Stop Sign","Cloudy","No",50,"50-59","Yes",NA,"Facing Traffic","C: Possible Injury","Sidewalk / Crosswalk / Driveway Crossing","White","Male",58,"50-59","No",NA,"0-5 mph","O: No Injury","Asian","Male","Passenger Car","Yes","24JAN2009","Saturday","Motorist Failed to Yield - Sign-Controlled Intersection",16,"Intersection","January","C: Possible Injury",57780,"Motorist Drive Out - Sign-Controlled Intersection",2009,"Yes","No","Daylight","Straight - Level","Local Street","Dry","Two-Way, Not Divided","None","T-Intersection","Coarse Asphalt",0,0,0,0,0,0,0,"2 lanes",2,0,NA,0,NA