"...1","object_id","city","county","region","development","locality","on_road","rural_urban","speed_limit","traffic_control","weather","workzone","bike_age","bike_age_group","bike_alcohol","bike_alcohol_drugs","bike_direction","bike_injury","bike_position","bike_race","bike_sex","driver_age","driver_age_group","driver_alcohol","driver_alcohol_drugs","driver_est_speed","driver_injury","driver_race","driver_sex","driver_vehicle_type","crash_alcohol","crash_date","crash_day","crash_group","crash_hour","crash_location","crash_month","crash_severity","crash_time","crash_type","crash_year","ambulance_req","hit_run","light_condition","road_character","road_class","road_condition","road_configuration","road_defects","road_feature","road_surface","num_bikes_ai","num_bikes_bi","num_bikes_ci","num_bikes_ki","num_bikes_no","num_bikes_to","num_bikes_ui","num_lanes","num_units","distance_mi_from","frm_road","rte_invd_cd","towrd_road"
3705,4669,"None - Rural Crash","Cumberland","Coastal","Residential","Urban (>70% Developed)",NA,"Rural","40 - 45  MPH","Stop Sign","Clear","No",18,"16-19","No",NA,"Not Applicable","B: Evident Injury","Non-Roadway","Black","Male",54,"50-59","Missing",NA,"41-45 mph","O: No Injury","Black","Female","Pickup","No","19FEB2009","Thursday","Crossing Paths - Other Circumstances",17,"Intersection","February","B: Evident Injury",63300,"Crossing Paths - Uncontrolled Intersection",2009,"Yes","No","Dark - Roadway Not Lighted","Straight - Level","State Secondary Route","Dry","Two-Way, Not Divided","None","T-Intersection","Coarse Asphalt",0,0,0,0,0,0,0,"2 lanes",2,0,NA,0,NA
3706,4676,"None - Rural Crash","Wayne","Coastal","Farms, Woods, Pastures","Rural (<30% Developed)",NA,"Rural","50 - 55  MPH","No Control Present","Cloudy","No",12,"11-15","No",NA,"With Traffic","A: Disabling Injury","Driveway / Alley","White","Male",62,"60-69","No",NA,"46-50 mph","O: No Injury","White","Male","Sport Utility","No","26JAN2009","Monday","Bicyclist Failed to Yield - Midblock",16,"Non-Intersection","January","A: Disabling Injury",59040,"Bicyclist Ride Out - Residential Driveway",2009,"Yes","No","Daylight","Straight - Level","State Secondary Route","Dry","Two-Way, Not Divided","None","Driveway, Public","Smooth Asphalt",0,0,0,0,0,0,0,"2 lanes",2,0,NA,0,NA
3707,4677,"Wallace","Duplin","Coastal","Commercial","Mixed (30% To 70% Developed)",NA,"Rural","30 - 35  MPH","No Control Present","Clear","No",24,"20-24","No",NA,"With Traffic","C: Possible Injury","Travel Lane","Black","Male",64,"60-69","No",NA,"26-30 mph","O: No Injury","Black","Female","Passenger Car","No","07FEB2009","Saturday","Motorist Overtaking Bicyclist",12,"Intersection","February","C: Possible Injury",45600,"Motorist Overtaking - Bicyclist Swerved",2009,"No","No","Daylight","Straight - Level","State Secondary Route","Dry","Two-Way, Divided, Unprotected Median","None","Four-Way Intersection","Coarse Asphalt",0,0,0,0,0,0,0,"2 lanes",2,0,NA,0,NA
3708,4679,"None - Rural Crash","Nash","Coastal","Farms, Woods, Pastures","Mixed (30% To 70% Developed)",NA,"Rural","50 - 55  MPH","No Control Present","Snow, Sleet, Hail, Freezing Rain/Drizzle","No",28,"25-29","No",NA,"With Traffic","C: Possible Injury","Travel Lane","Black","Male",34,"30-39","No",NA,"31-35 mph","O: No Injury","White","Female","Sport Utility","No","02MAR2009","Monday","Motorist Overtaking Bicyclist",8,"Non-Intersection","March","C: Possible Injury",31620,"Motorist Overtaking - Misjudged Space",2009,"Yes","No","Daylight","Straight - Hillcrest","US Route","Snow","Two-Way, Divided, Unprotected Median","None","No Special Feature","Coarse Asphalt",0,0,0,0,0,0,0,"4 lanes",2,0,NA,0,NA
3709,4686,"None - Rural Crash","Rowan","Piedmont","Residential","Mixed (30% To 70% Developed)",NA,"Rural","30 - 35  MPH","No Control Present","Clear","No",9,"6-10","No",NA,"With Traffic","B: Evident Injury","Travel Lane","White","Male",38,"30-39","No",NA,"0-5 mph","O: No Injury","White","Male","Van","No","07MAR2009","Saturday","Bicyclist Overtaking Motorist",15,"Non-Intersection","March","B: Evident Injury",56340,"Bicyclist Overtaking - Other / Unknown",2009,"Yes","No","Daylight","Straight - Level","Local Street","Dry","Two-Way, Not Divided","None","No Special Feature","Smooth Asphalt",0,0,0,0,0,0,0,"2 lanes",2,0,NA,0,NA
3710,4699,"None - Rural Crash","Gaston","Piedmont","Commercial","Urban (>70% Developed)",NA,"Rural","40 - 45  MPH","No Control Present","Clear","No",55,"50-59","No",NA,"With Traffic","C: Possible Injury","Travel Lane","White","Female",60,"60-69","No",NA,"31-35 mph","O: No Injury","White","Female","Sport Utility","No","22MAR2009","Sunday","Bicyclist Left Turn / Merge",9,"Intersection-Related","March","C: Possible Injury",35460,"Bicyclist Left Turn - Same Direction",2009,"Yes","No","Daylight","Straight - Level","NC Route","Dry","Two-Way, Not Divided","None","No Special Feature","Smooth Asphalt",0,0,0,0,0,0,0,"2 lanes",2,0,NA,0,NA
3711,4701,"Raleigh","Wake","Piedmont","Commercial","Urban (>70% Developed)",NA,"Urban","40 - 45  MPH","Stop And Go Signal","Clear","No",24,"20-24","No",NA,"Facing Traffic","C: Possible Injury","Sidewalk / Crosswalk / Driveway Crossing","White","Male",21,"20-24","No",NA,"41-45 mph","O: No Injury","White","Male","Passenger Car","No","19FEB2009","Thursday","Motorist Failed to Yield - Signalized Intersection",13,"Intersection","February","C: Possible Injury",46980,"Motorist Drive Through - Signalized Intersection",2009,"No","No","Daylight","Straight - Level","Local Street","Dry","Two-Way, Divided, Unprotected Median","None","T-Intersection","Smooth Asphalt",0,0,0,0,0,0,0,"4 lanes",2,0,NA,0,NA
3712,4704,"Charlotte","Mecklenburg","Piedmont","Residential","Mixed (30% To 70% Developed)",NA,"Urban","20 - 25  MPH","Stop Sign","Clear","No",9,"6-10","No",NA,"With Traffic","B: Evident Injury","Travel Lane","Black","Male",37,"30-39","No",NA,"21-25 mph","O: No Injury","Black","Male","Passenger Car","No","08MAR2009","Sunday","Bicyclist Failed to Yield - Sign-Controlled Intersection",16,"Intersection","March","B: Evident Injury",58440,"Bicyclist Ride Out - Sign-Controlled Intersection",2009,"No","No","Daylight","Straight - Grade","Local Street","Dry","Two-Way, Not Divided","None","T-Intersection","Smooth Asphalt",0,0,0,0,0,0,0,"2 lanes",2,0,NA,0,NA
3713,4707,"Wilson","Wilson","Coastal","Commercial","Urban (>70% Developed)",NA,"Urban","30 - 35  MPH","No Control Present","Clear","No",42,"40-49","No",NA,"With Traffic","C: Possible Injury","Travel Lane","Black","Female",NA,NA,"Missing",NA,NA,"Unknown Injury","Unknown/Missing",NA,NA,"No","06MAR2009","Friday","Motorist Left Turn / Merge",17,"Intersection","March","C: Possible Injury",64620,"Motorist Left Turn - Opposite Direction",2009,"No","Yes","Dusk","Straight - Level","Local Street","Dry","Two-Way, Not Divided","None","T-Intersection","Smooth Asphalt",0,0,0,0,0,0,0,"2 lanes",2,0,NA,0,NA
3714,4709,"None - Rural Crash","Rockingham","Piedmont","Farms, Woods, Pastures","Rural (<30% Developed)",NA,"Rural","50 - 55  MPH","No Control Present","Rain","No",35,"30-39","No",NA,"With Traffic","O: No Injury","Travel Lane","White","Male",NA,"70+","No",NA,"16-20 mph","O: No Injury","White","Male","Pickup","No","28MAR2009","Saturday","Motorist Overtaking Bicyclist",9,"Non-Intersection","March","O: No Injury",35520,"Motorist Overtaking - Misjudged Space",2009,"Yes","No","Daylight","Straight - Level","State Secondary Route","Wet","Two-Way, Not Divided","None","No Special Feature","Smooth Asphalt",0,0,0,0,0,0,0,"2 lanes",2,0,NA,0,NA
3715,4718,"Pinehurst","Moore","Piedmont","Residential","Mixed (30% To 70% Developed)",NA,"Urban","30 - 35  MPH","No Control Present","Cloudy","No",48,"40-49","No",NA,"With Traffic","O: No Injury","Travel Lane","White","Male",NA,NA,"Missing",NA,NA,"Unknown Injury","Unknown/Missing",NA,NA,"No","17MAR2009","Tuesday","Motorist Overtaking Bicyclist",15,"Non-Intersection","March","O: No Injury",56700,"Motorist Overtaking - Misjudged Space",2009,"No","Yes","Daylight","Straight - Level","NC Route","Dry","Two-Way, Divided, Unprotected Median","None","No Special Feature","Coarse Asphalt",0,0,0,0,0,0,0,"4 lanes",2,0,NA,0,NA
3716,4720,"Aberdeen","Moore","Piedmont","Commercial","Urban (>70% Developed)",NA,"Rural","40 - 45  MPH","Stop And Go Signal","Cloudy","No",53,"50-59","No",NA,"With Traffic","C: Possible Injury","Travel Lane","White","Male",69,"60-69","No",NA,"6-10 mph","O: No Injury","Black","Male","Pickup","No","23MAR2009","Monday","Motorist Overtaking Bicyclist",10,"Non-Intersection","March","C: Possible Injury",38700,"Motorist Overtaking - Misjudged Space",2009,"No","No","Daylight","Straight - Level","US Route","Dry","Two-Way, Divided, Unprotected Median","None","Four-Way Intersection","Coarse Asphalt",0,0,0,0,0,0,0,"5 lanes",2,0,NA,0,NA
3717,4734,"None - Rural Crash","Alamance","Piedmont","Farms, Woods, Pastures","Rural (<30% Developed)",NA,"Rural","40 - 45  MPH","No Control Present","Clear","No",36,"30-39","No",NA,"With Traffic","C: Possible Injury","Travel Lane","White","Male",35,"30-39","No",NA,"36-40 mph","O: No Injury","White","Male","Pickup","No","23MAR2009","Monday","Motorist Overtaking Bicyclist",6,"Non-Intersection","March","C: Possible Injury",24600,"Motorist Overtaking - Other / Unknown",2009,"Yes","No","Dawn","Straight - Level","State Secondary Route","Dry","Two-Way, Not Divided","None","No Special Feature","Smooth Asphalt",0,0,0,0,0,0,0,"2 lanes",2,0,NA,0,NA
3718,4738,"Charlotte","Mecklenburg","Piedmont","Residential","Urban (>70% Developed)",NA,"Urban","20 - 25  MPH","Stop Sign","Clear","No",14,"11-15","No",NA,"With Traffic","A: Disabling Injury","Travel Lane","Black","Male",26,"25-29","No",NA,"21-25 mph","O: No Injury","Black","Male","Passenger Car","No","03APR2009","Friday","Bicyclist Failed to Yield - Sign-Controlled Intersection",17,"Intersection","April","A: Disabling Injury",62280,"Bicyclist Ride Through - Sign-Controlled Intersection",2009,"Yes","No","Daylight","Straight - Bottom","Local Street","Dry","Two-Way, Not Divided","None","T-Intersection","Smooth Asphalt",0,0,0,0,0,0,0,"2 lanes",2,0,NA,0,NA
3719,4757,"Everetts","Martin","Coastal","Residential","Urban (>70% Developed)",NA,"Rural","30 - 35  MPH","Double Yellow Line, No Passing Zone","Clear","No",11,"11-15","No",NA,"Not Applicable","B: Evident Injury","Travel Lane","Black","Male",NA,"70+","No",NA,"21-25 mph","O: No Injury","White","Female","Passenger Car","No","24APR2009","Friday","Bicyclist Failed to Yield - Midblock",16,"Non-Intersection","April","B: Evident Injury",60300,"Bicyclist Ride Out - Other Midblock",2009,"No","No","Daylight","Straight - Level","US Route","Dry","Two-Way, Not Divided","None","Driveway, Private","Coarse Asphalt",0,0,0,0,0,0,0,"2 lanes",2,0,NA,0,NA
3720,4758,"Spencer","Rowan","Piedmont","Residential","Urban (>70% Developed)",NA,"Rural","20 - 25  MPH","Stop Sign","Clear","No",7,"6-10","No",NA,"With Traffic","B: Evident Injury","Travel Lane","Black","Male",46,"40-49","No",NA,"16-20 mph","O: No Injury","White","Male","Passenger Car","No","14APR2009","Tuesday","Bicyclist Failed to Yield - Sign-Controlled Intersection",19,"Intersection","April","B: Evident Injury",70320,"Bicyclist Ride Through - Sign-Controlled Intersection",2009,"No","No","Dusk","Straight - Grade","Local Street","Dry","Two-Way, Not Divided","None","No Special Feature","Coarse Asphalt",0,0,0,0,0,0,0,"2 lanes",2,0,NA,0,NA
3721,4760,"None - Rural Crash","Pitt","Coastal","Farms, Woods, Pastures","Rural (<30% Developed)",NA,"Rural","50 - 55  MPH","No Control Present","Clear","No",21,"20-24","No",NA,"With Traffic","B: Evident Injury","Travel Lane","White","Male",29,"25-29","No",NA,"0-5 mph","O: No Injury","White","Female","Passenger Car","No","24APR2009","Friday","Backing Vehicle",15,"Non-Intersection","April","B: Evident Injury",55560,"Backing Vehicle",2009,"Yes","No","Daylight","Straight - Level","State Secondary Route","Dry","Two-Way, Not Divided","None","Driveway, Private","Smooth Asphalt",0,0,0,0,0,0,0,"2 lanes",2,0,NA,0,NA
3722,4767,"Roanoke Rapids","Halifax","Coastal","Residential","Urban (>70% Developed)",NA,"Urban","20 - 25  MPH","Stop Sign","Clear","No",11,"11-15","No",NA,"With Traffic","O: No Injury","Travel Lane","Black","Male",50,"50-59","No",NA,"21-25 mph","O: No Injury","White","Male","Sport Utility","No","18APR2009","Saturday","Loss of Control / Turning Error",13,"Intersection","April","O: No Injury",49500,"Bicyclist Lost Control - Mechanical Problems",2009,"No","No","Daylight","Straight - Bottom","Local Street","Dry","Two-Way, Not Divided","None","Four-Way Intersection","Smooth Asphalt",0,0,0,0,0,0,0,"2 lanes",2,0,NA,0,NA
3723,4768,"Raleigh","Wake","Piedmont","Commercial","Urban (>70% Developed)",NA,"Urban","40 - 45  MPH","Stop Sign","Clear","No",41,"40-49","No",NA,"With Traffic","C: Possible Injury","Travel Lane","White","Male",24,"20-24","No",NA,NA,"O: No Injury","Black","Male","Passenger Car","No","28MAR2009","Saturday","Motorist Failed to Yield - Sign-Controlled Intersection",12,"Intersection","March","C: Possible Injury",45060,"Motorist Drive Out - Sign-Controlled Intersection",2009,"Yes","No","Daylight","Straight - Grade","Local Street","Dry","Two-Way, Not Divided","None","Four-Way Intersection","Smooth Asphalt",0,0,0,0,0,0,0,"5 lanes",2,0,NA,0,NA
3724,4771,"Washington","Beaufort","Coastal","Residential","Urban (>70% Developed)",NA,"Urban","20 - 25  MPH","No Control Present","Clear","No",49,"40-49","No",NA,"With Traffic","B: Evident Injury","Travel Lane","White","Female",NA,NA,"Missing",NA,"0-5 mph","Unknown Injury","Unknown/Missing",NA,"Motorcycle","No","18APR2009","Saturday","Loss of Control / Turning Error",17,"Non-Intersection","April","B: Evident Injury",61500,"Bicyclist Lost Control - Other / Unknown",2009,"No","No","Daylight","Straight - Level","Local Street","Dry","One-Way, Not Divided","None","No Special Feature","Coarse Asphalt",0,0,0,0,0,0,0,"2 lanes",2,0,NA,0,NA
3725,4772,"None - Rural Crash","Guilford","Piedmont","Commercial","Mixed (30% To 70% Developed)",NA,"Rural","50 - 55  MPH","Double Yellow Line, No Passing Zone","Clear","No",36,"30-39","No",NA,"With Traffic","A: Disabling Injury","Travel Lane","White","Male",33,"30-39","No",NA,"41-45 mph","O: No Injury","White","Male","Passenger Car","No","29APR2009","Wednesday","Motorist Left Turn / Merge",6,"Intersection","April","A: Disabling Injury",23040,"Motorist Left Turn - Opposite Direction",2009,"Yes","No","Dawn","Straight - Level","NC Route","Dry","Two-Way, Not Divided","None","Driveway, Public","Smooth Asphalt",0,0,0,0,0,0,0,"2 lanes",2,0,NA,0,NA
3726,4784,"Raleigh","Wake","Piedmont","Commercial","Urban (>70% Developed)",NA,"Urban","30 - 35  MPH","Stop Sign","Rain","No",25,"25-29","No",NA,"With Traffic","B: Evident Injury","Travel Lane","White","Male",47,"40-49","No",NA,"21-25 mph","O: No Injury","White","Male","Passenger Car","No","02APR2009","Thursday","Crossing Paths - Other Circumstances",22,"Intersection","April","B: Evident Injury",80400,"Sign-Controlled Intersection - Other / Unknown",2009,"Yes","No","Dark - Lighted Roadway","Straight - Level","Local Street","Wet","Two-Way, Not Divided","None","T-Intersection","Smooth Asphalt",0,0,0,0,0,0,0,"2 lanes",2,0,NA,0,NA
3727,4787,"Greensboro","Guilford","Piedmont","Commercial","Urban (>70% Developed)",NA,"Urban","30 - 35  MPH","Stop And Go Signal","Clear","No",25,"25-29","No",NA,"Facing Traffic","C: Possible Injury","Travel Lane","White","Female",46,"40-49","No",NA,"11-15 mph","O: No Injury","Black","Female","Passenger Car","No","29APR2009","Wednesday","Motorist Failed to Yield - Signalized Intersection",17,"Intersection","April","C: Possible Injury",62040,"Motorist Drive Out - Right Turn on Red",2009,"Yes","No","Daylight","Straight - Hillcrest","Local Street","Dry","Two-Way, Not Divided","None","Four-Way Intersection","Smooth Asphalt",0,0,0,0,0,0,0,NA,2,0,NA,0,NA
3728,4795,"Franklinton","Franklin","Piedmont","Residential","Rural (<30% Developed)",NA,"Rural","40 - 45  MPH","No Control Present","Cloudy","No",15,"11-15","Yes",NA,"With Traffic","B: Evident Injury","Travel Lane","White","Male",22,"20-24","No",NA,"41-45 mph","O: No Injury","Black","Male","Sport Utility","Yes","01MAY2009","Friday","Motorist Overtaking Bicyclist",19,"Non-Intersection","May","B: Evident Injury",69480,"Motorist Overtaking - Bicyclist Swerved",2009,"Yes","No","Daylight","Straight - Level","State Secondary Route","Dry","Two-Way, Not Divided","None","No Special Feature","Smooth Asphalt",0,0,0,0,0,0,0,"2 lanes",2,0,NA,0,NA
3729,4805,"Albemarle","Stanly","Piedmont","Residential","Urban (>70% Developed)",NA,"Urban","30 - 35  MPH","No Control Present","Clear","No",7,"6-10","No",NA,"Not Applicable","B: Evident Injury","Non-Roadway","Black","Male",23,"20-24","No",NA,"21-25 mph","O: No Injury","Black","Male","Passenger Car","No","08MAY2009","Friday","Bicyclist Failed to Yield - Midblock",18,"Non-Intersection","May","B: Evident Injury",64800,"Bicyclist Ride Out - Other Midblock",2009,"Yes","No","Daylight","Straight - Hillcrest","Local Street","Dry","Two-Way, Not Divided","None","No Special Feature","Smooth Asphalt",0,0,0,0,0,0,0,"2 lanes",2,0,NA,0,NA
3730,4815,"Wilmington","New Hanover","Coastal","Commercial","Urban (>70% Developed)",NA,"Urban","40 - 45  MPH","Stop And Go Signal","Clear","No",32,"30-39","No",NA,"With Traffic","B: Evident Injury","Travel Lane","White","Male",34,"30-39","No",NA,"31-35 mph","O: No Injury","White","Male","Passenger Car","No","06MAY2009","Wednesday","Motorist Left Turn / Merge",22,"Intersection","May","B: Evident Injury",80940,"Motorist Left Turn - Opposite Direction",2009,"Yes","No","Dark - Roadway Not Lighted","Straight - Level","US Route","Dry","Two-Way, Not Divided","None","Four-Way Intersection","Coarse Asphalt",0,0,0,0,0,0,0,"6 lanes",2,0,NA,0,NA
3731,4820,"Hickory","Catawba","Piedmont","Residential","Urban (>70% Developed)",NA,"Urban","40 - 45  MPH","No Control Present","Clear","No",17,"16-19","No",NA,"With Traffic","B: Evident Injury","Travel Lane","White","Male",NA,NA,"No",NA,"41-45 mph","Unknown Injury","Unknown/Missing",NA,"Passenger Car","No","12MAY2009","Tuesday","Motorist Overtaking Bicyclist",21,"Non-Intersection","May","B: Evident Injury",76020,"Motorist Overtaking - Misjudged Space",2009,"No","Yes","Dark - Lighted Roadway","Straight - Level","Local Street","Dry","Two-Way, Not Divided","None","No Special Feature","Coarse Asphalt",0,0,0,0,0,0,0,"2 lanes",2,0,NA,0,NA
3732,4836,"Asheville","Buncombe","Mountains","Commercial","Urban (>70% Developed)",NA,"Urban","20 - 25  MPH","No Control Present","Rain","No",58,"50-59","No",NA,"Facing Traffic","C: Possible Injury","Non-Roadway","Black","Male",63,"60-69","No",NA,"6-10 mph","O: No Injury","White","Male","Passenger Car","No","17MAY2009","Sunday","Bicyclist Failed to Yield - Midblock",12,"Non-Intersection","May","C: Possible Injury",43260,"Bicyclist Ride Out - Other Midblock",2009,"Yes","No","Daylight","Straight - Level","Local Street","Wet","Two-Way, Not Divided","None","T-Intersection","Concrete",0,0,0,0,0,0,0,"2 lanes",2,0,NA,0,NA
3733,4847,"Oak Island","Brunswick","Coastal","Commercial","Urban (>70% Developed)",NA,"Urban","30 - 35  MPH","No Control Present","Cloudy","No",10,"6-10","No",NA,"Not Applicable","A: Disabling Injury","Non-Roadway","White","Male",45,"40-49","No",NA,"31-35 mph","O: No Injury","White","Male","Sport Utility","No","17MAY2009","Sunday","Bicyclist Failed to Yield - Midblock",5,"Non-Intersection","May","A: Disabling Injury",19380,"Bicyclist Ride Out - Commercial Driveway / Alley",2009,"Yes","No","Daylight","Straight - Level","Local Street","Dry","Two-Way, Not Divided","None","No Special Feature","Smooth Asphalt",0,0,0,0,0,0,0,"3 lanes",2,0,NA,0,NA
3734,4850,"Chapel Hill","Orange","Piedmont","Commercial","Urban (>70% Developed)",NA,"Urban","20 - 25  MPH","Stop And Go Signal","Clear","No",13,"11-15","No",NA,"With Traffic","B: Evident Injury","Travel Lane","Black","Male",44,"40-49","No",NA,NA,"O: No Injury","White","Female","Sport Utility","No","16MAY2009","Saturday","Bicyclist Overtaking Motorist",15,"Non-Intersection","May","B: Evident Injury",54780,"Bicyclist Overtaking - Passing on Right",2009,"Yes","No","Daylight","Straight - Level","Local Street","Dry","Two-Way, Not Divided","None","No Special Feature","Smooth Asphalt",0,0,0,0,0,0,0,"4 lanes",2,0,NA,0,NA
3735,4854,"Durham","Durham","Piedmont","Institutional","Urban (>70% Developed)",NA,"Urban","20 - 25  MPH","No Control Present","Cloudy","No",46,"40-49","No",NA,"Not Applicable","B: Evident Injury","Travel Lane","White","Male",41,"40-49","No",NA,"0-5 mph","O: No Injury","White","Female","Passenger Car","No","22MAY2009","Friday","Non-Roadway",12,"Non-Roadway","May","B: Evident Injury",46260,"Non-Roadway",2009,"Yes","No","Daylight","Straight - Grade","Public Vehicular Area","Dry","Two-Way, Not Divided","None","Driveway, Private","Coarse Asphalt",0,0,0,0,0,0,0,"2 lanes",2,0,NA,0,NA
3736,4856,"Chapel Hill","Orange","Piedmont","Commercial","Urban (>70% Developed)",NA,"Urban","20 - 25  MPH","Stop Sign","Clear","No",51,"50-59","No",NA,"Facing Traffic","C: Possible Injury","Sidewalk / Crosswalk / Driveway Crossing","Black","Male",61,"60-69","No",NA,"0-5 mph","O: No Injury","White","Female","Passenger Car","No","22MAY2009","Friday","Motorist Failed to Yield - Sign-Controlled Intersection",15,"Intersection","May","C: Possible Injury",55920,"Motorist Drive Out - Sign-Controlled Intersection",2009,"Yes","No","Daylight","Straight - Level","Local Street","Dry","Two-Way, Not Divided","None","T-Intersection","Smooth Asphalt",0,0,0,0,0,0,0,"2 lanes",2,0,NA,0,NA
3737,4859,"Winston-Salem","Forsyth","Piedmont","Commercial","Urban (>70% Developed)",NA,"Urban","30 - 35  MPH","Double Yellow Line, No Passing Zone","Clear","No",37,"30-39","No",NA,"Not Applicable","B: Evident Injury","Non-Roadway","Hispanic","Male",NA,"70+","No",NA,"16-20 mph","O: No Injury","White","Female","Van","No","23MAY2009","Saturday","Bicyclist Failed to Yield - Midblock",16,"Non-Intersection","May","B: Evident Injury",59940,"Bicyclist Ride Out - Commercial Driveway / Alley",2009,"Yes","No","Daylight","Straight - Level","Local Street","Dry","Two-Way, Not Divided","None","No Special Feature","Smooth Asphalt",0,0,0,0,0,0,0,"2 lanes",2,0,NA,0,NA
3738,4863,"Cary","Wake","Piedmont","Commercial","Urban (>70% Developed)",NA,"Urban","5 - 15 MPH","No Control Present","Clear","No",20,"20-24","No",NA,"Not Applicable","B: Evident Injury","Travel Lane","White","Male",41,"40-49","No",NA,"6-10 mph","O: No Injury","White","Male","Sport Utility","No","06JUN2009","Saturday","Non-Roadway",13,"Non-Roadway","June","B: Evident Injury",47220,"Non-Roadway",2009,"Yes","No","Daylight","Straight - Level","Public Vehicular Area","Dry","Two-Way, Not Divided","None","Alley Intersection","Smooth Asphalt",0,0,0,0,0,0,0,NA,2,0,NA,0,NA
3739,4867,"Cary","Wake","Piedmont","Commercial","Urban (>70% Developed)",NA,"Urban","40 - 45  MPH","Stop And Go Signal","Clear","No",13,"11-15","No",NA,"Facing Traffic","B: Evident Injury","Sidewalk / Crosswalk / Driveway Crossing","White","Male",NA,NA,"Missing",NA,"0-5 mph","Unknown Injury","Unknown/Missing",NA,"Light Truck (Mini-Van, Panel)","No","08JUN2009","Monday","Motorist Right Turn / Merge",14,"Intersection","June","B: Evident Injury",51480,"Motorist Right Turn - Same Direction",2009,"No","Yes","Daylight","Straight - Grade","NC Route","Dry","Two-Way, Divided, Unprotected Median","None","Four-Way Intersection","Smooth Asphalt",0,0,0,0,0,0,0,"5 lanes",2,0,NA,0,NA
3740,4870,"Goldsboro","Wayne","Coastal","Residential","Urban (>70% Developed)",NA,"Urban","20 - 25  MPH","Stop Sign","Clear","No",8,"6-10","No",NA,NA,"C: Possible Injury","Travel Lane","Black","Male",48,"40-49","No",NA,"16-20 mph","O: No Injury","Black","Male","Sport Utility","No","22MAY2009","Friday","Other / Unknown - Insufficient Details",19,"Intersection","May","C: Possible Injury",68760,"Unknown Approach Paths",2009,"Yes","No","Daylight","Straight - Level","Local Street","Dry","Two-Way, Not Divided","None","T-Intersection","Coarse Asphalt",0,0,0,0,0,0,0,"2 lanes",2,0,NA,0,NA
3741,4888,"Kinston","Lenoir","Coastal","Farms, Woods, Pastures","Mixed (30% To 70% Developed)",NA,"Urban","30 - 35  MPH","Stop And Go Signal","Cloudy","No",8,"6-10","No",NA,"With Traffic","O: No Injury","Travel Lane","Unknown/Missing","Female",NA,NA,"Missing",NA,"6-10 mph","Unknown Injury","Unknown/Missing",NA,NA,"No","03MAY2009","Sunday","Motorist Overtaking Bicyclist",16,"Intersection","May","O: No Injury",58680,"Motorist Overtaking - Other / Unknown",2009,"No","Yes","Daylight","Straight - Level","Local Street","Water (Standing, Moving)","Two-Way, Not Divided","None","Four-Way Intersection","Smooth Asphalt",0,0,0,0,0,0,0,NA,2,0,NA,0,NA
3742,4889,"Chapel Hill","Orange","Piedmont","Commercial","Urban (>70% Developed)",NA,"Urban",NA,"No Control Present","Clear","No",NA,"70+","No",NA,"Not Applicable","C: Possible Injury","Non-Roadway","White","Male",25,"25-29","No",NA,"0-5 mph","O: No Injury","White","Female","Passenger Car","No","02JUN2009","Tuesday","Non-Roadway",7,"Non-Roadway","June","C: Possible Injury",26700,"Non-Roadway",2009,"Yes","No","Daylight","Straight - Level","Public Vehicular Area","Dry","Two-Way, Not Divided","None","No Special Feature","Smooth Asphalt",0,0,0,0,0,0,0,NA,2,0,NA,0,NA
3743,4909,"None - Rural Crash","Hyde","Coastal","Residential","Mixed (30% To 70% Developed)",NA,"Rural","20 - 25  MPH","Stop Sign","Clear","No",25,"25-29","No",NA,"With Traffic","B: Evident Injury","Travel Lane","White","Female",39,"30-39","Yes",NA,"6-10 mph","O: No Injury","White","Male","Passenger Car","Yes","01JUN2009","Monday","Motorist Left Turn / Merge",22,"Intersection","June","B: Evident Injury",79620,"Motorist Left Turn - Opposite Direction",2009,"No","No","Dark - Roadway Not Lighted","Straight - Level","NC Route","Dry","Two-Way, Not Divided","None","T-Intersection","Smooth Asphalt",0,0,0,0,0,0,0,"2 lanes",2,0,NA,0,NA
3744,4910,"Wilmington","New Hanover","Coastal","Residential","Urban (>70% Developed)",NA,"Urban","30 - 35  MPH","Stop Sign","Clear","No",52,"50-59","No",NA,"Facing Traffic","C: Possible Injury","Sidewalk / Crosswalk / Driveway Crossing","Black","Male",NA,NA,"Missing",NA,"11-15 mph","Unknown Injury","Unknown/Missing",NA,NA,"No","16JUN2009","Tuesday","Motorist Failed to Yield - Sign-Controlled Intersection",20,"Intersection","June","C: Possible Injury",75000,"Motorist Drive Out - Sign-Controlled Intersection",2009,"Yes","Yes","Dark - Lighted Roadway","Straight - Level","Local Street","Dry","One-Way, Not Divided","None","No Special Feature","Smooth Asphalt",0,0,0,0,0,0,0,"5 lanes",2,0,NA,0,NA
3745,4919,"None - Rural Crash","Johnston","Coastal","Farms, Woods, Pastures","Mixed (30% To 70% Developed)",NA,"Rural","50 - 55  MPH","No Control Present","Cloudy","No",57,"50-59","No",NA,"With Traffic","B: Evident Injury","Travel Lane","Black","Male",NA,NA,"No",NA,"41-45 mph","Unknown Injury","Unknown/Missing",NA,NA,"No","10JUN2009","Wednesday","Motorist Overtaking Bicyclist",23,"Non-Intersection","June","B: Evident Injury",85200,"Motorist Overtaking - Other / Unknown",2009,"Yes","Yes","Dark - Roadway Not Lighted","Straight - Level","US Route","Wet","Two-Way, Not Divided","None","No Special Feature","Coarse Asphalt",0,0,0,0,0,0,0,"2 lanes",2,0,NA,0,NA