"...1","object_id","city","county","region","development","locality","on_road","rural_urban","speed_limit","traffic_control","weather","workzone","bike_age","bike_age_group","bike_alcohol","bike_alcohol_drugs","bike_direction","bike_injury","bike_position","bike_race","bike_sex","driver_age","driver_age_group","driver_alcohol","driver_alcohol_drugs","driver_est_speed","driver_injury","driver_race","driver_sex","driver_vehicle_type","crash_alcohol","crash_date","crash_day","crash_group","crash_hour","crash_location","crash_month","crash_severity","crash_time","crash_type","crash_year","ambulance_req","hit_run","light_condition","road_character","road_class","road_condition","road_configuration","road_defects","road_feature","road_surface","num_bikes_ai","num_bikes_bi","num_bikes_ci","num_bikes_ki","num_bikes_no","num_bikes_to","num_bikes_ui","num_lanes","num_units","distance_mi_from","frm_road","rte_invd_cd","towrd_road"
3746,4921,"Raleigh","Wake","Piedmont","Residential","Urban (>70% Developed)",NA,"Urban",NA,"No Control Present","Clear","No",6,"6-10","No",NA,"Not Applicable","O: No Injury","Non-Roadway","Hispanic","Male",44,"40-49","No",NA,NA,"O: No Injury","White","Male","Passenger Car","No","14MAY2009","Thursday","Non-Roadway",19,"Non-Roadway","May","O: No Injury",70020,"Non-Roadway",2009,"No","No","Daylight","Straight - Level","Public Vehicular Area","Dry","Two-Way, Not Divided","None","No Special Feature","Smooth Asphalt",0,0,0,0,0,0,0,NA,2,0,NA,0,NA
3747,4922,"Raleigh","Wake","Piedmont","Residential","Urban (>70% Developed)",NA,"Urban","30 - 35  MPH","Stop Sign","Cloudy","No",49,"40-49","Yes",NA,"With Traffic","O: No Injury","Sidewalk / Crosswalk / Driveway Crossing","White","Male",50,"50-59","No",NA,"11-15 mph","O: No Injury","White","Female","Passenger Car","Yes","27MAY2009","Wednesday","Motorist Failed to Yield - Sign-Controlled Intersection",17,"Intersection","May","O: No Injury",64380,"Motorist Drive Out - Sign-Controlled Intersection",2009,"No","No","Daylight","Straight - Level","Local Street","Dry","Two-Way, Not Divided","None","T-Intersection","Coarse Asphalt",0,0,0,0,0,0,0,"2 lanes",2,0,NA,0,NA
3748,4924,"None - Rural Crash","Cleveland","Mountains","Residential","Mixed (30% To 70% Developed)",NA,"Rural","30 - 35  MPH","Stop Sign","Clear","No",15,"11-15","No",NA,"With Traffic","C: Possible Injury","Travel Lane","White","Male",21,"20-24","No",NA,"31-35 mph","O: No Injury","White","Female","Passenger Car","No","29JUN2009","Monday","Bicyclist Failed to Yield - Sign-Controlled Intersection",18,"Intersection","June","C: Possible Injury",65940,"Bicyclist Ride Through - Sign-Controlled Intersection",2009,"Yes","No","Daylight","Straight - Level","State Secondary Route","Dry","Two-Way, Not Divided","None","T-Intersection","Coarse Asphalt",0,0,0,0,0,0,0,"2 lanes",2,0,NA,0,NA
3749,4925,"Charlotte","Mecklenburg","Piedmont","Residential","Urban (>70% Developed)",NA,"Urban","30 - 35  MPH","Stop Sign","Clear","No",35,"30-39","No",NA,"With Traffic","B: Evident Injury","Travel Lane","White","Male",NA,"70+","No",NA,"31-35 mph","O: No Injury","White","Female","Passenger Car","No","08JUN2009","Monday","Motorist Left Turn / Merge",18,"Intersection","June","B: Evident Injury",66300,"Motorist Left Turn - Opposite Direction",2009,"Yes","No","Daylight","Straight - Level","Local Street","Dry","Two-Way, Not Divided","None","Four-Way Intersection","Smooth Asphalt",0,0,0,0,0,0,0,"4 lanes",2,0,NA,0,NA
3750,4932,"Clayton","Johnston","Coastal","Commercial","Urban (>70% Developed)",NA,"Urban","5 - 15 MPH","No Control Present","Cloudy","No",48,"40-49","No",NA,"Not Applicable","C: Possible Injury","Non-Roadway","Black","Male",38,"30-39","No",NA,"6-10 mph","O: No Injury","Black","Female","Passenger Car","No","15JUN2009","Monday","Non-Roadway",14,"Non-Roadway","June","C: Possible Injury",50640,"Non-Roadway",2009,"Yes","No","Daylight","Curve - Level","Public Vehicular Area","Dry","One-Way, Not Divided","None","Driveway, Public","Smooth Asphalt",0,0,0,0,0,0,0,"1 lane",2,0,NA,0,NA
3751,4944,"None - Rural Crash","Wake","Piedmont","Farms, Woods, Pastures","Rural (<30% Developed)",NA,"Rural","50 - 55  MPH","Double Yellow Line, No Passing Zone","Cloudy","No",18,"16-19","No",NA,"With Traffic","B: Evident Injury","Travel Lane","White","Male",26,"25-29","No",NA,"51-55 mph","O: No Injury","White","Male","Pickup","No","04JUL2009","Saturday","Motorist Overtaking Bicyclist",18,"Non-Intersection","July","B: Evident Injury",65700,"Motorist Overtaking - Other / Unknown",2009,"No","No","Daylight","Straight - Grade","State Secondary Route","Dry","Two-Way, Not Divided","None","No Special Feature","Coarse Asphalt",0,0,0,0,0,0,0,"2 lanes",2,0,NA,0,NA
3752,4954,"None - Rural Crash","Onslow","Coastal","Farms, Woods, Pastures","Rural (<30% Developed)",NA,"Rural","40 - 45  MPH","No Control Present","Clear","No",25,"25-29","No",NA,"With Traffic","A: Disabling Injury","Travel Lane","White","Male",NA,NA,"Missing",NA,"41-45 mph","Unknown Injury","Unknown/Missing",NA,NA,"No","28JUN2009","Sunday","Motorist Overtaking Bicyclist",21,"Non-Intersection","June","A: Disabling Injury",76440,"Motorist Overtaking - Other / Unknown",2009,"Yes","Yes","Dark - Roadway Not Lighted","Straight - Level","NC Route","Dry","Two-Way, Not Divided","None","Driveway, Private","Coarse Asphalt",0,0,0,0,0,0,0,"3 lanes",2,0,NA,0,NA
3753,4966,"Statesville","Iredell","Piedmont","Residential","Urban (>70% Developed)",NA,"Urban","30 - 35  MPH","No Control Present","Clear","No",53,"50-59","No",NA,"With Traffic","A: Disabling Injury","Travel Lane","Black","Male",NA,NA,"Missing",NA,"41-45 mph","Unknown Injury","Unknown/Missing",NA,NA,"No","30JUN2009","Tuesday","Motorist Overtaking Bicyclist",5,"Non-Intersection","June","A: Disabling Injury",19320,"Motorist Overtaking - Other / Unknown",2009,"Yes","Yes","Dark - Roadway Not Lighted","Straight - Level","Local Street","Dry","Two-Way, Not Divided","None","No Special Feature","Smooth Asphalt",0,0,0,0,0,0,0,"2 lanes",2,0,NA,0,NA
3754,4970,"Patterson Springs","Cleveland","Mountains","Residential","Mixed (30% To 70% Developed)",NA,"Rural","40 - 45  MPH","Double Yellow Line, No Passing Zone","Cloudy","No",18,"16-19","No",NA,"With Traffic","A: Disabling Injury","Travel Lane","White","Male",56,"50-59","No",NA,"31-35 mph","O: No Injury","Black","Male","Pickup","No","13JUL2009","Monday","Motorist Overtaking Bicyclist",5,"Non-Intersection","July","A: Disabling Injury",19440,"Motorist Overtaking - Other / Unknown",2009,"Yes","No","Dark - Roadway Not Lighted","Straight - Level","NC Route","Wet","Two-Way, Not Divided","None","No Special Feature","Smooth Asphalt",0,0,0,0,0,0,0,"2 lanes",2,0,NA,0,NA
3755,4972,"Durham","Durham","Piedmont","Institutional","Urban (>70% Developed)",NA,"Urban","20 - 25  MPH","No Control Present","Clear","No",19,"16-19","No",NA,"Not Applicable","B: Evident Injury","Non-Roadway","White","Female",21,"20-24","No",NA,"0-5 mph","O: No Injury","Unknown/Missing","Female","Passenger Car","No","15JUN2009","Monday","Non-Roadway",13,"Non-Roadway","June","B: Evident Injury",49020,"Non-Roadway",2009,"Yes","No","Daylight","Straight - Level","Public Vehicular Area","Dry","Two-Way, Not Divided","None","No Special Feature","Smooth Asphalt",0,0,0,0,0,0,0,NA,2,0,NA,0,NA
3756,4974,"Emerald Isle","Carteret","Coastal","Residential","Mixed (30% To 70% Developed)",NA,"Rural","40 - 45  MPH","No Control Present","Clear","No",49,"40-49","No",NA,"With Traffic","O: No Injury","Bike Lane / Paved Shoulder","Hispanic","Male",49,"40-49","No",NA,"6-10 mph","O: No Injury","Black","Male","Passenger Car","No","01JUL2009","Wednesday","Motorist Right Turn / Merge",9,"Intersection","July","O: No Injury",35820,"Motorist Right Turn - Same Direction",2009,"Yes","No","Daylight","Straight - Level","State Secondary Route","Dry","Two-Way, Not Divided","None","T-Intersection","Coarse Asphalt",0,0,0,0,0,0,0,"2 lanes",2,0,NA,0,NA
3757,4976,"Wilmington","New Hanover","Coastal","Commercial","Urban (>70% Developed)",NA,"Urban","30 - 35  MPH","No Control Present","Cloudy","No",43,"40-49","No",NA,"With Traffic","C: Possible Injury","Travel Lane","White","Male",28,"25-29","No",NA,"21-25 mph","O: No Injury","White","Male","Passenger Car","No","27JUN2009","Saturday","Crossing Paths - Other Circumstances",17,"Intersection","June","C: Possible Injury",61560,"Crossing Paths - Intersection - Other / Unknown",2009,"Yes","No","Daylight","Straight - Level","Local Street","Dry","Two-Way, Not Divided","None","No Special Feature","Smooth Asphalt",0,0,0,0,0,0,0,"5 lanes",2,0,NA,0,NA
3758,4987,"None - Rural Crash","Gaston","Piedmont","Residential","Mixed (30% To 70% Developed)",NA,"Rural","30 - 35  MPH","Double Yellow Line, No Passing Zone","Clear","No",37,"30-39","No",NA,"With Traffic","C: Possible Injury","Travel Lane","White","Male",NA,NA,"No",NA,"31-35 mph","Unknown Injury","Unknown/Missing",NA,"Passenger Car","No","14JUL2009","Tuesday","Motorist Overtaking Bicyclist",20,"Non-Intersection","July","C: Possible Injury",73800,"Motorist Overtaking - Other / Unknown",2009,"No","Yes","Daylight","Straight - Level","State Secondary Route","Dry","Two-Way, Not Divided","None","No Special Feature","Smooth Asphalt",0,0,0,0,0,0,0,"2 lanes",2,0,NA,0,NA
3759,4993,"Raleigh","Wake","Piedmont","Residential","Urban (>70% Developed)",NA,"Urban","30 - 35  MPH","No Control Present","Clear","No",49,"40-49","No",NA,"With Traffic","C: Possible Injury","Travel Lane","Black","Female",55,"50-59","No",NA,"26-30 mph","O: No Injury","Black","Female","Passenger Car","No","12APR2009","Sunday","Parallel Paths - Other Circumstances",15,"Intersection","April","C: Possible Injury",56100,"Parallel Paths - Other / Unknown",2009,"No","No","Daylight","Straight - Level","Local Street","Dry","Two-Way, Not Divided","None","No Special Feature","Smooth Asphalt",0,0,0,0,0,0,0,"2 lanes",2,0,NA,0,NA
3760,4996,"Gastonia","Gaston","Piedmont","Commercial","Urban (>70% Developed)",NA,"Urban","30 - 35  MPH","No Control Present","Clear","No",25,"25-29","No",NA,NA,"B: Evident Injury",NA,"Black","Male",NA,NA,"Missing",NA,NA,"Unknown Injury","Unknown/Missing",NA,NA,"No","04JUL2009","Saturday","Motorist Overtaking Bicyclist",23,"Non-Intersection","July","B: Evident Injury",84360,"Motorist Overtaking - Other / Unknown",2009,"Yes","Yes","Dark - Lighted Roadway","Straight - Level","Local Street","Dry","Two-Way, Not Divided","Road Surface Condition","No Special Feature","Coarse Asphalt",0,0,0,0,0,0,0,"2 lanes",2,0,NA,0,NA
3761,4001,"None - Rural Crash","Bladen","Coastal","Farms, Woods, Pastures","Rural (<30% Developed)",NA,"Rural","50 - 55  MPH","Double Yellow Line, No Passing Zone","Clear","No",44,"40-49","Yes",NA,"With Traffic","A: Disabling Injury","Travel Lane","White","Male",47,"40-49","No",NA,"51-55 mph","O: No Injury","White","Male","Pickup","Yes","27MAY2010","Thursday","Motorist Overtaking Bicyclist",5,"Non-Intersection","May","A: Disabling Injury",18600,"Motorist Overtaking - Undetected Bicyclist",2010,"Yes","No","Dark - Roadway Not Lighted","Straight - Level","NC Route","Dry","Two-Way, Not Divided","None","No Special Feature","Coarse Asphalt",0,0,0,0,0,0,0,"2 lanes",2,0,NA,0,NA
3762,4005,"None - Rural Crash","Cabarrus","Piedmont","Residential","Rural (<30% Developed)",NA,"Rural","50 - 55  MPH","Double Yellow Line, No Passing Zone","Clear","No",47,"40-49","No",NA,"With Traffic","A: Disabling Injury","Travel Lane","White","Male",21,"20-24","No",NA,"51-55 mph","O: No Injury","White","Male",NA,"No","19MAY2010","Wednesday","Head-On",19,"Non-Intersection","May","A: Disabling Injury",70320,"Head-On - Motorist",2010,"Yes","Yes","Daylight","Straight - Grade","State Secondary Route","Dry","Two-Way, Not Divided","None","Driveway, Private","Smooth Asphalt",0,0,0,0,0,0,0,"2 lanes",7,0,NA,0,NA
3763,4006,"Charlotte","Mecklenburg","Piedmont","Residential","Urban (>70% Developed)",NA,"Urban","30 - 35  MPH","No Control Present","Clear","No",53,"50-59","No",NA,"Not Applicable","B: Evident Injury","Bike Lane / Paved Shoulder","White","Male",35,"30-39","No",NA,"11-15 mph","O: No Injury","White","Female","Passenger Car","No","27MAY2010","Thursday","Crossing Paths - Other Circumstances",17,"Intersection","May","B: Evident Injury",64680,"Crossing Paths - Intersection - Other / Unknown",2010,"Yes","No","Daylight","Straight - Level","Local Street","Dry","Two-Way, Not Divided","None","No Special Feature","Smooth Asphalt",0,0,0,0,0,0,0,"2 lanes",2,0,NA,0,NA
3764,4016,"None - Rural Crash","Durham","Piedmont","Farms, Woods, Pastures","Rural (<30% Developed)",NA,"Rural","50 - 55  MPH","No Control Present","Clear","No",52,"50-59","No",NA,"With Traffic","B: Evident Injury","Travel Lane","White","Female",51,"50-59","No",NA,"51-55 mph","O: No Injury","Black","Female","Passenger Car","No","20JUN2010","Sunday","Motorist Overtaking Bicyclist",15,"Non-Intersection","June","B: Evident Injury",55320,"Motorist Overtaking - Other / Unknown",2010,"Yes","No","Daylight","Straight - Level","US Route","Dry","Two-Way, Divided, Unprotected Median","None","No Special Feature","Smooth Asphalt",0,0,0,0,0,0,0,"2 lanes",2,0,NA,0,NA
3765,4021,"Statesville","Iredell","Piedmont","Residential","Urban (>70% Developed)",NA,"Urban","20 - 25  MPH","No Control Present","Cloudy","No",12,"11-15","No",NA,"Not Applicable","C: Possible Injury","Travel Lane","Black","Male",NA,NA,"Missing",NA,"11-15 mph","Unknown Injury","Unknown/Missing",NA,NA,"No","15JUN2010","Tuesday","Crossing Paths - Other Circumstances",19,"Non-Intersection","June","C: Possible Injury",70200,"Crossing Paths - Midblock - Other / Unknown",2010,"No","Yes","Daylight","Straight - Level","Local Street","Wet","Two-Way, Not Divided","None","No Special Feature","Smooth Asphalt",0,0,0,0,0,0,0,"2 lanes",2,0,NA,0,NA
3766,4024,"Wilmington","New Hanover","Coastal","Residential","Urban (>70% Developed)",NA,"Urban","30 - 35  MPH","Stop Sign","Clear","No",17,"16-19","No",NA,"With Traffic","B: Evident Injury","Travel Lane","Black","Male",39,"30-39","No",NA,"31-35 mph","O: No Injury","White","Male","Sport Utility","No","11JUN2010","Friday","Bicyclist Failed to Yield - Sign-Controlled Intersection",12,"Intersection","June","B: Evident Injury",46380,"Bicyclist Ride Through - Sign-Controlled Intersection",2010,"Yes","No","Daylight","Straight - Level","Local Street","Dry","One-Way, Not Divided","None","Four-Way Intersection","Smooth Asphalt",0,0,0,0,0,0,0,"3 lanes",2,0,NA,0,NA
3767,4030,"Henderson","Vance","Piedmont","Commercial","Mixed (30% To 70% Developed)",NA,"Urban","30 - 35  MPH","Flashing Signal With Stop Sign","Clear","No",18,"16-19","No",NA,NA,"B: Evident Injury",NA,"Black","Male",65,"60-69","No",NA,"31-35 mph","O: No Injury","White","Male","Pickup","No","06APR2010","Tuesday",NA,8,NA,"April","B: Evident Injury",31800,NA,2010,"No","No","Daylight","Straight - Level","Local Street","Dry","Two-Way, Not Divided","None","No Special Feature","Coarse Asphalt",0,0,0,0,0,0,0,"3 lanes",2,0,NA,0,NA
3768,4034,"Kannapolis","Rowan","Piedmont","Residential","Urban (>70% Developed)",NA,"Urban","30 - 35  MPH","No Control Present","Cloudy","No",NA,NA,"Missing",NA,"With Traffic","Unknown Injury","Travel Lane","Unknown/Missing",NA,NA,NA,"Missing",NA,NA,"Unknown Injury","Unknown/Missing",NA,NA,"No","05JUN2010","Saturday","Bicyclist Overtaking Motorist",17,"Non-Intersection","June","Unknown Injury",61620,"Bicyclist Overtaking - Parked Vehicle",2010,"No","Yes","Daylight","Straight - Grade","Local Street","Dry","Two-Way, Not Divided","None","No Special Feature","Smooth Asphalt",0,0,0,0,0,0,0,"2 lanes",2,0,NA,0,NA
3769,4045,"Charlotte","Mecklenburg","Piedmont","Residential","Urban (>70% Developed)",NA,"Urban","30 - 35  MPH","No Control Present","Clear","No",20,"20-24","No",NA,"Facing Traffic","C: Possible Injury","Travel Lane","Black","Male",NA,"70+","No",NA,"0-5 mph","O: No Injury","White","Female","Passenger Car","No","07JUN2010","Monday","Loss of Control / Turning Error",17,"Intersection","June","C: Possible Injury",61800,"Bicyclist Lost Control - Mechanical Problems",2010,"No","No","Daylight","Straight - Grade","Local Street","Dry","Two-Way, Not Divided","None","No Special Feature","Smooth Asphalt",0,0,0,0,0,0,0,"2 lanes",2,0,NA,0,NA
3770,4048,"Cary","Wake","Piedmont","Residential","Urban (>70% Developed)",NA,"Urban","30 - 35  MPH","Stop Sign","Clear","No",51,"50-59","No",NA,"With Traffic","B: Evident Injury","Travel Lane","White","Male",44,"40-49","No",NA,"11-15 mph","O: No Injury","White","Male","Passenger Car","No","28JUN2010","Monday","Loss of Control / Turning Error",12,"Non-Intersection","June","B: Evident Injury",45720,"Motorist Turning Error - Left Turn",2010,"Yes","No","Daylight","Straight - Level","NC Route","Dry","Two-Way, Not Divided","None","Related To Intersection","Smooth Asphalt",0,0,0,0,0,0,0,"3 lanes",2,0,NA,0,NA
3771,4053,"Charlotte","Mecklenburg","Piedmont","Residential","Urban (>70% Developed)",NA,"Urban","20 - 25  MPH","No Control Present","Clear","No",NA,NA,"Missing",NA,"Facing Traffic","Unknown Injury",NA,"Unknown/Missing",NA,21,"20-24","No",NA,"0-5 mph","O: No Injury","Hispanic","Male","Passenger Car","No","16JUN2010","Wednesday","Crossing Paths - Other Circumstances",15,"Intersection","June","O: No Injury",57000,"Crossing Paths - Uncontrolled Intersection",2010,"No","No","Daylight","Straight - Level","Local Street","Dry","Two-Way, Not Divided","None","No Special Feature","Smooth Asphalt",0,0,0,0,0,0,0,"2 lanes",2,0,NA,0,NA
3772,4054,"Lumberton","Robeson","Coastal","Commercial","Mixed (30% To 70% Developed)",NA,"Urban","40 - 45  MPH","No Control Present","Clear","No",62,"60-69","No",NA,"With Traffic","B: Evident Injury","Travel Lane","Native American","Male",49,"40-49","No",NA,"26-30 mph","O: No Injury","White","Male","Pickup","No","18JUN2010","Friday","Motorist Failed to Yield - Sign-Controlled Intersection",8,"Intersection","June","B: Evident Injury",31680,"Motorist Drive Out - Sign-Controlled Intersection",2010,"Yes","No","Daylight","Straight - Level","NC Route","Dry","Two-Way, Not Divided","None","No Special Feature","Coarse Asphalt",0,0,0,0,0,0,0,"2 lanes",2,0,NA,0,NA
3773,4062,"Durham","Durham","Piedmont","Residential","Urban (>70% Developed)",NA,"Urban","30 - 35  MPH","No Control Present","Clear","No",2,"0-5","No",NA,"Not Applicable","B: Evident Injury","Driveway / Alley","Black","Male",44,"40-49","No",NA,"26-30 mph","O: No Injury","Black","Male","Van","No","01JUL2010","Thursday","Bicyclist Failed to Yield - Midblock",17,"Non-Intersection","July","B: Evident Injury",62280,"Bicyclist Ride Out - Residential Driveway",2010,"Yes","No","Daylight","Straight - Hillcrest","Local Street","Dry","One-Way, Not Divided","None","Driveway, Private","Smooth Asphalt",0,0,0,0,0,0,0,"2 lanes",3,0,NA,0,NA
3774,4066,"Summerfield","Guilford","Piedmont","Farms, Woods, Pastures","Rural (<30% Developed)",NA,"Urban","40 - 45  MPH","Stop Sign","Clear","No",28,"25-29","No",NA,"With Traffic","B: Evident Injury","Travel Lane","White","Male",68,"60-69","No",NA,"6-10 mph","O: No Injury","White","Male","Passenger Car","No","02JUL2010","Friday","Motorist Failed to Yield - Sign-Controlled Intersection",9,"Intersection","July","B: Evident Injury",34500,"Motorist Drive Out - Sign-Controlled Intersection",2010,"No","No","Daylight","Straight - Grade","State Secondary Route","Dry","Two-Way, Not Divided","None","T-Intersection","Smooth Asphalt",0,0,0,0,0,0,0,"2 lanes",2,0,NA,0,NA
3775,4068,"Durham","Durham","Piedmont","Commercial","Urban (>70% Developed)",NA,"Urban","30 - 35  MPH","No Control Present","Clear","No",38,"30-39","No",NA,"With Traffic","B: Evident Injury","Travel Lane","Black","Male",47,"40-49","No",NA,"0-5 mph","O: No Injury","White","Male","Passenger Car","No","03JUL2010","Saturday","Bicyclist Overtaking Motorist",16,"Non-Intersection","July","B: Evident Injury",57600,"Bicyclist Overtaking - Other / Unknown",2010,"Yes","No","Daylight","Straight - Level","Local Street","Dry","Two-Way, Not Divided","None","No Special Feature","Coarse Asphalt",0,0,0,0,0,0,0,"2 lanes",2,0,NA,0,NA
3776,4073,"Raleigh","Wake","Piedmont","Commercial","Urban (>70% Developed)",NA,"Urban","20 - 25  MPH","No Control Present","Clear","No",54,"50-59","No",NA,"With Traffic","O: No Injury","Bike Lane / Paved Shoulder","Black","Male",29,"25-29","No",NA,"16-20 mph","O: No Injury","White","Female","Passenger Car","No","02JUN2010","Wednesday","Motorist Failed to Yield - Midblock",13,"Non-Intersection","June","O: No Injury",48240,"Motorist Drive Out - Commercial Driveway / Alley",2010,"No","No","Daylight","Straight - Level","Local Street","Dry","Two-Way, Not Divided","None","No Special Feature","Smooth Asphalt",0,0,0,0,0,0,0,"4 lanes",2,0,NA,0,NA
3777,4077,"Cary","Wake","Piedmont","Commercial","Urban (>70% Developed)",NA,"Urban","40 - 45  MPH","Stop Sign","Clear","No",12,"11-15","No",NA,"Facing Traffic","O: No Injury","Sidewalk / Crosswalk / Driveway Crossing","White","Male",NA,NA,"Missing",NA,"0-5 mph","Unknown Injury","Unknown/Missing",NA,"Passenger Car","No","08JUL2010","Thursday","Motorist Failed to Yield - Sign-Controlled Intersection",14,"Intersection","July","O: No Injury",51300,"Motorist Drive Out - Sign-Controlled Intersection",2010,"No","Yes","Daylight","Straight - Level","Local Street","Dry","Two-Way, Divided, Positive Median Barrier","None","No Special Feature","Smooth Asphalt",0,0,0,0,0,0,0,"4 lanes",2,0,NA,0,NA
3778,4081,"None - Rural Crash","Pitt","Coastal","Farms, Woods, Pastures","Mixed (30% To 70% Developed)",NA,"Rural","50 - 55  MPH","No Control Present","Clear","No",16,"16-19","No",NA,"With Traffic","K: Killed","Travel Lane","Black","Male",23,"20-24","No",NA,"46-50 mph","O: No Injury","White","Male","Passenger Car","No","21JUN2010","Monday","Bicyclist Left Turn / Merge",13,"Non-Intersection","June","K: Killed",49140,"Bicyclist Left Turn - Same Direction",2010,"Yes","No","Daylight","Straight - Level","NC Route","Dry","Two-Way, Not Divided","None","No Special Feature","Smooth Asphalt",0,0,0,0,0,0,0,"2 lanes",2,0,NA,0,NA
3779,4088,"Greensboro","Guilford","Piedmont","Commercial","Urban (>70% Developed)",NA,"Urban","20 - 25  MPH","No Control Present","Clear","No",24,"20-24","Yes",NA,"With Traffic","B: Evident Injury","Travel Lane","White","Male",NA,NA,"Missing",NA,NA,"Unknown Injury","Unknown/Missing",NA,"Sport Utility","Yes","26JUN2010","Saturday","Bicyclist Overtaking Motorist",2,"Non-Intersection","June","B: Evident Injury",7980,"Bicyclist Overtaking - Parked Vehicle",2010,"Yes","No","Dark - Lighted Roadway","Straight - Level","Local Street","Dry","Two-Way, Divided, Unprotected Median","None","No Special Feature","Smooth Asphalt",0,0,0,0,0,0,0,"2 lanes",2,0,NA,0,NA
3780,4089,"Greensboro","Guilford","Piedmont","Commercial","Urban (>70% Developed)",NA,"Urban","30 - 35  MPH","Stop And Go Signal","Clear","No",35,"30-39","No",NA,"With Traffic","B: Evident Injury","Travel Lane","White","Male",43,"40-49","No",NA,"31-35 mph","O: No Injury","Black","Female","Passenger Car","No","04JUL2010","Sunday","Bicyclist Failed to Yield - Signalized Intersection",23,"Intersection","July","B: Evident Injury",85140,"Bicyclist Ride Out - Signalized  Intersection",2010,"Yes","No","Dark - Lighted Roadway","Straight - Level","Local Street","Dry","Two-Way, Not Divided","None","Four-Way Intersection","Smooth Asphalt",0,0,0,0,0,0,0,"3 lanes",2,0,NA,0,NA
3781,4093,"Hickory","Catawba","Piedmont","Commercial","Urban (>70% Developed)",NA,"Urban",NA,"No Control Present","Clear","No",32,"30-39","No",NA,"Facing Traffic","O: No Injury","Sidewalk / Crosswalk / Driveway Crossing","White","Male",49,"40-49","No",NA,"0-5 mph","O: No Injury","White","Female","Sport Utility","No","02JUL2010","Friday","Motorist Failed to Yield - Midblock",13,"Non-Intersection","July","O: No Injury",49380,"Motorist Drive Out - Commercial Driveway / Alley",2010,"No","No","Daylight","Straight - Level","Public Vehicular Area","Dry","One-Way, Not Divided","None","No Special Feature","Smooth Asphalt",0,0,0,0,0,0,0,"1 lane",2,0,NA,0,NA
3782,4094,"Fayetteville","Cumberland","Coastal","Commercial","Urban (>70% Developed)",NA,"Urban","30 - 35  MPH","No Control Present","Clear","No",29,"25-29","No",NA,"Facing Traffic","C: Possible Injury","Sidewalk / Crosswalk / Driveway Crossing","Black","Male",29,"25-29","No",NA,"0-5 mph","O: No Injury","White","Female","Passenger Car","No","14JUL2010","Wednesday","Motorist Failed to Yield - Midblock",15,"Non-Intersection","July","C: Possible Injury",54840,"Motorist Drive Out - Commercial Driveway / Alley",2010,"Yes","No","Daylight","Straight - Level","Local Street","Dry","Two-Way, Divided, Unprotected Median","None","Driveway, Public","Smooth Asphalt",0,0,0,0,0,0,0,"6 lanes",2,0,NA,0,NA
3783,4095,"Kill Devil Hills","Dare","Coastal","Commercial","Urban (>70% Developed)",NA,"Urban","50 - 55  MPH","No Control Present","Clear","No",19,"16-19","No",NA,"With Traffic","O: No Injury","Travel Lane","White","Male",23,"20-24","No",NA,"46-50 mph","O: No Injury","White","Female","Sport Utility","No","18JUN2010","Friday","Bicyclist Right Turn / Merge",21,"Non-Intersection","June","O: No Injury",78660,"Bicyclist Right Turn - Same Direction",2010,"No","No","Dark - Lighted Roadway","Straight - Level","US Route","Dry","Two-Way, Not Divided","None","No Special Feature","Coarse Asphalt",0,0,0,0,0,0,0,"5 lanes",2,0,NA,0,NA
3784,4098,"None - Rural Crash","Martin","Coastal","Farms, Woods, Pastures","Rural (<30% Developed)",NA,"Rural","50 - 55  MPH","Yield Sign","Clear","No",17,"16-19","No",NA,"Facing Traffic","B: Evident Injury","Travel Lane","White","Female",61,"60-69","No",NA,"16-20 mph","O: No Injury","White","Female","Van","No","16JUL2010","Friday","Head-On",16,"Non-Intersection","July","B: Evident Injury",60600,"Head-On - Bicyclist",2010,"Yes","No","Daylight","Straight - Level","State Secondary Route","Dry","Two-Way, Not Divided","None","T-Intersection","Smooth Asphalt",0,0,0,0,0,0,0,"2 lanes",2,0,NA,0,NA
3785,4099,"None - Rural Crash","Orange","Piedmont","Farms, Woods, Pastures","Rural (<30% Developed)",NA,"Rural","50 - 55  MPH","Stop Sign","Clear","No",51,"50-59","No",NA,"With Traffic","C: Possible Injury","Travel Lane","White","Female",NA,"70+","No",NA,NA,"O: No Injury","White","Male","Passenger Car","No","22JUN2010","Tuesday","Motorist Failed to Yield - Sign-Controlled Intersection",10,"Intersection","June","C: Possible Injury",39420,"Motorist Drive Out - Sign-Controlled Intersection",2010,"No","No","Daylight","Straight - Level","US Route","Dry","Two-Way, Not Divided","None","Four-Way Intersection","Smooth Asphalt",0,0,0,0,0,0,0,"2 lanes",2,0,NA,0,NA
3786,4109,"None - Rural Crash","Buncombe","Mountains","Commercial","Urban (>70% Developed)",NA,"Rural","30 - 35  MPH","No Control Present","Clear","No",49,"40-49","No",NA,"With Traffic","B: Evident Injury","Travel Lane","White","Female",37,"30-39","No",NA,"0-5 mph","O: No Injury","White","Female","Passenger Car","No","07JUL2010","Wednesday","Motorist Overtaking Bicyclist",6,"Non-Intersection","July","B: Evident Injury",24420,"Motorist Overtaking - Misjudged Space",2010,"Yes","No","Daylight","Straight - Grade","US Route","Dry","Two-Way, Not Divided","None","No Special Feature","Smooth Asphalt",0,0,0,0,0,0,0,"4 lanes",2,0,NA,0,NA