"...1","object_id","city","county","region","development","locality","on_road","rural_urban","speed_limit","traffic_control","weather","workzone","bike_age","bike_age_group","bike_alcohol","bike_alcohol_drugs","bike_direction","bike_injury","bike_position","bike_race","bike_sex","driver_age","driver_age_group","driver_alcohol","driver_alcohol_drugs","driver_est_speed","driver_injury","driver_race","driver_sex","driver_vehicle_type","crash_alcohol","crash_date","crash_day","crash_group","crash_hour","crash_location","crash_month","crash_severity","crash_time","crash_type","crash_year","ambulance_req","hit_run","light_condition","road_character","road_class","road_condition","road_configuration","road_defects","road_feature","road_surface","num_bikes_ai","num_bikes_bi","num_bikes_ci","num_bikes_ki","num_bikes_no","num_bikes_to","num_bikes_ui","num_lanes","num_units","distance_mi_from","frm_road","rte_invd_cd","towrd_road"
3787,4110,"Wilmington","New Hanover","Coastal","Commercial","Urban (>70% Developed)",NA,"Urban","20 - 25  MPH","No Control Present","Cloudy","No",28,"25-29","No",NA,"Facing Traffic","C: Possible Injury","Sidewalk / Crosswalk / Driveway Crossing","White","Male",28,"25-29","No",NA,"0-5 mph","Unknown Injury","White","Male","Passenger Car","No","12JUL2010","Monday","Motorist Failed to Yield - Sign-Controlled Intersection",16,"Intersection","July","C: Possible Injury",59640,"Motorist Drive Out - Sign-Controlled Intersection",2010,"Yes","Yes","Daylight","Straight - Level","Local Street","Dry","Two-Way, Not Divided","None","No Special Feature","Coarse Asphalt",0,0,0,0,0,0,0,NA,2,0,NA,0,NA
3788,4114,"Charlotte","Mecklenburg","Piedmont","Commercial","Rural (<30% Developed)",NA,"Urban","30 - 35  MPH","No Control Present","Clear","No",52,"50-59","Yes",NA,"With Traffic","B: Evident Injury","Travel Lane","Black","Male",NA,NA,"Missing",NA,"11-15 mph","Unknown Injury","Unknown/Missing",NA,NA,"Yes","11JUL2010","Sunday","Motorist Overtaking Bicyclist",8,"Non-Intersection","July","B: Evident Injury",30000,"Motorist Overtaking - Misjudged Space",2010,"Yes","Yes","Daylight","Straight - Level","Local Street","Dry","Two-Way, Not Divided","None","No Special Feature","Smooth Asphalt",0,0,0,0,0,0,0,"2 lanes",2,0,NA,0,NA
3789,4117,"Durham","Durham","Piedmont","Commercial","Urban (>70% Developed)",NA,"Urban","30 - 35  MPH","Stop And Go Signal","Clear","No",61,"60-69","No",NA,"Facing Traffic","B: Evident Injury","Travel Lane","Black","Male",25,"25-29","No",NA,"26-30 mph","O: No Injury","Hispanic","Male","Pickup","No","23JUL2010","Friday","Motorist Failed to Yield - Signalized Intersection",20,"Intersection","July","B: Evident Injury",73440,"Motorist Drive Out - Right Turn on Red",2010,"Yes","No","Dark - Roadway Not Lighted","Straight - Bottom","Local Street","Dry","Two-Way, Divided, Unprotected Median","None","Four-Way Intersection","Smooth Asphalt",0,0,0,0,0,0,0,"4 lanes",2,0,NA,0,NA
3790,4121,"Raleigh","Wake","Piedmont","Commercial","Urban (>70% Developed)",NA,"Urban","40 - 45  MPH","Stop And Go Signal","Clear","No",30,"30-39","No",NA,"Facing Traffic","C: Possible Injury","Sidewalk / Crosswalk / Driveway Crossing","Black","Female",33,"30-39","No",NA,"0-5 mph","O: No Injury","White","Female","Passenger Car","No","28JUN2010","Monday","Crossing Paths - Other Circumstances",17,"Intersection","June","C: Possible Injury",62160,"Crossing Paths - Intersection - Other / Unknown",2010,"Yes","No","Daylight","Straight - Level","Local Street","Dry","Two-Way, Divided, Unprotected Median","None","Four-Way Intersection","Smooth Asphalt",0,0,0,0,0,0,0,"5 lanes",2,0,NA,0,NA
3791,4128,"None - Rural Crash","Pasquotank","Coastal","Residential","Mixed (30% To 70% Developed)",NA,"Rural","40 - 45  MPH","Double Yellow Line, No Passing Zone","Clear","No",15,"11-15","No",NA,"With Traffic","B: Evident Injury","Travel Lane","White","Male",18,"0-19","No",NA,"41-45 mph","O: No Injury","White","Male","Passenger Car","No","27JUL2010","Tuesday","Bicyclist Left Turn / Merge",9,"Non-Intersection","July","B: Evident Injury",34500,"Bicyclist Left Turn - Same Direction",2010,"Yes","No","Daylight","Straight - Level","State Secondary Route","Dry","Two-Way, Not Divided","None","No Special Feature","Smooth Asphalt",0,0,0,0,0,0,0,"2 lanes",2,0,NA,0,NA
3792,4133,"None - Rural Crash","Durham","Piedmont","Residential","Mixed (30% To 70% Developed)",NA,"Rural","30 - 35  MPH","Stop Sign","Clear","No",14,"11-15","No",NA,"With Traffic","A: Disabling Injury","Travel Lane","Black","Male",34,"30-39","No",NA,"31-35 mph","O: No Injury","White","Male","Sport Utility","No","28JUL2010","Wednesday","Bicyclist Failed to Yield - Sign-Controlled Intersection",16,"Intersection","July","A: Disabling Injury",60600,"Bicyclist Ride Through - Sign-Controlled Intersection",2010,"Yes","No","Daylight","Straight - Level","State Secondary Route","Dry","Two-Way, Not Divided","None","Four-Way Intersection","Smooth Asphalt",0,0,0,0,0,0,0,"2 lanes",2,0,NA,0,NA
3793,4139,"None - Rural Crash","Johnston","Coastal","Farms, Woods, Pastures","Rural (<30% Developed)",NA,"Rural","40 - 45  MPH","Double Yellow Line, No Passing Zone","Clear","No",47,"40-49","No",NA,"With Traffic","B: Evident Injury","Travel Lane","White","Male",NA,NA,"Missing",NA,"46-50 mph","Unknown Injury","Unknown/Missing",NA,NA,"No","30JUL2010","Friday","Motorist Overtaking Bicyclist",19,"Non-Intersection","July","B: Evident Injury",71160,"Motorist Overtaking - Other / Unknown",2010,"Yes","Yes","Daylight","Straight - Level","State Secondary Route","Dry","Two-Way, Not Divided","None","No Special Feature","Coarse Asphalt",0,0,0,0,0,0,0,"2 lanes",2,0,NA,0,NA
3794,4142,"None - Rural Crash","Johnston","Coastal","Residential","Rural (<30% Developed)",NA,"Rural","50 - 55  MPH","No Control Present","Clear","No",7,"6-10","No",NA,"Facing Traffic","B: Evident Injury","Travel Lane","White","Male",37,"30-39","No",NA,"31-35 mph","O: No Injury","Black","Male","Pickup","No","29JUL2010","Thursday","Bicyclist Right Turn / Merge",18,"Non-Intersection","July","B: Evident Injury",66120,"Bicyclist Right Turn - Same Direction",2010,"Yes","No","Daylight","Straight - Level","State Secondary Route","Dry","Two-Way, Not Divided","None","Driveway, Private","Coarse Asphalt",0,0,0,0,0,0,0,"2 lanes",2,0,NA,0,NA
3795,4155,"Asheville","Buncombe","Mountains","Commercial","Urban (>70% Developed)",NA,"Urban","40 - 45  MPH","No Control Present","Clear","No",25,"25-29","No",NA,"With Traffic","B: Evident Injury","Travel Lane","Unknown/Missing","Male",NA,NA,"Missing",NA,"36-40 mph","Unknown Injury","Unknown/Missing",NA,NA,"No","24JUL2010","Saturday","Motorist Overtaking Bicyclist",13,"Non-Intersection","July","B: Evident Injury",48900,"Motorist Overtaking - Misjudged Space",2010,"Yes","Yes","Daylight","Curve - Level","Local Street","Dry","Two-Way, Not Divided","None","No Special Feature","Smooth Asphalt",0,0,0,0,0,0,0,"2 lanes",2,0,NA,0,NA
3796,4159,"None - Rural Crash","Wake","Piedmont","Farms, Woods, Pastures","Mixed (30% To 70% Developed)",NA,"Rural","40 - 45  MPH","Stop Sign","Clear","No",39,"30-39","No",NA,"With Traffic","B: Evident Injury","Travel Lane","White","Male",58,"50-59","No",NA,"41-45 mph","O: No Injury","Black","Female","Passenger Car","No","03AUG2010","Tuesday","Motorist Right Turn / Merge",18,"Intersection-Related","August","B: Evident Injury",66300,"Motorist Right Turn - Same Direction",2010,"No","No","Daylight","Straight - Hillcrest","State Secondary Route","Dry","Two-Way, Not Divided","None","T-Intersection","Smooth Asphalt",0,0,0,0,0,0,0,"2 lanes",2,0,NA,0,NA
3797,4164,"Kannapolis","Cabarrus","Piedmont","Residential","Rural (<30% Developed)",NA,"Urban","40 - 45  MPH","No Control Present","Clear","No",42,"40-49","No",NA,"With Traffic","C: Possible Injury","Travel Lane","Black","Male",20,"20-24","No",NA,"21-25 mph","O: No Injury","White","Female","Passenger Car","No","16JUL2010","Friday","Motorist Overtaking Bicyclist",10,"Non-Intersection","July","C: Possible Injury",39540,"Motorist Overtaking - Other / Unknown",2010,"No","No","Daylight","Straight - Level","Local Street","Dry","Two-Way, Divided, Unprotected Median","None","No Special Feature","Smooth Asphalt",0,0,0,0,0,0,0,"2 lanes",2,0,NA,0,NA
3798,4166,"None - Rural Crash","Wake","Piedmont","Residential","Rural (<30% Developed)",NA,"Rural","50 - 55  MPH","Stop Sign","Cloudy","No",41,"40-49","No",NA,"With Traffic","C: Possible Injury","Travel Lane","White","Male",25,"25-29","No",NA,"16-20 mph","O: No Injury","White","Male","Passenger Car","No","05AUG2010","Thursday","Motorist Right Turn / Merge",18,"Intersection","August","C: Possible Injury",66600,"Motorist Right Turn - Same Direction",2010,"No","Yes","Daylight","Straight - Level","State Secondary Route","Dry","Two-Way, Not Divided","None","Four-Way Intersection","Smooth Asphalt",0,0,0,0,0,0,0,"2 lanes",2,0,NA,0,NA
3799,4168,"Greensboro","Guilford","Piedmont","Commercial","Urban (>70% Developed)",NA,"Urban","30 - 35  MPH","Yield Sign","Clear","No",58,"50-59","No",NA,"Facing Traffic","C: Possible Injury","Sidewalk / Crosswalk / Driveway Crossing","Black","Male",21,"20-24","No",NA,"16-20 mph","C: Possible Injury","Black","Male","Sport Utility","No","27JUL2010","Tuesday","Bicyclist Failed to Yield - Sign-Controlled Intersection",12,"Intersection","July","C: Possible Injury",45120,"Bicyclist Ride Through - Sign-Controlled Intersection",2010,"Yes","No","Daylight","Curve - Hillcrest","Local Street","Dry","Two-Way, Divided, Unprotected Median","None","On or Off Ramp","Smooth Asphalt",0,0,0,0,0,0,0,"6 lanes",2,0,NA,0,NA
3800,4185,"Greenville","Pitt","Coastal","Residential","Urban (>70% Developed)",NA,"Urban","20 - 25  MPH","No Control Present","Clear","No",42,"40-49","No",NA,"With Traffic","C: Possible Injury","Bike Lane / Paved Shoulder","White","Male",24,"20-24","No",NA,"6-10 mph","O: No Injury","White","Male","Sport Utility","No","22APR2010","Thursday","Motorist Left Turn / Merge",19,"Non-Intersection","April","C: Possible Injury",69720,"Motorist Left Turn - Opposite Direction",2010,"Yes","No","Daylight","Straight - Level","Local Street","Dry","Two-Way, Not Divided","None","Bridge","Coarse Asphalt",0,0,0,0,0,0,0,"2 lanes",2,0,NA,0,NA
3801,6863,"Charlotte","Mecklenburg","Piedmont","Commercial","Urban (>70% Developed)",NA,"Urban","5 - 15 MPH","Stop Sign","Clear","No",28,"25-29","No",NA,"Facing Traffic","C: Possible Injury","Sidewalk / Crosswalk / Driveway Crossing","White","Male",43,"40-49","No",NA,"0-5 mph","O: No Injury","Black","Male","Sport Utility","No","13SEP2007","Thursday","Motorist Failed to Yield - Midblock",16,"Non-Intersection","September","C: Possible Injury",59820,"Motorist Drive Out - Commercial Driveway / Alley",2007,"Yes","No","Daylight","Straight - Level","NC Route","Dry","Two-Way, Divided, Positive Median Barrier","None","No Special Feature","Smooth Asphalt",0,0,0,0,0,0,0,"4 lanes",2,0,NA,0,NA
3802,6865,"Charlotte","Mecklenburg","Piedmont","Residential","Urban (>70% Developed)",NA,"Urban","5 - 15 MPH","No Control Present","Clear","No",4,"0-5","No",NA,NA,"C: Possible Injury","Non-Roadway","Black","Male",30,"30-39","No",NA,"0-5 mph","O: No Injury","Black","Female","Passenger Car","No","28MAY2007","Monday","Non-Roadway",16,"Non-Roadway","May","C: Possible Injury",59700,"Non-Roadway",2007,"No","No","Daylight","Straight - Level","Public Vehicular Area","Dry","Two-Way, Not Divided","None","No Special Feature","Smooth Asphalt",0,0,0,0,0,0,0,"2 lanes",2,0,NA,0,NA
3803,6868,"Asheville","Buncombe","Mountains","Commercial","Urban (>70% Developed)",NA,"Urban","30 - 35  MPH","Stop And Go Signal","Clear","No",38,"30-39","No",NA,"With Traffic","B: Evident Injury","Travel Lane","White","Male",NA,"70+","No",NA,"0-5 mph","O: No Injury","White","Female","Passenger Car","No","09JUN2007","Saturday","Motorist Left Turn / Merge",18,"Intersection","June","B: Evident Injury",67440,"Motorist Left Turn - Opposite Direction",2007,"No","No","Daylight","Straight - Grade","US Route","Dry","Two-Way, Not Divided","None","Related To Intersection","Smooth Asphalt",0,0,0,0,0,0,0,"4 lanes",2,0,NA,0,NA
3804,6869,"Rocky Mount","Nash","Coastal","Residential","Urban (>70% Developed)",NA,"Urban","20 - 25  MPH","No Control Present","Clear","No",47,"40-49","No",NA,"With Traffic","C: Possible Injury","Travel Lane","Black","Male",NA,NA,"Missing",NA,NA,"Unknown Injury","Unknown/Missing",NA,"Van","No","09JUN2007","Saturday","Bicyclist Overtaking Motorist",15,"Non-Intersection","June","C: Possible Injury",54240,"Bicyclist Overtaking - Parked Vehicle",2007,"Yes","No","Daylight","Straight - Level","Local Street","Dry","Two-Way, Not Divided","None","No Special Feature","Smooth Asphalt",0,0,0,0,0,0,0,"2 lanes",2,0,NA,0,NA
3805,6871,"Charlotte","Mecklenburg","Piedmont","Commercial","Urban (>70% Developed)",NA,"Urban","40 - 45  MPH","No Control Present","Cloudy","No",29,"25-29","No",NA,"Facing Traffic","B: Evident Injury","Bike Lane / Paved Shoulder","White","Male",42,"40-49","No",NA,"6-10 mph","O: No Injury","White","Male","Passenger Car","No","14SEP2007","Friday","Loss of Control / Turning Error",15,"Non-Intersection","September","B: Evident Injury",56700,"Motorist Turning Error - Right Turn",2007,"Yes","No","Daylight","Straight - Level","Local Street","Dry","Two-Way, Divided, Positive Median Barrier","None","Driveway, Public","Smooth Asphalt",0,0,0,0,0,0,0,"3 lanes",2,0,NA,0,NA
3806,6878,"Cary","Wake","Piedmont","Residential","Urban (>70% Developed)",NA,"Urban","20 - 25  MPH","No Control Present","Clear","No",11,"11-15","No",NA,NA,"B: Evident Injury","Travel Lane","White","Male",51,"50-59","No",NA,"16-20 mph","O: No Injury","Black","Female","Passenger Car","No","16SEP2007","Sunday","Crossing Paths - Other Circumstances",18,"Intersection","September","B: Evident Injury",66360,"Crossing Paths - Intersection - Other / Unknown",2007,"Yes","No","Daylight","Curve - Hillcrest","State Secondary Route","Dry","Two-Way, Not Divided","None","T-Intersection","Coarse Asphalt",0,0,0,0,0,0,0,NA,2,0,NA,0,NA
3807,6880,"Elon College","Alamance","Piedmont","Residential","Mixed (30% To 70% Developed)",NA,"Urban","30 - 35  MPH","Stop Sign","Clear","No",13,"11-15","No",NA,"With Traffic","B: Evident Injury","Travel Lane","White","Male",16,"0-19","No",NA,"36-40 mph","O: No Injury","White","Female","Passenger Car","No","11JUN2007","Monday","Bicyclist Left Turn / Merge",14,"Intersection","June","B: Evident Injury",53400,"Bicyclist Left Turn - Same Direction",2007,"Yes","No","Daylight","Straight - Level","Local Street",NA,"Two-Way, Divided, Unprotected Median",NA,"No Special Feature","Smooth Asphalt",0,0,0,0,0,0,0,"2 lanes",2,0,NA,0,NA
3808,6887,"Charlotte","Mecklenburg","Piedmont","Commercial","Mixed (30% To 70% Developed)",NA,"Urban","40 - 45  MPH","No Control Present","Clear","Yes",56,"50-59","No",NA,"With Traffic","B: Evident Injury","Travel Lane","White","Male",62,"60-69","No",NA,"0-5 mph","O: No Injury","Black","Male","Passenger Car","No","17SEP2007","Monday","Motorist Left Turn / Merge",6,"Intersection","September","B: Evident Injury",22740,"Motorist Left Turn - Opposite Direction",2007,"Yes","No","Dark - Lighted Roadway","Straight - Level","Local Street","Dry","Two-Way, Not Divided","Work Zone","T-Intersection","Coarse Asphalt",0,0,0,0,0,0,0,"2 lanes",2,0,NA,0,NA
3809,6893,"Charlotte","Mecklenburg","Piedmont","Residential","Urban (>70% Developed)",NA,"Urban","30 - 35  MPH","No Control Present","Clear","No",14,"11-15","No",NA,NA,"B: Evident Injury","Travel Lane","Hispanic","Male",57,"50-59","No",NA,"26-30 mph","O: No Injury","Black","Female","Passenger Car","No","18SEP2007","Tuesday","Motorist Failed to Yield - Sign-Controlled Intersection",17,"Intersection","September","B: Evident Injury",64680,"Motorist Drive Through - Sign-Controlled Intersection",2007,"Yes","No","Daylight","Straight - Level","Local Street","Dry","Two-Way, Not Divided","None","No Special Feature","Smooth Asphalt",0,0,0,0,0,0,0,"1 lane",2,0,NA,0,NA
3810,6899,"Raleigh","Wake","Piedmont","Commercial","Urban (>70% Developed)",NA,"Urban","40 - 45  MPH","Stop And Go Signal","Clear","No",15,"11-15","No",NA,"Facing Traffic","Unknown Injury",NA,"Unknown/Missing",NA,54,"50-59","No",NA,NA,"O: No Injury","White","Female","Light Truck (Mini-Van, Panel)","No","17JUN2007","Sunday","Motorist Failed to Yield - Signalized Intersection",16,"Intersection","June","O: No Injury",60420,"Motorist Drive Out - Right Turn on Red",2007,"No","No","Daylight","Straight - Hillcrest","Local Street","Dry","One-Way, Not Divided","None","On or Off Ramp","Smooth Asphalt",0,0,0,0,0,0,0,"1 lane",2,0,NA,0,NA
3811,6906,"None - Rural Crash","Buncombe","Mountains","Residential","Urban (>70% Developed)",NA,"Rural","5 - 15 MPH","No Control Present","Clear","No",11,"11-15","No",NA,NA,"B: Evident Injury","Travel Lane","Hispanic","Female",17,"0-19","No",NA,"11-15 mph","Unknown Injury","Unknown/Missing",NA,NA,"No","22JUN2007","Friday","Non-Roadway",19,"Non-Roadway","June","B: Evident Injury",69300,"Non-Roadway",2007,"Yes","Yes","Daylight","Straight - Grade","Public Vehicular Area","Dry","Two-Way, Not Divided","None","Driveway, Public","Smooth Asphalt",0,0,0,0,0,0,0,"2 lanes",2,0,NA,0,NA
3812,6914,"None - Rural Crash","Iredell","Piedmont","Farms, Woods, Pastures","Rural (<30% Developed)",NA,"Rural","50 - 55  MPH","Double Yellow Line, No Passing Zone","Clear","No",22,"20-24","No",NA,"With Traffic","O: No Injury","Travel Lane","White","Male",50,"50-59","No",NA,"51-55 mph","O: No Injury","White","Female","Van","No","23JUN2007","Saturday","Motorist Overtaking Bicyclist",21,"Non-Intersection","June","O: No Injury",76200,"Motorist Overtaking - Undetected Bicyclist",2007,"No","No","Dark - Roadway Not Lighted","Straight - Level","State Secondary Route","Dry","Two-Way, Not Divided","None","No Special Feature","Coarse Asphalt",0,0,0,0,0,0,0,"2 lanes",2,0,NA,0,NA
3813,6916,"Charlotte","Mecklenburg","Piedmont","Residential","Urban (>70% Developed)",NA,"Urban","20 - 25  MPH","No Control Present","Clear","No",46,"40-49","No",NA,"With Traffic","B: Evident Injury","Sidewalk / Crosswalk / Driveway Crossing","Black","Male",56,"50-59","No",NA,"26-30 mph","O: No Injury","Black","Male","Passenger Car","No","26SEP2007","Wednesday","Motorist Failed to Yield - Sign-Controlled Intersection",19,"Intersection","September","B: Evident Injury",71760,"Motorist Drive Out - Sign-Controlled Intersection",2007,"Yes","No","Dark - Lighted Roadway","Straight - Level","Local Street","Dry","Two-Way, Not Divided","None","No Special Feature","Concrete",0,0,0,0,0,0,0,"2 lanes",2,0,NA,0,NA
3814,6923,"Wilson","Wilson","Coastal","Commercial","Urban (>70% Developed)",NA,"Urban","30 - 35  MPH","Stop And Go Signal","Clear","No",23,"20-24","No",NA,"With Traffic","B: Evident Injury","Travel Lane","Hispanic","Male",NA,"70+","No",NA,"0-5 mph","O: No Injury","Black","Male","Taxicab","No","24JUN2007","Sunday","Motorist Failed to Yield - Signalized Intersection",12,"Intersection","June","B: Evident Injury",45000,"Motorist Drive Out - Right Turn on Red",2007,"Yes","No","Daylight","Straight - Level","Local Street","Dry","Two-Way, Not Divided","None","Four-Way Intersection","Coarse Asphalt",0,0,0,0,0,0,0,"3 lanes",2,0,NA,0,NA
3815,6927,"Hickory","Catawba","Piedmont","Commercial","Urban (>70% Developed)",NA,"Urban","40 - 45  MPH","Stop Sign","Cloudy","No",24,"20-24","No",NA,"Facing Traffic","O: No Injury","Travel Lane","White","Male",43,"40-49","No",NA,"0-5 mph","O: No Injury","White","Female","Passenger Car","No","25JUN2007","Monday","Motorist Failed to Yield - Sign-Controlled Intersection",19,"Intersection","June","O: No Injury",69120,"Motorist Drive Out - Sign-Controlled Intersection",2007,"Yes","No","Daylight","Straight - Grade","Local Street","Dry","Two-Way, Divided, Positive Median Barrier","None","No Special Feature","Smooth Asphalt",0,0,0,0,0,0,0,"6 lanes",2,0,NA,0,NA
3816,6938,"Charlotte","Mecklenburg","Piedmont","Residential","Urban (>70% Developed)",NA,"Urban","30 - 35  MPH","Stop Sign","Clear","No",NA,NA,"No",NA,"Facing Traffic","Unknown Injury","Travel Lane","Unknown/Missing",NA,49,"40-49","No",NA,"0-5 mph","O: No Injury","Black","Female","Sport Utility","No","02OCT2007","Tuesday","Motorist Failed to Yield - Sign-Controlled Intersection",18,"Intersection","October","O: No Injury",65580,"Motorist Drive Out - Sign-Controlled Intersection",2007,"Yes","No","Daylight","Straight - Level","Local Street","Dry","Two-Way, Divided, Unprotected Median","None","No Special Feature","Smooth Asphalt",0,0,0,0,0,0,0,"2 lanes",2,0,NA,0,NA
3817,6945,"Durham","Durham","Piedmont","Commercial","Urban (>70% Developed)",NA,"Urban","5 - 15 MPH","No Control Present","Clear","No",14,"11-15","No",NA,NA,"C: Possible Injury","Non-Roadway","Black","Male",38,"30-39","No",NA,"6-10 mph","O: No Injury","Black","Male","Passenger Car","No","03OCT2007","Wednesday","Non-Roadway",16,"Non-Roadway","October","C: Possible Injury",58800,"Non-Roadway",2007,"No","No","Daylight","Straight - Level","Public Vehicular Area","Dry","Two-Way, Not Divided","Obstruction In Roadway","Driveway, Public","Smooth Asphalt",0,0,0,0,0,0,0,NA,2,0,NA,0,NA
3818,6947,"None - Rural Crash","Beaufort","Coastal","Residential","Rural (<30% Developed)",NA,"Rural","50 - 55  MPH","Double Yellow Line, No Passing Zone","Clear","No",51,"50-59","No",NA,"With Traffic","B: Evident Injury","Travel Lane","White","Male",NA,"70+","No",NA,"31-35 mph","O: No Injury","White","Male","Passenger Car","No","30JUN2007","Saturday","Motorist Overtaking Bicyclist",11,"Non-Intersection","June","B: Evident Injury",41040,"Motorist Overtaking - Other / Unknown",2007,"Yes","No","Daylight","Straight - Level","State Secondary Route","Dry","Two-Way, Not Divided","None","No Special Feature","Smooth Asphalt",0,0,0,0,0,0,0,"2 lanes",2,0,NA,0,NA
3819,6948,"Huntersville","Mecklenburg","Piedmont","Commercial","Urban (>70% Developed)",NA,"Urban","20 - 25  MPH","Stop And Go Signal","Clear","No",37,"30-39","No",NA,"With Traffic","B: Evident Injury","Travel Lane","White","Male",58,"50-59","No",NA,"6-10 mph","O: No Injury","White","Male","Single Unit Truck (3 Or More Axles)","No","22AUG2007","Wednesday","Loss of Control / Turning Error",7,"Non-Intersection","August","B: Evident Injury",27840,"Bicyclist Lost Control - Mechanical Problems",2007,"Yes","No","Daylight","Straight - Level","Local Street","Dry","Two-Way, Not Divided","None","Four-Way Intersection","Smooth Asphalt",0,0,0,0,0,0,0,"2 lanes",2,0,NA,0,NA
3820,6950,"Fayetteville","Cumberland","Coastal","Commercial","Urban (>70% Developed)",NA,"Urban","30 - 35  MPH","Stop Sign","Cloudy","No",13,"11-15","No",NA,"Facing Traffic","B: Evident Injury","Travel Lane","Black","Female",26,"25-29","No",NA,"0-5 mph","O: No Injury","Black","Female","Passenger Car","No","30JUN2007","Saturday","Motorist Failed to Yield - Midblock",17,"Non-Intersection","June","B: Evident Injury",61260,"Motorist Drive Out - Commercial Driveway / Alley",2007,"Yes","No","Daylight","Straight - Level","Local Street","Wet","Two-Way, Not Divided","None","No Special Feature","Coarse Asphalt",0,0,0,0,0,0,0,"2 lanes",2,0,NA,0,NA
3821,6951,"Salisbury","Rowan","Piedmont","Residential","Urban (>70% Developed)",NA,"Urban","30 - 35  MPH","Stop Sign","Cloudy","No",48,"40-49","No",NA,"With Traffic","B: Evident Injury","Travel Lane","White","Male",32,"30-39","No",NA,"11-15 mph","O: No Injury","White","Female","Passenger Car","No","04OCT2007","Thursday","Bicyclist Failed to Yield - Sign-Controlled Intersection",17,"Intersection","October","B: Evident Injury",63000,"Bicyclist Ride Through - Sign-Controlled Intersection",2007,"No","No","Daylight","Straight - Level","Local Street","Dry","Two-Way, Not Divided","None","T-Intersection","Smooth Asphalt",0,0,0,0,0,0,0,"2 lanes",2,0,NA,0,NA
3822,6953,"Durham","Durham","Piedmont","Commercial","Mixed (30% To 70% Developed)",NA,"Urban","40 - 45  MPH","No Control Present","Clear","No",13,"11-15","No",NA,"With Traffic","C: Possible Injury","Bike Lane / Paved Shoulder","Black","Male",64,"60-69","No",NA,"41-45 mph","O: No Injury","Black","Male","Light Truck (Mini-Van, Panel)","No","04OCT2007","Thursday","Motorist Overtaking Bicyclist",7,"Non-Intersection","October","C: Possible Injury",26160,"Motorist Overtaking - Other / Unknown",2007,"Yes","No","Dawn","Straight - Level","NC Route","Dry","Two-Way, Divided, Positive Median Barrier","None","No Special Feature","Smooth Asphalt",0,0,0,0,0,0,0,"4 lanes",2,0,NA,0,NA
3823,6959,"Rocky Mount","Nash","Coastal","Residential","Urban (>70% Developed)",NA,"Urban","30 - 35  MPH","No Control Present","Cloudy","No",44,"40-49","No",NA,"With Traffic","B: Evident Injury","Travel Lane","Black","Male",NA,NA,"No",NA,"0-5 mph","Unknown Injury","Unknown/Missing",NA,NA,"No","01JUL2007","Sunday","Motorist Failed to Yield - Midblock",4,"Non-Intersection","July","B: Evident Injury",16920,"Motorist Drive Out - Commercial Driveway / Alley",2007,"No","Yes","Daylight","Straight - Level","Local Street","Dry","Two-Way, Not Divided","None","No Special Feature","Smooth Asphalt",0,0,0,0,0,0,0,"2 lanes",2,0,NA,0,NA
3824,6962,"Morehead City","Carteret","Coastal","Commercial","Urban (>70% Developed)",NA,"Urban","30 - 35  MPH","No Control Present","Clear","No",23,"20-24","No",NA,"Facing Traffic","C: Possible Injury","Travel Lane","White","Male",NA,"70+","No",NA,"0-5 mph","O: No Injury","White","Male","Sport Utility","No","02JUL2007","Monday","Motorist Failed to Yield - Sign-Controlled Intersection",15,"Intersection","July","C: Possible Injury",54540,"Motorist Drive Out - Sign-Controlled Intersection",2007,"Yes","No","Daylight","Straight - Hillcrest","Local Street","Dry","Two-Way, Not Divided","None","No Special Feature","Coarse Asphalt",0,0,0,0,0,0,0,"3 lanes",2,0,NA,0,NA
3825,6966,"Jacksonville","Onslow","Coastal","Commercial","Urban (>70% Developed)",NA,"Urban","30 - 35  MPH","Stop And Go Signal","Cloudy","No",17,"16-19","No",NA,"With Traffic","C: Possible Injury","Sidewalk / Crosswalk / Driveway Crossing","Hispanic","Male",50,"50-59","No",NA,"31-35 mph","O: No Injury","Black","Female","Passenger Car","No","03JUL2007","Tuesday","Bicyclist Failed to Yield - Signalized Intersection",14,"Intersection","July","C: Possible Injury",51180,"Bicyclist Failed to Clear - Trapped",2007,"No","No","Daylight","Straight - Level","Local Street","Dry","Two-Way, Not Divided","None","Four-Way Intersection","Smooth Asphalt",0,0,0,0,0,0,0,"5 lanes",2,0,NA,0,NA
3826,6973,"None - Rural Crash","Dare","Coastal","Commercial","Urban (>70% Developed)",NA,"Rural",NA,"No Control Present","Clear","No",5,"0-5","No",NA,NA,"B: Evident Injury","Non-Roadway","White","Male",61,"60-69","No",NA,"0-5 mph","O: No Injury","White","Male","Sport Utility","No","06JUL2007","Friday","Non-Roadway",13,"Non-Roadway","July","B: Evident Injury",49200,"Non-Roadway",2007,"Yes","No","Daylight","Straight - Level","Public Vehicular Area","Dry","Two-Way, Not Divided","None","Driveway, Public","Smooth Asphalt",0,0,0,0,0,0,0,NA,2,0,NA,0,NA
3827,6974,"None - Rural Crash","Harnett","Coastal","Farms, Woods, Pastures","Rural (<30% Developed)",NA,"Rural","50 - 55  MPH","No Control Present","Clear","No",19,"16-19","No",NA,"Not Applicable","K: Killed",NA,"White","Male",43,"40-49","No",NA,"51-55 mph","O: No Injury","White","Male","Sport Utility","No","06JUL2007","Friday","Bicyclist Failed to Yield - Midblock",3,"Non-Intersection","July","K: Killed",12720,"Bicyclist Ride Out - Other Midblock",2007,"Yes","No","Dark - Roadway Not Lighted","Straight - Level","NC Route","Dry","Two-Way, Divided, Unprotected Median","None","No Special Feature","Coarse Asphalt",0,0,0,0,0,0,0,"4 lanes",2,0,NA,0,NA