"...1","object_id","city","county","region","development","locality","on_road","rural_urban","speed_limit","traffic_control","weather","workzone","bike_age","bike_age_group","bike_alcohol","bike_alcohol_drugs","bike_direction","bike_injury","bike_position","bike_race","bike_sex","driver_age","driver_age_group","driver_alcohol","driver_alcohol_drugs","driver_est_speed","driver_injury","driver_race","driver_sex","driver_vehicle_type","crash_alcohol","crash_date","crash_day","crash_group","crash_hour","crash_location","crash_month","crash_severity","crash_time","crash_type","crash_year","ambulance_req","hit_run","light_condition","road_character","road_class","road_condition","road_configuration","road_defects","road_feature","road_surface","num_bikes_ai","num_bikes_bi","num_bikes_ci","num_bikes_ki","num_bikes_no","num_bikes_to","num_bikes_ui","num_lanes","num_units","distance_mi_from","frm_road","rte_invd_cd","towrd_road"
3828,6978,"Zebulon","Wake","Piedmont","Commercial","Rural (<30% Developed)",NA,"Rural","30 - 35  MPH","No Control Present","Clear","No",35,"30-39","No",NA,"With Traffic","B: Evident Injury","Bike Lane / Paved Shoulder","White","Male",25,"25-29","No",NA,NA,"Unknown Injury","Unknown/Missing","Male","Passenger Car","No","23MAY2007","Wednesday","Motorist Overtaking Bicyclist",8,"Non-Intersection","May","B: Evident Injury",28800,"Motorist Overtaking - Other / Unknown",2007,"No","No","Daylight","Straight - Level","US Route","Dry","Two-Way, Not Divided","None","No Special Feature","Coarse Asphalt",0,0,0,0,0,0,0,"2 lanes",2,0,NA,0,NA
3829,6982,"Randleman","Randolph","Piedmont","Commercial","Urban (>70% Developed)",NA,"Rural","30 - 35  MPH","No Control Present","Clear","No",36,"30-39","No",NA,"With Traffic","B: Evident Injury","Travel Lane","White","Male",19,"0-19","No",NA,"0-5 mph","O: No Injury","White","Female","Passenger Car","No","08OCT2007","Monday","Motorist Failed to Yield - Midblock",13,"Non-Intersection","October","B: Evident Injury",47220,"Motorist Drive Out - Commercial Driveway / Alley",2007,"Yes","No","Daylight","Straight - Level","US Route","Dry","Two-Way, Not Divided","None","Driveway, Public","Smooth Asphalt",0,0,0,0,0,0,0,"3 lanes",2,0,NA,0,NA
3830,6983,"None - Rural Crash","Brunswick","Coastal","Commercial","Mixed (30% To 70% Developed)",NA,"Rural","50 - 55  MPH","Stop And Go Signal","Cloudy","No",49,"40-49","No",NA,"With Traffic","O: No Injury","Travel Lane","White","Male",69,"60-69","No",NA,"11-15 mph","O: No Injury","White","Female","Passenger Car","No","09JUL2007","Monday","Motorist Right Turn / Merge",12,"Intersection","July","O: No Injury",43200,"Motorist Right Turn - Same Direction",2007,"No","No","Daylight","Straight - Level","NC Route","Dry","Two-Way, Not Divided","None","Four-Way Intersection","Smooth Asphalt",0,0,0,0,0,0,0,"2 lanes",2,0,NA,0,NA
3831,6986,"Hickory","Catawba","Piedmont","Commercial","Urban (>70% Developed)",NA,"Urban","30 - 35  MPH","Stop And Go Signal","Cloudy","No",33,"30-39","No",NA,"With Traffic","B: Evident Injury","Travel Lane","White","Male",NA,"70+","No",NA,"0-5 mph","O: No Injury","White","Female","Passenger Car","No","10JUL2007","Tuesday","Motorist Left Turn / Merge",12,"Intersection","July","B: Evident Injury",44040,"Motorist Left Turn - Opposite Direction",2007,"Yes","No","Daylight","Straight - Level","Local Street","Dry","Two-Way, Not Divided","None","Four-Way Intersection","Coarse Asphalt",0,0,0,0,0,0,0,"3 lanes",2,0,NA,0,NA
3832,6988,"Kill Devil Hills","Dare","Coastal","Residential","Urban (>70% Developed)",NA,"Urban","30 - 35  MPH","Stop Sign","Clear","No",20,"20-24","No",NA,"Facing Traffic","C: Possible Injury","Multi-use Path","White","Female",54,"50-59","No",NA,"0-5 mph","O: No Injury","White","Male","Passenger Car","No","11JUL2007","Wednesday","Motorist Failed to Yield - Sign-Controlled Intersection",12,"Intersection","July","C: Possible Injury",46500,"Motorist Drive Out - Sign-Controlled Intersection",2007,"Yes","No","Daylight","Straight - Level","Local Street","Dry","Two-Way, Not Divided","None","T-Intersection","Coarse Asphalt",0,0,0,0,0,0,0,"2 lanes",2,0,NA,0,NA
3833,6996,"Raleigh","Wake","Piedmont","Residential","Urban (>70% Developed)",NA,"Urban","30 - 35  MPH","Stop Sign","Clear","No",13,"11-15","No",NA,"With Traffic","O: No Injury","Travel Lane","Hispanic","Male",66,"60-69","No",NA,"21-25 mph","O: No Injury","Black","Male","Passenger Car","No","13JUL2007","Friday","Bicyclist Failed to Yield - Sign-Controlled Intersection",19,"Intersection","July","O: No Injury",69600,"Bicyclist Ride Through - Sign-Controlled Intersection",2007,"No","No","Daylight","Straight - Grade","Local Street","Dry","Two-Way, Not Divided","None","T-Intersection","Smooth Asphalt",0,0,0,0,0,0,0,"4 lanes",2,0,NA,0,NA
3834,3536,"Gastonia","Gaston","Piedmont","Residential","Urban (>70% Developed)",NA,"Urban","40 - 45  MPH","No Control Present","Clear","No",63,"60-69","No",NA,"Facing Traffic","B: Evident Injury","Travel Lane","Black","Male",NA,"70+","No",NA,NA,"O: No Injury","White","Male","Passenger Car","No","16OCT2011","Sunday","Motorist Failed to Yield - Midblock",17,"Non-Intersection","October","B: Evident Injury",63360,"Motorist Drive Out - Residential Driveway",2011,"No","No","Daylight","Straight - Level","NC Route","Dry","Two-Way, Divided, Unprotected Median","None","Driveway, Private","Smooth Asphalt",0,0,0,0,0,0,0,"4 lanes",2,0,NA,0,NA
3835,3545,"Charlotte","Mecklenburg","Piedmont","Residential","Urban (>70% Developed)",NA,"Urban","30 - 35  MPH","No Control Present","Clear","No",24,"20-24","No",NA,"Facing Traffic","C: Possible Injury","Travel Lane","Black","Male",NA,NA,"Missing",NA,"16-20 mph","Unknown Injury","Unknown/Missing",NA,NA,"No","26OCT2011","Wednesday","Loss of Control / Turning Error",22,"Non-Intersection","October","C: Possible Injury",81480,"Motorist Turning Error - Right Turn",2011,"Yes","Yes","Dark - Lighted Roadway","Straight - Level","Local Street","Dry","Two-Way, Divided, Unprotected Median","None","No Special Feature","Smooth Asphalt",0,0,0,0,0,0,0,"6 lanes",2,0,NA,0,NA
3836,3549,"Charlotte","Mecklenburg","Piedmont","Commercial","Urban (>70% Developed)",NA,"Urban","30 - 35  MPH","No Control Present","Clear","No",30,"30-39","Yes",NA,"Not Applicable","B: Evident Injury","Bike Lane / Paved Shoulder","White","Male",57,"50-59","No",NA,"31-35 mph","O: No Injury","Black","Male","Sport Utility","Yes","11NOV2011","Friday","Bicyclist Failed to Yield - Midblock",15,"Non-Intersection","November","B: Evident Injury",55500,"Bicyclist Ride Out - Other Midblock",2011,"No","No","Daylight","Straight - Level","Local Street","Dry","Two-Way, Not Divided","None","T-Intersection","Smooth Asphalt",0,0,0,0,0,0,0,"4 lanes",2,0,NA,0,NA
3837,3559,"Greensboro","Guilford","Piedmont","Residential","Urban (>70% Developed)",NA,"Urban","40 - 45  MPH","No Control Present","Clear","No",50,"50-59","No",NA,"With Traffic","C: Possible Injury","Travel Lane","White","Male",NA,"70+","No",NA,"36-40 mph","O: No Injury","White","Female",NA,"No","26OCT2011","Wednesday","Motorist Overtaking Bicyclist",21,"Non-Intersection","October","C: Possible Injury",76560,"Motorist Overtaking - Misjudged Space",2011,"Yes","Yes","Dark - Lighted Roadway","Straight - Grade","Local Street","Dry","Two-Way, Divided, Positive Median Barrier","None","No Special Feature","Smooth Asphalt",0,0,0,0,0,0,0,"4 lanes",2,0,NA,0,NA
3838,3560,"Greensboro","Guilford","Piedmont","Residential","Urban (>70% Developed)",NA,"Urban","20 - 25  MPH","No Control Present","Clear","No",7,"6-10","No",NA,"Not Applicable","B: Evident Injury","Driveway / Alley","Asian","Male",51,"50-59","No",NA,"16-20 mph","O: No Injury","White","Male","Passenger Car","No","25OCT2011","Tuesday","Bicyclist Failed to Yield - Midblock",18,"Non-Intersection","October","B: Evident Injury",65040,"Bicyclist Ride Out - Residential Driveway",2011,"Yes","No","Daylight","Straight - Hillcrest","Local Street","Dry","Two-Way, Not Divided","None","No Special Feature","Coarse Asphalt",0,0,0,0,0,0,0,"2 lanes",2,0,NA,0,NA
3839,3570,"Raleigh","Wake","Piedmont","Commercial","Urban (>70% Developed)",NA,"Urban","20 - 25  MPH","Stop And Go Signal","Rain","No",NA,NA,"Missing",NA,"Facing Traffic","Unknown Injury","Travel Lane","Unknown/Missing",NA,58,"50-59","No",NA,"6-10 mph","O: No Injury","Black","Male","Passenger Car","No","17NOV2011","Thursday","Crossing Paths - Other Circumstances",6,"Intersection","November","O: No Injury",24300,"Signalized Intersection - Other / Unknown",2011,"No","No","Daylight","Straight - Level","Local Street","Wet","Two-Way, Divided, Unprotected Median","None","No Special Feature","Smooth Asphalt",0,0,0,0,0,0,0,"7 lanes",2,0,NA,0,NA
3840,3571,"Knightdale","Wake","Piedmont","Commercial","Mixed (30% To 70% Developed)",NA,"Urban","40 - 45  MPH","Stop Sign","Rain","No",55,"50-59","No",NA,"With Traffic","B: Evident Injury","Travel Lane","White","Male",17,"0-19","No",NA,"0-5 mph","O: No Injury","Black","Female","Passenger Car","No","17NOV2011","Thursday","Motorist Failed to Yield - Sign-Controlled Intersection",8,"Intersection","November","B: Evident Injury",29160,"Motorist Drive Out - Sign-Controlled Intersection",2011,"Yes","No","Daylight","Straight - Level","Local Street","Wet","Two-Way, Not Divided","None","Four-Way Intersection","Coarse Asphalt",0,0,0,0,0,0,0,"2 lanes",2,0,NA,0,NA
3841,3582,"Charlotte","Mecklenburg","Piedmont","Commercial","Urban (>70% Developed)",NA,"Urban","30 - 35  MPH","Stop And Go Signal","Clear","No",46,"40-49","Yes",NA,"With Traffic","B: Evident Injury","Travel Lane","Hispanic","Male",44,"40-49","No",NA,"31-35 mph","O: No Injury","Black","Female","Sport Utility","Yes","26NOV2011","Saturday","Bicyclist Failed to Yield - Signalized Intersection",17,"Intersection-Related","November","B: Evident Injury",63900,"Bicyclist Ride Through - Signalized Intersection",2011,"Yes","No","Dark - Lighted Roadway","Straight - Level","Local Street","Dry","Two-Way, Divided, Unprotected Median","None","No Special Feature","Smooth Asphalt",0,0,0,0,0,0,0,"4 lanes",2,0,NA,0,NA
3842,3583,"Charlotte","Mecklenburg","Piedmont","Commercial","Urban (>70% Developed)",NA,"Urban","40 - 45  MPH","No Control Present","Rain","No",48,"40-49","Yes",NA,NA,"C: Possible Injury",NA,"White","Male",NA,NA,"Missing",NA,"41-45 mph","Unknown Injury","Unknown/Missing",NA,NA,"Yes","04NOV2011","Friday","Other / Unknown - Insufficient Details",0,"Non-Intersection","November","C: Possible Injury",1920,"Unknown Approach Paths",2011,"Yes","Yes","Dark - Lighted Roadway","Straight - Level","Local Street","Wet","Two-Way, Divided, Unprotected Median","Road Surface Condition","No Special Feature","Smooth Asphalt",0,0,0,0,0,0,0,"4 lanes",2,0,NA,0,NA
3843,3585,"Wilmington","New Hanover","Coastal","Commercial","Urban (>70% Developed)",NA,"Urban","40 - 45  MPH","Stop And Go Signal","Cloudy","No",23,"20-24","No",NA,"Not Applicable","C: Possible Injury","Travel Lane","White","Male",29,"25-29","No",NA,"41-45 mph","O: No Injury","White","Female","Van","No","04NOV2011","Friday","Bicyclist Failed to Yield - Signalized Intersection",10,"Intersection-Related","November","C: Possible Injury",38940,"Bicyclist Ride Out - Signalized  Intersection",2011,"Yes","No","Daylight","Straight - Level","NC Route","Dry","Two-Way, Not Divided","None","No Special Feature","Coarse Asphalt",0,0,0,0,0,0,0,"9 or more lanes",2,0,NA,0,NA
3844,3587,"Cary","Wake","Piedmont","Residential","Mixed (30% To 70% Developed)",NA,"Urban","30 - 35  MPH","Stop Sign","Clear","No",39,"30-39","No",NA,"With Traffic","B: Evident Injury","Travel Lane","Black","Female",17,"0-19","No",NA,"16-20 mph","O: No Injury","Unknown/Missing","Male","Passenger Car","No","05NOV2011","Saturday","Motorist Failed to Yield - Sign-Controlled Intersection",13,"Intersection","November","B: Evident Injury",50220,"Motorist Drive Out - Sign-Controlled Intersection",2011,"Yes","No","Daylight","Straight - Level","State Secondary Route","Dry","Two-Way, Divided, Unprotected Median","None","T-Intersection","Smooth Asphalt",0,0,0,0,0,0,0,"2 lanes",2,0,NA,0,NA
3845,3589,"Charlotte","Mecklenburg","Piedmont","Commercial","Mixed (30% To 70% Developed)",NA,"Urban","40 - 45  MPH","Stop And Go Signal","Clear","No",54,"50-59","No",NA,"With Traffic","Unknown Injury","Sidewalk / Crosswalk / Driveway Crossing","Black","Male",50,"50-59","No",NA,"11-15 mph","O: No Injury","Black","Female","Passenger Car","No","30NOV2011","Wednesday","Motorist Left Turn / Merge",16,"Intersection","November","O: No Injury",58200,"Motorist Left Turn - Opposite Direction",2011,"No","No","Daylight","Straight - Level","Local Street","Dry","Two-Way, Divided, Unprotected Median","None","Four-Way Intersection","Smooth Asphalt",0,0,0,0,0,0,0,"6 lanes",2,0,NA,0,NA
3846,3591,"Albemarle","Stanly","Piedmont","Residential","Urban (>70% Developed)",NA,"Urban","30 - 35  MPH","No Control Present","Cloudy","No",55,"50-59","No",NA,"With Traffic","O: No Injury","Travel Lane","Black","Male",26,"25-29","No",NA,"41-45 mph","O: No Injury","White","Female","Passenger Car","No","26JUL2011","Tuesday","Motorist Overtaking Bicyclist",23,"Intersection","July","O: No Injury",85860,"Motorist Overtaking - Misjudged Space",2011,"No","Yes","Dark - Lighted Roadway","Straight - Level","Local Street","Dry","Two-Way, Not Divided","None","No Special Feature","Smooth Asphalt",0,0,0,0,0,0,0,NA,2,0,NA,0,NA
3847,3592,"None - Rural Crash","Scotland","Coastal","Farms, Woods, Pastures","Rural (<30% Developed)",NA,"Rural","50 - 55  MPH","No Control Present","Clear","No",46,"40-49","No",NA,"With Traffic","B: Evident Injury","Travel Lane","White","Male",49,"40-49","No",NA,"41-45 mph","O: No Injury","Black","Female","Passenger Car","No","30NOV2011","Wednesday","Motorist Overtaking Bicyclist",15,"Non-Intersection","November","B: Evident Injury",56460,"Motorist Overtaking - Undetected Bicyclist",2011,"Yes","No","Daylight","Straight - Level","State Secondary Route","Dry","Two-Way, Not Divided","None","No Special Feature","Smooth Asphalt",0,0,0,0,0,0,0,"2 lanes",2,0,NA,0,NA
3848,3594,"Burlington","Alamance","Piedmont","Commercial","Urban (>70% Developed)",NA,"Urban","30 - 35  MPH","Stop Sign","Clear","No",55,"50-59","Yes",NA,"With Traffic","C: Possible Injury","Travel Lane","Black","Male",56,"50-59","No",NA,"26-30 mph","O: No Injury","White","Female","Sport Utility","Yes","07NOV2011","Monday","Motorist Left Turn / Merge",18,"Intersection","November","C: Possible Injury",67500,"Motorist Left Turn - Opposite Direction",2011,"No","No","Dark - Roadway Not Lighted","Straight - Level","Local Street","Dry","Two-Way, Not Divided","None","Four-Way Intersection","Coarse Asphalt",0,0,0,0,0,0,0,"4 lanes",2,0,NA,0,NA
3849,3600,"Chapel Hill","Orange","Piedmont","Residential","Urban (>70% Developed)",NA,"Urban","20 - 25  MPH","Stop Sign","Clear","No",8,"6-10","No",NA,"With Traffic","B: Evident Injury","Travel Lane","Black","Male",46,"40-49","No",NA,NA,"O: No Injury","Black","Male","Sport Utility","No","12NOV2011","Saturday","Bicyclist Failed to Yield - Sign-Controlled Intersection",15,"Intersection","November","B: Evident Injury",57300,"Bicyclist Ride Through - Sign-Controlled Intersection",2011,"Yes","No","Daylight","Straight - Grade","Local Street","Dry","Two-Way, Not Divided","None","Four-Way Intersection","Smooth Asphalt",0,0,0,0,0,0,0,"2 lanes",2,0,NA,0,NA
3850,3601,"Charlotte","Mecklenburg","Piedmont","Commercial","Urban (>70% Developed)",NA,"Urban","30 - 35  MPH","Stop And Go Signal","Clear","No",49,"40-49","No",NA,"With Traffic","B: Evident Injury","Bike Lane / Paved Shoulder","White","Male",52,"50-59","No",NA,"0-5 mph","O: No Injury","Black","Male","Passenger Car","No","08NOV2011","Tuesday","Motorist Right Turn / Merge",10,"Intersection","November","B: Evident Injury",38820,"Motorist Right Turn - Same Direction",2011,"No","No","Daylight","Straight - Level","Local Street","Dry","Two-Way, Not Divided","None","Four-Way Intersection","Smooth Asphalt",0,0,0,0,0,0,0,"2 lanes",2,0,NA,0,NA
3851,3608,"Laurinburg","Scotland","Coastal","Farms, Woods, Pastures","Mixed (30% To 70% Developed)",NA,"Urban",NA,"No Control Present","Cloudy","No",5,"0-5","No",NA,"Not Applicable","B: Evident Injury","Driveway / Alley","Black","Female",21,"20-24","No",NA,NA,"O: No Injury","Black","Female","Van","No","16NOV2011","Wednesday","Non-Roadway",14,"Non-Roadway","November","B: Evident Injury",52500,"Non-Roadway",2011,"No","No","Daylight","Straight - Level","Private Road, Driveway","Other",NA,"None","No Special Feature","Sand",0,0,0,0,0,0,0,NA,2,0,NA,0,NA
3852,3611,"None - Rural Crash","Randolph","Piedmont","Commercial","Mixed (30% To 70% Developed)",NA,"Rural","50 - 55  MPH","No Control Present","Clear","No",53,"50-59","Yes",NA,"With Traffic","B: Evident Injury","Travel Lane","White","Male",47,"40-49","No",NA,"51-55 mph","O: No Injury","White","Female","Passenger Car","Yes","10DEC2011","Saturday","Motorist Overtaking Bicyclist",20,"Non-Intersection","December","B: Evident Injury",73860,"Motorist Overtaking - Undetected Bicyclist",2011,"Yes","No","Dark - Roadway Not Lighted","Straight - Grade","US Route","Dry","Two-Way, Not Divided","None","No Special Feature","Smooth Asphalt",0,0,0,0,0,0,0,"5 lanes",2,0,NA,0,NA
3853,3612,"None - Rural Crash","Mcdowell","Mountains","Farms, Woods, Pastures","Rural (<30% Developed)",NA,"Rural","50 - 55  MPH","Double Yellow Line, No Passing Zone","Clear","No",37,"30-39","No",NA,"With Traffic","B: Evident Injury","Travel Lane","White","Male",42,"40-49","No",NA,"46-50 mph","O: No Injury","White","Male","Pickup","No","13DEC2011","Tuesday","Motorist Overtaking Bicyclist",6,"Non-Intersection","December","B: Evident Injury",23520,"Motorist Overtaking - Other / Unknown",2011,"Yes","No","Dark - Roadway Not Lighted","Straight - Grade","US Route","Dry","Two-Way, Not Divided","None","No Special Feature","Smooth Asphalt",0,0,0,0,0,0,0,"2 lanes",2,0,NA,0,NA
3854,3614,"Charlotte","Mecklenburg","Piedmont","Commercial","Urban (>70% Developed)",NA,"Urban","30 - 35  MPH","Stop And Go Signal","Rain","No",38,"30-39","No",NA,"Facing Traffic","C: Possible Injury","Sidewalk / Crosswalk / Driveway Crossing","White","Male",49,"40-49","No",NA,"6-10 mph","O: No Injury","White","Male","Passenger Car","No","06DEC2011","Tuesday","Motorist Right Turn / Merge",7,"Intersection","December","C: Possible Injury",26820,"Motorist Right Turn - Opposite Direction",2011,"Yes","No","Dusk","Straight - Level","Local Street","Wet","Two-Way, Not Divided","None","No Special Feature","Smooth Asphalt",0,0,0,0,0,0,0,"4 lanes",2,0,NA,0,NA
3855,3620,"Raleigh","Wake","Piedmont","Residential","Urban (>70% Developed)",NA,"Urban","20 - 25  MPH","No Control Present","Clear","No",13,"11-15","No",NA,"With Traffic","O: No Injury","Sidewalk / Crosswalk / Driveway Crossing","Black","Male",24,"20-24","No",NA,"0-5 mph","O: No Injury","White","Female","Police","No","11DEC2011","Sunday","Crossing Paths - Other Circumstances",17,"Intersection","December","O: No Injury",62520,"Crossing Paths - Intersection - Other / Unknown",2011,"Yes","No","Daylight","Straight - Level","Local Street","Dry","Two-Way, Divided, Unprotected Median","None","No Special Feature","Smooth Asphalt",0,0,0,0,0,0,0,"2 lanes",2,0,NA,0,NA
3856,3632,"None - Rural Crash","Caldwell","Mountains","Commercial","Mixed (30% To 70% Developed)",NA,"Rural","50 - 55  MPH","No Control Present","Cloudy","No",44,"40-49","No",NA,"With Traffic","B: Evident Injury","Bike Lane / Paved Shoulder","White","Male",22,"20-24","No",NA,"6-10 mph","O: No Injury","White","Male","Passenger Car","No","06DEC2011","Tuesday","Bicyclist Overtaking Motorist",7,"Non-Intersection","December","B: Evident Injury",28140,"Bicyclist Overtaking - Passing on Left",2011,"No","No","Dawn","Straight - Level","US Route","Wet","Two-Way, Divided, Positive Median Barrier","None","Traffic Circle/Roundabout","Smooth Asphalt",0,0,0,0,0,0,0,"5 lanes",2,0,NA,0,NA
3857,3633,"None - Rural Crash","Hoke","Coastal","Residential","Mixed (30% To 70% Developed)",NA,"Rural","50 - 55  MPH","No Control Present","Clear","No",43,"40-49","Yes",NA,"With Traffic","Unknown Injury","Travel Lane","Black","Male",NA,NA,"No",NA,"11-15 mph","Unknown Injury","Unknown/Missing",NA,"Passenger Car","Yes","24DEC2011","Saturday","Motorist Overtaking Bicyclist",20,"Non-Intersection","December","Unknown Injury",74400,"Motorist Overtaking - Other / Unknown",2011,"Yes","Yes","Dark - Roadway Not Lighted","Straight - Level","State Secondary Route","Dry","Two-Way, Not Divided","None","No Special Feature","Coarse Asphalt",0,0,0,0,0,0,0,"2 lanes",2,0,NA,0,NA
3858,3636,"Red Springs","Robeson","Coastal","Residential","Urban (>70% Developed)",NA,"Rural","30 - 35  MPH","Stop Sign","Rain","No",8,"6-10","No",NA,NA,"C: Possible Injury",NA,"Native American","Male",18,"0-19","No",NA,"16-20 mph","O: No Injury","Other","Male","Passenger Car","No","19NOV2011","Saturday","Crossing Paths - Other Circumstances",17,"Intersection-Related","November","C: Possible Injury",63900,"Sign-Controlled Intersection - Other / Unknown",2011,"Yes","No","Daylight","Straight - Level","Local Street","Wet","Two-Way, Not Divided","None","No Special Feature","Coarse Asphalt",0,0,0,0,0,0,0,"2 lanes",2,0,NA,0,NA
3859,3638,"Lumberton","Robeson","Coastal","Commercial","Mixed (30% To 70% Developed)",NA,"Urban","40 - 45  MPH","Stop And Go Signal","Cloudy","No",20,"20-24","No",NA,"Not Applicable","B: Evident Injury","Travel Lane","Black","Male",19,"0-19","No",NA,"41-45 mph","O: No Injury","White","Female","Passenger Car","No","31DEC2011","Saturday","Bicyclist Failed to Yield - Midblock",10,"Non-Intersection","December","B: Evident Injury",36480,"Bicyclist Ride Out - Other Midblock",2011,"No","No","Daylight","Straight - Level","Local Street","Dry","Two-Way, Not Divided","None","No Special Feature","Coarse Asphalt",0,0,0,0,0,0,0,"6 lanes",2,0,NA,0,NA
3860,3646,"None - Rural Crash","Hoke","Coastal","Residential","Mixed (30% To 70% Developed)",NA,"Rural","40 - 45  MPH","No Control Present","Clear","No",42,"40-49","No",NA,"With Traffic","C: Possible Injury","Travel Lane","Black","Male",NA,NA,"Missing",NA,"41-45 mph","Unknown Injury","Unknown/Missing",NA,NA,"No","12DEC2011","Monday","Motorist Overtaking Bicyclist",6,"Non-Intersection","December","C: Possible Injury",23400,"Motorist Overtaking - Misjudged Space",2011,"No","Yes","Dark - Roadway Not Lighted","Straight - Level","NC Route","Dry","Two-Way, Not Divided","None","No Special Feature","Smooth Asphalt",0,0,0,0,0,0,0,"2 lanes",2,0,NA,0,NA
3861,3649,"Wilmington","New Hanover","Coastal","Commercial","Urban (>70% Developed)",NA,"Urban","30 - 35  MPH","No Control Present","Clear","No",NA,NA,"No",NA,"Facing Traffic","Unknown Injury","Sidewalk / Crosswalk / Driveway Crossing","Unknown/Missing",NA,47,"40-49","No",NA,"6-10 mph","O: No Injury","White","Male","Van","No","13DEC2011","Tuesday","Motorist Failed to Yield - Midblock",11,"Non-Intersection","December","O: No Injury",42420,"Motorist Drive Out - Commercial Driveway / Alley",2011,"No","No","Daylight","Straight - Level","Local Street","Dry","One-Way, Not Divided","None","No Special Feature","Coarse Asphalt",0,0,0,0,0,0,0,"3 lanes",2,0,NA,0,NA
3862,3650,"Goldsboro","Wayne","Coastal","Commercial","Urban (>70% Developed)",NA,"Urban","30 - 35  MPH","No Control Present","Cloudy","No",50,"50-59","Yes",NA,"Not Applicable","A: Disabling Injury","Travel Lane","Black","Male",48,"40-49","No",NA,"31-35 mph","O: No Injury","Black","Male","Passenger Car","Yes","14DEC2011","Wednesday","Bicyclist Failed to Yield - Midblock",17,"Non-Intersection","December","A: Disabling Injury",63840,"Bicyclist Ride Out - Midblock - Unknown",2011,"Yes","No","Dark - Lighted Roadway","Straight - Level","Local Street","Dry","Two-Way, Not Divided","None","No Special Feature","Coarse Asphalt",0,0,0,0,0,0,0,"4 lanes",2,0,NA,0,NA
3863,3651,"Greensboro","Guilford","Piedmont","Residential","Urban (>70% Developed)",NA,"Urban","30 - 35  MPH","Stop Sign","Clear","No",20,"20-24","Yes",NA,"With Traffic","B: Evident Injury","Travel Lane","Black","Male",NA,NA,"Missing",NA,NA,"Unknown Injury","Unknown/Missing",NA,NA,"Yes","15DEC2011","Thursday","Bicyclist Failed to Yield - Sign-Controlled Intersection",21,"Intersection","December","B: Evident Injury",79080,"Bicyclist Ride Out - Sign-Controlled Intersection",2011,"Yes","Yes","Dark - Lighted Roadway","Straight - Level","Local Street","Dry","Two-Way, Not Divided","None","No Special Feature","Smooth Asphalt",0,0,0,0,0,0,0,"4 lanes",2,0,NA,0,NA
3864,3652,"Sanford","Lee","Piedmont","Residential","Urban (>70% Developed)",NA,"Urban","30 - 35  MPH","Stop And Go Signal","Clear","No",40,"40-49","No",NA,"With Traffic","C: Possible Injury","Sidewalk / Crosswalk / Driveway Crossing","White","Female",38,"30-39","No",NA,"11-15 mph","O: No Injury","White","Female","Passenger Car","No","15DEC2011","Thursday","Motorist Right Turn / Merge",17,"Intersection","December","C: Possible Injury",64320,"Motorist Right Turn - Same Direction",2011,"Yes","No","Dark - Lighted Roadway","Straight - Bottom","Local Street","Dry","Two-Way, Not Divided","None","No Special Feature","Coarse Asphalt",0,0,0,0,0,0,0,"4 lanes",2,0,NA,0,NA
3865,3653,"Fayetteville","Cumberland","Coastal","Residential","Urban (>70% Developed)",NA,"Urban","30 - 35  MPH","No Control Present","Clear","No",18,"16-19","No",NA,"Not Applicable","C: Possible Injury","Travel Lane","White","Male",63,"60-69","No",NA,"26-30 mph","O: No Injury","White","Female","Sport Utility","No","16DEC2011","Friday","Bicyclist Failed to Yield - Midblock",13,"Non-Intersection","December","C: Possible Injury",49560,"Bicyclist Ride Out - Midblock - Unknown",2011,"Yes","No","Daylight","Straight - Level","Local Street","Dry","Two-Way, Divided, Unprotected Median","None","No Special Feature","Coarse Asphalt",0,0,0,0,0,0,0,"3 lanes",2,0,NA,0,NA
3866,3656,"Rocky Mount","Edgecombe","Coastal","Commercial","Urban (>70% Developed)",NA,"Urban","20 - 25  MPH","No Control Present","Clear","No",26,"25-29","No",NA,"With Traffic","O: No Injury","Travel Lane","Black","Male",41,"40-49","No",NA,"11-15 mph","O: No Injury","White","Male","Single Unit Truck (2-Axle, 6-Tire)","No","14DEC2011","Wednesday","Motorist Overtaking Bicyclist",22,"Non-Intersection","December","O: No Injury",80100,"Motorist Overtaking - Misjudged Space",2011,"No","No","Dark - Lighted Roadway","Straight - Hillcrest","Local Street","Dry","Two-Way, Not Divided","None","No Special Feature","Coarse Asphalt",0,0,0,0,0,0,0,"2 lanes",2,0,NA,0,NA
3867,3662,"Benson","Johnston","Coastal","Residential","Mixed (30% To 70% Developed)",NA,"Rural","40 - 45  MPH","No Control Present","Clear","No",23,"20-24","No",NA,"With Traffic","B: Evident Injury","Travel Lane","White","Male",58,"50-59","No",NA,"41-45 mph","O: No Injury","White","Male","Pickup","No","23OCT2011","Sunday","Motorist Overtaking Bicyclist",21,"Intersection-Related","October","B: Evident Injury",76920,"Motorist Overtaking - Undetected Bicyclist",2011,"Yes","No","Dark - Roadway Not Lighted","Straight - Level","NC Route","Dry","Two-Way, Not Divided","None","No Special Feature","Coarse Asphalt",0,0,0,0,0,0,0,"2 lanes",2,0,NA,0,NA
3868,3663,"Wilmington","New Hanover","Coastal","Commercial","Mixed (30% To 70% Developed)",NA,"Urban","40 - 45  MPH","Flashing Stop And Go Signal","Rain","No",30,"30-39","No",NA,"Not Applicable","B: Evident Injury","Travel Lane","Unknown/Missing",NA,43,"40-49","No",NA,NA,"C: Possible Injury","Native American","Female","Passenger Car","No","22DEC2011","Thursday","Bicyclist Failed to Yield - Midblock",18,"Non-Intersection","December","B: Evident Injury",65280,"Bicyclist Ride Out - Other Midblock",2011,"Yes","No","Daylight","Straight - Level","US Route","Wet","Two-Way, Divided, Positive Median Barrier","None","No Special Feature","Smooth Asphalt",0,0,0,0,0,0,0,"8 lanes",2,0,NA,0,NA