"...1","object_id","city","county","region","development","locality","on_road","rural_urban","speed_limit","traffic_control","weather","workzone","bike_age","bike_age_group","bike_alcohol","bike_alcohol_drugs","bike_direction","bike_injury","bike_position","bike_race","bike_sex","driver_age","driver_age_group","driver_alcohol","driver_alcohol_drugs","driver_est_speed","driver_injury","driver_race","driver_sex","driver_vehicle_type","crash_alcohol","crash_date","crash_day","crash_group","crash_hour","crash_location","crash_month","crash_severity","crash_time","crash_type","crash_year","ambulance_req","hit_run","light_condition","road_character","road_class","road_condition","road_configuration","road_defects","road_feature","road_surface","num_bikes_ai","num_bikes_bi","num_bikes_ci","num_bikes_ki","num_bikes_no","num_bikes_to","num_bikes_ui","num_lanes","num_units","distance_mi_from","frm_road","rte_invd_cd","towrd_road"
3869,3664,"None - Rural Crash","Wake","Piedmont","Residential","Urban (>70% Developed)",NA,"Rural","5 - 15 MPH","No Control Present","Clear","No",8,"6-10","No",NA,"With Traffic","O: No Injury","Travel Lane","White","Male",39,"30-39","No",NA,"6-10 mph","O: No Injury","White","Male","Passenger Car","No","26DEC2011","Monday","Motorist Left Turn / Merge",21,"Intersection","December","O: No Injury",76440,"Motorist Left Turn - Opposite Direction",2011,"No","No","Dark - Lighted Roadway","Straight - Level","Local Street","Dry","Two-Way, Not Divided","None","No Special Feature","Coarse Asphalt",0,0,0,0,0,0,0,"2 lanes",2,0,NA,0,NA
3870,3667,"Greensboro","Guilford","Piedmont","Institutional","Rural (<30% Developed)",NA,"Urban","20 - 25  MPH","No Control Present","Clear","No",20,"20-24","No",NA,"With Traffic","C: Possible Injury","Travel Lane","White","Male",21,"20-24","No",NA,"0-5 mph","O: No Injury","White","Male","Passenger Car","No","17FEB2011","Thursday","Motorist Right Turn / Merge",12,"Intersection","February","C: Possible Injury",44520,"Motorist Right Turn - Same Direction",2011,"No","No","Daylight",NA,NA,"Dry",NA,"None","No Special Feature",NA,0,0,0,0,0,0,0,NA,2,0,NA,0,NA
3871,3672,"Speed","Edgecombe","Coastal","Farms, Woods, Pastures","Rural (<30% Developed)",NA,"Rural","30 - 35  MPH","Double Yellow Line, No Passing Zone","Clear","No",46,"40-49","No",NA,"With Traffic","C: Possible Injury","Travel Lane","Black","Female",60,"60-69","No",NA,"31-35 mph","O: No Injury","Black","Female","Passenger Car","No","15JAN2010","Friday","Bicyclist Left Turn / Merge",12,"Non-Intersection","January","C: Possible Injury",46260,"Bicyclist Left Turn - Same Direction",2010,"Yes","No","Daylight","Straight - Level","NC Route","Dry","Two-Way, Not Divided","None","No Special Feature","Coarse Asphalt",0,0,0,0,0,0,0,"2 lanes",2,0,NA,0,NA
3872,3676,"None - Rural Crash","Columbus","Coastal","Farms, Woods, Pastures","Rural (<30% Developed)",NA,"Rural","50 - 55  MPH","No Control Present","Clear","No",56,"50-59","No",NA,"With Traffic","A: Disabling Injury","Travel Lane","White","Male",NA,"70+","No",NA,"46-50 mph","O: No Injury","White","Female","Passenger Car","No","18JAN2010","Monday","Motorist Overtaking Bicyclist",11,"Non-Intersection","January","A: Disabling Injury",40200,"Motorist Overtaking - Undetected Bicyclist",2010,"Yes","No","Daylight","Straight - Level","NC Route","Dry","Two-Way, Not Divided","None","No Special Feature","Smooth Asphalt",0,0,0,0,0,0,0,"2 lanes",2,0,NA,0,NA
3873,3688,"Charlotte","Mecklenburg","Piedmont","Residential","Urban (>70% Developed)",NA,"Urban","30 - 35  MPH","No Control Present","Clear","No",36,"30-39","No",NA,"With Traffic","B: Evident Injury","Bike Lane / Paved Shoulder","White","Male",46,"40-49","No",NA,"21-25 mph","O: No Injury","White","Female","Passenger Car","No","15JAN2010","Friday","Crossing Paths - Other Circumstances",16,"Intersection","January","B: Evident Injury",57840,"Crossing Paths - Intersection - Other / Unknown",2010,"Yes","No","Daylight","Straight - Level","Local Street","Dry","Two-Way, Divided, Unprotected Median","None","No Special Feature","Coarse Asphalt",0,0,0,0,0,0,0,"5 lanes",2,0,NA,0,NA
3874,3697,"Plymouth","Washington","Coastal","Commercial","Urban (>70% Developed)",NA,"Rural","40 - 45  MPH","No Control Present","Clear","No",68,"60-69","No",NA,"With Traffic","K: Killed","Travel Lane","Black","Female",53,"50-59","No",NA,"41-45 mph","O: No Injury","White","Male","Pickup","No","27JAN2010","Wednesday","Bicyclist Left Turn / Merge",18,"Non-Intersection","January","K: Killed",65340,"Bicyclist Left Turn - Same Direction",2010,"Yes","No","Dark - Lighted Roadway","Straight - Level","US Route","Dry","Two-Way, Divided, Unprotected Median","None","No Special Feature","Smooth Asphalt",0,0,0,0,0,0,0,"5 lanes",2,0,NA,0,NA
3875,3698,"Washington","Beaufort","Coastal","Residential","Urban (>70% Developed)",NA,"Urban","20 - 25  MPH","Stop Sign","Clear","No",60,"60-69","No",NA,"With Traffic","B: Evident Injury","Travel Lane","White","Male",57,"50-59","No",NA,"21-25 mph","O: No Injury","Black","Female","Van","No","20JAN2010","Wednesday","Bicyclist Failed to Yield - Sign-Controlled Intersection",17,"Intersection","January","B: Evident Injury",62880,"Bicyclist Ride Through - Sign-Controlled Intersection",2010,"Yes","No","Daylight","Straight - Level","Local Street","Dry","Two-Way, Not Divided","None","Four-Way Intersection","Coarse Asphalt",0,0,0,0,0,0,0,"2 lanes",2,0,NA,0,NA
3876,3700,"Wilmington","New Hanover","Coastal","Commercial","Urban (>70% Developed)",NA,"Urban","20 - 25  MPH","No Control Present","Clear","No",26,"25-29","No",NA,"With Traffic","B: Evident Injury","Travel Lane","White","Male",21,"20-24","No",NA,"6-10 mph","O: No Injury","White","Female","Passenger Car","No","27JAN2010","Wednesday","Motorist Left Turn / Merge",20,"Intersection","January","B: Evident Injury",74460,"Motorist Left Turn - Opposite Direction",2010,"Yes","No","Dark - Lighted Roadway","Straight - Level","Local Street","Dry","Two-Way, Not Divided",NA,"No Special Feature","Coarse Asphalt",0,0,0,0,0,0,0,"4 lanes",2,0,NA,0,NA
3877,3703,"Hickory","Catawba","Piedmont","Residential","Mixed (30% To 70% Developed)",NA,"Urban","30 - 35  MPH","Stop And Go Signal","Clear","No",15,"11-15","No",NA,"With Traffic","B: Evident Injury","Travel Lane","Black","Male",57,"50-59","No",NA,"6-10 mph","O: No Injury","White","Male","Van","No","25JAN2010","Monday","Bicyclist Failed to Yield - Signalized Intersection",11,"Intersection","January","B: Evident Injury",39900,"Bicyclist Ride Out - Signalized  Intersection",2010,"Yes","No","Daylight","Straight - Grade","Local Street","Dry","Two-Way, Divided, Unprotected Median","None","Four-Way Intersection","Smooth Asphalt",0,0,0,0,0,0,0,"4 lanes",2,0,NA,0,NA
3878,3705,"Enfield","Halifax","Coastal","Residential","Urban (>70% Developed)",NA,"Rural","20 - 25  MPH","Stop Sign","Clear","No",29,"25-29","No",NA,"Facing Traffic","B: Evident Injury","Travel Lane","Black","Male",NA,NA,"Missing",NA,"6-10 mph","Unknown Injury","Unknown/Missing",NA,NA,"No","27JAN2010","Wednesday","Motorist Left Turn / Merge",0,"Non-Intersection","January","B: Evident Injury",660,"Motorist Left Turn - Same Direction",2010,"Yes","Yes","Dark - Lighted Roadway","Straight - Level","Local Street","Dry","Two-Way, Not Divided","None","No Special Feature","Smooth Asphalt",0,0,0,0,0,0,0,"2 lanes",2,0,NA,0,NA
3879,3707,"Rocky Mount","Nash","Coastal","Residential","Urban (>70% Developed)",NA,"Urban","30 - 35  MPH","No Control Present","Clear","No",20,"20-24","No",NA,"Facing Traffic","B: Evident Injury","Travel Lane","Black","Male",NA,"70+","No",NA,"26-30 mph","O: No Injury","Black","Male","Passenger Car","No","12JAN2010","Tuesday","Motorist Left Turn / Merge",18,"Non-Intersection","January","B: Evident Injury",64860,"Motorist Left Turn - Same Direction",2010,"Yes","No","Dark - Roadway Not Lighted","Straight - Level","Local Street","Dry","Two-Way, Not Divided","None","No Special Feature","Smooth Asphalt",0,0,0,0,0,0,0,"2 lanes",2,0,NA,0,NA
3880,3715,"Zebulon","Wake","Piedmont","Residential","Urban (>70% Developed)",NA,"Rural","30 - 35  MPH","No Control Present","Clear","No",21,"20-24","No",NA,"With Traffic","O: No Injury","Travel Lane","Hispanic","Male",NA,"70+","No",NA,"31-35 mph","O: No Injury","Black","Female","Passenger Car","No","08FEB2010","Monday","Bicyclist Left Turn / Merge",16,"Non-Intersection","February","O: No Injury",57600,"Bicyclist Left Turn - Same Direction",2010,"No","No","Daylight","Straight - Level","Local Street","Dry","Two-Way, Not Divided","None","No Special Feature","Smooth Asphalt",0,0,0,0,0,0,0,"2 lanes",2,0,NA,0,NA
3881,3720,"Kannapolis","Cabarrus","Piedmont","Commercial","Urban (>70% Developed)",NA,"Urban","40 - 45  MPH","No Control Present","Cloudy","No",45,"40-49","Yes",NA,"With Traffic","C: Possible Injury","Bike Lane / Paved Shoulder","Black","Male",20,"20-24","No",NA,"36-40 mph","O: No Injury","White","Male","Pickup","Yes","09FEB2010","Tuesday","Bicyclist Left Turn / Merge",16,"Non-Intersection","February","C: Possible Injury",58800,"Bicyclist Left Turn - Same Direction",2010,"Yes","No","Daylight","Straight - Grade","US Route","Wet","Two-Way, Divided, Unprotected Median","None","No Special Feature","Smooth Asphalt",0,0,0,0,0,0,0,"4 lanes",2,0,NA,0,NA
3882,3732,"Cary","Wake","Piedmont","Residential","Urban (>70% Developed)",NA,"Urban","20 - 25  MPH","Stop Sign","Cloudy","No",61,"60-69","No",NA,"Facing Traffic","C: Possible Injury","Sidewalk / Crosswalk / Driveway Crossing","White","Male",65,"60-69","No",NA,"0-5 mph","O: No Injury","White","Male","Pickup","No","10MAR2010","Wednesday","Motorist Failed to Yield - Sign-Controlled Intersection",11,"Intersection","March","C: Possible Injury",42660,"Motorist Drive Out - Sign-Controlled Intersection",2010,"Yes","No","Daylight","Straight - Level","Local Street","Dry","Two-Way, Not Divided","None","Four-Way Intersection","Smooth Asphalt",0,0,0,0,0,0,0,"2 lanes",2,0,NA,0,NA
3883,3747,"None - Rural Crash","Pitt","Coastal","Residential","Mixed (30% To 70% Developed)",NA,"Rural","50 - 55  MPH","Double Yellow Line, No Passing Zone","Clear","No",48,"40-49","Yes",NA,"Not Applicable","O: No Injury","Driveway / Alley","Black","Male",68,"60-69","No",NA,"51-55 mph","O: No Injury","White","Female","Passenger Car","Yes","19MAR2010","Friday","Bicyclist Failed to Yield - Midblock",18,"Non-Intersection","March","O: No Injury",65700,"Bicyclist Ride Out - Residential Driveway",2010,"No","No","Daylight","Curve - Level","NC Route","Dry","Two-Way, Not Divided","None","Driveway, Private","Smooth Asphalt",0,0,0,0,0,0,0,"2 lanes",2,0,NA,0,NA
3884,3750,"Charlotte","Mecklenburg","Piedmont","Commercial","Urban (>70% Developed)",NA,"Urban","20 - 25  MPH","No Control Present","Clear","No",19,"16-19","No",NA,"With Traffic","C: Possible Injury","Travel Lane","Black","Male",NA,NA,"Missing",NA,"6-10 mph","Unknown Injury","Unknown/Missing",NA,NA,"No","03MAR2010","Wednesday","Motorist Failed to Yield - Midblock",16,"Non-Intersection","March","C: Possible Injury",60000,"Motorist Drive Out - Other Midblock",2010,"Yes","Yes","Daylight","Straight - Level","Local Street","Dry","Two-Way, Divided, Positive Median Barrier","None","No Special Feature","Smooth Asphalt",0,0,0,0,0,0,0,"4 lanes",2,0,NA,0,NA
3885,3759,"None - Rural Crash","Bertie","Coastal","Farms, Woods, Pastures","Rural (<30% Developed)",NA,"Rural","50 - 55  MPH","No Control Present","Clear","No",49,"40-49","No",NA,"With Traffic","B: Evident Injury","Travel Lane","Black","Male",66,"60-69","No",NA,"46-50 mph","O: No Injury","Black","Male","Pickup","No","24MAR2010","Wednesday","Motorist Overtaking Bicyclist",20,"Non-Intersection","March","B: Evident Injury",72240,"Motorist Overtaking - Misjudged Space",2010,"Yes","No","Dark - Roadway Not Lighted","Straight - Level","NC Route","Dry","Two-Way, Not Divided","None","No Special Feature","Coarse Asphalt",0,0,0,0,0,0,0,"2 lanes",2,0,NA,0,NA
3886,3760,"Lenoir","Caldwell","Mountains","Residential","Urban (>70% Developed)",NA,"Urban","30 - 35  MPH","Stop Sign","Clear","No",16,"16-19","No",NA,"With Traffic","K: Killed","Travel Lane","White","Male",36,"30-39","No",NA,"21-25 mph","O: No Injury","White","Male","Pickup","No","23MAR2010","Tuesday","Bicyclist Failed to Yield - Sign-Controlled Intersection",18,"Intersection","March","K: Killed",66300,"Bicyclist Ride Through - Sign-Controlled Intersection",2010,"Yes","No","Daylight","Straight - Level","Local Street","Dry","Two-Way, Not Divided","None","T-Intersection","Coarse Asphalt",0,0,0,0,0,0,0,"2 lanes",2,0,NA,0,NA
3887,3764,"Raleigh","Wake","Piedmont","Commercial","Mixed (30% To 70% Developed)",NA,"Urban","30 - 35  MPH","No Control Present","Clear","No",49,"40-49","No",NA,"Not Applicable","B: Evident Injury","Bike Lane / Paved Shoulder","Black","Male",56,"50-59","No",NA,"11-15 mph","O: No Injury","Black","Male","Passenger Car","No","14FEB2010","Sunday","Bicyclist Failed to Yield - Midblock",5,"Non-Intersection","February","B: Evident Injury",18720,"Bicyclist Ride Out - Midblock - Unknown",2010,"Yes","No","Dusk","Straight - Level","Local Street","Dry","Two-Way, Divided, Unprotected Median","None","No Special Feature","Smooth Asphalt",0,0,0,0,0,0,0,"4 lanes",2,0,NA,0,NA
3888,3773,"None - Rural Crash","New Hanover","Coastal","Commercial","Mixed (30% To 70% Developed)",NA,"Rural","40 - 45  MPH","No Control Present","Clear","No",17,"16-19","No",NA,"With Traffic","O: No Injury","Travel Lane","White","Male",19,"0-19","No",NA,"31-35 mph","O: No Injury","White","Female","Pickup","No","02APR2010","Friday","Bicyclist Left Turn / Merge",10,"Non-Intersection","April","O: No Injury",38880,"Bicyclist Left Turn - Same Direction",2010,"No","No","Daylight","Straight - Level","NC Route","Dry","Two-Way, Not Divided","None","No Special Feature","Coarse Asphalt",0,0,0,0,0,0,0,"2 lanes",2,0,NA,0,NA
3889,3774,"Greensboro","Guilford","Piedmont","Commercial","Urban (>70% Developed)",NA,"Urban","30 - 35  MPH","No Control Present","Clear","No",48,"40-49","No",NA,"Not Applicable","B: Evident Injury","Non-Roadway","Unknown/Missing","Male",30,"30-39","No",NA,"21-25 mph","O: No Injury","Black","Male","Pickup","No","17MAR2010","Wednesday","Crossing Paths - Other Circumstances",7,"Intersection-Related","March","B: Evident Injury",28500,"Crossing Paths - Uncontrolled Intersection",2010,"Yes","No","Daylight","Straight - Level","Local Street","Dry","Two-Way, Not Divided","None","No Special Feature","Smooth Asphalt",0,0,0,0,0,0,0,"5 lanes",2,0,NA,0,NA
3890,3775,"None - Rural Crash","Edgecombe","Coastal","Commercial","Rural (<30% Developed)",NA,"Rural","40 - 45  MPH","No Control Present","Clear","No",20,"20-24","No",NA,"Facing Traffic","B: Evident Injury","Bike Lane / Paved Shoulder","White","Male",44,"40-49","No",NA,"16-20 mph","O: No Injury","Black","Male","Passenger Car","No","30MAR2010","Tuesday","Bicyclist Right Turn / Merge",15,"Non-Intersection","March","B: Evident Injury",54900,"Bicyclist Right Turn - Same Direction",2010,"Yes","No","Daylight","Straight - Level","State Secondary Route","Dry","Two-Way, Not Divided","None","Four-Way Intersection","Coarse Asphalt",0,0,0,0,0,0,0,"2 lanes",2,0,NA,0,NA
3891,3777,"Charlotte","Mecklenburg","Piedmont","Residential","Urban (>70% Developed)",NA,"Urban","5 - 15 MPH","No Control Present","Clear","No",25,"25-29","Yes",NA,"Not Applicable","C: Possible Injury","Sidewalk / Crosswalk / Driveway Crossing","Hispanic","Male",21,"20-24","No",NA,"0-5 mph","O: No Injury","Black","Male","Passenger Car","Yes","23MAR2010","Tuesday","Motorist Failed to Yield - Midblock",18,"Non-Intersection","March","C: Possible Injury",68220,"Motorist Drive Out - Commercial Driveway / Alley",2010,"Yes","No","Daylight","Straight - Level","Private Road, Driveway","Dry","Two-Way, Divided, Positive Median Barrier","None","Driveway, Private","Smooth Asphalt",0,0,0,0,0,0,0,"6 lanes",2,0,NA,0,NA
3892,3778,"Charlotte","Mecklenburg","Piedmont","Commercial","Urban (>70% Developed)",NA,"Urban","30 - 35  MPH","Stop Sign","Clear","No",35,"30-39","No",NA,"With Traffic","B: Evident Injury","Travel Lane","White","Female",19,"0-19","No",NA,"6-10 mph","O: No Injury","White","Female","Passenger Car","No","24MAR2010","Wednesday","Motorist Left Turn / Merge",17,"Intersection","March","B: Evident Injury",63240,"Motorist Left Turn - Opposite Direction",2010,"Yes","No","Daylight","Straight - Level","Local Street","Dry","Two-Way, Not Divided","None","Four-Way Intersection","Smooth Asphalt",0,0,0,0,0,0,0,"2 lanes",2,0,NA,0,NA
3893,3780,"Greensboro","Guilford","Piedmont","Commercial","Urban (>70% Developed)",NA,"Urban","20 - 25  MPH","Stop Sign","Clear","No",52,"50-59","No",NA,"With Traffic","C: Possible Injury","Travel Lane","Black","Male",29,"25-29","No",NA,"16-20 mph","O: No Injury","White","Female","Passenger Car","No","18MAR2010","Thursday","Motorist Left Turn / Merge",20,"Intersection","March","C: Possible Injury",72660,"Motorist Left Turn - Opposite Direction",2010,"No","No","Dark - Lighted Roadway","Curve - Bottom","Local Street","Dry","Two-Way, Not Divided","None","Four-Way Intersection","Coarse Asphalt",0,0,0,0,0,0,0,"2 lanes",2,0,NA,0,NA
3894,3786,"Fayetteville","Cumberland","Coastal","Commercial","Urban (>70% Developed)",NA,"Urban","20 - 25  MPH","Stop Sign","Clear","No",55,"50-59","No",NA,"Facing Traffic","B: Evident Injury","Travel Lane","Black","Male",29,"25-29","No",NA,"0-5 mph","O: No Injury","Black","Female","Sport Utility","No","01APR2010","Thursday","Motorist Failed to Yield - Sign-Controlled Intersection",18,"Intersection","April","B: Evident Injury",66360,"Motorist Drive Out - Sign-Controlled Intersection",2010,"No","No","Daylight","Straight - Level","Local Street","Dry","Two-Way, Not Divided","None","T-Intersection","Coarse Asphalt",0,0,0,0,0,0,0,"8 lanes",2,0,NA,0,NA
3895,3791,"Charlotte","Mecklenburg","Piedmont","Residential","Urban (>70% Developed)",NA,"Urban","20 - 25  MPH","Stop Sign","Clear","No",44,"40-49","No",NA,"With Traffic","B: Evident Injury","Travel Lane","White","Female",36,"30-39","No",NA,"0-5 mph","O: No Injury","White","Female","Sport Utility","No","01APR2010","Thursday","Bicyclist Left Turn / Merge",19,"Intersection","April","B: Evident Injury",70920,"Bicyclist Left Turn - Same Direction",2010,"No","No","Daylight","Straight - Level","Local Street","Dry","Two-Way, Not Divided","None","No Special Feature","Smooth Asphalt",0,0,0,0,0,0,0,"2 lanes",2,0,NA,0,NA
3896,3804,"Wilmington","New Hanover","Coastal","Commercial","Urban (>70% Developed)",NA,"Urban",NA,"No Control Present","Clear","No",22,"20-24","No",NA,"Facing Traffic","C: Possible Injury","Sidewalk / Crosswalk / Driveway Crossing","White","Male",41,"40-49","No",NA,NA,"O: No Injury","Black","Male","Passenger Car","No","02APR2010","Friday","Motorist Failed to Yield - Midblock",12,"Non-Intersection","April","C: Possible Injury",44460,"Motorist Drive Out - Commercial Driveway / Alley",2010,"Yes","No","Daylight","Straight - Level","Local Street","Dry","Two-Way, Not Divided","None","No Special Feature","Smooth Asphalt",0,0,0,0,0,0,0,"3 lanes",2,0,NA,0,NA
3897,3806,"None - Rural Crash","New Hanover","Coastal","Residential","Rural (<30% Developed)",NA,"Rural","30 - 35  MPH","No Control Present","Clear","No",6,"6-10","No",NA,"With Traffic","O: No Injury","Travel Lane","Black","Male",62,"60-69","No",NA,"0-5 mph","O: No Injury","Black","Male","Sport Utility","No","08APR2010","Thursday","Bicyclist Left Turn / Merge",18,"Non-Intersection","April","O: No Injury",66840,"Bicyclist Left Turn - Same Direction",2010,"No","No","Daylight","Straight - Level","Local Street","Dry","Two-Way, Not Divided","None","No Special Feature","Coarse Asphalt",0,0,0,0,0,0,0,"2 lanes",2,0,NA,0,NA
3898,3815,"Raleigh","Wake","Piedmont","Institutional","Urban (>70% Developed)",NA,"Urban","5 - 15 MPH","Yield Sign","Clear","No",21,"20-24","No",NA,"With Traffic","B: Evident Injury","Sidewalk / Crosswalk / Driveway Crossing","White","Male",19,"0-19","No",NA,"16-20 mph","O: No Injury","White","Female","Passenger Car","No","12APR2010","Monday","Motorist Left Turn / Merge",18,"Intersection","April","B: Evident Injury",67680,"Motorist Left Turn - Opposite Direction",2010,"No","No","Daylight","Straight - Level","Local Street","Dry","Two-Way, Not Divided","None","T-Intersection","Coarse Asphalt",0,0,0,0,0,0,0,"3 lanes",2,0,NA,0,NA
3899,3817,"Hickory","Catawba","Piedmont","Commercial","Urban (>70% Developed)",NA,"Urban","40 - 45  MPH","Stop And Go Signal","Clear","No",54,"50-59","No",NA,"With Traffic","B: Evident Injury","Bike Lane / Paved Shoulder","White","Male",31,"30-39","No",NA,"36-40 mph","O: No Injury","White","Male","Passenger Car","No","13APR2010","Tuesday","Bicyclist Left Turn / Merge",19,"Intersection","April","B: Evident Injury",70080,"Bicyclist Left Turn - Same Direction",2010,"No","No","Daylight","Straight - Level","Local Street","Dry","Two-Way, Divided, Unprotected Median","None","Four-Way Intersection","Coarse Asphalt",0,0,0,0,0,0,0,"7 lanes",2,0,NA,0,NA
3900,3818,"Raleigh","Wake","Piedmont","Commercial","Urban (>70% Developed)",NA,"Urban","5 - 15 MPH","Stop And Go Signal","Cloudy","No",54,"50-59","No",NA,"With Traffic","C: Possible Injury","Travel Lane","Black","Male",36,"30-39","No",NA,"11-15 mph","O: No Injury","Hispanic","Male","Sport Utility","No","16MAR2010","Tuesday","Motorist Left Turn / Merge",15,"Intersection","March","C: Possible Injury",55680,"Motorist Left Turn - Opposite Direction",2010,"Yes","No","Daylight","Straight - Level","US Route","Dry","Two-Way, Divided, Unprotected Median","None","Four-Way Intersection","Smooth Asphalt",0,0,0,0,0,0,0,"9 or more lanes",2,0,NA,0,NA
3901,1987,"None - Rural Crash","Craven","Coastal","Residential","Rural (<30% Developed)",NA,"Rural","30 - 35  MPH","No Control Present","Clear","No",54,"50-59","No",NA,"With Traffic","B: Evident Injury","Travel Lane","White","Male",55,"50-59","No",NA,"0-5 mph","O: No Injury","White","Male","Passenger Car","No","05MAY2012","Saturday","Backing Vehicle",12,"Non-Intersection","May","B: Evident Injury",46320,"Backing Vehicle",2012,"Yes","No","Daylight","Straight - Level","State Secondary Route","Dry","Two-Way, Not Divided","None","Driveway, Private","Smooth Asphalt",0,0,0,0,0,0,0,"2 lanes",2,0,NA,0,NA
3902,1993,"None - Rural Crash","Wilson","Coastal","Farms, Woods, Pastures","Rural (<30% Developed)",NA,"Rural","50 - 55  MPH","No Control Present","Cloudy","No",50,"50-59","No",NA,"With Traffic","B: Evident Injury","Bike Lane / Paved Shoulder","White","Male",33,"30-39","Yes",NA,"51-55 mph","O: No Injury","Hispanic","Male","Pickup","Yes","07MAY2012","Monday","Loss of Control / Turning Error",11,"Non-Intersection","May","B: Evident Injury",40200,"Motorist Lost Control - Other / Unknown",2012,"Yes","Yes","Daylight","Straight - Grade","US Route","Dry","Two-Way, Divided, Unprotected Median","None","No Special Feature","Coarse Asphalt",0,0,0,0,0,0,0,"4 lanes",2,0,NA,0,NA
3903,2002,"Fayetteville","Cumberland","Coastal","Commercial","Urban (>70% Developed)",NA,"Urban","40 - 45  MPH","Stop And Go Signal","Clear","No",55,"50-59","No",NA,"Facing Traffic","C: Possible Injury","Bike Lane / Paved Shoulder","Black","Male",24,"20-24","No",NA,"0-5 mph","O: No Injury","Hispanic","Female","Passenger Car","No","16APR2012","Monday","Crossing Paths - Other Circumstances",14,"Intersection","April","C: Possible Injury",53100,"Crossing Paths - Intersection - Other / Unknown",2012,"Yes","No","Daylight","Straight - Level","Local Street","Dry","Two-Way, Divided, Positive Median Barrier","None","No Special Feature","Coarse Asphalt",0,0,0,0,0,0,0,"5 lanes",2,0,NA,0,NA
3904,2005,"Knightdale","Wake","Piedmont","Commercial","Mixed (30% To 70% Developed)",NA,"Urban","20 - 25  MPH","Stop And Go Signal","Clear","No",49,"40-49","Yes",NA,"Facing Traffic","C: Possible Injury","Travel Lane","Black","Male",57,"50-59","No",NA,"0-5 mph","O: No Injury","White","Female","Passenger Car","Yes","02MAY2012","Wednesday","Motorist Failed to Yield - Signalized Intersection",16,"Intersection","May","C: Possible Injury",58980,"Motorist Drive Out - Right Turn on Red",2012,"Yes","No","Daylight","Straight - Level","Local Street","Dry","Two-Way, Divided, Unprotected Median","None","Four-Way Intersection","Coarse Asphalt",0,0,0,0,0,0,0,"2 lanes",2,0,NA,0,NA
3905,2018,"Rocky Mount","Nash","Coastal","Residential","Urban (>70% Developed)",NA,"Urban","30 - 35  MPH","Stop And Go Signal","Clear","No",46,"40-49","Yes",NA,NA,"C: Possible Injury",NA,"Black","Female",20,"20-24","No",NA,"6-10 mph","O: No Injury","Black","Male","Passenger Car","Yes","13APR2012","Friday","Crossing Paths - Other Circumstances",21,"Intersection-Related","April","C: Possible Injury",76500,"Signalized Intersection - Other / Unknown",2012,"No","No","Dark - Lighted Roadway","Straight - Level","Local Street","Dry","Two-Way, Not Divided","None","Four-Way Intersection","Coarse Asphalt",0,0,0,0,0,0,0,"5 lanes",2,0,NA,0,NA
3906,2021,"Raleigh","Wake","Piedmont","Institutional","Urban (>70% Developed)",NA,"Urban","20 - 25  MPH","Stop Sign","Clear","No",22,"20-24","No",NA,"With Traffic","B: Evident Injury","Travel Lane","White","Male",NA,NA,"Missing",NA,"11-15 mph","Unknown Injury","Unknown/Missing",NA,NA,"No","24APR2012","Tuesday","Motorist Right Turn / Merge",10,"Intersection","April","B: Evident Injury",36960,"Motorist Right Turn - Same Direction",2012,"Yes","Yes","Daylight","Straight - Level","Local Street","Dry","Two-Way, Divided, Unprotected Median","None","T-Intersection","Coarse Asphalt",0,0,0,0,0,0,0,"4 lanes",2,0,NA,0,NA
3907,2033,"Winston-Salem","Forsyth","Piedmont","Residential","Urban (>70% Developed)",NA,"Urban","30 - 35  MPH","No Control Present","Clear","No",4,"0-5","No",NA,"With Traffic","A: Disabling Injury","Travel Lane","Hispanic","Male",25,"25-29","No",NA,"21-25 mph","O: No Injury","Black","Female","Sport Utility","No","21APR2012","Saturday","Bicyclist Failed to Yield - Sign-Controlled Intersection",9,"Intersection","April","A: Disabling Injury",35820,"Bicyclist Ride Through - Sign-Controlled Intersection",2012,"Yes","No","Daylight","Straight - Level","Local Street","Dry","Two-Way, Not Divided","None","Four-Way Intersection","Smooth Asphalt",0,0,0,0,0,0,0,"2 lanes",2,0,NA,0,NA
3908,2042,"None - Rural Crash","Lenoir","Coastal","Residential","Mixed (30% To 70% Developed)",NA,"Rural","40 - 45  MPH","Stop Sign","Clear","No",60,"60-69","No",NA,"With Traffic","B: Evident Injury","Travel Lane","White","Male",16,"0-19","No",NA,"21-25 mph","O: No Injury","White","Male","Pickup","No","19MAY2012","Saturday","Loss of Control / Turning Error",17,"Intersection","May","B: Evident Injury",63600,"Motorist Turning Error - Left Turn",2012,"Yes","No","Daylight","Straight - Level","State Secondary Route","Dry","Two-Way, Not Divided","None","T-Intersection","Coarse Asphalt",0,0,0,0,0,0,0,"2 lanes",2,0,NA,0,NA