"...1","object_id","city","county","region","development","locality","on_road","rural_urban","speed_limit","traffic_control","weather","workzone","bike_age","bike_age_group","bike_alcohol","bike_alcohol_drugs","bike_direction","bike_injury","bike_position","bike_race","bike_sex","driver_age","driver_age_group","driver_alcohol","driver_alcohol_drugs","driver_est_speed","driver_injury","driver_race","driver_sex","driver_vehicle_type","crash_alcohol","crash_date","crash_day","crash_group","crash_hour","crash_location","crash_month","crash_severity","crash_time","crash_type","crash_year","ambulance_req","hit_run","light_condition","road_character","road_class","road_condition","road_configuration","road_defects","road_feature","road_surface","num_bikes_ai","num_bikes_bi","num_bikes_ci","num_bikes_ki","num_bikes_no","num_bikes_to","num_bikes_ui","num_lanes","num_units","distance_mi_from","frm_road","rte_invd_cd","towrd_road"
3909,2046,"Raleigh","Wake","Piedmont","Commercial","Urban (>70% Developed)",NA,"Urban","20 - 25  MPH","Stop And Go Signal","Clear","No",52,"50-59","No",NA,"Facing Traffic","B: Evident Injury","Travel Lane","Black","Male",24,"20-24","No",NA,"6-10 mph","O: No Injury","Hispanic","Female","Passenger Car","No","14MAY2012","Monday","Motorist Failed to Yield - Signalized Intersection",9,"Intersection","May","B: Evident Injury",35280,"Motorist Drive Out - Right Turn on Red",2012,"Yes","No","Daylight","Straight - Level","Interstate","Dry","One-Way, Not Divided","None","On or Off Ramp","Smooth Asphalt",0,0,0,0,0,0,0,"5 lanes",2,0,NA,0,NA
3910,2051,"High Point","Guilford","Piedmont","Commercial","Urban (>70% Developed)",NA,"Urban","30 - 35  MPH","Stop And Go Signal","Clear","No",56,"50-59","No",NA,"Facing Traffic","C: Possible Injury","Travel Lane","Black","Male",26,"25-29","No",NA,"6-10 mph","C: Possible Injury","White","Male","Sport Utility","No","16MAY2012","Wednesday","Bicyclist Failed to Yield - Signalized Intersection",14,"Intersection","May","C: Possible Injury",52380,"Bicyclist Ride Through - Signalized Intersection",2012,"Yes","No","Daylight","Straight - Level","Local Street","Dry","Two-Way, Not Divided","None","Four-Way Intersection","Coarse Asphalt",0,0,0,0,0,0,0,"5 lanes",2,0,NA,0,NA
3911,2053,"Charlotte","Mecklenburg","Piedmont","Residential","Urban (>70% Developed)",NA,"Urban","40 - 45  MPH","Stop Sign","Clear","No",60,"60-69","No",NA,"With Traffic","C: Possible Injury","Sidewalk / Crosswalk / Driveway Crossing","White","Male",44,"40-49","No",NA,"6-10 mph","O: No Injury","Asian","Female","Van","No","18MAY2012","Friday","Motorist Failed to Yield - Midblock",13,"Non-Intersection","May","C: Possible Injury",48000,"Motorist Drive Out - Commercial Driveway / Alley",2012,"No","No","Daylight","Straight - Level","Local Street","Dry","Two-Way, Divided, Positive Median Barrier","None","No Special Feature","Smooth Asphalt",0,0,0,0,0,0,0,"4 lanes",2,0,NA,0,NA
3912,2059,"Durham","Durham","Piedmont","Residential","Mixed (30% To 70% Developed)",NA,"Urban","30 - 35  MPH","Stop And Go Signal","Clear","No",29,"25-29","No",NA,"With Traffic","C: Possible Injury","Travel Lane","White","Female",38,"30-39","No",NA,"6-10 mph","O: No Injury","Black","Female","Sport Utility","No","20MAY2012","Sunday","Crossing Paths - Other Circumstances",10,"Intersection","May","C: Possible Injury",39060,"Signalized Intersection - Other / Unknown",2012,"No","No","Daylight","Straight - Level","NC Route","Dry","Two-Way, Divided, Unprotected Median","None","T-Intersection","Smooth Asphalt",0,0,0,0,0,0,0,"2 lanes",2,0,NA,0,NA
3913,2073,"None - Rural Crash","Davidson","Piedmont","Commercial","Rural (<30% Developed)",NA,"Rural","50 - 55  MPH","Double Yellow Line, No Passing Zone","Other","No",48,"40-49","No",NA,"With Traffic","B: Evident Injury","Travel Lane","White","Male",41,"40-49","No",NA,"16-20 mph","O: No Injury","White","Male","Passenger Car","No","29MAY2012","Tuesday","Parallel Paths - Other Circumstances",17,"Non-Intersection","May","B: Evident Injury",61320,"Parallel Paths - Other / Unknown",2012,"Yes","No",NA,"Straight - Level","State Secondary Route",NA,"Two-Way, Not Divided","None","No Special Feature","Smooth Asphalt",0,0,0,0,0,0,0,"2 lanes",2,0,NA,0,NA
3914,2074,"Greenville","Pitt","Coastal","Institutional","Mixed (30% To 70% Developed)",NA,"Urban",NA,"Stop Sign","Cloudy","No",28,"25-29","No",NA,"Facing Traffic","B: Evident Injury","Sidewalk / Crosswalk / Driveway Crossing","White","Male",26,"25-29","No",NA,"0-5 mph","O: No Injury","Black","Female","Passenger Car","No","14MAY2012","Monday","Motorist Failed to Yield - Sign-Controlled Intersection",17,"Intersection","May","B: Evident Injury",62220,"Motorist Drive Out - Sign-Controlled Intersection",2012,"Yes","No","Daylight","Straight - Level","Local Street","Dry","One-Way, Not Divided","None","T-Intersection","Smooth Asphalt",0,0,0,0,0,0,0,"1 lane",2,0,NA,0,NA
3915,2081,"Raleigh","Wake","Piedmont","Residential","Urban (>70% Developed)",NA,"Urban","30 - 35  MPH","No Control Present","Clear","No",25,"25-29","No",NA,"With Traffic","B: Evident Injury","Travel Lane","White","Male",18,"0-19","No",NA,"21-25 mph","O: No Injury","White","Female","Passenger Car","No","24MAY2012","Thursday","Motorist Overtaking Bicyclist",13,"Intersection-Related","May","B: Evident Injury",49320,"Motorist Overtaking - Other / Unknown",2012,"No","No","Daylight","Straight - Level","Local Street","Dry","Two-Way, Not Divided","None","No Special Feature","Coarse Asphalt",0,0,0,0,0,0,0,"2 lanes",2,0,NA,0,NA
3916,2090,"Siler City","Chatham","Piedmont","Residential","Urban (>70% Developed)",NA,"Urban","5 - 15 MPH","No Control Present","Clear","No",14,"11-15","No",NA,"Not Applicable","B: Evident Injury","Driveway / Alley","Hispanic","Male",NA,"70+","No",NA,"16-20 mph","O: No Injury","Black","Female","Passenger Car","No","25MAY2012","Friday","Bicyclist Failed to Yield - Midblock",18,"Non-Intersection","May","B: Evident Injury",67140,"Bicyclist Ride Out - Residential Driveway",2012,"Yes","No","Daylight","Straight - Level","Local Street","Dry","Two-Way, Not Divided","None","No Special Feature","Coarse Asphalt",0,0,0,0,0,0,0,"2 lanes",2,0,NA,0,NA
3917,2096,"None - Rural Crash","Orange","Piedmont","Farms, Woods, Pastures","Rural (<30% Developed)",NA,"Rural","50 - 55  MPH","Double Yellow Line, No Passing Zone","Clear","No",51,"50-59","Yes",NA,"With Traffic","K: Killed","Travel Lane","Black","Male",27,"25-29","No",NA,"51-55 mph","O: No Injury","Black","Female","Passenger Car","Yes","03JUN2012","Sunday","Motorist Overtaking Bicyclist",0,"Non-Intersection","June","K: Killed",2520,"Motorist Overtaking - Other / Unknown",2012,"Yes","No","Dark - Roadway Not Lighted","Curve - Level","NC Route","Dry","Two-Way, Not Divided","None","No Special Feature","Coarse Asphalt",0,0,0,0,0,0,0,"2 lanes",2,0,NA,0,NA
3918,2097,"Rocky Mount","Nash","Coastal","Residential","Urban (>70% Developed)",NA,"Urban","30 - 35  MPH","Stop And Go Signal","Clear","No",47,"40-49","No",NA,"With Traffic","O: No Injury",NA,"Black","Male",22,"20-24","No",NA,"0-5 mph","O: No Injury","Black","Male","Passenger Car","No","02MAY2012","Wednesday","Crossing Paths - Other Circumstances",15,"Intersection","May","O: No Injury",54420,"Signalized Intersection - Other / Unknown",2012,"No","No","Daylight","Straight - Level","Local Street","Dry","One-Way, Not Divided","None","No Special Feature","Smooth Asphalt",0,0,0,0,0,0,0,"2 lanes",2,0,NA,0,NA
3919,2111,"Charlotte","Mecklenburg","Piedmont","Residential","Rural (<30% Developed)",NA,"Urban","30 - 35  MPH","Stop And Go Signal","Rain","No",50,"50-59","No",NA,"Facing Traffic","C: Possible Injury","Sidewalk / Crosswalk / Driveway Crossing","Black","Male",44,"40-49","No",NA,"0-5 mph","O: No Injury","Black","Female","Sport Utility","No","12JUN2012","Tuesday","Bicyclist Failed to Yield - Signalized Intersection",22,"Intersection","June","C: Possible Injury",80880,"Bicyclist Ride Through - Signalized Intersection",2012,"Yes","No","Dark - Lighted Roadway","Straight - Level","Local Street","Wet","Two-Way, Not Divided","None","Four-Way Intersection","Smooth Asphalt",0,0,0,0,0,0,0,"4 lanes",2,0,NA,0,NA
3920,2113,"Wilmington","New Hanover","Coastal","Commercial","Urban (>70% Developed)",NA,"Urban","20 - 25  MPH","No Control Present","Clear","No",39,"30-39","No",NA,"Facing Traffic","C: Possible Injury","Sidewalk / Crosswalk / Driveway Crossing","Black","Male",24,"20-24","No",NA,"0-5 mph","O: No Injury","White","Female","Sport Utility","No","29MAY2012","Tuesday","Motorist Failed to Yield - Midblock",17,"Non-Intersection","May","C: Possible Injury",62160,"Motorist Drive Out - Commercial Driveway / Alley",2012,"Yes","No","Daylight","Straight - Level","Public Vehicular Area","Dry","Two-Way, Not Divided","None","No Special Feature","Coarse Asphalt",0,0,0,0,0,0,0,"3 lanes",2,0,NA,0,NA
3921,2115,"Durham","Durham","Piedmont","Commercial","Urban (>70% Developed)",NA,"Urban","30 - 35  MPH","Stop And Go Signal","Cloudy","No",27,"25-29","No",NA,"Facing Traffic","C: Possible Injury","Sidewalk / Crosswalk / Driveway Crossing","White","Female",59,"50-59","No",NA,"0-5 mph","O: No Injury","Black","Male","Passenger Car","No","12JUN2012","Tuesday","Crossing Paths - Other Circumstances",15,"Intersection","June","C: Possible Injury",55260,"Signalized Intersection - Other / Unknown",2012,"Yes","No","Daylight","Straight - Level","Local Street","Dry","Two-Way, Not Divided","None","No Special Feature","Coarse Asphalt",0,0,0,0,0,0,0,"4 lanes",2,0,NA,0,NA
3922,2124,"None - Rural Crash","Dare","Coastal","Residential","Urban (>70% Developed)",NA,"Rural","30 - 35  MPH","Double Yellow Line, No Passing Zone","Clear","No",37,"30-39","No",NA,"With Traffic","B: Evident Injury","Bike Lane / Paved Shoulder","White","Female",60,"60-69","No",NA,"0-5 mph","O: No Injury","White","Male","Sport Utility","No","15JUN2012","Friday","Motorist Failed to Yield - Sign-Controlled Intersection",23,"Intersection","June","B: Evident Injury",83100,"Motorist Drive Out - Sign-Controlled Intersection",2012,"Yes","No","Dark - Roadway Not Lighted","Straight - Level","NC Route","Dry","Two-Way, Not Divided","None","T-Intersection","Coarse Asphalt",0,0,0,0,0,0,0,"2 lanes",2,0,NA,0,NA
3923,2125,"None - Rural Crash","Randolph","Piedmont","Farms, Woods, Pastures","Rural (<30% Developed)",NA,"Rural","50 - 55  MPH","Stop Sign","Clear","No",67,"60-69","No",NA,"With Traffic","B: Evident Injury","Travel Lane","White","Male",54,"50-59","No",NA,"0-5 mph","O: No Injury","White","Male","Passenger Car","No","16JUN2012","Saturday","Motorist Failed to Yield - Sign-Controlled Intersection",10,"Intersection","June","B: Evident Injury",38040,"Motorist Drive Out - Sign-Controlled Intersection",2012,"Yes","No","Daylight","Straight - Grade","State Secondary Route","Dry","Two-Way, Not Divided","None","T-Intersection","Smooth Asphalt",0,0,0,0,0,0,0,"2 lanes",2,0,NA,0,NA
3924,2128,"New Bern","Craven","Coastal","Residential","Urban (>70% Developed)",NA,"Urban","20 - 25  MPH","Stop Sign","Clear","No",11,"11-15","No",NA,"Facing Traffic","B: Evident Injury","Travel Lane","Black","Male",22,"20-24","No",NA,"0-5 mph","O: No Injury","White","Male","Passenger Car","No","10APR2012","Tuesday","Motorist Failed to Yield - Sign-Controlled Intersection",21,"Intersection","April","B: Evident Injury",76680,"Motorist Drive Out - Sign-Controlled Intersection",2012,"No","No","Daylight","Straight - Level","Local Street","Dry","Two-Way, Divided, Positive Median Barrier","None","T-Intersection","Smooth Asphalt",0,0,0,0,0,0,0,"2 lanes",2,0,NA,0,NA
3925,2139,"Emerald Isle","Carteret","Coastal","Commercial","Urban (>70% Developed)",NA,"Rural","20 - 25  MPH","No Control Present","Clear","No",NA,NA,"No",NA,NA,"C: Possible Injury","Travel Lane","White","Male",40,"40-49","No",NA,"0-5 mph","O: No Injury","Black","Male","Van","No","09JUN2012","Saturday","Crossing Paths - Other Circumstances",18,"Intersection-Related","June","C: Possible Injury",66000,"Crossing Paths - Uncontrolled Intersection",2012,"No","No","Daylight","Straight - Level","Local Street","Dry","Two-Way, Not Divided","None","No Special Feature","Smooth Asphalt",0,0,0,0,0,0,0,"2 lanes",2,0,NA,0,NA
3926,2144,"Oak Island","Brunswick","Coastal","Residential","Urban (>70% Developed)",NA,"Urban","30 - 35  MPH","No Control Present","Clear","No",15,"11-15","No",NA,"Not Applicable","B: Evident Injury",NA,"Black","Male",17,"0-19","No",NA,"31-35 mph","O: No Injury","White","Male","Passenger Car","No","08JUN2012","Friday","Bicyclist Failed to Yield - Midblock",14,"Non-Intersection","June","B: Evident Injury",50400,"Bicyclist Ride Out - Other Midblock",2012,"Yes","No","Daylight","Straight - Level","Local Street","Dry","Two-Way, Not Divided","None","No Special Feature","Smooth Asphalt",0,0,0,0,0,0,0,"2 lanes",2,0,NA,0,NA
3927,2146,"None - Rural Crash","Ashe","Mountains","Farms, Woods, Pastures","Rural (<30% Developed)",NA,"Rural","50 - 55  MPH","Double Yellow Line, No Passing Zone","Clear","No",50,"50-59","No",NA,"With Traffic","C: Possible Injury","Travel Lane","White","Female",40,"40-49","No",NA,"11-15 mph","O: No Injury","White","Male","Pickup","No","20JUN2012","Wednesday","Motorist Overtaking Bicyclist",16,"Non-Intersection","June","C: Possible Injury",59400,"Motorist Overtaking - Misjudged Space",2012,"No","No","Daylight","Curve - Level","State Secondary Route","Dry","Two-Way, Not Divided","None","No Special Feature","Smooth Asphalt",0,0,0,0,0,0,0,"2 lanes",2,0,NA,0,NA
3928,2147,"Raleigh","Wake","Piedmont","Commercial","Urban (>70% Developed)",NA,"Urban","40 - 45  MPH","Stop Sign","Rain","No",51,"50-59","No",NA,"Facing Traffic","C: Possible Injury","Sidewalk / Crosswalk / Driveway Crossing","Black","Male",38,"30-39","No",NA,"0-5 mph","O: No Injury","Black","Male","Passenger Car","No","21JUN2012","Thursday","Motorist Failed to Yield - Midblock",17,"Non-Intersection","June","C: Possible Injury",62880,"Motorist Drive Out - Commercial Driveway / Alley",2012,"Yes","No","Daylight","Straight - Level","Local Street","Wet","Two-Way, Divided, Unprotected Median","Other","Driveway, Public","Coarse Asphalt",0,0,0,0,0,0,0,"3 lanes",2,0,NA,0,NA
3929,2152,"Henderson","Vance","Piedmont","Residential","Urban (>70% Developed)",NA,"Urban","30 - 35  MPH","Stop Sign","Clear","No",15,"11-15","No",NA,"Facing Traffic","B: Evident Injury","Travel Lane","Black","Male",61,"60-69","No",NA,"6-10 mph","O: No Injury","Black","Female","Passenger Car","No","15JUN2012","Friday","Motorist Left Turn / Merge",16,"Intersection","June","B: Evident Injury",57720,"Motorist Left Turn - Same Direction",2012,"Yes","No","Daylight","Straight - Hillcrest","Local Street","Dry","Two-Way, Not Divided","None","T-Intersection","Smooth Asphalt",0,0,0,0,0,0,0,"2 lanes",2,0,NA,0,NA
3930,2162,"Smithfield","Johnston","Coastal","Commercial","Urban (>70% Developed)",NA,"Urban","30 - 35  MPH","No Control Present","Clear","No",51,"50-59","No",NA,NA,"A: Disabling Injury",NA,"Black","Male",35,"30-39","No",NA,"31-35 mph","O: No Injury","Hispanic","Female","Passenger Car","No","16JUN2012","Saturday","Other / Unknown - Insufficient Details",14,"Intersection-Related","June","A: Disabling Injury",53160,"Unknown Approach Paths",2012,"Yes","No","Daylight","Straight - Level","US Route","Dry","Two-Way, Not Divided","None","No Special Feature","Coarse Asphalt",0,0,0,0,0,0,0,"5 lanes",2,0,NA,0,NA
3931,2164,"Greensboro","Guilford","Piedmont","Residential","Urban (>70% Developed)",NA,"Urban","30 - 35  MPH","No Control Present","Clear","No",16,"16-19","No",NA,"Not Applicable","C: Possible Injury","Non-Roadway","Black","Male",23,"20-24","No",NA,"6-10 mph","O: No Injury","Black","Female","Passenger Car","No","29JUN2012","Friday","Bicyclist Failed to Yield - Midblock",11,"Non-Intersection","June","C: Possible Injury",39720,"Bicyclist Ride Out - Commercial Driveway / Alley",2012,"Yes","No","Daylight","Straight - Level","Local Street","Dry","Two-Way, Not Divided","None","Driveway, Private","Smooth Asphalt",0,0,0,0,0,0,0,"2 lanes",2,0,NA,0,NA
3932,2168,"Charlotte","Mecklenburg","Piedmont","Residential","Urban (>70% Developed)",NA,"Urban","5 - 15 MPH","Stop Sign","Clear","No",54,"50-59","No",NA,"Facing Traffic","C: Possible Injury","Sidewalk / Crosswalk / Driveway Crossing","White","Male",29,"25-29","No",NA,"11-15 mph","O: No Injury","Black","Male","Passenger Car","No","27JUN2012","Wednesday","Motorist Failed to Yield - Midblock",20,"Non-Intersection","June","C: Possible Injury",73380,"Motorist Drive Out - Commercial Driveway / Alley",2012,"Yes","No","Dusk","Straight - Hillcrest","Public Vehicular Area","Dry","Two-Way, Not Divided","None","No Special Feature","Smooth Asphalt",0,0,0,0,0,0,0,"2 lanes",2,0,NA,0,NA
3933,2177,"Charlotte","Mecklenburg","Piedmont","Residential","Urban (>70% Developed)",NA,"Urban","20 - 25  MPH","No Control Present","Clear","No",10,"6-10","No",NA,"Not Applicable","C: Possible Injury","Driveway / Alley","White","Male",30,"30-39","No",NA,"16-20 mph","O: No Injury","White","Male","Sport Utility","No","27JUN2012","Wednesday","Bicyclist Failed to Yield - Midblock",18,"Non-Intersection","June","C: Possible Injury",67980,"Bicyclist Ride Out - Residential Driveway",2012,"No","No","Dusk","Straight - Hillcrest","Local Street","Dry","Two-Way, Not Divided","None","Driveway, Public","Smooth Asphalt",0,0,0,0,0,0,0,"2 lanes",2,0,NA,0,NA
3934,2180,"None - Rural Crash","Hyde","Coastal","Commercial","Urban (>70% Developed)",NA,"Rural","20 - 25  MPH","Double Yellow Line, No Passing Zone","Clear","No",37,"30-39","No",NA,"With Traffic","C: Possible Injury","Travel Lane","Hispanic","Male",20,"20-24","No",NA,"6-10 mph","O: No Injury","White","Male","Pickup","No","04JUL2012","Wednesday","Motorist Overtaking Bicyclist",21,"Non-Intersection","July","C: Possible Injury",76800,"Motorist Overtaking - Misjudged Space",2012,"Yes","No","Dark - Lighted Roadway","Straight - Level","NC Route","Dry","Two-Way, Not Divided","None","No Special Feature","Coarse Asphalt",0,0,0,0,0,0,0,"2 lanes",2,0,NA,0,NA
3935,2184,"Raleigh","Wake","Piedmont","Institutional","Urban (>70% Developed)",NA,"Urban","5 - 15 MPH","Stop And Go Signal","Clear","No",24,"20-24","No",NA,"Facing Traffic","C: Possible Injury","Sidewalk / Crosswalk / Driveway Crossing","White","Male",59,"50-59","No",NA,"0-5 mph","O: No Injury","White","Male","Pickup","No","27JUN2012","Wednesday","Motorist Failed to Yield - Signalized Intersection",18,"Intersection","June","C: Possible Injury",67740,"Motorist Drive Out - Right Turn on Red",2012,"Yes","No","Daylight","Straight - Level","Public Vehicular Area","Dry","Two-Way, Not Divided","None","Four-Way Intersection","Smooth Asphalt",0,0,0,0,0,0,0,"2 lanes",2,0,NA,0,NA
3936,2189,"None - Rural Crash","Dare","Coastal","Farms, Woods, Pastures","Rural (<30% Developed)",NA,"Rural","50 - 55  MPH","No Control Present","Clear","No",57,"50-59","No",NA,"With Traffic","C: Possible Injury","Bike Lane / Paved Shoulder","White","Male",33,"30-39","No",NA,"51-55 mph","O: No Injury","White","Male","Sport Utility","No","28JUN2012","Thursday","Loss of Control / Turning Error",9,"Non-Intersection","June","C: Possible Injury",35340,"Motorist Lost Control - Other / Unknown",2012,"Yes","No","Daylight","Straight - Level","NC Route","Dry","Two-Way, Not Divided","None","No Special Feature","Coarse Asphalt",0,0,0,0,0,0,0,"2 lanes",2,0,NA,0,NA
3937,2191,"Waxhaw","Union","Piedmont","Commercial","Mixed (30% To 70% Developed)",NA,"Rural","40 - 45  MPH","Double Yellow Line, No Passing Zone","Clear","No",17,"16-19","No",NA,"With Traffic","Unknown Injury","Travel Lane","White","Male",25,"25-29","No",NA,"41-45 mph","C: Possible Injury","White","Male","Sport Utility","No","26JUN2012","Tuesday","Motorist Overtaking Bicyclist",16,"Non-Intersection","June","C: Possible Injury",60720,"Motorist Overtaking - Bicyclist Swerved",2012,"No","No","Daylight","Curve - Grade","State Secondary Route","Dry","Two-Way, Divided, Unprotected Median","None","No Special Feature","Coarse Asphalt",0,0,0,0,0,0,0,"2 lanes",2,0,NA,0,NA
3938,2202,"High Point","Guilford","Piedmont","Commercial","Urban (>70% Developed)",NA,"Urban","40 - 45  MPH","Stop Sign","Clear","No",51,"50-59","No",NA,"Facing Traffic","C: Possible Injury","Travel Lane","Black","Male",19,"0-19","No",NA,"0-5 mph","O: No Injury","White","Male","Sport Utility","No","28JUN2012","Thursday","Motorist Failed to Yield - Sign-Controlled Intersection",20,"Intersection","June","C: Possible Injury",73560,"Motorist Drive Out - Sign-Controlled Intersection",2012,"Yes","No","Daylight","Straight - Level","NC Route","Dry","Two-Way, Not Divided","None","No Special Feature","Smooth Asphalt",0,0,0,0,0,0,0,"5 lanes",2,0,NA,0,NA
3939,2206,"Durham","Durham","Piedmont","Residential","Urban (>70% Developed)",NA,"Urban","30 - 35  MPH","Stop And Go Signal","Clear","No",62,"60-69","No",NA,"With Traffic","B: Evident Injury","Travel Lane","White","Male",NA,"70+","No",NA,"16-20 mph","O: No Injury","White","Female","Passenger Car","No","15JUL2012","Sunday","Motorist Left Turn / Merge",17,"Intersection","July","B: Evident Injury",64020,"Motorist Left Turn - Opposite Direction",2012,"Yes","No","Daylight","Straight - Level","Local Street","Dry","Two-Way, Not Divided","None","No Special Feature","Smooth Asphalt",0,0,0,0,0,0,0,"3 lanes",2,0,NA,0,NA
3940,2207,"None - Rural Crash","Onslow","Coastal","Commercial","Mixed (30% To 70% Developed)",NA,"Rural","40 - 45  MPH","Stop Sign","Clear","No",43,"40-49","No",NA,"With Traffic","B: Evident Injury","Travel Lane","White","Female",58,"50-59","No",NA,"0-5 mph","O: No Injury","White","Male","Sport Utility","No","08JUL2012","Sunday","Motorist Failed to Yield - Sign-Controlled Intersection",10,"Intersection","July","B: Evident Injury",36900,"Motorist Drive Out - Sign-Controlled Intersection",2012,"Yes","No","Daylight","Straight - Level","State Secondary Route","Water (Standing, Moving)","Two-Way, Not Divided","None","T-Intersection","Smooth Asphalt",0,0,0,0,0,0,0,"2 lanes",2,0,NA,0,NA
3941,2208,"Charlotte","Mecklenburg","Piedmont","Residential","Urban (>70% Developed)",NA,"Urban","20 - 25  MPH","No Control Present","Clear","No",6,"6-10","No",NA,"Not Applicable","C: Possible Injury","Non-Roadway","Black","Male",18,"0-19","No",NA,"21-25 mph","O: No Injury","White","Female","Passenger Car","No","15JUL2012","Sunday","Bicyclist Failed to Yield - Midblock",20,"Non-Intersection","July","C: Possible Injury",72000,"Bicyclist Ride Out - Commercial Driveway / Alley",2012,"Yes","No","Daylight","Straight - Level","Local Street","Dry","Two-Way, Not Divided","None","No Special Feature","Smooth Asphalt",0,0,0,0,0,0,0,"2 lanes",2,0,NA,0,NA
3942,2211,"Gastonia","Gaston","Piedmont","Residential","Urban (>70% Developed)",NA,"Urban","30 - 35  MPH","No Control Present","Clear","No",12,"11-15","No",NA,"With Traffic","C: Possible Injury","Travel Lane","Black","Female",NA,NA,"Missing",NA,"31-35 mph","Unknown Injury","Unknown/Missing",NA,NA,"No","21JUN2012","Thursday","Bicyclist Left Turn / Merge",16,"Non-Intersection","June","C: Possible Injury",57600,"Bicyclist Left Turn - Same Direction",2012,"Yes","Yes","Daylight","Straight - Grade","NC Route","Dry","Two-Way, Not Divided","None","No Special Feature","Smooth Asphalt",0,0,0,0,0,0,0,"5 lanes",2,0,NA,0,NA
3943,2226,"None - Rural Crash","Caldwell","Mountains","Residential","Urban (>70% Developed)",NA,"Rural","20 - 25  MPH","Stop Sign","Cloudy","No",8,"6-10","No",NA,"Facing Traffic","C: Possible Injury","Travel Lane","White","Female",NA,"70+","No",NA,"11-15 mph","O: No Injury","White","Female","Pickup","No","17JUL2012","Tuesday","Bicyclist Failed to Yield - Sign-Controlled Intersection",10,"Intersection","July","C: Possible Injury",38460,"Bicyclist Ride Through - Sign-Controlled Intersection",2012,"No","No","Daylight","Straight - Level","Local Street","Dry","Two-Way, Not Divided","None","T-Intersection","Smooth Asphalt",0,0,0,0,0,0,0,"2 lanes",2,0,NA,0,NA
3944,2228,"None - Rural Crash","Stokes","Piedmont","Farms, Woods, Pastures","Mixed (30% To 70% Developed)",NA,"Rural","50 - 55  MPH","Double Yellow Line, No Passing Zone","Clear","No",NA,"70+","No",NA,"With Traffic","K: Killed","Travel Lane","White","Male",58,"50-59","No",NA,"51-55 mph","O: No Injury","White","Male","Pickup","No","22JUN2012","Friday","Motorist Overtaking Bicyclist",8,"Non-Intersection","June","K: Killed",29580,"Motorist Overtaking - Other / Unknown",2012,"Yes","No","Daylight","Straight - Level","State Secondary Route","Dry","Two-Way, Not Divided","None","No Special Feature","Smooth Asphalt",0,0,0,0,0,0,0,"2 lanes",2,0,NA,0,NA
3945,2242,"Midland","Cabarrus","Piedmont","Residential","Rural (<30% Developed)",NA,"Rural","40 - 45  MPH","No Control Present","Cloudy","No",51,"50-59","No",NA,"Not Applicable","B: Evident Injury","Driveway / Alley","Hispanic","Male",17,"0-19","No",NA,"0-5 mph","O: No Injury","White","Female","Passenger Car","No","24JUL2012","Tuesday","Motorist Failed to Yield - Midblock",18,"Non-Intersection","July","B: Evident Injury",68220,"Motorist Drive Out - Residential Driveway",2012,"Yes","No","Daylight","Straight - Level","State Secondary Route","Dry","Two-Way, Not Divided","None","Driveway, Private","Coarse Asphalt",0,0,0,0,0,0,0,"2 lanes",2,0,NA,0,NA
3946,2245,"None - Rural Crash","Cumberland","Coastal","Residential","Rural (<30% Developed)",NA,"Rural",NA,"No Control Present","Cloudy","No",26,"25-29","No",NA,NA,"B: Evident Injury","Travel Lane","White","Female",NA,NA,"Missing",NA,NA,"Unknown Injury","Unknown/Missing",NA,NA,"No","13JUL2012","Friday","Parallel Paths - Other Circumstances",2,"Non-Intersection","July","B: Evident Injury",9000,"Parallel Paths - Other / Unknown",2012,"Yes","Yes","Dark - Roadway Not Lighted","Curve - Level","Public Vehicular Area","Dry","Two-Way, Not Divided","None","No Special Feature","Smooth Asphalt",0,0,0,0,0,0,0,"2 lanes",2,0,NA,0,NA
3947,2246,"Durham","Durham","Piedmont","Commercial","Urban (>70% Developed)",NA,"Urban","30 - 35  MPH","Stop And Go Signal","Clear","No",22,"20-24","No",NA,"Facing Traffic","B: Evident Injury","Travel Lane","Hispanic","Male",37,"30-39","No",NA,"0-5 mph","O: No Injury","White","Male","Passenger Car","No","25JUL2012","Wednesday","Crossing Paths - Other Circumstances",18,"Intersection","July","B: Evident Injury",64980,"Signalized Intersection - Other / Unknown",2012,"No","No","Daylight","Straight - Level","Local Street","Dry","Two-Way, Not Divided","None","No Special Feature","Smooth Asphalt",0,0,0,0,0,0,0,"3 lanes",2,0,NA,0,NA
3948,2254,"None - Rural Crash","Carteret","Coastal","Commercial","Mixed (30% To 70% Developed)",NA,"Rural","50 - 55  MPH","Stop And Go Signal","Clear","No",28,"25-29","No",NA,"With Traffic","A: Disabling Injury","Travel Lane","White","Male",52,"50-59","No",NA,"51-55 mph","O: No Injury","White","Female","Sport Utility","No","25JUL2012","Wednesday","Bicyclist Failed to Yield - Signalized Intersection",14,"Intersection","July","A: Disabling Injury",50700,"Bicyclist Ride Through - Signalized Intersection",2012,"Yes","No","Daylight","Straight - Level","US Route","Dry","Two-Way, Divided, Unprotected Median","None","Four-Way Intersection","Smooth Asphalt",0,0,0,0,0,0,0,"4 lanes",2,0,NA,0,NA
3949,2271,"Greenville","Pitt","Coastal","Residential","Urban (>70% Developed)",NA,"Urban","40 - 45  MPH","Other","Clear","No",43,"40-49","No",NA,NA,"C: Possible Injury",NA,"White","Male",22,"20-24","No",NA,"41-45 mph","O: No Injury","Black","Female","Sport Utility","No","27JUL2012","Friday","Bicyclist Failed to Yield - Sign-Controlled Intersection",18,"Intersection-Related","July","C: Possible Injury",66780,"Bicyclist Ride Through - Sign-Controlled Intersection",2012,"Yes","No","Daylight","Straight - Level","Local Street","Dry","Two-Way, Not Divided","None","Other","Smooth Asphalt",0,0,0,0,0,0,0,"5 lanes",2,0,NA,0,NA