"...1","object_id","city","county","region","development","locality","on_road","rural_urban","speed_limit","traffic_control","weather","workzone","bike_age","bike_age_group","bike_alcohol","bike_alcohol_drugs","bike_direction","bike_injury","bike_position","bike_race","bike_sex","driver_age","driver_age_group","driver_alcohol","driver_alcohol_drugs","driver_est_speed","driver_injury","driver_race","driver_sex","driver_vehicle_type","crash_alcohol","crash_date","crash_day","crash_group","crash_hour","crash_location","crash_month","crash_severity","crash_time","crash_type","crash_year","ambulance_req","hit_run","light_condition","road_character","road_class","road_condition","road_configuration","road_defects","road_feature","road_surface","num_bikes_ai","num_bikes_bi","num_bikes_ci","num_bikes_ki","num_bikes_no","num_bikes_to","num_bikes_ui","num_lanes","num_units","distance_mi_from","frm_road","rte_invd_cd","towrd_road"
3950,2274,"Wilmington","New Hanover","Coastal","Commercial","Urban (>70% Developed)",NA,"Urban",NA,"Flashing Stop And Go Signal","Clear","No",21,"20-24","No",NA,"With Traffic","B: Evident Injury","Travel Lane","Black","Male",NA,NA,"Missing",NA,NA,"Unknown Injury","Unknown/Missing",NA,NA,"No","26JUL2012","Thursday","Motorist Failed to Yield - Signalized Intersection",1,"Intersection","July","B: Evident Injury",4380,"Motorist Drive Through - Signalized Intersection",2012,"Yes","Yes","Dark - Lighted Roadway","Straight - Level","NC Route","Dry","Two-Way, Not Divided","None","No Special Feature","Coarse Asphalt",0,0,0,0,0,0,0,"3 lanes",2,0,NA,0,NA
3951,2277,"None - Rural Crash","Mitchell","Mountains","Farms, Woods, Pastures","Rural (<30% Developed)",NA,"Rural","40 - 45  MPH","Double Yellow Line, No Passing Zone","Clear","No",15,"11-15","No",NA,"With Traffic","C: Possible Injury","Travel Lane","White","Male",54,"50-59","No",NA,"41-45 mph","O: No Injury","White","Female","Passenger Car","No","01AUG2012","Wednesday","Motorist Overtaking Bicyclist",20,"Non-Intersection","August","C: Possible Injury",72000,"Motorist Overtaking - Other / Unknown",2012,"No","Yes","Dusk","Straight - Level","NC Route","Dry","Two-Way, Not Divided","None","No Special Feature","Smooth Asphalt",0,0,0,0,0,0,0,"2 lanes",2,0,NA,0,NA
3952,2287,"None - Rural Crash","Catawba","Piedmont","Farms, Woods, Pastures","Mixed (30% To 70% Developed)",NA,"Rural","40 - 45  MPH","Double Yellow Line, No Passing Zone","Cloudy","No",55,"50-59","No",NA,"With Traffic","C: Possible Injury","Travel Lane","White","Male",41,"40-49","No",NA,"41-45 mph","O: No Injury","White","Female","Passenger Car","No","07AUG2012","Tuesday","Motorist Overtaking Bicyclist",8,"Non-Intersection","August","C: Possible Injury",32100,"Motorist Overtaking - Other / Unknown",2012,"No","No","Daylight","Curve - Grade","State Secondary Route","Dry","Two-Way, Not Divided","None","No Special Feature","Smooth Asphalt",0,0,0,0,0,0,0,"2 lanes",2,0,NA,0,NA
3953,2289,"Mooresville","Iredell","Piedmont","Commercial","Urban (>70% Developed)",NA,"Urban","40 - 45  MPH","No Control Present","Clear","No",NA,NA,"No",NA,"Facing Traffic","C: Possible Injury","Sidewalk / Crosswalk / Driveway Crossing","White","Male",39,"30-39","No",NA,NA,"O: No Injury","White","Male","Light Truck (Mini-Van, Panel)","No","01AUG2012","Wednesday","Motorist Failed to Yield - Midblock",16,"Non-Intersection","August","C: Possible Injury",58620,"Motorist Drive Out - Commercial Driveway / Alley",2012,"Yes","No","Daylight","Straight - Grade","Local Street","Dry","Two-Way, Divided, Positive Median Barrier","None","No Special Feature","Coarse Asphalt",0,0,0,0,0,0,0,"8 lanes",2,0,NA,0,NA
3954,2291,"Enfield","Halifax","Coastal","Commercial","Urban (>70% Developed)",NA,"Rural","20 - 25  MPH","No Control Present","Clear","No",31,"30-39","No",NA,"With Traffic","C: Possible Injury","Travel Lane","Black","Male",46,"40-49","No",NA,"16-20 mph","O: No Injury","Black","Female","Passenger Car","No","27JUL2012","Friday","Motorist Overtaking Bicyclist",15,"Intersection","July","C: Possible Injury",55200,"Motorist Overtaking - Misjudged Space",2012,"Yes","No","Daylight","Straight - Level","Local Street","Dry","Two-Way, Not Divided","None","T-Intersection","Smooth Asphalt",0,0,0,0,0,0,0,"2 lanes",2,0,NA,0,NA
3955,2293,"None - Rural Crash","Cumberland","Coastal","Residential","Mixed (30% To 70% Developed)",NA,"Rural","40 - 45  MPH","Double Yellow Line, No Passing Zone","Clear","No",12,"11-15","No",NA,"With Traffic","C: Possible Injury","Travel Lane","Black","Male",17,"0-19","No",NA,"41-45 mph","O: No Injury","White","Male","Passenger Car","No","05AUG2012","Sunday","Motorist Overtaking Bicyclist",14,"Non-Intersection","August","C: Possible Injury",53640,"Motorist Overtaking - Bicyclist Swerved",2012,"Yes","No","Daylight","Straight - Level","State Secondary Route","Dry","Two-Way, Not Divided","None","No Special Feature","Coarse Asphalt",0,0,0,0,0,0,0,"2 lanes",2,0,NA,0,NA
3956,2302,"Laurinburg","Scotland","Coastal","Residential","Urban (>70% Developed)",NA,"Urban",NA,"No Control Present","Clear","No",46,"40-49","Yes",NA,"With Traffic","B: Evident Injury","Travel Lane","White","Male",NA,NA,"Missing",NA,NA,"Unknown Injury","Unknown/Missing",NA,"Passenger Car","Yes","06AUG2012","Monday","Bicyclist Overtaking Motorist",15,"Intersection-Related","August","B: Evident Injury",55200,"Bicyclist Overtaking - Parked Vehicle",2012,"Yes","No","Daylight","Straight - Grade","Local Street","Dry","Two-Way, Not Divided","None","No Special Feature","Coarse Asphalt",0,0,0,0,0,0,0,"2 lanes",2,0,NA,0,NA
3957,2309,"None - Rural Crash","Franklin","Piedmont","Residential","Rural (<30% Developed)",NA,"Rural","50 - 55  MPH","Double Yellow Line, No Passing Zone","Clear","No",21,"20-24","No",NA,"With Traffic","C: Possible Injury","Travel Lane","Hispanic","Male",19,"0-19","No",NA,"51-55 mph","O: No Injury","White","Female","Passenger Car","No","14AUG2012","Tuesday","Motorist Overtaking Bicyclist",10,"Non-Intersection","August","B: Evident Injury",37740,"Motorist Overtaking - Other / Unknown",2012,"Yes","No","Daylight","Straight - Grade","US Route","Dry","Two-Way, Not Divided","None","No Special Feature","Smooth Asphalt",0,0,0,0,0,0,0,"2 lanes",3,0,NA,0,NA
3958,2316,"Charlotte","Mecklenburg","Piedmont","Commercial","Urban (>70% Developed)",NA,"Urban","30 - 35  MPH","Stop Sign","Clear","No",20,"20-24","No",NA,"With Traffic","C: Possible Injury","Travel Lane","Black","Male",64,"60-69","No",NA,"0-5 mph","O: No Injury","Black","Male","Pickup","No","17AUG2012","Friday","Loss of Control / Turning Error",11,"Intersection","August","C: Possible Injury",40980,"Bicyclist Lost Control - Mechanical Problems",2012,"No","No","Daylight","Straight - Level","Local Street","Dry","Two-Way, Divided, Unprotected Median","None","No Special Feature","Smooth Asphalt",0,0,0,0,0,0,0,"4 lanes",2,0,NA,0,NA
3959,2317,"Morrisville","Wake","Piedmont","Commercial","Urban (>70% Developed)",NA,"Urban","5 - 15 MPH","Stop Sign","Clear","No",49,"40-49","No",NA,"Not Applicable","C: Possible Injury","Travel Lane","White","Female",38,"30-39","No",NA,"0-5 mph","O: No Injury","White","Male","Sport Utility","No","18AUG2012","Saturday","Non-Roadway",16,"Non-Roadway","August","C: Possible Injury",57600,"Non-Roadway",2012,"No","No","Daylight","Straight - Level","Public Vehicular Area","Dry","Two-Way, Not Divided","None","Driveway, Public","Smooth Asphalt",0,0,0,0,0,0,0,NA,2,0,NA,0,NA
3960,2325,"Greenville","Pitt","Coastal","Institutional","Urban (>70% Developed)",NA,"Urban","40 - 45  MPH","Stop Sign","Clear","No",NA,NA,"No",NA,"Facing Traffic","O: No Injury","Travel Lane","Black","Male",NA,"70+","No",NA,"6-10 mph","O: No Injury","Asian","Male","Commercial Bus","No","16JUL2012","Monday","Motorist Failed to Yield - Sign-Controlled Intersection",22,"Intersection-Related","July","O: No Injury",79200,"Motorist Drive Out - Sign-Controlled Intersection",2012,"No","No","Dark - Roadway Not Lighted","Straight - Level","Local Street","Dry","Two-Way, Divided, Unprotected Median","None","T-Intersection","Smooth Asphalt",0,0,0,0,0,0,0,"2 lanes",2,0,NA,0,NA
3961,2330,"Salisbury","Rowan","Piedmont","Residential","Urban (>70% Developed)",NA,"Urban","30 - 35  MPH","Stop Sign","Rain","No",55,"50-59","No",NA,"With Traffic","O: No Injury","Travel Lane","Black","Male",53,"50-59","No",NA,"6-10 mph","O: No Injury","White","Male","Passenger Car","No","17AUG2012","Friday","Crossing Paths - Other Circumstances",16,"Intersection-Related","August","O: No Injury",59340,"Crossing Paths - Intersection - Other / Unknown",2012,"Yes","No","Daylight","Straight - Level","Local Street","Wet","Two-Way, Not Divided","None","T-Intersection","Smooth Asphalt",0,0,0,0,0,0,0,"2 lanes",2,0,NA,0,NA
3962,2353,"Asheville","Buncombe","Mountains","Commercial","Urban (>70% Developed)",NA,"Urban","30 - 35  MPH","Stop And Go Signal","Cloudy","No",22,"20-24","No",NA,"Not Applicable","O: No Injury","Driveway / Alley","Black","Female",62,"60-69","No",NA,"31-35 mph","B: Evident Injury","White","Male","Single Unit Truck (2-Axle, 6-Tire)","No","17AUG2012","Friday","Crossing Paths - Other Circumstances",12,"Intersection","August","B: Evident Injury",46380,"Crossing Paths - Uncontrolled Intersection",2012,"No","No","Daylight","Straight - Bottom","US Route","Dry","Two-Way, Not Divided","None","Four-Way Intersection","Coarse Asphalt",0,0,0,0,0,0,0,"8 lanes",2,0,NA,0,NA
3963,2360,"Wilson","Wilson","Coastal","Residential","Urban (>70% Developed)",NA,"Urban","30 - 35  MPH","Stop Sign","Clear","No",NA,"70+","No",NA,"With Traffic","B: Evident Injury","Bike Lane / Paved Shoulder","White","Male",17,"0-19","No",NA,"11-15 mph","O: No Injury","White","Female","Passenger Car","No","09AUG2012","Thursday","Motorist Failed to Yield - Sign-Controlled Intersection",19,"Intersection","August","B: Evident Injury",70860,"Motorist Drive Out - Sign-Controlled Intersection",2012,"Yes","No","Dusk","Straight - Level","Local Street","Dry","Two-Way, Divided, Unprotected Median","None","No Special Feature","Coarse Asphalt",0,0,0,0,0,0,0,"2 lanes",2,0,NA,0,NA
3964,2364,"Raleigh","Wake","Piedmont","Commercial","Urban (>70% Developed)",NA,"Urban","30 - 35  MPH","Stop Sign","Clear","No",50,"50-59","No",NA,"Facing Traffic","B: Evident Injury","Sidewalk / Crosswalk / Driveway Crossing","Black","Male",47,"40-49","No",NA,"0-5 mph","O: No Injury","White","Male","Sport Utility","No","26AUG2012","Sunday","Motorist Failed to Yield - Midblock",19,"Non-Intersection","August","B: Evident Injury",71520,"Motorist Drive Out - Commercial Driveway / Alley",2012,"Yes","No","Daylight","Straight - Level","Local Street","Dry","Two-Way, Not Divided","None","No Special Feature","Smooth Asphalt",0,0,0,0,0,0,0,"6 lanes",2,0,NA,0,NA
3965,2386,"Goldsboro","Wayne","Coastal","Commercial","Urban (>70% Developed)",NA,"Urban","30 - 35  MPH","Stop And Go Signal","Clear","No",23,"20-24","No",NA,"With Traffic","C: Possible Injury","Travel Lane","White","Male",60,"60-69","No",NA,"0-5 mph","O: No Injury","White","Female","Passenger Car","No","29AUG2012","Wednesday","Bicyclist Failed to Yield - Signalized Intersection",12,"Intersection","August","C: Possible Injury",44400,"Bicyclist Ride Through - Signalized Intersection",2012,"Yes","No","Daylight","Straight - Level","Local Street","Dry","Two-Way, Not Divided","None","Four-Way Intersection","Smooth Asphalt",0,0,0,0,0,0,0,"5 lanes",2,0,NA,0,NA
3966,2402,"Raleigh","Wake","Piedmont","Commercial","Urban (>70% Developed)",NA,"Urban","20 - 25  MPH","Stop Sign","Clear","No",33,"30-39","No",NA,"Facing Traffic","C: Possible Injury","Sidewalk / Crosswalk / Driveway Crossing","Black","Male",53,"50-59","No",NA,"6-10 mph","O: No Injury","White","Female","Passenger Car","No","07SEP2012","Friday","Motorist Failed to Yield - Sign-Controlled Intersection",12,"Intersection","September","C: Possible Injury",44640,"Motorist Drive Out - Sign-Controlled Intersection",2012,"Yes","No","Daylight","Straight - Level","Local Street","Dry","Two-Way, Not Divided","None","T-Intersection","Smooth Asphalt",0,0,0,0,0,0,0,"2 lanes",2,0,NA,0,NA
3967,2405,"Chapel Hill","Orange","Piedmont","Commercial","Urban (>70% Developed)",NA,"Urban","40 - 45  MPH","No Control Present","Clear","No",51,"50-59","Yes",NA,"With Traffic","B: Evident Injury","Travel Lane","White","Male",24,"20-24","No",NA,"0-5 mph","O: No Injury","White","Female","Passenger Car","Yes","30AUG2012","Thursday","Bicyclist Right Turn / Merge",16,"Intersection-Related","August","B: Evident Injury",57960,"Bicyclist Right Turn - Same Direction",2012,"Yes","No","Daylight","Straight - Level","NC Route","Dry","Two-Way, Divided, Unprotected Median","None","No Special Feature","Smooth Asphalt",0,0,0,0,0,0,0,"6 lanes",2,0,NA,0,NA
3968,2411,"Jacksonville","Onslow","Coastal","Residential","Urban (>70% Developed)",NA,"Urban",NA,"Stop Sign","Clear","No",8,"6-10","No",NA,"Not Applicable","B: Evident Injury","Non-Roadway","Hispanic","Male",25,"25-29","No",NA,"0-5 mph","O: No Injury","Hispanic","Female","Passenger Car","No","23AUG2012","Thursday","Non-Roadway",11,"Non-Roadway","August","B: Evident Injury",40260,"Non-Roadway",2012,"Yes","No","Daylight","Straight - Level","Public Vehicular Area","Dry","Two-Way, Not Divided","None","Traffic Circle/Roundabout","Smooth Asphalt",0,0,0,0,0,0,0,NA,2,0,NA,0,NA
3969,2412,"None - Rural Crash","Chatham","Piedmont","Residential","Mixed (30% To 70% Developed)",NA,"Rural","50 - 55  MPH","Double Yellow Line, No Passing Zone","Cloudy","No",58,"50-59","No",NA,"With Traffic","C: Possible Injury","Travel Lane","White","Male",NA,"70+","No",NA,"21-25 mph","O: No Injury","White","Male","Pickup","No","03SEP2012","Monday","Motorist Overtaking Bicyclist",9,"Non-Intersection","September","C: Possible Injury",35580,"Motorist Overtaking - Other / Unknown",2012,"No","No","Daylight","Straight - Level","NC Route","Dry","Two-Way, Not Divided","None","No Special Feature","Smooth Asphalt",0,0,0,0,0,0,0,"2 lanes",2,0,NA,0,NA
3970,2426,"Fayetteville","Cumberland","Coastal","Commercial","Urban (>70% Developed)",NA,"Urban","5 - 15 MPH","Stop Sign","Clear","No",25,"25-29","No",NA,"Not Applicable","C: Possible Injury","Travel Lane","White","Male",19,"0-19","No",NA,"6-10 mph","O: No Injury","Black","Male","Passenger Car","No","07SEP2012","Friday","Bicyclist Failed to Yield - Sign-Controlled Intersection",16,"Intersection","September","C: Possible Injury",60300,"Bicyclist Ride Through - Sign-Controlled Intersection",2012,"No","No","Daylight","Straight - Level","Local Street","Dry","Two-Way, Not Divided","None","No Special Feature","Coarse Asphalt",0,0,0,0,0,0,0,"2 lanes",2,0,NA,0,NA
3971,2434,"None - Rural Crash","Orange","Piedmont","Residential","Urban (>70% Developed)",NA,"Rural","30 - 35  MPH","Stop Sign","Clear","No",25,"25-29","Yes",NA,"With Traffic","C: Possible Injury","Travel Lane","Black","Male",49,"40-49","No",NA,"31-35 mph","O: No Injury","Black","Male","Van","Yes","14SEP2012","Friday","Bicyclist Failed to Yield - Sign-Controlled Intersection",2,"Intersection","September","C: Possible Injury",10020,"Bicyclist Ride Through - Sign-Controlled Intersection",2012,"Yes","No","Dark - Lighted Roadway","Straight - Level","Local Street","Dry","Two-Way, Not Divided","None","No Special Feature","Smooth Asphalt",0,0,0,0,0,0,0,"2 lanes",2,0,NA,0,NA
3972,2446,"Huntersville","Mecklenburg","Piedmont","Commercial","Urban (>70% Developed)",NA,"Urban","40 - 45  MPH","Stop And Go Signal","Clear","No",24,"20-24","No",NA,"With Traffic","C: Possible Injury","Sidewalk / Crosswalk / Driveway Crossing","White","Male",NA,NA,"Missing",NA,NA,"Unknown Injury","Unknown/Missing",NA,NA,"No","12SEP2012","Wednesday","Motorist Right Turn / Merge",15,"Intersection","September","C: Possible Injury",55800,"Motorist Right Turn - Same Direction",2012,"Yes","Yes","Daylight","Straight - Level","Local Street","Dry","Two-Way, Divided, Unprotected Median","None","Related To Intersection","Smooth Asphalt",0,0,0,0,0,0,0,"3 lanes",2,0,NA,0,NA
3973,2458,"Wilmington","New Hanover","Coastal","Residential","Urban (>70% Developed)",NA,"Urban","20 - 25  MPH","No Control Present","Clear","No",21,"20-24","No",NA,"With Traffic","B: Evident Injury","Travel Lane","White","Male",NA,"70+","No",NA,"6-10 mph","O: No Injury","White","Male","Passenger Car","No","20SEP2012","Thursday","Motorist Left Turn / Merge",9,"Intersection","September","B: Evident Injury",33840,"Motorist Left Turn - Opposite Direction",2012,"Yes","No","Daylight","Straight - Level","Local Street","Dry","Two-Way, Not Divided","None","T-Intersection","Coarse Asphalt",0,0,0,0,0,0,0,"2 lanes",2,0,NA,0,NA
3974,2471,"Raleigh","Wake","Piedmont","Institutional","Urban (>70% Developed)",NA,"Urban","20 - 25  MPH","Stop Sign","Rain","No",18,"16-19","No",NA,"Facing Traffic","B: Evident Injury","Sidewalk / Crosswalk / Driveway Crossing","White","Male",29,"25-29","No",NA,"0-5 mph","O: No Injury","White","Male","Pickup","No","18SEP2012","Tuesday","Motorist Failed to Yield - Sign-Controlled Intersection",11,"Intersection","September","B: Evident Injury",40440,"Motorist Drive Out - Sign-Controlled Intersection",2012,"No","No","Daylight","Straight - Grade","Local Street","Wet","Two-Way, Not Divided","None","T-Intersection","Smooth Asphalt",0,0,0,0,0,0,0,"4 lanes",2,0,NA,0,NA
3975,2473,"None - Rural Crash","Onslow","Coastal","Commercial","Urban (>70% Developed)",NA,"Rural","40 - 45  MPH","No Control Present","Rain","No",55,"50-59","No",NA,"With Traffic","B: Evident Injury","Travel Lane","Black","Male",NA,NA,"Missing",NA,"41-45 mph","Unknown Injury","Unknown/Missing",NA,"Pickup","No","01OCT2012","Monday","Motorist Overtaking Bicyclist",12,"Non-Intersection","October","B: Evident Injury",45000,"Motorist Overtaking - Misjudged Space",2012,"Yes","Yes","Dark - Roadway Not Lighted","Straight - Level","US Route","Wet","Two-Way, Not Divided","None","Driveway, Public","Coarse Asphalt",0,0,0,0,0,0,0,"5 lanes",2,0,NA,0,NA
3976,2474,"Carrboro","Orange","Piedmont","Residential","Urban (>70% Developed)",NA,"Urban","30 - 35  MPH","No Control Present","Clear","No",22,"20-24","No",NA,"With Traffic","B: Evident Injury","Travel Lane","White","Female",20,"20-24","No",NA,"16-20 mph","O: No Injury","White","Male","Passenger Car","No","21SEP2012","Friday","Motorist Left Turn / Merge",17,"Intersection","September","B: Evident Injury",63900,"Motorist Left Turn - Opposite Direction",2012,"Yes","No","Daylight","Straight - Level","Local Street","Dry","Two-Way, Not Divided","None","Related To Intersection","Coarse Asphalt",0,0,0,0,0,0,0,"2 lanes",2,0,NA,0,NA
3977,2481,"Salisbury","Rowan","Piedmont","Commercial","Urban (>70% Developed)",NA,"Urban","30 - 35  MPH","Stop And Go Signal","Cloudy","No",31,"30-39","No",NA,"With Traffic","B: Evident Injury","Travel Lane","Black","Male",37,"30-39","No",NA,"26-30 mph","O: No Injury","White","Male","Pickup","No","01OCT2012","Monday","Motorist Right Turn / Merge",17,"Intersection","October","B: Evident Injury",62100,"Motorist Right Turn - Same Direction",2012,"Yes","No","Daylight","Straight - Grade","Local Street","Wet","Two-Way, Not Divided","None","Four-Way Intersection","Smooth Asphalt",0,0,0,0,0,0,0,"4 lanes",2,0,NA,0,NA
3978,2482,"Harrisburg","Cabarrus","Piedmont","Commercial","Mixed (30% To 70% Developed)",NA,"Urban","5 - 15 MPH","No Control Present","Clear","No",13,"11-15","No",NA,"Not Applicable","O: No Injury","Non-Roadway","Black","Male",NA,"70+","No",NA,"0-5 mph","O: No Injury","White","Male","Passenger Car","No","14SEP2012","Friday","Non-Roadway",18,"Non-Roadway","September","O: No Injury",65520,"Non-Roadway",2012,"No","No","Daylight","Straight - Level","Public Vehicular Area","Dry","One-Way, Not Divided","None","No Special Feature","Smooth Asphalt",0,0,0,0,0,0,0,"1 lane",2,0,NA,0,NA
3979,2488,"None - Rural Crash","Person","Piedmont","Farms, Woods, Pastures","Rural (<30% Developed)",NA,"Rural","40 - 45  MPH","Double Yellow Line, No Passing Zone","Clear","No",65,"60-69","No",NA,"With Traffic","C: Possible Injury","Travel Lane","White","Male",NA,"70+","No",NA,"41-45 mph","O: No Injury","White","Female","Passenger Car","No","27SEP2012","Thursday","Motorist Overtaking Bicyclist",20,"Non-Intersection","September","C: Possible Injury",72660,"Motorist Overtaking - Other / Unknown",2012,"Yes","No","Daylight","Straight - Hillcrest","State Secondary Route","Dry","Two-Way, Not Divided","None","No Special Feature","Smooth Asphalt",0,0,0,0,0,0,0,"2 lanes",2,0,NA,0,NA
3980,2498,"Raleigh","Wake","Piedmont","Institutional","Urban (>70% Developed)",NA,"Urban","20 - 25  MPH","No Control Present","Clear","No",19,"16-19","No",NA,"Not Applicable","C: Possible Injury","Multi-use Path","White","Male",27,"25-29","No",NA,"0-5 mph","O: No Injury","White","Female","Passenger Car","No","26SEP2012","Wednesday","Bicyclist Failed to Yield - Midblock",12,"Non-Intersection","September","C: Possible Injury",44700,"Bicyclist Ride Out - Other Midblock",2012,"Yes","No","Daylight","Straight - Grade","Local Street","Dry","Two-Way, Not Divided","None","Other","Coarse Asphalt",0,0,0,0,0,0,0,"2 lanes",2,0,NA,0,NA
3981,2499,"None - Rural Crash","Hoke","Coastal","Commercial","Rural (<30% Developed)",NA,"Rural","50 - 55  MPH","No Control Present","Clear","No",44,"40-49","No",NA,"With Traffic","B: Evident Injury","Travel Lane","Black","Male",NA,"70+","No",NA,"51-55 mph","C: Possible Injury","Native American","Male","Passenger Car","No","07OCT2012","Sunday","Motorist Overtaking Bicyclist",19,"Non-Intersection","October","B: Evident Injury",71880,"Motorist Overtaking - Other / Unknown",2012,"Yes","No","Dark - Roadway Not Lighted","Straight - Grade","State Secondary Route","Dry","Two-Way, Not Divided","None","No Special Feature","Coarse Asphalt",0,0,0,0,0,0,0,"2 lanes",2,0,NA,0,NA
3982,5411,"Wilson","Wilson","Coastal","Residential","Urban (>70% Developed)",NA,"Urban","40 - 45  MPH","No Control Present","Clear","No",17,"16-19","No",NA,"With Traffic","O: No Injury","Travel Lane","White","Male",NA,NA,"Missing",NA,NA,"Unknown Injury","Unknown/Missing",NA,NA,"No","25MAY2009","Monday","Head-On",16,"Non-Intersection","May","C: Possible Injury",60960,"Head-On - Motorist",2009,"No","Yes","Daylight","Straight - Level","Local Street","Dry","Two-Way, Not Divided","None","No Special Feature","Coarse Asphalt",0,0,0,0,0,0,0,"2 lanes",2,0,NA,0,NA
3983,5419,"Charlotte","Mecklenburg","Piedmont","Residential","Urban (>70% Developed)",NA,"Urban","30 - 35  MPH","Stop Sign","Cloudy","No",30,"30-39","No",NA,"Facing Traffic","C: Possible Injury","Sidewalk / Crosswalk / Driveway Crossing","Hispanic","Male",37,"30-39","No",NA,"0-5 mph","O: No Injury","Hispanic","Female","Sport Utility","No","04OCT2009","Sunday","Motorist Failed to Yield - Sign-Controlled Intersection",12,"Intersection","October","C: Possible Injury",44940,"Motorist Drive Out - Sign-Controlled Intersection",2009,"Yes","No","Daylight","Straight - Bottom","Local Street","Dry","Two-Way, Not Divided","None","Four-Way Intersection","Smooth Asphalt",0,0,0,0,0,0,0,"2 lanes",2,0,NA,0,NA
3984,5420,"Charlotte","Mecklenburg","Piedmont","Residential","Urban (>70% Developed)",NA,"Urban","20 - 25  MPH","No Control Present","Clear","No",59,"50-59","No",NA,"With Traffic","B: Evident Injury","Travel Lane","White","Male",51,"50-59","No",NA,"6-10 mph","O: No Injury","White","Female","Passenger Car","No","15NOV2009","Sunday","Motorist Right Turn / Merge",16,"Non-Intersection","November","B: Evident Injury",58260,"Motorist Right Turn - Same Direction",2009,"No","No","Daylight","Straight - Grade","Local Street","Dry","Two-Way, Not Divided","None","No Special Feature","Smooth Asphalt",0,0,0,0,0,0,0,"2 lanes",2,0,NA,0,NA
3985,5426,"Elizabeth City","Pasquotank","Coastal","Residential","Rural (<30% Developed)",NA,"Urban","30 - 35  MPH","Stop And Go Signal","Clear","No",51,"50-59","No",NA,"With Traffic","B: Evident Injury","Travel Lane","Black","Male",37,"30-39","No",NA,"31-35 mph","O: No Injury","Unknown/Missing",NA,"Passenger Car","No","09SEP2009","Wednesday","Bicyclist Failed to Yield - Signalized Intersection",17,"Intersection","September","B: Evident Injury",64500,"Bicyclist Ride Out - Signalized  Intersection",2009,"Yes","No","Daylight","Straight - Level","Local Street","Dry","Two-Way, Divided, Unprotected Median","None","Four-Way Intersection","Grooved Concrete",0,0,0,0,0,0,0,"4 lanes",2,0,NA,0,NA
3986,5431,"Charlotte","Mecklenburg","Piedmont","Residential","Urban (>70% Developed)",NA,"Urban","30 - 35  MPH","Stop And Go Signal","Clear","No",36,"30-39","No",NA,"With Traffic","O: No Injury","Travel Lane","Unknown/Missing","Male",NA,NA,"Missing",NA,"0-5 mph","Unknown Injury","Unknown/Missing",NA,NA,"No","05AUG2009","Wednesday","Motorist Overtaking Bicyclist",14,"Intersection-Related","August","O: No Injury",52440,"Motorist Overtaking - Other / Unknown",2009,"No","Yes","Daylight","Straight - Level","Local Street","Dry","Two-Way, Not Divided","None","No Special Feature","Smooth Asphalt",0,0,0,0,0,0,0,"2 lanes",2,0,NA,0,NA
3987,5436,"Charlotte","Mecklenburg","Piedmont","Commercial","Urban (>70% Developed)",NA,"Urban","20 - 25  MPH","No Control Present","Clear","No",16,"16-19","No",NA,"Not Applicable","B: Evident Injury","Non-Roadway","White","Male",27,"25-29","No",NA,"21-25 mph","O: No Injury","Black","Male","Passenger Car","No","16JUN2009","Tuesday","Non-Roadway",14,"Non-Roadway","June","B: Evident Injury",50880,"Non-Roadway",2009,"Yes","No","Daylight","Straight - Level","Local Street","Dry","Two-Way, Divided, Unprotected Median","None","No Special Feature","Concrete",0,0,0,0,0,0,0,"4 lanes",2,0,NA,0,NA
3988,5445,"Charlotte","Mecklenburg","Piedmont","Commercial","Urban (>70% Developed)",NA,"Urban","30 - 35  MPH","Stop Sign","Clear","No",35,"30-39","Yes",NA,"With Traffic","B: Evident Injury","Sidewalk / Crosswalk / Driveway Crossing","Hispanic","Male",30,"30-39","No",NA,"6-10 mph","O: No Injury","Black","Male","Passenger Car","Yes","22MAR2009","Sunday","Motorist Overtaking Bicyclist",20,"Intersection","March","B: Evident Injury",74700,"Motorist Overtaking - Bicyclist Swerved",2009,"No","No","Dark - Lighted Roadway","Straight - Level","Local Street","Dry","Two-Way, Divided, Unprotected Median","None","No Special Feature","Smooth Asphalt",0,0,0,0,0,0,0,"3 lanes",2,0,NA,0,NA
3989,5454,"Durham","Durham","Piedmont","Residential","Urban (>70% Developed)",NA,"Urban","30 - 35  MPH","Stop Sign","Clear","No",17,"16-19","No",NA,"With Traffic","C: Possible Injury","Travel Lane","Black","Male",60,"60-69","No",NA,"0-5 mph","O: No Injury","White","Female","Sport Utility","No","05FEB2008","Tuesday","Motorist Failed to Yield - Sign-Controlled Intersection",18,"Intersection","February","C: Possible Injury",67080,"Motorist Drive Out - Sign-Controlled Intersection",2008,"No","No","Dark - Lighted Roadway","Straight - Level","Local Street","Dry","Two-Way, Not Divided","None","Four-Way Intersection","Smooth Asphalt",0,0,0,0,0,0,0,"2 lanes",2,0,NA,0,NA
3990,5456,"Charlotte","Mecklenburg","Piedmont","Commercial","Urban (>70% Developed)",NA,"Urban","20 - 25  MPH","Stop Sign","Clear","No",22,"20-24","No",NA,"Facing Traffic","C: Possible Injury","Sidewalk / Crosswalk / Driveway Crossing","Black","Male",44,"40-49","No",NA,"0-5 mph","O: No Injury","Black","Male","Passenger Car","No","11FEB2008","Monday","Motorist Failed to Yield - Sign-Controlled Intersection",17,"Intersection","February","C: Possible Injury",63780,"Motorist Drive Out - Sign-Controlled Intersection",2008,"No","No","Daylight","Straight - Level","Local Street","Dry","Two-Way, Divided, Positive Median Barrier","None","T-Intersection","Smooth Asphalt",0,0,0,0,0,0,0,"2 lanes",2,0,NA,0,NA