"...1","object_id","city","county","region","development","locality","on_road","rural_urban","speed_limit","traffic_control","weather","workzone","bike_age","bike_age_group","bike_alcohol","bike_alcohol_drugs","bike_direction","bike_injury","bike_position","bike_race","bike_sex","driver_age","driver_age_group","driver_alcohol","driver_alcohol_drugs","driver_est_speed","driver_injury","driver_race","driver_sex","driver_vehicle_type","crash_alcohol","crash_date","crash_day","crash_group","crash_hour","crash_location","crash_month","crash_severity","crash_time","crash_type","crash_year","ambulance_req","hit_run","light_condition","road_character","road_class","road_condition","road_configuration","road_defects","road_feature","road_surface","num_bikes_ai","num_bikes_bi","num_bikes_ci","num_bikes_ki","num_bikes_no","num_bikes_to","num_bikes_ui","num_lanes","num_units","distance_mi_from","frm_road","rte_invd_cd","towrd_road"
4072,6588,"Durham","Durham","Piedmont","Commercial","Urban (>70% Developed)",NA,"Urban","40 - 45  MPH","No Control Present","Clear","No",41,"40-49","No",NA,"With Traffic","B: Evident Injury","Travel Lane","White","Male",41,"40-49","No",NA,"41-45 mph","O: No Injury","White","Female","Van","No","23MAY2007","Wednesday","Motorist Overtaking Bicyclist",19,"Non-Intersection","May","B: Evident Injury",69780,"Motorist Overtaking - Misjudged Space",2007,"Yes","No","Daylight","Straight - Level","Local Street","Dry","Two-Way, Not Divided","None","No Special Feature","Coarse Asphalt",0,0,0,0,0,0,0,"2 lanes",2,0,NA,0,NA
4073,6592,"Lincolnton","Lincoln","Piedmont","Commercial","Urban (>70% Developed)",NA,"Urban","40 - 45  MPH","No Control Present","Clear","No",46,"40-49","Yes",NA,"Not Applicable","A: Disabling Injury","Non-Roadway","Black","Male",32,"30-39","No",NA,"41-45 mph","O: No Injury","Hispanic","Male","Passenger Car","Yes","09MAR2007","Friday","Bicyclist Failed to Yield - Midblock",14,"Non-Intersection","March","A: Disabling Injury",51300,"Bicyclist Ride Out - Commercial Driveway / Alley",2007,"Yes","No","Daylight","Straight - Level","Local Street","Dry","Two-Way, Divided, Unprotected Median","None","No Special Feature","Smooth Asphalt",0,0,0,0,0,0,0,"5 lanes",2,0,NA,0,NA
4074,6604,"Kinston","Lenoir","Coastal","Residential","Urban (>70% Developed)",NA,"Urban","30 - 35  MPH","Stop Sign","Clear","No",12,"11-15","No",NA,"With Traffic","C: Possible Injury","Travel Lane","Black","Female",27,"25-29","No",NA,"31-35 mph","O: No Injury","Black","Male","Passenger Car","No","06JUN2007","Wednesday","Bicyclist Failed to Yield - Sign-Controlled Intersection",17,"Intersection","June","C: Possible Injury",63180,"Bicyclist Ride Out - Sign-Controlled Intersection",2007,"Yes","No","Daylight","Straight - Level","NC Route","Dry","Two-Way, Not Divided","None","Four-Way Intersection","Coarse Asphalt",0,0,0,0,0,0,0,"4 lanes",2,0,NA,0,NA
4075,6605,"Raleigh","Wake","Piedmont","Residential","Urban (>70% Developed)",NA,"Urban","20 - 25  MPH","Flashing Signal With Stop Sign","Clear","No",13,"11-15","No",NA,"Facing Traffic","B: Evident Injury",NA,"Black","Female",56,"50-59","No",NA,"16-20 mph","O: No Injury","White","Male","Passenger Car","No","20MAR2007","Tuesday","Motorist Left Turn / Merge",19,"Intersection","March","B: Evident Injury",68400,"Motorist Left Turn - Same Direction",2007,"No","No","Daylight","Straight - Level","Local Street","Dry","Two-Way, Not Divided","None","No Special Feature","Smooth Asphalt",0,0,0,0,0,0,0,"2 lanes",2,0,NA,0,NA
4076,6613,"Statesville","Iredell","Piedmont","Residential","Urban (>70% Developed)",NA,"Urban","30 - 35  MPH","Stop Sign","Clear","No",13,"11-15","No",NA,"With Traffic","A: Disabling Injury","Travel Lane","Black","Female",19,"0-19","Yes",NA,"41-45 mph","O: No Injury","Black","Female","Passenger Car","Yes","25MAR2007","Sunday","Bicyclist Failed to Yield - Sign-Controlled Intersection",18,"Intersection","March","A: Disabling Injury",67200,"Bicyclist Ride Through - Sign-Controlled Intersection",2007,"Yes","No","Daylight","Straight - Grade","Local Street","Dry","Two-Way, Not Divided","None","Four-Way Intersection","Coarse Asphalt",0,0,0,0,0,0,0,"2 lanes",2,0,NA,0,NA
4077,6618,"Gastonia","Gaston","Piedmont","Residential","Urban (>70% Developed)",NA,"Urban","30 - 35  MPH","No Control Present","Clear","No",6,"6-10","No",NA,"Not Applicable","C: Possible Injury",NA,"White","Male",26,"25-29","No",NA,"26-30 mph","O: No Injury","Black","Female","Passenger Car","No","26MAR2007","Monday","Bicyclist Failed to Yield - Midblock",16,"Non-Intersection","March","C: Possible Injury",60720,"Bicyclist Ride Out - Midblock - Unknown",2007,"No","No","Daylight","Straight - Level","Local Street","Dry","Two-Way, Not Divided","None","No Special Feature","Coarse Asphalt",0,0,0,0,0,0,0,"2 lanes",2,0,NA,0,NA
4078,6622,"None - Rural Crash","Robeson","Coastal","Residential","Mixed (30% To 70% Developed)",NA,"Rural","50 - 55  MPH","Double Yellow Line, No Passing Zone","Clear","No",62,"60-69","Yes",NA,"With Traffic","C: Possible Injury","Travel Lane","Native American","Male",32,"30-39","No",NA,"51-55 mph","O: No Injury","Native American","Female","Passenger Car","Yes","27MAR2007","Tuesday","Bicyclist Left Turn / Merge",14,"Non-Intersection","March","C: Possible Injury",53100,"Bicyclist Left Turn - Same Direction",2007,"Yes","No","Daylight","Straight - Level","State Secondary Route","Dry","Two-Way, Not Divided","None","No Special Feature","Smooth Asphalt",0,0,0,0,0,0,0,"2 lanes",2,0,NA,0,NA
4079,6623,"None - Rural Crash","Lenoir","Coastal","Farms, Woods, Pastures","Rural (<30% Developed)",NA,"Rural","50 - 55  MPH","No Control Present","Clear","No",17,"16-19","No",NA,"Not Applicable","C: Possible Injury",NA,"Black","Male",NA,NA,"Missing",NA,NA,"Unknown Injury","Unknown/Missing",NA,NA,"No","22MAR2007","Thursday","Loss of Control / Turning Error",21,"Non-Intersection","March","C: Possible Injury",77400,"Bicylist Lost Control - Alcohol / Drug Impairment",2007,"Yes","Yes","Dark - Roadway Not Lighted","Straight - Level","State Secondary Route","Dry","Two-Way, Not Divided","None","No Special Feature","Smooth Asphalt",0,0,0,0,0,0,0,"2 lanes",2,0,NA,0,NA
4080,6627,"Wilkesboro","Wilkes","Mountains","Commercial","Mixed (30% To 70% Developed)",NA,"Rural","30 - 35  MPH","Stop And Go Signal","Clear","No",21,"20-24","No",NA,"With Traffic","B: Evident Injury",NA,"White","Male",NA,NA,"Missing",NA,NA,"Unknown Injury","Unknown/Missing",NA,NA,"No","28MAR2007","Wednesday","Crossing Paths - Other Circumstances",1,"Intersection-Related","March","B: Evident Injury",5400,"Signalized Intersection - Other / Unknown",2007,"No","Yes","Dark - Lighted Roadway","Straight - Level","Local Street","Dry","Two-Way, Divided, Unprotected Median","None","Four-Way Intersection","Smooth Asphalt",0,0,0,0,0,0,0,"3 lanes",2,0,NA,0,NA
4081,6629,"Wilmington","New Hanover","Coastal","Commercial","Urban (>70% Developed)",NA,"Urban","40 - 45  MPH","No Control Present","Clear","No",46,"40-49","Yes",NA,"Not Applicable","A: Disabling Injury","Non-Roadway","Black","Male",23,"20-24","No",NA,"26-30 mph","O: No Injury","White","Female","Passenger Car","Yes","29MAR2007","Thursday","Bicyclist Failed to Yield - Midblock",17,"Non-Intersection","March","A: Disabling Injury",62040,"Bicyclist Ride Out - Commercial Driveway / Alley",2007,"Yes","No","Daylight","Straight - Level","Local Street","Dry","Two-Way, Not Divided","None","Driveway, Public","Coarse Asphalt",0,0,0,0,0,0,0,"3 lanes",2,0,NA,0,NA
4082,6631,"None - Rural Crash","Dare","Coastal","Residential","Urban (>70% Developed)",NA,"Rural",NA,"No Control Present","Clear","No",35,"30-39","No",NA,"Facing Traffic","C: Possible Injury","Bike Lane / Paved Shoulder","White","Male",49,"40-49","No",NA,"0-5 mph","O: No Injury","White","Male","Passenger Car","No","30MAR2007","Friday","Motorist Failed to Yield - Midblock",11,"Non-Intersection","March","C: Possible Injury",40500,"Motorist Drive Out - Commercial Driveway / Alley",2007,"Yes","No","Daylight","Straight - Level","NC Route","Dry","Two-Way, Not Divided","None","Driveway, Public","Coarse Asphalt",0,0,0,0,0,0,0,"2 lanes",2,0,NA,0,NA
4083,6637,"Beaufort","Carteret","Coastal","Residential","Urban (>70% Developed)",NA,"Rural","20 - 25  MPH","No Control Present","Clear","No",18,"16-19","No",NA,"With Traffic","O: No Injury","Travel Lane","White","Male",18,"0-19","No",NA,"0-5 mph","O: No Injury","White","Female","Sport Utility","No","18JUN2007","Monday","Crossing Paths - Other Circumstances",23,"Intersection","June","O: No Injury",84600,"Crossing Paths - Intersection - Other / Unknown",2007,"No","No","Dark - Unknown Lighting","Straight - Level","Local Street","Dry","Two-Way, Not Divided","None","Four-Way Intersection","Smooth Asphalt",0,0,0,0,0,0,0,"2 lanes",2,0,NA,0,NA
4084,6639,"Charlotte","Mecklenburg","Piedmont","Residential","Urban (>70% Developed)",NA,"Urban","5 - 15 MPH","No Control Present","Clear","No",38,"30-39","No",NA,NA,"A: Disabling Injury","Non-Roadway","Black","Male",NA,NA,"Missing",NA,"6-10 mph","Unknown Injury","Unknown/Missing",NA,"Passenger Car","No","31MAR2007","Saturday","Non-Roadway",19,"Non-Roadway","March","A: Disabling Injury",69300,"Non-Roadway",2007,"Yes","Yes","Daylight","Straight - Level","Public Vehicular Area","Dry",NA,"None","Driveway, Public","Smooth Asphalt",0,0,0,0,0,0,0,NA,2,0,NA,0,NA
4085,6644,"Jacksonville","Onslow","Coastal","Commercial","Urban (>70% Developed)",NA,"Urban","30 - 35  MPH","Stop Sign","Cloudy","No",51,"50-59","Yes",NA,"Facing Traffic","C: Possible Injury","Sidewalk / Crosswalk / Driveway Crossing","Black","Male",22,"20-24","No",NA,"0-5 mph","O: No Injury","White","Female","Pickup","Yes","02APR2007","Monday","Motorist Failed to Yield - Sign-Controlled Intersection",14,"Intersection","April","C: Possible Injury",51420,"Motorist Drive Out - Sign-Controlled Intersection",2007,"No","No","Daylight","Straight - Level","Local Street","Dry","Two-Way, Not Divided","None","Driveway, Public","Smooth Asphalt",0,0,0,0,0,0,0,"5 lanes",2,0,NA,0,NA
4086,6648,"None - Rural Crash","Halifax","Coastal","Residential","Mixed (30% To 70% Developed)",NA,"Rural",NA,"No Control Present","Clear","No",7,"6-10","No",NA,NA,"C: Possible Injury","Travel Lane","Black","Male",22,"20-24","No",NA,"0-5 mph","O: No Injury","Hispanic","Male","Van","No","04APR2007","Wednesday","Backing Vehicle",17,"Non-Intersection","April","C: Possible Injury",64260,"Backing Vehicle",2007,"Yes","No","Daylight","Straight - Level","Local Street","Dry","Two-Way, Not Divided","None","Driveway, Private","Coarse Asphalt",0,0,0,0,0,0,0,"2 lanes",2,0,NA,0,NA
4087,6650,"Ellerbe","Richmond","Piedmont","Commercial","Urban (>70% Developed)",NA,"Rural","20 - 25  MPH","No Control Present","Clear","No",16,"16-19","No",NA,"Not Applicable","C: Possible Injury",NA,"Black","Male",59,"50-59","No",NA,"21-25 mph","O: No Injury","White","Male","Pickup","No","04APR2007","Wednesday","Bicyclist Failed to Yield - Midblock",15,"Non-Intersection","April","C: Possible Injury",56340,"Bicyclist Ride Out - Midblock - Unknown",2007,"Yes","No","Daylight","Straight - Level","US Route","Dry","Two-Way, Not Divided","None","No Special Feature","Smooth Asphalt",0,0,0,0,0,0,0,"2 lanes",2,0,NA,0,NA
4088,6652,"Eden","Rockingham","Piedmont","Residential","Urban (>70% Developed)",NA,"Urban","20 - 25  MPH","No Control Present","Clear","No",NA,NA,"No",NA,NA,"Unknown Injury","Travel Lane","Black","Male",55,"50-59","No",NA,"31-35 mph","O: No Injury","Black","Female","Passenger Car","No","31MAY2007","Thursday","Motorist Overtaking Bicyclist",15,"Non-Intersection","May","O: No Injury",54840,"Motorist Overtaking - Bicyclist Swerved",2007,"No","No","Daylight","Straight - Bottom","Local Street","Dry","Two-Way, Not Divided","None","No Special Feature","Coarse Asphalt",0,0,0,0,0,0,0,"2 lanes",2,0,NA,0,NA
4089,6656,"Morehead City","Carteret","Coastal","Residential","Urban (>70% Developed)",NA,"Urban","30 - 35  MPH","No Control Present","Clear","No",12,"11-15","No",NA,NA,"Unknown Injury",NA,"Unknown/Missing",NA,39,"30-39","No",NA,"31-35 mph","O: No Injury","White","Female","Passenger Car","No","06APR2007","Friday","Other / Unknown - Insufficient Details",18,"Non-Intersection","April","O: No Injury",65880,"Unknown Approach Paths",2007,"Yes","No","Daylight","Straight - Level","Local Street","Dry","Two-Way, Not Divided","None","No Special Feature","Smooth Asphalt",0,0,0,0,0,0,0,"2 lanes",2,0,NA,0,NA
4090,6665,"Reidsville","Rockingham","Piedmont","Commercial","Urban (>70% Developed)",NA,"Urban","40 - 45  MPH","Stop And Go Signal","Clear","No",43,"40-49","No",NA,"With Traffic","Unknown Injury","Travel Lane","White","Male",38,"30-39","No",NA,"16-20 mph","Unknown Injury","White","Male","Passenger Car","No","10MAR2007","Saturday","Motorist Failed to Yield - Signalized Intersection",12,"Intersection","March","Unknown Injury",45900,"Motorist Drive Through - Signalized Intersection",2007,"No","No","Daylight","Straight - Level","Local Street","Dry","Two-Way, Not Divided","None","Four-Way Intersection","Smooth Asphalt",0,0,0,0,0,0,0,"3 lanes",2,0,NA,0,NA
4091,6666,"Charlotte","Mecklenburg","Piedmont","Commercial","Mixed (30% To 70% Developed)",NA,"Urban","40 - 45  MPH","Stop And Go Signal","Clear","No",15,"11-15","No",NA,"With Traffic","A: Disabling Injury","Sidewalk / Crosswalk / Driveway Crossing","Black","Male",53,"50-59","No",NA,"41-45 mph","O: No Injury","White","Male","Pickup","No","09APR2007","Monday","Bicyclist Failed to Yield - Signalized Intersection",14,"Intersection","April","A: Disabling Injury",51360,"Bicyclist Ride Out - Signalized  Intersection",2007,"Yes","No","Daylight","Straight - Level","Local Street","Dry","Two-Way, Divided, Unprotected Median","None","Four-Way Intersection","Coarse Asphalt",0,0,0,0,0,0,0,"7 lanes",2,0,NA,0,NA
4092,6670,"Durham","Durham","Piedmont","Commercial","Urban (>70% Developed)",NA,"Urban","30 - 35  MPH","Stop And Go Signal","Clear","No",18,"16-19","No",NA,"Not Applicable","B: Evident Injury",NA,"Black","Female",NA,NA,"Missing",NA,"31-35 mph","Unknown Injury","Unknown/Missing",NA,"Passenger Car","No","03JUL2007","Tuesday","Motorist Left Turn / Merge",22,"Intersection-Related","July","B: Evident Injury",82200,"Motorist Left Turn - Opposite Direction",2007,"Yes","Yes","Dark - Roadway Not Lighted","Straight - Grade","Local Street","Dry","Two-Way, Not Divided","None","Four-Way Intersection","Smooth Asphalt",0,0,0,0,0,0,0,"2 lanes",2,0,NA,0,NA
4093,6678,"Jacksonville","Onslow","Coastal","Commercial","Urban (>70% Developed)",NA,"Urban","40 - 45  MPH","No Control Present","Clear","No",16,"16-19","No",NA,"Facing Traffic","C: Possible Injury","Travel Lane","White","Male",53,"50-59","No",NA,"0-5 mph","O: No Injury","White","Male","Van","No","13APR2007","Friday","Motorist Failed to Yield - Midblock",17,"Non-Intersection","April","C: Possible Injury",63300,"Motorist Drive Out - Commercial Driveway / Alley",2007,"Yes","No","Daylight","Straight - Level","Local Street","Dry","Two-Way, Not Divided","None","Driveway, Public","Smooth Asphalt",0,0,0,0,0,0,0,"5 lanes",2,0,NA,0,NA
4094,6679,"Red Springs","Robeson","Coastal","Residential","Urban (>70% Developed)",NA,"Rural","5 - 15 MPH","No Control Present","Clear","No",5,"0-5","No",NA,NA,"B: Evident Injury","Non-Roadway","Native American","Male",23,"20-24","No",NA,"0-5 mph","O: No Injury","Black","Female","Passenger Car","No","13APR2007","Friday","Non-Roadway",17,"Non-Roadway","April","B: Evident Injury",63540,"Non-Roadway",2007,"No","No","Daylight","Straight - Level","Public Vehicular Area","Dry","Two-Way, Not Divided","None","No Special Feature","Coarse Asphalt",0,0,0,0,0,0,0,"2 lanes",2,0,NA,0,NA
4095,6690,"None - Rural Crash","New Hanover","Coastal","Residential","Mixed (30% To 70% Developed)",NA,"Rural","40 - 45  MPH","Stop Sign","Clear","No",39,"30-39","No",NA,"Facing Traffic","C: Possible Injury","Travel Lane","Black","Male",24,"20-24","No",NA,"6-10 mph","O: No Injury","White","Male","Passenger Car","No","17APR2007","Tuesday","Motorist Failed to Yield - Sign-Controlled Intersection",9,"Intersection","April","C: Possible Injury",35400,"Motorist Drive Out - Sign-Controlled Intersection",2007,"Yes","No","Daylight","Straight - Level","NC Route","Dry","Two-Way, Divided, Unprotected Median","None","T-Intersection","Coarse Asphalt",0,0,0,0,0,0,0,"4 lanes",2,0,NA,0,NA
4096,6696,"Spring Lake","Cumberland","Coastal","Commercial","Urban (>70% Developed)",NA,"Urban","20 - 25  MPH","No Control Present","Clear","No",11,"11-15","No",NA,NA,"C: Possible Injury","Non-Roadway","Black","Male",41,"40-49","No",NA,"16-20 mph","O: No Injury","Black","Male","Sport Utility","No","14JUL2007","Saturday","Non-Roadway",17,"Non-Roadway","July","C: Possible Injury",63180,"Non-Roadway",2007,"Yes","No","Daylight","Straight - Level","Public Vehicular Area","Dry","Two-Way, Not Divided","None","No Special Feature","Coarse Asphalt",0,0,0,0,0,0,0,NA,2,0,NA,0,NA
4097,6699,"Raleigh","Wake","Piedmont","Institutional","Urban (>70% Developed)",NA,"Urban","20 - 25  MPH","No Control Present","Rain","No",21,"20-24","No",NA,"With Traffic","B: Evident Injury","Travel Lane","White","Male",20,"20-24","No",NA,"16-20 mph","O: No Injury","White","Male","Passenger Car","No","19APR2007","Thursday","Motorist Left Turn / Merge",21,"Intersection","April","B: Evident Injury",78720,"Motorist Left Turn - Opposite Direction",2007,"Yes","No","Dark - Lighted Roadway","Straight - Grade","Local Street","Wet","Two-Way, Divided, Unprotected Median","None","Four-Way Intersection","Smooth Asphalt",0,0,0,0,0,0,0,"2 lanes",2,0,NA,0,NA
4098,6708,"Charlotte","Mecklenburg","Piedmont","Residential","Urban (>70% Developed)",NA,"Urban",NA,"No Control Present","Clear","No",9,"6-10","No",NA,"Facing Traffic","C: Possible Injury","Travel Lane","Black","Female",45,"40-49","No",NA,NA,"O: No Injury","Black","Male","Pickup","No","23APR2007","Monday","Backing Vehicle",19,"Non-Intersection","April","C: Possible Injury",71340,"Backing Vehicle",2007,"No","No","Daylight","Straight - Grade","Local Street","Dry","Two-Way, Not Divided","None","No Special Feature","Smooth Asphalt",0,0,0,0,0,0,0,NA,2,0,NA,0,NA
4099,6709,"None - Rural Crash","Duplin","Coastal","Farms, Woods, Pastures","Rural (<30% Developed)",NA,"Rural","50 - 55  MPH","No Control Present","Clear","No",48,"40-49","Yes",NA,"Facing Traffic","B: Evident Injury","Travel Lane","Black","Male",21,"20-24","No",NA,"51-55 mph","O: No Injury","White","Male","Pickup","Yes","24APR2007","Tuesday","Parallel Paths - Other Circumstances",21,"Non-Intersection","April","B: Evident Injury",75900,"Motorist Turn / Merge - Other / Unknown",2007,"Yes","No","Dark - Roadway Not Lighted","Straight - Level","State Secondary Route","Dry","Two-Way, Not Divided","None","No Special Feature","Coarse Asphalt",0,0,0,0,0,0,0,"2 lanes",2,0,NA,0,NA
4100,6716,"Wilson","Wilson","Coastal","Residential","Urban (>70% Developed)",NA,"Urban","40 - 45  MPH","Stop Sign","Clear","No",45,"40-49","No",NA,"Facing Traffic","B: Evident Injury","Travel Lane","White","Male",22,"20-24","No",NA,"6-10 mph","O: No Injury","Black","Female","Passenger Car","No","25APR2007","Wednesday","Motorist Failed to Yield - Sign-Controlled Intersection",8,"Intersection","April","B: Evident Injury",31380,"Motorist Drive Out - Sign-Controlled Intersection",2007,"No","No","Daylight","Straight - Hillcrest","Local Street","Dry","Two-Way, Not Divided","None","No Special Feature","Coarse Asphalt",0,0,0,0,0,0,0,"4 lanes",2,0,NA,0,NA
4101,5403,"Atlantic Beach","Carteret","Coastal","Commercial","Urban (>70% Developed)",NA,"Rural","30 - 35  MPH","No Control Present","Clear","No",55,"50-59","No",NA,"Facing Traffic","O: No Injury","Travel Lane","White","Male",60,"60-69","No",NA,"0-5 mph","O: No Injury","White","Male","Single Unit Truck (2-Axle, 6-Tire)","No","29DEC2009","Tuesday","Parallel Paths - Other Circumstances",8,"Non-Intersection","December","O: No Injury",31440,"Parallel Paths - Other / Unknown",2009,"No","No","Daylight","Straight - Level","NC Route","Dry","Two-Way, Divided, Unprotected Median","None","Driveway, Public","Smooth Asphalt",0,0,0,0,0,0,0,"6 lanes",2,0,NA,0,NA
4102,5417,"None - Rural Crash","Pamlico","Coastal","Farms, Woods, Pastures","Rural (<30% Developed)",NA,"Rural","50 - 55  MPH","No Control Present","Clear","No",52,"50-59","No",NA,"With Traffic","K: Killed","Travel Lane","Black","Male",36,"30-39","No",NA,"51-55 mph","C: Possible Injury","Asian","Female","Sport Utility","No","01FEB2009","Sunday","Motorist Overtaking Bicyclist",18,"Non-Intersection","February","K: Killed",67440,"Motorist Overtaking - Other / Unknown",2009,"Yes","No","Dark - Roadway Not Lighted","Straight - Level","US Route","Dry","Two-Way, Not Divided","None","No Special Feature","Smooth Asphalt",0,0,0,0,0,0,0,"5 lanes",3,0,NA,0,NA
4103,5425,"Charlotte","Mecklenburg","Piedmont","Commercial","Mixed (30% To 70% Developed)",NA,"Urban","30 - 35  MPH","No Control Present","Clear","No",23,"20-24","No",NA,"Facing Traffic","C: Possible Injury","Travel Lane","Hispanic","Male",42,"40-49","No",NA,"0-5 mph","O: No Injury","Black","Male","Sport Utility","No","27AUG2009","Thursday","Motorist Left Turn / Merge",20,"Non-Intersection","August","C: Possible Injury",73620,"Motorist Left Turn - Same Direction",2009,"No","No","Dark - Lighted Roadway","Straight - Level","Local Street","Dry","Two-Way, Not Divided","None","No Special Feature","Smooth Asphalt",0,0,0,0,0,0,0,"2 lanes",2,0,NA,0,NA
4104,5430,"Charlotte","Mecklenburg","Piedmont","Residential","Urban (>70% Developed)",NA,"Urban","30 - 35  MPH","Stop And Go Signal","Clear","No",24,"20-24","No",NA,NA,"B: Evident Injury","Travel Lane","White","Male",34,"30-39","No",NA,"0-5 mph","O: No Injury","White","Male","Sport Utility","No","08AUG2009","Saturday","Other / Unknown - Insufficient Details",14,"Intersection-Related","August","B: Evident Injury",51240,"Unknown Approach Paths",2009,"No","No","Daylight","Straight - Grade","Local Street","Dry","Two-Way, Not Divided","None","Four-Way Intersection","Smooth Asphalt",0,0,0,0,0,0,0,"6 lanes",2,0,NA,0,NA
4105,5432,"Charlotte","Mecklenburg","Piedmont","Commercial","Urban (>70% Developed)",NA,"Urban","30 - 35  MPH","Stop And Go Signal","Clear","No",21,"20-24","No",NA,"Facing Traffic","B: Evident Injury","Travel Lane","Hispanic","Male",47,"40-49","No",NA,"0-5 mph","O: No Injury","White","Male","Pickup","No","02JUL2009","Thursday","Motorist Failed to Yield - Signalized Intersection",22,"Intersection","July","B: Evident Injury",80040,"Motorist Drive Out - Signalized Intersection",2009,"Yes","No","Dark - Lighted Roadway","Straight - Level","Local Street","Wet","Two-Way, Divided, Unprotected Median","None","T-Intersection","Smooth Asphalt",0,0,0,0,0,0,0,"5 lanes",2,0,NA,0,NA
4106,5438,"Charlotte","Mecklenburg","Piedmont","Commercial","Urban (>70% Developed)",NA,"Urban","5 - 15 MPH","Stop And Go Signal","Clear","No",NA,NA,"No",NA,NA,"C: Possible Injury",NA,"Black","Male",44,"40-49","No",NA,"0-5 mph","O: No Injury","Black","Male","Passenger Car","No","14MAY2009","Thursday","Other / Unknown - Insufficient Details",19,"Intersection","May","C: Possible Injury",71460,"Unknown Approach Paths",2009,"Yes","No","Daylight","Straight - Level","Local Street","Dry","Two-Way, Divided, Positive Median Barrier","None","No Special Feature","Concrete",0,0,0,0,0,0,0,"4 lanes",2,0,NA,0,NA
4107,5446,"Charlotte","Mecklenburg","Piedmont","Residential","Urban (>70% Developed)",NA,"Urban","30 - 35  MPH","Stop Sign","Clear","No",35,"30-39","No",NA,"With Traffic","B: Evident Injury","Travel Lane","White","Male",NA,NA,"Missing",NA,"0-5 mph","Unknown Injury","Unknown/Missing",NA,NA,"No","07MAR2009","Saturday","Motorist Left Turn / Merge",10,"Intersection","March","B: Evident Injury",37800,"Motorist Left Turn - Opposite Direction",2009,"Yes","Yes","Daylight","Straight - Level","Local Street","Dry","Two-Way, Divided, Unprotected Median","Road Surface Condition","No Special Feature","Smooth Asphalt",0,0,0,0,0,0,0,"4 lanes",2,0,NA,0,NA
4108,5447,"Charlotte","Mecklenburg","Piedmont","Commercial","Urban (>70% Developed)",NA,"Urban","30 - 35  MPH","Stop And Go Signal","Clear","No",60,"60-69","No",NA,"With Traffic","C: Possible Injury","Travel Lane","Black","Male",69,"60-69","No",NA,"0-5 mph","O: No Injury","Black","Female","Passenger Car","No","09FEB2009","Monday","Bicyclist Failed to Yield - Midblock",14,"Non-Intersection","February","C: Possible Injury",53280,"Bicyclist Ride Out - Other Midblock",2009,"Yes","No","Daylight","Straight - Level","Local Street","Dry","Two-Way, Divided, Unprotected Median","None","Four-Way Intersection","Smooth Asphalt",0,0,0,0,0,0,0,"5 lanes",2,0,NA,0,NA
4109,5450,"Charlotte","Mecklenburg","Piedmont","Commercial","Urban (>70% Developed)",NA,"Urban",NA,"No Control Present","Clear","No",49,"40-49","No",NA,"With Traffic","O: No Injury","Sidewalk / Crosswalk / Driveway Crossing","Black","Female",16,"0-19","No",NA,NA,"C: Possible Injury","Black","Male","Pedestrian","No","27JAN2008","Sunday","Parallel Paths - Other Circumstances",8,"Non-Intersection","January","C: Possible Injury",31260,"Bicyclist Ride Out - Parallel Path",2008,"Yes","No","Daylight","Curve - Grade","Local Street","Dry","Two-Way, Not Divided","None","T-Intersection","Smooth Asphalt",0,0,0,0,0,0,0,"2 lanes",2,0,NA,0,NA
4110,5452,"Charlotte","Mecklenburg","Piedmont","Commercial","Urban (>70% Developed)",NA,"Urban","20 - 25  MPH","Stop And Go Signal","Clear","No",43,"40-49","No",NA,"With Traffic","O: No Injury","Sidewalk / Crosswalk / Driveway Crossing","White","Male",25,"25-29","No",NA,"26-30 mph","O: No Injury","Black","Female","Passenger Car","No","03FEB2008","Sunday","Bicyclist Failed to Yield - Signalized Intersection",23,"Intersection","February","O: No Injury",84840,"Bicyclist Ride Through - Signalized Intersection",2008,"Yes","No","Dark - Lighted Roadway","Straight - Level","Local Street","Dry","Two-Way, Divided, Unprotected Median","None","No Special Feature","Smooth Asphalt",0,0,0,0,0,0,0,"3 lanes",2,0,NA,0,NA
4111,5455,"Durham","Durham","Piedmont","Residential","Urban (>70% Developed)",NA,"Urban","30 - 35  MPH","Stop Sign","Cloudy","No",NA,"70+","Yes",NA,"With Traffic","B: Evident Injury","Travel Lane","White","Male",NA,"70+","No",NA,"21-25 mph","O: No Injury","White","Female","Passenger Car","Yes","06FEB2008","Wednesday","Bicyclist Failed to Yield - Sign-Controlled Intersection",13,"Intersection","February","B: Evident Injury",48300,"Bicyclist Ride Through - Sign-Controlled Intersection",2008,"Yes","No","Daylight","Straight - Level","Local Street","Dry","Two-Way, Not Divided","None","Four-Way Intersection","Smooth Asphalt",0,0,0,0,0,0,0,"2 lanes",2,0,NA,0,NA
4112,5468,"Cary","Wake","Piedmont","Residential","Urban (>70% Developed)",NA,"Urban","30 - 35  MPH","Stop Sign","Clear","No",11,"11-15","No",NA,"Not Applicable","B: Evident Injury","Multi-use Path","White","Male",29,"25-29","No",NA,"26-30 mph","O: No Injury","White","Female","Passenger Car","No","14MAR2008","Friday","Bicyclist Failed to Yield - Sign-Controlled Intersection",13,"Intersection","March","B: Evident Injury",47400,"Bicyclist Ride Through - Sign-Controlled Intersection",2008,"Yes","No","Daylight","Straight - Grade","Local Street","Dry","Two-Way, Not Divided","None","Shared-Use Paths Or Trails","Smooth Asphalt",0,0,0,0,0,0,0,"2 lanes",2,0,NA,0,NA