"...1","object_id","city","county","region","development","locality","on_road","rural_urban","speed_limit","traffic_control","weather","workzone","bike_age","bike_age_group","bike_alcohol","bike_alcohol_drugs","bike_direction","bike_injury","bike_position","bike_race","bike_sex","driver_age","driver_age_group","driver_alcohol","driver_alcohol_drugs","driver_est_speed","driver_injury","driver_race","driver_sex","driver_vehicle_type","crash_alcohol","crash_date","crash_day","crash_group","crash_hour","crash_location","crash_month","crash_severity","crash_time","crash_type","crash_year","ambulance_req","hit_run","light_condition","road_character","road_class","road_condition","road_configuration","road_defects","road_feature","road_surface","num_bikes_ai","num_bikes_bi","num_bikes_ci","num_bikes_ki","num_bikes_no","num_bikes_to","num_bikes_ui","num_lanes","num_units","distance_mi_from","frm_road","rte_invd_cd","towrd_road"
4113,5471,"Durham","Durham","Piedmont","Residential","Urban (>70% Developed)",NA,"Urban","40 - 45  MPH","No Control Present","Clear","No",38,"30-39","No",NA,"With Traffic","B: Evident Injury","Travel Lane","Black","Male",21,"20-24","No",NA,"11-15 mph","O: No Injury","Black","Female","Passenger Car","No","18MAR2008","Tuesday","Motorist Right Turn / Merge",7,"Intersection","March","B: Evident Injury",25320,"Motorist Right Turn - Same Direction",2008,"Yes","No","Daylight","Straight - Grade","Local Street","Dry","Two-Way, Not Divided","None","T-Intersection","Coarse Asphalt",0,0,0,0,0,0,0,"2 lanes",2,0,NA,0,NA
4114,5475,"None - Rural Crash","Caswell","Piedmont","Farms, Woods, Pastures","Rural (<30% Developed)",NA,"Rural","50 - 55  MPH","Double Yellow Line, No Passing Zone","Clear","No",35,"30-39","No",NA,"With Traffic","B: Evident Injury","Travel Lane","White","Male",NA,"70+","No",NA,"46-50 mph","O: No Injury","White","Female","Passenger Car","No","04JAN2008","Friday","Motorist Overtaking Bicyclist",17,"Non-Intersection","January","B: Evident Injury",62280,"Motorist Overtaking - Misjudged Space",2008,"No","No","Dusk","Straight - Level","State Secondary Route","Dry","Two-Way, Not Divided","None","No Special Feature","Coarse Asphalt",0,0,0,0,0,0,0,"2 lanes",2,0,NA,0,NA
4115,5480,"Charlotte","Mecklenburg","Piedmont","Commercial","Urban (>70% Developed)",NA,"Urban","30 - 35  MPH","Stop And Go Signal","Clear","No",14,"11-15","No",NA,"With Traffic","C: Possible Injury","Travel Lane","White","Male",24,"20-24","No",NA,"11-15 mph","O: No Injury","White","Female","Passenger Car","No","02APR2008","Wednesday","Motorist Left Turn / Merge",15,"Intersection","April","C: Possible Injury",56520,"Motorist Left Turn - Opposite Direction",2008,"No","No","Daylight","Straight - Level","Local Street","Dry","Two-Way, Divided, Unprotected Median","None","Four-Way Intersection","Smooth Asphalt",0,0,0,0,0,0,0,"2 lanes",2,0,NA,0,NA
4116,5481,"None - Rural Crash","Halifax","Coastal","Residential","Mixed (30% To 70% Developed)",NA,"Rural","40 - 45  MPH","Double Yellow Line, No Passing Zone","Cloudy","No",13,"11-15","No",NA,"With Traffic","B: Evident Injury","Bike Lane / Paved Shoulder","White","Female",26,"25-29","No",NA,"31-35 mph","O: No Injury","Black","Male","Passenger Car","No","08JAN2008","Tuesday","Parallel Paths - Other Circumstances",15,"Non-Intersection","January","B: Evident Injury",57480,"Bicyclist Ride Out - Parallel Path",2008,"Yes","No","Daylight","Curve - Level","State Secondary Route","Dry","Two-Way, Not Divided","None","Four-Way Intersection","Smooth Asphalt",0,0,0,0,0,0,0,"2 lanes",2,0,NA,0,NA
4117,5495,"Raleigh","Wake","Piedmont","Commercial","Mixed (30% To 70% Developed)",NA,"Urban","5 - 15 MPH","Flashing Signal With Stop Sign","Clear","No",41,"40-49","No",NA,"Not Applicable","O: No Injury","Multi-use Path","White","Male",22,"20-24","No",NA,"0-5 mph","O: No Injury","White","Female","Passenger Car","No","14JAN2008","Monday","Non-Roadway",17,"Non-Roadway","January","O: No Injury",63180,"Non-Roadway",2008,"No","No","Dark - Lighted Roadway","Straight - Level","Public Vehicular Area","Dry","Two-Way, Not Divided","None","Driveway, Public","Smooth Asphalt",0,0,0,0,0,0,0,"2 lanes",2,0,NA,0,NA
4118,5501,"Fayetteville","Cumberland","Coastal","Farms, Woods, Pastures","Rural (<30% Developed)",NA,"Urban","50 - 55  MPH","No Control Present","Clear","No",46,"40-49","No",NA,"With Traffic","A: Disabling Injury","Travel Lane","Other","Female",47,"40-49","No",NA,"46-50 mph","O: No Injury","White","Male","Single Unit Truck (2-Axle, 6-Tire)","No","25MAR2008","Tuesday","Motorist Overtaking Bicyclist",6,"Non-Intersection","March","A: Disabling Injury",24360,"Motorist Overtaking - Bicyclist Swerved",2008,"Yes","No","Dark - Roadway Not Lighted","Straight - Grade","Local Street","Dry","Two-Way, Divided, Unprotected Median","None","No Special Feature","Coarse Asphalt",0,0,0,0,0,0,0,"4 lanes",2,0,NA,0,NA
4119,5502,"Greensboro","Guilford","Piedmont","Institutional","Urban (>70% Developed)",NA,"Urban",NA,"Stop And Go Signal","Clear","No",16,"16-19","No",NA,"With Traffic","C: Possible Injury","Sidewalk / Crosswalk / Driveway Crossing","Black","Male",NA,NA,"Missing",NA,NA,"Unknown Injury","Unknown/Missing",NA,NA,"No","20JAN2008","Sunday","Bicyclist Failed to Yield - Signalized Intersection",12,"Intersection","January","C: Possible Injury",45000,"Bicyclist Failed to Clear - Trapped",2008,"Yes","Yes","Daylight","Straight - Grade","Local Street","Dry","Two-Way, Divided, Unprotected Median","None","Related To Intersection","Smooth Asphalt",0,0,0,0,0,0,0,"5 lanes",2,0,NA,0,NA
4120,5505,"None - Rural Crash","Cumberland","Coastal","Residential","Urban (>70% Developed)",NA,"Rural","30 - 35  MPH","Double Yellow Line, No Passing Zone","Clear","No",52,"50-59","Yes",NA,"With Traffic","B: Evident Injury","Travel Lane","Black","Male",56,"50-59","No",NA,"31-35 mph","O: No Injury","Black","Male","Passenger Car","Yes","20JAN2008","Sunday","Loss of Control / Turning Error",19,"Intersection-Related","January","B: Evident Injury",70020,"Bicylist Lost Control - Alcohol / Drug Impairment",2008,"Yes","No","Dark - Lighted Roadway","Straight - Grade","State Secondary Route","Dry","Two-Way, Not Divided","None","No Special Feature","Coarse Asphalt",0,0,0,0,0,0,0,"2 lanes",2,0,NA,0,NA
4121,5507,"Pleasant Garden","Guilford","Piedmont","Commercial","Mixed (30% To 70% Developed)",NA,"Urban","30 - 35  MPH","Double Yellow Line, No Passing Zone","Rain","No",67,"60-69","No",NA,"With Traffic","B: Evident Injury","Travel Lane","White","Male",51,"50-59","No",NA,"21-25 mph","O: No Injury","White","Male","Passenger Car","No","22JAN2008","Tuesday","Motorist Overtaking Bicyclist",18,"Non-Intersection","January","B: Evident Injury",65940,"Motorist Overtaking - Undetected Bicyclist",2008,"No","No","Dark - Roadway Not Lighted","Straight - Level","State Secondary Route","Wet","Two-Way, Not Divided","None","No Special Feature","Coarse Asphalt",0,0,0,0,0,0,0,"2 lanes",2,0,NA,0,NA
4122,5511,"Durham","Durham","Piedmont","Commercial","Urban (>70% Developed)",NA,"Urban","30 - 35  MPH","Stop And Go Signal","Clear","No",13,"11-15","No",NA,"With Traffic","B: Evident Injury","Travel Lane","White","Male",16,"0-19","No",NA,"6-10 mph","O: No Injury","White","Female","Sport Utility","No","11APR2008","Friday","Loss of Control / Turning Error",15,"Intersection","April","B: Evident Injury",55560,"Bicyclist Lost Control - Oversteering, Improper Braking, Speed",2008,"Yes","No","Daylight","Straight - Level","Local Street","Dry","Two-Way, Not Divided","None","Four-Way Intersection","Smooth Asphalt",0,0,0,0,0,0,0,"8 lanes",2,0,NA,0,NA
4123,5528,"Raleigh","Wake","Piedmont","Residential","Urban (>70% Developed)",NA,"Urban","20 - 25  MPH","Stop Sign","Clear","No",13,"11-15","No",NA,"Facing Traffic","C: Possible Injury","Sidewalk / Crosswalk / Driveway Crossing","Black","Male",39,"30-39","No",NA,"0-5 mph","O: No Injury","White","Male","Sport Utility","No","01FEB2008","Friday","Motorist Failed to Yield - Sign-Controlled Intersection",20,"Intersection-Related","February","C: Possible Injury",72480,"Motorist Drive Out - Sign-Controlled Intersection",2008,"No","No","Dusk","Straight - Level","Local Street","Dry","Two-Way, Not Divided","None","No Special Feature","Smooth Asphalt",0,0,0,0,0,0,0,"2 lanes",2,0,NA,0,NA
4124,5543,"Fayetteville","Cumberland","Coastal","Industrial","Rural (<30% Developed)",NA,"Urban","40 - 45  MPH","Missing","Clear","No",19,"16-19","No",NA,"With Traffic","C: Possible Injury","Travel Lane","Black","Male",27,"25-29","No",NA,"41-45 mph","O: No Injury","White","Female","Passenger Car","No","06FEB2008","Wednesday","Bicyclist Left Turn / Merge",7,"Non-Intersection","February","C: Possible Injury",26400,"Bicyclist Left Turn - Same Direction",2008,"No","No","Daylight","Straight - Level","Local Street","Dry","Two-Way, Not Divided","None","No Special Feature","Grooved Concrete",0,0,0,0,0,0,0,"2 lanes",2,0,NA,0,NA
4125,5544,"Winston-Salem","Forsyth","Piedmont","Residential","Urban (>70% Developed)",NA,"Urban","30 - 35  MPH","Stop Sign","Rain","No",16,"16-19","No",NA,"Facing Traffic","A: Disabling Injury","Sidewalk / Crosswalk / Driveway Crossing","Black","Male",43,"40-49","No",NA,"26-30 mph","O: No Injury","White","Female","Passenger Car","No","06FEB2008","Wednesday","Bicyclist Failed to Yield - Sign-Controlled Intersection",19,"Intersection","February","A: Disabling Injury",69120,"Bicyclist Ride Out - Sign-Controlled Intersection",2008,"No","No","Dark - Lighted Roadway","Straight - Grade","Local Street","Water (Standing, Moving)","One-Way, Not Divided","Road Surface Condition","No Special Feature","Smooth Asphalt",0,0,0,0,0,0,0,"2 lanes",2,0,NA,0,NA
4126,5554,"High Point","Guilford","Piedmont","Residential","Urban (>70% Developed)",NA,"Urban","30 - 35  MPH","Stop Sign","Clear","No",16,"16-19","No",NA,"Facing Traffic","C: Possible Injury","Travel Lane","Black","Male",24,"20-24","No",NA,"0-5 mph","O: No Injury","White","Male","Sport Utility","No","10FEB2008","Sunday","Motorist Failed to Yield - Sign-Controlled Intersection",17,"Intersection","February","C: Possible Injury",64620,"Motorist Drive Out - Sign-Controlled Intersection",2008,"Yes","No","Daylight","Straight - Level","Local Street","Dry","Two-Way, Not Divided","None","Related To Intersection","Coarse Asphalt",0,0,0,0,0,0,0,"4 lanes",2,0,NA,0,NA
4127,5558,"Elizabeth City","Pasquotank","Coastal","Residential","Urban (>70% Developed)",NA,"Urban","50 - 55  MPH","Stop And Go Signal","Cloudy","No",49,"40-49","No",NA,"With Traffic","C: Possible Injury","Travel Lane","Black","Male",31,"30-39","No",NA,"6-10 mph","O: No Injury","White","Female","Passenger Car","No","15FEB2008","Friday","Bicyclist Left Turn / Merge",14,"Intersection","February","C: Possible Injury",51780,"Bicyclist Left Turn - Opposite Direction",2008,"Yes","No","Daylight","Straight - Level","Local Street","Wet","Two-Way, Not Divided","None","No Special Feature","Smooth Asphalt",0,0,0,0,0,0,0,"8 lanes",2,0,NA,0,NA
4128,5561,"Charlotte","Mecklenburg","Piedmont","Commercial","Mixed (30% To 70% Developed)",NA,"Urban",NA,"Stop And Go Signal","Clear","No",37,"30-39","No",NA,"With Traffic","O: No Injury","Sidewalk / Crosswalk / Driveway Crossing","Black","Male",NA,NA,"No",NA,NA,"Unknown Injury","Black","Male","Passenger Car","No","16APR2008","Wednesday","Motorist Right Turn / Merge",19,"Intersection","April","O: No Injury",68520,"Motorist Right Turn - Same Direction",2008,"No","Yes","Daylight","Straight - Level","Local Street","Dry","Two-Way, Divided, Positive Median Barrier","None","No Special Feature","Smooth Asphalt",0,0,0,0,0,0,0,"2 lanes",2,0,NA,0,NA
4129,5568,"None - Rural Crash","Brunswick","Coastal","Farms, Woods, Pastures","Rural (<30% Developed)",NA,"Rural",NA,"Missing","Clear","No",10,"6-10","No",NA,"With Traffic","O: No Injury","Bike Lane / Paved Shoulder","White","Male",62,"60-69","No",NA,NA,"O: No Injury","White","Female","Passenger Car","No","19FEB2008","Tuesday","Bicyclist Left Turn / Merge",18,"Non-Intersection","February","O: No Injury",65700,"Bicyclist Left Turn - Same Direction",2008,"No","No","Daylight","Straight - Level","State Secondary Route","Dry","Two-Way, Not Divided","None","No Special Feature","Coarse Asphalt",0,0,0,0,0,0,0,"2 lanes",2,0,NA,0,NA
4130,5569,"Trent Woods","Craven","Coastal","Residential","Urban (>70% Developed)",NA,"Rural","20 - 25  MPH","No Control Present","Clear","No",11,"11-15","No",NA,"With Traffic","C: Possible Injury","Travel Lane","White","Female",NA,"70+","No",NA,NA,"O: No Injury","White","Male","Passenger Car","No","19FEB2008","Tuesday","Bicyclist Left Turn / Merge",17,"Non-Intersection","February","C: Possible Injury",63300,"Bicyclist Left Turn - Same Direction",2008,"No","No","Daylight","Straight - Level","Local Street","Dry","Two-Way, Not Divided","None","No Special Feature","Smooth Asphalt",0,0,0,0,0,0,0,"2 lanes",2,0,NA,0,NA
4131,5570,"None - Rural Crash","Craven","Coastal","Residential","Rural (<30% Developed)",NA,"Rural","40 - 45  MPH","Missing","Cloudy","No",30,"30-39","No",NA,"With Traffic","B: Evident Injury","Travel Lane","Black","Male",NA,"70+","No",NA,"36-40 mph","O: No Injury","Black","Female","Passenger Car","No","22FEB2008","Friday","Bicyclist Left Turn / Merge",16,"Non-Intersection","February","B: Evident Injury",59580,"Bicyclist Left Turn - Same Direction",2008,"Yes","No","Daylight","Straight - Level","State Secondary Route","Dry","Two-Way, Not Divided","None","No Special Feature","Smooth Asphalt",0,0,0,0,0,0,0,"2 lanes",2,0,NA,0,NA
4132,5572,"Greensboro","Guilford","Piedmont","Commercial","Urban (>70% Developed)",NA,"Urban","30 - 35  MPH","Stop And Go Signal","Rain","No",55,"50-59","No",NA,"Facing Traffic","B: Evident Injury","Travel Lane","Black","Male",25,"25-29","No",NA,"6-10 mph","O: No Injury","Black","Male","Passenger Car","No","22FEB2008","Friday","Bicyclist Failed to Yield - Signalized Intersection",1,"Intersection","February","B: Evident Injury",6600,"Bicyclist Ride Through - Signalized Intersection",2008,"No","No","Dark - Lighted Roadway","Straight - Level","Local Street","Wet","Two-Way, Divided, Unprotected Median","None","Bridge","Smooth Asphalt",0,0,0,0,0,0,0,"5 lanes",2,0,NA,0,NA
4133,5577,"Charlotte","Mecklenburg","Piedmont","Commercial","Urban (>70% Developed)",NA,"Urban","30 - 35  MPH","No Control Present","Clear","No",38,"30-39","No",NA,"With Traffic","C: Possible Injury","Bike Lane / Paved Shoulder","White","Male",43,"40-49","No",NA,"31-35 mph","O: No Injury","White","Male","Van","No","30APR2008","Wednesday","Motorist Right Turn / Merge",17,"Non-Intersection","April","C: Possible Injury",64380,"Motorist Right Turn - Same Direction",2008,"Yes","No","Daylight","Straight - Level","Local Street","Dry","Two-Way, Divided, Unprotected Median","None","No Special Feature","Smooth Asphalt",0,0,0,0,0,0,0,"6 lanes",2,0,NA,0,NA
4134,5578,"Gastonia","Gaston","Piedmont","Commercial","Urban (>70% Developed)",NA,"Urban",NA,"Missing","Clear","No",28,"25-29","No",NA,"Facing Traffic","C: Possible Injury","Sidewalk / Crosswalk / Driveway Crossing","White","Male",52,"50-59","No",NA,NA,"O: No Injury","White","Female","Passenger Car","No","25FEB2008","Monday","Motorist Failed to Yield - Midblock",14,"Non-Intersection","February","C: Possible Injury",53040,"Motorist Drive Out - Commercial Driveway / Alley",2008,"No","No","Daylight","Straight - Grade","Public Vehicular Area","Dry","Two-Way, Not Divided","None","Driveway, Public","Smooth Asphalt",0,0,0,0,0,0,0,NA,2,0,NA,0,NA
4135,5583,"None - Rural Crash","Robeson","Coastal","Residential","Rural (<30% Developed)",NA,"Rural","50 - 55  MPH","No Control Present","Clear","No",13,"11-15","No",NA,"Facing Traffic","C: Possible Injury","Travel Lane","Native American","Male",21,"20-24","No",NA,"51-55 mph","O: No Injury","Native American","Male","Passenger Car","No","29FEB2008","Friday","Bicyclist Right Turn / Merge",15,"Non-Intersection","February","C: Possible Injury",57000,"Bicyclist Right Turn - Same Direction",2008,"No","No","Daylight","Straight - Level","State Secondary Route","Dry","Two-Way, Not Divided","None","Driveway, Private","Coarse Asphalt",0,0,0,0,0,0,0,"2 lanes",2,0,NA,0,NA
4136,5593,"Greensboro","Guilford","Piedmont","Residential","Urban (>70% Developed)",NA,"Urban",NA,"Missing","Clear","No",8,"6-10","No",NA,"Not Applicable","C: Possible Injury","Non-Roadway","White","Female",NA,NA,"No",NA,NA,"Unknown Injury","Unknown/Missing",NA,NA,"No","03MAR2008","Monday","Non-Roadway",18,"Non-Roadway","March","C: Possible Injury",68220,"Non-Roadway",2008,"Yes","Yes","Dusk","Curve - Hillcrest","Public Vehicular Area","Dry","Two-Way, Not Divided","None","Driveway, Public","Coarse Asphalt",0,0,0,0,0,0,0,NA,2,0,NA,0,NA
4137,5594,"Wilmington","New Hanover","Coastal","Residential","Urban (>70% Developed)",NA,"Urban","30 - 35  MPH","Stop Sign","Cloudy","No",51,"50-59","No",NA,"Facing Traffic","C: Possible Injury","Sidewalk / Crosswalk / Driveway Crossing","Black","Male",47,"40-49","No",NA,"0-5 mph","O: No Injury","White","Male","Van","No","04MAR2008","Tuesday","Motorist Failed to Yield - Sign-Controlled Intersection",16,"Intersection","March","C: Possible Injury",60540,"Motorist Drive Out - Sign-Controlled Intersection",2008,"No","No","Daylight","Straight - Level","Local Street","Dry","Two-Way, Not Divided","None","T-Intersection","Smooth Asphalt",0,0,0,0,0,0,0,"4 lanes",2,0,NA,0,NA
4138,5602,"Conover","Catawba","Piedmont","Commercial","Mixed (30% To 70% Developed)",NA,"Urban","40 - 45  MPH","Stop And Go Signal","Clear","No",NA,"70+","No",NA,"With Traffic","B: Evident Injury","Travel Lane","White","Male",44,"40-49","No",NA,"6-10 mph","O: No Injury","White","Male","Pickup","No","07MAY2008","Wednesday","Motorist Left Turn / Merge",15,"Intersection","May","B: Evident Injury",55320,"Motorist Left Turn - Opposite Direction",2008,"Yes","No","Daylight","Straight - Level","Local Street","Dry","Two-Way, Divided, Unprotected Median","None","Four-Way Intersection","Smooth Asphalt",0,0,0,0,0,0,0,"2 lanes",2,0,NA,0,NA
4139,5604,"None - Rural Crash","Halifax","Coastal","Residential","Mixed (30% To 70% Developed)",NA,"Rural",NA,"Double Yellow Line, No Passing Zone","Clear","No",18,"16-19","No",NA,"With Traffic","B: Evident Injury","Travel Lane","Black","Male",28,"25-29","No",NA,NA,"O: No Injury","Black","Male","Sport Utility","No","09MAR2008","Sunday","Bicyclist Left Turn / Merge",12,"Non-Intersection","March","B: Evident Injury",43740,"Bicyclist Left Turn - Same Direction",2008,"No","No","Daylight","Straight - Level","State Secondary Route","Dry","Two-Way, Not Divided","None","No Special Feature","Smooth Asphalt",0,0,0,0,0,0,0,"2 lanes",2,0,NA,0,NA
4140,5612,"Winston-Salem","Forsyth","Piedmont","Residential","Urban (>70% Developed)",NA,"Urban","30 - 35  MPH","Stop Sign","Clear","No",49,"40-49","No",NA,"Facing Traffic","B: Evident Injury","Sidewalk / Crosswalk / Driveway Crossing","White","Male",45,"40-49","No",NA,"6-10 mph","O: No Injury","White","Female","Sport Utility","No","06MAR2008","Thursday","Motorist Failed to Yield - Sign-Controlled Intersection",7,"Intersection","March","B: Evident Injury",28020,"Motorist Drive Out - Sign-Controlled Intersection",2008,"No","No","Daylight","Straight - Level","Local Street","Dry","Two-Way, Not Divided","None","T-Intersection","Smooth Asphalt",0,0,0,0,0,0,0,"2 lanes",2,0,NA,0,NA
4141,5613,"Raleigh","Wake","Piedmont","Residential","Urban (>70% Developed)",NA,"Urban","30 - 35  MPH","Stop Sign","Clear","No",17,"16-19","No",NA,"With Traffic","B: Evident Injury","Travel Lane","Black","Male",50,"50-59","No",NA,"21-25 mph","O: No Injury","Black","Female","Passenger Car","No","12JAN2008","Saturday","Bicyclist Failed to Yield - Sign-Controlled Intersection",23,"Intersection","January","B: Evident Injury",84300,"Bicyclist Ride Through - Sign-Controlled Intersection",2008,"Yes","No","Dark - Lighted Roadway","Straight - Bottom","Local Street","Dry","Two-Way, Not Divided","None","Four-Way Intersection","Smooth Asphalt",0,0,0,0,0,0,0,"2 lanes",2,0,NA,0,NA
4142,5618,"None - Rural Crash","Avery","Mountains","Residential","Mixed (30% To 70% Developed)",NA,"Rural","50 - 55  MPH","Double Yellow Line, No Passing Zone","Clear","No",21,"20-24","No",NA,"With Traffic","B: Evident Injury","Travel Lane","White","Female",NA,"70+","No",NA,"41-45 mph","O: No Injury","White","Male","Pickup","No","13MAR2008","Thursday","Motorist Overtaking Bicyclist",17,"Non-Intersection","March","B: Evident Injury",61260,"Motorist Overtaking - Misjudged Space",2008,"Yes","No","Daylight","Straight - Level","NC Route","Dry","One-Way, Not Divided","None","No Special Feature","Smooth Asphalt",0,0,0,0,0,0,0,"2 lanes",2,0,NA,0,NA
4143,5622,"None - Rural Crash","Richmond","Piedmont","Institutional","Mixed (30% To 70% Developed)",NA,"Rural",NA,"Double Yellow Line, No Passing Zone","Clear","No",64,"60-69","No",NA,"Facing Traffic","O: No Injury","Travel Lane","White","Male",49,"40-49","Yes",NA,NA,"A: Disabling Injury","Black","Female","Pedalcycle","Yes","12MAR2008","Wednesday","Bicyclist Right Turn / Merge",20,"Non-Intersection","March","A: Disabling Injury",73500,"Bicyclist Right Turn - Same Direction",2008,"Yes","No","Dark - Roadway Not Lighted","Straight - Level","State Secondary Route","Dry","Two-Way, Not Divided","None","No Special Feature","Smooth Asphalt",0,0,0,0,0,0,0,"2 lanes",2,0,NA,0,NA
4144,5624,"Raleigh","Wake","Piedmont","Commercial","Urban (>70% Developed)",NA,"Urban",NA,"No Control Present","Cloudy","No",28,"25-29","No",NA,"Facing Traffic","C: Possible Injury","Sidewalk / Crosswalk / Driveway Crossing","Hispanic","Male",24,"20-24","No",NA,NA,"O: No Injury","Hispanic","Male","Pickup","No","17MAR2008","Monday","Motorist Failed to Yield - Midblock",18,"Non-Intersection","March","C: Possible Injury",66780,"Motorist Drive Out - Commercial Driveway / Alley",2008,"Yes","No","Daylight","Straight - Grade","Public Vehicular Area","Dry","Two-Way, Not Divided","None","No Special Feature","Concrete",0,0,0,0,0,0,0,"4 lanes",2,0,NA,0,NA
4145,5632,"None - Rural Crash","Person","Piedmont","Residential","Mixed (30% To 70% Developed)",NA,"Rural","30 - 35  MPH","Double Yellow Line, No Passing Zone","Clear","No",8,"6-10","No",NA,"Not Applicable","A: Disabling Injury","Driveway / Alley","White","Male",42,"40-49","No",NA,"31-35 mph","O: No Injury","White","Female","Sport Utility","No","20MAR2008","Thursday","Bicyclist Failed to Yield - Midblock",18,"Non-Intersection","March","A: Disabling Injury",66960,"Bicyclist Ride Out - Residential Driveway",2008,"Yes","No","Daylight","Straight - Level","State Secondary Route","Dry","Two-Way, Not Divided","None","Driveway, Private","Smooth Asphalt",0,0,0,0,0,0,0,"2 lanes",2,0,NA,0,NA
4146,5634,"Elizabeth City","Pasquotank","Coastal","Commercial","Urban (>70% Developed)",NA,"Urban","30 - 35  MPH","No Control Present","Clear","No",14,"11-15","No",NA,"Not Applicable","B: Evident Injury","Non-Roadway","White","Male",18,"0-19","No",NA,"31-35 mph","O: No Injury","White","Male","Passenger Car","No","22MAR2008","Saturday","Bicyclist Failed to Yield - Midblock",14,"Non-Intersection","March","B: Evident Injury",52260,"Bicyclist Ride Out - Other Midblock",2008,"Yes","No","Daylight","Straight - Level","Local Street","Dry","Two-Way, Not Divided","None","No Special Feature","Smooth Asphalt",0,0,0,0,0,0,0,"5 lanes",2,0,NA,0,NA
4147,5644,"Whiteville","Columbus","Coastal","Commercial","Urban (>70% Developed)",NA,"Urban","30 - 35  MPH","No Control Present","Clear","No",13,"11-15","No",NA,"Not Applicable","C: Possible Injury","Non-Roadway","Black","Male",35,"30-39","No",NA,"31-35 mph","O: No Injury","Black","Female","Passenger Car","No","27MAR2008","Thursday","Bicyclist Failed to Yield - Midblock",18,"Non-Intersection","March","C: Possible Injury",65340,"Bicyclist Ride Out - Commercial Driveway / Alley",2008,"Yes","No","Daylight","Straight - Level","Local Street","Dry","Two-Way, Not Divided","None","No Special Feature","Smooth Asphalt",0,0,0,0,0,0,0,"2 lanes",2,0,NA,0,NA
4148,5646,"None - Rural Crash","Rowan","Piedmont","Farms, Woods, Pastures","Rural (<30% Developed)",NA,"Rural","40 - 45  MPH","Stop Sign","Clear","No",28,"25-29","No",NA,"With Traffic","B: Evident Injury","Travel Lane","White","Male",61,"60-69","No",NA,"31-35 mph","O: No Injury","White","Male","Single Unit Truck (2-Axle, 6-Tire)","No","27MAR2008","Thursday","Loss of Control / Turning Error",15,"Intersection","March","B: Evident Injury",54600,"Motorist Turning Error - Left Turn",2008,"Yes","No","Daylight","Straight - Grade","State Secondary Route","Dry","Two-Way, Not Divided","None","T-Intersection","Smooth Asphalt",0,0,0,0,0,0,0,"2 lanes",2,0,NA,0,NA
4149,5652,"Raleigh","Wake","Piedmont","Residential","Urban (>70% Developed)",NA,"Urban","20 - 25  MPH","Stop Sign","Cloudy","No",13,"11-15","No",NA,"Facing Traffic","B: Evident Injury","Travel Lane","Black","Female",35,"30-39","No",NA,"11-15 mph","O: No Injury","Black","Male","Van","No","29MAR2008","Saturday","Bicyclist Failed to Yield - Sign-Controlled Intersection",19,"Intersection","March","B: Evident Injury",68760,"Bicyclist Ride Through - Sign-Controlled Intersection",2008,"Yes","No","Daylight","Straight - Bottom","Local Street","Wet","Two-Way, Not Divided","None","T-Intersection","Smooth Asphalt",0,0,0,0,0,0,0,"4 lanes",2,0,NA,0,NA
4150,5654,"Jacksonville","Onslow","Coastal","Commercial","Urban (>70% Developed)",NA,"Urban","40 - 45  MPH","Missing","Cloudy","No",48,"40-49","No",NA,"With Traffic","C: Possible Injury","Travel Lane","Black","Male",35,"30-39","No",NA,"31-35 mph","O: No Injury","White","Male","Pickup","No","30MAR2008","Sunday","Motorist Overtaking Bicyclist",4,"Non-Intersection","March","C: Possible Injury",17340,"Motorist Overtaking - Other / Unknown",2008,"Yes","No","Dark - Lighted Roadway","Straight - Level","US Route","Wet","Two-Way, Not Divided","None","No Special Feature","Smooth Asphalt",0,0,0,0,0,0,0,"6 lanes",2,0,NA,0,NA
4151,5661,"Forest City","Rutherford","Mountains","Residential","Urban (>70% Developed)",NA,"Urban","30 - 35  MPH","Stop Sign","Clear","No",7,"6-10","No",NA,"With Traffic","C: Possible Injury","Travel Lane","White","Male",NA,NA,"No",NA,NA,"Unknown Injury","Unknown/Missing",NA,"Passenger Car","No","10APR2008","Thursday","Bicyclist Failed to Yield - Sign-Controlled Intersection",19,"Intersection","April","C: Possible Injury",70080,"Bicyclist Ride Out - Sign-Controlled Intersection",2008,"Yes","Yes","Daylight","Straight - Level","Local Street","Dry","Two-Way, Divided, Unprotected Median","None","T-Intersection","Smooth Asphalt",0,0,0,0,0,0,0,"2 lanes",2,0,NA,0,NA
4152,5672,"Asheboro","Randolph","Piedmont","Commercial","Urban (>70% Developed)",NA,"Urban","30 - 35  MPH","No Control Present","Rain","No",37,"30-39","No",NA,"With Traffic","A: Disabling Injury","Travel Lane","White","Male",NA,"70+","No",NA,"0-5 mph","O: No Injury","White","Male","Pickup","No","22APR2008","Tuesday","Motorist Failed to Yield - Midblock",5,"Non-Intersection","April","A: Disabling Injury",21420,"Motorist Drive Out - Commercial Driveway / Alley",2008,"Yes","No","Dark - Lighted Roadway","Straight - Level","US Route","Wet","Two-Way, Not Divided","None","No Special Feature","Smooth Asphalt",0,0,0,0,0,0,0,"4 lanes",2,0,NA,0,NA