"...1","object_id","city","county","region","development","locality","on_road","rural_urban","speed_limit","traffic_control","weather","workzone","bike_age","bike_age_group","bike_alcohol","bike_alcohol_drugs","bike_direction","bike_injury","bike_position","bike_race","bike_sex","driver_age","driver_age_group","driver_alcohol","driver_alcohol_drugs","driver_est_speed","driver_injury","driver_race","driver_sex","driver_vehicle_type","crash_alcohol","crash_date","crash_day","crash_group","crash_hour","crash_location","crash_month","crash_severity","crash_time","crash_type","crash_year","ambulance_req","hit_run","light_condition","road_character","road_class","road_condition","road_configuration","road_defects","road_feature","road_surface","num_bikes_ai","num_bikes_bi","num_bikes_ci","num_bikes_ki","num_bikes_no","num_bikes_to","num_bikes_ui","num_lanes","num_units","distance_mi_from","frm_road","rte_invd_cd","towrd_road"
4153,5675,"Raleigh","Wake","Piedmont","Residential","Urban (>70% Developed)",NA,"Urban","40 - 45  MPH","Missing","Clear","No",20,"20-24","No",NA,"With Traffic","B: Evident Injury","Travel Lane","White","Male",23,"20-24","No",NA,"6-10 mph","O: No Injury","White","Male","Motorcycle","No","10APR2008","Thursday","Bicyclist Left Turn / Merge",10,"Intersection","April","B: Evident Injury",36420,"Bicyclist Left Turn - Same Direction",2008,"Yes","No","Daylight","Straight - Level","Local Street","Dry","Two-Way, Not Divided","None","T-Intersection","Coarse Asphalt",0,0,0,0,0,0,0,"2 lanes",2,0,NA,0,NA
4154,5681,"Lumber Bridge","Robeson","Coastal","Residential","Urban (>70% Developed)",NA,"Rural","20 - 25  MPH","Missing","Clear","No",51,"50-59","No",NA,"Not Applicable","B: Evident Injury","Bike Lane / Paved Shoulder","Black","Male",36,"30-39","No",NA,"16-20 mph","O: No Injury","Black","Male","Police","No","12APR2008","Saturday","Non-Roadway",11,"Non-Roadway","April","B: Evident Injury",41100,"Non-Roadway",2008,"Yes","No","Daylight","Straight - Level","Public Vehicular Area","Dry",NA,"None","Other","Other",0,0,0,0,0,0,0,NA,2,0,NA,0,NA
4155,5683,"Huntersville","Mecklenburg","Piedmont","Residential","Urban (>70% Developed)",NA,"Urban","40 - 45  MPH","No Control Present","Clear","No",53,"50-59","No",NA,"With Traffic","B: Evident Injury","Travel Lane","White","Female",40,"40-49","No",NA,"21-25 mph","O: No Injury","Black","Male","Single Unit Truck (2-Axle, 6-Tire)","No","31MAY2008","Saturday","Loss of Control / Turning Error",10,"Non-Intersection","May","B: Evident Injury",37020,"Bicyclist Lost Control - Other / Unknown",2008,"Yes","No","Daylight","Straight - Level","Local Street","Dry","Two-Way, Not Divided","None","No Special Feature","Smooth Asphalt",0,0,0,0,0,0,0,"2 lanes",2,0,NA,0,NA
4156,5686,"Fayetteville","Cumberland","Coastal","Commercial","Urban (>70% Developed)",NA,"Urban","30 - 35  MPH","Stop Sign","Clear","No",52,"50-59","No",NA,"With Traffic","B: Evident Injury","Travel Lane","Hispanic","Male",62,"60-69","No",NA,"31-35 mph","O: No Injury","White","Female","Passenger Car","No","14APR2008","Monday","Bicyclist Failed to Yield - Sign-Controlled Intersection",15,"Intersection","April","B: Evident Injury",55920,"Bicyclist Ride Through - Sign-Controlled Intersection",2008,"No","No","Daylight","Straight - Level","Local Street","Dry","Two-Way, Divided, Unprotected Median","None","Four-Way Intersection","Coarse Asphalt",0,0,0,0,0,0,0,"4 lanes",2,0,NA,0,NA
4157,5688,"Charlotte","Mecklenburg","Piedmont","Commercial","Urban (>70% Developed)",NA,"Urban","40 - 45  MPH","No Control Present","Clear","No",13,"11-15","No",NA,NA,"C: Possible Injury","Travel Lane","Black","Male",29,"25-29","No",NA,"0-5 mph","O: No Injury","White","Female","Passenger Car","No","02JUN2008","Monday","Bicyclist Failed to Yield - Midblock",18,"Non-Intersection","June","C: Possible Injury",65280,"Multiple Threat - Midblock",2008,"Yes","No","Daylight","Straight - Level","Local Street","Dry","Two-Way, Divided, Unprotected Median","None","No Special Feature","Smooth Asphalt",0,0,0,0,0,0,0,"7 lanes",2,0,NA,0,NA
4158,5689,"Chapel Hill","Orange","Piedmont","Institutional","Urban (>70% Developed)",NA,"Urban",NA,"Missing","Clear","No",21,"20-24","No",NA,"With Traffic","C: Possible Injury","Travel Lane","White","Male",24,"20-24","No",NA,NA,"O: No Injury","White","Female","Passenger Car","No","16APR2008","Wednesday","Motorist Left Turn / Merge",17,"Intersection","April","C: Possible Injury",62880,"Motorist Left Turn - Opposite Direction",2008,"No","No","Daylight","Straight - Level","Local Street","Dry","Two-Way, Divided, Unprotected Median","None","No Special Feature","Smooth Asphalt",0,0,0,0,0,0,0,"2 lanes",2,0,NA,0,NA
4159,5700,"Rocky Mount","Edgecombe","Coastal","Residential","Urban (>70% Developed)",NA,"Urban","30 - 35  MPH","Stop Sign","Clear","No",7,"6-10","No",NA,"With Traffic","O: No Injury","Travel Lane","Black","Female",45,"40-49","No",NA,"31-35 mph","O: No Injury","Black","Male","Light Truck (Mini-Van, Panel)","No","26APR2008","Saturday","Bicyclist Failed to Yield - Sign-Controlled Intersection",16,"Intersection","April","O: No Injury",59580,"Bicyclist Ride Through - Sign-Controlled Intersection",2008,"No","No","Daylight","Straight - Level","Local Street","Dry","Two-Way, Not Divided","None","No Special Feature","Smooth Asphalt",0,0,0,0,0,0,0,"4 lanes",2,0,NA,0,NA
4160,5707,"Wrightsville Beach","New Hanover","Coastal","Commercial","Urban (>70% Developed)",NA,"Rural","20 - 25  MPH","Stop And Go Signal","Clear","No",35,"30-39","No",NA,"With Traffic","B: Evident Injury","Travel Lane","White","Female",29,"25-29","No",NA,"0-5 mph","B: Evident Injury","White","Male","Passenger Car","No","20APR2008","Sunday","Motorist Failed to Yield - Signalized Intersection",10,"Intersection","April","B: Evident Injury",36960,"Motorist Drive Out - Right Turn on Red",2008,"No","No","Daylight","Straight - Level","Local Street","Wet","Two-Way, Divided, Positive Median Barrier","None","Four-Way Intersection","Coarse Asphalt",0,0,0,0,0,0,0,"2 lanes",2,0,NA,0,NA
4161,5708,"Charlotte","Mecklenburg","Piedmont","Commercial","Urban (>70% Developed)",NA,"Urban","40 - 45  MPH","No Control Present","Clear","No",24,"20-24","No",NA,"With Traffic","O: No Injury","Travel Lane","Hispanic","Male",31,"30-39","No",NA,"21-25 mph","O: No Injury","Hispanic","Male","Light Truck (Mini-Van, Panel)","No","05JUN2008","Thursday","Motorist Right Turn / Merge",7,"Non-Intersection","June","O: No Injury",27300,"Motorist Right Turn - Same Direction",2008,"No","No","Daylight","Straight - Level","Local Street","Dry","Two-Way, Not Divided","None","No Special Feature","Smooth Asphalt",0,0,0,0,0,0,0,"4 lanes",2,0,NA,0,NA
4162,5709,"None - Rural Crash","Burke","Mountains","Residential","Mixed (30% To 70% Developed)",NA,"Rural",NA,"No Control Present","Clear","No",14,"11-15","No",NA,"Not Applicable","C: Possible Injury","Driveway / Alley","Asian","Male",NA,NA,"Missing",NA,"0-5 mph","Unknown Injury","Unknown/Missing",NA,"Passenger Car","No","23APR2008","Wednesday","Non-Roadway",19,"Non-Roadway","April","C: Possible Injury",69600,"Non-Roadway",2008,"Yes","No","Daylight","Straight - Grade","Private Road, Driveway","Dry","Two-Way, Not Divided","None","Driveway, Private","Concrete",0,0,0,0,0,0,0,NA,2,0,NA,0,NA
4163,5722,"Sanford","Lee","Piedmont","Residential","Urban (>70% Developed)",NA,"Urban","30 - 35  MPH","Stop And Go Signal","Clear","No",61,"60-69","No",NA,"Facing Traffic","C: Possible Injury","Travel Lane","Hispanic","Male",44,"40-49","No",NA,"0-5 mph","O: No Injury","White","Male","Police","No","24APR2008","Thursday","Crossing Paths - Other Circumstances",11,"Intersection","April","C: Possible Injury",40860,"Signalized Intersection - Other / Unknown",2008,"Yes","No","Daylight","Straight - Level","Local Street","Dry","Two-Way, Not Divided","None","Four-Way Intersection","Smooth Asphalt",0,0,0,0,0,0,0,"2 lanes",2,0,NA,0,NA
4164,5725,"Cary","Wake","Piedmont","Residential","Urban (>70% Developed)",NA,"Urban","20 - 25  MPH","No Control Present","Clear","No",10,"6-10","No",NA,"Not Applicable","A: Disabling Injury","Driveway / Alley","White","Male",54,"50-59","No",NA,"21-25 mph","O: No Injury","White","Male","Passenger Car","No","08JUN2008","Sunday","Bicyclist Failed to Yield - Midblock",14,"Non-Intersection","June","A: Disabling Injury",53640,"Bicyclist Ride Out - Residential Driveway",2008,"Yes","No","Daylight","Straight - Level","Local Street","Dry","Two-Way, Not Divided","None","No Special Feature","Smooth Asphalt",0,0,0,0,0,0,0,"2 lanes",2,0,NA,0,NA
4165,5728,"Wilmington","New Hanover","Coastal","Commercial","Urban (>70% Developed)",NA,"Urban",NA,"Missing","Clear","No",45,"40-49","No",NA,"With Traffic","C: Possible Injury","Travel Lane","White","Male",NA,NA,"Missing",NA,NA,"Unknown Injury","Unknown/Missing",NA,NA,"No","27APR2008","Sunday","Motorist Overtaking Bicyclist",22,"Non-Intersection","April","C: Possible Injury",80100,"Motorist Overtaking - Other / Unknown",2008,"No","Yes","Dark - Lighted Roadway","Straight - Level","Local Street","Dry","Two-Way, Divided, Unprotected Median","None","No Special Feature","Smooth Asphalt",0,0,0,0,0,0,0,"4 lanes",2,0,NA,0,NA
4166,5735,"Charlotte","Mecklenburg","Piedmont","Commercial","Urban (>70% Developed)",NA,"Urban","30 - 35  MPH","Stop And Go Signal","Clear","No",46,"40-49","No",NA,"With Traffic","C: Possible Injury","Travel Lane","Hispanic","Male",48,"40-49","No",NA,"6-10 mph","O: No Injury","White","Male","Pickup","No","11JUN2008","Wednesday","Motorist Right Turn / Merge",9,"Non-Intersection","June","C: Possible Injury",32820,"Motorist Right Turn - Same Direction",2008,"Yes","No","Daylight","Straight - Level","Local Street","Dry","Two-Way, Divided, Unprotected Median","None","No Special Feature","Smooth Asphalt",0,0,0,0,0,0,0,"4 lanes",2,0,NA,0,NA
4167,5741,"Eden","Rockingham","Piedmont","Commercial","Urban (>70% Developed)",NA,"Urban","40 - 45  MPH","Stop Sign","Cloudy","No",17,"16-19","No",NA,"Facing Traffic","C: Possible Injury","Travel Lane","White","Female",58,"50-59","No",NA,"6-10 mph","O: No Injury","White","Female","Passenger Car","No","12JUN2008","Thursday","Motorist Failed to Yield - Sign-Controlled Intersection",16,"Intersection","June","C: Possible Injury",58500,"Motorist Drive Out - Sign-Controlled Intersection",2008,"Yes","No","Daylight","Straight - Level","Local Street","Dry","Two-Way, Not Divided","None","Four-Way Intersection","Smooth Asphalt",0,0,0,0,0,0,0,"5 lanes",2,0,NA,0,NA
4168,5744,"Durham","Durham","Piedmont","Residential","Urban (>70% Developed)",NA,"Urban","30 - 35  MPH","No Control Present","Clear","No",32,"30-39","No",NA,"With Traffic","B: Evident Injury","Travel Lane","Black","Male",50,"50-59","No",NA,"31-35 mph","O: No Injury","Black","Male","Passenger Car","No","11JUN2008","Wednesday","Bicyclist Failed to Yield - Sign-Controlled Intersection",18,"Intersection","June","B: Evident Injury",65520,"Bicyclist Ride Out - Sign-Controlled Intersection",2008,"No","No","Daylight","Straight - Level","Local Street","Dry","Two-Way, Not Divided","None","No Special Feature","Smooth Asphalt",0,0,0,0,0,0,0,"2 lanes",2,0,NA,0,NA
4169,5746,"Chapel Hill","Orange","Piedmont","Commercial","Urban (>70% Developed)",NA,"Urban","5 - 15 MPH","Missing","Clear","No",27,"25-29","No",NA,"With Traffic","B: Evident Injury","Sidewalk / Crosswalk / Driveway Crossing","White","Female",21,"20-24","No",NA,"11-15 mph","O: No Injury","White","Female","Sport Utility","No","06MAY2008","Tuesday","Motorist Right Turn / Merge",20,"Non-Intersection","May","B: Evident Injury",74040,"Motorist Right Turn - Same Direction",2008,"No","No","Dusk","Straight - Hillcrest","Public Vehicular Area","Dry","Two-Way, Not Divided","None","Driveway, Private","Smooth Asphalt",0,0,0,0,0,0,0,"2 lanes",2,0,NA,0,NA
4170,5764,"Salisbury","Rowan","Piedmont","Residential","Urban (>70% Developed)",NA,"Urban","20 - 25  MPH","Stop And Go Signal","Clear","No",38,"30-39","Yes",NA,"With Traffic","C: Possible Injury","Travel Lane","Black","Male",NA,NA,"Missing",NA,"21-25 mph","Unknown Injury","Unknown/Missing",NA,"Passenger Car","Yes","09JUN2008","Monday","Crossing Paths - Other Circumstances",15,"Intersection","June","C: Possible Injury",55560,"Signalized Intersection - Other / Unknown",2008,"Yes","Yes","Daylight","Straight - Level","Local Street","Dry","Two-Way, Not Divided","None","Four-Way Intersection","Smooth Asphalt",0,0,0,0,0,0,0,"4 lanes",2,0,NA,0,NA
4171,5767,"Raleigh","Wake","Piedmont","Commercial","Urban (>70% Developed)",NA,"Urban","40 - 45  MPH","No Control Present","Clear","No",43,"40-49","No",NA,"With Traffic","B: Evident Injury","Travel Lane","Asian","Male",66,"60-69","No",NA,"31-35 mph","O: No Injury","White","Male","Passenger Car","No","13MAY2008","Tuesday","Motorist Overtaking Bicyclist",20,"Non-Intersection","May","B: Evident Injury",74700,"Motorist Overtaking - Misjudged Space",2008,"Yes","No","Dark - Roadway Not Lighted","Straight - Level","Local Street","Dry","Two-Way, Not Divided","None","No Special Feature","Smooth Asphalt",0,0,0,0,0,0,0,"5 lanes",2,0,NA,0,NA
4172,5769,"Raleigh","Wake","Piedmont","Commercial","Urban (>70% Developed)",NA,"Urban",NA,"Missing","Clear","No",18,"16-19","No",NA,"With Traffic","O: No Injury","Sidewalk / Crosswalk / Driveway Crossing","White","Male",NA,NA,"Missing",NA,NA,"Unknown Injury","Unknown/Missing",NA,NA,"No","01MAY2008","Thursday","Motorist Right Turn / Merge",19,"Intersection","May","O: No Injury",70800,"Motorist Right Turn - Same Direction",2008,"No","Yes","Daylight",NA,"Local Street","Dry",NA,"None","No Special Feature",NA,0,0,0,0,0,0,0,NA,2,0,NA,0,NA
4173,5797,"None - Rural Crash","Sampson","Coastal","Farms, Woods, Pastures","Rural (<30% Developed)",NA,"Rural","50 - 55  MPH","Double Yellow Line, No Passing Zone","Clear","No",57,"50-59","No",NA,"With Traffic","C: Possible Injury","Bike Lane / Paved Shoulder","White","Male",NA,NA,"Missing",NA,"51-55 mph","Unknown Injury","Unknown/Missing",NA,NA,"No","21MAY2008","Wednesday","Motorist Right Turn / Merge",5,"Non-Intersection","May","C: Possible Injury",19800,"Motorist Right Turn - Same Direction",2008,"No","Yes","Dawn","Straight - Level","NC Route","Dry","Two-Way, Not Divided","None","No Special Feature","Coarse Asphalt",0,0,0,0,0,0,0,"2 lanes",2,0,NA,0,NA
4174,5798,"Wesley Chapel","Union","Piedmont","Farms, Woods, Pastures","Rural (<30% Developed)",NA,"Rural","40 - 45  MPH","Stop Sign","Clear","No",54,"50-59","No",NA,"With Traffic","O: No Injury","Travel Lane","White","Male",69,"60-69","No",NA,"0-5 mph","C: Possible Injury","White","Male","Sport Utility","No","21MAY2008","Wednesday","Motorist Failed to Yield - Sign-Controlled Intersection",10,"Intersection","May","C: Possible Injury",37500,"Motorist Drive Out - Sign-Controlled Intersection",2008,"No","No","Daylight","Straight - Level","State Secondary Route","Dry","Two-Way, Not Divided","None","Four-Way Intersection","Smooth Asphalt",0,0,0,0,0,0,0,"2 lanes",2,0,NA,0,NA
4175,5799,"Durham","Durham","Piedmont","Residential","Urban (>70% Developed)",NA,"Urban","30 - 35  MPH","No Control Present","Clear","No",53,"50-59","No",NA,"With Traffic","B: Evident Injury","Travel Lane","White","Male",33,"30-39","No",NA,NA,"B: Evident Injury","Black","Male","Motorcycle","No","18JUN2008","Wednesday","Motorist Overtaking Bicyclist",18,"Intersection","June","B: Evident Injury",65640,"Motorist Overtaking - Other / Unknown",2008,"Yes","No","Daylight","Straight - Grade","Local Street","Dry","Two-Way, Not Divided","None","No Special Feature","Smooth Asphalt",0,0,0,0,0,0,0,"2 lanes",2,0,NA,0,NA
4176,5800,"Kitty Hawk","Dare","Coastal","Commercial","Mixed (30% To 70% Developed)",NA,"Rural","30 - 35  MPH","Stop And Go Signal","Clear","No",15,"11-15","Yes",NA,"Facing Traffic","B: Evident Injury","Multi-use Path","White","Male",64,"60-69","No",NA,"0-5 mph","O: No Injury","White","Female","Passenger Car","Yes","21MAY2008","Wednesday","Bicyclist Failed to Yield - Signalized Intersection",12,"Intersection","May","B: Evident Injury",46740,"Bicyclist Ride Through - Signalized Intersection",2008,"Yes","No","Daylight","Straight - Level","Local Street","Dry","Two-Way, Not Divided","None","Four-Way Intersection","Coarse Asphalt",0,0,0,0,0,0,0,"3 lanes",2,0,NA,0,NA
4177,5802,"High Point","Guilford","Piedmont","Residential","Urban (>70% Developed)",NA,"Urban","20 - 25  MPH","Missing","Clear","No",60,"60-69","No",NA,"Facing Traffic","B: Evident Injury","Travel Lane","White","Female",16,"0-19","No",NA,"16-20 mph","O: No Injury","White","Female","Passenger Car","No","22MAY2008","Thursday","Head-On",7,"Intersection-Related","May","B: Evident Injury",27420,"Head-On - Bicyclist",2008,"Yes","No","Daylight","Straight - Grade","Local Street","Dry","Two-Way, Not Divided","None","No Special Feature","Smooth Asphalt",0,0,0,0,0,0,0,"2 lanes",2,0,NA,0,NA
4178,5813,"High Point","Guilford","Piedmont","Residential","Mixed (30% To 70% Developed)",NA,"Urban","20 - 25  MPH","Stop Sign","Clear","No",8,"6-10","No",NA,"With Traffic","C: Possible Injury","Travel Lane","Black","Male",24,"20-24","No",NA,"6-10 mph","O: No Injury","Black","Female","Passenger Car","No","25MAY2008","Sunday","Bicyclist Failed to Yield - Sign-Controlled Intersection",19,"Intersection","May","C: Possible Injury",70200,"Bicyclist Ride Through - Sign-Controlled Intersection",2008,"Yes","No","Daylight","Straight - Level","Local Street","Dry","Two-Way, Not Divided","None","No Special Feature","Coarse Asphalt",0,0,0,0,0,0,0,"2 lanes",2,0,NA,0,NA
4179,5814,"Indian Trail","Union","Piedmont","Residential","Urban (>70% Developed)",NA,"Urban","30 - 35  MPH","Double Yellow Line, No Passing Zone","Clear","No",18,"16-19","No",NA,"With Traffic","C: Possible Injury","Sidewalk / Crosswalk / Driveway Crossing","White","Female",32,"30-39","No",NA,"16-20 mph","O: No Injury","White","Male","Pickup","No","26MAY2008","Monday","Motorist Left Turn / Merge",19,"Intersection","May","C: Possible Injury",68760,"Motorist Left Turn - Opposite Direction",2008,"No","No","Daylight","Straight - Grade","State Secondary Route","Dry","Two-Way, Not Divided","None","Four-Way Intersection","Smooth Asphalt",0,0,0,0,0,0,0,"2 lanes",2,0,NA,0,NA
4180,5823,"Rocky Mount","Edgecombe","Coastal","Residential","Urban (>70% Developed)",NA,"Urban","30 - 35  MPH","Stop Sign","Clear","No",16,"16-19","No",NA,"With Traffic","B: Evident Injury","Travel Lane","Black","Female",36,"30-39","No",NA,"31-35 mph","O: No Injury","Black","Male","Passenger Car","No","30MAY2008","Friday","Bicyclist Failed to Yield - Sign-Controlled Intersection",15,"Intersection","May","B: Evident Injury",55080,"Bicyclist Ride Through - Sign-Controlled Intersection",2008,"No","No","Daylight","Straight - Level","Local Street","Dry","Two-Way, Divided, Unprotected Median","None","Four-Way Intersection","Smooth Asphalt",0,0,0,0,0,0,0,"4 lanes",2,0,NA,0,NA
4181,5830,"Smithfield","Johnston","Coastal","Residential","Rural (<30% Developed)",NA,"Urban","40 - 45  MPH","Missing","Clear","No",45,"40-49","No",NA,"With Traffic","B: Evident Injury","Travel Lane","White","Male",NA,NA,"Missing",NA,"16-20 mph","Unknown Injury","Unknown/Missing",NA,"Pickup","No","31MAY2008","Saturday","Motorist Overtaking Bicyclist",14,"Non-Intersection","May","B: Evident Injury",53760,"Motorist Overtaking - Other / Unknown",2008,"No","Yes","Daylight","Straight - Level","NC Route","Dry","Two-Way, Not Divided","None","No Special Feature","Coarse Asphalt",0,0,0,0,0,0,0,"2 lanes",2,0,NA,0,NA
4182,5842,"None - Rural Crash","Mcdowell","Mountains","Farms, Woods, Pastures","Rural (<30% Developed)",NA,"Rural","50 - 55  MPH","No Control Present","Clear","No",17,"16-19","No",NA,"Facing Traffic","B: Evident Injury","Travel Lane","White","Male",NA,NA,"Missing",NA,"31-35 mph","Unknown Injury","Unknown/Missing",NA,"Sport Utility","No","01JUL2008","Tuesday","Loss of Control / Turning Error",11,"Non-Intersection","July","B: Evident Injury",39600,"Motorist Lost Control - Other / Unknown",2008,"No","Yes","Daylight","Curve - Grade","State Secondary Route","Sand, Mud, Dirt, Gravel","Two-Way, Not Divided","None","No Special Feature","Gravel",0,0,0,0,0,0,0,"2 lanes",2,0,NA,0,NA
4183,5846,"None - Rural Crash","Wake","Piedmont","Residential","Rural (<30% Developed)",NA,"Rural","40 - 45  MPH","Stop And Go Signal","Clear","No",67,"60-69","No",NA,"With Traffic","B: Evident Injury","Travel Lane","White","Male",46,"40-49","No",NA,"0-5 mph","O: No Injury","White","Male","Truck/Trailer","No","26JUN2008","Thursday","Motorist Left Turn / Merge",10,"Intersection","June","B: Evident Injury",36480,"Motorist Left Turn - Same Direction",2008,"No","No","Daylight","Straight - Level","NC Route","Dry","Two-Way, Divided, Unprotected Median","None","Four-Way Intersection","Coarse Asphalt",0,0,0,0,0,0,0,"4 lanes",2,0,NA,0,NA
4184,5862,"Charlotte","Mecklenburg","Piedmont","Residential","Urban (>70% Developed)",NA,"Urban","30 - 35  MPH","No Control Present","Cloudy","No",30,"30-39","No",NA,"Facing Traffic","Unknown Injury","Sidewalk / Crosswalk / Driveway Crossing","Black","Male",41,"40-49","No",NA,"0-5 mph","O: No Injury","Black","Male","Passenger Car","No","11JUL2008","Friday","Motorist Failed to Yield - Sign-Controlled Intersection",9,"Intersection","July","O: No Injury",33720,"Motorist Drive Out - Sign-Controlled Intersection",2008,"No","No","Daylight","Straight - Level","Local Street","Dry","Two-Way, Not Divided","None","No Special Feature","Smooth Asphalt",0,0,0,0,0,0,0,"4 lanes",2,0,NA,0,NA
4185,5863,"Greensboro","Guilford","Piedmont","Residential","Urban (>70% Developed)",NA,"Urban","20 - 25  MPH","Stop Sign","Clear","No",13,"11-15","No",NA,"Not Applicable","A: Disabling Injury","Non-Roadway","Black","Male",61,"60-69","No",NA,"21-25 mph","O: No Injury","Black","Male","Passenger Car","No","09JUN2008","Monday","Bicyclist Failed to Yield - Sign-Controlled Intersection",9,"Intersection","June","A: Disabling Injury",35340,"Bicyclist Ride Through - Sign-Controlled Intersection",2008,"Yes","No","Daylight","Straight - Level","Local Street","Dry","Two-Way, Not Divided","None","Four-Way Intersection","Coarse Asphalt",0,0,0,0,0,0,0,"1 lane",2,0,NA,0,NA
4186,5868,"Raleigh","Wake","Piedmont","Commercial","Urban (>70% Developed)",NA,"Urban","20 - 25  MPH","Stop Sign","Clear","No",16,"16-19","No",NA,"With Traffic","B: Evident Injury","Travel Lane","White","Male",61,"60-69","No",NA,"21-25 mph","O: No Injury","White","Female","Van","No","22MAY2008","Thursday","Bicyclist Failed to Yield - Sign-Controlled Intersection",7,"Intersection","May","B: Evident Injury",27780,"Bicyclist Ride Through - Sign-Controlled Intersection",2008,"Yes","No","Daylight","Straight - Bottom","Local Street","Dry","Two-Way, Not Divided","None","Four-Way Intersection","Grooved Concrete",0,0,0,0,0,0,0,"2 lanes",2,0,NA,0,NA
4187,5873,"Dunn","Harnett","Coastal","Commercial","Urban (>70% Developed)",NA,"Urban","30 - 35  MPH","No Control Present","Clear","No",23,"20-24","No",NA,"Not Applicable","B: Evident Injury","Non-Roadway","Hispanic","Male",54,"50-59","No",NA,"6-10 mph","O: No Injury","White","Female","Passenger Car","No","19JUN2008","Thursday","Non-Roadway",21,"Non-Roadway","June","B: Evident Injury",79020,"Non-Roadway",2008,"Yes","No","Dark - Lighted Roadway","Straight - Level","Public Vehicular Area","Dry","Two-Way, Not Divided","None","No Special Feature","Coarse Asphalt",0,0,0,0,0,0,0,NA,2,0,NA,0,NA
4188,5877,"Charlotte","Mecklenburg","Piedmont","Residential","Urban (>70% Developed)",NA,"Urban","5 - 15 MPH","No Control Present","Clear","No",46,"40-49","No",NA,"With Traffic","B: Evident Injury","Sidewalk / Crosswalk / Driveway Crossing","Black","Male",23,"20-24","No",NA,"0-5 mph","O: No Injury","Black","Female","Passenger Car","No","15JUL2008","Tuesday","Motorist Right Turn / Merge",17,"Non-Intersection","July","B: Evident Injury",63780,"Motorist Right Turn - Same Direction",2008,"Yes","No","Daylight","Straight - Level","Public Vehicular Area","Dry","Two-Way, Not Divided","None","Driveway, Public","Smooth Asphalt",0,0,0,0,0,0,0,"2 lanes",2,0,NA,0,NA
4189,5882,"None - Rural Crash","Union","Piedmont","Farms, Woods, Pastures","Rural (<30% Developed)",NA,"Rural","50 - 55  MPH","No Control Present","Clear","No",58,"50-59","No",NA,"Not Applicable","B: Evident Injury","Driveway / Alley","White","Male",44,"40-49","No",NA,"0-5 mph","O: No Injury","White","Female","Passenger Car","No","16JUN2008","Monday","Bicyclist Failed to Yield - Midblock",8,"Non-Intersection","June","B: Evident Injury",30480,"Bicyclist Ride Out - Residential Driveway",2008,"No","No","Daylight","Straight - Level","State Secondary Route","Dry","Two-Way, Not Divided","None","Driveway, Private","Smooth Asphalt",0,0,0,0,0,0,0,"2 lanes",2,0,NA,0,NA
4190,5888,"Lumberton","Robeson","Coastal","Commercial","Urban (>70% Developed)",NA,"Urban","40 - 45  MPH","No Control Present","Clear","No",51,"50-59","No",NA,"With Traffic","B: Evident Injury","Travel Lane","Black","Male",36,"30-39","No",NA,"41-45 mph","O: No Injury","White","Female","Passenger Car","No","19JUN2008","Thursday","Bicyclist Left Turn / Merge",18,"Non-Intersection","June","B: Evident Injury",64860,"Bicyclist Left Turn - Same Direction",2008,"No","No","Daylight","Straight - Level","NC Route","Dry","Two-Way, Not Divided","None","No Special Feature","Smooth Asphalt",0,0,0,0,0,0,0,"5 lanes",2,0,NA,0,NA
4191,5891,"None - Rural Crash","Chatham","Piedmont","Commercial","Rural (<30% Developed)",NA,"Rural","5 - 15 MPH","No Control Present","Clear","No",18,"16-19","No",NA,"Not Applicable","O: No Injury","Non-Roadway","White","Male",36,"30-39","No",NA,"11-15 mph","O: No Injury","White","Female","Van","No","17JUL2008","Thursday","Non-Roadway",17,"Non-Roadway","July","O: No Injury",63300,"Non-Roadway",2008,"No","No","Daylight","Straight - Level","Public Vehicular Area","Dry","Two-Way, Not Divided","None","No Special Feature","Smooth Asphalt",0,0,0,0,0,0,0,NA,2,0,NA,0,NA
4192,5893,"Raleigh","Wake","Piedmont","Commercial","Urban (>70% Developed)",NA,"Urban","30 - 35  MPH","Stop Sign","Clear","No",47,"40-49","No",NA,"Facing Traffic","O: No Injury","Sidewalk / Crosswalk / Driveway Crossing","Black","Male",20,"20-24","No",NA,"26-30 mph","O: No Injury","White","Female","Sport Utility","No","30JUN2008","Monday","Motorist Failed to Yield - Sign-Controlled Intersection",11,"Intersection","June","O: No Injury",40680,"Motorist Drive Out - Sign-Controlled Intersection",2008,"No","No","Daylight","Straight - Level","Local Street","Dry","Two-Way, Not Divided","None","T-Intersection","Coarse Asphalt",0,0,0,0,0,0,0,"2 lanes",2,0,NA,0,NA
4193,5902,"Fayetteville","Cumberland","Coastal","Commercial","Urban (>70% Developed)",NA,"Urban","30 - 35  MPH","Stop And Go Signal","Clear","No",55,"50-59","No",NA,"Facing Traffic","C: Possible Injury","Sidewalk / Crosswalk / Driveway Crossing","Black","Male",41,"40-49","No",NA,"0-5 mph","O: No Injury","White","Male","Pickup","No","23JUN2008","Monday","Motorist Failed to Yield - Sign-Controlled Intersection",14,"Intersection","June","C: Possible Injury",52800,"Motorist Drive Out - Sign-Controlled Intersection",2008,"Yes","No","Daylight","Straight - Level","Local Street","Dry","Two-Way, Not Divided","None","T-Intersection","Smooth Asphalt",0,0,0,0,0,0,0,"3 lanes",2,0,NA,0,NA