"...1","object_id","city","county","region","development","locality","on_road","rural_urban","speed_limit","traffic_control","weather","workzone","bike_age","bike_age_group","bike_alcohol","bike_alcohol_drugs","bike_direction","bike_injury","bike_position","bike_race","bike_sex","driver_age","driver_age_group","driver_alcohol","driver_alcohol_drugs","driver_est_speed","driver_injury","driver_race","driver_sex","driver_vehicle_type","crash_alcohol","crash_date","crash_day","crash_group","crash_hour","crash_location","crash_month","crash_severity","crash_time","crash_type","crash_year","ambulance_req","hit_run","light_condition","road_character","road_class","road_condition","road_configuration","road_defects","road_feature","road_surface","num_bikes_ai","num_bikes_bi","num_bikes_ci","num_bikes_ki","num_bikes_no","num_bikes_to","num_bikes_ui","num_lanes","num_units","distance_mi_from","frm_road","rte_invd_cd","towrd_road"
4194,5903,"Jacksonville","Onslow","Coastal","Commercial","Urban (>70% Developed)",NA,"Urban","50 - 55  MPH","No Control Present","Clear","No",18,"16-19","No",NA,"With Traffic","K: Killed","Travel Lane","White","Male",23,"20-24","Yes",NA,"56-60 mph","O: No Injury","Hispanic","Male","Passenger Car","Yes","21JUN2008","Saturday","Motorist Overtaking Bicyclist",23,"Non-Intersection","June","K: Killed",84720,"Motorist Overtaking - Undetected Bicyclist",2008,"Yes","Yes","Dark - Roadway Not Lighted","Straight - Level","NC Route","Dry","Two-Way, Divided, Positive Median Barrier","None","Bridge Approach","Coarse Asphalt",0,0,0,0,0,0,0,"6 lanes",3,0,NA,0,NA
4195,5907,"Fayetteville","Cumberland","Coastal","Commercial","Urban (>70% Developed)",NA,"Urban","40 - 45  MPH","Stop And Go Signal","Rain","No",50,"50-59","Yes",NA,"Facing Traffic","B: Evident Injury","Travel Lane","Black","Male",29,"25-29","No",NA,"11-15 mph","O: No Injury","Black","Female","Sport Utility","Yes","06JUL2008","Sunday","Bicyclist Failed to Yield - Signalized Intersection",22,"Intersection","July","B: Evident Injury",79620,"Bicyclist Failed to Clear - Trapped",2008,"Yes","No","Dark - Lighted Roadway","Straight - Level","Local Street","Wet","Two-Way, Divided, Positive Median Barrier","None","Four-Way Intersection","Coarse Asphalt",0,0,0,0,0,0,0,"7 lanes",2,0,NA,0,NA
4196,5909,"None - Rural Crash","Gaston","Piedmont","Residential","Urban (>70% Developed)",NA,"Rural","20 - 25  MPH","No Control Present","Cloudy","No",7,"6-10","No",NA,"Not Applicable","C: Possible Injury","Driveway / Alley","Black","Female",16,"0-19","No",NA,"0-5 mph","O: No Injury","White","Male","Pickup","No","26JUN2008","Thursday","Bicyclist Failed to Yield - Midblock",17,"Non-Intersection","June","C: Possible Injury",63420,"Bicyclist Ride Out - Commercial Driveway / Alley",2008,"Yes","No","Daylight","Straight - Level","Local Street","Dry","Two-Way, Not Divided","None","Driveway, Public","Smooth Asphalt",0,0,0,0,0,0,0,"2 lanes",2,0,NA,0,NA
4197,5917,"None - Rural Crash","Guilford","Piedmont","Commercial","Urban (>70% Developed)",NA,"Rural","30 - 35  MPH","Stop Sign","Clear","No",45,"40-49","No",NA,"With Traffic","C: Possible Injury","Travel Lane","White","Female",39,"30-39","No",NA,"11-15 mph","O: No Injury","White","Male","Passenger Car","No","30JUN2008","Monday","Motorist Failed to Yield - Sign-Controlled Intersection",11,"Intersection","June","C: Possible Injury",41700,"Motorist Drive Out - Sign-Controlled Intersection",2008,"No","No","Daylight","Straight - Grade","Local Street","Dry","Two-Way, Divided, Unprotected Median","None","Four-Way Intersection","Smooth Asphalt",0,0,0,0,0,0,0,"4 lanes",2,0,NA,0,NA
4198,5918,"Matthews","Mecklenburg","Piedmont","Residential","Mixed (30% To 70% Developed)",NA,"Urban","30 - 35  MPH","No Control Present","Clear","No",41,"40-49","No",NA,"With Traffic","B: Evident Injury","Travel Lane","White","Male",19,"0-19","No",NA,"0-5 mph","O: No Injury","White","Male","Passenger Car","No","30JUN2008","Monday","Motorist Left Turn / Merge",18,"Non-Intersection","June","B: Evident Injury",68280,"Motorist Left Turn - Opposite Direction",2008,"Yes","No","Daylight","Straight - Level","Local Street","Dry","Two-Way, Not Divided","None","T-Intersection","Smooth Asphalt",0,0,0,0,0,0,0,"3 lanes",2,0,NA,0,NA
4199,5925,"Gastonia","Gaston","Piedmont","Commercial","Urban (>70% Developed)",NA,"Urban","30 - 35  MPH","Stop And Go Signal","Clear","No",46,"40-49","No",NA,"Facing Traffic","C: Possible Injury","Sidewalk / Crosswalk / Driveway Crossing","Black","Male",30,"30-39","No",NA,NA,"O: No Injury","Black","Female","Passenger Car","No","27JUN2008","Friday","Motorist Failed to Yield - Signalized Intersection",8,"Intersection","June","C: Possible Injury",30720,"Motorist Drive Out - Signalized Intersection",2008,"Yes","No","Daylight","Straight - Level","Local Street","Dry","Two-Way, Not Divided","None","Four-Way Intersection","Smooth Asphalt",0,0,0,0,0,0,0,"2 lanes",2,0,NA,0,NA
4200,5929,"Asheboro","Randolph","Piedmont","Commercial","Urban (>70% Developed)",NA,"Urban","30 - 35  MPH","Stop And Go Signal","Clear","No",53,"50-59","Yes",NA,"With Traffic","B: Evident Injury","Travel Lane","Black","Male",43,"40-49","No",NA,"11-15 mph","O: No Injury","Black","Female","Sport Utility","Yes","03JUL2008","Thursday","Crossing Paths - Other Circumstances",20,"Intersection","July","B: Evident Injury",75420,"Signalized Intersection - Other / Unknown",2008,"Yes","No","Dark - Lighted Roadway","Straight - Level","US Route","Dry","Two-Way, Divided, Unprotected Median","None","Four-Way Intersection","Smooth Asphalt",0,0,0,0,0,0,0,"6 lanes",2,0,NA,0,NA
4201,4191,"Fayetteville","Cumberland","Coastal","Commercial","Urban (>70% Developed)",NA,"Urban","20 - 25  MPH","No Control Present","Clear","No",41,"40-49","No",NA,"With Traffic","C: Possible Injury","Travel Lane","Black","Male",NA,NA,"Missing",NA,"21-25 mph","Unknown Injury","Unknown/Missing",NA,NA,"No","02AUG2010","Monday","Motorist Overtaking Bicyclist",22,"Non-Intersection","August","C: Possible Injury",81900,"Motorist Overtaking - Other / Unknown",2010,"No","Yes","Dark - Lighted Roadway","Straight - Level","Local Street","Dry","Two-Way, Divided, Unprotected Median","None","No Special Feature","Coarse Asphalt",0,0,0,0,0,0,0,"3 lanes",2,0,NA,0,NA
4202,4192,"Greensboro","Guilford","Piedmont","Residential","Urban (>70% Developed)",NA,"Urban",NA,"No Control Present","Cloudy","No",36,"30-39","No",NA,"Facing Traffic","B: Evident Injury","Sidewalk / Crosswalk / Driveway Crossing","White","Male",NA,"70+","No",NA,"6-10 mph","O: No Injury","White","Female","Passenger Car","No","02AUG2010","Monday","Motorist Failed to Yield - Midblock",10,"Non-Intersection","August","B: Evident Injury",36000,"Motorist Drive Out - Residential Driveway",2010,"No","No","Daylight","Straight - Level","Private Road, Driveway","Dry","Two-Way, Divided, Unprotected Median","None","Driveway, Private","Concrete",0,0,0,0,0,0,0,"4 lanes",2,0,NA,0,NA
4203,4194,"Winston-Salem","Forsyth","Piedmont","Residential","Urban (>70% Developed)",NA,"Urban","20 - 25  MPH","No Control Present","Clear","No",19,"16-19","No",NA,"Facing Traffic","B: Evident Injury","Travel Lane","Hispanic","Male",NA,NA,"No",NA,"11-15 mph","Unknown Injury","Unknown/Missing",NA,NA,"No","26JUL2010","Monday","Other / Unusual Circumstances",19,"Intersection-Related","July","B: Evident Injury",69480,"Motorist Intentionally Caused",2010,"Yes","Yes","Daylight","Straight - Level","Local Street","Dry","Two-Way, Not Divided","None","No Special Feature","Smooth Asphalt",0,0,0,0,0,0,0,"2 lanes",2,0,NA,0,NA
4204,4203,"Bermuda Run","Davie","Piedmont","Residential","Urban (>70% Developed)",NA,"Rural","30 - 35  MPH","No Control Present","Clear","No",11,"11-15","No",NA,"With Traffic","C: Possible Injury","Travel Lane","White","Male",NA,NA,"No",NA,"31-35 mph","Unknown Injury","Unknown/Missing",NA,"Passenger Car","No","01JUL2010","Thursday","Motorist Overtaking Bicyclist",13,"Non-Intersection","July","C: Possible Injury",48540,"Motorist Overtaking - Other / Unknown",2010,"No","Yes","Daylight","Straight - Level","Local Street","Dry","Two-Way, Not Divided","None","No Special Feature","Coarse Asphalt",0,0,0,0,0,0,0,"2 lanes",2,0,NA,0,NA
4205,4204,"None - Rural Crash","Rowan","Piedmont","Residential","Rural (<30% Developed)",NA,"Rural","20 - 25  MPH","No Control Present","Clear","No",6,"6-10","No",NA,NA,"C: Possible Injury",NA,"White","Male",53,"50-59","No",NA,"0-5 mph","O: No Injury","White","Female","Passenger Car","No","12AUG2010","Thursday","Backing Vehicle",19,"Non-Intersection","August","C: Possible Injury",71520,"Backing Vehicle",2010,"Yes","No","Dusk","Straight - Grade","Local Street","Dry","Two-Way, Not Divided","None","Driveway, Private","Smooth Asphalt",0,0,0,0,0,0,0,"2 lanes",2,0,NA,0,NA
4206,4205,"Oak Island","Brunswick","Coastal","Commercial","Urban (>70% Developed)",NA,"Urban","30 - 35  MPH","Stop And Go Signal","Clear","No",49,"40-49","No",NA,"Facing Traffic","C: Possible Injury","Travel Lane","White","Female",NA,"70+","No",NA,"0-5 mph","O: No Injury","White","Male","Van","No","28JUL2010","Wednesday","Motorist Failed to Yield - Signalized Intersection",11,"Intersection","July","C: Possible Injury",41400,"Motorist Drive Out - Signalized Intersection",2010,"No","No","Daylight","Straight - Level","Local Street","Dry","Two-Way, Not Divided","None","Four-Way Intersection","Smooth Asphalt",0,0,0,0,0,0,0,"3 lanes",2,0,NA,0,NA
4207,4207,"Charlotte","Mecklenburg","Piedmont","Commercial","Urban (>70% Developed)",NA,"Urban","5 - 15 MPH","Stop Sign","Clear","No",19,"16-19","No",NA,"Facing Traffic","O: No Injury","Sidewalk / Crosswalk / Driveway Crossing","Black","Male",NA,NA,"Missing",NA,"6-10 mph","Unknown Injury","Unknown/Missing",NA,NA,"No","04AUG2010","Wednesday","Motorist Failed to Yield - Sign-Controlled Intersection",15,"Intersection","August","O: No Injury",55080,"Motorist Drive Out - Sign-Controlled Intersection",2010,"No","Yes","Daylight","Straight - Level","Local Street","Dry","Two-Way, Divided, Unprotected Median","None","Four-Way Intersection","Concrete",0,0,0,0,0,0,0,"2 lanes",2,0,NA,0,NA
4208,4208,"Charlotte","Mecklenburg","Piedmont","Commercial","Urban (>70% Developed)",NA,"Urban","30 - 35  MPH","Other","Clear","No",25,"25-29","No",NA,"With Traffic","B: Evident Injury","Bike Lane / Paved Shoulder","White","Male",22,"20-24","No",NA,"21-25 mph","O: No Injury","White","Female","Passenger Car","No","05AUG2010","Thursday","Motorist Left Turn / Merge",23,"Non-Intersection","August","B: Evident Injury",86160,"Motorist Left Turn - Same Direction",2010,"No","No","Dark - Lighted Roadway","Straight - Level","Local Street","Dry","One-Way, Not Divided","None","No Special Feature","Smooth Asphalt",0,0,0,0,0,0,0,"3 lanes",2,0,NA,0,NA
4209,4227,"Raleigh","Wake","Piedmont","Institutional","Urban (>70% Developed)",NA,"Urban","20 - 25  MPH","No Control Present","Clear","No",23,"20-24","No",NA,"Not Applicable","B: Evident Injury","Non-Roadway","White","Male",42,"40-49","No",NA,"0-5 mph","O: No Injury","White","Female","Sport Utility","No","30JUL2010","Friday","Non-Roadway",12,"Non-Roadway","July","B: Evident Injury",44160,"Non-Roadway",2010,"Yes","No","Daylight","Straight - Level","Local Street","Dry","Two-Way, Divided, Unprotected Median","None","No Special Feature","Smooth Asphalt",0,0,0,0,0,0,0,"2 lanes",2,0,NA,0,NA
4210,4229,"Charlotte","Mecklenburg","Piedmont","Commercial","Urban (>70% Developed)",NA,"Urban","30 - 35  MPH","Stop And Go Signal","Clear","No",28,"25-29","No",NA,"With Traffic","B: Evident Injury","Travel Lane","Unknown/Missing","Male",43,"40-49","No",NA,"6-10 mph","O: No Injury","Other","Male","Sport Utility","No","07AUG2010","Saturday","Motorist Left Turn / Merge",13,"Intersection","August","B: Evident Injury",48240,"Motorist Left Turn - Opposite Direction",2010,"Yes","No","Daylight","Straight - Level","Local Street","Dry","Two-Way, Not Divided","None","No Special Feature","Concrete",0,0,0,0,0,0,0,"5 lanes",2,0,NA,0,NA
4211,4236,"Raleigh","Wake","Piedmont","Commercial","Urban (>70% Developed)",NA,"Urban","40 - 45  MPH","Stop And Go Signal","Clear","No",46,"40-49","No",NA,"Facing Traffic","C: Possible Injury","Sidewalk / Crosswalk / Driveway Crossing","Hispanic","Male",26,"25-29","No",NA,NA,"O: No Injury","White","Female","Passenger Car","No","03AUG2010","Tuesday","Motorist Failed to Yield - Signalized Intersection",14,"Intersection","August","C: Possible Injury",51000,"Motorist Drive Out - Signalized Intersection",2010,"Yes","No","Daylight","Straight - Level","Local Street","Dry","Two-Way, Divided, Unprotected Median","None","T-Intersection","Coarse Asphalt",0,0,0,0,0,0,0,"2 lanes",2,0,NA,0,NA
4212,4250,"None - Rural Crash","Wake","Piedmont","Commercial","Urban (>70% Developed)",NA,"Rural","20 - 25  MPH","Stop And Go Signal","Clear","No",40,"40-49","No",NA,"With Traffic","B: Evident Injury","Travel Lane","White","Male",39,"30-39","No",NA,"26-30 mph","O: No Injury","White","Male","Light Truck (Mini-Van, Panel)","No","16AUG2010","Monday","Loss of Control / Turning Error",9,"Intersection-Related","August","B: Evident Injury",35100,"Motorist Lost Control - Other / Unknown",2010,"No","No","Daylight","Curve - Hillcrest","Local Street","Dry","Two-Way, Not Divided","None","No Special Feature","Smooth Asphalt",0,0,0,0,0,0,0,NA,2,0,NA,0,NA
4213,4253,"Hickory","Catawba","Piedmont","Residential","Urban (>70% Developed)",NA,"Urban","20 - 25  MPH","Stop And Go Signal","Cloudy","No",20,"20-24","No",NA,"With Traffic","C: Possible Injury","Travel Lane","Black","Male",49,"40-49","No",NA,"16-20 mph","O: No Injury","Black","Male","Sport Utility","No","18AUG2010","Wednesday","Crossing Paths - Other Circumstances",18,"Intersection","August","C: Possible Injury",68280,"Signalized Intersection - Other / Unknown",2010,"Yes","No","Daylight","Straight - Grade","Local Street","Dry","Two-Way, Not Divided","None","Four-Way Intersection","Coarse Asphalt",0,0,0,0,0,0,0,"2 lanes",2,0,NA,0,NA
4214,4260,"None - Rural Crash","Moore","Piedmont","Farms, Woods, Pastures","Rural (<30% Developed)",NA,"Rural","40 - 45  MPH","Double Yellow Line, No Passing Zone","Clear","No",59,"50-59","No",NA,"With Traffic","A: Disabling Injury","Travel Lane","White","Male",53,"50-59","No",NA,"41-45 mph","O: No Injury","White","Female","Sport Utility","No","25AUG2010","Wednesday","Motorist Overtaking Bicyclist",19,"Non-Intersection","August","A: Disabling Injury",69900,"Motorist Overtaking - Other / Unknown",2010,"Yes","No","Daylight","Curve - Level","State Secondary Route","Dry","Two-Way, Not Divided","None","No Special Feature","Smooth Asphalt",0,0,0,0,0,0,0,"2 lanes",2,0,NA,0,NA
4215,4262,"None - Rural Crash","Dare","Coastal","Residential","Rural (<30% Developed)",NA,"Rural","30 - 35  MPH","Double Yellow Line, No Passing Zone","Cloudy","No",16,"16-19","No",NA,"With Traffic","O: No Injury","Travel Lane","White","Male",60,"60-69","No",NA,"26-30 mph","O: No Injury","White","Male","Passenger Car","No","27AUG2010","Friday","Bicyclist Left Turn / Merge",11,"Intersection-Related","August","O: No Injury",42600,"Bicyclist Left Turn - Opposite Direction",2010,"No","No","Daylight","Curve - Level","NC Route","Dry","Two-Way, Not Divided","None","T-Intersection","Smooth Asphalt",0,0,0,0,0,0,0,"2 lanes",2,0,NA,0,NA
4216,4271,"Greenville","Pitt","Coastal","Residential","Urban (>70% Developed)",NA,"Urban","20 - 25  MPH","No Control Present","Clear","No",25,"25-29","Yes",NA,"With Traffic","O: No Injury","Bike Lane / Paved Shoulder","White","Male",NA,NA,"Missing",NA,NA,"Unknown Injury","Unknown/Missing",NA,"Police","Yes","17AUG2010","Tuesday","Bicyclist Overtaking Motorist",3,"Non-Intersection","August","O: No Injury",10800,"Bicyclist Overtaking - Parked Vehicle",2010,"No","No","Dark - Lighted Roadway","Straight - Level","Local Street","Dry","Two-Way, Divided, Unprotected Median","None","No Special Feature","Smooth Asphalt",0,0,0,0,0,0,0,"2 lanes",2,0,NA,0,NA
4217,4277,"Southern Pines","Moore","Piedmont","Commercial","Urban (>70% Developed)",NA,"Urban","30 - 35  MPH","No Control Present","Clear","No",18,"16-19","No",NA,"With Traffic","C: Possible Injury","Travel Lane","Black","Male",20,"20-24","No",NA,"16-20 mph","O: No Injury","Black","Female","Passenger Car","No","13AUG2010","Friday","Motorist Overtaking Bicyclist",12,"Non-Intersection","August","C: Possible Injury",45960,"Motorist Overtaking - Misjudged Space",2010,"Yes","No","Daylight","Straight - Level","Local Street","Dry","Two-Way, Not Divided","None","No Special Feature","Smooth Asphalt",0,0,0,0,0,0,0,"2 lanes",2,0,NA,0,NA
4218,4278,"Greenville","Pitt","Coastal","Residential","Urban (>70% Developed)",NA,"Urban","30 - 35  MPH","No Control Present","Cloudy","No",49,"40-49","Missing",NA,"With Traffic","C: Possible Injury","Sidewalk / Crosswalk / Driveway Crossing","Black","Male",49,"40-49","No",NA,"31-35 mph","O: No Injury","Black","Female","Passenger Car","No","04MAY2010","Tuesday","Parallel Paths - Other Circumstances",12,"Non-Intersection","May","C: Possible Injury",45540,"Bicyclist Ride Out - Parallel Path",2010,"No","No","Daylight","Straight - Level","State Secondary Route","Dry","Two-Way, Not Divided","None","No Special Feature","Smooth Asphalt",0,0,0,0,0,0,0,"5 lanes",2,0,NA,0,NA
4219,4285,"Grimesland","Pitt","Coastal","Residential","Mixed (30% To 70% Developed)",NA,"Rural","30 - 35  MPH","Double Yellow Line, No Passing Zone","Clear","No",29,"25-29","No",NA,"With Traffic","B: Evident Injury","Bike Lane / Paved Shoulder","White","Male",36,"30-39","No",NA,"56-60 mph","O: No Injury","White","Male","Passenger Car","No","01SEP2010","Wednesday","Parallel Paths - Other Circumstances",8,"Non-Intersection","September","B: Evident Injury",28920,"Bicyclist Ride Out - Parallel Path",2010,"Yes","No","Daylight","Straight - Level","NC Route","Dry","Two-Way, Not Divided","None","No Special Feature","Smooth Asphalt",0,0,0,0,0,0,0,"2 lanes",2,0,NA,0,NA
4220,4289,"Charlotte","Mecklenburg","Piedmont","Residential","Urban (>70% Developed)",NA,"Urban","20 - 25  MPH","Stop Sign","Clear","No",16,"16-19","No",NA,"Facing Traffic","C: Possible Injury","Travel Lane","Hispanic","Male",25,"25-29","No",NA,"16-20 mph","O: No Injury","White","Female","Passenger Car","No","29AUG2010","Sunday","Crossing Paths - Other Circumstances",10,"Intersection","August","C: Possible Injury",38640,"Sign-Controlled Intersection - Other / Unknown",2010,"Yes","No","Daylight","Straight - Level","Local Street","Dry","Two-Way, Not Divided","None","No Special Feature","Smooth Asphalt",0,0,0,0,0,0,0,"2 lanes",2,0,NA,0,NA
4221,4290,"Greensboro","Guilford","Piedmont","Commercial","Urban (>70% Developed)",NA,"Urban","30 - 35  MPH","Stop And Go Signal","Clear","No",24,"20-24","No",NA,"With Traffic","C: Possible Injury","Travel Lane","White","Female",25,"25-29","No",NA,"11-15 mph","O: No Injury","White","Female","Passenger Car","No","23AUG2010","Monday","Motorist Right Turn / Merge",17,"Intersection","August","C: Possible Injury",61320,"Motorist Right Turn - Same Direction",2010,"Yes","No","Daylight","Straight - Level","Local Street","Dry","Two-Way, Not Divided","None","Four-Way Intersection","Smooth Asphalt",0,0,0,0,0,0,0,NA,2,0,NA,0,NA
4222,4292,"Cary","Wake","Piedmont","Residential","Urban (>70% Developed)",NA,"Urban","20 - 25  MPH","No Control Present","Clear","No",8,"6-10","No",NA,"Not Applicable","C: Possible Injury","Travel Lane","White","Male",31,"30-39","No",NA,"0-5 mph","O: No Injury","White","Male","Motorcycle","No","02SEP2010","Thursday","Non-Roadway",18,"Non-Roadway","September","C: Possible Injury",66600,"Non-Roadway",2010,"No","No","Daylight","Straight - Level","Local Street","Dry","Two-Way, Not Divided","None","Driveway, Public","Smooth Asphalt",0,0,0,0,0,0,0,"2 lanes",2,0,NA,0,NA
4223,4297,"Wilson","Wilson","Coastal","Residential","Urban (>70% Developed)",NA,"Urban","30 - 35  MPH","No Control Present","Cloudy","No",11,"11-15","No",NA,"Not Applicable","O: No Injury","Non-Roadway","Black","Male",56,"50-59","No",NA,"26-30 mph","O: No Injury","Black","Male","Passenger Car","No","25AUG2010","Wednesday","Loss of Control / Turning Error",17,"Intersection-Related","August","O: No Injury",63000,"Bicyclist Lost Control - Mechanical Problems",2010,"No","No","Daylight","Straight - Level","Local Street","Dry","Two-Way, Not Divided","None","No Special Feature","Coarse Asphalt",0,0,0,0,0,0,0,"2 lanes",2,0,NA,0,NA
4224,4301,"Boiling Springs","Cleveland","Mountains","Commercial","Mixed (30% To 70% Developed)",NA,"Rural","5 - 15 MPH","No Control Present","Clear","No",15,"11-15","No",NA,"Not Applicable","O: No Injury","Non-Roadway","White","Male",49,"40-49","No",NA,"0-5 mph","O: No Injury","White","Male","Pickup","No","07AUG2010","Saturday","Non-Roadway",15,"Non-Roadway","August","O: No Injury",56400,"Non-Roadway",2010,"No","No","Daylight","Straight - Grade","Private Road, Driveway","Dry","One-Way, Not Divided","None","No Special Feature","Concrete",0,0,0,0,0,0,0,NA,2,0,NA,0,NA
4225,4305,"Chapel Hill","Orange","Piedmont","Institutional","Urban (>70% Developed)",NA,"Urban","20 - 25  MPH","No Control Present","Clear","No",19,"16-19","No",NA,"With Traffic","B: Evident Injury","Travel Lane","White","Male",21,"20-24","No",NA,"0-5 mph","O: No Injury","White","Male","Sport Utility","No","25AUG2010","Wednesday","Motorist Left Turn / Merge",19,"Intersection","August","B: Evident Injury",69900,"Motorist Left Turn - Opposite Direction",2010,"No","No","Daylight","Straight - Grade","Local Street","Dry","Two-Way, Not Divided","None","No Special Feature","Smooth Asphalt",0,0,0,0,0,0,0,"2 lanes",2,0,NA,0,NA
4226,4306,"Cary","Wake","Piedmont","Commercial","Urban (>70% Developed)",NA,"Urban","30 - 35  MPH","No Control Present","Clear","No",26,"25-29","No",NA,"With Traffic","A: Disabling Injury","Travel Lane","Hispanic","Male",26,"25-29","Yes",NA,"31-35 mph","O: No Injury","White","Female","Passenger Car","Yes","04SEP2010","Saturday","Motorist Overtaking Bicyclist",21,"Non-Intersection","September","A: Disabling Injury",78180,"Motorist Overtaking - Other / Unknown",2010,"Yes","Yes","Daylight","Straight - Level","State Secondary Route","Dry","Two-Way, Not Divided","None","No Special Feature","Coarse Asphalt",0,0,0,0,0,0,0,"2 lanes",2,0,NA,0,NA
4227,4308,"None - Rural Crash","Nash","Coastal","Farms, Woods, Pastures","Rural (<30% Developed)",NA,"Rural","50 - 55  MPH","No Control Present","Cloudy","No",53,"50-59","Yes",NA,"With Traffic","K: Killed","Travel Lane","Black","Male",16,"0-19","No",NA,"51-55 mph","O: No Injury","White","Male","Sport Utility","Yes","08SEP2010","Wednesday","Motorist Overtaking Bicyclist",20,"Non-Intersection","September","K: Killed",72120,"Motorist Overtaking - Other / Unknown",2010,"Yes","No","Dark - Roadway Not Lighted","Straight - Level","US Route","Dry","Two-Way, Not Divided","None","No Special Feature","Coarse Asphalt",0,0,0,0,0,0,0,"2 lanes",2,0,NA,0,NA
4228,4311,"Fayetteville","Cumberland","Coastal","Residential","Mixed (30% To 70% Developed)",NA,"Urban","30 - 35  MPH","No Control Present","Clear","No",48,"40-49","Yes",NA,"With Traffic","B: Evident Injury","Travel Lane","White","Male",NA,NA,"Missing",NA,"26-30 mph","Unknown Injury","Unknown/Missing",NA,NA,"Yes","01SEP2010","Wednesday","Motorist Overtaking Bicyclist",21,"Intersection","September","B: Evident Injury",77160,"Motorist Overtaking - Other / Unknown",2010,"No","Yes","Dark - Lighted Roadway","Straight - Level","Local Street","Dry","Two-Way, Divided, Unprotected Median","None","No Special Feature","Smooth Asphalt",0,0,0,0,0,0,0,"2 lanes",2,0,NA,0,NA
4229,4315,"Ocean Isle Beach","Brunswick","Coastal","Commercial","Urban (>70% Developed)",NA,"Rural",NA,"No Control Present","Clear","No",11,"11-15","Yes",NA,"Not Applicable","O: No Injury","Non-Roadway","White","Male",25,"25-29","No",NA,NA,"O: No Injury","White","Male","Passenger Car","Yes","04SEP2010","Saturday","Non-Roadway",14,"Non-Roadway","September","O: No Injury",53400,"Non-Roadway",2010,"No","No","Daylight","Straight - Level","Public Vehicular Area","Dry","Two-Way, Not Divided","None","Driveway, Public","Smooth Asphalt",0,0,0,0,0,0,0,NA,2,0,NA,0,NA
4230,4318,"Winston-Salem","Forsyth","Piedmont","Residential","Urban (>70% Developed)",NA,"Urban","30 - 35  MPH","No Control Present","Clear","No",20,"20-24","No",NA,"With Traffic","B: Evident Injury","Travel Lane","Black","Male",34,"30-39","No",NA,"0-5 mph","O: No Injury","White","Female","Passenger Car","No","03SEP2010","Friday","Motorist Right Turn / Merge",11,"Non-Intersection","September","B: Evident Injury",43080,"Motorist Right Turn - Same Direction",2010,"Yes","No","Daylight","Straight - Grade","Local Street","Dry","Two-Way, Not Divided","None","No Special Feature","Coarse Asphalt",0,0,0,0,0,0,0,"3 lanes",2,0,NA,0,NA
4231,4322,"Winston-Salem","Forsyth","Piedmont","Commercial","Urban (>70% Developed)",NA,"Urban","30 - 35  MPH","Stop And Go Signal","Clear","No",29,"25-29","No",NA,"With Traffic","C: Possible Injury","Travel Lane","White","Male",NA,NA,"Missing",NA,"6-10 mph","Unknown Injury","Unknown/Missing",NA,NA,"No","02SEP2010","Thursday","Motorist Right Turn / Merge",11,"Intersection","September","C: Possible Injury",41940,"Motorist Right Turn on Red - Same Direction",2010,"No","Yes","Daylight","Straight - Level","Local Street","Dry","Two-Way, Not Divided","None","Four-Way Intersection","Coarse Asphalt",0,0,0,0,0,0,0,"4 lanes",2,0,NA,0,NA
4232,4324,"Chapel Hill","Orange","Piedmont","Commercial","Urban (>70% Developed)",NA,"Urban","20 - 25  MPH","Double Yellow Line, No Passing Zone","Cloudy","No",53,"50-59","No",NA,"With Traffic","C: Possible Injury","Travel Lane","White","Male",42,"40-49","No",NA,NA,"O: No Injury","White","Female","Passenger Car","No","08SEP2010","Wednesday","Bicyclist Overtaking Motorist",17,"Non-Intersection","September","C: Possible Injury",63540,"Bicyclist Overtaking - Extended Door",2010,"No","No","Daylight","Straight - Level","Local Street","Dry","Two-Way, Not Divided","None","No Special Feature","Smooth Asphalt",0,0,0,0,0,0,0,"4 lanes",2,0,NA,0,NA
4233,4325,"None - Rural Crash","Lincoln","Piedmont","Residential","Mixed (30% To 70% Developed)",NA,"Rural","40 - 45  MPH","Double Yellow Line, No Passing Zone","Clear","No",15,"11-15","No",NA,"With Traffic","B: Evident Injury","Travel Lane","White","Male",54,"50-59","No",NA,"41-45 mph","O: No Injury","Black","Male","Passenger Car","No","15AUG2010","Sunday","Bicyclist Left Turn / Merge",16,"Non-Intersection","August","B: Evident Injury",59520,"Bicyclist Left Turn - Same Direction",2010,"Yes","No","Daylight","Straight - Grade","State Secondary Route","Dry","Two-Way, Not Divided","None","No Special Feature","Smooth Asphalt",0,0,0,0,0,0,0,"2 lanes",2,0,NA,0,NA
4234,4329,"Raleigh","Wake","Piedmont","Residential","Urban (>70% Developed)",NA,"Urban","20 - 25  MPH","No Control Present","Clear","No",11,"11-15","No",NA,"With Traffic","C: Possible Injury","Travel Lane","Hispanic","Male",40,"40-49","No",NA,"6-10 mph","O: No Injury","Black","Female","Passenger Car","No","01AUG2010","Sunday","Head-On",18,"Non-Intersection","August","C: Possible Injury",66120,"Head-On - Unknown",2010,"Yes","No","Daylight","Straight - Hillcrest","Local Street","Dry","Two-Way, Not Divided","None","No Special Feature","Smooth Asphalt",0,0,0,0,0,0,0,"2 lanes",2,0,NA,0,NA
4235,4331,"Brevard","Transylvania","Mountains","Institutional","Urban (>70% Developed)",NA,"Urban","5 - 15 MPH","No Control Present","Clear","No",16,"16-19","No",NA,"Not Applicable","O: No Injury","Non-Roadway","White","Male",18,"0-19","No",NA,"6-10 mph","O: No Injury","Other","Male","Sport Utility","No","03SEP2010","Friday","Non-Roadway",15,"Non-Roadway","September","O: No Injury",54600,"Non-Roadway",2010,"No","No","Daylight","Straight - Level","Public Vehicular Area","Dry","Two-Way, Not Divided","None","No Special Feature","Smooth Asphalt",0,0,0,0,0,0,0,"2 lanes",2,0,NA,0,NA