"...1","object_id","city","county","region","development","locality","on_road","rural_urban","speed_limit","traffic_control","weather","workzone","bike_age","bike_age_group","bike_alcohol","bike_alcohol_drugs","bike_direction","bike_injury","bike_position","bike_race","bike_sex","driver_age","driver_age_group","driver_alcohol","driver_alcohol_drugs","driver_est_speed","driver_injury","driver_race","driver_sex","driver_vehicle_type","crash_alcohol","crash_date","crash_day","crash_group","crash_hour","crash_location","crash_month","crash_severity","crash_time","crash_type","crash_year","ambulance_req","hit_run","light_condition","road_character","road_class","road_condition","road_configuration","road_defects","road_feature","road_surface","num_bikes_ai","num_bikes_bi","num_bikes_ci","num_bikes_ki","num_bikes_no","num_bikes_to","num_bikes_ui","num_lanes","num_units","distance_mi_from","frm_road","rte_invd_cd","towrd_road"
4236,4332,"Raleigh","Wake","Piedmont","Residential","Urban (>70% Developed)",NA,"Urban","30 - 35  MPH","Stop Sign","Clear","No",29,"25-29","No",NA,"With Traffic","B: Evident Injury","Sidewalk / Crosswalk / Driveway Crossing","White","Male",24,"20-24","No",NA,"6-10 mph","O: No Injury","Black","Male","Passenger Car","No","21AUG2010","Saturday","Motorist Left Turn / Merge",1,"Intersection","August","B: Evident Injury",4380,"Motorist Left Turn - Opposite Direction",2010,"No","No","Dark - Lighted Roadway","Straight - Level","Local Street","Dry","Two-Way, Not Divided","None","No Special Feature","Coarse Asphalt",0,0,0,0,0,0,0,"2 lanes",2,0,NA,0,NA
4237,4335,"Huntersville","Mecklenburg","Piedmont","Residential","Urban (>70% Developed)",NA,"Urban","30 - 35  MPH","Stop Sign","Clear","No",8,"6-10","No",NA,"With Traffic","C: Possible Injury","Travel Lane","White","Male",NA,"70+","No",NA,"26-30 mph","O: No Injury","White","Male","Passenger Car","No","03SEP2010","Friday","Loss of Control / Turning Error",16,"Intersection","September","C: Possible Injury",61020,"Bicyclist Lost Control - Mechanical Problems",2010,"Yes","No","Daylight","Straight - Level","Local Street","Dry","Two-Way, Not Divided","None","Four-Way Intersection","Smooth Asphalt",0,0,0,0,0,0,0,"2 lanes",2,0,NA,0,NA
4238,4336,"Raleigh","Wake","Piedmont","Institutional","Urban (>70% Developed)",NA,"Urban","20 - 25  MPH","Stop Sign","Clear","No",20,"20-24","No",NA,NA,"B: Evident Injury","Multi-use Path","White","Male",21,"20-24","No",NA,"6-10 mph","B: Evident Injury","Hispanic","Female","Passenger Car","No","09SEP2010","Thursday","Other / Unknown - Insufficient Details",17,"Intersection-Related","September","B: Evident Injury",64620,"Unknown Approach Paths",2010,"No","No","Daylight","Straight - Grade","Local Street","Dry","Two-Way, Not Divided","None","Four-Way Intersection","Smooth Asphalt",0,0,0,0,0,0,0,"4 lanes",2,0,NA,0,NA
4239,4339,"None - Rural Crash","Carteret","Coastal","Residential","Rural (<30% Developed)",NA,"Rural","50 - 55  MPH","Double Yellow Line, No Passing Zone","Clear","No",24,"20-24","No",NA,"With Traffic","B: Evident Injury","Travel Lane","White","Male",21,"20-24","Missing",NA,"26-30 mph","C: Possible Injury","White","Male","Motorcycle","No","17SEP2010","Friday","Motorist Overtaking Bicyclist",21,"Non-Intersection","September","B: Evident Injury",76140,"Motorist Overtaking - Other / Unknown",2010,"Yes","No","Dark - Roadway Not Lighted","Straight - Level","US Route","Dry","Two-Way, Not Divided","None","No Special Feature","Smooth Asphalt",0,0,0,0,0,0,0,"2 lanes",2,0,NA,0,NA
4240,4356,"Charlotte","Mecklenburg","Piedmont","Residential","Rural (<30% Developed)",NA,"Urban","30 - 35  MPH","Stop And Go Signal","Clear","No",52,"50-59","No",NA,"Facing Traffic","O: No Injury","Bike Lane / Paved Shoulder","Black","Male",31,"30-39","No",NA,"0-5 mph","O: No Injury","Black","Male","Passenger Car","No","15SEP2010","Wednesday","Motorist Failed to Yield - Signalized Intersection",15,"Intersection","September","O: No Injury",56100,"Motorist Drive Out - Right Turn on Red",2010,"Yes","No","Daylight","Straight - Grade","Interstate","Dry","One-Way, Not Divided","None","On or Off Ramp","Concrete",0,0,0,0,0,0,0,"2 lanes",2,0,NA,0,NA
4241,4363,"Cary","Wake","Piedmont","Commercial","Urban (>70% Developed)",NA,"Urban","40 - 45  MPH","No Control Present","Clear","No",38,"30-39","No",NA,"With Traffic","B: Evident Injury","Travel Lane","White","Male",42,"40-49","No",NA,"0-5 mph","O: No Injury","Asian","Female","Passenger Car","No","23SEP2010","Thursday","Motorist Left Turn / Merge",17,"Intersection","September","B: Evident Injury",64320,"Motorist Left Turn - Opposite Direction",2010,"Yes","No","Daylight","Straight - Level","State Secondary Route","Dry","Two-Way, Not Divided","None","Driveway, Private","Smooth Asphalt",0,0,0,0,0,0,0,"5 lanes",2,0,NA,0,NA
4242,4366,"None - Rural Crash","Beaufort","Coastal","Commercial","Urban (>70% Developed)",NA,"Rural","50 - 55  MPH","No Control Present","Clear","No",15,"11-15","No",NA,"With Traffic","C: Possible Injury","Travel Lane","Black","Male",25,"25-29","No",NA,"46-50 mph","O: No Injury","Black","Male","Passenger Car","No","24SEP2010","Friday","Motorist Overtaking Bicyclist",22,"Non-Intersection","September","C: Possible Injury",80400,"Motorist Overtaking - Misjudged Space",2010,"Yes","No","Dark - Roadway Not Lighted","Straight - Level","US Route","Dry","Two-Way, Not Divided","None","No Special Feature","Coarse Asphalt",0,0,0,0,0,0,0,"5 lanes",2,0,NA,0,NA
4243,4370,"Rocky Mount","Edgecombe","Coastal","Residential","Mixed (30% To 70% Developed)",NA,"Urban","40 - 45  MPH","No Control Present","Cloudy","No",NA,"70+","No",NA,"With Traffic","A: Disabling Injury","Travel Lane","Black","Male",33,"30-39","No",NA,"41-45 mph","O: No Injury","Black","Female","Passenger Car","No","20AUG2010","Friday","Bicyclist Left Turn / Merge",5,"Non-Intersection","August","A: Disabling Injury",19680,"Bicyclist Left Turn - Same Direction",2010,"Yes","No","Dark - Lighted Roadway","Straight - Level","Local Street","Dry","Two-Way, Not Divided","None","No Special Feature","Smooth Asphalt",0,0,0,0,0,0,0,"2 lanes",2,0,NA,0,NA
4244,4385,"Farmville","Pitt","Coastal","Farms, Woods, Pastures","Mixed (30% To 70% Developed)",NA,"Rural","40 - 45  MPH","No Control Present","Clear","No",52,"50-59","No",NA,"With Traffic","C: Possible Injury","Travel Lane","Black","Male",63,"60-69","No",NA,"36-40 mph","O: No Injury","White","Male","Pickup","No","24SEP2010","Friday","Motorist Overtaking Bicyclist",7,"Non-Intersection","September","C: Possible Injury",26100,"Motorist Overtaking - Misjudged Space",2010,"Yes","No","Daylight","Straight - Level","NC Route","Dry","Two-Way, Not Divided","None","No Special Feature","Smooth Asphalt",0,0,0,0,0,0,0,"2 lanes",2,0,NA,0,NA
4245,4388,"None - Rural Crash","Dare","Coastal","Residential","Mixed (30% To 70% Developed)",NA,"Rural","30 - 35  MPH","Double Yellow Line, No Passing Zone","Cloudy","No",10,"6-10","No",NA,"With Traffic","C: Possible Injury","Travel Lane","White","Male",65,"60-69","No",NA,"31-35 mph","O: No Injury","White","Female","Sport Utility","No","29SEP2010","Wednesday","Bicyclist Left Turn / Merge",16,"Non-Intersection","September","C: Possible Injury",58920,"Bicyclist Left Turn - Same Direction",2010,"Yes","No","Daylight","Straight - Level","NC Route","Dry","Two-Way, Not Divided","None","No Special Feature","Coarse Asphalt",0,0,0,0,0,0,0,"2 lanes",2,0,NA,0,NA
4246,4397,"None - Rural Crash","Iredell","Piedmont","Commercial","Urban (>70% Developed)",NA,"Rural","40 - 45  MPH","Double Yellow Line, No Passing Zone","Clear","No",49,"40-49","No",NA,"With Traffic","B: Evident Injury","Sidewalk / Crosswalk / Driveway Crossing","White","Male",43,"40-49","No",NA,"0-5 mph","O: No Injury","White","Male","Pickup","No","02OCT2010","Saturday","Motorist Failed to Yield - Midblock",19,"Non-Intersection","October","B: Evident Injury",70860,"Motorist Drive Out - Other Midblock",2010,"Yes","No","Dusk","Straight - Level","State Secondary Route","Dry","Two-Way, Not Divided","None","No Special Feature","Smooth Asphalt",0,0,0,0,0,0,0,"2 lanes",2,0,NA,0,NA
4247,4405,"Charlotte","Mecklenburg","Piedmont","Commercial","Urban (>70% Developed)",NA,"Urban","30 - 35  MPH","Stop And Go Signal","Clear","No",57,"50-59","No",NA,"Facing Traffic","B: Evident Injury","Sidewalk / Crosswalk / Driveway Crossing","White","Male",37,"30-39","No",NA,"0-5 mph","O: No Injury","White","Male","Sport Utility","No","01OCT2010","Friday","Motorist Failed to Yield - Signalized Intersection",16,"Intersection","October","B: Evident Injury",60900,"Motorist Drive Out - Right Turn on Red",2010,"Yes","No","Daylight","Straight - Level","Local Street","Dry","Two-Way, Not Divided","None","No Special Feature","Smooth Asphalt",0,0,0,0,0,0,0,"2 lanes",2,0,NA,0,NA
4248,4406,"Durham","Durham","Piedmont","Residential","Urban (>70% Developed)",NA,"Urban","20 - 25  MPH","No Control Present","Clear","No",36,"30-39","No",NA,"With Traffic","C: Possible Injury","Travel Lane","White","Male",23,"20-24","No",NA,"0-5 mph","O: No Injury","Hispanic","Male","Passenger Car","No","08OCT2010","Friday","Crossing Paths - Other Circumstances",7,"Intersection","October","C: Possible Injury",25500,"Crossing Paths - Intersection - Other / Unknown",2010,"No","No","Dawn","Straight - Level","Local Street","Dry","Two-Way, Not Divided","None","No Special Feature","Smooth Asphalt",0,0,0,0,0,0,0,"2 lanes",2,0,NA,0,NA
4249,4410,"Charlotte","Mecklenburg","Piedmont","Commercial","Urban (>70% Developed)",NA,"Urban","30 - 35  MPH","Stop And Go Signal","Clear","No",25,"25-29","No",NA,"With Traffic","B: Evident Injury","Sidewalk / Crosswalk / Driveway Crossing","White","Female",NA,"70+","No",NA,"0-5 mph","O: No Injury","White","Male","Passenger Car","No","01OCT2010","Friday","Motorist Left Turn / Merge",15,"Intersection","October","B: Evident Injury",56460,"Motorist Left Turn - Opposite Direction",2010,"Yes","No","Daylight","Straight - Level","Local Street","Dry","One-Way, Not Divided","None","No Special Feature","Smooth Asphalt",0,0,0,0,0,0,0,"4 lanes",2,0,NA,0,NA
4250,4412,"Swansboro","Onslow","Coastal","Commercial","Mixed (30% To 70% Developed)",NA,"Rural","50 - 55  MPH","No Control Present","Clear","No",39,"30-39","No",NA,"Facing Traffic","B: Evident Injury","Sidewalk / Crosswalk / Driveway Crossing","White","Female",43,"40-49","Yes",NA,"0-5 mph","O: No Injury","White","Female","Passenger Car","Yes","09OCT2010","Saturday","Motorist Failed to Yield - Midblock",12,"Non-Intersection","October","B: Evident Injury",45000,"Motorist Drive Out - Commercial Driveway / Alley",2010,"Yes","No","Daylight","Straight - Level","NC Route","Dry","Two-Way, Not Divided","None","Driveway, Public","Coarse Asphalt",0,0,0,0,0,0,0,"5 lanes",2,0,NA,0,NA
4251,4413,"None - Rural Crash","Henderson","Mountains","Farms, Woods, Pastures","Rural (<30% Developed)",NA,"Rural","30 - 35  MPH","Double Yellow Line, No Passing Zone","Clear","No",48,"40-49","No",NA,"With Traffic","B: Evident Injury","Travel Lane","White","Male",NA,"70+","No",NA,"0-5 mph","O: No Injury","White","Female","Passenger Car","No","10OCT2010","Sunday","Motorist Left Turn / Merge",15,"Intersection","October","B: Evident Injury",56520,"Motorist Left Turn - Opposite Direction",2010,"Yes","No","Daylight","Curve - Grade","State Secondary Route","Dry","Two-Way, Not Divided","None","T-Intersection","Coarse Asphalt",0,0,0,0,0,0,0,"2 lanes",2,0,NA,0,NA
4252,4417,"None - Rural Crash","Robeson","Coastal","Farms, Woods, Pastures","Rural (<30% Developed)",NA,"Rural","50 - 55  MPH","Double Yellow Line, No Passing Zone","Clear","No",58,"50-59","No",NA,"With Traffic","B: Evident Injury","Travel Lane","White","Female",57,"50-59","No",NA,"36-40 mph","O: No Injury","Native American","Female","Passenger Car","No","01OCT2010","Friday","Motorist Overtaking Bicyclist",11,"Non-Intersection","October","B: Evident Injury",42420,"Motorist Overtaking - Misjudged Space",2010,"Yes","No","Daylight","Curve - Level","State Secondary Route","Dry","Two-Way, Not Divided","None","No Special Feature","Smooth Asphalt",0,0,0,0,0,0,0,"2 lanes",3,0,NA,0,NA
4253,4420,"Raleigh","Wake","Piedmont","Residential","Urban (>70% Developed)",NA,"Urban","30 - 35  MPH","Stop Sign","Clear","No",39,"30-39","No",NA,"With Traffic","O: No Injury","Travel Lane","Black","Female",23,"20-24","No",NA,"21-25 mph","O: No Injury","White","Female","Sport Utility","No","02SEP2010","Thursday","Loss of Control / Turning Error",9,"Intersection","September","O: No Injury",35220,"Bicyclist Turning Error - Right Turn",2010,"Yes","No","Daylight","Straight - Level","Local Street","Dry","Two-Way, Divided, Unprotected Median","None","Four-Way Intersection","Smooth Asphalt",0,0,0,0,0,0,0,"2 lanes",2,0,NA,0,NA
4254,4421,"Raleigh","Wake","Piedmont","Commercial","Urban (>70% Developed)",NA,"Urban","30 - 35  MPH","Stop And Go Signal","Clear","No",29,"25-29","No",NA,"Facing Traffic","O: No Injury","Sidewalk / Crosswalk / Driveway Crossing","White","Male",51,"50-59","No",NA,"0-5 mph","O: No Injury","White","Male","Light Truck (Mini-Van, Panel)","No","01SEP2010","Wednesday","Crossing Paths - Other Circumstances",14,"Intersection-Related","September","O: No Injury",53040,"Signalized Intersection - Other / Unknown",2010,"No","No","Daylight","Straight - Level","Local Street","Dry","Two-Way, Divided, Unprotected Median","None","No Special Feature","Smooth Asphalt",0,0,0,0,0,0,0,"5 lanes",2,0,NA,0,NA
4255,4425,"Kitty Hawk","Dare","Coastal","Commercial","Urban (>70% Developed)",NA,"Rural","20 - 25  MPH","Stop Sign","Clear","No",20,"20-24","No",NA,"Facing Traffic","O: No Injury","Bike Lane / Paved Shoulder","White","Male",16,"0-19","No",NA,"0-5 mph","O: No Injury","White","Male","Sport Utility","No","21SEP2010","Tuesday","Motorist Failed to Yield - Sign-Controlled Intersection",15,"Intersection","September","O: No Injury",54240,"Motorist Drive Out - Sign-Controlled Intersection",2010,"Yes","No","Daylight","Straight - Level","US Route","Dry","Two-Way, Not Divided","None","T-Intersection","Coarse Asphalt",0,0,0,0,0,0,0,"5 lanes",2,0,NA,0,NA
4256,4432,"Lenoir","Caldwell","Mountains","Commercial","Urban (>70% Developed)",NA,"Urban","30 - 35  MPH","No Control Present","Clear","No",50,"50-59","No",NA,"With Traffic","A: Disabling Injury","Travel Lane","White","Male",NA,"70+","No",NA,"6-10 mph","O: No Injury","White","Male","Sport Utility","No","11OCT2010","Monday","Motorist Left Turn / Merge",9,"Intersection","October","A: Disabling Injury",32820,"Motorist Left Turn - Opposite Direction",2010,"Yes","No","Daylight","Straight - Grade","US Route","Dry","Two-Way, Not Divided","None","No Special Feature","Smooth Asphalt",0,0,0,0,0,0,0,"2 lanes",2,0,NA,0,NA
4257,4441,"Charlotte","Mecklenburg","Piedmont","Residential","Urban (>70% Developed)",NA,"Urban","30 - 35  MPH","No Control Present","Clear","No",46,"40-49","No",NA,"Facing Traffic","C: Possible Injury","Sidewalk / Crosswalk / Driveway Crossing","Unknown/Missing","Female",59,"50-59","No",NA,"0-5 mph","O: No Injury","Hispanic","Male","Light Truck (Mini-Van, Panel)","No","06OCT2010","Wednesday","Motorist Failed to Yield - Midblock",16,"Non-Intersection","October","C: Possible Injury",60720,"Motorist Drive Out - Commercial Driveway / Alley",2010,"Yes","No","Daylight","Straight - Grade","Local Street","Dry","Two-Way, Divided, Positive Median Barrier","None","No Special Feature","Smooth Asphalt",0,0,0,0,0,0,0,"4 lanes",2,0,NA,0,NA
4258,4453,"None - Rural Crash","Johnston","Coastal","Farms, Woods, Pastures","Rural (<30% Developed)",NA,"Rural","50 - 55  MPH","Double Yellow Line, No Passing Zone","Clear","No",53,"50-59","No",NA,"With Traffic","B: Evident Injury","Travel Lane","White","Male",34,"30-39","No",NA,"51-55 mph","O: No Injury","White","Male","Pickup","No","21OCT2010","Thursday","Bicyclist Left Turn / Merge",10,"Non-Intersection","October","B: Evident Injury",39480,"Bicyclist Left Turn - Same Direction",2010,"Yes","No","Daylight","Straight - Level","State Secondary Route","Dry","Two-Way, Not Divided","None","No Special Feature","Coarse Asphalt",0,0,0,0,0,0,0,"2 lanes",2,0,NA,0,NA
4259,4458,"None - Rural Crash","Rutherford","Mountains","Residential","Urban (>70% Developed)",NA,"Rural","40 - 45  MPH","Double Yellow Line, No Passing Zone","Clear","No",25,"25-29","No",NA,"With Traffic","B: Evident Injury","Travel Lane","White","Male",36,"30-39","No",NA,"36-40 mph","O: No Injury","Black","Female","Passenger Car","No","19OCT2010","Tuesday","Motorist Overtaking Bicyclist",20,"Non-Intersection","October","B: Evident Injury",72900,"Motorist Overtaking - Misjudged Space",2010,"Yes","No","Dark - Roadway Not Lighted","Straight - Level","State Secondary Route","Dry","Two-Way, Not Divided","None","No Special Feature","Coarse Asphalt",0,0,0,0,0,0,0,"2 lanes",2,0,NA,0,NA
4260,4470,"Mooresville","Iredell","Piedmont","Commercial","Urban (>70% Developed)",NA,"Urban","30 - 35  MPH","No Control Present","Clear","No",15,"11-15","No",NA,"With Traffic","B: Evident Injury","Travel Lane","White","Male",62,"60-69","No",NA,"31-35 mph","O: No Injury","White","Female","Sport Utility","No","06OCT2010","Wednesday","Crossing Paths - Other Circumstances",17,"Intersection","October","B: Evident Injury",61560,"Crossing Paths - Uncontrolled Intersection",2010,"Yes","No","Daylight","Straight - Level","Local Street","Dry","Two-Way, Not Divided","None","T-Intersection","Smooth Asphalt",0,0,0,0,0,0,0,"2 lanes",2,0,NA,0,NA
4261,4472,"Fayetteville","Cumberland","Coastal","Industrial","Urban (>70% Developed)",NA,"Urban","50 - 55  MPH","Stop Sign","Clear","No",47,"40-49","No",NA,"With Traffic","A: Disabling Injury","Travel Lane","Black","Male",66,"60-69","No",NA,"51-55 mph","O: No Injury","Native American","Female","Passenger Car","No","20OCT2010","Wednesday","Bicyclist Failed to Yield - Sign-Controlled Intersection",20,"Intersection","October","A: Disabling Injury",74160,"Bicyclist Ride Through - Sign-Controlled Intersection",2010,"Yes","No","Dark - Lighted Roadway","Curve - Level","Local Street","Dry","Two-Way, Not Divided","None","Four-Way Intersection","Coarse Asphalt",0,0,0,0,0,0,0,"4 lanes",2,0,NA,0,NA
4262,4481,"Lumberton","Robeson","Coastal","Residential","Urban (>70% Developed)",NA,"Urban","20 - 25  MPH","Stop Sign","Clear","No",12,"11-15","No",NA,"With Traffic","B: Evident Injury","Travel Lane","Hispanic","Male",38,"30-39","No",NA,"11-15 mph","O: No Injury","Black","Male","Passenger Car","No","29OCT2010","Friday","Bicyclist Failed to Yield - Sign-Controlled Intersection",17,"Intersection","October","B: Evident Injury",62280,"Bicyclist Ride Through - Sign-Controlled Intersection",2010,"No","No","Daylight","Straight - Level","Local Street","Dry","Two-Way, Not Divided","None","Four-Way Intersection","Coarse Asphalt",0,0,0,0,0,0,0,"2 lanes",2,0,NA,0,NA
4263,4484,"Cary","Wake","Piedmont","Residential","Urban (>70% Developed)",NA,"Urban","20 - 25  MPH","No Control Present","Clear","No",10,"6-10","No",NA,"Not Applicable","B: Evident Injury","Driveway / Alley","White","Male",42,"40-49","No",NA,"16-20 mph","O: No Injury","Black","Male","Pickup","No","31OCT2010","Sunday","Bicyclist Failed to Yield - Midblock",12,"Non-Intersection","October","B: Evident Injury",46440,"Bicyclist Ride Out - Residential Driveway",2010,"Yes","No","Daylight","Straight - Level","Local Street","Dry","Two-Way, Not Divided","None","No Special Feature","Smooth Asphalt",0,0,0,0,0,0,0,"2 lanes",2,0,NA,0,NA
4264,4485,"Charlotte","Mecklenburg","Piedmont","Industrial","Urban (>70% Developed)",NA,"Urban","20 - 25  MPH","Stop And Go Signal","Clear","No",21,"20-24","No",NA,"With Traffic","O: No Injury","Travel Lane","White","Male",NA,NA,"Missing",NA,"0-5 mph","Unknown Injury","Unknown/Missing",NA,NA,"No","22OCT2010","Friday","Head-On",21,"Intersection","October","O: No Injury",78180,"Head-On - Motorist",2010,"No","Yes","Dark - Lighted Roadway","Straight - Level","Local Street","Dry","Two-Way, Not Divided","None","No Special Feature","Smooth Asphalt",0,0,0,0,0,0,0,"4 lanes",2,0,NA,0,NA
4265,4490,"Williamston","Martin","Coastal","Commercial","Mixed (30% To 70% Developed)",NA,"Urban",NA,"Stop Sign","Clear","No",42,"40-49","No",NA,"Facing Traffic","Unknown Injury","Bike Lane / Paved Shoulder","Unknown/Missing","Male",23,"20-24","No",NA,NA,"O: No Injury","White","Male","Passenger Car","No","05OCT2010","Tuesday","Motorist Failed to Yield - Midblock",15,"Non-Intersection","October","O: No Injury",55800,"Motorist Drive Out - Commercial Driveway / Alley",2010,"No","No","Daylight","Straight - Level","Local Street","Dry","Two-Way, Divided, Positive Median Barrier","None","T-Intersection","Smooth Asphalt",0,0,0,0,0,0,0,NA,2,0,NA,0,NA
4266,4496,"Wilson","Wilson","Coastal","Commercial","Urban (>70% Developed)",NA,"Urban","40 - 45  MPH","No Control Present","Clear","No",43,"40-49","No",NA,"With Traffic","A: Disabling Injury","Travel Lane","White","Male",44,"40-49","No",NA,"31-35 mph","O: No Injury","White","Male","Passenger Car","No","22OCT2010","Friday","Motorist Overtaking Bicyclist",19,"Non-Intersection","October","A: Disabling Injury",69300,"Motorist Overtaking - Bicyclist Swerved",2010,"Yes","No","Dark - Lighted Roadway","Straight - Level","Local Street","Dry","Two-Way, Not Divided","None","No Special Feature","Smooth Asphalt",0,0,0,0,0,0,0,"3 lanes",2,0,NA,0,NA
4267,4500,"Greensboro","Guilford","Piedmont","Residential","Urban (>70% Developed)",NA,"Urban","30 - 35  MPH","Stop Sign","Clear","No",14,"11-15","No",NA,"Facing Traffic","B: Evident Injury","Travel Lane","Black","Male",NA,"70+","No",NA,"21-25 mph","O: No Injury","Native American","Male","Passenger Car","No","24OCT2010","Sunday","Bicyclist Failed to Yield - Sign-Controlled Intersection",12,"Intersection","October","B: Evident Injury",45360,"Bicyclist Ride Through - Sign-Controlled Intersection",2010,"Yes","No","Daylight","Straight - Hillcrest","Local Street","Dry","Two-Way, Not Divided","None","No Special Feature","Coarse Asphalt",0,0,0,0,0,0,0,"2 lanes",2,0,NA,0,NA
4268,4504,"None - Rural Crash","Carteret","Coastal","Farms, Woods, Pastures","Mixed (30% To 70% Developed)",NA,"Rural","50 - 55  MPH","No Control Present","Clear","No",69,"60-69","No",NA,"With Traffic","K: Killed","Bike Lane / Paved Shoulder","White","Male",42,"40-49","No",NA,"51-55 mph","O: No Injury","White","Male","Pickup","No","04NOV2010","Thursday","Loss of Control / Turning Error",9,"Non-Intersection","November","K: Killed",35040,"Motorist Lost Control - Other / Unknown",2010,"Yes","No","Daylight","Straight - Level","US Route","Dry","Two-Way, Divided, Unprotected Median","None","No Special Feature","Smooth Asphalt",0,0,0,0,0,0,0,"4 lanes",2,0,NA,0,NA
4269,4511,"None - Rural Crash","Cleveland","Mountains","Farms, Woods, Pastures","Rural (<30% Developed)",NA,"Rural","5 - 15 MPH","No Control Present","Clear","No",NA,NA,"No",NA,"Not Applicable","Unknown Injury","Driveway / Alley","Unknown/Missing",NA,66,"60-69","No",NA,"0-5 mph","O: No Injury","White","Male","Passenger Car","No","09NOV2010","Tuesday","Non-Roadway",19,"Non-Roadway","November","O: No Injury",71820,"Non-Roadway",2010,"Yes","No","Dark - Roadway Not Lighted","Straight - Level","Private Road, Driveway","Dry","Two-Way, Not Divided","None","Driveway, Private","Concrete",0,0,0,0,0,0,0,NA,2,0,NA,0,NA
4270,4521,"None - Rural Crash","New Hanover","Coastal","Farms, Woods, Pastures","Mixed (30% To 70% Developed)",NA,"Rural","50 - 55  MPH","Other","Clear","No",59,"50-59","No",NA,"With Traffic","B: Evident Injury","Travel Lane","White","Male",32,"30-39","No",NA,"11-15 mph","O: No Injury","Black","Female","Passenger Car","No","13NOV2010","Saturday","Motorist Left Turn / Merge",13,"Non-Intersection","November","B: Evident Injury",48240,"Motorist Left Turn - Same Direction",2010,"Yes","No","Daylight","Straight - Level","US Route","Dry","Two-Way, Not Divided","None","No Special Feature","Coarse Asphalt",0,0,0,0,0,0,0,"5 lanes",2,0,NA,0,NA
4271,4522,"Charlotte","Mecklenburg","Piedmont","Commercial","Urban (>70% Developed)",NA,"Urban","30 - 35  MPH","Stop And Go Signal","Clear","No",23,"20-24","No",NA,"With Traffic","B: Evident Injury","Travel Lane","White","Male",48,"40-49","No",NA,NA,"O: No Injury","Black","Male","Pickup","No","05OCT2010","Tuesday","Loss of Control / Turning Error",6,"Intersection","October","B: Evident Injury",22500,"Motorist Turning Error - Right Turn",2010,"No","No","Dark - Lighted Roadway","Straight - Level","Local Street","Dry","Two-Way, Not Divided","None","Four-Way Intersection","Smooth Asphalt",0,0,0,0,0,0,0,"4 lanes",2,0,NA,0,NA
4272,4524,"Charlotte","Mecklenburg","Piedmont","Commercial","Urban (>70% Developed)",NA,"Urban","40 - 45  MPH","Stop And Go Signal","Clear","No",12,"11-15","No",NA,"With Traffic","B: Evident Injury","Travel Lane","White","Male",55,"50-59","No",NA,"26-30 mph","O: No Injury","White","Male","Pickup","No","09NOV2010","Tuesday","Bicyclist Failed to Yield - Signalized Intersection",12,"Intersection-Related","November","B: Evident Injury",45780,"Bicyclist Ride Through - Signalized Intersection",2010,"Yes","No","Daylight","Straight - Level","Local Street","Dry","Two-Way, Divided, Positive Median Barrier","None","No Special Feature","Smooth Asphalt",0,0,0,0,0,0,0,"5 lanes",2,0,NA,0,NA
4273,4530,"Gastonia","Gaston","Piedmont","Commercial","Urban (>70% Developed)",NA,"Urban","30 - 35  MPH","Stop And Go Signal","Clear","No",55,"50-59","Yes",NA,"Facing Traffic","C: Possible Injury","Sidewalk / Crosswalk / Driveway Crossing","Black","Male",52,"50-59","No",NA,"0-5 mph","O: No Injury","White","Male","Pickup","Yes","09NOV2010","Tuesday","Motorist Failed to Yield - Signalized Intersection",13,"Intersection","November","C: Possible Injury",48780,"Motorist Drive Out - Right Turn on Red",2010,"Yes","No","Daylight","Straight - Grade","Local Street","Dry","Two-Way, Not Divided","None","Four-Way Intersection","Smooth Asphalt",0,0,0,0,0,0,0,"2 lanes",2,0,NA,0,NA
4274,4534,"Raleigh","Wake","Piedmont","Commercial","Urban (>70% Developed)",NA,"Urban","30 - 35  MPH","No Control Present","Clear","No",22,"20-24","Yes",NA,"With Traffic","C: Possible Injury","Travel Lane","White","Male",20,"20-24","No",NA,"0-5 mph","O: No Injury","Black","Male","Passenger Car","Yes","21OCT2010","Thursday","Motorist Left Turn / Merge",23,"Non-Intersection","October","C: Possible Injury",84900,"Motorist Left Turn - Opposite Direction",2010,"Yes","No","Dark - Lighted Roadway","Straight - Level","Local Street","Dry","Two-Way, Not Divided","None","No Special Feature","Smooth Asphalt",0,0,0,0,0,0,0,"3 lanes",2,0,NA,0,NA
4275,4547,"None - Rural Crash","New Hanover","Coastal","Residential","Urban (>70% Developed)",NA,"Rural","30 - 35  MPH","Stop Sign","Clear","No",12,"11-15","No",NA,"With Traffic","C: Possible Injury","Travel Lane","White","Male",31,"30-39","No",NA,"26-30 mph","O: No Injury","White","Male","Pickup","No","24NOV2010","Wednesday","Bicyclist Failed to Yield - Sign-Controlled Intersection",14,"Intersection","November","C: Possible Injury",53700,"Bicyclist Ride Through - Sign-Controlled Intersection",2010,"Yes","No","Daylight","Curve - Level","State Secondary Route","Dry","Two-Way, Not Divided","None","Four-Way Intersection","Coarse Asphalt",0,0,0,0,0,0,0,"2 lanes",2,0,NA,0,NA