"...1","object_id","city","county","region","development","locality","on_road","rural_urban","speed_limit","traffic_control","weather","workzone","bike_age","bike_age_group","bike_alcohol","bike_alcohol_drugs","bike_direction","bike_injury","bike_position","bike_race","bike_sex","driver_age","driver_age_group","driver_alcohol","driver_alcohol_drugs","driver_est_speed","driver_injury","driver_race","driver_sex","driver_vehicle_type","crash_alcohol","crash_date","crash_day","crash_group","crash_hour","crash_location","crash_month","crash_severity","crash_time","crash_type","crash_year","ambulance_req","hit_run","light_condition","road_character","road_class","road_condition","road_configuration","road_defects","road_feature","road_surface","num_bikes_ai","num_bikes_bi","num_bikes_ci","num_bikes_ki","num_bikes_no","num_bikes_to","num_bikes_ui","num_lanes","num_units","distance_mi_from","frm_road","rte_invd_cd","towrd_road"
4276,4549,"None - Rural Crash","Catawba","Piedmont","Residential","Rural (<30% Developed)",NA,"Rural","40 - 45  MPH","Double Yellow Line, No Passing Zone","Clear","No",7,"6-10","No",NA,"Not Applicable","C: Possible Injury","Travel Lane","Black","Male",41,"40-49","No",NA,"41-45 mph","O: No Injury","White","Male","Van","No","27NOV2010","Saturday","Bicyclist Failed to Yield - Midblock",13,"Non-Intersection","November","C: Possible Injury",47040,"Bicyclist Ride Out - Residential Driveway",2010,"Yes","No","Daylight","Straight - Level","State Secondary Route","Dry","Two-Way, Not Divided","None","No Special Feature","Smooth Asphalt",0,0,0,0,0,0,0,"2 lanes",2,0,NA,0,NA
4277,4553,"Wilmington","New Hanover","Coastal","Commercial","Urban (>70% Developed)",NA,"Urban","30 - 35  MPH","No Control Present","Clear","No",19,"16-19","No",NA,"Facing Traffic","B: Evident Injury","Sidewalk / Crosswalk / Driveway Crossing","White","Female",58,"50-59","No",NA,"16-20 mph","O: No Injury","White","Male","Passenger Car","No","11NOV2010","Thursday","Crossing Paths - Other Circumstances",8,"Intersection","November","B: Evident Injury",31140,"Crossing Paths - Intersection - Other / Unknown",2010,"Yes","No","Daylight","Straight - Level","Local Street","Dry","Two-Way, Not Divided","None","No Special Feature","Smooth Asphalt",0,0,0,0,0,0,0,"4 lanes",2,0,NA,0,NA
4278,4567,"Wilmington","New Hanover","Coastal","Residential","Urban (>70% Developed)",NA,"Urban","30 - 35  MPH","Stop And Go Signal","Clear","No",47,"40-49","No",NA,"Facing Traffic","C: Possible Injury","Travel Lane","Black","Male",25,"25-29","No",NA,NA,"O: No Injury","White","Female","Passenger Car","No","15NOV2010","Monday","Loss of Control / Turning Error",12,"Intersection","November","C: Possible Injury",46560,"Bicyclist Turning Error - Other",2010,"No","No","Daylight","Straight - Grade","Local Street","Dry","Two-Way, Divided, Positive Median Barrier","None","No Special Feature","Smooth Asphalt",0,0,0,0,0,0,0,"4 lanes",2,0,NA,0,NA
4279,4589,"Charlotte","Mecklenburg","Piedmont","Commercial","Mixed (30% To 70% Developed)",NA,"Urban","50 - 55  MPH","No Control Present","Clear","No",29,"25-29","No",NA,"Not Applicable","B: Evident Injury","Travel Lane","Black","Female",23,"20-24","No",NA,"36-40 mph","O: No Injury","White","Male","Sport Utility","No","01DEC2010","Wednesday","Bicyclist Failed to Yield - Midblock",16,"Non-Intersection","December","B: Evident Injury",60900,"Bicyclist Ride Out - Midblock - Unknown",2010,"Yes","No","Daylight","Straight - Level","Local Street","Water (Standing, Moving)","Two-Way, Divided, Unprotected Median","None","No Special Feature","Coarse Asphalt",0,0,0,0,0,0,0,"4 lanes",2,0,NA,0,NA
4280,4597,"Asheville","Buncombe","Mountains","Farms, Woods, Pastures","Urban (>70% Developed)",NA,"Urban","30 - 35  MPH","Double Yellow Line, No Passing Zone","Cloudy","No",35,"30-39","No",NA,"With Traffic","K: Killed","Travel Lane","White","Female",48,"40-49","No",NA,"31-35 mph","O: No Injury","White","Female","Passenger Car","No","26NOV2010","Friday","Motorist Overtaking Bicyclist",18,"Non-Intersection","November","K: Killed",66720,"Motorist Overtaking - Undetected Bicyclist",2010,"Yes","No","Dark - Roadway Not Lighted","Curve - Bottom","Local Street","Dry","Two-Way, Not Divided","None","No Special Feature","Smooth Asphalt",0,0,0,0,0,0,0,"2 lanes",3,0,NA,0,NA
4281,4598,"Raleigh","Wake","Piedmont","Residential","Urban (>70% Developed)",NA,"Urban","40 - 45  MPH","No Control Present","Rain","No",53,"50-59","No",NA,"With Traffic","C: Possible Injury","Travel Lane","White","Female",20,"20-24","No",NA,"16-20 mph","O: No Injury","White","Male","Passenger Car","No","30NOV2010","Tuesday","Bicyclist Left Turn / Merge",17,"Non-Intersection","November","C: Possible Injury",63660,"Bicyclist Left Turn - Same Direction",2010,"Yes","No","Dark - Lighted Roadway","Straight - Level","Local Street","Wet","Two-Way, Not Divided","None","No Special Feature","Coarse Asphalt",0,0,0,0,0,0,0,"2 lanes",2,0,NA,0,NA
4282,4601,"Raleigh","Wake","Piedmont","Residential","Urban (>70% Developed)",NA,"Urban","20 - 25  MPH","Stop Sign","Clear","No",30,"30-39","No",NA,"Facing Traffic","C: Possible Injury","Sidewalk / Crosswalk / Driveway Crossing","Hispanic","Male",45,"40-49","No",NA,"0-5 mph","O: No Injury","White","Male","Pickup","No","27NOV2010","Saturday","Motorist Failed to Yield - Sign-Controlled Intersection",16,"Intersection","November","C: Possible Injury",60540,"Motorist Drive Out - Sign-Controlled Intersection",2010,"Yes","No","Daylight","Straight - Level","Local Street","Dry","Two-Way, Not Divided","None","No Special Feature","Coarse Asphalt",0,0,0,0,0,0,0,"2 lanes",2,0,NA,0,NA
4283,4610,"None - Rural Crash","New Hanover","Coastal","Commercial","Mixed (30% To 70% Developed)",NA,"Rural","40 - 45  MPH","Stop And Go Signal","Clear","No",61,"60-69","No",NA,"With Traffic","C: Possible Injury","Bike Lane / Paved Shoulder","White","Male",NA,"70+","No",NA,"6-10 mph","O: No Injury","White","Male","Passenger Car","No","24DEC2010","Friday","Bicyclist Failed to Yield - Signalized Intersection",13,"Intersection","December","C: Possible Injury",47700,"Bicyclist Ride Through - Signalized Intersection",2010,"No","No","Daylight","Straight - Level","State Secondary Route","Dry","Two-Way, Not Divided","None","Driveway, Public","Coarse Asphalt",0,0,0,0,0,0,0,"3 lanes",2,0,NA,0,NA
4284,4612,"None - Rural Crash","Robeson","Coastal","Farms, Woods, Pastures","Rural (<30% Developed)",NA,"Rural","50 - 55  MPH","No Control Present","Clear","No",48,"40-49","No",NA,"With Traffic","C: Possible Injury","Travel Lane","Native American","Male",NA,NA,"Missing",NA,"46-50 mph","Unknown Injury","Unknown/Missing",NA,NA,"No","12NOV2010","Friday","Motorist Overtaking Bicyclist",20,"Non-Intersection","November","C: Possible Injury",73800,"Motorist Overtaking - Other / Unknown",2010,"Yes","Yes","Dark - Roadway Not Lighted","Straight - Level","NC Route","Dry","Two-Way, Not Divided","None","No Special Feature","Coarse Asphalt",0,0,0,0,0,0,0,"2 lanes",2,0,NA,0,NA
4285,4614,"Landis","Rowan","Piedmont","Commercial","Urban (>70% Developed)",NA,"Rural","30 - 35  MPH","Stop Sign","Clear","No",42,"40-49","Yes",NA,"With Traffic","B: Evident Injury","Travel Lane","White","Male",44,"40-49","No",NA,"0-5 mph","O: No Injury","Black","Female","Sport Utility","Yes","23JUL2010","Friday","Loss of Control / Turning Error",18,"Intersection","July","B: Evident Injury",65880,"Bicylist Lost Control - Alcohol / Drug Impairment",2010,"Yes","No","Daylight","Straight - Level","Local Street","Dry","Two-Way, Not Divided","None","T-Intersection","Smooth Asphalt",0,0,0,0,0,0,0,"2 lanes",2,0,NA,0,NA
4286,4615,"Charlotte","Mecklenburg","Piedmont","Residential","Urban (>70% Developed)",NA,"Urban","30 - 35  MPH","Stop Sign","Clear","No",43,"40-49","No",NA,"With Traffic","C: Possible Injury","Travel Lane","White","Male",61,"60-69","No",NA,"6-10 mph","O: No Injury","White","Male","Passenger Car","No","11DEC2010","Saturday","Motorist Failed to Yield - Sign-Controlled Intersection",14,"Intersection","December","C: Possible Injury",50580,"Motorist Drive Out - Sign-Controlled Intersection",2010,"No","No","Daylight","Straight - Level","Local Street","Dry","Two-Way, Divided, Positive Median Barrier","None","T-Intersection","Smooth Asphalt",0,0,0,0,0,0,0,"4 lanes",2,0,NA,0,NA
4287,4618,"Wilmington","New Hanover","Coastal","Commercial","Urban (>70% Developed)",NA,"Urban","30 - 35  MPH","No Control Present","Clear","No",60,"60-69","No",NA,"Facing Traffic","O: No Injury","Sidewalk / Crosswalk / Driveway Crossing","White","Male",23,"20-24","No",NA,"6-10 mph","O: No Injury","Black","Female","Motorcycle","No","15DEC2010","Wednesday","Motorist Failed to Yield - Midblock",16,"Non-Intersection","December","O: No Injury",58260,"Motorist Drive Out - Commercial Driveway / Alley",2010,"No","No","Daylight","Straight - Grade","US Route","Dry","Two-Way, Not Divided","None","T-Intersection","Concrete",0,0,0,0,0,0,0,NA,2,0,NA,0,NA
4288,4627,"Greensboro","Guilford","Piedmont","Commercial","Urban (>70% Developed)",NA,"Urban","40 - 45  MPH","No Control Present","Clear","No",56,"50-59","No",NA,"With Traffic","O: No Injury","Bike Lane / Paved Shoulder","Black","Male",56,"50-59","No",NA,"36-40 mph","O: No Injury","Black","Male","Passenger Car","No","30DEC2010","Thursday","Motorist Overtaking Bicyclist",5,"Non-Intersection","December","C: Possible Injury",20760,"Motorist Overtaking - Misjudged Space",2010,"Yes","No","Dawn","Straight - Level","Local Street","Dry","Two-Way, Not Divided","Obstruction In Roadway","No Special Feature","Smooth Asphalt",0,0,0,0,0,0,0,"4 lanes",2,0,NA,0,NA
4289,4633,"Jamestown","Guilford","Piedmont","Institutional","Urban (>70% Developed)",NA,"Rural","20 - 25  MPH","Stop Sign","Clear","No",21,"20-24","No",NA,"With Traffic","B: Evident Injury","Travel Lane","White","Male",21,"20-24","No",NA,"6-10 mph","O: No Injury","Black","Female","Sport Utility","No","06FEB2010","Saturday","Motorist Left Turn / Merge",9,"Intersection","February","B: Evident Injury",34800,"Motorist Left Turn - Opposite Direction",2010,"Yes","No","Daylight","Straight - Hillcrest","Local Street","Dry","Two-Way, Not Divided","None","T-Intersection","Smooth Asphalt",0,0,0,0,0,0,0,"2 lanes",2,0,NA,0,NA
4290,4636,"None - Rural Crash","Alamance","Piedmont","Institutional","Urban (>70% Developed)",NA,"Rural","20 - 25  MPH","Stop And Go Signal","Clear","No",22,"20-24","No",NA,"With Traffic","C: Possible Injury","Travel Lane","White","Male",39,"30-39","No",NA,"21-25 mph","O: No Injury","White","Female","Single Unit Truck (2-Axle, 6-Tire)","No","26APR2010","Monday","Motorist Right Turn / Merge",14,"Intersection","April","C: Possible Injury",50940,"Motorist Right Turn - Same Direction",2010,"Yes","No","Daylight","Straight - Grade","State Secondary Route","Dry","Two-Way, Not Divided","None","Four-Way Intersection","Smooth Asphalt",0,0,0,0,0,0,0,"2 lanes",2,0,NA,0,NA
4291,4643,"Durham","Durham","Piedmont","Residential","Urban (>70% Developed)",NA,"Urban","30 - 35  MPH","No Control Present","Clear","No",26,"25-29","No",NA,"With Traffic","C: Possible Injury","Travel Lane","White","Female",23,"20-24","No",NA,"31-35 mph","O: No Injury","Black","Female","Passenger Car","No","22JAN2009","Thursday","Motorist Overtaking Bicyclist",16,"Non-Intersection","January","C: Possible Injury",59940,"Motorist Overtaking - Undetected Bicyclist",2009,"Yes","No","Daylight","Straight - Grade","Local Street","Dry","Two-Way, Not Divided","None","No Special Feature","Smooth Asphalt",0,0,0,0,0,0,0,"2 lanes",2,0,NA,0,NA
4292,4649,"Burlington","Alamance","Piedmont","Residential","Urban (>70% Developed)",NA,"Urban","20 - 25  MPH","No Control Present","Clear","No",47,"40-49","Yes",NA,"With Traffic","B: Evident Injury","Travel Lane","White","Male",23,"20-24","No",NA,"21-25 mph","O: No Injury","Black","Female","Sport Utility","Yes","03JAN2009","Saturday","Loss of Control / Turning Error",12,"Non-Intersection","January","B: Evident Injury",44160,"Bicyclist Lost Control - Other / Unknown",2009,"Yes","No","Daylight","Straight - Grade","Local Street","Dry","Two-Way, Not Divided","None","No Special Feature","Smooth Asphalt",0,0,0,0,0,0,0,"2 lanes",2,0,NA,0,NA
4293,4650,"None - Rural Crash","Onslow","Coastal","Farms, Woods, Pastures","Rural (<30% Developed)",NA,"Rural","40 - 45  MPH","No Control Present","Cloudy","No",53,"50-59","No",NA,"With Traffic","C: Possible Injury","Travel Lane","Black","Male",55,"50-59","No",NA,"16-20 mph","O: No Injury","White","Female","Passenger Car","No","08JAN2009","Thursday","Motorist Left Turn / Merge",19,"Intersection","January","C: Possible Injury",69300,"Motorist Left Turn - Same Direction",2009,"No","No","Dark - Roadway Not Lighted","Straight - Level","US Route","Wet","Two-Way, Not Divided","None","T-Intersection","Coarse Asphalt",0,0,0,0,0,0,0,"5 lanes",2,0,NA,0,NA
4294,4653,"Enfield","Halifax","Coastal","Residential","Urban (>70% Developed)",NA,"Rural","20 - 25  MPH","No Control Present","Cloudy","No",48,"40-49","No",NA,"With Traffic","C: Possible Injury","Travel Lane","Black","Male",27,"25-29","No",NA,"21-25 mph","O: No Injury","Black","Female","Passenger Car","No","13JAN2009","Tuesday","Motorist Overtaking Bicyclist",18,"Intersection","January","C: Possible Injury",65700,"Motorist Overtaking - Undetected Bicyclist",2009,"Yes","No","Dark - Roadway Not Lighted","Straight - Level","Local Street","Wet","Two-Way, Not Divided","None","Four-Way Intersection","Smooth Asphalt",0,0,0,0,0,0,0,"2 lanes",2,0,NA,0,NA
4295,4654,"None - Rural Crash","Martin","Coastal","Farms, Woods, Pastures","Rural (<30% Developed)",NA,"Rural","50 - 55  MPH","Double Yellow Line, No Passing Zone","Cloudy","No",44,"40-49","No",NA,"With Traffic","C: Possible Injury","Travel Lane","Black","Male",58,"50-59","No",NA,"41-45 mph","O: No Injury","Black","Female","Passenger Car","No","09JAN2009","Friday","Motorist Overtaking Bicyclist",17,"Non-Intersection","January","C: Possible Injury",64680,"Motorist Overtaking - Bicyclist Swerved",2009,"Yes","No","Dark - Roadway Not Lighted","Straight - Level","NC Route","Wet","Two-Way, Not Divided","None","No Special Feature","Coarse Asphalt",0,0,0,0,0,0,0,"2 lanes",2,0,NA,0,NA
4296,2006,"Washington","Beaufort","Coastal","Commercial","Urban (>70% Developed)",NA,"Urban","30 - 35  MPH","No Control Present","Clear","No",40,"40-49","No",NA,"Facing Traffic","C: Possible Injury","Sidewalk / Crosswalk / Driveway Crossing","White","Female",23,"20-24","No",NA,"0-5 mph","O: No Injury","White","Male","Passenger Car","No","23APR2012","Monday","Motorist Failed to Yield - Midblock",16,"Non-Intersection","April","C: Possible Injury",60360,"Motorist Drive Out - Commercial Driveway / Alley",2012,"No","No","Daylight","Straight - Level","Public Vehicular Area","Dry","Two-Way, Not Divided","None","Driveway, Public","Coarse Asphalt",0,0,0,0,0,0,0,NA,2,0,NA,0,NA
4297,2010,"Cary","Wake","Piedmont","Residential","Urban (>70% Developed)",NA,"Urban",NA,"No Control Present","Cloudy","No",10,"6-10","No",NA,"Not Applicable","O: No Injury","Non-Roadway","Black","Male",NA,NA,"Missing",NA,"0-5 mph","Unknown Injury","Unknown/Missing",NA,"Pickup","No","28APR2012","Saturday","Non-Roadway",14,"Non-Roadway","April","O: No Injury",53400,"Non-Roadway",2012,"No","No","Daylight","Straight - Grade","Public Vehicular Area","Dry","Two-Way, Not Divided","None","Driveway, Public","Smooth Asphalt",0,0,0,0,0,0,0,NA,2,0,NA,0,NA
4298,2013,"Kinston","Lenoir","Coastal","Commercial","Urban (>70% Developed)",NA,"Urban","30 - 35  MPH","Stop Sign","Clear","No",59,"50-59","No",NA,"Facing Traffic","C: Possible Injury","Sidewalk / Crosswalk / Driveway Crossing","Black","Male",46,"40-49","No",NA,"0-5 mph","O: No Injury","White","Female","Passenger Car","No","08MAY2012","Tuesday","Motorist Failed to Yield - Midblock",14,"Non-Intersection","May","C: Possible Injury",51600,"Motorist Drive Out - Commercial Driveway / Alley",2012,"Yes","No","Daylight","Straight - Level","Local Street","Dry","Two-Way, Not Divided","None","Four-Way Intersection","Smooth Asphalt",0,0,0,0,0,0,0,"4 lanes",2,0,NA,0,NA
4299,2014,"None - Rural Crash","Dare","Coastal","Residential","Urban (>70% Developed)",NA,"Rural","20 - 25  MPH","Yield Sign","Clear","No",NA,"70+","No",NA,"With Traffic","B: Evident Injury","Travel Lane","White","Male",58,"50-59","No",NA,"21-25 mph","O: No Injury","White","Male","Passenger Car","No","11MAY2012","Friday","Loss of Control / Turning Error",7,"Intersection","May","B: Evident Injury",27000,"Bicyclist Turning Error - Left Turn",2012,"Yes","No","Daylight","Straight - Level","Public Vehicular Area","Dry","Two-Way, Not Divided","None","T-Intersection","Coarse Asphalt",0,0,0,0,0,0,0,"2 lanes",2,0,NA,0,NA
4300,2023,"Wrightsville Beach","New Hanover","Coastal","Residential","Urban (>70% Developed)",NA,"Rural","20 - 25  MPH","Stop Sign","Cloudy","No",69,"60-69","No",NA,"With Traffic","C: Possible Injury","Travel Lane","White","Male",20,"20-24","No",NA,"0-5 mph","O: No Injury","White","Male","Passenger Car","No","06MAY2012","Sunday","Motorist Left Turn / Merge",16,"Intersection","May","C: Possible Injury",60420,"Motorist Left Turn - Opposite Direction",2012,"No","No","Daylight","Straight - Level","Local Street","Dry","Two-Way, Not Divided","None","Four-Way Intersection","Grooved Concrete",0,0,0,0,0,0,0,"2 lanes",2,0,NA,0,NA
4301,3822,"Greensboro","Guilford","Piedmont","Residential","Urban (>70% Developed)",NA,"Urban","30 - 35  MPH","No Control Present","Clear","No",18,"16-19","No",NA,"With Traffic","B: Evident Injury","Travel Lane","Black","Male",50,"50-59","No",NA,"31-35 mph","O: No Injury","White","Female","Passenger Car","No","09APR2010","Friday","Bicyclist Failed to Yield - Sign-Controlled Intersection",16,"Intersection","April","B: Evident Injury",60900,"Bicyclist Ride Through - Sign-Controlled Intersection",2010,"Yes","No","Daylight","Straight - Level","Local Street","Dry","Two-Way, Divided, Unprotected Median","None","T-Intersection","Smooth Asphalt",0,0,0,0,0,0,0,"4 lanes",2,0,NA,0,NA
4302,3823,"Southern Pines","Moore","Piedmont","Residential","Urban (>70% Developed)",NA,"Urban","30 - 35  MPH","No Control Present","Clear","No",36,"30-39","No",NA,"With Traffic","B: Evident Injury","Travel Lane","White","Female",NA,NA,"No",NA,NA,"Unknown Injury","Unknown/Missing",NA,NA,"No","12APR2010","Monday","Motorist Overtaking Bicyclist",19,"Non-Intersection","April","B: Evident Injury",69900,"Motorist Overtaking - Other / Unknown",2010,"Yes","Yes","Daylight","Straight - Level","Local Street","Dry","Two-Way, Not Divided","None","No Special Feature","Coarse Asphalt",0,0,0,0,0,0,0,"2 lanes",2,0,NA,0,NA
4303,3829,"Dudley","Wayne","Coastal","Residential","Mixed (30% To 70% Developed)",NA,"Rural","40 - 45  MPH","Double Yellow Line, No Passing Zone","Clear","No",62,"60-69","No",NA,"With Traffic","C: Possible Injury","Travel Lane","Black","Male",63,"60-69","No",NA,"41-45 mph","O: No Injury","White","Female","Passenger Car","No","09APR2010","Friday","Motorist Overtaking Bicyclist",19,"Non-Intersection","April","C: Possible Injury",70440,"Motorist Overtaking - Misjudged Space",2010,"Yes","No","Dusk","Straight - Level","State Secondary Route","Dry","Two-Way, Not Divided","None","No Special Feature","Coarse Asphalt",0,0,0,0,0,0,0,"2 lanes",2,0,NA,0,NA
4304,3834,"None - Rural Crash","Johnston","Coastal","Residential","Urban (>70% Developed)",NA,"Rural","30 - 35  MPH","No Control Present","Clear","No",8,"6-10","No",NA,"Not Applicable","B: Evident Injury","Driveway / Alley","Hispanic","Male",26,"25-29","No",NA,"21-25 mph","O: No Injury","Hispanic","Female","Sport Utility","No","22APR2010","Thursday","Bicyclist Failed to Yield - Midblock",18,"Non-Intersection","April","B: Evident Injury",66900,"Bicyclist Ride Out - Residential Driveway",2010,"No","No","Daylight","Straight - Grade","State Secondary Route","Dry","Two-Way, Not Divided","None","Driveway, Private","Coarse Asphalt",0,0,0,0,0,0,0,"2 lanes",2,0,NA,0,NA
4305,3839,"None - Rural Crash","Franklin","Piedmont","Farms, Woods, Pastures","Rural (<30% Developed)",NA,"Rural","50 - 55  MPH","Double Yellow Line, No Passing Zone","Cloudy","No",55,"50-59","Yes",NA,"With Traffic","K: Killed","Travel Lane","Black","Male",31,"30-39","No",NA,"41-45 mph","O: No Injury","Black","Female","Passenger Car","Yes","23APR2010","Friday","Loss of Control / Turning Error",23,"Intersection","April","K: Killed",84900,"Bicyclist Turning Error - Left Turn",2010,"Yes","No","Dark - Roadway Not Lighted","Straight - Level","NC Route","Dry","Two-Way, Not Divided","None","T-Intersection","Smooth Asphalt",0,0,0,0,0,0,0,"2 lanes",2,0,NA,0,NA
4306,3846,"Fayetteville","Cumberland","Coastal","Commercial","Urban (>70% Developed)",NA,"Urban","40 - 45  MPH","No Control Present","Clear","No",27,"25-29","No",NA,"With Traffic","Unknown Injury","Travel Lane","Black","Male",NA,NA,"Missing",NA,"6-10 mph","Unknown Injury","Unknown/Missing",NA,"Passenger Car","No","19APR2010","Monday","Loss of Control / Turning Error",19,"Intersection-Related","April","Unknown Injury",69000,"Motorist Turning Error - Other",2010,"No","Yes","Daylight","Straight - Level","Local Street","Dry","Two-Way, Divided, Unprotected Median","None","No Special Feature","Coarse Asphalt",0,0,0,0,0,0,0,"2 lanes",2,0,NA,0,NA
4307,3851,"Huntersville","Mecklenburg","Piedmont","Residential","Mixed (30% To 70% Developed)",NA,"Urban","20 - 25  MPH","Stop Sign","Clear","No",41,"40-49","No",NA,"With Traffic","A: Disabling Injury","Travel Lane","White","Male",33,"30-39","No",NA,"0-5 mph","O: No Injury","White","Male","Sport Utility","No","18APR2010","Sunday","Motorist Failed to Yield - Sign-Controlled Intersection",19,"Intersection","April","A: Disabling Injury",70200,"Motorist Drive Out - Sign-Controlled Intersection",2010,"Yes","No","Dusk","Straight - Grade","Local Street","Dry","Two-Way, Not Divided","None","No Special Feature","Smooth Asphalt",0,0,0,0,0,0,0,"2 lanes",2,0,NA,0,NA
4308,3853,"Greensboro","Guilford","Piedmont","Residential","Urban (>70% Developed)",NA,"Urban","30 - 35  MPH","No Control Present","Clear","No",39,"30-39","No",NA,"With Traffic","B: Evident Injury","Travel Lane","White","Male",NA,"70+","No",NA,"16-20 mph","O: No Injury","White","Male","Passenger Car","No","16APR2010","Friday","Motorist Left Turn / Merge",18,"Intersection","April","B: Evident Injury",64800,"Motorist Left Turn - Opposite Direction",2010,"Yes","No","Daylight","Straight - Grade","Local Street","Dry","Two-Way, Not Divided","None","T-Intersection","Smooth Asphalt",0,0,0,0,0,0,0,"2 lanes",2,0,NA,0,NA
4309,3854,"Charlotte","Mecklenburg","Piedmont","Commercial","Urban (>70% Developed)",NA,"Urban","30 - 35  MPH","No Control Present","Cloudy","Yes",29,"25-29","No",NA,"With Traffic","O: No Injury","Travel Lane","Hispanic","Male",55,"50-59","No",NA,"31-35 mph","O: No Injury","Black","Female","Commercial Bus","No","21APR2010","Wednesday","Parallel Paths - Other Circumstances",17,"Non-Intersection","April","O: No Injury",64560,"Parallel Paths - Other / Unknown",2010,"No","No","Daylight","Straight - Level","Local Street","Dry","One-Way, Not Divided","None","No Special Feature","Smooth Asphalt",0,0,0,0,0,0,0,"2 lanes",2,0,NA,0,NA
4310,3861,"None - Rural Crash","Guilford","Piedmont","Farms, Woods, Pastures","Rural (<30% Developed)",NA,"Rural","50 - 55  MPH","Double Yellow Line, No Passing Zone","Clear","No",14,"11-15","No",NA,"With Traffic","C: Possible Injury","Travel Lane","Black","Male",NA,NA,"No",NA,"0-5 mph","Unknown Injury","Unknown/Missing",NA,"Passenger Car","No","28APR2010","Wednesday","Bicyclist Left Turn / Merge",20,"Non-Intersection","April","C: Possible Injury",72000,"Bicyclist Left Turn - Same Direction",2010,"No","Yes","Dusk","Straight - Level","State Secondary Route","Dry","Two-Way, Not Divided","None","No Special Feature","Smooth Asphalt",0,0,0,0,0,0,0,"2 lanes",2,0,NA,0,NA
4311,3868,"Asheville","Buncombe","Mountains","Commercial","Urban (>70% Developed)",NA,"Urban","40 - 45  MPH","No Control Present","Clear","No",46,"40-49","No",NA,"With Traffic","C: Possible Injury","Travel Lane","White","Male",63,"60-69","No",NA,"6-10 mph","O: No Injury","White","Male","Passenger Car","No","23APR2010","Friday","Motorist Left Turn / Merge",16,"Non-Intersection","April","C: Possible Injury",61020,"Motorist Left Turn - Opposite Direction",2010,"Yes","No","Daylight","Straight - Grade","NC Route","Dry","Two-Way, Divided, Unprotected Median","None","Driveway, Public","Smooth Asphalt",0,0,0,0,0,0,0,"5 lanes",2,0,NA,0,NA
4312,3871,"None - Rural Crash","Pender","Coastal","Residential","Mixed (30% To 70% Developed)",NA,"Rural","40 - 45  MPH","Double Yellow Line, No Passing Zone","Clear","No",12,"11-15","No",NA,"Facing Traffic","C: Possible Injury","Travel Lane","White","Male",31,"30-39","No",NA,"31-35 mph","O: No Injury","White","Male","Passenger Car","No","05MAY2010","Wednesday","Bicyclist Right Turn / Merge",17,"Non-Intersection","May","C: Possible Injury",61800,"Bicyclist Right Turn - Same Direction",2010,"Yes","No","Daylight","Straight - Level","State Secondary Route","Dry","Two-Way, Not Divided","None","No Special Feature","Coarse Asphalt",0,0,0,0,0,0,0,"3 lanes",2,0,NA,0,NA
4313,3875,"Cary","Wake","Piedmont","Commercial","Urban (>70% Developed)",NA,"Urban","20 - 25  MPH","Stop Sign","Clear","No",12,"11-15","No",NA,"Facing Traffic","B: Evident Injury","Sidewalk / Crosswalk / Driveway Crossing","White","Male",53,"50-59","No",NA,"0-5 mph","O: No Injury","White","Male","Sport Utility","No","06MAY2010","Thursday","Motorist Failed to Yield - Sign-Controlled Intersection",7,"Intersection","May","B: Evident Injury",28500,"Motorist Drive Out - Sign-Controlled Intersection",2010,"No","No","Daylight","Straight - Level","Local Street","Dry","Two-Way, Not Divided","None","T-Intersection","Smooth Asphalt",0,0,0,0,0,0,0,"2 lanes",2,0,NA,0,NA
4314,3880,"Raleigh","Wake","Piedmont","Commercial","Urban (>70% Developed)",NA,"Urban","40 - 45  MPH","Stop And Go Signal","Clear","No",28,"25-29","No",NA,"Facing Traffic","C: Possible Injury","Travel Lane","White","Male",55,"50-59","No",NA,"16-20 mph","O: No Injury","White","Female","Van","No","05APR2010","Monday","Bicyclist Failed to Yield - Signalized Intersection",15,"Intersection-Related","April","C: Possible Injury",57060,"Bicyclist Ride Out - Signalized  Intersection",2010,"Yes","No","Dark - Lighted Roadway","Straight - Level","Local Street","Dry","Two-Way, Not Divided","None","No Special Feature","Smooth Asphalt",0,0,0,0,0,0,0,"4 lanes",2,0,NA,0,NA
4315,3886,"Raleigh","Wake","Piedmont","Residential","Urban (>70% Developed)",NA,"Urban","30 - 35  MPH","No Control Present","Cloudy","No",16,"16-19","No",NA,"With Traffic","B: Evident Injury","Sidewalk / Crosswalk / Driveway Crossing","White","Male",62,"60-69","No",NA,"21-25 mph","O: No Injury","White","Male","Passenger Car","No","14APR2010","Wednesday","Parallel Paths - Other Circumstances",15,"Intersection-Related","April","B: Evident Injury",54000,"Bicyclist Ride Out - Parallel Path",2010,"Yes","No","Daylight","Straight - Level","Local Street","Dry","Two-Way, Not Divided","None","No Special Feature","Concrete",0,0,0,0,0,0,0,"2 lanes",2,0,NA,0,NA