"...1","object_id","city","county","region","development","locality","on_road","rural_urban","speed_limit","traffic_control","weather","workzone","bike_age","bike_age_group","bike_alcohol","bike_alcohol_drugs","bike_direction","bike_injury","bike_position","bike_race","bike_sex","driver_age","driver_age_group","driver_alcohol","driver_alcohol_drugs","driver_est_speed","driver_injury","driver_race","driver_sex","driver_vehicle_type","crash_alcohol","crash_date","crash_day","crash_group","crash_hour","crash_location","crash_month","crash_severity","crash_time","crash_type","crash_year","ambulance_req","hit_run","light_condition","road_character","road_class","road_condition","road_configuration","road_defects","road_feature","road_surface","num_bikes_ai","num_bikes_bi","num_bikes_ci","num_bikes_ki","num_bikes_no","num_bikes_to","num_bikes_ui","num_lanes","num_units","distance_mi_from","frm_road","rte_invd_cd","towrd_road"
4316,3890,"Carolina Beach","New Hanover","Coastal","Residential","Urban (>70% Developed)",NA,"Urban","20 - 25  MPH","No Control Present","Clear","No",22,"20-24","No",NA,"With Traffic","Unknown Injury","Bike Lane / Paved Shoulder","White","Male",NA,"70+","No",NA,"21-25 mph","Unknown Injury","White","Female","Passenger Car","No","22APR2010","Thursday","Motorist Left Turn / Merge",5,"Intersection","April","Unknown Injury",19920,"Motorist Left Turn - Opposite Direction",2010,"Yes","No","Daylight","Straight - Level","State Secondary Route","Dry","Two-Way, Divided, Unprotected Median","None","No Special Feature","Smooth Asphalt",0,0,0,0,0,0,0,"2 lanes",2,0,NA,0,NA
4317,3896,"Laurinburg","Scotland","Coastal","Residential","Urban (>70% Developed)",NA,"Urban","30 - 35  MPH","No Control Present","Clear","No",17,"16-19","No",NA,"With Traffic","C: Possible Injury","Travel Lane","Black","Male",40,"40-49","No",NA,"26-30 mph","O: No Injury","White","Male","Van","No","30APR2010","Friday","Bicyclist Left Turn / Merge",18,"Non-Intersection","April","C: Possible Injury",65340,"Bicyclist Left Turn - Same Direction",2010,"Yes","No","Daylight","Straight - Level","Local Street","Water (Standing, Moving)","Two-Way, Not Divided","None","No Special Feature","Coarse Asphalt",0,0,0,0,0,0,0,"2 lanes",2,0,NA,0,NA
4318,3898,"None - Rural Crash","Orange","Piedmont","Farms, Woods, Pastures","Rural (<30% Developed)",NA,"Rural","40 - 45  MPH","Double Yellow Line, No Passing Zone","Clear","No",22,"20-24","No",NA,"With Traffic","C: Possible Injury","Travel Lane","White","Male",NA,NA,"No",NA,"41-45 mph","Unknown Injury","Unknown/Missing",NA,NA,"No","29APR2010","Thursday","Motorist Overtaking Bicyclist",16,"Intersection","April","C: Possible Injury",59880,"Motorist Overtaking - Other / Unknown",2010,"Yes","Yes","Daylight","Straight - Level","State Secondary Route","Dry","Two-Way, Divided, Unprotected Median","None","Four-Way Intersection","Smooth Asphalt",0,0,0,0,0,0,0,"2 lanes",2,0,NA,0,NA
4319,3902,"None - Rural Crash","Scotland","Coastal","Farms, Woods, Pastures","Rural (<30% Developed)",NA,"Rural","50 - 55  MPH","No Control Present","Clear","No",15,"11-15","No",NA,"With Traffic","B: Evident Injury","Travel Lane","White","Male",26,"25-29","No",NA,"51-55 mph","O: No Injury","White","Female","Passenger Car","No","13MAY2010","Thursday","Motorist Overtaking Bicyclist",14,"Non-Intersection","May","B: Evident Injury",53220,"Motorist Overtaking - Other / Unknown",2010,"Yes","No","Daylight","Straight - Level","NC Route","Dry","Two-Way, Not Divided","None","No Special Feature","Smooth Asphalt",0,0,0,0,0,0,0,"2 lanes",2,0,NA,0,NA
4320,3921,"Greensboro","Guilford","Piedmont","Commercial","Urban (>70% Developed)",NA,"Urban","30 - 35  MPH","Stop And Go Signal","Clear","No",15,"11-15","No",NA,"Facing Traffic","B: Evident Injury","Travel Lane","White","Male",28,"25-29","No",NA,"11-15 mph","O: No Injury","White","Male","Passenger Car","No","07MAY2010","Friday","Bicyclist Failed to Yield - Signalized Intersection",8,"Intersection","May","B: Evident Injury",31320,"Bicyclist Ride Out - Signalized  Intersection",2010,"Yes","No","Daylight","Straight - Level","Local Street","Dry","Two-Way, Divided, Unprotected Median","None","Four-Way Intersection","Coarse Asphalt",0,0,0,0,0,0,0,"8 lanes",2,0,NA,0,NA
4321,3923,"Burlington","Alamance","Piedmont","Residential","Urban (>70% Developed)",NA,"Urban","30 - 35  MPH","No Control Present","Clear","No",7,"6-10","No",NA,"Facing Traffic","B: Evident Injury","Travel Lane","Hispanic","Female",17,"0-19","No",NA,"16-20 mph","O: No Injury","Black","Female","Passenger Car","No","07MAY2010","Friday","Bicyclist Right Turn / Merge",18,"Non-Intersection","May","B: Evident Injury",65700,"Bicyclist Right Turn - Same Direction",2010,"No","No","Daylight","Straight - Level","Local Street","Dry","Two-Way, Not Divided","None","No Special Feature","Smooth Asphalt",0,0,0,0,0,0,0,"1 lane",2,0,NA,0,NA
4322,3926,"Charlotte","Mecklenburg","Piedmont","Residential","Urban (>70% Developed)",NA,"Urban","20 - 25  MPH","No Control Present","Clear","No",13,"11-15","No",NA,"With Traffic","B: Evident Injury","Travel Lane","Black","Male",61,"60-69","No",NA,"21-25 mph","O: No Injury","Black","Male","Sport Utility","No","06MAY2010","Thursday","Bicyclist Failed to Yield - Sign-Controlled Intersection",18,"Intersection","May","B: Evident Injury",65100,"Bicyclist Ride Through - Sign-Controlled Intersection",2010,"No","No","Daylight","Curve - Grade","Local Street","Dry","Two-Way, Not Divided","None","No Special Feature","Smooth Asphalt",0,0,0,0,0,0,0,"2 lanes",2,0,NA,0,NA
4323,3930,"Charlotte","Mecklenburg","Piedmont","Residential","Urban (>70% Developed)",NA,"Urban","30 - 35  MPH","No Control Present","Clear","No",48,"40-49","No",NA,"With Traffic","B: Evident Injury","Travel Lane","White","Male",43,"40-49","No",NA,"6-10 mph","O: No Injury","White","Female","Sport Utility","No","02MAY2010","Sunday","Motorist Right Turn / Merge",9,"Non-Intersection","May","B: Evident Injury",35520,"Motorist Right Turn - Same Direction",2010,"No","No","Daylight","Straight - Level","Local Street","Dry","Two-Way, Divided, Positive Median Barrier","None","No Special Feature","Smooth Asphalt",0,0,0,0,0,0,0,"6 lanes",2,0,NA,0,NA
4324,3931,"None - Rural Crash","Pitt","Coastal","Farms, Woods, Pastures","Rural (<30% Developed)",NA,"Rural","50 - 55  MPH","Double Yellow Line, No Passing Zone","Clear","No",41,"40-49","No",NA,"With Traffic","C: Possible Injury","Travel Lane","Black","Male",51,"50-59","No",NA,"46-50 mph","O: No Injury","White","Female","Passenger Car","No","21MAY2010","Friday","Bicyclist Left Turn / Merge",17,"Non-Intersection","May","C: Possible Injury",62940,"Bicyclist Left Turn - Same Direction",2010,"Yes","No","Daylight","Straight - Grade","NC Route","Dry","Two-Way, Not Divided","None","Related To Intersection","Coarse Asphalt",0,0,0,0,0,0,0,"2 lanes",2,0,NA,0,NA
4325,3934,"Wilmington","New Hanover","Coastal","Residential","Urban (>70% Developed)",NA,"Urban","20 - 25  MPH","No Control Present","Clear","No",7,"6-10","No",NA,"With Traffic","A: Disabling Injury","Travel Lane","White","Male",47,"40-49","No",NA,"0-5 mph","O: No Injury","White","Female","Sport Utility","No","03MAY2010","Monday","Parallel Paths - Other Circumstances",18,"Non-Intersection","May","A: Disabling Injury",65100,"Parallel Paths - Other / Unknown",2010,"No","No","Daylight","Straight - Level","Private Road, Driveway","Dry","One-Way, Not Divided","None","Bridge","Other",0,0,0,0,0,0,0,"1 lane",2,0,NA,0,NA
4326,3936,"Mooresville","Iredell","Piedmont","Residential","Urban (>70% Developed)",NA,"Urban","30 - 35  MPH","Double Yellow Line, No Passing Zone","Clear","No",19,"16-19","No",NA,"With Traffic","B: Evident Injury","Travel Lane","Black","Male",34,"30-39","No",NA,"31-35 mph","O: No Injury","White","Male","Sport Utility","No","07MAY2010","Friday","Motorist Overtaking Bicyclist",12,"Non-Intersection","May","B: Evident Injury",44280,"Motorist Overtaking - Bicyclist Swerved",2010,"Yes","No","Daylight","Straight - Grade","Local Street","Dry","Two-Way, Not Divided","None","No Special Feature","Coarse Asphalt",0,0,0,0,0,0,0,"3 lanes",2,0,NA,0,NA
4327,3949,"Andrews","Cherokee","Mountains","Residential","Rural (<30% Developed)",NA,"Rural",NA,"No Control Present","Clear","No",3,"0-5","No",NA,"Not Applicable","B: Evident Injury","Non-Roadway","White","Male",13,"0-19","No",NA,"6-10 mph","O: No Injury","White","Male","Motorcycle","No","01MAY2010","Saturday","Non-Roadway",17,"Non-Roadway","May","B: Evident Injury",64080,"Non-Roadway",2010,"No","No","Daylight","Straight - Level","Public Vehicular Area","Dry","One-Way, Not Divided","None","No Special Feature","Smooth Asphalt",0,0,0,0,0,0,0,NA,2,0,NA,0,NA
4328,3966,"None - Rural Crash","Rutherford","Mountains","Residential","Mixed (30% To 70% Developed)",NA,"Rural","50 - 55  MPH","No Control Present","Clear","No",48,"40-49","No",NA,"With Traffic","B: Evident Injury","Travel Lane","White","Male",17,"0-19","No",NA,"0-5 mph","O: No Injury","White","Male","Passenger Car","No","05JUN2010","Saturday","Motorist Failed to Yield - Midblock",8,"Non-Intersection","June","B: Evident Injury",32220,"Motorist Drive Out - Residential Driveway",2010,"Yes","No","Daylight","Straight - Grade","State Secondary Route","Dry","Two-Way, Not Divided","None","Driveway, Private","Smooth Asphalt",0,0,0,0,0,0,0,"2 lanes",2,0,NA,0,NA
4329,3987,"None - Rural Crash","Iredell","Piedmont","Residential","Rural (<30% Developed)",NA,"Rural","40 - 45  MPH","Double Yellow Line, No Passing Zone","Clear","No",16,"16-19","No",NA,"With Traffic","C: Possible Injury","Travel Lane","White","Male",22,"20-24","No",NA,"31-35 mph","O: No Injury","Black","Female","Sport Utility","No","12JUN2010","Saturday","Bicyclist Left Turn / Merge",11,"Intersection","June","C: Possible Injury",40620,"Bicyclist Left Turn - Same Direction",2010,"Yes","No","Daylight","Straight - Grade","US Route","Dry","Two-Way, Not Divided","None","T-Intersection","Smooth Asphalt",0,0,0,0,0,0,0,"2 lanes",2,0,NA,0,NA
4330,3995,"None - Rural Crash","Wake","Piedmont","Farms, Woods, Pastures","Mixed (30% To 70% Developed)",NA,"Rural","40 - 45  MPH","Stop And Go Signal","Clear","No",44,"40-49","No",NA,"With Traffic","B: Evident Injury","Travel Lane","White","Female",43,"40-49","No",NA,"6-10 mph","O: No Injury","White","Female","Passenger Car","No","15JUN2010","Tuesday","Motorist Left Turn / Merge",15,"Intersection","June","B: Evident Injury",57120,"Motorist Left Turn - Opposite Direction",2010,"No","No","Daylight","Straight - Level","State Secondary Route","Dry","Two-Way, Not Divided","None","Four-Way Intersection","Smooth Asphalt",0,0,0,0,0,0,0,"2 lanes",2,0,NA,0,NA
4331,3996,"Chapel Hill","Orange","Piedmont","Commercial","Urban (>70% Developed)",NA,"Urban","20 - 25  MPH","Stop Sign","Clear","No",21,"20-24","No",NA,"Not Applicable","B: Evident Injury","Non-Roadway","White","Male",55,"50-59","No",NA,NA,"Unknown Injury","White","Male","Passenger Car","No","05JUN2010","Saturday","Non-Roadway",22,"Non-Roadway","June","B: Evident Injury",82440,"Non-Roadway",2010,"Yes","No","Dark - Lighted Roadway","Straight - Level","Public Vehicular Area","Dry","Two-Way, Not Divided","None","Driveway, Public","Smooth Asphalt",0,0,0,0,0,0,0,NA,2,0,NA,0,NA
4332,4000,"Garner","Wake","Piedmont","Commercial","Urban (>70% Developed)",NA,"Urban","40 - 45  MPH","No Control Present","Clear","No",55,"50-59","No",NA,"Facing Traffic","C: Possible Injury","Travel Lane","Hispanic","Male",59,"50-59","No",NA,"41-45 mph","O: No Injury","Black","Female","Sport Utility","No","26MAY2010","Wednesday","Crossing Paths - Other Circumstances",7,"Non-Intersection","May","C: Possible Injury",26460,"Crossing Paths - Midblock - Other / Unknown",2010,"Yes","No","Daylight","Straight - Level","Local Street","Dry","Two-Way, Divided, Unprotected Median","None","T-Intersection","Coarse Asphalt",0,0,0,0,0,0,0,"4 lanes",2,0,NA,0,NA
4333,1025,"Mooresville","Iredell","Piedmont","Commercial","Urban (>70% Developed)","TERRACE RD","Urban","20 - 25  MPH","Double Yellow Line, No Passing Zone","Clear","No",14,"11-15","No",NA,"Not Applicable","B: Evident Injury","Non-Roadway","White","Male",25,"25-29","No",NA,"16-20 mph","O: No Injury","White","Female","Passenger Car","No","05APR2013","Friday","Bicyclist Failed to Yield - Midblock",20,"Non-Intersection","April","B: Evident Injury",74760,"Bicyclist Ride Out - Commercial Driveway / Alley",2013,"Yes","No","Dark - Roadway Not Lighted","Straight - Level","Local Street","Dry","Two-Way, Not Divided","None","T-Intersection","Smooth Asphalt",0,0,0,0,0,0,0,"2 lanes",2,0,NA,0,NA
4334,1016,"Greensboro","Guilford","Piedmont","Institutional","Urban (>70% Developed)","SPRING GARDEN ST","Urban","20 - 25  MPH","Stop And Go Signal","Clear","No",18,"16-19","No",NA,"With Traffic","B: Evident Injury","Sidewalk / Crosswalk / Driveway Crossing","White","Male",21,"20-24","No",NA,"6-10 mph","O: No Injury","White","Female","Passenger Car","No","09APR2013","Tuesday","Motorist Right Turn / Merge",9,"Intersection","April","B: Evident Injury",34020,"Motorist Right Turn - Same Direction",2013,"Yes","No","Daylight","Straight - Level","Local Street","Dry","Two-Way, Divided, Unprotected Median","None","Four-Way Intersection","Coarse Asphalt",0,0,0,0,0,0,0,"1 lane",2,0,NA,0,NA
4335,1020,"Rocky Mount","Edgecombe","Coastal","Farms, Woods, Pastures","Rural (<30% Developed)","US 64","Urban","60 - 75 MPH","No Control Present","Cloudy","No",45,"40-49","No",NA,"With Traffic","K: Killed","Travel Lane","White","Male",41,"40-49","No",NA,"66-70 mph","O: No Injury","Black","Male","Sport Utility","No","18APR2013","Thursday","Motorist Overtaking Bicyclist",22,"Non-Intersection","April","K: Killed",80460,"Motorist Overtaking - Undetected Bicyclist",2013,"Yes","No","Dark - Roadway Not Lighted","Straight - Grade","US Route","Dry","Two-Way, Divided, Positive Median Barrier","None","No Special Feature","Coarse Asphalt",0,0,0,0,0,0,0,"4 lanes",2,0,NA,0,NA
4336,1021,"None - Rural Crash","Orange","Piedmont","Farms, Woods, Pastures","Rural (<30% Developed)","SR 1112","Rural","40 - 45  MPH","Double Yellow Line, No Passing Zone","Clear","No",56,"50-59","No",NA,"With Traffic","B: Evident Injury","Travel Lane","White","Male",NA,"70+","No",NA,"41-45 mph","O: No Injury","Black","Male","Passenger Car","No","20APR2013","Saturday","Motorist Left Turn / Merge",16,"Intersection","April","B: Evident Injury",60120,"Motorist Left Turn - Opposite Direction",2013,"Yes","No","Daylight","Straight - Level","State Secondary Route","Dry","Two-Way, Not Divided","None","T-Intersection","Smooth Asphalt",0,0,0,0,0,0,0,"2 lanes",2,0,NA,0,NA
4337,1005,"Charlotte","Mecklenburg","Piedmont","Commercial","Urban (>70% Developed)","US 521","Urban","40 - 45  MPH","Stop And Go Signal","Clear","No",28,"25-29","Missing",NA,"With Traffic","B: Evident Injury","Travel Lane","White","Male",59,"50-59","No",NA,"21-25 mph","O: No Injury","Black","Male","Pickup","No","13APR2013","Saturday","Motorist Left Turn / Merge",9,"Intersection","April","B: Evident Injury",34980,"Motorist Left Turn - Opposite Direction",2013,"Yes","No","Daylight","Straight - Level","US Route","Dry","Two-Way, Divided, Positive Median Barrier","None","No Special Feature","Smooth Asphalt",0,0,0,0,0,0,0,"4 lanes",2,0,NA,0,NA
4338,1008,"Lewisville","Forsyth","Piedmont","Residential","Rural (<30% Developed)","SR 1307","Urban","40 - 45  MPH","Stop Sign","Clear","No",57,"50-59","No",NA,"With Traffic","C: Possible Injury","Travel Lane","White","Male",47,"40-49","No",NA,"41-45 mph","O: No Injury","White","Male","Passenger Car","No","08APR2013","Monday","Motorist Left Turn / Merge",18,"Intersection","April","C: Possible Injury",66420,"Motorist Left Turn - Opposite Direction",2013,"Yes","No","Daylight","Straight - Grade","State Secondary Route","Dry","Two-Way, Not Divided","None","T-Intersection","Coarse Asphalt",0,0,0,0,0,0,0,NA,2,0,NA,0,NA
4339,315,"Durham","Durham","Piedmont","Commercial","Urban (>70% Developed)","FOSTER ST","Urban","20 - 25  MPH","Stop Sign","Cloudy","No",33,"30-39",NA,"No","With Traffic","B: Evident Injury","Travel Lane","White","Male",40,"40-49",NA,"No","11-15 mph","O: No Injury","White","Male","Passenger Car","No","11JUL2014","Friday","Motorist Failed to Yield - Sign-Controlled Intersection",18,"Intersection","July","B: Evident Injury",64860,"Motorist Drive Out - Sign-Controlled Intersection",2014,"Yes","No","Daylight","Straight - Grade","Local Street","Dry","Two-Way, Not Divided","None","Four-Way Intersection","Smooth Asphalt",0,1,0,0,0,1,0,"2 lanes",2,0,"HUNT ST",50010924,"W CORPORATION ST"
4340,305,"Greensboro","Guilford","Piedmont","Residential","Urban (>70% Developed)","CENTER ST","Urban","30 - 35  MPH","No Control Present","Clear","No",6,"6-10",NA,"No","Not Applicable","C: Possible Injury","Driveway / Alley","White","Male",27,"25-29",NA,"No","26-30 mph","O: No Injury","Black","Female","Passenger Car","No","22JUN2014","Sunday","Bicyclist Failed to Yield - Midblock",19,"Non-Intersection","June","C: Possible Injury",69360,"Bicyclist Ride Out - Residential Driveway",2014,"Yes","No","Daylight","Straight - Level","Local Street","Dry","Two-Way, Not Divided","None","No Special Feature","Smooth Asphalt",0,0,1,0,0,1,0,"2 lanes",2,0.025,"VICTORY ST",0,"DORSEY ST"
4341,329,"None - Rural Crash","Hertford","Coastal","Farms, Woods, Pastures","Rural (<30% Developed)","SR 1108","Rural","40 - 45  MPH","No Control Present","Clear","No",59,"50-59",NA,"No","With Traffic","B: Evident Injury","Travel Lane","Black","Male",NA,"70+",NA,"No","31-35 mph","O: No Injury","White","Female","Sport Utility","No","01JUL2014","Tuesday","Motorist Overtaking Bicyclist",11,"Non-Intersection","July","B: Evident Injury",42300,"Motorist Overtaking - Bicyclist Swerved",2014,"Yes","No","Daylight","Straight - Level","State Secondary Route","Dry","Two-Way, Not Divided","None","No Special Feature","Smooth Asphalt",0,1,0,0,0,1,0,"2 lanes",2,0.1,"461",40001108,"1108"
4342,330,"None - Rural Crash","Lenoir","Coastal","Farms, Woods, Pastures","Rural (<30% Developed)","SR 1905","Rural","50 - 55  MPH","Double Yellow Line, No Passing Zone","Cloudy","No",57,"50-59",NA,"No","With Traffic","B: Evident Injury","Travel Lane","White","Female",68,"60-69",NA,"No","11-15 mph","O: No Injury","White","Male","Pickup","No","15JUL2014","Tuesday","Loss of Control / Turning Error",14,"Intersection","July","B: Evident Injury",50400,"Motorist Turning Error - Left Turn",2014,"Yes","No","Daylight","Straight - Level","State Secondary Route","Dry","Two-Way, Not Divided","None","T-Intersection","Smooth Asphalt",0,1,0,0,0,1,0,"2 lanes",2,0,"58",40001905,"1929"
4343,324,"Landis","Rowan","Piedmont","Commercial","Urban (>70% Developed)","RYDER AVE","Rural","30 - 35  MPH","Stop Sign","Clear","No",17,"16-19",NA,"No","With Traffic","B: Evident Injury","Travel Lane","White","Male",52,"50-59",NA,"No","21-25 mph","O: No Injury","White","Male","Pickup","No","03APR2014","Thursday","Bicyclist Failed to Yield - Sign-Controlled Intersection",18,"Intersection","April","B: Evident Injury",66480,"Bicyclist Ride Through - Sign-Controlled Intersection",2014,"Yes","No","Daylight","Straight - Level","Local Street","Wet","Two-Way, Not Divided","None","Related To Intersection","Smooth Asphalt",0,1,0,0,0,1,0,"2 lanes",2,0,"ZION ST",40001210,NA
4344,291,"Raleigh","Wake","Piedmont","Commercial","Urban (>70% Developed)","CLARK AVE","Urban","30 - 35  MPH","No Control Present","Cloudy","No",29,"25-29",NA,"No","With Traffic","B: Evident Injury","Bike Lane / Paved Shoulder","White","Male",37,"30-39",NA,"No","0-5 mph","O: No Injury","White","Male","Sport Utility","No","20JUN2014","Friday","Motorist Right Turn / Merge",18,"Non-Intersection","June","B: Evident Injury",65160,"Motorist Right Turn - Same Direction",2014,"Yes","No","Daylight","Straight - Level","Local Street","Dry","Two-Way, Not Divided","None","No Special Feature","Smooth Asphalt",0,1,0,0,0,1,0,"3 lanes",2,0.051,"WOODBURN RD",50006173,"OBERLIN RD"
4345,303,"None - Rural Crash","Randolph","Piedmont","Farms, Woods, Pastures","Mixed (30% To 70% Developed)","SR 2106","Rural","50 - 55  MPH","No Control Present","Clear","No",43,"40-49",NA,"No","With Traffic","B: Evident Injury","Travel Lane","White","Male",41,"40-49",NA,"No","51-55 mph","O: No Injury","White","Male","Sport Utility","No","09JUN2014","Monday","Motorist Left Turn / Merge",14,"Intersection","June","B: Evident Injury",50700,"Motorist Left Turn - Opposite Direction",2014,"No","No","Daylight","Straight - Level","State Secondary Route","Dry","Two-Way, Not Divided","None","T-Intersection","Coarse Asphalt",0,1,0,0,0,1,0,"2 lanes",2,0,"2391",40002106,"2138"
4346,317,"Apex","Wake","Piedmont","Residential","Mixed (30% To 70% Developed)","W WILLIAMS ST","Urban","40 - 45  MPH","No Control Present","Clear","No",52,"50-59",NA,"No","With Traffic","B: Evident Injury","Travel Lane","White","Male",49,"40-49",NA,"No","41-45 mph","O: No Injury","White","Male","Pickup","No","13JUL2014","Sunday","Motorist Right Turn / Merge",16,"Non-Intersection","July","B: Evident Injury",59040,"Motorist Right Turn - Same Direction",2014,"No","No","Daylight","Straight - Grade","Local Street","Dry","Two-Way, Not Divided","None","No Special Feature","Smooth Asphalt",0,1,0,0,0,1,0,"5 lanes",2,0.085,"COLONY WOODS DR",30000055,"CAMERON WOODS DR"
4347,304,"Salisbury","Rowan","Piedmont","Residential","Urban (>70% Developed)","N CHURCH ST","Urban","30 - 35  MPH","Stop Sign","Clear","No",13,"11-15",NA,"No","Not Applicable","O: No Injury","Travel Lane","Black","Male",21,"20-24",NA,"No","11-15 mph","O: No Injury","Black","Female","Passenger Car","No","07JUL2014","Monday","Bicyclist Failed to Yield - Midblock",15,"Non-Intersection","July","O: No Injury",54600,"Bicyclist Ride Out - Midblock - Unknown",2014,"No","No","Daylight","Straight - Level","Local Street","Dry","Two-Way, Not Divided","None","No Special Feature","Smooth Asphalt",0,0,0,0,1,1,0,"2 lanes",2,0.009,"N CHURCH ST",50006074,"N MAIN ST"
4348,306,"Calabash","Brunswick","Coastal","Commercial","Urban (>70% Developed)","179","Rural","40 - 45  MPH","No Control Present","Clear","No",27,"25-29",NA,"No","Not Applicable","C: Possible Injury","Non-Roadway","Black","Male",39,"30-39",NA,"No","16-20 mph","O: No Injury","White","Female","Van","No","23JUN2014","Monday","Bicyclist Failed to Yield - Midblock",17,"Non-Intersection","June","C: Possible Injury",62580,"Bicyclist Ride Out - Commercial Driveway / Alley",2014,"Yes","No","Daylight","Straight - Level","NC Route","Dry","Two-Way, Not Divided","None","Driveway, Public","Coarse Asphalt",0,0,1,0,0,1,0,"2 lanes",2,0.019,"179",39000179,"1810"
4349,358,"Raleigh","Wake","Piedmont","Commercial","Mixed (30% To 70% Developed)","6701 SIX FORKS RD","Urban","30 - 35  MPH","Stop Sign","Clear","No",14,"11-15",NA,"No","Facing Traffic","C: Possible Injury","Sidewalk / Crosswalk / Driveway Crossing","Black","Male",59,"50-59",NA,"No","0-5 mph","O: No Injury","White","Female","Passenger Car","No","22JUL2014","Tuesday","Motorist Failed to Yield - Midblock",18,"Non-Intersection","July","C: Possible Injury",65700,"Motorist Drive Out - Residential Driveway",2014,"Yes","No","Daylight","Straight - Level","Public Vehicular Area","Dry","Two-Way, Not Divided","None","No Special Feature","Coarse Asphalt",0,0,1,0,0,1,0,NA,2,0.028,"WESTBROOK DR",0,"WOODBEND DR"
4350,395,"Raleigh","Wake","Piedmont","Residential","Urban (>70% Developed)","CRABTREE BLVD","Urban","40 - 45  MPH","Stop And Go Signal","Cloudy","No",63,"60-69",NA,NA,"Facing Traffic","O: No Injury","Sidewalk / Crosswalk / Driveway Crossing","White","Male",59,"50-59",NA,"No","6-10 mph","O: No Injury","Black","Female","Pickup","No","11AUG2014","Monday","Motorist Failed to Yield - Signalized Intersection",14,"Intersection","August","O: No Injury",51420,"Motorist Drive Out - Right Turn on Red",2014,"Yes","No","Daylight","Straight - Level","Local Street","Dry","Two-Way, Not Divided","None","T-Intersection","Smooth Asphalt",0,0,0,0,1,1,0,"3 lanes",2,0,"RALEIGH BLVD",50007223,"BARKSDALE DR"
4351,361,"None - Rural Crash","Hertford","Coastal","Farms, Woods, Pastures","Rural (<30% Developed)","NC 561","Rural","50 - 55  MPH","Double Yellow Line, No Passing Zone","Clear","No",35,"30-39",NA,NA,"With Traffic","B: Evident Injury","Travel Lane","White","Male",NA,NA,NA,"No",NA,"Unknown Injury","Unknown/Missing",NA,NA,"No","20JUL2014","Sunday","Motorist Overtaking Bicyclist",15,"Non-Intersection","July","B: Evident Injury",55800,"Motorist Overtaking - Other / Unknown",2014,"Yes","Yes","Daylight","Straight - Level","NC Route","Dry","Two-Way, Not Divided","None","No Special Feature","Coarse Asphalt",0,1,0,0,0,1,0,"2 lanes",2,0.6,"1221",30000561,"1108"
4352,351,"None - Rural Crash","Iredell","Piedmont","Residential","Mixed (30% To 70% Developed)","SR 1321","Rural","40 - 45  MPH","Double Yellow Line, No Passing Zone","Clear","No",43,"40-49",NA,"No","With Traffic","C: Possible Injury","Travel Lane","White","Male",51,"50-59",NA,"No","16-20 mph","O: No Injury","White","Female","Passenger Car","No","11JUL2014","Friday","Motorist Right Turn / Merge",18,"Non-Intersection","July","C: Possible Injury",65460,"Motorist Right Turn - Same Direction",2014,"No","No","Daylight","Straight - Grade","State Secondary Route","Dry","Two-Way, Not Divided","None","Driveway, Private","Coarse Asphalt",0,0,1,0,0,1,0,"2 lanes",2,0.5,"1303",40001321,"2792"
4353,369,"Holly Ridge","Onslow","Coastal","Commercial","Urban (>70% Developed)","SR 1538","Rural","30 - 35  MPH","No Control Present","Cloudy","No",28,"25-29",NA,"No","With Traffic","O: No Injury","Travel Lane","White","Male",36,"30-39",NA,"No","26-30 mph","O: No Injury","White","Female","Sport Utility","No","01AUG2014","Friday","Bicyclist Failed to Yield - Sign-Controlled Intersection",16,"Intersection","August","O: No Injury",60300,"Bicyclist Ride Through - Sign-Controlled Intersection",2014,"No","No","Daylight","Straight - Level","State Secondary Route","Wet","Two-Way, Not Divided","None","No Special Feature","Smooth Asphalt",0,0,0,0,1,1,0,"2 lanes",2,0,"N HINES ST",40001538,NA
4354,360,"Raleigh","Wake","Piedmont","Commercial","Urban (>70% Developed)","HILLSBOROUGH ST","Urban","30 - 35  MPH","No Control Present","Cloudy","No",21,"20-24",NA,"No","With Traffic","B: Evident Injury","Travel Lane","Hispanic","Male",59,"50-59",NA,"Missing","0-5 mph","O: No Injury","White","Male","Passenger Car","No","11JUL2014","Friday","Bicyclist Overtaking Motorist",13,"Non-Intersection","July","B: Evident Injury",47220,"Bicyclist Overtaking - Extended Door",2014,"Yes","No","Daylight","Straight - Level","Local Street","Dry","Two-Way, Divided, Unprotected Median","None","No Special Feature","Smooth Asphalt",0,1,0,0,0,1,0,"2 lanes",2,0.019,"PULLEN RD",50014055,"OBERLIN RD"
4355,331,"Raleigh","Wake","Piedmont","Residential","Urban (>70% Developed)","MERRELL DR","Urban","30 - 35  MPH","Stop Sign","Clear","No",5,"0-5",NA,"No","With Traffic","B: Evident Injury","Travel Lane","Hispanic","Male",43,"40-49",NA,"No","16-20 mph","O: No Injury","Black","Female","Sport Utility","No","16JUL2014","Wednesday","Bicyclist Failed to Yield - Sign-Controlled Intersection",18,"Intersection","July","B: Evident Injury",67740,"Bicyclist Ride Through - Sign-Controlled Intersection",2014,"Yes","No","Daylight","Straight - Level","Local Street","Dry","Two-Way, Not Divided","None","T-Intersection","Smooth Asphalt",0,1,0,0,0,1,0,"2 lanes",2,0,"BUNNALLEY CT",50019867,NA