"...1","object_id","city","county","region","development","locality","on_road","rural_urban","speed_limit","traffic_control","weather","workzone","bike_age","bike_age_group","bike_alcohol","bike_alcohol_drugs","bike_direction","bike_injury","bike_position","bike_race","bike_sex","driver_age","driver_age_group","driver_alcohol","driver_alcohol_drugs","driver_est_speed","driver_injury","driver_race","driver_sex","driver_vehicle_type","crash_alcohol","crash_date","crash_day","crash_group","crash_hour","crash_location","crash_month","crash_severity","crash_time","crash_type","crash_year","ambulance_req","hit_run","light_condition","road_character","road_class","road_condition","road_configuration","road_defects","road_feature","road_surface","num_bikes_ai","num_bikes_bi","num_bikes_ci","num_bikes_ki","num_bikes_no","num_bikes_to","num_bikes_ui","num_lanes","num_units","distance_mi_from","frm_road","rte_invd_cd","towrd_road"
4356,347,"Charlotte","Mecklenburg","Piedmont","Commercial","Urban (>70% Developed)","CENTRAL AVE","Urban","5 - 15 MPH","Stop And Go Signal","Rain","No",21,"20-24",NA,"No","With Traffic","C: Possible Injury","Travel Lane","White","Male",23,"20-24",NA,"No",NA,"O: No Injury","Black","Female","Passenger Car","No","19JUL2014","Saturday","Loss of Control / Turning Error",12,"Intersection","July","C: Possible Injury",45540,"Bicyclist Lost Control - Mechanical Problems",2014,"Yes","No","Daylight","Straight - Level","Local Street","Wet","Two-Way, Not Divided","None","No Special Feature","Smooth Asphalt",0,0,1,0,0,1,0,"1 lane",2,0,"THOMAS AVE",50005515,"HAMORTON PL"
4357,376,"Smithfield","Johnston","Coastal","Residential","Urban (>70% Developed)","FIFTH ST","Urban","20 - 25  MPH","No Control Present","Clear","No",42,"40-49",NA,"No","With Traffic","C: Possible Injury","Travel Lane","Black","Male",29,"25-29",NA,"No","0-5 mph","O: No Injury","Black","Male","EMS Vehicle, Ambulance, Rescue Squad","No","14JUL2014","Monday","Head-On",8,"Non-Intersection","July","C: Possible Injury",31200,"Head-On - Motorist",2014,"Yes","No","Daylight","Straight - Level","Local Street","Dry","Two-Way, Not Divided","Obstruction In Roadway","No Special Feature","Smooth Asphalt",0,0,1,0,0,1,0,"2 lanes",2,0.004,"WOODALL ST",50010479,"DAVIS ST"
4358,479,"Raleigh","Wake","Piedmont","Commercial","Urban (>70% Developed)","BRAMER DR","Urban","20 - 25  MPH","Stop Sign","Clear","No",23,"20-24",NA,"No","With Traffic","C: Possible Injury","Sidewalk / Crosswalk / Driveway Crossing","Black","Male",NA,NA,NA,"Missing","0-5 mph","Unknown Injury","Unknown/Missing",NA,"Passenger Car","No","27AUG2014","Wednesday","Motorist Failed to Yield - Sign-Controlled Intersection",17,"Intersection","August","C: Possible Injury",61680,"Motorist Drive Out - Sign-Controlled Intersection",2014,"Yes","Yes","Daylight","Straight - Grade","Local Street","Dry","Two-Way, Not Divided","None","No Special Feature","Smooth Asphalt",0,0,1,0,0,1,0,"2 lanes",2,0,"ATLANTIC AVE",50001196,"WOLFPACK LN"
4359,476,"None - Rural Crash","Columbus","Coastal","Farms, Woods, Pastures","Rural (<30% Developed)","US 74","Rural","50 - 55  MPH","No Control Present","Clear","No",51,"50-59",NA,"Yes-Alcohol,  impairment suspected","With Traffic","B: Evident Injury","Travel Lane","White","Male",NA,NA,NA,NA,"51-55 mph","Unknown Injury","Unknown/Missing",NA,"Passenger Car","Yes","30AUG2014","Saturday","Motorist Overtaking Bicyclist",22,"Non-Intersection","August","B: Evident Injury",80520,"Motorist Overtaking - Other / Unknown",2014,"Yes","Yes","Dark - Roadway Not Lighted","Straight - Level","US Route","Dry","Two-Way, Not Divided","None","No Special Feature","Coarse Asphalt",0,1,0,0,0,1,0,"2 lanes",2,0.1,"1436",29000074,"1585"
4360,465,"Greenville","Pitt","Coastal","Commercial","Urban (>70% Developed)","S PITT ST","Urban","30 - 35  MPH","Stop Sign","Clear","No",26,"25-29",NA,"No","Facing Traffic","B: Evident Injury","Sidewalk / Crosswalk / Driveway Crossing","Black","Male",40,"40-49",NA,"No","6-10 mph","O: No Injury","Black","Male","Passenger Car","No","27AUG2014","Wednesday","Bicyclist Failed to Yield - Sign-Controlled Intersection",17,"Intersection","August","B: Evident Injury",62820,"Bicyclist Ride Out - Sign-Controlled Intersection",2014,"Yes","No","Daylight","Straight - Level","Local Street","Dry","One-Way, Not Divided","None","Four-Way Intersection","Smooth Asphalt",0,1,0,0,0,1,0,"2 lanes",2,0.001,"W 4TH ST",50024334,"W 3RD ST"
4361,472,"None - Rural Crash","Buncombe","Mountains","Farms, Woods, Pastures","Rural (<30% Developed)","NC 151","Rural","30 - 35  MPH","Double Yellow Line, No Passing Zone","Clear","No",65,"60-69",NA,"No","With Traffic","C: Possible Injury","Travel Lane","White","Male",NA,"70+",NA,"No","26-30 mph","O: No Injury","White","Male","Passenger Car","No","27AUG2014","Wednesday","Motorist Overtaking Bicyclist",13,"Non-Intersection","August","C: Possible Injury",49620,"Motorist Overtaking - Undetected Bicyclist",2014,"No","No","Daylight","Curve - Grade","NC Route","Dry","Two-Way, Not Divided","None","No Special Feature","Coarse Asphalt",0,0,1,0,0,1,0,"2 lanes",2,0.1,"3464",30000151,"TRILLIUM COVE LANE"
4362,471,"None - Rural Crash","Onslow","Coastal","Commercial","Urban (>70% Developed)","SR 1406","Rural","40 - 45  MPH","Stop Sign","Fog, Smog, Smoke","No",57,"50-59",NA,"No","With Traffic","B: Evident Injury","Travel Lane","White","Male",57,"50-59",NA,"No","6-10 mph","O: No Injury","White","Male","Passenger Car","No","12AUG2014","Tuesday","Bicyclist Failed to Yield - Sign-Controlled Intersection",6,"Intersection","August","B: Evident Injury",22740,"Bicyclist Ride Out - Sign-Controlled Intersection",2014,"Yes","No","Dark - Roadway Not Lighted","Straight - Level","State Secondary Route","Wet","Two-Way, Not Divided","None","Four-Way Intersection","Smooth Asphalt",0,1,0,0,0,1,0,"4 lanes",2,0,"1452",40001406,"24"
4363,456,"None - Rural Crash","Onslow","Coastal","Commercial","Mixed (30% To 70% Developed)","258","Rural","40 - 45  MPH","No Control Present","Clear","No",45,"40-49",NA,"No",NA,"B: Evident Injury","Travel Lane","Black","Male",24,"20-24",NA,"Yes-Alcohol,  impairment suspected","31-35 mph","O: No Injury","Hispanic","Male","Pickup","Yes","18JUL2014","Friday","Motorist Left Turn / Merge",22,"Non-Intersection","July","B: Evident Injury",80040,"Motorist Left Turn - Opposite Direction",2014,"No","No","Dark - Roadway Not Lighted","Straight - Level","US Route","Dry","Two-Way, Not Divided","None","Driveway, Public","Coarse Asphalt",0,0,0,0,1,1,0,"5 lanes",2,0.066,"1239",20000258,"ML RICHLANDS"
4364,467,"None - Rural Crash","Burke","Mountains","Farms, Woods, Pastures","Rural (<30% Developed)","2525","Rural","30 - 35  MPH","No Control Present","Clear","No",11,"11-15",NA,"No","Not Applicable","B: Evident Injury","Driveway / Alley","White","Female",52,"50-59",NA,"No","6-10 mph","O: No Injury","White","Male","Passenger Car","No","26AUG2014","Tuesday","Bicyclist Failed to Yield - Midblock",17,"Non-Intersection","August","B: Evident Injury",63900,"Bicyclist Ride Out - Residential Driveway",2014,"Yes","No","Daylight","Straight - Level","State Secondary Route","Dry","Two-Way, Not Divided","None","Driveway, Private","Coarse Asphalt",0,1,0,0,0,1,0,"2 lanes",2,0.036,"1736",40002525,"1796"
4365,451,"None - Rural Crash","Nash","Coastal","Farms, Woods, Pastures","Rural (<30% Developed)","SR 1134","Rural","50 - 55  MPH","No Control Present","Clear","No",59,"50-59",NA,NA,"With Traffic","K: Killed","Travel Lane","Black","Male",NA,"70+",NA,NA,"31-35 mph","O: No Injury","White","Female","Sport Utility","No","08MAY2014","Thursday","Motorist Overtaking Bicyclist",8,"Non-Intersection","May","K: Killed",31380,"Motorist Overtaking - Other / Unknown",2014,"Yes","No","Daylight","Straight - Level","State Secondary Route","Dry","Two-Way, Not Divided","None","No Special Feature","Coarse Asphalt",0,0,0,1,0,1,0,"2 lanes",2,0.5,"1949",40001134,"1941"
4366,460,"Teachey","Duplin","Coastal","Residential","Mixed (30% To 70% Developed)","US 117","Rural","40 - 45  MPH","No Control Present","Cloudy","No",30,"30-39",NA,"No","With Traffic","B: Evident Injury","Travel Lane","Black","Female",59,"50-59",NA,"No","41-45 mph","O: No Injury","White","Male","Passenger Car","No","03AUG2014","Sunday","Bicyclist Left Turn / Merge",13,"Non-Intersection","August","B: Evident Injury",48600,"Bicyclist Left Turn - Same Direction",2014,"Yes","No","Daylight","Straight - Level","US Route","Wet","Two-Way, Not Divided","None","No Special Feature","Coarse Asphalt",0,1,0,0,0,1,0,"2 lanes",2,0.2,"1150",20000117,"1993"
4367,485,"Charlotte","Mecklenburg","Piedmont","Commercial","Urban (>70% Developed)","ALBEMARLE RD","Urban","40 - 45  MPH","Stop And Go Signal","Clear","No",22,"20-24",NA,"Yes-Alcohol,  impairment suspected","With Traffic","B: Evident Injury","Sidewalk / Crosswalk / Driveway Crossing","Hispanic","Male",29,"25-29",NA,"No","16-20 mph","O: No Injury","Hispanic","Female","Passenger Car","Yes","06SEP2014","Saturday","Motorist Left Turn / Merge",23,"Intersection","September","B: Evident Injury",84480,"Motorist Left Turn - Opposite Direction",2014,"No","No","Dark - Lighted Roadway","Straight - Level","Local Street","Dry","Two-Way, Divided, Unprotected Median","None","No Special Feature","Smooth Asphalt",0,1,0,0,0,1,0,"7 lanes",2,0,"REGAL OAKS DR",30000027,NA
4368,510,"Fayetteville","Cumberland","Coastal","Commercial","Urban (>70% Developed)","HOPE MILLS RD","Urban","40 - 45  MPH","No Control Present","Cloudy","No",32,"30-39",NA,"Yes-Alcohol,  impairment suspected","Facing Traffic","O: No Injury","Travel Lane","Black","Male",NA,NA,NA,"Missing","26-30 mph","Unknown Injury","Unknown/Missing",NA,NA,"Yes","23AUG2014","Saturday","Bicyclist Right Turn / Merge",23,"Non-Intersection","August","O: No Injury",85320,"Bicyclist Right Turn - Opposite Direction",2014,"No","Yes","Dark - Lighted Roadway","Straight - Level","Local Street","Dry","Two-Way, Divided, Unprotected Median","None","No Special Feature","Coarse Asphalt",0,0,0,0,1,1,0,"5 lanes",2,0.032,"N SUMAC CIR",50014398,"S SUMAC CIR"
4369,484,"Conover","Catawba","Piedmont","Residential","Urban (>70% Developed)","INDIAN SPRINGS DR NW","Urban","30 - 35  MPH","Stop Sign","Clear","No",10,"6-10",NA,"No",NA,"B: Evident Injury","Travel Lane","White","Male",26,"25-29",NA,"No","16-20 mph","O: No Injury","Black","Male","Passenger Car","No","06SEP2014","Saturday","Bicyclist Failed to Yield - Sign-Controlled Intersection",12,"Intersection","September","B: Evident Injury",44520,"Bicyclist Ride Through - Sign-Controlled Intersection",2014,"Yes","No","Daylight","Straight - Hillcrest","Local Street","Dry","Two-Way, Not Divided","None","T-Intersection","Smooth Asphalt",0,1,0,0,0,1,0,"2 lanes",2,0,"PAINTED FEATHER LN NW",0,NA
4370,496,"Kitty Hawk","Dare","Coastal","Commercial","Urban (>70% Developed)","CROATAN HWY","Rural","50 - 55  MPH","No Control Present","Cloudy","No",16,"16-19",NA,"No","With Traffic","B: Evident Injury","Travel Lane","White","Male",45,"40-49",NA,"No","41-45 mph","O: No Injury","White","Female","Sport Utility","No","31JUL2014","Thursday","Loss of Control / Turning Error",13,"Intersection-Related","July","B: Evident Injury",48600,"Bicyclist Lost Control - Surface Conditions",2014,"Yes","No","Daylight","Straight - Level","US Route","Dry","Two-Way, Not Divided","Rut, Holes, Bumps","No Special Feature","Coarse Asphalt",0,1,0,0,0,1,0,"5 lanes",2,0.006,"KITTY HAWK RD",20000158,"BEACON DR"
4371,505,"Raleigh","Wake","Piedmont","Commercial","Urban (>70% Developed)","GLENWOOD AVE","Urban","30 - 35  MPH","Stop And Go Signal","Clear","No",19,"16-19",NA,"No","With Traffic","B: Evident Injury","Travel Lane","White","Male",61,"60-69",NA,"No","16-20 mph","O: No Injury","Black","Female","Pickup","No","05SEP2014","Friday","Motorist Left Turn / Merge",18,"Intersection","September","B: Evident Injury",68040,"Motorist Left Turn - Opposite Direction",2014,"Yes","No","Daylight","Straight - Level","Local Street","Dry","Two-Way, Not Divided","None","No Special Feature","Smooth Asphalt",0,1,0,0,0,1,0,"2 lanes",2,0,"HILLSBOROGH ST",50011977,"MORGAN ST"
4372,502,"Concord","Cabarrus","Piedmont","Residential","Urban (>70% Developed)","SUNDERLAND RD","Urban","30 - 35  MPH","No Control Present","Clear","No",22,"20-24",NA,"No","With Traffic","C: Possible Injury","Travel Lane","White","Male",NA,NA,NA,NA,"26-30 mph","Unknown Injury","Unknown/Missing",NA,NA,"No","26JUL2014","Saturday","Head-On",16,"Non-Intersection","July","C: Possible Injury",58620,"Head-On - Motorist",2014,"Yes","Yes","Daylight","Straight - Level","Local Street","Dry","Two-Way, Not Divided","None","No Special Feature","Coarse Asphalt",0,0,1,0,0,1,0,"2 lanes",2,0.01,"JOHNSON ST SW",0,"WARREN C COLEMAN"
4373,491,"None - Rural Crash",NA,"Coastal","Commercial","Urban (>70% Developed)","17","Rural","40 - 45  MPH","No Control Present","Cloudy","No",28,"25-29",NA,"No","Facing Traffic","B: Evident Injury","Travel Lane","Hispanic","Female",43,"40-49",NA,"No","6-10 mph","O: No Injury","White","Male","Pickup","No","23AUG2014","Saturday","Motorist Failed to Yield - Midblock",9,"Non-Intersection","August","B: Evident Injury",33720,"Motorist Drive Out - Commercial Driveway / Alley",2014,"Yes","No","Daylight","Straight - Level","US Route","Dry","Two-Way, Not Divided","None","Driveway, Public","Coarse Asphalt",0,1,0,0,0,1,0,"5 lanes",2,0.06,"1403",29000017,"2717"
4374,483,"Greensboro","Guilford","Piedmont","Residential","Urban (>70% Developed)","COUNTRY CLUB DR","Urban","20 - 25  MPH","Stop Sign","Cloudy","No",51,"50-59",NA,"No","With Traffic","K: Killed","Travel Lane","White","Male",67,"60-69",NA,"No","21-25 mph","C: Possible Injury","White","Male","Passenger Car","No","04SEP2014","Thursday","Motorist Left Turn / Merge",6,"Intersection","September","K: Killed",22620,"Motorist Left Turn - Opposite Direction",2014,"Yes","No","Dawn","Straight - Grade","Local Street","Dry","Two-Way, Not Divided","None","T-Intersection","Smooth Asphalt",0,0,0,1,0,1,0,"2 lanes",2,0,"CARLISLE RD",0,"CARLISLE RD"
4375,1116,"Fayetteville","Cumberland","Coastal","Commercial","Urban (>70% Developed)","WESTLAKE RD","Urban","20 - 25  MPH","Stop And Go Signal","Clear","No",23,"20-24","No",NA,"Facing Traffic","B: Evident Injury","Sidewalk / Crosswalk / Driveway Crossing","Black","Male",37,"30-39","No",NA,"0-5 mph","O: No Injury","White","Female","Passenger Car","No","09MAY2013","Thursday","Bicyclist Failed to Yield - Signalized Intersection",18,"Intersection","May","B: Evident Injury",66660,"Bicyclist Ride Through - Signalized Intersection",2013,"Yes","No","Daylight","Straight - Grade","Local Street","Dry","Two-Way, Not Divided","None","Four-Way Intersection","Coarse Asphalt",0,0,0,0,0,0,0,"5 lanes",2,0,NA,0,NA
4376,1139,"None - Rural Crash","Iredell","Piedmont","Farms, Woods, Pastures","Rural (<30% Developed)","SR 1314","Rural","50 - 55  MPH","Double Yellow Line, No Passing Zone","Clear","No",17,"16-19","No",NA,"With Traffic","C: Possible Injury","Travel Lane","White","Male",NA,NA,"No",NA,"31-35 mph","Unknown Injury","Unknown/Missing",NA,"Pickup","No","26MAY2013","Sunday","Motorist Overtaking Bicyclist",13,"Non-Intersection","May","C: Possible Injury",49140,"Motorist Overtaking - Bicyclist Swerved",2013,"No","Yes","Daylight","Straight - Bottom","State Secondary Route","Dry","Two-Way, Not Divided","None","No Special Feature","Coarse Asphalt",0,0,0,0,0,0,0,"2 lanes",2,0,NA,0,NA
4377,1145,"Wilmington","New Hanover","Coastal","Residential","Urban (>70% Developed)","QUEEN ST","Urban","30 - 35  MPH","Stop Sign","Clear","No",28,"25-29","No",NA,"Facing Traffic","C: Possible Injury","Sidewalk / Crosswalk / Driveway Crossing","Hispanic","Female",50,"50-59","No",NA,"0-5 mph","O: No Injury","Black","Male","Van","No","10MAY2013","Friday","Motorist Failed to Yield - Sign-Controlled Intersection",16,"Intersection","May","C: Possible Injury",58560,"Motorist Drive Out - Sign-Controlled Intersection",2013,"Yes","No","Daylight","Straight - Level","Local Street","Dry","Two-Way, Not Divided","None","No Special Feature","Smooth Asphalt",0,0,0,0,0,0,0,"2 lanes",2,0,NA,0,NA
4378,1121,"Winston-Salem","Forsyth","Piedmont","Residential","Urban (>70% Developed)","NORTHWEST BVD (1500BLK","Urban","30 - 35  MPH","Double Yellow Line, No Passing Zone","Clear","No",24,"20-24","No",NA,"With Traffic","B: Evident Injury","Travel Lane","White","Male",40,"40-49","No",NA,"11-15 mph","O: No Injury","Hispanic","Male","Van","No","10MAY2013","Friday","Motorist Overtaking Bicyclist",7,"Non-Intersection","May","B: Evident Injury",26760,"Motorist Overtaking - Other / Unknown",2013,"Yes","No","Daylight","Straight - Level","Local Street","Dry","Two-Way, Not Divided","None","No Special Feature","Smooth Asphalt",0,0,0,0,0,0,0,"2 lanes",2,0,NA,0,NA
4379,1149,"Durham","Durham","Piedmont","Commercial","Urban (>70% Developed)","RIGSBEE AVE","Urban","20 - 25  MPH","Stop Sign","Clear","No",32,"30-39","No",NA,"With Traffic","B: Evident Injury","Travel Lane","White","Male",51,"50-59","No",NA,"0-5 mph","O: No Injury","Black","Female","Passenger Car","No","28MAY2013","Tuesday","Motorist Failed to Yield - Sign-Controlled Intersection",17,"Intersection","May","B: Evident Injury",63420,"Motorist Drive Out - Sign-Controlled Intersection",2013,"No","No","Daylight","Straight - Grade","Local Street","Dry","Two-Way, Not Divided","None","Four-Way Intersection","Smooth Asphalt",0,0,0,0,0,0,0,"2 lanes",2,0,NA,0,NA
4380,1142,"None - Rural Crash","Wake","Piedmont","Farms, Woods, Pastures","Rural (<30% Developed)","SR 1127","Rural","40 - 45  MPH","Stop Sign","Clear","No",28,"25-29","No",NA,"With Traffic","O: No Injury","Travel Lane","White","Male",28,"25-29","No",NA,"0-5 mph","O: No Injury","White","Male","Sport Utility","No","02JUN2013","Sunday","Loss of Control / Turning Error",10,"Intersection-Related","June","O: No Injury",37740,"Bicyclist Turning Error - Right Turn",2013,"No","No","Daylight","Straight - Level","State Secondary Route","Dry","Two-Way, Not Divided","Rut, Holes, Bumps","No Special Feature","Coarse Asphalt",0,0,0,0,0,0,0,"2 lanes",2,0,NA,0,NA
4381,1131,"None - Rural Crash","Wake","Piedmont","Residential","Rural (<30% Developed)","OAK PARK DR","Rural","5 - 15 MPH","No Control Present","Clear","No",3,"0-5","No",NA,"Not Applicable","C: Possible Injury","Non-Roadway","Hispanic","Male",39,"30-39","No",NA,"6-10 mph","O: No Injury","Black","Male","Passenger Car","No","27MAY2013","Monday","Bicyclist Failed to Yield - Midblock",12,"Non-Intersection","May","C: Possible Injury",44340,"Bicyclist Ride Out - Other Midblock",2013,"Yes","No","Daylight","Straight - Level","Local Street","Dry","Two-Way, Not Divided","None","No Special Feature","Smooth Asphalt",0,0,0,0,0,0,0,"2 lanes",2,0,NA,0,NA
4382,1117,"None - Rural Crash","Gaston","Piedmont","Residential","Mixed (30% To 70% Developed)","NC 279","Rural","40 - 45  MPH","No Control Present","Clear","No",14,"11-15","No",NA,"With Traffic","B: Evident Injury","Travel Lane","Black","Male",25,"25-29","No",NA,"41-45 mph","O: No Injury","White","Female","Pickup","No","21MAY2013","Tuesday","Motorist Overtaking Bicyclist",20,"Non-Intersection","May","B: Evident Injury",74580,"Motorist Overtaking - Bicyclist Swerved",2013,"Yes","No","Dusk","Straight - Grade","NC Route","Dry","Two-Way, Not Divided","None","No Special Feature","Smooth Asphalt",0,0,0,0,0,0,0,"2 lanes",2,0,NA,0,NA
4383,1120,"Cary","Wake","Piedmont","Residential","Urban (>70% Developed)","GALVESTON CT","Urban",NA,"No Control Present","Clear","No",7,"6-10","No",NA,"Not Applicable","B: Evident Injury","Non-Roadway","Hispanic","Female",41,"40-49","No",NA,NA,"O: No Injury","Hispanic","Male","Light Truck (Mini-Van, Panel)","No","08MAY2013","Wednesday","Non-Roadway",19,"Non-Roadway","May","B: Evident Injury",69000,"Non-Roadway",2013,"Yes","No","Daylight","Straight - Level","Public Vehicular Area","Dry","Two-Way, Not Divided","None","No Special Feature","Smooth Asphalt",0,0,0,0,0,0,0,"2 lanes",2,0,NA,0,NA
4384,1118,"Roxboro","Person","Piedmont","Residential","Mixed (30% To 70% Developed)","PINE RIDGE CT","Urban","5 - 15 MPH","Stop Sign","Clear","No",23,"20-24","No",NA,"Not Applicable","C: Possible Injury","Non-Roadway","White","Female",33,"30-39","No",NA,"0-5 mph","O: No Injury","Black","Female","Passenger Car","No","07APR2013","Sunday","Non-Roadway",14,"Non-Roadway","April","C: Possible Injury",52200,"Non-Roadway",2013,"Yes","No","Daylight","Straight - Hillcrest","Local Street","Dry","Two-Way, Not Divided","None","T-Intersection","Smooth Asphalt",0,0,0,0,0,0,0,"2 lanes",2,0,NA,0,NA
4385,1088,"None - Rural Crash","Brunswick","Coastal","Farms, Woods, Pastures","Rural (<30% Developed)","US 17","Rural","50 - 55  MPH","Stop Sign","Clear","No",26,"25-29","No",NA,"With Traffic","C: Possible Injury","Travel Lane","Black","Male",NA,NA,"No",NA,"51-55 mph","Unknown Injury","Unknown/Missing",NA,NA,"No","11MAY2013","Saturday","Bicyclist Failed to Yield - Sign-Controlled Intersection",0,"Intersection","May","C: Possible Injury",60,"Bicyclist Ride Out - Sign-Controlled Intersection",2013,"Yes","Yes","Dark - Roadway Not Lighted","Straight - Level","US Route","Dry","Two-Way, Divided, Unprotected Median","None","T-Intersection","Coarse Asphalt",0,0,0,0,0,0,0,"4 lanes",2,0,NA,0,NA
4386,1055,"None - Rural Crash","Harnett","Coastal","Residential","Rural (<30% Developed)","SR 2485","Rural","20 - 25  MPH","Stop Sign","Clear","No",8,"6-10","No",NA,"With Traffic","A: Disabling Injury","Travel Lane","White","Male",31,"30-39","No",NA,"21-25 mph","O: No Injury","Black","Female","Sport Utility","No","24APR2013","Wednesday","Bicyclist Failed to Yield - Sign-Controlled Intersection",17,"Intersection","April","A: Disabling Injury",61680,"Bicyclist Ride Through - Sign-Controlled Intersection",2013,"Yes","No","Daylight","Straight - Hillcrest","State Secondary Route","Dry","Two-Way, Not Divided","None","T-Intersection","Coarse Asphalt",0,0,0,0,0,0,0,"2 lanes",2,0,NA,0,NA
4387,1062,"Elizabeth City","Pasquotank","Coastal","Residential","Urban (>70% Developed)","HUNTER ST","Urban","20 - 25  MPH","Stop Sign","Clear","No",5,"0-5","No",NA,"With Traffic","B: Evident Injury","Travel Lane","Black","Male",19,"0-19","No",NA,"16-20 mph","O: No Injury","Black","Male","Passenger Car","No","10APR2013","Wednesday","Bicyclist Failed to Yield - Sign-Controlled Intersection",18,"Intersection","April","B: Evident Injury",67200,"Bicyclist Ride Through - Sign-Controlled Intersection",2013,"Yes","No","Daylight","Straight - Level","Local Street","Dry","Two-Way, Not Divided","None","Four-Way Intersection","Smooth Asphalt",0,0,0,0,0,0,0,"2 lanes",2,0,NA,0,NA
4388,1106,"Fayetteville","Cumberland","Coastal","Residential","Urban (>70% Developed)","STONEY POINT RD","Urban","40 - 45  MPH","No Control Present","Clear","No",20,"20-24","No",NA,"With Traffic","C: Possible Injury","Travel Lane","Black","Male",58,"50-59","No",NA,"31-35 mph","O: No Injury","White","Male","Pickup","No","30APR2013","Tuesday","Motorist Overtaking Bicyclist",22,"Non-Intersection","April","C: Possible Injury",81180,"Motorist Overtaking - Undetected Bicyclist",2013,"No","No","Dark - Roadway Not Lighted","Straight - Level","Local Street","Dry","Two-Way, Not Divided","None","No Special Feature","Coarse Asphalt",0,0,0,0,0,0,0,"2 lanes",2,0,NA,0,NA
4389,1105,"Greenville","Pitt","Coastal","Residential","Urban (>70% Developed)","HOWELL ST","Urban","30 - 35  MPH","Stop Sign","Cloudy","No",51,"50-59","No",NA,"Facing Traffic","O: No Injury","Travel Lane","Black","Male",NA,NA,"Missing",NA,"6-10 mph","Unknown Injury","Unknown/Missing",NA,NA,"No","18MAY2013","Saturday","Motorist Failed to Yield - Sign-Controlled Intersection",13,"Intersection","May","O: No Injury",49800,"Motorist Drive Out - Sign-Controlled Intersection",2013,"Yes","Yes","Daylight","Straight - Level","Local Street","Dry","Two-Way, Not Divided","None","T-Intersection","Coarse Asphalt",0,0,0,0,0,0,0,"2 lanes",2,0,NA,0,NA
4390,1083,"None - Rural Crash","Pitt","Coastal","Farms, Woods, Pastures","Rural (<30% Developed)","SR 1200","Rural","50 - 55  MPH","No Control Present","Clear","No",46,"40-49","No",NA,"With Traffic","B: Evident Injury","Travel Lane","White","Male",20,"20-24","No",NA,"51-55 mph","O: No Injury","White","Female","Sport Utility","No","09MAY2013","Thursday","Motorist Overtaking Bicyclist",19,"Non-Intersection","May","B: Evident Injury",71580,"Motorist Overtaking - Misjudged Space",2013,"Yes","No","Daylight","Straight - Level","State Secondary Route","Dry","Two-Way, Not Divided","None","No Special Feature","Coarse Asphalt",0,0,0,0,0,0,0,"2 lanes",2,0,NA,0,NA
4391,1090,"Huntersville","Mecklenburg","Piedmont","Commercial","Urban (>70% Developed)","GILEAD RD","Urban","30 - 35  MPH","No Control Present","Clear","No",38,"30-39","Missing",NA,"With Traffic","B: Evident Injury","Travel Lane","White","Male",59,"50-59","No",NA,"6-10 mph","O: No Injury","White","Male","Passenger Car","No","09MAY2013","Thursday","Motorist Left Turn / Merge",17,"Non-Intersection","May","B: Evident Injury",64320,"Motorist Left Turn - Opposite Direction",2013,"Yes","No","Daylight","Straight - Level","Local Street","Dry","Two-Way, Not Divided","None","Driveway, Public","Smooth Asphalt",0,0,0,0,0,0,0,"4 lanes",2,0,NA,0,NA
4392,1095,"Clayton","Johnston","Coastal","Commercial","Urban (>70% Developed)","BARBERMILL RD","Urban","40 - 45  MPH","No Control Present","Cloudy","No",13,"11-15","No",NA,"Facing Traffic","Unknown Injury","Travel Lane","Black","Male",45,"40-49","No",NA,"41-45 mph","O: No Injury","White","Female","Sport Utility","No","29APR2013","Monday","Parallel Paths - Other Circumstances",19,"Intersection","April","O: No Injury",69660,"Parallel Paths - Other / Unknown",2013,"No","No","Daylight","Straight - Grade","Local Street","Dry","Two-Way, Not Divided","None","T-Intersection","Smooth Asphalt",0,0,0,0,0,0,0,"2 lanes",5,0,NA,0,NA
4393,1101,"Raleigh","Wake","Piedmont","Commercial","Urban (>70% Developed)","OAK FOREST RD","Urban","30 - 35  MPH","Stop Sign","Clear","No",52,"50-59","No",NA,"With Traffic","B: Evident Injury","Travel Lane","Black","Male",49,"40-49","No",NA,"21-25 mph","O: No Injury","White","Male","Pickup","No","24APR2013","Wednesday","Motorist Left Turn / Merge",13,"Intersection","April","B: Evident Injury",46800,"Motorist Left Turn - Opposite Direction",2013,"Yes","No","Daylight","Straight - Level","Local Street","Dry","Two-Way, Not Divided","None","T-Intersection","Smooth Asphalt",0,0,0,0,0,0,0,"2 lanes",2,0,NA,0,NA
4394,1079,"Fayetteville","Cumberland","Coastal","Residential","Urban (>70% Developed)","ROSEHILL RD","Urban","40 - 45  MPH","Stop Sign","Clear","No",40,"40-49","No",NA,"With Traffic","K: Killed","Travel Lane","Black","Male",68,"60-69","No",NA,"36-40 mph","O: No Injury","Black","Female","Passenger Car","No","16APR2013","Tuesday","Head-On",12,"Intersection","April","K: Killed",46440,"Head-On - Motorist",2013,"Yes","No","Daylight","Straight - Level","Local Street","Dry","Two-Way, Not Divided","None","T-Intersection","Coarse Asphalt",0,0,0,0,0,0,0,"4 lanes",2,0,NA,0,NA
4395,1051,"Lumberton","Robeson","Coastal","Commercial","Urban (>70% Developed)","PVA 2680 ROBERTS AVE PVA","Urban","5 - 15 MPH","No Control Present","Clear","No",27,"25-29","No",NA,"Facing Traffic","C: Possible Injury","Sidewalk / Crosswalk / Driveway Crossing","Native American","Male",44,"40-49","No",NA,"0-5 mph","O: No Injury","Native American","Female","Sport Utility","No","30APR2013","Tuesday","Motorist Failed to Yield - Midblock",9,"Non-Intersection","April","C: Possible Injury",35340,"Motorist Drive Out - Commercial Driveway / Alley",2013,"Yes","No","Daylight","Straight - Level","Public Vehicular Area","Dry",NA,"None","Driveway, Public","Coarse Asphalt",0,0,0,0,0,0,0,NA,2,0,NA,0,NA