"...1","object_id","city","county","region","development","locality","on_road","rural_urban","speed_limit","traffic_control","weather","workzone","bike_age","bike_age_group","bike_alcohol","bike_alcohol_drugs","bike_direction","bike_injury","bike_position","bike_race","bike_sex","driver_age","driver_age_group","driver_alcohol","driver_alcohol_drugs","driver_est_speed","driver_injury","driver_race","driver_sex","driver_vehicle_type","crash_alcohol","crash_date","crash_day","crash_group","crash_hour","crash_location","crash_month","crash_severity","crash_time","crash_type","crash_year","ambulance_req","hit_run","light_condition","road_character","road_class","road_condition","road_configuration","road_defects","road_feature","road_surface","num_bikes_ai","num_bikes_bi","num_bikes_ci","num_bikes_ki","num_bikes_no","num_bikes_to","num_bikes_ui","num_lanes","num_units","distance_mi_from","frm_road","rte_invd_cd","towrd_road"
4396,1046,"Gastonia","Gaston","Piedmont","Residential","Urban (>70% Developed)","S TRENTON ST","Urban","30 - 35  MPH","Stop Sign","Clear","No",16,"16-19","No",NA,"Facing Traffic","C: Possible Injury","Travel Lane","Black","Male",23,"20-24","No",NA,"0-5 mph","O: No Injury","Hispanic","Female","Passenger Car","No","17APR2013","Wednesday","Motorist Failed to Yield - Sign-Controlled Intersection",15,"Intersection","April","C: Possible Injury",55560,"Motorist Drive Out - Sign-Controlled Intersection",2013,"Yes","No","Daylight","Straight - Grade","Local Street","Dry","Two-Way, Not Divided","None","Four-Way Intersection","Smooth Asphalt",0,0,0,0,0,0,0,"2 lanes",2,0,NA,0,NA
4397,1047,"Raleigh","Wake","Piedmont","Commercial","Urban (>70% Developed)","HARRINGTON ST","Urban","30 - 35  MPH","Stop Sign","Clear","No",26,"25-29","No",NA,"With Traffic","C: Possible Injury","Travel Lane","White","Male",21,"20-24","No",NA,"6-10 mph","O: No Injury","Black","Female","Passenger Car","No","27APR2013","Saturday","Motorist Failed to Yield - Sign-Controlled Intersection",2,"Intersection","April","C: Possible Injury",8880,"Motorist Drive Out - Sign-Controlled Intersection",2013,"No","No","Dark - Lighted Roadway","Straight - Level","Local Street","Dry","Two-Way, Not Divided","None","Four-Way Intersection","Smooth Asphalt",0,0,0,0,0,0,0,"4 lanes",2,0,NA,0,NA
4398,1041,"Boone","Watauga","Mountains","Commercial","Urban (>70% Developed)","HIGHLAND AVE","Urban","20 - 25  MPH","Stop Sign","Cloudy","No",20,"20-24","No",NA,"With Traffic","O: No Injury","Travel Lane","White","Male",23,"20-24","No",NA,"0-5 mph","O: No Injury","White","Male","Passenger Car","No","14APR2013","Sunday","Bicyclist Failed to Yield - Sign-Controlled Intersection",19,"Intersection","April","O: No Injury",70140,"Bicyclist Ride Through - Sign-Controlled Intersection",2013,"No","No","Daylight","Straight - Level","Local Street","Dry","Two-Way, Not Divided","None","No Special Feature","Smooth Asphalt",0,0,0,0,0,0,0,"2 lanes",2,0,NA,0,NA
4399,1040,"Wilmington","New Hanover","Coastal","Commercial","Urban (>70% Developed)","NEW CENTRE DR","Urban","30 - 35  MPH","No Control Present","Clear","No",19,"16-19","No",NA,"With Traffic","B: Evident Injury","Travel Lane","White","Male",38,"30-39","No",NA,"26-30 mph","O: No Injury","Black","Male","Passenger Car","No","11APR2013","Thursday","Motorist Overtaking Bicyclist",13,"Non-Intersection","April","B: Evident Injury",47220,"Motorist Overtaking - Other / Unknown",2013,"Yes","No","Daylight","Straight - Level","Local Street","Dry","Two-Way, Not Divided","None","No Special Feature","Smooth Asphalt",0,0,0,0,0,0,0,"3 lanes",2,0,NA,0,NA
4400,1028,"Reidsville","Rockingham","Piedmont","Residential","Urban (>70% Developed)","BARNES ST","Urban","40 - 45  MPH","Double Yellow Line, No Passing Zone","Clear","No",50,"50-59","No",NA,"With Traffic","K: Killed","Travel Lane","Black","Male",39,"30-39","No",NA,"41-45 mph","O: No Injury","White","Male","Passenger Car","No","22MAR2013","Friday","Motorist Overtaking Bicyclist",14,"Non-Intersection","March","K: Killed",50400,"Motorist Overtaking - Other / Unknown",2013,"Yes","No","Daylight","Straight - Level","Local Street","Dry","Two-Way, Not Divided","None","No Special Feature","Smooth Asphalt",0,0,0,0,0,0,0,"2 lanes",2,0,NA,0,NA
4401,5530,"Spencer","Rowan","Piedmont","Commercial","Mixed (30% To 70% Developed)",NA,"Rural",NA,"Missing","Clear","No",51,"50-59","Yes",NA,"With Traffic","C: Possible Injury","Bike Lane / Paved Shoulder","Black","Male",69,"60-69","No",NA,NA,"O: No Injury","White","Female","Passenger Car","Yes","02FEB2008","Saturday","Motorist Failed to Yield - Midblock",12,"Non-Intersection","February","C: Possible Injury",44340,"Motorist Drive Out - Commercial Driveway / Alley",2008,"No","No","Daylight","Straight - Level","Public Vehicular Area","Dry","Two-Way, Not Divided","None","Driveway, Public","Smooth Asphalt",0,0,0,0,0,0,0,"4 lanes",2,0,NA,0,NA
4402,5551,"Charlotte","Mecklenburg","Piedmont","Residential","Urban (>70% Developed)",NA,"Urban","20 - 25  MPH","Stop Sign","Clear","No",31,"30-39","No",NA,"Facing Traffic","O: No Injury","Sidewalk / Crosswalk / Driveway Crossing","White","Male",41,"40-49","No",NA,"6-10 mph","O: No Injury","White","Male","Passenger Car","No","22APR2008","Tuesday","Motorist Failed to Yield - Sign-Controlled Intersection",20,"Intersection","April","O: No Injury",73260,"Motorist Drive Out - Sign-Controlled Intersection",2008,"No","No","Dark - Lighted Roadway","Straight - Level","Local Street","Dry","Two-Way, Not Divided","None","Four-Way Intersection","Smooth Asphalt",0,0,0,0,0,0,0,"3 lanes",2,0,NA,0,NA
4403,5552,"Charlotte","Mecklenburg","Piedmont","Commercial","Mixed (30% To 70% Developed)",NA,"Urban","40 - 45  MPH","Stop And Go Signal","Cloudy","No",40,"40-49","No",NA,"Facing Traffic","C: Possible Injury","Sidewalk / Crosswalk / Driveway Crossing","White","Male",40,"40-49","No",NA,"6-10 mph","Unknown Injury","Unknown/Missing",NA,"Sport Utility","No","22APR2008","Tuesday","Crossing Paths - Other Circumstances",20,"Intersection","April","C: Possible Injury",74280,"Signalized Intersection - Other / Unknown",2008,"Yes","Yes","Dark - Lighted Roadway","Straight - Level","Local Street","Dry","Two-Way, Divided, Positive Median Barrier","None","Four-Way Intersection","Coarse Asphalt",0,0,0,0,0,0,0,"5 lanes",2,0,NA,0,NA
4404,5553,"None - Rural Crash","Pitt","Coastal","Residential","Mixed (30% To 70% Developed)",NA,"Rural","40 - 45  MPH","Double Yellow Line, No Passing Zone","Cloudy","No",30,"30-39","Yes",NA,"With Traffic","C: Possible Injury","Travel Lane","White","Male",NA,NA,"Missing",NA,NA,"Unknown Injury","Unknown/Missing",NA,NA,"Yes","22APR2008","Tuesday","Motorist Overtaking Bicyclist",21,"Non-Intersection","April","C: Possible Injury",78000,"Motorist Overtaking - Other / Unknown",2008,"Yes","Yes","Dark - Roadway Not Lighted","Straight - Level","State Secondary Route","Dry","Two-Way, Not Divided","None","No Special Feature","Smooth Asphalt",0,0,0,0,0,0,0,"2 lanes",2,0,NA,0,NA
4405,5555,"Kings Mountain","Cleveland","Mountains","Commercial","Urban (>70% Developed)",NA,"Urban","30 - 35  MPH","No Control Present","Clear","No",19,"16-19","No",NA,"Facing Traffic","C: Possible Injury","Sidewalk / Crosswalk / Driveway Crossing","White","Male",49,"40-49","No",NA,"0-5 mph","O: No Injury","White","Male","Sport Utility","No","15FEB2008","Friday","Motorist Left Turn / Merge",17,"Non-Intersection","February","C: Possible Injury",61320,"Motorist Left Turn - Same Direction",2008,"No","No","Daylight","Straight - Grade","Local Street","Dry","One-Way, Not Divided","None","Driveway, Public","Smooth Asphalt",0,0,0,0,0,0,0,NA,2,0,NA,0,NA
4406,5556,"None - Rural Crash","Brunswick","Coastal","Commercial","Mixed (30% To 70% Developed)",NA,"Rural","50 - 55  MPH","Double Yellow Line, No Passing Zone","Clear","No",29,"25-29","No",NA,"With Traffic","A: Disabling Injury","Travel Lane","White","Male",48,"40-49","No",NA,"41-45 mph","O: No Injury","White","Male","Pickup","No","24APR2008","Thursday","Motorist Overtaking Bicyclist",16,"Non-Intersection","April","A: Disabling Injury",59340,"Motorist Overtaking - Misjudged Space",2008,"Yes","No","Daylight","Straight - Level","NC Route","Dry","Two-Way, Not Divided","None","No Special Feature","Smooth Asphalt",0,0,0,0,0,0,0,"2 lanes",2,0,NA,0,NA
4407,5564,"Graham","Alamance","Piedmont","Commercial","Urban (>70% Developed)",NA,"Urban","30 - 35  MPH","Stop And Go Signal","Clear","No",NA,"70+","No",NA,"Facing Traffic","B: Evident Injury","Travel Lane","White","Male",28,"25-29","No",NA,"0-5 mph","O: No Injury","White","Female","Sport Utility","No","18FEB2008","Monday","Motorist Failed to Yield - Signalized Intersection",12,"Intersection","February","B: Evident Injury",45300,"Motorist Drive Out - Signalized Intersection",2008,"Yes","No","Daylight","Straight - Grade","NC Route","Dry","Two-Way, Not Divided","None","On or Off Ramp","Smooth Asphalt",0,0,0,0,0,0,0,"5 lanes",2,0,NA,0,NA
4408,5576,"None - Rural Crash","Pender","Coastal","Residential","Rural (<30% Developed)",NA,"Rural","40 - 45  MPH","No Control Present","Clear","No",14,"11-15","No",NA,"With Traffic","C: Possible Injury","Travel Lane","White","Female",NA,"70+","No",NA,"31-35 mph","O: No Injury","White","Male","Passenger Car","No","17FEB2008","Sunday","Motorist Overtaking Bicyclist",11,"Non-Intersection","February","C: Possible Injury",41400,"Motorist Overtaking - Misjudged Space",2008,"Yes","No","Daylight","Straight - Level","State Secondary Route","Dry","Two-Way, Not Divided","None","No Special Feature","Smooth Asphalt",0,0,0,0,0,0,0,"2 lanes",2,0,NA,0,NA
4409,5580,"Jacksonville","Onslow","Coastal","Commercial","Urban (>70% Developed)",NA,"Urban","30 - 35  MPH","No Control Present","Clear","No",23,"20-24","No",NA,"Not Applicable","C: Possible Injury","Non-Roadway","Black","Male",47,"40-49","No",NA,"31-35 mph","O: No Injury","White","Female","Sport Utility","No","27FEB2008","Wednesday","Bicyclist Failed to Yield - Midblock",16,"Non-Intersection","February","C: Possible Injury",61140,"Bicyclist Ride Out - Other Midblock",2008,"Yes","No","Daylight","Straight - Level","Local Street","Dry","Two-Way, Divided, Unprotected Median","None","No Special Feature","Smooth Asphalt",0,0,0,0,0,0,0,"4 lanes",2,0,NA,0,NA
4410,5588,"Burlington","Alamance","Piedmont","Residential","Urban (>70% Developed)",NA,"Urban","5 - 15 MPH","No Control Present","Clear","No",9,"6-10","No",NA,"Not Applicable","B: Evident Injury","Non-Roadway","Black","Male",43,"40-49","No",NA,"0-5 mph","O: No Injury","Black","Male","Passenger Car","No","03MAR2008","Monday","Non-Roadway",16,"Non-Roadway","March","B: Evident Injury",58800,"Non-Roadway",2008,"No","No","Daylight","Straight - Level","Public Vehicular Area","Dry","Two-Way, Not Divided","None","Driveway, Public","Coarse Asphalt",0,0,0,0,0,0,0,NA,2,0,NA,0,NA
4411,5589,"Cary","Wake","Piedmont","Residential","Urban (>70% Developed)",NA,"Urban","5 - 15 MPH","No Control Present","Clear","No",9,"6-10","No",NA,"Not Applicable","C: Possible Injury","Non-Roadway","Asian","Male",NA,NA,"Missing",NA,"0-5 mph","Unknown Injury","Unknown/Missing",NA,"Passenger Car","No","03MAY2008","Saturday","Non-Roadway",17,"Non-Roadway","May","C: Possible Injury",61200,"Non-Roadway",2008,"No","No","Daylight","Curve - Grade","Local Street","Dry","Two-Way, Not Divided","None","No Special Feature","Smooth Asphalt",0,0,0,0,0,0,0,"2 lanes",2,0,NA,0,NA
4412,5600,"High Point","Guilford","Piedmont","Residential","Urban (>70% Developed)",NA,"Urban",NA,"Missing","Clear","No",65,"60-69","No",NA,"Not Applicable","B: Evident Injury","Non-Roadway","Black","Male",45,"40-49","No",NA,"0-5 mph","O: No Injury","White","Male","Van","No","06MAR2008","Thursday","Non-Roadway",13,"Non-Roadway","March","B: Evident Injury",47280,"Non-Roadway",2008,"Yes","No","Daylight","Straight - Level","Public Vehicular Area","Dry","One-Way, Not Divided","None","Driveway, Public","Coarse Asphalt",0,0,0,0,0,0,0,NA,2,0,NA,0,NA
4413,5605,"None - Rural Crash","Wilson","Coastal","Residential","Mixed (30% To 70% Developed)",NA,"Rural","20 - 25  MPH","Stop Sign","Cloudy","No",14,"11-15","No",NA,"With Traffic","B: Evident Injury","Travel Lane","Black","Male",20,"20-24","No",NA,"6-10 mph","O: No Injury","Black","Male","Passenger Car","No","09MAR2008","Sunday","Loss of Control / Turning Error",18,"Intersection","March","B: Evident Injury",66600,"Bicyclist Turning Error - Left Turn",2008,"Yes","No","Daylight","Straight - Level","State Secondary Route","Dry","Two-Way, Not Divided","None","T-Intersection","Coarse Asphalt",0,0,0,0,0,0,0,"2 lanes",2,0,NA,0,NA
4414,5614,"Charlotte","Mecklenburg","Piedmont","Residential","Urban (>70% Developed)",NA,"Urban","20 - 25  MPH","No Control Present","Clear","No",13,"11-15","No",NA,"Not Applicable","B: Evident Injury","Non-Roadway","Hispanic","Male",21,"20-24","No",NA,"36-40 mph","O: No Injury","Black","Female","Passenger Car","No","07MAY2008","Wednesday","Bicyclist Failed to Yield - Midblock",17,"Non-Intersection","May","B: Evident Injury",62880,"Bicyclist Ride Out - Other Midblock",2008,"Yes","No","Daylight","Straight - Hillcrest","Local Street","Dry","Two-Way, Not Divided","None","No Special Feature","Smooth Asphalt",0,0,0,0,0,0,0,"2 lanes",2,0,NA,0,NA
4415,5616,"Charlotte","Mecklenburg","Piedmont","Residential","Urban (>70% Developed)",NA,"Urban","20 - 25  MPH","Stop Sign","Clear","No",30,"30-39","No",NA,"Facing Traffic","C: Possible Injury","Sidewalk / Crosswalk / Driveway Crossing","Black","Male",42,"40-49","No",NA,"0-5 mph","O: No Injury","White","Female","Van","No","10MAY2008","Saturday","Motorist Failed to Yield - Sign-Controlled Intersection",11,"Intersection","May","C: Possible Injury",42840,"Motorist Drive Out - Sign-Controlled Intersection",2008,"Yes","No","Daylight","Straight - Level","Local Street","Dry","Two-Way, Divided, Unprotected Median","None","T-Intersection","Smooth Asphalt",0,0,0,0,0,0,0,"4 lanes",2,0,NA,0,NA
4416,5620,"Raleigh","Wake","Piedmont","Commercial","Urban (>70% Developed)",NA,"Urban","40 - 45  MPH","Stop And Go Signal","Clear","No",24,"20-24","No",NA,"Facing Traffic","B: Evident Injury","Sidewalk / Crosswalk / Driveway Crossing","White","Male",48,"40-49","No",NA,"41-45 mph","B: Evident Injury","White","Male","Passenger Car","No","14MAR2008","Friday","Crossing Paths - Other Circumstances",18,"Intersection","March","B: Evident Injury",66000,"Signalized Intersection - Other / Unknown",2008,"Yes","No","Daylight","Straight - Level","Local Street","Dry","Two-Way, Not Divided","None","Four-Way Intersection","Smooth Asphalt",0,0,0,0,0,0,0,"4 lanes",2,0,NA,0,NA
4417,5623,"Huntersville","Mecklenburg","Piedmont","Residential","Rural (<30% Developed)",NA,"Urban","40 - 45  MPH","Double Yellow Line, No Passing Zone","Cloudy","No",25,"25-29","No",NA,"With Traffic","C: Possible Injury","Travel Lane","Black","Male",NA,NA,"Missing",NA,"41-45 mph","Unknown Injury","Unknown/Missing",NA,NA,"No","16MAR2008","Sunday","Motorist Overtaking Bicyclist",6,"Non-Intersection","March","C: Possible Injury",22800,"Motorist Overtaking - Undetected Bicyclist",2008,"Yes","Yes","Dark - Roadway Not Lighted","Curve - Level","Local Street","Wet","Two-Way, Divided, Unprotected Median","No Shoulders","No Special Feature","Smooth Asphalt",0,0,0,0,0,0,0,"2 lanes",2,0,NA,0,NA
4418,5628,"None - Rural Crash","New Hanover","Coastal","Institutional","Urban (>70% Developed)",NA,"Rural","30 - 35  MPH","No Control Present","Clear","No",7,"6-10","No",NA,"Not Applicable","C: Possible Injury","Sidewalk / Crosswalk / Driveway Crossing","Hispanic","Female",29,"25-29","No",NA,"0-5 mph","O: No Injury","Native American","Female","Sport Utility","No","19MAR2008","Wednesday","Bicyclist Failed to Yield - Midblock",7,"Non-Intersection","March","C: Possible Injury",27300,"Bicyclist Ride Out - Other Midblock",2008,"Yes","No","Daylight","Straight - Level","State Secondary Route","Dry","Two-Way, Not Divided","None","Other","Smooth Asphalt",0,0,0,0,0,0,0,"2 lanes",2,0,NA,0,NA
4419,5633,"Pine Knoll Shores","Carteret","Coastal","Commercial","Urban (>70% Developed)",NA,"Rural",NA,"Yield Sign","Clear","No",55,"50-59","No",NA,"With Traffic","C: Possible Injury","Bike Lane / Paved Shoulder","White","Male",30,"30-39","No",NA,NA,"O: No Injury","White","Female","Passenger Car","No","21MAR2008","Friday","Motorist Failed to Yield - Midblock",19,"Non-Intersection","March","C: Possible Injury",69300,"Motorist Drive Out - Commercial Driveway / Alley",2008,"No","No","Dusk","Straight - Level","NC Route","Dry","Two-Way, Not Divided","None","Driveway, Private","Smooth Asphalt",0,0,0,0,0,0,0,"2 lanes",2,0,NA,0,NA
4420,5650,"Raleigh","Wake","Piedmont","Commercial","Urban (>70% Developed)",NA,"Urban","30 - 35  MPH","No Control Present","Clear","No",22,"20-24","No",NA,"Facing Traffic","B: Evident Injury","Sidewalk / Crosswalk / Driveway Crossing","White","Male",26,"25-29","No",NA,NA,"O: No Injury","White","Male","Pickup","No","28MAR2008","Friday","Motorist Failed to Yield - Midblock",16,"Non-Intersection","March","B: Evident Injury",60960,"Motorist Drive Out - Commercial Driveway / Alley",2008,"Yes","No","Daylight","Straight - Grade","Local Street","Dry","Two-Way, Divided, Unprotected Median","None","No Special Feature","Smooth Asphalt",0,0,0,0,0,0,0,"2 lanes",2,0,NA,0,NA
4421,5656,"Laurinburg","Scotland","Coastal","Residential","Urban (>70% Developed)",NA,"Urban","30 - 35  MPH","Flashing Signal With Stop Sign","Clear","No",49,"40-49","Yes",NA,"With Traffic","Unknown Injury","Travel Lane","Native American","Male",35,"30-39","No",NA,"26-30 mph","O: No Injury","Black","Female","Passenger Car","Yes","01APR2008","Tuesday","Bicyclist Failed to Yield - Signalized Intersection",22,"Intersection","April","O: No Injury",82560,"Bicyclist Ride Through - Signalized Intersection",2008,"Yes","No","Dark - Lighted Roadway","Straight - Level","US Route","Dry","Two-Way, Not Divided",NA,"No Special Feature","Smooth Asphalt",0,0,0,0,0,0,0,"2 lanes",2,0,NA,0,NA
4422,5660,"Raleigh","Wake","Piedmont","Commercial","Urban (>70% Developed)",NA,"Urban","5 - 15 MPH","Stop Sign","Clear","No",29,"25-29","No",NA,"With Traffic","C: Possible Injury","Sidewalk / Crosswalk / Driveway Crossing","Unknown/Missing","Male",27,"25-29","No",NA,"0-5 mph","O: No Injury","Unknown/Missing","Female","Passenger Car","No","03APR2008","Thursday","Motorist Failed to Yield - Sign-Controlled Intersection",8,"Intersection","April","C: Possible Injury",31200,"Motorist Drive Out - Sign-Controlled Intersection",2008,"No","No","Daylight","Straight - Hillcrest","Local Street","Dry","One-Way, Not Divided","None","No Special Feature","Coarse Asphalt",0,0,0,0,0,0,0,NA,2,0,NA,0,NA
4423,5662,"Oak Island","Brunswick","Coastal","Residential","Urban (>70% Developed)",NA,"Urban","30 - 35  MPH","Stop Sign","Clear","No",9,"6-10","Yes",NA,"With Traffic","C: Possible Injury","Travel Lane","White","Male",55,"50-59","No",NA,"31-35 mph","O: No Injury","White","Male","Pickup","Yes","16APR2008","Wednesday","Bicyclist Failed to Yield - Sign-Controlled Intersection",18,"Intersection","April","C: Possible Injury",64800,"Bicyclist Ride Out - Sign-Controlled Intersection",2008,"Yes","No","Daylight","Straight - Level","Local Street","Dry","Two-Way, Not Divided","None","No Special Feature","Smooth Asphalt",0,0,0,0,0,0,0,"2 lanes",2,0,NA,0,NA
4424,5664,"Rocky Mount","Nash","Coastal","Commercial","Urban (>70% Developed)",NA,"Urban","30 - 35  MPH","No Control Present","Clear","No",10,"6-10","No",NA,"With Traffic","Unknown Injury","Travel Lane","Unknown/Missing",NA,25,"25-29","No",NA,"16-20 mph","O: No Injury","Black","Female","Passenger Car","No","09APR2008","Wednesday","Loss of Control / Turning Error",16,"Intersection","April","O: No Injury",60420,"Bicyclist Lost Control - Mechanical Problems",2008,"No","No","Daylight","Straight - Level","Local Street","Dry","Two-Way, Not Divided","None","No Special Feature","Coarse Asphalt",0,0,0,0,0,0,0,"2 lanes",2,0,NA,0,NA
4425,5667,"Charlotte","Mecklenburg","Piedmont","Commercial","Urban (>70% Developed)",NA,"Urban","30 - 35  MPH","Stop And Go Signal","Clear","No",16,"16-19","No",NA,NA,"B: Evident Injury","Travel Lane","White","Male",25,"25-29","No",NA,"21-25 mph","O: No Injury","Black","Female","Passenger Car","No","23MAY2008","Friday","Bicyclist Failed to Yield - Midblock",15,"Non-Intersection","May","B: Evident Injury",56760,"Multiple Threat - Midblock",2008,"Yes","No","Daylight","Straight - Level","Local Street","Dry","Two-Way, Divided, Unprotected Median","None","No Special Feature","Smooth Asphalt",0,0,0,0,0,0,0,"4 lanes",2,0,NA,0,NA
4426,5668,"Sharpsburg","Nash","Coastal","Commercial","Urban (>70% Developed)",NA,"Rural","40 - 45  MPH","No Control Present","Cloudy","No",34,"30-39","Yes",NA,"Not Applicable","A: Disabling Injury","Non-Roadway","Black","Male",39,"30-39","No",NA,"36-40 mph","O: No Injury","Black","Male","Passenger Car","Yes","05APR2008","Saturday","Bicyclist Failed to Yield - Midblock",18,"Non-Intersection","April","A: Disabling Injury",67140,"Bicyclist Ride Out - Other Midblock",2008,"Yes","No","Daylight","Straight - Level","US Route","Wet","Two-Way, Not Divided","None","No Special Feature","Smooth Asphalt",0,0,0,0,0,0,0,"5 lanes",2,0,NA,0,NA
4427,5669,"None - Rural Crash","Pitt","Coastal","Residential","Mixed (30% To 70% Developed)",NA,"Rural","40 - 45  MPH","Missing","Clear","No",30,"30-39","No",NA,"With Traffic","B: Evident Injury","Travel Lane","White","Male",NA,NA,"Missing",NA,"36-40 mph","Unknown Injury","Unknown/Missing",NA,NA,"No","08APR2008","Tuesday","Motorist Overtaking Bicyclist",21,"Non-Intersection","April","B: Evident Injury",76440,"Motorist Overtaking - Misjudged Space",2008,"No","Yes","Dark - Roadway Not Lighted","Straight - Level","State Secondary Route","Dry","Two-Way, Not Divided","None","No Special Feature","Smooth Asphalt",0,0,0,0,0,0,0,"2 lanes",2,0,NA,0,NA
4428,5676,"None - Rural Crash","Robeson","Coastal","Farms, Woods, Pastures","Rural (<30% Developed)",NA,"Rural","40 - 45  MPH","No Control Present","Clear","No",52,"50-59","No",NA,"With Traffic","C: Possible Injury","Travel Lane","Native American","Male",24,"20-24","No",NA,"41-45 mph","O: No Injury","Black","Male","Pickup","No","11APR2008","Friday","Motorist Overtaking Bicyclist",15,"Non-Intersection","April","C: Possible Injury",57000,"Motorist Overtaking - Bicyclist Swerved",2008,"Yes","No","Daylight","Straight - Level","State Secondary Route","Dry","Two-Way, Not Divided","None","No Special Feature","Smooth Asphalt",0,0,0,0,0,0,0,"2 lanes",2,0,NA,0,NA
4429,5682,"Charlotte","Mecklenburg","Piedmont","Residential","Urban (>70% Developed)",NA,"Urban","30 - 35  MPH","Stop Sign","Clear","No",53,"50-59","Yes",NA,"With Traffic","A: Disabling Injury","Travel Lane","Black","Male",26,"25-29","No",NA,"41-45 mph","O: No Injury","Black","Female","Passenger Car","Yes","31MAY2008","Saturday","Bicyclist Failed to Yield - Sign-Controlled Intersection",19,"Intersection","May","A: Disabling Injury",69840,"Bicyclist Ride Through - Sign-Controlled Intersection",2008,"Yes","No","Daylight","Straight - Bottom","Local Street","Dry","Two-Way, Not Divided","None","T-Intersection","Coarse Asphalt",0,0,0,0,0,0,0,"2 lanes",3,0,NA,0,NA
4430,5685,"None - Rural Crash","Catawba","Piedmont","Farms, Woods, Pastures","Rural (<30% Developed)",NA,"Rural","50 - 55  MPH","No Control Present","Rain","No",35,"30-39","No",NA,"With Traffic","B: Evident Injury","Travel Lane","White","Male",53,"50-59","No",NA,"41-45 mph","O: No Injury","White","Male","Pickup","No","28MAY2008","Wednesday","Bicyclist Left Turn / Merge",13,"Non-Intersection","May","B: Evident Injury",48120,"Bicyclist Left Turn - Same Direction",2008,"Yes","No","Daylight","Straight - Grade","US Route","Water (Standing, Moving)","Two-Way, Not Divided","None","No Special Feature","Smooth Asphalt",0,0,0,0,0,0,0,"2 lanes",2,0,NA,0,NA
4431,5698,"Raleigh","Wake","Piedmont","Residential","Mixed (30% To 70% Developed)",NA,"Urban","20 - 25  MPH","Stop Sign","Clear","No",15,"11-15","No",NA,"Facing Traffic","O: No Injury","Sidewalk / Crosswalk / Driveway Crossing","Black","Male",29,"25-29","No",NA,"0-5 mph","O: No Injury","White","Female","Sport Utility","No","31MAY2008","Saturday","Motorist Failed to Yield - Sign-Controlled Intersection",11,"Intersection","May","O: No Injury",42840,"Motorist Drive Out - Sign-Controlled Intersection",2008,"No","No","Daylight","Straight - Level","Private Road, Driveway","Dry","Two-Way, Not Divided","None","Driveway, Private","Coarse Asphalt",0,0,0,0,0,0,0,"2 lanes",2,0,NA,0,NA
4432,5704,"Cary","Wake","Piedmont","Residential","Urban (>70% Developed)",NA,"Urban","20 - 25  MPH","Stop Sign","Clear","No",18,"16-19","No",NA,"Facing Traffic","B: Evident Injury","Sidewalk / Crosswalk / Driveway Crossing","White","Male",47,"40-49","No",NA,"6-10 mph","O: No Injury","White","Female","Passenger Car","No","03JUN2008","Tuesday","Motorist Failed to Yield - Sign-Controlled Intersection",13,"Intersection","June","B: Evident Injury",47940,"Motorist Drive Out - Sign-Controlled Intersection",2008,"Yes","No","Daylight","Straight - Level","Local Street","Dry","Two-Way, Not Divided","None","T-Intersection","Smooth Asphalt",0,0,0,0,0,0,0,"2 lanes",2,0,NA,0,NA
4433,5705,"Raleigh","Wake","Piedmont","Commercial","Urban (>70% Developed)",NA,"Urban","40 - 45  MPH","No Control Present","Clear","No",54,"50-59","No",NA,"With Traffic","B: Evident Injury","Travel Lane","Black","Male",49,"40-49","No",NA,"41-45 mph","O: No Injury","White","Female","Passenger Car","No","30APR2008","Wednesday","Bicyclist Failed to Yield - Sign-Controlled Intersection",17,"Intersection","April","B: Evident Injury",62100,"Bicyclist Ride Out - Sign-Controlled Intersection",2008,"Yes","No","Daylight","Straight - Level","Local Street","Dry","Two-Way, Not Divided","None","No Special Feature","Smooth Asphalt",0,0,0,0,0,0,0,"6 lanes",2,0,NA,0,NA
4434,5706,"Enfield","Halifax","Coastal","Residential","Urban (>70% Developed)",NA,"Rural","20 - 25  MPH","Stop Sign","Clear","No",6,"6-10","No",NA,"With Traffic","B: Evident Injury","Travel Lane","Black","Male",24,"20-24","No",NA,"21-25 mph","O: No Injury","Black","Male","Passenger Car","No","19APR2008","Saturday","Bicyclist Failed to Yield - Sign-Controlled Intersection",16,"Intersection","April","B: Evident Injury",59520,"Bicyclist Ride Through - Sign-Controlled Intersection",2008,"Yes","No","Daylight","Curve - Grade","Local Street","Dry","Two-Way, Not Divided","None","No Special Feature","Smooth Asphalt",0,0,0,0,0,0,0,"2 lanes",2,0,NA,0,NA
4435,5714,"None - Rural Crash","Durham","Piedmont","Farms, Woods, Pastures","Rural (<30% Developed)",NA,"Rural",NA,"Stop Sign","Clear","No",49,"40-49","No",NA,"With Traffic","B: Evident Injury","Travel Lane","White","Male",40,"40-49","No",NA,NA,"O: No Injury","White","Female","Passenger Car","No","24APR2008","Thursday","Motorist Failed to Yield - Sign-Controlled Intersection",17,"Intersection","April","B: Evident Injury",62700,"Motorist Drive Out - Sign-Controlled Intersection",2008,"No","No","Daylight","Curve - Bottom","State Secondary Route","Dry","Two-Way, Not Divided","None","Four-Way Intersection","Smooth Asphalt",0,0,0,0,0,0,0,"2 lanes",2,0,NA,0,NA