"...1","object_id","city","county","region","development","locality","on_road","rural_urban","speed_limit","traffic_control","weather","workzone","bike_age","bike_age_group","bike_alcohol","bike_alcohol_drugs","bike_direction","bike_injury","bike_position","bike_race","bike_sex","driver_age","driver_age_group","driver_alcohol","driver_alcohol_drugs","driver_est_speed","driver_injury","driver_race","driver_sex","driver_vehicle_type","crash_alcohol","crash_date","crash_day","crash_group","crash_hour","crash_location","crash_month","crash_severity","crash_time","crash_type","crash_year","ambulance_req","hit_run","light_condition","road_character","road_class","road_condition","road_configuration","road_defects","road_feature","road_surface","num_bikes_ai","num_bikes_bi","num_bikes_ci","num_bikes_ki","num_bikes_no","num_bikes_to","num_bikes_ui","num_lanes","num_units","distance_mi_from","frm_road","rte_invd_cd","towrd_road"
4436,5719,"Stanley","Gaston","Piedmont","Commercial","Mixed (30% To 70% Developed)",NA,"Rural","40 - 45  MPH","No Control Present","Clear","No",17,"16-19","No",NA,NA,"C: Possible Injury",NA,"White","Male",NA,NA,"No",NA,NA,"Unknown Injury","Unknown/Missing",NA,NA,"No","29APR2008","Tuesday","Other / Unknown - Insufficient Details",19,"Unknown Location","April","C: Possible Injury",70020,"Unknown Location",2008,"Yes","Yes","Daylight","Straight - Level","Local Street","Dry","Two-Way, Divided, Unprotected Median","None","No Special Feature","Smooth Asphalt",0,0,0,0,0,0,0,"2 lanes",2,0,NA,0,NA
4437,5720,"Charlotte","Mecklenburg","Piedmont","Residential","Urban (>70% Developed)",NA,"Urban","20 - 25  MPH","No Control Present","Clear","No",34,"30-39","No",NA,"With Traffic","O: No Injury","Travel Lane","Hispanic","Male",22,"20-24","No",NA,"36-40 mph","O: No Injury","Hispanic","Male","Passenger Car","No","07JUN2008","Saturday","Motorist Failed to Yield - Midblock",19,"Non-Intersection","June","O: No Injury",70560,"Motorist Drive Out - Commercial Driveway / Alley",2008,"No","No","Daylight","Straight - Level","Local Street","Dry","Two-Way, Not Divided","None","No Special Feature","Concrete",0,0,0,0,0,0,0,"2 lanes",2,0,NA,0,NA
4438,5723,"None - Rural Crash","Rowan","Piedmont","Residential","Mixed (30% To 70% Developed)",NA,"Rural",NA,"Double Yellow Line, No Passing Zone","Clear","No",63,"60-69","No",NA,"Facing Traffic","B: Evident Injury","Travel Lane","White","Male",9,"0-19","No",NA,NA,"O: No Injury","White","Female","Pedalcycle","No","25APR2008","Friday","Head-On",17,"Non-Intersection","April","B: Evident Injury",61620,"Head-On - Bicyclist",2008,"No","No","Daylight","Straight - Level","State Secondary Route","Dry","Two-Way, Not Divided","None","No Special Feature","Smooth Asphalt",0,0,0,0,0,0,0,"2 lanes",2,0,NA,0,NA
4439,5727,"Aberdeen","Moore","Piedmont","Residential","Rural (<30% Developed)",NA,"Rural","30 - 35  MPH","Missing","Rain","No",29,"25-29","No",NA,"With Traffic","C: Possible Injury","Travel Lane","White","Male",34,"30-39","No",NA,"0-5 mph","C: Possible Injury","White","Male","Passenger Car","No","27APR2008","Sunday","Motorist Failed to Yield - Sign-Controlled Intersection",13,"Intersection","April","C: Possible Injury",49200,"Motorist Drive Out - Sign-Controlled Intersection",2008,"Yes","No","Daylight","Straight - Level","Local Street","Wet","Two-Way, Not Divided","None","No Special Feature","Coarse Asphalt",0,0,0,0,0,0,0,"2 lanes",2,0,NA,0,NA
4440,5729,"Mount Olive","Wayne","Coastal","Residential","Rural (<30% Developed)",NA,"Rural","50 - 55  MPH","Stop Sign","Clear","No",36,"30-39","No",NA,"Facing Traffic","B: Evident Injury","Travel Lane","White","Female",18,"0-19","No",NA,"51-55 mph","O: No Injury","Hispanic","Female","Passenger Car","No","28APR2008","Monday","Motorist Failed to Yield - Sign-Controlled Intersection",15,"Intersection","April","B: Evident Injury",55260,"Motorist Drive Out - Sign-Controlled Intersection",2008,"Yes","No","Daylight","Straight - Level","US Route","Dry","Two-Way, Divided, Unprotected Median","None","Four-Way Intersection","Smooth Asphalt",0,0,0,0,0,0,0,"6 lanes",2,0,NA,0,NA
4441,5731,"Mooresville","Iredell","Piedmont","Residential","Urban (>70% Developed)",NA,"Urban","30 - 35  MPH","Missing","Clear","No",19,"16-19","No",NA,"With Traffic","C: Possible Injury","Travel Lane","White","Male",NA,"70+","No",NA,"31-35 mph","O: No Injury","Black","Female","Passenger Car","No","29APR2008","Tuesday","Bicyclist Left Turn / Merge",15,"Intersection","April","C: Possible Injury",57480,"Bicyclist Left Turn - Same Direction",2008,"Yes","No","Daylight","Straight - Level","Local Street","Dry","Two-Way, Not Divided","None","Four-Way Intersection","Smooth Asphalt",0,0,0,0,0,0,0,"4 lanes",2,0,NA,0,NA
4442,5732,"None - Rural Crash","Swain","Mountains","Farms, Woods, Pastures","Rural (<30% Developed)",NA,"Rural","30 - 35  MPH","No Control Present","Clear","No",17,"16-19","No",NA,"With Traffic","B: Evident Injury","Travel Lane","White","Male",48,"40-49","No",NA,"16-20 mph","O: No Injury","White","Female","School Bus","No","06JUN2008","Friday","Head-On",15,"Non-Intersection","June","B: Evident Injury",55920,"Head-On - Bicyclist",2008,"Yes","No","Daylight","Straight - Grade","State Secondary Route","Dry","Two-Way, Not Divided","None","No Special Feature","Coarse Asphalt",0,0,0,0,0,0,0,"2 lanes",2,0,NA,0,NA
4443,5740,"None - Rural Crash","Durham","Piedmont","Residential","Rural (<30% Developed)",NA,"Rural","40 - 45  MPH","Missing","Other","No",48,"40-49","No",NA,"With Traffic","B: Evident Injury","Travel Lane","White","Female",NA,"70+","No",NA,"41-45 mph","O: No Injury","White","Female","Light Truck (Mini-Van, Panel)","No","04MAY2008","Sunday","Motorist Overtaking Bicyclist",12,"Non-Intersection","May","B: Evident Injury",45180,"Motorist Overtaking - Other / Unknown",2008,"No","No","Daylight","Straight - Level","State Secondary Route","Dry","Two-Way, Not Divided","None","No Special Feature","Coarse Asphalt",0,0,0,0,0,0,0,"2 lanes",2,0,NA,0,NA
4444,5742,"Charlotte","Mecklenburg","Piedmont","Residential","Urban (>70% Developed)",NA,"Urban","20 - 25  MPH","Stop Sign","Clear","No",45,"40-49","No",NA,"With Traffic","B: Evident Injury","Travel Lane","White","Male",39,"30-39","No",NA,"21-25 mph","O: No Injury","Black","Male","Passenger Car","No","12JUN2008","Thursday","Motorist Failed to Yield - Sign-Controlled Intersection",7,"Intersection","June","B: Evident Injury",25440,"Motorist Drive Through - Sign-Controlled Intersection",2008,"No","No","Daylight","Straight - Level","Local Street","Dry","Two-Way, Not Divided","None","T-Intersection","Smooth Asphalt",0,0,0,0,0,0,0,"2 lanes",2,0,NA,0,NA
4445,5745,"Raleigh","Wake","Piedmont","Residential","Urban (>70% Developed)",NA,"Urban","20 - 25  MPH","Stop Sign","Clear","No",11,"11-15","No",NA,"With Traffic","O: No Injury","Travel Lane","White","Female",28,"25-29","No",NA,"21-25 mph","O: No Injury","White","Male","Pickup","No","05MAY2008","Monday","Bicyclist Failed to Yield - Sign-Controlled Intersection",18,"Intersection","May","O: No Injury",67200,"Bicyclist Ride Through - Sign-Controlled Intersection",2008,"No","No","Daylight","Straight - Grade","Local Street","Dry","Two-Way, Not Divided","None","Four-Way Intersection","Smooth Asphalt",0,0,0,0,0,0,0,"2 lanes",2,0,NA,0,NA
4446,5747,"Raleigh","Wake","Piedmont","Commercial","Urban (>70% Developed)",NA,"Urban","20 - 25  MPH","School Zone Signs","Clear","No",24,"20-24","No",NA,"With Traffic","B: Evident Injury","Travel Lane","White","Male",40,"40-49","No",NA,"31-35 mph","O: No Injury","Black","Female","Sport Utility","No","06MAY2008","Tuesday","Bicyclist Left Turn / Merge",7,"Non-Intersection","May","B: Evident Injury",26340,"Bicyclist Left Turn - Same Direction",2008,"Yes","No","Daylight","Straight - Level","Local Street","Dry","Two-Way, Not Divided","None","No Special Feature","Smooth Asphalt",0,0,0,0,0,0,0,"5 lanes",2,0,NA,0,NA
4447,5755,"Belmont","Gaston","Piedmont","Commercial","Urban (>70% Developed)",NA,"Urban","40 - 45  MPH","Stop And Go Signal","Clear","No",16,"16-19","No",NA,"With Traffic","Unknown Injury","Bike Lane / Paved Shoulder","Unknown/Missing",NA,24,"20-24","No",NA,"6-10 mph","O: No Injury","White","Male","Passenger Car","No","07MAY2008","Wednesday","Motorist Left Turn / Merge",16,"Intersection","May","O: No Injury",60540,"Motorist Left Turn - Opposite Direction",2008,"Yes","No","Daylight","Straight - Level","US Route","Dry","Two-Way, Divided, Positive Median Barrier","None","Four-Way Intersection","Coarse Asphalt",0,0,0,0,0,0,0,"7 lanes",2,0,NA,0,NA
4448,5756,"Wilmington","New Hanover","Coastal","Commercial","Urban (>70% Developed)",NA,"Urban","30 - 35  MPH","Stop Sign","Clear","No",23,"20-24","No",NA,"Facing Traffic","C: Possible Injury","Sidewalk / Crosswalk / Driveway Crossing","White","Female",49,"40-49","No",NA,"0-5 mph","O: No Injury","White","Male","Van","No","07MAY2008","Wednesday","Motorist Failed to Yield - Sign-Controlled Intersection",12,"Intersection","May","C: Possible Injury",44400,"Motorist Drive Out - Sign-Controlled Intersection",2008,"No","No","Daylight","Straight - Level","Local Street","Dry","Two-Way, Not Divided","None","T-Intersection","Smooth Asphalt",0,0,0,0,0,0,0,"4 lanes",2,0,NA,0,NA
4449,5757,"Raleigh","Wake","Piedmont","Commercial","Urban (>70% Developed)",NA,"Urban","40 - 45  MPH","Missing","Clear","No",33,"30-39","No",NA,"Facing Traffic","C: Possible Injury","Sidewalk / Crosswalk / Driveway Crossing","Hispanic","Male",45,"40-49","No",NA,"31-35 mph","O: No Injury","White","Male","Tractor/Semi-Trailer","No","28MAR2008","Friday","Parallel Paths - Other Circumstances",1,"Non-Intersection","March","C: Possible Injury",5880,"Bicyclist Ride Out - Parallel Path",2008,"Yes","No","Dark - Lighted Roadway","Straight - Level","Local Street","Dry","Two-Way, Divided, Unprotected Median","None","No Special Feature","Grooved Concrete",0,0,0,0,0,0,0,"8 lanes",2,0,NA,0,NA
4450,5759,"Roxboro","Person","Piedmont","Residential","Urban (>70% Developed)",NA,"Urban","30 - 35  MPH","Stop Sign","Clear","No",51,"50-59","No",NA,"With Traffic","Unknown Injury","Travel Lane","Unknown/Missing","Male",24,"20-24","No",NA,"31-35 mph","C: Possible Injury","Black","Female","Passenger Car","No","08MAY2008","Thursday","Bicyclist Failed to Yield - Sign-Controlled Intersection",20,"Intersection","May","C: Possible Injury",73920,"Bicyclist Ride Through - Sign-Controlled Intersection",2008,"Yes","No","Dark - Lighted Roadway","Straight - Level","Local Street","Dry","Two-Way, Not Divided","None","Four-Way Intersection","Smooth Asphalt",0,0,0,0,0,0,0,"2 lanes",2,0,NA,0,NA
4451,5761,"Enfield","Halifax","Coastal","Residential","Mixed (30% To 70% Developed)",NA,"Rural","20 - 25  MPH","Stop And Go Signal","Clear","No",18,"16-19","No",NA,"With Traffic","C: Possible Injury","Travel Lane","Black","Female",28,"25-29","No",NA,NA,"O: No Injury","Black","Female","Passenger Car","No","10MAY2008","Saturday","Loss of Control / Turning Error",18,"Intersection","May","C: Possible Injury",64800,"Bicyclist Turning Error - Right Turn",2008,"No","No","Daylight","Straight - Level","Local Street","Dry","Two-Way, Not Divided","None","No Special Feature","Coarse Asphalt",0,0,0,0,0,0,0,"2 lanes",2,0,NA,0,NA
4452,5775,"Raleigh","Wake","Piedmont","Residential","Urban (>70% Developed)",NA,"Urban","30 - 35  MPH","Stop And Go Signal","Clear","No",23,"20-24","No",NA,"With Traffic","C: Possible Injury","Travel Lane","White","Male",23,"20-24","Yes",NA,"16-20 mph","O: No Injury","White","Female","Passenger Car","Yes","19APR2008","Saturday","Motorist Left Turn / Merge",2,"Intersection","April","C: Possible Injury",9300,"Motorist Left Turn - Opposite Direction",2008,"Yes","No","Dark - Lighted Roadway","Straight - Level","Local Street","Dry","Two-Way, Not Divided","None","T-Intersection","Smooth Asphalt",0,0,0,0,0,0,0,"5 lanes",2,0,NA,0,NA
4453,5778,"Wilmington","New Hanover","Coastal","Commercial","Urban (>70% Developed)",NA,"Urban",NA,"No Control Present","Clear","No",16,"16-19","No",NA,"Facing Traffic","C: Possible Injury","Travel Lane","Black","Male",27,"25-29","No",NA,NA,"O: No Injury","White","Female","Sport Utility","No","13MAY2008","Tuesday","Motorist Failed to Yield - Midblock",16,"Non-Intersection","May","C: Possible Injury",59760,"Motorist Drive Out - Other Midblock",2008,"Yes","No","Daylight","Straight - Level","Local Street","Dry","Two-Way, Divided, Unprotected Median","None","No Special Feature","Smooth Asphalt",0,0,0,0,0,0,0,"6 lanes",2,0,NA,0,NA
4454,5780,"Fuquay-Varina","Wake","Piedmont","Commercial","Urban (>70% Developed)",NA,"Urban","30 - 35  MPH","No Control Present","Clear","No",13,"11-15","No",NA,NA,"O: No Injury",NA,"Black","Male",39,"30-39","No",NA,"16-20 mph","O: No Injury","Hispanic","Male","Pickup","No","03MAY2008","Saturday","Bicyclist Failed to Yield - Midblock",11,"Non-Intersection","May","O: No Injury",42960,"Bicyclist Ride Out - Midblock - Unknown",2008,"No","No","Daylight","Straight - Grade","US Route","Dry","Two-Way, Not Divided","None","No Special Feature","Smooth Asphalt",0,0,0,0,0,0,0,"5 lanes",2,0,NA,0,NA
4455,5782,"Asheboro","Randolph","Piedmont","Commercial","Urban (>70% Developed)",NA,"Urban","20 - 25  MPH","Missing","Cloudy","No",11,"11-15","No",NA,NA,"B: Evident Injury",NA,"Black","Female",NA,"70+","No",NA,"0-5 mph","O: No Injury","White","Female","Passenger Car","No","15MAY2008","Thursday","Bicyclist Failed to Yield - Midblock",14,"Non-Intersection","May","B: Evident Injury",52920,"Bicyclist Ride Out - Midblock - Unknown",2008,"Yes","No","Daylight","Straight - Grade","Local Street","Dry","Two-Way, Not Divided","None","No Special Feature","Coarse Asphalt",0,0,0,0,0,0,0,"2 lanes",2,0,NA,0,NA
4456,5783,"Wilmington","New Hanover","Coastal","Residential","Urban (>70% Developed)",NA,"Urban",NA,"Missing","Cloudy","No",NA,NA,"Missing",NA,"With Traffic","Unknown Injury","Travel Lane","Unknown/Missing",NA,NA,NA,"Missing",NA,NA,"Unknown Injury","Unknown/Missing",NA,NA,"No","15MAY2008","Thursday","Motorist Overtaking Bicyclist",23,"Non-Intersection","May","B: Evident Injury",85800,"Motorist Overtaking - Misjudged Space",2008,"Yes","Yes","Dark - Lighted Roadway","Straight - Level","Local Street","Dry","Two-Way, Divided, Unprotected Median","None","No Special Feature","Coarse Asphalt",0,0,0,0,0,0,0,"4 lanes",3,0,NA,0,NA
4457,5784,"Raleigh","Wake","Piedmont","Commercial","Urban (>70% Developed)",NA,"Urban","20 - 25  MPH","Stop And Go Signal","Cloudy","No",14,"11-15","No",NA,"Facing Traffic","B: Evident Injury","Sidewalk / Crosswalk / Driveway Crossing","White","Male",40,"40-49","No",NA,"0-5 mph","O: No Injury","White","Female","Passenger Car","No","16MAY2008","Friday","Motorist Failed to Yield - Signalized Intersection",16,"Intersection","May","B: Evident Injury",58980,"Motorist Drive Out - Right Turn on Red",2008,"Yes","No","Daylight","Straight - Level","Local Street","Wet","Two-Way, Not Divided","None","Driveway, Public","Coarse Asphalt",0,0,0,0,0,0,0,"5 lanes",2,0,NA,0,NA
4458,5788,"None - Rural Crash","New Hanover","Coastal","Farms, Woods, Pastures","Rural (<30% Developed)",NA,"Rural",NA,"Missing","Clear","No",51,"50-59","No",NA,"With Traffic","C: Possible Injury","Travel Lane","Black","Male",NA,NA,"Missing",NA,NA,"Unknown Injury","Unknown/Missing",NA,NA,"No","18MAY2008","Sunday","Motorist Overtaking Bicyclist",15,"Non-Intersection","May","C: Possible Injury",55860,"Motorist Overtaking - Other / Unknown",2008,"Yes","Yes","Daylight","Straight - Level","US Route","Dry","Two-Way, Divided, Unprotected Median","None","No Special Feature","Coarse Asphalt",0,0,0,0,0,0,0,"4 lanes",2,0,NA,0,NA
4459,5793,"Greensboro","Guilford","Piedmont","Residential","Urban (>70% Developed)",NA,"Urban","20 - 25  MPH","Stop Sign","Clear","No",5,"0-5","No",NA,"With Traffic","B: Evident Injury","Travel Lane","White","Male",29,"25-29","No",NA,"21-25 mph","O: No Injury","White","Male","Passenger Car","No","19MAY2008","Monday","Bicyclist Failed to Yield - Sign-Controlled Intersection",18,"Intersection","May","B: Evident Injury",67500,"Bicyclist Ride Through - Sign-Controlled Intersection",2008,"Yes","No","Daylight","Straight - Level","Local Street","Dry","Two-Way, Not Divided","None","T-Intersection","Smooth Asphalt",0,0,0,0,0,0,0,"4 lanes",2,0,NA,0,NA
4460,5795,"Raleigh","Wake","Piedmont","Residential","Urban (>70% Developed)",NA,"Urban","30 - 35  MPH","Missing","Cloudy","No",43,"40-49","No",NA,"Facing Traffic","C: Possible Injury","Travel Lane","Black","Male",51,"50-59","No",NA,NA,"O: No Injury","White","Male","Van","No","13JAN2008","Sunday","Bicyclist Overtaking Motorist",15,"Intersection-Related","January","C: Possible Injury",54480,"Bicyclist Overtaking - Other / Unknown",2008,"Yes","No","Daylight","Straight - Grade","Local Street","Dry","Two-Way, Not Divided","None","T-Intersection","Smooth Asphalt",0,0,0,0,0,0,0,"2 lanes",2,0,NA,0,NA
4461,5796,"Raleigh","Wake","Piedmont","Institutional","Urban (>70% Developed)",NA,"Urban","30 - 35  MPH","Stop Sign","Clear","No",15,"11-15","No",NA,"Facing Traffic","C: Possible Injury","Sidewalk / Crosswalk / Driveway Crossing","Asian","Male",16,"0-19","No",NA,"0-5 mph","O: No Injury","White","Male","Sport Utility","No","19MAY2008","Monday","Motorist Failed to Yield - Sign-Controlled Intersection",14,"Intersection","May","C: Possible Injury",52800,"Motorist Drive Out - Sign-Controlled Intersection",2008,"No","No","Daylight","Straight - Level","Public Vehicular Area","Dry","Two-Way, Not Divided","None","Driveway, Public","Coarse Asphalt",0,0,0,0,0,0,0,"2 lanes",2,0,NA,0,NA
4462,5810,"Durham","Durham","Piedmont","Residential","Mixed (30% To 70% Developed)",NA,"Urban",NA,"Stop Sign","Clear","No",9,"6-10","No",NA,"With Traffic","B: Evident Injury","Travel Lane","Hispanic","Male",NA,NA,"No",NA,NA,"Unknown Injury","Unknown/Missing",NA,"Passenger Car","No","24JUN2008","Tuesday","Motorist Failed to Yield - Sign-Controlled Intersection",16,"Intersection","June","B: Evident Injury",60600,"Motorist Drive Out - Sign-Controlled Intersection",2008,"Yes","Yes","Daylight","Straight - Level","Local Street","Dry","Two-Way, Not Divided","None","No Special Feature","Smooth Asphalt",0,0,0,0,0,0,0,"2 lanes",2,0,NA,0,NA
4463,5811,"Charlotte","Mecklenburg","Piedmont","Residential","Mixed (30% To 70% Developed)",NA,"Urban","20 - 25  MPH","Stop Sign","Clear","No",40,"40-49","No",NA,"With Traffic","C: Possible Injury","Bike Lane / Paved Shoulder","White","Male",50,"50-59","No",NA,"21-25 mph","O: No Injury","White","Male","Sport Utility","No","25JUN2008","Wednesday","Motorist Failed to Yield - Sign-Controlled Intersection",17,"Intersection","June","C: Possible Injury",63300,"Motorist Drive Out - Sign-Controlled Intersection",2008,"No","No","Daylight","Straight - Level","Local Street","Dry","Two-Way, Divided, Positive Median Barrier","None","No Special Feature","Smooth Asphalt",0,0,0,0,0,0,0,"4 lanes",2,0,NA,0,NA
4464,5816,"Rocky Mount","Nash","Coastal","Residential","Urban (>70% Developed)",NA,"Urban","30 - 35  MPH","No Control Present","Clear","No",6,"6-10","No",NA,"Not Applicable","C: Possible Injury","Driveway / Alley","Black","Male",33,"30-39","No",NA,"26-30 mph","O: No Injury","Black","Female","Passenger Car","No","25MAY2008","Sunday","Bicyclist Failed to Yield - Midblock",21,"Non-Intersection","May","C: Possible Injury",76260,"Bicyclist Ride Out - Residential Driveway",2008,"Yes","No","Daylight","Straight - Level","Local Street","Dry","Two-Way, Not Divided","None","No Special Feature","Coarse Asphalt",0,0,0,0,0,0,0,"2 lanes",2,0,NA,0,NA
4465,5820,"None - Rural Crash","Rowan","Piedmont","Commercial","Mixed (30% To 70% Developed)",NA,"Rural","40 - 45  MPH","Stop Sign","Clear","No",20,"20-24","No",NA,"Facing Traffic","B: Evident Injury","Non-Roadway","Hispanic","Male",22,"20-24","No",NA,"0-5 mph","O: No Injury","White","Female","Passenger Car","No","29MAY2008","Thursday","Motorist Failed to Yield - Sign-Controlled Intersection",15,"Intersection","May","B: Evident Injury",55800,"Motorist Drive Out - Sign-Controlled Intersection",2008,"Yes","No","Daylight","Straight - Grade","State Secondary Route","Dry","Two-Way, Not Divided","None","T-Intersection","Coarse Asphalt",0,0,0,0,0,0,0,"2 lanes",2,0,NA,0,NA
4466,5821,"Fuquay-Varina","Wake","Piedmont","Residential","Rural (<30% Developed)",NA,"Urban","40 - 45  MPH","Stop Sign","Clear","No",16,"16-19","No",NA,"With Traffic","A: Disabling Injury","Travel Lane","Black","Male",50,"50-59","No",NA,"41-45 mph","O: No Injury","White","Male","Passenger Car","No","29MAY2008","Thursday","Bicyclist Failed to Yield - Sign-Controlled Intersection",20,"Intersection","May","A: Disabling Injury",73680,"Bicyclist Ride Through - Sign-Controlled Intersection",2008,"No","No","Daylight","Straight - Level","Local Street","Dry","Two-Way, Not Divided","None","No Special Feature","Smooth Asphalt",0,0,0,0,0,0,0,"2 lanes",2,0,NA,0,NA
4467,5828,"Wilmington","New Hanover","Coastal","Commercial","Urban (>70% Developed)",NA,"Urban","30 - 35  MPH","No Control Present","Clear","No",30,"30-39","No",NA,"Facing Traffic","C: Possible Injury","Travel Lane","White","Male",29,"25-29","No",NA,"0-5 mph","O: No Injury","White","Female","Passenger Car","No","30MAY2008","Friday","Motorist Failed to Yield - Midblock",7,"Non-Intersection","May","C: Possible Injury",26220,"Motorist Drive Out - Commercial Driveway / Alley",2008,"Yes","No","Daylight","Straight - Level","Local Street","Dry","Two-Way, Not Divided","None","Driveway, Public","Coarse Asphalt",0,0,0,0,0,0,0,"5 lanes",2,0,NA,0,NA
4468,5847,"Belmont","Gaston","Piedmont","Residential","Mixed (30% To 70% Developed)",NA,"Urban","20 - 25  MPH","No Control Present","Clear","No",16,"16-19","No",NA,NA,"B: Evident Injury",NA,"White","Male",42,"40-49","No",NA,"21-25 mph","O: No Injury","White","Male","Pickup","No","04JUN2008","Wednesday","Bicyclist Failed to Yield - Midblock",7,"Non-Intersection","June","B: Evident Injury",28680,"Bicyclist Ride Out - Midblock - Unknown",2008,"No","No","Daylight","Straight - Grade","Local Street","Dry","Two-Way, Not Divided","None","No Special Feature","Coarse Asphalt",0,0,0,0,0,0,0,"2 lanes",2,0,NA,0,NA
4469,5853,"Washington","Beaufort","Coastal","Commercial","Mixed (30% To 70% Developed)",NA,"Urban","30 - 35  MPH","No Control Present","Clear","No",4,"0-5","No",NA,"Not Applicable","C: Possible Injury",NA,"Black","Male",67,"60-69","No",NA,"21-25 mph","O: No Injury","White","Male","Sport Utility","No","18JUN2008","Wednesday","Bicyclist Failed to Yield - Midblock",19,"Non-Intersection","June","C: Possible Injury",68400,"Bicyclist Ride Out - Midblock - Unknown",2008,"No","No","Daylight","Straight - Level","Local Street","Dry","Two-Way, Not Divided","None","No Special Feature","Coarse Asphalt",0,0,0,0,0,0,0,"4 lanes",2,0,NA,0,NA
4470,5855,"Rocky Mount","Nash","Coastal","Commercial","Urban (>70% Developed)",NA,"Urban","20 - 25  MPH","No Control Present","Clear","No",47,"40-49","No",NA,"Facing Traffic","O: No Injury","Sidewalk / Crosswalk / Driveway Crossing","Black","Female",35,"30-39","No",NA,"0-5 mph","O: No Injury","White","Female","Light Truck (Mini-Van, Panel)","No","10JUN2008","Tuesday","Motorist Failed to Yield - Midblock",8,"Non-Intersection","June","O: No Injury",29400,"Motorist Drive Out - Commercial Driveway / Alley",2008,"Yes","No","Daylight","Straight - Level","Public Vehicular Area","Dry","One-Way, Not Divided","None","T-Intersection","Concrete",0,0,0,0,0,0,0,NA,2,0,NA,0,NA
4471,5857,"None - Rural Crash","Vance","Piedmont","Residential","Rural (<30% Developed)",NA,"Rural","40 - 45  MPH","Double Yellow Line, No Passing Zone","Clear","No",16,"16-19","No",NA,"Not Applicable","B: Evident Injury","Driveway / Alley","Black","Male",42,"40-49","No",NA,"36-40 mph","O: No Injury","White","Female","Light Truck (Mini-Van, Panel)","No","11JUN2008","Wednesday","Bicyclist Failed to Yield - Midblock",19,"Non-Intersection","June","B: Evident Injury",70980,"Bicyclist Ride Out - Residential Driveway",2008,"No","No","Daylight","Straight - Level","State Secondary Route","Dry","Two-Way, Not Divided","None","No Special Feature","Smooth Asphalt",0,0,0,0,0,0,0,"2 lanes",2,0,NA,0,NA
4472,5859,"Fuquay-Varina","Wake","Piedmont","Commercial","Urban (>70% Developed)",NA,"Urban","20 - 25  MPH","No Control Present","Clear","No",17,"16-19","No",NA,"Not Applicable","O: No Injury","Non-Roadway","White","Male",25,"25-29","No",NA,"6-10 mph","O: No Injury","Black","Female","Passenger Car","No","04JUN2008","Wednesday","Non-Roadway",20,"Non-Roadway","June","O: No Injury",72180,"Non-Roadway",2008,"No","No","Daylight","Straight - Level","Public Vehicular Area","Dry","Two-Way, Not Divided","None","No Special Feature","Smooth Asphalt",0,0,0,0,0,0,0,NA,2,0,NA,0,NA
4473,5864,"Charlotte","Mecklenburg","Piedmont","Commercial","Urban (>70% Developed)",NA,"Urban","5 - 15 MPH","No Control Present","Clear","No",55,"50-59","No",NA,"Not Applicable","B: Evident Injury","Non-Roadway","Black","Male",50,"50-59","No",NA,"0-5 mph","Unknown Injury","White","Male","Single Unit Truck (2-Axle, 6-Tire)","No","12JUL2008","Saturday","Non-Roadway",16,"Non-Roadway","July","B: Evident Injury",57600,"Non-Roadway",2008,"Yes","No","Daylight","Straight - Level","Public Vehicular Area","Dry","Two-Way, Not Divided","None","Driveway, Public","Smooth Asphalt",0,0,0,0,0,0,0,"2 lanes",2,0,NA,0,NA
4474,5867,"Raleigh","Wake","Piedmont","Commercial","Urban (>70% Developed)",NA,"Urban","30 - 35  MPH","Stop And Go Signal","Clear","No",20,"20-24","No",NA,"With Traffic","C: Possible Injury","Travel Lane","Black","Male",NA,NA,"Missing",NA,"31-35 mph","Unknown Injury","Unknown/Missing",NA,NA,"No","04JUN2008","Wednesday","Motorist Right Turn / Merge",16,"Intersection","June","C: Possible Injury",58080,"Motorist Right Turn - Same Direction",2008,"No","Yes","Daylight","Straight - Level","Local Street","Dry","Two-Way, Not Divided","None","Four-Way Intersection","Smooth Asphalt",0,0,0,0,0,0,0,"2 lanes",2,0,NA,0,NA
4475,5869,"Raleigh","Wake","Piedmont","Residential","Urban (>70% Developed)",NA,"Urban","30 - 35  MPH","Stop Sign","Clear","No",7,"6-10","No",NA,"With Traffic","B: Evident Injury","Travel Lane","White","Male",43,"40-49","No",NA,"31-35 mph","O: No Injury","Black","Female","Passenger Car","No","17MAY2008","Saturday","Bicyclist Failed to Yield - Sign-Controlled Intersection",17,"Intersection","May","B: Evident Injury",64380,"Bicyclist Ride Through - Sign-Controlled Intersection",2008,"Yes","No","Daylight","Curve - Grade","Local Street","Dry","Two-Way, Not Divided","None","Four-Way Intersection","Smooth Asphalt",0,0,0,0,0,0,0,"2 lanes",2,0,NA,0,NA
4476,5881,"Asheville","Buncombe","Mountains","Residential","Urban (>70% Developed)",NA,"Urban","30 - 35  MPH","No Control Present","Clear","No",20,"20-24","No",NA,"With Traffic","B: Evident Injury","Travel Lane","White","Male",21,"20-24","No",NA,"0-5 mph","O: No Injury","Black","Male","Passenger Car","No","15JUN2008","Sunday","Motorist Right Turn / Merge",21,"Non-Intersection","June","B: Evident Injury",78000,"Motorist Right Turn - Same Direction",2008,"Yes","No","Dark - Lighted Roadway","Straight - Level","Local Street","Dry","Two-Way, Not Divided","None","No Special Feature","Smooth Asphalt",0,0,0,0,0,0,0,"2 lanes",2,0,NA,0,NA