"...1","object_id","city","county","region","development","locality","on_road","rural_urban","speed_limit","traffic_control","weather","workzone","bike_age","bike_age_group","bike_alcohol","bike_alcohol_drugs","bike_direction","bike_injury","bike_position","bike_race","bike_sex","driver_age","driver_age_group","driver_alcohol","driver_alcohol_drugs","driver_est_speed","driver_injury","driver_race","driver_sex","driver_vehicle_type","crash_alcohol","crash_date","crash_day","crash_group","crash_hour","crash_location","crash_month","crash_severity","crash_time","crash_type","crash_year","ambulance_req","hit_run","light_condition","road_character","road_class","road_condition","road_configuration","road_defects","road_feature","road_surface","num_bikes_ai","num_bikes_bi","num_bikes_ci","num_bikes_ki","num_bikes_no","num_bikes_to","num_bikes_ui","num_lanes","num_units","distance_mi_from","frm_road","rte_invd_cd","towrd_road"
4477,5885,"Kannapolis","Cabarrus","Piedmont","Commercial","Urban (>70% Developed)",NA,"Urban","40 - 45  MPH","No Control Present","Clear","No",56,"50-59","No",NA,"With Traffic","C: Possible Injury","Travel Lane","White","Male",NA,"70+","No",NA,"41-45 mph","O: No Injury","White","Male","Sport Utility","No","18JUN2008","Wednesday","Motorist Overtaking Bicyclist",5,"Non-Intersection","June","C: Possible Injury",18300,"Motorist Overtaking - Misjudged Space",2008,"No","No","Dark - Lighted Roadway","Straight - Level","US Route","Dry",NA,"None","No Special Feature","Smooth Asphalt",0,0,0,0,0,0,0,"4 lanes",2,0,NA,0,NA
4478,5890,"None - Rural Crash","Guilford","Piedmont","Farms, Woods, Pastures","Rural (<30% Developed)",NA,"Rural","30 - 35  MPH","Stop Sign","Clear","No",54,"50-59","No",NA,"With Traffic","C: Possible Injury","Travel Lane","Black","Male",40,"40-49","No",NA,"0-5 mph","O: No Injury","White","Male","Passenger Car","No","30JUN2008","Monday","Motorist Failed to Yield - Sign-Controlled Intersection",20,"Intersection","June","C: Possible Injury",75240,"Motorist Drive Out - Sign-Controlled Intersection",2008,"No","No","Dusk","Straight - Grade","State Secondary Route","Dry","Two-Way, Not Divided","None","Y-Intersection","Smooth Asphalt",0,0,0,0,0,0,0,"2 lanes",2,0,NA,0,NA
4479,5897,"Greensboro","Guilford","Piedmont","Institutional","Urban (>70% Developed)",NA,"Urban","20 - 25  MPH","Stop Sign","Clear","No",23,"20-24","No",NA,"Facing Traffic","B: Evident Injury","Sidewalk / Crosswalk / Driveway Crossing","Black","Female",47,"40-49","No",NA,"0-5 mph","O: No Injury","Black","Female","Passenger Car","No","12MAY2008","Monday","Motorist Failed to Yield - Sign-Controlled Intersection",13,"Intersection","May","B: Evident Injury",50040,"Motorist Drive Out - Sign-Controlled Intersection",2008,"Yes","No","Daylight","Straight - Level","Local Street","Dry","Two-Way, Not Divided","None","Four-Way Intersection","Smooth Asphalt",0,0,0,0,0,0,0,"2 lanes",2,0,NA,0,NA
4480,5904,"Salisbury","Rowan","Piedmont","Commercial","Urban (>70% Developed)",NA,"Urban","40 - 45  MPH","No Control Present","Clear","No",18,"16-19","No",NA,"With Traffic","O: No Injury","Travel Lane","White","Male",52,"50-59","No",NA,"41-45 mph","O: No Injury","White","Male","Passenger Car","No","24JUN2008","Tuesday","Bicyclist Left Turn / Merge",19,"Intersection","June","O: No Injury",68400,"Bicyclist Left Turn - Same Direction",2008,"No","No","Daylight","Straight - Level","Local Street","Dry","Two-Way, Not Divided","None","No Special Feature","Coarse Asphalt",0,0,0,0,0,0,0,"2 lanes",2,0,NA,0,NA
4481,5905,"Asheville","Buncombe","Mountains","Commercial","Urban (>70% Developed)",NA,"Urban","30 - 35  MPH","Stop And Go Signal","Clear","No",46,"40-49","No",NA,"With Traffic","B: Evident Injury","Travel Lane","White","Female",47,"40-49","No",NA,"0-5 mph","O: No Injury","White","Male","Passenger Car","No","24JUN2008","Tuesday","Loss of Control / Turning Error",16,"Intersection","June","B: Evident Injury",58140,"Bicyclist Turning Error - Right Turn",2008,"No","No","Daylight","Straight - Grade","Local Street","Dry","Two-Way, Not Divided","None","T-Intersection","Coarse Asphalt",0,0,0,0,0,0,0,"2 lanes",2,0,NA,0,NA
4482,5910,"Morganton","Burke","Mountains","Commercial","Urban (>70% Developed)",NA,"Urban","30 - 35  MPH","Stop And Go Signal","Clear","No",51,"50-59","No",NA,"With Traffic","C: Possible Injury","Travel Lane","White","Male",50,"50-59","No",NA,"0-5 mph","O: No Injury","Black","Female","Passenger Car","No","27JUN2008","Friday","Motorist Overtaking Bicyclist",7,"Intersection","June","C: Possible Injury",28740,"Motorist Overtaking - Misjudged Space",2008,"No","No","Daylight","Straight - Level","Local Street","Dry","Two-Way, Divided, Unprotected Median","None","No Special Feature","Smooth Asphalt",0,0,0,0,0,0,0,"5 lanes",2,0,NA,0,NA
4483,5916,"Forest City","Rutherford","Mountains","Residential","Urban (>70% Developed)",NA,"Urban","30 - 35  MPH","Missing","Clear","No",13,"11-15","No",NA,"With Traffic","B: Evident Injury","Travel Lane","Black","Male",40,"40-49","No",NA,NA,"O: No Injury","White","Female","Passenger Car","No","30JUN2008","Monday","Motorist Failed to Yield - Sign-Controlled Intersection",14,"Intersection","June","B: Evident Injury",52260,"Motorist Drive Out - Sign-Controlled Intersection",2008,"Yes","No","Daylight","Straight - Grade","Local Street","Dry","Two-Way, Not Divided","None","No Special Feature","Smooth Asphalt",0,0,0,0,0,0,0,"2 lanes",2,0,NA,0,NA
4484,5919,"None - Rural Crash","Caldwell","Mountains","Residential","Mixed (30% To 70% Developed)",NA,"Rural","20 - 25  MPH","Stop Sign","Clear","No",10,"6-10","No",NA,"With Traffic","C: Possible Injury","Travel Lane","White","Male",23,"20-24","No",NA,"11-15 mph","O: No Injury","White","Female","Passenger Car","No","01JUL2008","Tuesday","Bicyclist Failed to Yield - Sign-Controlled Intersection",18,"Intersection","July","C: Possible Injury",66060,"Bicyclist Ride Through - Sign-Controlled Intersection",2008,"No","No","Daylight","Straight - Grade","State Secondary Route","Dry","Two-Way, Not Divided","None","Four-Way Intersection","Smooth Asphalt",0,0,0,0,0,0,0,"2 lanes",2,0,NA,0,NA
4485,5922,"None - Rural Crash","Cumberland","Coastal","Residential","Mixed (30% To 70% Developed)",NA,"Rural","40 - 45  MPH","Double Yellow Line, No Passing Zone","Clear","No",59,"50-59","No",NA,"Facing Traffic","C: Possible Injury","Travel Lane","White","Female",25,"25-29","No",NA,"41-45 mph","O: No Injury","White","Female","Passenger Car","No","26MAY2008","Monday","Head-On",21,"Non-Intersection","May","C: Possible Injury",76200,"Head-On - Bicyclist",2008,"Yes","No","Dark - Roadway Not Lighted","Straight - Level","State Secondary Route","Dry","Two-Way, Not Divided","None","No Special Feature","Smooth Asphalt",0,0,0,0,0,0,0,"2 lanes",2,0,NA,0,NA
4486,5924,"Weaverville","Buncombe","Mountains","Commercial","Urban (>70% Developed)",NA,"Rural","40 - 45  MPH","No Control Present","Clear","No",18,"16-19","No",NA,"With Traffic","B: Evident Injury","Travel Lane","White","Male",35,"30-39","No",NA,"41-45 mph","O: No Injury","White","Female","Passenger Car","No","31MAY2008","Saturday","Motorist Overtaking Bicyclist",14,"Non-Intersection","May","B: Evident Injury",53220,"Motorist Overtaking - Bicyclist Swerved",2008,"No","No","Daylight","Straight - Level","Local Street","Dry","Two-Way, Not Divided","None","No Special Feature","Smooth Asphalt",0,0,0,0,0,0,0,"2 lanes",2,0,NA,0,NA
4487,5933,"Fayetteville","Cumberland","Coastal","Residential","Urban (>70% Developed)",NA,"Urban","20 - 25  MPH","Stop Sign","Cloudy","No",22,"20-24","No",NA,"Facing Traffic","B: Evident Injury","Multi-use Path","White","Male",26,"25-29","No",NA,"0-5 mph","O: No Injury","Black","Male","Single Unit Truck (2-Axle, 6-Tire)","No","21JUN2008","Saturday","Motorist Failed to Yield - Sign-Controlled Intersection",12,"Intersection","June","B: Evident Injury",46200,"Motorist Drive Out - Sign-Controlled Intersection",2008,"No","No","Daylight","Straight - Level","Local Street","Dry","Two-Way, Not Divided","None","No Special Feature","Smooth Asphalt",0,0,0,0,0,0,0,"2 lanes",2,0,NA,0,NA
4488,5939,"Charlotte","Mecklenburg","Piedmont","Residential","Urban (>70% Developed)",NA,"Urban","30 - 35  MPH","No Control Present","Clear","No",7,"6-10","No",NA,"Facing Traffic","Unknown Injury","Sidewalk / Crosswalk / Driveway Crossing","Hispanic","Male",54,"50-59","No",NA,"26-30 mph","O: No Injury","Black","Male","Passenger Car","No","02AUG2008","Saturday","Crossing Paths - Other Circumstances",19,"Intersection","August","O: No Injury",69060,"Sign-Controlled Intersection - Other / Unknown",2008,"Yes","No","Dawn","Straight - Level","Local Street","Dry","Two-Way, Not Divided","None","No Special Feature","Smooth Asphalt",0,0,0,0,0,0,0,"2 lanes",2,0,NA,0,NA
4489,5950,"Raleigh","Wake","Piedmont","Residential","Mixed (30% To 70% Developed)",NA,"Urban","20 - 25  MPH","No Control Present","Clear","No",23,"20-24","No",NA,"With Traffic","B: Evident Injury","Sidewalk / Crosswalk / Driveway Crossing","White","Male",61,"60-69","No",NA,"0-5 mph","O: No Injury","White","Female","Passenger Car","No","10JUN2008","Tuesday","Motorist Failed to Yield - Midblock",10,"Non-Intersection","June","B: Evident Injury",38640,"Motorist Drive Out - Residential Driveway",2008,"Yes","No","Daylight","Straight - Level","Public Vehicular Area","Dry","Two-Way, Not Divided","None","No Special Feature","Smooth Asphalt",0,0,0,0,0,0,0,NA,2,0,NA,0,NA
4490,5951,"Charlotte","Mecklenburg","Piedmont","Commercial","Mixed (30% To 70% Developed)",NA,"Urban","5 - 15 MPH","No Control Present","Clear","No",17,"16-19","No",NA,"Facing Traffic","C: Possible Injury","Sidewalk / Crosswalk / Driveway Crossing","Black","Male",47,"40-49","No",NA,"11-15 mph","O: No Injury","Black","Female","Passenger Car","No","01AUG2008","Friday","Motorist Right Turn / Merge",15,"Non-Intersection","August","C: Possible Injury",57180,"Motorist Right Turn - Opposite Direction",2008,"Yes","No","Daylight","Straight - Level","Public Vehicular Area","Dry","Two-Way, Not Divided","None","No Special Feature","Smooth Asphalt",0,0,0,0,0,0,0,"2 lanes",2,0,NA,0,NA
4491,5955,"Wrightsville Beach","New Hanover","Coastal","Commercial","Urban (>70% Developed)",NA,"Rural","20 - 25  MPH","Stop Sign","Cloudy","No",53,"50-59","No",NA,"With Traffic","B: Evident Injury","Travel Lane","White","Male",27,"25-29","No",NA,"6-10 mph","O: No Injury","White","Male","Police","No","10JUL2008","Thursday","Bicyclist Failed to Yield - Sign-Controlled Intersection",11,"Intersection","July","B: Evident Injury",42120,"Bicyclist Ride Through - Sign-Controlled Intersection",2008,"No","No","Daylight","Straight - Level","State Secondary Route","Dry","Two-Way, Not Divided","None","Four-Way Intersection","Smooth Asphalt",0,0,0,0,0,0,0,"2 lanes",2,0,NA,0,NA
4492,5956,"Charlotte","Mecklenburg","Piedmont","Farms, Woods, Pastures","Rural (<30% Developed)",NA,"Urban","40 - 45  MPH","Stop Sign","Clear","No",23,"20-24","No",NA,"With Traffic","B: Evident Injury","Travel Lane","White","Male",18,"0-19","No",NA,"11-15 mph","O: No Injury","White","Female","Passenger Car","No","09AUG2008","Saturday","Motorist Failed to Yield - Sign-Controlled Intersection",16,"Intersection","August","B: Evident Injury",59400,"Motorist Drive Out - Sign-Controlled Intersection",2008,"No","No","Daylight","Straight - Level","Local Street","Dry","Two-Way, Not Divided","None","No Special Feature","Smooth Asphalt",0,0,0,0,0,0,0,"2 lanes",2,0,NA,0,NA
4493,5960,"Kinston","Lenoir","Coastal","Commercial","Urban (>70% Developed)",NA,"Urban","40 - 45  MPH","No Control Present","Clear","No",50,"50-59","No",NA,"With Traffic","C: Possible Injury","Travel Lane","Black","Male",21,"20-24","No",NA,"46-50 mph","O: No Injury","White","Male","Passenger Car","No","12AUG2008","Tuesday","Motorist Overtaking Bicyclist",6,"Non-Intersection","August","C: Possible Injury",24420,"Motorist Overtaking - Undetected Bicyclist",2008,"Yes","No","Daylight","Straight - Level","US Route","Dry","Two-Way, Not Divided","None","No Special Feature","Coarse Asphalt",0,0,0,0,0,0,0,"2 lanes",2,0,NA,0,NA
4494,5961,"None - Rural Crash","Robeson","Coastal","Farms, Woods, Pastures","Rural (<30% Developed)",NA,"Rural","50 - 55  MPH","No Control Present","Clear","No",53,"50-59","No",NA,"With Traffic","C: Possible Injury","Travel Lane","Native American","Male",22,"20-24","Yes",NA,"51-55 mph","O: No Injury","White","Male","Passenger Car","Yes","13JUL2008","Sunday","Motorist Overtaking Bicyclist",21,"Non-Intersection","July","C: Possible Injury",78300,"Motorist Overtaking - Misjudged Space",2008,"Yes","No","Daylight","Straight - Level","NC Route","Dry","Two-Way, Not Divided","None","No Special Feature","Smooth Asphalt",0,0,0,0,0,0,0,"2 lanes",2,0,NA,0,NA
4495,5966,"Cary","Wake","Piedmont","Residential","Urban (>70% Developed)",NA,"Urban","30 - 35  MPH","Stop And Go Signal","Cloudy","No",23,"20-24","No",NA,"With Traffic","A: Disabling Injury","Travel Lane","Black","Male",NA,NA,"Missing",NA,"0-5 mph","Unknown Injury","Unknown/Missing",NA,"Passenger Car","No","13AUG2008","Wednesday","Motorist Overtaking Bicyclist",19,"Intersection-Related","August","A: Disabling Injury",70200,"Motorist Overtaking - Other / Unknown",2008,"Yes","Yes","Daylight","Straight - Level","State Secondary Route","Wet","Two-Way, Not Divided","None","Related To Intersection","Smooth Asphalt",0,0,0,0,0,0,0,"2 lanes",2,0,NA,0,NA
4496,5971,"Atlantic Beach","Carteret","Coastal","Commercial","Urban (>70% Developed)",NA,"Rural","30 - 35  MPH","No Control Present","Clear","No",14,"11-15","No",NA,"Not Applicable","B: Evident Injury",NA,"White","Male",48,"40-49","No",NA,"21-25 mph","O: No Injury","White","Male","Passenger Car","No","17JUL2008","Thursday","Bicyclist Failed to Yield - Midblock",20,"Non-Intersection","July","B: Evident Injury",75480,"Bicyclist Ride Out - Midblock - Unknown",2008,"Yes","No","Dark - Lighted Roadway","Straight - Level","NC Route","Dry","Two-Way, Divided, Unprotected Median","None","No Special Feature","Smooth Asphalt",0,0,0,0,0,0,0,"5 lanes",2,0,NA,0,NA
4497,5976,"Charlotte","Mecklenburg","Piedmont","Farms, Woods, Pastures","Rural (<30% Developed)",NA,"Urban","40 - 45  MPH","No Control Present","Cloudy","No",54,"50-59","No",NA,"With Traffic","B: Evident Injury","Travel Lane","White","Male",38,"30-39","No",NA,"36-40 mph","O: No Injury","Black","Male","Passenger Car","No","15AUG2008","Friday","Motorist Overtaking Bicyclist",19,"Non-Intersection","August","B: Evident Injury",68640,"Motorist Overtaking - Undetected Bicyclist",2008,"Yes","No","Daylight","Straight - Level","Local Street","Dry","Two-Way, Not Divided","None","No Special Feature","Coarse Asphalt",0,0,0,0,0,0,0,"2 lanes",2,0,NA,0,NA
4498,5985,"Charlotte","Mecklenburg","Piedmont","Commercial","Urban (>70% Developed)",NA,"Urban","30 - 35  MPH","Stop And Go Signal","Cloudy","No",15,"11-15","No",NA,"Facing Traffic","C: Possible Injury","Bike Lane / Paved Shoulder","Black","Male",20,"20-24","No",NA,"11-15 mph","O: No Injury","White","Male","Passenger Car","No","26JUN2008","Thursday","Motorist Failed to Yield - Signalized Intersection",17,"Intersection","June","C: Possible Injury",61380,"Motorist Drive Out - Right Turn on Red",2008,"Yes","Yes","Daylight","Straight - Level","Local Street","Dry","Two-Way, Divided, Unprotected Median","None","No Special Feature","Smooth Asphalt",0,0,0,0,0,0,0,"5 lanes",2,0,NA,0,NA
4499,5992,"Winston-Salem","Forsyth","Piedmont","Residential","Urban (>70% Developed)",NA,"Urban","30 - 35  MPH","Stop Sign","Clear","No",67,"60-69","No",NA,"With Traffic","B: Evident Injury","Travel Lane","White","Male",NA,NA,"Missing",NA,"26-30 mph","Unknown Injury","Unknown/Missing",NA,"Sport Utility","No","20JUL2008","Sunday","Motorist Failed to Yield - Sign-Controlled Intersection",15,"Intersection","July","B: Evident Injury",55440,"Motorist Drive Out - Sign-Controlled Intersection",2008,"Yes","Yes","Daylight","Straight - Level","Local Street","Dry","Two-Way, Not Divided","None","Four-Way Intersection","Smooth Asphalt",0,0,0,0,0,0,0,NA,2,0,NA,0,NA
4500,5993,"Whitsett","Guilford","Piedmont","Residential","Urban (>70% Developed)",NA,"Rural","5 - 15 MPH","Yield Sign","Clear","No",36,"30-39","No",NA,"Not Applicable","B: Evident Injury","Travel Lane","White","Male",39,"30-39","No",NA,"41-45 mph","O: No Injury","Black","Female","Sport Utility","No","25JUL2008","Friday","Non-Roadway",16,"Non-Roadway","July","B: Evident Injury",60600,"Non-Roadway",2008,"No","No","Daylight","Straight - Level","Public Vehicular Area","Dry","One-Way, Not Divided","None","Traffic Circle/Roundabout","Coarse Asphalt",0,0,0,0,0,0,0,"1 lane",2,0,NA,0,NA
4501,6723,"Mint Hill","Mecklenburg","Piedmont","Commercial","Urban (>70% Developed)",NA,"Urban","40 - 45  MPH","Stop Sign","Clear","No",24,"20-24","No",NA,"With Traffic","B: Evident Injury","Sidewalk / Crosswalk / Driveway Crossing","White","Male",34,"30-39","No",NA,"0-5 mph","O: No Injury","White","Male","Passenger Car","No","27APR2007","Friday","Motorist Failed to Yield - Midblock",20,"Non-Intersection","April","B: Evident Injury",73800,"Motorist Drive Out - Commercial Driveway / Alley",2007,"No","No","Dusk","Straight - Level","Local Street","Dry","Two-Way, Not Divided","None","Driveway, Public","Smooth Asphalt",0,0,0,0,0,0,0,"3 lanes",2,0,NA,0,NA
4502,6726,"Charlotte","Mecklenburg","Piedmont","Commercial","Urban (>70% Developed)",NA,"Urban",NA,"Stop And Go Signal","Clear","No",23,"20-24","No",NA,"With Traffic","B: Evident Injury","Travel Lane","White","Male",27,"25-29","No",NA,NA,"O: No Injury","Black","Male",NA,"No","27APR2007","Friday","Motorist Left Turn / Merge",17,"Intersection","April","B: Evident Injury",63960,"Motorist Left Turn - Opposite Direction",2007,"No","Yes","Daylight","Straight - Level","Local Street","Dry","Two-Way, Not Divided","None","No Special Feature","Smooth Asphalt",0,0,0,0,0,0,0,"5 lanes",2,0,NA,0,NA
4503,6728,"Morehead City","Carteret","Coastal","Residential","Urban (>70% Developed)",NA,"Urban","20 - 25  MPH","Stop Sign","Clear","No",NA,"70+","No",NA,"With Traffic","C: Possible Injury","Travel Lane","Black","Male",57,"50-59","No",NA,"0-5 mph","O: No Injury","Black","Male","Van","No","28APR2007","Saturday","Motorist Failed to Yield - Sign-Controlled Intersection",13,"Intersection","April","C: Possible Injury",48240,"Motorist Drive Out - Sign-Controlled Intersection",2007,"Yes","No","Daylight","Straight - Level","Local Street","Dry","Two-Way, Not Divided","None","No Special Feature","Smooth Asphalt",0,0,0,0,0,0,0,"2 lanes",2,0,NA,0,NA
4504,6729,"Burlington","Alamance","Piedmont","Residential","Urban (>70% Developed)",NA,"Urban","30 - 35  MPH","No Control Present","Clear","No",30,"30-39","No",NA,NA,"C: Possible Injury","Travel Lane","Black","Male",NA,NA,"Missing",NA,"0-5 mph","Unknown Injury","Unknown/Missing",NA,"Passenger Car","No","29APR2007","Sunday","Loss of Control / Turning Error",9,"Non-Intersection","April","C: Possible Injury",34680,"Bicyclist Lost Control - Other / Unknown",2007,"Yes","No","Daylight","Straight - Level","Local Street","Dry","Two-Way, Not Divided","None","No Special Feature","Smooth Asphalt",0,0,0,0,0,0,0,"2 lanes",2,0,NA,0,NA
4505,6730,"Monroe","Union","Piedmont","Residential","Urban (>70% Developed)",NA,"Urban","30 - 35  MPH","Stop Sign","Clear","No",9,"6-10","No",NA,"Facing Traffic","A: Disabling Injury",NA,"Hispanic","Male",17,"0-19","No",NA,"31-35 mph","O: No Injury","Black","Female","Passenger Car","No","29APR2007","Sunday","Bicyclist Failed to Yield - Sign-Controlled Intersection",18,"Intersection","April","A: Disabling Injury",64860,"Bicyclist Ride Through - Sign-Controlled Intersection",2007,"Yes","No","Daylight","Straight - Level","Local Street","Dry","Two-Way, Not Divided","None","Four-Way Intersection","Smooth Asphalt",0,0,0,0,0,0,0,"2 lanes",2,0,NA,0,NA
4506,6735,"Wilmington","New Hanover","Coastal","Residential","Urban (>70% Developed)",NA,"Urban","5 - 15 MPH","No Control Present","Clear","No",18,"16-19","No",NA,"With Traffic","O: No Injury",NA,"White","Male",54,"50-59","No",NA,"0-5 mph","O: No Injury","White","Female","Passenger Car","No","30APR2007","Monday","Backing Vehicle",17,"Non-Intersection","April","O: No Injury",63840,"Backing Vehicle",2007,"Yes","No","Daylight","Straight - Level","Private Road, Driveway","Dry","Two-Way, Divided, Positive Median Barrier","None","Driveway, Public","Smooth Asphalt",0,0,0,0,0,0,0,"2 lanes",2,0,NA,0,NA
4507,6740,"Raleigh","Wake","Piedmont","Commercial","Urban (>70% Developed)",NA,"Urban","30 - 35  MPH","Stop And Go Signal","Clear","No",45,"40-49","No",NA,"Facing Traffic","C: Possible Injury","Sidewalk / Crosswalk / Driveway Crossing","Black","Male",32,"30-39","No",NA,"0-5 mph","O: No Injury","White","Male","Passenger Car","No","01MAY2007","Tuesday","Motorist Failed to Yield - Signalized Intersection",16,"Intersection","May","C: Possible Injury",57600,"Motorist Drive Out - Right Turn on Red",2007,"Yes","No","Daylight","Straight - Grade","Local Street","Dry","Two-Way, Not Divided","None","No Special Feature","Smooth Asphalt",0,0,0,0,0,0,0,"5 lanes",2,0,NA,0,NA
4508,6741,"Charlotte","Mecklenburg","Piedmont","Commercial","Urban (>70% Developed)",NA,"Urban","30 - 35  MPH","Stop And Go Signal","Clear","No",28,"25-29","No",NA,"With Traffic","C: Possible Injury","Travel Lane","White","Male",36,"30-39","No",NA,"0-5 mph","O: No Injury","Black","Male","Single Unit Truck (2-Axle, 6-Tire)","No","02MAY2007","Wednesday","Motorist Left Turn / Merge",9,"Intersection","May","C: Possible Injury",35760,"Motorist Left Turn - Opposite Direction",2007,"No","No","Daylight","Straight - Level","Local Street","Dry","Two-Way, Not Divided","None","Four-Way Intersection","Smooth Asphalt",0,0,0,0,0,0,0,"7 lanes",2,0,NA,0,NA
4509,6750,"Chapel Hill","Orange","Piedmont","Residential","Urban (>70% Developed)",NA,"Urban","20 - 25  MPH","Stop Sign","Cloudy","No",12,"11-15","No",NA,NA,"B: Evident Injury","Travel Lane","Black","Male",22,"20-24","No",NA,"21-25 mph","O: No Injury","White","Male","Passenger Car","No","05MAY2007","Saturday","Bicyclist Failed to Yield - Sign-Controlled Intersection",16,"Intersection","May","B: Evident Injury",57840,"Bicyclist Ride Through - Sign-Controlled Intersection",2007,"Yes","No","Daylight","Straight - Grade","Local Street","Dry","Two-Way, Not Divided","None","T-Intersection","Smooth Asphalt",0,0,0,0,0,0,0,"2 lanes",2,0,NA,0,NA
4510,6756,"None - Rural Crash","Vance","Piedmont","Farms, Woods, Pastures","Rural (<30% Developed)",NA,"Rural","50 - 55  MPH","Double Yellow Line, No Passing Zone","Clear","No",35,"30-39","Yes",NA,"With Traffic","A: Disabling Injury","Travel Lane","Black","Male",NA,NA,"Missing",NA,"51-55 mph","Unknown Injury","Unknown/Missing",NA,NA,"Yes","08MAY2007","Tuesday","Motorist Overtaking Bicyclist",22,"Non-Intersection","May","A: Disabling Injury",81000,"Motorist Overtaking - Undetected Bicyclist",2007,"Yes","Yes","Dark - Roadway Not Lighted","Straight - Level","NC Route","Dry","Two-Way, Not Divided","None","No Special Feature","Smooth Asphalt",0,0,0,0,0,0,0,"2 lanes",2,0,NA,0,NA
4511,6759,"Charlotte","Mecklenburg","Piedmont","Commercial","Urban (>70% Developed)",NA,"Urban","20 - 25  MPH","Stop And Go Signal","Clear","No",26,"25-29","No",NA,"Facing Traffic","C: Possible Injury","Travel Lane","Black","Male",50,"50-59","No",NA,"0-5 mph","O: No Injury","White","Female","Sport Utility","No","09MAY2007","Wednesday","Motorist Failed to Yield - Signalized Intersection",19,"Intersection","May","C: Possible Injury",68460,"Motorist Drive Out - Right Turn on Red",2007,"Yes","No","Daylight","Straight - Level","Local Street","Dry","Two-Way, Not Divided","None","No Special Feature","Smooth Asphalt",0,0,0,0,0,0,0,"4 lanes",2,0,NA,0,NA
4512,6762,"Raleigh","Wake","Piedmont","Residential","Mixed (30% To 70% Developed)",NA,"Urban","30 - 35  MPH","No Control Present","Clear","No",22,"20-24","No",NA,NA,"O: No Injury","Non-Roadway","White","Male",22,"20-24","No",NA,"11-15 mph","O: No Injury","Hispanic","Female","Pickup","No","10MAY2007","Thursday","Non-Roadway",15,"Non-Roadway","May","O: No Injury",56280,"Non-Roadway",2007,"No","No","Daylight","Straight - Level","Local Street","Dry","Two-Way, Not Divided","None","No Special Feature","Grooved Concrete",0,0,0,0,0,0,0,"2 lanes",2,0,NA,0,NA
4513,6763,"Salisbury","Rowan","Piedmont","Commercial","Urban (>70% Developed)",NA,"Urban","20 - 25  MPH","No Control Present","Clear","No",18,"16-19","No",NA,"With Traffic","C: Possible Injury","Sidewalk / Crosswalk / Driveway Crossing","Black","Male",21,"20-24","No",NA,"11-15 mph","O: No Injury","White","Male","Pickup","No","03AUG2007","Friday","Motorist Right Turn / Merge",17,"Intersection","August","C: Possible Injury",61380,"Motorist Right Turn - Same Direction",2007,"No","No","Daylight","Straight - Level","Local Street","Dry","Two-Way, Not Divided","None","No Special Feature","Coarse Asphalt",0,0,0,0,0,0,0,"2 lanes",2,0,NA,0,NA
4514,6768,"Kinston","Lenoir","Coastal","Residential","Urban (>70% Developed)",NA,"Urban","30 - 35  MPH","No Control Present","Clear","No",47,"40-49","Yes",NA,"With Traffic","C: Possible Injury","Travel Lane","Black","Male",24,"20-24","No",NA,"31-35 mph","O: No Injury","Black","Male","Sport Utility","Yes","12JUL2007","Thursday","Bicyclist Left Turn / Merge",17,"Non-Intersection","July","C: Possible Injury",63840,"Bicyclist Left Turn - Opposite Direction",2007,"Yes","No","Daylight","Straight - Level","Local Street","Dry","Two-Way, Not Divided","None","Driveway, Private","Smooth Asphalt",0,0,0,0,0,0,0,"2 lanes",2,0,NA,0,NA
4515,6777,"Asheville","Buncombe","Mountains","Commercial","Urban (>70% Developed)",NA,"Urban","30 - 35  MPH","Double Yellow Line, No Passing Zone","Clear","No",28,"25-29","No",NA,"With Traffic","B: Evident Injury","Travel Lane","White","Male",16,"0-19","No",NA,"26-30 mph","O: No Injury","White","Female",NA,"No","10MAY2007","Thursday","Motorist Overtaking Bicyclist",18,"Non-Intersection","May","B: Evident Injury",65160,"Motorist Overtaking - Other / Unknown",2007,"Yes","Yes","Daylight","Straight - Level","Local Street","Dry","Two-Way, Not Divided","None","Bridge","Concrete",0,0,0,0,0,0,0,"2 lanes",2,0,NA,0,NA
4516,6785,"Kernersville","Forsyth","Piedmont","Commercial","Urban (>70% Developed)",NA,"Urban","30 - 35  MPH","No Control Present","Clear","No",45,"40-49","No",NA,"With Traffic","B: Evident Injury","Travel Lane","White","Male",31,"30-39","No",NA,"0-5 mph","O: No Injury","White","Female","Passenger Car","No","17MAY2007","Thursday","Motorist Left Turn / Merge",16,"Non-Intersection","May","B: Evident Injury",60480,"Motorist Left Turn - Opposite Direction",2007,"Yes","No","Daylight","Straight - Level","Local Street","Dry","Two-Way, Divided, Unprotected Median","None","T-Intersection","Coarse Asphalt",0,0,0,0,0,0,0,"3 lanes",2,0,NA,0,NA
4517,6786,"Charlotte","Mecklenburg","Piedmont","Residential","Urban (>70% Developed)",NA,"Urban","40 - 45  MPH","No Control Present","Clear","No",5,"0-5","No",NA,"Not Applicable","A: Disabling Injury",NA,"Black","Male",32,"30-39","No",NA,"6-10 mph","O: No Injury","Black","Female","Van","No","17MAY2007","Thursday","Bicyclist Failed to Yield - Midblock",18,"Non-Intersection","May","A: Disabling Injury",66660,"Bicyclist Ride Out - Midblock - Unknown",2007,"Yes","No","Daylight","Straight - Level","Local Street","Dry","Two-Way, Divided, Unprotected Median","None","No Special Feature","Smooth Asphalt",0,0,0,0,0,0,0,"4 lanes",2,0,NA,0,NA