"...1","object_id","city","county","region","development","locality","on_road","rural_urban","speed_limit","traffic_control","weather","workzone","bike_age","bike_age_group","bike_alcohol","bike_alcohol_drugs","bike_direction","bike_injury","bike_position","bike_race","bike_sex","driver_age","driver_age_group","driver_alcohol","driver_alcohol_drugs","driver_est_speed","driver_injury","driver_race","driver_sex","driver_vehicle_type","crash_alcohol","crash_date","crash_day","crash_group","crash_hour","crash_location","crash_month","crash_severity","crash_time","crash_type","crash_year","ambulance_req","hit_run","light_condition","road_character","road_class","road_condition","road_configuration","road_defects","road_feature","road_surface","num_bikes_ai","num_bikes_bi","num_bikes_ci","num_bikes_ki","num_bikes_no","num_bikes_to","num_bikes_ui","num_lanes","num_units","distance_mi_from","frm_road","rte_invd_cd","towrd_road"
4559,5092,"None - Rural Crash","Pitt","Coastal","Farms, Woods, Pastures","Rural (<30% Developed)",NA,"Rural","50 - 55  MPH","Double Yellow Line, No Passing Zone","Rain","No",15,"11-15","No",NA,"With Traffic","C: Possible Injury","Bike Lane / Paved Shoulder","White","Male",39,"30-39","No",NA,"51-55 mph","O: No Injury","Black","Male","Passenger Car","No","17JUL2009","Friday","Motorist Overtaking Bicyclist",15,"Non-Intersection","July","C: Possible Injury",55800,"Motorist Overtaking - Bicyclist Swerved",2009,"Yes","No","Daylight","Straight - Grade","NC Route","Wet","Two-Way, Not Divided","None","No Special Feature","Coarse Asphalt",0,0,0,0,0,0,0,"2 lanes",2,0,NA,0,NA
4560,5095,"Charlotte","Mecklenburg","Piedmont","Residential","Urban (>70% Developed)",NA,"Urban","20 - 25  MPH","Stop Sign","Clear","No",46,"40-49","No",NA,"With Traffic","K: Killed","Travel Lane","Black","Male",20,"20-24","No",NA,"21-25 mph","O: No Injury","Black","Female","Passenger Car","No","29JUL2009","Wednesday","Bicyclist Failed to Yield - Sign-Controlled Intersection",12,"Intersection","July","K: Killed",45960,"Bicyclist Ride Through - Sign-Controlled Intersection",2009,"Yes","No","Daylight","Straight - Grade","Local Street","Dry","Two-Way, Not Divided","None","Four-Way Intersection","Smooth Asphalt",0,0,0,0,0,0,0,"2 lanes",2,0,NA,0,NA
4561,5106,"Charlotte","Mecklenburg","Piedmont","Residential","Urban (>70% Developed)",NA,"Urban","40 - 45  MPH","No Control Present","Clear","No",18,"16-19","No",NA,"Facing Traffic","C: Possible Injury","Travel Lane","White","Male",35,"30-39","No",NA,"0-5 mph","O: No Injury","White","Male","Sport Utility","No","25AUG2009","Tuesday","Crossing Paths - Other Circumstances",17,"Intersection","August","C: Possible Injury",63660,"Crossing Paths - Intersection - Other / Unknown",2009,"Yes","No","Daylight","Straight - Level","NC Route","Dry","Two-Way, Divided, Positive Median Barrier","None","T-Intersection","Smooth Asphalt",0,0,0,0,0,0,0,"4 lanes",2,0,NA,0,NA
4562,5111,"Greensboro","Guilford","Piedmont","Commercial","Urban (>70% Developed)",NA,"Urban","30 - 35  MPH","No Control Present","Clear","No",20,"20-24","No",NA,"Facing Traffic","C: Possible Injury","Sidewalk / Crosswalk / Driveway Crossing","White","Male",NA,NA,"Missing",NA,"6-10 mph","Unknown Injury","Unknown/Missing",NA,NA,"No","12AUG2009","Wednesday","Motorist Failed to Yield - Midblock",20,"Non-Intersection","August","C: Possible Injury",74520,"Motorist Drive Out - Other Midblock",2009,"No","Yes","Dusk","Straight - Level","Local Street","Dry","Two-Way, Not Divided","None","Driveway, Public","Coarse Asphalt",0,0,0,0,0,0,0,"5 lanes",2,0,NA,0,NA
4563,5116,"None - Rural Crash","Richmond","Piedmont","Farms, Woods, Pastures","Rural (<30% Developed)",NA,"Rural","50 - 55  MPH","No Control Present","Clear","No",52,"50-59","No",NA,"With Traffic","A: Disabling Injury","Travel Lane","White","Male",NA,NA,"No",NA,"51-55 mph","Unknown Injury","Unknown/Missing",NA,"Pickup","No","02SEP2009","Wednesday","Motorist Overtaking Bicyclist",20,"Non-Intersection","September","A: Disabling Injury",72900,"Motorist Overtaking - Other / Unknown",2009,"Yes","Yes","Dark - Roadway Not Lighted","Straight - Grade","NC Route","Dry","Two-Way, Not Divided","None","No Special Feature","Smooth Asphalt",0,0,0,0,0,0,0,"2 lanes",2,0,NA,0,NA
4564,5133,"None - Rural Crash","Cleveland","Mountains","Residential","Rural (<30% Developed)",NA,"Rural","40 - 45  MPH","Double Yellow Line, No Passing Zone","Cloudy","No",10,"6-10","No",NA,"With Traffic","C: Possible Injury","Travel Lane","White","Male",38,"30-39","No",NA,"41-45 mph","O: No Injury","White","Male","Pickup","No","04AUG2009","Tuesday","Bicyclist Left Turn / Merge",16,"Intersection-Related","August","C: Possible Injury",60780,"Bicyclist Left Turn - Same Direction",2009,"Yes","No","Daylight","Straight - Level","State Secondary Route","Dry","Two-Way, Not Divided","None","No Special Feature","Coarse Asphalt",0,0,0,0,0,0,0,"2 lanes",2,0,NA,0,NA
4565,5135,"Apex","Wake","Piedmont","Commercial","Urban (>70% Developed)",NA,"Urban","20 - 25  MPH","No Control Present","Clear","No",29,"25-29","No",NA,"Not Applicable","B: Evident Injury","Non-Roadway","Black","Male",54,"50-59","No",NA,"16-20 mph","O: No Injury","White","Female","Sport Utility","No","27AUG2009","Thursday","Bicyclist Failed to Yield - Midblock",16,"Non-Intersection","August","B: Evident Injury",59760,"Bicyclist Ride Out - Other Midblock",2009,"Yes","No","Daylight","Straight - Grade","Local Street","Dry","Two-Way, Not Divided","None","No Special Feature","Coarse Asphalt",0,0,0,0,0,0,0,NA,2,0,NA,0,NA
4566,5145,"None - Rural Crash","Wayne","Coastal","Farms, Woods, Pastures","Rural (<30% Developed)",NA,"Rural","50 - 55  MPH","Double Yellow Line, No Passing Zone","Clear","No",10,"6-10","No",NA,"With Traffic","Unknown Injury","Travel Lane","Unknown/Missing",NA,25,"25-29","No",NA,"51-55 mph","O: No Injury","Hispanic","Female","Passenger Car","No","15SEP2009","Tuesday","Bicyclist Left Turn / Merge",16,"Non-Intersection","September","O: No Injury",61080,"Bicyclist Left Turn - Same Direction",2009,"No","No","Daylight","Straight - Level","NC Route","Dry","Two-Way, Not Divided","None","Driveway, Private","Smooth Asphalt",0,0,0,0,0,0,0,"2 lanes",2,0,NA,0,NA
4567,5146,"Wilmington","New Hanover","Coastal","Residential","Urban (>70% Developed)",NA,"Urban","20 - 25  MPH","No Control Present","Clear","No",24,"20-24","No",NA,"With Traffic","C: Possible Injury","Sidewalk / Crosswalk / Driveway Crossing","White","Female",33,"30-39","No",NA,"0-5 mph","O: No Injury","Black","Male","Passenger Car","No","01SEP2009","Tuesday","Motorist Failed to Yield - Midblock",14,"Non-Intersection","September","C: Possible Injury",52200,"Motorist Drive Out - Residential Driveway",2009,"No","No","Daylight","Straight - Level","Local Street","Dry","Two-Way, Not Divided","None","No Special Feature","Smooth Asphalt",0,0,0,0,0,0,0,"2 lanes",2,0,NA,0,NA
4568,5151,"Kill Devil Hills","Dare","Coastal","Commercial","Urban (>70% Developed)",NA,"Urban","50 - 55  MPH","Stop And Go Signal","Cloudy","No",24,"20-24","No",NA,"With Traffic","A: Disabling Injury","Sidewalk / Crosswalk / Driveway Crossing","Hispanic","Male",44,"40-49","No",NA,"16-20 mph","O: No Injury","White","Male","Pickup","No","06SEP2009","Sunday","Motorist Left Turn / Merge",8,"Intersection","September","A: Disabling Injury",30600,"Motorist Left Turn - Opposite Direction",2009,"Yes","No","Daylight","Straight - Grade","US Route","Dry","Two-Way, Not Divided","None","Four-Way Intersection","Coarse Asphalt",0,0,0,0,0,0,0,"5 lanes",2,0,NA,0,NA
4569,5162,"Nags Head","Dare","Coastal","Commercial","Urban (>70% Developed)",NA,"Rural","50 - 55  MPH","No Control Present","Clear","No",19,"16-19","No",NA,"Not Applicable","B: Evident Injury","Travel Lane","White","Female",68,"60-69","No",NA,"46-50 mph","O: No Injury","White","Male","Van","No","14JUN2009","Sunday","Bicyclist Failed to Yield - Midblock",21,"Non-Intersection","June","B: Evident Injury",78240,"Bicyclist Ride Out - Midblock - Unknown",2009,"Yes","No","Dark - Roadway Not Lighted","Straight - Level","US Route","Dry","Two-Way, Divided, Unprotected Median","None","No Special Feature","Smooth Asphalt",0,0,0,0,0,0,0,"5 lanes",2,0,NA,0,NA
4570,5167,"Concord","Cabarrus","Piedmont","Commercial","Urban (>70% Developed)",NA,"Urban","5 - 15 MPH","No Control Present","Clear","No",11,"11-15","No",NA,"Not Applicable","C: Possible Injury","Non-Roadway","Black","Male",18,"0-19","No",NA,"0-5 mph","O: No Injury","White","Male","Pickup","No","04SEP2009","Friday","Non-Roadway",20,"Non-Roadway","September","C: Possible Injury",75180,"Non-Roadway",2009,"Yes","No","Other","Straight - Level","Public Vehicular Area","Dry","One-Way, Not Divided","None","Driveway, Public","Smooth Asphalt",0,0,0,0,0,0,0,"1 lane",2,0,NA,0,NA
4571,5169,"Wilmington","New Hanover","Coastal","Commercial","Urban (>70% Developed)",NA,"Urban","20 - 25  MPH","Stop And Go Signal","Cloudy","No",41,"40-49","No",NA,"With Traffic","C: Possible Injury","Travel Lane","White","Male",67,"60-69","No",NA,"16-20 mph","O: No Injury","Black","Female","Passenger Car","No","10SEP2009","Thursday","Motorist Left Turn / Merge",10,"Intersection","September","C: Possible Injury",39060,"Motorist Left Turn - Opposite Direction",2009,"Yes","No","Daylight","Straight - Level","Local Street","Dry","Two-Way, Not Divided","None","No Special Feature","Smooth Asphalt",0,0,0,0,0,0,0,"2 lanes",2,0,NA,0,NA
4572,5186,"None - Rural Crash","Iredell","Piedmont","Residential","Rural (<30% Developed)",NA,"Rural","40 - 45  MPH","Double Yellow Line, No Passing Zone","Clear","No",56,"50-59","No",NA,"With Traffic","A: Disabling Injury","Travel Lane","White","Male",NA,"70+","No",NA,"41-45 mph","O: No Injury","White","Male","Pickup","No","25SEP2009","Friday","Motorist Overtaking Bicyclist",13,"Non-Intersection","September","A: Disabling Injury",47820,"Motorist Overtaking - Misjudged Space",2009,"Yes","No","Daylight","Straight - Level","State Secondary Route","Dry","Two-Way, Not Divided","None","No Special Feature","Smooth Asphalt",0,0,0,0,0,0,0,"2 lanes",2,0,NA,0,NA
4573,5187,"Charlotte","Mecklenburg","Piedmont","Commercial","Urban (>70% Developed)",NA,"Urban","30 - 35  MPH","No Control Present","Cloudy","No",24,"20-24","No",NA,"With Traffic","B: Evident Injury","Travel Lane","White","Male",30,"30-39","No",NA,"31-35 mph","C: Possible Injury","White","Female","Sport Utility","No","17SEP2009","Thursday","Motorist Right Turn / Merge",17,"Intersection","September","B: Evident Injury",61380,"Motorist Right Turn - Same Direction",2009,"No","No","Daylight","Straight - Level","Local Street","Dry","Two-Way, Not Divided","None","No Special Feature","Smooth Asphalt",0,0,0,0,0,0,0,"4 lanes",2,0,NA,0,NA
4574,5191,"Goldsboro","Wayne","Coastal","Commercial","Urban (>70% Developed)",NA,"Urban","30 - 35  MPH","Stop And Go Signal","Clear","No",18,"16-19","No",NA,"Facing Traffic","C: Possible Injury","Travel Lane","Black","Male",65,"60-69","No",NA,"6-10 mph","O: No Injury","Black","Female","Passenger Car","No","19SEP2009","Saturday","Crossing Paths - Other Circumstances",12,"Intersection","September","C: Possible Injury",45900,"Signalized Intersection - Other / Unknown",2009,"No","No","Dark - Lighted Roadway","Straight - Hillcrest","Local Street","Dry","Two-Way, Not Divided","None","Four-Way Intersection","Coarse Asphalt",0,0,0,0,0,0,0,"8 lanes",2,0,NA,0,NA
4575,5195,"None - Rural Crash","Granville","Piedmont","Farms, Woods, Pastures","Rural (<30% Developed)",NA,"Rural","50 - 55  MPH","Double Yellow Line, No Passing Zone","Cloudy","No",19,"16-19","No",NA,"With Traffic","C: Possible Injury","Travel Lane","White","Female",65,"60-69","No",NA,"31-35 mph","O: No Injury","White","Female","Passenger Car","No","20SEP2009","Sunday","Motorist Right Turn / Merge",9,"Non-Intersection","September","C: Possible Injury",35400,"Motorist Right Turn - Same Direction",2009,"No","No","Daylight","Straight - Level","State Secondary Route","Dry","Two-Way, Not Divided","None","Driveway, Private","Coarse Asphalt",0,0,0,0,0,0,0,"2 lanes",2,0,NA,0,NA
4576,5198,"Rocky Mount","Edgecombe","Coastal","Commercial","Urban (>70% Developed)",NA,"Urban","30 - 35  MPH","Stop Sign","Clear","No",47,"40-49","No",NA,"Facing Traffic","B: Evident Injury","Travel Lane","Black","Female",62,"60-69","No",NA,"0-5 mph","O: No Injury","White","Female","Sport Utility","No","14AUG2009","Friday","Motorist Failed to Yield - Sign-Controlled Intersection",9,"Intersection","August","B: Evident Injury",34740,"Motorist Drive Out - Sign-Controlled Intersection",2009,"Yes","No","Daylight","Straight - Level","Local Street","Dry","Two-Way, Not Divided","None","No Special Feature","Smooth Asphalt",0,0,0,0,0,0,0,"3 lanes",2,0,NA,0,NA
4577,5207,"Fayetteville","Cumberland","Coastal","Commercial","Urban (>70% Developed)",NA,"Urban","30 - 35  MPH","Stop And Go Signal","Cloudy","No",20,"20-24","No",NA,"Facing Traffic","Unknown Injury","Travel Lane","Unknown/Missing",NA,NA,NA,"Missing",NA,"0-5 mph","Unknown Injury","Unknown/Missing",NA,NA,"No","23SEP2009","Wednesday","Motorist Failed to Yield - Signalized Intersection",10,"Intersection","September","Unknown Injury",37920,"Motorist Drive Out - Right Turn on Red",2009,"Yes","Yes","Daylight","Straight - Level","Local Street","Dry","Two-Way, Not Divided","None","No Special Feature","Coarse Asphalt",0,0,0,0,0,0,0,"4 lanes",2,0,NA,0,NA
4578,5208,"Charlotte","Mecklenburg","Piedmont","Residential","Urban (>70% Developed)",NA,"Urban","20 - 25  MPH","No Control Present","Clear","No",11,"11-15","No",NA,"Not Applicable","C: Possible Injury",NA,"Hispanic","Male",23,"20-24","No",NA,"16-20 mph","O: No Injury","Black","Female","Passenger Car","No","24SEP2009","Thursday","Bicyclist Failed to Yield - Midblock",19,"Non-Intersection","September","C: Possible Injury",68880,"Bicyclist Ride Out - Midblock - Unknown",2009,"No","No","Dusk","Straight - Grade","Local Street","Dry","Two-Way, Not Divided","None","No Special Feature","Smooth Asphalt",0,0,0,0,0,0,0,"2 lanes",2,0,NA,0,NA
4579,5216,"Raleigh","Wake","Piedmont","Commercial","Urban (>70% Developed)",NA,"Urban","5 - 15 MPH","Stop Sign","Clear","No",22,"20-24","No",NA,"Facing Traffic","B: Evident Injury","Sidewalk / Crosswalk / Driveway Crossing","White","Male",46,"40-49","No",NA,"0-5 mph","O: No Injury","White","Female","Sport Utility","No","04SEP2009","Friday","Motorist Failed to Yield - Sign-Controlled Intersection",19,"Intersection","September","B: Evident Injury",68460,"Motorist Drive Out - Sign-Controlled Intersection",2009,"Yes","No","Daylight","Straight - Level","Local Street","Dry","Two-Way, Divided, Unprotected Median","None","Driveway, Public","Smooth Asphalt",0,0,0,0,0,0,0,"4 lanes",2,0,NA,0,NA
4580,5224,"Raleigh","Wake","Piedmont","Commercial","Urban (>70% Developed)",NA,"Urban","30 - 35  MPH","Stop And Go Signal","Clear","No",34,"30-39","No",NA,"Facing Traffic","B: Evident Injury","Sidewalk / Crosswalk / Driveway Crossing","White","Male",NA,NA,"Missing",NA,"31-35 mph","Unknown Injury","Unknown/Missing",NA,NA,"No","02SEP2009","Wednesday","Motorist Failed to Yield - Signalized Intersection",21,"Intersection","September","B: Evident Injury",78900,"Motorist Drive Through - Signalized Intersection",2009,"Yes","Yes","Dark - Lighted Roadway","Straight - Level","Local Street","Dry","Two-Way, Divided, Positive Median Barrier","None","Y-Intersection","Smooth Asphalt",0,0,0,0,0,0,0,"4 lanes",2,0,NA,0,NA
4581,5225,"None - Rural Crash","Ashe","Mountains","Residential","Mixed (30% To 70% Developed)",NA,"Rural","30 - 35  MPH","Double Yellow Line, No Passing Zone","Cloudy","No",11,"11-15","No",NA,"Not Applicable","B: Evident Injury","Non-Roadway","White","Male",16,"0-19","No",NA,"21-25 mph","O: No Injury","White","Female","Passenger Car","No","24SEP2009","Thursday","Bicyclist Failed to Yield - Midblock",15,"Non-Intersection","September","B: Evident Injury",57300,"Bicyclist Ride Out - Other Midblock",2009,"Yes","No","Daylight","Straight - Hillcrest","State Secondary Route","Dry","Two-Way, Not Divided","None","No Special Feature","Smooth Asphalt",0,0,0,0,0,0,0,"2 lanes",2,0,NA,0,NA
4582,5231,"None - Rural Crash","Stokes","Piedmont","Farms, Woods, Pastures","Mixed (30% To 70% Developed)",NA,"Rural","40 - 45  MPH","Double Yellow Line, No Passing Zone","Clear","No",18,"16-19","No",NA,"With Traffic","C: Possible Injury","Travel Lane","White","Male",NA,NA,"Missing",NA,"41-45 mph","Unknown Injury","Unknown/Missing",NA,NA,"No","28SEP2009","Monday","Loss of Control / Turning Error",20,"Non-Intersection","September","C: Possible Injury",72000,"Motorist Lost Control - Other / Unknown",2009,"Yes","Yes","Dark - Roadway Not Lighted","Curve - Level","NC Route","Dry","Two-Way, Not Divided","None","No Special Feature","Smooth Asphalt",0,0,0,0,0,0,0,"2 lanes",2,0,NA,0,NA
4583,5235,"Statesville","Iredell","Piedmont","Residential","Urban (>70% Developed)",NA,"Urban","30 - 35  MPH","Stop Sign","Clear","No",16,"16-19","No",NA,"With Traffic","B: Evident Injury","Travel Lane","Black","Male",43,"40-49","No",NA,"26-30 mph","O: No Injury","Black","Female","Passenger Car","No","02OCT2009","Friday","Bicyclist Failed to Yield - Sign-Controlled Intersection",16,"Intersection","October","B: Evident Injury",58500,"Bicyclist Ride Through - Sign-Controlled Intersection",2009,"Yes","No","Daylight","Straight - Grade","Local Street","Dry","Two-Way, Not Divided","None","No Special Feature","Smooth Asphalt",0,0,0,0,0,0,0,"2 lanes",2,0,NA,0,NA
4584,5243,"Jacksonville","Onslow","Coastal","Residential","Rural (<30% Developed)",NA,"Urban","30 - 35  MPH","Stop Sign","Clear","No",16,"16-19","No",NA,"Facing Traffic","C: Possible Injury","Travel Lane","Black","Male",38,"30-39","No",NA,"0-5 mph","O: No Injury","Black","Female","Passenger Car","No","18SEP2009","Friday","Motorist Failed to Yield - Sign-Controlled Intersection",15,"Intersection","September","C: Possible Injury",57480,"Motorist Drive Out - Sign-Controlled Intersection",2009,"Yes","No","Daylight","Straight - Level","Local Street","Dry","Two-Way, Not Divided","None","T-Intersection","Smooth Asphalt",0,0,0,0,0,0,0,NA,2,0,NA,0,NA
4585,5246,"Raleigh","Wake","Piedmont","Residential","Urban (>70% Developed)",NA,"Urban","30 - 35  MPH","Stop Sign","Clear","No",14,"11-15","No",NA,"With Traffic","B: Evident Injury","Travel Lane","White","Male",52,"50-59","No",NA,"26-30 mph","O: No Injury","White","Male","Sport Utility","No","20SEP2009","Sunday","Bicyclist Failed to Yield - Sign-Controlled Intersection",15,"Intersection","September","B: Evident Injury",54600,"Bicyclist Ride Through - Sign-Controlled Intersection",2009,"Yes","No","Daylight","Straight - Grade","Local Street","Dry","Two-Way, Not Divided","None","No Special Feature","Coarse Asphalt",0,0,0,0,0,0,0,"2 lanes",2,0,NA,0,NA
4586,5251,"Raleigh","Wake","Piedmont","Residential","Urban (>70% Developed)",NA,"Urban","30 - 35  MPH","Stop Sign","Clear","No",25,"25-29","No",NA,"Facing Traffic","C: Possible Injury","Sidewalk / Crosswalk / Driveway Crossing","Black","Male",32,"30-39","No",NA,NA,"O: No Injury","White","Female","Sport Utility","No","25SEP2009","Friday","Motorist Failed to Yield - Sign-Controlled Intersection",15,"Intersection","September","C: Possible Injury",54900,"Motorist Drive Out - Sign-Controlled Intersection",2009,"No","No","Daylight","Straight - Level","Local Street","Dry","Two-Way, Not Divided","None","T-Intersection","Smooth Asphalt",0,0,0,0,0,0,0,"2 lanes",2,0,NA,0,NA
4587,5254,"Charlotte","Mecklenburg","Piedmont","Residential","Mixed (30% To 70% Developed)",NA,"Urban",NA,"No Control Present","Clear","No",44,"40-49","No",NA,"With Traffic","Unknown Injury","Travel Lane","Black","Male",17,"0-19","No",NA,NA,"C: Possible Injury","Black","Male","Pedestrian","No","30SEP2009","Wednesday","Motorist Overtaking Bicyclist",19,"Non-Intersection","September","C: Possible Injury",69720,"Motorist Overtaking - Bicyclist Swerved",2009,"No","No","Dawn","Straight - Grade","Local Street","Water (Standing, Moving)","Two-Way, Not Divided","None","No Special Feature","Smooth Asphalt",0,0,0,0,0,0,0,"2 lanes",2,0,NA,0,NA
4588,5263,"Greensboro","Guilford","Piedmont","Commercial","Urban (>70% Developed)",NA,"Urban","20 - 25  MPH","Stop And Go Signal","Clear","No",17,"16-19","No",NA,"With Traffic","B: Evident Injury","Travel Lane","White","Male",21,"20-24","No",NA,"16-20 mph","C: Possible Injury","Black","Female","Passenger Car","No","07OCT2009","Wednesday","Bicyclist Failed to Yield - Signalized Intersection",21,"Intersection","October","B: Evident Injury",77220,"Bicyclist Failed to Clear - Trapped",2009,"Yes","No","Dark - Lighted Roadway","Straight - Level","Local Street","Dry","One-Way, Not Divided","None","Related To Intersection","Smooth Asphalt",0,0,0,0,0,0,0,"4 lanes",2,0,NA,0,NA
4589,5265,"Kernersville","Forsyth","Piedmont","Residential","Urban (>70% Developed)",NA,"Urban","30 - 35  MPH","Stop Sign","Cloudy","No",17,"16-19","No",NA,"Facing Traffic","C: Possible Injury","Travel Lane","White","Male",66,"60-69","No",NA,"0-5 mph","O: No Injury","White","Female","Passenger Car","No","10OCT2009","Saturday","Motorist Failed to Yield - Sign-Controlled Intersection",21,"Intersection","October","C: Possible Injury",75840,"Motorist Drive Out - Sign-Controlled Intersection",2009,"No","No","Dark - Roadway Not Lighted","Straight - Level","Local Street","Dry","Two-Way, Not Divided","None","T-Intersection","Smooth Asphalt",0,0,0,0,0,0,0,"4 lanes",2,0,NA,0,NA
4590,5266,"None - Rural Crash","Moore","Piedmont","Farms, Woods, Pastures","Rural (<30% Developed)",NA,"Rural","50 - 55  MPH","Stop Sign","Cloudy","No",17,"16-19","No",NA,"With Traffic","A: Disabling Injury","Travel Lane","Black","Male",40,"40-49","No",NA,"51-55 mph","C: Possible Injury","Hispanic","Female","Sport Utility","No","06OCT2009","Tuesday","Bicyclist Failed to Yield - Sign-Controlled Intersection",17,"Intersection","October","A: Disabling Injury",62100,"Bicyclist Ride Through - Sign-Controlled Intersection",2009,"Yes","No","Daylight","Straight - Grade","State Secondary Route","Dry","Two-Way, Not Divided","None","T-Intersection","Coarse Asphalt",0,0,0,0,0,0,0,"2 lanes",2,0,NA,0,NA
4591,5269,"Charlotte","Mecklenburg","Piedmont","Commercial","Urban (>70% Developed)",NA,"Urban","40 - 45  MPH","Stop And Go Signal","Rain","No",46,"40-49","No",NA,"Facing Traffic","C: Possible Injury","Travel Lane","Black","Male",54,"50-59","No",NA,"0-5 mph","O: No Injury","Black","Female","Passenger Car","No","14OCT2009","Wednesday","Bicyclist Failed to Yield - Signalized Intersection",8,"Intersection","October","C: Possible Injury",30600,"Bicyclist Ride Through - Signalized Intersection",2009,"Yes","No","Daylight","Straight - Level","Local Street","Wet","Two-Way, Not Divided","None","T-Intersection","Smooth Asphalt",0,0,0,0,0,0,0,"6 lanes",2,0,NA,0,NA
4592,5270,"Fayetteville","Cumberland","Coastal","Residential","Rural (<30% Developed)",NA,"Urban","40 - 45  MPH","No Control Present","Clear","No",38,"30-39","No",NA,"With Traffic","B: Evident Injury","Travel Lane","Hispanic","Male",63,"60-69","No",NA,"21-25 mph","O: No Injury","Black","Female","Passenger Car","No","16OCT2009","Friday","Bicyclist Left Turn / Merge",18,"Non-Intersection","October","B: Evident Injury",65700,"Bicyclist Left Turn - Same Direction",2009,"Yes","No","Daylight","Straight - Level","Local Street","Dry","Two-Way, Not Divided","None","No Special Feature","Coarse Asphalt",0,0,0,0,0,0,0,"5 lanes",2,0,NA,0,NA
4593,5277,"Beaufort","Carteret","Coastal","Residential","Urban (>70% Developed)",NA,"Rural","20 - 25  MPH","No Control Present","Clear","No",50,"50-59","No",NA,"With Traffic","B: Evident Injury","Travel Lane","White","Male",36,"30-39","Yes",NA,"21-25 mph","O: No Injury","Black","Male","Passenger Car","Yes","27OCT2009","Tuesday","Motorist Left Turn / Merge",20,"Intersection","October","B: Evident Injury",74700,"Motorist Left Turn - Opposite Direction",2009,"Yes","Yes","Dark - Lighted Roadway","Straight - Level","Local Street","Dry","Two-Way, Not Divided","None","Four-Way Intersection","Smooth Asphalt",0,0,0,0,0,0,0,"2 lanes",2,0,NA,0,NA
4594,5288,"Fayetteville","Cumberland","Coastal","Commercial","Urban (>70% Developed)",NA,"Urban","30 - 35  MPH","Stop And Go Signal","Clear","No",14,"11-15","No",NA,"With Traffic","C: Possible Injury","Sidewalk / Crosswalk / Driveway Crossing","White","Male",20,"20-24","No",NA,"21-25 mph","O: No Injury","Black","Female","Passenger Car","No","28OCT2009","Wednesday","Motorist Left Turn / Merge",22,"Intersection","October","C: Possible Injury",82380,"Motorist Left Turn - Opposite Direction",2009,"No","No","Dark - Lighted Roadway","Straight - Level","Local Street","Dry","Two-Way, Divided, Unprotected Median","None","Four-Way Intersection","Coarse Asphalt",0,0,0,0,0,0,0,"5 lanes",2,0,NA,0,NA
4595,5297,"Holly Springs","Wake","Piedmont","Residential","Urban (>70% Developed)",NA,"Urban","30 - 35  MPH","Stop And Go Signal","Clear","No",41,"40-49","No",NA,"With Traffic","B: Evident Injury","Travel Lane","White","Male",28,"25-29","No",NA,"0-5 mph","O: No Injury","Black","Female","Passenger Car","No","31OCT2009","Saturday","Motorist Left Turn / Merge",16,"Intersection","October","B: Evident Injury",58320,"Motorist Left Turn - Opposite Direction",2009,"Yes","No","Daylight","Straight - Level","Local Street","Dry","Two-Way, Not Divided","None","No Special Feature","Smooth Asphalt",0,0,0,0,0,0,0,"3 lanes",2,0,NA,0,NA
4596,5300,"Raleigh","Wake","Piedmont","Residential","Urban (>70% Developed)",NA,"Urban","30 - 35  MPH","No Control Present","Clear","No",30,"30-39","Yes",NA,"Not Applicable","C: Possible Injury",NA,"Black","Male",49,"40-49","No",NA,"31-35 mph","O: No Injury","Black","Male","Passenger Car","Yes","08OCT2009","Thursday","Bicyclist Failed to Yield - Midblock",20,"Non-Intersection","October","C: Possible Injury",72720,"Bicyclist Ride Out - Midblock - Unknown",2009,"Yes","No","Dark - Lighted Roadway","Straight - Hillcrest","Local Street","Dry","One-Way, Not Divided","None","No Special Feature","Smooth Asphalt",0,0,0,0,0,0,0,"3 lanes",2,0,NA,0,NA
4597,5307,"Tarboro","Edgecombe","Coastal","Commercial","Urban (>70% Developed)",NA,"Urban","40 - 45  MPH","Stop Sign","Rain","No",48,"40-49","No",NA,"With Traffic","C: Possible Injury","Travel Lane","Black","Male",18,"0-19","No",NA,"0-5 mph","O: No Injury","Black","Male","Passenger Car","No","01NOV2009","Sunday","Motorist Failed to Yield - Sign-Controlled Intersection",16,"Intersection","November","C: Possible Injury",59940,"Motorist Drive Out - Sign-Controlled Intersection",2009,"Yes","No","Daylight","Straight - Level","Local Street","Wet","Two-Way, Divided, Unprotected Median",NA,"Driveway, Private","Smooth Asphalt",0,0,0,0,0,0,0,"1 lane",2,0,NA,0,NA
4598,5308,"Oxford","Granville","Piedmont","Commercial","Urban (>70% Developed)",NA,"Urban","30 - 35  MPH","Stop And Go Signal","Clear","No",45,"40-49","No",NA,NA,"C: Possible Injury",NA,"Black","Male",53,"50-59","No",NA,"11-15 mph","O: No Injury","Black","Male","Passenger Car","No","28APR2009","Tuesday","Crossing Paths - Other Circumstances",16,"Intersection-Related","April","C: Possible Injury",60960,"Crossing Paths - Intersection - Other / Unknown",2009,"Yes","No","Daylight","Straight - Level","Local Street","Dry","Two-Way, Not Divided","None","No Special Feature","Smooth Asphalt",0,0,0,0,0,0,0,"9 or more lanes",3,0,NA,0,NA
4599,5316,"Greensboro","Guilford","Piedmont","Commercial","Urban (>70% Developed)",NA,"Urban","30 - 35  MPH","No Control Present","Clear","No",52,"50-59","No",NA,"With Traffic","A: Disabling Injury","Sidewalk / Crosswalk / Driveway Crossing","White","Female",17,"0-19","No",NA,"0-5 mph","O: No Injury","White","Male","Passenger Car","No","08NOV2009","Sunday","Motorist Failed to Yield - Midblock",13,"Non-Intersection","November","A: Disabling Injury",49800,"Motorist Drive Out - Commercial Driveway / Alley",2009,"Yes","No","Daylight","Straight - Grade",NA,"Dry","Two-Way, Not Divided","None","No Special Feature","Concrete",0,0,0,0,0,0,0,"4 lanes",2,0,NA,0,NA