"...1","object_id","city","county","region","development","locality","on_road","rural_urban","speed_limit","traffic_control","weather","workzone","bike_age","bike_age_group","bike_alcohol","bike_alcohol_drugs","bike_direction","bike_injury","bike_position","bike_race","bike_sex","driver_age","driver_age_group","driver_alcohol","driver_alcohol_drugs","driver_est_speed","driver_injury","driver_race","driver_sex","driver_vehicle_type","crash_alcohol","crash_date","crash_day","crash_group","crash_hour","crash_location","crash_month","crash_severity","crash_time","crash_type","crash_year","ambulance_req","hit_run","light_condition","road_character","road_class","road_condition","road_configuration","road_defects","road_feature","road_surface","num_bikes_ai","num_bikes_bi","num_bikes_ci","num_bikes_ki","num_bikes_no","num_bikes_to","num_bikes_ui","num_lanes","num_units","distance_mi_from","frm_road","rte_invd_cd","towrd_road"
4600,5327,"None - Rural Crash","Guilford","Piedmont","Farms, Woods, Pastures","Rural (<30% Developed)",NA,"Rural","50 - 55  MPH","No Control Present","Clear","No",55,"50-59","No",NA,"With Traffic","K: Killed","Travel Lane","White","Male",48,"40-49","No",NA,"46-50 mph","O: No Injury","White","Female","Sport Utility","No","24OCT2009","Saturday","Loss of Control / Turning Error",17,"Non-Intersection","October","K: Killed",63660,"Motorist Lost Control - Other / Unknown",2009,"Yes","No","Daylight","Straight - Grade","State Secondary Route","Dry","Two-Way, Not Divided","None","No Special Feature","Smooth Asphalt",0,0,0,0,0,0,0,"2 lanes",2,0,NA,0,NA
4601,5937,"Elizabeth City","Pasquotank","Coastal","Residential","Urban (>70% Developed)",NA,"Urban","20 - 25  MPH","Double Yellow Line, No Passing Zone","Clear","No",35,"30-39","No",NA,"Facing Traffic","C: Possible Injury","Travel Lane","Black","Male",66,"60-69","No",NA,"16-20 mph","O: No Injury","White","Male","Passenger Car","No","04JUL2008","Friday","Head-On",12,"Non-Intersection","July","C: Possible Injury",43500,"Head-On - Bicyclist",2008,"Yes","No","Daylight","Straight - Level","Local Street","Dry","Two-Way, Not Divided","None","No Special Feature","Smooth Asphalt",0,0,0,0,0,0,0,"2 lanes",2,0,NA,0,NA
4602,5940,"None - Rural Crash","Rowan","Piedmont","Residential","Mixed (30% To 70% Developed)",NA,"Rural","50 - 55  MPH","Double Yellow Line, No Passing Zone","Cloudy","No",49,"40-49","No",NA,"With Traffic","C: Possible Injury","Travel Lane","White","Male",41,"40-49","No",NA,"51-55 mph","O: No Injury","White","Male","Pickup","No","07JUL2008","Monday","Motorist Overtaking Bicyclist",9,"Non-Intersection","July","C: Possible Injury",35880,"Motorist Overtaking - Undetected Bicyclist",2008,"No","No","Daylight","Straight - Grade","State Secondary Route","Dry","Two-Way, Not Divided","None","No Special Feature","Smooth Asphalt",0,0,0,0,0,0,0,"2 lanes",2,0,NA,0,NA
4603,5943,"None - Rural Crash","Wayne","Coastal","Residential","Mixed (30% To 70% Developed)",NA,"Rural",NA,"No Control Present","Clear","No",17,"16-19","No",NA,"Not Applicable","C: Possible Injury","Non-Roadway","Black","Female",33,"30-39","No",NA,"6-10 mph","O: No Injury","Black","Male","Pickup","No","07JUL2008","Monday","Non-Roadway",18,"Non-Roadway","July","C: Possible Injury",67980,"Non-Roadway",2008,"Yes","No","Daylight","Straight - Level","Public Vehicular Area","Dry","Two-Way, Not Divided","None","Driveway, Public","Coarse Asphalt",0,0,0,0,0,0,0,"2 lanes",2,0,NA,0,NA
4604,5957,"Smithfield","Johnston","Coastal","Residential","Urban (>70% Developed)",NA,"Urban","20 - 25  MPH","Stop Sign","Clear","No",13,"11-15","No",NA,"With Traffic","A: Disabling Injury","Travel Lane","Black","Male",NA,NA,"Missing",NA,"21-25 mph","Unknown Injury","Unknown/Missing",NA,"Passenger Car","No","11JUL2008","Friday","Bicyclist Failed to Yield - Sign-Controlled Intersection",14,"Intersection","July","A: Disabling Injury",52680,"Bicyclist Ride Through - Sign-Controlled Intersection",2008,"Yes","Yes","Daylight","Curve - Grade","Local Street","Wet","Two-Way, Not Divided","None","T-Intersection","Coarse Asphalt",0,0,0,0,0,0,0,"2 lanes",2,0,NA,0,NA
4605,5958,"New Bern","Craven","Coastal","Residential","Urban (>70% Developed)",NA,"Urban","20 - 25  MPH","Stop Sign","Clear","No",15,"11-15","No",NA,"Facing Traffic","B: Evident Injury","Other","Black","Male",NA,NA,"Missing",NA,"0-5 mph","Unknown Injury","Unknown/Missing",NA,NA,"No","19JUN2008","Thursday","Motorist Failed to Yield - Sign-Controlled Intersection",13,"Intersection","June","B: Evident Injury",46800,"Motorist Drive Out - Sign-Controlled Intersection",2008,"No","Yes","Daylight","Straight - Level","NC Route","Dry","Two-Way, Divided, Unprotected Median","None","T-Intersection","Smooth Asphalt",0,0,0,0,0,0,0,"5 lanes",2,0,NA,0,NA
4606,5964,"Stanley","Gaston","Piedmont","Residential","Urban (>70% Developed)",NA,"Rural","30 - 35  MPH","Stop And Go Signal","Clear","No",12,"11-15","No",NA,NA,"C: Possible Injury",NA,"White","Male",38,"30-39","No",NA,"6-10 mph","O: No Injury","White","Female","Sport Utility","No","02JUL2008","Wednesday","Other / Unknown - Insufficient Details",18,"Intersection","July","C: Possible Injury",67860,"Unknown Approach Paths",2008,"No","No","Daylight","Straight - Level","Local Street","Dry","Two-Way, Not Divided","None","T-Intersection","Smooth Asphalt",0,0,0,0,0,0,0,"2 lanes",2,0,NA,0,NA
4607,5967,"Durham","Durham","Piedmont","Commercial","Urban (>70% Developed)",NA,"Urban","30 - 35  MPH","No Control Present","Clear","No",46,"40-49","No",NA,"With Traffic","O: No Injury","Travel Lane","Black","Male",64,"60-69","No",NA,"26-30 mph","O: No Injury","Black","Female","Passenger Car","No","11AUG2008","Monday","Bicyclist Left Turn / Merge",19,"Non-Intersection","August","O: No Injury",68760,"Bicyclist Left Turn - Same Direction",2008,"Yes","No","Daylight","Straight - Level","Local Street","Dry","Two-Way, Not Divided","None","No Special Feature","Smooth Asphalt",0,0,0,0,0,0,0,"2 lanes",2,0,NA,0,NA
4608,5968,"Kill Devil Hills","Dare","Coastal","Commercial","Mixed (30% To 70% Developed)",NA,"Urban","30 - 35  MPH","Stop And Go Signal","Clear","No",19,"16-19","No",NA,"Facing Traffic","C: Possible Injury","Travel Lane","White","Female",50,"50-59","No",NA,"0-5 mph","O: No Injury","White","Female","Passenger Car","No","14JUL2008","Monday","Bicyclist Failed to Yield - Signalized Intersection",7,"Intersection","July","C: Possible Injury",28200,"Bicyclist Ride Out - Signalized  Intersection",2008,"Yes","No","Daylight","Straight - Level","Local Street","Dry","Two-Way, Divided, Positive Median Barrier","None","Four-Way Intersection","Concrete",0,0,0,0,0,0,0,"4 lanes",2,0,NA,0,NA
4609,5970,"None - Rural Crash","Guilford","Piedmont","Farms, Woods, Pastures","Mixed (30% To 70% Developed)",NA,"Rural","40 - 45  MPH","Double Yellow Line, No Passing Zone","Clear","No",45,"40-49","No",NA,"With Traffic","A: Disabling Injury","Travel Lane","White","Male",23,"20-24","No",NA,"41-45 mph","O: No Injury","Other","Male","Passenger Car","No","17JUL2008","Thursday","Bicyclist Left Turn / Merge",10,"Intersection","July","A: Disabling Injury",37200,"Bicyclist Left Turn - Same Direction",2008,"Yes","No","Daylight","Straight - Level","NC Route","Dry","Two-Way, Not Divided","None","T-Intersection","Smooth Asphalt",0,0,0,0,0,0,0,"2 lanes",2,0,NA,0,NA
4610,5974,"Charlotte","Mecklenburg","Piedmont","Commercial","Urban (>70% Developed)",NA,"Urban","30 - 35  MPH","No Control Present","Clear","No",44,"40-49","Yes",NA,"With Traffic","K: Killed","Travel Lane","Hispanic","Male",24,"20-24","Yes",NA,"31-35 mph","O: No Injury","Black","Male","Passenger Car","Yes","08AUG2008","Friday","Bicyclist Failed to Yield - Sign-Controlled Intersection",23,"Intersection","August","K: Killed",83160,"Bicyclist Ride Out - Sign-Controlled Intersection",2008,"Yes","No","Dark - Lighted Roadway","Straight - Level","Local Street","Dry","Two-Way, Divided, Unprotected Median","None","T-Intersection","Coarse Asphalt",0,0,0,0,0,0,0,"4 lanes",2,0,NA,0,NA
4611,5975,"Charlotte","Mecklenburg","Piedmont","Commercial","Urban (>70% Developed)",NA,"Urban","30 - 35  MPH","Stop And Go Signal","Cloudy","No",44,"40-49","No",NA,"With Traffic","A: Disabling Injury","Travel Lane","White","Male",19,"0-19","No",NA,"31-35 mph","O: No Injury","Black","Female","Passenger Car","No","15AUG2008","Friday","Crossing Paths - Other Circumstances",19,"Intersection","August","A: Disabling Injury",70440,"Signalized Intersection - Other / Unknown",2008,"Yes","No","Daylight","Straight - Level","Local Street","Wet","Two-Way, Divided, Unprotected Median","None","No Special Feature","Smooth Asphalt",0,0,0,0,0,0,0,"4 lanes",2,0,NA,0,NA
4612,5980,"Spring Lake","Cumberland","Coastal","Commercial","Urban (>70% Developed)",NA,"Urban","20 - 25  MPH","Stop Sign","Clear","No",44,"40-49","No",NA,"With Traffic","C: Possible Injury","Travel Lane","Black","Male",46,"40-49","No",NA,"11-15 mph","O: No Injury","White","Male","Passenger Car","No","05AUG2008","Tuesday","Motorist Failed to Yield - Sign-Controlled Intersection",11,"Intersection","August","C: Possible Injury",41940,"Motorist Drive Out - Sign-Controlled Intersection",2008,"No","No","Daylight","Straight - Level","Local Street","Dry",NA,"Road Surface Condition","T-Intersection","Coarse Asphalt",0,0,0,0,0,0,0,"4 lanes",2,0,NA,0,NA
4613,5987,"None - Rural Crash","Franklin","Piedmont","Farms, Woods, Pastures","Rural (<30% Developed)",NA,"Rural","50 - 55  MPH","Double Yellow Line, No Passing Zone","Clear","No",13,"11-15","No",NA,"With Traffic","B: Evident Injury","Travel Lane","White","Male",18,"0-19","No",NA,"46-50 mph","O: No Injury","White","Male","Pickup","No","20JUL2008","Sunday","Bicyclist Left Turn / Merge",19,"Non-Intersection","July","B: Evident Injury",71340,"Bicyclist Left Turn - Same Direction",2008,"Yes","No","Dusk","Straight - Grade","State Secondary Route","Dry","Two-Way, Not Divided","None","No Special Feature","Coarse Asphalt",0,0,0,0,0,0,0,"2 lanes",2,0,NA,0,NA
4614,5988,"Winston-Salem","Forsyth","Piedmont","Commercial","Urban (>70% Developed)",NA,"Urban","30 - 35  MPH","Stop Sign","Clear","No",69,"60-69","No",NA,"With Traffic","B: Evident Injury","Travel Lane","White","Male",28,"25-29","No",NA,"0-5 mph","O: No Injury","White","Female","Passenger Car","No","21JUL2008","Monday","Motorist Failed to Yield - Sign-Controlled Intersection",10,"Intersection","July","B: Evident Injury",36960,"Motorist Drive Out - Sign-Controlled Intersection",2008,"Yes","No","Daylight","Straight - Level","Local Street","Dry","Two-Way, Not Divided","None","T-Intersection","Smooth Asphalt",0,0,0,0,0,0,0,"4 lanes",2,0,NA,0,NA
4615,5998,"Sunset Beach","Brunswick","Coastal","Residential","Rural (<30% Developed)",NA,"Rural","30 - 35  MPH","Missing","Cloudy","No",64,"60-69","No",NA,"With Traffic","B: Evident Injury","Travel Lane","White","Female",57,"50-59","No",NA,"0-5 mph","O: No Injury","White","Female","Van","No","24JUL2008","Thursday","Motorist Left Turn / Merge",8,"Non-Intersection","July","B: Evident Injury",30600,"Motorist Left Turn - Opposite Direction",2008,"Yes","No","Daylight","Straight - Level","Local Street","Wet","Two-Way, Not Divided","None","No Special Feature","Coarse Asphalt",0,0,0,0,0,0,0,"2 lanes",2,0,NA,0,NA
4616,5999,"Greensboro","Guilford","Piedmont","Commercial","Urban (>70% Developed)",NA,"Urban","20 - 25  MPH","Stop And Go Signal","Clear","No",24,"20-24","No",NA,"Facing Traffic","C: Possible Injury","Sidewalk / Crosswalk / Driveway Crossing","Black","Female",56,"50-59","No",NA,"6-10 mph","O: No Injury","White","Male","Passenger Car","No","08JUL2008","Tuesday","Motorist Failed to Yield - Signalized Intersection",7,"Intersection","July","C: Possible Injury",26880,"Motorist Drive Out - Right Turn on Red",2008,"No","No","Daylight","Straight - Grade","Local Street","Dry","Two-Way, Not Divided","None","T-Intersection","Smooth Asphalt",0,0,0,0,0,0,0,"2 lanes",2,0,NA,0,NA
4617,6009,"Winston-Salem","Forsyth","Piedmont","Commercial","Urban (>70% Developed)",NA,"Urban","30 - 35  MPH","Stop And Go Signal","Clear","No",37,"30-39","Yes",NA,"With Traffic","A: Disabling Injury","Sidewalk / Crosswalk / Driveway Crossing","Hispanic","Male",42,"40-49","No",NA,"31-35 mph","O: No Injury","Black","Female","Sport Utility","Yes","28JUL2008","Monday","Motorist Failed to Yield - Signalized Intersection",11,"Intersection","July","A: Disabling Injury",40560,"Motorist Drive Through - Signalized Intersection",2008,"Yes","No","Daylight","Straight - Level","Local Street","Dry","Two-Way, Not Divided","None","No Special Feature","Smooth Asphalt",0,0,0,0,0,0,0,"3 lanes",2,0,NA,0,NA
4618,6010,"New Bern","Craven","Coastal","Residential","Urban (>70% Developed)",NA,"Urban","5 - 15 MPH","Missing","Clear","No",11,"11-15","No",NA,"With Traffic","C: Possible Injury","Travel Lane","Black","Male",33,"30-39","No",NA,"6-10 mph","O: No Injury","White","Female","Passenger Car","No","25JUL2008","Friday","Bicyclist Overtaking Motorist",19,"Non-Intersection","July","C: Possible Injury",68760,"Bicyclist Overtaking - Other / Unknown",2008,"No","No","Daylight","Straight - Level","Local Street","Dry","Two-Way, Not Divided","None","No Special Feature","Smooth Asphalt",0,0,0,0,0,0,0,"2 lanes",2,0,NA,0,NA
4619,6013,"Charlotte","Mecklenburg","Piedmont","Commercial","Urban (>70% Developed)",NA,"Urban","40 - 45  MPH","Stop And Go Signal","Clear","No",14,"11-15","No",NA,"Facing Traffic","O: No Injury","Sidewalk / Crosswalk / Driveway Crossing","White","Male",38,"30-39","No",NA,"6-10 mph","O: No Injury","White","Male","Sport Utility","No","22AUG2008","Friday","Bicyclist Failed to Yield - Signalized Intersection",17,"Intersection","August","O: No Injury",62940,"Bicyclist Ride Out - Signalized  Intersection",2008,"No","No","Daylight","Straight - Level","Local Street","Dry","Two-Way, Divided, Positive Median Barrier","None","Four-Way Intersection","Smooth Asphalt",0,0,0,0,0,0,0,NA,2,0,NA,0,NA
4620,6015,"Charlotte","Mecklenburg","Piedmont","Residential","Urban (>70% Developed)",NA,"Urban","20 - 25  MPH","Stop Sign","Clear","No",15,"11-15","No",NA,"Facing Traffic","O: No Injury","Sidewalk / Crosswalk / Driveway Crossing","White","Male",18,"0-19","No",NA,"21-25 mph","O: No Injury","White","Male","Sport Utility","No","23AUG2008","Saturday","Motorist Failed to Yield - Sign-Controlled Intersection",17,"Intersection","August","O: No Injury",63000,"Motorist Drive Out - Sign-Controlled Intersection",2008,"No","No","Daylight","Straight - Level","Local Street","Dry","Two-Way, Not Divided","None","T-Intersection","Smooth Asphalt",0,0,0,0,0,0,0,"2 lanes",2,0,NA,0,NA
4621,6020,"Carolina Beach","New Hanover","Coastal","Residential","Urban (>70% Developed)",NA,"Urban","20 - 25  MPH","Stop Sign","Clear","No",14,"11-15","No",NA,"With Traffic","Unknown Injury","Travel Lane","White","Male",NA,NA,"Missing",NA,"0-5 mph","Unknown Injury","Unknown/Missing",NA,NA,"No","29JUL2008","Tuesday","Motorist Failed to Yield - Sign-Controlled Intersection",2,"Intersection","July","Unknown Injury",8700,"Motorist Drive Out - Sign-Controlled Intersection",2008,"No","Yes","Daylight","Straight - Level","Local Street","Dry","Two-Way, Not Divided","None","No Special Feature","Smooth Asphalt",0,0,0,0,0,0,0,"4 lanes",2,0,NA,0,NA
4622,6023,"Wilmington","New Hanover","Coastal","Residential","Urban (>70% Developed)",NA,"Urban","30 - 35  MPH","Stop Sign","Clear","No",53,"50-59","Yes",NA,"With Traffic","A: Disabling Injury","Sidewalk / Crosswalk / Driveway Crossing","Black","Male",44,"40-49","No",NA,"0-5 mph","O: No Injury","Black","Male","Sport Utility","Yes","30JUL2008","Wednesday","Motorist Failed to Yield - Sign-Controlled Intersection",17,"Intersection","July","A: Disabling Injury",62340,"Motorist Drive Out - Sign-Controlled Intersection",2008,"Yes","No","Daylight","Straight - Level","Local Street","Dry","One-Way, Not Divided","None","Four-Way Intersection","Smooth Asphalt",0,0,0,0,0,0,0,"4 lanes",2,0,NA,0,NA
4623,6027,"Southern Pines","Moore","Piedmont","Residential","Urban (>70% Developed)",NA,"Urban","30 - 35  MPH","Stop Sign","Clear","No",7,"6-10","No",NA,"With Traffic","C: Possible Injury","Travel Lane","Black","Male",68,"60-69","No",NA,"31-35 mph","O: No Injury","Black","Male","Passenger Car","No","25JUL2008","Friday","Bicyclist Failed to Yield - Sign-Controlled Intersection",15,"Intersection","July","C: Possible Injury",56580,"Bicyclist Ride Through - Sign-Controlled Intersection",2008,"Yes","No","Daylight","Straight - Grade","Local Street","Dry","Two-Way, Not Divided","None","Four-Way Intersection","Smooth Asphalt",0,0,0,0,0,0,0,"2 lanes",2,0,NA,0,NA
4624,6033,"Cary","Wake","Piedmont","Commercial","Urban (>70% Developed)",NA,"Urban","5 - 15 MPH","No Control Present","Clear","No",15,"11-15","No",NA,"Not Applicable","C: Possible Injury","Sidewalk / Crosswalk / Driveway Crossing","White","Female",45,"40-49","No",NA,"0-5 mph","O: No Injury","White","Male","Passenger Car","No","22AUG2008","Friday","Non-Roadway",8,"Non-Roadway","August","C: Possible Injury",30600,"Non-Roadway",2008,"No","No","Daylight","Straight - Level","Public Vehicular Area","Dry","Two-Way, Not Divided","None","Driveway, Public","Concrete",0,0,0,0,0,0,0,NA,2,0,NA,0,NA
4625,6037,"Havelock","Craven","Coastal","Commercial","Urban (>70% Developed)",NA,"Urban",NA,"Stop Sign","Clear","No",36,"30-39","No",NA,"Facing Traffic","O: No Injury","Travel Lane","White","Female",16,"0-19","No",NA,NA,"B: Evident Injury","Black","Female","Pedalcycle","No","02JUL2008","Wednesday","Motorist Failed to Yield - Sign-Controlled Intersection",10,"Intersection","July","B: Evident Injury",36780,"Motorist Drive Out - Sign-Controlled Intersection",2008,"Yes","No","Daylight","Straight - Level","Local Street","Dry","Two-Way, Not Divided","Other","No Special Feature","Smooth Asphalt",0,0,0,0,0,0,0,"2 lanes",2,0,NA,0,NA
4626,6038,"Greensboro","Guilford","Piedmont","Residential","Urban (>70% Developed)",NA,"Urban",NA,"No Control Present","Clear","No",15,"11-15","No",NA,NA,"C: Possible Injury",NA,"Black","Male",NA,NA,"Missing",NA,NA,"Unknown Injury","Unknown/Missing",NA,NA,"No","23JUL2008","Wednesday","Crossing Paths - Other Circumstances",17,"Intersection","July","C: Possible Injury",61500,"Crossing Paths - Uncontrolled Intersection",2008,"Yes","Yes","Daylight","Straight - Level","Local Street","Dry","Two-Way, Not Divided","None","No Special Feature","Concrete",0,0,0,0,0,0,0,"4 lanes",2,0,NA,0,NA
4627,6042,"None - Rural Crash","Iredell","Piedmont","Residential","Mixed (30% To 70% Developed)",NA,"Rural","50 - 55  MPH","Double Yellow Line, No Passing Zone","Clear","No",15,"11-15","No",NA,"With Traffic","B: Evident Injury","Travel Lane","White","Male",25,"25-29","No",NA,"51-55 mph","O: No Injury","White","Male","Pickup","No","04AUG2008","Monday","Bicyclist Left Turn / Merge",14,"Non-Intersection","August","B: Evident Injury",53340,"Bicyclist Left Turn - Opposite Direction",2008,"Yes","No","Daylight","Straight - Level","State Secondary Route","Dry","Two-Way, Not Divided","None","No Special Feature","Smooth Asphalt",0,0,0,0,0,0,0,"2 lanes",2,0,NA,0,NA
4628,6048,"None - Rural Crash","Columbus","Coastal","Commercial","Mixed (30% To 70% Developed)",NA,"Rural","50 - 55  MPH","No Control Present","Rain","No",55,"50-59","No",NA,"With Traffic","B: Evident Injury","Travel Lane","Black","Male",63,"60-69","No",NA,"36-40 mph","O: No Injury","White","Male","Pickup","No","07AUG2008","Thursday","Motorist Overtaking Bicyclist",21,"Non-Intersection","August","B: Evident Injury",77220,"Motorist Overtaking - Bicyclist Swerved",2008,"Yes","No","Dark - Roadway Not Lighted","Straight - Level","State Secondary Route","Wet","Two-Way, Not Divided","None","No Special Feature","Coarse Asphalt",0,0,0,0,0,0,0,"2 lanes",2,0,NA,0,NA
4629,6059,"None - Rural Crash","Davie","Piedmont","Commercial","Mixed (30% To 70% Developed)",NA,"Rural","40 - 45  MPH","Double Yellow Line, No Passing Zone","Clear","No",54,"50-59","No",NA,"With Traffic","B: Evident Injury","Travel Lane","White","Male",59,"50-59","No",NA,"16-20 mph","O: No Injury","White","Female","Passenger Car","No","10AUG2008","Sunday","Motorist Overtaking Bicyclist",11,"Non-Intersection","August","B: Evident Injury",42600,"Motorist Overtaking - Misjudged Space",2008,"No","No","Daylight","Straight - Level","US Route","Dry","Two-Way, Not Divided","None","On or Off Ramp","Coarse Asphalt",0,0,0,0,0,0,0,"4 lanes",3,0,NA,0,NA
4630,6060,"None - Rural Crash","Polk","Mountains","Residential","Mixed (30% To 70% Developed)",NA,"Rural","50 - 55  MPH","Double Yellow Line, No Passing Zone","Clear","No",64,"60-69","No",NA,"With Traffic","B: Evident Injury","Travel Lane","White","Male",27,"25-29","No",NA,"51-55 mph","O: No Injury","White","Female","Passenger Car","No","11AUG2008","Monday","Bicyclist Left Turn / Merge",16,"Intersection-Related","August","B: Evident Injury",59820,"Bicyclist Left Turn - Same Direction",2008,"Yes","No","Daylight","Straight - Level","NC Route","Dry","Two-Way, Not Divided","None","T-Intersection","Smooth Asphalt",0,0,0,0,0,0,0,"2 lanes",2,0,NA,0,NA
4631,6065,"Wilmington","New Hanover","Coastal","Commercial","Urban (>70% Developed)",NA,"Urban","40 - 45  MPH","Stop And Go Signal","Clear","No",43,"40-49","No",NA,"With Traffic","B: Evident Injury","Travel Lane","White","Female",23,"20-24","No",NA,"11-15 mph","O: No Injury","White","Male","Pickup","No","12AUG2008","Tuesday","Bicyclist Failed to Yield - Signalized Intersection",18,"Intersection","August","B: Evident Injury",68340,"Bicyclist Failed to Clear - Multiple Threat",2008,"No","No","Daylight","Straight - Level","Local Street","Dry","Two-Way, Divided, Unprotected Median","None","Four-Way Intersection","Smooth Asphalt",0,0,0,0,0,0,0,"5 lanes",2,0,NA,0,NA
4632,6069,"None - Rural Crash","Columbus","Coastal","Farms, Woods, Pastures","Rural (<30% Developed)",NA,"Rural","50 - 55  MPH","Double Yellow Line, No Passing Zone","Clear","No",10,"6-10","No",NA,"With Traffic","B: Evident Injury","Travel Lane","White","Male",40,"40-49","No",NA,"26-30 mph","O: No Injury","Black","Female","Passenger Car","No","14AUG2008","Thursday","Bicyclist Left Turn / Merge",20,"Non-Intersection","August","B: Evident Injury",72120,"Bicyclist Left Turn - Same Direction",2008,"Yes","No","Dark - Roadway Not Lighted","Straight - Level","State Secondary Route","Dry","Two-Way, Not Divided","None","Driveway, Private","Smooth Asphalt",0,0,0,0,0,0,0,"2 lanes",2,0,NA,0,NA
4633,6074,"Fayetteville","Cumberland","Coastal","Commercial","Mixed (30% To 70% Developed)",NA,"Urban","5 - 15 MPH","No Control Present","Clear","No",33,"30-39","No",NA,"Facing Traffic","C: Possible Injury","Sidewalk / Crosswalk / Driveway Crossing","Other","Male",38,"30-39","No",NA,"0-5 mph","O: No Injury","Other","Female","Light Truck (Mini-Van, Panel)","No","03SEP2008","Wednesday","Motorist Failed to Yield - Midblock",9,"Non-Intersection","September","C: Possible Injury",35820,"Motorist Drive Out - Commercial Driveway / Alley",2008,"Yes","No","Daylight","Straight - Level","Public Vehicular Area","Dry","Two-Way, Not Divided","None","Driveway, Public","Concrete",0,0,0,0,0,0,0,NA,2,0,NA,0,NA
4634,6075,"Raleigh","Wake","Piedmont","Commercial","Urban (>70% Developed)",NA,"Urban","30 - 35  MPH","Missing","Clear","No",26,"25-29","No",NA,"Facing Traffic","B: Evident Injury","Sidewalk / Crosswalk / Driveway Crossing","White","Male",NA,NA,"Missing",NA,"0-5 mph","Unknown Injury","Unknown/Missing",NA,NA,"No","21JUL2008","Monday","Motorist Failed to Yield - Midblock",20,"Non-Intersection","July","B: Evident Injury",72000,"Motorist Drive Out - Commercial Driveway / Alley",2008,"No","Yes","Daylight","Straight - Level","Local Street","Dry","Two-Way, Divided, Unprotected Median","None","Driveway, Private","Concrete",0,0,0,0,0,0,0,"2 lanes",2,0,NA,0,NA
4635,6082,"Rocky Mount","Nash","Coastal","Commercial","Urban (>70% Developed)",NA,"Urban","30 - 35  MPH","Stop Sign","Clear","No",30,"30-39","No",NA,"Facing Traffic","O: No Injury","Sidewalk / Crosswalk / Driveway Crossing","Black","Male",51,"50-59","No",NA,"0-5 mph","O: No Injury","Black","Female","Sport Utility","No","08AUG2008","Friday","Motorist Failed to Yield - Sign-Controlled Intersection",14,"Intersection","August","O: No Injury",51660,"Motorist Drive Out - Sign-Controlled Intersection",2008,"No","No","Daylight","Straight - Level","Local Street","Dry","One-Way, Not Divided","None","Driveway, Public","Coarse Asphalt",0,0,0,0,0,0,0,"3 lanes",2,0,NA,0,NA
4636,6091,"Charlotte","Mecklenburg","Piedmont","Residential","Urban (>70% Developed)",NA,"Urban","5 - 15 MPH","Stop Sign","Cloudy","No",57,"50-59","No",NA,"Facing Traffic","C: Possible Injury","Sidewalk / Crosswalk / Driveway Crossing","White","Male",29,"25-29","No",NA,"0-5 mph","O: No Injury","Black","Female","Pickup","No","11SEP2008","Thursday","Motorist Failed to Yield - Sign-Controlled Intersection",12,"Intersection","September","C: Possible Injury",45900,"Motorist Drive Out - Sign-Controlled Intersection",2008,"No","No","Daylight","Straight - Hillcrest","Local Street","Dry","Two-Way, Divided, Positive Median Barrier","None","T-Intersection","Smooth Asphalt",0,0,0,0,0,0,0,"2 lanes",2,0,NA,0,NA
4637,6096,"Concord","Cabarrus","Piedmont","Residential","Urban (>70% Developed)",NA,"Urban","30 - 35  MPH","Stop Sign","Clear","No",48,"40-49","No",NA,"With Traffic","B: Evident Injury","Travel Lane","Black","Male",NA,NA,"No",NA,"6-10 mph","Unknown Injury","Unknown/Missing",NA,"Pickup","No","22AUG2008","Friday","Loss of Control / Turning Error",23,"Intersection","August","B: Evident Injury",83220,"Motorist Turning Error - Right Turn",2008,"Yes","Yes","Dark - Lighted Roadway","Straight - Hillcrest","Local Street","Dry","Two-Way, Not Divided","None","T-Intersection","Smooth Asphalt",0,0,0,0,0,0,0,"2 lanes",2,0,NA,0,NA
4638,6106,"Charlotte","Mecklenburg","Piedmont","Commercial","Urban (>70% Developed)",NA,"Urban",NA,"No Control Present","Cloudy","No",21,"20-24","No",NA,"Not Applicable","C: Possible Injury","Travel Lane","White","Male",54,"50-59","No",NA,"6-10 mph","O: No Injury","White","Female","Light Truck (Mini-Van, Panel)","No","15SEP2008","Monday","Non-Roadway",12,"Non-Roadway","September","C: Possible Injury",43440,"Non-Roadway",2008,"No","No","Daylight","Straight - Level","Public Vehicular Area","Dry","Two-Way, Not Divided","None","No Special Feature","Grooved Concrete",0,0,0,0,0,0,0,"2 lanes",2,0,NA,0,NA
4639,6108,"Mooresville","Iredell","Piedmont","Commercial","Urban (>70% Developed)",NA,"Urban","30 - 35  MPH","No Control Present","Clear","No",15,"11-15","No",NA,"Not Applicable","B: Evident Injury","Travel Lane","White","Male",34,"30-39","No",NA,"16-20 mph","O: No Injury","White","Female","Passenger Car","No","24AUG2008","Sunday","Non-Roadway",16,"Non-Roadway","August","B: Evident Injury",60600,"Non-Roadway",2008,"Yes","No","Daylight","Straight - Grade","Public Vehicular Area","Dry","Two-Way, Not Divided","None","No Special Feature","Smooth Asphalt",0,0,0,0,0,0,0,NA,2,0,NA,0,NA