"...1","object_id","city","county","region","development","locality","on_road","rural_urban","speed_limit","traffic_control","weather","workzone","bike_age","bike_age_group","bike_alcohol","bike_alcohol_drugs","bike_direction","bike_injury","bike_position","bike_race","bike_sex","driver_age","driver_age_group","driver_alcohol","driver_alcohol_drugs","driver_est_speed","driver_injury","driver_race","driver_sex","driver_vehicle_type","crash_alcohol","crash_date","crash_day","crash_group","crash_hour","crash_location","crash_month","crash_severity","crash_time","crash_type","crash_year","ambulance_req","hit_run","light_condition","road_character","road_class","road_condition","road_configuration","road_defects","road_feature","road_surface","num_bikes_ai","num_bikes_bi","num_bikes_ci","num_bikes_ki","num_bikes_no","num_bikes_to","num_bikes_ui","num_lanes","num_units","distance_mi_from","frm_road","rte_invd_cd","towrd_road"
4640,6109,"Tobaccoville","Forsyth","Piedmont","Residential","Mixed (30% To 70% Developed)",NA,"Rural","40 - 45  MPH","Double Yellow Line, No Passing Zone","Clear","No",31,"30-39","No",NA,"With Traffic","K: Killed","Travel Lane","White","Male",39,"30-39","No",NA,"36-40 mph","O: No Injury","White","Male","Sport Utility","No","20AUG2008","Wednesday","Motorist Overtaking Bicyclist",12,"Non-Intersection","August","K: Killed",45120,"Motorist Overtaking - Other / Unknown",2008,"Yes","No","Daylight","Curve - Level","State Secondary Route","Dry","Two-Way, Not Divided","None","Driveway, Private","Coarse Asphalt",0,0,0,0,0,0,0,"2 lanes",2,0,NA,0,NA
4641,6110,"Asheboro","Randolph","Piedmont","Commercial","Urban (>70% Developed)",NA,"Urban",NA,"No Control Present","Cloudy","No",53,"50-59","Yes",NA,"Facing Traffic","C: Possible Injury","Other","White","Female",55,"50-59","No",NA,"0-5 mph","O: No Injury","White","Male","Pickup","Yes","25AUG2008","Monday","Motorist Failed to Yield - Midblock",13,"Non-Intersection","August","C: Possible Injury",48480,"Motorist Drive Out - Commercial Driveway / Alley",2008,"Yes","No","Daylight","Straight - Grade","Public Vehicular Area","Dry","Two-Way, Not Divided","None","Driveway, Public","Smooth Asphalt",0,0,0,0,0,0,0,NA,2,0,NA,0,NA
4642,6111,"Goldsboro","Wayne","Coastal","Commercial","Urban (>70% Developed)",NA,"Urban","30 - 35  MPH","Stop Sign","Clear","No",37,"30-39","No",NA,"Facing Traffic","A: Disabling Injury","Travel Lane","Black","Male",19,"0-19","No",NA,NA,"Unknown Injury","Unknown/Missing",NA,"Passenger Car","No","20AUG2008","Wednesday","Motorist Failed to Yield - Sign-Controlled Intersection",23,"Intersection","August","A: Disabling Injury",84360,"Motorist Drive Through - Sign-Controlled Intersection",2008,"Yes","Yes","Dark - Lighted Roadway","Straight - Level","Local Street","Dry","Two-Way, Divided, Unprotected Median","None","T-Intersection","Coarse Asphalt",0,0,0,0,0,0,0,"4 lanes",2,0,NA,0,NA
4643,6118,"Charlotte","Mecklenburg","Piedmont","Commercial","Urban (>70% Developed)",NA,"Urban","30 - 35  MPH","No Control Present","Cloudy","No",18,"16-19","No",NA,"Not Applicable","B: Evident Injury","Non-Roadway","Black","Male",21,"20-24","No",NA,"16-20 mph","O: No Injury","Hispanic","Male","Passenger Car","No","17SEP2008","Wednesday","Bicyclist Failed to Yield - Midblock",16,"Non-Intersection","September","B: Evident Injury",58080,"Bicyclist Ride Out - Commercial Driveway / Alley",2008,"Yes","No","Daylight","Straight - Level","Local Street","Dry","Two-Way, Divided, Unprotected Median","None","No Special Feature","Smooth Asphalt",0,0,0,0,0,0,0,"4 lanes",2,0,NA,0,NA
4644,6124,"Boone","Watauga","Mountains","Commercial","Urban (>70% Developed)",NA,"Urban","20 - 25  MPH","Stop Sign","Clear","No",18,"16-19","No",NA,"Facing Traffic","C: Possible Injury","Sidewalk / Crosswalk / Driveway Crossing","White","Female",21,"20-24","No",NA,NA,"O: No Injury","White","Male","Passenger Car","No","28AUG2008","Thursday","Motorist Failed to Yield - Sign-Controlled Intersection",19,"Intersection","August","C: Possible Injury",71100,"Motorist Drive Out - Sign-Controlled Intersection",2008,"Yes","No","Daylight","Straight - Level","Local Street","Dry","Two-Way, Not Divided","None","T-Intersection","Smooth Asphalt",0,0,0,0,0,0,0,"2 lanes",2,0,NA,0,NA
4645,6125,"None - Rural Crash","Randolph","Piedmont","Farms, Woods, Pastures","Mixed (30% To 70% Developed)",NA,"Rural","50 - 55  MPH","Double Yellow Line, No Passing Zone","Clear","No",57,"50-59","No",NA,"With Traffic","C: Possible Injury","Travel Lane","White","Male",41,"40-49","No",NA,"16-20 mph","C: Possible Injury","White","Male","Motorcycle","No","30AUG2008","Saturday","Motorist Overtaking Bicyclist",10,"Non-Intersection","August","C: Possible Injury",39420,"Motorist Overtaking - Other / Unknown",2008,"Yes","No","Daylight","Straight - Level","State Secondary Route","Dry","Two-Way, Not Divided","None","No Special Feature","Coarse Asphalt",0,0,0,0,0,0,0,"2 lanes",2,0,NA,0,NA
4646,6127,"Wilmington","New Hanover","Coastal","Commercial","Urban (>70% Developed)",NA,"Urban","30 - 35  MPH","Missing","Clear","No",21,"20-24","No",NA,"Not Applicable","C: Possible Injury",NA,"White","Male",54,"50-59","No",NA,"6-10 mph","O: No Injury","White","Female","Passenger Car","No","29AUG2008","Friday","Bicyclist Failed to Yield - Midblock",15,"Non-Intersection","August","C: Possible Injury",55260,"Multiple Threat - Midblock",2008,"No","No","Daylight","Straight - Level","Local Street","Dry","Two-Way, Not Divided","None","No Special Feature","Coarse Asphalt",0,0,0,0,0,0,0,"2 lanes",2,0,NA,0,NA
4647,6133,"Kinston","Lenoir","Coastal","Commercial","Urban (>70% Developed)",NA,"Urban","40 - 45  MPH","No Control Present","Clear","No",37,"30-39","No",NA,"With Traffic","C: Possible Injury","Bike Lane / Paved Shoulder","Black","Male",NA,NA,"Missing",NA,NA,"Unknown Injury","Unknown/Missing",NA,"Tractor/Semi-Trailer","No","22SEP2008","Monday","Motorist Overtaking Bicyclist",5,"Non-Intersection","September","C: Possible Injury",21240,"Motorist Overtaking - Undetected Bicyclist",2008,"Yes","Yes","Dark - Lighted Roadway","Straight - Level","US Route","Dry","Two-Way, Divided, Unprotected Median","None","No Special Feature","Smooth Asphalt",0,0,0,0,0,0,0,"6 lanes",2,0,NA,0,NA
4648,6140,"Asheville","Buncombe","Mountains","Commercial","Urban (>70% Developed)",NA,"Urban","5 - 15 MPH","No Control Present","Clear","No",44,"40-49","No",NA,"Facing Traffic","C: Possible Injury","Sidewalk / Crosswalk / Driveway Crossing","Black","Male",61,"60-69","No",NA,"0-5 mph","O: No Injury","White","Female","Passenger Car","No","31AUG2008","Sunday","Motorist Failed to Yield - Midblock",13,"Non-Intersection","August","C: Possible Injury",49020,"Motorist Drive Out - Commercial Driveway / Alley",2008,"No","No","Daylight","Straight - Grade","Public Vehicular Area","Dry","Two-Way, Divided, Positive Median Barrier","None","No Special Feature","Concrete",0,0,0,0,0,0,0,NA,2,0,NA,0,NA
4649,6143,"Chapel Hill","Orange","Piedmont","Commercial","Urban (>70% Developed)",NA,"Urban","30 - 35  MPH","Stop And Go Signal","Clear","No",12,"11-15","No",NA,"With Traffic","C: Possible Injury","Sidewalk / Crosswalk / Driveway Crossing","Black","Male",22,"20-24","No",NA,"0-5 mph","O: No Injury","White","Female","Passenger Car","No","03SEP2008","Wednesday","Bicyclist Failed to Yield - Signalized Intersection",17,"Intersection","September","C: Possible Injury",62160,"Bicyclist Failed to Clear - Trapped",2008,"Yes","No","Daylight","Straight - Level","Local Street","Dry","Two-Way, Divided, Unprotected Median","None","Four-Way Intersection","Smooth Asphalt",0,0,0,0,0,0,0,"4 lanes",2,0,NA,0,NA
4650,6146,"Durham","Durham","Piedmont","Commercial","Urban (>70% Developed)",NA,"Urban","40 - 45  MPH","Stop And Go Signal","Clear","No",47,"40-49","No",NA,"With Traffic","B: Evident Injury","Bike Lane / Paved Shoulder","White","Male",32,"30-39","No",NA,"0-5 mph","O: No Injury","Black","Female","Sport Utility","No","15SEP2008","Monday","Motorist Right Turn / Merge",8,"Intersection","September","B: Evident Injury",29640,"Motorist Right Turn - Same Direction",2008,"Yes","No","Daylight","Straight - Level","Local Street","Dry","Two-Way, Not Divided","None","No Special Feature","Smooth Asphalt",0,0,0,0,0,0,0,"3 lanes",2,0,NA,0,NA
4651,6147,"Charlotte","Mecklenburg","Piedmont","Commercial","Urban (>70% Developed)",NA,"Urban","20 - 25  MPH","Stop Sign","Clear","No",25,"25-29","No",NA,"With Traffic","B: Evident Injury","Sidewalk / Crosswalk / Driveway Crossing","White","Female",22,"20-24","No",NA,"6-10 mph","O: No Injury","White","Female","Passenger Car","No","10AUG2008","Sunday","Motorist Failed to Yield - Midblock",14,"Non-Intersection","August","B: Evident Injury",52560,"Motorist Drive Out - Commercial Driveway / Alley",2008,"No","No","Daylight","Straight - Hillcrest","Local Street","Dry","One-Way, Not Divided","None","Driveway, Public","Smooth Asphalt",0,0,0,0,0,0,0,"3 lanes",2,0,NA,0,NA
4652,6172,"None - Rural Crash","Cumberland","Coastal","Residential","Mixed (30% To 70% Developed)",NA,"Rural","30 - 35  MPH","Double Yellow Line, No Passing Zone","Clear","No",51,"50-59","No",NA,"With Traffic","B: Evident Injury","Bike Lane / Paved Shoulder","White","Male",51,"50-59","No",NA,"31-35 mph","B: Evident Injury","White","Male","Motorcycle","No","12SEP2008","Friday","Parallel Paths - Other Circumstances",23,"Non-Intersection","September","B: Evident Injury",84000,"Bicyclist Ride Out - Parallel Path",2008,"Yes","No","Dark - Roadway Not Lighted","Straight - Level","State Secondary Route","Dry","Two-Way, Not Divided","None","No Special Feature","Smooth Asphalt",0,0,0,0,0,0,0,"2 lanes",2,0,NA,0,NA
4653,6174,"Wrightsville Beach","New Hanover","Coastal","Commercial","Urban (>70% Developed)",NA,"Rural","30 - 35  MPH","Missing","Clear","No",46,"40-49","No",NA,"With Traffic","B: Evident Injury","Travel Lane","White","Male",16,"0-19","No",NA,"6-10 mph","O: No Injury","White","Female","Passenger Car","No","12SEP2008","Friday","Motorist Left Turn / Merge",18,"Non-Intersection","September","B: Evident Injury",68280,"Motorist Left Turn - Opposite Direction",2008,"Yes","No","Daylight","Straight - Level","Local Street","Dry","Two-Way, Not Divided","None","No Special Feature","Smooth Asphalt",0,0,0,0,0,0,0,"4 lanes",2,0,NA,0,NA
4654,6175,"Lexington","Davidson","Piedmont","Residential","Mixed (30% To 70% Developed)",NA,"Urban","30 - 35  MPH","No Control Present","Clear","No",51,"50-59","No",NA,"With Traffic","B: Evident Injury","Travel Lane","Black","Male",23,"20-24","No",NA,"31-35 mph","O: No Injury","Black","Female","Passenger Car","No","13SEP2008","Saturday","Motorist Overtaking Bicyclist",19,"Non-Intersection","September","B: Evident Injury",68520,"Motorist Overtaking - Undetected Bicyclist",2008,"Yes","No","Dusk","Straight - Level","Local Street","Dry","Two-Way, Not Divided","None","No Special Feature","Coarse Asphalt",0,0,0,0,0,0,0,"2 lanes",2,0,NA,0,NA
4655,6177,"Raleigh","Wake","Piedmont","Commercial","Urban (>70% Developed)",NA,"Urban","30 - 35  MPH","Stop And Go Signal","Cloudy","No",12,"11-15","No",NA,"Not Applicable","B: Evident Injury","Non-Roadway","Black","Male",37,"30-39","No",NA,"11-15 mph","O: No Injury","White","Female","Sport Utility","No","08MAY2008","Thursday","Bicyclist Failed to Yield - Midblock",7,"Non-Intersection","May","B: Evident Injury",27960,"Bicyclist Ride Out - Other Midblock",2008,"Yes","No","Daylight","Straight - Level","Local Street","Dry","Two-Way, Divided, Unprotected Median","None","T-Intersection","Smooth Asphalt",0,0,0,0,0,0,0,"2 lanes",2,0,NA,0,NA
4656,6185,"None - Rural Crash","Caswell","Piedmont","Farms, Woods, Pastures","Rural (<30% Developed)",NA,"Rural","50 - 55  MPH","Double Yellow Line, No Passing Zone","Clear","No",55,"50-59","No",NA,"Facing Traffic","K: Killed","Travel Lane","White","Male",31,"30-39","No",NA,"46-50 mph","O: No Injury","White","Female","Pickup","No","20SEP2008","Saturday","Head-On",6,"Non-Intersection","September","K: Killed",24900,"Head-On - Bicyclist",2008,"Yes","No","Dark - Roadway Not Lighted","Straight - Level","State Secondary Route","Dry","Two-Way, Not Divided","None","No Special Feature","Smooth Asphalt",0,0,0,0,0,0,0,"2 lanes",2,0,NA,0,NA
4657,6186,"Statesville","Iredell","Piedmont","Residential","Urban (>70% Developed)",NA,"Urban",NA,"Stop Sign","Clear","No",48,"40-49","No",NA,"With Traffic","O: No Injury","Travel Lane","Black","Female",20,"20-24","No",NA,NA,"B: Evident Injury","Hispanic","Male","Pedalcycle","No","20SEP2008","Saturday","Bicyclist Failed to Yield - Sign-Controlled Intersection",16,"Intersection","September","B: Evident Injury",58500,"Bicyclist Ride Through - Sign-Controlled Intersection",2008,"Yes","No","Daylight","Straight - Hillcrest","Local Street","Dry","Two-Way, Not Divided","None","No Special Feature","Coarse Asphalt",0,0,0,0,0,0,0,"2 lanes",2,0,NA,0,NA
4658,6189,"Reidsville","Rockingham","Piedmont","Residential","Urban (>70% Developed)",NA,"Urban","5 - 15 MPH","Stop Sign","Clear","No",45,"40-49","No",NA,"With Traffic","B: Evident Injury","Travel Lane","Black","Male",31,"30-39","No",NA,"0-5 mph","O: No Injury","White","Male","Passenger Car","No","04SEP2008","Thursday","Backing Vehicle",18,"Intersection-Related","September","B: Evident Injury",64980,"Backing Vehicle",2008,"Yes","No","Daylight","Straight - Hillcrest","Local Street","Dry","Two-Way, Not Divided","None","T-Intersection","Smooth Asphalt",0,0,0,0,0,0,0,"2 lanes",2,0,NA,0,NA
4659,6192,"Jacksonville","Onslow","Coastal","Commercial","Urban (>70% Developed)",NA,"Urban",NA,"Missing","Cloudy","No",30,"30-39","No",NA,"Facing Traffic","C: Possible Injury","Bike Lane / Paved Shoulder","White","Male",50,"50-59","No",NA,NA,"O: No Injury","Black","Female","Pedalcycle","No","17SEP2008","Wednesday","Motorist Failed to Yield - Midblock",12,"Non-Intersection","September","C: Possible Injury",46560,"Motorist Drive Out - Commercial Driveway / Alley",2008,"No","No","Daylight","Straight - Grade","NC Route","Dry","Two-Way, Divided, Unprotected Median","None","No Special Feature","Smooth Asphalt",0,0,0,0,0,0,0,"6 lanes",2,0,NA,0,NA
4660,6194,"Asheville","Buncombe","Mountains","Commercial","Urban (>70% Developed)",NA,"Urban","20 - 25  MPH","Stop And Go Signal","Clear","No",40,"40-49","No",NA,"Facing Traffic","C: Possible Injury","Travel Lane","Black","Male",69,"60-69","No",NA,"0-5 mph","O: No Injury","White","Male","Passenger Car","No","05SEP2008","Friday","Motorist Failed to Yield - Signalized Intersection",14,"Intersection","September","C: Possible Injury",53400,"Motorist Drive Out - Right Turn on Red",2008,"Yes","No","Daylight","Straight - Level","Local Street","Dry","Two-Way, Not Divided","None","Four-Way Intersection","Smooth Asphalt",0,0,0,0,0,0,0,"3 lanes",2,0,NA,0,NA
4661,6208,"Charlotte","Mecklenburg","Piedmont","Residential","Urban (>70% Developed)",NA,"Urban","20 - 25  MPH","Stop Sign","Clear","No",38,"30-39","No",NA,"With Traffic","C: Possible Injury","Travel Lane","White","Female",51,"50-59","No",NA,"6-10 mph","O: No Injury","White","Male","Pickup","No","11OCT2008","Saturday","Motorist Failed to Yield - Sign-Controlled Intersection",11,"Intersection","October","C: Possible Injury",40380,"Motorist Drive Through - Sign-Controlled Intersection",2008,"Yes","No","Daylight","Straight - Level","Local Street","Dry","Two-Way, Not Divided","None","No Special Feature","Concrete",0,0,0,0,0,0,0,"2 lanes",2,0,NA,0,NA
4662,6214,"Kannapolis","Cabarrus","Piedmont","Commercial","Urban (>70% Developed)",NA,"Urban","40 - 45  MPH","No Control Present","Clear","No",47,"40-49","Yes",NA,"Facing Traffic","O: No Injury","Travel Lane","Black","Male",51,"50-59","No",NA,"6-10 mph","O: No Injury","White","Male","Pickup","Yes","03OCT2008","Friday","Motorist Left Turn / Merge",16,"Non-Intersection","October","O: No Injury",58380,"Motorist Left Turn - Same Direction",2008,"No","No","Daylight","Straight - Level","Local Street","Dry","Two-Way, Not Divided","None","No Special Feature","Smooth Asphalt",0,0,0,0,0,0,0,"4 lanes",2,0,NA,0,NA
4663,6216,"Statesville","Iredell","Piedmont","Institutional","Urban (>70% Developed)",NA,"Urban","30 - 35  MPH","No Control Present","Clear","No",16,"16-19","No",NA,"With Traffic","C: Possible Injury","Travel Lane","Black","Male",65,"60-69","No",NA,"26-30 mph","O: No Injury","White","Male","Van","No","04OCT2008","Saturday","Motorist Overtaking Bicyclist",20,"Non-Intersection","October","C: Possible Injury",72180,"Motorist Overtaking - Undetected Bicyclist",2008,"No","No","Dark - Lighted Roadway","Straight - Level","Local Street","Dry","Two-Way, Not Divided","None","No Special Feature","Smooth Asphalt",0,0,0,0,0,0,0,"2 lanes",2,0,NA,0,NA
4664,6218,"Salisbury","Rowan","Piedmont","Commercial","Mixed (30% To 70% Developed)",NA,"Urban","50 - 55  MPH","No Control Present","Clear","No",47,"40-49","No",NA,"Facing Traffic","K: Killed","Travel Lane","White","Male",20,"20-24","No",NA,"46-50 mph","O: No Injury","White","Male","Pickup","No","13OCT2008","Monday","Head-On",18,"Non-Intersection","October","K: Killed",67560,"Head-On - Bicyclist",2008,"Yes","No","Daylight","Straight - Level","US Route","Dry","Two-Way, Not Divided","None","No Special Feature","Coarse Asphalt",0,0,0,0,0,0,0,"5 lanes",2,0,NA,0,NA
4665,6224,"Goldsboro","Wayne","Coastal","Residential","Urban (>70% Developed)",NA,"Urban","40 - 45  MPH","Stop Sign","Clear","No",16,"16-19","No",NA,"Facing Traffic","C: Possible Injury","Travel Lane","Black","Male",24,"20-24","No",NA,"6-10 mph","O: No Injury","White","Male","Pickup","No","01OCT2008","Wednesday","Motorist Failed to Yield - Sign-Controlled Intersection",20,"Intersection","October","C: Possible Injury",72000,"Motorist Drive Out - Sign-Controlled Intersection",2008,"No","No","Dark - Lighted Roadway","Straight - Level","Local Street","Dry","Two-Way, Not Divided","None","T-Intersection","Coarse Asphalt",0,0,0,0,0,0,0,"3 lanes",2,0,NA,0,NA
4666,6233,"Charlotte","Mecklenburg","Piedmont","Commercial","Urban (>70% Developed)",NA,"Urban",NA,"No Control Present","Clear","No",52,"50-59","No",NA,"Not Applicable","C: Possible Injury","Non-Roadway","Black","Male",42,"40-49","No",NA,NA,"O: No Injury","White","Female","Passenger Car","No","15OCT2008","Wednesday","Non-Roadway",17,"Non-Roadway","October","C: Possible Injury",62640,"Non-Roadway",2008,"No","No","Daylight","Curve - Level","Public Vehicular Area","Dry","One-Way, Not Divided","None","No Special Feature","Smooth Asphalt",0,0,0,0,0,0,0,"1 lane",2,0,NA,0,NA
4667,6235,"Durham","Durham","Piedmont","Commercial","Urban (>70% Developed)",NA,"Urban","30 - 35  MPH","Stop And Go Signal","Rain","No",40,"40-49","No",NA,"With Traffic","O: No Injury","Travel Lane","Black","Male",33,"30-39","No",NA,"11-15 mph","O: No Injury","Black","Female","Passenger Car","No","17OCT2008","Friday","Parallel Paths - Other Circumstances",20,"Intersection-Related","October","O: No Injury",73680,"Parallel Paths - Other / Unknown",2008,"No","No","Dark - Lighted Roadway","Straight - Level","Local Street","Wet","Two-Way, Not Divided","None","No Special Feature","Smooth Asphalt",0,0,0,0,0,0,0,"2 lanes",2,0,NA,0,NA
4668,6237,"Boone","Watauga","Mountains","Institutional","Urban (>70% Developed)",NA,"Urban","20 - 25  MPH","Stop And Go Signal","Clear","No",24,"20-24","No",NA,"With Traffic","C: Possible Injury","Travel Lane","White","Male",19,"0-19","No",NA,"0-5 mph","O: No Injury","Asian","Female","Passenger Car","No","11OCT2008","Saturday","Motorist Right Turn / Merge",14,"Intersection","October","C: Possible Injury",52500,"Motorist Right Turn - Same Direction",2008,"No","No","Daylight","Straight - Bottom","Local Street","Dry","Two-Way, Not Divided","None","T-Intersection","Smooth Asphalt",0,0,0,0,0,0,0,"4 lanes",2,0,NA,0,NA
4669,6241,"Charlotte","Mecklenburg","Piedmont","Commercial","Urban (>70% Developed)",NA,"Urban","30 - 35  MPH","Stop Sign","Clear","No",47,"40-49","No",NA,"With Traffic","C: Possible Injury","Travel Lane","Black","Male",22,"20-24","No",NA,"16-20 mph","O: No Injury","White","Female","Passenger Car","No","07OCT2008","Tuesday","Crossing Paths - Other Circumstances",16,"Intersection","October","C: Possible Injury",57600,"Sign-Controlled Intersection - Other / Unknown",2008,"Yes","No","Daylight","Straight - Level","Local Street","Dry","Two-Way, Not Divided","None","No Special Feature","Smooth Asphalt",0,0,0,0,0,0,0,"2 lanes",2,0,NA,0,NA
4670,6247,"Boone","Watauga","Mountains","Institutional","Urban (>70% Developed)",NA,"Urban","20 - 25  MPH","Stop And Go Signal","Clear","No",18,"16-19","No",NA,"With Traffic","C: Possible Injury","Sidewalk / Crosswalk / Driveway Crossing","White","Male",19,"0-19","No",NA,"0-5 mph","O: No Injury","White","Male","Sport Utility","No","23OCT2008","Thursday","Motorist Left Turn / Merge",10,"Intersection","October","C: Possible Injury",39360,"Motorist Left Turn - Opposite Direction",2008,"Yes","No","Daylight","Straight - Grade","Local Street","Dry","Two-Way, Not Divided","None","T-Intersection","Smooth Asphalt",0,0,0,0,0,0,0,"3 lanes",2,0,NA,0,NA
4671,6251,"Wilson","Wilson","Coastal","Residential","Urban (>70% Developed)",NA,"Urban","40 - 45  MPH","Stop Sign","Clear","No",NA,NA,"No",NA,"With Traffic","C: Possible Injury","Travel Lane","Black","Female",57,"50-59","No",NA,"21-25 mph","O: No Injury","Black","Male","Sport Utility","No","02OCT2008","Thursday","Crossing Paths - Other Circumstances",20,"Intersection","October","C: Possible Injury",74400,"Sign-Controlled Intersection - Other / Unknown",2008,"Yes","No","Dusk","Straight - Hillcrest","Local Street","Dry","Two-Way, Divided, Unprotected Median","None","No Special Feature","Coarse Asphalt",0,0,0,0,0,0,0,"3 lanes",2,0,NA,0,NA
4672,6259,"Mooresville","Iredell","Piedmont","Commercial","Urban (>70% Developed)",NA,"Urban","30 - 35  MPH","Stop Sign","Clear","No",17,"16-19","No",NA,"Facing Traffic","C: Possible Injury","Bike Lane / Paved Shoulder","Black","Male",40,"40-49","No",NA,NA,"O: No Injury","White","Female","Passenger Car","No","02OCT2008","Thursday","Motorist Failed to Yield - Sign-Controlled Intersection",16,"Intersection","October","C: Possible Injury",60600,"Motorist Drive Out - Sign-Controlled Intersection",2008,"Yes","No","Daylight","Straight - Bottom","Local Street","Dry","Two-Way, Not Divided","None","T-Intersection","Smooth Asphalt",0,0,0,0,0,0,0,"2 lanes",2,0,NA,0,NA
4673,6264,"Charlotte","Mecklenburg","Piedmont","Residential","Urban (>70% Developed)",NA,"Urban","20 - 25  MPH","Stop Sign","Clear","No",69,"60-69","No",NA,"With Traffic","B: Evident Injury","Travel Lane","White","Male",17,"0-19","No",NA,"21-25 mph","O: No Injury","White","Male","Sport Utility","No","01NOV2008","Saturday","Loss of Control / Turning Error",14,"Intersection","November","B: Evident Injury",52500,"Motorist Turning Error - Left Turn",2008,"Yes","No","Daylight","Straight - Grade","Local Street","Dry","Two-Way, Not Divided","None","T-Intersection","Smooth Asphalt",0,0,0,0,0,0,0,"2 lanes",2,0,NA,0,NA
4674,6265,"Raleigh","Wake","Piedmont","Commercial","Urban (>70% Developed)",NA,"Urban","5 - 15 MPH","Missing","Clear","No",39,"30-39","No",NA,"Facing Traffic","C: Possible Injury","Sidewalk / Crosswalk / Driveway Crossing","Black","Male",46,"40-49","No",NA,NA,"O: No Injury","White","Male","Sport Utility","No","25AUG2008","Monday","Motorist Failed to Yield - Midblock",11,"Non-Intersection","August","C: Possible Injury",39960,"Motorist Drive Out - Commercial Driveway / Alley",2008,"Yes","No","Daylight","Straight - Level","Local Street","Dry","Two-Way, Not Divided","None","Driveway, Public","Smooth Asphalt",0,0,0,0,0,0,0,"2 lanes",2,0,NA,0,NA
4675,6268,"Asheboro","Randolph","Piedmont","Commercial","Urban (>70% Developed)",NA,"Urban","30 - 35  MPH","Stop Sign","Clear","No",37,"30-39","No",NA,"Facing Traffic","C: Possible Injury","Sidewalk / Crosswalk / Driveway Crossing","Black","Male",39,"30-39","No",NA,NA,"O: No Injury","White","Female","Passenger Car","No","08OCT2008","Wednesday","Motorist Failed to Yield - Sign-Controlled Intersection",7,"Intersection","October","C: Possible Injury",28500,"Motorist Drive Out - Sign-Controlled Intersection",2008,"Yes","No","Daylight","Straight - Level","State Secondary Route","Dry","Two-Way, Not Divided","None","T-Intersection","Smooth Asphalt",0,0,0,0,0,0,0,"2 lanes",2,0,NA,0,NA
4676,6287,"Alliance","Pamlico","Coastal","Commercial","Mixed (30% To 70% Developed)",NA,"Rural","40 - 45  MPH","Missing","Cloudy","Yes",15,"11-15","No",NA,"With Traffic","B: Evident Injury","Bike Lane / Paved Shoulder","White","Male",27,"25-29","No",NA,"41-45 mph","O: No Injury","Black","Male","Passenger Car","No","25OCT2008","Saturday","Parallel Paths - Other Circumstances",20,"Non-Intersection","October","B: Evident Injury",75000,"Bicyclist Ride Out - Parallel Path",2008,"Yes","No","Daylight","Straight - Level","NC Route","Dry","Two-Way, Not Divided","None","No Special Feature","Smooth Asphalt",0,0,0,0,0,0,0,"2 lanes",2,0,NA,0,NA
4677,6295,"Wilmington","New Hanover","Coastal","Commercial","Urban (>70% Developed)",NA,"Urban",NA,"No Control Present","Clear","No",NA,"70+","No",NA,"Not Applicable","B: Evident Injury","Non-Roadway","White","Male",44,"40-49","No",NA,"6-10 mph","O: No Injury","Black","Male","Passenger Car","No","21OCT2008","Tuesday","Non-Roadway",6,"Non-Roadway","October","B: Evident Injury",24660,"Non-Roadway",2008,"Yes","No","Dark - Lighted Roadway","Curve - Level","Private Road, Driveway","Dry","Two-Way, Not Divided","None","T-Intersection","Coarse Asphalt",0,0,0,0,0,0,0,"2 lanes",2,0,NA,0,NA
4678,6299,"Lumberton","Robeson","Coastal","Farms, Woods, Pastures","Urban (>70% Developed)",NA,"Urban","40 - 45  MPH","No Control Present","Clear","No",51,"50-59","Yes",NA,"With Traffic","C: Possible Injury","Travel Lane","Black","Male",54,"50-59","No",NA,"36-40 mph","O: No Injury","Black","Male","Passenger Car","Yes","26OCT2008","Sunday","Motorist Overtaking Bicyclist",19,"Non-Intersection","October","C: Possible Injury",68460,"Motorist Overtaking - Undetected Bicyclist",2008,"Yes","No","Dark - Unknown Lighting","Straight - Level","Local Street","Dry","Two-Way, Divided, Unprotected Median","None","No Special Feature","Smooth Asphalt",0,0,0,0,0,0,0,"2 lanes",2,0,NA,0,NA
4679,6301,"Woodland","Northampton","Coastal","Residential","Urban (>70% Developed)",NA,"Rural","20 - 25  MPH","Stop And Go Signal","Clear","No",60,"60-69","No",NA,"With Traffic","B: Evident Injury","Travel Lane","Black","Male",42,"40-49","No",NA,"0-5 mph","O: No Injury","Black","Male","Passenger Car","No","27OCT2008","Monday","Motorist Failed to Yield - Sign-Controlled Intersection",8,"Intersection","October","B: Evident Injury",30600,"Motorist Drive Out - Sign-Controlled Intersection",2008,"Yes","No","Daylight","Straight - Level","US Route","Dry","Two-Way, Not Divided","None","T-Intersection","Smooth Asphalt",0,0,0,0,0,0,0,"2 lanes",2,0,NA,0,NA
4680,6307,"Andrews","Cherokee","Mountains","Residential","Urban (>70% Developed)",NA,"Rural","30 - 35  MPH","Missing","Clear","No",8,"6-10","No",NA,"Not Applicable","Unknown Injury","Non-Roadway","Hispanic","Male",28,"25-29","No",NA,"26-30 mph","O: No Injury","White","Female","Light Truck (Mini-Van, Panel)","No","27OCT2008","Monday","Bicyclist Failed to Yield - Midblock",16,"Non-Intersection","October","O: No Injury",58920,"Bicyclist Ride Out - Commercial Driveway / Alley",2008,"No","No","Daylight","Straight - Level","Local Street","Dry","Two-Way, Not Divided","None","No Special Feature","Smooth Asphalt",0,0,0,0,0,0,0,"2 lanes",2,0,NA,0,NA