"...1","object_id","city","county","region","development","locality","on_road","rural_urban","speed_limit","traffic_control","weather","workzone","bike_age","bike_age_group","bike_alcohol","bike_alcohol_drugs","bike_direction","bike_injury","bike_position","bike_race","bike_sex","driver_age","driver_age_group","driver_alcohol","driver_alcohol_drugs","driver_est_speed","driver_injury","driver_race","driver_sex","driver_vehicle_type","crash_alcohol","crash_date","crash_day","crash_group","crash_hour","crash_location","crash_month","crash_severity","crash_time","crash_type","crash_year","ambulance_req","hit_run","light_condition","road_character","road_class","road_condition","road_configuration","road_defects","road_feature","road_surface","num_bikes_ai","num_bikes_bi","num_bikes_ci","num_bikes_ki","num_bikes_no","num_bikes_to","num_bikes_ui","num_lanes","num_units","distance_mi_from","frm_road","rte_invd_cd","towrd_road"
4681,6308,"Waynesville","Haywood","Mountains","Commercial","Urban (>70% Developed)",NA,"Urban","30 - 35  MPH","No Control Present","Clear","No",14,"11-15","No",NA,"With Traffic","C: Possible Injury","Travel Lane","White","Male",46,"40-49","No",NA,"21-25 mph","O: No Injury","White","Male","Passenger Car","No","02OCT2008","Thursday","Motorist Left Turn / Merge",20,"Non-Intersection","October","C: Possible Injury",72600,"Motorist Left Turn - Opposite Direction",2008,"Yes","No","Dark - Lighted Roadway","Straight - Level","Local Street","Dry","One-Way, Not Divided","Other","Driveway, Public","Smooth Asphalt",0,0,0,0,0,0,0,"2 lanes",2,0,NA,0,NA
4682,6309,"Greensboro","Guilford","Piedmont","Residential","Urban (>70% Developed)",NA,"Urban","30 - 35  MPH","No Control Present","Clear","No",56,"50-59","No",NA,"With Traffic","B: Evident Injury","Bike Lane / Paved Shoulder","White","Male",46,"40-49","No",NA,"6-10 mph","O: No Injury","Other","Male","Passenger Car","No","13OCT2008","Monday","Motorist Left Turn / Merge",17,"Intersection","October","B: Evident Injury",63180,"Motorist Left Turn - Opposite Direction",2008,"Yes","No","Daylight","Straight - Level","Local Street","Dry","Two-Way, Not Divided","None","Four-Way Intersection","Smooth Asphalt",0,0,0,0,0,0,0,"4 lanes",2,0,NA,0,NA
4683,6322,"Enfield","Halifax","Coastal","Residential","Mixed (30% To 70% Developed)",NA,"Rural",NA,"No Control Present","Clear","No",65,"60-69","No",NA,"With Traffic","C: Possible Injury","Travel Lane","Black","Male",57,"50-59","No",NA,NA,"O: No Injury","Black","Male","Pedalcycle","No","07NOV2008","Friday","Motorist Overtaking Bicyclist",19,"Non-Intersection","November","C: Possible Injury",68460,"Motorist Overtaking - Bicyclist Swerved",2008,"Yes","No","Dark - Lighted Roadway","Straight - Level","Local Street","Dry","Two-Way, Not Divided","None","No Special Feature","Smooth Asphalt",0,0,0,0,0,0,0,"2 lanes",2,0,NA,0,NA
4684,6349,"Chadbourn","Columbus","Coastal","Residential","Mixed (30% To 70% Developed)",NA,"Rural","30 - 35  MPH","Stop Sign","Clear","No",54,"50-59","Yes",NA,"Facing Traffic","B: Evident Injury","Travel Lane","Black","Male",33,"30-39","No",NA,"26-30 mph","O: No Injury","White","Male","Pickup","Yes","23OCT2008","Thursday","Head-On",16,"Intersection","October","B: Evident Injury",59460,"Head-On - Bicyclist",2008,"Yes","No","Daylight","Straight - Level","Local Street","Dry","Two-Way, Not Divided","None","Four-Way Intersection","Smooth Asphalt",0,0,0,0,0,0,0,"3 lanes",2,0,NA,0,NA
4685,6350,"Durham","Durham","Piedmont","Residential","Urban (>70% Developed)",NA,"Urban","20 - 25  MPH","Stop Sign","Clear","No",22,"20-24","No",NA,"With Traffic","B: Evident Injury","Travel Lane","Black","Male",NA,NA,"Missing",NA,"11-15 mph","Unknown Injury","Unknown/Missing",NA,NA,"No","30SEP2008","Tuesday","Bicyclist Failed to Yield - Sign-Controlled Intersection",16,"Intersection","September","B: Evident Injury",58020,"Bicyclist Ride Out - Sign-Controlled Intersection",2008,"Yes","Yes","Daylight","Straight - Level","Local Street","Dry","Two-Way, Not Divided","None","Four-Way Intersection","Smooth Asphalt",0,0,0,0,0,0,0,"2 lanes",2,0,NA,0,NA
4686,6354,"Greensboro","Guilford","Piedmont","Residential","Urban (>70% Developed)",NA,"Urban","20 - 25  MPH","No Control Present","Cloudy","No",18,"16-19","No",NA,"With Traffic","B: Evident Injury",NA,"White","Female",43,"40-49","No",NA,NA,"O: No Injury","White","Female","Sport Utility","No","05SEP2008","Friday","Motorist Overtaking Bicyclist",13,"Non-Intersection","September","B: Evident Injury",46980,"Motorist Overtaking - Other / Unknown",2008,"No","No","Daylight","Straight - Level","Local Street","Dry","Two-Way, Not Divided","None","No Special Feature","Smooth Asphalt",0,0,0,0,0,0,0,"2 lanes",2,0,NA,0,NA
4687,6365,"Smithfield","Johnston","Coastal","Residential","Urban (>70% Developed)",NA,"Urban","20 - 25  MPH","Stop Sign","Cloudy","No",46,"40-49","Yes",NA,"Facing Traffic","B: Evident Injury","Travel Lane","Hispanic","Male",22,"20-24","No",NA,"21-25 mph","O: No Injury","Black","Male","Passenger Car","Yes","14NOV2008","Friday","Bicyclist Failed to Yield - Sign-Controlled Intersection",23,"Intersection","November","B: Evident Injury",85500,"Bicyclist Ride Through - Sign-Controlled Intersection",2008,"Yes","No","Dark - Lighted Roadway","Straight - Level","Local Street","Wet","Two-Way, Not Divided","None","Four-Way Intersection","Coarse Asphalt",0,0,0,0,0,0,0,"2 lanes",2,0,NA,0,NA
4688,6371,"High Point","Guilford","Piedmont","Institutional","Urban (>70% Developed)",NA,"Urban",NA,"No Control Present","Cloudy","No",39,"30-39","No",NA,"Facing Traffic","C: Possible Injury","Sidewalk / Crosswalk / Driveway Crossing","Black","Male",49,"40-49","No",NA,"6-10 mph","O: No Injury","White","Male","Pickup","No","01DEC2008","Monday","Motorist Failed to Yield - Midblock",16,"Non-Intersection","December","C: Possible Injury",58800,"Motorist Drive Out - Commercial Driveway / Alley",2008,"No","No","Daylight","Straight - Level","Public Vehicular Area","Dry","Two-Way, Not Divided","None","Driveway, Public","Smooth Asphalt",0,0,0,0,0,0,0,"5 lanes",2,0,NA,0,NA
4689,6374,"Rocky Mount","Nash","Coastal","Commercial","Urban (>70% Developed)",NA,"Urban","40 - 45  MPH","Stop Sign","Clear","No",45,"40-49","No",NA,"Facing Traffic","C: Possible Injury","Travel Lane","White","Male",36,"30-39","No",NA,"0-5 mph","O: No Injury","Black","Female","Van","No","31OCT2008","Friday","Motorist Failed to Yield - Sign-Controlled Intersection",15,"Intersection","October","C: Possible Injury",55560,"Motorist Drive Out - Sign-Controlled Intersection",2008,"Yes","No","Daylight","Straight - Level","Public Vehicular Area","Dry","Two-Way, Not Divided","None","No Special Feature","Smooth Asphalt",0,0,0,0,0,0,0,"4 lanes",2,0,NA,0,NA
4690,6387,"Raleigh","Wake","Piedmont","Commercial","Urban (>70% Developed)",NA,"Urban","30 - 35  MPH","No Control Present","Clear","No",18,"16-19","No",NA,"Facing Traffic","B: Evident Injury","Sidewalk / Crosswalk / Driveway Crossing","Hispanic","Female",51,"50-59","No",NA,"0-5 mph","O: No Injury","Black","Female","Passenger Car","No","17SEP2008","Wednesday","Motorist Failed to Yield - Midblock",14,"Non-Intersection","September","B: Evident Injury",51780,"Motorist Drive Out - Commercial Driveway / Alley",2008,"Yes","No","Daylight","Straight - Hillcrest","Public Vehicular Area","Dry","Two-Way, Divided, Unprotected Median","Other","Driveway, Public","Smooth Asphalt",0,0,0,0,0,0,0,"5 lanes",2,0,NA,0,NA
4691,6394,"Raleigh","Wake","Piedmont","Commercial","Urban (>70% Developed)",NA,"Urban","30 - 35  MPH","Stop And Go Signal","Clear","No",15,"11-15","No",NA,"Facing Traffic","C: Possible Injury","Travel Lane","Black","Male",59,"50-59","No",NA,"0-5 mph","O: No Injury","Black","Female","Sport Utility","No","04DEC2008","Thursday","Motorist Failed to Yield - Signalized Intersection",7,"Intersection","December","C: Possible Injury",25740,"Motorist Drive Out - Right Turn on Red",2008,"Yes","No","Daylight","Straight - Level","Local Street","Dry","Two-Way, Divided, Unprotected Median","None","No Special Feature","Smooth Asphalt",0,0,0,0,0,0,0,"2 lanes",2,0,NA,0,NA
4692,6395,"Raleigh","Wake","Piedmont","Commercial","Urban (>70% Developed)",NA,"Urban","30 - 35  MPH","Missing","Clear","No",48,"40-49","No",NA,"Facing Traffic","C: Possible Injury","Sidewalk / Crosswalk / Driveway Crossing","White","Female",27,"25-29","No",NA,"0-5 mph","O: No Injury","White","Male","Pickup","No","03DEC2008","Wednesday","Motorist Failed to Yield - Midblock",8,"Non-Intersection","December","C: Possible Injury",29580,"Motorist Drive Out - Commercial Driveway / Alley",2008,"No","No","Daylight","Straight - Level","Local Street","Dry","Two-Way, Not Divided","None","No Special Feature","Smooth Asphalt",0,0,0,0,0,0,0,"7 lanes",2,0,NA,0,NA
4693,6398,"Raleigh","Wake","Piedmont","Commercial","Urban (>70% Developed)",NA,"Urban","30 - 35  MPH","Missing","Clear","No",29,"25-29","No",NA,"With Traffic","O: No Injury","Travel Lane","White","Male",64,"60-69","No",NA,NA,"O: No Injury","Black","Male","Passenger Car","No","07NOV2008","Friday","Other / Unusual Circumstances",22,"Non-Intersection","November","O: No Injury",80100,"Unusual Circumstances",2008,"No","No","Dark - Lighted Roadway","Straight - Grade","Local Street","Dry","Two-Way, Not Divided","None","No Special Feature","Coarse Asphalt",0,0,0,0,0,0,0,"4 lanes",2,0,NA,0,NA
4694,6401,"Carrboro","Orange","Piedmont","Commercial","Urban (>70% Developed)",NA,"Urban","20 - 25  MPH","No Control Present","Cloudy","No",28,"25-29","No",NA,"Facing Traffic","C: Possible Injury","Travel Lane","White","Male",23,"20-24","No",NA,"16-20 mph","O: No Injury","White","Male","Passenger Car","No","04DEC2008","Thursday","Bicyclist Left Turn / Merge",20,"Non-Intersection","December","C: Possible Injury",74100,"Bicyclist Left Turn - Opposite Direction",2008,"Yes","No","Dark - Lighted Roadway","Straight - Level","Local Street","Wet","Two-Way, Not Divided","None","No Special Feature","Smooth Asphalt",0,0,0,0,0,0,0,"4 lanes",2,0,NA,0,NA
4695,6407,"None - Rural Crash","Onslow","Coastal","Farms, Woods, Pastures","Rural (<30% Developed)",NA,"Rural",NA,"No Control Present","Clear","No",17,"16-19","No",NA,"With Traffic","O: No Injury","Travel Lane","White","Female",23,"20-24","No",NA,NA,"B: Evident Injury","Black","Male","Pedalcycle","No","13DEC2008","Saturday","Motorist Overtaking Bicyclist",19,"Non-Intersection","December","B: Evident Injury",69840,"Motorist Overtaking - Other / Unknown",2008,"Yes","No","Dark - Roadway Not Lighted","Straight - Level","US Route","Dry","Two-Way, Not Divided","None","No Special Feature","Coarse Asphalt",0,0,0,0,0,0,0,"2 lanes",2,0,NA,0,NA
4696,6413,"Navassa","Brunswick","Coastal","Residential","Mixed (30% To 70% Developed)",NA,"Rural",NA,"No Control Present","Clear","No",NA,NA,"No",NA,"With Traffic","B: Evident Injury","Travel Lane","Black","Male",42,"40-49","No",NA,"31-35 mph","B: Evident Injury","Black","Male","Motorcycle","No","14DEC2008","Sunday","Head-On",13,"Non-Intersection","December","B: Evident Injury",48360,"Head-On - Unknown",2008,"Yes","No","Daylight","Straight - Level","Local Street","Dry","Two-Way, Not Divided","None","No Special Feature","Coarse Asphalt",0,0,0,0,0,0,0,"2 lanes",3,0,NA,0,NA
4697,6414,"Asheville","Buncombe","Mountains","Commercial","Urban (>70% Developed)",NA,"Urban","30 - 35  MPH","Double Yellow Line, No Passing Zone","Clear","No",30,"30-39","No",NA,"With Traffic","B: Evident Injury","Travel Lane","White","Male",NA,"70+","No",NA,"0-5 mph","O: No Injury","White","Female","Passenger Car","No","15DEC2008","Monday","Motorist Failed to Yield - Midblock",17,"Non-Intersection","December","B: Evident Injury",64080,"Motorist Drive Out - Commercial Driveway / Alley",2008,"Yes","No","Dark - Roadway Not Lighted","Straight - Grade","Local Street","Wet","Two-Way, Not Divided","None","No Special Feature","Smooth Asphalt",0,0,0,0,0,0,0,"3 lanes",2,0,NA,0,NA
4698,6417,"None - Rural Crash","Brunswick","Coastal","Residential","Mixed (30% To 70% Developed)",NA,"Rural","50 - 55  MPH","Missing","Clear","No",22,"20-24","No",NA,"Facing Traffic","C: Possible Injury","Travel Lane","White","Male",58,"50-59","No",NA,"51-55 mph","O: No Injury","White","Male","Passenger Car","No","18DEC2008","Thursday","Head-On",13,"Non-Intersection","December","C: Possible Injury",49740,"Head-On - Bicyclist",2008,"Yes","No","Daylight","Straight - Level","NC Route","Dry","Two-Way, Not Divided","None","No Special Feature","Smooth Asphalt",0,0,0,0,0,0,0,"2 lanes",2,0,NA,0,NA
4699,6418,"Sanford","Lee","Piedmont","Commercial","Urban (>70% Developed)",NA,"Urban","30 - 35  MPH","Stop And Go Signal","Cloudy","No",44,"40-49","No",NA,"With Traffic","O: No Injury","Travel Lane","Black","Male",32,"30-39","No",NA,"11-15 mph","O: No Injury","Hispanic","Female","Passenger Car","No","18DEC2008","Thursday","Crossing Paths - Other Circumstances",18,"Intersection","December","O: No Injury",64920,"Signalized Intersection - Other / Unknown",2008,"Yes","No","Dark - Roadway Not Lighted","Straight - Level","Local Street","Wet","Two-Way, Not Divided","None","Four-Way Intersection","Coarse Asphalt",0,0,0,0,0,0,0,"4 lanes",2,0,NA,0,NA
4700,6419,"Chapel Hill","Orange","Piedmont","Residential","Urban (>70% Developed)",NA,"Urban","20 - 25  MPH","Missing","Clear","No",8,"6-10","No",NA,"Not Applicable","C: Possible Injury","Driveway / Alley","White","Male",48,"40-49","No",NA,"16-20 mph","O: No Injury","White","Female","Passenger Car","No","19DEC2008","Friday","Bicyclist Failed to Yield - Midblock",15,"Non-Intersection","December","C: Possible Injury",56520,"Bicyclist Ride Out - Residential Driveway",2008,"No","No","Daylight","Straight - Hillcrest","Local Street","Dry","Two-Way, Not Divided","None","No Special Feature","Smooth Asphalt",0,0,0,0,0,0,0,"2 lanes",2,0,NA,0,NA
4701,2025,"None - Rural Crash","Rowan","Piedmont","Commercial","Urban (>70% Developed)",NA,"Rural","40 - 45  MPH","Double Yellow Line, No Passing Zone","Cloudy","No",33,"30-39","No",NA,"With Traffic","C: Possible Injury",NA,"Hispanic","Male",43,"40-49","No",NA,"31-35 mph","O: No Injury","White","Female","Passenger Car","No","14MAY2012","Monday","Motorist Overtaking Bicyclist",20,"Non-Intersection","May","C: Possible Injury",73440,"Motorist Overtaking - Misjudged Space",2012,"Yes","No","Dusk","Straight - Hillcrest","State Secondary Route","Dry","Two-Way, Not Divided","None","No Special Feature","Smooth Asphalt",0,0,0,0,0,0,0,"2 lanes",2,0,NA,0,NA
4702,2032,"Eden","Rockingham","Piedmont","Residential","Urban (>70% Developed)",NA,"Urban","20 - 25  MPH","No Control Present","Clear","No",11,"11-15","No",NA,"Not Applicable","B: Evident Injury","Driveway / Alley","Black","Male",17,"0-19","No",NA,"21-25 mph","O: No Injury","White","Male","Passenger Car","No","06MAY2012","Sunday","Bicyclist Failed to Yield - Midblock",17,"Non-Intersection","May","B: Evident Injury",61500,"Bicyclist Ride Out - Residential Driveway",2012,"Yes","No","Daylight","Straight - Level","Local Street","Dry","Two-Way, Not Divided","None","No Special Feature","Coarse Asphalt",0,0,0,0,0,0,0,"2 lanes",2,0,NA,0,NA
4703,2034,"None - Rural Crash","Transylvania","Mountains","Farms, Woods, Pastures","Rural (<30% Developed)",NA,"Rural",NA,"No Control Present","Clear","No",64,"60-69","No",NA,"Not Applicable","B: Evident Injury",NA,"White","Male",49,"40-49","No",NA,"11-15 mph","O: No Injury","White","Male","Sport Utility","No","17MAR2012","Saturday","Non-Roadway",12,"Non-Roadway","March","B: Evident Injury",44400,"Non-Roadway",2012,"Yes","No","Daylight","Curve - Level","Private Road, Driveway","Dry","Two-Way, Not Divided","None","Driveway, Private","Gravel",0,0,0,0,0,0,0,"2 lanes",2,0,NA,0,NA
4704,2038,"Greensboro","Guilford","Piedmont","Commercial","Mixed (30% To 70% Developed)",NA,"Urban","30 - 35  MPH","Stop And Go Signal","Clear","No",21,"20-24","No",NA,NA,"C: Possible Injury",NA,"Black","Male",33,"30-39","No",NA,"0-5 mph","O: No Injury","Black","Male","Passenger Car","No","16MAY2012","Wednesday","Bicyclist Failed to Yield - Midblock",16,"Non-Intersection","May","C: Possible Injury",60540,"Bicyclist Ride Out - Other Midblock",2012,"Yes","No","Daylight","Straight - Level","Local Street","Dry","Two-Way, Divided, Unprotected Median","None","Four-Way Intersection","Smooth Asphalt",0,0,0,0,0,0,0,"6 lanes",2,0,NA,0,NA
4705,2040,"None - Rural Crash","Haywood","Mountains","Residential","Urban (>70% Developed)",NA,"Rural","20 - 25  MPH","Stop Sign","Clear","No",9,"6-10","No",NA,"With Traffic","B: Evident Injury","Travel Lane","White","Male",51,"50-59","No",NA,"0-5 mph","O: No Injury","White","Female","Sport Utility","No","14MAY2012","Monday","Bicyclist Failed to Yield - Sign-Controlled Intersection",15,"Intersection","May","B: Evident Injury",55800,"Bicyclist Ride Through - Sign-Controlled Intersection",2012,"Yes","No","Daylight","Straight - Grade","State Secondary Route","Dry","Two-Way, Not Divided","None","Alley Intersection","Coarse Asphalt",0,0,0,0,0,0,0,"2 lanes",2,0,NA,0,NA
4706,2049,"Whiteville","Columbus","Coastal","Commercial","Urban (>70% Developed)",NA,"Urban","5 - 15 MPH","No Control Present","Cloudy","No",39,"30-39","Yes",NA,"Facing Traffic","B: Evident Injury","Sidewalk / Crosswalk / Driveway Crossing","Hispanic","Male",41,"40-49","No",NA,NA,"O: No Injury","White","Male","Pickup","Yes","14MAY2012","Monday","Motorist Failed to Yield - Midblock",15,"Non-Intersection","May","B: Evident Injury",57480,"Motorist Drive Out - Commercial Driveway / Alley",2012,"No","No","Daylight","Straight - Level","Public Vehicular Area","Dry","Two-Way, Not Divided","None","Driveway, Public","Smooth Asphalt",0,0,0,0,0,0,0,"5 lanes",2,0,NA,0,NA
4707,2052,"Cornelius","Mecklenburg","Piedmont","Residential","Urban (>70% Developed)",NA,"Urban","20 - 25  MPH","No Control Present","Clear","No",36,"30-39","Yes",NA,"With Traffic","C: Possible Injury","Travel Lane","White","Male",NA,NA,"Missing",NA,NA,"Unknown Injury","Unknown/Missing",NA,"Passenger Car","Yes","15MAY2012","Tuesday","Loss of Control / Turning Error",16,"Non-Intersection","May","C: Possible Injury",57600,"Bicyclist Lost Control - Other / Unknown",2012,"No","No","Daylight","Straight - Level","Local Street","Dry","Two-Way, Not Divided","None","No Special Feature","Smooth Asphalt",0,0,0,0,0,0,0,"2 lanes",2,0,NA,0,NA
4708,2054,"Winston-Salem","Forsyth","Piedmont","Residential","Urban (>70% Developed)",NA,"Urban","30 - 35  MPH","Stop Sign","Cloudy","No",19,"16-19","No",NA,"Facing Traffic","B: Evident Injury","Sidewalk / Crosswalk / Driveway Crossing","White","Female",23,"20-24","No",NA,"6-10 mph","O: No Injury","White","Female","Sport Utility","No","12MAY2012","Saturday","Motorist Failed to Yield - Sign-Controlled Intersection",10,"Intersection","May","B: Evident Injury",36180,"Motorist Drive Out - Sign-Controlled Intersection",2012,"Yes","No","Daylight","Straight - Grade","Local Street","Dry","Two-Way, Not Divided","None","Four-Way Intersection","Smooth Asphalt",0,0,0,0,0,0,0,"2 lanes",2,0,NA,0,NA
4709,2057,"Monroe","Union","Piedmont","Commercial","Urban (>70% Developed)",NA,"Urban","40 - 45  MPH","No Control Present","Clear","No",13,"11-15","No",NA,NA,"B: Evident Injury",NA,"Hispanic","Male",40,"40-49","No",NA,"31-35 mph","O: No Injury","Black","Female","Passenger Car","No","20MAY2012","Sunday","Crossing Paths - Other Circumstances",15,"Intersection-Related","May","B: Evident Injury",56700,"Crossing Paths - Intersection - Other / Unknown",2012,"No","No","Daylight","Straight - Level","US Route","Dry","Two-Way, Divided, Unprotected Median","None","No Special Feature","Smooth Asphalt",0,0,0,0,0,0,0,"6 lanes",2,0,NA,0,NA
4710,2058,"Oak Island","Brunswick","Coastal","Residential","Urban (>70% Developed)",NA,"Urban","30 - 35  MPH","No Control Present","Clear","No",58,"50-59","No",NA,"Facing Traffic","C: Possible Injury","Sidewalk / Crosswalk / Driveway Crossing","White","Male",17,"0-19","No",NA,"26-30 mph","O: No Injury","White","Male","Sport Utility","No","12MAY2012","Saturday","Loss of Control / Turning Error",10,"Non-Intersection","May","C: Possible Injury",37200,"Motorist Lost Control - Other / Unknown",2012,"Yes","No","Daylight","Straight - Level","Local Street","Dry","Two-Way, Not Divided","None","No Special Feature","Smooth Asphalt",0,0,0,0,0,0,0,"3 lanes",3,0,NA,0,NA
4711,2064,"None - Rural Crash","Wake","Piedmont","Residential","Mixed (30% To 70% Developed)",NA,"Rural","40 - 45  MPH","Double Yellow Line, No Passing Zone","Clear","No",20,"20-24","No",NA,"With Traffic","B: Evident Injury","Travel Lane","White","Male",28,"25-29","No",NA,"31-35 mph","O: No Injury","White","Male","Single Unit Truck (3 Or More Axles)","No","17MAY2012","Thursday","Motorist Overtaking Bicyclist",16,"Non-Intersection","May","B: Evident Injury",60960,"Motorist Overtaking - Bicyclist Swerved",2012,"Yes","No","Daylight","Straight - Level","State Secondary Route","Dry","Two-Way, Not Divided","None","No Special Feature","Smooth Asphalt",0,0,0,0,0,0,0,"2 lanes",2,0,NA,0,NA
4712,2072,"Charlotte","Mecklenburg","Piedmont","Commercial","Urban (>70% Developed)",NA,"Urban","40 - 45  MPH","Stop Sign","Clear","No",28,"25-29","No",NA,"Facing Traffic","C: Possible Injury","Sidewalk / Crosswalk / Driveway Crossing","Black","Male",NA,"70+","No",NA,"16-20 mph","O: No Injury","White","Female","Passenger Car","No","29MAY2012","Tuesday","Motorist Failed to Yield - Midblock",14,"Non-Intersection","May","C: Possible Injury",50400,"Motorist Drive Out - Commercial Driveway / Alley",2012,"Yes","Yes","Daylight","Straight - Level","Local Street","Dry","Two-Way, Not Divided","None","No Special Feature","Smooth Asphalt",0,0,0,0,0,0,0,"2 lanes",2,0,NA,0,NA
4713,2076,"Kinston","Lenoir","Coastal","Residential","Urban (>70% Developed)",NA,"Urban","5 - 15 MPH","No Control Present","Clear","No",3,"0-5","No",NA,"Not Applicable","O: No Injury","Non-Roadway","Black","Male",34,"30-39","No",NA,"6-10 mph","O: No Injury","Black","Male","Passenger Car","No","25MAY2012","Friday","Non-Roadway",18,"Non-Roadway","May","O: No Injury",66000,"Non-Roadway",2012,"No","No","Daylight","Straight - Level","Public Vehicular Area","Dry","Two-Way, Not Divided","None","No Special Feature","Smooth Asphalt",0,0,0,0,0,0,0,NA,2,0,NA,0,NA
4714,2077,"Charlotte","Mecklenburg","Piedmont","Residential","Urban (>70% Developed)",NA,"Urban","30 - 35  MPH","Stop And Go Signal","Clear","No",44,"40-49","No",NA,"Facing Traffic","B: Evident Injury","Sidewalk / Crosswalk / Driveway Crossing","Hispanic","Male",NA,"70+","No",NA,"31-35 mph","O: No Injury","White","Male","Passenger Car","No","31MAY2012","Thursday","Head-On",11,"Intersection","May","B: Evident Injury",41100,"Head-On - Bicyclist",2012,"Yes","No","Daylight","Straight - Grade","Local Street","Dry","Two-Way, Divided, Positive Median Barrier","None","Four-Way Intersection","Smooth Asphalt",0,0,0,0,0,0,0,"5 lanes",2,0,NA,0,NA
4715,2078,"Raleigh","Wake","Piedmont","Institutional","Urban (>70% Developed)",NA,"Urban","40 - 45  MPH","Stop And Go Signal","Clear","No",20,"20-24","No",NA,"With Traffic","C: Possible Injury","Sidewalk / Crosswalk / Driveway Crossing","Asian","Male",20,"20-24","No",NA,"16-20 mph","O: No Injury","White","Female","Passenger Car","No","17APR2012","Tuesday","Motorist Left Turn / Merge",11,"Intersection","April","C: Possible Injury",41460,"Motorist Left Turn - Opposite Direction",2012,"No","No","Daylight","Straight - Level","Local Street","Dry","Two-Way, Divided, Positive Median Barrier","None","Four-Way Intersection","Coarse Asphalt",0,0,0,0,0,0,0,"2 lanes",2,0,NA,0,NA
4716,2080,"Garysburg","Northampton","Coastal","Residential","Mixed (30% To 70% Developed)",NA,"Rural","40 - 45  MPH","No Control Present","Rain","No",46,"40-49","No",NA,"With Traffic","C: Possible Injury","Travel Lane","Black","Male",NA,NA,"No",NA,NA,"Unknown Injury","Unknown/Missing",NA,NA,"No","02JUN2012","Saturday","Motorist Overtaking Bicyclist",1,"Non-Intersection","June","C: Possible Injury",3960,"Motorist Overtaking - Misjudged Space",2012,"Yes","Yes","Dark - Roadway Not Lighted","Straight - Level","US Route","Wet","Two-Way, Not Divided","None","No Special Feature","Smooth Asphalt",0,0,0,0,0,0,0,"2 lanes",2,0,NA,0,NA
4717,2083,"Duck","Dare","Coastal","Commercial","Urban (>70% Developed)",NA,"Rural",NA,"No Control Present","Clear","No",47,"40-49","No",NA,"With Traffic","B: Evident Injury","Travel Lane","White","Male",NA,"70+","No",NA,"21-25 mph","O: No Injury","White","Male","Van","No","27MAY2012","Sunday","Motorist Right Turn / Merge",16,"Intersection","May","B: Evident Injury",59700,"Motorist Right Turn - Same Direction",2012,"Yes","No","Daylight","Straight - Level","NC Route","Dry","Two-Way, Not Divided","None","No Special Feature","Smooth Asphalt",0,0,0,0,0,0,0,"3 lanes",2,0,NA,0,NA
4718,2086,"None - Rural Crash","Iredell","Piedmont","Residential","Rural (<30% Developed)",NA,"Rural","40 - 45  MPH","Double Yellow Line, No Passing Zone","Cloudy","No",54,"50-59","No",NA,"With Traffic","C: Possible Injury","Travel Lane","White","Female",28,"25-29","No",NA,"26-30 mph","O: No Injury","White","Female","Passenger Car","No","04JUN2012","Monday","Bicyclist Left Turn / Merge",18,"Intersection","June","C: Possible Injury",66540,"Bicyclist Left Turn - Same Direction",2012,"Yes","No","Daylight","Straight - Level","State Secondary Route","Dry","Two-Way, Not Divided","None","T-Intersection","Smooth Asphalt",0,0,0,0,0,0,0,"2 lanes",2,0,NA,0,NA
4719,2103,"None - Rural Crash","Caldwell","Mountains","Commercial","Mixed (30% To 70% Developed)",NA,"Rural","50 - 55  MPH","Stop Sign","Clear","No",53,"50-59","No",NA,"Facing Traffic","B: Evident Injury","Bike Lane / Paved Shoulder","White","Male",56,"50-59","No",NA,"6-10 mph","O: No Injury","White","Female","Sport Utility","No","01JUN2012","Friday","Motorist Failed to Yield - Sign-Controlled Intersection",15,"Intersection","June","B: Evident Injury",55200,"Motorist Drive Out - Sign-Controlled Intersection",2012,"No","No","Daylight","Straight - Grade","US Route","Dry","Two-Way, Not Divided","None","Four-Way Intersection","Smooth Asphalt",0,0,0,0,0,0,0,"2 lanes",2,0,NA,0,NA
4720,2104,"Cary","Wake","Piedmont","Commercial","Urban (>70% Developed)",NA,"Urban","40 - 45  MPH","Stop And Go Signal","Clear","No",13,"11-15","No",NA,"Facing Traffic","C: Possible Injury","Sidewalk / Crosswalk / Driveway Crossing","White","Male",18,"0-19","No",NA,"0-5 mph","O: No Injury","White","Female","Sport Utility","No","19MAY2012","Saturday","Crossing Paths - Other Circumstances",13,"Intersection","May","C: Possible Injury",48720,"Signalized Intersection - Other / Unknown",2012,"Yes","No","Daylight","Straight - Level","State Secondary Route","Dry","Two-Way, Not Divided","None","Related To Intersection","Smooth Asphalt",0,0,0,0,0,0,0,"5 lanes",2,0,NA,0,NA
4721,2108,"Fayetteville","Cumberland","Coastal","Residential","Urban (>70% Developed)",NA,"Urban","20 - 25  MPH","Stop Sign","Clear","No",9,"6-10","No",NA,"Facing Traffic","B: Evident Injury","Travel Lane","White","Male",45,"40-49","No",NA,"0-5 mph","O: No Injury","Black","Female","Sport Utility","No","24MAY2012","Thursday","Bicyclist Failed to Yield - Sign-Controlled Intersection",16,"Intersection","May","B: Evident Injury",58980,"Bicyclist Ride Through - Sign-Controlled Intersection",2012,"Yes","No","Daylight","Straight - Level","Local Street","Dry","Two-Way, Not Divided","None","T-Intersection","Coarse Asphalt",0,0,0,0,0,0,0,"2 lanes",2,0,NA,0,NA