"...1","object_id","city","county","region","development","locality","on_road","rural_urban","speed_limit","traffic_control","weather","workzone","bike_age","bike_age_group","bike_alcohol","bike_alcohol_drugs","bike_direction","bike_injury","bike_position","bike_race","bike_sex","driver_age","driver_age_group","driver_alcohol","driver_alcohol_drugs","driver_est_speed","driver_injury","driver_race","driver_sex","driver_vehicle_type","crash_alcohol","crash_date","crash_day","crash_group","crash_hour","crash_location","crash_month","crash_severity","crash_time","crash_type","crash_year","ambulance_req","hit_run","light_condition","road_character","road_class","road_condition","road_configuration","road_defects","road_feature","road_surface","num_bikes_ai","num_bikes_bi","num_bikes_ci","num_bikes_ki","num_bikes_no","num_bikes_to","num_bikes_ui","num_lanes","num_units","distance_mi_from","frm_road","rte_invd_cd","towrd_road"
4722,2109,"None - Rural Crash","Guilford","Piedmont","Farms, Woods, Pastures","Rural (<30% Developed)",NA,"Rural","40 - 45  MPH","Stop Sign","Clear","No",66,"60-69","No",NA,"With Traffic","C: Possible Injury","Travel Lane","White","Male",51,"50-59","No",NA,"0-5 mph","O: No Injury","White","Female","Passenger Car","No","08JUN2012","Friday","Loss of Control / Turning Error",13,"Intersection","June","C: Possible Injury",49800,"Bicyclist Turning Error - Left Turn",2012,"No","No","Daylight","Straight - Grade","State Secondary Route","Dry","Two-Way, Not Divided","None","T-Intersection","Coarse Asphalt",0,0,0,0,0,0,0,"2 lanes",2,0,NA,0,NA
4723,2112,"Harrisburg","Cabarrus","Piedmont","Residential","Rural (<30% Developed)",NA,"Urban","40 - 45  MPH","No Control Present","Clear","No",45,"40-49","No",NA,"With Traffic","B: Evident Injury","Travel Lane","White","Male",46,"40-49","No",NA,"36-40 mph","O: No Injury","White","Female","Passenger Car","No","26MAY2012","Saturday","Motorist Overtaking Bicyclist",11,"Non-Intersection","May","B: Evident Injury",43020,"Motorist Overtaking - Misjudged Space",2012,"No","No","Daylight","Straight - Grade","Local Street","Dry","Two-Way, Not Divided","None","No Special Feature","Smooth Asphalt",0,0,0,0,0,0,0,"2 lanes",2,0,NA,0,NA
4724,2122,"Granite Quarry","Rowan","Piedmont","Residential","Urban (>70% Developed)",NA,"Rural","30 - 35  MPH","Stop Sign","Clear","No",13,"11-15","No",NA,"With Traffic","O: No Injury","Travel Lane","White","Male",56,"50-59","No",NA,"31-35 mph","O: No Injury","White","Female","Sport Utility","No","06JUN2012","Wednesday","Bicyclist Failed to Yield - Sign-Controlled Intersection",18,"Intersection","June","O: No Injury",65220,"Bicyclist Ride Through - Sign-Controlled Intersection",2012,"No","No","Daylight","Straight - Level","Local Street","Dry","Two-Way, Not Divided","None","Four-Way Intersection","Smooth Asphalt",0,0,0,0,0,0,0,"2 lanes",2,0,NA,0,NA
4725,2133,"Wilson","Wilson","Coastal","Residential","Mixed (30% To 70% Developed)",NA,"Urban","30 - 35  MPH","Stop Sign","Cloudy","No",7,"6-10","No",NA,"With Traffic","C: Possible Injury","Travel Lane","Black","Female",NA,NA,"Missing",NA,"0-5 mph","Unknown Injury","Unknown/Missing",NA,NA,"No","27MAY2012","Sunday","Motorist Failed to Yield - Sign-Controlled Intersection",17,"Intersection","May","C: Possible Injury",61260,"Motorist Drive Out - Sign-Controlled Intersection",2012,"Yes","Yes","Daylight","Straight - Level","Local Street","Wet","Two-Way, Not Divided","None","No Special Feature","Coarse Asphalt",0,0,0,0,0,0,0,"2 lanes",2,0,NA,0,NA
4726,2134,"None - Rural Crash","Sampson","Coastal","Farms, Woods, Pastures","Rural (<30% Developed)",NA,"Rural","50 - 55  MPH","Double Yellow Line, No Passing Zone","Clear","No",12,"11-15","No",NA,"With Traffic","B: Evident Injury","Travel Lane","Black","Male",36,"30-39","No",NA,"31-35 mph","O: No Injury","Black","Female","Sport Utility","No","26MAY2012","Saturday","Motorist Overtaking Bicyclist",16,"Non-Intersection","May","B: Evident Injury",61020,"Motorist Overtaking - Bicyclist Swerved",2012,"Yes","No","Daylight","Straight - Level","State Secondary Route","Dry","Two-Way, Not Divided","None","Driveway, Private","Coarse Asphalt",0,0,0,0,0,0,0,"2 lanes",2,0,NA,0,NA
4727,2145,"Greensboro","Guilford","Piedmont","Commercial","Urban (>70% Developed)",NA,"Urban","30 - 35  MPH","Stop Sign","Clear","No",22,"20-24","No",NA,"With Traffic","C: Possible Injury","Sidewalk / Crosswalk / Driveway Crossing","Black","Male",60,"60-69","No",NA,"0-5 mph","O: No Injury","Black","Female","Van","No","20JUN2012","Wednesday","Motorist Failed to Yield - Sign-Controlled Intersection",8,"Intersection","June","C: Possible Injury",31740,"Motorist Drive Out - Sign-Controlled Intersection",2012,"Yes","No","Daylight","Straight - Level","Local Street","Dry","Two-Way, Divided, Positive Median Barrier","None","T-Intersection","Smooth Asphalt",0,0,0,0,0,0,0,"4 lanes",2,0,NA,0,NA
4728,2149,"Fayetteville","Cumberland","Coastal","Commercial","Urban (>70% Developed)",NA,"Urban","40 - 45  MPH","Stop Sign","Cloudy","Yes",66,"60-69","No",NA,"Facing Traffic","O: No Injury","Travel Lane","Black","Male",29,"25-29","No",NA,"0-5 mph","O: No Injury","White","Male","Passenger Car","No","25JUN2012","Monday","Motorist Failed to Yield - Sign-Controlled Intersection",7,"Intersection","June","O: No Injury",26880,"Motorist Drive Out - Sign-Controlled Intersection",2012,"No","No","Daylight","Curve - Hillcrest","Local Street","Wet","Two-Way, Divided, Positive Median Barrier","None","T-Intersection","Coarse Asphalt",0,0,0,0,0,0,0,"5 lanes",2,0,NA,0,NA
4729,2153,"None - Rural Crash","Buncombe","Mountains","Residential","Urban (>70% Developed)",NA,"Rural","30 - 35  MPH","Stop Sign","Clear","No",54,"50-59","No",NA,"With Traffic","B: Evident Injury","Travel Lane","White","Male",45,"40-49","No",NA,"0-5 mph","O: No Injury","White","Male","Single Unit Truck (3 Or More Axles)","No","14JUN2012","Thursday","Motorist Failed to Yield - Sign-Controlled Intersection",10,"Intersection","June","B: Evident Injury",36600,"Motorist Drive Out - Sign-Controlled Intersection",2012,"Yes","No","Daylight","Curve - Bottom","State Secondary Route","Dry","Two-Way, Not Divided","None","T-Intersection","Smooth Asphalt",0,0,0,0,0,0,0,"2 lanes",2,0,NA,0,NA
4730,2156,"None - Rural Crash","Wake","Piedmont","Farms, Woods, Pastures","Rural (<30% Developed)",NA,"Rural","50 - 55  MPH","Stop Sign","Clear","No",43,"40-49","No",NA,"With Traffic","B: Evident Injury","Travel Lane","White","Male",35,"30-39","No",NA,"0-5 mph","O: No Injury","Hispanic","Male","Pickup","No","27JUN2012","Wednesday","Motorist Failed to Yield - Sign-Controlled Intersection",7,"Intersection","June","B: Evident Injury",25800,"Motorist Drive Out - Sign-Controlled Intersection",2012,"Yes","No","Daylight","Straight - Level","State Secondary Route","Dry","Two-Way, Not Divided","None","T-Intersection","Coarse Asphalt",0,0,0,0,0,0,0,"4 lanes",2,0,NA,0,NA
4731,2157,"Wilmington","New Hanover","Coastal","Residential","Urban (>70% Developed)",NA,"Urban",NA,"No Control Present","Clear","No",12,"11-15","No",NA,NA,"B: Evident Injury",NA,"Black","Male",NA,NA,"Missing",NA,NA,"Unknown Injury","Unknown/Missing",NA,NA,"No","16JUN2012","Saturday","Bicyclist Failed to Yield - Midblock",12,"Non-Intersection","June","B: Evident Injury",44640,"Bicyclist Ride Out - Midblock - Unknown",2012,"Yes","Yes","Daylight","Straight - Level","Local Street","Dry","Two-Way, Not Divided","None","No Special Feature","Smooth Asphalt",0,0,0,0,0,0,0,"2 lanes",2,0,NA,0,NA
4732,2159,"Mooresville","Iredell","Piedmont","Commercial","Urban (>70% Developed)",NA,"Urban","30 - 35  MPH","Stop Sign","Clear","No",17,"16-19","No",NA,"With Traffic","B: Evident Injury","Travel Lane","White","Male",NA,"70+","No",NA,"16-20 mph","O: No Injury","White","Female","Sport Utility","No","19JUN2012","Tuesday","Bicyclist Failed to Yield - Sign-Controlled Intersection",14,"Intersection","June","B: Evident Injury",52260,"Bicyclist Ride Through - Sign-Controlled Intersection",2012,"Yes","No","Daylight","Straight - Grade","Local Street","Dry","Two-Way, Not Divided","None","T-Intersection","Smooth Asphalt",0,0,0,0,0,0,0,"2 lanes",2,0,NA,0,NA
4733,2161,"Raleigh","Wake","Piedmont","Commercial","Urban (>70% Developed)",NA,"Urban","40 - 45  MPH","No Control Present","Clear","No",38,"30-39","No",NA,"With Traffic","B: Evident Injury","Travel Lane","White","Male",48,"40-49","Yes",NA,"41-45 mph","O: No Injury","Black","Female","Sport Utility","Yes","02JUN2012","Saturday","Motorist Overtaking Bicyclist",14,"Non-Intersection","June","B: Evident Injury",53880,"Motorist Overtaking - Other / Unknown",2012,"No","Yes","Daylight","Curve - Level","Local Street","Dry","Two-Way, Divided, Unprotected Median","None","No Special Feature","Coarse Asphalt",0,0,0,0,0,0,0,"5 lanes",2,0,NA,0,NA
4734,2167,"Greensboro","Guilford","Piedmont","Commercial","Urban (>70% Developed)",NA,"Urban","30 - 35  MPH","No Control Present","Clear","No",15,"11-15","No",NA,"With Traffic","C: Possible Injury","Travel Lane","Black","Male",21,"20-24","No",NA,"21-25 mph","O: No Injury","Black","Female","Passenger Car","No","28JUN2012","Thursday","Bicyclist Failed to Yield - Sign-Controlled Intersection",14,"Intersection","June","C: Possible Injury",52740,"Bicyclist Ride Through - Sign-Controlled Intersection",2012,"Yes","No","Daylight","Straight - Level","Local Street","Dry","Two-Way, Not Divided","None","No Special Feature","Smooth Asphalt",0,0,0,0,0,0,0,"2 lanes",2,0,NA,0,NA
4735,2171,"Fayetteville","Cumberland","Coastal","Residential","Urban (>70% Developed)",NA,"Urban","20 - 25  MPH","Stop Sign","Clear","No",11,"11-15","No",NA,"With Traffic","A: Disabling Injury","Travel Lane","Black","Male",60,"60-69","No",NA,"21-25 mph","O: No Injury","Black","Female","Passenger Car","No","21JUN2012","Thursday","Bicyclist Failed to Yield - Sign-Controlled Intersection",14,"Intersection","June","A: Disabling Injury",51720,"Bicyclist Ride Through - Sign-Controlled Intersection",2012,"Yes","No","Daylight","Straight - Level","Local Street","Dry","Two-Way, Not Divided","None","T-Intersection","Coarse Asphalt",0,0,0,0,0,0,0,"2 lanes",2,0,NA,0,NA
4736,2174,"Newport","Carteret","Coastal","Residential","Mixed (30% To 70% Developed)",NA,"Rural","50 - 55  MPH","No Control Present","Clear","No",33,"30-39","No",NA,"With Traffic","B: Evident Injury","Travel Lane","Hispanic","Male",NA,NA,"Missing",NA,NA,"Unknown Injury","Unknown/Missing",NA,NA,"No","24JUN2012","Sunday","Motorist Overtaking Bicyclist",23,"Non-Intersection","June","B: Evident Injury",83460,"Motorist Overtaking - Other / Unknown",2012,"Yes","Yes","Dark - Roadway Not Lighted","Straight - Level","NC Route","Dry","Two-Way, Not Divided","None","Bridge Approach","Smooth Asphalt",0,0,0,0,0,0,0,"5 lanes",2,0,NA,0,NA
4737,2181,"None - Rural Crash","Wilson","Coastal","Residential","Urban (>70% Developed)",NA,"Rural","40 - 45  MPH","No Control Present","Clear","No",20,"20-24","No",NA,"Facing Traffic","B: Evident Injury","Travel Lane","White","Male",53,"50-59","No",NA,"36-40 mph","O: No Injury","White","Male","Van","No","28JUN2012","Thursday","Head-On",5,"Non-Intersection","June","B: Evident Injury",19680,"Head-On - Bicyclist",2012,"Yes","No","Dark - Roadway Not Lighted","Straight - Level","US Route","Dry","Two-Way, Not Divided","None","No Special Feature","Coarse Asphalt",0,0,0,0,0,0,0,"2 lanes",2,0,NA,0,NA
4738,2182,"Cornelius","Mecklenburg","Piedmont","Commercial","Urban (>70% Developed)",NA,"Urban","30 - 35  MPH","Stop Sign","Clear","No",30,"30-39","No",NA,"With Traffic","O: No Injury","Travel Lane","White","Male",62,"60-69","No",NA,NA,"O: No Injury","White","Male","Passenger Car","No","17JUN2012","Sunday","Loss of Control / Turning Error",12,"Intersection","June","O: No Injury",43740,"Bicyclist Lost Control - Mechanical Problems",2012,"No","No","Daylight","Straight - Level","Private Road, Driveway","Dry","Two-Way, Not Divided","None","T-Intersection","Coarse Asphalt",0,0,0,0,0,0,0,"2 lanes",2,0,NA,0,NA
4739,2192,"Wilmington","New Hanover","Coastal","Commercial","Urban (>70% Developed)",NA,"Urban",NA,"Stop And Go Signal","Clear","No",39,"30-39","No",NA,"With Traffic","B: Evident Injury","Travel Lane","White","Male",18,"0-19","No",NA,NA,"O: No Injury","White","Male","Passenger Car","No","29JUN2012","Friday","Motorist Left Turn / Merge",14,"Intersection","June","B: Evident Injury",53520,"Motorist Left Turn - Opposite Direction",2012,"No","No","Daylight","Straight - Level","Local Street","Dry","Two-Way, Not Divided","None","No Special Feature","Smooth Asphalt",0,0,0,0,0,0,0,"2 lanes",2,0,NA,0,NA
4740,2194,"Williamston","Martin","Coastal","Residential","Urban (>70% Developed)",NA,"Urban","20 - 25  MPH","Stop Sign","Clear","No",8,"6-10","No",NA,"With Traffic","B: Evident Injury","Travel Lane","Unknown/Missing","Female",61,"60-69","No",NA,"21-25 mph","O: No Injury","Black","Female","Passenger Car","No","26JUN2012","Tuesday","Bicyclist Failed to Yield - Sign-Controlled Intersection",15,"Intersection","June","B: Evident Injury",54600,"Bicyclist Ride Through - Sign-Controlled Intersection",2012,"No","No","Daylight","Straight - Grade","Local Street","Dry","Two-Way, Not Divided","None","Four-Way Intersection","Grooved Concrete",0,0,0,0,0,0,0,"1 lane",2,0,NA,0,NA
4741,2197,"Charlotte","Mecklenburg","Piedmont","Commercial","Urban (>70% Developed)",NA,"Urban","30 - 35  MPH","Stop Sign","Cloudy","No",43,"40-49","Missing",NA,"Facing Traffic","C: Possible Injury","Sidewalk / Crosswalk / Driveway Crossing","Black","Male",33,"30-39","No",NA,NA,"O: No Injury","White","Male","Sport Utility","No","11JUL2012","Wednesday","Motorist Failed to Yield - Sign-Controlled Intersection",12,"Intersection","July","C: Possible Injury",43380,"Motorist Drive Out - Sign-Controlled Intersection",2012,"Yes","No","Daylight","Curve - Grade","Local Street","Dry","Two-Way, Not Divided","None","Four-Way Intersection","Smooth Asphalt",0,0,0,0,0,0,0,"4 lanes",2,0,NA,0,NA
4742,2203,"Garner","Wake","Piedmont","Residential","Urban (>70% Developed)",NA,"Urban","30 - 35  MPH","Stop Sign","Clear","No",64,"60-69","No",NA,"Facing Traffic","C: Possible Injury","Travel Lane","White","Male",21,"20-24","No",NA,"6-10 mph","O: No Injury","White","Female","Passenger Car","No","29JUN2012","Friday","Motorist Failed to Yield - Sign-Controlled Intersection",10,"Intersection","June","C: Possible Injury",36360,"Motorist Drive Out - Sign-Controlled Intersection",2012,"Yes","No","Daylight","Straight - Grade","Local Street","Dry","Two-Way, Not Divided","None","No Special Feature","Smooth Asphalt",0,0,0,0,0,0,0,"5 lanes",2,0,NA,0,NA
4743,2214,"Mount Holly","Gaston","Piedmont","Residential","Urban (>70% Developed)",NA,"Urban","30 - 35  MPH","Stop And Go Signal","Clear","No",23,"20-24","No",NA,"With Traffic","C: Possible Injury","Travel Lane","White","Male",35,"30-39","No",NA,NA,"O: No Injury","Hispanic","Male","Pickup","No","28JUN2012","Thursday","Motorist Right Turn / Merge",11,"Intersection","June","C: Possible Injury",40560,"Motorist Right Turn - Same Direction",2012,"Yes","No","Daylight","Straight - Level","NC Route","Dry","Two-Way, Not Divided","Work Zone","Four-Way Intersection","Smooth Asphalt",0,0,0,0,0,0,0,"4 lanes",2,0,NA,0,NA
4744,2219,"Kernersville","Forsyth","Piedmont","Residential","Urban (>70% Developed)",NA,"Urban","5 - 15 MPH","No Control Present","Clear","No",47,"40-49","No",NA,"Not Applicable","C: Possible Injury","Non-Roadway","White","Male",62,"60-69","No",NA,"0-5 mph","O: No Injury","White","Female","Van","No","08JUL2012","Sunday","Non-Roadway",12,"Non-Roadway","July","C: Possible Injury",46740,"Non-Roadway",2012,"No","No","Daylight","Curve - Level","Public Vehicular Area","Dry","Two-Way, Not Divided","None","Driveway, Public","Coarse Asphalt",0,0,0,0,0,0,0,NA,2,0,NA,0,NA
4745,2224,"Wilmington","New Hanover","Coastal","Commercial","Urban (>70% Developed)",NA,"Urban","30 - 35  MPH","No Control Present","Clear","No",58,"50-59","No",NA,"With Traffic","O: No Injury","Travel Lane","Black","Male",22,"20-24","No",NA,"26-30 mph","O: No Injury","Black","Male","Passenger Car","No","02JUL2012","Monday","Bicyclist Left Turn / Merge",9,"Non-Intersection","July","O: No Injury",33780,"Bicyclist Left Turn - Opposite Direction",2012,"No","No","Daylight","Straight - Level","Local Street","Dry","Two-Way, Not Divided","None","No Special Feature","Coarse Asphalt",0,0,0,0,0,0,0,"2 lanes",2,0,NA,0,NA
4746,2227,"None - Rural Crash","Mecklenburg","Piedmont","Residential","Urban (>70% Developed)",NA,"Rural","30 - 35  MPH","No Control Present","Clear","No",41,"40-49","No",NA,"With Traffic","B: Evident Injury","Travel Lane","Black","Male",63,"60-69","No",NA,"26-30 mph","O: No Injury","White","Male","Passenger Car","No","20JUL2012","Friday","Motorist Overtaking Bicyclist",5,"Intersection","July","B: Evident Injury",19680,"Motorist Overtaking - Other / Unknown",2012,"Yes","No","Dark - Lighted Roadway","Straight - Level","Local Street","Dry","Two-Way, Not Divided","None","No Special Feature","Smooth Asphalt",0,0,0,0,0,0,0,"4 lanes",2,0,NA,0,NA
4747,2233,"None - Rural Crash","Alleghany","Mountains","Farms, Woods, Pastures","Rural (<30% Developed)",NA,"Rural","50 - 55  MPH","Double Yellow Line, No Passing Zone","Clear","No",62,"60-69","No",NA,"With Traffic","C: Possible Injury","Travel Lane","White","Female",37,"30-39","No",NA,"46-50 mph","O: No Injury","White","Male","Pickup","No","23JUL2012","Monday","Motorist Overtaking Bicyclist",8,"Non-Intersection","July","C: Possible Injury",29400,"Motorist Overtaking - Other / Unknown",2012,"Yes","No","Daylight","Curve - Level","NC Route","Dry","Two-Way, Not Divided","None","No Special Feature","Smooth Asphalt",0,0,0,0,0,0,0,"2 lanes",2,0,NA,0,NA
4748,2234,"Tobaccoville","Forsyth","Piedmont","Farms, Woods, Pastures","Rural (<30% Developed)",NA,"Rural","40 - 45  MPH","Double Yellow Line, No Passing Zone","Clear","No",44,"40-49","Yes",NA,"With Traffic","B: Evident Injury","Travel Lane","White","Male",29,"25-29","No",NA,"41-45 mph","O: No Injury","Black","Male","Pickup","Yes","23JUL2012","Monday","Motorist Overtaking Bicyclist",20,"Intersection-Related","July","B: Evident Injury",72240,"Motorist Overtaking - Bicyclist Swerved",2012,"Yes","No","Dusk","Curve - Level","State Secondary Route","Dry","Two-Way, Not Divided","None","No Special Feature","Coarse Asphalt",0,0,0,0,0,0,0,"2 lanes",2,0,NA,0,NA
4749,2239,"Pine Knoll Shores","Carteret","Coastal","Residential","Urban (>70% Developed)",NA,"Rural","40 - 45  MPH","Stop And Go Signal","Clear","No",58,"50-59","No",NA,"With Traffic","B: Evident Injury","Travel Lane","White","Male",61,"60-69","No",NA,"11-15 mph","O: No Injury","White","Male","Pickup","No","24JUL2012","Tuesday","Motorist Left Turn / Merge",7,"Intersection","July","B: Evident Injury",27180,"Motorist Left Turn - Opposite Direction",2012,"Yes","No","Daylight","Straight - Level","Local Street","Dry","Two-Way, Not Divided","None","T-Intersection","Smooth Asphalt",0,0,0,0,0,0,0,"2 lanes",2,0,NA,0,NA
4750,2255,"Ayden","Pitt","Coastal","Residential","Urban (>70% Developed)",NA,"Rural","20 - 25  MPH","No Control Present","Clear","No",60,"60-69","No",NA,"Facing Traffic","C: Possible Injury","Travel Lane","Black","Male",55,"50-59","No",NA,"16-20 mph","O: No Injury","Black","Male","Passenger Car","No","24JUN2012","Sunday","Backing Vehicle",21,"Non-Intersection","June","C: Possible Injury",78660,"Backing Vehicle",2012,"Yes","No","Dark - Lighted Roadway","Straight - Level","Local Street","Dry","Two-Way, Not Divided","None","No Special Feature","Smooth Asphalt",0,0,0,0,0,0,0,"2 lanes",2,0,NA,0,NA
4751,2266,"Havelock","Craven","Coastal","Commercial","Mixed (30% To 70% Developed)",NA,"Urban","40 - 45  MPH","No Control Present","Clear","No",65,"60-69","No",NA,"Facing Traffic","O: No Injury","Bike Lane / Paved Shoulder","White","Male",26,"25-29","No",NA,"0-5 mph","O: No Injury","White","Female","Passenger Car","No","30JUN2012","Saturday","Motorist Failed to Yield - Midblock",11,"Non-Intersection","June","O: No Injury",40980,"Motorist Drive Out - Commercial Driveway / Alley",2012,"No","No","Daylight","Straight - Level","US Route","Dry","Two-Way, Divided, Unprotected Median","None","Driveway, Public","Smooth Asphalt",0,0,0,0,0,0,0,"4 lanes",2,0,NA,0,NA
4752,2267,"Mooresville","Iredell","Piedmont","Commercial","Urban (>70% Developed)",NA,"Urban","30 - 35  MPH","Stop And Go Signal","Clear","No",15,"11-15","No",NA,"With Traffic","O: No Injury","Travel Lane","White","Female",67,"60-69","No",NA,"16-20 mph","O: No Injury","White","Male","Sport Utility","No","15JUN2012","Friday","Bicyclist Overtaking Motorist",11,"Intersection","June","O: No Injury",39660,"Bicyclist Overtaking - Other / Unknown",2012,"No","No","Daylight","Straight - Grade","Local Street","Dry","Two-Way, Not Divided","None","Four-Way Intersection","Coarse Asphalt",0,0,0,0,0,0,0,"2 lanes",2,0,NA,0,NA
4753,2268,"Oak Island","Brunswick","Coastal","Residential","Urban (>70% Developed)",NA,"Urban","20 - 25  MPH","No Control Present","Clear","No",13,"11-15","No",NA,"Not Applicable","B: Evident Injury","Driveway / Alley","White","Male",36,"30-39","Yes",NA,"16-20 mph","O: No Injury","White","Male","Pickup","Yes","26JUN2012","Tuesday","Crossing Paths - Other Circumstances",19,"Intersection-Related","June","B: Evident Injury",70800,"Crossing Paths - Uncontrolled Intersection",2012,"Yes","Yes","Daylight","Straight - Level","Local Street","Dry","Two-Way, Not Divided","None","No Special Feature","Smooth Asphalt",0,0,0,0,0,0,0,"2 lanes",2,0,NA,0,NA
4754,2269,"Raleigh","Wake","Piedmont","Institutional","Urban (>70% Developed)",NA,"Urban","30 - 35  MPH","Stop And Go Signal","Clear","No",50,"50-59","No",NA,"With Traffic","B: Evident Injury","Multi-use Path","White","Male",63,"60-69","No",NA,"0-5 mph","B: Evident Injury","White","Female","Taxicab","No","31JUL2012","Tuesday","Bicyclist Failed to Yield - Signalized Intersection",15,"Intersection","July","B: Evident Injury",57120,"Bicyclist Ride Through - Signalized Intersection",2012,"Yes","No","Daylight","Straight - Grade","Local Street","Dry","Two-Way, Not Divided","None","Related To Intersection","Smooth Asphalt",0,0,0,0,0,0,0,"2 lanes",2,0,NA,0,NA
4755,2270,"Cary","Wake","Piedmont","Commercial","Urban (>70% Developed)",NA,"Urban","30 - 35  MPH","Stop Sign","Clear","No",54,"50-59","No",NA,"Facing Traffic","C: Possible Injury","Travel Lane","White","Male",54,"50-59","No",NA,"0-5 mph","O: No Injury","Black","Male","Pickup","No","18JUL2012","Wednesday","Motorist Failed to Yield - Sign-Controlled Intersection",21,"Intersection","July","C: Possible Injury",76200,"Motorist Drive Out - Sign-Controlled Intersection",2012,"Yes","No","Dark - Lighted Roadway","Straight - Level","State Secondary Route","Dry","Two-Way, Not Divided","None","T-Intersection","Smooth Asphalt",0,0,0,0,0,0,0,"5 lanes",2,0,NA,0,NA
4756,2272,"Alamance","Alamance","Piedmont","Commercial","Urban (>70% Developed)",NA,"Rural","30 - 35  MPH","Stop And Go Signal","Clear","No",12,"11-15","No",NA,NA,"B: Evident Injury",NA,"Black","Male",NA,"70+","No",NA,"31-35 mph","O: No Injury","White","Male","Passenger Car","No","25JUL2012","Wednesday","Bicyclist Failed to Yield - Midblock",22,"Non-Intersection","July","B: Evident Injury",81180,"Bicyclist Ride Out - Midblock - Unknown",2012,"Yes","No","Daylight","Straight - Level","US Route","Dry","One-Way, Not Divided","None","No Special Feature","Smooth Asphalt",0,0,0,0,0,0,0,"3 lanes",2,0,NA,0,NA
4757,2273,"Winston-Salem","Forsyth","Piedmont","Commercial","Urban (>70% Developed)",NA,"Urban","50 - 55  MPH","No Control Present","Cloudy","No",41,"40-49","No",NA,"With Traffic","B: Evident Injury","Travel Lane","White","Male",NA,"70+","No",NA,NA,"O: No Injury","White","Female","Passenger Car","No","27JUL2012","Friday","Motorist Left Turn / Merge",9,"Intersection","July","B: Evident Injury",35040,"Motorist Left Turn - Opposite Direction",2012,"Yes","No","Daylight","Straight - Grade","Local Street","Dry","Two-Way, Not Divided","None","T-Intersection","Smooth Asphalt",0,0,0,0,0,0,0,"5 lanes",2,0,NA,0,NA
4758,2275,"Stanfield","Stanly","Piedmont","Commercial","Mixed (30% To 70% Developed)",NA,"Rural","40 - 45  MPH","Stop Sign","Clear","No",44,"40-49","No",NA,"With Traffic","B: Evident Injury","Travel Lane","White","Female",NA,NA,"Missing",NA,"36-40 mph","Unknown Injury","Unknown/Missing",NA,NA,"No","26JUL2012","Thursday","Bicyclist Left Turn / Merge",3,"Intersection","July","B: Evident Injury",11040,"Bicyclist Left Turn - Same Direction",2012,"Yes","Yes","Daylight","Straight - Hillcrest","State Secondary Route","Dry","Two-Way, Not Divided","None","T-Intersection","Smooth Asphalt",0,0,0,0,0,0,0,"2 lanes",2,0,NA,0,NA
4759,2278,"None - Rural Crash","Bladen","Coastal","Farms, Woods, Pastures","Rural (<30% Developed)",NA,"Rural","50 - 55  MPH","Stop Sign","Clear","No",36,"30-39","No",NA,"With Traffic","C: Possible Injury","Travel Lane","White","Female",17,"0-19","No",NA,"21-25 mph","O: No Injury","White","Male","Passenger Car","No","03AUG2012","Friday","Loss of Control / Turning Error",21,"Intersection","August","C: Possible Injury",76680,"Motorist Turning Error - Left Turn",2012,"No","No","Dark - Roadway Not Lighted","Straight - Level","State Secondary Route","Dry","Two-Way, Not Divided","None","T-Intersection","Smooth Asphalt",0,0,0,0,0,0,0,"2 lanes",2,0,NA,0,NA
4760,2280,"Duck","Dare","Coastal","Commercial","Urban (>70% Developed)",NA,"Rural","5 - 15 MPH","No Control Present","Clear","No",17,"16-19","No",NA,"Facing Traffic","Unknown Injury","Bike Lane / Paved Shoulder","White","Male",22,"20-24","No",NA,"0-5 mph","O: No Injury","White","Male","Passenger Car","No","26JUL2012","Thursday","Crossing Paths - Other Circumstances",19,"Intersection","July","O: No Injury",70980,"Crossing Paths - Uncontrolled Intersection",2012,"Yes","No","Daylight","Straight - Level","NC Route","Dry","Two-Way, Not Divided","None","No Special Feature","Smooth Asphalt",0,0,0,0,0,0,0,NA,2,0,NA,0,NA
4761,2290,"None - Rural Crash","Pender","Coastal","Farms, Woods, Pastures","Rural (<30% Developed)",NA,"Rural","50 - 55  MPH","Double Yellow Line, No Passing Zone","Clear","No",57,"50-59","No",NA,"With Traffic","A: Disabling Injury","Travel Lane","Black","Male",43,"40-49","No",NA,"51-55 mph","O: No Injury","White","Male","Sport Utility","No","29JUL2012","Sunday","Motorist Overtaking Bicyclist",15,"Non-Intersection","July","A: Disabling Injury",55800,"Motorist Overtaking - Bicyclist Swerved",2012,"Yes","No","Daylight","Straight - Level","State Secondary Route","Dry","Two-Way, Not Divided","None","No Special Feature","Coarse Asphalt",0,0,0,0,0,0,0,"2 lanes",2,0,NA,0,NA
4762,2303,"Charlotte","Mecklenburg","Piedmont","Commercial","Urban (>70% Developed)",NA,"Urban","30 - 35  MPH","No Control Present","Clear","No",19,"16-19","No",NA,"With Traffic","C: Possible Injury","Travel Lane","White","Male",51,"50-59","No",NA,"11-15 mph","O: No Injury","White","Male","Sport Utility","No","13AUG2012","Monday","Parallel Paths - Other Circumstances",20,"Non-Intersection","August","C: Possible Injury",72360,"Parallel Paths - Other / Unknown",2012,"No","No","Dusk","Straight - Level","Local Street","Dry","Two-Way, Not Divided","None","No Special Feature","Smooth Asphalt",0,0,0,0,0,0,0,"2 lanes",2,0,NA,0,NA