"...1","object_id","city","county","region","development","locality","on_road","rural_urban","speed_limit","traffic_control","weather","workzone","bike_age","bike_age_group","bike_alcohol","bike_alcohol_drugs","bike_direction","bike_injury","bike_position","bike_race","bike_sex","driver_age","driver_age_group","driver_alcohol","driver_alcohol_drugs","driver_est_speed","driver_injury","driver_race","driver_sex","driver_vehicle_type","crash_alcohol","crash_date","crash_day","crash_group","crash_hour","crash_location","crash_month","crash_severity","crash_time","crash_type","crash_year","ambulance_req","hit_run","light_condition","road_character","road_class","road_condition","road_configuration","road_defects","road_feature","road_surface","num_bikes_ai","num_bikes_bi","num_bikes_ci","num_bikes_ki","num_bikes_no","num_bikes_to","num_bikes_ui","num_lanes","num_units","distance_mi_from","frm_road","rte_invd_cd","towrd_road"
4763,2304,"None - Rural Crash","Iredell","Piedmont","Residential","Rural (<30% Developed)",NA,"Rural","30 - 35  MPH","No Control Present","Clear","No",9,"6-10","No",NA,"With Traffic","B: Evident Injury","Travel Lane","Black","Female",NA,NA,"No",NA,"16-20 mph","Unknown Injury","Unknown/Missing",NA,"Motorcycle","No","13AUG2012","Monday","Head-On",18,"Non-Intersection","August","B: Evident Injury",66600,"Head-On - Motorist",2012,"Yes","Yes","Daylight","Straight - Grade","State Secondary Route","Dry","Two-Way, Not Divided","None","No Special Feature","Smooth Asphalt",0,0,0,0,0,0,0,"2 lanes",2,0,NA,0,NA
4764,2313,"None - Rural Crash","Onslow","Coastal","Commercial","Urban (>70% Developed)",NA,"Rural","5 - 15 MPH","No Control Present","Clear","No",9,"6-10","No",NA,"Not Applicable","O: No Injury","Non-Roadway","White","Female",NA,NA,"Missing",NA,"0-5 mph","Unknown Injury","Unknown/Missing",NA,"Passenger Car","No","13AUG2012","Monday","Non-Roadway",22,"Non-Roadway","August","O: No Injury",82140,"Non-Roadway",2012,"No","No","Daylight","Straight - Level","Public Vehicular Area","Dry","Two-Way, Not Divided","None","Driveway, Public","Smooth Asphalt",0,0,0,0,0,0,0,NA,2,0,NA,0,NA
4765,2315,"Durham","Durham","Piedmont","Residential","Urban (>70% Developed)",NA,"Urban","30 - 35  MPH","Stop And Go Signal","Clear","No",29,"25-29","No",NA,"With Traffic","C: Possible Injury","Sidewalk / Crosswalk / Driveway Crossing","White","Male",48,"40-49","No",NA,"6-10 mph","O: No Injury","White","Female","Passenger Car","No","16AUG2012","Thursday","Motorist Left Turn / Merge",14,"Intersection","August","C: Possible Injury",51480,"Motorist Left Turn - Opposite Direction",2012,"Yes","No","Daylight","Straight - Level","Local Street","Dry","Two-Way, Not Divided","None","No Special Feature","Coarse Asphalt",0,0,0,0,0,0,0,"3 lanes",2,0,NA,0,NA
4766,2318,"Durham","Durham","Piedmont","Commercial","Urban (>70% Developed)",NA,"Urban","5 - 15 MPH","No Control Present","Clear","No",NA,NA,"Missing",NA,"Not Applicable","Unknown Injury","Non-Roadway","Unknown/Missing",NA,34,"30-39","No",NA,"0-5 mph","O: No Injury","Black","Female","Sport Utility","No","15AUG2012","Wednesday","Non-Roadway",15,"Non-Roadway","August","O: No Injury",55380,"Non-Roadway",2012,"No","No","Daylight","Straight - Level","Public Vehicular Area","Dry","Two-Way, Not Divided","None","No Special Feature","Smooth Asphalt",0,0,0,0,0,0,0,NA,2,0,NA,0,NA
4767,2323,"Boone","Watauga","Mountains","Institutional","Urban (>70% Developed)",NA,"Urban","20 - 25  MPH","No Control Present","Clear","No",20,"20-24","No",NA,"With Traffic","O: No Injury","Bike Lane / Paved Shoulder","White","Male",30,"30-39","No",NA,"0-5 mph","O: No Injury","White","Male","Passenger Car","No","20AUG2012","Monday","Motorist Right Turn / Merge",13,"Non-Intersection","August","O: No Injury",48600,"Motorist Right Turn - Same Direction",2012,"No","No","Daylight","Straight - Level","Local Street","Dry","Two-Way, Not Divided","None","No Special Feature","Smooth Asphalt",0,0,0,0,0,0,0,"6 lanes",2,0,NA,0,NA
4768,2327,"Kernersville","Forsyth","Piedmont","Commercial","Urban (>70% Developed)",NA,"Urban","20 - 25  MPH","No Control Present","Clear","No",16,"16-19","No",NA,"Not Applicable","B: Evident Injury","Non-Roadway","White","Male",18,"0-19","No",NA,"26-30 mph","O: No Injury","White","Female","Passenger Car","No","13AUG2012","Monday","Bicyclist Failed to Yield - Midblock",7,"Non-Intersection","August","B: Evident Injury",26160,"Bicyclist Ride Out - Commercial Driveway / Alley",2012,"Yes","No","Dark - Lighted Roadway","Straight - Level","Local Street","Dry","Two-Way, Not Divided","None","No Special Feature","Smooth Asphalt",0,0,0,0,0,0,0,"2 lanes",2,0,NA,0,NA
4769,2331,"Greensboro","Guilford","Piedmont","Residential","Urban (>70% Developed)",NA,"Urban","30 - 35  MPH","Stop Sign","Clear","No",11,"11-15","No",NA,"With Traffic","B: Evident Injury","Travel Lane","Black","Male",56,"50-59","No",NA,"26-30 mph","O: No Injury","Black","Male","Passenger Car","No","17AUG2012","Friday","Bicyclist Failed to Yield - Sign-Controlled Intersection",12,"Intersection","August","B: Evident Injury",44100,"Bicyclist Ride Through - Sign-Controlled Intersection",2012,"Yes","No","Daylight","Straight - Grade","Local Street","Dry","Two-Way, Not Divided","None","Four-Way Intersection","Smooth Asphalt",0,0,0,0,0,0,0,"1 lane",2,0,NA,0,NA
4770,2333,"Greensboro","Guilford","Piedmont","Commercial","Urban (>70% Developed)",NA,"Urban","20 - 25  MPH","Stop And Go Signal","Cloudy","No",20,"20-24","No",NA,"Facing Traffic","C: Possible Injury","Sidewalk / Crosswalk / Driveway Crossing","Black","Male",22,"20-24","No",NA,"0-5 mph","O: No Injury","Black","Male","Sport Utility","No","22AUG2012","Wednesday","Motorist Failed to Yield - Signalized Intersection",12,"Intersection","August","C: Possible Injury",46440,"Motorist Drive Out - Right Turn on Red",2012,"Yes","No","Daylight","Straight - Level","Local Street","Dry","Two-Way, Not Divided","None","Four-Way Intersection","Smooth Asphalt",0,0,0,0,0,0,0,"2 lanes",2,0,NA,0,NA
4771,2338,"Raleigh","Wake","Piedmont","Residential","Urban (>70% Developed)",NA,"Urban","60 - 75 MPH","No Control Present","Cloudy","No",44,"40-49","Yes",NA,"With Traffic","K: Killed","Travel Lane","Black","Male",33,"30-39","No",NA,"61-65 mph","O: No Injury","Black","Male","Single Unit Truck (2-Axle, 6-Tire)","Yes","20AUG2012","Monday","Motorist Overtaking Bicyclist",3,"Non-Intersection","August","K: Killed",12960,"Motorist Overtaking - Other / Unknown",2012,"Yes","No","Dark - Roadway Not Lighted","Curve - Level","Interstate","Wet","Two-Way, Divided, Positive Median Barrier","None","No Special Feature","Smooth Asphalt",0,0,0,0,0,0,0,"6 lanes",2,0,NA,0,NA
4772,2340,"Raleigh","Wake","Piedmont","Residential","Urban (>70% Developed)",NA,"Urban","20 - 25  MPH","Stop Sign","Clear","No",10,"6-10","No",NA,"With Traffic","C: Possible Injury","Travel Lane","Black","Male",34,"30-39","No",NA,"0-5 mph","O: No Injury","Black","Female","Sport Utility","No","23AUG2012","Thursday","Crossing Paths - Other Circumstances",15,"Intersection","August","C: Possible Injury",57300,"Sign-Controlled Intersection - Other / Unknown",2012,"Yes","No","Daylight","Straight - Level","Local Street","Dry","Two-Way, Not Divided","Other","T-Intersection","Coarse Asphalt",0,0,0,0,0,0,0,"4 lanes",2,0,NA,0,NA
4773,2342,"Greensboro","Guilford","Piedmont","Residential","Urban (>70% Developed)",NA,"Urban","40 - 45  MPH","Stop And Go Signal","Clear","No",21,"20-24","No",NA,"Facing Traffic","C: Possible Injury","Sidewalk / Crosswalk / Driveway Crossing","Black","Male",25,"25-29","No",NA,"0-5 mph","O: No Injury","White","Male","Passenger Car","No","23AUG2012","Thursday","Motorist Failed to Yield - Signalized Intersection",20,"Intersection","August","C: Possible Injury",75540,"Motorist Drive Out - Right Turn on Red",2012,"Yes","No","Dark - Lighted Roadway","Straight - Level","Local Street","Dry","Two-Way, Divided, Unprotected Median","None","Four-Way Intersection","Coarse Asphalt",0,0,0,0,0,0,0,"8 lanes",2,0,NA,0,NA
4774,2344,"Durham","Durham","Piedmont","Residential","Urban (>70% Developed)",NA,"Urban","5 - 15 MPH","No Control Present","Clear","No",35,"30-39","No",NA,"Facing Traffic","O: No Injury","Sidewalk / Crosswalk / Driveway Crossing","Black","Male",51,"50-59","No",NA,"0-5 mph","O: No Injury","White","Female","Passenger Car","No","24AUG2012","Friday","Motorist Failed to Yield - Midblock",11,"Non-Intersection","August","O: No Injury",40260,"Motorist Drive Out - Commercial Driveway / Alley",2012,"No","No","Daylight","Straight - Level","Public Vehicular Area","Dry","Two-Way, Not Divided","None","Driveway, Public","Coarse Asphalt",0,0,0,0,0,0,0,"2 lanes",2,0,NA,0,NA
4775,2359,"Wilson","Wilson","Coastal","Commercial","Urban (>70% Developed)",NA,"Urban","40 - 45  MPH","Stop And Go Signal","Clear","No",16,"16-19","No",NA,"Facing Traffic","C: Possible Injury","Travel Lane","Black","Male",66,"60-69","No",NA,"36-40 mph","O: No Injury","Black","Male","Passenger Car","No","28JUL2012","Saturday","Bicyclist Failed to Yield - Signalized Intersection",19,"Intersection","July","C: Possible Injury",70620,"Bicyclist Ride Out - Signalized  Intersection",2012,"Yes","No","Daylight","Straight - Level","Local Street","Dry","Two-Way, Not Divided","None","Four-Way Intersection","Coarse Asphalt",0,0,0,0,0,0,0,"5 lanes",2,0,NA,0,NA
4776,2361,"Wilson","Wilson","Coastal","Commercial","Urban (>70% Developed)",NA,"Urban","30 - 35  MPH","Stop Sign","Clear","No",NA,NA,"Missing",NA,"Facing Traffic","Unknown Injury","Travel Lane","Unknown/Missing",NA,69,"60-69","No",NA,"0-5 mph","O: No Injury","Black","Male","Passenger Car","No","18AUG2012","Saturday","Motorist Failed to Yield - Sign-Controlled Intersection",13,"Intersection-Related","August","O: No Injury",50160,"Motorist Drive Out - Sign-Controlled Intersection",2012,"No","No","Daylight","Straight - Level","Local Street","Dry","Two-Way, Not Divided","None","No Special Feature","Smooth Asphalt",0,0,0,0,0,0,0,"2 lanes",2,0,NA,0,NA
4777,2368,"Raleigh","Wake","Piedmont","Commercial","Urban (>70% Developed)",NA,"Urban","40 - 45  MPH","Stop And Go Signal","Clear","No",20,"20-24","No",NA,"Facing Traffic","C: Possible Injury","Sidewalk / Crosswalk / Driveway Crossing","White","Female",31,"30-39","Missing",NA,"0-5 mph","O: No Injury","White","Male","Van","No","24AUG2012","Friday","Motorist Failed to Yield - Signalized Intersection",8,"Intersection","August","C: Possible Injury",31200,"Motorist Drive Out - Signalized Intersection",2012,"Yes","No","Dark - Lighted Roadway","Straight - Level","Local Street","Dry","Two-Way, Not Divided","None","No Special Feature","Coarse Asphalt",0,0,0,0,0,0,0,"2 lanes",2,0,NA,0,NA
4778,2370,"Asheville","Buncombe","Mountains","Commercial","Urban (>70% Developed)",NA,"Urban","30 - 35  MPH","Stop And Go Signal","Rain","No",21,"20-24","No",NA,"With Traffic","B: Evident Injury","Travel Lane","White","Male",62,"60-69","No",NA,"16-20 mph","O: No Injury","White","Male","Sport Utility","No","22AUG2012","Wednesday","Loss of Control / Turning Error",23,"Intersection","August","B: Evident Injury",84360,"Bicyclist Lost Control - Other / Unknown",2012,"Yes","No","Dark - Lighted Roadway","Straight - Grade","Local Street","Wet","Two-Way, Not Divided","None","Four-Way Intersection","Smooth Asphalt",0,0,0,0,0,0,0,"3 lanes",2,0,NA,0,NA
4779,2376,"Raleigh","Wake","Piedmont","Residential","Urban (>70% Developed)",NA,"Urban","40 - 45  MPH","No Control Present","Clear","No",47,"40-49","No",NA,"With Traffic","C: Possible Injury","Travel Lane","White","Female",35,"30-39","No",NA,"36-40 mph","O: No Injury","White","Male","Sport Utility","No","24AUG2012","Friday","Motorist Overtaking Bicyclist",5,"Non-Intersection","August","C: Possible Injury",19620,"Motorist Overtaking - Misjudged Space",2012,"No","No","Dark - Lighted Roadway","Straight - Hillcrest","Local Street","Dry","Two-Way, Not Divided","None","No Special Feature","Coarse Asphalt",0,0,0,0,0,0,0,"5 lanes",2,0,NA,0,NA
4780,2377,"None - Rural Crash","Bertie","Coastal","Residential","Rural (<30% Developed)",NA,"Rural","50 - 55  MPH","Double Yellow Line, No Passing Zone","Clear","No",16,"16-19","No",NA,"With Traffic","B: Evident Injury","Travel Lane","Black","Male",17,"0-19","No",NA,"41-45 mph","O: No Injury","Black","Male","Passenger Car","No","03SEP2012","Monday","Motorist Overtaking Bicyclist",15,"Non-Intersection","September","B: Evident Injury",56460,"Motorist Overtaking - Bicyclist Swerved",2012,"Yes","No","Daylight","Straight - Level","US Route","Dry","Two-Way, Not Divided","None","No Special Feature","Coarse Asphalt",0,0,0,0,0,0,0,"2 lanes",2,0,NA,0,NA
4781,2378,"Greensboro","Guilford","Piedmont","Residential","Urban (>70% Developed)",NA,"Urban","30 - 35  MPH","Stop And Go Signal","Clear","No",10,"6-10","No",NA,"With Traffic","B: Evident Injury","Sidewalk / Crosswalk / Driveway Crossing","White","Female",29,"25-29","No",NA,"6-10 mph","O: No Injury","Black","Female","Passenger Car","No","06MAY2012","Sunday","Motorist Failed to Yield - Signalized Intersection",18,"Intersection","May","B: Evident Injury",66120,"Motorist Drive Out - Right Turn on Red",2012,"Yes","No","Daylight","Straight - Level","Local Street","Dry","Two-Way, Not Divided","None","Four-Way Intersection","Smooth Asphalt",0,0,0,0,0,0,0,"3 lanes",2,0,NA,0,NA
4782,2382,"None - Rural Crash","Gaston","Piedmont","Residential","Mixed (30% To 70% Developed)",NA,"Rural","40 - 45  MPH","Double Yellow Line, No Passing Zone","Clear","No",43,"40-49","Yes",NA,"With Traffic","B: Evident Injury","Travel Lane","White","Male",23,"20-24","No",NA,"31-35 mph","O: No Injury","White","Female","Passenger Car","Yes","05SEP2012","Wednesday","Motorist Overtaking Bicyclist",21,"Intersection-Related","September","B: Evident Injury",78300,"Motorist Overtaking - Other / Unknown",2012,"Yes","No","Dark - Lighted Roadway","Straight - Level","NC Route","Dry","Two-Way, Not Divided","None","T-Intersection","Coarse Asphalt",0,0,0,0,0,0,0,"2 lanes",2,0,NA,0,NA
4783,2383,"Asheville","Buncombe","Mountains","Commercial","Urban (>70% Developed)",NA,"Urban","20 - 25  MPH","Stop And Go Signal","Cloudy","No",19,"16-19","No",NA,"With Traffic","C: Possible Injury","Travel Lane","White","Female",NA,"70+","No",NA,"6-10 mph","O: No Injury","White","Male","Passenger Car","No","29AUG2012","Wednesday","Crossing Paths - Other Circumstances",12,"Intersection","August","C: Possible Injury",44460,"Signalized Intersection - Other / Unknown",2012,"Yes","No","Daylight","Straight - Level","Local Street","Dry","Two-Way, Not Divided","None","T-Intersection","Coarse Asphalt",0,0,0,0,0,0,0,"3 lanes",2,0,NA,0,NA
4784,2385,"Southern Pines","Moore","Piedmont","Commercial","Mixed (30% To 70% Developed)",NA,"Urban","30 - 35  MPH","Stop Sign","Rain","No",12,"11-15","No",NA,"With Traffic","C: Possible Injury","Sidewalk / Crosswalk / Driveway Crossing","White","Male",NA,"70+","No",NA,"31-35 mph","O: No Injury","White","Female","Passenger Car","No","19AUG2012","Sunday","Bicyclist Failed to Yield - Sign-Controlled Intersection",14,"Intersection","August","C: Possible Injury",52320,"Bicyclist Ride Through - Sign-Controlled Intersection",2012,"Yes","No","Daylight","Straight - Grade","Local Street","Wet","Two-Way, Not Divided","None","Four-Way Intersection","Coarse Asphalt",0,0,0,0,0,0,0,"2 lanes",2,0,NA,0,NA
4785,2387,"Winterville","Pitt","Coastal","Farms, Woods, Pastures","Rural (<30% Developed)",NA,"Urban","50 - 55  MPH","No Control Present","Clear","No",18,"16-19","No",NA,"With Traffic","C: Possible Injury","Bike Lane / Paved Shoulder","Black","Male",NA,NA,"Missing",NA,"51-55 mph","Unknown Injury","Unknown/Missing",NA,NA,"No","30JUL2012","Monday","Motorist Overtaking Bicyclist",21,"Non-Intersection","July","C: Possible Injury",78900,"Motorist Overtaking - Other / Unknown",2012,"Yes","Yes","Dark - Roadway Not Lighted","Straight - Level","NC Route","Dry","Two-Way, Not Divided","None","No Special Feature","Smooth Asphalt",0,0,0,0,0,0,0,"2 lanes",2,0,NA,0,NA
4786,2389,"Rocky Mount","Nash","Coastal","Residential","Urban (>70% Developed)",NA,"Urban","30 - 35  MPH","Stop Sign","Clear","No",14,"11-15","No",NA,"With Traffic","B: Evident Injury","Travel Lane","Black","Male",58,"50-59","No",NA,"31-35 mph","O: No Injury","Black","Male","Truck/Trailer","No","15AUG2012","Wednesday","Bicyclist Failed to Yield - Sign-Controlled Intersection",19,"Intersection-Related","August","B: Evident Injury",71100,"Bicyclist Ride Through - Sign-Controlled Intersection",2012,"Yes","No","Daylight","Curve - Grade","Local Street","Dry","One-Way, Not Divided","None","T-Intersection","Smooth Asphalt",0,0,0,0,0,0,0,"2 lanes",2,0,NA,0,NA
4787,2394,"Rocky Mount","Nash","Coastal","Commercial","Urban (>70% Developed)",NA,"Urban","30 - 35  MPH","Stop Sign","Clear","No",14,"11-15","No",NA,"Not Applicable","B: Evident Injury","Non-Roadway","Black","Male",39,"30-39","No",NA,"11-15 mph","O: No Injury","White","Male","Passenger Car","No","22AUG2012","Wednesday","Motorist Left Turn / Merge",12,"Intersection","August","B: Evident Injury",44460,"Motorist Left Turn - Opposite Direction",2012,"Yes","No","Daylight","Straight - Level","Local Street","Dry","Two-Way, Divided, Unprotected Median","None","T-Intersection","Smooth Asphalt",0,0,0,0,0,0,0,"3 lanes",2,0,NA,0,NA
4788,2396,"Marvin","Union","Piedmont","Farms, Woods, Pastures","Rural (<30% Developed)",NA,"Rural","40 - 45  MPH","Double Yellow Line, No Passing Zone","Clear","No",46,"40-49","No",NA,"With Traffic","B: Evident Injury","Travel Lane","White","Female",39,"30-39","No",NA,"36-40 mph","O: No Injury","Hispanic","Female","Pickup","No","07SEP2012","Friday","Loss of Control / Turning Error",18,"Non-Intersection","September","B: Evident Injury",64920,"Bicyclist Lost Control - Other / Unknown",2012,"Yes","No","Daylight","Curve - Grade","State Secondary Route","Dry","Two-Way, Not Divided","None","No Special Feature","Smooth Asphalt",0,0,0,0,0,0,0,"2 lanes",2,0,NA,0,NA
4789,2408,"Greenville","Pitt","Coastal","Commercial","Urban (>70% Developed)",NA,"Urban","5 - 15 MPH","Stop And Go Signal","Clear","No",48,"40-49","No",NA,"Facing Traffic","O: No Injury","Sidewalk / Crosswalk / Driveway Crossing","White","Male",41,"40-49","No",NA,"0-5 mph","O: No Injury","Black","Male","Passenger Car","No","14AUG2012","Tuesday","Motorist Failed to Yield - Midblock",18,"Non-Intersection","August","O: No Injury",67320,"Motorist Drive Out - Commercial Driveway / Alley",2012,"No","No","Daylight","Straight - Level","Local Street","Dry","Two-Way, Divided, Unprotected Median","None","No Special Feature","Coarse Asphalt",0,0,0,0,0,0,0,"3 lanes",2,0,NA,0,NA
4790,2413,"None - Rural Crash","Johnston","Coastal","Residential","Rural (<30% Developed)",NA,"Rural","40 - 45  MPH","Double Yellow Line, No Passing Zone","Clear","No",14,"11-15","No",NA,"With Traffic","B: Evident Injury","Travel Lane","White","Male",30,"30-39","No",NA,"51-55 mph","B: Evident Injury","Black","Male","Motorcycle","No","04SEP2012","Tuesday","Motorist Overtaking Bicyclist",17,"Non-Intersection","September","B: Evident Injury",62460,"Motorist Overtaking - Bicyclist Swerved",2012,"Yes","No","Daylight","Straight - Level","State Secondary Route","Dry","Two-Way, Not Divided","None","No Special Feature","Gravel",0,0,0,0,0,0,0,"2 lanes",2,0,NA,0,NA
4791,2414,"None - Rural Crash","Brunswick","Coastal","Farms, Woods, Pastures","Rural (<30% Developed)",NA,"Rural","50 - 55  MPH","Double Yellow Line, No Passing Zone","Clear","No",24,"20-24","No",NA,"With Traffic","B: Evident Injury","Travel Lane","White","Male",32,"30-39","No",NA,"51-55 mph","O: No Injury","White","Male","Passenger Car","No","08SEP2012","Saturday","Motorist Overtaking Bicyclist",20,"Non-Intersection","September","B: Evident Injury",73500,"Motorist Overtaking - Other / Unknown",2012,"Yes","No","Dark - Roadway Not Lighted","Straight - Level","NC Route","Dry","Two-Way, Not Divided","None","No Special Feature","Smooth Asphalt",0,0,0,0,0,0,0,"2 lanes",2,0,NA,0,NA
4792,2415,"Jacksonville","Onslow","Coastal","Commercial","Urban (>70% Developed)",NA,"Urban","30 - 35  MPH","No Control Present","Clear","No",57,"50-59","No",NA,"With Traffic","B: Evident Injury","Travel Lane","White","Male",24,"20-24","No",NA,"31-35 mph","O: No Injury","White","Female","Passenger Car","No","30AUG2012","Thursday","Motorist Overtaking Bicyclist",18,"Non-Intersection","August","B: Evident Injury",65760,"Motorist Overtaking - Other / Unknown",2012,"Yes","No","Daylight","Straight - Level","Local Street","Dry","Two-Way, Divided, Unprotected Median","None","No Special Feature","Smooth Asphalt",0,0,0,0,0,0,0,"3 lanes",2,0,NA,0,NA
4793,2417,"Durham","Durham","Piedmont","Residential","Urban (>70% Developed)",NA,"Urban","40 - 45  MPH","Other","Rain","No",36,"30-39","Yes",NA,"With Traffic","A: Disabling Injury","Travel Lane","Black","Male",NA,NA,"Missing",NA,"31-35 mph","Unknown Injury","Unknown/Missing",NA,"Passenger Car","Yes","09SEP2012","Sunday","Crossing Paths - Other Circumstances",1,"Intersection","September","A: Disabling Injury",6000,"Signalized Intersection - Other / Unknown",2012,"Yes","Yes","Dark - Unknown Lighting","Straight - Level","Local Street","Wet","Two-Way, Divided, Unprotected Median","None","No Special Feature","Coarse Asphalt",0,0,0,0,0,0,0,"4 lanes",2,0,NA,0,NA
4794,2418,"Greensboro","Guilford","Piedmont","Residential","Urban (>70% Developed)",NA,"Urban","30 - 35  MPH","Stop Sign","Clear","No",41,"40-49","No",NA,"Facing Traffic","C: Possible Injury","Travel Lane","White","Male",56,"50-59","No",NA,"6-10 mph","O: No Injury","Unknown/Missing","Male","Passenger Car","No","14SEP2012","Friday","Motorist Failed to Yield - Sign-Controlled Intersection",13,"Intersection","September","C: Possible Injury",48240,"Motorist Drive Out - Sign-Controlled Intersection",2012,"Yes","No","Daylight","Straight - Level","Local Street","Dry","Two-Way, Not Divided","None","T-Intersection","Smooth Asphalt",0,0,0,0,0,0,0,"5 lanes",2,0,NA,0,NA
4795,2425,"Greenville","Pitt","Coastal","Residential","Urban (>70% Developed)",NA,"Urban","20 - 25  MPH","No Control Present","Clear","No",11,"11-15","No",NA,"Not Applicable","C: Possible Injury","Non-Roadway","Black","Male",23,"20-24","No",NA,"11-15 mph","O: No Injury","Black","Female","Passenger Car","No","03SEP2012","Monday","Non-Roadway",17,"Non-Roadway","September","C: Possible Injury",62400,"Non-Roadway",2012,"Yes","No","Daylight","Curve - Bottom","Public Vehicular Area","Dry","Two-Way, Not Divided","None","No Special Feature","Coarse Asphalt",0,0,0,0,0,0,0,"2 lanes",2,0,NA,0,NA
4796,2428,"None - Rural Crash","Durham","Piedmont","Farms, Woods, Pastures","Rural (<30% Developed)",NA,"Rural","40 - 45  MPH","Stop And Go Signal","Clear","No",49,"40-49","No",NA,"With Traffic","C: Possible Injury","Travel Lane","White","Male",29,"25-29","No",NA,"21-25 mph","O: No Injury","Black","Female","Passenger Car","No","19SEP2012","Wednesday","Loss of Control / Turning Error",9,"Intersection","September","C: Possible Injury",35880,"Motorist Turning Error - Left Turn",2012,"Yes","No","Daylight","Straight - Level","State Secondary Route","Dry","Two-Way, Not Divided","None","No Special Feature","Coarse Asphalt",0,0,0,0,0,0,0,"3 lanes",2,0,NA,0,NA
4797,2435,"Garner","Wake","Piedmont","Residential","Urban (>70% Developed)",NA,"Urban","20 - 25  MPH","Double Yellow Line, No Passing Zone","Clear","No",19,"16-19","Yes",NA,"With Traffic","C: Possible Injury","Travel Lane","Black","Male",52,"50-59","No",NA,"0-5 mph","O: No Injury","White","Male","Passenger Car","Yes","25AUG2012","Saturday","Backing Vehicle",23,"Non-Intersection","August","C: Possible Injury",84480,"Backing Vehicle",2012,"Yes","No","Dark - Roadway Not Lighted","Straight - Level","Local Street","Dry","Two-Way, Not Divided","None","No Special Feature","Coarse Asphalt",0,0,0,0,0,0,0,"2 lanes",2,0,NA,0,NA
4798,2436,"Sanford","Lee","Piedmont","Commercial","Urban (>70% Developed)",NA,"Urban","30 - 35  MPH","Stop Sign","Clear","No",65,"60-69","No",NA,"With Traffic","B: Evident Injury","Travel Lane","White","Male",NA,"70+","No",NA,"11-15 mph","O: No Injury","White","Female","Van","No","12SEP2012","Wednesday","Motorist Left Turn / Merge",9,"Intersection","September","B: Evident Injury",34800,"Motorist Left Turn - Opposite Direction",2012,"Yes","No","Daylight","Straight - Hillcrest","Local Street","Dry","Two-Way, Not Divided","None","No Special Feature","Coarse Asphalt",0,0,0,0,0,0,0,"5 lanes",2,0,NA,0,NA
4799,2442,"Wilmington","New Hanover","Coastal","Commercial","Urban (>70% Developed)",NA,"Urban","40 - 45  MPH","No Control Present","Clear","No",21,"20-24","No",NA,"Facing Traffic","C: Possible Injury","Sidewalk / Crosswalk / Driveway Crossing","White","Male",51,"50-59","No",NA,"0-5 mph","O: No Injury","White","Female","Sport Utility","No","14SEP2012","Friday","Head-On",15,"Non-Intersection","September","C: Possible Injury",54120,"Head-On - Bicyclist",2012,"Yes","No","Daylight","Straight - Grade","US Route","Dry","Two-Way, Not Divided","None","No Special Feature","Smooth Asphalt",0,0,0,0,0,0,0,"6 lanes",2,0,NA,0,NA
4800,2445,"Charlotte","Mecklenburg","Piedmont","Residential","Urban (>70% Developed)",NA,"Urban","30 - 35  MPH","Stop Sign","Clear","No",26,"25-29","Missing",NA,"With Traffic","B: Evident Injury","Travel Lane","White","Male",NA,"70+","No",NA,"6-10 mph","O: No Injury","White","Male","Passenger Car","No","21SEP2012","Friday","Motorist Left Turn / Merge",13,"Intersection","September","B: Evident Injury",48300,"Motorist Left Turn - Opposite Direction",2012,"Yes","No","Daylight","Straight - Hillcrest","Local Street","Dry","Two-Way, Divided, Unprotected Median","None","T-Intersection","Smooth Asphalt",0,0,0,0,0,0,0,"4 lanes",2,0,NA,0,NA
4801,1048,"None - Rural Crash","Buncombe","Mountains","Residential","Rural (<30% Developed)","SR 2230","Rural","30 - 35  MPH","Double Yellow Line, No Passing Zone","Clear","No",55,"50-59","No",NA,"With Traffic","C: Possible Injury","Travel Lane","White","Male",60,"60-69","No",NA,"21-25 mph","O: No Injury","White","Male","Sport Utility","No","29APR2013","Monday","Head-On",18,"Non-Intersection","April","C: Possible Injury",66840,"Head-On - Bicyclist",2013,"Yes","No","Daylight","Curve - Grade","State Secondary Route","Dry","Two-Way, Not Divided","None","No Special Feature","Smooth Asphalt",0,0,0,0,0,0,0,"2 lanes",2,0,NA,0,NA
4802,1049,"Charlotte","Mecklenburg","Piedmont","Residential","Urban (>70% Developed)","PVA 3249 SHAMROCK DRIVE","Urban","5 - 15 MPH","No Control Present","Clear","No",6,"6-10","No",NA,"Not Applicable","C: Possible Injury","Non-Roadway","Black","Male",53,"50-59","No",NA,"6-10 mph","O: No Injury","Black","Male","Passenger Car","No","29APR2013","Monday","Non-Roadway",19,"Non-Roadway","April","C: Possible Injury",70800,"Non-Roadway",2013,"Yes","No","Daylight","Straight - Level","Public Vehicular Area","Dry","Two-Way, Not Divided","None","No Special Feature","Smooth Asphalt",0,0,0,0,0,0,0,"2 lanes",2,0,NA,0,NA
4803,1050,"Winston-Salem","Forsyth","Piedmont","Commercial","Urban (>70% Developed)","PVA 1199 MOTOR RD","Urban","5 - 15 MPH","No Control Present","Clear","No",18,"16-19","No",NA,"Not Applicable","C: Possible Injury","Non-Roadway","Black","Male",36,"30-39","No",NA,"0-5 mph","O: No Injury","Hispanic","Male","Passenger Car","No","20APR2013","Saturday","Non-Roadway",11,"Non-Roadway","April","C: Possible Injury",42000,"Non-Roadway",2013,"No","Yes","Daylight","Straight - Level","Public Vehicular Area","Dry","Two-Way, Not Divided","None","Driveway, Public","Smooth Asphalt",0,0,0,0,0,0,0,"2 lanes",2,0,NA,0,NA