"...1","object_id","city","county","region","development","locality","on_road","rural_urban","speed_limit","traffic_control","weather","workzone","bike_age","bike_age_group","bike_alcohol","bike_alcohol_drugs","bike_direction","bike_injury","bike_position","bike_race","bike_sex","driver_age","driver_age_group","driver_alcohol","driver_alcohol_drugs","driver_est_speed","driver_injury","driver_race","driver_sex","driver_vehicle_type","crash_alcohol","crash_date","crash_day","crash_group","crash_hour","crash_location","crash_month","crash_severity","crash_time","crash_type","crash_year","ambulance_req","hit_run","light_condition","road_character","road_class","road_condition","road_configuration","road_defects","road_feature","road_surface","num_bikes_ai","num_bikes_bi","num_bikes_ci","num_bikes_ki","num_bikes_no","num_bikes_to","num_bikes_ui","num_lanes","num_units","distance_mi_from","frm_road","rte_invd_cd","towrd_road"
4804,1053,"High Point","Guilford","Piedmont","Residential","Urban (>70% Developed)","KENILWORTH DR","Urban",NA,"No Control Present","Clear","No",9,"6-10","No",NA,"With Traffic","C: Possible Injury","Travel Lane","Asian","Male",45,"40-49","No",NA,"0-5 mph","O: No Injury","Asian","Female","Passenger Car","No","23APR2013","Tuesday","Backing Vehicle",18,"Non-Intersection","April","C: Possible Injury",65940,"Backing Vehicle",2013,"Yes","No","Daylight","Straight - Grade","Local Street","Dry","Two-Way, Not Divided","None","No Special Feature","Smooth Asphalt",0,0,0,0,0,0,0,"2 lanes",2,0,NA,0,NA
4805,1175,"Raleigh","Wake","Piedmont","Commercial","Urban (>70% Developed)","W DAVIE ST","Urban","30 - 35  MPH","Stop And Go Signal","Clear","No",27,"25-29","No",NA,"Facing Traffic","O: No Injury","Sidewalk / Crosswalk / Driveway Crossing","Black","Male",48,"40-49","No",NA,"0-5 mph","O: No Injury","Black","Male","Passenger Car","No","15JUN2013","Saturday","Motorist Failed to Yield - Signalized Intersection",1,"Intersection","June","O: No Injury",6240,"Motorist Drive Out - Signalized Intersection",2013,"Yes","No","Dark - Lighted Roadway","Straight - Level","Local Street","Dry","Two-Way, Not Divided","None","No Special Feature","Smooth Asphalt",0,0,0,0,0,0,0,"8 lanes",2,0,NA,0,NA
4806,1182,"None - Rural Crash","Gaston","Piedmont","Farms, Woods, Pastures","Mixed (30% To 70% Developed)","NC 216","Rural","50 - 55  MPH","Double Yellow Line, No Passing Zone","Clear","No",17,"16-19","No",NA,"With Traffic","B: Evident Injury","Travel Lane","White","Male",51,"50-59","No",NA,"41-45 mph","O: No Injury","White","Male","Passenger Car","No","20JUN2013","Thursday","Bicyclist Left Turn / Merge",9,"Non-Intersection","June","B: Evident Injury",34500,"Bicyclist Left Turn - Same Direction",2013,"Yes","No","Daylight","Straight - Level","NC Route","Dry","Two-Way, Not Divided","None","No Special Feature","Smooth Asphalt",0,0,0,0,0,0,0,"2 lanes",2,0,NA,0,NA
4807,1183,"Tarboro","Edgecombe","Coastal","Residential","Urban (>70% Developed)","PANOLA ST","Urban","20 - 25  MPH","Stop Sign","Cloudy","No",7,"6-10","No",NA,"With Traffic","B: Evident Injury","Travel Lane","Black","Male",33,"30-39","No",NA,"21-25 mph","O: No Injury","Black","Female","Sport Utility","No","10JUN2013","Monday","Bicyclist Failed to Yield - Sign-Controlled Intersection",12,"Intersection","June","B: Evident Injury",46740,"Bicyclist Ride Through - Sign-Controlled Intersection",2013,"Yes","No","Daylight","Straight - Level","Local Street","Dry","Two-Way, Not Divided","None","Four-Way Intersection","Coarse Asphalt",0,0,0,0,0,0,0,"2 lanes",2,0,NA,0,NA
4808,1174,"Rocky Mount","Nash","Coastal","Commercial","Urban (>70% Developed)","US 64","Urban","30 - 35  MPH","Yield Sign","Clear","No",20,"20-24","No",NA,"Facing Traffic","B: Evident Injury","Travel Lane","Black","Male",52,"50-59","No",NA,"16-20 mph","B: Evident Injury","White","Male","Motorcycle","No","09MAY2013","Thursday","Motorist Failed to Yield - Sign-Controlled Intersection",13,"Intersection","May","B: Evident Injury",48360,"Motorist Drive Out - Sign-Controlled Intersection",2013,"No","No","Daylight","Curve - Grade","US Route","Dry","Two-Way, Divided, Unprotected Median","None","Four-Way Intersection","Smooth Asphalt",0,0,0,0,0,0,0,"4 lanes",2,0,NA,0,NA
4809,1154,"Kannapolis","Rowan","Piedmont","Residential","Urban (>70% Developed)","RUTH AVE","Urban","30 - 35  MPH","Stop Sign","Clear","No",7,"6-10","No",NA,"With Traffic","C: Possible Injury","Travel Lane","Black","Male",33,"30-39","No",NA,"6-10 mph","O: No Injury","Hispanic","Male","Passenger Car","No","26MAY2013","Sunday","Bicyclist Failed to Yield - Sign-Controlled Intersection",20,"Intersection","May","C: Possible Injury",74280,"Bicyclist Ride Through - Sign-Controlled Intersection",2013,"No","No","Dusk","Straight - Level","Local Street","Dry","Two-Way, Not Divided","None","T-Intersection","Smooth Asphalt",0,0,0,0,0,0,0,"2 lanes",2,0,NA,0,NA
4810,1151,"High Point","Guilford","Piedmont","Residential","Urban (>70% Developed)","W LEXINGTON AVE","Urban","30 - 35  MPH","No Control Present","Clear","No",18,"16-19","No",NA,"With Traffic","C: Possible Injury","Travel Lane","Hispanic","Male",47,"40-49","No",NA,"31-35 mph","O: No Injury","White","Male","Sport Utility","No","13MAY2013","Monday","Motorist Overtaking Bicyclist",7,"Non-Intersection","May","C: Possible Injury",26760,"Motorist Overtaking - Undetected Bicyclist",2013,"Yes","No","Dawn","Straight - Level","Local Street","Dry","Two-Way, Not Divided","None","No Special Feature","Smooth Asphalt",0,0,0,0,0,0,0,"2 lanes",2,0,NA,0,NA
4811,1178,"Kinston","Lenoir","Coastal","Commercial","Mixed (30% To 70% Developed)","US 70","Urban","30 - 35  MPH","Stop And Go Signal","Clear","No",18,"16-19","No",NA,"With Traffic","B: Evident Injury","Travel Lane","Black","Male",28,"25-29","No",NA,"31-35 mph","O: No Injury","Black","Female","Sport Utility","No","18JUN2013","Tuesday","Bicyclist Left Turn / Merge",19,"Intersection","June","B: Evident Injury",71520,"Bicyclist Left Turn - Same Direction",2013,"Yes","No","Daylight","Straight - Level","US Route","Dry","Two-Way, Not Divided","None","Four-Way Intersection","Smooth Asphalt",0,0,0,0,0,0,0,"5 lanes",2,0,NA,0,NA
4812,1190,"Cary","Wake","Piedmont","Commercial","Urban (>70% Developed)","WALNUT ST","Urban","30 - 35  MPH","No Control Present","Cloudy","No",17,"16-19","No",NA,"Not Applicable","C: Possible Injury","Sidewalk / Crosswalk / Driveway Crossing","Black","Male",42,"40-49","No",NA,"16-20 mph","O: No Injury","Black","Female","Passenger Car","No","28MAY2013","Tuesday","Crossing Paths - Other Circumstances",15,"Non-Intersection","May","C: Possible Injury",54300,"Crossing Paths - Midblock - Other / Unknown",2013,"Yes","No","Daylight","Straight - Level","State Secondary Route","Dry","Two-Way, Divided, Unprotected Median","None","No Special Feature","Smooth Asphalt",0,0,0,0,0,0,0,"4 lanes",2,0,NA,0,NA
4813,1195,"Kitty Hawk","Dare","Coastal","Commercial","Mixed (30% To 70% Developed)","PVA CROATAN HWY BIKE PATH","Rural","5 - 15 MPH","Stop Sign","Clear","No",23,"20-24","No",NA,"Facing Traffic","C: Possible Injury","Multi-use Path","White","Female",NA,NA,"Missing",NA,NA,"Unknown Injury","Unknown/Missing",NA,NA,"No","02JUN2013","Sunday","Motorist Failed to Yield - Midblock",14,"Non-Intersection","June","C: Possible Injury",52200,"Motorist Drive Out - Commercial Driveway / Alley",2013,"Yes","Yes","Daylight","Straight - Level","Public Vehicular Area","Dry","Two-Way, Not Divided","None","Driveway, Public","Smooth Asphalt",0,0,0,0,0,0,0,"2 lanes",2,0,NA,0,NA
4814,1199,"None - Rural Crash","Chatham","Piedmont","Farms, Woods, Pastures","Rural (<30% Developed)","US 64","Rural","50 - 55  MPH","No Control Present","Clear","No",46,"40-49","No",NA,"With Traffic","B: Evident Injury","Travel Lane","White","Male",58,"50-59","No",NA,"51-55 mph","O: No Injury","White","Male","Light Truck (Mini-Van, Panel)","No","28MAY2013","Tuesday","Motorist Overtaking Bicyclist",14,"Non-Intersection","May","B: Evident Injury",53160,"Motorist Overtaking - Undetected Bicyclist",2013,"Yes","No","Daylight","Straight - Grade","US Route","Dry","Two-Way, Divided, Unprotected Median","None","No Special Feature","Smooth Asphalt",0,0,0,0,0,0,0,"4 lanes",2,0,NA,0,NA
4815,1198,"New Bern","Craven","Coastal","Residential","Urban (>70% Developed)","GREENBRIER PKWY","Urban","30 - 35  MPH","Stop Sign","Clear","No",8,"6-10","No",NA,"With Traffic","B: Evident Injury","Travel Lane","White","Female",55,"50-59","No",NA,"36-40 mph","O: No Injury","White","Female","Sport Utility","No","15JUN2013","Saturday","Bicyclist Failed to Yield - Sign-Controlled Intersection",18,"Intersection","June","B: Evident Injury",65400,"Bicyclist Ride Through - Sign-Controlled Intersection",2013,"Yes","No","Daylight","Straight - Level","Local Street","Dry","Two-Way, Not Divided","None","Four-Way Intersection","Concrete",0,0,0,0,0,0,0,"2 lanes",2,0,NA,0,NA
4816,1220,"Lumberton","Robeson","Coastal","Residential","Rural (<30% Developed)","CRANDLEMIRE","Urban","50 - 55  MPH","No Control Present","Clear","No",61,"60-69","Yes",NA,"With Traffic","B: Evident Injury","Travel Lane","Black","Male",35,"30-39","No",NA,"31-35 mph","O: No Injury","Black","Female","Sport Utility","Yes","11JUN2013","Tuesday","Motorist Overtaking Bicyclist",21,"Non-Intersection","June","B: Evident Injury",77520,"Motorist Overtaking - Bicyclist Swerved",2013,"Yes","No","Dark - Lighted Roadway","Straight - Level","Local Street","Dry","Two-Way, Not Divided","None","No Special Feature","Coarse Asphalt",0,0,0,0,0,0,0,"2 lanes",2,0,NA,0,NA
4817,1187,"None - Rural Crash","Craven","Coastal","Farms, Woods, Pastures","Rural (<30% Developed)","SR 1964","Rural","40 - 45  MPH","No Control Present","Clear","No",23,"20-24","No",NA,"With Traffic","O: No Injury","Travel Lane","White","Male",64,"60-69","No",NA,"16-20 mph","O: No Injury","White","Male","Passenger Car","No","19JUN2013","Wednesday","Motorist Left Turn / Merge",16,"Non-Intersection","June","O: No Injury",60900,"Motorist Left Turn - Opposite Direction",2013,"No","No","Daylight","Straight - Level","State Secondary Route","Dry","Two-Way, Not Divided","None","No Special Feature","Smooth Asphalt",0,0,0,0,0,0,0,"2 lanes",2,0,NA,0,NA
4818,1184,"Charlotte","Mecklenburg","Piedmont","Residential","Urban (>70% Developed)","PVA 2442 DUNLAVIN WAY","Urban","20 - 25  MPH","No Control Present","Clear","No",9,"6-10","No",NA,"Not Applicable","C: Possible Injury","Non-Roadway","Black","Male",40,"40-49","No",NA,"0-5 mph","O: No Injury","Hispanic","Male","Light Truck (Mini-Van, Panel)","No","19JUN2013","Wednesday","Non-Roadway",19,"Non-Roadway","June","C: Possible Injury",71460,"Non-Roadway",2013,"Yes","No","Daylight","Straight - Level","Public Vehicular Area","Dry","Two-Way, Not Divided","None","No Special Feature","Smooth Asphalt",0,0,0,0,0,0,0,"2 lanes",2,0,NA,0,NA
4819,1193,"Randleman","Randolph","Piedmont","Commercial","Urban (>70% Developed)","US 220","Rural","30 - 35  MPH","No Control Present","Clear","No",69,"60-69","No",NA,"With Traffic","B: Evident Injury","Travel Lane","White","Male",68,"60-69","No",NA,"16-20 mph","O: No Injury","Black","Female","Passenger Car","No","25JUN2013","Tuesday","Motorist Right Turn / Merge",12,"Non-Intersection","June","B: Evident Injury",45480,"Motorist Right Turn - Same Direction",2013,"No","No","Daylight","Straight - Level","US Route","Dry","Two-Way, Not Divided","None","No Special Feature","Smooth Asphalt",0,0,0,0,0,0,0,"2 lanes",2,0,NA,0,NA
4820,2075,"None - Rural Crash","Iredell","Piedmont","Commercial","Urban (>70% Developed)",NA,"Rural","40 - 45  MPH","Stop And Go Signal","Cloudy","No",13,"11-15","No",NA,"Facing Traffic","B: Evident Injury","Sidewalk / Crosswalk / Driveway Crossing","White","Male",44,"40-49","No",NA,"26-30 mph","O: No Injury","White","Female","Van","No","16MAY2012","Wednesday","Bicyclist Failed to Yield - Signalized Intersection",20,"Intersection","May","B: Evident Injury",73920,"Bicyclist Ride Through - Signalized Intersection",2012,"Yes","No","Dark - Roadway Not Lighted","Straight - Level","Local Street","Dry","Two-Way, Divided, Positive Median Barrier","None","Four-Way Intersection","Smooth Asphalt",0,0,0,0,0,0,0,"9 or more lanes",2,0,NA,0,NA
4821,2121,"None - Rural Crash","Watauga","Mountains","Farms, Woods, Pastures","Rural (<30% Developed)",NA,"Rural","50 - 55  MPH","Double Yellow Line, No Passing Zone","Cloudy","No",21,"20-24","No",NA,"With Traffic","B: Evident Injury","Travel Lane","White","Male",NA,NA,"Missing",NA,"16-20 mph","Unknown Injury","Unknown/Missing",NA,"Passenger Car","No","15JUN2012","Friday","Motorist Overtaking Bicyclist",7,"Non-Intersection","June","B: Evident Injury",27000,"Motorist Overtaking - Misjudged Space",2012,"Yes","Yes","Daylight","Straight - Grade","State Secondary Route","Dry","Two-Way, Not Divided","None","No Special Feature","Coarse Asphalt",0,0,0,0,0,0,0,"2 lanes",2,0,NA,0,NA
4822,2071,"None - Rural Crash","Catawba","Piedmont","Farms, Woods, Pastures","Mixed (30% To 70% Developed)",NA,"Rural","40 - 45  MPH","Double Yellow Line, No Passing Zone","Cloudy","No",60,"60-69","No",NA,"With Traffic","B: Evident Injury","Travel Lane","White","Female",46,"40-49","No",NA,"0-5 mph","O: No Injury","White","Male","Single Unit Truck (3 Or More Axles)","No","28MAY2012","Monday","Bicyclist Overtaking Motorist",9,"Non-Intersection","May","B: Evident Injury",32700,"Bicyclist Overtaking - Other / Unknown",2012,"Yes","No","Daylight","Straight - Level","State Secondary Route","Dry","Two-Way, Not Divided","None","Driveway, Private","Coarse Asphalt",0,0,0,0,0,0,0,"2 lanes",2,0,NA,0,NA
4823,2106,"Cary","Wake","Piedmont","Commercial","Urban (>70% Developed)",NA,"Urban","40 - 45  MPH","Stop Sign","Clear","No",NA,NA,"Missing",NA,"Facing Traffic","Unknown Injury","Sidewalk / Crosswalk / Driveway Crossing","Unknown/Missing",NA,49,"40-49","No",NA,"0-5 mph","O: No Injury","White","Male","Passenger Car","No","25MAY2012","Friday","Motorist Failed to Yield - Midblock",11,"Non-Intersection","May","O: No Injury",42000,"Motorist Drive Out - Commercial Driveway / Alley",2012,"No","No","Daylight","Straight - Level","Public Vehicular Area","Dry","Two-Way, Divided, Unprotected Median","None","Driveway, Private","Smooth Asphalt",0,0,0,0,0,0,0,"2 lanes",2,0,NA,0,NA
4824,2105,"Cary","Wake","Piedmont","Residential","Urban (>70% Developed)",NA,"Urban","40 - 45  MPH","Stop And Go Signal","Other","No",23,"20-24","No",NA,"With Traffic","B: Evident Injury","Travel Lane","White","Male",NA,NA,"Missing",NA,"6-10 mph","Unknown Injury","Unknown/Missing",NA,"Passenger Car","No","24MAY2012","Thursday","Bicyclist Overtaking Motorist",19,"Intersection","May","B: Evident Injury",68400,"Bicyclist Overtaking - Passing on Right",2012,"No","Yes","Daylight","Straight - Level","State Secondary Route","Dry","Two-Way, Divided, Unprotected Median","None","Four-Way Intersection","Smooth Asphalt",0,0,0,0,0,0,0,"4 lanes",2,0,NA,0,NA
4825,2093,"Huntersville","Mecklenburg","Piedmont","Commercial","Urban (>70% Developed)",NA,"Urban","40 - 45  MPH","Double Yellow Line, No Passing Zone","Clear","No",49,"40-49","No",NA,"With Traffic","B: Evident Injury","Travel Lane","White","Male",30,"30-39","No",NA,"41-45 mph","O: No Injury","White","Male","Passenger Car","No","25MAY2012","Friday","Motorist Overtaking Bicyclist",22,"Intersection-Related","May","B: Evident Injury",81060,"Motorist Overtaking - Undetected Bicyclist",2012,"Yes","No","Dark - Lighted Roadway","Straight - Grade","NC Route","Dry","Two-Way, Not Divided","None","No Special Feature","Smooth Asphalt",0,0,0,0,0,0,0,"2 lanes",2,0,NA,0,NA
4826,2116,"Emerald Isle","Carteret","Coastal","Residential","Urban (>70% Developed)",NA,"Rural","40 - 45  MPH","No Control Present","Rain","No",22,"20-24","Yes",NA,"With Traffic","O: No Injury","Travel Lane","White","Female",25,"25-29","No",NA,"41-45 mph","O: No Injury","White","Male","Sport Utility","Yes","26MAY2012","Saturday","Motorist Overtaking Bicyclist",23,"Non-Intersection","May","O: No Injury",83460,"Motorist Overtaking - Other / Unknown",2012,"No","No","Dark - Roadway Not Lighted","Straight - Level","NC Route","Wet","Two-Way, Divided, Unprotected Median","None","No Special Feature","Smooth Asphalt",0,0,0,0,0,0,0,"2 lanes",2,0,NA,0,NA
4827,2100,"Salter Path","Carteret","Coastal","Commercial","Mixed (30% To 70% Developed)",NA,"Rural","30 - 35  MPH","No Control Present","Clear","No",51,"50-59","No",NA,"With Traffic","B: Evident Injury","Travel Lane","White","Female",43,"40-49","No",NA,"0-5 mph","O: No Injury","White","Male","Single Unit Truck (3 Or More Axles)","No","29MAY2012","Tuesday","Motorist Overtaking Bicyclist",18,"Non-Intersection","May","B: Evident Injury",67500,"Motorist Overtaking - Misjudged Space",2012,"Yes","No","Daylight","Straight - Level","NC Route","Dry","Two-Way, Not Divided","None","Driveway, Public","Smooth Asphalt",0,0,0,0,0,0,0,"3 lanes",2,0,NA,0,NA
4828,2092,"Wrightsville Beach","New Hanover","Coastal","Residential","Mixed (30% To 70% Developed)",NA,"Rural","20 - 25  MPH","No Control Present","Clear","No",30,"30-39","No",NA,"With Traffic","B: Evident Injury","Travel Lane","Unknown/Missing",NA,40,"40-49","No",NA,"6-10 mph","O: No Injury","White","Female","Sport Utility","No","27MAY2012","Sunday","Motorist Left Turn / Merge",12,"Intersection","May","B: Evident Injury",44820,"Motorist Left Turn - Same Direction",2012,"Yes","No","Daylight","Straight - Level","Local Street","Dry","Two-Way, Not Divided","None","No Special Feature","Smooth Asphalt",0,0,0,0,0,0,0,"2 lanes",2,0,NA,0,NA
4829,2119,"Ramseur","Randolph","Piedmont","Residential","Urban (>70% Developed)",NA,"Rural","30 - 35  MPH","No Control Present","Clear","No",8,"6-10","No",NA,"Not Applicable","C: Possible Injury","Driveway / Alley","Black","Female",64,"60-69","No",NA,"11-15 mph","O: No Injury","White","Male","Pickup","No","10JUN2012","Sunday","Bicyclist Failed to Yield - Midblock",18,"Non-Intersection","June","C: Possible Injury",64800,"Bicyclist Ride Out - Residential Driveway",2012,"Yes","No","Daylight","Straight - Grade","Local Street","Dry","Two-Way, Not Divided","None","No Special Feature","Coarse Asphalt",0,0,0,0,0,0,0,"2 lanes",2,0,NA,0,NA
4830,2178,"Raleigh","Wake","Piedmont","Commercial","Mixed (30% To 70% Developed)",NA,"Urban","30 - 35  MPH","Stop And Go Signal","Clear","No",21,"20-24","No",NA,"Facing Traffic","C: Possible Injury","Sidewalk / Crosswalk / Driveway Crossing","Black","Male",48,"40-49","No",NA,"11-15 mph","O: No Injury","Other","Male","Taxicab","No","23JUN2012","Saturday","Bicyclist Failed to Yield - Signalized Intersection",21,"Intersection","June","C: Possible Injury",77880,"Bicyclist Failed to Clear - Trapped",2012,"Yes","Yes","Dark - Lighted Roadway","Straight - Level","Local Street","Dry","One-Way, Not Divided","None","Four-Way Intersection","Smooth Asphalt",0,0,0,0,0,0,0,"4 lanes",2,0,NA,0,NA
4831,2183,"Raleigh","Wake","Piedmont","Commercial","Urban (>70% Developed)",NA,"Urban","40 - 45  MPH","Stop And Go Signal","Rain","No",19,"16-19","No",NA,"With Traffic","B: Evident Injury","Travel Lane","Hispanic","Male",54,"50-59","No",NA,"26-30 mph","C: Possible Injury","White","Male","Pickup","No","22JUN2012","Friday","Bicyclist Failed to Yield - Signalized Intersection",21,"Intersection","June","B: Evident Injury",77760,"Bicyclist Ride Through - Signalized Intersection",2012,"Yes","No","Dark - Roadway Not Lighted","Straight - Level","Local Street","Water (Standing, Moving)","Two-Way, Not Divided","None","No Special Feature","Coarse Asphalt",0,0,0,0,0,0,0,"8 lanes",2,0,NA,0,NA
4832,2155,"Charlotte","Mecklenburg","Piedmont","Commercial","Urban (>70% Developed)",NA,"Urban","20 - 25  MPH","Stop And Go Signal","Clear","No",66,"60-69","No",NA,"With Traffic","C: Possible Injury","Sidewalk / Crosswalk / Driveway Crossing","Black","Male",64,"60-69","No",NA,"16-20 mph","O: No Injury","Black","Female","Other Bus","No","23JUN2012","Saturday","Parallel Paths - Other Circumstances",0,"Intersection-Related","June","C: Possible Injury",1500,"Bicyclist Ride Out - Parallel Path",2012,"No","No","Dark - Lighted Roadway","Straight - Level","Local Street","Dry","Two-Way, Not Divided","None","No Special Feature","Smooth Asphalt",0,0,0,0,0,0,0,"4 lanes",2,0,NA,0,NA
4833,2179,"None - Rural Crash","Lee","Piedmont","Farms, Woods, Pastures","Mixed (30% To 70% Developed)",NA,"Rural","20 - 25  MPH","No Control Present","Clear","No",32,"30-39","No",NA,"With Traffic","B: Evident Injury","Travel Lane","White","Male",NA,NA,"Missing",NA,"21-25 mph","Unknown Injury","Unknown/Missing",NA,"Passenger Car","No","01JUL2012","Sunday","Motorist Overtaking Bicyclist",18,"Non-Intersection","July","B: Evident Injury",65400,"Motorist Overtaking - Other / Unknown",2012,"Yes","Yes","Daylight","Straight - Grade","Local Street","Dry","One-Way, Not Divided","None","No Special Feature","Smooth Asphalt",0,0,0,0,0,0,0,"1 lane",2,0,NA,0,NA
4834,2148,"Charlotte","Mecklenburg","Piedmont","Commercial","Urban (>70% Developed)",NA,"Urban","40 - 45  MPH","No Control Present","Clear","No",24,"20-24","Yes",NA,"With Traffic","B: Evident Injury","Travel Lane","Hispanic","Male",51,"50-59","No",NA,"11-15 mph","O: No Injury","White","Male","Passenger Car","Yes","23JUN2012","Saturday","Loss of Control / Turning Error",13,"Non-Intersection","June","B: Evident Injury",47220,"Bicylist Lost Control - Alcohol / Drug Impairment",2012,"Yes","No","Daylight","Straight - Level","Local Street","Dry","Two-Way, Divided, Unprotected Median","None","No Special Feature","Smooth Asphalt",0,0,0,0,0,0,0,"4 lanes",2,0,NA,0,NA
4835,2172,"Durham","Durham","Piedmont","Residential","Urban (>70% Developed)",NA,"Urban","30 - 35  MPH","No Control Present","Clear","No",16,"16-19","No",NA,"With Traffic","C: Possible Injury","Travel Lane","White","Male",NA,NA,"Missing",NA,"0-5 mph","Unknown Injury","Unknown/Missing",NA,"Unknown Heavy Truck","No","30JUN2012","Saturday","Motorist Overtaking Bicyclist",12,"Non-Intersection","June","C: Possible Injury",43740,"Motorist Overtaking - Other / Unknown",2012,"Yes","Yes","Daylight","Straight - Level","Local Street","Dry","One-Way, Not Divided","None","No Special Feature","Smooth Asphalt",0,0,0,0,0,0,0,"2 lanes",2,0,NA,0,NA
4836,2160,"Durham","Durham","Piedmont","Commercial","Urban (>70% Developed)",NA,"Urban","30 - 35  MPH","Stop And Go Signal","Clear","No",29,"25-29","No",NA,"With Traffic","O: No Injury","Sidewalk / Crosswalk / Driveway Crossing","White","Female",NA,"70+","No",NA,"16-20 mph","O: No Injury","Black","Male","Passenger Car","No","28JUN2012","Thursday","Crossing Paths - Other Circumstances",16,"Intersection","June","O: No Injury",58260,"Signalized Intersection - Other / Unknown",2012,"No","No","Daylight","Straight - Level","Local Street","Dry","Two-Way, Not Divided","None","No Special Feature","Coarse Asphalt",0,0,0,0,0,0,0,"2 lanes",2,0,NA,0,NA
4837,2131,"Siler City","Chatham","Piedmont","Residential","Urban (>70% Developed)",NA,"Urban","5 - 15 MPH","No Control Present","Clear","No",14,"11-15","No",NA,"Not Applicable","B: Evident Injury","Driveway / Alley","Hispanic","Male",NA,"70+","No",NA,"16-20 mph","O: No Injury","Black","Female","Passenger Car","No","26MAY2012","Saturday","Bicyclist Failed to Yield - Midblock",18,"Non-Intersection","May","B: Evident Injury",67140,"Bicyclist Ride Out - Residential Driveway",2012,"No","No","Daylight","Straight - Level","Local Street","Dry","Two-Way, Not Divided","None","No Special Feature","Coarse Asphalt",0,0,0,0,0,0,0,"2 lanes",2,0,NA,0,NA
4838,2129,"New Bern","Craven","Coastal","Residential","Urban (>70% Developed)",NA,"Urban","20 - 25  MPH","Stop Sign","Cloudy","No",41,"40-49","No",NA,"Facing Traffic","C: Possible Injury","Travel Lane","Black","Male",58,"50-59","No",NA,"0-5 mph","O: No Injury","Black","Female","Passenger Car","No","15JUN2012","Friday","Motorist Failed to Yield - Sign-Controlled Intersection",15,"Intersection","June","C: Possible Injury",57420,"Motorist Drive Out - Sign-Controlled Intersection",2012,"Yes","No","Daylight","Curve - Level","Local Street","Dry","Two-Way, Not Divided","None","T-Intersection","Smooth Asphalt",0,0,0,0,0,0,0,"2 lanes",2,0,NA,0,NA
4839,2185,"Raleigh","Wake","Piedmont","Commercial","Urban (>70% Developed)",NA,"Urban","40 - 45  MPH","No Control Present","Clear","No",30,"30-39","No",NA,"With Traffic","B: Evident Injury","Travel Lane","White","Male",NA,NA,"Missing",NA,"31-35 mph","Unknown Injury","Unknown/Missing",NA,NA,"No","19JUN2012","Tuesday","Motorist Overtaking Bicyclist",9,"Non-Intersection","June","B: Evident Injury",34560,"Motorist Overtaking - Other / Unknown",2012,"Yes","Yes","Daylight","Straight - Level","Local Street","Dry","Two-Way, Not Divided","None","No Special Feature","Coarse Asphalt",0,0,0,0,0,0,0,"5 lanes",2,0,NA,0,NA
4840,2036,"Hickory","Catawba","Piedmont","Commercial","Urban (>70% Developed)",NA,"Urban","30 - 35  MPH","Stop And Go Signal","Clear","No",15,"11-15","No",NA,"Facing Traffic","C: Possible Injury","Sidewalk / Crosswalk / Driveway Crossing","Black","Male",26,"25-29","No",NA,"0-5 mph","O: No Injury","White","Female","Sport Utility","No","03MAY2012","Thursday","Bicyclist Failed to Yield - Signalized Intersection",13,"Intersection","May","C: Possible Injury",50100,"Bicyclist Failed to Clear - Multiple Threat",2012,"Yes","No","Daylight","Straight - Level","Local Street","Dry","One-Way, Not Divided","None","Four-Way Intersection","Coarse Asphalt",0,0,0,0,0,0,0,"2 lanes",2,0,NA,0,NA
4841,2026,"None - Rural Crash","Davidson","Piedmont","Residential","Mixed (30% To 70% Developed)",NA,"Rural","50 - 55  MPH","Double Yellow Line, No Passing Zone","Cloudy","No",49,"40-49","No",NA,"With Traffic","C: Possible Injury","Bike Lane / Paved Shoulder","White","Male",58,"50-59","No",NA,"41-45 mph","O: No Injury","White","Female","Passenger Car","No","15MAY2012","Tuesday","Motorist Overtaking Bicyclist",6,"Non-Intersection","May","C: Possible Injury",21660,"Motorist Overtaking - Misjudged Space",2012,"No","No","Daylight","Straight - Level","NC Route","Wet","Two-Way, Not Divided","None","No Special Feature","Smooth Asphalt",0,0,0,0,0,0,0,"2 lanes",2,0,NA,0,NA
4842,2039,"Asheville","Buncombe","Mountains","Residential","Urban (>70% Developed)",NA,"Urban","20 - 25  MPH","No Control Present","Clear","No",9,"6-10","No",NA,"Not Applicable","C: Possible Injury","Sidewalk / Crosswalk / Driveway Crossing","Black","Female",27,"25-29","No",NA,"11-15 mph","O: No Injury","White","Male","Passenger Car","No","24APR2012","Tuesday","Bicyclist Failed to Yield - Midblock",16,"Non-Intersection","April","C: Possible Injury",58860,"Bicyclist Ride Out - Other Midblock",2012,"Yes","No","Daylight","Straight - Level","Local Street","Dry","Two-Way, Not Divided","None","No Special Feature","Coarse Asphalt",0,0,0,0,0,0,0,"2 lanes",2,0,NA,0,NA
4843,2055,"Chapel Hill","Orange","Piedmont","Residential","Urban (>70% Developed)",NA,"Urban","30 - 35  MPH","Double Yellow Line, No Passing Zone","Cloudy","No",35,"30-39","No",NA,"With Traffic","C: Possible Injury","Bike Lane / Paved Shoulder","White","Male",22,"20-24","Yes",NA,"16-20 mph","O: No Injury","White","Male",NA,"Yes","18MAY2012","Friday","Motorist Right Turn / Merge",16,"Non-Intersection","May","C: Possible Injury",57780,"Motorist Right Turn - Same Direction",2012,"Yes","Yes","Daylight","Straight - Grade","NC Route","Dry","Two-Way, Divided, Unprotected Median","None","No Special Feature","Smooth Asphalt",0,0,0,0,0,0,0,"4 lanes",2,0,NA,0,NA