"...1","object_id","city","county","region","development","locality","on_road","rural_urban","speed_limit","traffic_control","weather","workzone","bike_age","bike_age_group","bike_alcohol","bike_alcohol_drugs","bike_direction","bike_injury","bike_position","bike_race","bike_sex","driver_age","driver_age_group","driver_alcohol","driver_alcohol_drugs","driver_est_speed","driver_injury","driver_race","driver_sex","driver_vehicle_type","crash_alcohol","crash_date","crash_day","crash_group","crash_hour","crash_location","crash_month","crash_severity","crash_time","crash_type","crash_year","ambulance_req","hit_run","light_condition","road_character","road_class","road_condition","road_configuration","road_defects","road_feature","road_surface","num_bikes_ai","num_bikes_bi","num_bikes_ci","num_bikes_ki","num_bikes_no","num_bikes_to","num_bikes_ui","num_lanes","num_units","distance_mi_from","frm_road","rte_invd_cd","towrd_road"
4844,2063,"None - Rural Crash","Henderson","Mountains","Residential","Rural (<30% Developed)",NA,"Rural","30 - 35  MPH","Double Yellow Line, No Passing Zone","Clear","No",45,"40-49","No",NA,"With Traffic","C: Possible Injury","Travel Lane","White","Female",NA,"70+","No",NA,"16-20 mph","O: No Injury","White","Female","Passenger Car","No","26MAY2012","Saturday","Motorist Overtaking Bicyclist",13,"Non-Intersection","May","C: Possible Injury",49500,"Motorist Overtaking - Misjudged Space",2012,"No","No","Daylight","Straight - Grade","State Secondary Route","Dry","Two-Way, Not Divided","None","No Special Feature","Coarse Asphalt",0,0,0,0,0,0,0,"2 lanes",2,0,NA,0,NA
4845,2069,"Wilmington","New Hanover","Coastal","Residential","Urban (>70% Developed)",NA,"Urban","30 - 35  MPH","Stop Sign","Clear","No",60,"60-69","No",NA,"With Traffic","C: Possible Injury","Travel Lane","Black","Male",44,"40-49","No",NA,"0-5 mph","O: No Injury","White","Male","Passenger Car","No","16MAY2012","Wednesday","Motorist Failed to Yield - Sign-Controlled Intersection",10,"Intersection","May","C: Possible Injury",37080,"Motorist Drive Out - Sign-Controlled Intersection",2012,"Yes","No","Daylight","Straight - Level","Local Street","Dry","Two-Way, Not Divided","None","No Special Feature","Smooth Asphalt",0,0,0,0,0,0,0,"4 lanes",2,0,NA,0,NA
4846,2024,"Durham","Durham","Piedmont","Residential","Mixed (30% To 70% Developed)",NA,"Urban","30 - 35  MPH","No Control Present","Clear","No",20,"20-24","No",NA,"Facing Traffic","Unknown Injury","Travel Lane","Black","Male",39,"30-39","No",NA,"0-5 mph","O: No Injury","Black","Male","Van","No","29MAR2012","Thursday","Motorist Failed to Yield - Sign-Controlled Intersection",11,"Intersection","March","O: No Injury",42000,"Motorist Drive Out - Sign-Controlled Intersection",2012,"No","No","Daylight","Curve - Grade","Local Street","Dry","Two-Way, Not Divided","None","No Special Feature","Coarse Asphalt",0,0,0,0,0,0,0,"2 lanes",2,0,NA,0,NA
4847,2020,"Rocky Mount","Nash","Coastal","Commercial","Urban (>70% Developed)",NA,"Urban","40 - 45  MPH","No Control Present","Clear","No",59,"50-59","No",NA,"With Traffic","B: Evident Injury","Travel Lane","Black","Male",21,"20-24","No",NA,"26-30 mph","O: No Injury","Black","Female","Passenger Car","No","25APR2012","Wednesday","Motorist Overtaking Bicyclist",17,"Non-Intersection","April","B: Evident Injury",61200,"Motorist Overtaking - Misjudged Space",2012,"No","No","Daylight","Straight - Level","Local Street","Dry","Two-Way, Not Divided","None","No Special Feature","Coarse Asphalt",0,0,0,0,0,0,0,"5 lanes",2,0,NA,0,NA
4848,2037,"Morrisville","Wake","Piedmont","Commercial","Urban (>70% Developed)",NA,"Urban","40 - 45  MPH","Stop And Go Signal","Cloudy","No",32,"30-39","No",NA,"With Traffic","B: Evident Injury","Travel Lane","White","Male",21,"20-24","No",NA,"41-45 mph","O: No Injury","Black","Female","Passenger Car","No","17MAY2012","Thursday","Motorist Right Turn / Merge",9,"Intersection","May","B: Evident Injury",34920,"Motorist Right Turn - Same Direction",2012,"No","No","Daylight","Straight - Level","State Secondary Route","Dry","Two-Way, Not Divided","None","No Special Feature","Coarse Asphalt",0,0,0,0,0,0,0,"5 lanes",2,0,NA,0,NA
4849,2043,"Salisbury","Rowan","Piedmont","Residential","Urban (>70% Developed)",NA,"Urban","30 - 35  MPH","Stop Sign","Clear","No",31,"30-39","No",NA,"With Traffic","B: Evident Injury","Travel Lane","Black","Male",47,"40-49","No",NA,"26-30 mph","O: No Injury","Black","Male","Passenger Car","No","20MAY2012","Sunday","Loss of Control / Turning Error",18,"Intersection","May","B: Evident Injury",66720,"Bicyclist Lost Control - Mechanical Problems",2012,"Yes","No","Daylight","Straight - Level","Local Street","Dry","Two-Way, Not Divided","None","No Special Feature","Coarse Asphalt",0,0,0,0,0,0,0,"2 lanes",2,0,NA,0,NA
4850,2230,"Apex","Wake","Piedmont","Commercial","Urban (>70% Developed)",NA,"Urban","40 - 45  MPH","Stop Sign","Cloudy","No",61,"60-69","Yes",NA,"With Traffic","B: Evident Injury","Sidewalk / Crosswalk / Driveway Crossing","White","Male",39,"30-39","No",NA,"0-5 mph","O: No Injury","White","Male","Pickup","Yes","20JUL2012","Friday","Motorist Failed to Yield - Midblock",20,"Non-Intersection","July","B: Evident Injury",74580,"Motorist Drive Out - Commercial Driveway / Alley",2012,"Yes","No","Dark - Lighted Roadway","Straight - Grade","Local Street","Wet","Two-Way, Divided, Unprotected Median","None","No Special Feature","Smooth Asphalt",0,0,0,0,0,0,0,"3 lanes",2,0,NA,0,NA
4851,2253,"Charlotte","Mecklenburg","Piedmont","Residential","Urban (>70% Developed)",NA,"Urban","20 - 25  MPH","Stop Sign","Clear","No",23,"20-24","No",NA,"Facing Traffic","C: Possible Injury","Sidewalk / Crosswalk / Driveway Crossing","Black","Male",NA,"70+","No",NA,NA,"O: No Injury","White","Female","Passenger Car","No","17JUL2012","Tuesday","Crossing Paths - Other Circumstances",14,"Intersection","July","C: Possible Injury",52080,"Sign-Controlled Intersection - Other / Unknown",2012,"Yes","No","Daylight","Straight - Level","Local Street","Dry","Two-Way, Not Divided","None","Four-Way Intersection","Smooth Asphalt",0,0,0,0,0,0,0,"2 lanes",2,0,NA,0,NA
4852,2216,"None - Rural Crash","Pitt","Coastal","Residential","Mixed (30% To 70% Developed)",NA,"Rural","40 - 45  MPH","Double Yellow Line, No Passing Zone","Clear","No",14,"11-15","No",NA,"With Traffic","B: Evident Injury","Travel Lane","Black","Male",24,"20-24","No",NA,"36-40 mph","O: No Injury","Hispanic","Female","Van","No","16JUL2012","Monday","Bicyclist Left Turn / Merge",21,"Intersection","July","B: Evident Injury",78180,"Bicyclist Left Turn - Same Direction",2012,"Yes","No","Dark - Roadway Not Lighted","Curve - Level","State Secondary Route","Dry","Two-Way, Not Divided","None","T-Intersection","Smooth Asphalt",0,0,0,0,0,0,0,"2 lanes",2,0,NA,0,NA
4853,2244,"Cherokee Reservation","Swain","Mountains","Commercial","Mixed (30% To 70% Developed)",NA,"Rural","30 - 35  MPH","No Control Present","Clear","No",15,"11-15","No",NA,"With Traffic","C: Possible Injury","Travel Lane","White","Male",18,"0-19","No",NA,"31-35 mph","O: No Injury","Native American","Female","Passenger Car","No","24JUL2012","Tuesday","Motorist Overtaking Bicyclist",18,"Non-Intersection","July","C: Possible Injury",67140,"Motorist Overtaking - Bicyclist Swerved",2012,"Yes","No","Daylight","Straight - Level","Local Street","Dry","Two-Way, Not Divided","None","No Special Feature","Smooth Asphalt",0,0,0,0,0,0,0,"2 lanes",2,0,NA,0,NA
4854,2257,"Mooresville","Iredell","Piedmont","Residential","Urban (>70% Developed)",NA,"Urban","30 - 35  MPH","Stop And Go Signal","Cloudy","No",20,"20-24","No",NA,"Facing Traffic","C: Possible Injury","Travel Lane","White","Female",27,"25-29","No",NA,"6-10 mph","O: No Injury","White","Male","Passenger Car","No","13JUL2012","Friday","Motorist Failed to Yield - Signalized Intersection",7,"Intersection","July","C: Possible Injury",28140,"Motorist Drive Out - Signalized Intersection",2012,"Yes","No","Daylight","Straight - Hillcrest","NC Route","Dry","Two-Way, Not Divided","None","Four-Way Intersection","Coarse Asphalt",0,0,0,0,0,0,0,"5 lanes",2,0,NA,0,NA
4855,2248,"Charlotte","Mecklenburg","Piedmont","Commercial","Urban (>70% Developed)",NA,"Urban","30 - 35  MPH","Stop And Go Signal","Clear","No",27,"25-29","No",NA,NA,"Unknown Injury",NA,"Hispanic","Male",NA,NA,"Missing",NA,"16-20 mph","O: No Injury","Black","Male",NA,"No","21MAR2012","Wednesday","Crossing Paths - Other Circumstances",13,"Intersection","March","O: No Injury",47820,"Crossing Paths - Uncontrolled Intersection",2012,"Yes","Yes","Daylight","Straight - Level","Local Street","Dry","Two-Way, Divided, Unprotected Median","None","No Special Feature","Smooth Asphalt",0,0,0,0,0,0,0,"5 lanes",2,0,NA,0,NA
4856,2237,"Mooresville","Iredell","Piedmont","Commercial","Urban (>70% Developed)",NA,"Urban","40 - 45  MPH","Stop Sign","Clear","No",25,"25-29","No",NA,"Facing Traffic","B: Evident Injury","Travel Lane","Hispanic","Male",47,"40-49","No",NA,"6-10 mph","O: No Injury","White","Male","Pickup","No","10JUL2012","Tuesday","Motorist Failed to Yield - Midblock",17,"Non-Intersection","July","B: Evident Injury",63720,"Motorist Drive Out - Commercial Driveway / Alley",2012,"Yes","No","Daylight","Straight - Level","NC Route","Dry","Two-Way, Not Divided","None","Driveway, Public","Smooth Asphalt",0,0,0,0,0,0,0,"5 lanes",2,0,NA,0,NA
4857,2199,"None - Rural Crash","Washington","Coastal","Residential","Rural (<30% Developed)",NA,"Rural","40 - 45  MPH","Double Yellow Line, No Passing Zone","Clear","No",45,"40-49","Yes",NA,"With Traffic","K: Killed","Travel Lane","Black","Female",30,"30-39","No",NA,"41-45 mph","O: No Injury","White","Male","Pickup","Yes","08JUL2012","Sunday","Motorist Overtaking Bicyclist",22,"Non-Intersection","July","K: Killed",81360,"Motorist Overtaking - Bicyclist Swerved",2012,"Yes","No","Dark - Roadway Not Lighted","Straight - Level","State Secondary Route","Dry","Two-Way, Not Divided","None","No Special Feature","Smooth Asphalt",0,0,0,0,0,0,0,"2 lanes",2,0,NA,0,NA
4858,2196,"Charlotte","Mecklenburg","Piedmont","Commercial","Urban (>70% Developed)",NA,"Urban","30 - 35  MPH","Stop And Go Signal","Clear","No",66,"60-69","Missing",NA,"With Traffic","B: Evident Injury","Travel Lane","White","Male",52,"50-59","No",NA,NA,"O: No Injury","Other","Male","Passenger Car","No","08JUL2012","Sunday","Bicyclist Failed to Yield - Signalized Intersection",8,"Intersection","July","B: Evident Injury",31860,"Bicyclist Ride Through - Signalized Intersection",2012,"Yes","No","Daylight","Straight - Level","Local Street","Dry","Two-Way, Not Divided","None","Four-Way Intersection","Smooth Asphalt",0,0,0,0,0,0,0,"6 lanes",2,0,NA,0,NA
4859,2200,"Wilmington","New Hanover","Coastal","Residential","Urban (>70% Developed)",NA,"Urban","20 - 25  MPH","Stop Sign","Clear","No",22,"20-24","No",NA,"With Traffic","C: Possible Injury","Travel Lane","White","Male",19,"0-19","No",NA,"11-15 mph","O: No Injury","White","Male","Passenger Car","No","10JUN2012","Sunday","Motorist Failed to Yield - Sign-Controlled Intersection",17,"Intersection","June","C: Possible Injury",61680,"Motorist Drive Out - Sign-Controlled Intersection",2012,"Yes","No","Daylight","Straight - Level","Local Street","Dry","Two-Way, Not Divided","None","Four-Way Intersection","Smooth Asphalt",0,0,0,0,0,0,0,"4 lanes",2,0,NA,0,NA
4860,2209,"Gastonia","Gaston","Piedmont","Residential","Rural (<30% Developed)",NA,"Urban","30 - 35  MPH","Stop And Go Signal","Clear","No",11,"11-15","No",NA,"Not Applicable","B: Evident Injury","Non-Roadway","Black","Male",27,"25-29","No",NA,"31-35 mph","C: Possible Injury","Black","Female","Passenger Car","No","10JUN2012","Sunday","Bicyclist Failed to Yield - Signalized Intersection",14,"Intersection","June","B: Evident Injury",53760,"Bicyclist Ride Out - Signalized  Intersection",2012,"Yes","No","Daylight","Straight - Grade","NC Route","Dry","Two-Way, Not Divided","None","Four-Way Intersection","Smooth Asphalt",0,0,0,0,0,0,0,"3 lanes",2,0,NA,0,NA
4861,2215,"Spindale","Rutherford","Mountains","Commercial","Mixed (30% To 70% Developed)",NA,"Rural","30 - 35  MPH","Stop And Go Signal","Clear","No",14,"11-15","No",NA,"Facing Traffic","B: Evident Injury","Travel Lane","White","Male",52,"50-59","No",NA,"16-20 mph","O: No Injury","White","Female","Passenger Car","No","16JUN2012","Saturday","Parallel Paths - Other Circumstances",17,"Intersection","June","B: Evident Injury",62880,"Bicyclist Ride Out - Parallel Path",2012,"Yes","No","Daylight","Straight - Hillcrest","Local Street","Dry","Two-Way, Not Divided","None","No Special Feature","Smooth Asphalt",0,0,0,0,0,0,0,"2 lanes",2,0,NA,0,NA
4862,2210,"Beaufort","Carteret","Coastal","Residential","Urban (>70% Developed)",NA,"Rural","20 - 25  MPH","Stop Sign","Clear","No",30,"30-39","No",NA,NA,"B: Evident Injury","Sidewalk / Crosswalk / Driveway Crossing","White","Male",27,"25-29","No",NA,"6-10 mph","O: No Injury","Black","Male","Sport Utility","No","09JUL2012","Monday","Parallel Paths - Other Circumstances",15,"Intersection-Related","July","B: Evident Injury",57300,"Bicyclist Ride Out - Parallel Path",2012,"Yes","No","Daylight","Straight - Level","Local Street","Dry","Two-Way, Not Divided","None","No Special Feature","Smooth Asphalt",0,0,0,0,0,0,0,"2 lanes",2,0,NA,0,NA
4863,2212,"Farmville","Pitt","Coastal","Residential","Urban (>70% Developed)",NA,"Rural","30 - 35  MPH","Stop Sign","Clear","No",6,"6-10","No",NA,"With Traffic","O: No Injury","Travel Lane","Black","Male",NA,"70+","No",NA,"26-30 mph","O: No Injury","Black","Female","Passenger Car","No","10JUL2012","Tuesday","Bicyclist Failed to Yield - Sign-Controlled Intersection",16,"Intersection","July","C: Possible Injury",59700,"Bicyclist Ride Through - Sign-Controlled Intersection",2012,"No","No","Daylight","Straight - Level","Local Street","Dry","Two-Way, Not Divided","None","No Special Feature","Smooth Asphalt",0,0,0,0,0,0,0,"2 lanes",2,0,NA,0,NA
4864,2198,"Morrisville","Wake","Piedmont","Residential","Urban (>70% Developed)",NA,"Urban","30 - 35  MPH","No Control Present","Rain","No",56,"50-59","No",NA,"With Traffic","B: Evident Injury","Travel Lane","White","Male",65,"60-69","No",NA,"26-30 mph","O: No Injury","White","Male","Activity Bus","No","10JUL2012","Tuesday","Motorist Overtaking Bicyclist",13,"Non-Intersection","July","B: Evident Injury",50100,"Motorist Overtaking - Other / Unknown",2012,"Yes","No","Daylight","Straight - Level","Local Street","Wet","Two-Way, Divided, Unprotected Median","None","No Special Feature","Smooth Asphalt",0,0,0,0,0,0,0,"4 lanes",2,0,NA,0,NA
4865,2187,"None - Rural Crash","Cabarrus","Piedmont","Residential","Rural (<30% Developed)",NA,"Rural","50 - 55  MPH","No Control Present","Clear","No",34,"30-39","No",NA,"With Traffic","B: Evident Injury","Travel Lane","White","Male",61,"60-69","No",NA,"36-40 mph","O: No Injury","White","Male","Van","No","09JUL2012","Monday","Motorist Overtaking Bicyclist",15,"Non-Intersection","July","B: Evident Injury",54960,"Motorist Overtaking - Other / Unknown",2012,"No","No","Daylight","Straight - Hillcrest","NC Route","Dry","Two-Way, Divided, Unprotected Median","None","No Special Feature","Smooth Asphalt",0,0,0,0,0,0,0,"4 lanes",2,0,NA,0,NA
4866,2201,"Wrightsville Beach","New Hanover","Coastal","Residential","Urban (>70% Developed)",NA,"Rural","20 - 25  MPH","No Control Present","Clear","No",NA,NA,"No",NA,"With Traffic","B: Evident Injury","Travel Lane","White","Male",47,"40-49","No",NA,NA,"O: No Injury","White","Male","Passenger Car","No","22JUN2012","Friday","Bicyclist Overtaking Motorist",7,"Non-Intersection","June","B: Evident Injury",28080,"Bicyclist Overtaking - Extended Door",2012,"Yes","No","Daylight",NA,NA,"Dry",NA,"None","No Special Feature",NA,0,0,0,0,0,0,0,NA,2,0,NA,0,NA
4867,2262,"None - Rural Crash","Forsyth","Piedmont","Farms, Woods, Pastures","Rural (<30% Developed)",NA,"Rural","50 - 55  MPH","Double Yellow Line, No Passing Zone","Clear","No",14,"11-15","No",NA,"With Traffic","C: Possible Injury","Travel Lane","Black","Male",NA,NA,"Missing",NA,"51-55 mph","Unknown Injury","Unknown/Missing",NA,"Passenger Car","No","27JUL2012","Friday","Motorist Overtaking Bicyclist",0,"Non-Intersection","July","C: Possible Injury",1200,"Motorist Overtaking - Misjudged Space",2012,"Yes","Yes","Dark - Roadway Not Lighted","Straight - Bottom","US Route","Dry","Two-Way, Not Divided","None","Related To Intersection","Smooth Asphalt",0,0,0,0,0,0,0,"2 lanes",2,0,NA,0,NA
4868,2301,"Fayetteville","Cumberland","Coastal","Commercial","Urban (>70% Developed)",NA,"Urban","30 - 35  MPH","Stop Sign","Clear","No",NA,NA,"Missing",NA,"With Traffic","Unknown Injury","Travel Lane","Unknown/Missing",NA,60,"60-69","No",NA,"21-25 mph","O: No Injury","Native American","Female","Passenger Car","No","30JUL2012","Monday","Bicyclist Failed to Yield - Sign-Controlled Intersection",15,"Intersection","July","O: No Injury",54360,"Bicyclist Ride Out - Sign-Controlled Intersection",2012,"Yes","No","Daylight","Straight - Level","Local Street","Dry","Two-Way, Divided, Unprotected Median","None","No Special Feature","Smooth Asphalt",0,0,0,0,0,0,0,"4 lanes",2,0,NA,0,NA
4869,2296,"Hendersonville","Henderson","Mountains","Residential","Urban (>70% Developed)",NA,"Urban","20 - 25  MPH","Stop Sign","Clear","No",58,"50-59","No",NA,"With Traffic","B: Evident Injury","Travel Lane","Black","Male",19,"0-19","No",NA,"16-20 mph","O: No Injury","White","Male","Sport Utility","No","05JUL2012","Thursday","Bicyclist Failed to Yield - Sign-Controlled Intersection",23,"Intersection","July","B: Evident Injury",84720,"Bicyclist Ride Through - Sign-Controlled Intersection",2012,"Yes","No","Dark - Lighted Roadway","Straight - Level","Local Street","Dry","Two-Way, Not Divided","None","No Special Feature","Coarse Asphalt",0,0,0,0,0,0,0,"2 lanes",2,0,NA,0,NA
4870,2265,"High Point","Guilford","Piedmont","Commercial","Urban (>70% Developed)",NA,"Urban",NA,"Stop Sign","Cloudy","No",49,"40-49","No",NA,"Facing Traffic","C: Possible Injury","Sidewalk / Crosswalk / Driveway Crossing","Black","Male",47,"40-49","No",NA,"6-10 mph","O: No Injury","White","Male","Sport Utility","No","12JUL2012","Thursday","Motorist Failed to Yield - Midblock",9,"Non-Intersection","July","C: Possible Injury",35400,"Motorist Drive Out - Commercial Driveway / Alley",2012,"No","No","Daylight","Straight - Level","Public Vehicular Area","Dry","One-Way, Not Divided","None","Driveway, Public","Smooth Asphalt",0,0,0,0,0,0,0,"3 lanes",2,0,NA,0,NA
4871,2299,"None - Rural Crash","Iredell","Piedmont","Residential","Mixed (30% To 70% Developed)",NA,"Rural","50 - 55  MPH","Double Yellow Line, No Passing Zone","Clear","No",51,"50-59","No",NA,"With Traffic","B: Evident Injury","Travel Lane","White","Male",NA,"70+","No",NA,"26-30 mph","O: No Injury","White","Male","Passenger Car","No","12AUG2012","Sunday","Motorist Overtaking Bicyclist",12,"Non-Intersection","August","B: Evident Injury",44160,"Motorist Overtaking - Other / Unknown",2012,"Yes","No","Daylight","Curve - Level","State Secondary Route","Dry","Two-Way, Not Divided","None","No Special Feature","Coarse Asphalt",0,0,0,0,0,0,0,"2 lanes",2,0,NA,0,NA
4872,2294,"None - Rural Crash","New Hanover","Coastal","Commercial","Urban (>70% Developed)",NA,"Rural","50 - 55  MPH","No Control Present","Clear","No",44,"40-49","No",NA,"With Traffic","C: Possible Injury","Travel Lane","White","Female",NA,NA,"Missing",NA,"36-40 mph","Unknown Injury","Unknown/Missing",NA,NA,"No","12AUG2012","Sunday","Motorist Overtaking Bicyclist",17,"Non-Intersection","August","C: Possible Injury",64620,"Motorist Overtaking - Misjudged Space",2012,"Yes","Yes","Daylight","Straight - Level","US Route","Dry","Two-Way, Not Divided","None","No Special Feature","Smooth Asphalt",0,0,0,0,0,0,0,"4 lanes",2,0,NA,0,NA
4873,2264,"Wilmington","New Hanover","Coastal","Commercial","Urban (>70% Developed)",NA,"Urban",NA,"Stop Sign","Clear","No",25,"25-29","No",NA,"Facing Traffic","C: Possible Injury","Multi-use Path","White","Female",24,"20-24","No",NA,NA,"O: No Injury","White","Female",NA,"No","12JUL2012","Thursday","Motorist Failed to Yield - Midblock",11,"Non-Intersection","July","C: Possible Injury",40020,"Motorist Drive Out - Other Midblock",2012,"No","Yes","Daylight","Straight - Level","Local Street","Dry","Two-Way, Divided, Unprotected Median","None","Driveway, Public","Smooth Asphalt",0,0,0,0,0,0,0,"6 lanes",2,0,NA,0,NA
4874,2263,"Wilmington","New Hanover","Coastal","Commercial","Urban (>70% Developed)",NA,"Urban","20 - 25  MPH","Stop And Go Signal","Clear","No",59,"50-59","No",NA,"With Traffic","B: Evident Injury","Travel Lane","Black","Male",41,"40-49","No",NA,"11-15 mph","O: No Injury","White","Female","Passenger Car","No","17JUL2012","Tuesday","Motorist Left Turn / Merge",7,"Intersection","July","B: Evident Injury",25800,"Motorist Left Turn - Opposite Direction",2012,"No","No","Daylight","Straight - Level","Local Street","Dry","Two-Way, Not Divided","None","No Special Feature","Smooth Asphalt",0,0,0,0,0,0,0,"5 lanes",2,0,NA,0,NA
4875,2321,"High Point","Guilford","Piedmont","Residential","Urban (>70% Developed)",NA,"Urban","40 - 45  MPH","Stop Sign","Clear","No",52,"50-59","No",NA,"Facing Traffic","C: Possible Injury","Sidewalk / Crosswalk / Driveway Crossing","White","Male",22,"20-24","No",NA,"6-10 mph","O: No Injury","White","Male","Sport Utility","No","06AUG2012","Monday","Motorist Failed to Yield - Sign-Controlled Intersection",10,"Intersection","August","C: Possible Injury",37500,"Motorist Drive Out - Sign-Controlled Intersection",2012,"No","No","Daylight","Straight - Grade","Local Street","Dry","Two-Way, Divided, Unprotected Median","None","T-Intersection","Smooth Asphalt",0,0,0,0,0,0,0,"4 lanes",2,0,NA,0,NA
4876,2314,"Havelock","Craven","Coastal","Commercial","Urban (>70% Developed)",NA,"Urban",NA,"No Control Present","Clear","No",25,"25-29","No",NA,"Facing Traffic","C: Possible Injury","Sidewalk / Crosswalk / Driveway Crossing","Black","Male",42,"40-49","No",NA,"6-10 mph","O: No Injury","White","Male","Passenger Car","No","01JUL2012","Sunday","Motorist Failed to Yield - Midblock",13,"Non-Intersection","July","C: Possible Injury",48900,"Motorist Drive Out - Commercial Driveway / Alley",2012,"No","No","Daylight","Straight - Level","US Route","Dry","Two-Way, Divided, Unprotected Median","None","Driveway, Public","Smooth Asphalt",0,0,0,0,0,0,0,"4 lanes",2,0,NA,0,NA
4877,2305,"Sanford","Lee","Piedmont","Commercial","Urban (>70% Developed)",NA,"Urban","30 - 35  MPH","Flashing Signal Without Stop Sign","Clear","No",30,"30-39","No",NA,"Facing Traffic","C: Possible Injury","Travel Lane","Black","Male",69,"60-69","No",NA,"0-5 mph","O: No Injury","White","Female","Passenger Car","No","31JUL2012","Tuesday","Crossing Paths - Other Circumstances",14,"Intersection","July","C: Possible Injury",51720,"Crossing Paths - Uncontrolled Intersection",2012,"Yes","No","Daylight","Straight - Hillcrest","Local Street","Dry","Two-Way, Divided, Unprotected Median","None","No Special Feature","Smooth Asphalt",0,0,0,0,0,0,0,"2 lanes",2,0,NA,0,NA
4878,2319,"Greenville","Pitt","Coastal","Residential","Urban (>70% Developed)",NA,"Urban","30 - 35  MPH","Stop Sign","Clear","No",13,"11-15","No",NA,"With Traffic","C: Possible Injury","Travel Lane","Black","Male",38,"30-39","No",NA,"0-5 mph","O: No Injury","White","Male","Police","No","17AUG2012","Friday","Bicyclist Failed to Yield - Sign-Controlled Intersection",22,"Intersection","August","C: Possible Injury",79320,"Bicyclist Ride Through - Sign-Controlled Intersection",2012,"Yes","No","Dark - Lighted Roadway","Straight - Level","Local Street","Dry","Two-Way, Not Divided","None","Four-Way Intersection","Coarse Asphalt",0,0,0,0,0,0,0,"2 lanes",2,0,NA,0,NA
4879,2308,"None - Rural Crash","Cumberland","Coastal","Residential","Mixed (30% To 70% Developed)",NA,"Rural","50 - 55  MPH","Double Yellow Line, No Passing Zone","Clear","No",51,"50-59","Yes",NA,"With Traffic","C: Possible Injury","Travel Lane","Black","Male",18,"0-19","No",NA,"46-50 mph","O: No Injury","White","Male","Pickup","Yes","13AUG2012","Monday","Motorist Overtaking Bicyclist",20,"Non-Intersection","August","C: Possible Injury",73260,"Motorist Overtaking - Other / Unknown",2012,"Yes","No","Dusk","Straight - Level","NC Route","Dry","Two-Way, Not Divided","None","No Special Feature","Coarse Asphalt",0,0,0,0,0,0,0,"2 lanes",2,0,NA,0,NA
4880,2334,"Durham","Durham","Piedmont","Commercial","Urban (>70% Developed)",NA,"Urban","20 - 25  MPH","No Control Present","Clear","No",49,"40-49","No",NA,"With Traffic","O: No Injury","Sidewalk / Crosswalk / Driveway Crossing","White","Male",37,"30-39","No",NA,"0-5 mph","O: No Injury","White","Male","Passenger Car","No","03AUG2012","Friday","Motorist Failed to Yield - Midblock",17,"Non-Intersection","August","O: No Injury",64560,"Motorist Drive Out - Commercial Driveway / Alley",2012,"No","No","Daylight","Straight - Level","Local Street","Dry","One-Way, Not Divided","None","Driveway, Public","Smooth Asphalt",0,0,0,0,0,0,0,"3 lanes",2,0,NA,0,NA
4881,2307,"None - Rural Crash","Iredell","Piedmont","Residential","Urban (>70% Developed)",NA,"Rural","40 - 45  MPH","No Control Present","Clear","No",52,"50-59","No",NA,"With Traffic","B: Evident Injury","Travel Lane","White","Male",23,"20-24","No",NA,"31-35 mph","O: No Injury","White","Male","Pickup","No","13AUG2012","Monday","Motorist Overtaking Bicyclist",12,"Non-Intersection","August","B: Evident Injury",44640,"Motorist Overtaking - Other / Unknown",2012,"Yes","No","Daylight","Straight - Level","State Secondary Route","Dry","Two-Way, Not Divided","None","No Special Feature","Smooth Asphalt",0,0,0,0,0,0,0,"2 lanes",2,0,NA,0,NA
4882,2328,"Kill Devil Hills","Dare","Coastal","Commercial","Urban (>70% Developed)",NA,"Urban","30 - 35  MPH","No Control Present","Cloudy","No",20,"20-24","No",NA,"With Traffic","K: Killed","Travel Lane","White","Male",23,"20-24","Yes",NA,"41-45 mph","O: No Injury","White","Male","Sport Utility","Yes","07AUG2012","Tuesday","Motorist Overtaking Bicyclist",1,"Non-Intersection","August","K: Killed",6900,"Motorist Overtaking - Other / Unknown",2012,"Yes","No","Dark - Lighted Roadway","Straight - Level","NC Route","Wet","Two-Way, Not Divided","None","No Special Feature","Coarse Asphalt",0,0,0,0,0,0,0,"3 lanes",2,0,NA,0,NA
4883,249,"Cary","Wake","Piedmont","Commercial","Urban (>70% Developed)","MAYNARD RD","Urban","40 - 45  MPH","Stop Sign","Clear","No",8,"6-10",NA,"No","Facing Traffic","C: Possible Injury","Sidewalk / Crosswalk / Driveway Crossing","Black","Female",64,"60-69",NA,"No","41-45 mph","O: No Injury","White","Female","Sport Utility","No","08MAY2014","Thursday","Bicyclist Failed to Yield - Sign-Controlled Intersection",19,"Intersection","May","C: Possible Injury",68400,"Bicyclist Ride Through - Sign-Controlled Intersection",2014,"No","No","Daylight","Curve - Grade","State Secondary Route","Dry","Two-Way, Divided, Unprotected Median","None","T-Intersection","Smooth Asphalt",0,0,1,0,0,1,0,"4 lanes",2,0,"OLDE WEATHERSTONE WAY",40003073,"COLE VALLEY DR"