"...1","object_id","city","county","region","development","locality","on_road","rural_urban","speed_limit","traffic_control","weather","workzone","bike_age","bike_age_group","bike_alcohol","bike_alcohol_drugs","bike_direction","bike_injury","bike_position","bike_race","bike_sex","driver_age","driver_age_group","driver_alcohol","driver_alcohol_drugs","driver_est_speed","driver_injury","driver_race","driver_sex","driver_vehicle_type","crash_alcohol","crash_date","crash_day","crash_group","crash_hour","crash_location","crash_month","crash_severity","crash_time","crash_type","crash_year","ambulance_req","hit_run","light_condition","road_character","road_class","road_condition","road_configuration","road_defects","road_feature","road_surface","num_bikes_ai","num_bikes_bi","num_bikes_ci","num_bikes_ki","num_bikes_no","num_bikes_to","num_bikes_ui","num_lanes","num_units","distance_mi_from","frm_road","rte_invd_cd","towrd_road"
4884,246,"None - Rural Crash","Cherokee","Mountains","Farms, Woods, Pastures","Mixed (30% To 70% Developed)","US 19","Rural","50 - 55  MPH","No Control Present","Cloudy","No",21,"20-24",NA,"No","With Traffic","A: Disabling Injury","Travel Lane","Asian","Male",33,"30-39",NA,"No","51-55 mph","O: No Injury","White","Male","Passenger Car","No","05JUN2014","Thursday","Motorist Overtaking Bicyclist",23,"Non-Intersection","June","A: Disabling Injury",83400,"Motorist Overtaking - Undetected Bicyclist",2014,"Yes","No","Dark - Roadway Not Lighted","Straight - Level","US Route","Wet","Two-Way, Divided, Unprotected Median","None","No Special Feature","Smooth Asphalt",1,0,0,0,0,1,0,"4 lanes",2,0.2,"1649",20000019,"1456"
4885,219,"Holly Springs","Wake","Piedmont","Residential","Urban (>70% Developed)","SUNSET LAKE ROAD","Urban","40 - 45  MPH","No Control Present","Clear","No",68,"60-69",NA,NA,"With Traffic","C: Possible Injury","Travel Lane","Black","Male",26,"25-29",NA,"No","31-35 mph","O: No Injury","Black","Male","Passenger Car","No","03JUN2014","Tuesday","Motorist Overtaking Bicyclist",16,"Non-Intersection","June","C: Possible Injury",58800,"Motorist Overtaking - Bicyclist Swerved",2014,"Yes","No","Daylight","Straight - Level","State Secondary Route","Dry","Two-Way, Not Divided","None","No Special Feature","Smooth Asphalt",0,0,1,0,0,1,0,"2 lanes",2,0.06,"HERITAGE MEADOWS LN",40001301,"COLONIAL OAKS DR"
4886,234,"Charlotte","Mecklenburg","Piedmont","Commercial","Urban (>70% Developed)","KENNON ST","Urban","20 - 25  MPH","Stop Sign","Clear","No",27,"25-29",NA,NA,"With Traffic","B: Evident Injury","Travel Lane","Black","Male",NA,NA,NA,"Missing",NA,"Unknown Injury","Unknown/Missing",NA,NA,"No","09JUN2014","Monday","Motorist Failed to Yield - Midblock",12,"Non-Intersection","June","B: Evident Injury",45780,"Motorist Drive Out - Commercial Driveway / Alley",2014,"No","Yes","Dark - Lighted Roadway","Straight - Level","Local Street","Dry","Two-Way, Not Divided","None","No Special Feature","Smooth Asphalt",0,1,0,0,0,1,0,"2 lanes",2,0.006,"HAWTHORNE LN",0,"PARKWOOD AVE"
4887,222,"Clarkton","Bladen","Coastal","Residential","Mixed (30% To 70% Developed)","1166","Rural","30 - 35  MPH","No Control Present","Clear","No",4,"0-5",NA,"No","Not Applicable","C: Possible Injury","Driveway / Alley","Black","Male",NA,NA,NA,"Missing",NA,"Unknown Injury","Unknown/Missing",NA,NA,"No","12APR2014","Saturday","Bicyclist Failed to Yield - Midblock",13,"Non-Intersection","April","C: Possible Injury",50100,"Bicyclist Ride Out - Residential Driveway",2014,"No","Yes","Daylight","Straight - Level","State Secondary Route","Dry","Two-Way, Not Divided","None","Driveway, Private","Smooth Asphalt",0,0,1,0,0,1,0,"2 lanes",2,0.27,"211",40001166,"1167"
4888,232,"Winston-Salem","Forsyth","Piedmont","Residential","Urban (>70% Developed)","WOODED AVE","Urban","20 - 25  MPH","No Control Present","Cloudy","No",15,"11-15",NA,"No","Not Applicable","C: Possible Injury","Driveway / Alley","Hispanic","Male",30,"30-39",NA,"No","21-25 mph","O: No Injury","Black","Female","Passenger Car","No","09MAY2014","Friday","Bicyclist Failed to Yield - Midblock",17,"Non-Intersection","May","C: Possible Injury",62760,"Bicyclist Ride Out - Residential Driveway",2014,"Yes","No","Daylight","Straight - Level","Local Street","Dry","Two-Way, Not Divided","None","No Special Feature","Smooth Asphalt",0,0,1,0,0,1,0,"2 lanes",2,0.12,"OLD RURAL HALL RD",0,"TISE AVE"
4889,230,"Raleigh","Wake","Piedmont","Commercial","Urban (>70% Developed)","N HARRINGTON ST","Urban","30 - 35  MPH","Stop Sign","Clear","No",47,"40-49",NA,"No","With Traffic","C: Possible Injury","Travel Lane","White","Male",30,"30-39",NA,"No","11-15 mph","O: No Injury","White","Male","Passenger Car","No","24MAY2014","Saturday","Motorist Failed to Yield - Sign-Controlled Intersection",19,"Intersection","May","C: Possible Injury",70080,"Motorist Drive Out - Sign-Controlled Intersection",2014,"No","No","Daylight","Straight - Grade","Local Street","Dry","Two-Way, Not Divided","None","Four-Way Intersection","Smooth Asphalt",0,0,1,0,0,1,0,"5 lanes",2,0,"W EDENTON ST",50013238,"W JONES ST"
4890,254,"Raleigh","Wake","Piedmont","Residential","Urban (>70% Developed)","DAVIE ST","Urban","30 - 35  MPH","No Control Present","Clear","No",7,"6-10",NA,"No","Not Applicable","C: Possible Injury","Driveway / Alley","Black","Male",51,"50-59",NA,"No","31-35 mph","O: No Injury","Black","Male","Pickup","No","05JUN2014","Thursday","Bicyclist Failed to Yield - Midblock",17,"Non-Intersection","June","C: Possible Injury",63060,"Bicyclist Ride Out - Residential Driveway",2014,"Yes","Yes","Daylight","Straight - Level","Local Street","Dry","Two-Way, Not Divided","None","No Special Feature","Smooth Asphalt",0,0,1,0,0,1,0,"2 lanes",2,0.042,"SWAIN ST",50007951,"CHAVIS WAY"
4891,240,"None - Rural Crash","Union","Piedmont","Farms, Woods, Pastures","Rural (<30% Developed)","1104","Rural","50 - 55  MPH","No Control Present","Cloudy","No",53,"50-59",NA,"No","With Traffic","B: Evident Injury","Travel Lane","Other","Female",18,"0-19",NA,"No","51-55 mph","O: No Injury","White","Male","Passenger Car","No","08JUN2014","Sunday","Motorist Overtaking Bicyclist",8,"Non-Intersection","June","B: Evident Injury",30600,"Motorist Overtaking - Other / Unknown",2014,"Yes","No","Daylight","Straight - Grade","State Secondary Route","Dry","Two-Way, Not Divided","None","No Special Feature","Smooth Asphalt",0,1,0,0,0,1,0,"2 lanes",2,0.32,"1107",40001104,"1106"
4892,252,"Asheville","Buncombe","Mountains","Residential","Urban (>70% Developed)","GRIFFING BLVD","Urban","20 - 25  MPH","No Control Present","Clear","No",62,"60-69",NA,"No","With Traffic","B: Evident Injury","Travel Lane","White","Male",66,"60-69",NA,"No","0-5 mph","C: Possible Injury","White","Female","Passenger Car","No","08MAY2014","Thursday","Backing Vehicle",17,"Non-Intersection","May","B: Evident Injury",64560,"Backing Vehicle",2014,"Yes","No","Daylight","Straight - Level","Local Street","Dry","One-Way, Not Divided","None","No Special Feature","Smooth Asphalt",0,1,0,0,0,1,0,"1 lane",2,0.12,"LYNNWOOD DR",0,"BLACKWOOD RD"
4893,262,"Winston-Salem","Forsyth","Piedmont","Residential","Urban (>70% Developed)","BUTTERFIELD DR","Urban","30 - 35  MPH","No Control Present","Rain","No",19,"16-19",NA,"No","Facing Traffic","B: Evident Injury","Sidewalk / Crosswalk / Driveway Crossing","Black","Male",NA,"70+",NA,"No","6-10 mph","O: No Injury","Black","Male","Passenger Car","No","11JUN2014","Wednesday","Motorist Failed to Yield - Sign-Controlled Intersection",21,"Intersection","June","B: Evident Injury",78300,"Motorist Drive Out - Sign-Controlled Intersection",2014,"Yes","No","Dark - Roadway Not Lighted","Straight - Level","Local Street","Wet","Two-Way, Not Divided","None","Four-Way Intersection","Smooth Asphalt",0,1,0,0,0,1,0,"8 lanes",2,0,"CARVER SCHOOL RD",50005207,NA
4894,267,"None - Rural Crash","New Hanover","Coastal","Residential","Urban (>70% Developed)","US 421","Rural","40 - 45  MPH","No Control Present","Clear","No",20,"20-24",NA,NA,"With Traffic","Unknown Injury","Bike Lane / Paved Shoulder","White","Female",NA,NA,NA,NA,"41-45 mph","Unknown Injury","Unknown/Missing",NA,NA,"No","19JUN2014","Thursday","Loss of Control / Turning Error",15,"Non-Intersection","June","Unknown Injury",54000,"Motorist Lost Control - Other / Unknown",2014,"Yes","Yes","Daylight","Straight - Level","US Route","Dry","Two-Way, Divided, Unprotected Median","None","No Special Feature","Coarse Asphalt",0,0,0,0,0,1,1,"4 lanes",2,0.057,"1531",20000421,"1573"
4895,268,"Wilmington","New Hanover","Coastal","Residential","Urban (>70% Developed)","RACINE DR","Urban","20 - 25  MPH","Stop And Go Signal","Cloudy","No",22,"20-24",NA,"No","Facing Traffic","B: Evident Injury","Sidewalk / Crosswalk / Driveway Crossing","White","Female",35,"30-39",NA,"No","6-10 mph","O: No Injury","White","Male","Sport Utility","No","29MAY2014","Thursday","Motorist Failed to Yield - Signalized Intersection",18,"Intersection","May","B: Evident Injury",66120,"Motorist Drive Out - Right Turn on Red",2014,"No","No","Daylight","Straight - Level","Local Street","Dry","Two-Way, Not Divided","None","Four-Way Intersection","Smooth Asphalt",0,1,0,0,0,1,0,"2 lanes",2,0,"ORIOLE DR",50025162,"S COLLEGE RD"
4896,284,"Wrightsville Beach","New Hanover","Coastal","Residential","Urban (>70% Developed)","NORTH LUMINA AVE","Rural",NA,"No Control Present","Clear","No",63,"60-69",NA,"No","With Traffic","C: Possible Injury","Travel Lane","Black","Male",44,"40-49",NA,"No",NA,"O: No Injury","White","Male","Passenger Car","No","19JUN2014","Thursday","Bicyclist Overtaking Motorist",8,"Non-Intersection","June","C: Possible Injury",29940,"Bicyclist Overtaking - Extended Door",2014,"Yes","No","Daylight","Straight - Level","Local Street","Dry","Two-Way, Divided, Unprotected Median","None","No Special Feature","Smooth Asphalt",0,0,1,0,0,1,0,"2 lanes",2,0.01,"EAST ATLANTA ST",40001452,"EAST COLUMBIA ST"
4897,287,"High Point","Guilford","Piedmont","Residential","Urban (>70% Developed)","OLD MILL RD","Urban","40 - 45  MPH","No Control Present","Clear","No",68,"60-69",NA,"No","With Traffic","B: Evident Injury","Travel Lane","White","Male",20,"20-24",NA,"No","41-45 mph","O: No Injury","White","Female","Passenger Car","No","21MAY2014","Wednesday","Motorist Overtaking Bicyclist",16,"Non-Intersection","May","B: Evident Injury",58020,"Motorist Overtaking - Misjudged Space",2014,"Yes","No","Daylight","Straight - Grade","Local Street","Dry","Two-Way, Not Divided","None","No Special Feature","Smooth Asphalt",0,1,0,0,0,1,0,"2 lanes",2,0.1,"MILLSTONE CT",50022386,"JOHNSON ST"
4898,285,"Indian Beach","Carteret","Coastal","Residential","Mixed (30% To 70% Developed)","NC 58","Rural","30 - 35  MPH","Double Yellow Line, No Passing Zone","Clear","No",54,"50-59",NA,"No","With Traffic","O: No Injury","Travel Lane","White","Male",55,"50-59",NA,"Missing","0-5 mph","O: No Injury","White","Male","Police","No","12JUN2014","Thursday","Bicyclist Overtaking Motorist",10,"Non-Intersection","June","O: No Injury",36360,"Bicyclist Overtaking - Parked Vehicle",2014,"No","No","Daylight","Straight - Level","NC Route","Dry","Two-Way, Not Divided","None","No Special Feature","Smooth Asphalt",0,0,0,0,1,1,0,"3 lanes",2,0.1,"1192",30000058,"INDIAN BEACH"
4899,270,"Hendersonville","Henderson","Mountains","Commercial","Urban (>70% Developed)","US 64","Urban","30 - 35  MPH","No Control Present","Clear","No",35,"30-39",NA,"No","With Traffic","B: Evident Injury","Travel Lane","White","Male",40,"40-49",NA,"No","0-5 mph","O: No Injury","White","Male","Passenger Car","No","23JUN2014","Monday","Motorist Right Turn / Merge",15,"Non-Intersection","June","B: Evident Injury",56040,"Motorist Right Turn - Same Direction",2014,"No","No","Daylight","Straight - Level","US Route","Dry","One-Way, Not Divided","None","No Special Feature","Coarse Asphalt",0,1,0,0,0,1,0,"2 lanes",2,0,"228 6TH AVE",0,"GROVE ST"
4900,289,"Wendell","Wake","Piedmont","Residential","Urban (>70% Developed)","MATTOX ST","Urban","30 - 35  MPH","Stop Sign","Clear","No",5,"0-5",NA,"No","With Traffic","A: Disabling Injury","Travel Lane","White","Male",NA,"70+",NA,"No","6-10 mph","O: No Injury","White","Male","Sport Utility","No","30JUN2014","Monday","Other / Unusual Circumstances",13,"Intersection-Related","June","A: Disabling Injury",48900,"Play Vehicle-Related",2014,"Yes","No","Daylight","Straight - Level","Local Street","Dry","Two-Way, Not Divided","None","T-Intersection","Coarse Asphalt",1,0,0,0,0,1,0,"2 lanes",2,0,"HOLLYBROOK RD",50014270,"WENDELL BLVD"
4901,5994,"Dunn","Harnett","Coastal","Residential","Mixed (30% To 70% Developed)",NA,"Urban","40 - 45  MPH","Missing","Rain","No",8,"6-10","No",NA,"Not Applicable","C: Possible Injury","Non-Roadway","Black","Male",45,"40-49","No",NA,"26-30 mph","O: No Injury","White","Female","Sport Utility","No","18JUL2008","Friday","Bicyclist Failed to Yield - Midblock",14,"Non-Intersection","July","C: Possible Injury",53640,"Bicyclist Ride Out - Other Midblock",2008,"No","No","Daylight","Straight - Level","State Secondary Route","Wet","Two-Way, Not Divided","None","No Special Feature","Coarse Asphalt",0,0,0,0,0,0,0,"2 lanes",2,0,NA,0,NA
4902,5996,"Fayetteville","Cumberland","Coastal","Commercial","Urban (>70% Developed)",NA,"Urban","20 - 25  MPH","Stop Sign","Clear","No",34,"30-39","No",NA,"With Traffic","O: No Injury","Travel Lane","Black","Male",16,"0-19","No",NA,"0-5 mph","O: No Injury","White","Female","Sport Utility","No","20JUN2008","Friday","Motorist Failed to Yield - Sign-Controlled Intersection",15,"Intersection","June","O: No Injury",57120,"Motorist Drive Out - Sign-Controlled Intersection",2008,"No","No","Daylight","Straight - Level","Local Street","Dry","Two-Way, Divided, Unprotected Median","None","T-Intersection","Coarse Asphalt",0,0,0,0,0,0,0,"4 lanes",2,0,NA,0,NA
4903,6504,"Durham","Durham","Piedmont","Residential","Urban (>70% Developed)",NA,"Urban","30 - 35  MPH","Stop Sign","Clear","No",28,"25-29","No",NA,"With Traffic","B: Evident Injury","Travel Lane","Black","Male",NA,NA,"Missing",NA,"6-10 mph","Unknown Injury","Unknown/Missing",NA,"Passenger Car","No","24MAR2007","Saturday","Motorist Failed to Yield - Sign-Controlled Intersection",20,"Intersection","March","B: Evident Injury",74460,"Motorist Drive Out - Sign-Controlled Intersection",2007,"Yes","Yes","Dark - Roadway Not Lighted","Straight - Grade","Local Street","Dry","Two-Way, Not Divided","None","Four-Way Intersection","Coarse Asphalt",0,0,0,0,0,0,0,"4 lanes",2,0,NA,0,NA
4904,6505,"Charlotte","Mecklenburg","Piedmont","Commercial","Urban (>70% Developed)",NA,"Urban",NA,"No Control Present","Clear","No",47,"40-49","No",NA,"With Traffic","B: Evident Injury","Sidewalk / Crosswalk / Driveway Crossing","Black","Male",NA,NA,"Missing",NA,NA,"Unknown Injury","Unknown/Missing",NA,NA,"No","15JAN2007","Monday","Motorist Right Turn / Merge",17,"Non-Intersection","January","B: Evident Injury",62700,"Motorist Right Turn - Same Direction",2007,"Yes","Yes","Daylight","Straight - Grade","Local Street","Dry",NA,"None","No Special Feature","Smooth Asphalt",0,0,0,0,0,0,0,NA,2,0,NA,0,NA
4905,6507,"None - Rural Crash","Pitt","Coastal","Farms, Woods, Pastures","Rural (<30% Developed)",NA,"Rural","50 - 55  MPH","Stop Sign","Clear","No",22,"20-24","No",NA,"With Traffic","B: Evident Injury","Travel Lane","White","Male",33,"30-39","No",NA,"46-50 mph","O: No Injury","Black","Female","Van","No","12JAN2007","Friday","Bicyclist Failed to Yield - Sign-Controlled Intersection",15,"Intersection","January","B: Evident Injury",56700,"Bicyclist Ride Out - Sign-Controlled Intersection",2007,"Yes","No","Daylight","Straight - Level","US Route","Dry","Two-Way, Divided, Unprotected Median","None","T-Intersection","Coarse Asphalt",0,0,0,0,0,0,0,"4 lanes",2,0,NA,0,NA
4906,6515,"Durham","Durham","Piedmont","Residential","Urban (>70% Developed)",NA,"Urban","5 - 15 MPH","Stop Sign","Clear","No",31,"30-39","Yes",NA,"With Traffic","C: Possible Injury","Travel Lane","White","Male",NA,NA,"Missing",NA,"0-5 mph","O: No Injury","Black","Male","Passenger Car","Yes","30MAR2007","Friday","Loss of Control / Turning Error",23,"Intersection","March","C: Possible Injury",84960,"Bicylist Lost Control - Alcohol / Drug Impairment",2007,"Yes","No","Dark - Roadway Not Lighted","Straight - Hillcrest","Local Street","Dry","Two-Way, Not Divided","None","T-Intersection","Smooth Asphalt",0,0,0,0,0,0,0,"2 lanes",2,0,NA,0,NA
4907,6516,"Charlotte","Mecklenburg","Piedmont","Residential","Urban (>70% Developed)",NA,"Urban","20 - 25  MPH","Stop Sign","Clear","No",6,"6-10","No",NA,"Facing Traffic","O: No Injury","Travel Lane","Black","Male",NA,NA,"Missing",NA,"16-20 mph","Unknown Injury","Unknown/Missing",NA,NA,"No","15JAN2007","Monday","Loss of Control / Turning Error",12,"Intersection","January","O: No Injury",46620,"Bicyclist Turning Error - Left Turn",2007,"No","Yes","Daylight","Straight - Hillcrest","Local Street","Dry","Two-Way, Not Divided","None","Driveway, Public","Smooth Asphalt",0,0,0,0,0,0,0,"2 lanes",2,0,NA,0,NA
4908,6517,"None - Rural Crash","New Hanover","Coastal","Commercial","Mixed (30% To 70% Developed)",NA,"Rural","50 - 55  MPH","No Control Present","Clear","No",36,"30-39","No",NA,"With Traffic","B: Evident Injury","Bike Lane / Paved Shoulder","White","Male",NA,NA,"No",NA,"31-35 mph","Unknown Injury","Unknown/Missing",NA,NA,"No","24JAN2007","Wednesday","Motorist Overtaking Bicyclist",11,"Non-Intersection","January","B: Evident Injury",43080,"Motorist Overtaking - Other / Unknown",2007,"Yes","Yes","Dark - Roadway Not Lighted","Straight - Level","US Route","Dry","Two-Way, Divided, Unprotected Median","None","No Special Feature","Smooth Asphalt",0,0,0,0,0,0,0,"4 lanes",2,0,NA,0,NA
4909,6521,"Kinston","Lenoir","Coastal","Residential","Urban (>70% Developed)",NA,"Urban","20 - 25  MPH","Stop Sign","Clear","No",16,"16-19","No",NA,"With Traffic","C: Possible Injury","Travel Lane","Black","Male",NA,NA,"Missing",NA,"0-5 mph","Unknown Injury","Unknown/Missing",NA,NA,"No","27JAN2007","Saturday","Motorist Overtaking Bicyclist",0,"Intersection","January","C: Possible Injury",1320,"Motorist Overtaking - Undetected Bicyclist",2007,"Yes","Yes","Dark - Roadway Not Lighted","Straight - Level","Local Street","Dry","Two-Way, Not Divided","None","Four-Way Intersection","Coarse Asphalt",0,0,0,0,0,0,0,"4 lanes",2,0,NA,0,NA
4910,6523,"Durham","Durham","Piedmont","Residential","Urban (>70% Developed)",NA,"Urban","30 - 35  MPH","Stop Sign","Clear","No",18,"16-19","No",NA,NA,"C: Possible Injury","Travel Lane","Black","Female",40,"40-49","No",NA,"31-35 mph","O: No Injury","Black","Male","Passenger Car","No","02APR2007","Monday","Bicyclist Failed to Yield - Sign-Controlled Intersection",19,"Intersection","April","C: Possible Injury",69540,"Bicyclist Ride Through - Sign-Controlled Intersection",2007,"Yes","No","Daylight","Straight - Level","Local Street","Dry","Two-Way, Not Divided","None","No Special Feature","Smooth Asphalt",0,0,0,0,0,0,0,"2 lanes",2,0,NA,0,NA
4911,6524,"None - Rural Crash","Jones","Coastal","Farms, Woods, Pastures","Rural (<30% Developed)",NA,"Rural","50 - 55  MPH","No Control Present","Clear","No",38,"30-39","No",NA,"With Traffic","C: Possible Injury","Travel Lane","White","Male",38,"30-39","No",NA,"51-55 mph","O: No Injury","White","Male","Pickup","No","29JAN2007","Monday","Motorist Overtaking Bicyclist",15,"Non-Intersection","January","C: Possible Injury",56700,"Motorist Overtaking - Other / Unknown",2007,"Yes","No","Daylight","Straight - Level","US Route","Dry","Two-Way, Not Divided","None","No Special Feature","Smooth Asphalt",0,0,0,0,0,0,0,"2 lanes",2,0,NA,0,NA
4912,6526,"Eden","Rockingham","Piedmont","Commercial","Urban (>70% Developed)",NA,"Urban","20 - 25  MPH","Stop Sign","Clear","No",11,"11-15","No",NA,NA,"A: Disabling Injury","Travel Lane","Black","Female",45,"40-49","No",NA,"21-25 mph","O: No Injury","White","Female","Passenger Car","No","05APR2007","Thursday","Bicyclist Failed to Yield - Sign-Controlled Intersection",18,"Intersection","April","A: Disabling Injury",65820,"Bicyclist Ride Through - Sign-Controlled Intersection",2007,"Yes","No","Daylight","Straight - Level","Local Street","Dry","Two-Way, Not Divided","None","Four-Way Intersection","Smooth Asphalt",0,0,0,0,0,0,0,"2 lanes",2,0,NA,0,NA
4913,6529,"Durham","Durham","Piedmont","Residential","Urban (>70% Developed)",NA,"Urban",NA,"Stop Sign","Cloudy","No",7,"6-10","No",NA,"With Traffic","C: Possible Injury","Travel Lane","Black","Male",NA,NA,"Missing",NA,NA,"Unknown Injury","Unknown/Missing",NA,"Passenger Car","No","14APR2007","Saturday","Motorist Right Turn / Merge",19,"Intersection","April","C: Possible Injury",68640,"Motorist Right Turn - Same Direction",2007,"Yes","Yes","Daylight","Straight - Grade","Local Street","Dry","Two-Way, Not Divided","None","Four-Way Intersection","Smooth Asphalt",0,0,0,0,0,0,0,"2 lanes",2,0,NA,0,NA
4914,6530,"Morganton","Burke","Mountains","Residential","Mixed (30% To 70% Developed)",NA,"Urban","30 - 35  MPH","Stop Sign","Clear","No",6,"6-10","No",NA,"Facing Traffic","B: Evident Injury","Travel Lane","White","Male",17,"0-19","No",NA,"26-30 mph","O: No Injury","White","Female","Passenger Car","No","07FEB2007","Wednesday","Bicyclist Failed to Yield - Sign-Controlled Intersection",16,"Intersection","February","B: Evident Injury",60720,"Bicyclist Ride Out - Sign-Controlled Intersection",2007,"Yes","No","Daylight","Straight - Level","Local Street","Dry","Two-Way, Not Divided","None","No Special Feature","Smooth Asphalt",0,0,0,0,0,0,0,"6 lanes",2,0,NA,0,NA
4915,6543,"None - Rural Crash","New Hanover","Coastal","Farms, Woods, Pastures","Rural (<30% Developed)",NA,"Rural","50 - 55  MPH","No Control Present","Clear","No",19,"16-19","No",NA,"With Traffic","B: Evident Injury","Travel Lane","White","Male",36,"30-39","No",NA,"46-50 mph","O: No Injury","White","Female","Light Truck (Mini-Van, Panel)","No","20FEB2007","Tuesday","Motorist Overtaking Bicyclist",7,"Non-Intersection","February","B: Evident Injury",28200,"Motorist Overtaking - Other / Unknown",2007,"Yes","No","Daylight","Straight - Level","State Secondary Route","Dry","Two-Way, Not Divided","None","No Special Feature","Coarse Asphalt",0,0,0,0,0,0,0,"2 lanes",2,0,NA,0,NA
4916,6547,"None - Rural Crash","Mcdowell","Mountains","Farms, Woods, Pastures","Rural (<30% Developed)",NA,"Rural","50 - 55  MPH","No Control Present","Clear","No",53,"50-59","No",NA,"With Traffic","B: Evident Injury","Travel Lane","White","Male",28,"25-29","Yes",NA,"21-25 mph","O: No Injury","White","Male","Single Unit Truck (2-Axle, 6-Tire)","Yes","22JAN2007","Monday","Head-On",16,"Non-Intersection","January","B: Evident Injury",58200,"Head-On - Motorist",2007,"Yes","No","Daylight","Curve - Grade","State Secondary Route","Sand, Mud, Dirt, Gravel","Two-Way, Not Divided","None","Y-Intersection","Gravel",0,0,0,0,0,0,0,"2 lanes",2,0,NA,0,NA
4917,6548,"Raleigh","Wake","Piedmont","Residential","Mixed (30% To 70% Developed)",NA,"Urban","30 - 35  MPH","No Control Present","Clear","No",12,"11-15","No",NA,"Facing Traffic","B: Evident Injury","Sidewalk / Crosswalk / Driveway Crossing","Black","Male",58,"50-59","No",NA,"0-5 mph","O: No Injury","White","Male","Sport Utility","No","20FEB2007","Tuesday","Crossing Paths - Other Circumstances",19,"Intersection","February","B: Evident Injury",70980,"Crossing Paths - Intersection - Other / Unknown",2007,"No","No","Dark - Lighted Roadway","Straight - Level","Local Street","Dry","Two-Way, Not Divided","None","T-Intersection","Coarse Asphalt",0,0,0,0,0,0,0,"2 lanes",2,0,NA,0,NA
4918,6549,"Rocky Mount","Nash","Coastal","Residential","Urban (>70% Developed)",NA,"Urban","30 - 35  MPH","Stop Sign","Clear","No",17,"16-19","No",NA,"With Traffic","B: Evident Injury","Travel Lane","White","Male",50,"50-59","No",NA,"21-25 mph","O: No Injury","Black","Female","Passenger Car","No","22FEB2007","Thursday","Bicyclist Failed to Yield - Sign-Controlled Intersection",14,"Intersection","February","B: Evident Injury",52500,"Bicyclist Ride Through - Sign-Controlled Intersection",2007,"Yes","No","Daylight","Straight - Grade","Local Street","Dry","Two-Way, Not Divided","None","T-Intersection","Coarse Asphalt",0,0,0,0,0,0,0,"2 lanes",2,0,NA,0,NA
4919,6553,"Washington","Beaufort","Coastal","Residential","Urban (>70% Developed)",NA,"Urban","30 - 35  MPH","No Control Present","Clear","No",15,"11-15","No",NA,"With Traffic","C: Possible Injury","Sidewalk / Crosswalk / Driveway Crossing","Black","Male",54,"50-59","No",NA,"21-25 mph","O: No Injury","White","Female","Passenger Car","No","23FEB2007","Friday","Parallel Paths - Other Circumstances",14,"Intersection-Related","February","C: Possible Injury",52920,"Bicyclist Ride Out - Parallel Path",2007,"Yes","No","Daylight","Straight - Level","Local Street","Dry","Two-Way, Not Divided","None","No Special Feature","Coarse Asphalt",0,0,0,0,0,0,0,"2 lanes",2,0,NA,0,NA
4920,6555,"Fayetteville","Cumberland","Coastal","Commercial","Urban (>70% Developed)",NA,"Urban","50 - 55  MPH","Stop And Go Signal","Clear","No",15,"11-15","No",NA,"Not Applicable","C: Possible Injury",NA,"Black","Male",34,"30-39","No",NA,"31-35 mph","O: No Injury","White","Male","Pickup","No","24FEB2007","Saturday","Crossing Paths - Other Circumstances",16,"Intersection-Related","February","C: Possible Injury",58740,"Crossing Paths - Intersection - Other / Unknown",2007,"No","No","Daylight","Straight - Level","Local Street","Dry","Two-Way, Divided, Unprotected Median","None","Four-Way Intersection","Smooth Asphalt",0,0,0,0,0,0,0,"4 lanes",2,0,NA,0,NA
4921,6561,"Fayetteville","Cumberland","Coastal","Commercial","Urban (>70% Developed)",NA,"Urban",NA,"No Control Present","Clear","No",46,"40-49","No",NA,"With Traffic","C: Possible Injury","Travel Lane","Black","Male",NA,NA,"Missing",NA,NA,"Unknown Injury","Unknown/Missing",NA,NA,"No","23FEB2007","Friday","Bicyclist Failed to Yield - Midblock",18,"Non-Intersection","February","C: Possible Injury",66960,"Bicyclist Ride Out - Commercial Driveway / Alley",2007,"No","Yes","Daylight","Straight - Level","Local Street","Dry","Two-Way, Not Divided","None","No Special Feature","Coarse Asphalt",0,0,0,0,0,0,0,"4 lanes",2,0,NA,0,NA
4922,6563,"Wilson","Wilson","Coastal","Residential","Urban (>70% Developed)",NA,"Urban","30 - 35  MPH","Stop And Go Signal","Clear","No",53,"50-59","No",NA,"With Traffic","B: Evident Injury","Sidewalk / Crosswalk / Driveway Crossing","Black","Female",61,"60-69","No",NA,"0-5 mph","C: Possible Injury","Black","Male","Pickup","No","27FEB2007","Tuesday","Motorist Failed to Yield - Signalized Intersection",7,"Intersection","February","B: Evident Injury",26460,"Motorist Drive Through - Signalized Intersection",2007,"Yes","No","Dawn","Straight - Level","Local Street","Dry","Two-Way, Divided, Unprotected Median","None","Four-Way Intersection","Coarse Asphalt",0,0,0,0,0,0,0,"4 lanes",2,0,NA,0,NA
4923,6564,"Charlotte","Mecklenburg","Piedmont","Residential","Urban (>70% Developed)",NA,"Urban","30 - 35  MPH","No Control Present","Cloudy","No",61,"60-69","No",NA,"With Traffic","A: Disabling Injury","Travel Lane","Black","Male",64,"60-69","No",NA,"11-15 mph","O: No Injury","Black","Male","Passenger Car","No","01MAR2007","Thursday","Motorist Right Turn / Merge",16,"Non-Intersection","March","A: Disabling Injury",60900,"Motorist Right Turn - Same Direction",2007,"Yes","No","Daylight","Straight - Grade","Local Street","Wet","Two-Way, Not Divided","None","No Special Feature","Smooth Asphalt",0,0,0,0,0,0,0,"2 lanes",2,0,NA,0,NA