"...1","object_id","city","county","region","development","locality","on_road","rural_urban","speed_limit","traffic_control","weather","workzone","bike_age","bike_age_group","bike_alcohol","bike_alcohol_drugs","bike_direction","bike_injury","bike_position","bike_race","bike_sex","driver_age","driver_age_group","driver_alcohol","driver_alcohol_drugs","driver_est_speed","driver_injury","driver_race","driver_sex","driver_vehicle_type","crash_alcohol","crash_date","crash_day","crash_group","crash_hour","crash_location","crash_month","crash_severity","crash_time","crash_type","crash_year","ambulance_req","hit_run","light_condition","road_character","road_class","road_condition","road_configuration","road_defects","road_feature","road_surface","num_bikes_ai","num_bikes_bi","num_bikes_ci","num_bikes_ki","num_bikes_no","num_bikes_to","num_bikes_ui","num_lanes","num_units","distance_mi_from","frm_road","rte_invd_cd","towrd_road"
4924,6570,"Charlotte","Mecklenburg","Piedmont","Residential","Urban (>70% Developed)",NA,"Urban","20 - 25  MPH","Stop Sign","Clear","No",37,"30-39","No",NA,"With Traffic","B: Evident Injury","Travel Lane","White","Male",27,"25-29","No",NA,"11-15 mph","O: No Injury","White","Female","Passenger Car","No","06MAR2007","Tuesday","Head-On",7,"Intersection","March","B: Evident Injury",28740,"Head-On - Motorist",2007,"Yes","No","Daylight","Straight - Level","Local Street","Dry","Two-Way, Not Divided","None","T-Intersection","Smooth Asphalt",0,0,0,0,0,0,0,"2 lanes",2,0,NA,0,NA
4925,6571,"Beaufort","Carteret","Coastal","Commercial","Urban (>70% Developed)",NA,"Rural","30 - 35  MPH","Stop And Go Signal","Cloudy","No",45,"40-49","Yes",NA,"With Traffic","B: Evident Injury","Sidewalk / Crosswalk / Driveway Crossing","White","Male",66,"60-69","No",NA,"31-35 mph","O: No Injury","White","Male","Pickup","Yes","17MAY2007","Thursday","Loss of Control / Turning Error",15,"Intersection","May","B: Evident Injury",57000,"Bicylist Lost Control - Alcohol / Drug Impairment",2007,"Yes","No","Daylight","Straight - Level","US Route","Wet","Two-Way, Not Divided","None","Four-Way Intersection","Smooth Asphalt",0,0,0,0,0,0,0,"4 lanes",2,0,NA,0,NA
4926,6573,"Charlotte","Mecklenburg","Piedmont","Residential","Urban (>70% Developed)",NA,"Urban","30 - 35  MPH","Stop Sign","Clear","No",6,"6-10","No",NA,"With Traffic","B: Evident Injury","Travel Lane","Black","Male",32,"30-39","No",NA,"11-15 mph","O: No Injury","Black","Female","Passenger Car","No","07MAR2007","Wednesday","Bicyclist Failed to Yield - Sign-Controlled Intersection",17,"Intersection","March","B: Evident Injury",62220,"Bicyclist Ride Through - Sign-Controlled Intersection",2007,"Yes","No","Daylight","Curve - Grade","Local Street","Dry","Two-Way, Divided, Unprotected Median","None","T-Intersection","Smooth Asphalt",0,0,0,0,0,0,0,"2 lanes",2,0,NA,0,NA
4927,6594,"Cary","Wake","Piedmont","Commercial","Urban (>70% Developed)",NA,"Urban","40 - 45  MPH","Stop And Go Signal","Clear","No",15,"11-15","No",NA,NA,"B: Evident Injury","Sidewalk / Crosswalk / Driveway Crossing","Black","Male",22,"20-24","No",NA,"0-5 mph","O: No Injury","White","Female","Passenger Car","No","11MAY2007","Friday","Motorist Failed to Yield - Signalized Intersection",15,"Intersection","May","B: Evident Injury",55020,"Motorist Drive Out - Right Turn on Red",2007,"Yes","No","Daylight","Straight - Level","State Secondary Route","Dry","Two-Way, Divided, Unprotected Median","None","Four-Way Intersection","Smooth Asphalt",0,0,0,0,0,0,0,"4 lanes",2,0,NA,0,NA
4928,6595,"Charlotte","Mecklenburg","Piedmont","Commercial","Urban (>70% Developed)",NA,"Urban","30 - 35  MPH","Flashing Signal Without Stop Sign","Clear","No",46,"40-49","No",NA,"With Traffic","O: No Injury","Travel Lane","White","Male",29,"25-29","No",NA,"11-15 mph","O: No Injury","Black","Female","Passenger Car","No","01JUN2007","Friday","Motorist Failed to Yield - Signalized Intersection",22,"Intersection","June","O: No Injury",82260,"Motorist Drive Out - Right Turn on Red",2007,"No","No","Dark - Lighted Roadway","Straight - Level","Local Street","Dry","Two-Way, Divided, Unprotected Median","None","No Special Feature","Smooth Asphalt",0,0,0,0,0,0,0,"4 lanes",2,0,NA,0,NA
4929,6600,"Raleigh","Wake","Piedmont","Commercial","Urban (>70% Developed)",NA,"Urban","30 - 35  MPH","Stop And Go Signal","Clear","No",65,"60-69","No",NA,"Facing Traffic","O: No Injury","Sidewalk / Crosswalk / Driveway Crossing","White","Male",41,"40-49","No",NA,"0-5 mph","O: No Injury","White","Female","Passenger Car","No","18MAR2007","Sunday","Motorist Failed to Yield - Signalized Intersection",12,"Intersection","March","O: No Injury",43740,"Motorist Drive Out - Right Turn on Red",2007,"No","No","Daylight","Straight - Level","Local Street","Dry","Two-Way, Not Divided","None","Four-Way Intersection","Smooth Asphalt",0,0,0,0,0,0,0,"9 or more lanes",2,0,NA,0,NA
4930,6606,"Matthews","Mecklenburg","Piedmont","Residential","Urban (>70% Developed)",NA,"Urban","20 - 25  MPH","Stop Sign","Clear","No",10,"6-10","No",NA,NA,"B: Evident Injury","Travel Lane","White","Male",18,"0-19","No",NA,"21-25 mph","O: No Injury","White","Male","Passenger Car","No","20MAR2007","Tuesday","Bicyclist Failed to Yield - Sign-Controlled Intersection",16,"Intersection","March","B: Evident Injury",59640,"Bicyclist Ride Through - Sign-Controlled Intersection",2007,"Yes","No","Daylight","Straight - Bottom","Local Street","Dry","Two-Way, Not Divided","None","T-Intersection","Coarse Asphalt",0,0,0,0,0,0,0,"2 lanes",2,0,NA,0,NA
4931,6608,"Jacksonville","Onslow","Coastal","Commercial","Urban (>70% Developed)",NA,"Urban","50 - 55  MPH","No Control Present","Clear","No",19,"16-19","No",NA,"With Traffic","K: Killed","Travel Lane","White","Male",36,"30-39","No",NA,"51-55 mph","O: No Injury","White","Male","Pickup","No","22MAR2007","Thursday","Motorist Overtaking Bicyclist",0,"Non-Intersection","March","K: Killed",900,"Motorist Overtaking - Undetected Bicyclist",2007,"Yes","No","Dark - Roadway Not Lighted","Straight - Level","US Route","Dry","One-Way, Not Divided","None","Bridge","Smooth Asphalt",0,0,0,0,0,0,0,"2 lanes",2,0,NA,0,NA
4932,6609,"None - Rural Crash","Burke","Mountains","Residential","Rural (<30% Developed)",NA,"Rural","30 - 35  MPH","Double Yellow Line, No Passing Zone","Clear","No",16,"16-19","No",NA,"With Traffic","K: Killed","Travel Lane","White","Male",50,"50-59","No",NA,"26-30 mph","O: No Injury","White","Male","Pickup","No","23MAR2007","Friday","Head-On",16,"Non-Intersection","March","K: Killed",59820,"Head-On - Bicyclist",2007,"Yes","No","Daylight","Curve - Grade","State Secondary Route","Dry","Two-Way, Not Divided","None","No Special Feature","Smooth Asphalt",0,0,0,0,0,0,0,"2 lanes",2,0,NA,0,NA
4933,6617,"Wilmington","New Hanover","Coastal","Residential","Urban (>70% Developed)",NA,"Urban","30 - 35  MPH","No Control Present","Clear","No",33,"30-39","No",NA,"Facing Traffic","B: Evident Injury","Travel Lane","White","Male",48,"40-49","No",NA,"26-30 mph","O: No Injury","White","Male","Sport Utility","No","25MAR2007","Sunday","Head-On",15,"Non-Intersection","March","B: Evident Injury",57480,"Head-On - Bicyclist",2007,"No","No","Daylight","Straight - Level","Local Street","Dry","Two-Way, Not Divided","None","No Special Feature","Smooth Asphalt",0,0,0,0,0,0,0,"2 lanes",2,0,NA,0,NA
4934,6620,"None - Rural Crash","Durham","Piedmont","Commercial","Mixed (30% To 70% Developed)",NA,"Rural","40 - 45  MPH","Double Yellow Line, No Passing Zone","Cloudy","No",51,"50-59","No",NA,"With Traffic","B: Evident Injury","Travel Lane","White","Male",37,"30-39","No",NA,"21-25 mph","O: No Injury","Black","Male","Passenger Car","No","27MAR2007","Tuesday","Bicyclist Left Turn / Merge",12,"Intersection-Related","March","B: Evident Injury",45300,"Bicyclist Left Turn - Same Direction",2007,"Yes","No","Daylight","Curve - Grade","State Secondary Route","Dry","Two-Way, Not Divided","None","T-Intersection","Smooth Asphalt",0,0,0,0,0,0,0,"2 lanes",2,0,NA,0,NA
4935,6626,"None - Rural Crash","Yadkin","Mountains","Farms, Woods, Pastures","Rural (<30% Developed)",NA,"Rural","50 - 55  MPH","No Control Present","Clear","No",37,"30-39","No",NA,"With Traffic","B: Evident Injury","Travel Lane","White","Male",33,"30-39","No",NA,"41-45 mph","O: No Injury","White","Female","Passenger Car","No","27MAR2007","Tuesday","Motorist Overtaking Bicyclist",16,"Non-Intersection","March","B: Evident Injury",59700,"Motorist Overtaking - Other / Unknown",2007,"Yes","No","Daylight","Straight - Level","State Secondary Route","Dry","Two-Way, Not Divided","None","No Special Feature","Smooth Asphalt",0,0,0,0,0,0,0,"2 lanes",2,0,NA,0,NA
4936,6632,"Raleigh","Wake","Piedmont","Commercial","Urban (>70% Developed)",NA,"Urban","40 - 45  MPH","Stop And Go Signal","Clear","No",14,"11-15","No",NA,"Facing Traffic","O: No Injury",NA,"Black","Male",33,"30-39","No",NA,"0-5 mph","O: No Injury","White","Female","Sport Utility","No","29MAR2007","Thursday","Bicyclist Failed to Yield - Signalized Intersection",19,"Intersection-Related","March","O: No Injury",70440,"Bicyclist Ride Out - Signalized  Intersection",2007,"No","No","Dusk","Straight - Level","Local Street","Dry","Two-Way, Divided, Unprotected Median","None","No Special Feature","Coarse Asphalt",0,0,0,0,0,0,0,"7 lanes",2,0,NA,0,NA
4937,6640,"Fayetteville","Cumberland","Coastal","Residential","Urban (>70% Developed)",NA,"Urban","30 - 35  MPH","Stop Sign","Clear","No",13,"11-15","No",NA,"Facing Traffic","B: Evident Injury","Travel Lane","White","Female",69,"60-69","No",NA,NA,"O: No Injury","Black","Male","Passenger Car","No","01APR2007","Sunday","Bicyclist Failed to Yield - Sign-Controlled Intersection",16,"Intersection","April","B: Evident Injury",60120,"Bicyclist Ride Through - Sign-Controlled Intersection",2007,"Yes","No","Daylight","Straight - Bottom","Local Street","Dry","Two-Way, Not Divided","None","T-Intersection","Grooved Concrete",0,0,0,0,0,0,0,"2 lanes",2,0,NA,0,NA
4938,6645,"Charlotte","Mecklenburg","Piedmont","Commercial","Urban (>70% Developed)",NA,"Urban","30 - 35  MPH","No Control Present","Clear","No",51,"50-59","No",NA,"With Traffic","B: Evident Injury","Travel Lane","Black","Male",55,"50-59","No",NA,"16-20 mph","O: No Injury","Black","Male","Pickup","No","25JUN2007","Monday","Motorist Overtaking Bicyclist",8,"Non-Intersection","June","B: Evident Injury",31080,"Motorist Overtaking - Misjudged Space",2007,"Yes","No","Daylight","Straight - Level","Local Street","Dry","Two-Way, Not Divided","None","No Special Feature","Smooth Asphalt",0,0,0,0,0,0,0,"3 lanes",2,0,NA,0,NA
4939,6653,"Winston-Salem","Forsyth","Piedmont","Residential","Urban (>70% Developed)",NA,"Urban","20 - 25  MPH","No Control Present","Clear","No",7,"6-10","No",NA,"Not Applicable","C: Possible Injury","Non-Roadway","Black","Male",30,"30-39","No",NA,"21-25 mph","O: No Injury","Black","Female","Passenger Car","No","04APR2007","Wednesday","Bicyclist Failed to Yield - Midblock",18,"Non-Intersection","April","C: Possible Injury",65340,"Bicyclist Ride Out - Other Midblock",2007,"Yes","No","Daylight","Straight - Level","Local Street","Dry","Two-Way, Divided, Unprotected Median","None","No Special Feature","Smooth Asphalt",0,0,0,0,0,0,0,NA,2,0,NA,0,NA
4940,6655,"Statesville","Iredell","Piedmont","Residential","Urban (>70% Developed)",NA,"Urban","30 - 35  MPH","No Control Present","Clear","No",65,"60-69","Yes",NA,NA,"C: Possible Injury",NA,"Black","Male",NA,"70+","No",NA,"26-30 mph","O: No Injury","White","Male","Pickup","Yes","05APR2007","Thursday","Bicyclist Failed to Yield - Sign-Controlled Intersection",12,"Intersection-Related","April","C: Possible Injury",44760,"Bicyclist Ride Out - Sign-Controlled Intersection",2007,"Yes","No","Daylight","Straight - Hillcrest","Local Street","Dry","Two-Way, Not Divided","None","No Special Feature","Smooth Asphalt",0,0,0,0,0,0,0,"4 lanes",2,0,NA,0,NA
4941,6663,"Durham","Durham","Piedmont","Commercial","Urban (>70% Developed)",NA,"Urban","30 - 35  MPH","Stop And Go Signal","Clear","No",30,"30-39","No",NA,"Facing Traffic","C: Possible Injury","Sidewalk / Crosswalk / Driveway Crossing","White","Male",NA,NA,"No",NA,"0-5 mph","Unknown Injury","Unknown/Missing",NA,"Passenger Car","No","27JUN2007","Wednesday","Motorist Right Turn / Merge",10,"Intersection","June","C: Possible Injury",39000,"Motorist Right Turn - Opposite Direction",2007,"No","Yes","Daylight","Straight - Level","Local Street","Dry","Two-Way, Not Divided","None","Four-Way Intersection","Smooth Asphalt",0,0,0,0,0,0,0,"5 lanes",2,0,NA,0,NA
4942,6667,"Kinston","Lenoir","Coastal","Commercial","Urban (>70% Developed)",NA,"Urban","40 - 45  MPH","No Control Present","Clear","No",12,"11-15","No",NA,"With Traffic","B: Evident Injury","Travel Lane","Black","Male",40,"40-49","No",NA,"26-30 mph","O: No Injury","White","Female","Passenger Car","No","02JUL2007","Monday","Bicyclist Right Turn / Merge",20,"Non-Intersection","July","B: Evident Injury",73380,"Bicyclist Right Turn - Same Direction",2007,"Yes","No","Dusk","Straight - Level","US Route","Dry","Two-Way, Divided, Unprotected Median","None","No Special Feature","Smooth Asphalt",0,0,0,0,0,0,0,"5 lanes",2,0,NA,0,NA
4943,6668,"Raleigh","Wake","Piedmont","Residential","Urban (>70% Developed)",NA,"Urban","30 - 35  MPH","Stop Sign","Clear","No",8,"6-10","No",NA,"With Traffic","B: Evident Injury","Travel Lane","Hispanic","Male",41,"40-49","No",NA,"26-30 mph","O: No Injury","Black","Female","Passenger Car","No","10APR2007","Tuesday","Bicyclist Left Turn / Merge",17,"Intersection-Related","April","B: Evident Injury",63840,"Bicyclist Left Turn - Opposite Direction",2007,"Yes","No","Daylight","Straight - Level","Local Street","Dry","Two-Way, Not Divided","None","Four-Way Intersection","Coarse Asphalt",0,0,0,0,0,0,0,"2 lanes",2,0,NA,0,NA
4944,6672,"Burlington","Alamance","Piedmont","Commercial","Urban (>70% Developed)",NA,"Urban","40 - 45  MPH","Stop Sign","Clear","No",35,"30-39","No",NA,"Facing Traffic","C: Possible Injury","Travel Lane","White","Female",32,"30-39","No",NA,"0-5 mph","O: No Injury","Black","Female","Sport Utility","No","12APR2007","Thursday","Motorist Failed to Yield - Sign-Controlled Intersection",13,"Intersection","April","C: Possible Injury",49500,"Motorist Drive Out - Sign-Controlled Intersection",2007,"Yes","No","Daylight","Straight - Grade","Local Street","Dry","Two-Way, Not Divided","None","T-Intersection","Smooth Asphalt",0,0,0,0,0,0,0,"5 lanes",2,0,NA,0,NA
4945,6674,"Wilson","Wilson","Coastal","Commercial","Urban (>70% Developed)",NA,"Urban","40 - 45  MPH","No Control Present","Cloudy","No",20,"20-24","No",NA,"Not Applicable","C: Possible Injury",NA,"Black","Female",60,"60-69","No",NA,"26-30 mph","O: No Injury","Black","Male","Passenger Car","No","11APR2007","Wednesday","Bicyclist Failed to Yield - Midblock",10,"Non-Intersection","April","C: Possible Injury",39000,"Bicyclist Ride Out - Midblock - Unknown",2007,"No","No","Daylight","Straight - Level","US Route","Wet","Two-Way, Divided, Unprotected Median","None","No Special Feature","Coarse Asphalt",0,0,0,0,0,0,0,"2 lanes",2,0,NA,0,NA
4946,6675,"None - Rural Crash","Caldwell","Mountains","Farms, Woods, Pastures","Rural (<30% Developed)",NA,"Rural","50 - 55  MPH","No Control Present","Fog, Smog, Smoke","No",46,"40-49","No",NA,"With Traffic","K: Killed","Travel Lane","White","Male",19,"0-19","No",NA,"56-60 mph","O: No Injury","White","Male","Sport Utility","No","12APR2007","Thursday","Motorist Overtaking Bicyclist",5,"Non-Intersection","April","K: Killed",19800,"Motorist Overtaking - Undetected Bicyclist",2007,"Yes","No","Dark - Roadway Not Lighted","Straight - Level","US Route","Wet","Two-Way, Divided, Unprotected Median","None","No Special Feature","Smooth Asphalt",0,0,0,0,0,0,0,"4 lanes",2,0,NA,0,NA
4947,6677,"Emerald Isle","Carteret","Coastal","Residential","Urban (>70% Developed)",NA,"Rural","20 - 25  MPH","Stop Sign","Clear","No",11,"11-15","No",NA,NA,"B: Evident Injury","Travel Lane","White","Female",33,"30-39","No",NA,"21-25 mph","O: No Injury","White","Male","Van","No","13APR2007","Friday","Bicyclist Failed to Yield - Sign-Controlled Intersection",14,"Intersection","April","B: Evident Injury",51600,"Bicyclist Ride Through - Sign-Controlled Intersection",2007,"No","No","Daylight","Straight - Grade","Local Street","Dry","Two-Way, Not Divided","None","T-Intersection","Coarse Asphalt",0,0,0,0,0,0,0,"4 lanes",2,0,NA,0,NA
4948,6681,"North Wilkesboro","Wilkes","Mountains","Farms, Woods, Pastures","Urban (>70% Developed)",NA,"Rural","30 - 35  MPH","Stop And Go Signal","Clear","No",45,"40-49","No",NA,"With Traffic","C: Possible Injury","Travel Lane","White","Male",NA,"70+","No",NA,"0-5 mph","O: No Injury","White","Female","Passenger Car","No","13APR2007","Friday","Crossing Paths - Other Circumstances",1,"Intersection","April","C: Possible Injury",5160,"Signalized Intersection - Other / Unknown",2007,"Yes","No","Dark - Roadway Not Lighted","Curve - Level","NC Route","Dry","Two-Way, Not Divided","None","Four-Way Intersection","Smooth Asphalt",0,0,0,0,0,0,0,"4 lanes",2,0,NA,0,NA
4949,6682,"Carrboro","Orange","Piedmont","Commercial","Urban (>70% Developed)",NA,"Urban","20 - 25  MPH","No Control Present","Clear","No",29,"25-29","No",NA,"With Traffic","O: No Injury",NA,"White","Male",22,"20-24","No",NA,"31-35 mph","O: No Injury","Black","Male",NA,"No","10APR2007","Tuesday","Motorist Right Turn / Merge",15,"Intersection","April","O: No Injury",54540,"Motorist Right Turn - Same Direction",2007,"No","Yes","Daylight","Straight - Level","Local Street","Dry","Two-Way, Not Divided","None","No Special Feature","Coarse Asphalt",0,0,0,0,0,0,0,"4 lanes",2,0,NA,0,NA
4950,6701,"None - Rural Crash","Sampson","Coastal","Farms, Woods, Pastures","Rural (<30% Developed)",NA,"Rural","50 - 55  MPH","Double Yellow Line, No Passing Zone","Clear","No",NA,NA,"Missing",NA,"Facing Traffic","Unknown Injury","Travel Lane","Unknown/Missing",NA,35,"30-39","No",NA,"51-55 mph","O: No Injury","White","Female","Passenger Car","No","21APR2007","Saturday","Bicyclist Right Turn / Merge",17,"Non-Intersection","April","O: No Injury",63900,"Bicyclist Right Turn - Same Direction",2007,"No","No","Daylight","Straight - Level","State Secondary Route","Dry","Two-Way, Not Divided","None","No Special Feature","Coarse Asphalt",0,0,0,0,0,0,0,"2 lanes",2,0,NA,0,NA
4951,6705,"Durham","Durham","Piedmont","Commercial","Urban (>70% Developed)",NA,"Urban","5 - 15 MPH","No Control Present","Clear","No",18,"16-19","No",NA,NA,"B: Evident Injury","Non-Roadway","White","Male",32,"30-39","No",NA,"6-10 mph","O: No Injury","White","Female","Passenger Car","No","09JUL2007","Monday","Non-Roadway",12,"Non-Roadway","July","B: Evident Injury",43740,"Non-Roadway",2007,"Yes","No","Daylight","Curve - Level","Public Vehicular Area","Dry","Two-Way, Divided, Unprotected Median","None","Driveway, Public","Smooth Asphalt",0,0,0,0,0,0,0,"2 lanes",2,0,NA,0,NA
4952,6707,"Garner","Wake","Piedmont","Institutional","Urban (>70% Developed)",NA,"Urban","30 - 35  MPH","No Control Present","Clear","No",9,"6-10","No",NA,NA,"B: Evident Injury","Driveway / Alley","White","Male",36,"30-39","No",NA,"26-30 mph","O: No Injury","White","Female","Passenger Car","No","23APR2007","Monday","Bicyclist Failed to Yield - Midblock",17,"Non-Intersection","April","B: Evident Injury",63300,"Bicyclist Ride Out - Commercial Driveway / Alley",2007,"Yes","No","Daylight","Straight - Level","Local Street","Dry","Two-Way, Divided, Unprotected Median","None","T-Intersection","Smooth Asphalt",0,0,0,0,0,0,0,"2 lanes",2,0,NA,0,NA
4953,6710,"Hendersonville","Henderson","Mountains","Residential","Urban (>70% Developed)",NA,"Urban","30 - 35  MPH","No Control Present","Clear","No",24,"20-24","No",NA,"Not Applicable","O: No Injury","Non-Roadway","White","Male",54,"50-59","No",NA,"11-15 mph","O: No Injury","Black","Male","Pickup","No","24APR2007","Tuesday","Bicyclist Failed to Yield - Midblock",17,"Non-Intersection","April","O: No Injury",61380,"Bicyclist Ride Out - Commercial Driveway / Alley",2007,"No","No","Daylight","Straight - Level","Local Street","Dry","Two-Way, Not Divided","None","No Special Feature","Coarse Asphalt",0,0,0,0,0,0,0,"2 lanes",2,0,NA,0,NA
4954,6714,"Charlotte","Mecklenburg","Piedmont","Residential","Urban (>70% Developed)",NA,"Urban","40 - 45  MPH","No Control Present","Clear","No",NA,"70+","No",NA,"With Traffic","C: Possible Injury","Travel Lane","White","Male",21,"20-24","No",NA,"36-40 mph","O: No Injury","Hispanic","Female","Passenger Car","No","07JUL2007","Saturday","Bicyclist Left Turn / Merge",21,"Non-Intersection","July","C: Possible Injury",77400,"Bicyclist Left Turn - Same Direction",2007,"No","No","Daylight","Straight - Hillcrest","Local Street","Dry","Two-Way, Not Divided","None","No Special Feature","Smooth Asphalt",0,0,0,0,0,0,0,"2 lanes",2,0,NA,0,NA
4955,6715,"None - Rural Crash","Granville","Piedmont","Farms, Woods, Pastures","Rural (<30% Developed)",NA,"Rural","40 - 45  MPH","No Control Present","Clear","No",11,"11-15","No",NA,"Not Applicable","C: Possible Injury","Driveway / Alley","White","Male",NA,NA,"Missing",NA,NA,"Unknown Injury","Unknown/Missing",NA,NA,"No","25APR2007","Wednesday","Bicyclist Failed to Yield - Midblock",20,"Non-Intersection","April","C: Possible Injury",72600,"Bicyclist Ride Out - Residential Driveway",2007,"Yes","Yes","Dusk","Straight - Level","State Secondary Route","Dry","Two-Way, Not Divided","None","Driveway, Private","Smooth Asphalt",0,0,0,0,0,0,0,"2 lanes",2,0,NA,0,NA
4956,6717,"Morganton","Burke","Mountains","Commercial","Mixed (30% To 70% Developed)",NA,"Urban","5 - 15 MPH","No Control Present","Clear","No",10,"6-10","No",NA,NA,"C: Possible Injury","Non-Roadway","White","Male",67,"60-69","No",NA,"6-10 mph","O: No Injury","White","Female","Passenger Car","No","25APR2007","Wednesday","Non-Roadway",16,"Non-Roadway","April","C: Possible Injury",61020,"Non-Roadway",2007,"Yes","No","Daylight","Curve - Level","Public Vehicular Area","Dry","Two-Way, Not Divided","None","No Special Feature","Smooth Asphalt",0,0,0,0,0,0,0,"2 lanes",2,0,NA,0,NA
4957,6718,"Charlotte","Mecklenburg","Piedmont","Commercial","Urban (>70% Developed)",NA,"Urban","40 - 45  MPH","No Control Present","Clear","No",18,"16-19","No",NA,"Facing Traffic","C: Possible Injury","Travel Lane","Black","Female",46,"40-49","No",NA,"0-5 mph","O: No Injury","White","Male","Van","No","25APR2007","Wednesday","Motorist Failed to Yield - Midblock",15,"Non-Intersection","April","C: Possible Injury",56340,"Motorist Drive Out - Commercial Driveway / Alley",2007,"Yes","No","Daylight","Straight - Level","Local Street","Dry","Two-Way, Divided, Unprotected Median","None","No Special Feature","Smooth Asphalt",0,0,0,0,0,0,0,"4 lanes",2,0,NA,0,NA
4958,6722,"Charlotte","Mecklenburg","Piedmont","Residential","Urban (>70% Developed)",NA,"Urban","30 - 35  MPH","No Control Present","Clear","No",7,"6-10","No",NA,"Facing Traffic","C: Possible Injury","Travel Lane","Black","Female",41,"40-49","No",NA,"16-20 mph","O: No Injury","White","Male","Pickup","No","26APR2007","Thursday","Head-On",17,"Non-Intersection","April","C: Possible Injury",63900,"Head-On - Bicyclist",2007,"No","No","Daylight","Curve - Level","Local Street","Dry","Two-Way, Not Divided","None","No Special Feature","Smooth Asphalt",0,0,0,0,0,0,0,"2 lanes",2,0,NA,0,NA
4959,6725,"Charlotte","Mecklenburg","Piedmont","Residential","Urban (>70% Developed)",NA,"Urban","20 - 25  MPH","Stop Sign","Clear","No",26,"25-29","No",NA,"With Traffic","C: Possible Injury","Travel Lane","White","Male",57,"50-59","No",NA,"11-15 mph","O: No Injury","Black","Male","Passenger Car","No","26JUL2007","Thursday","Motorist Left Turn / Merge",21,"Intersection","July","C: Possible Injury",75780,"Motorist Left Turn - Opposite Direction",2007,"Yes","No","Dark - Lighted Roadway","Curve - Level","Local Street","Dry","Two-Way, Not Divided","None","T-Intersection","Smooth Asphalt",0,0,0,0,0,0,0,"2 lanes",2,0,NA,0,NA
4960,6736,"Raleigh","Wake","Piedmont","Residential","Urban (>70% Developed)",NA,"Urban","40 - 45  MPH","Stop Sign","Clear","No",NA,"70+","No",NA,"Facing Traffic","C: Possible Injury","Sidewalk / Crosswalk / Driveway Crossing","White","Male",43,"40-49","No",NA,NA,"O: No Injury","Other","Male","Sport Utility","No","30APR2007","Monday","Motorist Failed to Yield - Sign-Controlled Intersection",9,"Intersection","April","C: Possible Injury",33660,"Motorist Drive Out - Sign-Controlled Intersection",2007,"Yes","No","Daylight","Straight - Level","Local Street","Dry","Two-Way, Not Divided","None","T-Intersection","Smooth Asphalt",0,0,0,0,0,0,0,"5 lanes",2,0,NA,0,NA
4961,6742,"Charlotte","Mecklenburg","Piedmont","Commercial","Urban (>70% Developed)",NA,"Urban","40 - 45  MPH","Stop Sign","Clear","No",47,"40-49","No",NA,"Facing Traffic","O: No Injury","Sidewalk / Crosswalk / Driveway Crossing","White","Male",66,"60-69","No",NA,"0-5 mph","O: No Injury","White","Female","Passenger Car","No","27APR2007","Friday","Motorist Failed to Yield - Midblock",15,"Non-Intersection","April","O: No Injury",54120,"Motorist Drive Out - Commercial Driveway / Alley",2007,"No","No","Daylight","Straight - Level","Local Street","Dry","Two-Way, Divided, Unprotected Median","None","No Special Feature","Smooth Asphalt",0,0,0,0,0,0,0,"8 lanes",2,0,NA,0,NA
4962,6743,"None - Rural Crash","Brunswick","Coastal","Residential","Mixed (30% To 70% Developed)",NA,"Rural","40 - 45  MPH","No Control Present","Cloudy","No",15,"11-15","No",NA,"With Traffic","B: Evident Injury","Travel Lane","Black","Male",51,"50-59","No",NA,"41-45 mph","O: No Injury","White","Female","Passenger Car","No","05MAY2007","Saturday","Motorist Overtaking Bicyclist",22,"Non-Intersection","May","B: Evident Injury",81000,"Motorist Overtaking - Undetected Bicyclist",2007,"Yes","No","Dark - Roadway Not Lighted","Straight - Level","State Secondary Route","Wet","Two-Way, Not Divided","None","No Special Feature","Coarse Asphalt",0,0,0,0,0,0,0,"2 lanes",2,0,NA,0,NA
4963,6747,"Raleigh","Wake","Piedmont","Commercial","Urban (>70% Developed)",NA,"Urban","40 - 45  MPH","No Control Present","Clear","No",20,"20-24","No",NA,"With Traffic","C: Possible Injury","Travel Lane","White","Male",NA,NA,"Missing",NA,"21-25 mph","Unknown Injury","Unknown/Missing",NA,NA,"No","04MAY2007","Friday","Other / Unusual Circumstances",5,"Non-Intersection","May","C: Possible Injury",19020,"Motorist Intentionally Caused",2007,"No","Yes","Dawn","Straight - Level","Local Street","Dry","Two-Way, Divided, Unprotected Median","None","No Special Feature","Smooth Asphalt",0,0,0,0,0,0,0,"4 lanes",2,0,NA,0,NA
4964,6749,"Durham","Durham","Piedmont","Residential","Urban (>70% Developed)",NA,"Urban","30 - 35  MPH","Stop Sign","Clear","No",20,"20-24","No",NA,"With Traffic","B: Evident Injury","Travel Lane","Asian","Male",26,"25-29","No",NA,"0-5 mph","O: No Injury","Asian","Female","Passenger Car","No","01AUG2007","Wednesday","Motorist Failed to Yield - Sign-Controlled Intersection",10,"Intersection","August","B: Evident Injury",38940,"Motorist Drive Out - Sign-Controlled Intersection",2007,"Yes","No","Daylight","Straight - Grade","Local Street","Dry","Two-Way, Divided, Unprotected Median","None","T-Intersection","Coarse Asphalt",0,0,0,0,0,0,0,"2 lanes",2,0,NA,0,NA