"...1","object_id","city","county","region","development","locality","on_road","rural_urban","speed_limit","traffic_control","weather","workzone","bike_age","bike_age_group","bike_alcohol","bike_alcohol_drugs","bike_direction","bike_injury","bike_position","bike_race","bike_sex","driver_age","driver_age_group","driver_alcohol","driver_alcohol_drugs","driver_est_speed","driver_injury","driver_race","driver_sex","driver_vehicle_type","crash_alcohol","crash_date","crash_day","crash_group","crash_hour","crash_location","crash_month","crash_severity","crash_time","crash_type","crash_year","ambulance_req","hit_run","light_condition","road_character","road_class","road_condition","road_configuration","road_defects","road_feature","road_surface","num_bikes_ai","num_bikes_bi","num_bikes_ci","num_bikes_ki","num_bikes_no","num_bikes_to","num_bikes_ui","num_lanes","num_units","distance_mi_from","frm_road","rte_invd_cd","towrd_road"
4965,6751,"Charlotte","Mecklenburg","Piedmont","Residential","Urban (>70% Developed)",NA,"Urban","20 - 25  MPH","Stop Sign","Clear","No",8,"6-10","No",NA,"With Traffic","B: Evident Injury","Travel Lane","Black","Female",67,"60-69","No",NA,"16-20 mph","O: No Injury","Black","Male","Passenger Car","No","06AUG2007","Monday","Bicyclist Failed to Yield - Sign-Controlled Intersection",20,"Intersection","August","B: Evident Injury",75480,"Bicyclist Ride Through - Sign-Controlled Intersection",2007,"Yes","No","Dark - Lighted Roadway","Straight - Bottom","Local Street","Dry","Two-Way, Not Divided","None","No Special Feature","Smooth Asphalt",0,0,0,0,0,0,0,"2 lanes",2,0,NA,0,NA
4966,6760,"None - Rural Crash","Moore","Piedmont","Residential","Mixed (30% To 70% Developed)",NA,"Rural","50 - 55  MPH","Double Yellow Line, No Passing Zone","Clear","No",8,"6-10","No",NA,"With Traffic","B: Evident Injury","Bike Lane / Paved Shoulder","White","Male",29,"25-29","No",NA,"46-50 mph","O: No Injury","White","Male","Passenger Car","No","10MAY2007","Thursday","Motorist Overtaking Bicyclist",20,"Intersection","May","B: Evident Injury",74040,"Motorist Overtaking - Bicyclist Swerved",2007,"Yes","No","Dusk","Straight - Level","State Secondary Route","Dry","Two-Way, Not Divided","None","Driveway, Private","Smooth Asphalt",0,0,0,0,0,0,0,"2 lanes",2,0,NA,0,NA
4967,6765,"Monroe","Union","Piedmont","Commercial","Mixed (30% To 70% Developed)",NA,"Urban","40 - 45  MPH","No Control Present","Clear","No",24,"20-24","No",NA,"With Traffic","B: Evident Injury","Travel Lane","Hispanic","Male",43,"40-49","No",NA,"16-20 mph","O: No Injury","White","Female","Passenger Car","No","09AUG2007","Thursday","Motorist Left Turn / Merge",23,"Intersection","August","B: Evident Injury",84840,"Motorist Left Turn - Opposite Direction",2007,"Yes","No","Dark - Lighted Roadway","Straight - Level","Local Street","Dry","Two-Way, Not Divided","None","T-Intersection","Smooth Asphalt",0,0,0,0,0,0,0,"2 lanes",2,0,NA,0,NA
4968,6766,"None - Rural Crash","Pender","Coastal","Residential","Mixed (30% To 70% Developed)",NA,"Rural","40 - 45  MPH","No Control Present","Clear","No",13,"11-15","No",NA,"With Traffic","C: Possible Injury","Travel Lane","White","Male",20,"20-24","No",NA,"41-45 mph","O: No Injury","White","Male","Passenger Car","No","11MAY2007","Friday","Bicyclist Left Turn / Merge",16,"Intersection","May","C: Possible Injury",59100,"Bicyclist Left Turn - Opposite Direction",2007,"Yes","No","Daylight","Straight - Level","State Secondary Route","Dry","Two-Way, Not Divided","None","Four-Way Intersection","Smooth Asphalt",0,0,0,0,0,0,0,"2 lanes",2,0,NA,0,NA
4969,6769,"High Point","Guilford","Piedmont","Commercial","Urban (>70% Developed)",NA,"Urban","30 - 35  MPH","No Control Present","Clear","No",21,"20-24","No",NA,"Facing Traffic","A: Disabling Injury","Sidewalk / Crosswalk / Driveway Crossing","White","Male",22,"20-24","No",NA,"6-10 mph","O: No Injury","White","Female","Sport Utility","No","11MAY2007","Friday","Crossing Paths - Other Circumstances",22,"Intersection","May","A: Disabling Injury",80400,"Crossing Paths - Intersection - Other / Unknown",2007,"Yes","No","Dark - Lighted Roadway","Straight - Level","Local Street","Dry","Two-Way, Not Divided","None","On or Off Ramp","Smooth Asphalt",0,0,0,0,0,0,0,"4 lanes",2,0,NA,0,NA
4970,6770,"Kinston","Lenoir","Coastal","Commercial","Urban (>70% Developed)",NA,"Urban","30 - 35  MPH","No Control Present","Clear","No",42,"40-49","No",NA,"With Traffic","C: Possible Injury","Travel Lane","Black","Male",42,"40-49","No",NA,"11-15 mph","O: No Injury","Black","Male","Passenger Car","No","12MAY2007","Saturday","Motorist Overtaking Bicyclist",2,"Non-Intersection","May","C: Possible Injury",10260,"Motorist Overtaking - Undetected Bicyclist",2007,"Yes","No","Dark - Lighted Roadway","Straight - Level","Local Street","Dry","Two-Way, Not Divided","None","No Special Feature","Smooth Asphalt",0,0,0,0,0,0,0,"2 lanes",2,0,NA,0,NA
4971,6771,"Raleigh","Wake","Piedmont","Commercial","Urban (>70% Developed)",NA,"Urban","40 - 45  MPH","No Control Present","Clear","No",44,"40-49","No",NA,"With Traffic","B: Evident Injury","Travel Lane","Black","Male",NA,NA,"Missing",NA,"16-20 mph","Unknown Injury","Unknown/Missing",NA,NA,"No","12MAY2007","Saturday","Motorist Overtaking Bicyclist",5,"Non-Intersection","May","B: Evident Injury",18000,"Motorist Overtaking - Other / Unknown",2007,"Yes","Yes","Dark - Lighted Roadway","Straight - Level","Local Street","Dry","Two-Way, Divided, Positive Median Barrier","None","No Special Feature","Smooth Asphalt",0,0,0,0,0,0,0,"4 lanes",2,0,NA,0,NA
4972,6774,"Raleigh","Wake","Piedmont","Commercial","Urban (>70% Developed)",NA,"Urban","40 - 45  MPH","No Control Present","Clear","No",42,"40-49","No",NA,"Facing Traffic","C: Possible Injury","Travel Lane","Hispanic","Male",26,"25-29","No",NA,"0-5 mph","O: No Injury","White","Male","Sport Utility","No","13MAY2007","Sunday","Motorist Failed to Yield - Midblock",20,"Non-Intersection","May","C: Possible Injury",73560,"Motorist Drive Out - Commercial Driveway / Alley",2007,"Yes","No","Dark - Lighted Roadway","Straight - Level","Public Vehicular Area","Dry","One-Way, Not Divided","None","Driveway, Public","Smooth Asphalt",0,0,0,0,0,0,0,"3 lanes",2,0,NA,0,NA
4973,6779,"None - Rural Crash","Craven","Coastal","Farms, Woods, Pastures","Rural (<30% Developed)",NA,"Rural","50 - 55  MPH","No Control Present","Clear","No",47,"40-49","No",NA,"Facing Traffic","B: Evident Injury","Bike Lane / Paved Shoulder","White","Male",NA,NA,"Missing",NA,NA,"Unknown Injury","Unknown/Missing",NA,NA,"No","16MAY2007","Wednesday","Head-On",21,"Non-Intersection","May","B: Evident Injury",75600,"Head-On - Bicyclist",2007,"No","Yes","Dark - Roadway Not Lighted","Straight - Level","US Route","Dry","Two-Way, Not Divided","None","No Special Feature","Smooth Asphalt",0,0,0,0,0,0,0,"2 lanes",2,0,NA,0,NA
4974,6780,"None - Rural Crash","Henderson","Mountains","Residential","Mixed (30% To 70% Developed)",NA,"Rural",NA,"No Control Present","Clear","No",5,"0-5","No",NA,NA,"C: Possible Injury","Travel Lane","Hispanic","Male",48,"40-49","No",NA,"0-5 mph","O: No Injury","Hispanic","Female","Passenger Car","No","16MAY2007","Wednesday","Non-Roadway",18,"Non-Roadway","May","C: Possible Injury",66600,"Non-Roadway",2007,"Yes","No","Daylight","Straight - Level","Public Vehicular Area","Dry","Two-Way, Not Divided","None","Driveway, Public","Coarse Asphalt",0,0,0,0,0,0,0,"2 lanes",2,0,NA,0,NA
4975,6783,"Waynesville","Haywood","Mountains","Commercial","Urban (>70% Developed)",NA,"Urban",NA,"Stop And Go Signal","Cloudy","No",17,"16-19","No",NA,"Facing Traffic","B: Evident Injury","Sidewalk / Crosswalk / Driveway Crossing","White","Male",NA,"70+","No",NA,NA,"O: No Injury","Unknown/Missing","Male","Passenger Car","No","16MAY2007","Wednesday","Motorist Failed to Yield - Signalized Intersection",13,"Intersection","May","B: Evident Injury",47700,"Motorist Drive Out - Right Turn on Red",2007,"No","No","Daylight","Straight - Level","Local Street","Dry","Two-Way, Not Divided","None","T-Intersection","Smooth Asphalt",0,0,0,0,0,0,0,"2 lanes",2,0,NA,0,NA
4976,6784,"Charlotte","Mecklenburg","Piedmont","Commercial","Urban (>70% Developed)",NA,"Urban","30 - 35  MPH","Stop And Go Signal","Clear","No",47,"40-49","Yes",NA,"Facing Traffic","B: Evident Injury",NA,"White","Male",32,"30-39","No",NA,"31-35 mph","O: No Injury","Black","Male","Passenger Car","Yes","16MAY2007","Wednesday","Crossing Paths - Other Circumstances",22,"Intersection","May","B: Evident Injury",82260,"Signalized Intersection - Other / Unknown",2007,"Yes","No","Dark - Lighted Roadway","Straight - Level","Local Street","Dry","Two-Way, Divided, Unprotected Median","None","No Special Feature","Smooth Asphalt",0,0,0,0,0,0,0,"4 lanes",2,0,NA,0,NA
4977,6791,"Kill Devil Hills","Dare","Coastal","Commercial","Urban (>70% Developed)",NA,"Urban","20 - 25  MPH","Stop Sign","Clear","No",13,"11-15","No",NA,"Facing Traffic","C: Possible Injury","Travel Lane","White","Female",24,"20-24","No",NA,"0-5 mph","O: No Injury","White","Male","Pickup","No","19MAY2007","Saturday","Motorist Failed to Yield - Sign-Controlled Intersection",16,"Intersection","May","C: Possible Injury",58320,"Motorist Drive Out - Sign-Controlled Intersection",2007,"Yes","No","Daylight","Straight - Level","Local Street","Dry","Two-Way, Divided, Unprotected Median","None","T-Intersection","Coarse Asphalt",0,0,0,0,0,0,0,"2 lanes",2,0,NA,0,NA
4978,6792,"High Point","Guilford","Piedmont","Residential","Urban (>70% Developed)",NA,"Urban","20 - 25  MPH","No Control Present","Clear","No",18,"16-19","No",NA,"Not Applicable","C: Possible Injury","Non-Roadway","Black","Female",16,"0-19","No",NA,"11-15 mph","O: No Injury","Black","Female","Passenger Car","No","19MAY2007","Saturday","Bicyclist Failed to Yield - Midblock",19,"Non-Intersection","May","C: Possible Injury",70560,"Bicyclist Ride Out - Other Midblock",2007,"Yes","No","Daylight","Straight - Level","Local Street","Dry","Two-Way, Not Divided","None","No Special Feature","Smooth Asphalt",0,0,0,0,0,0,0,"2 lanes",2,0,NA,0,NA
4979,6802,"None - Rural Crash","Johnston","Coastal","Residential","Rural (<30% Developed)",NA,"Rural","5 - 15 MPH","No Control Present","Clear","No",7,"6-10","No",NA,NA,"C: Possible Injury","Travel Lane","Black","Female",22,"20-24","No",NA,"0-5 mph","O: No Injury","White","Female","Passenger Car","No","22MAY2007","Tuesday","Motorist Failed to Yield - Midblock",16,"Non-Intersection","May","C: Possible Injury",60300,"Motorist Drive Out - Residential Driveway",2007,"No","No","Daylight","Straight - Level","Local Street","Dry","Two-Way, Not Divided","None","Driveway, Public","Grooved Concrete",0,0,0,0,0,0,0,"2 lanes",2,0,NA,0,NA
4980,6809,"Cary","Wake","Piedmont","Commercial","Urban (>70% Developed)",NA,"Urban","5 - 15 MPH","No Control Present","Clear","No",25,"25-29","No",NA,"Facing Traffic","O: No Injury","Travel Lane","Black","Male",49,"40-49","No",NA,"6-10 mph","O: No Injury","White","Female","Light Truck (Mini-Van, Panel)","No","22AUG2007","Wednesday","Crossing Paths - Other Circumstances",16,"Intersection","August","O: No Injury",60600,"Crossing Paths - Intersection - Other / Unknown",2007,"Yes","No","Daylight","Straight - Level","Local Street","Dry","Two-Way, Not Divided","None","T-Intersection","Smooth Asphalt",0,0,0,0,0,0,0,"2 lanes",2,0,NA,0,NA
4981,6816,"None - Rural Crash","Clay","Mountains","Residential","Mixed (30% To 70% Developed)",NA,"Rural","20 - 25  MPH","Double Yellow Line, No Passing Zone","Clear","No",7,"6-10","No",NA,"With Traffic","B: Evident Injury","Bike Lane / Paved Shoulder","White","Male",24,"20-24","No",NA,"21-25 mph","O: No Injury","White","Female","Sport Utility","No","25MAY2007","Friday","Bicyclist Left Turn / Merge",19,"Non-Intersection","May","B: Evident Injury",70320,"Bicyclist Left Turn - Same Direction",2007,"Yes","No","Daylight","Curve - Grade","State Secondary Route","Dry","Two-Way, Not Divided","None","Driveway, Private","Smooth Asphalt",0,0,0,0,0,0,0,"2 lanes",2,0,NA,0,NA
4982,6817,"Charlotte","Mecklenburg","Piedmont","Commercial","Urban (>70% Developed)",NA,"Urban","5 - 15 MPH","No Control Present","Rain","No",12,"11-15","No",NA,"Facing Traffic","O: No Injury","Travel Lane","Other","Male",39,"30-39","No",NA,NA,"O: No Injury","Black","Male","Passenger Car","No","26AUG2007","Sunday","Motorist Failed to Yield - Midblock",18,"Non-Intersection","August","O: No Injury",67080,"Motorist Drive Out - Commercial Driveway / Alley",2007,"No","No","Dawn","Straight - Level","Local Street","Wet","Two-Way, Divided, Positive Median Barrier","None","No Special Feature","Coarse Asphalt",0,0,0,0,0,0,0,"2 lanes",2,0,NA,0,NA
4983,6821,"Sanford","Lee","Piedmont","Residential","Rural (<30% Developed)",NA,"Urban","40 - 45  MPH","Stop Sign","Clear","No",18,"16-19","No",NA,"With Traffic","A: Disabling Injury",NA,"Black","Male",54,"50-59","No",NA,"41-45 mph","O: No Injury","White","Male","Passenger Car","No","26MAY2007","Saturday","Bicyclist Left Turn / Merge",15,"Intersection","May","A: Disabling Injury",56220,"Bicyclist Left Turn - Same Direction",2007,"Yes","No","Daylight","Straight - Grade","Local Street","Dry","Two-Way, Not Divided","None","T-Intersection","Coarse Asphalt",0,0,0,0,0,0,0,"2 lanes",2,0,NA,0,NA
4984,6830,"Charlotte","Mecklenburg","Piedmont","Residential","Urban (>70% Developed)",NA,"Urban","20 - 25  MPH","No Control Present","Clear","No",16,"16-19","No",NA,"With Traffic","O: No Injury","Travel Lane","White","Male",65,"60-69","No",NA,"6-10 mph","O: No Injury","White","Male","Passenger Car","No","28MAY2007","Monday","Head-On",21,"Intersection","May","O: No Injury",76140,"Head-On - Motorist",2007,"Yes","No","Dark - Roadway Not Lighted","Straight - Level","Public Vehicular Area","Dry","Two-Way, Not Divided","None","No Special Feature","Smooth Asphalt",0,0,0,0,0,0,0,"2 lanes",2,0,NA,0,NA
4985,6835,"Wilmington","New Hanover","Coastal","Residential","Urban (>70% Developed)",NA,"Urban",NA,"Stop Sign","Clear","No",17,"16-19","No",NA,"With Traffic","C: Possible Injury","Travel Lane","Black","Male",23,"20-24","No",NA,NA,"C: Possible Injury","White","Female","Passenger Car","No","30MAY2007","Wednesday","Backing Vehicle",14,"Non-Intersection","May","C: Possible Injury",53340,"Backing Vehicle",2007,"Yes","Yes","Daylight","Straight - Level","Local Street","Dry","Two-Way, Not Divided","None","No Special Feature","Smooth Asphalt",0,0,0,0,0,0,0,"2 lanes",2,0,NA,0,NA
4986,6837,"Smithfield","Johnston","Coastal","Commercial","Urban (>70% Developed)",NA,"Urban","20 - 25  MPH","Stop And Go Signal","Clear","No",33,"30-39","No",NA,NA,"B: Evident Injury",NA,"White","Male",56,"50-59","No",NA,"0-5 mph","O: No Injury","White","Male","Pickup","No","29MAY2007","Tuesday","Other / Unknown - Insufficient Details",17,"Unknown Location","May","B: Evident Injury",61260,"Unknown Location",2007,"Yes","Yes","Daylight","Straight - Level","US Route","Dry","Two-Way, Not Divided","None","No Special Feature","Coarse Asphalt",0,0,0,0,0,0,0,"4 lanes",2,0,NA,0,NA
4987,6850,"None - Rural Crash","Guilford","Piedmont","Residential","Mixed (30% To 70% Developed)",NA,"Rural","30 - 35  MPH","Stop Sign","Clear","No",44,"40-49","No",NA,"With Traffic","B: Evident Injury","Travel Lane","White","Male",50,"50-59","No",NA,"11-15 mph","O: No Injury","White","Male","Passenger Car","No","04JUN2007","Monday","Motorist Failed to Yield - Sign-Controlled Intersection",6,"Intersection","June","B: Evident Injury",22800,"Motorist Drive Out - Sign-Controlled Intersection",2007,"Yes","No","Daylight","Straight - Level","State Secondary Route","Dry","Two-Way, Not Divided","None","T-Intersection","Smooth Asphalt",0,0,0,0,0,0,0,"2 lanes",2,0,NA,0,NA
4988,6857,"Wilmington","New Hanover","Coastal","Commercial","Urban (>70% Developed)",NA,"Urban","30 - 35  MPH","Stop And Go Signal","Clear","No",45,"40-49","No",NA,"With Traffic","C: Possible Injury","Travel Lane","White","Male",35,"30-39","No",NA,"31-35 mph","O: No Injury","Black","Male","Sport Utility","No","06JUN2007","Wednesday","Motorist Left Turn / Merge",17,"Intersection","June","C: Possible Injury",63060,"Motorist Left Turn - Opposite Direction",2007,"Yes","No","Daylight","Straight - Level","Local Street","Dry","Two-Way, Divided, Unprotected Median","None","Four-Way Intersection","Smooth Asphalt",0,0,0,0,0,0,0,"6 lanes",2,0,NA,0,NA
4989,6861,"Asheville","Buncombe","Mountains","Commercial","Urban (>70% Developed)",NA,"Urban","30 - 35  MPH","Stop And Go Signal","Clear","No",32,"30-39","Yes",NA,"With Traffic","B: Evident Injury","Travel Lane","White","Female",26,"25-29","No",NA,"16-20 mph","O: No Injury","White","Male","Passenger Car","Yes","07JUN2007","Thursday","Motorist Left Turn / Merge",1,"Intersection","June","B: Evident Injury",6900,"Motorist Left Turn - Opposite Direction",2007,"Yes","No","Dark - Lighted Roadway","Curve - Grade","Interstate","Dry","Two-Way, Not Divided","None","On or Off Ramp","Smooth Asphalt",0,0,0,0,0,0,0,"3 lanes",2,0,NA,0,NA
4990,6864,"Charlotte","Mecklenburg","Piedmont","Residential","Urban (>70% Developed)",NA,"Urban","30 - 35  MPH","Stop Sign","Cloudy","No",44,"40-49","No",NA,"With Traffic","O: No Injury","Travel Lane","White","Male",32,"30-39","No",NA,"0-5 mph","O: No Injury","Hispanic","Female","Passenger Car","No","13SEP2007","Thursday","Motorist Failed to Yield - Sign-Controlled Intersection",18,"Intersection","September","O: No Injury",65220,"Motorist Drive Out - Sign-Controlled Intersection",2007,"No","No","Daylight","Straight - Level","Local Street","Dry","Two-Way, Not Divided","None","No Special Feature","Smooth Asphalt",0,0,0,0,0,0,0,"4 lanes",2,0,NA,0,NA
4991,6876,"Jacksonville","Onslow","Coastal","Commercial","Urban (>70% Developed)",NA,"Urban","40 - 45  MPH","Stop Sign","Clear","No",18,"16-19","No",NA,"Facing Traffic","C: Possible Injury","Travel Lane","White","Male",23,"20-24","No",NA,"0-5 mph","O: No Injury","White","Male","Passenger Car","No","11JUN2007","Monday","Motorist Failed to Yield - Midblock",16,"Non-Intersection","June","C: Possible Injury",60060,"Motorist Drive Out - Commercial Driveway / Alley",2007,"Yes","No","Daylight","Straight - Level","Local Street","Dry","Two-Way, Not Divided","None","No Special Feature","Smooth Asphalt",0,0,0,0,0,0,0,"4 lanes",2,0,NA,0,NA
4992,6877,"Southern Pines","Moore","Piedmont","Commercial","Urban (>70% Developed)",NA,"Urban","30 - 35  MPH","Stop Sign","Clear","No",55,"50-59","No",NA,"With Traffic","C: Possible Injury","Travel Lane","Black","Male",43,"40-49","No",NA,"0-5 mph","O: No Injury","White","Female","Pickup","No","09JUN2007","Saturday","Motorist Failed to Yield - Sign-Controlled Intersection",10,"Intersection","June","C: Possible Injury",37200,"Motorist Drive Out - Sign-Controlled Intersection",2007,"Yes","No","Daylight","Straight - Level","Local Street","Dry","Two-Way, Not Divided","None","Four-Way Intersection","Coarse Asphalt",0,0,0,0,0,0,0,"2 lanes",2,0,NA,0,NA
4993,6882,"None - Rural Crash","Rockingham","Piedmont","Farms, Woods, Pastures","Rural (<30% Developed)",NA,"Rural","50 - 55  MPH","No Control Present","Clear","No",32,"30-39","No",NA,"With Traffic","C: Possible Injury","Bike Lane / Paved Shoulder","White","Male",NA,NA,"Missing",NA,NA,"Unknown Injury","Unknown/Missing",NA,NA,"No","12JUN2007","Tuesday","Motorist Overtaking Bicyclist",21,"Non-Intersection","June","C: Possible Injury",75600,"Motorist Overtaking - Misjudged Space",2007,"No","Yes","Dark - Roadway Not Lighted","Straight - Grade","NC Route","Dry","Two-Way, Not Divided","None","No Special Feature","Smooth Asphalt",0,0,0,0,0,0,0,"5 lanes",2,0,NA,0,NA
4994,6883,"Durham","Durham","Piedmont","Residential","Urban (>70% Developed)",NA,"Urban","30 - 35  MPH","Stop Sign","Clear","No",29,"25-29","No",NA,"With Traffic","C: Possible Injury","Travel Lane","White","Female",23,"20-24","No",NA,"26-30 mph","O: No Injury","Hispanic","Female","Passenger Car","No","17SEP2007","Monday","Motorist Left Turn / Merge",19,"Intersection","September","C: Possible Injury",69300,"Motorist Left Turn - Opposite Direction",2007,"No","No","Dusk","Straight - Grade","Local Street","Dry","Two-Way, Not Divided","None","Four-Way Intersection","Smooth Asphalt",0,0,0,0,0,0,0,"2 lanes",2,0,NA,0,NA
4995,6888,"None - Rural Crash","Buncombe","Mountains","Commercial","Mixed (30% To 70% Developed)",NA,"Rural","40 - 45  MPH","No Control Present","Cloudy","No",48,"40-49","Yes",NA,"With Traffic","A: Disabling Injury","Travel Lane","White","Male",37,"30-39","No",NA,"41-45 mph","O: No Injury","Black","Female","Passenger Car","Yes","14JUN2007","Thursday","Motorist Overtaking Bicyclist",21,"Non-Intersection","June","A: Disabling Injury",78300,"Motorist Overtaking - Undetected Bicyclist",2007,"Yes","No","Dark - Roadway Not Lighted","Straight - Level","NC Route","Wet","Two-Way, Not Divided","None","No Special Feature","Coarse Asphalt",0,0,0,0,0,0,0,"5 lanes",2,0,NA,0,NA
4996,6907,"Fayetteville","Cumberland","Coastal","Residential","Urban (>70% Developed)",NA,"Urban",NA,"Stop Sign","Clear","No",27,"25-29","No",NA,"Facing Traffic","C: Possible Injury","Sidewalk / Crosswalk / Driveway Crossing","White","Female",59,"50-59","No",NA,NA,"O: No Injury","Black","Male","Passenger Car","No","25SEP2007","Tuesday","Motorist Failed to Yield - Sign-Controlled Intersection",14,"Intersection","September","C: Possible Injury",50880,"Motorist Drive Out - Sign-Controlled Intersection",2007,"No","No","Daylight","Straight - Level","Local Street","Dry","Two-Way, Not Divided","None","T-Intersection","Coarse Asphalt",0,0,0,0,0,0,0,"2 lanes",2,0,NA,0,NA
4997,6922,"None - Rural Crash","Dare","Coastal","Commercial","Urban (>70% Developed)",NA,"Rural","30 - 35  MPH","Double Yellow Line, No Passing Zone","Clear","No",53,"50-59","No",NA,"Facing Traffic","A: Disabling Injury","Bike Lane / Paved Shoulder","White","Female",23,"20-24","No",NA,"26-30 mph","O: No Injury","Hispanic","Female","Light Truck (Mini-Van, Panel)","No","25JUN2007","Monday","Motorist Left Turn / Merge",16,"Intersection","June","A: Disabling Injury",60600,"Motorist Left Turn - Same Direction",2007,"Yes","No","Daylight","Straight - Level","NC Route","Dry","Two-Way, Not Divided","None","T-Intersection","Smooth Asphalt",0,0,0,0,0,0,0,"2 lanes",2,0,NA,0,NA
4998,6924,"Morehead City","Carteret","Coastal","Commercial","Urban (>70% Developed)",NA,"Urban","40 - 45  MPH","No Control Present","Clear","No",60,"60-69","No",NA,"With Traffic","A: Disabling Injury","Travel Lane","White","Male",NA,"70+","No",NA,"0-5 mph","O: No Injury","White","Female","Passenger Car","No","25JUN2007","Monday","Motorist Failed to Yield - Midblock",10,"Non-Intersection","June","A: Disabling Injury",39300,"Motorist Drive Out - Commercial Driveway / Alley",2007,"Yes","No","Daylight","Straight - Level","US Route","Dry","Two-Way, Divided, Unprotected Median","None","No Special Feature","Smooth Asphalt",0,0,0,0,0,0,0,"4 lanes",2,0,NA,0,NA
4999,6928,"None - Rural Crash","Onslow","Coastal","Farms, Woods, Pastures","Rural (<30% Developed)",NA,"Rural","50 - 55  MPH","No Control Present","Clear","No",16,"16-19","No",NA,"With Traffic","B: Evident Injury","Travel Lane","White","Male",23,"20-24","No",NA,"41-45 mph","O: No Injury","White","Male","Pickup","No","26JUN2007","Tuesday","Bicyclist Left Turn / Merge",17,"Non-Intersection","June","B: Evident Injury",62100,"Bicyclist Left Turn - Opposite Direction",2007,"Yes","No","Daylight","Straight - Level","NC Route","Dry","Two-Way, Not Divided","None","No Special Feature","Smooth Asphalt",0,0,0,0,0,0,0,"2 lanes",2,0,NA,0,NA
5000,6932,"Fayetteville","Cumberland","Coastal","Commercial","Urban (>70% Developed)",NA,"Urban","20 - 25  MPH","Stop And Go Signal","Clear","No",NA,NA,"Missing",NA,NA,"Unknown Injury",NA,"Unknown/Missing",NA,36,"30-39","No",NA,"0-5 mph","O: No Injury","White","Female","Sport Utility","No","23JUN2007","Saturday","Bicyclist Failed to Yield - Midblock",19,"Non-Intersection","June","O: No Injury",69060,"Bicyclist Ride Out - Midblock - Unknown",2007,"No","No","Daylight","Straight - Level","Local Street","Dry","Two-Way, Not Divided","None","No Special Feature","Smooth Asphalt",0,0,0,0,0,0,0,"3 lanes",2,0,NA,0,NA
5001,5331,"Raleigh","Wake","Piedmont","Commercial","Urban (>70% Developed)",NA,"Urban","40 - 45  MPH","Stop And Go Signal","Clear","No",25,"25-29","No",NA,"With Traffic","B: Evident Injury","Travel Lane","White","Male",34,"30-39","No",NA,"16-20 mph","O: No Injury","Black","Male","Passenger Car","No","16OCT2009","Friday","Motorist Right Turn / Merge",11,"Intersection","October","B: Evident Injury",43080,"Motorist Right Turn on Red - Opposite Direction",2009,"Yes","No","Daylight","Straight - Level","Local Street","Dry","Two-Way, Not Divided","None","Four-Way Intersection","Coarse Asphalt",0,0,0,0,0,0,0,"6 lanes",2,0,NA,0,NA
5002,5340,"Raleigh","Wake","Piedmont","Commercial","Urban (>70% Developed)",NA,"Urban","20 - 25  MPH","No Control Present","Clear","No",33,"30-39","No",NA,"Not Applicable","B: Evident Injury",NA,"Black","Male",62,"60-69","No",NA,"0-5 mph","O: No Injury","Black","Male","Commercial Bus","No","30OCT2009","Friday","Crossing Paths - Other Circumstances",19,"Intersection-Related","October","B: Evident Injury",70980,"Crossing Paths - Uncontrolled Intersection",2009,"Yes","No","Dark - Lighted Roadway","Straight - Level","Local Street","Dry","Two-Way, Not Divided","None","No Special Feature","Smooth Asphalt",0,0,0,0,0,0,0,"2 lanes",2,0,NA,0,NA
5003,5341,"Raleigh","Wake","Piedmont","Commercial","Urban (>70% Developed)",NA,"Urban","40 - 45  MPH","Stop And Go Signal","Clear","No",14,"11-15","No",NA,"Not Applicable","B: Evident Injury",NA,"White","Male",23,"20-24","No",NA,"41-45 mph","O: No Injury","Black","Male","Passenger Car","No","02NOV2009","Monday","Bicyclist Failed to Yield - Midblock",18,"Non-Intersection","November","B: Evident Injury",67800,"Bicyclist Ride Out - Midblock - Unknown",2009,"Yes","No","Dark - Lighted Roadway","Straight - Level","Local Street","Dry","Two-Way, Divided, Unprotected Median","None","No Special Feature","Smooth Asphalt",0,0,0,0,0,0,0,"8 lanes",2,0,NA,0,NA
5004,5357,"Greensboro","Guilford","Piedmont","Commercial","Urban (>70% Developed)",NA,"Urban",NA,"No Control Present","Clear","No",49,"40-49","No",NA,"Not Applicable","C: Possible Injury","Non-Roadway","Black","Male",51,"50-59","No",NA,NA,"O: No Injury","Black","Male","Van","No","22NOV2009","Sunday","Non-Roadway",11,"Non-Roadway","November","C: Possible Injury",42720,"Non-Roadway",2009,"Yes","No","Daylight","Straight - Level","Public Vehicular Area","Dry",NA,"None","No Special Feature","Smooth Asphalt",0,0,0,0,0,0,0,NA,2,0,NA,0,NA
5005,5360,"Rocky Mount","Nash","Coastal","Commercial","Urban (>70% Developed)",NA,"Urban","20 - 25  MPH","Stop And Go Signal","Cloudy","No",44,"40-49","Yes",NA,"Facing Traffic","O: No Injury","Travel Lane","Black","Male",37,"30-39","No",NA,"0-5 mph","O: No Injury","Black","Male","Sport Utility","Yes","30OCT2009","Friday","Crossing Paths - Other Circumstances",21,"Intersection","October","O: No Injury",78480,"Signalized Intersection - Other / Unknown",2009,"No","No","Dark - Lighted Roadway","Straight - Level","Local Street","Wet","One-Way, Not Divided","None","Four-Way Intersection","Smooth Asphalt",0,0,0,0,0,0,0,"3 lanes",2,0,NA,0,NA
5006,5365,"None - Rural Crash","Chatham","Piedmont","Farms, Woods, Pastures","Rural (<30% Developed)",NA,"Rural","50 - 55  MPH","No Control Present","Clear","No",NA,"70+","No",NA,"With Traffic","B: Evident Injury","Travel Lane","White","Male",20,"20-24","No",NA,"51-55 mph","O: No Injury","White","Female","Sport Utility","No","24DEC2009","Thursday","Motorist Overtaking Bicyclist",11,"Non-Intersection","December","B: Evident Injury",41100,"Motorist Overtaking - Misjudged Space",2009,"Yes","No","Daylight","Straight - Level","State Secondary Route","Dry","Two-Way, Not Divided","None","No Special Feature","Smooth Asphalt",0,0,0,0,0,0,0,"2 lanes",2,0,NA,0,NA