"...1","object_id","city","county","region","development","locality","on_road","rural_urban","speed_limit","traffic_control","weather","workzone","bike_age","bike_age_group","bike_alcohol","bike_alcohol_drugs","bike_direction","bike_injury","bike_position","bike_race","bike_sex","driver_age","driver_age_group","driver_alcohol","driver_alcohol_drugs","driver_est_speed","driver_injury","driver_race","driver_sex","driver_vehicle_type","crash_alcohol","crash_date","crash_day","crash_group","crash_hour","crash_location","crash_month","crash_severity","crash_time","crash_type","crash_year","ambulance_req","hit_run","light_condition","road_character","road_class","road_condition","road_configuration","road_defects","road_feature","road_surface","num_bikes_ai","num_bikes_bi","num_bikes_ci","num_bikes_ki","num_bikes_no","num_bikes_to","num_bikes_ui","num_lanes","num_units","distance_mi_from","frm_road","rte_invd_cd","towrd_road"
5007,5367,"None - Rural Crash","Wake","Piedmont","Farms, Woods, Pastures","Rural (<30% Developed)",NA,"Rural","50 - 55  MPH","Double Yellow Line, No Passing Zone","Clear","No",43,"40-49","No",NA,"With Traffic","C: Possible Injury","Travel Lane","White","Male",NA,NA,"No",NA,"51-55 mph","Unknown Injury","Unknown/Missing",NA,"Passenger Car","No","23DEC2009","Wednesday","Motorist Overtaking Bicyclist",15,"Non-Intersection","December","C: Possible Injury",56220,"Motorist Overtaking - Misjudged Space",2009,"No","Yes","Daylight","Straight - Grade","NC Route","Dry","Two-Way, Not Divided","None","No Special Feature","Smooth Asphalt",0,0,0,0,0,0,0,"2 lanes",2,0,NA,0,NA
5008,5378,"Elizabeth City","Pasquotank","Coastal","Residential","Rural (<30% Developed)",NA,"Urban","30 - 35  MPH","Stop And Go Signal","Clear","No",53,"50-59","No",NA,"With Traffic","C: Possible Injury","Travel Lane","Black","Male",38,"30-39","Yes",NA,"6-10 mph","O: No Injury","White","Male","Passenger Car","Yes","01DEC2009","Tuesday","Bicyclist Failed to Yield - Signalized Intersection",20,"Intersection","December","C: Possible Injury",73380,"Bicyclist Ride Out - Signalized  Intersection",2009,"Yes","No","Dark - Lighted Roadway","Straight - Level","Local Street","Dry","Two-Way, Divided, Unprotected Median","None","Four-Way Intersection","Grooved Concrete",0,0,0,0,0,0,0,"2 lanes",2,0,NA,0,NA
5009,5381,"Lumberton","Robeson","Coastal","Commercial","Urban (>70% Developed)",NA,"Urban",NA,"No Control Present","Clear","No",41,"40-49","Yes",NA,"Facing Traffic","C: Possible Injury","Travel Lane","Black","Male",NA,NA,"Missing",NA,NA,"Unknown Injury","Unknown/Missing",NA,NA,"Yes","03DEC2009","Thursday","Head-On",19,"Non-Intersection","December","C: Possible Injury",70740,"Head-On - Bicyclist",2009,"Yes","Yes","Dark - Lighted Roadway","Straight - Level","NC Route","Dry","Two-Way, Not Divided","None","No Special Feature","Coarse Asphalt",0,0,0,0,0,0,0,"5 lanes",2,0,NA,0,NA
5010,5385,"Carrboro","Orange","Piedmont","Residential","Urban (>70% Developed)",NA,"Urban","30 - 35  MPH","No Control Present","Clear","No",29,"25-29","No",NA,"With Traffic","B: Evident Injury","Travel Lane","White","Female",43,"40-49","No",NA,"0-5 mph","O: No Injury","White","Male","Passenger Car","No","08DEC2009","Tuesday","Motorist Failed to Yield - Midblock",17,"Non-Intersection","December","B: Evident Injury",63900,"Motorist Drive Out - Residential Driveway",2009,"No","No","Dark - Roadway Not Lighted","Straight - Level","Local Street","Dry","Two-Way, Not Divided","None","No Special Feature","Coarse Asphalt",0,0,0,0,0,0,0,NA,2,0,NA,0,NA
5011,5393,"None - Rural Crash","Pender","Coastal","Farms, Woods, Pastures","Rural (<30% Developed)",NA,"Rural","50 - 55  MPH","No Control Present","Clear","No",40,"40-49","No",NA,"With Traffic","B: Evident Injury","Travel Lane","White","Male",NA,NA,"Missing",NA,"51-55 mph","Unknown Injury","Unknown/Missing",NA,NA,"No","17DEC2009","Thursday","Motorist Overtaking Bicyclist",17,"Non-Intersection","December","B: Evident Injury",64320,"Motorist Overtaking - Other / Unknown",2009,"Yes","Yes","Dark - Roadway Not Lighted","Straight - Level","State Secondary Route","Dry","Two-Way, Not Divided","None","No Special Feature","Smooth Asphalt",0,0,0,0,0,0,0,"2 lanes",2,0,NA,0,NA
5012,5404,"Pineville","Mecklenburg","Piedmont","Commercial","Urban (>70% Developed)",NA,"Rural","30 - 35  MPH","Yield Sign","Clear","No",60,"60-69","No",NA,"With Traffic","C: Possible Injury","Travel Lane","White","Male",NA,"70+","No",NA,"6-10 mph","O: No Injury","White","Female","Passenger Car","No","29DEC2009","Tuesday","Motorist Failed to Yield - Sign-Controlled Intersection",16,"Intersection","December","C: Possible Injury",58080,"Motorist Drive Out - Sign-Controlled Intersection",2009,"Yes","No","Daylight","Curve - Level","Public Vehicular Area","Dry","Two-Way, Not Divided","None","Traffic Circle/Roundabout","Smooth Asphalt",0,0,0,0,0,0,0,"1 lane",2,0,NA,0,NA
5013,5414,"Wilson","Wilson","Coastal","Commercial","Urban (>70% Developed)",NA,"Urban","30 - 35  MPH","No Control Present","Clear","No",35,"30-39","No",NA,"Not Applicable","O: No Injury","Non-Roadway","Black","Male",NA,"70+","No",NA,"11-15 mph","O: No Injury","Black","Female","Passenger Car","No","28AUG2009","Friday","Non-Roadway",13,"Non-Roadway","August","O: No Injury",49200,"Non-Roadway",2009,"No","No","Daylight","Straight - Level","Private Road, Driveway","Dry","Two-Way, Not Divided","None","No Special Feature","Gravel",0,0,0,0,0,0,0,"2 lanes",2,0,NA,0,NA
5014,5421,"Charlotte","Mecklenburg","Piedmont","Residential","Rural (<30% Developed)",NA,"Urban","30 - 35  MPH","No Control Present","Clear","No",62,"60-69","No",NA,"Not Applicable","B: Evident Injury",NA,"Black","Male",65,"60-69","Yes",NA,"31-35 mph","O: No Injury","Black","Male","Passenger Car","Yes","28SEP2009","Monday","Bicyclist Failed to Yield - Midblock",20,"Non-Intersection","September","B: Evident Injury",75060,"Bicyclist Ride Out - Midblock - Unknown",2009,"No","No","Dark - Lighted Roadway","Straight - Level","Local Street","Dry","Two-Way, Not Divided","None","No Special Feature","Coarse Asphalt",0,0,0,0,0,0,0,"2 lanes",2,0,NA,0,NA
5015,5423,"Charlotte","Mecklenburg","Piedmont","Commercial","Urban (>70% Developed)",NA,"Urban","20 - 25  MPH","Stop And Go Signal","Cloudy","No",49,"40-49","No",NA,"Facing Traffic","C: Possible Injury","Sidewalk / Crosswalk / Driveway Crossing","Hispanic","Male",39,"30-39","No",NA,"0-5 mph","O: No Injury","Black","Male","Passenger Car","No","22SEP2009","Tuesday","Motorist Failed to Yield - Signalized Intersection",18,"Intersection","September","C: Possible Injury",67500,"Motorist Drive Out - Signalized Intersection",2009,"No","No","Daylight","Straight - Level","Local Street","Dry","Two-Way, Not Divided","None","Four-Way Intersection","Smooth Asphalt",0,0,0,0,0,0,0,"3 lanes",2,0,NA,0,NA
5016,5433,"Charlotte","Mecklenburg","Piedmont","Residential","Urban (>70% Developed)",NA,"Urban","5 - 15 MPH","No Control Present","Clear","No",9,"6-10","No",NA,"Not Applicable","C: Possible Injury","Non-Roadway","Black","Male",32,"30-39","No",NA,"0-5 mph","O: No Injury","Black","Female","Passenger Car","No","02JUL2009","Thursday","Non-Roadway",19,"Non-Roadway","July","C: Possible Injury",70740,"Non-Roadway",2009,"Yes","No","Daylight","Straight - Level","Public Vehicular Area","Dry","Two-Way, Not Divided","None","No Special Feature","Smooth Asphalt",0,0,0,0,0,0,0,"1 lane",2,0,NA,0,NA
5017,5434,"Charlotte","Mecklenburg","Piedmont","Residential","Urban (>70% Developed)",NA,"Urban","20 - 25  MPH","No Control Present","Cloudy","No",6,"6-10","No",NA,"With Traffic","C: Possible Injury","Travel Lane","Black","Male",18,"0-19","No",NA,"21-25 mph","O: No Injury","Asian","Male","Sport Utility","No","09JUL2009","Thursday","Motorist Overtaking Bicyclist",17,"Non-Intersection","July","C: Possible Injury",63780,"Motorist Overtaking - Other / Unknown",2009,"No","Yes","Daylight","Straight - Level","Local Street","Wet","Two-Way, Not Divided","None","No Special Feature","Smooth Asphalt",0,0,0,0,0,0,0,"2 lanes",2,0,NA,0,NA
5018,5435,"Charlotte","Mecklenburg","Piedmont","Residential","Urban (>70% Developed)",NA,"Urban","30 - 35  MPH","No Control Present","Clear","No",10,"6-10","No",NA,"Not Applicable","C: Possible Injury",NA,"Black","Male",39,"30-39","No",NA,"6-10 mph","O: No Injury","Black","Male","Van","No","19JUN2009","Friday","Other / Unknown - Insufficient Details",21,"Intersection-Related","June","C: Possible Injury",77100,"Unknown Approach Paths",2009,"Yes","No","Dark - Roadway Not Lighted","Straight - Level","Local Street","Dry","Two-Way, Not Divided","None","Traffic Circle/Roundabout","Smooth Asphalt",0,0,0,0,0,0,0,"4 lanes",2,0,NA,0,NA
5019,5441,"Charlotte","Mecklenburg","Piedmont","Commercial","Urban (>70% Developed)",NA,"Urban","30 - 35  MPH","No Control Present","Clear","No",44,"40-49","No",NA,"With Traffic","B: Evident Injury","Travel Lane","White","Male",21,"20-24","No",NA,"21-25 mph","O: No Injury","White","Female","Sport Utility","No","30MAY2009","Saturday","Motorist Right Turn / Merge",13,"Intersection","May","B: Evident Injury",48960,"Motorist Right Turn - Same Direction",2009,"No","No","Daylight","Straight - Level","Local Street","Dry","Two-Way, Not Divided","None","T-Intersection","Smooth Asphalt",0,0,0,0,0,0,0,"2 lanes",2,0,NA,0,NA
5020,5443,"Charlotte","Mecklenburg","Piedmont","Commercial","Urban (>70% Developed)",NA,"Urban","40 - 45  MPH","No Control Present","Clear","No",16,"16-19","No",NA,"With Traffic","C: Possible Injury","Sidewalk / Crosswalk / Driveway Crossing","White","Male",44,"40-49","No",NA,"31-35 mph","O: No Injury","Black","Female","Passenger Car","No","29MAR2009","Sunday","Motorist Left Turn / Merge",16,"Non-Intersection","March","C: Possible Injury",60240,"Motorist Left Turn - Opposite Direction",2009,"No","Yes","Daylight","Straight - Level","Local Street","Dry","Two-Way, Divided, Unprotected Median","None","No Special Feature","Smooth Asphalt",0,0,0,0,0,0,0,"4 lanes",2,0,NA,0,NA
5021,5444,"Charlotte","Mecklenburg","Piedmont","Commercial","Urban (>70% Developed)",NA,"Urban","40 - 45  MPH","Stop Sign","Rain","No",50,"50-59","No",NA,"With Traffic","A: Disabling Injury","Sidewalk / Crosswalk / Driveway Crossing","Black","Male",39,"30-39","No",NA,"0-5 mph","O: No Injury","White","Male","Sport Utility","No","27MAR2009","Friday","Motorist Right Turn / Merge",12,"Intersection","March","A: Disabling Injury",44520,"Motorist Right Turn - Same Direction",2009,"Yes","No","Daylight","Straight - Level","Local Street","Wet","Two-Way, Not Divided","None","No Special Feature","Smooth Asphalt",0,0,0,0,0,0,0,"4 lanes",2,0,NA,0,NA
5022,5451,"Charlotte","Mecklenburg","Piedmont","Residential","Urban (>70% Developed)",NA,"Urban","20 - 25  MPH","No Control Present","Clear","No",6,"6-10","No",NA,"Facing Traffic","O: No Injury","Travel Lane","Black","Male",41,"40-49","No",NA,"21-25 mph","O: No Injury","White","Female","Passenger Car","No","21JAN2008","Monday","Bicyclist Right Turn / Merge",15,"Non-Intersection","January","O: No Injury",55980,"Bicyclist Right Turn - Same Direction",2008,"Yes","No","Daylight","Straight - Level","Local Street","Dry","Two-Way, Not Divided","None","No Special Feature","Concrete",0,0,0,0,0,0,0,"2 lanes",2,0,NA,0,NA
5023,5453,"Charlotte","Mecklenburg","Piedmont","Commercial","Urban (>70% Developed)",NA,"Urban","20 - 25  MPH","No Control Present","Cloudy","No",57,"50-59","No",NA,"Facing Traffic","C: Possible Injury","Sidewalk / Crosswalk / Driveway Crossing","Black","Male",39,"30-39","No",NA,"0-5 mph","O: No Injury","Black","Female","Passenger Car","No","04FEB2008","Monday","Motorist Failed to Yield - Midblock",8,"Non-Intersection","February","C: Possible Injury",30900,"Motorist Drive Out - Commercial Driveway / Alley",2008,"No","No","Daylight","Straight - Level","Private Road, Driveway","Dry",NA,"None","Driveway, Public","Other",0,0,0,0,0,0,0,NA,2,0,NA,0,NA
5024,5463,"Lenoir","Caldwell","Mountains","Commercial","Urban (>70% Developed)",NA,"Urban","40 - 45  MPH","Stop Sign","Clear","No",38,"30-39","No",NA,"With Traffic","C: Possible Injury","Travel Lane","White","Male",NA,"70+","No",NA,"0-5 mph","O: No Injury","White","Male","Passenger Car","No","25FEB2008","Monday","Motorist Failed to Yield - Sign-Controlled Intersection",9,"Intersection","February","C: Possible Injury",34920,"Motorist Drive Out - Sign-Controlled Intersection",2008,"No","No","Daylight","Straight - Level","Local Street","Dry","Two-Way, Not Divided","None","Four-Way Intersection","Smooth Asphalt",0,0,0,0,0,0,0,"5 lanes",2,0,NA,0,NA
5025,5464,"Charlotte","Mecklenburg","Piedmont","Commercial","Urban (>70% Developed)",NA,"Urban","30 - 35  MPH","No Control Present","Fog, Smog, Smoke","No",61,"60-69","No",NA,"With Traffic","C: Possible Injury","Travel Lane","White","Male",35,"30-39","No",NA,"31-35 mph","O: No Injury","Black","Female","Sport Utility","No","25FEB2008","Monday","Bicyclist Left Turn / Merge",7,"Non-Intersection","February","C: Possible Injury",28620,"Bicyclist Left Turn - Same Direction",2008,"Yes","No","Daylight","Straight - Level","Local Street","Dry","Two-Way, Not Divided","None","No Special Feature","Smooth Asphalt",0,0,0,0,0,0,0,"3 lanes",2,0,NA,0,NA
5026,5465,"Kinston","Lenoir","Coastal","Commercial","Urban (>70% Developed)",NA,"Urban",NA,"Stop Sign","Clear","No",8,"6-10","No",NA,"With Traffic","C: Possible Injury","Sidewalk / Crosswalk / Driveway Crossing","Black","Male",NA,"70+","No",NA,NA,"O: No Injury","Black","Female","Passenger Car","No","02MAR2008","Sunday","Bicyclist Failed to Yield - Sign-Controlled Intersection",14,"Intersection","March","C: Possible Injury",53340,"Bicyclist Ride Through - Sign-Controlled Intersection",2008,"No","No","Daylight","Straight - Bottom","Local Street","Dry","Two-Way, Not Divided","None","Four-Way Intersection","Coarse Asphalt",0,0,0,0,0,0,0,"2 lanes",2,0,NA,0,NA
5027,5466,"Charlotte","Mecklenburg","Piedmont","Commercial","Urban (>70% Developed)",NA,"Urban","30 - 35  MPH","No Control Present","Clear","No",58,"50-59","No",NA,"With Traffic","B: Evident Injury","Travel Lane","White","Female",65,"60-69","No",NA,"31-35 mph","O: No Injury","White","Female","Sport Utility","No","03MAR2008","Monday","Bicyclist Left Turn / Merge",11,"Non-Intersection","March","B: Evident Injury",42600,"Bicyclist Left Turn - Same Direction",2008,"No","No","Daylight","Straight - Level","Local Street","Dry","Two-Way, Not Divided","None","No Special Feature","Smooth Asphalt",0,0,0,0,0,0,0,"4 lanes",2,0,NA,0,NA
5028,5467,"Charlotte","Mecklenburg","Piedmont","Commercial","Urban (>70% Developed)",NA,"Urban","40 - 45  MPH","Stop And Go Signal","Clear","No",48,"40-49","No",NA,"Facing Traffic","C: Possible Injury","Travel Lane","White","Male",39,"30-39","No",NA,"0-5 mph","O: No Injury","Hispanic","Male","Sport Utility","No","09MAR2008","Sunday","Crossing Paths - Other Circumstances",12,"Intersection","March","C: Possible Injury",45000,"Signalized Intersection - Other / Unknown",2008,"No","No","Daylight","Straight - Level","Local Street","Dry","Two-Way, Divided, Positive Median Barrier","None","No Special Feature","Smooth Asphalt",0,0,0,0,0,0,0,"4 lanes",2,0,NA,0,NA
5029,5476,"None - Rural Crash","Nash","Coastal","Residential","Mixed (30% To 70% Developed)",NA,"Rural",NA,"Missing","Clear","No",19,"16-19","No",NA,"With Traffic","C: Possible Injury","Travel Lane","White","Male",41,"40-49","No",NA,NA,"O: No Injury","White","Female","Passenger Car","No","05JAN2008","Saturday","Other / Unusual Circumstances",16,"Non-Intersection","January","C: Possible Injury",59400,"Unusual Circumstances",2008,"No","No","Daylight",NA,"State Secondary Route","Dry",NA,"None","No Special Feature",NA,0,0,0,0,0,0,0,NA,2,0,NA,0,NA
5030,5478,"None - Rural Crash","Harnett","Coastal","Residential","Rural (<30% Developed)",NA,"Rural","20 - 25  MPH","No Control Present","Clear","No",8,"6-10","No",NA,"Not Applicable","C: Possible Injury","Travel Lane","White","Female",NA,NA,"Missing",NA,"26-30 mph","Unknown Injury","Unknown/Missing",NA,NA,"No","06JAN2008","Sunday","Non-Roadway",17,"Non-Roadway","January","C: Possible Injury",64200,"Non-Roadway",2008,"Yes","Yes","Dark - Roadway Not Lighted","Straight - Level","Public Vehicular Area","Dry","Two-Way, Not Divided","None","No Special Feature","Smooth Asphalt",0,0,0,0,0,0,0,"2 lanes",2,0,NA,0,NA
5031,5483,"None - Rural Crash","Pasquotank","Coastal","Residential","Mixed (30% To 70% Developed)",NA,"Rural","20 - 25  MPH","No Control Present","Clear","No",14,"11-15","No",NA,"With Traffic","B: Evident Injury","Travel Lane","White","Male",18,"0-19","No",NA,"16-20 mph","O: No Injury","White","Female","Passenger Car","No","02APR2008","Wednesday","Head-On",16,"Non-Intersection","April","B: Evident Injury",60540,"Head-On - Bicyclist",2008,"Yes","No","Daylight","Straight - Level","State Secondary Route","Dry","Two-Way, Not Divided","None","No Special Feature","Coarse Asphalt",0,0,0,0,0,0,0,"1 lane",2,0,NA,0,NA
5032,5484,"Charlotte","Mecklenburg","Piedmont","Residential","Mixed (30% To 70% Developed)",NA,"Urban","40 - 45  MPH","Stop Sign","Clear","No",29,"25-29","No",NA,"With Traffic","B: Evident Injury","Travel Lane","White","Male",19,"0-19","No",NA,"6-10 mph","O: No Injury","White","Male","Passenger Car","No","02APR2008","Wednesday","Loss of Control / Turning Error",10,"Intersection-Related","April","B: Evident Injury",37680,"Motorist Lost Control - Other / Unknown",2008,"Yes","No","Daylight","Straight - Level","Local Street","Dry","Two-Way, Not Divided","None","T-Intersection","Smooth Asphalt",0,0,0,0,0,0,0,"2 lanes",3,0,NA,0,NA
5033,5487,"None - Rural Crash","Randolph","Piedmont","Farms, Woods, Pastures","Rural (<30% Developed)",NA,"Rural","50 - 55  MPH","Double Yellow Line, No Passing Zone","Clear","No",67,"60-69","No",NA,"With Traffic","C: Possible Injury","Bike Lane / Paved Shoulder","Hispanic","Male",20,"20-24","No",NA,"51-55 mph","O: No Injury","White","Male","Pickup","No","09JAN2008","Wednesday","Motorist Overtaking Bicyclist",18,"Non-Intersection","January","C: Possible Injury",66480,"Motorist Overtaking - Misjudged Space",2008,"Yes","No","Dark - Roadway Not Lighted","Straight - Level","US Route","Dry","Two-Way, Not Divided","None","No Special Feature","Smooth Asphalt",0,0,0,0,0,0,0,"2 lanes",2,0,NA,0,NA
5034,5489,"Raleigh","Wake","Piedmont","Commercial","Urban (>70% Developed)",NA,"Urban","30 - 35  MPH","No Control Present","Clear","No",31,"30-39","No",NA,"Not Applicable","O: No Injury","Non-Roadway","Black","Male",40,"40-49","No",NA,"0-5 mph","O: No Injury","White","Male","Light Truck (Mini-Van, Panel)","No","10JAN2008","Thursday","Non-Roadway",22,"Non-Roadway","January","O: No Injury",79380,"Non-Roadway",2008,"No","No","Dark - Lighted Roadway","Straight - Level","Public Vehicular Area","Dry","Two-Way, Not Divided","None","Driveway, Public","Smooth Asphalt",0,0,0,0,0,0,0,NA,2,0,NA,0,NA
5035,5490,"Greensboro","Guilford","Piedmont","Residential","Urban (>70% Developed)",NA,"Urban","30 - 35  MPH","Missing","Cloudy","No",27,"25-29","Yes",NA,"With Traffic","C: Possible Injury","Travel Lane","White","Male",NA,NA,"Missing",NA,"21-25 mph","Unknown Injury","Unknown/Missing",NA,NA,"Yes","10JAN2008","Thursday","Parallel Paths - Other Circumstances",23,"Intersection","January","C: Possible Injury",83520,"Motorist Turn / Merge - Other / Unknown",2008,"Yes","Yes","Dark - Lighted Roadway","Straight - Level","Local Street","Wet","Two-Way, Divided, Unprotected Median","None","T-Intersection","Smooth Asphalt",0,0,0,0,0,0,0,"2 lanes",2,0,NA,0,NA
5036,5492,"None - Rural Crash","Rockingham","Piedmont","Farms, Woods, Pastures","Urban (>70% Developed)",NA,"Rural","50 - 55  MPH","Double Yellow Line, No Passing Zone","Rain","No",21,"20-24","Yes",NA,"With Traffic","A: Disabling Injury","Travel Lane","White","Male",38,"30-39","No",NA,"26-30 mph","O: No Injury","White","Female","Passenger Car","Yes","04APR2008","Friday","Bicyclist Left Turn / Merge",20,"Intersection","April","A: Disabling Injury",74280,"Bicyclist Left Turn - Same Direction",2008,"Yes","No","Dark - Roadway Not Lighted","Curve - Level","NC Route","Wet","Two-Way, Not Divided","None","No Special Feature","Coarse Asphalt",0,0,0,0,0,0,0,"2 lanes",2,0,NA,0,NA
5037,5494,"Kannapolis","Cabarrus","Piedmont","Residential","Urban (>70% Developed)",NA,"Urban","40 - 45  MPH","Stop Sign","Clear","No",64,"60-69","Yes",NA,"With Traffic","B: Evident Injury","Travel Lane","Black","Male",NA,"70+","No",NA,"6-10 mph","O: No Injury","White","Male","Sport Utility","Yes","11JAN2008","Friday","Crossing Paths - Other Circumstances",22,"Intersection","January","B: Evident Injury",79260,"Sign-Controlled Intersection - Other / Unknown",2008,"No","No","Dark - Lighted Roadway","Straight - Level","Local Street","Dry","Two-Way, Not Divided","None","No Special Feature","Smooth Asphalt",0,0,0,0,0,0,0,"2 lanes",2,0,NA,0,NA
5038,5497,"Wilmington","New Hanover","Coastal","Commercial","Urban (>70% Developed)",NA,"Urban","40 - 45  MPH","Stop And Go Signal","Clear","No",40,"40-49","No",NA,"With Traffic","B: Evident Injury",NA,"White","Male",59,"50-59","No",NA,"11-15 mph","O: No Injury","Black","Female","Passenger Car","No","14JAN2008","Monday","Motorist Left Turn / Merge",7,"Intersection","January","B: Evident Injury",27600,"Motorist Left Turn - Opposite Direction",2008,"Yes","No","Daylight","Straight - Level","Local Street","Dry","Two-Way, Not Divided","None","Four-Way Intersection","Smooth Asphalt",0,0,0,0,0,0,0,"5 lanes",2,0,NA,0,NA
5039,5504,"Goldsboro","Wayne","Coastal","Commercial","Urban (>70% Developed)",NA,"Urban","30 - 35  MPH","Stop And Go Signal","Clear","No",28,"25-29","No",NA,"Facing Traffic","C: Possible Injury","Sidewalk / Crosswalk / Driveway Crossing","Black","Male",34,"30-39","No",NA,"0-5 mph","O: No Injury","White","Female","Sport Utility","No","21JAN2008","Monday","Crossing Paths - Other Circumstances",17,"Intersection","January","C: Possible Injury",61800,"Signalized Intersection - Other / Unknown",2008,"Yes","No","Dusk","Straight - Level","Local Street","Dry","Two-Way, Not Divided","None","Four-Way Intersection","Coarse Asphalt",0,0,0,0,0,0,0,"4 lanes",2,0,NA,0,NA
5040,5506,"Charlotte","Mecklenburg","Piedmont","Residential","Urban (>70% Developed)",NA,"Urban","20 - 25  MPH","No Control Present","Clear","No",9,"6-10","No",NA,NA,"B: Evident Injury",NA,"Black","Male",43,"40-49","No",NA,"21-25 mph","O: No Injury","Hispanic","Female","Passenger Car","No","09APR2008","Wednesday","Loss of Control / Turning Error",17,"Intersection","April","B: Evident Injury",63360,"Bicyclist Lost Control - Mechanical Problems",2008,"No","No","Daylight","Straight - Level","Local Street","Dry","Two-Way, Not Divided","None","Four-Way Intersection","Smooth Asphalt",0,0,0,0,0,0,0,"1 lane",2,0,NA,0,NA
5041,5508,"Charlotte","Mecklenburg","Piedmont","Residential","Urban (>70% Developed)",NA,"Urban","30 - 35  MPH","No Control Present","Clear","No",9,"6-10","No",NA,"With Traffic","A: Disabling Injury","Travel Lane","Black","Male",24,"20-24","No",NA,"21-25 mph","O: No Injury","Black","Female","Sport Utility","No","22MAR2008","Saturday","Crossing Paths - Other Circumstances",18,"Intersection","March","A: Disabling Injury",67860,"Sign-Controlled Intersection - Other / Unknown",2008,"Yes","No","Daylight","Straight - Level","Local Street","Dry","Two-Way, Not Divided","None","No Special Feature","Concrete",0,0,0,0,0,0,0,"2 lanes",2,0,NA,0,NA
5042,5509,"Charlotte","Mecklenburg","Piedmont","Commercial","Urban (>70% Developed)",NA,"Urban","40 - 45  MPH","No Control Present","Cloudy","No",18,"16-19","No",NA,"With Traffic","C: Possible Injury","Travel Lane","Black","Male",43,"40-49","No",NA,"26-30 mph","O: No Injury","Black","Female","Passenger Car","No","11APR2008","Friday","Bicyclist Right Turn / Merge",15,"Non-Intersection","April","C: Possible Injury",56100,"Bicyclist Right Turn - Same Direction",2008,"Yes","No","Daylight","Straight - Level","Local Street","Dry","Two-Way, Not Divided","None","No Special Feature","Coarse Asphalt",0,0,0,0,0,0,0,"5 lanes",2,0,NA,0,NA
5043,5510,"None - Rural Crash","Cleveland","Mountains","Farms, Woods, Pastures","Rural (<30% Developed)",NA,"Rural","50 - 55  MPH","No Control Present","Rain","No",53,"50-59","No",NA,"With Traffic","B: Evident Injury","Travel Lane","White","Male",50,"50-59","No",NA,"41-45 mph","O: No Injury","White","Male","Pickup","No","12APR2008","Saturday","Motorist Overtaking Bicyclist",10,"Non-Intersection","April","B: Evident Injury",38940,"Motorist Overtaking - Misjudged Space",2008,"Yes","No","Daylight","Straight - Level","NC Route","Wet","Two-Way, Not Divided","None","No Special Feature","Smooth Asphalt",0,0,0,0,0,0,0,"2 lanes",2,0,NA,0,NA
5044,5512,"None - Rural Crash","Cumberland","Coastal","Residential","Mixed (30% To 70% Developed)",NA,"Rural","40 - 45  MPH","Double Yellow Line, No Passing Zone","Clear","No",41,"40-49","No",NA,"With Traffic","C: Possible Injury","Travel Lane","White","Male",33,"30-39","No",NA,"31-35 mph","O: No Injury","White","Female","Sport Utility","No","25JAN2008","Friday","Motorist Overtaking Bicyclist",10,"Non-Intersection","January","C: Possible Injury",37200,"Motorist Overtaking - Misjudged Space",2008,"Yes","No","Daylight","Straight - Level","State Secondary Route","Dry","Two-Way, Not Divided","None","No Special Feature","Smooth Asphalt",0,0,0,0,0,0,0,"2 lanes",2,0,NA,0,NA
5045,5515,"Asheville","Buncombe","Mountains","Commercial","Urban (>70% Developed)",NA,"Urban","40 - 45  MPH","Stop And Go Signal","Clear","No",33,"30-39","No",NA,"With Traffic","C: Possible Injury","Travel Lane","White","Male",39,"30-39","No",NA,"11-15 mph","O: No Injury","White","Female","Passenger Car","No","26JAN2008","Saturday","Motorist Right Turn / Merge",13,"Intersection","January","C: Possible Injury",50340,"Motorist Right Turn - Same Direction",2008,"No","No","Daylight","Straight - Hillcrest","Local Street","Dry","Two-Way, Not Divided","None","Four-Way Intersection","Smooth Asphalt",0,0,0,0,0,0,0,"5 lanes",2,0,NA,0,NA
5046,5529,"Wilson","Wilson","Coastal","Commercial","Urban (>70% Developed)",NA,"Urban","30 - 35  MPH","Stop And Go Signal","Clear","No",12,"11-15","No",NA,"Not Applicable","B: Evident Injury","Non-Roadway","White","Male",36,"30-39","No",NA,"16-20 mph","O: No Injury","White","Female","Passenger Car","No","01FEB2008","Friday","Non-Roadway",17,"Non-Roadway","February","B: Evident Injury",61740,"Non-Roadway",2008,"No","No","Daylight","Straight - Level","Public Vehicular Area","Wet",NA,"None","No Special Feature","Smooth Asphalt",0,0,0,0,0,0,0,NA,2,0,NA,0,NA
5047,5531,"Carrboro","Orange","Piedmont","Residential","Urban (>70% Developed)",NA,"Urban","20 - 25  MPH","Stop Sign","Clear","No",30,"30-39","Yes",NA,"With Traffic","B: Evident Injury","Travel Lane","White","Male",43,"40-49","No",NA,"16-20 mph","O: No Injury","Asian","Male","Passenger Car","Yes","01FEB2008","Friday","Motorist Left Turn / Merge",22,"Intersection","February","B: Evident Injury",82020,"Motorist Left Turn - Opposite Direction",2008,"Yes","No","Dark - Lighted Roadway","Straight - Level","Local Street","Dry","Two-Way, Not Divided","None","T-Intersection","Coarse Asphalt",0,0,0,0,0,0,0,"3 lanes",2,0,NA,0,NA