"...1","object_id","city","county","region","development","locality","on_road","rural_urban","speed_limit","traffic_control","weather","workzone","bike_age","bike_age_group","bike_alcohol","bike_alcohol_drugs","bike_direction","bike_injury","bike_position","bike_race","bike_sex","driver_age","driver_age_group","driver_alcohol","driver_alcohol_drugs","driver_est_speed","driver_injury","driver_race","driver_sex","driver_vehicle_type","crash_alcohol","crash_date","crash_day","crash_group","crash_hour","crash_location","crash_month","crash_severity","crash_time","crash_type","crash_year","ambulance_req","hit_run","light_condition","road_character","road_class","road_condition","road_configuration","road_defects","road_feature","road_surface","num_bikes_ai","num_bikes_bi","num_bikes_ci","num_bikes_ki","num_bikes_no","num_bikes_to","num_bikes_ui","num_lanes","num_units","distance_mi_from","frm_road","rte_invd_cd","towrd_road"
5048,5532,"Wrightsville Beach","New Hanover","Coastal","Residential","Urban (>70% Developed)",NA,"Rural","20 - 25  MPH","No Control Present","Clear","No",41,"40-49","No",NA,"With Traffic","C: Possible Injury","Travel Lane","White","Male",18,"0-19","No",NA,"0-5 mph","O: No Injury","White","Male","Passenger Car","No","02FEB2008","Saturday","Crossing Paths - Other Circumstances",10,"Intersection","February","C: Possible Injury",37740,"Sign-Controlled Intersection - Other / Unknown",2008,"Yes","No","Daylight","Straight - Level","Local Street","Dry","Two-Way, Not Divided","None","Four-Way Intersection","Coarse Asphalt",0,0,0,0,0,0,0,"2 lanes",2,0,NA,0,NA
5049,5536,"Chapel Hill","Orange","Piedmont","Residential","Urban (>70% Developed)",NA,"Urban","30 - 35  MPH","Stop Sign","Clear","No",43,"40-49","No",NA,"With Traffic","B: Evident Injury","Travel Lane","White","Male",19,"0-19","No",NA,"26-30 mph","O: No Injury","White","Male","Passenger Car","No","04FEB2008","Monday","Motorist Right Turn / Merge",13,"Intersection","February","B: Evident Injury",48420,"Motorist Right Turn - Same Direction",2008,"No","No","Daylight","Curve - Grade","Local Street","Dry","Two-Way, Not Divided","None","T-Intersection","Smooth Asphalt",0,0,0,0,0,0,0,"2 lanes",2,0,NA,0,NA
5050,5537,"None - Rural Crash","Richmond","Piedmont","Commercial","Urban (>70% Developed)",NA,"Rural","40 - 45  MPH","Double Yellow Line, No Passing Zone","Cloudy","No",17,"16-19","No",NA,"With Traffic","B: Evident Injury","Travel Lane","White","Male",NA,NA,"Missing",NA,"41-45 mph","Unknown Injury","Unknown/Missing",NA,NA,"No","04FEB2008","Monday","Motorist Overtaking Bicyclist",14,"Non-Intersection","February","B: Evident Injury",50400,"Motorist Overtaking - Other / Unknown",2008,"Yes","Yes","Daylight","Straight - Grade","State Secondary Route","Wet","Two-Way, Not Divided","None","No Special Feature","Smooth Asphalt",0,0,0,0,0,0,0,"2 lanes",2,0,NA,0,NA
5051,5540,"Bayboro","Pamlico","Coastal","Farms, Woods, Pastures","Mixed (30% To 70% Developed)",NA,"Rural","30 - 35  MPH","No Control Present","Clear","No",38,"30-39","Yes",NA,"With Traffic","C: Possible Injury","Travel Lane","White","Male",64,"60-69","No",NA,"21-25 mph","O: No Injury","White","Male","Van","Yes","09APR2008","Wednesday","Bicyclist Left Turn / Merge",20,"Non-Intersection","April","C: Possible Injury",73080,"Bicyclist Left Turn - Opposite Direction",2008,"No","No","Dark - Roadway Not Lighted","Straight - Level","NC Route","Dry","Two-Way, Divided, Unprotected Median","None","No Special Feature","Smooth Asphalt",0,0,0,0,0,0,0,"3 lanes",2,0,NA,0,NA
5052,5542,"Greensboro","Guilford","Piedmont","Commercial","Urban (>70% Developed)",NA,"Urban","20 - 25  MPH","Stop Sign","Clear","No",33,"30-39","No",NA,NA,"C: Possible Injury",NA,"Black","Male",22,"20-24","No",NA,"11-15 mph","O: No Injury","Black","Female","Passenger Car","No","07FEB2008","Thursday","Other / Unknown - Insufficient Details",17,"Intersection","February","C: Possible Injury",62100,"Unknown Approach Paths",2008,"No","No","Dusk","Straight - Level","Local Street","Dry","Two-Way, Divided, Unprotected Median","None","T-Intersection","Smooth Asphalt",0,0,0,0,0,0,0,"3 lanes",2,0,NA,0,NA
5053,5559,"None - Rural Crash","Wilson","Coastal","Farms, Woods, Pastures","Rural (<30% Developed)",NA,"Rural","40 - 45  MPH","No Control Present","Clear","No",52,"50-59","No",NA,"With Traffic","B: Evident Injury","Travel Lane","Black","Male",41,"40-49","No",NA,"36-40 mph","O: No Injury","White","Male","Pickup","No","15FEB2008","Friday","Motorist Overtaking Bicyclist",6,"Non-Intersection","February","B: Evident Injury",21780,"Motorist Overtaking - Undetected Bicyclist",2008,"Yes","No","Dark - Roadway Not Lighted","Straight - Level","US Route","Dry","Two-Way, Divided, Unprotected Median","None","No Special Feature","Smooth Asphalt",0,0,0,0,0,0,0,"8 lanes",2,0,NA,0,NA
5054,5562,"Wilmington","New Hanover","Coastal","Residential","Urban (>70% Developed)",NA,"Urban","30 - 35  MPH","Stop And Go Signal","Clear","No",32,"30-39","No",NA,"Facing Traffic","B: Evident Injury","Sidewalk / Crosswalk / Driveway Crossing","White","Male",46,"40-49","No",NA,"0-5 mph","O: No Injury","White","Female","Passenger Car","No","16FEB2008","Saturday","Bicyclist Failed to Yield - Signalized Intersection",8,"Intersection","February","B: Evident Injury",31020,"Bicyclist Ride Through - Signalized Intersection",2008,"No","No","Daylight","Straight - Level","Local Street","Dry","Two-Way, Not Divided","None","Related To Intersection","Smooth Asphalt",0,0,0,0,0,0,0,"2 lanes",2,0,NA,0,NA
5055,5563,"Raleigh","Wake","Piedmont","Residential","Urban (>70% Developed)",NA,"Urban","30 - 35  MPH","Stop And Go Signal","Rain","No",29,"25-29","No",NA,"Facing Traffic","C: Possible Injury","Sidewalk / Crosswalk / Driveway Crossing","Other","Male",19,"0-19","No",NA,"6-10 mph","O: No Injury","White","Female","Sport Utility","No","13FEB2008","Wednesday","Bicyclist Failed to Yield - Signalized Intersection",21,"Intersection","February","C: Possible Injury",76440,"Bicyclist Ride Through - Signalized Intersection",2008,"No","No","Dark - Lighted Roadway","Straight - Level","Local Street","Wet","Two-Way, Divided, Unprotected Median","None","Four-Way Intersection","Smooth Asphalt",0,0,0,0,0,0,0,"5 lanes",2,0,NA,0,NA
5056,5565,"None - Rural Crash","Beaufort","Coastal","Farms, Woods, Pastures","Rural (<30% Developed)",NA,"Rural","50 - 55  MPH","No Control Present","Clear","No",57,"50-59","Yes",NA,"Facing Traffic","C: Possible Injury","Travel Lane","Black","Male",NA,"70+","No",NA,"51-55 mph","O: No Injury","White","Male","Passenger Car","Yes","18FEB2008","Monday","Motorist Overtaking Bicyclist",18,"Non-Intersection","February","C: Possible Injury",67260,"Motorist Overtaking - Misjudged Space",2008,"Yes","No","Dark - Roadway Not Lighted","Straight - Level","State Secondary Route","Dry","Two-Way, Not Divided","None","No Special Feature","Smooth Asphalt",0,0,0,0,0,0,0,"2 lanes",2,0,NA,0,NA
5057,5567,"Durham","Durham","Piedmont","Residential","Mixed (30% To 70% Developed)",NA,"Urban","40 - 45  MPH","Double Yellow Line, No Passing Zone","Clear","No",26,"25-29","No",NA,"With Traffic","B: Evident Injury","Travel Lane","Black","Male",NA,NA,"Missing",NA,"41-45 mph","Unknown Injury","Unknown/Missing",NA,NA,"No","19FEB2008","Tuesday","Motorist Overtaking Bicyclist",19,"Non-Intersection","February","B: Evident Injury",69300,"Motorist Overtaking - Other / Unknown",2008,"Yes","Yes","Dark - Roadway Not Lighted","Straight - Level","State Secondary Route","Dry","Two-Way, Not Divided","None","No Special Feature","Smooth Asphalt",0,0,0,0,0,0,0,"2 lanes",2,0,NA,0,NA
5058,5574,"Kinston","Lenoir","Coastal","Residential","Urban (>70% Developed)",NA,"Urban","30 - 35  MPH","Stop Sign","Clear","No",22,"20-24","Yes",NA,"With Traffic","B: Evident Injury","Travel Lane","Black","Female",57,"50-59","No",NA,"11-15 mph","O: No Injury","Black","Female","Van","Yes","29APR2008","Tuesday","Bicyclist Failed to Yield - Sign-Controlled Intersection",23,"Intersection","April","B: Evident Injury",84480,"Bicyclist Ride Through - Sign-Controlled Intersection",2008,"Yes","No","Dark - Lighted Roadway","Straight - Grade","Local Street","Dry","Two-Way, Not Divided","None","Four-Way Intersection","Smooth Asphalt",0,0,0,0,0,0,0,"2 lanes",2,0,NA,0,NA
5059,5582,"None - Rural Crash","Johnston","Coastal","Residential","Rural (<30% Developed)",NA,"Rural","50 - 55  MPH","Double Yellow Line, No Passing Zone","Clear","No",13,"11-15","No",NA,"With Traffic","B: Evident Injury","Travel Lane","White","Male",62,"60-69","No",NA,"51-55 mph","O: No Injury","White","Male","Passenger Car","No","27FEB2008","Wednesday","Bicyclist Left Turn / Merge",17,"Intersection","February","B: Evident Injury",62460,"Bicyclist Left Turn - Same Direction",2008,"No","No","Daylight","Straight - Level","State Secondary Route","Dry","Two-Way, Not Divided","None","T-Intersection","Coarse Asphalt",0,0,0,0,0,0,0,"2 lanes",2,0,NA,0,NA
5060,5598,"None - Rural Crash","Guilford","Piedmont","Farms, Woods, Pastures","Rural (<30% Developed)",NA,"Rural","40 - 45  MPH","Double Yellow Line, No Passing Zone","Clear","No",NA,"70+","No",NA,"With Traffic","C: Possible Injury","Travel Lane","White","Male",55,"50-59","No",NA,"36-40 mph","O: No Injury","White","Male","Sport Utility","No","06MAR2008","Thursday","Motorist Overtaking Bicyclist",13,"Non-Intersection","March","C: Possible Injury",48600,"Motorist Overtaking - Misjudged Space",2008,"No","No","Daylight","Straight - Grade","State Secondary Route","Dry","Two-Way, Not Divided","None","No Special Feature","Coarse Asphalt",0,0,0,0,0,0,0,"2 lanes",2,0,NA,0,NA
5061,5609,"None - Rural Crash","Transylvania","Mountains","Farms, Woods, Pastures","Rural (<30% Developed)",NA,"Rural","40 - 45  MPH","Double Yellow Line, No Passing Zone","Clear","No",15,"11-15","No",NA,"With Traffic","C: Possible Injury","Travel Lane","White","Male",52,"50-59","No",NA,"41-45 mph","O: No Injury","White","Female","Sport Utility","No","11MAR2008","Tuesday","Bicyclist Left Turn / Merge",17,"Non-Intersection","March","C: Possible Injury",64560,"Bicyclist Left Turn - Opposite Direction",2008,"No","No","Daylight","Straight - Level","US Route","Dry","Two-Way, Not Divided","None","No Special Feature","Smooth Asphalt",0,0,0,0,0,0,0,"3 lanes",2,0,NA,0,NA
5062,5615,"Charlotte","Mecklenburg","Piedmont","Commercial","Urban (>70% Developed)",NA,"Urban","30 - 35  MPH","Stop And Go Signal","Clear","No",10,"6-10","No",NA,"Facing Traffic","B: Evident Injury","Sidewalk / Crosswalk / Driveway Crossing","White","Female",28,"25-29","No",NA,"0-5 mph","O: No Injury","White","Male","Passenger Car","No","09MAY2008","Friday","Motorist Failed to Yield - Signalized Intersection",15,"Intersection","May","B: Evident Injury",57300,"Motorist Drive Out - Right Turn on Red",2008,"No","No","Daylight","Straight - Grade","Local Street","Dry","Two-Way, Divided, Positive Median Barrier","Other","Four-Way Intersection","Coarse Asphalt",0,0,0,0,0,0,0,"2 lanes",2,0,NA,0,NA
5063,5617,"Raleigh","Wake","Piedmont","Commercial","Urban (>70% Developed)",NA,"Urban","30 - 35  MPH","No Control Present","Clear","No",42,"40-49","No",NA,"Facing Traffic","A: Disabling Injury","Bike Lane / Paved Shoulder","Hispanic","Male",41,"40-49","No",NA,"31-35 mph","C: Possible Injury","White","Female","Passenger Car","No","11MAR2008","Tuesday","Parallel Paths - Other Circumstances",7,"Intersection","March","A: Disabling Injury",26940,"Bicyclist Ride Out - Parallel Path",2008,"Yes","No","Daylight","Curve - Level","Local Street","Dry","One-Way, Not Divided","None","On or Off Ramp","Smooth Asphalt",0,0,0,0,0,0,0,"1 lane",2,0,NA,0,NA
5064,5621,"Chapel Hill","Orange","Piedmont","Residential","Urban (>70% Developed)",NA,"Urban","30 - 35  MPH","No Control Present","Clear","No",48,"40-49","No",NA,"With Traffic","C: Possible Injury","Travel Lane","White","Female",NA,"70+","No",NA,"16-20 mph","O: No Injury","White","Female","Passenger Car","No","16MAR2008","Sunday","Motorist Left Turn / Merge",18,"Intersection","March","C: Possible Injury",64860,"Motorist Left Turn - Opposite Direction",2008,"Yes","No","Daylight","Straight - Level","Local Street","Dry","Two-Way, Not Divided","None","Four-Way Intersection","Smooth Asphalt",0,0,0,0,0,0,0,"2 lanes",2,0,NA,0,NA
5065,5625,"None - Rural Crash","Henderson","Mountains","Residential","Urban (>70% Developed)",NA,"Rural","40 - 45  MPH","Double Yellow Line, No Passing Zone","Clear","No",43,"40-49","No",NA,"With Traffic","C: Possible Injury","Travel Lane","White","Male",NA,NA,"No",NA,"36-40 mph","Unknown Injury","Unknown/Missing",NA,NA,"No","18MAR2008","Tuesday","Motorist Overtaking Bicyclist",7,"Non-Intersection","March","C: Possible Injury",27120,"Motorist Overtaking - Misjudged Space",2008,"Yes","Yes","Daylight","Straight - Level","US Route","Dry","Two-Way, Not Divided","None","No Special Feature","Smooth Asphalt",0,0,0,0,0,0,0,"2 lanes",2,0,NA,0,NA
5066,5629,"None - Rural Crash","Dare","Coastal","Residential","Urban (>70% Developed)",NA,"Rural","30 - 35  MPH","Double Yellow Line, No Passing Zone","Cloudy","No",5,"0-5","No",NA,"Not Applicable","B: Evident Injury","Non-Roadway","Hispanic","Male",22,"20-24","No",NA,"31-35 mph","O: No Injury","White","Female","Passenger Car","No","20MAR2008","Thursday","Bicyclist Failed to Yield - Midblock",18,"Non-Intersection","March","B: Evident Injury",67740,"Bicyclist Ride Out - Commercial Driveway / Alley",2008,"Yes","No","Dusk","Straight - Level","State Secondary Route","Dry","Two-Way, Not Divided","None","Driveway, Public","Coarse Asphalt",0,0,0,0,0,0,0,"2 lanes",2,0,NA,0,NA
5067,5630,"Charlotte","Mecklenburg","Piedmont","Commercial","Urban (>70% Developed)",NA,"Urban","30 - 35  MPH","No Control Present","Clear","No",13,"11-15","No",NA,NA,"B: Evident Injury",NA,"Black","Male",36,"30-39","No",NA,"26-30 mph","O: No Injury","Black","Female","Passenger Car","No","09MAY2008","Friday","Other / Unknown - Insufficient Details",18,"Non-Intersection","May","B: Evident Injury",67620,"Unknown Approach Paths",2008,"Yes","No","Daylight","Straight - Level","Local Street","Dry","Two-Way, Not Divided","None","No Special Feature","Coarse Asphalt",0,0,0,0,0,0,0,"1 lane",2,0,NA,0,NA
5068,5637,"Fayetteville","Cumberland","Coastal","Commercial","Urban (>70% Developed)",NA,"Urban","40 - 45  MPH","Stop And Go Signal","Clear","No",47,"40-49","No",NA,NA,"B: Evident Injury",NA,"Black","Male",58,"50-59","No",NA,"41-45 mph","C: Possible Injury","Black","Female","Sport Utility","No","25MAR2008","Tuesday","Other / Unknown - Insufficient Details",7,"Non-Intersection","March","B: Evident Injury",25200,"Unknown Approach Paths",2008,"Yes","No","Dawn","Straight - Level","Local Street","Dry","Two-Way, Divided, Unprotected Median","None","No Special Feature","Coarse Asphalt",0,0,0,0,0,0,0,"7 lanes",2,0,NA,0,NA
5069,5639,"Oxford","Granville","Piedmont","Commercial","Urban (>70% Developed)",NA,"Urban",NA,"Missing","Clear","No",29,"25-29","Yes",NA,"With Traffic","B: Evident Injury","Bike Lane / Paved Shoulder","Hispanic","Male",NA,NA,"Missing",NA,NA,"Unknown Injury","Unknown/Missing",NA,NA,"Yes","04FEB2008","Monday","Motorist Overtaking Bicyclist",16,"Non-Intersection","February","B: Evident Injury",60780,"Motorist Overtaking - Misjudged Space",2008,"Yes","Yes","Daylight","Straight - Grade","Local Street","Dry","Two-Way, Not Divided","None","No Special Feature","Smooth Asphalt",0,0,0,0,0,0,0,"2 lanes",2,0,NA,0,NA
5070,5642,"None - Rural Crash","Wake","Piedmont","Farms, Woods, Pastures","Rural (<30% Developed)",NA,"Rural","40 - 45  MPH","No Control Present","Cloudy","No",44,"40-49","Yes",NA,"With Traffic","C: Possible Injury","Travel Lane","Black","Male",NA,NA,"Missing",NA,"41-45 mph","Unknown Injury","Unknown/Missing",NA,NA,"Yes","18MAY2008","Sunday","Motorist Overtaking Bicyclist",23,"Non-Intersection","May","C: Possible Injury",84480,"Motorist Overtaking - Other / Unknown",2008,"Yes","Yes","Dark - Roadway Not Lighted","Straight - Level","State Secondary Route","Wet","Two-Way, Not Divided","None","No Special Feature","Smooth Asphalt",0,0,0,0,0,0,0,"2 lanes",2,0,NA,0,NA
5071,5647,"Raleigh","Wake","Piedmont","Residential","Urban (>70% Developed)",NA,"Urban","30 - 35  MPH","Missing","Clear","No",14,"11-15","No",NA,"Facing Traffic","C: Possible Injury","Sidewalk / Crosswalk / Driveway Crossing","Black","Male",NA,NA,"Missing",NA,NA,"Unknown Injury","Unknown/Missing",NA,NA,"No","27MAR2008","Thursday","Motorist Failed to Yield - Midblock",18,"Non-Intersection","March","C: Possible Injury",67500,"Motorist Drive Out - Commercial Driveway / Alley",2008,"No","Yes","Daylight","Straight - Level","Public Vehicular Area","Dry","Two-Way, Not Divided","None","Driveway, Public","Smooth Asphalt",0,0,0,0,0,0,0,NA,2,0,NA,0,NA
5072,5651,"Wilmington","New Hanover","Coastal","Residential","Urban (>70% Developed)",NA,"Urban","20 - 25  MPH","Stop Sign","Clear","No",69,"60-69","No",NA,"With Traffic","B: Evident Injury","Travel Lane","White","Male",18,"0-19","No",NA,"0-5 mph","O: No Injury","White","Male","Passenger Car","No","28MAR2008","Friday","Motorist Failed to Yield - Sign-Controlled Intersection",16,"Intersection","March","B: Evident Injury",59520,"Motorist Drive Out - Sign-Controlled Intersection",2008,"Yes","No","Daylight","Straight - Level","Local Street","Dry","Two-Way, Not Divided","None","Four-Way Intersection","Smooth Asphalt",0,0,0,0,0,0,0,"2 lanes",2,0,NA,0,NA
5073,5657,"Raleigh","Wake","Piedmont","Residential","Urban (>70% Developed)",NA,"Urban","20 - 25  MPH","Stop Sign","Clear","No",27,"25-29","No",NA,"With Traffic","B: Evident Injury","Travel Lane","White","Male",28,"25-29","No",NA,"21-25 mph","O: No Injury","White","Female","Passenger Car","No","02APR2008","Wednesday","Bicyclist Failed to Yield - Sign-Controlled Intersection",19,"Intersection","April","B: Evident Injury",69000,"Bicyclist Ride Through - Sign-Controlled Intersection",2008,"Yes","No","Daylight","Straight - Bottom","Local Street","Dry","Two-Way, Not Divided","None","Four-Way Intersection","Smooth Asphalt",0,0,0,0,0,0,0,"2 lanes",2,0,NA,0,NA
5074,5659,"High Point","Guilford","Piedmont","Residential","Urban (>70% Developed)",NA,"Urban","30 - 35  MPH","Stop Sign","Clear","No",26,"25-29","No",NA,"With Traffic","B: Evident Injury","Travel Lane","Black","Male",57,"50-59","No",NA,"26-30 mph","O: No Injury","Black","Female","Passenger Car","No","03APR2008","Thursday","Bicyclist Failed to Yield - Sign-Controlled Intersection",9,"Intersection","April","B: Evident Injury",34320,"Bicyclist Ride Through - Sign-Controlled Intersection",2008,"Yes","No","Daylight","Straight - Level","Public Vehicular Area","Dry","Two-Way, Not Divided","None","Four-Way Intersection","Smooth Asphalt",0,0,0,0,0,0,0,"2 lanes",2,0,NA,0,NA
5075,5663,"Charlotte","Mecklenburg","Piedmont","Residential","Mixed (30% To 70% Developed)",NA,"Urban","30 - 35  MPH","No Control Present","Clear","No",7,"6-10","No",NA,"With Traffic","C: Possible Injury","Travel Lane","Black","Male",59,"50-59","No",NA,"21-25 mph","O: No Injury","Black","Male","Van","No","22MAY2008","Thursday","Bicyclist Failed to Yield - Sign-Controlled Intersection",19,"Intersection","May","C: Possible Injury",70920,"Bicyclist Ride Out - Sign-Controlled Intersection",2008,"Yes","No","Daylight","Straight - Grade","Local Street","Dry","Two-Way, Not Divided","None","No Special Feature","Smooth Asphalt",0,0,0,0,0,0,0,"2 lanes",2,0,NA,0,NA
5076,5673,"Gastonia","Gaston","Piedmont","Residential","Urban (>70% Developed)",NA,"Urban","30 - 35  MPH","Missing","Clear","No",7,"6-10","No",NA,"Not Applicable","C: Possible Injury","Driveway / Alley","Asian","Female",23,"20-24","No",NA,"21-25 mph","O: No Injury","White","Female","Passenger Car","No","07APR2008","Monday","Bicyclist Failed to Yield - Midblock",13,"Non-Intersection","April","C: Possible Injury",49740,"Bicyclist Ride Out - Residential Driveway",2008,"No","No","Daylight","Straight - Level","Local Street","Dry","Two-Way, Not Divided","None","Driveway, Public","Smooth Asphalt",0,0,0,0,0,0,0,"2 lanes",2,0,NA,0,NA
5077,5696,"Greensboro","Guilford","Piedmont","Institutional","Urban (>70% Developed)",NA,"Urban","20 - 25  MPH","No Control Present","Clear","No",20,"20-24","No",NA,"With Traffic","Unknown Injury","Bike Lane / Paved Shoulder","White","Male",NA,"70+","No",NA,NA,"O: No Injury","White","Male","Passenger Car","No","17APR2008","Thursday","Motorist Right Turn / Merge",19,"Non-Intersection","April","O: No Injury",69360,"Motorist Right Turn - Same Direction",2008,"No","No","Daylight","Straight - Level","Local Street","Dry","Two-Way, Not Divided","None","Shared-Use Paths Or Trails","Smooth Asphalt",0,0,0,0,0,0,0,"3 lanes",3,0,NA,0,NA
5078,5697,"None - Rural Crash","Robeson","Coastal","Farms, Woods, Pastures","Rural (<30% Developed)",NA,"Rural","50 - 55  MPH","No Control Present","Clear","No",20,"20-24","No",NA,"With Traffic","B: Evident Injury","Travel Lane","Native American","Female",63,"60-69","No",NA,"51-55 mph","O: No Injury","White","Male","Tractor/Semi-Trailer","No","23MAY2008","Friday","Motorist Overtaking Bicyclist",4,"Non-Intersection","May","B: Evident Injury",15840,"Motorist Overtaking - Undetected Bicyclist",2008,"No","No","Dark - Roadway Not Lighted","Straight - Level","NC Route","Dry","Two-Way, Not Divided","None","No Special Feature","Coarse Asphalt",0,0,0,0,0,0,0,"2 lanes",2,0,NA,0,NA
5079,5701,"Raleigh","Wake","Piedmont","Commercial","Urban (>70% Developed)",NA,"Urban","20 - 25  MPH","Stop And Go Signal","Cloudy","No",22,"20-24","No",NA,"With Traffic","C: Possible Injury","Travel Lane","White","Female",36,"30-39","No",NA,"6-10 mph","O: No Injury","White","Female","Passenger Car","No","27APR2008","Sunday","Motorist Failed to Yield - Signalized Intersection",20,"Intersection","April","C: Possible Injury",72600,"Motorist Drive Out - Right Turn on Red",2008,"No","No","Dusk","Straight - Level","Local Street","Wet","Two-Way, Not Divided","None","No Special Feature","Concrete",0,0,0,0,0,0,0,"4 lanes",2,0,NA,0,NA
5080,5703,"None - Rural Crash","Orange","Piedmont","Farms, Woods, Pastures","Mixed (30% To 70% Developed)",NA,"Rural","40 - 45  MPH","Double Yellow Line, No Passing Zone","Clear","No",51,"50-59","No",NA,"With Traffic","B: Evident Injury","Travel Lane","White","Male",49,"40-49","No",NA,"41-45 mph","O: No Injury","Black","Male","Sport Utility","No","17APR2008","Thursday","Motorist Overtaking Bicyclist",20,"Non-Intersection","April","B: Evident Injury",74280,"Motorist Overtaking - Undetected Bicyclist",2008,"No","No","Dark - Roadway Not Lighted","Straight - Level","State Secondary Route","Dry","Two-Way, Not Divided","None","No Special Feature","Smooth Asphalt",0,0,0,0,0,0,0,"2 lanes",2,0,NA,0,NA
5081,5712,"Raleigh","Wake","Piedmont","Commercial","Urban (>70% Developed)",NA,"Urban","40 - 45  MPH","Missing","Cloudy","No",18,"16-19","No",NA,NA,"C: Possible Injury",NA,"White","Female",34,"30-39","No",NA,"31-35 mph","O: No Injury","Black","Female","Passenger Car","No","22APR2008","Tuesday","Crossing Paths - Other Circumstances",16,"Non-Intersection","April","C: Possible Injury",57900,"Crossing Paths - Midblock - Other / Unknown",2008,"No","No","Daylight","Straight - Grade","Local Street","Wet","Two-Way, Divided, Positive Median Barrier","None","No Special Feature","Smooth Asphalt",0,0,0,0,0,0,0,"4 lanes",2,0,NA,0,NA
5082,5713,"Raleigh","Wake","Piedmont","Residential","Urban (>70% Developed)",NA,"Urban","20 - 25  MPH","No Control Present","Cloudy","No",60,"60-69","No",NA,"With Traffic","K: Killed","Travel Lane","White","Female",21,"20-24","Yes",NA,"31-35 mph","O: No Injury","White","Male","Pickup","Yes","23APR2008","Wednesday","Motorist Overtaking Bicyclist",10,"Non-Intersection","April","K: Killed",39420,"Motorist Overtaking - Other / Unknown",2008,"Yes","No","Daylight","Straight - Grade","Local Street","Dry","Two-Way, Not Divided","None","No Special Feature","Smooth Asphalt",0,0,0,0,0,0,0,"2 lanes",2,0,NA,0,NA
5083,5716,"Asheville","Buncombe","Mountains","Commercial","Urban (>70% Developed)",NA,"Urban","30 - 35  MPH","Stop And Go Signal","Clear","No",20,"20-24","No",NA,"With Traffic","A: Disabling Injury","Travel Lane","White","Male",52,"50-59","No",NA,"31-35 mph","O: No Injury","White","Male","Pickup","No","24APR2008","Thursday","Bicyclist Left Turn / Merge",13,"Intersection","April","A: Disabling Injury",48780,"Bicyclist Left Turn - Opposite Direction",2008,"Yes","No","Daylight","Straight - Grade","Local Street","Dry","Two-Way, Not Divided","None","Four-Way Intersection","Coarse Asphalt",0,0,0,0,0,0,0,"4 lanes",2,0,NA,0,NA
5084,5736,"Fayetteville","Cumberland","Coastal","Commercial","Urban (>70% Developed)",NA,"Urban",NA,"No Control Present","Cloudy","No",18,"16-19","No",NA,"With Traffic","B: Evident Injury","Sidewalk / Crosswalk / Driveway Crossing","White","Male",20,"20-24","No",NA,"0-5 mph","O: No Injury","Black","Male","Passenger Car","No","02MAY2008","Friday","Motorist Failed to Yield - Midblock",13,"Non-Intersection","May","B: Evident Injury",48120,"Motorist Drive Out - Commercial Driveway / Alley",2008,"Yes","No","Daylight","Straight - Grade","Local Street","Dry","Two-Way, Not Divided","None","No Special Feature","Concrete",0,0,0,0,0,0,0,NA,2,0,NA,0,NA
5085,5750,"Kinston","Lenoir","Coastal","Residential","Urban (>70% Developed)",NA,"Urban","30 - 35  MPH","Stop Sign","Clear","No",7,"6-10","No",NA,"With Traffic","C: Possible Injury","Travel Lane","Black","Male",48,"40-49","No",NA,"31-35 mph","O: No Injury","Black","Male","Pickup","No","14JUN2008","Saturday","Bicyclist Failed to Yield - Sign-Controlled Intersection",19,"Intersection","June","C: Possible Injury",70560,"Bicyclist Ride Through - Sign-Controlled Intersection",2008,"Yes","No","Daylight","Straight - Level","NC Route","Dry","Two-Way, Divided, Unprotected Median","None","Four-Way Intersection","Coarse Asphalt",0,0,0,0,0,0,0,"4 lanes",2,0,NA,0,NA
5086,5752,"None - Rural Crash","Durham","Piedmont","Farms, Woods, Pastures","Rural (<30% Developed)",NA,"Rural","40 - 45  MPH","Double Yellow Line, No Passing Zone","Clear","No",14,"11-15","No",NA,"With Traffic","B: Evident Injury","Travel Lane","Hispanic","Male",50,"50-59","No",NA,"41-45 mph","O: No Injury","Black","Female","Passenger Car","No","07MAY2008","Wednesday","Motorist Overtaking Bicyclist",15,"Non-Intersection","May","B: Evident Injury",55020,"Motorist Overtaking - Bicyclist Swerved",2008,"No","No","Daylight","Straight - Level","State Secondary Route","Dry","Two-Way, Not Divided","None","No Special Feature","Coarse Asphalt",0,0,0,0,0,0,0,"2 lanes",2,0,NA,0,NA
5087,5753,"Mount Holly","Gaston","Piedmont","Residential","Urban (>70% Developed)",NA,"Urban",NA,"No Control Present","Clear","No",27,"25-29","Yes",NA,"Not Applicable","B: Evident Injury","Non-Roadway","White","Male",21,"20-24","No",NA,"0-5 mph","O: No Injury","White","Male","Sport Utility","Yes","07MAY2008","Wednesday","Non-Roadway",21,"Non-Roadway","May","B: Evident Injury",77040,"Non-Roadway",2008,"Yes","No","Dark - Roadway Not Lighted","Straight - Level","Local Street","Dry","Two-Way, Not Divided","None","No Special Feature","Smooth Asphalt",0,0,0,0,0,0,0,NA,2,0,NA,0,NA
5088,5758,"Burlington","Alamance","Piedmont","Residential","Urban (>70% Developed)",NA,"Urban",NA,"No Control Present","Clear","No",4,"0-5","No",NA,"Not Applicable","C: Possible Injury","Non-Roadway","Black","Male",27,"25-29","No",NA,"0-5 mph","O: No Injury","White","Female","Passenger Car","No","08MAY2008","Thursday","Non-Roadway",15,"Non-Roadway","May","C: Possible Injury",55020,"Non-Roadway",2008,"Yes","No","Daylight","Straight - Level","Public Vehicular Area","Dry","Two-Way, Not Divided","None","No Special Feature","Smooth Asphalt",0,0,0,0,0,0,0,NA,2,0,NA,0,NA