"...1","object_id","city","county","region","development","locality","on_road","rural_urban","speed_limit","traffic_control","weather","workzone","bike_age","bike_age_group","bike_alcohol","bike_alcohol_drugs","bike_direction","bike_injury","bike_position","bike_race","bike_sex","driver_age","driver_age_group","driver_alcohol","driver_alcohol_drugs","driver_est_speed","driver_injury","driver_race","driver_sex","driver_vehicle_type","crash_alcohol","crash_date","crash_day","crash_group","crash_hour","crash_location","crash_month","crash_severity","crash_time","crash_type","crash_year","ambulance_req","hit_run","light_condition","road_character","road_class","road_condition","road_configuration","road_defects","road_feature","road_surface","num_bikes_ai","num_bikes_bi","num_bikes_ci","num_bikes_ki","num_bikes_no","num_bikes_to","num_bikes_ui","num_lanes","num_units","distance_mi_from","frm_road","rte_invd_cd","towrd_road"
5089,5766,"Raleigh","Wake","Piedmont","Residential","Urban (>70% Developed)",NA,"Urban","20 - 25  MPH","Stop Sign","Clear","No",37,"30-39","No",NA,"With Traffic","O: No Injury","Travel Lane","Black","Male",65,"60-69","No",NA,"11-15 mph","O: No Injury","Black","Male","Light Truck (Mini-Van, Panel)","No","13MAY2008","Tuesday","Bicyclist Failed to Yield - Sign-Controlled Intersection",18,"Intersection","May","O: No Injury",65580,"Bicyclist Ride Through - Sign-Controlled Intersection",2008,"No","No","Daylight","Straight - Grade","Local Street","Dry","Two-Way, Not Divided","None","Four-Way Intersection","Smooth Asphalt",0,0,0,0,0,0,0,"2 lanes",2,0,NA,0,NA
5090,5768,"Raleigh","Wake","Piedmont","Residential","Urban (>70% Developed)",NA,"Urban","30 - 35  MPH","Stop Sign","Clear","No",46,"40-49","No",NA,"With Traffic","B: Evident Injury","Travel Lane","White","Male",50,"50-59","No",NA,NA,"O: No Injury","Other","Male","Passenger Car","No","01MAY2008","Thursday","Motorist Failed to Yield - Sign-Controlled Intersection",7,"Intersection","May","B: Evident Injury",25500,"Motorist Drive Out - Sign-Controlled Intersection",2008,"Yes","No","Daylight","Straight - Grade","Local Street","Dry","Two-Way, Not Divided","None","Four-Way Intersection","Smooth Asphalt",0,0,0,0,0,0,0,"5 lanes",2,0,NA,0,NA
5091,5770,"Raleigh","Wake","Piedmont","Commercial","Rural (<30% Developed)",NA,"Urban","40 - 45  MPH","Stop And Go Signal","Clear","No",29,"25-29","No",NA,"Facing Traffic","B: Evident Injury","Sidewalk / Crosswalk / Driveway Crossing","White","Female",18,"0-19","No",NA,"0-5 mph","O: No Injury","White","Female","Passenger Car","No","07MAY2008","Wednesday","Motorist Failed to Yield - Signalized Intersection",14,"Intersection","May","B: Evident Injury",53280,"Motorist Drive Out - Right Turn on Red",2008,"Yes","No","Daylight","Straight - Level","Local Street","Dry","Two-Way, Not Divided","None","No Special Feature","Smooth Asphalt",0,0,0,0,0,0,0,"5 lanes",2,0,NA,0,NA
5092,5771,"Raleigh","Wake","Piedmont","Commercial","Urban (>70% Developed)",NA,"Urban","40 - 45  MPH","Missing","Clear","No",48,"40-49","Yes",NA,NA,"C: Possible Injury",NA,"Black","Male",38,"30-39","No",NA,"41-45 mph","O: No Injury","Black","Female","Passenger Car","Yes","30APR2008","Wednesday","Bicyclist Failed to Yield - Midblock",22,"Non-Intersection","April","C: Possible Injury",79200,"Bicyclist Ride Out - Midblock - Unknown",2008,"No","No","Dark - Lighted Roadway",NA,"Local Street","Dry",NA,"None","No Special Feature",NA,0,0,0,0,0,0,0,NA,2,0,NA,0,NA
5093,5774,"Greensboro","Guilford","Piedmont","Commercial","Urban (>70% Developed)",NA,"Urban","30 - 35  MPH","Stop And Go Signal","Cloudy","No",1,"0-5","No",NA,"Facing Traffic","B: Evident Injury","Sidewalk / Crosswalk / Driveway Crossing","White","Female",61,"60-69","No",NA,"0-5 mph","O: No Injury","White","Male","Passenger Car","No","12MAY2008","Monday","Crossing Paths - Other Circumstances",16,"Intersection","May","B: Evident Injury",59520,"Signalized Intersection - Other / Unknown",2008,"No","No","Daylight","Straight - Level","Local Street","Dry","Two-Way, Not Divided","None","Four-Way Intersection","Smooth Asphalt",0,0,0,0,0,0,0,"2 lanes",2,0,NA,0,NA
5094,5776,"Concord","Cabarrus","Piedmont","Residential","Urban (>70% Developed)",NA,"Urban","30 - 35  MPH","Missing","Clear","No",31,"30-39","No",NA,"With Traffic","C: Possible Injury","Travel Lane","White","Male",20,"20-24","No",NA,"0-5 mph","O: No Injury","White","Male","Pickup","No","13MAY2008","Tuesday","Motorist Failed to Yield - Sign-Controlled Intersection",22,"Intersection","May","C: Possible Injury",81660,"Motorist Drive Through - Sign-Controlled Intersection",2008,"No","No","Dark - Lighted Roadway","Straight - Level","Local Street","Dry","Two-Way, Not Divided","None","T-Intersection","Smooth Asphalt",0,0,0,0,0,0,0,"2 lanes",2,0,NA,0,NA
5095,5785,"Asheboro","Randolph","Piedmont","Residential","Urban (>70% Developed)",NA,"Urban","30 - 35  MPH","Missing","Clear","No",7,"6-10","No",NA,"Not Applicable","C: Possible Injury","Non-Roadway","White","Male",36,"30-39","No",NA,"21-25 mph","O: No Injury","Black","Male","Sport Utility","No","17MAY2008","Saturday","Bicyclist Failed to Yield - Midblock",11,"Non-Intersection","May","C: Possible Injury",41160,"Bicyclist Ride Out - Other Midblock",2008,"Yes","No","Daylight","Straight - Level","Local Street","Dry","Two-Way, Not Divided","None","Driveway, Public","Smooth Asphalt",0,0,0,0,0,0,0,"2 lanes",2,0,NA,0,NA
5096,5791,"Fayetteville","Cumberland","Coastal","Residential","Urban (>70% Developed)",NA,"Urban","40 - 45  MPH","Stop Sign","Clear","No",32,"30-39","No",NA,NA,"B: Evident Injury",NA,"White","Female",NA,"70+","No",NA,"0-5 mph","O: No Injury","Black","Male","Pickup","No","19MAY2008","Monday","Motorist Failed to Yield - Sign-Controlled Intersection",19,"Intersection","May","B: Evident Injury",68820,"Motorist Drive Out - Sign-Controlled Intersection",2008,"Yes","No","Daylight","Straight - Level","Local Street","Dry","Two-Way, Divided, Unprotected Median","None","Four-Way Intersection","Smooth Asphalt",0,0,0,0,0,0,0,"6 lanes",2,0,NA,0,NA
5097,5792,"Washington","Beaufort","Coastal","Commercial","Urban (>70% Developed)",NA,"Urban",NA,"Missing","Rain","No",NA,NA,"No",NA,"Not Applicable","O: No Injury",NA,"Other","Male",NA,"70+","No",NA,NA,"O: No Injury","White","Male","Pickup","No","18MAY2008","Sunday","Crossing Paths - Other Circumstances",20,"Non-Intersection","May","O: No Injury",74280,"Crossing Paths - Midblock - Other / Unknown",2008,"No","No","Dusk",NA,"Local Street","Wet",NA,"None","No Special Feature",NA,0,0,0,0,0,0,0,NA,2,0,NA,0,NA
5098,5801,"Rocky Mount","Nash","Coastal","Commercial","Urban (>70% Developed)",NA,"Urban","30 - 35  MPH","No Control Present","Cloudy","No",47,"40-49","No",NA,"Not Applicable","C: Possible Injury","Non-Roadway","Black","Male",15,"0-19","No",NA,"0-5 mph","O: No Injury","White","Male","Sport Utility","No","21MAY2008","Wednesday","Non-Roadway",17,"Non-Roadway","May","C: Possible Injury",61680,"Non-Roadway",2008,"Yes","No","Daylight","Curve - Level","Public Vehicular Area","Dry","Two-Way, Not Divided","None","Driveway, Public","Smooth Asphalt",0,0,0,0,0,0,0,"2 lanes",2,0,NA,0,NA
5099,5804,"Southern Pines","Moore","Piedmont","Residential","Urban (>70% Developed)",NA,"Urban","40 - 45  MPH","Missing","Clear","No",67,"60-69","No",NA,"With Traffic","B: Evident Injury","Travel Lane","White","Male",NA,"70+","No",NA,"41-45 mph","O: No Injury","White","Female","Passenger Car","No","22MAY2008","Thursday","Motorist Right Turn / Merge",13,"Intersection","May","B: Evident Injury",47580,"Motorist Right Turn - Same Direction",2008,"Yes","No","Daylight","Straight - Grade","NC Route","Dry","Two-Way, Divided, Unprotected Median","None","T-Intersection","Coarse Asphalt",0,0,0,0,0,0,0,"4 lanes",2,0,NA,0,NA
5100,5806,"Charlotte","Mecklenburg","Piedmont","Residential","Urban (>70% Developed)",NA,"Urban","30 - 35  MPH","No Control Present","Clear","No",30,"30-39","No",NA,"With Traffic","C: Possible Injury","Travel Lane","White","Male",32,"30-39","No",NA,"16-20 mph","O: No Injury","White","Male","Passenger Car","No","24JUN2008","Tuesday","Motorist Right Turn / Merge",19,"Intersection","June","C: Possible Injury",71100,"Motorist Right Turn - Same Direction",2008,"No","No","Daylight","Straight - Level","Local Street","Dry","Two-Way, Divided, Unprotected Median","None","No Special Feature","Smooth Asphalt",0,0,0,0,0,0,0,"4 lanes",2,0,NA,0,NA
5101,6426,"Raleigh","Wake","Piedmont","Commercial","Urban (>70% Developed)",NA,"Urban","30 - 35  MPH","Flashing Signal With Stop Sign","Clear","No",39,"30-39","Yes",NA,"With Traffic","O: No Injury","Travel Lane","White","Male",22,"20-24","No",NA,"31-35 mph","O: No Injury","Black","Female","Passenger Car","Yes","23SEP2008","Tuesday","Bicyclist Failed to Yield - Sign-Controlled Intersection",18,"Intersection","September","O: No Injury",66060,"Bicyclist Ride Through - Sign-Controlled Intersection",2008,"Yes","No","Daylight","Straight - Level","Local Street","Dry","Two-Way, Not Divided","None","Four-Way Intersection","Coarse Asphalt",0,0,0,0,0,0,0,"2 lanes",2,0,NA,0,NA
5102,6431,"None - Rural Crash","Johnston","Coastal","Farms, Woods, Pastures","Rural (<30% Developed)",NA,"Rural","50 - 55  MPH","Double Yellow Line, No Passing Zone","Cloudy","No",19,"16-19","No",NA,"With Traffic","A: Disabling Injury","Bike Lane / Paved Shoulder","White","Male",35,"30-39","No",NA,"51-55 mph","O: No Injury","White","Female","Passenger Car","No","26DEC2008","Friday","Bicyclist Left Turn / Merge",18,"Non-Intersection","December","A: Disabling Injury",65880,"Bicyclist Left Turn - Same Direction",2008,"Yes","No","Dark - Roadway Not Lighted","Straight - Level","US Route","Wet","Two-Way, Not Divided","None","No Special Feature","Smooth Asphalt",0,0,0,0,0,0,0,"2 lanes",2,0,NA,0,NA
5103,6436,"Charlotte","Mecklenburg","Piedmont","Commercial","Urban (>70% Developed)",NA,"Urban","20 - 25  MPH","Stop And Go Signal","Clear","No",22,"20-24","No",NA,"With Traffic","B: Evident Injury","Sidewalk / Crosswalk / Driveway Crossing","White","Male",19,"0-19","No",NA,"6-10 mph","O: No Injury","Hispanic","Male","Passenger Car","No","29DEC2008","Monday","Motorist Right Turn / Merge",19,"Intersection","December","B: Evident Injury",71820,"Motorist Right Turn - Same Direction",2008,"No","No","Dark - Lighted Roadway","Straight - Level","Local Street","Dry","Two-Way, Not Divided","None","Four-Way Intersection","Smooth Asphalt",0,0,0,0,0,0,0,"4 lanes",2,0,NA,0,NA
5104,6438,"None - Rural Crash","Catawba","Piedmont","Residential","Mixed (30% To 70% Developed)",NA,"Rural","30 - 35  MPH","No Control Present","Clear","No",13,"11-15","No",NA,"Facing Traffic","C: Possible Injury","Travel Lane","Hispanic","Male",19,"0-19","No",NA,"16-20 mph","O: No Injury","White","Female","Passenger Car","No","31DEC2008","Wednesday","Bicyclist Right Turn / Merge",17,"Non-Intersection","December","C: Possible Injury",63540,"Bicyclist Right Turn - Same Direction",2008,"No","No","Dusk","Straight - Level","State Secondary Route","Dry","Two-Way, Not Divided","None","No Special Feature","Smooth Asphalt",0,0,0,0,0,0,0,"2 lanes",2,0,NA,0,NA
5105,6448,"Mooresville","Iredell","Piedmont","Residential","Mixed (30% To 70% Developed)",NA,"Urban","40 - 45  MPH","Double Yellow Line, No Passing Zone","Cloudy","No",21,"20-24","Yes",NA,"With Traffic","B: Evident Injury","Bike Lane / Paved Shoulder","Black","Male",45,"40-49","No",NA,"41-45 mph","O: No Injury","White","Male","Single Unit Truck (2-Axle, 6-Tire)","Yes","24NOV2008","Monday","Motorist Overtaking Bicyclist",7,"Non-Intersection","November","B: Evident Injury",26220,"Motorist Overtaking - Undetected Bicyclist",2008,"No","No","Dawn","Straight - Level","Local Street","Dry","Two-Way, Not Divided","None","No Special Feature","Smooth Asphalt",0,0,0,0,0,0,0,"2 lanes",2,0,NA,0,NA
5106,6449,"Jacksonville","Onslow","Coastal","Commercial","Urban (>70% Developed)",NA,"Urban","40 - 45  MPH","Missing","Clear","No",58,"50-59","No",NA,"Not Applicable","K: Killed","Travel Lane","Black","Male",19,"0-19","No",NA,"41-45 mph","O: No Injury","White","Male","Passenger Car","No","28NOV2008","Friday","Bicyclist Failed to Yield - Midblock",21,"Non-Intersection","November","K: Killed",78960,"Bicyclist Ride Out - Other Midblock",2008,"Yes","No","Dark - Roadway Not Lighted","Straight - Level","Local Street","Dry","Two-Way, Not Divided","None","No Special Feature","Coarse Asphalt",0,0,0,0,0,0,0,"7 lanes",3,0,NA,0,NA
5107,6458,"Raleigh","Wake","Piedmont","Residential","Urban (>70% Developed)",NA,"Urban","20 - 25  MPH","Missing","Clear","No",8,"6-10","No",NA,"Not Applicable","C: Possible Injury","Non-Roadway","Black","Female",43,"40-49","No",NA,"11-15 mph","O: No Injury","Black","Male","Light Truck (Mini-Van, Panel)","No","06AUG2008","Wednesday","Bicyclist Failed to Yield - Midblock",19,"Non-Intersection","August","C: Possible Injury",69240,"Bicyclist Ride Out - Other Midblock",2008,"No","No","Daylight","Straight - Hillcrest","Local Street","Dry","Two-Way, Not Divided","None","No Special Feature","Smooth Asphalt",0,0,0,0,0,0,0,"2 lanes",2,0,NA,0,NA
5108,6478,"Raleigh","Wake","Piedmont","Commercial","Urban (>70% Developed)",NA,"Urban","40 - 45  MPH","No Control Present","Clear","No",35,"30-39","No",NA,"With Traffic","B: Evident Injury","Travel Lane","Black","Male",27,"25-29","No",NA,"31-35 mph","O: No Injury","White","Male","Pickup","No","02JAN2007","Tuesday","Motorist Overtaking Bicyclist",11,"Non-Intersection","January","B: Evident Injury",41520,"Motorist Overtaking - Other / Unknown",2007,"Yes","No","Dark - Lighted Roadway","Straight - Level","Local Street","Dry","Two-Way, Divided, Unprotected Median","None","No Special Feature","Coarse Asphalt",0,0,0,0,0,0,0,"6 lanes",2,0,NA,0,NA
5109,6480,"Davidson","Mecklenburg","Piedmont","Residential","Urban (>70% Developed)",NA,"Urban","30 - 35  MPH","Double Yellow Line, No Passing Zone","Clear","No",31,"30-39","No",NA,"With Traffic","B: Evident Injury","Travel Lane","White","Male",17,"0-19","No",NA,"11-15 mph","O: No Injury","White","Female","Passenger Car","No","03JAN2007","Wednesday","Motorist Right Turn / Merge",15,"Intersection","January","B: Evident Injury",54060,"Motorist Right Turn - Same Direction",2007,"Yes","No","Daylight","Straight - Level","Local Street","Dry","Two-Way, Not Divided","None","No Special Feature","Concrete",0,0,0,0,0,0,0,"2 lanes",2,0,NA,0,NA
5110,6481,"Smithfield","Johnston","Coastal","Residential","Urban (>70% Developed)",NA,"Urban","20 - 25  MPH","No Control Present","Clear","No",10,"6-10","No",NA,"Not Applicable","C: Possible Injury","Sidewalk / Crosswalk / Driveway Crossing","White","Female",66,"60-69","No",NA,"16-20 mph","O: No Injury","White","Female","Passenger Car","No","05JAN2007","Friday","Bicyclist Failed to Yield - Midblock",14,"Non-Intersection","January","C: Possible Injury",53280,"Bicyclist Ride Out - Other Midblock",2007,"Yes","No","Daylight","Straight - Level","Local Street","Dry","Two-Way, Not Divided","None","No Special Feature","Smooth Asphalt",0,0,0,0,0,0,0,"2 lanes",2,0,NA,0,NA
5111,6482,"Smithfield","Johnston","Coastal","Commercial","Mixed (30% To 70% Developed)",NA,"Urban","30 - 35  MPH","No Control Present","Rain","No",31,"30-39","No",NA,"Facing Traffic","C: Possible Injury","Travel Lane","Black","Female",47,"40-49","No",NA,"0-5 mph","O: No Injury","White","Male","Pickup","No","05JAN2007","Friday","Motorist Failed to Yield - Sign-Controlled Intersection",8,"Intersection","January","C: Possible Injury",29280,"Motorist Drive Out - Sign-Controlled Intersection",2007,"Yes","No","Daylight","Straight - Level","US Route","Wet","Two-Way, Divided, Unprotected Median","None","No Special Feature","Coarse Asphalt",0,0,0,0,0,0,0,"5 lanes",2,0,NA,0,NA
5112,6483,"None - Rural Crash","Davie","Piedmont","Residential","Urban (>70% Developed)",NA,"Rural","50 - 55  MPH","No Control Present","Clear","No",10,"6-10","No",NA,"Not Applicable","A: Disabling Injury","Non-Roadway","White","Male",26,"25-29","No",NA,"16-20 mph","O: No Injury","White","Female","Passenger Car","No","06JAN2007","Saturday","Bicyclist Failed to Yield - Midblock",13,"Non-Intersection","January","A: Disabling Injury",50280,"Bicyclist Ride Out - Other Midblock",2007,"Yes","No","Daylight","Straight - Level","Public Vehicular Area","Dry","Two-Way, Not Divided","None","No Special Feature","Smooth Asphalt",0,0,0,0,0,0,0,"2 lanes",2,0,NA,0,NA
5113,6484,"None - Rural Crash","Robeson","Coastal","Farms, Woods, Pastures","Rural (<30% Developed)",NA,"Rural","50 - 55  MPH","No Control Present","Cloudy","No",49,"40-49","Yes",NA,"With Traffic","C: Possible Injury","Other","Native American","Female",61,"60-69","No",NA,"41-45 mph","O: No Injury","Native American","Male","Pickup","Yes","06JAN2007","Saturday","Loss of Control / Turning Error",6,"Non-Intersection","January","C: Possible Injury",24180,"Bicyclist Lost Control - Oversteering, Improper Braking, Speed",2007,"No","No","Dark - Roadway Not Lighted","Straight - Level","State Secondary Route","Wet","Two-Way, Not Divided","None","No Special Feature","Smooth Asphalt",0,0,0,0,0,0,0,"2 lanes",2,0,NA,0,NA
5114,6487,"None - Rural Crash","Carteret","Coastal","Residential","Mixed (30% To 70% Developed)",NA,"Rural","40 - 45  MPH","No Control Present","Clear","No",30,"30-39","Yes",NA,"With Traffic","B: Evident Injury","Travel Lane","White","Male",19,"0-19","No",NA,"41-45 mph","O: No Injury","White","Female","Passenger Car","Yes","08JAN2007","Monday","Motorist Overtaking Bicyclist",19,"Non-Intersection","January","B: Evident Injury",69900,"Motorist Overtaking - Undetected Bicyclist",2007,"Yes","No","Dark - Roadway Not Lighted","Straight - Level","State Secondary Route","Dry","Two-Way, Not Divided","None","No Special Feature","Smooth Asphalt",0,0,0,0,0,0,0,"2 lanes",2,0,NA,0,NA
5115,6492,"None - Rural Crash","Iredell","Piedmont","Farms, Woods, Pastures","Rural (<30% Developed)",NA,"Rural","40 - 45  MPH","Double Yellow Line, No Passing Zone","Clear","No",13,"11-15","Yes",NA,"Facing Traffic","C: Possible Injury","Travel Lane","Black","Male",NA,NA,"Missing",NA,NA,"Unknown Injury","Unknown/Missing",NA,NA,"Yes","16JAN2007","Tuesday","Head-On",17,"Non-Intersection","January","C: Possible Injury",63900,"Head-On - Bicyclist",2007,"Yes","Yes","Dusk","Straight - Grade","NC Route","Dry","Two-Way, Not Divided","None","No Special Feature","Smooth Asphalt",0,0,0,0,0,0,0,"2 lanes",2,0,NA,0,NA
5116,6497,"Charlotte","Mecklenburg","Piedmont","Commercial","Urban (>70% Developed)",NA,"Urban","40 - 45  MPH","Stop And Go Signal","Clear","No",50,"50-59","No",NA,"With Traffic","C: Possible Injury","Travel Lane","White","Male",NA,NA,"Missing",NA,"26-30 mph","Unknown Injury","Unknown/Missing",NA,NA,"No","11JAN2007","Thursday","Bicyclist Failed to Yield - Signalized Intersection",11,"Intersection","January","C: Possible Injury",39600,"Bicyclist Ride Out - Signalized  Intersection",2007,"No","Yes","Daylight","Straight - Level","Local Street","Dry","Two-Way, Not Divided","None","No Special Feature","Smooth Asphalt",0,0,0,0,0,0,0,"3 lanes",2,0,NA,0,NA
5117,6508,"None - Rural Crash","Cleveland","Mountains","Farms, Woods, Pastures","Rural (<30% Developed)",NA,"Rural","60 - 75 MPH","No Control Present","Clear","No",46,"40-49","No",NA,"With Traffic","K: Killed","Bike Lane / Paved Shoulder","White","Male",35,"30-39","No",NA,"56-60 mph","O: No Injury","White","Male","Tractor/Semi-Trailer","No","19JAN2007","Friday","Parallel Paths - Other Circumstances",12,"Non-Intersection","January","K: Killed",43560,"Parallel Paths - Other / Unknown",2007,"Yes","No","Daylight","Straight - Level","US Route","Dry","Two-Way, Divided, Positive Median Barrier","None","No Special Feature","Smooth Asphalt",0,0,0,0,0,0,0,"4 lanes",2,0,NA,0,NA
5118,6514,"Durham","Durham","Piedmont","Residential","Urban (>70% Developed)",NA,"Urban","30 - 35  MPH","No Control Present","Clear","No",36,"30-39","No",NA,"With Traffic","C: Possible Injury","Travel Lane","Black","Male",16,"0-19","No",NA,"31-35 mph","O: No Injury","White","Male","Passenger Car","No","30MAR2007","Friday","Bicyclist Left Turn / Merge",15,"Intersection","March","C: Possible Injury",55440,"Bicyclist Left Turn - Same Direction",2007,"Yes","No","Daylight","Straight - Grade","Local Street","Dry","Two-Way, Not Divided","None","Four-Way Intersection","Smooth Asphalt",0,0,0,0,0,0,0,"2 lanes",2,0,NA,0,NA
5119,6518,"Raleigh","Wake","Piedmont","Commercial","Urban (>70% Developed)",NA,"Urban","30 - 35  MPH","No Control Present","Clear","No",NA,NA,"Missing",NA,"Facing Traffic","Unknown Injury","Travel Lane","Unknown/Missing",NA,49,"40-49","No",NA,"26-30 mph","O: No Injury","White","Female","Passenger Car","No","24JAN2007","Wednesday","Head-On",18,"Non-Intersection","January","O: No Injury",67560,"Head-On - Bicyclist",2007,"No","No","Dark - Lighted Roadway","Straight - Level","Local Street","Dry","Two-Way, Divided, Unprotected Median","None","No Special Feature","Smooth Asphalt",0,0,0,0,0,0,0,"2 lanes",2,0,NA,0,NA
5120,6528,"None - Rural Crash","Davidson","Piedmont","Residential","Rural (<30% Developed)",NA,"Rural","50 - 55  MPH","Double Yellow Line, No Passing Zone","Clear","No",15,"11-15","No",NA,"Not Applicable","A: Disabling Injury","Driveway / Alley","White","Male",17,"0-19","No",NA,"51-55 mph","C: Possible Injury","White","Female","Passenger Car","No","04FEB2007","Sunday","Bicyclist Failed to Yield - Midblock",13,"Non-Intersection","February","A: Disabling Injury",49920,"Bicyclist Ride Out - Commercial Driveway / Alley",2007,"Yes","No","Daylight","Curve - Grade","State Secondary Route","Dry","Two-Way, Not Divided","None","Driveway, Private","Smooth Asphalt",0,0,0,0,0,0,0,"2 lanes",2,0,NA,0,NA
5121,6531,"Havelock","Craven","Coastal","Commercial","Urban (>70% Developed)",NA,"Urban","30 - 35  MPH","No Control Present","Clear","No",13,"11-15","No",NA,"With Traffic","Unknown Injury","Sidewalk / Crosswalk / Driveway Crossing","Unknown/Missing","Male",17,"0-19","No",NA,"6-10 mph","O: No Injury","White","Female","Pickup","No","07FEB2007","Wednesday","Motorist Right Turn / Merge",7,"Non-Intersection","February","O: No Injury",27360,"Motorist Right Turn - Same Direction",2007,"No","No","Daylight","Straight - Level","Public Vehicular Area","Dry","Two-Way, Not Divided","None","Driveway, Public","Smooth Asphalt",0,0,0,0,0,0,0,"4 lanes",2,0,NA,0,NA
5122,6532,"Gastonia","Gaston","Piedmont","Residential","Urban (>70% Developed)",NA,"Urban","30 - 35  MPH","No Control Present","Clear","No",5,"0-5","No",NA,"Not Applicable","C: Possible Injury","Non-Roadway","Black","Female",43,"40-49","No",NA,"11-15 mph","O: No Injury","Black","Male","Sport Utility","No","07FEB2007","Wednesday","Bicyclist Failed to Yield - Midblock",15,"Non-Intersection","February","C: Possible Injury",56760,"Bicyclist Ride Out - Commercial Driveway / Alley",2007,"No","No","Daylight","Straight - Grade","Public Vehicular Area","Dry","Two-Way, Not Divided","None","Driveway, Public","Coarse Asphalt",0,0,0,0,0,0,0,"2 lanes",2,0,NA,0,NA
5123,6535,"Monroe","Union","Piedmont","Commercial","Urban (>70% Developed)",NA,"Urban","30 - 35  MPH","Stop Sign","Clear","No",20,"20-24","Yes",NA,NA,"B: Evident Injury","Travel Lane","Hispanic","Male",32,"30-39","No",NA,"31-35 mph","O: No Injury","White","Female","Passenger Car","Yes","12FEB2007","Monday","Bicyclist Failed to Yield - Sign-Controlled Intersection",19,"Intersection","February","B: Evident Injury",71040,"Bicyclist Ride Out - Sign-Controlled Intersection",2007,"Yes","No","Dark - Roadway Not Lighted","Straight - Level","NC Route","Dry","Two-Way, Not Divided","None","Four-Way Intersection","Coarse Asphalt",0,0,0,0,0,0,0,"2 lanes",2,0,NA,0,NA
5124,6537,"Cary","Wake","Piedmont","Residential","Urban (>70% Developed)",NA,"Urban","30 - 35  MPH","No Control Present","Clear","No",11,"11-15","No",NA,"With Traffic","C: Possible Injury",NA,"White","Female",20,"20-24","No",NA,"46-50 mph","O: No Injury","White","Male","Passenger Car","No","22APR2007","Sunday","Crossing Paths - Other Circumstances",16,"Intersection","April","C: Possible Injury",60000,"Crossing Paths - Intersection - Other / Unknown",2007,"Yes","No","Daylight","Curve - Grade","State Secondary Route","Dry","Two-Way, Divided, Unprotected Median","None","No Special Feature","Smooth Asphalt",0,0,0,0,0,0,0,"4 lanes",2,0,NA,0,NA
5125,6538,"Wilson","Wilson","Coastal","Residential","Urban (>70% Developed)",NA,"Urban","40 - 45  MPH","Stop And Go Signal","Rain","No",20,"20-24","No",NA,"With Traffic","B: Evident Injury","Travel Lane","Black","Male",36,"30-39","No",NA,"11-15 mph","O: No Injury","White","Female","Passenger Car","No","13FEB2007","Tuesday","Motorist Left Turn / Merge",22,"Intersection","February","B: Evident Injury",82020,"Motorist Left Turn - Opposite Direction",2007,"Yes","No","Dark - Lighted Roadway","Straight - Level","Local Street","Wet","Two-Way, Not Divided","Road Surface Condition","No Special Feature","Coarse Asphalt",0,0,0,0,0,0,0,"5 lanes",2,0,NA,0,NA
5126,6540,"None - Rural Crash","Robeson","Coastal","Farms, Woods, Pastures","Rural (<30% Developed)",NA,"Rural","50 - 55  MPH","No Control Present","Clear","No",34,"30-39","Yes",NA,"With Traffic","C: Possible Injury","Travel Lane","Native American","Male",33,"30-39","No",NA,"51-55 mph","O: No Injury","Native American","Female","Passenger Car","Yes","16FEB2007","Friday","Motorist Overtaking Bicyclist",18,"Non-Intersection","February","C: Possible Injury",67440,"Motorist Overtaking - Other / Unknown",2007,"Yes","No","Dark - Roadway Not Lighted","Straight - Level","State Secondary Route","Dry","Two-Way, Not Divided","None","No Special Feature","Coarse Asphalt",0,0,0,0,0,0,0,"2 lanes",2,0,NA,0,NA
5127,6541,"Jefferson","Ashe","Mountains","Commercial","Urban (>70% Developed)",NA,"Rural","30 - 35  MPH","Stop And Go Signal","Clear","No",38,"30-39","No",NA,"With Traffic","O: No Injury","Travel Lane","White","Male",64,"60-69","No",NA,"6-10 mph","O: No Injury","White","Female","Passenger Car","No","27APR2007","Friday","Bicyclist Failed to Yield - Signalized Intersection",7,"Intersection","April","O: No Injury",27420,"Bicyclist Failed to Clear - Trapped",2007,"No","No","Daylight","Straight - Level","US Route","Dry","Two-Way, Not Divided","None","Four-Way Intersection","Smooth Asphalt",0,0,0,0,0,0,0,"4 lanes",2,0,NA,0,NA
5128,6542,"Charlotte","Mecklenburg","Piedmont","Commercial","Urban (>70% Developed)",NA,"Urban","30 - 35  MPH","Stop Sign","Clear","No",30,"30-39","No",NA,"With Traffic","A: Disabling Injury","Travel Lane","Black","Male",64,"60-69","No",NA,"6-10 mph","O: No Injury","White","Male","Passenger Car","No","18FEB2007","Sunday","Motorist Failed to Yield - Sign-Controlled Intersection",18,"Intersection","February","A: Disabling Injury",68220,"Motorist Drive Out - Sign-Controlled Intersection",2007,"Yes","No","Dark - Lighted Roadway","Straight - Level","Local Street","Dry","Two-Way, Divided, Unprotected Median","None","No Special Feature","Smooth Asphalt",0,0,0,0,0,0,0,"2 lanes",2,0,NA,0,NA