"...1","object_id","city","county","region","development","locality","on_road","rural_urban","speed_limit","traffic_control","weather","workzone","bike_age","bike_age_group","bike_alcohol","bike_alcohol_drugs","bike_direction","bike_injury","bike_position","bike_race","bike_sex","driver_age","driver_age_group","driver_alcohol","driver_alcohol_drugs","driver_est_speed","driver_injury","driver_race","driver_sex","driver_vehicle_type","crash_alcohol","crash_date","crash_day","crash_group","crash_hour","crash_location","crash_month","crash_severity","crash_time","crash_type","crash_year","ambulance_req","hit_run","light_condition","road_character","road_class","road_condition","road_configuration","road_defects","road_feature","road_surface","num_bikes_ai","num_bikes_bi","num_bikes_ci","num_bikes_ki","num_bikes_no","num_bikes_to","num_bikes_ui","num_lanes","num_units","distance_mi_from","frm_road","rte_invd_cd","towrd_road"
5211,1007,"Matthews","Mecklenburg","Piedmont","Residential","Urban (>70% Developed)","PVA COLONIAL VILAGE APTS","Urban","5 - 15 MPH","No Control Present","Clear","No",8,"6-10","No",NA,"Not Applicable","O: No Injury","Non-Roadway","Hispanic","Male",64,"60-69","No",NA,"6-10 mph","O: No Injury","White","Female","Sport Utility","No","01APR2013","Monday","Bicyclist Failed to Yield - Midblock",12,"Non-Intersection","April","O: No Injury",46320,"Bicyclist Ride Out - Commercial Driveway / Alley",2013,"No","No","Daylight","Straight - Grade","Public Vehicular Area","Dry","Two-Way, Not Divided","None","No Special Feature","Smooth Asphalt",0,0,0,0,0,0,0,NA,2,0,NA,0,NA
5212,1012,"Charlotte","Mecklenburg","Piedmont","Residential","Urban (>70% Developed)","I 85","Urban","60 - 75 MPH","Stop And Go Signal","Clear","No",45,"40-49","No",NA,"With Traffic","C: Possible Injury","Travel Lane","Black","Male",40,"40-49","No",NA,"0-5 mph","O: No Injury","White","Female","Sport Utility","No","17APR2013","Wednesday","Motorist Failed to Yield - Signalized Intersection",6,"Intersection","April","C: Possible Injury",23700,"Motorist Drive Out - Signalized Intersection",2013,"No","No","Dark - Lighted Roadway","Straight - Level","Interstate","Dry","Two-Way, Divided, Positive Median Barrier","None","On or Off Ramp","Smooth Asphalt",0,0,0,0,0,0,0,"2 lanes",2,0,NA,0,NA
5213,1013,"Greensboro","Guilford","Piedmont","Commercial","Urban (>70% Developed)","FRIENDLY AVE","Urban","30 - 35  MPH","Stop And Go Signal","Clear","No",42,"40-49","No",NA,"With Traffic","C: Possible Injury","Sidewalk / Crosswalk / Driveway Crossing","White","Male",29,"25-29","No",NA,"21-25 mph","O: No Injury","White","Female","Passenger Car","No","07MAR2013","Thursday","Motorist Left Turn / Merge",17,"Intersection","March","C: Possible Injury",63480,"Motorist Left Turn - Opposite Direction",2013,"Yes","No","Daylight","Straight - Level","Local Street","Dry","Two-Way, Not Divided","None","No Special Feature","Smooth Asphalt",0,0,0,0,0,0,0,"8 lanes",2,0,NA,0,NA
5214,1024,"Roanoke Rapids","Halifax","Coastal","Commercial","Urban (>70% Developed)","7TH ST","Urban","30 - 35  MPH","Stop And Go Signal","Clear","No",13,"11-15","No",NA,"With Traffic","C: Possible Injury","Sidewalk / Crosswalk / Driveway Crossing","Black","Male",38,"30-39","No",NA,"6-10 mph","O: No Injury","Black","Female","Light Truck (Mini-Van, Panel)","No","18APR2013","Thursday","Motorist Left Turn / Merge",15,"Intersection","April","C: Possible Injury",56700,"Motorist Left Turn - Opposite Direction",2013,"Yes","No","Daylight","Straight - Grade","Local Street","Dry","Two-Way, Not Divided","None","Four-Way Intersection","Coarse Asphalt",0,0,0,0,0,0,0,"2 lanes",2,0,NA,0,NA
5215,1035,"Hendersonville","Henderson","Mountains","Commercial","Urban (>70% Developed)","WASHINGTON STREET","Urban","30 - 35  MPH","Stop Sign","Clear","No",45,"40-49","No",NA,"With Traffic","C: Possible Injury","Travel Lane","White","Male",31,"30-39","No",NA,"26-30 mph","O: No Injury","White","Female","Passenger Car","No","25APR2013","Thursday","Motorist Failed to Yield - Sign-Controlled Intersection",20,"Intersection","April","C: Possible Injury",72300,"Motorist Drive Through - Sign-Controlled Intersection",2013,"No","No","Dusk","Straight - Level","Local Street","Dry","Two-Way, Not Divided","None","No Special Feature","Coarse Asphalt",0,0,0,0,0,0,0,"2 lanes",2,0,NA,0,NA
5216,1036,"Eden","Rockingham","Piedmont","Residential","Urban (>70% Developed)","LAWSON STREET","Urban","30 - 35  MPH","Stop Sign","Cloudy","No",16,"16-19","No",NA,"With Traffic","C: Possible Injury","Travel Lane","White","Male",NA,NA,"No",NA,"16-20 mph","Unknown Injury","Unknown/Missing",NA,"Passenger Car","No","15APR2013","Monday","Motorist Overtaking Bicyclist",19,"Intersection","April","C: Possible Injury",70380,"Motorist Overtaking - Other / Unknown",2013,"No","Yes","Daylight","Straight - Level","Local Street","Dry","Two-Way, Not Divided","None","Four-Way Intersection","Smooth Asphalt",0,0,0,0,0,0,0,"2 lanes",2,0,NA,0,NA
5217,1037,"None - Rural Crash","Brunswick","Coastal","Farms, Woods, Pastures","Rural (<30% Developed)","NC 87","Rural","50 - 55  MPH","No Control Present","Clear","No",56,"50-59","No",NA,"With Traffic","B: Evident Injury","Travel Lane","White","Male",21,"20-24","No",NA,"51-55 mph","O: No Injury","White","Female","Pickup","No","02APR2013","Tuesday","Motorist Overtaking Bicyclist",13,"Non-Intersection","April","B: Evident Injury",47100,"Motorist Overtaking - Other / Unknown",2013,"No","No","Daylight","Straight - Level","NC Route","Dry","Two-Way, Not Divided","None","No Special Feature","Coarse Asphalt",0,0,0,0,0,0,0,"2 lanes",2,0,NA,0,NA
5218,1039,"Wilmington","New Hanover","Coastal","Commercial","Urban (>70% Developed)","S COLLEGE RD","Urban","40 - 45  MPH","No Control Present","Clear","No",19,"16-19","No",NA,"With Traffic","B: Evident Injury","Travel Lane","White","Male",25,"25-29","No",NA,"11-15 mph","O: No Injury","Hispanic","Male","Passenger Car","No","09APR2013","Tuesday","Bicyclist Overtaking Motorist",12,"Non-Intersection","April","B: Evident Injury",43740,"Bicyclist Overtaking - Passing on Right",2013,"Yes","No","Daylight","Straight - Level","Local Street","Dry","Two-Way, Not Divided","None","No Special Feature","Smooth Asphalt",0,0,0,0,0,0,0,"6 lanes",2,0,NA,0,NA
5219,1043,"None - Rural Crash","Wilson","Coastal","Farms, Woods, Pastures","Rural (<30% Developed)","NC 581","Rural","50 - 55  MPH","No Control Present","Cloudy","No",64,"60-69","Yes",NA,"With Traffic","B: Evident Injury","Travel Lane","Black","Male",35,"30-39","No",NA,"41-45 mph","O: No Injury","Black","Female","Passenger Car","Yes","28APR2013","Sunday","Motorist Overtaking Bicyclist",10,"Non-Intersection","April","B: Evident Injury",38400,"Motorist Overtaking - Bicyclist Swerved",2013,"Yes","No","Daylight","Straight - Level","NC Route","Dry","Two-Way, Not Divided","None","No Special Feature","Coarse Asphalt",0,0,0,0,0,0,0,"2 lanes",2,0,NA,0,NA
5220,1052,"Charlotte","Mecklenburg","Piedmont","Residential","Mixed (30% To 70% Developed)","PVA 2301 CROSS POINT CR","Urban","20 - 25  MPH","No Control Present","Clear","No",6,"6-10","No",NA,"Not Applicable","C: Possible Injury","Non-Roadway","Black","Male",24,"20-24","No",NA,"6-10 mph","O: No Injury","White","Male","Van","No","30APR2013","Tuesday","Non-Roadway",18,"Non-Roadway","April","C: Possible Injury",66900,"Non-Roadway",2013,"No","No","Daylight","Straight - Level","Public Vehicular Area","Dry","Two-Way, Not Divided","None","No Special Feature","Smooth Asphalt",0,0,0,0,0,0,0,"1 lane",2,0,NA,0,NA
5221,1063,"Raleigh","Wake","Piedmont","Commercial","Urban (>70% Developed)","FALLS OF NEUSE RD","Urban","40 - 45  MPH","No Control Present","Clear","No",24,"20-24","No",NA,"Facing Traffic","B: Evident Injury","Travel Lane","White","Male",NA,NA,"Missing",NA,"11-15 mph","Unknown Injury","Unknown/Missing",NA,"Passenger Car","No","25APR2013","Thursday","Motorist Left Turn / Merge",14,"Intersection","April","B: Evident Injury",53820,"Motorist Left Turn - Same Direction",2013,"No","Yes","Daylight","Straight - Level","Local Street","Dry","Two-Way, Not Divided","None","No Special Feature","Smooth Asphalt",0,0,0,0,0,0,0,"6 lanes",2,0,NA,0,NA
5222,1064,"Hendersonville","Henderson","Mountains","Residential","Urban (>70% Developed)","ELM STREET","Urban","30 - 35  MPH","Stop Sign","Clear","No",4,"0-5","No",NA,"With Traffic","O: No Injury","Travel Lane","Hispanic","Male",50,"50-59","No",NA,"0-5 mph","O: No Injury","White","Female","Passenger Car","No","29APR2013","Monday","Loss of Control / Turning Error",19,"Intersection","April","O: No Injury",68760,"Bicyclist Turning Error - Right Turn",2013,"No","No","Daylight","Straight - Bottom","Local Street","Dry","Two-Way, Not Divided","None","T-Intersection","Smooth Asphalt",0,0,0,0,0,0,0,"2 lanes",2,0,NA,0,NA
5223,1066,"None - Rural Crash","Jackson","Mountains","Farms, Woods, Pastures","Rural (<30% Developed)","SR 1143","Rural","30 - 35  MPH","Double Yellow Line, No Passing Zone","Rain","No",58,"50-59","No",NA,"With Traffic","B: Evident Injury","Travel Lane","White","Male",49,"40-49","No",NA,"0-5 mph","O: No Injury","White","Male","Passenger Car","No","04MAY2013","Saturday","Motorist Left Turn / Merge",16,"Non-Intersection","May","B: Evident Injury",60300,"Motorist Left Turn - Opposite Direction",2013,"Yes","No","Daylight","Curve - Level","State Secondary Route","Wet","Two-Way, Not Divided","None","No Special Feature","Smooth Asphalt",0,0,0,0,0,0,0,"2 lanes",2,0,NA,0,NA
5224,1067,"None - Rural Crash","Surry","Mountains","Farms, Woods, Pastures","Rural (<30% Developed)","PILOT KNOB PARK RD","Rural","20 - 25  MPH","No Control Present","Clear","No",50,"50-59","No",NA,"Not Applicable","B: Evident Injury","Travel Lane","White","Male",41,"40-49","No",NA,NA,"O: No Injury","White","Male","Passenger Car","No","05APR2013","Friday","Non-Roadway",16,"Non-Roadway","April","B: Evident Injury",58500,"Non-Roadway",2013,"Yes","No","Daylight","Curve - Grade","Public Vehicular Area","Dry","Two-Way, Not Divided","None","No Special Feature","Smooth Asphalt",0,0,0,0,0,0,0,"2 lanes",2,0,NA,0,NA
5225,1074,"None - Rural Crash","Wilson","Coastal","Residential","Mixed (30% To 70% Developed)","SR 1148","Rural","50 - 55  MPH","No Control Present","Clear","No",13,"11-15","No",NA,"Not Applicable","B: Evident Injury","Driveway / Alley","White","Male",39,"30-39","No",NA,"41-45 mph","O: No Injury","White","Male","Passenger Car","No","03MAY2013","Friday","Bicyclist Failed to Yield - Midblock",16,"Non-Intersection","May","B: Evident Injury",60300,"Bicyclist Ride Out - Residential Driveway",2013,"Yes","No","Daylight","Straight - Level","State Secondary Route","Dry","Two-Way, Not Divided","None","No Special Feature","Smooth Asphalt",0,0,0,0,0,0,0,"2 lanes",2,0,NA,0,NA
5226,1075,"Charlotte","Mecklenburg","Piedmont","Residential","Urban (>70% Developed)","CHURCHILL DOWNS CT","Urban","20 - 25  MPH","No Control Present","Clear","No",19,"16-19","No",NA,"Not Applicable","B: Evident Injury","Non-Roadway","Hispanic","Female",33,"30-39","No",NA,"6-10 mph","O: No Injury","Black","Female","Passenger Car","No","08MAY2013","Wednesday","Non-Roadway",18,"Non-Roadway","May","B: Evident Injury",68160,"Non-Roadway",2013,"No","No","Daylight","Straight - Level","Local Street","Dry","Two-Way, Not Divided","None","No Special Feature","Smooth Asphalt",0,0,0,0,0,0,0,"2 lanes",2,0,NA,0,NA
5227,1081,"Greensboro","Guilford","Piedmont","Residential","Urban (>70% Developed)","WEBSTER RD","Urban","5 - 15 MPH","No Control Present","Clear","No",8,"6-10","No",NA,"Not Applicable","C: Possible Injury","Travel Lane","White","Male",44,"40-49","No",NA,"11-15 mph","O: No Injury","Hispanic","Male","Van","No","09MAY2013","Thursday","Non-Roadway",19,"Non-Roadway","May","C: Possible Injury",70200,"Non-Roadway",2013,"Yes","No","Dusk","Straight - Level","Local Street","Dry","Two-Way, Not Divided","None","No Special Feature","Coarse Asphalt",0,0,0,0,0,0,0,"2 lanes",2,0,NA,0,NA
5228,1084,"None - Rural Crash","Robeson","Coastal","Farms, Woods, Pastures","Rural (<30% Developed)","SR 2115","Rural","50 - 55  MPH","Double Yellow Line, No Passing Zone","Clear","No",NA,NA,"Missing",NA,"Not Applicable","Unknown Injury","Driveway / Alley","Unknown/Missing",NA,39,"30-39","No",NA,"31-35 mph","O: No Injury","White","Male","Sport Utility","No","11MAY2013","Saturday","Bicyclist Failed to Yield - Midblock",17,"Non-Intersection","May","B: Evident Injury",62100,"Bicyclist Ride Out - Residential Driveway",2013,"Yes","No","Daylight","Straight - Level","State Secondary Route","Dry","Two-Way, Not Divided","None","Driveway, Private","Coarse Asphalt",0,0,0,0,0,0,0,"2 lanes",2,0,NA,0,NA
5229,1085,"Greenville","Pitt","Coastal","Commercial","Urban (>70% Developed)","PVA 1400 CHARLES BV","Urban",NA,"No Control Present","Cloudy","No",11,"11-15","No",NA,"Not Applicable","B: Evident Injury","Non-Roadway","Black","Male",48,"40-49","No",NA,"0-5 mph","O: No Injury","White","Female","Passenger Car","No","11MAY2013","Saturday","Non-Roadway",17,"Non-Roadway","May","B: Evident Injury",61980,"Non-Roadway",2013,"Yes","No","Daylight","Straight - Level","Public Vehicular Area","Dry","Two-Way, Not Divided","None","No Special Feature","Coarse Asphalt",0,0,0,0,0,0,0,NA,2,0,NA,0,NA
5230,1086,"Wilmington","New Hanover","Coastal","Residential","Urban (>70% Developed)","ST ANDREW DR","Urban","30 - 35  MPH","No Control Present","Clear","No",8,"6-10","No",NA,"With Traffic","B: Evident Injury","Sidewalk / Crosswalk / Driveway Crossing","White","Female",25,"25-29","No",NA,"36-40 mph","O: No Injury","White","Female","Sport Utility","No","24APR2013","Wednesday","Parallel Paths - Other Circumstances",18,"Non-Intersection","April","B: Evident Injury",66480,"Bicyclist Ride Out - Parallel Path",2013,"Yes","No","Daylight","Straight - Level","Local Street","Dry","Two-Way, Divided, Unprotected Median","None","No Special Feature","Coarse Asphalt",0,0,0,0,0,0,0,"2 lanes",2,0,NA,0,NA
5231,1091,"Charlotte","Mecklenburg","Piedmont","Commercial","Urban (>70% Developed)","CENTRAL AV","Urban","30 - 35  MPH","Stop And Go Signal","Clear","No",28,"25-29","Yes",NA,"With Traffic","B: Evident Injury","Sidewalk / Crosswalk / Driveway Crossing","White","Male",45,"40-49","No",NA,"21-25 mph","O: No Injury","Hispanic","Male","Passenger Car","Yes","13MAY2013","Monday","Crossing Paths - Other Circumstances",20,"Intersection","May","B: Evident Injury",73560,"Signalized Intersection - Other / Unknown",2013,"No","No","Daylight","Straight - Level","Local Street","Dry","Two-Way, Divided, Positive Median Barrier","None","No Special Feature","Smooth Asphalt",0,0,0,0,0,0,0,"6 lanes",2,0,NA,0,NA
5232,1098,"None - Rural Crash","Wake","Piedmont","Residential","Mixed (30% To 70% Developed)","SR 3533","Rural","20 - 25  MPH","No Control Present","Clear","No",53,"50-59","No",NA,"With Traffic","B: Evident Injury","Travel Lane","White","Male",40,"40-49","No",NA,"21-25 mph","O: No Injury","White","Male","Passenger Car","No","15MAY2013","Wednesday","Motorist Left Turn / Merge",18,"Non-Intersection","May","B: Evident Injury",66000,"Motorist Left Turn - Opposite Direction",2013,"Yes","No","Daylight","Curve - Grade","State Secondary Route","Dry","Two-Way, Not Divided","None","No Special Feature","Smooth Asphalt",0,0,0,0,0,0,0,"2 lanes",2,0,NA,0,NA
5233,1099,"None - Rural Crash","Mcdowell","Mountains","Farms, Woods, Pastures","Rural (<30% Developed)","NC 80","Rural","50 - 55  MPH","Double Yellow Line, No Passing Zone","Clear","No",41,"40-49","No",NA,"With Traffic","B: Evident Injury","Travel Lane","White","Male",20,"20-24","No",NA,"51-55 mph","A: Disabling Injury","White","Male","Motorcycle","No","20APR2013","Saturday","Loss of Control / Turning Error",17,"Non-Intersection","April","A: Disabling Injury",62280,"Motorist Lost Control - Oversteering, Improper Braking, Speed",2013,"Yes","No","Dusk","Curve - Level","NC Route","Dry","Two-Way, Not Divided","None","No Special Feature","Smooth Asphalt",0,0,0,0,0,0,0,"2 lanes",4,0,NA,0,NA
5234,1104,"Durham","Durham","Piedmont","Residential","Urban (>70% Developed)","LUMLEY RD","Urban","40 - 45  MPH","No Control Present","Cloudy","No",46,"40-49","No",NA,"With Traffic","C: Possible Injury","Travel Lane","White","Male",47,"40-49","No",NA,"26-30 mph","O: No Injury","Black","Female","Passenger Car","No","19MAY2013","Sunday","Motorist Overtaking Bicyclist",8,"Non-Intersection","May","C: Possible Injury",31200,"Motorist Overtaking - Other / Unknown",2013,"Yes","No","Daylight","Straight - Hillcrest","Local Street","Dry","Two-Way, Not Divided","None","No Special Feature","Smooth Asphalt",0,0,0,0,0,0,0,"2 lanes",2,0,NA,0,NA
5235,1108,"None - Rural Crash","Johnston","Coastal","Farms, Woods, Pastures","Rural (<30% Developed)","SR 1003","Rural","50 - 55  MPH","Double Yellow Line, No Passing Zone","Clear","No",NA,"70+","No",NA,"With Traffic","A: Disabling Injury","Travel Lane","White","Male",64,"60-69","No",NA,"46-50 mph","O: No Injury","Black","Male","Pickup","No","16MAY2013","Thursday","Motorist Overtaking Bicyclist",16,"Non-Intersection","May","A: Disabling Injury",58500,"Motorist Overtaking - Other / Unknown",2013,"Yes","No","Daylight","Straight - Level","State Secondary Route","Dry","Two-Way, Not Divided","None","No Special Feature","Coarse Asphalt",0,0,0,0,0,0,0,"2 lanes",2,0,NA,0,NA
5236,1111,"None - Rural Crash","Rutherford","Mountains","Commercial","Mixed (30% To 70% Developed)","SR 1006","Rural","50 - 55  MPH","Double Yellow Line, No Passing Zone","Clear","No",22,"20-24","No",NA,"With Traffic","C: Possible Injury","Travel Lane","White","Male",66,"60-69","No",NA,"6-10 mph","O: No Injury","Black","Male","Sport Utility","No","16MAY2013","Thursday","Motorist Left Turn / Merge",17,"Non-Intersection","May","C: Possible Injury",61740,"Motorist Left Turn - Opposite Direction",2013,"No","No","Daylight","Straight - Grade","State Secondary Route","Dry","Two-Way, Not Divided","None","Driveway, Public","Smooth Asphalt",0,0,0,0,0,0,0,"2 lanes",2,0,NA,0,NA
5237,1113,"Wrightsville Beach","New Hanover","Coastal","Residential","Urban (>70% Developed)","WAYNICK BLVD","Rural","30 - 35  MPH","No Control Present","Rain","No",51,"50-59","No",NA,"With Traffic","C: Possible Injury","Travel Lane","White","Male",59,"50-59","No",NA,"16-20 mph","O: No Injury","White","Female","Passenger Car","No","18APR2013","Thursday","Motorist Left Turn / Merge",18,"Intersection-Related","April","C: Possible Injury",66480,"Motorist Left Turn - Opposite Direction",2013,"Yes","No","Daylight","Straight - Level","Local Street","Wet","Two-Way, Not Divided","None","Driveway, Private","Smooth Asphalt",0,0,0,0,0,0,0,"4 lanes",2,0,NA,0,NA
5238,1114,"None - Rural Crash","Brunswick","Coastal","Farms, Woods, Pastures","Rural (<30% Developed)","SR 1426","Rural","50 - 55  MPH","Double Yellow Line, No Passing Zone","Clear","No",7,"6-10","No",NA,"With Traffic","C: Possible Injury","Travel Lane","White","Male",35,"30-39","No",NA,"41-45 mph","O: No Injury","Black","Female","Van","No","13MAY2013","Monday","Crossing Paths - Other Circumstances",19,"Intersection","May","C: Possible Injury",70260,"Crossing Paths - Uncontrolled Intersection",2013,"Yes","No","Daylight","Straight - Level","State Secondary Route","Dry","Two-Way, Not Divided","None","No Special Feature","Coarse Asphalt",0,0,0,0,0,0,0,"2 lanes",2,0,NA,0,NA
5239,1119,"Cary","Wake","Piedmont","Commercial","Urban (>70% Developed)","YORK ST","Urban",NA,"No Control Present","Clear","No",5,"0-5","No",NA,"Not Applicable","C: Possible Injury","Non-Roadway","White","Female",46,"40-49","No",NA,"6-10 mph","O: No Injury","White","Male","Sport Utility","No","08MAY2013","Wednesday","Non-Roadway",20,"Non-Roadway","May","C: Possible Injury",72360,"Non-Roadway",2013,"Yes","No","Daylight","Curve - Grade","Public Vehicular Area","Dry","Two-Way, Not Divided","None","Driveway, Public","Coarse Asphalt",0,0,0,0,0,0,0,"2 lanes",2,0,NA,0,NA
5240,1122,"None - Rural Crash","Brunswick","Coastal","Residential","Mixed (30% To 70% Developed)","SR 1348","Rural","50 - 55  MPH","Double Yellow Line, No Passing Zone","Clear","No",48,"40-49","No",NA,"With Traffic","C: Possible Injury","Travel Lane","Black","Male",27,"25-29","No",NA,NA,"A: Disabling Injury","Black","Male","Motorcycle","No","22MAY2013","Wednesday","Motorist Overtaking Bicyclist",11,"Non-Intersection","May","A: Disabling Injury",41400,"Motorist Overtaking - Other / Unknown",2013,"Yes","No","Dark - Roadway Not Lighted","Straight - Level","State Secondary Route","Dry","Two-Way, Not Divided","None","No Special Feature","Coarse Asphalt",0,0,0,0,0,0,0,"2 lanes",2,0,NA,0,NA
5241,1127,"Lexington","Davidson","Piedmont","Commercial","Urban (>70% Developed)","MYERS PARK DR","Urban","30 - 35  MPH","Stop And Go Signal","Cloudy","No",12,"11-15","No",NA,"With Traffic","A: Disabling Injury","Travel Lane","Black","Male",46,"40-49","No",NA,"21-25 mph","O: No Injury","White","Male","Passenger Car","No","19MAY2013","Sunday","Bicyclist Failed to Yield - Sign-Controlled Intersection",13,"Intersection","May","A: Disabling Injury",49080,"Bicyclist Ride Through - Sign-Controlled Intersection",2013,"Yes","No","Daylight","Straight - Level","Local Street","Dry","Two-Way, Not Divided","None","T-Intersection","Coarse Asphalt",0,0,0,0,0,0,0,"2 lanes",2,0,NA,0,NA
5242,1135,"Charlotte","Mecklenburg","Piedmont","Commercial","Urban (>70% Developed)","10TH ST","Urban","30 - 35  MPH","No Control Present","Clear","No",26,"25-29","Yes",NA,"With Traffic","C: Possible Injury","Travel Lane","White","Male",32,"30-39","Yes",NA,"31-35 mph","O: No Injury","White","Female","Sport Utility","Yes","30MAY2013","Thursday","Motorist Right Turn / Merge",19,"Intersection","May","C: Possible Injury",70920,"Motorist Right Turn - Same Direction",2013,"Yes","No","Daylight","Straight - Level","Local Street","Dry","Two-Way, Not Divided","None","No Special Feature","Grooved Concrete",0,0,0,0,0,0,0,"4 lanes",2,0,NA,0,NA
5243,1148,"Asheville","Buncombe","Mountains","Commercial","Urban (>70% Developed)","MCDOWELL ST","Urban","30 - 35  MPH","No Control Present","Clear","No",25,"25-29","No",NA,"With Traffic","B: Evident Injury","Travel Lane","White","Female",NA,NA,"Missing",NA,"46-50 mph","Unknown Injury","Unknown/Missing",NA,NA,"No","23MAY2013","Thursday","Motorist Overtaking Bicyclist",14,"Non-Intersection","May","B: Evident Injury",50400,"Motorist Overtaking - Other / Unknown",2013,"Yes","Yes","Other","Straight - Hillcrest","Local Street","Dry","Two-Way, Divided, Unprotected Median","None","Tunnel","Smooth Asphalt",0,0,0,0,0,0,0,"4 lanes",2,0,NA,0,NA
5244,1157,"Pembroke","Robeson","Coastal","Commercial","Urban (>70% Developed)","EAST THIRD STREET","Rural","30 - 35  MPH","Stop Sign","Clear","No",60,"60-69","No",NA,"Facing Traffic","C: Possible Injury",NA,"Native American","Male",64,"60-69","No",NA,"0-5 mph","O: No Injury","Native American","Female","Truck/Trailer","No","05JUN2013","Wednesday","Motorist Failed to Yield - Sign-Controlled Intersection",12,"Intersection","June","C: Possible Injury",45180,"Motorist Drive Out - Sign-Controlled Intersection",2013,"Yes","No","Daylight","Straight - Level","Local Street","Dry","Two-Way, Divided, Unprotected Median","Work Zone","T-Intersection","Smooth Asphalt",0,0,0,0,0,0,0,"2 lanes",2,0,NA,0,NA
5245,1160,"Southern Pines","Moore","Piedmont","Residential","Urban (>70% Developed)","S MAY ST","Urban","30 - 35  MPH","Stop And Go Signal","Clear","No",32,"30-39","No",NA,"With Traffic","C: Possible Injury","Travel Lane","White","Male",34,"30-39","No",NA,"6-10 mph","O: No Injury","White","Male","Passenger Car","No","27MAY2013","Monday","Motorist Left Turn / Merge",11,"Intersection","May","C: Possible Injury",39720,"Motorist Left Turn - Opposite Direction",2013,"Yes","No","Daylight","Straight - Level","Local Street","Dry","Two-Way, Not Divided","None","Four-Way Intersection","Coarse Asphalt",0,0,0,0,0,0,0,"2 lanes",3,0,NA,0,NA
5246,1161,"Elon College","Alamance","Piedmont","Farms, Woods, Pastures","Mixed (30% To 70% Developed)","UNIVERSITY DR","Urban","50 - 55  MPH","No Control Present","Clear","No",54,"50-59","No",NA,"With Traffic","B: Evident Injury","Travel Lane","White","Male",NA,NA,"Missing",NA,NA,"Unknown Injury","Unknown/Missing",NA,"Passenger Car","No","25MAY2013","Saturday","Bicyclist Overtaking Motorist",17,"Non-Intersection","May","B: Evident Injury",62460,"Bicyclist Overtaking - Parked Vehicle",2013,"Yes","No","Daylight","Straight - Level","Local Street","Dry","Two-Way, Not Divided","None","No Special Feature","Smooth Asphalt",0,0,0,0,0,0,0,"2 lanes",2,0,NA,0,NA
5247,1169,"Greensboro","Guilford","Piedmont","Institutional","Urban (>70% Developed)","STIRLING ST","Urban",NA,"Stop Sign","Clear","No",19,"16-19","No",NA,"Facing Traffic","O: No Injury","Sidewalk / Crosswalk / Driveway Crossing","Black","Male",25,"25-29","No",NA,NA,"O: No Injury","Black","Female","Passenger Car","No","19MAY2013","Sunday","Motorist Left Turn / Merge",9,"Non-Intersection","May","O: No Injury",35880,"Motorist Left Turn - Same Direction",2013,"No","No","Daylight","Straight - Level","Local Street","Dry","One-Way, Not Divided","None","No Special Feature","Smooth Asphalt",0,0,0,0,0,0,0,"2 lanes",2,0,NA,0,NA
5248,1171,"Morrisville","Wake","Piedmont","Commercial","Urban (>70% Developed)","SR 3014","Urban","30 - 35  MPH","No Control Present","Clear","No",43,"40-49","No",NA,"With Traffic","B: Evident Injury","Travel Lane","White","Male",38,"30-39","No",NA,"11-15 mph","O: No Injury","Asian","Female","Passenger Car","No","14JUN2013","Friday","Motorist Right Turn / Merge",7,"Intersection","June","B: Evident Injury",27300,"Motorist Right Turn - Same Direction",2013,"Yes","No","Daylight","Straight - Hillcrest","State Secondary Route","Dry","Two-Way, Not Divided","None","No Special Feature","Coarse Asphalt",0,0,0,0,0,0,0,"2 lanes",2,0,NA,0,NA
5249,1173,"Greensboro","Guilford","Piedmont","Residential","Urban (>70% Developed)","HEWITT ST","Urban","30 - 35  MPH","No Control Present","Clear","No",NA,"70+","No",NA,"With Traffic","B: Evident Injury","Travel Lane","White","Male",22,"20-24","No",NA,"6-10 mph","O: No Injury","Black","Male","Passenger Car","No","11JUN2013","Tuesday","Motorist Left Turn / Merge",22,"Intersection","June","B: Evident Injury",81420,"Motorist Left Turn - Opposite Direction",2013,"Yes","No","Dark - Lighted Roadway","Straight - Level","Local Street","Dry","Two-Way, Not Divided","None","No Special Feature","Smooth Asphalt",0,0,0,0,0,0,0,"2 lanes",2,0,NA,0,NA
5250,1176,"Archdale","Randolph","Piedmont","Residential","Urban (>70% Developed)","GOODMAN ST","Urban","30 - 35  MPH","Stop Sign","Cloudy","No",11,"11-15","No",NA,"With Traffic","C: Possible Injury","Travel Lane","Hispanic","Male",29,"25-29","No",NA,"16-20 mph","O: No Injury","White","Female","Sport Utility","No","03JUN2013","Monday","Loss of Control / Turning Error",8,"Intersection","June","C: Possible Injury",28860,"Bicyclist Lost Control - Mechanical Problems",2013,"No","No","Daylight","Straight - Grade","Local Street","Wet","Two-Way, Not Divided","None","T-Intersection","Smooth Asphalt",0,0,0,0,0,0,0,"2 lanes",2,0,NA,0,NA