"...1","object_id","city","county","region","development","locality","on_road","rural_urban","speed_limit","traffic_control","weather","workzone","bike_age","bike_age_group","bike_alcohol","bike_alcohol_drugs","bike_direction","bike_injury","bike_position","bike_race","bike_sex","driver_age","driver_age_group","driver_alcohol","driver_alcohol_drugs","driver_est_speed","driver_injury","driver_race","driver_sex","driver_vehicle_type","crash_alcohol","crash_date","crash_day","crash_group","crash_hour","crash_location","crash_month","crash_severity","crash_time","crash_type","crash_year","ambulance_req","hit_run","light_condition","road_character","road_class","road_condition","road_configuration","road_defects","road_feature","road_surface","num_bikes_ai","num_bikes_bi","num_bikes_ci","num_bikes_ki","num_bikes_no","num_bikes_to","num_bikes_ui","num_lanes","num_units","distance_mi_from","frm_road","rte_invd_cd","towrd_road"
5251,1177,"Hendersonville","Henderson","Mountains","Commercial","Urban (>70% Developed)","N MAIN","Urban","20 - 25  MPH","Stop And Go Signal","Clear","No",45,"40-49","No",NA,"With Traffic","O: No Injury","Travel Lane","White","Male",34,"30-39","No",NA,"16-20 mph","O: No Injury","Black","Male","Passenger Car","No","08JUN2013","Saturday","Bicyclist Failed to Yield - Signalized Intersection",17,"Intersection","June","O: No Injury",63420,"Bicyclist Ride Through - Signalized Intersection",2013,"No","Yes","Daylight","Straight - Level","Local Street","Dry","Two-Way, Not Divided","None","Four-Way Intersection","Coarse Asphalt",0,0,0,0,0,0,0,"2 lanes",2,0,NA,0,NA
5252,1180,"Wilmington","New Hanover","Coastal","Residential","Urban (>70% Developed)","WRIGHTSVILLE AVE","Urban","30 - 35  MPH","Stop Sign","Clear","No",60,"60-69","No",NA,"Facing Traffic","C: Possible Injury","Travel Lane","White","Male",31,"30-39","No",NA,"0-5 mph","O: No Injury","White","Male","Pickup","No","04JUN2013","Tuesday","Motorist Failed to Yield - Sign-Controlled Intersection",16,"Intersection","June","C: Possible Injury",61080,"Motorist Drive Out - Sign-Controlled Intersection",2013,"Yes","No","Daylight","Straight - Level","Local Street","Dry","Two-Way, Not Divided","None","Related To Intersection","Smooth Asphalt",0,0,0,0,0,0,0,"2 lanes",2,0,NA,0,NA
5253,1185,"Salisbury","Rowan","Piedmont","Residential","Urban (>70% Developed)","W MCCUBBINS ST","Urban","20 - 25  MPH","No Control Present","Clear","No",10,"6-10","No",NA,"Not Applicable","A: Disabling Injury","Driveway / Alley","Black","Male",32,"30-39","No",NA,"16-20 mph","O: No Injury","Black","Female","Passenger Car","No","20JUN2013","Thursday","Bicyclist Failed to Yield - Midblock",20,"Non-Intersection","June","A: Disabling Injury",72840,"Bicyclist Ride Out - Residential Driveway",2013,"No","No","Daylight","Straight - Grade","Local Street","Dry","Two-Way, Not Divided","None","Driveway, Private","Coarse Asphalt",0,0,0,0,0,0,0,"2 lanes",2,0,NA,0,NA
5254,1189,"None - Rural Crash","Dare","Coastal","Farms, Woods, Pastures","Rural (<30% Developed)","NC 12","Rural","50 - 55  MPH","No Control Present","Clear","No",55,"50-59","No",NA,"With Traffic","C: Possible Injury","Sidewalk / Crosswalk / Driveway Crossing","Asian","Male",29,"25-29","No",NA,"51-55 mph","O: No Injury","White","Female","Passenger Car","No","23JUN2013","Sunday","Parallel Paths - Other Circumstances",7,"Non-Intersection","June","C: Possible Injury",28440,"Bicyclist Ride Out - Parallel Path",2013,"No","No","Daylight","Straight - Level","NC Route","Dry","Two-Way, Not Divided","None","No Special Feature","Smooth Asphalt",0,0,0,0,0,0,0,"2 lanes",2,0,NA,0,NA
5255,1191,"Greensboro","Guilford","Piedmont","Commercial","Urban (>70% Developed)","FOURTH ST","Urban","30 - 35  MPH","Stop And Go Signal","Clear","No",34,"30-39","No",NA,"Facing Traffic","C: Possible Injury","Sidewalk / Crosswalk / Driveway Crossing","Black","Male",47,"40-49","No",NA,"0-5 mph","O: No Injury","Asian","Male","Passenger Car","No","04JUN2013","Tuesday","Crossing Paths - Other Circumstances",15,"Intersection","June","C: Possible Injury",57120,"Signalized Intersection - Other / Unknown",2013,"Yes","Yes","Daylight","Straight - Level","Local Street","Dry","Two-Way, Not Divided","None","T-Intersection","Coarse Asphalt",0,0,0,0,0,0,0,"3 lanes",2,0,NA,0,NA
5256,1192,"Asheville","Buncombe","Mountains","Residential","Urban (>70% Developed)","PVA 42 WESTMORE DR","Urban",NA,"No Control Present","Cloudy","No",7,"6-10","No",NA,"Not Applicable","C: Possible Injury","Non-Roadway","White","Male",54,"50-59","No",NA,"6-10 mph","O: No Injury","Black","Male","Passenger Car","No","06JUN2013","Thursday","Non-Roadway",17,"Non-Roadway","June","C: Possible Injury",63240,"Non-Roadway",2013,"No","No","Daylight","Straight - Level","Public Vehicular Area","Dry","Two-Way, Not Divided","None","No Special Feature","Smooth Asphalt",0,0,0,0,0,0,0,NA,2,0,NA,0,NA
5257,1205,"Fayetteville","Cumberland","Coastal","Commercial","Urban (>70% Developed)","RAEFORD RD","Urban","40 - 45  MPH","No Control Present","Clear","No",NA,NA,"No",NA,NA,"K: Killed",NA,"White","Male",26,"25-29","No",NA,"16-20 mph","C: Possible Injury","White","Male","Passenger Car","No","12JAN2013","Saturday","Parallel Paths - Other Circumstances",19,"Non-Intersection","January","K: Killed",68580,"Bicyclist Ride Out - Parallel Path",2013,"Yes","No","Dark - Lighted Roadway","Straight - Level","Local Street","Dry","Two-Way, Not Divided","None","Driveway, Public","Coarse Asphalt",0,0,0,0,0,0,0,"7 lanes",2,0,NA,0,NA
5258,1207,"Lincolnton","Lincoln","Piedmont","Residential","Mixed (30% To 70% Developed)","SOUTH ASPEN STREET","Urban","40 - 45  MPH","Stop Sign","Clear","No",55,"50-59","No",NA,"Facing Traffic","A: Disabling Injury","Travel Lane","Black","Male",69,"60-69","No",NA,"16-20 mph","O: No Injury","White","Male","Light Truck (Mini-Van, Panel)","No","25JUN2013","Tuesday","Bicyclist Failed to Yield - Sign-Controlled Intersection",16,"Intersection","June","A: Disabling Injury",59100,"Bicyclist Ride Through - Sign-Controlled Intersection",2013,"Yes","No","Daylight","Straight - Hillcrest","Local Street","Dry","Two-Way, Not Divided","None","Y-Intersection","Smooth Asphalt",0,0,0,0,0,0,0,"2 lanes",2,0,NA,0,NA
5259,1217,"Charlotte","Mecklenburg","Piedmont","Residential","Mixed (30% To 70% Developed)","CHESTNUT LAKE DR","Urban","30 - 35  MPH","Stop Sign","Clear","No",16,"16-19","No",NA,"With Traffic","O: No Injury","Travel Lane","White","Male",NA,NA,"Missing",NA,"0-5 mph","Unknown Injury","Unknown/Missing",NA,NA,"No","01JUL2013","Monday","Motorist Overtaking Bicyclist",18,"Intersection-Related","July","O: No Injury",67800,"Motorist Overtaking - Other / Unknown",2013,"No","Yes","Daylight","Straight - Level","Local Street","Dry","Two-Way, Divided, Unprotected Median","None","No Special Feature","Smooth Asphalt",0,0,0,0,0,0,0,"2 lanes",2,0,NA,0,NA
5260,1218,"Raleigh","Wake","Piedmont","Commercial","Urban (>70% Developed)","PEACE ST","Urban","30 - 35  MPH","Stop Sign","Cloudy","No",24,"20-24","No",NA,"With Traffic","B: Evident Injury","Travel Lane","White","Female",46,"40-49","No",NA,"0-5 mph","O: No Injury","White","Male","Sport Utility","No","02JUL2013","Tuesday","Motorist Left Turn / Merge",21,"Intersection","July","B: Evident Injury",76380,"Motorist Left Turn - Opposite Direction",2013,"Yes","No","Dark - Roadway Not Lighted","Straight - Grade","Local Street","Dry","Two-Way, Not Divided","None","T-Intersection","Smooth Asphalt",0,0,0,0,0,0,0,"4 lanes",2,0,NA,0,NA
5261,1236,"Greensboro","Guilford","Piedmont","Commercial","Urban (>70% Developed)","ASHWOOD CT","Urban","30 - 35  MPH","Stop Sign","Cloudy","No",64,"60-69","No",NA,"Facing Traffic","B: Evident Injury","Sidewalk / Crosswalk / Driveway Crossing","White","Male",19,"0-19","No",NA,"11-15 mph","O: No Injury","White","Male","Passenger Car","No","07JUL2013","Sunday","Motorist Failed to Yield - Sign-Controlled Intersection",10,"Intersection","July","B: Evident Injury",38220,"Motorist Drive Out - Sign-Controlled Intersection",2013,"Yes","No","Daylight","Straight - Level","Local Street","Dry","Two-Way, Not Divided","None","T-Intersection","Smooth Asphalt",0,0,0,0,0,0,0,"5 lanes",2,0,NA,0,NA
5262,1237,"Sanford","Lee","Piedmont","Residential","Urban (>70% Developed)","FORREST DR","Urban","30 - 35  MPH","No Control Present","Clear","No",8,"6-10","No",NA,"Not Applicable","C: Possible Injury","Driveway / Alley","White","Male",33,"30-39","No",NA,"6-10 mph","O: No Injury","Black","Female","Passenger Car","No","14JUN2013","Friday","Bicyclist Failed to Yield - Midblock",18,"Non-Intersection","June","C: Possible Injury",67380,"Bicyclist Ride Out - Residential Driveway",2013,"No","No","Daylight","Straight - Hillcrest","Local Street","Dry","Two-Way, Not Divided","None","No Special Feature","Coarse Asphalt",0,0,0,0,0,0,0,"1 lane",2,0,NA,0,NA
5263,1238,"None - Rural Crash","Buncombe","Mountains","Farms, Woods, Pastures","Rural (<30% Developed)","SR 3446","Rural","40 - 45  MPH","Double Yellow Line, No Passing Zone","Clear","No",23,"20-24","No",NA,"With Traffic","B: Evident Injury","Travel Lane","White","Male",36,"30-39","No",NA,"0-5 mph","O: No Injury","White","Male","Passenger Car","No","09JUL2013","Tuesday","Motorist Failed to Yield - Midblock",10,"Non-Intersection","July","B: Evident Injury",36000,"Motorist Drive Out - Residential Driveway",2013,"Yes","No","Daylight","Curve - Grade","State Secondary Route","Dry","Two-Way, Not Divided","None","Driveway, Private","Smooth Asphalt",0,0,0,0,0,0,0,"2 lanes",2,0,NA,0,NA
5264,1243,"Charlotte","Mecklenburg","Piedmont","Commercial","Urban (>70% Developed)","FREEDOM DR","Urban","30 - 35  MPH","Stop And Go Signal","Clear","No",48,"40-49","No",NA,"With Traffic","B: Evident Injury","Travel Lane","White","Male",59,"50-59","No",NA,"16-20 mph","O: No Injury","White","Male","Light Truck (Mini-Van, Panel)","No","09JUL2013","Tuesday","Motorist Right Turn / Merge",12,"Intersection","July","B: Evident Injury",43680,"Motorist Right Turn - Opposite Direction",2013,"Yes","No","Daylight","Straight - Level","Local Street","Dry","Two-Way, Divided, Unprotected Median","None","No Special Feature","Smooth Asphalt",0,0,0,0,0,0,0,"4 lanes",2,0,NA,0,NA
5265,1245,"None - Rural Crash","Catawba","Piedmont","Residential","Mixed (30% To 70% Developed)","SR 1401","Rural","40 - 45  MPH","Stop Sign","Cloudy","No",61,"60-69","No",NA,"With Traffic","B: Evident Injury","Travel Lane","White","Female",NA,"70+","No",NA,"0-5 mph","O: No Injury","White","Male","Pickup","No","10JUL2013","Wednesday","Motorist Failed to Yield - Sign-Controlled Intersection",16,"Intersection","July","B: Evident Injury",58020,"Motorist Drive Out - Sign-Controlled Intersection",2013,"Yes","No","Daylight","Straight - Level","State Secondary Route","Dry","Two-Way, Not Divided","None","T-Intersection","Smooth Asphalt",0,0,0,0,0,0,0,"2 lanes",2,0,NA,0,NA
5266,1252,"Hickory","Catawba","Piedmont","Residential","Mixed (30% To 70% Developed)","3RD AVE","Urban","20 - 25  MPH","Other","Clear","No",23,"20-24","No",NA,"Facing Traffic","B: Evident Injury","Sidewalk / Crosswalk / Driveway Crossing","White","Male",NA,"70+","No",NA,"21-25 mph","O: No Injury","White","Male","Pickup","No","15JUN2013","Saturday","Parallel Paths - Other Circumstances",21,"Intersection-Related","June","B: Evident Injury",76440,"Bicyclist Ride Out - Parallel Path",2013,"Yes","No","Dark - Lighted Roadway","Straight - Grade","Local Street","Dry","One-Way, Not Divided","None","No Special Feature","Smooth Asphalt",0,0,0,0,0,0,0,"2 lanes",2,0,NA,0,NA
5267,1253,"None - Rural Crash","Granville","Piedmont","Farms, Woods, Pastures","Rural (<30% Developed)","SR 1710","Rural","50 - 55  MPH","Double Yellow Line, No Passing Zone","Cloudy","No",15,"11-15","No",NA,"With Traffic","B: Evident Injury","Travel Lane","White","Female",44,"40-49","No",NA,"51-55 mph","O: No Injury","White","Male","Passenger Car","No","13JUL2013","Saturday","Motorist Overtaking Bicyclist",8,"Non-Intersection","July","B: Evident Injury",28800,"Motorist Overtaking - Other / Unknown",2013,"Yes","No","Daylight","Curve - Level","State Secondary Route","Wet","Two-Way, Not Divided","None","No Special Feature","Smooth Asphalt",0,0,0,0,0,0,0,"2 lanes",3,0,NA,0,NA
5268,1269,"Charlotte","Mecklenburg","Piedmont","Residential","Urban (>70% Developed)","2600 N GRAHAM ST","Urban","30 - 35  MPH","Stop Sign","Clear","No",48,"40-49","No",NA,"With Traffic","C: Possible Injury","Non-Roadway","Hispanic","Male",48,"40-49","No",NA,"21-25 mph","O: No Injury","Black","Female","Passenger Car","No","01JUL2013","Monday","Parallel Paths - Other Circumstances",17,"Non-Intersection","July","C: Possible Injury",61680,"Bicyclist Ride Out - Parallel Path",2013,"Yes","No","Daylight","Straight - Level","Local Street","Dry","Two-Way, Not Divided","None","No Special Feature","Coarse Asphalt",0,0,0,0,0,0,0,"4 lanes",2,0,NA,0,NA
5269,1271,"Durham","Durham","Piedmont","Residential","Urban (>70% Developed)","S BUCHANAN BLVD","Urban","20 - 25  MPH","No Control Present","Clear","No",7,"6-10","No",NA,"Not Applicable","O: No Injury","Sidewalk / Crosswalk / Driveway Crossing","Black","Male",57,"50-59","No",NA,"0-5 mph","O: No Injury","Black","Female","Passenger Car","No","20JUL2013","Saturday","Bicyclist Failed to Yield - Midblock",18,"Non-Intersection","July","O: No Injury",67980,"Bicyclist Ride Out - Residential Driveway",2013,"Yes","No","Daylight","Straight - Grade","Local Street","Dry","Two-Way, Not Divided","None","No Special Feature","Coarse Asphalt",0,0,0,0,0,0,0,"2 lanes",2,0,NA,0,NA
5270,1272,"None - Rural Crash","Scotland","Coastal","Farms, Woods, Pastures","Rural (<30% Developed)","NC 381","Rural","50 - 55  MPH","No Control Present","Cloudy","No",22,"20-24","Yes",NA,"With Traffic","A: Disabling Injury","Travel Lane","Black","Male",50,"50-59","No",NA,"51-55 mph","O: No Injury","White","Male","Passenger Car","Yes","17JUL2013","Wednesday","Motorist Overtaking Bicyclist",21,"Non-Intersection","July","A: Disabling Injury",76320,"Motorist Overtaking - Bicyclist Swerved",2013,"Yes","No","Dark - Roadway Not Lighted","Straight - Level","NC Route","Dry","Two-Way, Not Divided","None","No Special Feature","Smooth Asphalt",0,0,0,0,0,0,0,"2 lanes",2,0,NA,0,NA
5271,1273,"Emerald Isle","Carteret","Coastal","Commercial","Urban (>70% Developed)","NC 58","Rural","40 - 45  MPH","Stop And Go Signal","Clear","No",13,"11-15","No",NA,"Facing Traffic","C: Possible Injury","Sidewalk / Crosswalk / Driveway Crossing","White","Female",20,"20-24","No",NA,"31-35 mph","O: No Injury","White","Female","Pickup","No","06JUL2013","Saturday","Bicyclist Failed to Yield - Signalized Intersection",18,"Intersection","July","C: Possible Injury",66720,"Bicyclist Ride Out - Signalized  Intersection",2013,"Yes","No","Daylight","Straight - Level","NC Route","Dry","Two-Way, Not Divided","None","Four-Way Intersection","Smooth Asphalt",0,0,0,0,0,0,0,"9 or more lanes",2,0,NA,0,NA
5272,1281,"None - Rural Crash","Madison","Mountains","Farms, Woods, Pastures","Rural (<30% Developed)","SR 1001","Rural","50 - 55  MPH","Double Yellow Line, No Passing Zone","Clear","No",17,"16-19","No",NA,"With Traffic","O: No Injury","Travel Lane","White","Male",62,"60-69","No",NA,"21-25 mph","O: No Injury","White","Male","Passenger Car","No","24JUL2013","Wednesday","Motorist Overtaking Bicyclist",15,"Non-Intersection","July","O: No Injury",57120,"Motorist Overtaking - Bicyclist Swerved",2013,"No","No","Daylight","Straight - Grade","State Secondary Route","Dry","Two-Way, Not Divided","None","No Special Feature","Smooth Asphalt",0,0,0,0,0,0,0,"2 lanes",3,0,NA,0,NA
5273,1282,"Statesville","Iredell","Piedmont","Residential","Urban (>70% Developed)","GROVE ST","Urban","30 - 35  MPH","Stop Sign","Clear","No",10,"6-10","No",NA,"With Traffic","C: Possible Injury","Travel Lane","Black","Female",57,"50-59","No",NA,"16-20 mph","O: No Injury","Black","Female","Sport Utility","No","10JUL2013","Wednesday","Bicyclist Failed to Yield - Sign-Controlled Intersection",15,"Intersection","July","C: Possible Injury",56400,"Bicyclist Ride Through - Sign-Controlled Intersection",2013,"Yes","No","Daylight","Straight - Grade","Local Street","Dry","Two-Way, Not Divided","None","T-Intersection","Smooth Asphalt",0,0,0,0,0,0,0,"2 lanes",2,0,NA,0,NA
5274,1284,"Durham","Durham","Piedmont","Commercial","Urban (>70% Developed)","NINTH ST","Urban","20 - 25  MPH","No Control Present","Clear","No",26,"25-29","No",NA,"With Traffic","B: Evident Injury","Travel Lane","Black","Female",55,"50-59","No",NA,"21-25 mph","O: No Injury","White","Female","Van","No","23JUL2013","Tuesday","Backing Vehicle",9,"Non-Intersection","July","B: Evident Injury",35820,"Backing Vehicle",2013,"Yes","No","Daylight","Straight - Level","Local Street","Dry","Two-Way, Not Divided","None","No Special Feature","Coarse Asphalt",0,0,0,0,0,0,0,"2 lanes",2,0,NA,0,NA
5275,1288,"High Point","Guilford","Piedmont","Commercial","Urban (>70% Developed)","S MAIN ST","Urban","30 - 35  MPH","Stop And Go Signal","Clear","No",40,"40-49","Yes",NA,"Facing Traffic","B: Evident Injury","Travel Lane","Hispanic","Male",34,"30-39","No",NA,"0-5 mph","O: No Injury","White","Female","Pickup","Yes","28JUN2013","Friday","Motorist Failed to Yield - Signalized Intersection",12,"Intersection","June","B: Evident Injury",44760,"Motorist Drive Out - Right Turn on Red",2013,"No","No","Daylight","Straight - Level","Local Street","Dry","Two-Way, Not Divided","None","T-Intersection","Coarse Asphalt",0,0,0,0,0,0,0,"5 lanes",2,0,NA,0,NA
5276,1294,"Kinston","Lenoir","Coastal","Commercial","Urban (>70% Developed)","US 70","Urban","40 - 45  MPH","Stop And Go Signal","Clear","No",28,"25-29","No",NA,"With Traffic","B: Evident Injury","Travel Lane","White","Male",NA,"70+","No",NA,"26-30 mph","O: No Injury","White","Female","Passenger Car","No","29JUL2013","Monday","Motorist Right Turn / Merge",12,"Intersection","July","B: Evident Injury",46500,"Motorist Right Turn - Same Direction",2013,"Yes","No","Daylight","Straight - Level","US Route","Dry","Two-Way, Not Divided","None","T-Intersection","Grooved Concrete",0,0,0,0,0,0,0,"7 lanes",2,0,NA,0,NA
5277,1299,"Oak Island","Brunswick","Coastal","Commercial","Urban (>70% Developed)","NE 63RD ST","Urban","30 - 35  MPH","No Control Present","Cloudy","No",10,"6-10","No",NA,"Facing Traffic","B: Evident Injury","Driveway / Alley","Hispanic","Male",65,"60-69","No",NA,"16-20 mph","O: No Injury","White","Female","Sport Utility","No","27JUN2013","Thursday","Bicyclist Failed to Yield - Midblock",17,"Non-Intersection","June","B: Evident Injury",62880,"Bicyclist Ride Out - Commercial Driveway / Alley",2013,"No","No","Daylight","Straight - Level","Local Street","Dry","Two-Way, Not Divided","None","Alley Intersection","Smooth Asphalt",0,0,0,0,0,0,0,"2 lanes",2,0,NA,0,NA
5278,1320,"Winston-Salem","Forsyth","Piedmont","Residential","Urban (>70% Developed)","E 16TH ST","Urban","20 - 25  MPH","No Control Present","Clear","No",21,"20-24","No",NA,"With Traffic","B: Evident Injury","Travel Lane","Black","Male",65,"60-69","No",NA,"16-20 mph","O: No Injury","Black","Female","Passenger Car","No","24JUL2013","Wednesday","Motorist Overtaking Bicyclist",7,"Non-Intersection","July","B: Evident Injury",27900,"Motorist Overtaking - Bicyclist Swerved",2013,"Yes","No","Daylight","Straight - Level","Local Street","Dry","Two-Way, Not Divided","None","No Special Feature","Coarse Asphalt",0,0,0,0,0,0,0,"2 lanes",2,0,NA,0,NA
5279,1325,"Raleigh","Wake","Piedmont","Commercial","Urban (>70% Developed)","E CABARRUS","Urban","30 - 35  MPH","Stop Sign","Clear","No",34,"30-39","No",NA,"Facing Traffic","B: Evident Injury","Travel Lane","White","Male",34,"30-39","No",NA,"26-30 mph","O: No Injury","White","Male","Pickup","No","30JUL2013","Tuesday","Loss of Control / Turning Error",13,"Intersection","July","B: Evident Injury",50280,"Bicyclist Turning Error - Right Turn",2013,"Yes","No","Daylight","Straight - Grade","Local Street","Dry","Two-Way, Not Divided","None","No Special Feature","Smooth Asphalt",0,0,0,0,0,0,0,"2 lanes",2,0,NA,0,NA
5280,1329,"Wilmington","New Hanover","Coastal","Residential","Urban (>70% Developed)","SOUTH COLLEGE RD","Urban","40 - 45  MPH","Stop And Go Signal","Clear","No",31,"30-39","No",NA,"With Traffic","B: Evident Injury","Bike Lane / Paved Shoulder","White","Male",48,"40-49","No",NA,"31-35 mph","O: No Injury","White","Male","Pickup","No","03JUL2013","Wednesday","Motorist Overtaking Bicyclist",7,"Intersection","July","B: Evident Injury",27540,"Motorist Overtaking - Other / Unknown",2013,"Yes","No","Daylight","Straight - Level","Local Street","Dry","Two-Way, Divided, Positive Median Barrier","None","Four-Way Intersection","Smooth Asphalt",0,0,0,0,0,0,0,"5 lanes",2,0,NA,0,NA
5281,1331,"Winston-Salem","Forsyth","Piedmont","Residential","Urban (>70% Developed)","E FIFTH ST","Urban","30 - 35  MPH","Double Yellow Line, No Passing Zone","Clear","No",47,"40-49","No",NA,"Facing Traffic","B: Evident Injury","Travel Lane","Black","Male",NA,NA,"Missing",NA,"11-15 mph","Unknown Injury","Unknown/Missing",NA,NA,"No","25JUL2013","Thursday","Crossing Paths - Other Circumstances",21,"Intersection-Related","July","B: Evident Injury",78660,"Signalized Intersection - Other / Unknown",2013,"Yes","Yes","Dark - Lighted Roadway","Straight - Level","Local Street","Dry","Two-Way, Divided, Unprotected Median","None","No Special Feature","Smooth Asphalt",0,0,0,0,0,0,0,"2 lanes",2,0,NA,0,NA
5282,1336,"Wilmington","New Hanover","Coastal","Residential","Urban (>70% Developed)","PRICES LN","Urban","30 - 35  MPH","No Control Present","Clear","No",6,"6-10","No",NA,"Facing Traffic","C: Possible Injury","Travel Lane","Black","Female",NA,NA,"Missing",NA,"26-30 mph","Unknown Injury","Unknown/Missing",NA,"Passenger Car","No","28JUN2013","Friday","Crossing Paths - Other Circumstances",20,"Non-Intersection","June","C: Possible Injury",74100,"Crossing Paths - Midblock - Other / Unknown",2013,"Yes","Yes","Daylight","Straight - Level","Local Street","Dry","Two-Way, Not Divided","None","No Special Feature","Smooth Asphalt",0,0,0,0,0,0,0,"2 lanes",2,0,NA,0,NA
5283,1341,"None - Rural Crash","Halifax","Coastal","Farms, Woods, Pastures","Rural (<30% Developed)","SR 1409","Rural","50 - 55  MPH","Double Yellow Line, No Passing Zone","Cloudy","No",58,"50-59","Yes",NA,NA,"K: Killed","Travel Lane","Black","Male",NA,NA,"No",NA,"51-55 mph","Unknown Injury","Unknown/Missing",NA,NA,"Yes","06AUG2013","Tuesday","Motorist Overtaking Bicyclist",21,"Non-Intersection","August","K: Killed",75600,"Motorist Overtaking - Other / Unknown",2013,"Yes","Yes","Dark - Roadway Not Lighted","Straight - Level","State Secondary Route","Dry","Two-Way, Not Divided","None","No Special Feature","Smooth Asphalt",0,0,0,0,0,0,0,"2 lanes",2,0,NA,0,NA
5284,1343,"None - Rural Crash","Gaston","Piedmont","Farms, Woods, Pastures","Rural (<30% Developed)","SR 2426","Rural","40 - 45  MPH","Double Yellow Line, No Passing Zone","Cloudy","No",52,"50-59","No",NA,"With Traffic","O: No Injury","Travel Lane","White","Male",NA,"70+","No",NA,"21-25 mph","O: No Injury","White","Male","Passenger Car","No","07AUG2013","Wednesday","Motorist Overtaking Bicyclist",9,"Non-Intersection","August","O: No Injury",35400,"Motorist Overtaking - Misjudged Space",2013,"No","No","Daylight","Straight - Grade","State Secondary Route","Wet","Two-Way, Not Divided","None","No Special Feature","Smooth Asphalt",0,0,0,0,0,0,0,"2 lanes",2,0,NA,0,NA
5285,1350,"Duck","Dare","Coastal","Commercial","Mixed (30% To 70% Developed)","DUCK RD","Rural",NA,"No Control Present","Clear","No",31,"30-39","No",NA,"With Traffic","C: Possible Injury","Bike Lane / Paved Shoulder","Black","Male",NA,NA,"Missing",NA,NA,"Unknown Injury","Unknown/Missing",NA,NA,"No","29JUL2013","Monday","Motorist Overtaking Bicyclist",8,"Non-Intersection","July","C: Possible Injury",31200,"Motorist Overtaking - Other / Unknown",2013,"No","Yes","Daylight","Straight - Level","NC Route","Dry","Two-Way, Divided, Unprotected Median","None","No Special Feature","Coarse Asphalt",0,0,0,0,0,0,0,"3 lanes",2,0,NA,0,NA
5286,1351,"Jacksonville","Onslow","Coastal","Commercial","Urban (>70% Developed)","US 17","Urban","40 - 45  MPH","No Control Present","Rain","No",43,"40-49","No",NA,"Facing Traffic","B: Evident Injury","Travel Lane","Black","Female",37,"30-39","No",NA,"41-45 mph","O: No Injury","White","Female","Passenger Car","No","30JUN2013","Sunday","Crossing Paths - Other Circumstances",14,"Intersection","June","B: Evident Injury",51420,"Crossing Paths - Uncontrolled Intersection",2013,"Yes","No","Daylight","Straight - Level","NC Route","Water (Standing, Moving)","Two-Way, Not Divided","None","No Special Feature","Smooth Asphalt",0,0,0,0,0,0,0,"5 lanes",2,0,NA,0,NA
5287,1352,"Oak Island","Brunswick","Coastal","Residential","Urban (>70% Developed)","E OAK ISLAND DR","Urban","40 - 45  MPH","No Control Present","Clear","No",16,"16-19","No",NA,"With Traffic","B: Evident Injury","Sidewalk / Crosswalk / Driveway Crossing","White","Male",59,"50-59","No",NA,NA,"O: No Injury","White","Male","Passenger Car","No","15JUL2013","Monday","Backing Vehicle",12,"Non-Intersection","July","B: Evident Injury",44160,"Backing Vehicle",2013,"Yes","No","Daylight","Straight - Level","Local Street","Dry","Two-Way, Not Divided","None","No Special Feature","Concrete",0,0,0,0,0,0,0,"3 lanes",2,0,NA,0,NA
5288,1358,"Durham","Durham","Piedmont","Commercial","Urban (>70% Developed)","PVA 114 S BUCHANAN BLVD","Urban","30 - 35  MPH","Stop Sign","Cloudy","No",52,"50-59","No",NA,"Facing Traffic","C: Possible Injury","Sidewalk / Crosswalk / Driveway Crossing","White","Female",30,"30-39","No",NA,"0-5 mph","O: No Injury","White","Female","Van","No","14AUG2013","Wednesday","Motorist Failed to Yield - Midblock",17,"Non-Intersection","August","C: Possible Injury",61500,"Motorist Drive Out - Commercial Driveway / Alley",2013,"Yes","No","Daylight","Straight - Level","Public Vehicular Area","Dry","Two-Way, Not Divided","None","No Special Feature","Coarse Asphalt",0,0,0,0,0,0,0,"2 lanes",2,0,NA,0,NA
5289,1359,"Fuquay-Varina","Wake","Piedmont","Commercial","Urban (>70% Developed)","WAKE CHAPEL RD","Urban","30 - 35  MPH","Stop And Go Signal","Cloudy","No",NA,NA,"No",NA,"With Traffic","Unknown Injury","Travel Lane","Unknown/Missing",NA,40,"40-49","No",NA,"0-5 mph","O: No Injury","White","Male","Single Unit Truck (2-Axle, 6-Tire)","No","02JUL2013","Tuesday","Loss of Control / Turning Error",0,"Intersection","July","C: Possible Injury",2280,"Motorist Turning Error - Left Turn",2013,"No","No","Dark - Lighted Roadway","Straight - Level","Local Street","Wet","Two-Way, Not Divided","None","Y-Intersection","Coarse Asphalt",0,0,0,0,0,0,0,"2 lanes",2,0,NA,0,NA
5290,1364,"Cary","Wake","Piedmont","Commercial","Urban (>70% Developed)","CHAPEL HILL RD","Urban","40 - 45  MPH","No Control Present","Rain","No",35,"30-39","No",NA,"With Traffic","C: Possible Injury","Sidewalk / Crosswalk / Driveway Crossing","Black","Female",53,"50-59","No",NA,"36-40 mph","O: No Injury","Black","Female","Passenger Car","No","27JUL2013","Saturday","Motorist Right Turn / Merge",18,"Non-Intersection","July","C: Possible Injury",65700,"Motorist Right Turn - Same Direction",2013,"No","No","Daylight","Straight - Level","NC Route","Wet","Two-Way, Divided, Unprotected Median","None","Driveway, Public","Smooth Asphalt",0,0,0,0,0,0,0,"4 lanes",2,0,NA,0,NA