"...1","object_id","city","county","region","development","locality","on_road","rural_urban","speed_limit","traffic_control","weather","workzone","bike_age","bike_age_group","bike_alcohol","bike_alcohol_drugs","bike_direction","bike_injury","bike_position","bike_race","bike_sex","driver_age","driver_age_group","driver_alcohol","driver_alcohol_drugs","driver_est_speed","driver_injury","driver_race","driver_sex","driver_vehicle_type","crash_alcohol","crash_date","crash_day","crash_group","crash_hour","crash_location","crash_month","crash_severity","crash_time","crash_type","crash_year","ambulance_req","hit_run","light_condition","road_character","road_class","road_condition","road_configuration","road_defects","road_feature","road_surface","num_bikes_ai","num_bikes_bi","num_bikes_ci","num_bikes_ki","num_bikes_no","num_bikes_to","num_bikes_ui","num_lanes","num_units","distance_mi_from","frm_road","rte_invd_cd","towrd_road"
5291,1368,"Raleigh","Wake","Piedmont","Residential","Urban (>70% Developed)","KAPLAN DR","Urban","30 - 35  MPH","Stop Sign","Clear","No",18,"16-19","No",NA,"With Traffic","B: Evident Injury","Travel Lane","Black","Male",24,"20-24","No",NA,"31-35 mph","O: No Injury","Black","Female","Sport Utility","No","15AUG2013","Thursday","Bicyclist Failed to Yield - Sign-Controlled Intersection",19,"Intersection","August","B: Evident Injury",68940,"Bicyclist Ride Through - Sign-Controlled Intersection",2013,"Yes","No","Daylight","Straight - Level","Local Street","Dry","Two-Way, Not Divided","None","No Special Feature","Smooth Asphalt",0,0,0,0,0,0,0,"2 lanes",2,0,NA,0,NA
5292,1376,"Duck","Dare","Coastal","Residential","Urban (>70% Developed)","DUCK RD","Rural","20 - 25  MPH","No Control Present","Clear","No",41,"40-49","No",NA,"With Traffic","B: Evident Injury","Bike Lane / Paved Shoulder","White","Male",32,"30-39","No",NA,"0-5 mph","O: No Injury","White","Female","Passenger Car","No","19JUL2013","Friday","Motorist Right Turn / Merge",9,"Non-Intersection","July","B: Evident Injury",32640,"Motorist Right Turn - Same Direction",2013,"No","No","Daylight","Straight - Level","NC Route","Dry","Two-Way, Divided, Unprotected Median","None","No Special Feature","Smooth Asphalt",0,0,0,0,0,0,0,"3 lanes",2,0,NA,0,NA
5293,1378,"Fayetteville","Cumberland","Coastal","Commercial","Urban (>70% Developed)","ALL AMERICAN EXP ON R","Urban","40 - 45  MPH","Stop And Go Signal","Clear","No",23,"20-24","No",NA,"With Traffic","B: Evident Injury","Travel Lane","Black","Male",31,"30-39","No",NA,"31-35 mph","O: No Injury","White","Female","Passenger Car","No","23JUL2013","Tuesday","Crossing Paths - Other Circumstances",9,"Non-Intersection","July","B: Evident Injury",33240,"Crossing Paths - Midblock - Other / Unknown",2013,"No","No","Daylight","Curve - Grade","Local Street","Dry","Two-Way, Divided, Positive Median Barrier","None","On or Off Ramp","Coarse Asphalt",0,0,0,0,0,0,0,"6 lanes",2,0,NA,0,NA
5294,1381,"None - Rural Crash","Union","Piedmont","Residential","Rural (<30% Developed)","PVA OAKSTONE SUBDIVISION","Rural","50 - 55  MPH","No Control Present","Cloudy","No",13,"11-15","No",NA,"Not Applicable","O: No Injury",NA,"White","Male",NA,NA,"Missing",NA,"0-5 mph","Unknown Injury","Unknown/Missing",NA,"Passenger Car","No","18AUG2013","Sunday","Non-Roadway",14,"Non-Roadway","August","O: No Injury",52200,"Non-Roadway",2013,"No","No","Daylight","Straight - Level","Public Vehicular Area","Dry","Two-Way, Not Divided","None","Driveway, Public","Smooth Asphalt",0,0,0,0,0,0,0,"2 lanes",2,0,NA,0,NA
5295,1384,"Jacksonville","Onslow","Coastal","Commercial","Urban (>70% Developed)","GUM BRANCH RD","Urban","40 - 45  MPH","Stop And Go Signal","Cloudy","No",27,"25-29","Yes",NA,"With Traffic","C: Possible Injury","Travel Lane","Hispanic","Male",27,"25-29","No",NA,"41-45 mph","O: No Injury","Black","Female","Passenger Car","Yes","02AUG2013","Friday","Bicyclist Failed to Yield - Signalized Intersection",10,"Intersection","August","C: Possible Injury",36660,"Bicyclist Ride Through - Signalized Intersection",2013,"Yes","No","Daylight","Straight - Level","Local Street","Wet","Two-Way, Not Divided","None","Four-Way Intersection","Smooth Asphalt",0,0,0,0,0,0,0,"4 lanes",2,0,NA,0,NA
5296,1387,"High Point","Guilford","Piedmont","Commercial","Urban (>70% Developed)","3102 E KIVETT DR","Urban",NA,"No Control Present","Clear","No",13,"11-15","No",NA,"Facing Traffic","B: Evident Injury","Sidewalk / Crosswalk / Driveway Crossing","Black","Male",41,"40-49","No",NA,NA,"O: No Injury","White","Female","Sport Utility","No","02AUG2013","Friday","Motorist Failed to Yield - Midblock",12,"Non-Intersection","August","B: Evident Injury",46380,"Motorist Drive Out - Commercial Driveway / Alley",2013,"No","No","Daylight","Straight - Level","Public Vehicular Area","Dry","Two-Way, Not Divided","None","Driveway, Public","Smooth Asphalt",0,0,0,0,0,0,0,NA,2,0,NA,0,NA
5297,1401,"None - Rural Crash","Mecklenburg","Piedmont","Residential","Urban (>70% Developed)","REGAL OAKS RD","Rural","40 - 45  MPH","Stop And Go Signal","Cloudy","No",56,"50-59","Yes",NA,"Facing Traffic","B: Evident Injury","Sidewalk / Crosswalk / Driveway Crossing","White","Male",NA,NA,"Missing",NA,"6-10 mph","Unknown Injury","Unknown/Missing",NA,NA,"Yes","01SEP2013","Sunday","Motorist Failed to Yield - Signalized Intersection",20,"Intersection","September","B: Evident Injury",72000,"Motorist Drive Out - Signalized Intersection",2013,"Yes","Yes","Dark - Lighted Roadway","Straight - Level","Local Street","Wet","Two-Way, Not Divided","None","No Special Feature","Smooth Asphalt",0,0,0,0,0,0,0,"2 lanes",2,0,NA,0,NA
5298,1406,"New Bern","Craven","Coastal","Residential","Urban (>70% Developed)","MILLER ST","Urban","30 - 35  MPH","No Control Present","Clear","No",12,"11-15","No",NA,"Facing Traffic","C: Possible Injury","Sidewalk / Crosswalk / Driveway Crossing","Black","Male",NA,"70+","No",NA,"16-20 mph","O: No Injury","White","Male","Passenger Car","No","21AUG2013","Wednesday","Motorist Left Turn / Merge",16,"Intersection-Related","August","C: Possible Injury",58140,"Motorist Left Turn - Same Direction",2013,"Yes","No","Daylight","Straight - Level","Local Street","Dry","Two-Way, Not Divided","None","No Special Feature","Smooth Asphalt",0,0,0,0,0,0,0,"2 lanes",2,0,NA,0,NA
5299,1422,"None - Rural Crash","Lincoln","Piedmont","Farms, Woods, Pastures","Mixed (30% To 70% Developed)","US 321","Rural","40 - 45  MPH","Double Yellow Line, No Passing Zone","Clear","No",28,"25-29","No",NA,"With Traffic","B: Evident Injury","Travel Lane","White","Male",20,"20-24","No",NA,"41-45 mph","O: No Injury","White","Male","Passenger Car","No","06SEP2013","Friday","Motorist Overtaking Bicyclist",5,"Non-Intersection","September","B: Evident Injury",20940,"Motorist Overtaking - Undetected Bicyclist",2013,"Yes","No","Dark - Roadway Not Lighted","Straight - Level","US Route","Dry","Two-Way, Not Divided","None","No Special Feature","Smooth Asphalt",0,0,0,0,0,0,0,"2 lanes",2,0,NA,0,NA
5300,1426,"High Point","Guilford","Piedmont","Residential","Urban (>70% Developed)","RAGAN AVE","Urban","30 - 35  MPH","Stop Sign","Clear","No",43,"40-49","Yes",NA,"With Traffic","A: Disabling Injury","Travel Lane","White","Female",43,"40-49","No",NA,"31-35 mph","O: No Injury","Black","Female","Sport Utility","Yes","20AUG2013","Tuesday","Loss of Control / Turning Error",20,"Intersection","August","A: Disabling Injury",72720,"Bicyclist Turning Error - Right Turn",2013,"Yes","No","Dusk","Straight - Hillcrest","Local Street","Dry","Two-Way, Not Divided","None","Related To Intersection","Smooth Asphalt",0,0,0,0,0,0,0,"2 lanes",2,0,NA,0,NA
5301,442,"Greensboro","Guilford","Piedmont","Residential","Urban (>70% Developed)","PVA 6010 W FRIENDLY AV","Urban","5 - 15 MPH","No Control Present","Clear","No",27,"25-29",NA,"No","Facing Traffic","B: Evident Injury","Sidewalk / Crosswalk / Driveway Crossing","White","Male",32,"30-39",NA,"No","0-5 mph","O: No Injury","Other","Male","Passenger Car","No","25AUG2014","Monday","Motorist Failed to Yield - Midblock",15,"Non-Intersection","August","B: Evident Injury",57480,"Motorist Drive Out - Commercial Driveway / Alley",2014,"Yes","No","Daylight","Straight - Level","Public Vehicular Area","Dry","Two-Way, Not Divided","None","Driveway, Private","Smooth Asphalt",0,1,0,0,0,1,0,"5 lanes",2,0,"W FRIENDLY AV",0,"LINDLEY RD"
5302,441,"None - Rural Crash","Guilford","Piedmont","Residential","Mixed (30% To 70% Developed)","SR 2770","Rural","50 - 55  MPH","Double Yellow Line, No Passing Zone","Clear","No",8,"6-10",NA,"No","Not Applicable","C: Possible Injury","Driveway / Alley","White","Male",62,"60-69",NA,"No","31-35 mph","O: No Injury","White","Female","Sport Utility","No","22AUG2014","Friday","Bicyclist Failed to Yield - Midblock",18,"Non-Intersection","August","C: Possible Injury",65700,"Bicyclist Ride Out - Residential Driveway",2014,"Yes","No","Daylight","Straight - Grade","State Secondary Route","Dry","Two-Way, Not Divided","None","Driveway, Private","Smooth Asphalt",0,0,1,0,0,1,0,"2 lanes",2,0.014,"2992",40002770,"2991"
5303,438,"None - Rural Crash","Richmond","Piedmont","Residential","Mixed (30% To 70% Developed)","1103","Rural","40 - 45  MPH","Double Yellow Line, No Passing Zone","Cloudy","No",19,"16-19",NA,"No","With Traffic","C: Possible Injury","Travel Lane","Black","Male",57,"50-59",NA,"No","26-30 mph","O: No Injury","White","Female","Passenger Car","No","08AUG2014","Friday","Bicyclist Left Turn / Merge",17,"Intersection-Related","August","C: Possible Injury",64080,"Bicyclist Left Turn - Same Direction",2014,"Yes","No","Daylight","Straight - Bottom","State Secondary Route","Dry","Two-Way, Not Divided","None","No Special Feature","Coarse Asphalt",0,0,1,0,0,1,0,"2 lanes",2,0.08,"SPRING ST",40001103,"1234"
5304,433,"Shallotte","Brunswick","Coastal","Commercial","Urban (>70% Developed)","MAIN ST","Rural","30 - 35  MPH","No Control Present","Clear","No",51,"50-59",NA,"No","Facing Traffic","C: Possible Injury",NA,"Unknown/Missing","Male",42,"40-49",NA,"No","0-5 mph","O: No Injury","White","Male","Pickup","No","17JUL2014","Thursday","Motorist Failed to Yield - Midblock",19,"Non-Intersection","July","C: Possible Injury",68520,"Motorist Drive Out - Commercial Driveway / Alley",2014,"Yes","No","Daylight","Straight - Level","Local Street","Dry","Two-Way, Divided, Unprotected Median","None","Driveway, Public","Smooth Asphalt",0,0,1,0,0,1,0,"3 lanes",2,0,"UNKNOWN",50018682,"AL STREET"
5305,445,"Emerald Isle","Carteret","Coastal","Commercial","Urban (>70% Developed)","LOON DRIVE","Rural","20 - 25  MPH","Stop Sign","Clear","No",16,"16-19",NA,"No","Not Applicable","C: Possible Injury","Multi-use Path","White","Male",61,"60-69",NA,"No","6-10 mph","O: No Injury","White","Female","Sport Utility","No","26JUL2014","Saturday","Bicyclist Failed to Yield - Midblock",13,"Non-Intersection","July","C: Possible Injury",47040,"Bicyclist Ride Out - Other Midblock",2014,"No","No","Daylight","Straight - Level","Local Street","Dry","Two-Way, Not Divided","None","Four-Way Intersection","Coarse Asphalt",0,0,1,0,0,1,0,"9 or more lanes",2,0.016,"58",30000058,NA
5306,417,"Rocky Mount","Nash","Coastal","Residential","Urban (>70% Developed)","W RALEIGH BLVD","Urban","30 - 35  MPH","No Control Present","Clear","No",46,"40-49",NA,"No","Facing Traffic","B: Evident Injury","Travel Lane","Black","Female",22,"20-24",NA,NA,"0-5 mph","Unknown Injury","Black","Male","Pickup","No","04AUG2014","Monday","Motorist Left Turn / Merge",21,"Intersection","August","B: Evident Injury",78240,"Motorist Left Turn - Opposite Direction",2014,"No","No","Dusk","Straight - Level","Local Street","Dry","Two-Way, Not Divided","None","Four-Way Intersection","Smooth Asphalt",0,1,0,0,0,1,0,"2 lanes",2,0,"WEST HAVEN BLVD",30000097,"HENRY ST"
5307,430,"Boone","Watauga","Mountains","Institutional","Urban (>70% Developed)","STADIUM DRIVE","Urban","20 - 25  MPH","Stop And Go Signal","Rain","No",22,"20-24",NA,"No","With Traffic","B: Evident Injury","Travel Lane","White","Female",47,"40-49",NA,"No","6-10 mph","O: No Injury","White","Female","Pickup","No","18AUG2014","Monday","Motorist Right Turn / Merge",12,"Intersection","August","B: Evident Injury",45000,"Motorist Right Turn - Same Direction",2014,"Yes","No","Daylight","Straight - Level","Local Street","Wet","Two-Way, Not Divided","None","T-Intersection","Smooth Asphalt",0,1,0,0,0,1,0,"4 lanes",2,0,"RIVERS STREET",40001163,"CENTER ST"
5308,414,"Durham","Durham","Piedmont","Residential","Urban (>70% Developed)","PVA 901 CHALK LEVEL RD","Urban","5 - 15 MPH","No Control Present","Cloudy","No",5,"0-5",NA,"No","Not Applicable","C: Possible Injury","Driveway / Alley","Black","Female",22,"20-24",NA,"No","0-5 mph","O: No Injury","Black","Male","Passenger Car","No","13AUG2014","Wednesday","Non-Roadway",13,"Non-Roadway","August","C: Possible Injury",46860,"Non-Roadway",2014,"Yes","No","Daylight","Straight - Level","Public Vehicular Area","Wet","Two-Way, Not Divided","None","No Special Feature","Coarse Asphalt",0,0,1,0,0,1,0,NA,2,0,"901 CHALK LEVEL RD",0,"CHALK LEVEL RD"
5309,426,"Raleigh","Wake","Piedmont","Residential","Urban (>70% Developed)","BRAGG ST","Urban","30 - 35  MPH","Stop Sign","Clear","No",10,"6-10",NA,"No","With Traffic","C: Possible Injury","Travel Lane","Black","Male",58,"50-59",NA,"No","0-5 mph","O: No Injury","Black","Male","Pickup","No","17AUG2014","Sunday","Motorist Right Turn / Merge",16,"Intersection","August","C: Possible Injury",59220,"Motorist Right Turn - Same Direction",2014,"Yes","No","Daylight","Straight - Level","Local Street","Dry","Two-Way, Not Divided","None","Four-Way Intersection","Coarse Asphalt",0,0,1,0,0,1,0,"2 lanes",2,0,"S BLOODWORTH ST",50003469,"E LEE ST"
5310,861,"None - Rural Crash","Onslow","Coastal","Residential","Mixed (30% To 70% Developed)","SR 1213","Rural","50 - 55  MPH","Double Yellow Line, No Passing Zone","Clear","No",20,"20-24","No",NA,"With Traffic","B: Evident Injury","Bike Lane / Paved Shoulder","White","Male",NA,NA,"No",NA,"51-55 mph","Unknown Injury","Unknown/Missing",NA,"Passenger Car","No","14JAN2013","Monday","Loss of Control / Turning Error",13,"Non-Intersection","January","B: Evident Injury",49680,"Motorist Lost Control - Other / Unknown",2013,"No","Yes","Daylight","Curve - Level","State Secondary Route","Dry","Two-Way, Not Divided","None","No Special Feature","Coarse Asphalt",0,0,0,0,0,0,0,"2 lanes",2,0,NA,0,NA
5311,871,"Wilmington","New Hanover","Coastal","Commercial","Urban (>70% Developed)","SHIPYARD BLVD","Urban","40 - 45  MPH","Stop And Go Signal","Clear","No",19,"16-19","No",NA,"With Traffic","C: Possible Injury","Travel Lane","White","Male",62,"60-69","No",NA,"11-15 mph","O: No Injury","Black","Female","Van","No","09JAN2013","Wednesday","Bicyclist Failed to Yield - Signalized Intersection",20,"Intersection","January","C: Possible Injury",73260,"Bicyclist Ride Out - Signalized  Intersection",2013,"Yes","No","Dark - Lighted Roadway","Straight - Level","Local Street","Dry","Two-Way, Divided, Positive Median Barrier","None","Four-Way Intersection","Smooth Asphalt",0,0,0,0,0,0,0,"9 or more lanes",2,0,NA,0,NA
5312,864,"None - Rural Crash","Robeson","Coastal","Farms, Woods, Pastures","Rural (<30% Developed)","SR 1752","Rural","50 - 55  MPH","Double Yellow Line, No Passing Zone","Clear","No",49,"40-49","No",NA,"With Traffic","B: Evident Injury","Travel Lane","Native American","Male",42,"40-49","No",NA,"51-55 mph","O: No Injury","Native American","Female","Van","No","13JAN2013","Sunday","Motorist Overtaking Bicyclist",18,"Non-Intersection","January","B: Evident Injury",66840,"Motorist Overtaking - Other / Unknown",2013,"Yes","No","Dark - Roadway Not Lighted","Straight - Level","State Secondary Route","Dry","Two-Way, Not Divided","None","No Special Feature","Coarse Asphalt",0,0,0,0,0,0,0,"2 lanes",2,0,NA,0,NA
5313,854,"None - Rural Crash","Nash","Coastal","Residential","Mixed (30% To 70% Developed)","SR 1743","Rural","50 - 55  MPH","Double Yellow Line, No Passing Zone","Clear","No",29,"25-29","No",NA,"With Traffic","B: Evident Injury","Travel Lane","White","Male",45,"40-49","No",NA,"41-45 mph","O: No Injury","Black","Male","Passenger Car","No","07JAN2013","Monday","Motorist Overtaking Bicyclist",18,"Non-Intersection","January","B: Evident Injury",67200,"Motorist Overtaking - Other / Unknown",2013,"Yes","No","Dark - Roadway Not Lighted","Straight - Grade","State Secondary Route","Dry","Two-Way, Not Divided","None","No Special Feature","Smooth Asphalt",0,0,0,0,0,0,0,"2 lanes",2,0,NA,0,NA
5314,850,"Chapel Hill","Orange","Piedmont","Institutional","Urban (>70% Developed)","S COLUMBIA ST","Urban","20 - 25  MPH","No Control Present","Clear","No",26,"25-29",NA,"No","With Traffic","B: Evident Injury","Travel Lane","White","Male",21,"20-24",NA,"No","0-5 mph","Unknown Injury","White","Female","Passenger Car","No","11NOV2014","Tuesday","Loss of Control / Turning Error",17,"Non-Intersection","November","B: Evident Injury",64200,"Bicyclist Lost Control - Mechanical Problems",2014,"No","No","Dark - Lighted Roadway","Straight - Grade","Local Street","Dry",NA,"None","No Special Feature","Coarse Asphalt",0,1,0,0,0,1,0,"3 lanes",2,0.038,"SOUTH RD",30000086,"SOUTH RD"
5315,877,"Durham","Durham","Piedmont","Residential","Urban (>70% Developed)","BARBEE RD","Urban","30 - 35  MPH","No Control Present","Clear","No",41,"40-49","No",NA,"With Traffic","B: Evident Injury","Travel Lane","Black","Male",20,"20-24","No",NA,"31-35 mph","O: No Injury","White","Female","Passenger Car","No","29JAN2013","Tuesday","Motorist Overtaking Bicyclist",17,"Non-Intersection","January","B: Evident Injury",64560,"Motorist Overtaking - Undetected Bicyclist",2013,"Yes","No","Dark - Lighted Roadway","Straight - Level","Local Street","Dry","Two-Way, Not Divided","None","No Special Feature","Smooth Asphalt",0,0,0,0,0,0,0,"2 lanes",2,0,NA,0,NA
5316,870,"New Bern","Craven","Coastal","Commercial","Urban (>70% Developed)","NEUSE BLVD","Urban","30 - 35  MPH","No Control Present","Clear","No",61,"60-69","No",NA,"With Traffic","C: Possible Injury","Travel Lane","Black","Male",NA,NA,"Missing",NA,"31-35 mph","Unknown Injury","Unknown/Missing",NA,NA,"No","07JAN2013","Monday","Motorist Overtaking Bicyclist",8,"Intersection-Related","January","C: Possible Injury",29820,"Motorist Overtaking - Other / Unknown",2013,"No","Yes","Daylight","Straight - Level","Local Street","Dry","Two-Way, Not Divided","None","No Special Feature","Concrete",0,0,0,0,0,0,0,"4 lanes",2,0,NA,0,NA
5317,872,"Greenville","Pitt","Coastal","Commercial","Urban (>70% Developed)","NC 11","Urban","40 - 45  MPH","Stop And Go Signal","Clear","No",23,"20-24","Yes",NA,"With Traffic","B: Evident Injury","Travel Lane","Hispanic","Female",65,"60-69","No",NA,"16-20 mph","O: No Injury","White","Female","Passenger Car","Yes","18JAN2013","Friday","Motorist Left Turn / Merge",16,"Intersection","January","B: Evident Injury",57960,"Motorist Left Turn - Opposite Direction",2013,"Yes","No","Daylight","Straight - Level","NC Route","Dry","Two-Way, Divided, Unprotected Median","None","Four-Way Intersection","Smooth Asphalt",0,0,0,0,0,0,0,"6 lanes",2,0,NA,0,NA
5318,855,"Greensboro","Guilford","Piedmont","Residential","Urban (>70% Developed)","WESTRIDGE RD","Urban","40 - 45  MPH","No Control Present","Clear","No",47,"40-49","No",NA,"With Traffic","C: Possible Injury","Travel Lane","White","Male",NA,"70+","No",NA,"11-15 mph","O: No Injury","White","Female","Passenger Car","No","07JAN2013","Monday","Motorist Left Turn / Merge",17,"Intersection","January","C: Possible Injury",64320,"Motorist Left Turn - Opposite Direction",2013,"Yes","No","Dusk","Straight - Level","Local Street","Dry","Two-Way, Not Divided","None","No Special Feature","Coarse Asphalt",0,0,0,0,0,0,0,"2 lanes",2,0,NA,0,NA
5319,4004,"Rocky Mount","Nash","Coastal","Commercial","Urban (>70% Developed)",NA,"Urban","30 - 35  MPH","Stop And Go Signal","Cloudy","No",13,"11-15","Yes",NA,"Facing Traffic","O: No Injury","Travel Lane","White","Female",27,"25-29","No",NA,"0-5 mph","O: No Injury","Black","Female","Passenger Car","Yes","26APR2010","Monday","Bicyclist Failed to Yield - Signalized Intersection",16,"Intersection","April","O: No Injury",58920,"Bicyclist Ride Out - Signalized  Intersection",2010,"No","No","Daylight","Straight - Level","Local Street","Dry","Two-Way, Divided, Unprotected Median","None","Four-Way Intersection","Coarse Asphalt",0,0,0,0,0,0,0,"4 lanes",2,0,NA,0,NA
5320,4009,"Charlotte","Mecklenburg","Piedmont","Residential","Urban (>70% Developed)",NA,"Urban","30 - 35  MPH","No Control Present","Cloudy","No",7,"6-10","No",NA,"With Traffic","O: No Injury","Travel Lane","Black","Male",NA,NA,"Missing",NA,"46-50 mph","Unknown Injury","Unknown/Missing",NA,"Passenger Car","No","29MAY2010","Saturday","Loss of Control / Turning Error",12,"Non-Intersection","May","O: No Injury",46320,"Motorist Lost Control - Oversteering, Improper Braking, Speed",2010,"No","Yes","Daylight","Curve - Grade","Local Street","Dry","Two-Way, Not Divided","None","No Special Feature","Smooth Asphalt",0,0,0,0,0,0,0,"2 lanes",3,0,NA,0,NA
5321,4019,"Charlotte","Mecklenburg","Piedmont","Residential","Urban (>70% Developed)",NA,"Urban","30 - 35  MPH","Stop Sign","Cloudy","No",59,"50-59","No",NA,"With Traffic","B: Evident Injury","Travel Lane","White","Male",NA,NA,"Missing",NA,"16-20 mph","Unknown Injury","Unknown/Missing",NA,NA,"No","01JUN2010","Tuesday","Crossing Paths - Other Circumstances",18,"Intersection","June","B: Evident Injury",66000,"Sign-Controlled Intersection - Other / Unknown",2010,"Yes","Yes","Daylight","Straight - Level","Local Street","Dry","Two-Way, Not Divided","None","Four-Way Intersection","Smooth Asphalt",0,0,0,0,0,0,0,"4 lanes",2,0,NA,0,NA
5322,4037,"Charlotte","Mecklenburg","Piedmont","Residential","Urban (>70% Developed)",NA,"Urban","30 - 35  MPH","Stop And Go Signal","Clear","No",69,"60-69","No",NA,"With Traffic","B: Evident Injury","Travel Lane","White","Male",21,"20-24","No",NA,"31-35 mph","O: No Injury","Black","Male","Passenger Car","No","07JUN2010","Monday","Bicyclist Left Turn / Merge",18,"Non-Intersection","June","B: Evident Injury",66180,"Bicyclist Left Turn - Same Direction",2010,"Yes","No","Daylight","Straight - Level","Local Street","Dry","Two-Way, Divided, Unprotected Median","None","No Special Feature","Smooth Asphalt",0,0,0,0,0,0,0,"4 lanes",2,0,NA,0,NA
5323,4038,"High Point","Guilford","Piedmont","Commercial","Urban (>70% Developed)",NA,"Urban","30 - 35  MPH","No Control Present","Clear","No",32,"30-39","No",NA,"With Traffic","B: Evident Injury","Travel Lane","White","Male",NA,NA,"Missing",NA,"31-35 mph","Unknown Injury","Unknown/Missing",NA,"Passenger Car","No","17JUN2010","Thursday","Motorist Overtaking Bicyclist",17,"Intersection-Related","June","B: Evident Injury",61260,"Motorist Overtaking - Other / Unknown",2010,"Yes","Yes","Daylight","Straight - Grade","Local Street","Dry","Two-Way, Not Divided","None","No Special Feature","Smooth Asphalt",0,0,0,0,0,0,0,"4 lanes",2,0,NA,0,NA
5324,4041,"Holly Springs","Wake","Piedmont","Residential","Urban (>70% Developed)",NA,"Urban","20 - 25  MPH","No Control Present","Clear","No",22,"20-24","No",NA,"With Traffic","Unknown Injury","Travel Lane","Asian","Male",18,"0-19","No",NA,"31-35 mph","O: No Injury","White","Male","Passenger Car","No","26JUN2010","Saturday","Motorist Left Turn / Merge",10,"Intersection","June","O: No Injury",37680,"Motorist Left Turn - Opposite Direction",2010,"Yes","No","Daylight","Straight - Level","Local Street","Dry","Two-Way, Not Divided","None","T-Intersection","Coarse Asphalt",0,0,0,0,0,0,0,"2 lanes",2,0,NA,0,NA
5325,4047,"Norwood","Stanly","Piedmont","Commercial","Rural (<30% Developed)",NA,"Rural","40 - 45  MPH","No Control Present","Clear","No",23,"20-24","No",NA,"With Traffic","B: Evident Injury","Travel Lane","White","Male",66,"60-69","No",NA,"26-30 mph","O: No Injury","White","Male","Pickup","No","08JUN2010","Tuesday","Bicyclist Right Turn / Merge",12,"Non-Intersection","June","B: Evident Injury",43200,"Bicyclist Right Turn - Same Direction",2010,"Yes","No","Daylight","Straight - Grade","Local Street","Dry","Two-Way, Not Divided","None","No Special Feature","Smooth Asphalt",0,0,0,0,0,0,0,"2 lanes",2,0,NA,0,NA
5326,4049,"Greensboro","Guilford","Piedmont","Residential","Urban (>70% Developed)",NA,"Urban","30 - 35  MPH","Stop Sign","Clear","No",54,"50-59","No",NA,"With Traffic","B: Evident Injury","Travel Lane","White","Male",27,"25-29","No",NA,"16-20 mph","O: No Injury","Black","Male","Passenger Car","No","13JUN2010","Sunday","Motorist Failed to Yield - Sign-Controlled Intersection",12,"Intersection","June","B: Evident Injury",45960,"Motorist Drive Out - Sign-Controlled Intersection",2010,"Yes","No","Daylight","Straight - Level","Local Street","Dry","Two-Way, Not Divided","None","T-Intersection","Smooth Asphalt",0,0,0,0,0,0,0,"2 lanes",2,0,NA,0,NA
5327,4057,"Durham","Durham","Piedmont","Commercial","Urban (>70% Developed)",NA,"Urban","30 - 35  MPH","Stop Sign","Clear","No",53,"50-59","No",NA,"Facing Traffic","B: Evident Injury","Travel Lane","Black","Male",55,"50-59","No",NA,"6-10 mph","O: No Injury","White","Male","Passenger Car","No","28JUN2010","Monday","Bicyclist Failed to Yield - Sign-Controlled Intersection",17,"Intersection","June","B: Evident Injury",64140,"Bicyclist Ride Out - Sign-Controlled Intersection",2010,"Yes","No","Daylight","Straight - Grade","Local Street","Dry","Two-Way, Not Divided","None","T-Intersection","Coarse Asphalt",0,0,0,0,0,0,0,"2 lanes",2,0,NA,0,NA
5328,4061,"Hickory","Catawba","Piedmont","Residential","Mixed (30% To 70% Developed)",NA,"Urban","30 - 35  MPH","No Control Present","Clear","No",14,"11-15","No",NA,"With Traffic","O: No Injury","Travel Lane","Black","Male",64,"60-69","No",NA,NA,"O: No Injury","White","Male","Van","No","20JUN2010","Sunday","Bicyclist Overtaking Motorist",19,"Non-Intersection","June","O: No Injury",70020,"Bicyclist Overtaking - Other / Unknown",2010,"No","No","Dusk","Straight - Bottom","Local Street","Dry","Two-Way, Not Divided","None","No Special Feature","Coarse Asphalt",0,0,0,0,0,0,0,"2 lanes",2,0,NA,0,NA
5329,4070,"None - Rural Crash","Wake","Piedmont","Farms, Woods, Pastures","Rural (<30% Developed)",NA,"Rural","40 - 45  MPH","No Control Present","Clear","No",39,"30-39","No",NA,"With Traffic","B: Evident Injury","Travel Lane","White","Male",27,"25-29","No",NA,"41-45 mph","O: No Injury","White","Male","Van","No","05JUL2010","Monday","Motorist Overtaking Bicyclist",19,"Non-Intersection","July","B: Evident Injury",71100,"Motorist Overtaking - Undetected Bicyclist",2010,"Yes","No","Daylight","Straight - Grade","State Secondary Route","Dry","Two-Way, Not Divided","None","No Special Feature","Coarse Asphalt",0,0,0,0,0,0,0,"2 lanes",2,0,NA,0,NA
5330,4072,"Raleigh","Wake","Piedmont","Commercial","Urban (>70% Developed)",NA,"Urban","30 - 35  MPH","No Control Present","Clear","No",39,"30-39","No",NA,"With Traffic","B: Evident Injury","Travel Lane","White","Male",58,"50-59","No",NA,NA,"O: No Injury","White","Male","Passenger Car","No","04JUN2010","Friday","Bicyclist Overtaking Motorist",20,"Non-Intersection","June","B: Evident Injury",73800,"Bicyclist Overtaking - Extended Door",2010,"Yes","No","Dawn","Straight - Level","Local Street","Dry","Two-Way, Not Divided","None","No Special Feature","Smooth Asphalt",0,0,0,0,0,0,0,"2 lanes",2,0,NA,0,NA