"...1","object_id","city","county","region","development","locality","on_road","rural_urban","speed_limit","traffic_control","weather","workzone","bike_age","bike_age_group","bike_alcohol","bike_alcohol_drugs","bike_direction","bike_injury","bike_position","bike_race","bike_sex","driver_age","driver_age_group","driver_alcohol","driver_alcohol_drugs","driver_est_speed","driver_injury","driver_race","driver_sex","driver_vehicle_type","crash_alcohol","crash_date","crash_day","crash_group","crash_hour","crash_location","crash_month","crash_severity","crash_time","crash_type","crash_year","ambulance_req","hit_run","light_condition","road_character","road_class","road_condition","road_configuration","road_defects","road_feature","road_surface","num_bikes_ai","num_bikes_bi","num_bikes_ci","num_bikes_ki","num_bikes_no","num_bikes_to","num_bikes_ui","num_lanes","num_units","distance_mi_from","frm_road","rte_invd_cd","towrd_road"
5331,4075,"Raleigh","Wake","Piedmont","Commercial","Urban (>70% Developed)",NA,"Urban","40 - 45  MPH","Stop And Go Signal","Clear","No",36,"30-39","No",NA,"With Traffic","B: Evident Injury","Travel Lane","White","Male",NA,NA,"Missing",NA,"26-30 mph","Unknown Injury","Unknown/Missing",NA,NA,"No","08JUN2010","Tuesday","Motorist Overtaking Bicyclist",18,"Intersection-Related","June","B: Evident Injury",67860,"Motorist Overtaking - Misjudged Space",2010,"No","Yes","Daylight","Straight - Level","Local Street","Dry","Two-Way, Not Divided","None","No Special Feature","Smooth Asphalt",0,0,0,0,0,0,0,"3 lanes",2,0,NA,0,NA
5332,4080,"Kinston","Lenoir","Coastal","Residential","Urban (>70% Developed)",NA,"Urban","30 - 35  MPH","Stop Sign","Clear","No",59,"50-59","No",NA,"With Traffic","B: Evident Injury","Travel Lane","Black","Male",64,"60-69","No",NA,"0-5 mph","O: No Injury","Black","Female","Passenger Car","No","11JUL2010","Sunday","Motorist Failed to Yield - Sign-Controlled Intersection",21,"Intersection","July","B: Evident Injury",76200,"Motorist Drive Out - Sign-Controlled Intersection",2010,"Yes","No","Dark - Roadway Not Lighted","Straight - Level","Local Street","Dry","Two-Way, Not Divided","None","T-Intersection","Smooth Asphalt",0,0,0,0,0,0,0,"4 lanes",2,0,NA,0,NA
5333,4083,"Wilmington","New Hanover","Coastal","Residential","Urban (>70% Developed)",NA,"Urban","20 - 25  MPH","No Control Present","Clear","No",22,"20-24","No",NA,"Facing Traffic","C: Possible Injury","Sidewalk / Crosswalk / Driveway Crossing","White","Male",21,"20-24","No",NA,"0-5 mph","O: No Injury","White","Female","Passenger Car","No","24JUN2010","Thursday","Motorist Failed to Yield - Midblock",8,"Non-Intersection","June","C: Possible Injury",31500,"Motorist Drive Out - Commercial Driveway / Alley",2010,"Yes","No","Daylight","Straight - Level","Local Street","Dry","Two-Way, Not Divided","None","No Special Feature","Coarse Asphalt",0,0,0,0,0,0,0,"5 lanes",2,0,NA,0,NA
5334,4101,"Charlotte","Mecklenburg","Piedmont","Commercial","Urban (>70% Developed)",NA,"Urban","40 - 45  MPH","Stop And Go Signal","Clear","No",21,"20-24","No",NA,"Not Applicable","B: Evident Injury","Sidewalk / Crosswalk / Driveway Crossing","White","Male",53,"50-59","No",NA,"31-35 mph","O: No Injury","Hispanic","Male","Van","No","29JUN2010","Tuesday","Bicyclist Failed to Yield - Sign-Controlled Intersection",9,"Intersection","June","B: Evident Injury",35640,"Bicyclist Ride Out - Sign-Controlled Intersection",2010,"Yes","No","Daylight","Straight - Level","Local Street","Dry","Two-Way, Divided, Unprotected Median","None","T-Intersection","Coarse Asphalt",0,0,0,0,0,0,0,"4 lanes",2,0,NA,0,NA
5335,4104,"Charlotte","Mecklenburg","Piedmont","Residential","Urban (>70% Developed)",NA,"Urban","30 - 35  MPH","No Control Present","Clear","No",47,"40-49","No",NA,NA,"B: Evident Injury","Travel Lane","Black","Male",NA,NA,"Missing",NA,"31-35 mph","Unknown Injury","Unknown/Missing",NA,NA,"No","10JUL2010","Saturday","Other / Unknown - Insufficient Details",23,"Non-Intersection","July","B: Evident Injury",83280,"Unknown Approach Paths",2010,"Yes","Yes","Dark - Lighted Roadway","Straight - Level","Local Street","Dry","Two-Way, Divided, Positive Median Barrier","None","Related To Intersection","Smooth Asphalt",0,0,0,0,0,0,0,"5 lanes",2,0,NA,0,NA
5336,4112,"Selma","Johnston","Coastal","Commercial","Urban (>70% Developed)",NA,"Urban","40 - 45  MPH","No Control Present","Clear","No",49,"40-49","No",NA,"With Traffic","B: Evident Injury","Travel Lane","Black","Male",24,"20-24","No",NA,"41-45 mph","O: No Injury","White","Female","Sport Utility","No","01JUL2010","Thursday","Motorist Overtaking Bicyclist",8,"Non-Intersection","July","B: Evident Injury",31320,"Motorist Overtaking - Misjudged Space",2010,"Yes","No","Daylight","Straight - Level","State Secondary Route","Dry","Two-Way, Not Divided","None","Underpass","Smooth Asphalt",0,0,0,0,0,0,0,"2 lanes",2,0,NA,0,NA
5337,4122,"Raleigh","Wake","Piedmont","Commercial","Urban (>70% Developed)",NA,"Urban","30 - 35  MPH","No Control Present","Clear","No",24,"20-24","No",NA,"With Traffic","O: No Injury","Travel Lane","White","Male",60,"60-69","No",NA,"16-20 mph","O: No Injury","Black","Female","Passenger Car","No","30JUN2010","Wednesday","Motorist Left Turn / Merge",16,"Intersection-Related","June","O: No Injury",60540,"Motorist Left Turn - Opposite Direction",2010,"No","No","Daylight","Straight - Grade","Local Street","Dry","Two-Way, Not Divided","None","No Special Feature","Smooth Asphalt",0,0,0,0,0,0,0,"3 lanes",2,0,NA,0,NA
5338,4126,"Kitty Hawk","Dare","Coastal","Residential","Urban (>70% Developed)",NA,"Rural","20 - 25  MPH","No Control Present","Clear","No",7,"6-10","No",NA,"Not Applicable","B: Evident Injury","Driveway / Alley","White","Male",21,"20-24","No",NA,">100 mph","O: No Injury","White","Female","Pickup","No","20JUN2010","Sunday","Bicyclist Failed to Yield - Midblock",18,"Non-Intersection","June","B: Evident Injury",65100,"Bicyclist Ride Out - Residential Driveway",2010,"No","No","Daylight","Straight - Level","Local Street","Dry","Two-Way, Not Divided","None","No Special Feature","Coarse Asphalt",0,0,0,0,0,0,0,"2 lanes",2,0,NA,0,NA
5339,4129,"None - Rural Crash","Stokes","Piedmont","Farms, Woods, Pastures","Rural (<30% Developed)",NA,"Rural","40 - 45  MPH","Double Yellow Line, No Passing Zone","Clear","No",49,"40-49","No",NA,"With Traffic","B: Evident Injury","Travel Lane","White","Male",51,"50-59","No",NA,"41-45 mph","O: No Injury","White","Female","Sport Utility","No","23JUL2010","Friday","Motorist Overtaking Bicyclist",7,"Non-Intersection","July","K: Killed",27720,"Motorist Overtaking - Other / Unknown",2010,"Yes","No","Daylight","Curve - Grade","State Secondary Route","Dry","Two-Way, Not Divided","None","No Special Feature","Smooth Asphalt",0,0,0,0,0,0,0,"2 lanes",3,0,NA,0,NA
5340,4130,"Raleigh","Wake","Piedmont","Commercial","Urban (>70% Developed)",NA,"Urban","30 - 35  MPH","No Control Present","Rain","No",32,"30-39","No",NA,"With Traffic","C: Possible Injury","Travel Lane","White","Male",31,"30-39","No",NA,"21-25 mph","O: No Injury","Other","Male","Sport Utility","No","29MAY2010","Saturday","Motorist Overtaking Bicyclist",0,"Non-Intersection","May","C: Possible Injury",420,"Motorist Overtaking - Other / Unknown",2010,"No","No","Dark - Roadway Not Lighted","Straight - Grade","Local Street","Water (Standing, Moving)","Two-Way, Divided, Unprotected Median","None","No Special Feature","Coarse Asphalt",0,0,0,0,0,0,0,"5 lanes",3,0,NA,0,NA
5341,4131,"Charlotte","Mecklenburg","Piedmont","Commercial","Urban (>70% Developed)",NA,"Urban","40 - 45  MPH","No Control Present","Clear","No",51,"50-59","No",NA,"Not Applicable","B: Evident Injury","Travel Lane","White","Male",37,"30-39","No",NA,"0-5 mph","O: No Injury","White","Female","Van","No","15JUL2010","Thursday","Parallel Paths - Other Circumstances",18,"Intersection","July","B: Evident Injury",67380,"Parallel Paths - Other / Unknown",2010,"Yes","No","Daylight","Straight - Level","Local Street","Dry","Two-Way, Divided, Positive Median Barrier","None","T-Intersection","Smooth Asphalt",0,0,0,0,0,0,0,"4 lanes",2,0,NA,0,NA
5342,4135,"Asheville","Buncombe","Mountains","Commercial","Urban (>70% Developed)",NA,"Urban","20 - 25  MPH","Stop Sign","Other","No",25,"25-29","No",NA,NA,"B: Evident Injury","Travel Lane","White","Female",NA,NA,"No",NA,NA,"Unknown Injury","Unknown/Missing",NA,"Passenger Car","No","21JUL2010","Wednesday","Motorist Left Turn / Merge",15,"Non-Intersection","July","B: Evident Injury",54480,"Motorist Left Turn - Opposite Direction",2010,"Yes","Yes",NA,"Straight - Level","Local Street",NA,"Two-Way, Not Divided","None","Four-Way Intersection","Smooth Asphalt",0,0,0,0,0,0,0,"2 lanes",2,0,NA,0,NA
5343,4143,"None - Rural Crash","Davie","Piedmont","Farms, Woods, Pastures","Rural (<30% Developed)",NA,"Rural","50 - 55  MPH","Double Yellow Line, No Passing Zone","Cloudy","No",59,"50-59","No",NA,"Facing Traffic","K: Killed","Travel Lane","White","Male",30,"30-39","No",NA,"46-50 mph","O: No Injury","White","Male","Pickup","No","31JUL2010","Saturday","Motorist Overtaking Bicyclist",18,"Non-Intersection","July","K: Killed",66060,"Motorist Overtaking - Other / Unknown",2010,"Yes","No","Daylight","Curve - Level","US Route","Dry","Two-Way, Not Divided","None","No Special Feature","Smooth Asphalt",0,0,0,0,0,0,0,"2 lanes",2,0,NA,0,NA
5344,4146,"Asheville","Buncombe","Mountains","Commercial","Urban (>70% Developed)",NA,"Urban","30 - 35  MPH","Stop And Go Signal","Rain","No",19,"16-19","No",NA,"With Traffic","A: Disabling Injury","Travel Lane","White","Female",32,"30-39","No",NA,"6-10 mph","O: No Injury","White","Male","Passenger Car","No","28MAY2010","Friday","Motorist Left Turn / Merge",18,"Intersection","May","A: Disabling Injury",65760,"Motorist Left Turn - Opposite Direction",2010,"Yes","No","Other","Straight - Grade","US Route","Water (Standing, Moving)","Two-Way, Divided, Unprotected Median","None","No Special Feature","Smooth Asphalt",0,0,0,0,0,0,0,"2 lanes",2,0,NA,0,NA
5345,4150,"None - Rural Crash","Richmond","Piedmont","Residential","Rural (<30% Developed)",NA,"Rural","30 - 35  MPH","Stop Sign","Clear","No",7,"6-10","No",NA,"With Traffic","B: Evident Injury","Travel Lane","Black","Male",51,"50-59","No",NA,"21-25 mph","O: No Injury","Black","Male","Passenger Car","No","14JUL2010","Wednesday","Bicyclist Failed to Yield - Sign-Controlled Intersection",19,"Intersection","July","B: Evident Injury",68400,"Bicyclist Ride Through - Sign-Controlled Intersection",2010,"Yes","No","Daylight","Straight - Level","State Secondary Route","Dry","Two-Way, Not Divided","None","Four-Way Intersection","Coarse Asphalt",0,0,0,0,0,0,0,"2 lanes",2,0,NA,0,NA
5346,4153,"None - Rural Crash","Currituck","Coastal","Residential","Rural (<30% Developed)",NA,"Rural","50 - 55  MPH","Double Yellow Line, No Passing Zone","Clear","No",52,"50-59","Yes",NA,"With Traffic","O: No Injury","Travel Lane","White","Male",30,"30-39","No",NA,"41-45 mph","O: No Injury","Black","Female","Passenger Car","Yes","02AUG2010","Monday","Bicyclist Left Turn / Merge",20,"Non-Intersection","August","O: No Injury",74700,"Bicyclist Left Turn - Same Direction",2010,"No","No","Dark - Roadway Not Lighted","Straight - Level","State Secondary Route","Dry","Two-Way, Not Divided","None","No Special Feature","Smooth Asphalt",0,0,0,0,0,0,0,"2 lanes",2,0,NA,0,NA
5347,4157,"Wilmington","New Hanover","Coastal","Institutional","Urban (>70% Developed)",NA,"Urban","5 - 15 MPH","No Control Present","Clear","No",26,"25-29","No",NA,"Not Applicable","B: Evident Injury","Non-Roadway","Unknown/Missing","Female",25,"25-29","No",NA,NA,"O: No Injury","Unknown/Missing","Male","Sport Utility","No","22JUL2010","Thursday","Non-Roadway",17,"Non-Roadway","July","B: Evident Injury",61440,"Non-Roadway",2010,"No","No","Daylight","Straight - Level","Public Vehicular Area","Dry","Two-Way, Not Divided","None","No Special Feature","Coarse Asphalt",0,0,0,0,0,0,0,"9 or more lanes",3,0,NA,0,NA
5348,4169,"Charlotte","Mecklenburg","Piedmont","Commercial","Urban (>70% Developed)",NA,"Urban","5 - 15 MPH","No Control Present","Cloudy","No",43,"40-49","No",NA,"Facing Traffic","C: Possible Injury","Sidewalk / Crosswalk / Driveway Crossing","Black","Male",50,"50-59","No",NA,"6-10 mph","O: No Injury","White","Male","Van","No","27JUL2010","Tuesday","Motorist Failed to Yield - Midblock",17,"Non-Intersection","July","C: Possible Injury",61800,"Motorist Drive Out - Commercial Driveway / Alley",2010,"No","No","Daylight","Straight - Level","Public Vehicular Area","Wet","Two-Way, Not Divided","None","No Special Feature","Smooth Asphalt",0,0,0,0,0,0,0,NA,2,0,NA,0,NA
5349,4170,"Rocky Mount","Nash","Coastal","Commercial","Urban (>70% Developed)",NA,"Urban","5 - 15 MPH","No Control Present","Clear","No",68,"60-69","No",NA,"Facing Traffic","O: No Injury","Sidewalk / Crosswalk / Driveway Crossing","Unknown/Missing",NA,NA,NA,"Missing",NA,"6-10 mph","Unknown Injury","Unknown/Missing",NA,NA,"No","07JUL2010","Wednesday","Motorist Right Turn / Merge",10,"Non-Intersection","July","O: No Injury",37860,"Motorist Right Turn - Opposite Direction",2010,"No","Yes","Daylight","Straight - Level","Local Street","Dry","Two-Way, Not Divided","None","Driveway, Public","Smooth Asphalt",0,0,0,0,0,0,0,"5 lanes",2,0,NA,0,NA
5350,4172,"None - Rural Crash","Davie","Piedmont","Farms, Woods, Pastures","Rural (<30% Developed)",NA,"Rural","40 - 45  MPH","No Control Present","Clear","No",31,"30-39","No",NA,"With Traffic","B: Evident Injury","Travel Lane","White","Male",NA,NA,"No",NA,"41-45 mph","B: Evident Injury","White","Male","Sport Utility","No","29JUL2010","Thursday","Motorist Right Turn / Merge",8,"Intersection-Related","July","B: Evident Injury",29100,"Motorist Right Turn - Same Direction",2010,"Yes","No","Daylight","Straight - Grade","NC Route","Dry","Two-Way, Not Divided","None","T-Intersection","Coarse Asphalt",0,0,0,0,0,0,0,"2 lanes",2,0,NA,0,NA
5351,4182,"None - Rural Crash","Rowan","Piedmont","Residential","Mixed (30% To 70% Developed)",NA,"Rural","40 - 45  MPH","Double Yellow Line, No Passing Zone","Clear","No",34,"30-39","No",NA,"With Traffic","C: Possible Injury","Travel Lane","Asian","Male",29,"25-29","No",NA,"6-10 mph","O: No Injury","White","Male","Passenger Car","No","17JUL2010","Saturday","Motorist Right Turn / Merge",8,"Intersection","July","C: Possible Injury",30900,"Motorist Right Turn - Same Direction",2010,"No","No","Daylight","Straight - Level","State Secondary Route","Dry","Two-Way, Not Divided","None","T-Intersection","Coarse Asphalt",0,0,0,0,0,0,0,"2 lanes",2,0,NA,0,NA
5352,4183,"Davidson","Mecklenburg","Piedmont","Commercial","Urban (>70% Developed)",NA,"Urban","20 - 25  MPH","No Control Present","Clear","No",33,"30-39","No",NA,"With Traffic","O: No Injury","Travel Lane","White","Male",62,"60-69","No",NA,"0-5 mph","O: No Injury","White","Female","Sport Utility","No","04JUN2010","Friday","Motorist Right Turn / Merge",9,"Non-Intersection","June","O: No Injury",34200,"Motorist Right Turn - Same Direction",2010,"No","No","Daylight","Straight - Level","US Route","Dry","Two-Way, Not Divided","None","No Special Feature","Smooth Asphalt",0,0,0,0,0,0,0,"2 lanes",2,0,NA,0,NA
5353,4189,"None - Rural Crash","Vance","Piedmont","Residential","Rural (<30% Developed)",NA,"Rural","40 - 45  MPH","No Control Present","Clear","No",48,"40-49","No",NA,"Facing Traffic","K: Killed","Travel Lane","Black","Male",42,"40-49","No",NA,"36-40 mph","O: No Injury","Black","Female","Passenger Car","No","10AUG2010","Tuesday","Head-On",21,"Non-Intersection","August","K: Killed",75900,"Head-On - Bicyclist",2010,"Yes","No","Dark - Roadway Not Lighted","Straight - Level","State Secondary Route","Dry","Two-Way, Not Divided","None","No Special Feature","Smooth Asphalt",0,0,0,0,0,0,0,"2 lanes",2,0,NA,0,NA
5354,4195,"Carolina Beach","New Hanover","Coastal","Commercial","Urban (>70% Developed)",NA,"Urban","20 - 25  MPH","No Control Present","Cloudy","No",49,"40-49","No",NA,NA,"B: Evident Injury","Travel Lane","White","Male",57,"50-59","No",NA,"16-20 mph","O: No Injury","White","Female","Van","No","10JUL2010","Saturday","Crossing Paths - Other Circumstances",15,"Intersection","July","B: Evident Injury",57420,"Crossing Paths - Intersection - Other / Unknown",2010,"Yes","No","Daylight","Straight - Level","US Route","Dry","Two-Way, Not Divided","None","No Special Feature","Smooth Asphalt",0,0,0,0,0,0,0,"4 lanes",2,0,NA,0,NA
5355,4200,"Raleigh","Wake","Piedmont","Commercial","Urban (>70% Developed)",NA,"Urban","30 - 35  MPH","Stop And Go Signal","Clear","No",42,"40-49","No",NA,"With Traffic","B: Evident Injury","Travel Lane","White","Male",47,"40-49","No",NA,"31-35 mph","O: No Injury","Black","Female","Passenger Car","No","28JUL2010","Wednesday","Motorist Left Turn / Merge",17,"Intersection","July","B: Evident Injury",63300,"Motorist Left Turn - Opposite Direction",2010,"No","No","Daylight","Straight - Level","Local Street","Dry","Two-Way, Not Divided","None","No Special Feature","Smooth Asphalt",0,0,0,0,0,0,0,"2 lanes",2,0,NA,0,NA
5356,4209,"None - Rural Crash","Guilford","Piedmont","Residential","Mixed (30% To 70% Developed)",NA,"Rural","30 - 35  MPH","No Control Present","Clear","No",12,"11-15","No",NA,"Not Applicable","B: Evident Injury","Driveway / Alley","White","Male",40,"40-49","No",NA,"31-35 mph","O: No Injury","Black","Male","Passenger Car","No","16AUG2010","Monday","Bicyclist Failed to Yield - Midblock",14,"Non-Intersection","August","B: Evident Injury",50640,"Bicyclist Ride Out - Residential Driveway",2010,"Yes","No","Daylight","Straight - Level","State Secondary Route","Dry","Two-Way, Not Divided","None","Driveway, Private","Smooth Asphalt",0,0,0,0,0,0,0,"2 lanes",2,0,NA,0,NA
5357,4223,"Wilmington","New Hanover","Coastal","Commercial","Urban (>70% Developed)",NA,"Urban","40 - 45  MPH","No Control Present","Cloudy","No",65,"60-69","Yes",NA,"Not Applicable","B: Evident Injury","Travel Lane","White","Male",25,"25-29","No",NA,"36-40 mph","C: Possible Injury","Black","Male","Passenger Car","Yes","06AUG2010","Friday","Bicyclist Failed to Yield - Midblock",15,"Non-Intersection","August","B: Evident Injury",55200,"Bicyclist Ride Out - Other Midblock",2010,"Yes","No","Daylight","Straight - Level","US Route","Wet","Two-Way, Not Divided","None","No Special Feature","Coarse Asphalt",0,0,0,0,0,0,0,"5 lanes",2,0,NA,0,NA
5358,4228,"None - Rural Crash","Orange","Piedmont","Residential","Rural (<30% Developed)",NA,"Rural","40 - 45  MPH","Double Yellow Line, No Passing Zone","Clear","No",17,"16-19","No",NA,"With Traffic","O: No Injury","Travel Lane","White","Male",26,"25-29","No",NA,"36-40 mph","O: No Injury","Black","Female","Van","No","02AUG2010","Monday","Bicyclist Left Turn / Merge",17,"Non-Intersection","August","O: No Injury",63900,"Bicyclist Left Turn - Same Direction",2010,"No","No","Daylight","Curve - Level","State Secondary Route","Dry","Two-Way, Not Divided","None","No Special Feature","Coarse Asphalt",0,0,0,0,0,0,0,"2 lanes",2,0,NA,0,NA
5359,4232,"None - Rural Crash","Harnett","Coastal","Institutional","Rural (<30% Developed)",NA,"Rural","50 - 55  MPH","Stop Sign","Clear","No",44,"40-49","No",NA,"With Traffic","B: Evident Injury","Travel Lane","White","Male",17,"0-19","No",NA,"11-15 mph","O: No Injury","White","Female","Passenger Car","No","17AUG2010","Tuesday","Motorist Failed to Yield - Sign-Controlled Intersection",8,"Intersection","August","B: Evident Injury",31140,"Motorist Drive Out - Sign-Controlled Intersection",2010,"No","No","Daylight","Straight - Level","State Secondary Route","Dry","Two-Way, Not Divided","None","No Special Feature","Smooth Asphalt",0,0,0,0,0,0,0,"2 lanes",3,0,NA,0,NA
5360,4234,"Raleigh","Wake","Piedmont","Commercial","Urban (>70% Developed)",NA,"Urban","30 - 35  MPH","Stop And Go Signal","Clear","No",31,"30-39","No",NA,"Facing Traffic","O: No Injury","Sidewalk / Crosswalk / Driveway Crossing","White","Male",27,"25-29","No",NA,"16-20 mph","O: No Injury","Black","Male",NA,"No","06AUG2010","Friday","Motorist Left Turn / Merge",22,"Intersection","August","O: No Injury",79440,"Motorist Left Turn - Same Direction",2010,"No","Yes","Daylight","Straight - Level","Local Street","Dry","Two-Way, Not Divided","None","No Special Feature","Smooth Asphalt",0,0,0,0,0,0,0,"4 lanes",2,0,NA,0,NA
5361,4237,"Wilson","Wilson","Coastal","Commercial","Urban (>70% Developed)",NA,"Urban","30 - 35  MPH","Stop And Go Signal","Clear","No",14,"11-15","No",NA,"Facing Traffic","C: Possible Injury","Travel Lane","Black","Male",56,"50-59","No",NA,"11-15 mph","O: No Injury","Black","Female","Passenger Car","No","03AUG2010","Tuesday","Bicyclist Failed to Yield - Signalized Intersection",11,"Intersection","August","C: Possible Injury",42540,"Bicyclist Ride Through - Signalized Intersection",2010,"No","No","Daylight","Straight - Level","Local Street","Dry","Two-Way, Not Divided","None","Four-Way Intersection","Smooth Asphalt",0,0,0,0,0,0,0,"3 lanes",2,0,NA,0,NA
5362,4240,"Greensboro","Guilford","Piedmont","Residential","Urban (>70% Developed)",NA,"Urban","5 - 15 MPH","No Control Present","Clear","No",4,"0-5","No",NA,"Not Applicable","C: Possible Injury","Non-Roadway","Black","Female",62,"60-69","No",NA,"6-10 mph","O: No Injury","Black","Female","Passenger Car","No","09AUG2010","Monday","Non-Roadway",19,"Non-Roadway","August","C: Possible Injury",68400,"Non-Roadway",2010,"No","No","Daylight","Straight - Level","Public Vehicular Area","Dry",NA,"None","Driveway, Public","Coarse Asphalt",0,0,0,0,0,0,0,NA,2,0,NA,0,NA
5363,4242,"Wilmington","New Hanover","Coastal","Residential","Urban (>70% Developed)",NA,"Urban","30 - 35  MPH","No Control Present","Clear","No",26,"25-29","No",NA,"Not Applicable","C: Possible Injury","Sidewalk / Crosswalk / Driveway Crossing","Black","Male",25,"25-29","No",NA,"0-5 mph","O: No Injury","White","Male","Passenger Car","No","16AUG2010","Monday","Motorist Failed to Yield - Midblock",19,"Non-Intersection","August","C: Possible Injury",70260,"Motorist Drive Out - Commercial Driveway / Alley",2010,"Yes","No","Daylight","Straight - Level","Local Street","Dry","Two-Way, Not Divided","None","T-Intersection","Smooth Asphalt",0,0,0,0,0,0,0,"2 lanes",2,0,NA,0,NA
5364,4243,"Charlotte","Mecklenburg","Piedmont","Commercial","Urban (>70% Developed)",NA,"Urban","30 - 35  MPH","Stop And Go Signal","Rain","No",48,"40-49","No",NA,"With Traffic","B: Evident Injury","Travel Lane","Black","Male",NA,NA,"Missing",NA,"51-55 mph","Unknown Injury","Unknown/Missing",NA,NA,"No","14AUG2010","Saturday","Motorist Overtaking Bicyclist",21,"Non-Intersection","August","B: Evident Injury",77400,"Motorist Overtaking - Misjudged Space",2010,"Yes","Yes","Dark - Roadway Not Lighted","Straight - Level","Local Street","Wet","Two-Way, Not Divided","None","Bridge","Smooth Asphalt",0,0,0,0,0,0,0,"4 lanes",2,0,NA,0,NA
5365,4247,"None - Rural Crash","Johnston","Coastal","Farms, Woods, Pastures","Rural (<30% Developed)",NA,"Rural","50 - 55  MPH","No Control Present","Clear","No",14,"11-15","No",NA,"With Traffic","B: Evident Injury","Travel Lane","Hispanic","Male",NA,"70+","No",NA,"36-40 mph","C: Possible Injury","White","Male","Passenger Car","No","21AUG2010","Saturday","Bicyclist Failed to Yield - Midblock",16,"Non-Intersection","August","B: Evident Injury",60060,"Bicyclist Ride Out - Other Midblock",2010,"Yes","No","Daylight","Straight - Level","US Route","Dry","Two-Way, Divided, Unprotected Median","None","No Special Feature","Coarse Asphalt",0,0,0,0,0,0,0,"4 lanes",2,0,NA,0,NA
5366,4249,"Smithfield","Johnston","Coastal","Commercial","Urban (>70% Developed)",NA,"Urban","5 - 15 MPH","No Control Present","Clear","No",44,"40-49","Yes",NA,"Not Applicable","B: Evident Injury","Non-Roadway","White","Male",58,"50-59","No",NA,"6-10 mph","O: No Injury","Black","Female","Passenger Car","Yes","07AUG2010","Saturday","Non-Roadway",17,"Non-Roadway","August","B: Evident Injury",62100,"Non-Roadway",2010,"Yes","No","Daylight","Straight - Level","Public Vehicular Area","Dry","Two-Way, Not Divided","None","No Special Feature","Coarse Asphalt",0,0,0,0,0,0,0,NA,2,0,NA,0,NA
5367,4257,"Mooresville","Iredell","Piedmont","Commercial","Urban (>70% Developed)",NA,"Urban","40 - 45  MPH","Double Yellow Line, No Passing Zone","Cloudy","No",36,"30-39","No",NA,"With Traffic","C: Possible Injury","Travel Lane","White","Male",44,"40-49","No",NA,"41-45 mph","O: No Injury","White","Male","Single Unit Truck (3 Or More Axles)","No","03AUG2010","Tuesday","Motorist Overtaking Bicyclist",6,"Non-Intersection","August","C: Possible Injury",22020,"Motorist Overtaking - Undetected Bicyclist",2010,"Yes","No","Dark - Lighted Roadway","Straight - Level","US Route","Dry","Two-Way, Not Divided","No Shoulders","No Special Feature","Smooth Asphalt",0,0,0,0,0,0,0,"2 lanes",2,0,NA,0,NA
5368,4263,"Durham","Durham","Piedmont","Residential","Urban (>70% Developed)",NA,"Urban","20 - 25  MPH","No Control Present","Clear","No",10,"6-10","No",NA,"With Traffic","C: Possible Injury","Travel Lane","Black","Female",40,"40-49","No",NA,"0-5 mph","O: No Injury","Black","Female","Passenger Car","No","27AUG2010","Friday","Backing Vehicle",20,"Non-Intersection","August","C: Possible Injury",73020,"Backing Vehicle",2010,"Yes","No","Dark - Lighted Roadway","Straight - Level","Local Street","Dry","Two-Way, Not Divided","None","No Special Feature","Smooth Asphalt",0,0,0,0,0,0,0,"2 lanes",2,0,NA,0,NA
5369,4264,"Lumberton","Robeson","Coastal","Commercial","Urban (>70% Developed)",NA,"Urban","40 - 45  MPH","Stop And Go Signal","Clear","No",51,"50-59","No",NA,"Facing Traffic","O: No Injury","Travel Lane","White","Male",52,"50-59","No",NA,"0-5 mph","O: No Injury","White","Male","Passenger Car","No","28AUG2010","Saturday","Crossing Paths - Other Circumstances",19,"Intersection","August","O: No Injury",68460,"Signalized Intersection - Other / Unknown",2010,"No","No","Daylight","Straight - Level","Local Street","Dry","Two-Way, Not Divided","None","No Special Feature","Coarse Asphalt",0,0,0,0,0,0,0,"7 lanes",2,0,NA,0,NA
5370,4266,"Winterville","Pitt","Coastal","Commercial","Urban (>70% Developed)",NA,"Urban","40 - 45  MPH","Stop Sign","Cloudy","No",48,"40-49","No",NA,"Facing Traffic","B: Evident Injury","Sidewalk / Crosswalk / Driveway Crossing","Unknown/Missing","Male",59,"50-59","No",NA,NA,"O: No Injury","White","Female","Van","No","15AUG2010","Sunday","Motorist Failed to Yield - Sign-Controlled Intersection",19,"Intersection","August","B: Evident Injury",71280,"Motorist Drive Out - Sign-Controlled Intersection",2010,"No","No","Dusk","Straight - Level","Local Street","Dry","Two-Way, Not Divided","None","T-Intersection","Smooth Asphalt",0,0,0,0,0,0,0,"2 lanes",2,0,NA,0,NA
5371,4270,"Fayetteville","Cumberland","Coastal","Farms, Woods, Pastures","Urban (>70% Developed)",NA,"Urban","40 - 45  MPH","Stop And Go Signal","Clear","No",19,"16-19","No",NA,NA,"B: Evident Injury","Travel Lane","Hispanic","Male",31,"30-39","No",NA,"36-40 mph","O: No Injury","White","Female","Pickup","No","19AUG2010","Thursday","Crossing Paths - Other Circumstances",14,"Intersection","August","B: Evident Injury",51300,"Signalized Intersection - Other / Unknown",2010,"Yes","No","Daylight","Straight - Level","Local Street","Dry","Two-Way, Divided, Positive Median Barrier","None","No Special Feature","Smooth Asphalt",0,0,0,0,0,0,0,"7 lanes",2,0,NA,0,NA
5372,4276,"None - Rural Crash","Guilford","Piedmont","Farms, Woods, Pastures","Mixed (30% To 70% Developed)",NA,"Rural","30 - 35  MPH","Other","Clear","No",8,"6-10","No",NA,"With Traffic","C: Possible Injury","Travel Lane","White","Female",18,"0-19","No",NA,"0-5 mph","O: No Injury","White","Female","Passenger Car","No","16AUG2010","Monday","Backing Vehicle",14,"Intersection-Related","August","C: Possible Injury",51660,"Backing Vehicle",2010,"Yes","No","Daylight","Straight - Level","State Secondary Route","Dry","Two-Way, Not Divided","None","No Special Feature","Coarse Asphalt",0,0,0,0,0,0,0,"2 lanes",2,0,NA,0,NA