"...1","object_id","city","county","region","development","locality","on_road","rural_urban","speed_limit","traffic_control","weather","workzone","bike_age","bike_age_group","bike_alcohol","bike_alcohol_drugs","bike_direction","bike_injury","bike_position","bike_race","bike_sex","driver_age","driver_age_group","driver_alcohol","driver_alcohol_drugs","driver_est_speed","driver_injury","driver_race","driver_sex","driver_vehicle_type","crash_alcohol","crash_date","crash_day","crash_group","crash_hour","crash_location","crash_month","crash_severity","crash_time","crash_type","crash_year","ambulance_req","hit_run","light_condition","road_character","road_class","road_condition","road_configuration","road_defects","road_feature","road_surface","num_bikes_ai","num_bikes_bi","num_bikes_ci","num_bikes_ki","num_bikes_no","num_bikes_to","num_bikes_ui","num_lanes","num_units","distance_mi_from","frm_road","rte_invd_cd","towrd_road"
5373,4282,"Midland","Cabarrus","Piedmont","Commercial","Mixed (30% To 70% Developed)",NA,"Rural","50 - 55  MPH","No Control Present","Clear","No",45,"40-49","No",NA,"With Traffic","B: Evident Injury","Travel Lane","White","Female",22,"20-24","No",NA,"51-55 mph","O: No Injury","White","Female","Passenger Car","No","01SEP2010","Wednesday","Motorist Overtaking Bicyclist",10,"Non-Intersection","September","B: Evident Injury",37560,"Motorist Overtaking - Misjudged Space",2010,"Yes","No","Daylight","Straight - Level","NC Route","Dry","Two-Way, Divided, Unprotected Median","None","No Special Feature","Smooth Asphalt",0,0,0,0,0,0,0,"4 lanes",2,0,NA,0,NA
5374,4295,"Erwin","Harnett","Coastal","Residential","Rural (<30% Developed)",NA,"Rural","30 - 35  MPH","Stop And Go Signal","Clear","No",28,"25-29","No",NA,"With Traffic","Unknown Injury","Travel Lane","Unknown/Missing",NA,NA,NA,"Missing",NA,"21-25 mph","Unknown Injury","Unknown/Missing",NA,NA,"No","28AUG2010","Saturday","Crossing Paths - Other Circumstances",21,"Intersection","August","Unknown Injury",78660,"Crossing Paths - Intersection - Other / Unknown",2010,"No","Yes","Dark - Lighted Roadway","Straight - Grade","Local Street","Dry","Two-Way, Not Divided","None","Four-Way Intersection","Coarse Asphalt",0,0,0,0,0,0,0,"3 lanes",2,0,NA,0,NA
5375,4313,"None - Rural Crash","Onslow","Coastal","Farms, Woods, Pastures","Rural (<30% Developed)",NA,"Rural","50 - 55  MPH","No Control Present","Clear","No",11,"11-15","No",NA,"With Traffic","C: Possible Injury","Travel Lane","White","Female",58,"50-59","No",NA,"31-35 mph","B: Evident Injury","White","Male","Motorcycle","No","05SEP2010","Sunday","Bicyclist Left Turn / Merge",14,"Non-Intersection","September","B: Evident Injury",51960,"Bicyclist Left Turn - Same Direction",2010,"Yes","No","Daylight","Straight - Level","State Secondary Route","Dry","Two-Way, Not Divided","None","No Special Feature","Coarse Asphalt",0,0,0,0,0,0,0,"2 lanes",2,0,NA,0,NA
5376,4314,"Cary","Wake","Piedmont","Commercial","Urban (>70% Developed)",NA,"Urban","5 - 15 MPH","No Control Present","Clear","No",9,"6-10","No",NA,"Not Applicable","C: Possible Injury","Travel Lane","Black","Male",57,"50-59","No",NA,"0-5 mph","O: No Injury","White","Male","Van","No","07SEP2010","Tuesday","Non-Roadway",18,"Non-Roadway","September","C: Possible Injury",67980,"Non-Roadway",2010,"Yes","No","Daylight","Curve - Level","Public Vehicular Area","Dry","Two-Way, Not Divided","None","Driveway, Public","Smooth Asphalt",0,0,0,0,0,0,0,NA,2,0,NA,0,NA
5377,4319,"Salisbury","Rowan","Piedmont","Commercial","Urban (>70% Developed)",NA,"Urban","60 - 75 MPH","Yield Sign","Clear","No",24,"20-24","No",NA,"With Traffic","C: Possible Injury","Travel Lane","Black","Male",37,"30-39","No",NA,"61-65 mph","O: No Injury","White","Male","Van","No","13SEP2010","Monday","Motorist Overtaking Bicyclist",11,"Non-Intersection","September","C: Possible Injury",40620,"Motorist Overtaking - Other / Unknown",2010,"Yes","No","Daylight","Straight - Level","Interstate","Dry","One-Way, Not Divided","None","On or Off Ramp","Concrete",0,0,0,0,0,0,0,"1 lane",2,0,NA,0,NA
5378,4330,"Raleigh","Wake","Piedmont","Commercial","Urban (>70% Developed)",NA,"Urban","30 - 35  MPH","Yield Sign","Clear","No",46,"40-49","No",NA,"With Traffic","C: Possible Injury","Travel Lane","Black","Male",NA,NA,"Missing",NA,"26-30 mph","Unknown Injury","Unknown/Missing",NA,NA,"No","21JUL2010","Wednesday","Motorist Overtaking Bicyclist",16,"Intersection","July","C: Possible Injury",59700,"Motorist Overtaking - Misjudged Space",2010,"No","Yes","Daylight","Straight - Level","Local Street","Dry","One-Way, Not Divided","None","Traffic Circle/Roundabout","Smooth Asphalt",0,0,0,0,0,0,0,"1 lane",2,0,NA,0,NA
5379,4337,"Wilmington","New Hanover","Coastal","Commercial","Urban (>70% Developed)",NA,"Urban","30 - 35  MPH","No Control Present","Clear","No",26,"25-29","No",NA,"Not Applicable","B: Evident Injury","Travel Lane","Asian","Female",49,"40-49","No",NA,"16-20 mph","O: No Injury","Black","Male","Passenger Car","No","13SEP2010","Monday","Bicyclist Failed to Yield - Midblock",18,"Non-Intersection","September","B: Evident Injury",67740,"Bicyclist Ride Out - Midblock - Unknown",2010,"Yes","No","Daylight","Straight - Level","Local Street","Dry","One-Way, Not Divided","None","No Special Feature","Smooth Asphalt",0,0,0,0,0,0,0,"1 lane",2,0,NA,0,NA
5380,4342,"Chadbourn","Columbus","Coastal","Commercial","Urban (>70% Developed)",NA,"Rural","30 - 35  MPH","No Control Present","Clear","No",24,"20-24","No",NA,"With Traffic","B: Evident Injury","Travel Lane","Black","Male",31,"30-39","No",NA,"26-30 mph","O: No Injury","Black","Female","Passenger Car","No","18AUG2010","Wednesday","Motorist Right Turn / Merge",10,"Intersection","August","B: Evident Injury",37560,"Motorist Right Turn - Same Direction",2010,"Yes","No","Daylight","Straight - Level","Local Street","Dry","Two-Way, Not Divided","None","T-Intersection","Smooth Asphalt",0,0,0,0,0,0,0,"4 lanes",2,0,NA,0,NA
5381,4345,"Carrboro","Orange","Piedmont","Commercial","Urban (>70% Developed)",NA,"Urban","20 - 25  MPH","Stop And Go Signal","Clear","No",21,"20-24","No",NA,"With Traffic","C: Possible Injury","Sidewalk / Crosswalk / Driveway Crossing","Asian","Female",47,"40-49","No",NA,"6-10 mph","O: No Injury","Black","Female","Passenger Car","No","09SEP2010","Thursday","Bicyclist Left Turn / Merge",7,"Intersection","September","C: Possible Injury",28140,"Bicyclist Left Turn - Opposite Direction",2010,"No","No","Daylight","Curve - Grade","Local Street","Dry","Two-Way, Not Divided","None","T-Intersection","Smooth Asphalt",0,0,0,0,0,0,0,"2 lanes",2,0,NA,0,NA
5382,4351,"None - Rural Crash","Union","Piedmont","Residential","Mixed (30% To 70% Developed)",NA,"Rural","40 - 45  MPH","Double Yellow Line, No Passing Zone","Clear","No",37,"30-39","No",NA,"With Traffic","C: Possible Injury","Travel Lane","White","Male",55,"50-59","No",NA,"41-45 mph","O: No Injury","Asian","Male","Pickup","No","20SEP2010","Monday","Motorist Overtaking Bicyclist",19,"Non-Intersection","September","C: Possible Injury",69600,"Motorist Overtaking - Undetected Bicyclist",2010,"Yes","No","Daylight","Straight - Level","State Secondary Route","Dry","Two-Way, Not Divided","None","No Special Feature","Coarse Asphalt",0,0,0,0,0,0,0,"2 lanes",2,0,NA,0,NA
5383,4352,"Newton","Catawba","Piedmont","Residential","Urban (>70% Developed)",NA,"Urban",NA,"No Control Present","Clear","No",51,"50-59","No",NA,"With Traffic","C: Possible Injury","Sidewalk / Crosswalk / Driveway Crossing","Black","Male",46,"40-49","No",NA,"0-5 mph","O: No Injury","White","Female","Passenger Car","No","10SEP2010","Friday","Motorist Failed to Yield - Midblock",16,"Non-Intersection","September","C: Possible Injury",58320,"Motorist Drive Out - Commercial Driveway / Alley",2010,"Yes","No","Daylight","Straight - Level","Public Vehicular Area","Dry","Two-Way, Not Divided","None","Driveway, Public","Coarse Asphalt",0,0,0,0,0,0,0,NA,2,0,NA,0,NA
5384,4376,"None - Rural Crash","Brunswick","Coastal","Farms, Woods, Pastures","Rural (<30% Developed)",NA,"Rural","50 - 55  MPH","No Control Present","Rain","No",61,"60-69","No",NA,"With Traffic","O: No Injury","Travel Lane","White","Male",40,"40-49","No",NA,"31-35 mph","O: No Injury","White","Female","Passenger Car","No","26SEP2010","Sunday","Bicyclist Left Turn / Merge",12,"Non-Intersection","September","B: Evident Injury",43740,"Bicyclist Left Turn - Same Direction",2010,"Yes","No","Daylight","Straight - Level","State Secondary Route","Wet","Two-Way, Not Divided","None","Driveway, Public","Smooth Asphalt",0,0,0,0,0,0,0,"2 lanes",2,0,NA,0,NA
5385,4378,"Charlotte","Mecklenburg","Piedmont","Residential","Urban (>70% Developed)",NA,"Urban","20 - 25  MPH","Stop Sign","Clear","No",38,"30-39","No",NA,"With Traffic","B: Evident Injury","Travel Lane","White","Male",17,"0-19","No",NA,"11-15 mph","O: No Injury","Other","Male","Sport Utility","No","02SEP2010","Thursday","Motorist Failed to Yield - Sign-Controlled Intersection",16,"Intersection","September","B: Evident Injury",57600,"Motorist Drive Out - Sign-Controlled Intersection",2010,"No","No","Daylight","Straight - Hillcrest","Local Street","Dry","Two-Way, Not Divided","None","No Special Feature","Smooth Asphalt",0,0,0,0,0,0,0,"2 lanes",2,0,NA,0,NA
5386,4384,"High Point","Guilford","Piedmont","Commercial","Urban (>70% Developed)",NA,"Urban","30 - 35  MPH","No Control Present","Clear","No",40,"40-49","No",NA,"With Traffic","C: Possible Injury","Travel Lane","Black","Male",35,"30-39","No",NA,NA,"O: No Injury","White","Male","Police","No","23SEP2010","Thursday","Bicyclist Overtaking Motorist",12,"Non-Intersection","September","C: Possible Injury",46620,"Bicyclist Overtaking - Passing on Left",2010,"No","No","Daylight","Straight - Level","US Route","Dry","Two-Way, Not Divided","None","Driveway, Public","Smooth Asphalt",0,0,0,0,0,0,0,"5 lanes",2,0,NA,0,NA
5387,4386,"High Shoals","Gaston","Piedmont","Farms, Woods, Pastures","Rural (<30% Developed)",NA,"Rural","60 - 75 MPH","No Control Present","Clear","No",38,"30-39","No",NA,"With Traffic","B: Evident Injury","Travel Lane","Black","Male",33,"30-39","No",NA,"56-60 mph","O: No Injury","Black","Male","Truck/Trailer","No","30SEP2010","Thursday","Motorist Overtaking Bicyclist",6,"Non-Intersection","September","B: Evident Injury",23700,"Motorist Overtaking - Undetected Bicyclist",2010,"Yes","No","Dark - Roadway Not Lighted","Straight - Grade","US Route","Wet","Two-Way, Divided, Positive Median Barrier","None","No Special Feature","Smooth Asphalt",0,0,0,0,0,0,0,"4 lanes",2,0,NA,0,NA
5388,4401,"Fayetteville","Cumberland","Coastal","Commercial","Urban (>70% Developed)",NA,"Urban","40 - 45  MPH","No Control Present","Clear","No",22,"20-24","No",NA,"Facing Traffic","C: Possible Injury","Travel Lane","White","Female",56,"50-59","No",NA,"6-10 mph","O: No Injury","Black","Male","Passenger Car","No","04OCT2010","Monday","Motorist Failed to Yield - Midblock",15,"Non-Intersection","October","C: Possible Injury",55440,"Motorist Drive Out - Other Midblock",2010,"No","No","Daylight","Straight - Level","Local Street","Dry","Two-Way, Not Divided","None","No Special Feature","Coarse Asphalt",0,0,0,0,0,0,0,"5 lanes",2,0,NA,0,NA
5389,4402,"Hickory","Catawba","Piedmont","Commercial","Urban (>70% Developed)",NA,"Urban","30 - 35  MPH","Stop And Go Signal","Cloudy","No",62,"60-69","No",NA,"With Traffic","B: Evident Injury","Travel Lane","White","Male",56,"50-59","No",NA,"16-20 mph","O: No Injury","White","Male","Passenger Car","No","27SEP2010","Monday","Motorist Failed to Yield - Signalized Intersection",12,"Intersection","September","B: Evident Injury",46440,"Motorist Drive Out - Signalized Intersection",2010,"Yes","No","Daylight","Straight - Hillcrest","Local Street","Wet","One-Way, Not Divided","None","Four-Way Intersection","Coarse Asphalt",0,0,0,0,0,0,0,"2 lanes",2,0,NA,0,NA
5390,4403,"Wilmington","New Hanover","Coastal","Commercial","Urban (>70% Developed)",NA,"Urban","20 - 25  MPH","No Control Present","Clear","No",23,"20-24","No",NA,"With Traffic","B: Evident Injury","Travel Lane","Black","Male",60,"60-69","No",NA,"0-5 mph","O: No Injury","Black","Male","Van","No","21SEP2010","Tuesday","Bicyclist Overtaking Motorist",16,"Intersection-Related","September","B: Evident Injury",57600,"Bicyclist Overtaking - Passing on Right",2010,"Yes","No","Daylight","Straight - Level","Local Street","Dry","Two-Way, Not Divided","None","No Special Feature","Smooth Asphalt",0,0,0,0,0,0,0,"2 lanes",2,0,NA,0,NA
5391,4415,"Raleigh","Wake","Piedmont","Commercial","Urban (>70% Developed)",NA,"Urban","40 - 45  MPH","Stop And Go Signal","Cloudy","No",12,"11-15","No",NA,"Facing Traffic","B: Evident Injury","Sidewalk / Crosswalk / Driveway Crossing","Black","Male",22,"20-24","No",NA,NA,"O: No Injury","Black","Female","Passenger Car","No","02SEP2010","Thursday","Motorist Right Turn / Merge",17,"Intersection","September","B: Evident Injury",63600,"Motorist Right Turn - Opposite Direction",2010,"Yes","No","Daylight","Straight - Level","Local Street","Dry","Two-Way, Not Divided","None","No Special Feature","Smooth Asphalt",0,0,0,0,0,0,0,"6 lanes",2,0,NA,0,NA
5392,4418,"Wilmington","New Hanover","Coastal","Residential","Urban (>70% Developed)",NA,"Urban","40 - 45  MPH","No Control Present","Clear","No",25,"25-29","No",NA,"Not Applicable","B: Evident Injury","Non-Roadway","White","Male",29,"25-29","No",NA,"41-45 mph","O: No Injury","Black","Male","Passenger Car","No","23SEP2010","Thursday","Crossing Paths - Other Circumstances",14,"Intersection","September","B: Evident Injury",50880,"Crossing Paths - Intersection - Other / Unknown",2010,"Yes","No","Daylight","Straight - Level","NC Route","Dry","Two-Way, Divided, Unprotected Median","None","No Special Feature","Coarse Asphalt",0,0,0,0,0,0,0,"5 lanes",2,0,NA,0,NA
5393,4428,"Raleigh","Wake","Piedmont","Commercial","Urban (>70% Developed)",NA,"Urban","30 - 35  MPH","Stop And Go Signal","Clear","No",16,"16-19","No",NA,"With Traffic","C: Possible Injury","Sidewalk / Crosswalk / Driveway Crossing","White","Male",17,"0-19","No",NA,NA,"O: No Injury","White","Male","Passenger Car","No","07SEP2010","Tuesday","Motorist Right Turn / Merge",15,"Intersection","September","C: Possible Injury",55500,"Motorist Right Turn - Same Direction",2010,"Yes","No","Daylight","Straight - Level","Local Street","Dry","Two-Way, Not Divided","None","No Special Feature","Smooth Asphalt",0,0,0,0,0,0,0,"5 lanes",2,0,NA,0,NA
5394,4437,"Boone","Watauga","Mountains","Institutional","Urban (>70% Developed)",NA,"Urban","20 - 25  MPH","No Control Present","Cloudy","No",19,"16-19","No",NA,"With Traffic","B: Evident Injury","Bike Lane / Paved Shoulder","White","Male",22,"20-24","No",NA,"11-15 mph","O: No Injury","White","Male","Passenger Car","No","14OCT2010","Thursday","Motorist Left Turn / Merge",8,"Non-Intersection","October","B: Evident Injury",28860,"Motorist Left Turn - Opposite Direction",2010,"No","No","Daylight","Straight - Level","Local Street","Wet","Two-Way, Not Divided","None","No Special Feature","Coarse Asphalt",0,0,0,0,0,0,0,"4 lanes",2,0,NA,0,NA
5395,4438,"Elon College","Alamance","Piedmont","Residential","Urban (>70% Developed)",NA,"Urban","20 - 25  MPH","No Control Present","Clear","No",26,"25-29","No",NA,"With Traffic","Unknown Injury","Travel Lane","Other","Male",35,"30-39","No",NA,"21-25 mph","O: No Injury","Black","Female",NA,"No","15SEP2010","Wednesday","Motorist Overtaking Bicyclist",7,"Non-Intersection","September","O: No Injury",28140,"Motorist Overtaking - Other / Unknown",2010,"Yes","Yes","Dawn","Straight - Level","Local Street","Dry","Two-Way, Not Divided","None","No Special Feature","Smooth Asphalt",0,0,0,0,0,0,0,"2 lanes",2,0,NA,0,NA
5396,4440,"Charlotte","Mecklenburg","Piedmont","Residential","Urban (>70% Developed)",NA,"Urban","20 - 25  MPH","No Control Present","Clear","No",9,"6-10","No",NA,NA,"C: Possible Injury","Travel Lane","Black","Female",17,"0-19","No",NA,"6-10 mph","O: No Injury","Black","Female","Sport Utility","No","08OCT2010","Friday","Other / Unknown - Insufficient Details",17,"Non-Intersection","October","C: Possible Injury",61200,"Unknown Approach Paths",2010,"Yes","No","Daylight","Straight - Level","Local Street","Dry","Two-Way, Not Divided","None","No Special Feature","Smooth Asphalt",0,0,0,0,0,0,0,NA,2,0,NA,0,NA
5397,4442,"Chapel Hill","Orange","Piedmont","Residential","Rural (<30% Developed)",NA,"Urban","20 - 25  MPH","Stop Sign","Clear","No",10,"6-10","No",NA,"With Traffic","B: Evident Injury","Travel Lane","Black","Male",21,"20-24","No",NA,"16-20 mph","O: No Injury","White","Male","Single Unit Truck (2-Axle, 6-Tire)","No","07OCT2010","Thursday","Bicyclist Failed to Yield - Sign-Controlled Intersection",15,"Intersection","October","B: Evident Injury",54780,"Bicyclist Ride Through - Sign-Controlled Intersection",2010,"Yes","No","Daylight","Straight - Level","Local Street","Dry","Two-Way, Not Divided","None","Four-Way Intersection","Coarse Asphalt",0,0,0,0,0,0,0,"2 lanes",2,0,NA,0,NA
5398,4452,"Lumberton","Robeson","Coastal","Farms, Woods, Pastures","Rural (<30% Developed)",NA,"Urban","40 - 45  MPH","No Control Present","Clear","No",52,"50-59","No",NA,"With Traffic","C: Possible Injury","Travel Lane","Native American","Male",38,"30-39","No",NA,"31-35 mph","O: No Injury","Native American","Female","Sport Utility","No","07OCT2010","Thursday","Motorist Overtaking Bicyclist",19,"Intersection-Related","October","C: Possible Injury",70260,"Motorist Overtaking - Misjudged Space",2010,"Yes","No","Dark - Lighted Roadway","Straight - Level","State Secondary Route","Dry","Two-Way, Not Divided","None","No Special Feature","Coarse Asphalt",0,0,0,0,0,0,0,NA,2,0,NA,0,NA
5399,4457,"Raleigh","Wake","Piedmont","Residential","Urban (>70% Developed)",NA,"Urban","30 - 35  MPH","No Control Present","Clear","No",31,"30-39","No",NA,"With Traffic","C: Possible Injury","Sidewalk / Crosswalk / Driveway Crossing","Black","Male",54,"50-59","No",NA,"0-5 mph","O: No Injury","Black","Male","Passenger Car","No","15SEP2010","Wednesday","Crossing Paths - Other Circumstances",9,"Intersection","September","C: Possible Injury",35340,"Crossing Paths - Intersection - Other / Unknown",2010,"Yes","No","Daylight","Straight - Level","Local Street","Dry","Two-Way, Not Divided","None","T-Intersection","Smooth Asphalt",0,0,0,0,0,0,0,"2 lanes",2,0,NA,0,NA
5400,4462,"Rockwell","Rowan","Piedmont","Commercial","Urban (>70% Developed)",NA,"Rural","30 - 35  MPH","No Control Present","Clear","No",18,"16-19","No",NA,"Not Applicable","B: Evident Injury","Non-Roadway","White","Male",NA,"70+","No",NA,"31-35 mph","O: No Injury","White","Male","Passenger Car","No","12OCT2010","Tuesday","Bicyclist Failed to Yield - Midblock",18,"Non-Intersection","October","B: Evident Injury",67800,"Bicyclist Ride Out - Commercial Driveway / Alley",2010,"Yes","No","Dusk","Straight - Level","US Route","Dry","Two-Way, Not Divided","None","Driveway, Public","Smooth Asphalt",0,0,0,0,0,0,0,"3 lanes",2,0,NA,0,NA
5401,6935,"None - Rural Crash","Currituck","Coastal","Residential","Mixed (30% To 70% Developed)",NA,"Rural","40 - 45  MPH","No Control Present","Clear","No",38,"30-39","No",NA,"With Traffic","B: Evident Injury","Bike Lane / Paved Shoulder","White","Male",68,"60-69","No",NA,"36-40 mph","O: No Injury","Asian","Male","Sport Utility","No","18JUN2007","Monday","Motorist Overtaking Bicyclist",11,"Non-Intersection","June","B: Evident Injury",39600,"Motorist Overtaking - Bicyclist Swerved",2007,"Yes","No","Daylight","Straight - Level","NC Route","Dry","Two-Way, Not Divided","None","No Special Feature","Smooth Asphalt",0,0,0,0,0,0,0,"2 lanes",2,0,NA,0,NA
5402,6941,"Stallings","Union","Piedmont","Commercial","Urban (>70% Developed)",NA,"Urban","30 - 35  MPH","No Control Present","Clear","No",35,"30-39","No",NA,"With Traffic","O: No Injury","Travel Lane","White","Male",NA,NA,"Missing",NA,"11-15 mph","Unknown Injury","Unknown/Missing",NA,"Pickup","No","03OCT2007","Wednesday","Motorist Overtaking Bicyclist",8,"Non-Intersection","October","O: No Injury",30900,"Motorist Overtaking - Other / Unknown",2007,"No","Yes","Daylight","Straight - Level","Local Street","Dry","Two-Way, Not Divided","None","No Special Feature","Smooth Asphalt",0,0,0,0,0,0,0,"2 lanes",2,0,NA,0,NA
5403,6943,"Burlington","Alamance","Piedmont","Commercial","Urban (>70% Developed)",NA,"Urban",NA,"No Control Present","Clear","No",14,"11-15","No",NA,NA,"B: Evident Injury","Non-Roadway","Black","Male",35,"30-39","No",NA,"6-10 mph","O: No Injury","White","Female","Passenger Car","No","29JUN2007","Friday","Non-Roadway",14,"Non-Roadway","June","B: Evident Injury",52620,"Non-Roadway",2007,"No","No","Daylight","Straight - Level","Public Vehicular Area","Dry","One-Way, Not Divided","None","No Special Feature","Smooth Asphalt",0,0,0,0,0,0,0,NA,2,0,NA,0,NA
5404,6960,"Charlotte","Mecklenburg","Piedmont","Residential","Urban (>70% Developed)",NA,"Urban","30 - 35  MPH","No Control Present","Clear","No",50,"50-59","No",NA,"With Traffic","B: Evident Injury","Travel Lane","Black","Male",35,"30-39","No",NA,"31-35 mph","O: No Injury","Black","Male","Passenger Car","No","06OCT2007","Saturday","Crossing Paths - Other Circumstances",19,"Intersection","October","B: Evident Injury",69480,"Crossing Paths - Intersection - Other / Unknown",2007,"Yes","No","Dark - Lighted Roadway","Straight - Level","Local Street","Dry","Two-Way, Divided, Unprotected Median","None","No Special Feature","Coarse Asphalt",0,0,0,0,0,0,0,"5 lanes",2,0,NA,0,NA
5405,6961,"Gastonia","Gaston","Piedmont","Residential","Urban (>70% Developed)",NA,"Urban","30 - 35  MPH","No Control Present","Clear","No",7,"6-10","No",NA,"With Traffic","C: Possible Injury","Travel Lane","Hispanic","Male",20,"20-24","No",NA,"26-30 mph","O: No Injury","White","Female","Passenger Car","No","02JUL2007","Monday","Bicyclist Left Turn / Merge",19,"Non-Intersection","July","C: Possible Injury",71040,"Bicyclist Left Turn - Same Direction",2007,"Yes","No","Daylight","Straight - Level","Local Street","Dry","Two-Way, Not Divided","None","No Special Feature","Smooth Asphalt",0,0,0,0,0,0,0,"2 lanes",2,0,NA,0,NA
5406,6963,"Kill Devil Hills","Dare","Coastal","Commercial","Urban (>70% Developed)",NA,"Urban",NA,"No Control Present","Clear","No",20,"20-24","No",NA,"Facing Traffic","B: Evident Injury","Travel Lane","White","Female",49,"40-49","No",NA,"0-5 mph","O: No Injury","Asian","Male","Passenger Car","No","02JUL2007","Monday","Motorist Failed to Yield - Midblock",11,"Non-Intersection","July","B: Evident Injury",42480,"Motorist Drive Out - Commercial Driveway / Alley",2007,"Yes","No","Daylight","Straight - Level","US Route","Dry","Two-Way, Not Divided","None","No Special Feature","Coarse Asphalt",0,0,0,0,0,0,0,"5 lanes",2,0,NA,0,NA
5407,6964,"Rocky Mount","Edgecombe","Coastal","Residential","Urban (>70% Developed)",NA,"Urban","30 - 35  MPH","Stop Sign","Clear","No",17,"16-19","No",NA,"With Traffic","C: Possible Injury","Travel Lane","Black","Male",NA,"70+","No",NA,"16-20 mph","O: No Injury","White","Female","Passenger Car","No","02JUL2007","Monday","Bicyclist Failed to Yield - Sign-Controlled Intersection",11,"Intersection","July","C: Possible Injury",39840,"Bicyclist Ride Through - Sign-Controlled Intersection",2007,"Yes","No","Daylight","Straight - Level","Local Street","Dry","Two-Way, Not Divided","None","Four-Way Intersection","Smooth Asphalt",0,0,0,0,0,0,0,"2 lanes",2,0,NA,0,NA
5408,6965,"Concord","Cabarrus","Piedmont","Commercial","Urban (>70% Developed)",NA,"Urban","30 - 35  MPH","Stop Sign","Clear","No",15,"11-15","No",NA,"Facing Traffic","C: Possible Injury","Sidewalk / Crosswalk / Driveway Crossing","White","Male",NA,NA,"Missing",NA,"6-10 mph","Unknown Injury","Unknown/Missing",NA,NA,"No","03JUL2007","Tuesday","Motorist Right Turn / Merge",17,"Intersection","July","C: Possible Injury",63360,"Motorist Right Turn - Opposite Direction",2007,"Yes","Yes","Daylight","Straight - Level","Local Street","Dry","Two-Way, Not Divided","None","T-Intersection","Coarse Asphalt",0,0,0,0,0,0,0,"2 lanes",2,0,NA,0,NA
5409,6968,"Durham","Durham","Piedmont","Commercial","Urban (>70% Developed)",NA,"Urban","30 - 35  MPH","No Control Present","Clear","No",17,"16-19","No",NA,"Facing Traffic","B: Evident Injury","Sidewalk / Crosswalk / Driveway Crossing","Black","Male",47,"40-49","No",NA,"11-15 mph","O: No Injury","Black","Male","Sport Utility","No","08OCT2007","Monday","Loss of Control / Turning Error",11,"Non-Intersection","October","B: Evident Injury",42900,"Bicyclist Lost Control - Other / Unknown",2007,"Yes","No","Daylight","Straight - Grade","Local Street","Dry","One-Way, Not Divided","None","No Special Feature","Smooth Asphalt",0,0,0,0,0,0,0,"2 lanes",2,0,NA,0,NA
5410,6970,"None - Rural Crash","Currituck","Coastal","Commercial","Mixed (30% To 70% Developed)",NA,"Rural","5 - 15 MPH","Stop Sign","Clear","No",19,"16-19","No",NA,"With Traffic","C: Possible Injury","Bike Lane / Paved Shoulder","White","Male",53,"50-59","No",NA,"6-10 mph","O: No Injury","White","Male","Sport Utility","No","05JUL2007","Thursday","Motorist Failed to Yield - Sign-Controlled Intersection",12,"Intersection","July","C: Possible Injury",44820,"Motorist Drive Out - Sign-Controlled Intersection",2007,"Yes","No","Daylight","Straight - Level","NC Route","Dry","Two-Way, Not Divided","None","T-Intersection","Smooth Asphalt",0,0,0,0,0,0,0,"2 lanes",2,0,NA,0,NA
5411,6975,"Charlotte","Mecklenburg","Piedmont","Commercial","Urban (>70% Developed)",NA,"Urban","40 - 45  MPH","No Control Present","Clear","No",46,"40-49","No",NA,"Facing Traffic","B: Evident Injury","Travel Lane","Black","Male",NA,"70+","No",NA,"0-5 mph","O: No Injury","White","Male","Van","No","07OCT2007","Sunday","Motorist Failed to Yield - Midblock",14,"Non-Intersection","October","B: Evident Injury",53580,"Motorist Drive Out - Midblock - Unknown",2007,"Yes","No","Daylight","Straight - Level","Local Street","Dry","Two-Way, Not Divided","None","No Special Feature","Smooth Asphalt",0,0,0,0,0,0,0,"4 lanes",2,0,NA,0,NA
5412,6976,"Oak Island","Brunswick","Coastal","Residential","Urban (>70% Developed)",NA,"Urban","20 - 25  MPH","Stop Sign","Clear","No",16,"16-19","No",NA,"Facing Traffic","C: Possible Injury","Sidewalk / Crosswalk / Driveway Crossing","White","Male",63,"60-69","No",NA,"0-5 mph","O: No Injury","White","Male","Sport Utility","No","06JUL2007","Friday","Motorist Failed to Yield - Sign-Controlled Intersection",18,"Intersection","July","C: Possible Injury",65640,"Motorist Drive Out - Sign-Controlled Intersection",2007,"No","No","Daylight","Straight - Level","Local Street","Dry","Two-Way, Not Divided","None","Four-Way Intersection","Smooth Asphalt",0,0,0,0,0,0,0,"2 lanes",2,0,NA,0,NA
5413,6984,"Raleigh","Wake","Piedmont","Commercial","Urban (>70% Developed)",NA,"Urban","30 - 35  MPH","Stop Sign","Clear","No",60,"60-69","No",NA,"Facing Traffic","B: Evident Injury","Sidewalk / Crosswalk / Driveway Crossing","White","Male",30,"30-39","No",NA,"16-20 mph","O: No Injury","Black","Female","Passenger Car","No","09JUL2007","Monday","Motorist Failed to Yield - Sign-Controlled Intersection",18,"Intersection","July","B: Evident Injury",66840,"Motorist Drive Out - Sign-Controlled Intersection",2007,"No","No","Daylight","Straight - Level","Local Street","Dry","Two-Way, Not Divided","None","T-Intersection","Smooth Asphalt",0,0,0,0,0,0,0,"2 lanes",2,0,NA,0,NA