"...1","object_id","city","county","region","development","locality","on_road","rural_urban","speed_limit","traffic_control","weather","workzone","bike_age","bike_age_group","bike_alcohol","bike_alcohol_drugs","bike_direction","bike_injury","bike_position","bike_race","bike_sex","driver_age","driver_age_group","driver_alcohol","driver_alcohol_drugs","driver_est_speed","driver_injury","driver_race","driver_sex","driver_vehicle_type","crash_alcohol","crash_date","crash_day","crash_group","crash_hour","crash_location","crash_month","crash_severity","crash_time","crash_type","crash_year","ambulance_req","hit_run","light_condition","road_character","road_class","road_condition","road_configuration","road_defects","road_feature","road_surface","num_bikes_ai","num_bikes_bi","num_bikes_ci","num_bikes_ki","num_bikes_no","num_bikes_to","num_bikes_ui","num_lanes","num_units","distance_mi_from","frm_road","rte_invd_cd","towrd_road"
5414,6985,"Chapel Hill","Orange","Piedmont","Residential","Urban (>70% Developed)",NA,"Urban","20 - 25  MPH","Stop Sign","Rain","No",34,"30-39","No",NA,"Facing Traffic","C: Possible Injury","Travel Lane","Asian","Male",39,"30-39","No",NA,"0-5 mph","O: No Injury","White","Male","Passenger Car","No","10JUL2007","Tuesday","Loss of Control / Turning Error",17,"Intersection","July","C: Possible Injury",62640,"Bicyclist Turning Error - Left Turn",2007,"Yes","No","Daylight","Straight - Level","Local Street","Wet","Two-Way, Not Divided","None","T-Intersection","Smooth Asphalt",0,0,0,0,0,0,0,"2 lanes",2,0,NA,0,NA
5415,6993,"Raleigh","Wake","Piedmont","Commercial","Urban (>70% Developed)",NA,"Urban","5 - 15 MPH","No Control Present","Clear","No",12,"11-15","No",NA,NA,"C: Possible Injury","Non-Roadway","Black","Male",55,"50-59","No",NA,"0-5 mph","O: No Injury","White","Male","Passenger Car","No","12JUL2007","Thursday","Non-Roadway",17,"Non-Roadway","July","C: Possible Injury",62400,"Non-Roadway",2007,"Yes","No","Daylight","Straight - Grade","Public Vehicular Area","Dry","Two-Way, Not Divided","None","No Special Feature","Coarse Asphalt",0,0,0,0,0,0,0,NA,2,0,NA,0,NA
5416,6999,"Charlotte","Mecklenburg","Piedmont","Residential","Urban (>70% Developed)",NA,"Urban","30 - 35  MPH","Stop Sign","Clear","No",31,"30-39","No",NA,"With Traffic","C: Possible Injury","Travel Lane","White","Male",51,"50-59","No",NA,"0-5 mph","O: No Injury","White","Male","Sport Utility","No","17OCT2007","Wednesday","Motorist Right Turn / Merge",18,"Intersection","October","C: Possible Injury",67260,"Motorist Right Turn - Same Direction",2007,"No","No","Daylight","Curve - Grade","Local Street","Dry","Two-Way, Divided, Unprotected Median","None","T-Intersection","Smooth Asphalt",0,0,0,0,0,0,0,"4 lanes",2,0,NA,0,NA
5417,7002,"None - Rural Crash","Dare","Coastal","Residential","Urban (>70% Developed)",NA,"Rural","5 - 15 MPH","No Control Present","Clear","No",24,"20-24","No",NA,"Not Applicable","C: Possible Injury","Driveway / Alley","White","Male",24,"20-24","Yes",NA,"0-5 mph","O: No Injury","Black","Male","Passenger Car","Yes","01JUL2007","Sunday","Bicyclist Failed to Yield - Midblock",20,"Non-Intersection","July","C: Possible Injury",74400,"Bicyclist Ride Out - Commercial Driveway / Alley",2007,"Yes","No","Dusk","Straight - Level","Public Vehicular Area","Dry","Two-Way, Not Divided","None","T-Intersection","Coarse Asphalt",0,0,0,0,0,0,0,"2 lanes",2,0,NA,0,NA
5418,7003,"Ahoskie","Hertford","Coastal","Residential","Urban (>70% Developed)",NA,"Rural","20 - 25  MPH","No Control Present","Clear","No",10,"6-10","No",NA,"Not Applicable","B: Evident Injury","Non-Roadway","Black","Male",46,"40-49","No",NA,"16-20 mph","O: No Injury","Black","Female","Passenger Car","No","02JUL2007","Monday","Bicyclist Failed to Yield - Midblock",17,"Non-Intersection","July","B: Evident Injury",64080,"Bicyclist Ride Out - Other Midblock",2007,"Yes","No","Daylight","Straight - Level","Local Street","Dry","Two-Way, Not Divided","None","No Special Feature","Smooth Asphalt",0,0,0,0,0,0,0,"2 lanes",2,0,NA,0,NA
5419,7004,"None - Rural Crash","Brunswick","Coastal","Farms, Woods, Pastures","Rural (<30% Developed)",NA,"Rural","50 - 55  MPH","Double Yellow Line, No Passing Zone","Clear","No",36,"30-39","No",NA,"With Traffic","B: Evident Injury","Travel Lane","Black","Male",NA,NA,"Missing",NA,"36-40 mph","Unknown Injury","Unknown/Missing",NA,NA,"No","03JUL2007","Tuesday","Motorist Overtaking Bicyclist",23,"Non-Intersection","July","B: Evident Injury",83220,"Motorist Overtaking - Undetected Bicyclist",2007,"Yes","Yes","Dark - Roadway Not Lighted","Straight - Level","State Secondary Route","Dry","Two-Way, Not Divided","None","No Special Feature","Smooth Asphalt",0,0,0,0,0,0,0,"2 lanes",2,0,NA,0,NA
5420,7019,"Charlotte","Mecklenburg","Piedmont","Institutional","Urban (>70% Developed)",NA,"Urban","30 - 35  MPH","No Control Present","Cloudy","No",46,"40-49","No",NA,"Facing Traffic","B: Evident Injury","Sidewalk / Crosswalk / Driveway Crossing","White","Male",43,"40-49","No",NA,"0-5 mph","O: No Injury","White","Female","Van","No","24OCT2007","Wednesday","Motorist Left Turn / Merge",7,"Intersection","October","B: Evident Injury",28680,"Motorist Left Turn - Same Direction",2007,"Yes","No","Daylight","Straight - Level","Local Street","Wet","Two-Way, Not Divided","None","No Special Feature","Smooth Asphalt",0,0,0,0,0,0,0,"4 lanes",2,0,NA,0,NA
5421,7024,"None - Rural Crash","Guilford","Piedmont","Residential","Urban (>70% Developed)",NA,"Rural","40 - 45  MPH","No Control Present","Clear","No",20,"20-24","No",NA,NA,"C: Possible Injury","Travel Lane","White","Female",36,"30-39","No",NA,"41-45 mph","O: No Injury","White","Male","Passenger Car","No","20JUL2007","Friday","Bicyclist Right Turn / Merge",12,"Non-Intersection","July","C: Possible Injury",46020,"Bicyclist Right Turn - Same Direction",2007,"No","No","Daylight","Straight - Level","State Secondary Route","Dry","Two-Way, Not Divided","None","No Special Feature","Smooth Asphalt",0,0,0,0,0,0,0,"3 lanes",2,0,NA,0,NA
5422,7040,"None - Rural Crash","Vance","Piedmont","Residential","Rural (<30% Developed)",NA,"Rural","30 - 35  MPH","Double Yellow Line, No Passing Zone","Clear","No",9,"6-10","No",NA,"With Traffic","B: Evident Injury","Travel Lane","Black","Female",16,"0-19","No",NA,"0-5 mph","O: No Injury","Black","Male","Passenger Car","No","24JUL2007","Tuesday","Loss of Control / Turning Error",18,"Non-Intersection","July","B: Evident Injury",65040,"Bicyclist Lost Control - Other / Unknown",2007,"Yes","No","Daylight","Straight - Level","State Secondary Route","Dry","Two-Way, Not Divided","None","No Special Feature","Coarse Asphalt",0,0,0,0,0,0,0,"2 lanes",2,0,NA,0,NA
5423,7051,"None - Rural Crash","Caswell","Piedmont","Farms, Woods, Pastures","Rural (<30% Developed)",NA,"Rural","50 - 55  MPH","Double Yellow Line, No Passing Zone","Clear","No",20,"20-24","No",NA,"With Traffic","B: Evident Injury","Travel Lane","White","Male",NA,NA,"Missing",NA,"51-55 mph","Unknown Injury","Unknown/Missing",NA,NA,"No","26JUL2007","Thursday","Head-On",20,"Intersection","July","B: Evident Injury",73140,"Head-On - Motorist",2007,"Yes","Yes","Dusk","Curve - Level","State Secondary Route","Dry","Two-Way, Not Divided","None","No Special Feature","Smooth Asphalt",0,0,0,0,0,0,0,"2 lanes",3,0,NA,0,NA
5424,7061,"Wilmington","New Hanover","Coastal","Commercial","Urban (>70% Developed)",NA,"Urban","30 - 35  MPH","Stop And Go Signal","Clear","No",15,"11-15","Yes",NA,"Facing Traffic","B: Evident Injury","Sidewalk / Crosswalk / Driveway Crossing","White","Male",21,"20-24","No",NA,"31-35 mph","O: No Injury","Black","Male","Passenger Car","Yes","28JUL2007","Saturday","Bicyclist Failed to Yield - Signalized Intersection",1,"Intersection","July","B: Evident Injury",5100,"Bicyclist Ride Out - Signalized  Intersection",2007,"Yes","No","Dark - Lighted Roadway","Straight - Level","Local Street","Dry","Two-Way, Not Divided","None","Four-Way Intersection","Coarse Asphalt",0,0,0,0,0,0,0,"2 lanes",2,0,NA,0,NA
5425,7064,"Cary","Wake","Piedmont","Residential","Urban (>70% Developed)",NA,"Urban","20 - 25  MPH","Stop Sign","Clear","Yes",19,"16-19","No",NA,"With Traffic","B: Evident Injury","Travel Lane","White","Male",47,"40-49","No",NA,"16-20 mph","O: No Injury","White","Male","Passenger Car","No","20OCT2007","Saturday","Motorist Failed to Yield - Sign-Controlled Intersection",10,"Intersection","October","B: Evident Injury",37800,"Motorist Drive Out - Sign-Controlled Intersection",2007,"Yes","No","Daylight","Straight - Grade","Local Street","Dry","Two-Way, Not Divided","None","Four-Way Intersection","Coarse Asphalt",0,0,0,0,0,0,0,"2 lanes",2,0,NA,0,NA
5426,7070,"Raleigh","Wake","Piedmont","Residential","Urban (>70% Developed)",NA,"Urban","20 - 25  MPH","No Control Present","Clear","No",47,"40-49","No",NA,NA,"C: Possible Injury","Non-Roadway","White","Female",NA,NA,"Missing",NA,"6-10 mph","Unknown Injury","Unknown/Missing",NA,NA,"No","30JUL2007","Monday","Non-Roadway",20,"Non-Roadway","July","C: Possible Injury",72180,"Non-Roadway",2007,"No","Yes","Daylight","Straight - Level","Public Vehicular Area","Dry","Two-Way, Not Divided","None","No Special Feature","Smooth Asphalt",0,0,0,0,0,0,0,NA,2,0,NA,0,NA
5427,7071,"Kill Devil Hills","Dare","Coastal","Commercial","Urban (>70% Developed)",NA,"Urban","5 - 15 MPH","No Control Present","Clear","No",22,"20-24","No",NA,"Facing Traffic","B: Evident Injury","Sidewalk / Crosswalk / Driveway Crossing","White","Female",36,"30-39","No",NA,"0-5 mph","O: No Injury","White","Female","Sport Utility","No","29JUL2007","Sunday","Motorist Failed to Yield - Midblock",20,"Non-Intersection","July","B: Evident Injury",73680,"Motorist Drive Out - Commercial Driveway / Alley",2007,"Yes","No","Other","Straight - Level","Public Vehicular Area","Dry","Two-Way, Not Divided",NA,"Driveway, Public","Concrete",0,0,0,0,0,0,0,NA,2,0,NA,0,NA
5428,7075,"None - Rural Crash","Martin","Coastal","Residential","Urban (>70% Developed)",NA,"Rural","30 - 35  MPH","No Control Present","Clear","No",NA,NA,"No",NA,"With Traffic","C: Possible Injury","Travel Lane","Black","Male",25,"25-29","No",NA,"6-10 mph","O: No Injury","White","Male","Police","No","31JUL2007","Tuesday","Bicyclist Left Turn / Merge",21,"Non-Intersection","July","C: Possible Injury",76320,"Bicyclist Left Turn - Opposite Direction",2007,"No","No","Daylight","Straight - Level","Local Street","Dry","Two-Way, Not Divided","None","Driveway, Private","Smooth Asphalt",0,0,0,0,0,0,0,"2 lanes",2,0,NA,0,NA
5429,7078,"Greensboro","Guilford","Piedmont","Residential","Urban (>70% Developed)",NA,"Urban","30 - 35  MPH","Stop And Go Signal","Clear","No",33,"30-39","No",NA,"With Traffic","C: Possible Injury","Travel Lane","Black","Male",54,"50-59","No",NA,"6-10 mph","O: No Injury","Black","Male","Sport Utility","No","31JUL2007","Tuesday","Bicyclist Failed to Yield - Signalized Intersection",23,"Intersection","July","C: Possible Injury",85800,"Bicyclist Failed to Clear - Trapped",2007,"Yes","No","Dark - Lighted Roadway","Straight - Level","Local Street","Dry","Two-Way, Divided, Positive Median Barrier","None","No Special Feature","Coarse Asphalt",0,0,0,0,0,0,0,"6 lanes",2,0,NA,0,NA
5430,7079,"None - Rural Crash","Buncombe","Mountains","Residential","Urban (>70% Developed)",NA,"Rural",NA,"Stop Sign","Clear","No",14,"11-15","No",NA,"Facing Traffic","B: Evident Injury","Travel Lane","White","Male",19,"0-19","No",NA,"16-20 mph","O: No Injury","White","Male","Passenger Car","No","01AUG2007","Wednesday","Bicyclist Failed to Yield - Sign-Controlled Intersection",19,"Intersection","August","B: Evident Injury",70260,"Bicyclist Ride Through - Sign-Controlled Intersection",2007,"No","No","Daylight","Straight - Grade","Public Vehicular Area","Dry","Two-Way, Not Divided","None","T-Intersection","Coarse Asphalt",0,0,0,0,0,0,0,"2 lanes",2,0,NA,0,NA
5431,7083,"Lexington","Davidson","Piedmont","Commercial","Urban (>70% Developed)",NA,"Urban","5 - 15 MPH","No Control Present","Clear","No",30,"30-39","No",NA,"Facing Traffic","A: Disabling Injury","Sidewalk / Crosswalk / Driveway Crossing","Black","Male",53,"50-59","No",NA,"0-5 mph","O: No Injury","White","Female","Sport Utility","No","09JUL2007","Monday","Motorist Failed to Yield - Midblock",0,"Non-Intersection","July","A: Disabling Injury",60,"Motorist Drive Out - Commercial Driveway / Alley",2007,"Yes","No","Daylight","Straight - Level","Public Vehicular Area","Dry","Two-Way, Divided, Unprotected Median","None","No Special Feature","Smooth Asphalt",0,0,0,0,0,0,0,NA,2,0,NA,0,NA
5432,7084,"Elizabeth City","Pasquotank","Coastal","Residential","Urban (>70% Developed)",NA,"Urban","20 - 25  MPH","Stop Sign","Clear","No",13,"11-15","No",NA,NA,"C: Possible Injury",NA,"Black","Female",34,"30-39","No",NA,"21-25 mph","O: No Injury","Black","Female","Pickup","No","02AUG2007","Thursday","Bicyclist Failed to Yield - Sign-Controlled Intersection",17,"Intersection","August","C: Possible Injury",61200,"Bicyclist Ride Out - Sign-Controlled Intersection",2007,"No","No","Daylight","Straight - Level","Local Street","Dry","Two-Way, Not Divided","None","Four-Way Intersection","Concrete",0,0,0,0,0,0,0,"2 lanes",2,0,NA,0,NA
5433,7091,"None - Rural Crash","Lincoln","Piedmont","Residential","Urban (>70% Developed)",NA,"Rural","40 - 45  MPH","No Control Present","Clear","No",7,"6-10","No",NA,"With Traffic","B: Evident Injury","Travel Lane","White","Female",19,"0-19","No",NA,"6-10 mph","O: No Injury","White","Male","Passenger Car","No","05AUG2007","Sunday","Motorist Overtaking Bicyclist",20,"Non-Intersection","August","B: Evident Injury",72180,"Motorist Overtaking - Bicyclist Swerved",2007,"Yes","No","Daylight","Straight - Level","State Secondary Route","Dry","Two-Way, Not Divided","None","No Special Feature","Coarse Asphalt",0,0,0,0,0,0,0,"2 lanes",2,0,NA,0,NA
5434,7094,"Raleigh","Wake","Piedmont","Residential","Urban (>70% Developed)",NA,"Urban","20 - 25  MPH","No Control Present","Clear","No",11,"11-15","No",NA,"With Traffic","C: Possible Injury","Travel Lane","Black","Male",25,"25-29","No",NA,"11-15 mph","O: No Injury","Black","Female","Passenger Car","No","06AUG2007","Monday","Bicyclist Overtaking Motorist",20,"Non-Intersection","August","C: Possible Injury",74220,"Bicyclist Overtaking - Passing on Right",2007,"Yes","No","Dark - Lighted Roadway","Straight - Level","Local Street","Dry","Two-Way, Not Divided","None","No Special Feature","Smooth Asphalt",0,0,0,0,0,0,0,"2 lanes",2,0,NA,0,NA
5435,7102,"Greensboro","Guilford","Piedmont","Residential","Urban (>70% Developed)",NA,"Urban","30 - 35  MPH","No Control Present","Clear","No",16,"16-19","No",NA,"With Traffic","C: Possible Injury","Travel Lane","Black","Male",NA,NA,"Missing",NA,"0-5 mph","Unknown Injury","Unknown/Missing",NA,NA,"No","08AUG2007","Wednesday","Crossing Paths - Other Circumstances",22,"Intersection","August","C: Possible Injury",81060,"Crossing Paths - Intersection - Other / Unknown",2007,"No","Yes","Dark - Lighted Roadway","Straight - Level","Local Street","Dry","Two-Way, Not Divided","None","No Special Feature","Smooth Asphalt",0,0,0,0,0,0,0,"2 lanes",2,0,NA,0,NA
5436,7105,"None - Rural Crash","Wake","Piedmont","Farms, Woods, Pastures","Rural (<30% Developed)",NA,"Rural","40 - 45  MPH","Double Yellow Line, No Passing Zone","Clear","Yes",57,"50-59","No",NA,"With Traffic","B: Evident Injury","Travel Lane","White","Male",47,"40-49","No",NA,"6-10 mph","O: No Injury","White","Male","Pickup","No","09AUG2007","Thursday","Motorist Left Turn / Merge",6,"Non-Intersection","August","B: Evident Injury",24480,"Motorist Left Turn - Opposite Direction",2007,"Yes","No","Dusk","Curve - Grade","State Secondary Route","Dry","Two-Way, Not Divided","None","T-Intersection","Smooth Asphalt",0,0,0,0,0,0,0,"2 lanes",2,0,NA,0,NA
5437,7107,"None - Rural Crash","Duplin","Coastal","Farms, Woods, Pastures","Rural (<30% Developed)",NA,"Rural","50 - 55  MPH","No Control Present","Clear","No",41,"40-49","No",NA,"Facing Traffic","C: Possible Injury","Travel Lane","Black","Male",24,"20-24","No",NA,"51-55 mph","O: No Injury","Black","Male","Passenger Car","No","09AUG2007","Thursday","Bicyclist Right Turn / Merge",8,"Non-Intersection","August","C: Possible Injury",29760,"Bicyclist Right Turn - Same Direction",2007,"Yes","No","Daylight","Straight - Level","State Secondary Route","Dry","Two-Way, Not Divided","None","No Special Feature","Coarse Asphalt",0,0,0,0,0,0,0,"2 lanes",2,0,NA,0,NA
5438,7109,"Fayetteville","Cumberland","Coastal","Commercial","Urban (>70% Developed)",NA,"Urban","40 - 45  MPH","No Control Present","Clear","No",50,"50-59","No",NA,"With Traffic","B: Evident Injury","Bike Lane / Paved Shoulder","Black","Male",45,"40-49","No",NA,"41-45 mph","O: No Injury","White","Male","Pickup","No","10AUG2007","Friday","Motorist Overtaking Bicyclist",5,"Non-Intersection","August","B: Evident Injury",18180,"Motorist Overtaking - Other / Unknown",2007,"Yes","No","Dark - Roadway Not Lighted","Straight - Level","Local Street","Dry","Two-Way, Divided, Positive Median Barrier","None","No Special Feature","Coarse Asphalt",0,0,0,0,0,0,0,"4 lanes",2,0,NA,0,NA
5439,7115,"None - Rural Crash","Cleveland","Mountains","Farms, Woods, Pastures","Rural (<30% Developed)",NA,"Rural","40 - 45  MPH","Double Yellow Line, No Passing Zone","Clear","No",33,"30-39","No",NA,"With Traffic","C: Possible Injury","Travel Lane","White","Female",22,"20-24","No",NA,"36-40 mph","O: No Injury","White","Male","Pickup","No","13AUG2007","Monday","Motorist Overtaking Bicyclist",7,"Non-Intersection","August","C: Possible Injury",26400,"Motorist Overtaking - Misjudged Space",2007,"No","No","Daylight","Straight - Level","State Secondary Route","Dry","Two-Way, Not Divided","None","No Special Feature","Smooth Asphalt",0,0,0,0,0,0,0,"2 lanes",2,0,NA,0,NA
5440,7125,"Raleigh","Wake","Piedmont","Commercial","Urban (>70% Developed)",NA,"Urban","40 - 45  MPH","Stop And Go Signal","Clear","No",12,"11-15","No",NA,"Facing Traffic","B: Evident Injury","Driveway / Alley","Black","Male",NA,"70+","No",NA,"0-5 mph","O: No Injury","White","Female","Passenger Car","No","10AUG2007","Friday","Bicyclist Failed to Yield - Signalized Intersection",12,"Intersection","August","B: Evident Injury",43800,"Bicyclist Ride Through - Signalized Intersection",2007,"Yes","No","Daylight","Straight - Level","Local Street","Dry","Two-Way, Divided, Unprotected Median","None","Driveway, Public","Smooth Asphalt",0,0,0,0,0,0,0,"8 lanes",2,0,NA,0,NA
5441,7127,"Charlotte","Mecklenburg","Piedmont","Residential","Urban (>70% Developed)",NA,"Urban","20 - 25  MPH","No Control Present","Clear","No",39,"30-39","No",NA,"Facing Traffic","B: Evident Injury","Travel Lane","Black","Male",25,"25-29","No",NA,"31-35 mph","O: No Injury","Black","Male","Passenger Car","No","20NOV2007","Tuesday","Head-On",10,"Non-Intersection","November","B: Evident Injury",37560,"Head-On - Bicyclist",2007,"Yes","No","Daylight","Straight - Level","Local Street","Dry","Two-Way, Not Divided","None","No Special Feature","Smooth Asphalt",0,0,0,0,0,0,0,"2 lanes",2,0,NA,0,NA
5442,7128,"Wilson","Wilson","Coastal","Residential","Urban (>70% Developed)",NA,"Urban","30 - 35  MPH","Stop And Go Signal","Clear","No",26,"25-29","No",NA,"Facing Traffic","B: Evident Injury",NA,"Black","Male",NA,NA,"Missing",NA,"31-35 mph","Unknown Injury","Unknown/Missing",NA,NA,"No","14AUG2007","Tuesday","Crossing Paths - Other Circumstances",16,"Intersection","August","B: Evident Injury",58680,"Signalized Intersection - Other / Unknown",2007,"Yes","Yes","Daylight","Straight - Level","Local Street","Dry","Two-Way, Not Divided","None","Four-Way Intersection","Coarse Asphalt",0,0,0,0,0,0,0,"3 lanes",2,0,NA,0,NA
5443,7133,"High Point","Guilford","Piedmont","Commercial","Urban (>70% Developed)",NA,"Urban","30 - 35  MPH","Stop And Go Signal","Clear","No",32,"30-39","No",NA,"Facing Traffic","C: Possible Injury","Travel Lane","Black","Male",48,"40-49","No",NA,"11-15 mph","O: No Injury","Black","Female","Passenger Car","No","15AUG2007","Wednesday","Crossing Paths - Other Circumstances",12,"Intersection-Related","August","C: Possible Injury",46200,"Crossing Paths - Intersection - Other / Unknown",2007,"Yes","No","Daylight","Straight - Grade","Local Street","Dry","Two-Way, Not Divided","None","Four-Way Intersection","Smooth Asphalt",0,0,0,0,0,0,0,"4 lanes",2,0,NA,0,NA
5444,7147,"Sanford","Lee","Piedmont","Commercial","Urban (>70% Developed)",NA,"Urban","30 - 35  MPH","No Control Present","Clear","No",14,"11-15","No",NA,"Facing Traffic","O: No Injury","Sidewalk / Crosswalk / Driveway Crossing","White","Female",18,"0-19","No",NA,"31-35 mph","C: Possible Injury","Black","Male","Passenger Car","No","20AUG2007","Monday","Motorist Left Turn / Merge",15,"Intersection","August","C: Possible Injury",57480,"Motorist Left Turn - Same Direction",2007,"No","No","Daylight","Straight - Grade","US Route","Dry","Two-Way, Not Divided","None","Driveway, Public","Coarse Asphalt",0,0,0,0,0,0,0,"5 lanes",2,0,NA,0,NA
5445,7148,"Lumberton","Robeson","Coastal","Residential","Urban (>70% Developed)",NA,"Urban","30 - 35  MPH","Stop Sign","Clear","No",16,"16-19","No",NA,"Facing Traffic","O: No Injury","Travel Lane","Black","Male",62,"60-69","No",NA,"0-5 mph","O: No Injury","White","Female","Passenger Car","No","20AUG2007","Monday","Motorist Failed to Yield - Sign-Controlled Intersection",21,"Intersection","August","O: No Injury",76440,"Motorist Drive Out - Sign-Controlled Intersection",2007,"No","No","Dark - Roadway Not Lighted","Straight - Level","Local Street","Dry","Two-Way, Not Divided","None","Four-Way Intersection","Smooth Asphalt",0,0,0,0,0,0,0,"4 lanes",2,0,NA,0,NA
5446,7151,"Morven","Anson","Piedmont","Commercial","Urban (>70% Developed)",NA,"Rural","30 - 35  MPH","Double Yellow Line, No Passing Zone","Clear","No",39,"30-39","No",NA,"With Traffic","C: Possible Injury","Travel Lane","Black","Male",26,"25-29","No",NA,"26-30 mph","O: No Injury","Black","Female","Passenger Car","No","22AUG2007","Wednesday","Bicyclist Failed to Yield - Sign-Controlled Intersection",7,"Intersection","August","C: Possible Injury",27300,"Bicyclist Ride Out - Sign-Controlled Intersection",2007,"Yes","No","Daylight","Straight - Level","US Route","Dry","Two-Way, Not Divided","None","T-Intersection","Smooth Asphalt",0,0,0,0,0,0,0,"2 lanes",2,0,NA,0,NA
5447,7152,"None - Rural Crash","Caldwell","Mountains","Residential","Urban (>70% Developed)",NA,"Rural","40 - 45  MPH","Double Yellow Line, No Passing Zone","Clear","No",17,"16-19","No",NA,"With Traffic","C: Possible Injury","Travel Lane","White","Male",NA,NA,"Missing",NA,"41-45 mph","Unknown Injury","Unknown/Missing",NA,NA,"No","22AUG2007","Wednesday","Head-On",22,"Non-Intersection","August","C: Possible Injury",79800,"Head-On - Motorist",2007,"No","Yes","Dark - Roadway Not Lighted","Curve - Level","State Secondary Route","Dry","Two-Way, Not Divided","None","No Special Feature","Smooth Asphalt",0,0,0,0,0,0,0,"2 lanes",2,0,NA,0,NA
5448,7158,"Cary","Wake","Piedmont","Commercial","Urban (>70% Developed)",NA,"Urban","40 - 45  MPH","Stop And Go Signal","Clear","No",17,"16-19","No",NA,"With Traffic","C: Possible Injury","Travel Lane","White","Male",27,"25-29","No",NA,"31-35 mph","O: No Injury","Hispanic","Female","Sport Utility","No","29NOV2007","Thursday","Bicyclist Failed to Yield - Signalized Intersection",18,"Intersection","November","C: Possible Injury",66120,"Bicyclist Ride Through - Signalized Intersection",2007,"Yes","No","Dark - Lighted Roadway","Straight - Grade","State Secondary Route","Dry","Two-Way, Divided, Unprotected Median","None","Four-Way Intersection","Smooth Asphalt",0,0,0,0,0,0,0,"4 lanes",2,0,NA,0,NA
5449,7159,"Charlotte","Mecklenburg","Piedmont","Residential","Urban (>70% Developed)",NA,"Urban","30 - 35  MPH","Stop Sign","Clear","No",24,"20-24","No",NA,NA,"B: Evident Injury","Travel Lane","White","Male",48,"40-49","No",NA,"0-5 mph","O: No Injury","Black","Male","School Bus","No","17SEP2007","Monday","Motorist Left Turn / Merge",7,"Intersection","September","B: Evident Injury",28680,"Motorist Left Turn - Same Direction",2007,"Yes","No","Daylight","Straight - Level","Local Street","Dry","Two-Way, Not Divided","None","Four-Way Intersection","Smooth Asphalt",0,0,0,0,0,0,0,"2 lanes",2,0,NA,0,NA
5450,7169,"Gastonia","Gaston","Piedmont","Residential","Urban (>70% Developed)",NA,"Urban","30 - 35  MPH","Stop Sign","Clear","No",26,"25-29","No",NA,NA,"C: Possible Injury",NA,"White","Male",61,"60-69","No",NA,NA,"O: No Injury","White","Male","Pickup","No","26AUG2007","Sunday","Crossing Paths - Other Circumstances",10,"Intersection","August","C: Possible Injury",38340,"Crossing Paths - Intersection - Other / Unknown",2007,"No","No","Daylight","Straight - Level","Local Street","Dry","Two-Way, Not Divided","None","T-Intersection","Smooth Asphalt",0,0,0,0,0,0,0,"2 lanes",2,0,NA,0,NA
5451,7171,"None - Rural Crash","Chatham","Piedmont","Farms, Woods, Pastures","Rural (<30% Developed)",NA,"Rural","50 - 55  MPH","Double Yellow Line, No Passing Zone","Cloudy","No",22,"20-24","No",NA,"With Traffic","B: Evident Injury","Travel Lane","White","Male",44,"40-49","No",NA,"61-65 mph","O: No Injury","Asian","Male","Passenger Car","No","26AUG2007","Sunday","Loss of Control / Turning Error",15,"Non-Intersection","August","B: Evident Injury",56280,"Motorist Lost Control - Mechanical Problems",2007,"Yes","No","Daylight","Curve - Level","State Secondary Route","Dry","Two-Way, Not Divided","None","No Special Feature","Smooth Asphalt",0,0,0,0,0,0,0,"2 lanes",3,0,NA,0,NA
5452,7172,"None - Rural Crash","New Hanover","Coastal","Residential","Urban (>70% Developed)",NA,"Rural","30 - 35  MPH","Stop Sign","Clear","No",56,"50-59","No",NA,NA,"B: Evident Injury","Travel Lane","White","Male",NA,"70+","No",NA,"21-25 mph","O: No Injury","White","Male","Passenger Car","No","27AUG2007","Monday","Bicyclist Failed to Yield - Sign-Controlled Intersection",13,"Intersection","August","B: Evident Injury",46800,"Bicyclist Ride Through - Sign-Controlled Intersection",2007,"Yes","No","Daylight","Straight - Level","State Secondary Route","Dry","Two-Way, Not Divided","None","Four-Way Intersection","Smooth Asphalt",0,0,0,0,0,0,0,"2 lanes",2,0,NA,0,NA
5453,7173,"Wilmington","New Hanover","Coastal","Institutional","Urban (>70% Developed)",NA,"Urban","20 - 25  MPH","Double Yellow Line, No Passing Zone","Clear","No",18,"16-19","No",NA,NA,"O: No Injury","Sidewalk / Crosswalk / Driveway Crossing","White","Female",NA,NA,"Missing",NA,"0-5 mph","Unknown Injury","Unknown/Missing",NA,NA,"No","28AUG2007","Tuesday","Non-Roadway",13,"Non-Roadway","August","O: No Injury",49800,"Non-Roadway",2007,"No","Yes","Daylight","Straight - Level","Public Vehicular Area","Dry","Two-Way, Not Divided","None","No Special Feature","Smooth Asphalt",0,0,0,0,0,0,0,"2 lanes",2,0,NA,0,NA