"...1","object_id","city","county","region","development","locality","on_road","rural_urban","speed_limit","traffic_control","weather","workzone","bike_age","bike_age_group","bike_alcohol","bike_alcohol_drugs","bike_direction","bike_injury","bike_position","bike_race","bike_sex","driver_age","driver_age_group","driver_alcohol","driver_alcohol_drugs","driver_est_speed","driver_injury","driver_race","driver_sex","driver_vehicle_type","crash_alcohol","crash_date","crash_day","crash_group","crash_hour","crash_location","crash_month","crash_severity","crash_time","crash_type","crash_year","ambulance_req","hit_run","light_condition","road_character","road_class","road_condition","road_configuration","road_defects","road_feature","road_surface","num_bikes_ai","num_bikes_bi","num_bikes_ci","num_bikes_ki","num_bikes_no","num_bikes_to","num_bikes_ui","num_lanes","num_units","distance_mi_from","frm_road","rte_invd_cd","towrd_road"
5454,7177,"Apex","Wake","Piedmont","Commercial","Urban (>70% Developed)",NA,"Urban",NA,"No Control Present","Clear","No",61,"60-69","No",NA,"Facing Traffic","C: Possible Injury","Sidewalk / Crosswalk / Driveway Crossing","Black","Male",31,"30-39","No",NA,NA,"O: No Injury","White","Male","Pickup","No","30AUG2007","Thursday","Motorist Failed to Yield - Midblock",16,"Non-Intersection","August","C: Possible Injury",60660,"Motorist Drive Out - Commercial Driveway / Alley",2007,"No","No","Daylight","Straight - Level","Local Street","Dry","Two-Way, Not Divided","None","No Special Feature","Gravel",0,0,0,0,0,0,0,"2 lanes",2,0,NA,0,NA
5455,7180,"Raleigh","Wake","Piedmont","Commercial","Urban (>70% Developed)",NA,"Urban","30 - 35  MPH","Stop And Go Signal","Clear","No",35,"30-39","No",NA,"Facing Traffic","C: Possible Injury","Sidewalk / Crosswalk / Driveway Crossing","Black","Male",30,"30-39","No",NA,"0-5 mph","O: No Injury","White","Female","Sport Utility","No","31AUG2007","Friday","Motorist Failed to Yield - Signalized Intersection",17,"Intersection","August","C: Possible Injury",61800,"Motorist Drive Out - Right Turn on Red",2007,"No","No","Daylight","Straight - Hillcrest","Local Street","Dry","Two-Way, Not Divided","None","Four-Way Intersection","Smooth Asphalt",0,0,0,0,0,0,0,"9 or more lanes",2,0,NA,0,NA
5456,7195,"None - Rural Crash","Pasquotank","Coastal","Farms, Woods, Pastures","Rural (<30% Developed)",NA,"Rural","50 - 55  MPH","No Control Present","Clear","No",43,"40-49","No",NA,"With Traffic","C: Possible Injury","Travel Lane","White","Male",17,"0-19","No",NA,"11-15 mph","O: No Injury","White","Female","Sport Utility","No","05SEP2007","Wednesday","Head-On",11,"Non-Intersection","September","C: Possible Injury",41340,"Head-On - Unknown",2007,"Yes","No","Daylight","Straight - Level","State Secondary Route","Dry","Two-Way, Not Divided","None","No Special Feature","Smooth Asphalt",0,0,0,0,0,0,0,"2 lanes",2,0,NA,0,NA
5457,7196,"None - Rural Crash","Surry","Mountains","Residential","Mixed (30% To 70% Developed)",NA,"Rural","40 - 45  MPH","No Control Present","Clear","No",15,"11-15","No",NA,"With Traffic","C: Possible Injury","Travel Lane","White","Male",NA,"70+","No",NA,"41-45 mph","O: No Injury","White","Male","Pickup","No","05SEP2007","Wednesday","Motorist Left Turn / Merge",17,"Intersection","September","C: Possible Injury",62100,"Motorist Left Turn - Opposite Direction",2007,"Yes","No","Daylight","Straight - Level","State Secondary Route","Dry","Two-Way, Not Divided","None","Four-Way Intersection","Coarse Asphalt",0,0,0,0,0,0,0,"2 lanes",2,0,NA,0,NA
5458,7210,"None - Rural Crash","Onslow","Coastal","Residential","Rural (<30% Developed)",NA,"Rural","40 - 45  MPH","Double Yellow Line, No Passing Zone","Clear","No",20,"20-24","No",NA,"With Traffic","K: Killed","Travel Lane","White","Male",19,"0-19","No",NA,"41-45 mph","O: No Injury","White","Male","Passenger Car","No","06SEP2007","Thursday","Motorist Overtaking Bicyclist",6,"Non-Intersection","September","K: Killed",22800,"Motorist Overtaking - Undetected Bicyclist",2007,"No","No","Dark - Roadway Not Lighted","Straight - Level","NC Route","Dry","Two-Way, Not Divided","None","Driveway, Private","Coarse Asphalt",0,0,0,0,0,0,0,"3 lanes",2,0,NA,0,NA
5459,7213,"Conover","Catawba","Piedmont","Commercial","Urban (>70% Developed)",NA,"Urban","40 - 45  MPH","Stop And Go Signal","Clear","No",20,"20-24","No",NA,NA,"C: Possible Injury","Travel Lane","White","Male",32,"30-39","No",NA,"16-20 mph","O: No Injury","White","Female","Passenger Car","No","12DEC2007","Wednesday","Bicyclist Failed to Yield - Signalized Intersection",19,"Intersection","December","C: Possible Injury",71880,"Bicyclist Ride Through - Signalized Intersection",2007,"Yes","No","Dark - Lighted Roadway","Straight - Level","Local Street","Dry","Two-Way, Not Divided","None","Four-Way Intersection","Smooth Asphalt",0,0,0,0,0,0,0,"2 lanes",2,0,NA,0,NA
5460,7216,"Matthews","Mecklenburg","Piedmont","Commercial","Urban (>70% Developed)",NA,"Urban","20 - 25  MPH","Stop Sign","Clear","No",47,"40-49","No",NA,"Facing Traffic","C: Possible Injury",NA,"White","Male",50,"50-59","No",NA,"11-15 mph","O: No Injury","White","Male","Passenger Car","No","07SEP2007","Friday","Motorist Failed to Yield - Sign-Controlled Intersection",10,"Intersection","September","C: Possible Injury",36660,"Motorist Drive Out - Sign-Controlled Intersection",2007,"No","No","Daylight","Straight - Level","Local Street","Dry","Two-Way, Not Divided","None","T-Intersection","Smooth Asphalt",0,0,0,0,0,0,0,"2 lanes",2,0,NA,0,NA
5461,7230,"None - Rural Crash","Wake","Piedmont","Farms, Woods, Pastures","Rural (<30% Developed)",NA,"Rural","50 - 55  MPH","Double Yellow Line, No Passing Zone","Clear","No",41,"40-49","No",NA,"With Traffic","B: Evident Injury",NA,"Black","Male",47,"40-49","No",NA,"51-55 mph","O: No Injury","White","Male","Sport Utility","No","12SEP2007","Wednesday","Motorist Overtaking Bicyclist",7,"Non-Intersection","September","B: Evident Injury",27960,"Motorist Overtaking - Bicyclist Swerved",2007,"Yes","No","Daylight","Straight - Level","State Secondary Route","Dry","Two-Way, Not Divided","None","Related To Intersection","Smooth Asphalt",0,0,0,0,0,0,0,"2 lanes",2,0,NA,0,NA
5462,7233,"Kinston","Lenoir","Coastal","Commercial","Urban (>70% Developed)",NA,"Urban","30 - 35  MPH","No Control Present","Clear","No",30,"30-39","No",NA,"Facing Traffic","C: Possible Injury",NA,"White","Male",48,"40-49","No",NA,"11-15 mph","O: No Injury","White","Female","Passenger Car","No","19DEC2007","Wednesday","Motorist Left Turn / Merge",19,"Intersection","December","C: Possible Injury",70260,"Motorist Left Turn - Same Direction",2007,"Yes","No","Dark - Lighted Roadway","Straight - Level","US Route","Dry","Two-Way, Not Divided","None","T-Intersection","Coarse Asphalt",0,0,0,0,0,0,0,"5 lanes",2,0,NA,0,NA
5463,7238,"None - Rural Crash","Lenoir","Coastal","Commercial","Urban (>70% Developed)",NA,"Rural","40 - 45  MPH","No Control Present","Clear","No",51,"50-59","No",NA,"Facing Traffic","A: Disabling Injury","Bike Lane / Paved Shoulder","Hispanic","Male",36,"30-39","No",NA,"36-40 mph","O: No Injury","White","Female","Passenger Car","No","12SEP2007","Wednesday","Bicyclist Right Turn / Merge",0,"Non-Intersection","September","A: Disabling Injury",300,"Bicyclist Right Turn - Opposite Direction",2007,"Yes","No","Dark - Roadway Not Lighted","Straight - Level","US Route","Dry","Two-Way, Not Divided","None","No Special Feature","Smooth Asphalt",0,0,0,0,0,0,0,"4 lanes",2,0,NA,0,NA
5464,7246,"Greensboro","Guilford","Piedmont","Commercial","Urban (>70% Developed)",NA,"Urban","20 - 25  MPH","Stop And Go Signal","Clear","No",43,"40-49","No",NA,"With Traffic","B: Evident Injury","Travel Lane","Black","Male",41,"40-49","No",NA,"16-20 mph","O: No Injury","White","Female","Passenger Car","No","15SEP2007","Saturday","Bicyclist Left Turn / Merge",15,"Intersection","September","B: Evident Injury",55380,"Bicyclist Left Turn - Opposite Direction",2007,"Yes","No","Daylight","Straight - Level","Local Street","Dry","Two-Way, Not Divided","None","Four-Way Intersection","Smooth Asphalt",0,0,0,0,0,0,0,"2 lanes",2,0,NA,0,NA
5465,7247,"Charlotte","Mecklenburg","Piedmont","Residential","Urban (>70% Developed)",NA,"Urban","30 - 35  MPH","Stop And Go Signal","Clear","No",47,"40-49","No",NA,"With Traffic","C: Possible Injury","Sidewalk / Crosswalk / Driveway Crossing","Black","Male",20,"20-24","No",NA,"11-15 mph","O: No Injury","Black","Female","School Bus","No","31OCT2007","Wednesday","Motorist Left Turn / Merge",14,"Intersection","October","C: Possible Injury",53700,"Motorist Left Turn - Opposite Direction",2007,"Yes","No","Daylight","Straight - Level","Local Street","Dry","Two-Way, Not Divided","None","No Special Feature","Smooth Asphalt",0,0,0,0,0,0,0,"3 lanes",2,0,NA,0,NA
5466,7261,"Asheville","Buncombe","Mountains","Commercial","Urban (>70% Developed)",NA,"Urban","40 - 45  MPH","No Control Present","Clear","No",36,"30-39","No",NA,"With Traffic","B: Evident Injury","Travel Lane","White","Male",41,"40-49","No",NA,"16-20 mph","O: No Injury","White","Female","Sport Utility","No","18SEP2007","Tuesday","Motorist Failed to Yield - Midblock",16,"Non-Intersection","September","B: Evident Injury",59220,"Motorist Drive Out - Commercial Driveway / Alley",2007,"No","No","Daylight","Straight - Grade","US Route","Dry","Two-Way, Not Divided","None","Driveway, Private","Smooth Asphalt",0,0,0,0,0,0,0,"5 lanes",2,0,NA,0,NA
5467,7268,"Greensboro","Guilford","Piedmont","Commercial","Urban (>70% Developed)",NA,"Urban","30 - 35  MPH","Stop And Go Signal","Clear","No",42,"40-49","No",NA,"Facing Traffic","B: Evident Injury","Sidewalk / Crosswalk / Driveway Crossing","White","Male",NA,NA,"Missing",NA,"6-10 mph","Unknown Injury","Unknown/Missing",NA,NA,"No","20SEP2007","Thursday","Bicyclist Failed to Yield - Signalized Intersection",13,"Intersection","September","B: Evident Injury",48600,"Bicyclist Ride Through - Signalized Intersection",2007,"Yes","Yes","Daylight","Straight - Level","Local Street","Dry","Two-Way, Not Divided","None","Four-Way Intersection","Smooth Asphalt",0,0,0,0,0,0,0,"5 lanes",2,0,NA,0,NA
5468,7271,"Laurinburg","Scotland","Coastal","Residential","Urban (>70% Developed)",NA,"Urban","30 - 35  MPH","No Control Present","Clear","No",50,"50-59","Yes",NA,"With Traffic","C: Possible Injury","Travel Lane","Black","Male",35,"30-39","No",NA,"26-30 mph","O: No Injury","Black","Male","Sport Utility","Yes","21SEP2007","Friday","Motorist Overtaking Bicyclist",16,"Non-Intersection","September","C: Possible Injury",60720,"Motorist Overtaking - Bicyclist Swerved",2007,"Yes","No","Daylight","Straight - Level","Local Street","Dry","Two-Way, Not Divided","None","No Special Feature","Smooth Asphalt",0,0,0,0,0,0,0,"2 lanes",2,0,NA,0,NA
5469,7278,"Wilson","Wilson","Coastal","Commercial","Urban (>70% Developed)",NA,"Urban","30 - 35  MPH","No Control Present","Clear","No",12,"11-15","No",NA,"Not Applicable","B: Evident Injury","Driveway / Alley","Black","Male",24,"20-24","No",NA,"36-40 mph","O: No Injury","Black","Female","Passenger Car","No","24SEP2007","Monday","Bicyclist Failed to Yield - Midblock",15,"Non-Intersection","September","B: Evident Injury",54840,"Bicyclist Ride Out - Commercial Driveway / Alley",2007,"Yes","No","Daylight","Straight - Grade","Local Street","Dry","One-Way, Not Divided","None","No Special Feature","Smooth Asphalt",0,0,0,0,0,0,0,"2 lanes",2,0,NA,0,NA
5470,7280,"Raleigh","Wake","Piedmont","Residential","Urban (>70% Developed)",NA,"Urban","30 - 35  MPH","No Control Present","Clear","No",6,"6-10","No",NA,"Not Applicable","C: Possible Injury","Driveway / Alley","Black","Male",53,"50-59","No",NA,"6-10 mph","O: No Injury","Black","Male","Passenger Car","No","25SEP2007","Tuesday","Bicyclist Failed to Yield - Midblock",19,"Non-Intersection","September","C: Possible Injury",69480,"Bicyclist Ride Out - Commercial Driveway / Alley",2007,"No","No","Daylight","Straight - Level","Local Street","Dry",NA,"None","Driveway, Public","Smooth Asphalt",0,0,0,0,0,0,0,"1 lane",2,0,NA,0,NA
5471,7287,"Fayetteville","Cumberland","Coastal","Commercial","Urban (>70% Developed)",NA,"Urban","40 - 45  MPH","No Control Present","Clear","No",53,"50-59","No",NA,"With Traffic","B: Evident Injury","Travel Lane","Black","Male",17,"0-19","No",NA,"41-45 mph","O: No Injury","Black","Male","Passenger Car","No","29SEP2007","Saturday","Bicyclist Left Turn / Merge",1,"Non-Intersection","September","B: Evident Injury",3840,"Bicyclist Left Turn - Same Direction",2007,"Yes","No","Dark - Lighted Roadway","Straight - Level","Local Street","Wet","Two-Way, Divided, Unprotected Median","None","No Special Feature","Coarse Asphalt",0,0,0,0,0,0,0,"6 lanes",2,0,NA,0,NA
5472,7293,"None - Rural Crash","Nash","Coastal","Commercial","Mixed (30% To 70% Developed)",NA,"Rural","50 - 55  MPH","No Control Present","Cloudy","No",36,"30-39","No",NA,"With Traffic","B: Evident Injury","Bike Lane / Paved Shoulder","Black","Male",NA,NA,"Missing",NA,"51-55 mph","Unknown Injury","Unknown/Missing",NA,NA,"No","01OCT2007","Monday","Motorist Overtaking Bicyclist",21,"Non-Intersection","October","B: Evident Injury",77400,"Motorist Overtaking - Other / Unknown",2007,"Yes","Yes","Dark - Roadway Not Lighted","Curve - Level","US Route","Dry","Two-Way, Divided, Unprotected Median","None","No Special Feature","Coarse Asphalt",0,0,0,0,0,0,0,"4 lanes",2,0,NA,0,NA
5473,7301,"Winston-Salem","Forsyth","Piedmont","Industrial","Urban (>70% Developed)",NA,"Urban","30 - 35  MPH","Stop And Go Signal","Clear","No",14,"11-15","No",NA,"Not Applicable","B: Evident Injury",NA,"Black","Male",36,"30-39","No",NA,"0-5 mph","O: No Injury","Black","Male","Pickup","No","03OCT2007","Wednesday","Bicyclist Failed to Yield - Signalized Intersection",17,"Intersection-Related","October","B: Evident Injury",63300,"Bicyclist Ride Out - Signalized  Intersection",2007,"Yes","No","Daylight","Straight - Level","Local Street","Dry","Two-Way, Not Divided","None","T-Intersection","Smooth Asphalt",0,0,0,0,0,0,0,"3 lanes",2,0,NA,0,NA
5474,7303,"None - Rural Crash","New Hanover","Coastal","Residential","Urban (>70% Developed)",NA,"Rural","20 - 25  MPH","No Control Present","Cloudy","No",16,"16-19","No",NA,"Facing Traffic","C: Possible Injury","Travel Lane","Black","Male",61,"60-69","No",NA,"11-15 mph","O: No Injury","Black","Male","Passenger Car","No","05OCT2007","Friday","Bicyclist Right Turn / Merge",16,"Intersection-Related","October","C: Possible Injury",59760,"Bicyclist Right Turn - Opposite Direction",2007,"No","No","Daylight","Straight - Level","Local Street","Dry","Two-Way, Not Divided","None","No Special Feature","Smooth Asphalt",0,0,0,0,0,0,0,"2 lanes",2,0,NA,0,NA
5475,7305,"Charlotte","Mecklenburg","Piedmont","Residential","Urban (>70% Developed)",NA,"Urban","40 - 45  MPH","No Control Present","Clear","No",44,"40-49","No",NA,"With Traffic","A: Disabling Injury","Travel Lane","Black","Male",NA,NA,"Missing",NA,"11-15 mph","Unknown Injury","Unknown/Missing",NA,"Passenger Car","No","12SEP2007","Wednesday","Motorist Left Turn / Merge",6,"Intersection","September","A: Disabling Injury",23160,"Motorist Left Turn - Opposite Direction",2007,"Yes","Yes","Dark - Lighted Roadway","Straight - Grade","Local Street","Dry","Two-Way, Divided, Positive Median Barrier","None","Bridge","Coarse Asphalt",0,0,0,0,0,0,0,"4 lanes",2,0,NA,0,NA
5476,7309,"None - Rural Crash","Robeson","Coastal","Farms, Woods, Pastures","Rural (<30% Developed)",NA,"Rural","50 - 55  MPH","Double Yellow Line, No Passing Zone","Clear","No",38,"30-39","No",NA,"Not Applicable","C: Possible Injury","Driveway / Alley","White","Male",30,"30-39","No",NA,"16-20 mph","O: No Injury","White","Female","Sport Utility","No","08OCT2007","Monday","Bicyclist Failed to Yield - Midblock",21,"Non-Intersection","October","C: Possible Injury",75600,"Bicyclist Ride Out - Residential Driveway",2007,"No","No","Dark - Roadway Not Lighted","Straight - Level","NC Route","Dry","Two-Way, Not Divided","None","Driveway, Private","Smooth Asphalt",0,0,0,0,0,0,0,"2 lanes",2,0,NA,0,NA
5477,7313,"Raleigh","Wake","Piedmont","Commercial","Urban (>70% Developed)",NA,"Urban","20 - 25  MPH","Stop And Go Signal","Clear","No",30,"30-39","No",NA,"Facing Traffic","C: Possible Injury","Sidewalk / Crosswalk / Driveway Crossing","Black","Male",27,"25-29","No",NA,"0-5 mph","O: No Injury","White","Male","Passenger Car","No","10OCT2007","Wednesday","Bicyclist Failed to Yield - Signalized Intersection",12,"Intersection","October","C: Possible Injury",45540,"Bicyclist Ride Through - Signalized Intersection",2007,"Yes","No","Daylight","Straight - Level","Local Street","Dry","Two-Way, Not Divided","None","Four-Way Intersection","Smooth Asphalt",0,0,0,0,0,0,0,"3 lanes",2,0,NA,0,NA
5478,7314,"Raleigh","Wake","Piedmont","Commercial","Urban (>70% Developed)",NA,"Urban","30 - 35  MPH","Stop Sign","Clear","No",19,"16-19","No",NA,"Facing Traffic","C: Possible Injury","Travel Lane","White","Female",NA,NA,"Missing",NA,"26-30 mph","Unknown Injury","Unknown/Missing",NA,NA,"No","10OCT2007","Wednesday","Motorist Left Turn / Merge",15,"Intersection","October","C: Possible Injury",56820,"Motorist Left Turn - Same Direction",2007,"Yes","Yes","Daylight","Straight - Level","Local Street","Dry","Two-Way, Not Divided","None","No Special Feature","Smooth Asphalt",0,0,0,0,0,0,0,"2 lanes",2,0,NA,0,NA
5479,7327,"Winston-Salem","Forsyth","Piedmont","Commercial","Urban (>70% Developed)",NA,"Urban","30 - 35  MPH","No Control Present","Clear","No",38,"30-39","No",NA,"With Traffic","B: Evident Injury","Travel Lane","White","Male",59,"50-59","No",NA,"0-5 mph","O: No Injury","White","Female","Sport Utility","No","15OCT2007","Monday","Motorist Left Turn / Merge",16,"Non-Intersection","October","B: Evident Injury",60840,"Motorist Left Turn - Opposite Direction",2007,"Yes","No","Daylight","Curve - Level","Local Street","Dry","Two-Way, Not Divided","None","No Special Feature","Smooth Asphalt",0,0,0,0,0,0,0,"2 lanes",2,0,NA,0,NA
5480,7334,"Dudley","Wayne","Coastal","Commercial","Mixed (30% To 70% Developed)",NA,"Rural","40 - 45  MPH","Double Yellow Line, No Passing Zone","Cloudy","No",19,"16-19","No",NA,"Not Applicable","B: Evident Injury","Non-Roadway","White","Male",54,"50-59","No",NA,"41-45 mph","O: No Injury","White","Female","Passenger Car","No","19OCT2007","Friday","Bicyclist Failed to Yield - Midblock",13,"Non-Intersection","October","B: Evident Injury",49980,"Bicyclist Ride Out - Commercial Driveway / Alley",2007,"No","No","Daylight","Straight - Level","US Route","Dry","Two-Way, Not Divided","None","No Special Feature","Smooth Asphalt",0,0,0,0,0,0,0,"2 lanes",2,0,NA,0,NA
5481,7335,"Greensboro","Guilford","Piedmont","Residential","Urban (>70% Developed)",NA,"Urban","30 - 35  MPH","No Control Present","Clear","No",16,"16-19","No",NA,"Not Applicable","B: Evident Injury",NA,"Black","Male",31,"30-39","No",NA,NA,"O: No Injury","Black","Female","Passenger Car","No","19OCT2007","Friday","Bicyclist Failed to Yield - Midblock",19,"Non-Intersection","October","B: Evident Injury",68880,"Bicyclist Ride Out - Midblock - Unknown",2007,"Yes","No","Other","Straight - Level","Local Street","Dry","Two-Way, Divided, Unprotected Median","None","No Special Feature","Smooth Asphalt",0,0,0,0,0,0,0,"2 lanes",2,0,NA,0,NA
5482,7337,"None - Rural Crash","Pitt","Coastal","Farms, Woods, Pastures","Rural (<30% Developed)",NA,"Rural","50 - 55  MPH","Double Yellow Line, No Passing Zone","Clear","No",37,"30-39","No",NA,"With Traffic","A: Disabling Injury","Travel Lane","Other","Female",NA,"70+","No",NA,"46-50 mph","O: No Injury","White","Female","Passenger Car","No","19OCT2007","Friday","Motorist Overtaking Bicyclist",18,"Non-Intersection","October","A: Disabling Injury",66120,"Motorist Overtaking - Undetected Bicyclist",2007,"Yes","No","Daylight","Straight - Level","State Secondary Route","Dry","Two-Way, Not Divided","None","Bridge","Grooved Concrete",0,0,0,0,0,0,0,"2 lanes",2,0,NA,0,NA
5483,7340,"Durham","Durham","Piedmont","Commercial","Mixed (30% To 70% Developed)",NA,"Urban","30 - 35  MPH","Stop And Go Signal","Clear","No",20,"20-24","No",NA,"Facing Traffic","C: Possible Injury","Sidewalk / Crosswalk / Driveway Crossing","Black","Male",22,"20-24","No",NA,"0-5 mph","O: No Injury","White","Male","Passenger Car","No","30OCT2007","Tuesday","Motorist Failed to Yield - Signalized Intersection",14,"Intersection","October","C: Possible Injury",50820,"Motorist Drive Out - Right Turn on Red",2007,"Yes","No","Daylight","Straight - Level","Local Street","Dry","One-Way, Not Divided","None","No Special Feature","Coarse Asphalt",0,0,0,0,0,0,0,"3 lanes",2,0,NA,0,NA
5484,7341,"None - Rural Crash","Rutherford","Mountains","Residential","Mixed (30% To 70% Developed)",NA,"Rural","30 - 35  MPH","Double Yellow Line, No Passing Zone","Cloudy","No",12,"11-15","No",NA,"Facing Traffic","C: Possible Injury",NA,"White","Male",19,"0-19","No",NA,"26-30 mph","O: No Injury","White","Female","Passenger Car","No","22OCT2007","Monday","Bicyclist Right Turn / Merge",14,"Non-Intersection","October","C: Possible Injury",52200,"Bicyclist Right Turn - Opposite Direction",2007,"Yes","No","Dark - Roadway Not Lighted","Straight - Level","State Secondary Route","Wet","Two-Way, Not Divided","None","No Special Feature","Smooth Asphalt",0,0,0,0,0,0,0,"2 lanes",2,0,NA,0,NA
5485,7344,"Havelock","Craven","Coastal","Commercial","Urban (>70% Developed)",NA,"Urban",NA,"No Control Present","Clear","No",49,"40-49","No",NA,"Facing Traffic","B: Evident Injury","Travel Lane","Hispanic","Male",19,"0-19","No",NA,"0-5 mph","O: No Injury","White","Female","Sport Utility","No","23OCT2007","Tuesday","Motorist Failed to Yield - Midblock",13,"Non-Intersection","October","B: Evident Injury",48600,"Motorist Drive Out - Commercial Driveway / Alley",2007,"No","No","Daylight","Straight - Level","Public Vehicular Area","Dry","Two-Way, Divided, Unprotected Median","None","T-Intersection","Smooth Asphalt",0,0,0,0,0,0,0,"5 lanes",2,0,NA,0,NA
5486,7352,"None - Rural Crash","Wilson","Coastal","Farms, Woods, Pastures","Rural (<30% Developed)",NA,"Rural","50 - 55  MPH","No Control Present","Clear","No",18,"16-19","No",NA,"Facing Traffic","A: Disabling Injury","Travel Lane","White","Male",29,"25-29","No",NA,"41-45 mph","O: No Injury","White","Female","Passenger Car","No","19OCT2007","Friday","Head-On",20,"Non-Intersection","October","A: Disabling Injury",72180,"Head-On - Bicyclist",2007,"Yes","Yes","Dark - Roadway Not Lighted","Straight - Level","US Route","Dry","Two-Way, Divided, Unprotected Median","None","No Special Feature","Smooth Asphalt",0,0,0,0,0,0,0,"4 lanes",2,0,NA,0,NA
5487,7355,"Burlington","Alamance","Piedmont","Commercial","Urban (>70% Developed)",NA,"Urban","40 - 45  MPH","No Control Present","Clear","No",12,"11-15","No",NA,"Not Applicable","B: Evident Injury",NA,"Black","Male",17,"0-19","No",NA,"6-10 mph","O: No Injury","Black","Male","Passenger Car","No","29OCT2007","Monday","Bicyclist Failed to Yield - Midblock",15,"Non-Intersection","October","B: Evident Injury",54240,"Bicyclist Ride Out - Midblock - Unknown",2007,"No","No","Daylight","Straight - Level","US Route","Dry","Two-Way, Not Divided","None","No Special Feature","Smooth Asphalt",0,0,0,0,0,0,0,"5 lanes",2,0,NA,0,NA
5488,7362,"Wilmington","New Hanover","Coastal","Residential","Urban (>70% Developed)",NA,"Urban","30 - 35  MPH","Stop Sign","Clear","No",21,"20-24","No",NA,"Facing Traffic","B: Evident Injury","Sidewalk / Crosswalk / Driveway Crossing","White","Male",23,"20-24","No",NA,"11-15 mph","O: No Injury","Black","Female","Passenger Car","No","30OCT2007","Tuesday","Motorist Failed to Yield - Sign-Controlled Intersection",10,"Intersection","October","B: Evident Injury",39540,"Motorist Drive Out - Sign-Controlled Intersection",2007,"Yes","No","Daylight","Straight - Level","Local Street","Dry","Two-Way, Not Divided","None","Four-Way Intersection","Smooth Asphalt",0,0,0,0,0,0,0,"2 lanes",2,0,NA,0,NA
5489,7363,"Huntersville","Mecklenburg","Piedmont","Commercial","Mixed (30% To 70% Developed)",NA,"Urban","30 - 35  MPH","No Control Present","Clear","No",60,"60-69","No",NA,"With Traffic","B: Evident Injury","Travel Lane","White","Male",24,"20-24","No",NA,NA,"O: No Injury","White","Female","Passenger Car","No","31OCT2007","Wednesday","Bicyclist Overtaking Motorist",10,"Non-Intersection","October","B: Evident Injury",36300,"Bicyclist Overtaking - Other / Unknown",2007,"Yes","No","Daylight","Straight - Level","Local Street","Dry","Two-Way, Not Divided","None","No Special Feature","Smooth Asphalt",0,0,0,0,0,0,0,"2 lanes",2,0,NA,0,NA
5490,7364,"None - Rural Crash","Bertie","Coastal","Residential","Mixed (30% To 70% Developed)",NA,"Rural","40 - 45  MPH","Double Yellow Line, No Passing Zone","Clear","No",37,"30-39","Yes",NA,"With Traffic","B: Evident Injury","Travel Lane","Black","Male",53,"50-59","No",NA,">100 mph","O: No Injury","White","Female","Van","Yes","01NOV2007","Thursday","Bicyclist Left Turn / Merge",14,"Non-Intersection","November","B: Evident Injury",53640,"Bicyclist Left Turn - Same Direction",2007,"Yes","No","Daylight","Straight - Level","US Route","Dry","Two-Way, Not Divided","None","No Special Feature","Coarse Asphalt",0,0,0,0,0,0,0,"2 lanes",2,0,NA,0,NA
5491,7378,"None - Rural Crash","Onslow","Coastal","Residential","Urban (>70% Developed)",NA,"Rural","40 - 45  MPH","No Control Present","Clear","No",17,"16-19","No",NA,"With Traffic","B: Evident Injury","Travel Lane","White","Male",21,"20-24","No",NA,"41-45 mph","O: No Injury","Black","Male","Passenger Car","No","08NOV2007","Thursday","Motorist Overtaking Bicyclist",16,"Non-Intersection","November","B: Evident Injury",60600,"Motorist Overtaking - Misjudged Space",2007,"Yes","No","Daylight","Straight - Level","State Secondary Route","Dry","Two-Way, Not Divided","None","No Special Feature","Smooth Asphalt",0,0,0,0,0,0,0,"2 lanes",2,0,NA,0,NA
5492,7380,"Garner","Wake","Piedmont","Commercial","Urban (>70% Developed)",NA,"Urban",NA,"Stop Sign","Clear","No",39,"30-39","Yes",NA,"With Traffic","C: Possible Injury","Travel Lane","White","Male",48,"40-49","No",NA,"21-25 mph","O: No Injury","White","Male","Passenger Car","Yes","08NOV2007","Thursday","Motorist Failed to Yield - Midblock",16,"Non-Intersection","November","C: Possible Injury",59040,"Motorist Drive Out - Commercial Driveway / Alley",2007,"Yes","No","Daylight","Straight - Grade","Local Street","Dry","Two-Way, Not Divided","None","T-Intersection","Coarse Asphalt",0,0,0,0,0,0,0,"2 lanes",2,0,NA,0,NA
5493,7385,"None - Rural Crash","Carteret","Coastal","Residential","Mixed (30% To 70% Developed)",NA,"Rural","50 - 55  MPH","No Control Present","Clear","No",NA,NA,"Missing",NA,"With Traffic","Unknown Injury","Other","Unknown/Missing",NA,18,"0-19","No",NA,"51-55 mph","O: No Injury","White","Female","Passenger Car","No","10NOV2007","Saturday","Bicyclist Left Turn / Merge",21,"Non-Intersection","November","O: No Injury",78960,"Bicyclist Left Turn - Same Direction",2007,"No","No","Dark - Roadway Not Lighted","Straight - Level","State Secondary Route","Dry","Two-Way, Not Divided","None","No Special Feature","Smooth Asphalt",0,0,0,0,0,0,0,"2 lanes",2,0,NA,0,NA
5494,7386,"None - Rural Crash","New Hanover","Coastal","Residential","Mixed (30% To 70% Developed)",NA,"Rural","40 - 45  MPH","Double Yellow Line, No Passing Zone","Clear","No",22,"20-24","No",NA,"With Traffic","B: Evident Injury","Travel Lane","White","Male",NA,NA,"Missing",NA,"41-45 mph","Unknown Injury","Unknown/Missing",NA,NA,"No","10NOV2007","Saturday","Motorist Overtaking Bicyclist",21,"Non-Intersection","November","B: Evident Injury",78000,"Motorist Overtaking - Misjudged Space",2007,"Yes","Yes","Dark - Roadway Not Lighted","Straight - Level","State Secondary Route","Dry","Two-Way, Not Divided","None","No Special Feature","Smooth Asphalt",0,0,0,0,0,0,0,"2 lanes",2,0,NA,0,NA