"...1","object_id","city","county","region","development","locality","on_road","rural_urban","speed_limit","traffic_control","weather","workzone","bike_age","bike_age_group","bike_alcohol","bike_alcohol_drugs","bike_direction","bike_injury","bike_position","bike_race","bike_sex","driver_age","driver_age_group","driver_alcohol","driver_alcohol_drugs","driver_est_speed","driver_injury","driver_race","driver_sex","driver_vehicle_type","crash_alcohol","crash_date","crash_day","crash_group","crash_hour","crash_location","crash_month","crash_severity","crash_time","crash_type","crash_year","ambulance_req","hit_run","light_condition","road_character","road_class","road_condition","road_configuration","road_defects","road_feature","road_surface","num_bikes_ai","num_bikes_bi","num_bikes_ci","num_bikes_ki","num_bikes_no","num_bikes_to","num_bikes_ui","num_lanes","num_units","distance_mi_from","frm_road","rte_invd_cd","towrd_road"
5495,7395,"Asheville","Buncombe","Mountains","Commercial","Urban (>70% Developed)",NA,"Urban","30 - 35  MPH","Stop And Go Signal","Clear","No",46,"40-49","No",NA,"With Traffic","B: Evident Injury","Travel Lane","White","Male",NA,"70+","No",NA,"16-20 mph","O: No Injury","Black","Male","Sport Utility","No","18NOV2007","Sunday","Motorist Left Turn / Merge",6,"Intersection","November","B: Evident Injury",22380,"Motorist Left Turn - Opposite Direction",2007,"Yes","No","Dark - Lighted Roadway","Straight - Level","Local Street","Dry","Two-Way, Not Divided","None","On or Off Ramp","Smooth Asphalt",0,0,0,0,0,0,0,"3 lanes",2,0,NA,0,NA
5496,7397,"None - Rural Crash","Iredell","Piedmont","Commercial","Mixed (30% To 70% Developed)",NA,"Rural","50 - 55  MPH","Double Yellow Line, No Passing Zone","Clear","No",48,"40-49","No",NA,"With Traffic","C: Possible Injury","Travel Lane","White","Male",33,"30-39","No",NA,"41-45 mph","O: No Injury","White","Male","Pickup","No","19NOV2007","Monday","Motorist Overtaking Bicyclist",8,"Non-Intersection","November","C: Possible Injury",30600,"Motorist Overtaking - Misjudged Space",2007,"Yes","No","Daylight","Straight - Level","NC Route","Dry","Two-Way, Not Divided","None","No Special Feature","Smooth Asphalt",0,0,0,0,0,0,0,"2 lanes",2,0,NA,0,NA
5497,7398,"Troy","Montgomery","Piedmont","Commercial","Urban (>70% Developed)",NA,"Rural","30 - 35  MPH","Stop Sign","Clear","No",23,"20-24","No",NA,"With Traffic","C: Possible Injury","Sidewalk / Crosswalk / Driveway Crossing","Black","Female",43,"40-49","Yes",NA,"0-5 mph","O: No Injury","Black","Female","Van","Yes","19NOV2007","Monday","Motorist Failed to Yield - Sign-Controlled Intersection",18,"Intersection","November","C: Possible Injury",64800,"Motorist Drive Out - Sign-Controlled Intersection",2007,"No","No","Daylight","Straight - Level","Local Street","Dry","Two-Way, Not Divided","None","No Special Feature","Smooth Asphalt",0,0,0,0,0,0,0,"2 lanes",2,0,NA,0,NA
5498,7400,"Apex","Wake","Piedmont","Commercial","Urban (>70% Developed)",NA,"Urban","40 - 45  MPH","Stop And Go Signal","Clear","No",17,"16-19","No",NA,"With Traffic","B: Evident Injury","Travel Lane","White","Male",28,"25-29","No",NA,"26-30 mph","O: No Injury","White","Female","Sport Utility","No","20NOV2007","Tuesday","Bicyclist Left Turn / Merge",18,"Intersection","November","B: Evident Injury",66060,"Bicyclist Left Turn - Opposite Direction",2007,"Yes","No","Dark - Lighted Roadway","Straight - Grade","Local Street","Dry","Two-Way, Not Divided","None","Four-Way Intersection","Smooth Asphalt",0,0,0,0,0,0,0,"6 lanes",2,0,NA,0,NA
5499,7402,"Erwin","Harnett","Coastal","Commercial","Urban (>70% Developed)",NA,"Rural","50 - 55  MPH","No Control Present","Clear","No",15,"11-15","No",NA,"With Traffic","Unknown Injury","Travel Lane","Unknown/Missing","Male",NA,NA,"Missing",NA,"51-55 mph","Unknown Injury","Unknown/Missing",NA,NA,"No","22NOV2007","Thursday","Motorist Overtaking Bicyclist",1,"Non-Intersection","November","Unknown Injury",3660,"Motorist Overtaking - Undetected Bicyclist",2007,"No","Yes","Dark - Roadway Not Lighted","Straight - Level","Local Street","Dry","Two-Way, Divided, Unprotected Median","None","No Special Feature","Smooth Asphalt",0,0,0,0,0,0,0,"4 lanes",2,0,NA,0,NA
5500,7405,"Manteo","Dare","Coastal","Residential","Urban (>70% Developed)",NA,"Rural","20 - 25  MPH","Stop And Go Signal","Clear","No",52,"50-59","No",NA,"Facing Traffic","Unknown Injury","Sidewalk / Crosswalk / Driveway Crossing","Unknown/Missing",NA,40,"40-49","No",NA,"0-5 mph","Unknown Injury","Unknown/Missing","Male","Passenger Car","No","20NOV2007","Tuesday","Motorist Failed to Yield - Signalized Intersection",12,"Intersection","November","Unknown Injury",45000,"Motorist Drive Out - Right Turn on Red",2007,"No","No","Daylight","Straight - Level","Local Street","Dry","Two-Way, Divided, Unprotected Median","None","T-Intersection","Smooth Asphalt",0,0,0,0,0,0,0,"3 lanes",2,0,NA,0,NA
5501,5807,"Charlotte","Mecklenburg","Piedmont","Commercial","Urban (>70% Developed)",NA,"Urban","30 - 35  MPH","No Control Present","Clear","No",54,"50-59","No",NA,"With Traffic","B: Evident Injury","Travel Lane","White","Male",30,"30-39","No",NA,"21-25 mph","O: No Injury","Other","Male","Passenger Car","No","24JUN2008","Tuesday","Motorist Right Turn / Merge",16,"Non-Intersection","June","B: Evident Injury",60120,"Motorist Right Turn - Same Direction",2008,"No","No","Daylight","Straight - Level","Local Street","Dry","Two-Way, Divided, Unprotected Median","None","Related To Intersection","Smooth Asphalt",0,0,0,0,0,0,0,"4 lanes",2,0,NA,0,NA
5502,5824,"Kinston","Lenoir","Coastal","Commercial","Urban (>70% Developed)",NA,"Urban","30 - 35  MPH","Stop And Go Signal","Clear","No",29,"25-29","No",NA,"Facing Traffic","C: Possible Injury",NA,"Black","Female",22,"20-24","No",NA,"0-5 mph","O: No Injury","White","Female","Sport Utility","No","27JUN2008","Friday","Crossing Paths - Other Circumstances",14,"Intersection","June","C: Possible Injury",51660,"Signalized Intersection - Other / Unknown",2008,"Yes","No","Daylight","Straight - Level","Local Street","Dry","Two-Way, Not Divided","None","Four-Way Intersection","Smooth Asphalt",0,0,0,0,0,0,0,"2 lanes",2,0,NA,0,NA
5503,5829,"Lewisville","Forsyth","Piedmont","Residential","Mixed (30% To 70% Developed)",NA,"Urban","30 - 35  MPH","Double Yellow Line, No Passing Zone","Clear","No",50,"50-59","No",NA,"With Traffic","B: Evident Injury","Travel Lane","White","Male",NA,"70+","No",NA,"0-5 mph","O: No Injury","White","Female","Passenger Car","No","31MAY2008","Saturday","Motorist Failed to Yield - Midblock",9,"Non-Intersection","May","B: Evident Injury",35820,"Motorist Drive Out - Residential Driveway",2008,"No","Yes","Daylight","Curve - Level","State Secondary Route","Dry","Two-Way, Not Divided","None","No Special Feature","Smooth Asphalt",0,0,0,0,0,0,0,"2 lanes",3,0,NA,0,NA
5504,5835,"Boone","Watauga","Mountains","Commercial","Urban (>70% Developed)",NA,"Urban",NA,"Missing","Clear","No",57,"50-59","Yes",NA,"Not Applicable","Unknown Injury","Non-Roadway","White","Male",NA,"70+","No",NA,"16-20 mph","O: No Injury","White","Female","Passenger Car","Yes","03JUN2008","Tuesday","Non-Roadway",10,"Non-Roadway","June","O: No Injury",38580,"Non-Roadway",2008,"No","No","Daylight","Straight - Level","Public Vehicular Area","Dry","Two-Way, Not Divided","None","No Special Feature","Smooth Asphalt",0,0,0,0,0,0,0,NA,2,0,NA,0,NA
5505,5838,"Greensboro","Guilford","Piedmont","Commercial","Urban (>70% Developed)",NA,"Urban","30 - 35  MPH","Stop And Go Signal","Clear","No",20,"20-24","No",NA,"With Traffic","B: Evident Injury","Travel Lane","White","Male",NA,NA,"Missing",NA,NA,"Unknown Injury","Unknown/Missing",NA,NA,"No","12JUN2008","Thursday","Motorist Overtaking Bicyclist",23,"Intersection","June","B: Evident Injury",83460,"Motorist Overtaking - Other / Unknown",2008,"Yes","Yes","Dark - Lighted Roadway","Straight - Level","Local Street","Dry","Two-Way, Divided, Unprotected Median",NA,"Four-Way Intersection","Smooth Asphalt",0,0,0,0,0,0,0,"4 lanes",2,0,NA,0,NA
5506,5844,"None - Rural Crash","Johnston","Coastal","Residential","Mixed (30% To 70% Developed)",NA,"Rural","20 - 25  MPH","Stop Sign","Cloudy","No",12,"11-15","No",NA,"With Traffic","B: Evident Injury","Travel Lane","White","Female",44,"40-49","No",NA,"16-20 mph","O: No Injury","White","Female","Passenger Car","No","12MAY2008","Monday","Bicyclist Failed to Yield - Sign-Controlled Intersection",17,"Intersection","May","B: Evident Injury",63420,"Bicyclist Ride Through - Sign-Controlled Intersection",2008,"Yes","No","Daylight","Straight - Grade","Local Street","Dry","Two-Way, Not Divided","None","T-Intersection","Smooth Asphalt",0,0,0,0,0,0,0,"2 lanes",2,0,NA,0,NA
5507,5845,"Cary","Wake","Piedmont","Commercial","Urban (>70% Developed)",NA,"Urban","30 - 35  MPH","No Control Present","Clear","No",42,"40-49","No",NA,"With Traffic","B: Evident Injury","Travel Lane","White","Male",54,"50-59","No",NA,"0-5 mph","O: No Injury","Black","Male","Passenger Car","No","02JUL2008","Wednesday","Motorist Left Turn / Merge",6,"Non-Intersection","July","B: Evident Injury",24480,"Motorist Left Turn - Opposite Direction",2008,"Yes","No","Daylight","Straight - Grade","Local Street","Dry","Two-Way, Not Divided","None","No Special Feature","Smooth Asphalt",0,0,0,0,0,0,0,"2 lanes",2,0,NA,0,NA
5508,5850,"Kannapolis","Cabarrus","Piedmont","Commercial","Urban (>70% Developed)",NA,"Urban","30 - 35  MPH","Stop Sign","Clear","No",59,"50-59","No",NA,"With Traffic","B: Evident Injury","Travel Lane","White","Male",58,"50-59","No",NA,"11-15 mph","O: No Injury","White","Female","Sport Utility","No","15MAY2008","Thursday","Motorist Failed to Yield - Sign-Controlled Intersection",16,"Intersection","May","B: Evident Injury",58140,"Motorist Drive Out - Sign-Controlled Intersection",2008,"No","No","Daylight","Straight - Level","Local Street","Dry","Two-Way, Not Divided","None","Four-Way Intersection","Smooth Asphalt",0,0,0,0,0,0,0,"2 lanes",2,0,NA,0,NA
5509,5854,"Matthews","Mecklenburg","Piedmont","Commercial","Rural (<30% Developed)",NA,"Urban","30 - 35  MPH","Stop And Go Signal","Clear","No",36,"30-39","No",NA,"With Traffic","C: Possible Injury","Travel Lane","White","Male",46,"40-49","No",NA,"6-10 mph","O: No Injury","White","Female","Sport Utility","No","10JUN2008","Tuesday","Motorist Left Turn / Merge",20,"Intersection","June","C: Possible Injury",72360,"Motorist Left Turn - Opposite Direction",2008,"No","No","Daylight","Straight - Level","Local Street","Dry","Two-Way, Not Divided","None","No Special Feature","Smooth Asphalt",0,0,0,0,0,0,0,"2 lanes",2,0,NA,0,NA
5510,5861,"Black Mountain","Buncombe","Mountains","Commercial","Mixed (30% To 70% Developed)",NA,"Urban","20 - 25  MPH","Missing","Clear","No",13,"11-15","No",NA,NA,"C: Possible Injury",NA,"White","Female",35,"30-39","No",NA,"6-10 mph","O: No Injury","White","Male","Sport Utility","No","11JUN2008","Wednesday","Bicyclist Failed to Yield - Midblock",16,"Non-Intersection","June","C: Possible Injury",60480,"Multiple Threat - Midblock",2008,"Yes","No","Daylight","Straight - Level","Local Street","Dry","Two-Way, Not Divided","None","No Special Feature","Other",0,0,0,0,0,0,0,"2 lanes",2,0,NA,0,NA
5511,5865,"Salisbury","Rowan","Piedmont","Residential","Urban (>70% Developed)",NA,"Urban","20 - 25  MPH","No Control Present","Clear","No",62,"60-69","No",NA,"Facing Traffic","B: Evident Injury","Travel Lane","Black","Male",38,"30-39","No",NA,"21-25 mph","O: No Injury","Black","Female","Passenger Car","No","12JUL2008","Saturday","Head-On",13,"Non-Intersection","July","B: Evident Injury",49920,"Head-On - Bicyclist",2008,"Yes","No","Daylight","Straight - Level","Local Street","Dry","Two-Way, Not Divided","None","No Special Feature","Smooth Asphalt",0,0,0,0,0,0,0,"2 lanes",2,0,NA,0,NA
5512,5870,"Charlotte","Mecklenburg","Piedmont","Commercial","Urban (>70% Developed)",NA,"Urban","30 - 35  MPH","No Control Present","Clear","No",24,"20-24","No",NA,NA,"B: Evident Injury",NA,"Black","Male",25,"25-29","No",NA,"31-35 mph","O: No Injury","White","Male","Passenger Car","No","15JUL2008","Tuesday","Bicyclist Failed to Yield - Midblock",15,"Non-Intersection","July","B: Evident Injury",54600,"Bicyclist Ride Out - Midblock - Unknown",2008,"Yes","No","Daylight","Straight - Hillcrest","Local Street","Dry","Two-Way, Not Divided","None","No Special Feature","Smooth Asphalt",0,0,0,0,0,0,0,"4 lanes",2,0,NA,0,NA
5513,5871,"Charlotte","Mecklenburg","Piedmont","Residential","Urban (>70% Developed)",NA,"Urban","5 - 15 MPH","No Control Present","Clear","No",22,"20-24","No",NA,"Not Applicable","C: Possible Injury","Non-Roadway","Hispanic","Male",47,"40-49","No",NA,"0-5 mph","O: No Injury","Black","Male","Passenger Car","No","15JUL2008","Tuesday","Non-Roadway",21,"Non-Roadway","July","C: Possible Injury",78240,"Non-Roadway",2008,"No","No","Dark - Lighted Roadway","Straight - Level","Public Vehicular Area","Dry","Two-Way, Not Divided","None","Driveway, Public","Coarse Asphalt",0,0,0,0,0,0,0,NA,2,0,NA,0,NA
5514,5872,"Kitty Hawk","Dare","Coastal","Commercial","Mixed (30% To 70% Developed)",NA,"Rural","20 - 25  MPH","Stop Sign","Fog, Smog, Smoke","No",21,"20-24","No",NA,"Facing Traffic","B: Evident Injury","Bike Lane / Paved Shoulder","White","Male",21,"20-24","No",NA,"0-5 mph","O: No Injury","White","Male","Sport Utility","No","14JUN2008","Saturday","Motorist Failed to Yield - Sign-Controlled Intersection",8,"Intersection","June","B: Evident Injury",30120,"Motorist Drive Out - Sign-Controlled Intersection",2008,"No","No","Daylight","Straight - Level","Local Street","Dry","Two-Way, Not Divided","None","T-Intersection","Coarse Asphalt",0,0,0,0,0,0,0,"5 lanes",2,0,NA,0,NA
5515,5876,"Durham","Durham","Piedmont","Commercial","Urban (>70% Developed)",NA,"Urban","30 - 35  MPH","No Control Present","Clear","No",33,"30-39","No",NA,"With Traffic","B: Evident Injury","Travel Lane","Hispanic","Male",58,"50-59","No",NA,"31-35 mph","O: No Injury","White","Male","Pickup","No","15JUL2008","Tuesday","Bicyclist Left Turn / Merge",15,"Non-Intersection","July","B: Evident Injury",55080,"Bicyclist Left Turn - Same Direction",2008,"Yes","No","Daylight","Straight - Level","Local Street","Dry","Two-Way, Not Divided","None","No Special Feature","Coarse Asphalt",0,0,0,0,0,0,0,"2 lanes",2,0,NA,0,NA
5516,5883,"Wilmington","New Hanover","Coastal","Commercial","Urban (>70% Developed)",NA,"Urban","40 - 45  MPH","No Control Present","Clear","No",19,"16-19","No",NA,"With Traffic","C: Possible Injury","Sidewalk / Crosswalk / Driveway Crossing","Black","Male",NA,NA,"Missing",NA,"6-10 mph","Unknown Injury","Unknown/Missing",NA,"Passenger Car","No","16JUN2008","Monday","Motorist Failed to Yield - Midblock",21,"Non-Intersection","June","C: Possible Injury",76860,"Motorist Drive Out - Commercial Driveway / Alley",2008,"Yes","Yes","Dark - Lighted Roadway","Straight - Level","Local Street","Dry","Two-Way, Divided, Unprotected Median","None","No Special Feature","Smooth Asphalt",0,0,0,0,0,0,0,"4 lanes",2,0,NA,0,NA
5517,5884,"Wilmington","New Hanover","Coastal","Commercial","Urban (>70% Developed)",NA,"Urban","40 - 45  MPH","Stop And Go Signal","Clear","No",55,"50-59","No",NA,"Facing Traffic","C: Possible Injury","Travel Lane","White","Female",23,"20-24","No",NA,"0-5 mph","O: No Injury","White","Female","Sport Utility","No","14JUN2008","Saturday","Motorist Failed to Yield - Signalized Intersection",15,"Intersection","June","C: Possible Injury",55080,"Motorist Drive Out - Right Turn on Red",2008,"Yes","No","Daylight","Straight - Level","Local Street","Dry","Two-Way, Divided, Unprotected Median","None","Four-Way Intersection","Coarse Asphalt",0,0,0,0,0,0,0,"8 lanes",2,0,NA,0,NA
5518,5886,"Charlotte","Mecklenburg","Piedmont","Commercial","Rural (<30% Developed)",NA,"Urban","40 - 45  MPH","No Control Present","Clear","No",56,"50-59","No",NA,NA,"C: Possible Injury",NA,"White","Male",38,"30-39","No",NA,"0-5 mph","O: No Injury","Black","Female","Passenger Car","No","18JUL2008","Friday","Bicyclist Failed to Yield - Midblock",14,"Non-Intersection","July","C: Possible Injury",51060,"Bicyclist Ride Out - Midblock - Unknown",2008,"Yes","No","Daylight","Straight - Level","Local Street","Dry","Two-Way, Not Divided","None","No Special Feature","Smooth Asphalt",0,0,0,0,0,0,0,"4 lanes",2,0,NA,0,NA
5519,5887,"Oak Island","Brunswick","Coastal","Commercial","Urban (>70% Developed)",NA,"Urban","30 - 35  MPH","Stop And Go Signal","Clear","No",17,"16-19","No",NA,"Facing Traffic","C: Possible Injury","Sidewalk / Crosswalk / Driveway Crossing","White","Male",52,"50-59","No",NA,NA,"O: No Injury","White","Male","Sport Utility","No","16JUN2008","Monday","Bicyclist Failed to Yield - Signalized Intersection",16,"Intersection","June","C: Possible Injury",60600,"Bicyclist Ride Through - Signalized Intersection",2008,"No","No","Daylight","Straight - Level","Local Street","Dry","Two-Way, Not Divided","None","Four-Way Intersection","Smooth Asphalt",0,0,0,0,0,0,0,"3 lanes",2,0,NA,0,NA
5520,5892,"Kinston","Lenoir","Coastal","Commercial","Urban (>70% Developed)",NA,"Urban","30 - 35  MPH","Stop Sign","Clear","No",10,"6-10","No",NA,"With Traffic","O: No Injury","Travel Lane","Black","Female",57,"50-59","No",NA,"31-35 mph","O: No Injury","White","Female","Pickup","No","22JUL2008","Tuesday","Bicyclist Failed to Yield - Sign-Controlled Intersection",7,"Intersection","July","O: No Injury",26460,"Bicyclist Ride Out - Sign-Controlled Intersection",2008,"Yes","No","Daylight","Straight - Level","Local Street","Dry","Two-Way, Not Divided","None","T-Intersection","Smooth Asphalt",0,0,0,0,0,0,0,"4 lanes",2,0,NA,0,NA
5521,5895,"Selma","Johnston","Coastal","Commercial","Urban (>70% Developed)",NA,"Urban","30 - 35  MPH","Stop Sign","Clear","No",8,"6-10","No",NA,"With Traffic","A: Disabling Injury","Travel Lane","Black","Male",60,"60-69","No",NA,"31-35 mph","O: No Injury","White","Male","Van","No","24JUN2008","Tuesday","Bicyclist Failed to Yield - Sign-Controlled Intersection",13,"Intersection","June","A: Disabling Injury",48120,"Bicyclist Ride Out - Sign-Controlled Intersection",2008,"Yes","No","Daylight","Straight - Level","US Route","Dry","Two-Way, Divided, Unprotected Median","None","Four-Way Intersection","Smooth Asphalt",0,0,0,0,0,0,0,"5 lanes",2,0,NA,0,NA
5522,5899,"Charlotte","Mecklenburg","Piedmont","Residential","Urban (>70% Developed)",NA,"Urban","30 - 35  MPH","Stop Sign","Cloudy","No",9,"6-10","No",NA,"With Traffic","Unknown Injury","Travel Lane","Black","Female",36,"30-39","No",NA,"31-35 mph","O: No Injury","Black","Female","Passenger Car","No","22JUL2008","Tuesday","Loss of Control / Turning Error",20,"Intersection","July","O: No Injury",73380,"Bicyclist Lost Control - Mechanical Problems",2008,"Yes","No","Daylight","Straight - Level","Local Street","Dry","Two-Way, Not Divided","None","No Special Feature","Smooth Asphalt",0,0,0,0,0,0,0,"2 lanes",2,0,NA,0,NA
5523,5913,"Charlotte","Mecklenburg","Piedmont","Commercial","Urban (>70% Developed)",NA,"Urban","30 - 35  MPH","No Control Present","Cloudy","No",28,"25-29","No",NA,"With Traffic","B: Evident Injury","Bike Lane / Paved Shoulder","White","Male",46,"40-49","No",NA,"31-35 mph","O: No Injury","Black","Male","Passenger Car","No","07JUL2008","Monday","Motorist Right Turn / Merge",7,"Non-Intersection","July","B: Evident Injury",26640,"Motorist Right Turn - Same Direction",2008,"No","No","Daylight","Straight - Level","Local Street","Dry","Two-Way, Divided, Unprotected Median","None","No Special Feature","Smooth Asphalt",0,0,0,0,0,0,0,"2 lanes",2,0,NA,0,NA
5524,5915,"None - Rural Crash","Davidson","Piedmont","Institutional","Mixed (30% To 70% Developed)",NA,"Rural","50 - 55  MPH","Stop And Go Signal","Clear","No",66,"60-69","No",NA,"With Traffic","C: Possible Injury","Travel Lane","White","Male",32,"30-39","No",NA,"11-15 mph","O: No Injury","Hispanic","Female","Passenger Car","No","30JUN2008","Monday","Motorist Failed to Yield - Signalized Intersection",10,"Intersection","June","C: Possible Injury",36660,"Motorist Drive Through - Signalized Intersection",2008,"No","No","Daylight","Straight - Level","NC Route","Dry","Two-Way, Divided, Unprotected Median","None","Four-Way Intersection","Smooth Asphalt",0,0,0,0,0,0,0,"4 lanes",2,0,NA,0,NA
5525,5920,"Enfield","Halifax","Coastal","Residential","Rural (<30% Developed)",NA,"Rural",NA,"Missing","Clear","No",42,"40-49","No",NA,"Not Applicable","Unknown Injury","Non-Roadway","Black","Male",31,"30-39","No",NA,"11-15 mph","O: No Injury","Black","Male","Passenger Car","No","02JUL2008","Wednesday","Non-Roadway",2,"Non-Roadway","July","O: No Injury",8400,"Non-Roadway",2008,"Yes","No","Dark - Unknown Lighting",NA,"Private Road, Driveway","Wet",NA,"None","No Special Feature","Soil",0,0,0,0,0,0,0,NA,2,0,NA,0,NA
5526,5921,"Greensboro","Guilford","Piedmont","Residential","Urban (>70% Developed)",NA,"Urban","30 - 35  MPH","No Control Present","Clear","No",47,"40-49","No",NA,"With Traffic","C: Possible Injury","Travel Lane","Black","Male",NA,"70+","No",NA,"16-20 mph","O: No Injury","White","Female","Passenger Car","No","28JUN2008","Saturday","Motorist Failed to Yield - Sign-Controlled Intersection",17,"Intersection","June","C: Possible Injury",61200,"Motorist Drive Out - Sign-Controlled Intersection",2008,"Yes","No","Daylight","Straight - Level","Local Street","Dry","Two-Way, Not Divided","None","No Special Feature","Smooth Asphalt",0,0,0,0,0,0,0,"5 lanes",2,0,NA,0,NA
5527,5931,"Huntersville","Mecklenburg","Piedmont","Commercial","Urban (>70% Developed)",NA,"Urban","40 - 45  MPH","Stop Sign","Clear","No",45,"40-49","No",NA,"With Traffic","C: Possible Injury","Travel Lane","White","Male",37,"30-39","No",NA,"0-5 mph","O: No Injury","White","Female","Passenger Car","No","03JUL2008","Thursday","Motorist Left Turn / Merge",15,"Intersection","July","C: Possible Injury",57120,"Motorist Left Turn - Opposite Direction",2008,"Yes","No","Daylight","Straight - Grade","Local Street","Dry","Two-Way, Not Divided","None","T-Intersection","Smooth Asphalt",0,0,0,0,0,0,0,"2 lanes",2,0,NA,0,NA
5528,5942,"Boone","Watauga","Mountains","Commercial","Urban (>70% Developed)",NA,"Urban",NA,"No Control Present","Clear","No",13,"11-15","No",NA,"Not Applicable","B: Evident Injury","Non-Roadway","Black","Male",48,"40-49","Yes",NA,"16-20 mph","O: No Injury","White","Male","Passenger Car","Yes","07JUL2008","Monday","Non-Roadway",21,"Non-Roadway","July","B: Evident Injury",76140,"Non-Roadway",2008,"Yes","No","Dusk","Straight - Grade","Public Vehicular Area","Dry","Two-Way, Not Divided","None","No Special Feature","Smooth Asphalt",0,0,0,0,0,0,0,NA,2,0,NA,0,NA
5529,5944,"None - Rural Crash","Cumberland","Coastal","Commercial","Mixed (30% To 70% Developed)",NA,"Rural","40 - 45  MPH","Missing","Cloudy","No",34,"30-39","No",NA,"With Traffic","C: Possible Injury","Travel Lane","Black","Male",NA,NA,"Missing",NA,"31-35 mph","Unknown Injury","Unknown/Missing",NA,NA,"No","08JUL2008","Tuesday","Motorist Overtaking Bicyclist",23,"Non-Intersection","July","C: Possible Injury",83100,"Motorist Overtaking - Other / Unknown",2008,"Yes","Yes","Dark - Roadway Not Lighted","Straight - Level","State Secondary Route","Wet","Two-Way, Not Divided","None","No Special Feature","Coarse Asphalt",0,0,0,0,0,0,0,"5 lanes",2,0,NA,0,NA
5530,5947,"None - Rural Crash","Cumberland","Coastal","Farms, Woods, Pastures","Rural (<30% Developed)",NA,"Rural","50 - 55  MPH","Double Yellow Line, No Passing Zone","Clear","No",15,"11-15","No",NA,"With Traffic","C: Possible Injury","Travel Lane","White","Male",NA,NA,"Missing",NA,"51-55 mph","Unknown Injury","Unknown/Missing",NA,NA,"No","09JUL2008","Wednesday","Motorist Overtaking Bicyclist",22,"Non-Intersection","July","C: Possible Injury",82140,"Motorist Overtaking - Undetected Bicyclist",2008,"Yes","Yes","Dark - Roadway Not Lighted","Straight - Level","State Secondary Route","Dry","Two-Way, Not Divided","None","T-Intersection","Coarse Asphalt",0,0,0,0,0,0,0,"2 lanes",2,0,NA,0,NA
5531,5948,"None - Rural Crash","Pasquotank","Coastal","Farms, Woods, Pastures","Rural (<30% Developed)",NA,"Rural","40 - 45  MPH","No Control Present","Clear","No",15,"11-15","No",NA,"With Traffic","A: Disabling Injury","Travel Lane","Black","Male",21,"20-24","No",NA,"41-45 mph","O: No Injury","White","Male","Passenger Car","No","03AUG2008","Sunday","Bicyclist Left Turn / Merge",20,"Non-Intersection","August","A: Disabling Injury",72300,"Bicyclist Left Turn - Same Direction",2008,"Yes","No","Dark - Roadway Not Lighted","Straight - Level","State Secondary Route","Dry","Two-Way, Not Divided","None","No Special Feature","Coarse Asphalt",0,0,0,0,0,0,0,"2 lanes",2,0,NA,0,NA
5532,5949,"Raleigh","Wake","Piedmont","Commercial","Urban (>70% Developed)",NA,"Urban","30 - 35  MPH","Stop Sign","Clear","No",49,"40-49","No",NA,"With Traffic","C: Possible Injury","Travel Lane","White","Male",66,"60-69","No",NA,"6-10 mph","O: No Injury","White","Male","Pickup","No","14JUL2008","Monday","Motorist Failed to Yield - Sign-Controlled Intersection",16,"Intersection","July","C: Possible Injury",60180,"Motorist Drive Out - Sign-Controlled Intersection",2008,"No","No","Daylight","Straight - Level","Local Street","Dry","Two-Way, Not Divided","None","No Special Feature","Smooth Asphalt",0,0,0,0,0,0,0,"2 lanes",2,0,NA,0,NA
5533,5959,"Charlotte","Mecklenburg","Piedmont","Commercial","Urban (>70% Developed)",NA,"Urban","40 - 45  MPH","Missing","Clear","No",25,"25-29","No",NA,"Facing Traffic","B: Evident Injury","Sidewalk / Crosswalk / Driveway Crossing","Black","Male",23,"20-24","No",NA,"0-5 mph","O: No Injury","White","Male","Sport Utility","No","08AUG2008","Friday","Bicyclist Failed to Yield - Signalized Intersection",12,"Intersection","August","B: Evident Injury",44520,"Bicyclist Ride Through - Signalized Intersection",2008,"Yes","No","Daylight","Straight - Grade","Local Street","Dry","Two-Way, Divided, Unprotected Median","None","No Special Feature","Smooth Asphalt",0,0,0,0,0,0,0,"4 lanes",2,0,NA,0,NA
5534,5962,"None - Rural Crash","Pender","Coastal","Farms, Woods, Pastures","Rural (<30% Developed)",NA,"Rural","50 - 55  MPH","No Control Present","Clear","No",14,"11-15","No",NA,"With Traffic","A: Disabling Injury","Travel Lane","White","Female",24,"20-24","No",NA,"51-55 mph","O: No Injury","Black","Female","Passenger Car","No","10AUG2008","Sunday","Bicyclist Left Turn / Merge",0,"Non-Intersection","August","A: Disabling Injury",1500,"Bicyclist Left Turn - Same Direction",2008,"Yes","No","Dark - Roadway Not Lighted","Straight - Level","State Secondary Route","Dry","Two-Way, Not Divided","None","No Special Feature","Coarse Asphalt",0,0,0,0,0,0,0,"2 lanes",2,0,NA,0,NA
5535,5963,"Charlotte","Mecklenburg","Piedmont","Commercial","Mixed (30% To 70% Developed)",NA,"Urban","40 - 45  MPH","Stop And Go Signal","Clear","No",20,"20-24","No",NA,"With Traffic","C: Possible Injury","Sidewalk / Crosswalk / Driveway Crossing","White","Male",20,"20-24","No",NA,"0-5 mph","O: No Injury","White","Male","Pickup","No","12AUG2008","Tuesday","Bicyclist Failed to Yield - Signalized Intersection",14,"Intersection","August","C: Possible Injury",51300,"Bicyclist Failed to Clear - Trapped",2008,"Yes","No","Daylight","Straight - Level","Local Street","Dry","Two-Way, Divided, Unprotected Median","None","No Special Feature","Smooth Asphalt",0,0,0,0,0,0,0,"3 lanes",2,0,NA,0,NA