"...1","object_id","city","county","region","development","locality","on_road","rural_urban","speed_limit","traffic_control","weather","workzone","bike_age","bike_age_group","bike_alcohol","bike_alcohol_drugs","bike_direction","bike_injury","bike_position","bike_race","bike_sex","driver_age","driver_age_group","driver_alcohol","driver_alcohol_drugs","driver_est_speed","driver_injury","driver_race","driver_sex","driver_vehicle_type","crash_alcohol","crash_date","crash_day","crash_group","crash_hour","crash_location","crash_month","crash_severity","crash_time","crash_type","crash_year","ambulance_req","hit_run","light_condition","road_character","road_class","road_condition","road_configuration","road_defects","road_feature","road_surface","num_bikes_ai","num_bikes_bi","num_bikes_ci","num_bikes_ki","num_bikes_no","num_bikes_to","num_bikes_ui","num_lanes","num_units","distance_mi_from","frm_road","rte_invd_cd","towrd_road"
5536,5973,"Fayetteville","Cumberland","Coastal","Residential","Urban (>70% Developed)",NA,"Urban","20 - 25  MPH","No Control Present","Clear","No",12,"11-15","No",NA,"With Traffic","O: No Injury","Travel Lane","Black","Male",25,"25-29","No",NA,"21-25 mph","O: No Injury","Black","Female","Passenger Car","No","15AUG2008","Friday","Motorist Overtaking Bicyclist",16,"Non-Intersection","August","O: No Injury",60060,"Motorist Overtaking - Bicyclist Swerved",2008,"No","No","Daylight","Straight - Level","Local Street","Dry","Two-Way, Not Divided","None","No Special Feature","Smooth Asphalt",0,0,0,0,0,0,0,"2 lanes",2,0,NA,0,NA
5537,5983,"None - Rural Crash","Durham","Piedmont","Commercial","Rural (<30% Developed)",NA,"Rural",NA,"Stop Sign","Cloudy","No",NA,NA,"Missing",NA,"With Traffic","Unknown Injury","Bike Lane / Paved Shoulder","Unknown/Missing",NA,43,"40-49","No",NA,NA,"Unknown Injury","Unknown/Missing",NA,"Pedalcycle","No","18JUL2008","Friday","Motorist Failed to Yield - Sign-Controlled Intersection",15,"Intersection","July","Unknown Injury",56700,"Motorist Drive Out - Sign-Controlled Intersection",2008,"No","Yes","Daylight","Curve - Bottom","State Secondary Route","Dry","Two-Way, Divided, Unprotected Median","None","T-Intersection","Smooth Asphalt",0,0,0,0,0,0,0,"2 lanes",2,0,NA,0,NA
5538,5989,"Chapel Hill","Orange","Piedmont","Residential","Urban (>70% Developed)",NA,"Urban","30 - 35  MPH","Stop And Go Signal","Clear","No",63,"60-69","No",NA,"Facing Traffic","C: Possible Injury","Sidewalk / Crosswalk / Driveway Crossing","White","Male",62,"60-69","No",NA,"0-5 mph","O: No Injury","Black","Male","Passenger Car","No","21JUL2008","Monday","Motorist Failed to Yield - Signalized Intersection",13,"Intersection","July","C: Possible Injury",50160,"Motorist Drive Out - Right Turn on Red",2008,"Yes","No","Daylight","Straight - Level","Local Street","Dry","Two-Way, Not Divided","None","Related To Intersection","Smooth Asphalt",0,0,0,0,0,0,0,"2 lanes",2,0,NA,0,NA
5539,5991,"Charlotte","Mecklenburg","Piedmont","Commercial","Urban (>70% Developed)",NA,"Urban","40 - 45  MPH","Stop And Go Signal","Clear","No",57,"50-59","Yes",NA,"Facing Traffic","B: Evident Injury","Sidewalk / Crosswalk / Driveway Crossing","White","Male",24,"20-24","No",NA,"0-5 mph","O: No Injury","White","Male","Passenger Car","Yes","18AUG2008","Monday","Crossing Paths - Other Circumstances",23,"Intersection","August","B: Evident Injury",86100,"Signalized Intersection - Other / Unknown",2008,"Yes","No","Dark - Lighted Roadway","Straight - Level","NC Route","Dry","Two-Way, Divided, Unprotected Median","None","Four-Way Intersection","Smooth Asphalt",0,0,0,0,0,0,0,"7 lanes",2,0,NA,0,NA
5540,5995,"Lumberton","Robeson","Coastal","Commercial","Urban (>70% Developed)",NA,"Urban","40 - 45  MPH","Missing","Cloudy","No",27,"25-29","No",NA,"Facing Traffic","B: Evident Injury","Travel Lane","Black","Male",NA,NA,"Missing",NA,"16-20 mph","Unknown Injury","Unknown/Missing",NA,NA,"No","26JUL2008","Saturday","Motorist Failed to Yield - Midblock",12,"Non-Intersection","July","B: Evident Injury",46200,"Motorist Drive Out - Commercial Driveway / Alley",2008,"Yes","Yes","Daylight","Straight - Level","NC Route","Wet","Two-Way, Not Divided","None","No Special Feature","Smooth Asphalt",0,0,0,0,0,0,0,"5 lanes",2,0,NA,0,NA
5541,5997,"Asheville","Buncombe","Mountains","Commercial","Urban (>70% Developed)",NA,"Urban","40 - 45  MPH","Stop And Go Signal","Cloudy","No",19,"16-19","No",NA,"With Traffic","K: Killed","Travel Lane","White","Male",NA,"70+","No",NA,"41-45 mph","O: No Injury","White","Male","Sport Utility","No","23JUL2008","Wednesday","Crossing Paths - Other Circumstances",22,"Intersection","July","K: Killed",81600,"Signalized Intersection - Other / Unknown",2008,"Yes","No","Dark - Lighted Roadway","Straight - Level","US Route","Dry","Two-Way, Not Divided","None","Four-Way Intersection","Coarse Asphalt",0,0,0,0,0,0,0,"5 lanes",2,0,NA,0,NA
5542,6000,"Fayetteville","Cumberland","Coastal","Commercial","Urban (>70% Developed)",NA,"Urban","40 - 45  MPH","Stop And Go Signal","Cloudy","No",NA,NA,"No",NA,"With Traffic","O: No Injury","Non-Roadway","Black","Male",19,"0-19","No",NA,"0-5 mph","O: No Injury","White","Male","Passenger Car","No","22JUL2008","Tuesday","Motorist Left Turn / Merge",17,"Intersection","July","O: No Injury",64620,"Motorist Left Turn - Opposite Direction",2008,"No","No","Daylight","Straight - Level","Local Street","Dry","Two-Way, Not Divided","None","T-Intersection","Smooth Asphalt",0,0,0,0,0,0,0,"5 lanes",2,0,NA,0,NA
5543,3534,"Winston-Salem","Forsyth","Piedmont","Commercial","Urban (>70% Developed)",NA,"Urban","30 - 35  MPH","Stop Sign","Clear","No",64,"60-69","No",NA,"With Traffic","B: Evident Injury","Travel Lane","Black","Male",52,"50-59","No",NA,"6-10 mph","O: No Injury","White","Female","Passenger Car","No","17OCT2011","Monday","Motorist Failed to Yield - Sign-Controlled Intersection",7,"Intersection","October","B: Evident Injury",25620,"Motorist Drive Out - Sign-Controlled Intersection",2011,"Yes","No","Dark - Roadway Not Lighted","Straight - Grade","Local Street","Dry","Two-Way, Divided, Unprotected Median","None","Related To Intersection","Coarse Asphalt",0,0,0,0,0,0,0,"4 lanes",2,0,NA,0,NA
5544,3535,"None - Rural Crash","Forsyth","Piedmont","Residential","Mixed (30% To 70% Developed)",NA,"Rural","50 - 55  MPH","No Control Present","Clear","No",48,"40-49","No",NA,"With Traffic","A: Disabling Injury","Travel Lane","White","Female",67,"60-69","No",NA,"41-45 mph","O: No Injury","White","Male","Sport Utility","No","03NOV2011","Thursday","Bicyclist Left Turn / Merge",13,"Non-Intersection","November","A: Disabling Injury",49200,"Bicyclist Left Turn - Same Direction",2011,"Yes","No","Daylight","Straight - Level","State Secondary Route","Dry","Two-Way, Not Divided","None","No Special Feature","Smooth Asphalt",0,0,0,0,0,0,0,"2 lanes",2,0,NA,0,NA
5545,3557,"High Point","Guilford","Piedmont","Institutional","Urban (>70% Developed)",NA,"Urban","30 - 35  MPH","Stop And Go Signal","Clear","No",18,"16-19","No",NA,"With Traffic","B: Evident Injury","Sidewalk / Crosswalk / Driveway Crossing","White","Female",26,"25-29","No",NA,"26-30 mph","O: No Injury","Black","Male","Sport Utility","No","27OCT2011","Thursday","Bicyclist Failed to Yield - Signalized Intersection",16,"Intersection","October","B: Evident Injury",60480,"Bicyclist Ride Out - Signalized  Intersection",2011,"No","No","Daylight","Straight - Level","Local Street","Dry","Two-Way, Not Divided","None","Four-Way Intersection","Smooth Asphalt",0,0,0,0,0,0,0,"5 lanes",2,0,NA,0,NA
5546,3563,"Burgaw","Pender","Coastal","Residential","Mixed (30% To 70% Developed)",NA,"Rural","30 - 35  MPH","No Control Present","Clear","No",53,"50-59","No",NA,"With Traffic","B: Evident Injury","Bike Lane / Paved Shoulder","Black","Male",31,"30-39","No",NA,"31-35 mph","O: No Injury","White","Male","Pickup","No","21OCT2011","Friday","Motorist Overtaking Bicyclist",22,"Non-Intersection","October","B: Evident Injury",79380,"Motorist Overtaking - Misjudged Space",2011,"Yes","No","Dark - Roadway Not Lighted","Straight - Level","NC Route","Dry","Two-Way, Not Divided","None","No Special Feature","Coarse Asphalt",0,0,0,0,0,0,0,"2 lanes",2,0,NA,0,NA
5547,3564,"Red Springs","Robeson","Coastal","Residential","Urban (>70% Developed)",NA,"Rural","30 - 35  MPH","Stop Sign","Rain","No",8,"6-10","No",NA,"Not Applicable","C: Possible Injury","Travel Lane","Native American","Male",18,"0-19","No",NA,"16-20 mph","O: No Injury","Other","Male","Passenger Car","No","19OCT2011","Wednesday","Crossing Paths - Other Circumstances",17,"Intersection-Related","October","C: Possible Injury",63900,"Crossing Paths - Intersection - Other / Unknown",2011,"Yes","No","Daylight","Straight - Level","Local Street","Wet","Two-Way, Not Divided","None","No Special Feature","Coarse Asphalt",0,0,0,0,0,0,0,"2 lanes",2,0,NA,0,NA
5548,3566,"None - Rural Crash","Brunswick","Coastal","Farms, Woods, Pastures","Rural (<30% Developed)",NA,"Rural","50 - 55  MPH","No Control Present","Clear","No",21,"20-24","No",NA,"Facing Traffic","B: Evident Injury","Bike Lane / Paved Shoulder","Black","Male",NA,NA,"Missing",NA,NA,"Unknown Injury","Unknown/Missing",NA,NA,"No","30OCT2011","Sunday","Loss of Control / Turning Error",20,"Non-Intersection","October","B: Evident Injury",74520,"Motorist Lost Control - Other / Unknown",2011,"Yes","Yes","Dark - Roadway Not Lighted","Straight - Level","NC Route","Dry","Two-Way, Not Divided","None","No Special Feature","Coarse Asphalt",0,0,0,0,0,0,0,"2 lanes",2,0,NA,0,NA
5549,3573,"Boone","Watauga","Mountains","Commercial","Urban (>70% Developed)",NA,"Urban","20 - 25  MPH","Double Yellow Line, No Passing Zone","Clear","No",20,"20-24","No",NA,"Not Applicable","B: Evident Injury","Non-Roadway","White","Male",36,"30-39","No",NA,"16-20 mph","O: No Injury","White","Female","Passenger Car","No","01NOV2011","Tuesday","Crossing Paths - Other Circumstances",11,"Intersection-Related","November","B: Evident Injury",41220,"Crossing Paths - Uncontrolled Intersection",2011,"No","No","Daylight","Straight - Level","Local Street","Dry","Two-Way, Not Divided","None","No Special Feature","Smooth Asphalt",0,0,0,0,0,0,0,"2 lanes",2,0,NA,0,NA
5550,3574,"Raleigh","Wake","Piedmont","Residential","Urban (>70% Developed)",NA,"Urban","20 - 25  MPH","Stop Sign","Clear","No",46,"40-49","No",NA,"With Traffic","C: Possible Injury","Travel Lane","Black","Male",23,"20-24","No",NA,"6-10 mph","O: No Injury","White","Male","Passenger Car","No","11NOV2011","Friday","Motorist Failed to Yield - Sign-Controlled Intersection",18,"Intersection","November","C: Possible Injury",65580,"Motorist Drive Out - Sign-Controlled Intersection",2011,"Yes","No","Dark - Lighted Roadway","Straight - Level","Local Street","Dry","Two-Way, Divided, Unprotected Median","None","No Special Feature","Smooth Asphalt",0,0,0,0,0,0,0,"2 lanes",2,0,NA,0,NA
5551,3584,"None - Rural Crash","Yancey","Mountains","Farms, Woods, Pastures","Rural (<30% Developed)",NA,"Rural","50 - 55  MPH","Double Yellow Line, No Passing Zone","Clear","Yes",47,"40-49","No",NA,"With Traffic","C: Possible Injury","Travel Lane","White","Male",25,"25-29","No",NA,"51-55 mph","O: No Injury","White","Male","Passenger Car","No","26NOV2011","Saturday","Motorist Overtaking Bicyclist",14,"Non-Intersection","November","C: Possible Injury",52800,"Motorist Overtaking - Misjudged Space",2011,"No","No","Daylight","Straight - Level","US Route","Dry","Two-Way, Not Divided","None","No Special Feature","Smooth Asphalt",0,0,0,0,0,0,0,"2 lanes",2,0,NA,0,NA
5552,3602,"Wilmington","New Hanover","Coastal","Commercial","Urban (>70% Developed)",NA,"Urban","20 - 25  MPH","No Control Present","Clear","No",19,"16-19","No",NA,"Facing Traffic","B: Evident Injury","Sidewalk / Crosswalk / Driveway Crossing","White","Female",23,"20-24","No",NA,"0-5 mph","O: No Injury","White","Male","Sport Utility","No","12NOV2011","Saturday","Motorist Failed to Yield - Midblock",13,"Non-Intersection","November","B: Evident Injury",47940,"Motorist Drive Out - Commercial Driveway / Alley",2011,"Yes","No","Daylight","Straight - Level","Local Street","Dry","Two-Way, Not Divided","None","No Special Feature","Smooth Asphalt",0,0,0,0,0,0,0,"2 lanes",3,0,NA,0,NA
5553,3610,"Charlotte","Mecklenburg","Piedmont","Residential","Urban (>70% Developed)",NA,"Urban","30 - 35  MPH","Stop And Go Signal","Clear","No",42,"40-49","No",NA,"With Traffic","B: Evident Injury","Sidewalk / Crosswalk / Driveway Crossing","Black","Male",26,"25-29","No",NA,"6-10 mph","O: No Injury","Black","Female","Passenger Car","No","09DEC2011","Friday","Motorist Right Turn / Merge",23,"Intersection","December","B: Evident Injury",84120,"Motorist Right Turn on Red - Same Direction",2011,"Yes","No","Dark - Lighted Roadway","Straight - Level","Local Street","Dry","Two-Way, Not Divided","None","No Special Feature","Concrete",0,0,0,0,0,0,0,"4 lanes",2,0,NA,0,NA
5554,3619,"None - Rural Crash","Guilford","Piedmont","Residential","Mixed (30% To 70% Developed)",NA,"Rural","50 - 55  MPH","No Control Present","Clear","No",39,"30-39","No",NA,"With Traffic","A: Disabling Injury","Travel Lane","White","Male",38,"30-39","No",NA,"46-50 mph","O: No Injury","White","Female","Sport Utility","No","10DEC2011","Saturday","Motorist Overtaking Bicyclist",10,"Non-Intersection","December","A: Disabling Injury",39480,"Motorist Overtaking - Other / Unknown",2011,"Yes","No","Daylight","Straight - Hillcrest","State Secondary Route","Dry","Two-Way, Not Divided","None","No Special Feature","Smooth Asphalt",0,0,0,0,0,0,0,"2 lanes",2,0,NA,0,NA
5555,3622,"None - Rural Crash","Avery","Mountains","Farms, Woods, Pastures","Mixed (30% To 70% Developed)",NA,"Rural","40 - 45  MPH","Double Yellow Line, No Passing Zone","Cloudy","No",19,"16-19","No",NA,"With Traffic","K: Killed","Travel Lane","White","Female",19,"0-19","No",NA,"41-45 mph","O: No Injury","White","Male","Pickup","No","15DEC2011","Thursday","Head-On",14,"Non-Intersection","December","K: Killed",51960,"Head-On - Motorist",2011,"Yes","No","Daylight","Straight - Grade","US Route","Dry","Two-Way, Not Divided","None","No Special Feature","Smooth Asphalt",0,0,0,0,0,0,0,"2 lanes",2,0,NA,0,NA
5556,3628,"None - Rural Crash","Pender","Coastal","Residential","Mixed (30% To 70% Developed)",NA,"Rural","20 - 25  MPH","No Control Present","Clear","No",NA,"70+","No",NA,"With Traffic","B: Evident Injury","Travel Lane","White","Male",NA,"70+","No",NA,"21-25 mph","O: No Injury","White","Male","Passenger Car","No","16NOV2011","Wednesday","Bicyclist Left Turn / Merge",9,"Intersection","November","B: Evident Injury",35760,"Bicyclist Left Turn - Same Direction",2011,"Yes","No","Daylight","Straight - Level","State Secondary Route","Dry","Two-Way, Not Divided","None","T-Intersection","Smooth Asphalt",0,0,0,0,0,0,0,"2 lanes",2,0,NA,0,NA
5557,3629,"Fayetteville","Cumberland","Coastal","Commercial","Urban (>70% Developed)",NA,"Urban","30 - 35  MPH","Stop And Go Signal","Clear","No",51,"50-59","No",NA,"With Traffic","B: Evident Injury","Travel Lane","White","Male",42,"40-49","No",NA,"6-10 mph","O: No Injury","White","Male","Passenger Car","No","01DEC2011","Thursday","Motorist Left Turn / Merge",21,"Intersection","December","B: Evident Injury",76320,"Motorist Left Turn - Opposite Direction",2011,"Yes","No","Dark - Lighted Roadway","Straight - Level","Local Street","Dry","Two-Way, Not Divided","None","No Special Feature","Coarse Asphalt",0,0,0,0,0,0,0,"6 lanes",2,0,NA,0,NA
5558,3634,"None - Rural Crash","Onslow","Coastal","Farms, Woods, Pastures","Rural (<30% Developed)",NA,"Rural","50 - 55  MPH","Double Yellow Line, No Passing Zone","Clear","No",15,"11-15","No",NA,"With Traffic","O: No Injury","Travel Lane","White","Male",NA,"70+","No",NA,"31-35 mph","O: No Injury","White","Female","Passenger Car","No","23DEC2011","Friday","Bicyclist Right Turn / Merge",11,"Non-Intersection","December","O: No Injury",42900,"Bicyclist Right Turn - Same Direction",2011,"No","No","Daylight","Curve - Level","State Secondary Route","Dry","Two-Way, Not Divided","None","No Special Feature","Coarse Asphalt",0,0,0,0,0,0,0,"2 lanes",2,0,NA,0,NA
5559,3637,"Jacksonville","Onslow","Coastal","Commercial","Urban (>70% Developed)",NA,"Urban","40 - 45  MPH","No Control Present","Clear","No",17,"16-19","No",NA,"Not Applicable","B: Evident Injury","Travel Lane","White","Male",50,"50-59","No",NA,"26-30 mph","O: No Injury","White","Male","Passenger Car","No","06DEC2011","Tuesday","Bicyclist Failed to Yield - Midblock",13,"Non-Intersection","December","B: Evident Injury",48840,"Bicyclist Ride Out - Other Midblock",2011,"Yes","No","Daylight","Straight - Level","NC Route","Dry","Two-Way, Divided, Unprotected Median","None","No Special Feature","Grooved Concrete",0,0,0,0,0,0,0,"7 lanes",2,0,NA,0,NA
5560,3641,"Wilson","Wilson","Coastal","Commercial","Urban (>70% Developed)",NA,"Urban","40 - 45  MPH","No Control Present","Cloudy","No",50,"50-59","No",NA,"With Traffic","B: Evident Injury","Travel Lane","Black","Male",69,"60-69","No",NA,"41-45 mph","O: No Injury","White","Male","Light Truck (Mini-Van, Panel)","No","22NOV2011","Tuesday","Motorist Overtaking Bicyclist",19,"Non-Intersection","November","B: Evident Injury",71280,"Motorist Overtaking - Undetected Bicyclist",2011,"Yes","No","Dark - Lighted Roadway","Straight - Bottom","Local Street","Dry","Two-Way, Not Divided","None","No Special Feature","Smooth Asphalt",0,0,0,0,0,0,0,"5 lanes",2,0,NA,0,NA
5561,3642,"Holly Springs","Wake","Piedmont","Residential","Urban (>70% Developed)",NA,"Urban","30 - 35  MPH","No Control Present","Clear","No",23,"20-24","No",NA,"With Traffic","C: Possible Injury","Travel Lane","White","Male",65,"60-69","No",NA,"0-5 mph","O: No Injury","White","Male","Passenger Car","No","14DEC2011","Wednesday","Motorist Left Turn / Merge",14,"Intersection","December","C: Possible Injury",52860,"Motorist Left Turn - Opposite Direction",2011,"No","No","Daylight","Straight - Level","Local Street","Dry","Two-Way, Not Divided","None","Driveway, Private","Coarse Asphalt",0,0,0,0,0,0,0,"2 lanes",2,0,NA,0,NA
5562,3648,"Wilmington","New Hanover","Coastal","Commercial","Urban (>70% Developed)",NA,"Urban","30 - 35  MPH","Stop Sign","Clear","No",55,"50-59","No",NA,"With Traffic","B: Evident Injury","Travel Lane","Black","Male",22,"20-24","No",NA,"6-10 mph","O: No Injury","White","Female","Passenger Car","No","02DEC2011","Friday","Motorist Left Turn / Merge",11,"Intersection","December","B: Evident Injury",41460,"Motorist Left Turn - Opposite Direction",2011,"Yes","No","Daylight","Straight - Level","Local Street","Dry","Two-Way, Not Divided","None","Four-Way Intersection","Grooved Concrete",0,0,0,0,0,0,0,"5 lanes",2,0,NA,0,NA
5563,3660,"Greensboro","Guilford","Piedmont","Residential","Urban (>70% Developed)",NA,"Urban","30 - 35  MPH","Stop Sign","Clear","No",45,"40-49","No",NA,"With Traffic","A: Disabling Injury","Travel Lane","Black","Male",48,"40-49","No",NA,"31-35 mph","O: No Injury","Black","Male","Pickup","No","31DEC2011","Saturday","Bicyclist Failed to Yield - Sign-Controlled Intersection",17,"Intersection","December","A: Disabling Injury",64740,"Bicyclist Ride Through - Sign-Controlled Intersection",2011,"Yes","No","Dark - Lighted Roadway","Straight - Grade","Local Street","Dry","Two-Way, Divided, Unprotected Median","None","Four-Way Intersection","Smooth Asphalt",0,0,0,0,0,0,0,"4 lanes",2,0,NA,0,NA
5564,3673,"None - Rural Crash","Mcdowell","Mountains","Residential","Mixed (30% To 70% Developed)",NA,"Rural","50 - 55  MPH","No Control Present","Clear","No",12,"11-15","No",NA,"With Traffic","B: Evident Injury","Travel Lane","Asian","Male",45,"40-49","No",NA,"36-40 mph","O: No Injury","White","Male","Pickup","No","15JAN2010","Friday","Crossing Paths - Other Circumstances",16,"Non-Intersection","January","B: Evident Injury",60600,"Crossing Paths - Midblock - Other / Unknown",2010,"Yes","No","Daylight","Straight - Grade","State Secondary Route","Dry","Two-Way, Not Divided","None","No Special Feature","Smooth Asphalt",0,0,0,0,0,0,0,"2 lanes",2,0,NA,0,NA
5565,3678,"Durham","Durham","Piedmont","Commercial","Urban (>70% Developed)",NA,"Urban","30 - 35  MPH","Stop Sign","Clear","No",63,"60-69","No",NA,"With Traffic","C: Possible Injury","Travel Lane","White","Female",64,"60-69","No",NA,"11-15 mph","O: No Injury","Black","Male","Sport Utility","No","18JAN2010","Monday","Bicyclist Left Turn / Merge",13,"Intersection-Related","January","C: Possible Injury",49080,"Bicyclist Left Turn - Same Direction",2010,"No","No","Daylight","Straight - Level","Local Street","Dry","Two-Way, Not Divided","None","No Special Feature","Smooth Asphalt",0,0,0,0,0,0,0,"2 lanes",2,0,NA,0,NA
5566,3692,"Raleigh","Wake","Piedmont","Commercial","Mixed (30% To 70% Developed)",NA,"Urban","30 - 35  MPH","Stop And Go Signal","Clear","No",18,"16-19","No",NA,"With Traffic","O: No Injury","Travel Lane","Black","Male",NA,NA,"Missing",NA,"16-20 mph","Unknown Injury","Unknown/Missing",NA,NA,"No","13JAN2010","Wednesday","Crossing Paths - Other Circumstances",16,"Intersection","January","O: No Injury",61080,"Signalized Intersection - Other / Unknown",2010,"No","Yes","Dusk","Straight - Grade","Local Street","Dry","Two-Way, Not Divided","None","No Special Feature","Smooth Asphalt",0,0,0,0,0,0,0,"4 lanes",2,0,NA,0,NA
5567,3695,"Charlotte","Mecklenburg","Piedmont","Commercial","Urban (>70% Developed)",NA,"Urban",NA,"Stop Sign","Cloudy","No",6,"6-10","No",NA,"With Traffic","B: Evident Injury","Travel Lane","Black","Male",23,"20-24","No",NA,"6-10 mph","O: No Injury","Black","Female","Passenger Car","No","19JAN2010","Tuesday","Bicyclist Failed to Yield - Sign-Controlled Intersection",17,"Intersection","January","B: Evident Injury",62640,"Bicyclist Ride Through - Sign-Controlled Intersection",2010,"No","No","Dusk","Straight - Grade","Public Vehicular Area","Dry","Two-Way, Not Divided","None","Four-Way Intersection","Smooth Asphalt",0,0,0,0,0,0,0,NA,2,0,NA,0,NA
5568,3712,"Charlotte","Mecklenburg","Piedmont","Commercial","Urban (>70% Developed)",NA,"Urban","40 - 45  MPH","No Control Present","Clear","No",42,"40-49","No",NA,"With Traffic","C: Possible Injury","Travel Lane","Black","Male",34,"30-39","No",NA,"16-20 mph","O: No Injury","Black","Female","Passenger Car","No","31JAN2010","Sunday","Loss of Control / Turning Error",21,"Non-Intersection","January","C: Possible Injury",76800,"Motorist Lost Control - Surface Conditions",2010,"Yes","No","Dark - Roadway Not Lighted","Straight - Level","Local Street","Ice","Two-Way, Not Divided","Road Surface Condition","No Special Feature","Smooth Asphalt",0,0,0,0,0,0,0,"2 lanes",2,0,NA,0,NA
5569,3717,"Durham","Durham","Piedmont","Residential","Urban (>70% Developed)",NA,"Urban","20 - 25  MPH","No Control Present","Clear","No",9,"6-10","No",NA,"Not Applicable","O: No Injury","Non-Roadway","Black","Male",25,"25-29","No",NA,"11-15 mph","O: No Injury","Hispanic","Male","Sport Utility","No","28FEB2010","Sunday","Non-Roadway",8,"Non-Roadway","February","O: No Injury",31740,"Non-Roadway",2010,"No","No","Daylight","Straight - Level","Private Road, Driveway","Dry","Two-Way, Not Divided","None","No Special Feature","Smooth Asphalt",0,0,0,0,0,0,0,"1 lane",2,0,NA,0,NA
5570,3725,"Boone","Watauga","Mountains","Commercial","Urban (>70% Developed)",NA,"Urban","20 - 25  MPH","No Control Present","Clear","No",63,"60-69","No",NA,"With Traffic","O: No Injury","Travel Lane","White","Male",NA,NA,"Missing",NA,NA,"Unknown Injury","Unknown/Missing",NA,NA,"No","21FEB2010","Sunday","Bicyclist Left Turn / Merge",12,"Non-Intersection","February","O: No Injury",43560,"Bicyclist Left Turn - Same Direction",2010,"No","Yes","Dark - Roadway Not Lighted","Straight - Level","Local Street","Wet","Two-Way, Not Divided",NA,"No Special Feature","Smooth Asphalt",0,0,0,0,0,0,0,"2 lanes",2,0,NA,0,NA
5571,3731,"High Point","Guilford","Piedmont","Commercial","Urban (>70% Developed)",NA,"Urban",NA,"Stop And Go Signal","Clear","No",11,"11-15","No",NA,"With Traffic","B: Evident Injury","Sidewalk / Crosswalk / Driveway Crossing","Black","Male",NA,NA,"Missing",NA,NA,"Unknown Injury","Unknown/Missing",NA,NA,"No","23FEB2010","Tuesday","Motorist Right Turn / Merge",19,"Intersection","February","B: Evident Injury",69120,"Motorist Right Turn - Same Direction",2010,"Yes","Yes","Dark - Lighted Roadway","Straight - Level","Local Street","Wet","Two-Way, Not Divided","None","Four-Way Intersection","Smooth Asphalt",0,0,0,0,0,0,0,"2 lanes",2,0,NA,0,NA
5572,3736,"Cary","Wake","Piedmont","Residential","Urban (>70% Developed)",NA,"Urban","20 - 25  MPH","No Control Present","Cloudy","No",11,"11-15","No",NA,"With Traffic","B: Evident Injury","Bike Lane / Paved Shoulder","White","Male",36,"30-39","No",NA,"6-10 mph","O: No Injury","Asian","Male","Sport Utility","No","17MAR2010","Wednesday","Motorist Overtaking Bicyclist",17,"Non-Intersection","March","B: Evident Injury",61800,"Motorist Overtaking - Bicyclist Swerved",2010,"Yes","No","Daylight","Straight - Level","Local Street","Dry","Two-Way, Not Divided","None","No Special Feature","Smooth Asphalt",0,0,0,0,0,0,0,"2 lanes",2,0,NA,0,NA
5573,3744,"None - Rural Crash","Camden","Coastal","Farms, Woods, Pastures","Rural (<30% Developed)",NA,"Rural","50 - 55  MPH","No Control Present","Clear","No",6,"6-10","No",NA,NA,"B: Evident Injury",NA,"Black","Male",63,"60-69","No",NA,"6-10 mph","O: No Injury","White","Male","Passenger Car","No","09MAR2010","Tuesday",NA,18,NA,"March","B: Evident Injury",66240,NA,2010,"Yes","No","Dark - Roadway Not Lighted","Straight - Level","State Secondary Route","Dry","Two-Way, Not Divided","None","No Special Feature","Smooth Asphalt",0,0,0,0,0,0,0,"2 lanes",2,0,NA,0,NA
5574,3748,"Durham","Durham","Piedmont","Residential","Urban (>70% Developed)",NA,"Urban","5 - 15 MPH","Stop Sign","Cloudy","No",7,"6-10","No",NA,"With Traffic","C: Possible Injury","Travel Lane","Black","Male",27,"25-29","No",NA,"11-15 mph","O: No Injury","White","Male","Passenger Car","No","21MAR2010","Sunday","Loss of Control / Turning Error",18,"Intersection","March","C: Possible Injury",67260,"Bicyclist Turning Error - Right Turn",2010,"Yes","No","Daylight","Straight - Level","Local Street","Dry","Two-Way, Not Divided","None","No Special Feature","Smooth Asphalt",0,0,0,0,0,0,0,"2 lanes",2,0,NA,0,NA
5575,3749,"Fayetteville","Cumberland","Coastal","Commercial","Mixed (30% To 70% Developed)",NA,"Urban","30 - 35  MPH","No Control Present","Clear","No",57,"50-59","No",NA,"Not Applicable","C: Possible Injury",NA,"Black","Male",62,"60-69","No",NA,"21-25 mph","O: No Injury","Black","Female","Van","No","05MAR2010","Friday","Bicyclist Failed to Yield - Midblock",13,"Non-Intersection","March","C: Possible Injury",47160,"Bicyclist Ride Out - Other Midblock",2010,"Yes","No","Daylight","Straight - Level","Local Street","Dry","Two-Way, Divided, Unprotected Median","None","No Special Feature","Smooth Asphalt",0,0,0,0,0,0,0,"5 lanes",2,0,NA,0,NA