"...1","object_id","city","county","region","development","locality","on_road","rural_urban","speed_limit","traffic_control","weather","workzone","bike_age","bike_age_group","bike_alcohol","bike_alcohol_drugs","bike_direction","bike_injury","bike_position","bike_race","bike_sex","driver_age","driver_age_group","driver_alcohol","driver_alcohol_drugs","driver_est_speed","driver_injury","driver_race","driver_sex","driver_vehicle_type","crash_alcohol","crash_date","crash_day","crash_group","crash_hour","crash_location","crash_month","crash_severity","crash_time","crash_type","crash_year","ambulance_req","hit_run","light_condition","road_character","road_class","road_condition","road_configuration","road_defects","road_feature","road_surface","num_bikes_ai","num_bikes_bi","num_bikes_ci","num_bikes_ki","num_bikes_no","num_bikes_to","num_bikes_ui","num_lanes","num_units","distance_mi_from","frm_road","rte_invd_cd","towrd_road"
5576,3758,"None - Rural Crash","Onslow","Coastal","Farms, Woods, Pastures","Rural (<30% Developed)",NA,"Rural","50 - 55  MPH","Double Yellow Line, No Passing Zone","Clear","No",13,"11-15","No",NA,"With Traffic","B: Evident Injury","Travel Lane","White","Male",25,"25-29","No",NA,"51-55 mph","O: No Injury","White","Male","Pickup","No","05MAR2010","Friday","Bicyclist Left Turn / Merge",19,"Non-Intersection","March","B: Evident Injury",69240,"Bicyclist Left Turn - Same Direction",2010,"Yes","No","Dark - Roadway Not Lighted","Straight - Level","State Secondary Route","Dry","Two-Way, Not Divided","None","No Special Feature","Coarse Asphalt",0,0,0,0,0,0,0,"2 lanes",2,0,NA,0,NA
5577,3767,"None - Rural Crash","Rowan","Piedmont","Farms, Woods, Pastures","Rural (<30% Developed)",NA,"Rural","50 - 55  MPH","Double Yellow Line, No Passing Zone","Clear","No",16,"16-19","No",NA,"With Traffic","B: Evident Injury","Travel Lane","White","Male",24,"20-24","No",NA,"46-50 mph","O: No Injury","Black","Male","Passenger Car","No","31MAR2010","Wednesday","Bicyclist Left Turn / Merge",15,"Non-Intersection","March","B: Evident Injury",57300,"Bicyclist Left Turn - Same Direction",2010,"Yes","No","Daylight","Straight - Grade","State Secondary Route","Dry","Two-Way, Not Divided","None","No Special Feature","Coarse Asphalt",0,0,0,0,0,0,0,"2 lanes",2,0,NA,0,NA
5578,3768,"Hickory","Catawba","Piedmont","Residential","Urban (>70% Developed)",NA,"Urban","20 - 25  MPH","No Control Present","Clear","No",12,"11-15","No",NA,"Not Applicable","C: Possible Injury","Non-Roadway","Black","Male",46,"40-49","No",NA,"21-25 mph","O: No Injury","White","Female","Passenger Car","No","19MAR2010","Friday","Loss of Control / Turning Error",19,"Intersection","March","C: Possible Injury",69840,"Bicyclist Lost Control - Mechanical Problems",2010,"Yes","No","Dusk","Straight - Hillcrest","Local Street","Dry","Two-Way, Not Divided","None","No Special Feature","Coarse Asphalt",0,0,0,0,0,0,0,"2 lanes",2,0,NA,0,NA
5579,3770,"Greensboro","Guilford","Piedmont","Residential","Urban (>70% Developed)",NA,"Urban","30 - 35  MPH","No Control Present","Clear","No",30,"30-39","No",NA,"With Traffic","C: Possible Injury","Travel Lane","Black","Male",18,"0-19","No",NA,"11-15 mph","O: No Injury","White","Female","Passenger Car","No","04MAR2010","Thursday","Motorist Right Turn / Merge",17,"Intersection","March","C: Possible Injury",61680,"Motorist Right Turn - Same Direction",2010,"Yes","No","Daylight","Straight - Level","Local Street","Dry","Two-Way, Not Divided","None","Four-Way Intersection","Coarse Asphalt",0,0,0,0,0,0,0,"2 lanes",2,0,NA,0,NA
5580,3784,"Boone","Watauga","Mountains","Institutional","Urban (>70% Developed)",NA,"Urban","20 - 25  MPH","Stop And Go Signal","Cloudy","No",20,"20-24","No",NA,"With Traffic","C: Possible Injury","Travel Lane","White","Female",NA,NA,"Missing",NA,"0-5 mph","Unknown Injury","Unknown/Missing",NA,NA,"No","08APR2010","Thursday","Motorist Right Turn / Merge",16,"Intersection","April","C: Possible Injury",58620,"Motorist Right Turn - Same Direction",2010,"No","Yes","Daylight","Straight - Level","Local Street","Dry","Two-Way, Not Divided","None","No Special Feature","Coarse Asphalt",0,0,0,0,0,0,0,"4 lanes",2,0,NA,0,NA
5581,3789,"None - Rural Crash","Wake","Piedmont","Farms, Woods, Pastures","Rural (<30% Developed)",NA,"Rural","50 - 55  MPH","Double Yellow Line, No Passing Zone","Clear","No",29,"25-29","No",NA,"With Traffic","B: Evident Injury","Travel Lane","Hispanic","Male",29,"25-29","No",NA,"46-50 mph","O: No Injury","Hispanic","Male","Pickup","No","11APR2010","Sunday","Motorist Overtaking Bicyclist",20,"Non-Intersection","April","B: Evident Injury",74280,"Motorist Overtaking - Misjudged Space",2010,"Yes","No","Dark - Roadway Not Lighted","Straight - Level","State Secondary Route","Dry","Two-Way, Not Divided","None","No Special Feature","Smooth Asphalt",0,0,0,0,0,0,0,"2 lanes",2,0,NA,0,NA
5582,3793,"Asheville","Buncombe","Mountains","Commercial","Urban (>70% Developed)",NA,"Urban","20 - 25  MPH","Stop And Go Signal","Clear","No",26,"25-29","No",NA,"With Traffic","C: Possible Injury","Travel Lane","White","Male",45,"40-49","No",NA,"6-10 mph","O: No Injury","White","Female","Passenger Car","No","02APR2010","Friday","Crossing Paths - Other Circumstances",8,"Intersection-Related","April","C: Possible Injury",29760,"Crossing Paths - Uncontrolled Intersection",2010,"No","No","Daylight","Straight - Level","US Route","Dry","Two-Way, Divided, Unprotected Median","None","Related To Intersection","Smooth Asphalt",0,0,0,0,0,0,0,"5 lanes",2,0,NA,0,NA
5583,3797,"Wilmington","New Hanover","Coastal","Commercial","Urban (>70% Developed)",NA,"Urban","30 - 35  MPH","No Control Present","Clear","No",19,"16-19","No",NA,"Not Applicable","C: Possible Injury","Travel Lane","Black","Male",NA,NA,"Missing",NA,NA,"Unknown Injury","Unknown/Missing",NA,NA,"No","30MAR2010","Tuesday","Crossing Paths - Other Circumstances",11,"Non-Intersection","March","C: Possible Injury",39840,"Crossing Paths - Midblock - Other / Unknown",2010,"Yes","Yes","Daylight","Straight - Grade","Local Street","Dry","One-Way, Not Divided","None","No Special Feature","Smooth Asphalt",0,0,0,0,0,0,0,"5 lanes",2,0,NA,0,NA
5584,3800,"Wilson","Wilson","Coastal","Residential","Urban (>70% Developed)",NA,"Urban","30 - 35  MPH","No Control Present","Clear","No",37,"30-39","No",NA,"With Traffic","B: Evident Injury","Travel Lane","Black","Male",48,"40-49","No",NA,"16-20 mph","O: No Injury","Black","Female","Passenger Car","No","21FEB2010","Sunday","Motorist Overtaking Bicyclist",18,"Non-Intersection","February","B: Evident Injury",68040,"Motorist Overtaking - Other / Unknown",2010,"Yes","No","Dark - Lighted Roadway","Straight - Level","Local Street","Dry","Two-Way, Not Divided","None","No Special Feature","Coarse Asphalt",0,0,0,0,0,0,0,"2 lanes",2,0,NA,0,NA
5585,3803,"Jacksonville","Onslow","Coastal","Commercial","Urban (>70% Developed)",NA,"Urban","40 - 45  MPH","Stop And Go Signal","Clear","No",13,"11-15","No",NA,"Not Applicable","B: Evident Injury","Travel Lane","Black","Male",22,"20-24","No",NA,"26-30 mph","O: No Injury","Black","Female","Sport Utility","No","02APR2010","Friday","Bicyclist Failed to Yield - Midblock",12,"Non-Intersection","April","B: Evident Injury",45240,"Multiple Threat - Midblock",2010,"Yes","No","Daylight","Straight - Level","US Route","Dry","Two-Way, Divided, Unprotected Median","None","No Special Feature","Smooth Asphalt",0,0,0,0,0,0,0,"6 lanes",2,0,NA,0,NA
5586,3807,"Greensboro","Guilford","Piedmont","Commercial","Urban (>70% Developed)",NA,"Urban","30 - 35  MPH","Stop And Go Signal","Clear","No",14,"11-15","No",NA,"Facing Traffic","B: Evident Injury","Sidewalk / Crosswalk / Driveway Crossing","White","Female",20,"20-24","No",NA,"26-30 mph","O: No Injury","White","Male","Passenger Car","No","30MAR2010","Tuesday","Bicyclist Failed to Yield - Sign-Controlled Intersection",18,"Intersection","March","B: Evident Injury",67080,"Bicyclist Ride Out - Sign-Controlled Intersection",2010,"Yes","No","Daylight","Straight - Level","Local Street","Dry","Two-Way, Not Divided","None","Four-Way Intersection","Coarse Asphalt",0,0,0,0,0,0,0,"2 lanes",2,0,NA,0,NA
5587,3809,"Greensboro","Guilford","Piedmont","Institutional","Urban (>70% Developed)",NA,"Urban","20 - 25  MPH","Stop And Go Signal","Clear","No",65,"60-69","No",NA,"With Traffic","C: Possible Injury","Sidewalk / Crosswalk / Driveway Crossing","White","Male",21,"20-24","No",NA,"11-15 mph","O: No Injury","Asian","Female","Passenger Car","No","16APR2010","Friday","Motorist Right Turn / Merge",12,"Intersection","April","C: Possible Injury",46200,"Motorist Right Turn - Same Direction",2010,"Yes","No","Daylight","Straight - Level","Local Street","Dry","Two-Way, Divided, Unprotected Median","None","Four-Way Intersection","Smooth Asphalt",0,0,0,0,0,0,0,"2 lanes",2,0,NA,0,NA
5588,3820,"Rocky Mount","Nash","Coastal","Residential","Urban (>70% Developed)",NA,"Urban","30 - 35  MPH","No Control Present","Clear","No",14,"11-15","No",NA,"Not Applicable","C: Possible Injury","Travel Lane","Black","Male",66,"60-69","No",NA,"26-30 mph","O: No Injury","Black","Male","Passenger Car","No","31MAR2010","Wednesday","Bicyclist Failed to Yield - Midblock",18,"Non-Intersection","March","C: Possible Injury",66300,"Bicyclist Ride Out - Midblock - Unknown",2010,"Yes","No","Daylight","Straight - Level","Local Street","Dry","Two-Way, Not Divided","None","No Special Feature","Smooth Asphalt",0,0,0,0,0,0,0,"2 lanes",2,0,NA,0,NA
5589,3821,"Fayetteville","Cumberland","Coastal","Residential","Urban (>70% Developed)",NA,"Urban","20 - 25  MPH","Stop And Go Signal","Clear","No",16,"16-19","No",NA,"With Traffic","C: Possible Injury","Bike Lane / Paved Shoulder","White","Male",51,"50-59","No",NA,"16-20 mph","O: No Injury","White","Female","School Bus","No","20APR2010","Tuesday","Bicyclist Left Turn / Merge",15,"Non-Intersection","April","C: Possible Injury",56520,"Bicyclist Left Turn - Same Direction",2010,"Yes","No","Daylight","Straight - Level","Local Street","Dry","Two-Way, Not Divided","None","No Special Feature","Coarse Asphalt",0,0,0,0,0,0,0,"2 lanes",2,0,NA,0,NA
5590,3837,"Conover","Catawba","Piedmont","Residential","Urban (>70% Developed)",NA,"Urban","30 - 35  MPH","No Control Present","Rain","No",35,"30-39","Yes",NA,"With Traffic","B: Evident Injury","Travel Lane","Hispanic","Male",NA,NA,"Missing",NA,"0-5 mph","Unknown Injury","Unknown/Missing",NA,"Sport Utility","Yes","24APR2010","Saturday","Bicyclist Overtaking Motorist",20,"Non-Intersection","April","B: Evident Injury",72540,"Bicyclist Overtaking - Parked Vehicle",2010,"Yes","No","Dark - Roadway Not Lighted","Straight - Level","Local Street","Wet","Two-Way, Not Divided","None","No Special Feature","Smooth Asphalt",0,0,0,0,0,0,0,"2 lanes",2,0,NA,0,NA
5591,3840,"Kannapolis","Cabarrus","Piedmont","Residential","Urban (>70% Developed)",NA,"Urban","30 - 35  MPH","No Control Present","Clear","No",7,"6-10","No",NA,"Not Applicable","A: Disabling Injury","Driveway / Alley","White","Female",63,"60-69","No",NA,"31-35 mph","O: No Injury","White","Female","Passenger Car","No","09APR2010","Friday","Bicyclist Failed to Yield - Midblock",14,"Non-Intersection","April","A: Disabling Injury",53040,"Bicyclist Ride Out - Residential Driveway",2010,"Yes","No","Daylight","Straight - Grade","Local Street","Dry","Two-Way, Not Divided","None","No Special Feature","Coarse Asphalt",0,0,0,0,0,0,0,"2 lanes",2,0,NA,0,NA
5592,3844,"None - Rural Crash","Wake","Piedmont","Commercial","Urban (>70% Developed)",NA,"Rural","40 - 45  MPH","Stop And Go Signal","Clear","No",34,"30-39","No",NA,"Facing Traffic","B: Evident Injury","Bike Lane / Paved Shoulder","Hispanic","Male",42,"40-49","No",NA,"0-5 mph","O: No Injury","White","Male","Passenger Car","No","22APR2010","Thursday","Motorist Failed to Yield - Signalized Intersection",14,"Intersection","April","B: Evident Injury",51480,"Motorist Drive Out - Signalized Intersection",2010,"Yes","No","Daylight","Straight - Level","US Route","Dry","Two-Way, Divided, Unprotected Median","None","T-Intersection","Smooth Asphalt",0,0,0,0,0,0,0,"8 lanes",2,0,NA,0,NA
5593,3847,"Charlotte","Mecklenburg","Piedmont","Institutional","Urban (>70% Developed)",NA,"Urban","50 - 55  MPH","Stop And Go Signal","Clear","No",24,"20-24","No",NA,"With Traffic","B: Evident Injury","Sidewalk / Crosswalk / Driveway Crossing","White","Male",36,"30-39","No",NA,"26-30 mph","O: No Injury","Hispanic","Male","Pickup","No","19APR2010","Monday","Crossing Paths - Other Circumstances",17,"Intersection","April","B: Evident Injury",61200,"Signalized Intersection - Other / Unknown",2010,"Yes","No","Daylight","Straight - Level","Local Street","Dry","Two-Way, Divided, Positive Median Barrier","None","No Special Feature","Smooth Asphalt",0,0,0,0,0,0,0,"4 lanes",2,0,NA,0,NA
5594,3848,"Kinston","Lenoir","Coastal","Residential","Urban (>70% Developed)",NA,"Urban","30 - 35  MPH","No Control Present","Clear","No",31,"30-39","No",NA,NA,"C: Possible Injury",NA,"Black","Male",NA,"70+","No",NA,"31-35 mph","O: No Injury","White","Male","Van","No","27APR2010","Tuesday","Other / Unknown - Insufficient Details",13,"Non-Intersection","April","C: Possible Injury",47040,"Unknown Approach Paths",2010,"No","No","Daylight","Straight - Level","Local Street","Dry","Two-Way, Not Divided",NA,"No Special Feature","Smooth Asphalt",0,0,0,0,0,0,0,"2 lanes",2,0,NA,0,NA
5595,3852,"None - Rural Crash","Scotland","Coastal","Residential","Mixed (30% To 70% Developed)",NA,"Rural","40 - 45  MPH","Double Yellow Line, No Passing Zone","Clear","No",17,"16-19","No",NA,"Not Applicable","B: Evident Injury","Driveway / Alley","Black","Male",NA,"70+","No",NA,"41-45 mph","O: No Injury","Native American","Male","Passenger Car","No","19APR2010","Monday","Bicyclist Failed to Yield - Midblock",20,"Non-Intersection","April","B: Evident Injury",74040,"Bicyclist Ride Out - Commercial Driveway / Alley",2010,"Yes","No","Dark - Roadway Not Lighted","Straight - Level","State Secondary Route","Dry","Two-Way, Not Divided","None","Driveway, Public","Smooth Asphalt",0,0,0,0,0,0,0,"2 lanes",2,0,NA,0,NA
5596,3859,"Durham","Durham","Piedmont","Residential","Urban (>70% Developed)",NA,"Urban","30 - 35  MPH","No Control Present","Clear","No",18,"16-19","No",NA,"With Traffic","B: Evident Injury","Travel Lane","Hispanic","Male",21,"20-24","No",NA,"26-30 mph","O: No Injury","Black","Female","Passenger Car","No","30APR2010","Friday","Motorist Overtaking Bicyclist",15,"Non-Intersection","April","B: Evident Injury",56340,"Motorist Overtaking - Bicyclist Swerved",2010,"Yes","No","Daylight","Straight - Level","Local Street","Dry","Two-Way, Not Divided","None","No Special Feature","Coarse Asphalt",0,0,0,0,0,0,0,"2 lanes",2,0,NA,0,NA
5597,3889,"Greensboro","Guilford","Piedmont","Residential","Urban (>70% Developed)",NA,"Urban","30 - 35  MPH","Stop Sign","Clear","No",13,"11-15","No",NA,"Facing Traffic","B: Evident Injury","Travel Lane","Black","Male",36,"30-39","No",NA,"36-40 mph","O: No Injury","White","Female","Passenger Car","No","30APR2010","Friday","Bicyclist Failed to Yield - Sign-Controlled Intersection",18,"Intersection","April","B: Evident Injury",64860,"Bicyclist Ride Out - Sign-Controlled Intersection",2010,"Yes","No","Daylight","Straight - Hillcrest","Local Street","Dry","Two-Way, Not Divided","None","T-Intersection","Coarse Asphalt",0,0,0,0,0,0,0,"2 lanes",2,0,NA,0,NA
5598,3899,"Roxboro","Person","Piedmont","Commercial","Urban (>70% Developed)",NA,"Urban",NA,"No Control Present","Clear","No",22,"20-24","No",NA,"With Traffic","O: No Injury","Travel Lane","White","Male",NA,NA,"Missing",NA,NA,"Unknown Injury","Unknown/Missing",NA,NA,"No","18APR2010","Sunday","Head-On",19,"Intersection-Related","April","O: No Injury",70200,"Head-On - Motorist",2010,"Yes","Yes","Dark - Lighted Roadway","Straight - Level","US Route","Dry","Two-Way, Not Divided","None","No Special Feature","Smooth Asphalt",0,0,0,0,0,0,0,"5 lanes",2,0,NA,0,NA
5599,3900,"None - Rural Crash","Davidson","Piedmont","Residential","Rural (<30% Developed)",NA,"Rural","50 - 55  MPH","Stop Sign","Clear","No",40,"40-49","No",NA,"With Traffic","B: Evident Injury","Travel Lane","White","Male",21,"20-24","No",NA,"0-5 mph","O: No Injury","White","Female","Passenger Car","No","14MAY2010","Friday","Motorist Failed to Yield - Sign-Controlled Intersection",13,"Intersection","May","B: Evident Injury",47760,"Motorist Drive Out - Sign-Controlled Intersection",2010,"Yes","No","Daylight","Straight - Grade","State Secondary Route","Dry","Two-Way, Not Divided","None","Four-Way Intersection","Smooth Asphalt",0,0,0,0,0,0,0,"2 lanes",2,0,NA,0,NA
5600,3901,"Durham","Durham","Piedmont","Residential","Urban (>70% Developed)",NA,"Urban","20 - 25  MPH","Stop Sign","Clear","No",8,"6-10","No",NA,"With Traffic","C: Possible Injury","Travel Lane","Black","Female",31,"30-39","No",NA,"21-25 mph","O: No Injury","White","Female","Sport Utility","No","15MAY2010","Saturday","Crossing Paths - Other Circumstances",19,"Intersection","May","C: Possible Injury",68820,"Sign-Controlled Intersection - Other / Unknown",2010,"Yes","No","Daylight","Straight - Level","Local Street","Dry","Two-Way, Not Divided","None","Four-Way Intersection","Coarse Asphalt",0,0,0,0,0,0,0,"2 lanes",2,0,NA,0,NA
5601,6926,"Boone","Watauga","Mountains","Commercial","Urban (>70% Developed)",NA,"Urban","30 - 35  MPH","Stop And Go Signal","Clear","No",22,"20-24","No",NA,"With Traffic","B: Evident Injury","Travel Lane","White","Male",NA,"70+","No",NA,"6-10 mph","O: No Injury","White","Female","Sport Utility","No","25JUN2007","Monday","Bicyclist Failed to Yield - Signalized Intersection",19,"Intersection","June","B: Evident Injury",71700,"Bicyclist Ride Through - Signalized Intersection",2007,"No","No","Daylight","Straight - Grade","Local Street","Dry","Two-Way, Not Divided","None","Four-Way Intersection","Smooth Asphalt",0,0,0,0,0,0,0,"2 lanes",2,0,NA,0,NA
5602,6933,"Raleigh","Wake","Piedmont","Residential","Urban (>70% Developed)",NA,"Urban","30 - 35  MPH","Stop Sign","Clear","No",49,"40-49","No",NA,"With Traffic","K: Killed","Travel Lane","White","Female",65,"60-69","No",NA,"0-5 mph","O: No Injury","White","Female","Passenger Car","No","25JUN2007","Monday","Motorist Failed to Yield - Sign-Controlled Intersection",16,"Intersection","June","K: Killed",60840,"Motorist Drive Out - Sign-Controlled Intersection",2007,"Yes","No","Daylight","Straight - Grade","Local Street","Dry","Two-Way, Not Divided","None","T-Intersection","Coarse Asphalt",0,0,0,0,0,0,0,"2 lanes",2,0,NA,0,NA
5603,6936,"Hickory","Catawba","Piedmont","Residential","Urban (>70% Developed)",NA,"Urban","30 - 35  MPH","Stop Sign","Clear","No",22,"20-24","No",NA,NA,"B: Evident Injury","Travel Lane","White","Male",21,"20-24","No",NA,"6-10 mph","O: No Injury","White","Female","Passenger Car","No","26JUN2007","Tuesday","Bicyclist Failed to Yield - Sign-Controlled Intersection",21,"Intersection","June","B: Evident Injury",76740,"Bicyclist Ride Through - Sign-Controlled Intersection",2007,"Yes","No","Dark - Lighted Roadway","Straight - Bottom","Local Street","Dry","Two-Way, Not Divided","None","T-Intersection","Smooth Asphalt",0,0,0,0,0,0,0,"2 lanes",2,0,NA,0,NA
5604,6939,"Wilmington","New Hanover","Coastal","Commercial","Urban (>70% Developed)",NA,"Urban","40 - 45  MPH","No Control Present","Clear","No",13,"11-15","No",NA,"Not Applicable","B: Evident Injury","Non-Roadway","White","Male",20,"20-24","No",NA,"16-20 mph","O: No Injury","White","Female","Passenger Car","No","27JUN2007","Wednesday","Bicyclist Failed to Yield - Midblock",12,"Non-Intersection","June","B: Evident Injury",46260,"Bicyclist Ride Out - Commercial Driveway / Alley",2007,"Yes","No","Daylight","Straight - Level","Local Street","Dry","Two-Way, Not Divided","None","No Special Feature","Coarse Asphalt",0,0,0,0,0,0,0,"5 lanes",2,0,NA,0,NA
5605,6954,"Charlotte","Mecklenburg","Piedmont","Commercial","Urban (>70% Developed)",NA,"Urban",NA,"Stop And Go Signal","Clear","No",42,"40-49","Yes",NA,"With Traffic","B: Evident Injury","Travel Lane","Black","Male",NA,NA,"Missing",NA,NA,"Unknown Injury","Unknown/Missing",NA,"Passenger Car","Yes","06OCT2007","Saturday","Bicyclist Failed to Yield - Signalized Intersection",2,"Intersection","October","B: Evident Injury",7320,"Bicyclist Ride Through - Signalized Intersection",2007,"Yes","Yes","Dark - Lighted Roadway","Straight - Level","Local Street","Dry","Two-Way, Not Divided","None","No Special Feature","Concrete",0,0,0,0,0,0,0,"4 lanes",2,0,NA,0,NA
5606,6956,"None - Rural Crash","Rowan","Piedmont","Residential","Urban (>70% Developed)",NA,"Rural",NA,"No Control Present","Clear","No",6,"6-10","No",NA,NA,"C: Possible Injury",NA,"White","Female",18,"0-19","No",NA,"0-5 mph","O: No Injury","Hispanic","Male","Passenger Car","No","01JUL2007","Sunday","Parallel Paths - Other Circumstances",13,"Non-Intersection","July","C: Possible Injury",46800,"Parallel Paths - Other / Unknown",2007,"No","No","Daylight","Straight - Grade","Local Street","Dry","Two-Way, Not Divided","None","No Special Feature","Smooth Asphalt",0,0,0,0,0,0,0,"2 lanes",2,0,NA,0,NA
5607,6967,"Emerald Isle","Carteret","Coastal","Commercial","Urban (>70% Developed)",NA,"Rural","40 - 45  MPH","No Control Present","Clear","No",58,"50-59","No",NA,"With Traffic","B: Evident Injury","Travel Lane","White","Male",16,"0-19","No",NA,"0-5 mph","O: No Injury","White","Male","Pickup","No","04JUL2007","Wednesday","Motorist Right Turn / Merge",12,"Non-Intersection","July","B: Evident Injury",45000,"Motorist Right Turn - Same Direction",2007,"Yes","No","Daylight","Straight - Level","NC Route","Dry","Two-Way, Not Divided","None","Driveway, Public","Smooth Asphalt",0,0,0,0,0,0,0,"2 lanes",2,0,NA,0,NA
5608,6969,"Raleigh","Wake","Piedmont","Residential","Urban (>70% Developed)",NA,"Urban","30 - 35  MPH","Stop Sign","Clear","No",46,"40-49","No",NA,"Facing Traffic","O: No Injury","Travel Lane","Black","Male",45,"40-49","No",NA,"0-5 mph","O: No Injury","Hispanic","Female","Sport Utility","No","04JUL2007","Wednesday","Motorist Failed to Yield - Sign-Controlled Intersection",12,"Intersection","July","O: No Injury",46020,"Motorist Drive Out - Sign-Controlled Intersection",2007,"No","No","Daylight","Straight - Level","Local Street","Dry","Two-Way, Not Divided","None","T-Intersection","Coarse Asphalt",0,0,0,0,0,0,0,"2 lanes",2,0,NA,0,NA
5609,6972,"Emerald Isle","Carteret","Coastal","Residential","Urban (>70% Developed)",NA,"Rural","20 - 25  MPH","No Control Present","Clear","No",8,"6-10","No",NA,"Facing Traffic","B: Evident Injury","Travel Lane","White","Female",59,"50-59","No",NA,"0-5 mph","O: No Injury","White","Female","Passenger Car","No","04JUL2007","Wednesday","Parallel Paths - Other Circumstances",16,"Non-Intersection","July","B: Evident Injury",60600,"Parallel Paths - Other / Unknown",2007,"No","No","Daylight","Straight - Hillcrest","Local Street","Dry","Two-Way, Not Divided","None","Driveway, Public","Coarse Asphalt",0,0,0,0,0,0,0,"2 lanes",2,0,NA,0,NA
5610,6990,"Huntersville","Mecklenburg","Piedmont","Commercial","Urban (>70% Developed)",NA,"Urban","30 - 35  MPH","Stop And Go Signal","Clear","No",20,"20-24","No",NA,"With Traffic","C: Possible Injury","Travel Lane","White","Male",55,"50-59","No",NA,"6-10 mph","O: No Injury","White","Female","Passenger Car","No","11JUL2007","Wednesday","Loss of Control / Turning Error",12,"Intersection","July","C: Possible Injury",46020,"Bicyclist Lost Control - Mechanical Problems",2007,"Yes","No","Daylight","Straight - Level","Local Street","Dry","Two-Way, Divided, Unprotected Median","None","Four-Way Intersection","Smooth Asphalt",0,0,0,0,0,0,0,"4 lanes",2,0,NA,0,NA
5611,6992,"Holly Springs","Wake","Piedmont","Residential","Urban (>70% Developed)",NA,"Urban","20 - 25  MPH","Stop Sign","Clear","No",7,"6-10","No",NA,"With Traffic","B: Evident Injury","Travel Lane","White","Male",18,"0-19","No",NA,"11-15 mph","O: No Injury","Black","Male","Passenger Car","No","12JUL2007","Thursday","Bicyclist Failed to Yield - Sign-Controlled Intersection",13,"Intersection","July","B: Evident Injury",46800,"Bicyclist Ride Through - Sign-Controlled Intersection",2007,"Yes","No","Daylight","Straight - Level","Local Street","Dry","Two-Way, Not Divided","None","Four-Way Intersection","Coarse Asphalt",0,0,0,0,0,0,0,"2 lanes",2,0,NA,0,NA
5612,6994,"Statesville","Iredell","Piedmont","Residential","Urban (>70% Developed)",NA,"Urban","30 - 35  MPH","No Control Present","Clear","No",35,"30-39","No",NA,"With Traffic","C: Possible Injury","Travel Lane","Black","Female",41,"40-49","No",NA,"6-10 mph","Unknown Injury","Black","Male",NA,"No","12JUL2007","Thursday","Motorist Overtaking Bicyclist",20,"Intersection-Related","July","C: Possible Injury",73800,"Motorist Overtaking - Other / Unknown",2007,"No","Yes","Dark - Unknown Lighting","Straight - Level","Local Street","Dry","Two-Way, Not Divided","None","No Special Feature","Smooth Asphalt",0,0,0,0,0,0,0,"2 lanes",2,0,NA,0,NA
5613,7005,"None - Rural Crash","Dare","Coastal","Commercial","Urban (>70% Developed)",NA,"Rural","30 - 35  MPH","Double Yellow Line, No Passing Zone","Clear","No",34,"30-39","No",NA,"With Traffic","B: Evident Injury","Bike Lane / Paved Shoulder","White","Female",66,"60-69","No",NA,"26-30 mph","O: No Injury","White","Female","Passenger Car","No","04JUL2007","Wednesday","Motorist Overtaking Bicyclist",20,"Non-Intersection","July","B: Evident Injury",73800,"Motorist Overtaking - Bicyclist Swerved",2007,"Yes","No","Daylight","Straight - Level","NC Route","Dry","Two-Way, Not Divided","None","No Special Feature","Smooth Asphalt",0,0,0,0,0,0,0,"2 lanes",2,0,NA,0,NA
5614,7006,"None - Rural Crash","Rowan","Piedmont","Residential","Urban (>70% Developed)",NA,"Rural","50 - 55  MPH","No Control Present","Clear","No",58,"50-59","No",NA,"With Traffic","C: Possible Injury","Travel Lane","White","Male",NA,"70+","No",NA,"41-45 mph","O: No Injury","White","Female","Passenger Car","No","14JUL2007","Saturday","Motorist Overtaking Bicyclist",9,"Non-Intersection","July","C: Possible Injury",33240,"Motorist Overtaking - Misjudged Space",2007,"Yes","No","Daylight","Straight - Level","State Secondary Route","Dry","Two-Way, Not Divided","None","No Special Feature","Smooth Asphalt",0,0,0,0,0,0,0,"2 lanes",2,0,NA,0,NA
5615,7008,"Charlotte","Mecklenburg","Piedmont","Commercial","Urban (>70% Developed)",NA,"Urban","30 - 35  MPH","No Control Present","Rain","No",20,"20-24","No",NA,"With Traffic","O: No Injury","Travel Lane","Black","Male",42,"40-49","No",NA,"0-5 mph","O: No Injury","Black","Female","Passenger Car","No","19OCT2007","Friday","Motorist Left Turn / Merge",9,"Non-Intersection","October","O: No Injury",34920,"Motorist Left Turn - Opposite Direction",2007,"No","No","Daylight","Straight - Grade","Local Street","Wet","Two-Way, Divided, Unprotected Median","None","No Special Feature","Coarse Asphalt",0,0,0,0,0,0,0,"4 lanes",2,0,NA,0,NA
5616,7015,"Greensboro","Guilford","Piedmont","Residential","Urban (>70% Developed)",NA,"Urban","30 - 35  MPH","Stop And Go Signal","Rain","No",56,"50-59","No",NA,"With Traffic","B: Evident Injury","Travel Lane","White","Male",41,"40-49","No",NA,"26-30 mph","O: No Injury","White","Male","Passenger Car","No","17JUL2007","Tuesday","Bicyclist Left Turn / Merge",23,"Intersection","July","B: Evident Injury",85380,"Bicyclist Left Turn - Opposite Direction",2007,"No","No","Dark - Lighted Roadway","Straight - Grade","Local Street","Wet","Two-Way, Divided, Unprotected Median","None","No Special Feature","Coarse Asphalt",0,0,0,0,0,0,0,"7 lanes",2,0,NA,0,NA