"...1","object_id","city","county","region","development","locality","on_road","rural_urban","speed_limit","traffic_control","weather","workzone","bike_age","bike_age_group","bike_alcohol","bike_alcohol_drugs","bike_direction","bike_injury","bike_position","bike_race","bike_sex","driver_age","driver_age_group","driver_alcohol","driver_alcohol_drugs","driver_est_speed","driver_injury","driver_race","driver_sex","driver_vehicle_type","crash_alcohol","crash_date","crash_day","crash_group","crash_hour","crash_location","crash_month","crash_severity","crash_time","crash_type","crash_year","ambulance_req","hit_run","light_condition","road_character","road_class","road_condition","road_configuration","road_defects","road_feature","road_surface","num_bikes_ai","num_bikes_bi","num_bikes_ci","num_bikes_ki","num_bikes_no","num_bikes_to","num_bikes_ui","num_lanes","num_units","distance_mi_from","frm_road","rte_invd_cd","towrd_road"
5617,7026,"Asheville","Buncombe","Mountains","Residential","Urban (>70% Developed)",NA,"Urban","20 - 25  MPH","No Control Present","Clear","No",12,"11-15","No",NA,"With Traffic","C: Possible Injury","Travel Lane","Black","Male",53,"50-59","No",NA,NA,"O: No Injury","Black","Male","Passenger Car","No","20JUL2007","Friday","Parallel Paths - Other Circumstances",16,"Non-Intersection","July","C: Possible Injury",60000,"Parallel Paths - Other / Unknown",2007,"No","Yes","Daylight","Straight - Level","Local Street","Dry","Two-Way, Not Divided","None","No Special Feature","Coarse Asphalt",0,0,0,0,0,0,0,"2 lanes",2,0,NA,0,NA
5618,7030,"Cary","Wake","Piedmont","Commercial","Urban (>70% Developed)",NA,"Urban","30 - 35  MPH","Stop And Go Signal","Clear","No",16,"16-19","Yes",NA,"Not Applicable","B: Evident Injury","Travel Lane","Hispanic","Male",26,"25-29","No",NA,"26-30 mph","O: No Injury","White","Male","Passenger Car","Yes","27OCT2007","Saturday","Bicyclist Failed to Yield - Midblock",12,"Non-Intersection","October","B: Evident Injury",46500,"Multiple Threat - Midblock",2007,"Yes","No","Daylight","Straight - Level","State Secondary Route","Dry","Two-Way, Not Divided","None","Related To Intersection","Smooth Asphalt",0,0,0,0,0,0,0,"5 lanes",2,0,NA,0,NA
5619,7035,"None - Rural Crash","Pender","Coastal","Residential","Mixed (30% To 70% Developed)",NA,"Rural",NA,"No Control Present","Clear","No",25,"25-29","No",NA,"With Traffic","B: Evident Injury","Travel Lane","White","Male",24,"20-24","Yes",NA,"46-50 mph","O: No Injury","White","Male","Passenger Car","Yes","23JUL2007","Monday","Motorist Overtaking Bicyclist",20,"Non-Intersection","July","B: Evident Injury",72000,"Motorist Overtaking - Other / Unknown",2007,"Yes","No","Dusk","Straight - Level","State Secondary Route","Dry","Two-Way, Not Divided","None","No Special Feature","Smooth Asphalt",0,0,0,0,0,0,0,"2 lanes",2,0,NA,0,NA
5620,7041,"Davidson","Mecklenburg","Piedmont","Residential","Urban (>70% Developed)",NA,"Urban","30 - 35  MPH","Stop Sign","Clear","No",8,"6-10","No",NA,"With Traffic","B: Evident Injury","Sidewalk / Crosswalk / Driveway Crossing","White","Male",33,"30-39","No",NA,"31-35 mph","O: No Injury","Hispanic","Male","Pickup","No","24JUL2007","Tuesday","Bicyclist Failed to Yield - Sign-Controlled Intersection",13,"Intersection","July","B: Evident Injury",49500,"Bicyclist Ride Out - Sign-Controlled Intersection",2007,"Yes","No","Daylight","Straight - Level","Local Street","Dry","Two-Way, Not Divided","None","Four-Way Intersection","Coarse Asphalt",0,0,0,0,0,0,0,"2 lanes",2,0,NA,0,NA
5621,7042,"Charlotte","Mecklenburg","Piedmont","Commercial","Urban (>70% Developed)",NA,"Urban","40 - 45  MPH","No Control Present","Clear","No",43,"40-49","No",NA,"With Traffic","B: Evident Injury","Bike Lane / Paved Shoulder","Asian","Male",56,"50-59","No",NA,"41-45 mph","O: No Injury","White","Male","Commercial Bus","No","12OCT2007","Friday","Motorist Overtaking Bicyclist",23,"Non-Intersection","October","B: Evident Injury",84900,"Motorist Overtaking - Bicyclist Swerved",2007,"Yes","No","Dark - Roadway Not Lighted","Straight - Grade","Local Street","Dry","Two-Way, Divided, Positive Median Barrier","None","No Special Feature","Smooth Asphalt",0,0,0,0,0,0,0,"4 lanes",2,0,NA,0,NA
5622,7055,"Sims","Wilson","Coastal","Residential","Urban (>70% Developed)",NA,"Rural","30 - 35  MPH","Stop Sign","Clear","No",65,"60-69","Yes",NA,"Facing Traffic","C: Possible Injury","Travel Lane","Black","Male",58,"50-59","No",NA,"0-5 mph","O: No Injury","White","Male","Pickup","Yes","27JUL2007","Friday","Bicyclist Failed to Yield - Sign-Controlled Intersection",18,"Intersection","July","C: Possible Injury",67680,"Bicyclist Ride Through - Sign-Controlled Intersection",2007,"No","No","Daylight","Straight - Level","Local Street","Dry","Two-Way, Not Divided","None","Four-Way Intersection","Smooth Asphalt",0,0,0,0,0,0,0,"2 lanes",2,0,NA,0,NA
5623,7063,"Wilmington","New Hanover","Coastal","Commercial","Urban (>70% Developed)",NA,"Urban","40 - 45  MPH","Stop Sign","Cloudy","No",43,"40-49","No",NA,"With Traffic","C: Possible Injury","Travel Lane","White","Male",19,"0-19","No",NA,"0-5 mph","O: No Injury","White","Male","Passenger Car","No","28JUL2007","Saturday","Loss of Control / Turning Error",18,"Intersection","July","C: Possible Injury",66660,"Bicyclist Lost Control - Mechanical Problems",2007,"Yes","No","Daylight","Straight - Level","Local Street","Wet","Two-Way, Not Divided","None","T-Intersection","Smooth Asphalt",0,0,0,0,0,0,0,"6 lanes",2,0,NA,0,NA
5624,7066,"Oak Island","Brunswick","Coastal","Residential","Urban (>70% Developed)",NA,"Urban","20 - 25  MPH","No Control Present","Clear","No",17,"16-19","No",NA,"With Traffic","O: No Injury","Travel Lane","White","Male",65,"60-69","No",NA,"21-25 mph","O: No Injury","White","Male","Passenger Car","No","29JUL2007","Sunday","Bicyclist Left Turn / Merge",19,"Intersection","July","O: No Injury",69600,"Bicyclist Left Turn - Same Direction",2007,"No","No","Daylight","Straight - Level","Local Street","Dry","Two-Way, Not Divided","None","T-Intersection","Smooth Asphalt",0,0,0,0,0,0,0,"2 lanes",2,0,NA,0,NA
5625,7074,"None - Rural Crash","Jones","Coastal","Farms, Woods, Pastures","Rural (<30% Developed)",NA,"Rural","50 - 55  MPH","Stop Sign","Clear","No",44,"40-49","Yes",NA,"With Traffic","C: Possible Injury","Travel Lane","Black","Male",65,"60-69","No",NA,"0-5 mph","O: No Injury","White","Male","Passenger Car","Yes","31JUL2007","Tuesday","Motorist Failed to Yield - Sign-Controlled Intersection",21,"Intersection","July","C: Possible Injury",77400,"Motorist Drive Out - Sign-Controlled Intersection",2007,"No","No","Dark - Roadway Not Lighted","Straight - Level","NC Route","Dry","Two-Way, Not Divided","None","Y-Intersection","Smooth Asphalt",0,0,0,0,0,0,0,"2 lanes",2,0,NA,0,NA
5626,7081,"High Point","Guilford","Piedmont","Residential","Urban (>70% Developed)",NA,"Urban","30 - 35  MPH","No Control Present","Clear","No",7,"6-10","No",NA,"Not Applicable","A: Disabling Injury","Driveway / Alley","White","Male",33,"30-39","No",NA,"36-40 mph","O: No Injury","Black","Female","Passenger Car","No","01AUG2007","Wednesday","Bicyclist Failed to Yield - Midblock",13,"Non-Intersection","August","A: Disabling Injury",50220,"Bicyclist Ride Out - Residential Driveway",2007,"Yes","No","Daylight","Straight - Grade","Local Street","Dry","Two-Way, Not Divided","None","No Special Feature","Smooth Asphalt",0,0,0,0,0,0,0,"2 lanes",2,0,NA,0,NA
5627,7082,"Black Mountain","Buncombe","Mountains","Residential","Mixed (30% To 70% Developed)",NA,"Urban","20 - 25  MPH","No Control Present","Clear","No",12,"11-15","No",NA,"With Traffic","B: Evident Injury","Travel Lane","Black","Male",NA,NA,"Missing",NA,NA,"Unknown Injury","Unknown/Missing",NA,"Passenger Car","No","02AUG2007","Thursday","Loss of Control / Turning Error",13,"Non-Intersection","August","B: Evident Injury",49200,"Bicyclist Lost Control - Other / Unknown",2007,"No","No","Daylight","Straight - Level","Local Street","Dry","Two-Way, Not Divided","None","Driveway, Public","Smooth Asphalt",0,0,0,0,0,0,0,"2 lanes",2,0,NA,0,NA
5628,7085,"Rocky Mount","Nash","Coastal","Commercial","Urban (>70% Developed)",NA,"Urban","20 - 25  MPH","Stop And Go Signal","Clear","No",18,"16-19","No",NA,"With Traffic","C: Possible Injury","Sidewalk / Crosswalk / Driveway Crossing","Black","Male",30,"30-39","No",NA,"26-30 mph","O: No Injury","Black","Male","Passenger Car","No","03AUG2007","Friday","Bicyclist Failed to Yield - Signalized Intersection",14,"Intersection","August","C: Possible Injury",52680,"Bicyclist Ride Out - Signalized  Intersection",2007,"No","No","Daylight","Straight - Level","Local Street","Dry","One-Way, Not Divided","None","Four-Way Intersection","Coarse Asphalt",0,0,0,0,0,0,0,"3 lanes",2,0,NA,0,NA
5629,7086,"Morrisville","Wake","Piedmont","Commercial","Mixed (30% To 70% Developed)",NA,"Urban","30 - 35  MPH","Stop And Go Signal","Clear","No",41,"40-49","No",NA,"With Traffic","A: Disabling Injury","Travel Lane","White","Male",48,"40-49","No",NA,"31-35 mph","A: Disabling Injury","White","Male","Passenger Car","No","03AUG2007","Friday","Bicyclist Failed to Yield - Signalized Intersection",6,"Intersection","August","A: Disabling Injury",22800,"Bicyclist Ride Through - Signalized Intersection",2007,"Yes","No","Daylight","Straight - Grade","Local Street","Dry","Two-Way, Divided, Unprotected Median","None","Four-Way Intersection","Smooth Asphalt",0,0,0,0,0,0,0,"4 lanes",2,0,NA,0,NA
5630,7088,"High Point","Guilford","Piedmont","Commercial","Urban (>70% Developed)",NA,"Urban","30 - 35  MPH","Stop And Go Signal","Clear","No",16,"16-19","No",NA,"Facing Traffic","C: Possible Injury","Sidewalk / Crosswalk / Driveway Crossing","Black","Male",30,"30-39","No",NA,"0-5 mph","O: No Injury","White","Female","Van","No","04AUG2007","Saturday","Motorist Failed to Yield - Signalized Intersection",19,"Intersection","August","C: Possible Injury",70320,"Motorist Drive Out - Right Turn on Red",2007,"Yes","No","Daylight","Straight - Level","Local Street","Dry","Two-Way, Not Divided","None","No Special Feature","Smooth Asphalt",0,0,0,0,0,0,0,"2 lanes",2,0,NA,0,NA
5631,7095,"Fayetteville","Cumberland","Coastal","Commercial","Urban (>70% Developed)",NA,"Urban","40 - 45  MPH","Stop And Go Signal","Clear","No",31,"30-39","No",NA,"With Traffic","Unknown Injury","Travel Lane","Black","Male",39,"30-39","No",NA,"41-45 mph","O: No Injury","Black","Male","Passenger Car","No","07AUG2007","Tuesday","Crossing Paths - Other Circumstances",20,"Intersection","August","O: No Injury",74460,"Signalized Intersection - Other / Unknown",2007,"No","No","Dark - Lighted Roadway","Straight - Level","Local Street","Dry","Two-Way, Divided, Unprotected Median","None","Four-Way Intersection","Smooth Asphalt",0,0,0,0,0,0,0,"4 lanes",2,0,NA,0,NA
5632,7098,"None - Rural Crash","Jackson","Mountains","Farms, Woods, Pastures","Rural (<30% Developed)",NA,"Rural","40 - 45  MPH","Double Yellow Line, No Passing Zone","Cloudy","No",20,"20-24","No",NA,"With Traffic","A: Disabling Injury","Travel Lane","White","Male",38,"30-39","No",NA,"31-35 mph","O: No Injury","White","Male","Pickup","No","07AUG2007","Tuesday","Head-On",19,"Non-Intersection","August","A: Disabling Injury",69480,"Head-On - Bicyclist",2007,"Yes","No","Daylight","Curve - Grade","State Secondary Route","Dry","Two-Way, Not Divided","None","No Special Feature","Coarse Asphalt",0,0,0,0,0,0,0,"2 lanes",2,0,NA,0,NA
5633,7100,"Fayetteville","Cumberland","Coastal","Commercial","Urban (>70% Developed)",NA,"Urban","40 - 45  MPH","Stop And Go Signal","Clear","No",NA,NA,"No",NA,NA,"Unknown Injury",NA,"Unknown/Missing",NA,64,"60-69","No",NA,NA,"O: No Injury","White","Female","Sport Utility","No","08JUL2007","Sunday","Other / Unknown - Insufficient Details",17,"Intersection","July","O: No Injury",62040,"Unknown Approach Paths",2007,"No","No","Daylight","Straight - Grade","Local Street","Dry","One-Way, Not Divided","None","On or Off Ramp","Coarse Asphalt",0,0,0,0,0,0,0,"2 lanes",2,0,NA,0,NA
5634,7101,"Asheville","Buncombe","Mountains","Residential","Urban (>70% Developed)",NA,"Urban","30 - 35  MPH","No Control Present","Clear","No",14,"11-15","No",NA,"With Traffic","A: Disabling Injury","Travel Lane","White","Male",26,"25-29","No",NA,"26-30 mph","O: No Injury","White","Male","Passenger Car","No","08AUG2007","Wednesday","Head-On",15,"Non-Intersection","August","A: Disabling Injury",54420,"Head-On - Bicyclist",2007,"Yes","No","Daylight","Curve - Level","Local Street","Dry","Two-Way, Not Divided","None","No Special Feature","Coarse Asphalt",0,0,0,0,0,0,0,"2 lanes",2,0,NA,0,NA
5635,7104,"Elizabeth City","Pasquotank","Coastal","Commercial","Urban (>70% Developed)",NA,"Urban","30 - 35  MPH","No Control Present","Cloudy","No",NA,NA,"No",NA,"With Traffic","C: Possible Injury","Sidewalk / Crosswalk / Driveway Crossing","Black","Male",34,"30-39","No",NA,"21-25 mph","O: No Injury","Black","Male","Passenger Car","No","09AUG2007","Thursday","Parallel Paths - Other Circumstances",0,"Non-Intersection","August","C: Possible Injury",0,"Bicyclist Ride Out - Parallel Path",2007,"No","No","Daylight","Straight - Level","Local Street","Dry","Two-Way, Divided, Unprotected Median","None","No Special Feature","Smooth Asphalt",0,0,0,0,0,0,0,"5 lanes",2,0,NA,0,NA
5636,7110,"None - Rural Crash","Moore","Piedmont","Commercial","Mixed (30% To 70% Developed)",NA,"Rural","30 - 35  MPH","Stop Sign","Cloudy","No",47,"40-49","Yes",NA,"Facing Traffic","C: Possible Injury","Travel Lane","Black","Male",53,"50-59","No",NA,"0-5 mph","O: No Injury","White","Female","Passenger Car","Yes","10AUG2007","Friday","Loss of Control / Turning Error",17,"Intersection","August","C: Possible Injury",62280,"Bicyclist Turning Error - Left Turn",2007,"Yes","No","Daylight","Straight - Level","State Secondary Route","Dry","Two-Way, Not Divided","None","T-Intersection","Coarse Asphalt",0,0,0,0,0,0,0,"2 lanes",2,0,NA,0,NA
5637,7116,"Halifax","Halifax","Coastal","Commercial","Mixed (30% To 70% Developed)",NA,"Rural","40 - 45  MPH","Double Yellow Line, No Passing Zone","Clear","No",48,"40-49","No",NA,"Facing Traffic","C: Possible Injury","Travel Lane","Black","Male",23,"20-24","No",NA,"16-20 mph","O: No Injury","Black","Male","Sport Utility","No","13AUG2007","Monday","Head-On",15,"Non-Intersection","August","C: Possible Injury",54600,"Head-On - Bicyclist",2007,"Yes","No","Daylight","Straight - Level","US Route","Dry","Two-Way, Not Divided","None","No Special Feature","Smooth Asphalt",0,0,0,0,0,0,0,"2 lanes",2,0,NA,0,NA
5638,7118,"Asheville","Buncombe","Mountains","Commercial","Urban (>70% Developed)",NA,"Urban","20 - 25  MPH","Stop And Go Signal","Clear","No",NA,NA,"Missing",NA,NA,"Unknown Injury","Non-Roadway","Unknown/Missing",NA,55,"50-59","No",NA,"6-10 mph","O: No Injury","Black","Female","Other Bus","No","05NOV2007","Monday","Non-Roadway",13,"Non-Roadway","November","O: No Injury",49500,"Non-Roadway",2007,"No","No","Daylight","Straight - Level","Local Street","Dry","Two-Way, Not Divided","None","Four-Way Intersection","Smooth Asphalt",0,0,0,0,0,0,0,"3 lanes",2,0,NA,0,NA
5639,7120,"None - Rural Crash","Rockingham","Piedmont","Farms, Woods, Pastures","Rural (<30% Developed)",NA,"Rural","50 - 55  MPH","Double Yellow Line, No Passing Zone","Clear","No",12,"11-15","No",NA,"Not Applicable","O: No Injury","Multi-use Path","Black","Male",42,"40-49","No",NA,"41-45 mph","O: No Injury","White","Male","Pickup","No","13AUG2007","Monday","Bicyclist Failed to Yield - Midblock",9,"Non-Intersection","August","O: No Injury",32940,"Bicyclist Ride Out - Other Midblock",2007,"Yes","No","Daylight","Straight - Level","US Route","Dry","Two-Way, Not Divided","None","No Special Feature","Smooth Asphalt",0,0,0,0,0,0,0,"2 lanes",2,0,NA,0,NA
5640,7122,"Greensboro","Guilford","Piedmont","Residential","Urban (>70% Developed)",NA,"Urban","20 - 25  MPH","No Control Present","Clear","No",24,"20-24","No",NA,"With Traffic","B: Evident Injury","Travel Lane","Black","Male",37,"30-39","No",NA,"11-15 mph","O: No Injury","Black","Female","Passenger Car","No","13AUG2007","Monday","Backing Vehicle",18,"Non-Intersection","August","B: Evident Injury",68220,"Backing Vehicle",2007,"Yes","No","Daylight","Straight - Level","Local Street","Dry","Two-Way, Not Divided","None","No Special Feature","Smooth Asphalt",0,0,0,0,0,0,0,"3 lanes",2,0,NA,0,NA
5641,7131,"None - Rural Crash","Johnston","Coastal","Farms, Woods, Pastures","Rural (<30% Developed)",NA,"Rural","50 - 55  MPH","Double Yellow Line, No Passing Zone","Clear","No",47,"40-49","No",NA,NA,"C: Possible Injury","Travel Lane","Black","Male",17,"0-19","No",NA,"51-55 mph","O: No Injury","White","Male","Pickup","No","15AUG2007","Wednesday","Parallel Paths - Other Circumstances",23,"Non-Intersection","August","C: Possible Injury",83220,"Parallel Paths - Other / Unknown",2007,"Yes","No","Dark - Roadway Not Lighted","Straight - Grade","State Secondary Route","Dry","Two-Way, Not Divided","None","No Special Feature","Smooth Asphalt",0,0,0,0,0,0,0,"2 lanes",2,0,NA,0,NA
5642,7135,"Gastonia","Gaston","Piedmont","Residential","Urban (>70% Developed)",NA,"Urban","40 - 45  MPH","Stop Sign","Clear","No",15,"11-15","No",NA,"With Traffic","A: Disabling Injury","Travel Lane","White","Male",26,"25-29","No",NA,"36-40 mph","O: No Injury","White","Male","Light Truck (Mini-Van, Panel)","No","16AUG2007","Thursday","Bicyclist Failed to Yield - Sign-Controlled Intersection",11,"Intersection","August","A: Disabling Injury",42240,"Bicyclist Ride Out - Sign-Controlled Intersection",2007,"Yes","No","Daylight","Straight - Grade","Local Street","Dry","Two-Way, Not Divided","None","T-Intersection","Smooth Asphalt",0,0,0,0,0,0,0,"5 lanes",2,0,NA,0,NA
5643,7137,"Goldsboro","Wayne","Coastal","Residential","Urban (>70% Developed)",NA,"Urban","30 - 35  MPH","Stop And Go Signal","Clear","No",17,"16-19","No",NA,"Facing Traffic","C: Possible Injury","Sidewalk / Crosswalk / Driveway Crossing","Black","Male",66,"60-69","No",NA,"26-30 mph","O: No Injury","White","Male","Pickup","No","16AUG2007","Thursday","Bicyclist Failed to Yield - Signalized Intersection",9,"Intersection","August","C: Possible Injury",34200,"Bicyclist Ride Through - Signalized Intersection",2007,"Yes","No","Daylight","Straight - Level","Local Street","Dry","Two-Way, Not Divided","None","Four-Way Intersection","Coarse Asphalt",0,0,0,0,0,0,0,"2 lanes",2,0,NA,0,NA
5644,7138,"Matthews","Mecklenburg","Piedmont","Commercial","Urban (>70% Developed)",NA,"Urban","20 - 25  MPH","Other","Clear","No",15,"11-15","No",NA,"With Traffic","C: Possible Injury","Sidewalk / Crosswalk / Driveway Crossing","White","Male",43,"40-49","No",NA,"16-20 mph","O: No Injury","White","Male","Sport Utility","No","16AUG2007","Thursday","Crossing Paths - Other Circumstances",16,"Intersection","August","C: Possible Injury",58860,"Crossing Paths - Intersection - Other / Unknown",2007,"No","No","Daylight","Straight - Level","Local Street","Dry","Two-Way, Divided, Unprotected Median","None","Other","Smooth Asphalt",0,0,0,0,0,0,0,"2 lanes",2,0,NA,0,NA
5645,7139,"Rocky Mount","Nash","Coastal","Residential","Urban (>70% Developed)",NA,"Urban","30 - 35  MPH","No Control Present","Clear","No",16,"16-19","No",NA,"With Traffic","B: Evident Injury","Travel Lane","Black","Male",28,"25-29","No",NA,"31-35 mph","O: No Injury","Black","Male","Sport Utility","No","17AUG2007","Friday","Motorist Overtaking Bicyclist",18,"Non-Intersection","August","B: Evident Injury",67020,"Motorist Overtaking - Bicyclist Swerved",2007,"Yes","No","Daylight","Straight - Level","Local Street","Dry","Two-Way, Not Divided","None","No Special Feature","Coarse Asphalt",0,0,0,0,0,0,0,"2 lanes",2,0,NA,0,NA
5646,7141,"None - Rural Crash","Transylvania","Mountains","Residential","Mixed (30% To 70% Developed)",NA,"Rural","40 - 45  MPH","Double Yellow Line, No Passing Zone","Clear","No",56,"50-59","No",NA,"With Traffic","C: Possible Injury","Travel Lane","White","Male",25,"25-29","No",NA,"36-40 mph","O: No Injury","White","Male","Passenger Car","No","18AUG2007","Saturday","Motorist Overtaking Bicyclist",16,"Non-Intersection","August","C: Possible Injury",58200,"Motorist Overtaking - Bicyclist Swerved",2007,"Yes","No","Daylight","Straight - Grade","State Secondary Route","Dry","Two-Way, Not Divided","None","No Special Feature","Smooth Asphalt",0,0,0,0,0,0,0,"2 lanes",2,0,NA,0,NA
5647,7146,"Asheville","Buncombe","Mountains","Commercial","Urban (>70% Developed)",NA,"Urban","20 - 25  MPH","Stop And Go Signal","Clear","No",36,"30-39","No",NA,"With Traffic","B: Evident Injury","Travel Lane","White","Female",29,"25-29","No",NA,"21-25 mph","O: No Injury","White","Female","Sport Utility","No","19AUG2007","Sunday","Crossing Paths - Other Circumstances",11,"Intersection","August","B: Evident Injury",41220,"Signalized Intersection - Other / Unknown",2007,"Yes","No","Daylight","Straight - Level","Local Street","Dry","Two-Way, Not Divided","None","Four-Way Intersection","Coarse Asphalt",0,0,0,0,0,0,0,"2 lanes",2,0,NA,0,NA
5648,7153,"Fayetteville","Cumberland","Coastal","Commercial","Urban (>70% Developed)",NA,"Urban","30 - 35  MPH","Stop And Go Signal","Clear","No",31,"30-39","No",NA,"Facing Traffic","B: Evident Injury","Travel Lane","Asian","Male",NA,NA,"No",NA,NA,"O: No Injury","White","Male","Sport Utility","No","22AUG2007","Wednesday","Motorist Failed to Yield - Signalized Intersection",9,"Intersection","August","B: Evident Injury",34800,"Motorist Drive Out - Right Turn on Red",2007,"No","No","Daylight","Straight - Level","Local Street","Dry","Two-Way, Not Divided","None","Related To Intersection","Coarse Asphalt",0,0,0,0,0,0,0,"7 lanes",2,0,NA,0,NA
5649,7154,"Wilson","Wilson","Coastal","Commercial","Urban (>70% Developed)",NA,"Urban","5 - 15 MPH","Stop Sign","Clear","No",32,"30-39","No",NA,NA,"C: Possible Injury","Travel Lane","Black","Male",45,"40-49","No",NA,"6-10 mph","O: No Injury","Black","Female","Sport Utility","No","22AUG2007","Wednesday","Motorist Failed to Yield - Sign-Controlled Intersection",8,"Intersection","August","C: Possible Injury",31920,"Motorist Drive Out - Sign-Controlled Intersection",2007,"Yes","No","Daylight","Straight - Level","Local Street","Dry","Two-Way, Not Divided","None","Related To Intersection","Coarse Asphalt",0,0,0,0,0,0,0,"3 lanes",2,0,NA,0,NA
5650,7175,"Boone","Watauga","Mountains","Commercial","Urban (>70% Developed)",NA,"Urban","30 - 35  MPH","No Control Present","Clear","No",19,"16-19","No",NA,"Facing Traffic","B: Evident Injury","Sidewalk / Crosswalk / Driveway Crossing","White","Male",35,"30-39","No",NA,"16-20 mph","O: No Injury","White","Male","Van","No","29AUG2007","Wednesday","Motorist Failed to Yield - Midblock",16,"Non-Intersection","August","B: Evident Injury",58980,"Motorist Drive Out - Commercial Driveway / Alley",2007,"Yes","No","Daylight","Straight - Grade","Local Street","Dry","Two-Way, Divided, Unprotected Median","None","Driveway, Public","Smooth Asphalt",0,0,0,0,0,0,0,"4 lanes",2,0,NA,0,NA
5651,7203,"Raleigh","Wake","Piedmont","Residential","Urban (>70% Developed)",NA,"Urban","20 - 25  MPH","Stop Sign","Clear","No",45,"40-49","No",NA,"With Traffic","O: No Injury","Travel Lane","White","Male",54,"50-59","No",NA,"0-5 mph","O: No Injury","Black","Male","Passenger Car","No","08OCT2007","Monday","Bicyclist Overtaking Motorist",13,"Intersection-Related","October","O: No Injury",49380,"Bicyclist Overtaking - Passing on Right",2007,"No","No","Daylight","Straight - Level","Local Street","Dry","Two-Way, Not Divided","None","No Special Feature","Smooth Asphalt",0,0,0,0,0,0,0,"2 lanes",2,0,NA,0,NA
5652,7221,"None - Rural Crash","Beaufort","Coastal","Residential","Mixed (30% To 70% Developed)",NA,"Rural","30 - 35  MPH","Double Yellow Line, No Passing Zone","Cloudy","No",4,"0-5","No",NA,"With Traffic","C: Possible Injury","Travel Lane","Other","Male",NA,"70+","No",NA,"16-20 mph","O: No Injury","Black","Female","Passenger Car","No","09SEP2007","Sunday","Bicyclist Failed to Yield - Sign-Controlled Intersection",16,"Intersection","September","C: Possible Injury",58200,"Bicyclist Ride Through - Sign-Controlled Intersection",2007,"No","No","Daylight","Straight - Level","State Secondary Route","Wet","Two-Way, Not Divided","None","T-Intersection","Coarse Asphalt",0,0,0,0,0,0,0,"2 lanes",2,0,NA,0,NA
5653,7223,"None - Rural Crash","Pitt","Coastal","Institutional","Mixed (30% To 70% Developed)",NA,"Rural","50 - 55  MPH","Stop Sign","Clear","No",20,"20-24","Yes",NA,"With Traffic","A: Disabling Injury","Driveway / Alley","Hispanic","Male",68,"60-69","No",NA,"46-50 mph","O: No Injury","Black","Male","Passenger Car","Yes","09SEP2007","Sunday","Bicyclist Failed to Yield - Sign-Controlled Intersection",0,"Intersection","September","A: Disabling Injury",0,"Bicyclist Ride Through - Sign-Controlled Intersection",2007,"Yes","No","Dark - Roadway Not Lighted","Straight - Level","NC Route","Dry","Two-Way, Not Divided","None","Driveway, Public","Coarse Asphalt",0,0,0,0,0,0,0,"2 lanes",2,0,NA,0,NA
5654,7225,"Dunn","Harnett","Coastal","Industrial","Mixed (30% To 70% Developed)",NA,"Urban","30 - 35  MPH","Stop Sign","Clear","No",38,"30-39","Yes",NA,NA,"C: Possible Injury","Travel Lane","White","Male",NA,"70+","No",NA,"6-10 mph","O: No Injury","White","Male","Pickup","Yes","11SEP2007","Tuesday","Bicyclist Failed to Yield - Sign-Controlled Intersection",20,"Intersection","September","C: Possible Injury",72600,"Bicyclist Ride Through - Sign-Controlled Intersection",2007,"No","No","Dark - Roadway Not Lighted","Straight - Level","Local Street","Dry","Two-Way, Not Divided","None","Four-Way Intersection","Coarse Asphalt",0,0,0,0,0,0,0,"2 lanes",2,0,NA,0,NA
5655,7229,"Chapel Hill","Orange","Piedmont","Residential","Urban (>70% Developed)",NA,"Urban","20 - 25  MPH","No Control Present","Clear","No",53,"50-59","No",NA,"With Traffic","C: Possible Injury",NA,"White","Male",34,"30-39","No",NA,"6-10 mph","O: No Injury","White","Male","Passenger Car","No","12SEP2007","Wednesday","Motorist Left Turn / Merge",8,"Non-Intersection","September","C: Possible Injury",29040,"Motorist Left Turn - Opposite Direction",2007,"No","No","Daylight","Straight - Level","Local Street","Dry","Two-Way, Not Divided","None","No Special Feature","Smooth Asphalt",0,0,0,0,0,0,0,"2 lanes",2,0,NA,0,NA
5656,7231,"Greensboro","Guilford","Piedmont","Commercial","Mixed (30% To 70% Developed)",NA,"Urban","50 - 55  MPH","No Control Present","Clear","No",44,"40-49","No",NA,"With Traffic","B: Evident Injury","Travel Lane","Black","Male",35,"30-39","No",NA,"36-40 mph","O: No Injury","Black","Female",NA,"No","12SEP2007","Wednesday","Parallel Paths - Other Circumstances",5,"Non-Intersection","September","B: Evident Injury",19800,"Parallel Paths - Other / Unknown",2007,"Yes","Yes","Dark - Lighted Roadway","Straight - Hillcrest","Interstate","Dry","One-Way, Not Divided","None","On or Off Ramp","Smooth Asphalt",0,0,0,0,0,0,0,"1 lane",2,0,NA,0,NA
5657,7236,"None - Rural Crash","Lenoir","Coastal","Farms, Woods, Pastures","Rural (<30% Developed)",NA,"Rural","50 - 55  MPH","No Control Present","Cloudy","No",17,"16-19","No",NA,"With Traffic","A: Disabling Injury","Travel Lane","White","Female",35,"30-39","No",NA,"41-45 mph","O: No Injury","White","Male","Passenger Car","No","14SEP2007","Friday","Head-On",19,"Non-Intersection","September","A: Disabling Injury",69060,"Head-On - Bicyclist",2007,"Yes","No","Daylight","Straight - Level","State Secondary Route","Dry","Two-Way, Not Divided","None","No Special Feature","Coarse Asphalt",0,0,0,0,0,0,0,"2 lanes",2,0,NA,0,NA