"...1","object_id","city","county","region","development","locality","on_road","rural_urban","speed_limit","traffic_control","weather","workzone","bike_age","bike_age_group","bike_alcohol","bike_alcohol_drugs","bike_direction","bike_injury","bike_position","bike_race","bike_sex","driver_age","driver_age_group","driver_alcohol","driver_alcohol_drugs","driver_est_speed","driver_injury","driver_race","driver_sex","driver_vehicle_type","crash_alcohol","crash_date","crash_day","crash_group","crash_hour","crash_location","crash_month","crash_severity","crash_time","crash_type","crash_year","ambulance_req","hit_run","light_condition","road_character","road_class","road_condition","road_configuration","road_defects","road_feature","road_surface","num_bikes_ai","num_bikes_bi","num_bikes_ci","num_bikes_ki","num_bikes_no","num_bikes_to","num_bikes_ui","num_lanes","num_units","distance_mi_from","frm_road","rte_invd_cd","towrd_road"
5658,7237,"Charlotte","Mecklenburg","Piedmont","Commercial","Urban (>70% Developed)",NA,"Urban",NA,"Stop And Go Signal","Clear","No",36,"30-39","No",NA,"With Traffic","B: Evident Injury","Travel Lane","Hispanic","Male",NA,NA,"Missing",NA,NA,"Unknown Injury","Unknown/Missing",NA,"Passenger Car","No","20DEC2007","Thursday","Motorist Overtaking Bicyclist",12,"Intersection","December","B: Evident Injury",44640,"Motorist Overtaking - Other / Unknown",2007,"No","Yes","Daylight","Straight - Grade","Local Street","Dry","Two-Way, Not Divided","None","Four-Way Intersection","Smooth Asphalt",0,0,0,0,0,0,0,"4 lanes",2,0,NA,0,NA
5659,7241,"Southern Shores","Dare","Coastal","Commercial","Urban (>70% Developed)",NA,"Rural","50 - 55  MPH","No Control Present","Clear","No",45,"40-49","No",NA,"Facing Traffic","B: Evident Injury","Multi-use Path","White","Female",44,"40-49","No",NA,"6-10 mph","O: No Injury","White","Male","Unknown Heavy Truck","No","11OCT2007","Thursday","Motorist Right Turn / Merge",9,"Non-Intersection","October","B: Evident Injury",32640,"Motorist Right Turn - Opposite Direction",2007,"Yes","No","Daylight","Straight - Level","US Route","Dry","Two-Way, Not Divided","None","Driveway, Public","Smooth Asphalt",0,0,0,0,0,0,0,NA,2,0,NA,0,NA
5660,7255,"High Point","Guilford","Piedmont","Residential","Urban (>70% Developed)",NA,"Urban","30 - 35  MPH","No Control Present","Clear","No",6,"6-10","No",NA,"Not Applicable","O: No Injury",NA,"Black","Male",21,"20-24","No",NA,"31-35 mph","O: No Injury","Black","Male","Passenger Car","No","17SEP2007","Monday","Bicyclist Failed to Yield - Midblock",17,"Non-Intersection","September","O: No Injury",62040,"Bicyclist Ride Out - Midblock - Unknown",2007,"No","No","Daylight","Straight - Level","Local Street","Dry","Two-Way, Divided, Unprotected Median","None","No Special Feature","Coarse Asphalt",0,0,0,0,0,0,0,"2 lanes",2,0,NA,0,NA
5661,7257,"None - Rural Crash","Buncombe","Mountains","Farms, Woods, Pastures","Rural (<30% Developed)",NA,"Rural","30 - 35  MPH","Double Yellow Line, No Passing Zone","Clear","No",11,"11-15","No",NA,"Not Applicable","B: Evident Injury","Driveway / Alley","White","Female",48,"40-49","No",NA,"26-30 mph","O: No Injury","White","Male","Pickup","No","18SEP2007","Tuesday","Bicyclist Failed to Yield - Midblock",17,"Non-Intersection","September","B: Evident Injury",62400,"Bicyclist Ride Out - Residential Driveway",2007,"Yes","No","Daylight","Straight - Level","State Secondary Route","Dry","Two-Way, Not Divided","None","No Special Feature","Coarse Asphalt",0,0,0,0,0,0,0,"2 lanes",2,0,NA,0,NA
5662,7269,"None - Rural Crash","Davie","Piedmont","Residential","Rural (<30% Developed)",NA,"Rural","40 - 45  MPH","Double Yellow Line, No Passing Zone","Cloudy","No",47,"40-49","No",NA,"Not Applicable","B: Evident Injury",NA,"Hispanic","Male",39,"30-39","No",NA,"41-45 mph","O: No Injury","White","Male","Passenger Car","No","21SEP2007","Friday","Bicyclist Failed to Yield - Midblock",5,"Non-Intersection","September","B: Evident Injury",21300,"Bicyclist Ride Out - Midblock - Unknown",2007,"Yes","No","Dark - Roadway Not Lighted","Straight - Level","US Route","Dry","Two-Way, Not Divided","None","Driveway, Private","Smooth Asphalt",0,0,0,0,0,0,0,"2 lanes",2,0,NA,0,NA
5663,7295,"Durham","Durham","Piedmont","Institutional","Mixed (30% To 70% Developed)",NA,"Urban","20 - 25  MPH","Stop Sign","Clear","No",28,"25-29","No",NA,"With Traffic","C: Possible Injury","Travel Lane","White","Female",NA,NA,"Missing",NA,"6-10 mph","Unknown Injury","Unknown/Missing",NA,NA,"No","02OCT2007","Tuesday","Crossing Paths - Other Circumstances",15,"Intersection","October","C: Possible Injury",54900,"Sign-Controlled Intersection - Other / Unknown",2007,"No","Yes","Daylight","Straight - Level","Local Street","Dry","Two-Way, Divided, Unprotected Median","None","Four-Way Intersection","Concrete",0,0,0,0,0,0,0,"4 lanes",2,0,NA,0,NA
5664,7299,"Apex","Wake","Piedmont","Residential","Urban (>70% Developed)",NA,"Urban","20 - 25  MPH","No Control Present","Clear","No",10,"6-10","No",NA,"Facing Traffic","B: Evident Injury","Travel Lane","Other","Male",16,"0-19","No",NA,"21-25 mph","O: No Injury","White","Male","Passenger Car","No","03OCT2007","Wednesday","Bicyclist Failed to Yield - Sign-Controlled Intersection",14,"Intersection","October","B: Evident Injury",52980,"Bicyclist Ride Out - Sign-Controlled Intersection",2007,"Yes","No","Dusk","Straight - Level","Local Street","Dry","Two-Way, Divided, Unprotected Median","None","No Special Feature","Smooth Asphalt",0,0,0,0,0,0,0,"2 lanes",2,0,NA,0,NA
5665,7306,"Enfield","Halifax","Coastal","Residential","Mixed (30% To 70% Developed)",NA,"Rural","20 - 25  MPH","No Control Present","Clear","No",65,"60-69","No",NA,"With Traffic","B: Evident Injury","Travel Lane","Black","Male",20,"20-24","No",NA,"6-10 mph","O: No Injury","Black","Female","Passenger Car","No","07OCT2007","Sunday","Loss of Control / Turning Error",18,"Intersection","October","B: Evident Injury",67800,"Motorist Turning Error - Left Turn",2007,"No","No","Dark - Lighted Roadway","Straight - Level","Local Street","Dry","Two-Way, Not Divided","None","No Special Feature","Smooth Asphalt",0,0,0,0,0,0,0,"2 lanes",2,0,NA,0,NA
5666,7308,"Rocky Mount","Nash","Coastal","Residential","Urban (>70% Developed)",NA,"Urban","30 - 35  MPH","No Control Present","Clear","No",3,"0-5","No",NA,NA,"B: Evident Injury",NA,"Black","Male",NA,NA,"No",NA,"26-30 mph","Unknown Injury","Unknown/Missing",NA,"Passenger Car","No","08OCT2007","Monday","Other / Unknown - Insufficient Details",19,"Non-Intersection","October","B: Evident Injury",70680,"Unknown Approach Paths",2007,"Yes","Yes","Dusk","Straight - Level","Local Street","Dry","Two-Way, Not Divided","None","No Special Feature","Smooth Asphalt",0,0,0,0,0,0,0,"2 lanes",2,0,NA,0,NA
5667,7310,"Gastonia","Gaston","Piedmont","Residential","Urban (>70% Developed)",NA,"Urban","30 - 35  MPH","No Control Present","Cloudy","No",16,"16-19","No",NA,NA,"C: Possible Injury","Travel Lane","Black","Male",26,"25-29","No",NA,"26-30 mph","O: No Injury","White","Male","Passenger Car","No","09OCT2007","Tuesday","Motorist Left Turn / Merge",20,"Non-Intersection","October","C: Possible Injury",73740,"Motorist Left Turn - Same Direction",2007,"Yes","No","Dark - Lighted Roadway","Straight - Grade","Local Street","Wet","Two-Way, Not Divided","None","No Special Feature","Smooth Asphalt",0,0,0,0,0,0,0,"2 lanes",2,0,NA,0,NA
5668,7312,"Cary","Wake","Piedmont","Commercial","Urban (>70% Developed)",NA,"Urban","40 - 45  MPH","No Control Present","Clear","No",41,"40-49","No",NA,NA,"B: Evident Injury",NA,"Hispanic","Male",NA,NA,"Missing",NA,"41-45 mph","Unknown Injury","Unknown/Missing",NA,"Passenger Car","No","09OCT2007","Tuesday","Other / Unknown - Insufficient Details",7,"Unknown Location","October","B: Evident Injury",25800,"Unknown Location",2007,"Yes","Yes","Dawn","Straight - Grade","State Secondary Route","Dry","Two-Way, Not Divided","None","No Special Feature","Smooth Asphalt",0,0,0,0,0,0,0,"5 lanes",2,0,NA,0,NA
5669,7316,"Wilmington","New Hanover","Coastal","Residential","Urban (>70% Developed)",NA,"Urban","20 - 25  MPH","Stop And Go Signal","Clear","No",44,"40-49","No",NA,"With Traffic","C: Possible Injury","Sidewalk / Crosswalk / Driveway Crossing","White","Female",26,"25-29","No",NA,"6-10 mph","O: No Injury","White","Male","Passenger Car","No","11OCT2007","Thursday","Motorist Left Turn / Merge",8,"Intersection","October","C: Possible Injury",30840,"Motorist Left Turn - Opposite Direction",2007,"Yes","No","Daylight","Straight - Level","Local Street","Dry","Two-Way, Not Divided","None","Four-Way Intersection","Smooth Asphalt",0,0,0,0,0,0,0,"2 lanes",2,0,NA,0,NA
5670,7322,"Graham","Alamance","Piedmont","Residential","Urban (>70% Developed)",NA,"Urban","30 - 35  MPH","No Control Present","Cloudy","No",30,"30-39","No",NA,"With Traffic","A: Disabling Injury","Travel Lane","Black","Male",20,"20-24","No",NA,"26-30 mph","O: No Injury","Black","Male","Passenger Car","No","04JUN2007","Monday","Head-On",20,"Non-Intersection","June","A: Disabling Injury",73440,"Head-On - Motorist",2007,"Yes","No","Dusk","Straight - Grade","Local Street","Dry","Two-Way, Not Divided","None","No Special Feature","Smooth Asphalt",0,0,0,0,0,0,0,"2 lanes",2,0,NA,0,NA
5671,7326,"Raeford","Hoke","Coastal","Commercial","Mixed (30% To 70% Developed)",NA,"Rural","20 - 25  MPH","Flashing Stop And Go Signal","Clear","No",41,"40-49","No",NA,"Facing Traffic","Unknown Injury","Travel Lane","Black","Male",NA,"70+","No",NA,"16-20 mph","O: No Injury","White","Male","Pickup","No","14OCT2007","Sunday","Head-On",16,"Non-Intersection","October","O: No Injury",60780,"Head-On - Bicyclist",2007,"Yes","No","Daylight","Straight - Level","NC Route","Dry","Two-Way, Not Divided","None","Four-Way Intersection","Smooth Asphalt",0,0,0,0,0,0,0,"2 lanes",2,0,NA,0,NA
5672,7346,"Asheville","Buncombe","Mountains","Commercial","Urban (>70% Developed)",NA,"Urban","30 - 35  MPH","No Control Present","Rain","No",28,"25-29","No",NA,"With Traffic","C: Possible Injury","Travel Lane","White","Female",NA,NA,"Missing",NA,"21-25 mph","Unknown Injury","Unknown/Missing",NA,NA,"No","24OCT2007","Wednesday","Parallel Paths - Other Circumstances",8,"Non-Intersection","October","C: Possible Injury",29040,"Parallel Paths - Other / Unknown",2007,"Yes","Yes","Daylight","Straight - Grade","Local Street","Wet","One-Way, Not Divided","None","No Special Feature","Smooth Asphalt",0,0,0,0,0,0,0,"2 lanes",2,0,NA,0,NA
5673,7347,"Hope Mills","Cumberland","Coastal","Commercial","Urban (>70% Developed)",NA,"Urban","40 - 45  MPH","No Control Present","Cloudy","No",NA,NA,"No",NA,"With Traffic","B: Evident Injury","Travel Lane","Asian","Male",50,"50-59","No",NA,"41-45 mph","O: No Injury","White","Male","Pickup","No","25OCT2007","Thursday","Motorist Overtaking Bicyclist",18,"Non-Intersection","October","B: Evident Injury",67860,"Motorist Overtaking - Undetected Bicyclist",2007,"Yes","No","Dark - Lighted Roadway","Straight - Level","NC Route","Wet","Two-Way, Not Divided","None","No Special Feature","Smooth Asphalt",0,0,0,0,0,0,0,"5 lanes",2,0,NA,0,NA
5674,7350,"Fayetteville","Cumberland","Coastal","Commercial","Rural (<30% Developed)",NA,"Urban","20 - 25  MPH","No Control Present","Rain","No",25,"25-29","No",NA,NA,"B: Evident Injury",NA,"Black","Male",NA,NA,"Missing",NA,"16-20 mph","Unknown Injury","Unknown/Missing",NA,NA,"No","26OCT2007","Friday","Other / Unknown - Insufficient Details",23,"Non-Intersection","October","B: Evident Injury",84840,"Unknown Approach Paths",2007,"Yes","Yes","Dark - Lighted Roadway","Straight - Level","Local Street","Wet","Two-Way, Not Divided","None","No Special Feature","Coarse Asphalt",0,0,0,0,0,0,0,"1 lane",3,0,NA,0,NA
5675,7360,"Wilmington","New Hanover","Coastal","Commercial","Urban (>70% Developed)",NA,"Urban","40 - 45  MPH","No Control Present","Clear","No",13,"11-15","No",NA,"Not Applicable","A: Disabling Injury",NA,"White","Male",NA,"70+","No",NA,"31-35 mph","O: No Injury","White","Male","Passenger Car","No","29OCT2007","Monday","Bicyclist Failed to Yield - Midblock",12,"Non-Intersection","October","A: Disabling Injury",45240,"Bicyclist Ride Out - Midblock - Unknown",2007,"Yes","No","Daylight","Straight - Level","Local Street","Dry","Two-Way, Divided, Unprotected Median",NA,"No Special Feature","Smooth Asphalt",0,0,0,0,0,0,0,"4 lanes",2,0,NA,0,NA
5676,7371,"Rockingham","Richmond","Piedmont","Commercial","Urban (>70% Developed)",NA,"Urban","30 - 35  MPH","No Control Present","Clear","No",54,"50-59","No",NA,"With Traffic","B: Evident Injury","Travel Lane","Black","Male",39,"30-39","No",NA,"31-35 mph","O: No Injury","White","Female","Passenger Car","No","04NOV2007","Sunday","Motorist Overtaking Bicyclist",11,"Non-Intersection","November","B: Evident Injury",40200,"Motorist Overtaking - Other / Unknown",2007,"Yes","No","Daylight","Straight - Level","Local Street","Dry","Two-Way, Not Divided","None","No Special Feature","Smooth Asphalt",0,0,0,0,0,0,0,"2 lanes",2,0,NA,0,NA
5677,7377,"None - Rural Crash","Stokes","Piedmont","Farms, Woods, Pastures","Rural (<30% Developed)",NA,"Rural","50 - 55  MPH","Double Yellow Line, No Passing Zone","Clear","No",46,"40-49","No",NA,"With Traffic","B: Evident Injury","Travel Lane","White","Male",64,"60-69","No",NA,"41-45 mph","O: No Injury","White","Male","Van","No","07NOV2007","Wednesday","Motorist Overtaking Bicyclist",18,"Non-Intersection","November","B: Evident Injury",65280,"Motorist Overtaking - Undetected Bicyclist",2007,"Yes","No","Dark - Roadway Not Lighted","Straight - Level","State Secondary Route","Dry","Two-Way, Not Divided","None","No Special Feature","Smooth Asphalt",0,0,0,0,0,0,0,"2 lanes",2,0,NA,0,NA
5678,7379,"Raleigh","Wake","Piedmont","Commercial","Urban (>70% Developed)",NA,"Urban","30 - 35  MPH","No Control Present","Clear","No",25,"25-29","No",NA,"With Traffic","O: No Injury","Travel Lane","White","Female",NA,NA,"Missing",NA,NA,"Unknown Injury","Unknown/Missing",NA,"Sport Utility","No","06NOV2007","Tuesday","Bicyclist Overtaking Motorist",12,"Non-Intersection","November","O: No Injury",44940,"Bicyclist Overtaking - Parked Vehicle",2007,"No","No","Daylight","Straight - Level","Local Street","Dry","Two-Way, Not Divided","None","No Special Feature","Coarse Asphalt",0,0,0,0,0,0,0,"2 lanes",2,0,NA,0,NA
5679,7381,"Greensboro","Guilford","Piedmont","Commercial","Urban (>70% Developed)",NA,"Urban","30 - 35  MPH","Stop And Go Signal","Clear","No",47,"40-49","No",NA,"Facing Traffic","C: Possible Injury",NA,"White","Male",26,"25-29","No",NA,"0-5 mph","O: No Injury","White","Male","Sport Utility","No","08NOV2007","Thursday","Motorist Failed to Yield - Signalized Intersection",12,"Intersection","November","C: Possible Injury",46620,"Motorist Drive Out - Signalized Intersection",2007,"No","No","Daylight","Straight - Level","Local Street","Dry","Two-Way, Not Divided","None","Four-Way Intersection","Smooth Asphalt",0,0,0,0,0,0,0,"4 lanes",2,0,NA,0,NA
5680,7384,"Albemarle","Stanly","Piedmont","Residential","Urban (>70% Developed)",NA,"Urban","30 - 35  MPH","Stop Sign","Clear","No",12,"11-15","No",NA,"With Traffic","C: Possible Injury","Travel Lane","Black","Male",18,"0-19","No",NA,"26-30 mph","O: No Injury","White","Male","Pickup","No","09NOV2007","Friday","Bicyclist Failed to Yield - Sign-Controlled Intersection",16,"Intersection","November","C: Possible Injury",57780,"Bicyclist Ride Through - Sign-Controlled Intersection",2007,"Yes","No","Daylight","Straight - Level","Local Street","Dry","Two-Way, Not Divided","None","Four-Way Intersection","Coarse Asphalt",0,0,0,0,0,0,0,"2 lanes",2,0,NA,0,NA
5681,7389,"Raleigh","Wake","Piedmont","Residential","Urban (>70% Developed)",NA,"Urban","20 - 25  MPH","No Control Present","Clear","No",34,"30-39","No",NA,"Facing Traffic","O: No Injury","Travel Lane","White","Male",47,"40-49","No",NA,"6-10 mph","O: No Injury","Asian","Male","Passenger Car","No","13NOV2007","Tuesday","Head-On",18,"Non-Intersection","November","O: No Injury",65400,"Head-On - Bicyclist",2007,"Yes","No","Dark - Lighted Roadway","Straight - Level","Local Street","Dry","Two-Way, Divided, Unprotected Median","None","No Special Feature","Concrete",0,0,0,0,0,0,0,"2 lanes",2,0,NA,0,NA
5682,7392,"Asheville","Buncombe","Mountains","Residential","Urban (>70% Developed)",NA,"Urban","20 - 25  MPH","No Control Present","Clear","No",36,"30-39","No",NA,"With Traffic","C: Possible Injury","Travel Lane","White","Male",44,"40-49","No",NA,NA,"O: No Injury","Black","Male","Passenger Car","No","14NOV2007","Wednesday","Motorist Left Turn / Merge",20,"Non-Intersection","November","C: Possible Injury",72840,"Motorist Left Turn - Opposite Direction",2007,"No","No","Dark - Lighted Roadway","Straight - Level","Local Street","Dry","Two-Way, Not Divided","None","No Special Feature","Smooth Asphalt",0,0,0,0,0,0,0,"2 lanes",2,0,NA,0,NA
5683,7406,"None - Rural Crash","Wayne","Coastal","Residential","Urban (>70% Developed)",NA,"Rural","40 - 45  MPH","No Control Present","Cloudy","No",40,"40-49","Yes",NA,"With Traffic","C: Possible Injury","Travel Lane","White","Male",NA,"70+","No",NA,"36-40 mph","O: No Injury","White","Female","Passenger Car","Yes","26NOV2007","Monday","Motorist Overtaking Bicyclist",17,"Non-Intersection","November","C: Possible Injury",63720,"Motorist Overtaking - Misjudged Space",2007,"Yes","No","Dark - Roadway Not Lighted","Straight - Level","State Secondary Route","Wet","Two-Way, Not Divided","None","No Special Feature","Coarse Asphalt",0,0,0,0,0,0,0,"2 lanes",2,0,NA,0,NA
5684,7410,"Grantsboro","Pamlico","Coastal","Farms, Woods, Pastures","Rural (<30% Developed)",NA,"Rural","50 - 55  MPH","Double Yellow Line, No Passing Zone","Clear","No",45,"40-49","No",NA,"Facing Traffic","O: No Injury","Travel Lane","Hispanic","Male",63,"60-69","No",NA,"46-50 mph","O: No Injury","Black","Female","Sport Utility","No","28NOV2007","Wednesday","Bicyclist Right Turn / Merge",17,"Non-Intersection","November","O: No Injury",64320,"Bicyclist Right Turn - Same Direction",2007,"No","No","Dark - Roadway Not Lighted","Straight - Level","NC Route","Dry","Two-Way, Not Divided","None","No Special Feature","Smooth Asphalt",0,0,0,0,0,0,0,"2 lanes",2,0,NA,0,NA
5685,7413,"Greensboro","Guilford","Piedmont","Commercial","Urban (>70% Developed)",NA,"Urban","30 - 35  MPH","No Control Present","Clear","No",51,"50-59","No",NA,"With Traffic","C: Possible Injury","Travel Lane","Black","Male",50,"50-59","No",NA,"0-5 mph","O: No Injury","White","Male","Pickup","No","28NOV2007","Wednesday","Motorist Failed to Yield - Midblock",6,"Non-Intersection","November","C: Possible Injury",23940,"Motorist Drive Out - Commercial Driveway / Alley",2007,"Yes","No","Dark - Lighted Roadway","Straight - Level","Local Street","Dry","Two-Way, Divided, Unprotected Median","None","No Special Feature","Smooth Asphalt",0,0,0,0,0,0,0,"1 lane",2,0,NA,0,NA
5686,7414,"None - Rural Crash","Pitt","Coastal","Farms, Woods, Pastures","Rural (<30% Developed)",NA,"Rural","50 - 55  MPH","Double Yellow Line, No Passing Zone","Clear","No",NA,NA,"Missing",NA,"With Traffic","Unknown Injury","Travel Lane","Unknown/Missing",NA,41,"40-49","No",NA,"51-55 mph","O: No Injury","White","Female","Passenger Car","No","29NOV2007","Thursday","Motorist Overtaking Bicyclist",18,"Non-Intersection","November","O: No Injury",66900,"Motorist Overtaking - Other / Unknown",2007,"No","No","Dark - Roadway Not Lighted","Straight - Level","State Secondary Route","Dry","Two-Way, Not Divided","None","No Special Feature","Smooth Asphalt",0,0,0,0,0,0,0,"2 lanes",2,0,NA,0,NA
5687,7424,"Greenville","Pitt","Coastal","Commercial","Urban (>70% Developed)",NA,"Urban","30 - 35  MPH","No Control Present","Clear","No",15,"11-15","No",NA,NA,"B: Evident Injury",NA,"Black","Male",64,"60-69","No",NA,"31-35 mph","O: No Injury","Hispanic",NA,"Light Truck (Mini-Van, Panel)","No","03DEC2007","Monday","Bicyclist Failed to Yield - Midblock",16,"Non-Intersection","December","B: Evident Injury",59640,"Bicyclist Ride Out - Midblock - Unknown",2007,"Yes","No","Daylight","Straight - Level","Local Street","Dry","Two-Way, Not Divided","None","No Special Feature","Smooth Asphalt",0,0,0,0,0,0,0,"4 lanes",2,0,NA,0,NA
5688,7434,"None - Rural Crash","Wake","Piedmont","Farms, Woods, Pastures","Rural (<30% Developed)",NA,"Rural","50 - 55  MPH","Double Yellow Line, No Passing Zone","Clear","No",22,"20-24","No",NA,"With Traffic","B: Evident Injury","Travel Lane","White","Male",33,"30-39","No",NA,"46-50 mph","Unknown Injury","White","Male",NA,"No","09DEC2007","Sunday","Motorist Overtaking Bicyclist",17,"Non-Intersection","December","B: Evident Injury",63780,"Motorist Overtaking - Misjudged Space",2007,"Yes","Yes","Dark - Roadway Not Lighted","Straight - Grade","NC Route","Dry","Two-Way, Not Divided","None","No Special Feature","Coarse Asphalt",0,0,0,0,0,0,0,"2 lanes",2,0,NA,0,NA
5689,7437,"Roanoke Rapids","Halifax","Coastal","Commercial","Urban (>70% Developed)",NA,"Urban","20 - 25  MPH","Stop And Go Signal","Clear","No",14,"11-15","No",NA,"With Traffic","C: Possible Injury","Travel Lane","White","Male",67,"60-69","No",NA,"16-20 mph","O: No Injury","White","Male","Passenger Car","No","20DEC2007","Thursday","Bicyclist Left Turn / Merge",15,"Intersection","December","C: Possible Injury",56040,"Bicyclist Left Turn - Same Direction",2007,"No","No","Daylight","Straight - Level","Local Street","Dry","Two-Way, Not Divided","None","Four-Way Intersection","Smooth Asphalt",0,0,0,0,0,0,0,"4 lanes",2,0,NA,0,NA
5690,7443,"Raleigh","Wake","Piedmont","Commercial","Urban (>70% Developed)",NA,"Urban","30 - 35  MPH","Stop Sign","Clear","No",23,"20-24","No",NA,"With Traffic","C: Possible Injury","Travel Lane","White","Male",27,"25-29","No",NA,"21-25 mph","O: No Injury","Black","Female","Pickup","No","14DEC2007","Friday","Motorist Failed to Yield - Sign-Controlled Intersection",17,"Intersection","December","C: Possible Injury",63720,"Motorist Drive Out - Sign-Controlled Intersection",2007,"Yes","No","Dark - Lighted Roadway","Straight - Grade","Local Street","Dry","Two-Way, Not Divided","None","No Special Feature","Coarse Asphalt",0,0,0,0,0,0,0,"2 lanes",2,0,NA,0,NA
5691,7448,"Hamlet","Richmond","Piedmont","Residential","Mixed (30% To 70% Developed)",NA,"Urban","30 - 35  MPH","No Control Present","Clear","No",53,"50-59","No",NA,"With Traffic","C: Possible Injury","Bike Lane / Paved Shoulder","Black","Male",65,"60-69","No",NA,"21-25 mph","O: No Injury","White","Female","Passenger Car","No","17DEC2007","Monday","Motorist Overtaking Bicyclist",1,"Non-Intersection","December","C: Possible Injury",5640,"Motorist Overtaking - Undetected Bicyclist",2007,"Yes","No","Dark - Unknown Lighting","Straight - Level","Local Street","Dry","Two-Way, Not Divided","None","No Special Feature","Smooth Asphalt",0,0,0,0,0,0,0,"2 lanes",2,0,NA,0,NA
5692,7453,"Fayetteville","Cumberland","Coastal","Residential","Urban (>70% Developed)",NA,"Urban","20 - 25  MPH","Stop And Go Signal","Rain","No",17,"16-19","No",NA,"Facing Traffic","C: Possible Injury","Travel Lane","Black","Male",52,"50-59","No",NA,"0-5 mph","C: Possible Injury","Black","Male","Passenger Car","No","26DEC2007","Wednesday","Crossing Paths - Other Circumstances",11,"Intersection","December","C: Possible Injury",42240,"Signalized Intersection - Other / Unknown",2007,"Yes","No","Daylight","Straight - Level","Local Street","Wet","Two-Way, Not Divided","None","Four-Way Intersection","Smooth Asphalt",0,0,0,0,0,0,0,"2 lanes",2,0,NA,0,NA
5693,7456,"Reidsville","Rockingham","Piedmont","Residential","Rural (<30% Developed)",NA,"Urban","20 - 25  MPH","Stop Sign","Rain","No",NA,NA,"Missing",NA,NA,"Unknown Injury","Travel Lane","Unknown/Missing",NA,NA,"70+","No",NA,"11-15 mph","O: No Injury","Black","Female","Passenger Car","No","15DEC2007","Saturday","Bicyclist Failed to Yield - Sign-Controlled Intersection",12,"Intersection","December","O: No Injury",43860,"Bicyclist Ride Out - Sign-Controlled Intersection",2007,"No","No","Daylight","Straight - Level","Local Street","Wet","Two-Way, Not Divided","None","Four-Way Intersection","Smooth Asphalt",0,0,0,0,0,0,0,"2 lanes",2,0,NA,0,NA
5694,7458,"None - Rural Crash","Columbus","Coastal","Farms, Woods, Pastures","Rural (<30% Developed)",NA,"Rural","50 - 55  MPH","Double Yellow Line, No Passing Zone","Clear","No",27,"25-29","No",NA,"Facing Traffic","B: Evident Injury","Travel Lane","Hispanic","Female",41,"40-49","No",NA,"56-60 mph","O: No Injury","White","Male","Pickup","No","29DEC2007","Saturday","Head-On",9,"Non-Intersection","December","B: Evident Injury",35880,"Head-On - Bicyclist",2007,"Yes","No","Daylight","Straight - Level","NC Route","Dry","Two-Way, Not Divided","None","No Special Feature","Coarse Asphalt",0,0,0,0,0,0,0,"2 lanes",2,0,NA,0,NA
5695,7460,"Eden","Rockingham","Piedmont","Residential","Urban (>70% Developed)",NA,"Urban","30 - 35  MPH","Stop Sign","Clear","No",NA,NA,"No",NA,"With Traffic","Unknown Injury","Travel Lane","Unknown/Missing",NA,65,"60-69","No",NA,"31-35 mph","O: No Injury","White","Male","Passenger Car","No","14AUG2007","Tuesday","Bicyclist Failed to Yield - Sign-Controlled Intersection",15,"Intersection","August","O: No Injury",56520,"Bicyclist Ride Through - Sign-Controlled Intersection",2007,"No","No","Daylight","Straight - Level","Local Street","Dry","Two-Way, Divided, Unprotected Median","None","Four-Way Intersection","Coarse Asphalt",0,0,0,0,0,0,0,"2 lanes",2,0,NA,0,NA
5696,7463,"Greensboro","Guilford","Piedmont","Commercial","Urban (>70% Developed)",NA,"Urban","30 - 35  MPH","Stop Sign","Clear","No",38,"30-39","No",NA,"With Traffic","C: Possible Injury","Travel Lane","White","Male",16,"0-19","No",NA,"6-10 mph","O: No Injury","White","Female","Passenger Car","No","04SEP2007","Tuesday","Loss of Control / Turning Error",16,"Intersection","September","C: Possible Injury",57600,"Bicyclist Turning Error - Left Turn",2007,"No","No","Daylight","Straight - Level","Local Street","Dry","Two-Way, Divided, Positive Median Barrier","None","T-Intersection","Smooth Asphalt",0,0,0,0,0,0,0,"3 lanes",2,0,NA,0,NA
5697,7467,"Wilmington","New Hanover","Coastal","Commercial","Urban (>70% Developed)",NA,"Urban","30 - 35  MPH","Stop And Go Signal","Clear","No",0,"0-5","No",NA,NA,"C: Possible Injury",NA,"White","Male",47,"40-49","No",NA,"26-30 mph","O: No Injury","White","Male","Sport Utility","No","19OCT2007","Friday","Bicyclist Failed to Yield - Midblock",8,"Non-Intersection","October","C: Possible Injury",29280,"Bicyclist Ride Out - Midblock - Unknown",2007,"Yes","No","Daylight","Straight - Level","Local Street","Dry","Two-Way, Divided, Unprotected Median","None","Four-Way Intersection","Smooth Asphalt",0,0,0,0,0,0,0,"5 lanes",2,0,NA,0,NA
5698,3002,"Wilmington","New Hanover","Coastal","Residential","Urban (>70% Developed)",NA,"Urban",NA,"No Control Present","Clear","No",7,"6-10","No",NA,"Not Applicable","C: Possible Injury","Travel Lane","White","Male",58,"50-59","No",NA,NA,"O: No Injury","White","Female","Passenger Car","No","20APR2011","Wednesday","Other / Unknown - Insufficient Details",23,"Non-Intersection","April","C: Possible Injury",83940,"Unknown Approach Paths",2011,"Yes","No","Daylight","Straight - Level","Local Street","Dry","Two-Way, Not Divided","None","No Special Feature","Coarse Asphalt",0,0,0,0,0,0,0,"2 lanes",2,0,NA,0,NA