"...1","object_id","city","county","region","development","locality","on_road","rural_urban","speed_limit","traffic_control","weather","workzone","bike_age","bike_age_group","bike_alcohol","bike_alcohol_drugs","bike_direction","bike_injury","bike_position","bike_race","bike_sex","driver_age","driver_age_group","driver_alcohol","driver_alcohol_drugs","driver_est_speed","driver_injury","driver_race","driver_sex","driver_vehicle_type","crash_alcohol","crash_date","crash_day","crash_group","crash_hour","crash_location","crash_month","crash_severity","crash_time","crash_type","crash_year","ambulance_req","hit_run","light_condition","road_character","road_class","road_condition","road_configuration","road_defects","road_feature","road_surface","num_bikes_ai","num_bikes_bi","num_bikes_ci","num_bikes_ki","num_bikes_no","num_bikes_to","num_bikes_ui","num_lanes","num_units","distance_mi_from","frm_road","rte_invd_cd","towrd_road"
5699,3005,"Brevard","Transylvania","Mountains","Commercial","Urban (>70% Developed)",NA,"Urban","40 - 45  MPH","Stop And Go Signal","Clear","No",17,"16-19","No",NA,"Not Applicable","B: Evident Injury","Bike Lane / Paved Shoulder","White","Male",33,"30-39","No",NA,"31-35 mph","O: No Injury","Black","Male","Passenger Car","No","21MAY2011","Saturday","Bicyclist Failed to Yield - Signalized Intersection",14,"Intersection","May","B: Evident Injury",53340,"Bicyclist Ride Through - Signalized Intersection",2011,"Yes","No","Daylight","Straight - Grade","Local Street","Dry","Two-Way, Not Divided","None","Four-Way Intersection","Smooth Asphalt",0,0,0,0,0,0,0,"5 lanes",2,0,NA,0,NA
5700,3007,"Laurinburg","Scotland","Coastal","Residential","Urban (>70% Developed)",NA,"Urban","20 - 25  MPH","Stop Sign","Clear","No",14,"11-15","No",NA,"Facing Traffic","C: Possible Injury","Travel Lane","Black","Male",NA,"70+","No",NA,"21-25 mph","O: No Injury","White","Male","Pickup","No","30APR2011","Saturday","Bicyclist Failed to Yield - Sign-Controlled Intersection",18,"Intersection","April","C: Possible Injury",64800,"Bicyclist Ride Through - Sign-Controlled Intersection",2011,"No","No","Daylight","Straight - Level","Local Street","Dry","Two-Way, Not Divided","None","No Special Feature","Coarse Asphalt",0,0,0,0,0,0,0,"2 lanes",2,0,NA,0,NA
5701,1433,"Emerald Isle","Carteret","Coastal","Residential","Urban (>70% Developed)","COAST GUARD RD","Rural","30 - 35  MPH","No Control Present","Clear","No",48,"40-49","No",NA,"With Traffic","C: Possible Injury","Bike Lane / Paved Shoulder","White","Male",NA,"70+","No",NA,"31-35 mph","O: No Injury","White","Male","Passenger Car","No","24JUL2013","Wednesday","Motorist Overtaking Bicyclist",12,"Non-Intersection","July","C: Possible Injury",43620,"Motorist Overtaking - Other / Unknown",2013,"No","No","Daylight","Straight - Hillcrest","Local Street","Dry","Two-Way, Divided, Unprotected Median","None","No Special Feature","Coarse Asphalt",0,0,0,0,0,0,0,"2 lanes",2,0,NA,0,NA
5702,1439,"Salisbury","Rowan","Piedmont","Commercial","Urban (>70% Developed)","N LONG ST","Urban","30 - 35  MPH","No Control Present","Clear","No",43,"40-49","No",NA,"With Traffic","O: No Injury","Travel Lane","Black","Male",35,"30-39","No",NA,"16-20 mph","O: No Injury","Black","Female","Sport Utility","No","10SEP2013","Tuesday","Bicyclist Left Turn / Merge",16,"Intersection","September","O: No Injury",58440,"Bicyclist Left Turn - Same Direction",2013,"No","No","Daylight","Straight - Grade","Local Street","Dry","Two-Way, Not Divided","None","No Special Feature","Smooth Asphalt",0,0,0,0,0,0,0,"2 lanes",2,0,NA,0,NA
5703,1450,"None - Rural Crash","Swain","Mountains","Farms, Woods, Pastures","Rural (<30% Developed)","NC 28","Rural","50 - 55  MPH","No Control Present","Clear","No",NA,"70+","No",NA,"With Traffic","K: Killed","Travel Lane","White","Male",53,"50-59","No",NA,"51-55 mph","O: No Injury","White","Female","Passenger Car","No","06SEP2013","Friday","Motorist Overtaking Bicyclist",17,"Non-Intersection","September","K: Killed",61320,"Motorist Overtaking - Other / Unknown",2013,"Yes","No","Daylight","Straight - Grade","NC Route","Dry","Two-Way, Divided, Positive Median Barrier","None","Bridge","Smooth Asphalt",0,0,0,0,0,0,0,"4 lanes",2,0,NA,0,NA
5704,1455,"Raleigh","Wake","Piedmont","Commercial","Urban (>70% Developed)","DURALEGH RD","Urban","40 - 45  MPH","No Control Present","Clear","No",30,"30-39","No",NA,"With Traffic","B: Evident Injury","Travel Lane","White","Male",NA,NA,"Missing",NA,"16-20 mph","Unknown Injury","Unknown/Missing",NA,"Passenger Car","No","09SEP2013","Monday","Motorist Right Turn / Merge",15,"Intersection","September","B: Evident Injury",54480,"Motorist Right Turn - Same Direction",2013,"Yes","Yes","Daylight","Straight - Level","Local Street","Dry","Two-Way, Divided, Unprotected Median","None","No Special Feature","Smooth Asphalt",0,0,0,0,0,0,0,"2 lanes",2,0,NA,0,NA
5705,1457,"Jamestown","Guilford","Piedmont","Farms, Woods, Pastures","Mixed (30% To 70% Developed)","SR 1546","Rural","40 - 45  MPH","Stop And Go Signal","Clear","No",53,"50-59","No",NA,"Facing Traffic","B: Evident Injury","Travel Lane","White","Male",29,"25-29","No",NA,"0-5 mph","O: No Injury","White","Female","Passenger Car","No","11SEP2013","Wednesday","Bicyclist Failed to Yield - Signalized Intersection",7,"Intersection","September","B: Evident Injury",27540,"Bicyclist Ride Through - Signalized Intersection",2013,"Yes","No","Daylight","Straight - Level","State Secondary Route","Dry","Two-Way, Not Divided","None","Four-Way Intersection","Smooth Asphalt",0,0,0,0,0,0,0,"2 lanes",2,0,NA,0,NA
5706,1459,"None - Rural Crash","Halifax","Coastal","Residential","Rural (<30% Developed)","SR 1520","Rural","50 - 55  MPH","Double Yellow Line, No Passing Zone","Clear","No",15,"11-15","No",NA,"Facing Traffic","B: Evident Injury","Travel Lane","Black","Male",31,"30-39","No",NA,"41-45 mph","O: No Injury","Black","Female","Passenger Car","No","02SEP2013","Monday","Bicyclist Right Turn / Merge",19,"Non-Intersection","September","B: Evident Injury",71880,"Bicyclist Right Turn - Same Direction",2013,"Yes","No","Daylight","Curve - Level","State Secondary Route","Dry","Two-Way, Not Divided","None","No Special Feature","Smooth Asphalt",0,0,0,0,0,0,0,"2 lanes",2,0,NA,0,NA
5707,1462,"Elizabeth City","Pasquotank","Coastal","Commercial","Urban (>70% Developed)","WEEKSVILLE ROAD","Urban","50 - 55  MPH","Stop And Go Signal","Cloudy","No",39,"30-39","No",NA,"With Traffic","B: Evident Injury","Travel Lane","Black","Male",32,"30-39","No",NA,"46-50 mph","O: No Injury","Black","Male","Passenger Car","No","16SEP2013","Monday","Motorist Overtaking Bicyclist",23,"Intersection","September","B: Evident Injury",85200,"Motorist Overtaking - Undetected Bicyclist",2013,"Yes","No","Dark - Lighted Roadway","Straight - Level","Local Street","Dry","Two-Way, Not Divided","None","No Special Feature","Smooth Asphalt",0,0,0,0,0,0,0,"5 lanes",2,0,NA,0,NA
5708,1466,"Kitty Hawk","Dare","Coastal","Commercial","Urban (>70% Developed)","CROATAN HWY","Rural","50 - 55  MPH","Stop And Go Signal","Clear","No",20,"20-24","No",NA,"Facing Traffic","C: Possible Injury","Sidewalk / Crosswalk / Driveway Crossing","Asian","Female",36,"30-39","No",NA,"0-5 mph","O: No Injury","White","Female","Sport Utility","No","22AUG2013","Thursday","Motorist Failed to Yield - Signalized Intersection",13,"Intersection","August","C: Possible Injury",48840,"Motorist Drive Out - Right Turn on Red",2013,"Yes","No","Daylight","Straight - Level","US Route","Dry","Two-Way, Not Divided","None","Four-Way Intersection","Coarse Asphalt",0,0,0,0,0,0,0,"6 lanes",2,0,NA,0,NA
5709,1470,"None - Rural Crash","Orange","Piedmont","Farms, Woods, Pastures","Rural (<30% Developed)","SR 1343","Rural","50 - 55  MPH","Double Yellow Line, No Passing Zone","Clear","No",56,"50-59","No",NA,"With Traffic","A: Disabling Injury",NA,"White","Female",35,"30-39","No",NA,"51-55 mph","O: No Injury","White","Male","Pickup","No","18SEP2013","Wednesday","Parallel Paths - Other Circumstances",17,"Non-Intersection","September","A: Disabling Injury",63240,"Parallel Paths - Other / Unknown",2013,"Yes","No","Daylight","Straight - Hillcrest","State Secondary Route","Dry","Two-Way, Not Divided","None","No Special Feature","Smooth Asphalt",0,0,0,0,0,0,0,"3 lanes",2,0,NA,0,NA
5710,1474,"Durham","Durham","Piedmont","Commercial","Urban (>70% Developed)","CHAPEL HILL RD","Urban","30 - 35  MPH","No Control Present","Clear","No",26,"25-29","No",NA,"With Traffic","O: No Injury","Travel Lane","White","Female",31,"30-39","No",NA,"6-10 mph","O: No Injury","Black","Male","Passenger Car","No","19SEP2013","Thursday","Motorist Left Turn / Merge",21,"Intersection","September","O: No Injury",76620,"Motorist Left Turn - Opposite Direction",2013,"No","No","Dark - Lighted Roadway","Straight - Level","Local Street","Dry","Two-Way, Divided, Unprotected Median","None","No Special Feature","Smooth Asphalt",0,0,0,0,0,0,0,"2 lanes",2,0,NA,0,NA
5711,1476,"None - Rural Crash","Harnett","Coastal","Farms, Woods, Pastures","Rural (<30% Developed)","SR 1229","Rural","50 - 55  MPH","Double Yellow Line, No Passing Zone","Clear","No",8,"6-10","No",NA,"Not Applicable","O: No Injury","Driveway / Alley","White","Male",29,"25-29","No",NA,"36-40 mph","O: No Injury","White","Female","Sport Utility","No","15SEP2013","Sunday","Bicyclist Failed to Yield - Midblock",20,"Non-Intersection","September","O: No Injury",72600,"Bicyclist Ride Out - Residential Driveway",2013,"No","No","Dusk","Straight - Level","State Secondary Route","Dry","Two-Way, Not Divided","None","No Special Feature","Coarse Asphalt",0,0,0,0,0,0,0,"2 lanes",2,0,NA,0,NA
5712,1483,"None - Rural Crash","Wayne","Coastal","Residential","Mixed (30% To 70% Developed)","NC 55","Rural","50 - 55  MPH","No Control Present","Rain","No",20,"20-24","Yes",NA,"Facing Traffic","B: Evident Injury","Travel Lane","White","Female",25,"25-29","No",NA,"41-45 mph","O: No Injury","White","Male","Pickup","Yes","22SEP2013","Sunday","Head-On",2,"Non-Intersection","September","B: Evident Injury",10440,"Head-On - Bicyclist",2013,"Yes","No","Dark - Roadway Not Lighted","Straight - Level","NC Route","Wet","Two-Way, Not Divided","None","No Special Feature","Smooth Asphalt",0,0,0,0,0,0,0,"2 lanes",2,0,NA,0,NA
5713,1485,"Greensboro","Guilford","Piedmont","Commercial","Urban (>70% Developed)","BATTLEGROUND AV","Urban","30 - 35  MPH","No Control Present","Clear","No",28,"25-29","No",NA,"With Traffic","C: Possible Injury","Travel Lane","White","Male",NA,"70+","No",NA,"21-25 mph","O: No Injury","White","Female","Passenger Car","No","23SEP2013","Monday","Motorist Overtaking Bicyclist",10,"Intersection-Related","September","C: Possible Injury",37860,"Motorist Overtaking - Misjudged Space",2013,"Yes","No","Daylight","Curve - Grade","Local Street","Dry","Two-Way, Divided, Positive Median Barrier","None","No Special Feature","Smooth Asphalt",0,0,0,0,0,0,0,"6 lanes",2,0,NA,0,NA
5714,1489,"Cary","Wake","Piedmont","Residential","Urban (>70% Developed)","8622 CHAPEL HILL RD","Urban","20 - 25  MPH","No Control Present","Clear","No",64,"60-69","No",NA,"With Traffic","C: Possible Injury","Travel Lane","White","Male",46,"40-49","No",NA,"6-10 mph","O: No Injury","Black","Female","Passenger Car","No","01SEP2013","Sunday","Motorist Right Turn / Merge",8,"Non-Intersection","September","C: Possible Injury",30240,"Motorist Right Turn - Same Direction",2013,"Yes","No","Daylight","Straight - Level","State Secondary Route","Dry","Two-Way, Not Divided","None","No Special Feature","Coarse Asphalt",0,0,0,0,0,0,0,"2 lanes",2,0,NA,0,NA
5715,1493,"Asheville","Buncombe","Mountains","Commercial","Urban (>70% Developed)","US 25","Urban","40 - 45  MPH","Stop Sign","Clear","No",27,"25-29","No",NA,"With Traffic","C: Possible Injury","Travel Lane","White","Male",61,"60-69","No",NA,"6-10 mph","O: No Injury","Black","Female","Passenger Car","No","28AUG2013","Wednesday","Loss of Control / Turning Error",18,"Intersection","August","C: Possible Injury",65340,"Motorist Turning Error - Right Turn",2013,"No","No","Daylight","Straight - Hillcrest","US Route","Dry","Two-Way, Not Divided","None","T-Intersection",NA,0,0,0,0,0,0,0,"5 lanes",2,0,NA,0,NA
5716,1495,"Whiteville","Columbus","Coastal","Commercial","Urban (>70% Developed)","JEFFERSON ST","Urban","40 - 45  MPH","No Control Present","Cloudy","No",40,"40-49","No",NA,NA,"B: Evident Injury",NA,"White","Male",NA,NA,"No",NA,"31-35 mph","O: No Injury","Black","Male","Passenger Car","No","25SEP2013","Wednesday","Parallel Paths - Other Circumstances",22,"Intersection","September","B: Evident Injury",79200,"Parallel Paths - Other / Unknown",2013,"No","No","Dark - Lighted Roadway","Straight - Level","Local Street","Wet","Two-Way, Not Divided","None","No Special Feature","Coarse Asphalt",0,0,0,0,0,0,0,"1 lane",2,0,NA,0,NA
5717,1498,"None - Rural Crash","Orange","Piedmont","Farms, Woods, Pastures","Rural (<30% Developed)","US 15","Rural","40 - 45  MPH","No Control Present","Clear","No",41,"40-49","Yes",NA,"With Traffic","K: Killed","Travel Lane","Black","Male",NA,NA,"No",NA,"61-65 mph","Unknown Injury","Unknown/Missing",NA,NA,"Yes","19SEP2013","Thursday","Motorist Overtaking Bicyclist",23,"Non-Intersection","September","K: Killed",84900,"Motorist Overtaking - Other / Unknown",2013,"Yes","Yes","Dark - Roadway Not Lighted","Straight - Level","US Route","Dry","Two-Way, Divided, Unprotected Median","None","No Special Feature","Smooth Asphalt",0,0,0,0,0,0,0,"4 lanes",3,0,NA,0,NA
5718,501,"Cary","Wake","Piedmont","Commercial","Urban (>70% Developed)","SR 1747 (SW MAYNARD RD","Urban","5 - 15 MPH","Stop And Go Signal","Clear","No",23,"20-24",NA,"No","Facing Traffic","C: Possible Injury","Travel Lane","Hispanic","Male",NA,NA,NA,"Missing","6-10 mph","Unknown Injury","Unknown/Missing",NA,NA,"No","25JUL2014","Friday","Motorist Failed to Yield - Signalized Intersection",12,"Intersection","July","C: Possible Injury",44340,"Motorist Drive Out - Signalized Intersection",2014,"Yes","Yes","Daylight","Straight - Level","State Secondary Route","Dry","Two-Way, Not Divided","None","T-Intersection","Smooth Asphalt",0,0,1,0,0,1,0,"5 lanes",2,0,"KILMAYNE RD",0,"POND ST"
5719,504,"Durham","Durham","Piedmont","Residential","Urban (>70% Developed)","N DUKE ST","Urban","30 - 35  MPH","Stop And Go Signal","Rain","No",13,"11-15",NA,"No","With Traffic","C: Possible Injury","Sidewalk / Crosswalk / Driveway Crossing","Black","Male",36,"30-39",NA,"No","31-35 mph","O: No Injury","Black","Female","Passenger Car","No","08SEP2014","Monday","Bicyclist Failed to Yield - Signalized Intersection",16,"Intersection","September","C: Possible Injury",57600,"Bicyclist Ride Out - Signalized  Intersection",2014,"Yes","No","Daylight","Straight - Level","Local Street","Wet","One-Way, Not Divided","None","No Special Feature","Smooth Asphalt",0,0,1,0,0,1,0,"2 lanes",2,0,"W TRINITY AVE",40001445,"MONMOUTH AVE"
5720,506,"Raleigh","Wake","Piedmont","Residential","Urban (>70% Developed)","HARGETT ST","Urban","20 - 25  MPH","No Control Present","Clear","No",29,"25-29",NA,"No","With Traffic","O: No Injury","Travel Lane","White","Male",58,"50-59",NA,"No","11-15 mph","O: No Injury","White","Female","Passenger Car","No","05SEP2014","Friday","Motorist Left Turn / Merge",18,"Intersection","September","O: No Injury",64800,"Motorist Left Turn - Opposite Direction",2014,"No","No","Daylight","Straight - Level","Local Street","Dry","Two-Way, Not Divided","None","No Special Feature","Smooth Asphalt",0,0,0,0,1,1,0,"2 lanes",2,0.066,"BOYLAN AVE",50013157,"ST MARY ST"
5721,518,"Wilmington",NA,"Coastal","Residential","Urban (>70% Developed)","ROBERT E LEE DR","Urban","20 - 25  MPH","No Control Present","Clear","No",40,"40-49",NA,"No","With Traffic","B: Evident Injury","Travel Lane","White","Male",33,"30-39",NA,"No","6-10 mph","O: No Injury","White","Female","Passenger Car","No","21AUG2014","Thursday","Motorist Left Turn / Merge",19,"Non-Intersection","August","B: Evident Injury",71580,"Motorist Left Turn - Opposite Direction",2014,"Yes","No","Dark - Roadway Not Lighted","Straight - Level","Local Street","Dry","Two-Way, Not Divided","None","No Special Feature","Smooth Asphalt",0,1,0,0,0,1,0,"2 lanes",2,0.024,"JOHN D BARRY DR",0,"BURNEY ST"
5722,519,"Cary","Wake","Piedmont","Residential","Urban (>70% Developed)","HARRISON AVE","Urban","40 - 45  MPH","No Control Present","Clear","No",17,"16-19",NA,"No","With Traffic","Unknown Injury","Travel Lane","Black","Male",NA,NA,NA,"Missing",NA,"Unknown Injury","Unknown/Missing",NA,NA,"No","31JUL2014","Thursday","Motorist Overtaking Bicyclist",21,"Non-Intersection","July","Unknown Injury",76440,"Motorist Overtaking - Other / Unknown",2014,"Yes","Yes","Dark - Roadway Not Lighted","Straight - Grade","State Secondary Route","Dry","Two-Way, Not Divided","None","No Special Feature","Smooth Asphalt",0,0,0,0,0,1,1,NA,2,0.006,"QUEEN ELIZABETH DR",40001652,"KINGSWOOD DR"
5723,524,"Kill Devil Hills","Dare","Coastal","Commercial","Urban (>70% Developed)","W LAKE DR","Urban","20 - 25  MPH","Stop Sign","Clear","No",20,"20-24",NA,"No","Facing Traffic","B: Evident Injury","Sidewalk / Crosswalk / Driveway Crossing","Asian","Female",53,"50-59",NA,"No","0-5 mph","O: No Injury","White","Male","Van","No","31JUL2014","Thursday","Motorist Failed to Yield - Sign-Controlled Intersection",12,"Intersection","July","B: Evident Injury",46440,"Motorist Drive Out - Sign-Controlled Intersection",2014,"Yes","No","Daylight","Straight - Level","Local Street","Dry","Two-Way, Not Divided","None","T-Intersection","Coarse Asphalt",0,1,0,0,0,1,0,"2 lanes",2,0,"158",20000158,NA
5724,525,"Fayetteville","Cumberland","Coastal","Residential","Mixed (30% To 70% Developed)","RIM RD","Urban","40 - 45  MPH","No Control Present","Clear","No",29,"25-29",NA,"No","With Traffic","Unknown Injury","Travel Lane","White","Male",42,"40-49",NA,"No","21-25 mph","O: No Injury","White","Female","Pickup","No","14AUG2014","Thursday","Motorist Overtaking Bicyclist",20,"Non-Intersection","August","O: No Injury",73500,"Motorist Overtaking - Misjudged Space",2014,"No","No","Dark - Roadway Not Lighted","Straight - Level","Local Street","Dry","Two-Way, Not Divided","None","No Special Feature","Coarse Asphalt",0,0,0,0,0,1,1,"2 lanes",2,0.005,"GOODEN DR",40001402,"MTN HOME DR"
5725,528,"Fayetteville","Cumberland","Coastal","Institutional","Urban (>70% Developed)","RAMSEY ST","Urban","30 - 35  MPH","Stop Sign","Cloudy","No",41,"40-49",NA,"No","Facing Traffic","C: Possible Injury","Sidewalk / Crosswalk / Driveway Crossing","Black","Male",59,"50-59",NA,"No","0-5 mph","O: No Injury","Black","Female","Sport Utility","No","03AUG2014","Sunday","Motorist Failed to Yield - Sign-Controlled Intersection",14,"Intersection","August","C: Possible Injury",52560,"Motorist Drive Out - Sign-Controlled Intersection",2014,"Yes","No","Daylight","Straight - Grade","Local Street","Dry","Two-Way, Divided, Unprotected Median","None","T-Intersection","Smooth Asphalt",0,0,1,0,0,1,0,"6 lanes",2,0,"COURTNEY ST",29000401,"COCHRAN AVE"
5726,529,"Wilmington","New Hanover","Coastal","Commercial","Urban (>70% Developed)","PVA 351 S COLLEGE RD","Urban","5 - 15 MPH","Stop Sign","Cloudy","No",28,"25-29",NA,"Yes-Alcohol, no impairment detected","Facing Traffic","C: Possible Injury","Sidewalk / Crosswalk / Driveway Crossing","White","Male",42,"40-49",NA,"No","0-5 mph","O: No Injury","White","Female","Sport Utility","Yes","11AUG2014","Monday","Motorist Failed to Yield - Sign-Controlled Intersection",15,"Intersection","August","C: Possible Injury",54840,"Motorist Drive Out - Sign-Controlled Intersection",2014,"Yes","No","Daylight","Straight - Level","Public Vehicular Area","Dry","Two-Way, Not Divided","None","No Special Feature","Smooth Asphalt",0,0,1,0,0,1,0,NA,2,0.2,"RACINE DR",0,"DAPPLE CT"
5727,532,"None - Rural Crash","Carteret","Coastal","Residential","Mixed (30% To 70% Developed)","SR 1140","Rural","40 - 45  MPH","Double Yellow Line, No Passing Zone","Clear","No",12,"11-15",NA,"No","Facing Traffic","O: No Injury","Travel Lane","White","Male",67,"60-69",NA,"No","21-25 mph","O: No Injury","White","Female","Passenger Car","No","17AUG2014","Sunday","Head-On",15,"Intersection","August","O: No Injury",57120,"Head-On - Bicyclist",2014,"Yes","No","Daylight","Curve - Level","State Secondary Route","Dry","Two-Way, Not Divided","None","No Special Feature","Coarse Asphalt",0,0,0,0,1,1,0,"2 lanes",2,0,"OSCAR HILL RD",40001140,"1282"
5728,536,"Greenville","Pitt","Coastal","Residential","Urban (>70% Developed)","CALDWELL CT","Urban","30 - 35  MPH","No Control Present","Rain","No",16,"16-19",NA,"No","With Traffic","C: Possible Injury","Travel Lane","Black","Male",NA,NA,NA,"Missing","6-10 mph","Unknown Injury","Unknown/Missing",NA,NA,"No","08SEP2014","Monday","Motorist Overtaking Bicyclist",19,"Intersection-Related","September","C: Possible Injury",71940,"Motorist Overtaking - Other / Unknown",2014,"Yes","Yes","Dark - Lighted Roadway","Straight - Level","Local Street","Wet","Two-Way, Not Divided","None","No Special Feature","Coarse Asphalt",0,0,1,0,0,1,0,"2 lanes",2,0.034,"KRISTIN DR",0,"CUL-DE-SAC"
5729,537,"Kitty Hawk","Dare","Coastal","Commercial","Urban (>70% Developed)","VIRGINIA DARE TRL","Rural","30 - 35  MPH","No Control Present","Clear","No",52,"50-59",NA,"No","With Traffic","C: Possible Injury","Travel Lane","White","Male",57,"50-59",NA,"No","6-10 mph","O: No Injury","White","Female","Sport Utility","No","07AUG2014","Thursday","Motorist Left Turn / Merge",5,"Non-Intersection","August","C: Possible Injury",19500,"Motorist Left Turn - Opposite Direction",2014,"Yes","No","Dark - Lighted Roadway","Straight - Grade","NC Route","Dry","Two-Way, Not Divided","None","No Special Feature","Coarse Asphalt",0,0,1,0,0,1,0,"3 lanes",2,0.128,"OCEAN BLVD",40001418,"2 BYRD ST"
5730,538,"Raleigh","Wake","Piedmont","Residential","Mixed (30% To 70% Developed)","NEW HOPE RD","Urban","40 - 45  MPH","Stop And Go Signal","Clear","No",20,"20-24",NA,"No","Not Applicable","C: Possible Injury","Travel Lane","Black","Male",46,"40-49",NA,"No","31-35 mph","O: No Injury","White","Female","Sport Utility","No","16SEP2014","Tuesday","Bicyclist Failed to Yield - Midblock",7,"Non-Intersection","September","C: Possible Injury",28440,"Bicyclist Ride Out - Other Midblock",2014,"Yes","No","Daylight","Straight - Level","Local Street","Dry","Two-Way, Divided, Unprotected Median","None","No Special Feature","Smooth Asphalt",0,0,1,0,0,1,0,"2 lanes",2,0.057,"EVA MAE DR",40002697,"OLD POOLE RD"
5731,541,"Laurinburg","Scotland","Coastal","Residential","Urban (>70% Developed)","TURNPIKE ROAD","Urban","40 - 45  MPH","No Control Present","Clear","No",38,"30-39",NA,"No","With Traffic","K: Killed","Travel Lane","Black","Male",22,"20-24",NA,"Yes-Alcohol, no impairment detected","41-45 mph","O: No Injury","White","Male","Passenger Car","Yes","17JUL2014","Thursday","Motorist Overtaking Bicyclist",22,"Non-Intersection","July","K: Killed",81180,"Motorist Overtaking - Undetected Bicyclist",2014,"Yes","No","Dark - Roadway Not Lighted","Straight - Level","Local Street","Dry","Two-Way, Not Divided","None","No Special Feature","Smooth Asphalt",0,0,0,1,0,1,0,"2 lanes",2,0.01,"MEADOW BROOK DRIVE",0,"WEST BOULEVARD"
5732,545,"None - Rural Crash","Transylvania","Mountains","Farms, Woods, Pastures","Rural (<30% Developed)","SR 1401","Rural","30 - 35  MPH","No Control Present","Clear","No",23,"20-24",NA,"No","Facing Traffic","O: No Injury","Travel Lane","White","Male",57,"50-59",NA,"No","21-25 mph","O: No Injury","White","Male","Pickup","No","22JUN2014","Sunday","Head-On",9,"Non-Intersection","June","O: No Injury",32460,"Head-On - Bicyclist",2014,"No","No","Daylight","Curve - Level","State Secondary Route","Dry","Two-Way, Not Divided","None","No Special Feature","Gravel",0,0,0,0,1,1,0,"2 lanes",2,6,"64",40001401,"F S 475"
5733,553,"Wilson","Wilson","Coastal","Residential","Urban (>70% Developed)","VICK ST E","Urban","30 - 35  MPH","Stop Sign","Clear","No",41,"40-49",NA,"Yes-Alcohol,  impairment suspected","With Traffic","B: Evident Injury","Travel Lane","Black","Female",29,"25-29",NA,"No","0-5 mph","O: No Injury","Black","Female","Passenger Car","Yes","16AUG2014","Saturday","Motorist Failed to Yield - Sign-Controlled Intersection",22,"Intersection","August","B: Evident Injury",80640,"Motorist Drive Out - Sign-Controlled Intersection",2014,"Yes","No","Dark - Lighted Roadway","Straight - Level","Local Street","Dry","Two-Way, Not Divided","None","No Special Feature","Coarse Asphalt",0,1,0,0,0,1,0,"2 lanes",2,0.002,"WASHINGTON ST E",0,"ATLANTIC ST"
5734,556,"Kill Devil Hills","Dare","Coastal","Commercial","Urban (>70% Developed)","E FIFTH ST","Urban",NA,"Stop Sign","Clear","No",30,"30-39",NA,"No","Facing Traffic","B: Evident Injury","Sidewalk / Crosswalk / Driveway Crossing","White","Female",44,"40-49",NA,"No","0-5 mph","O: No Injury","Black","Female","Passenger Car","No","24AUG2014","Sunday","Motorist Failed to Yield - Midblock",18,"Non-Intersection","August","B: Evident Injury",66600,"Motorist Drive Out - Commercial Driveway / Alley",2014,"No","No","Daylight","Straight - Level","Local Street","Dry","Two-Way, Not Divided","None","T-Intersection","Coarse Asphalt",0,1,0,0,0,1,0,"2 lanes",2,0.049,"158",0,"NEW BERN ST"
5735,564,"Fayetteville","Cumberland","Coastal","Commercial","Urban (>70% Developed)","BRAGG BLVD","Urban","40 - 45  MPH","Stop And Go Signal","Clear","No",55,"50-59",NA,"No","Facing Traffic","O: No Injury","Sidewalk / Crosswalk / Driveway Crossing","White","Male",39,"30-39",NA,"No","6-10 mph","O: No Injury","White","Female","Pickup","No","31MAY2014","Saturday","Loss of Control / Turning Error",10,"Intersection","May","C: Possible Injury",37320,"Motorist Lost Control - Oversteering, Improper Braking, Speed",2014,"No","No","Daylight","Straight - Level","Local Street","Dry","Two-Way, Divided, Positive Median Barrier","None","No Special Feature","Coarse Asphalt",0,0,0,0,1,1,0,"7 lanes",3,0,"SHANNON DR",30000024,"WILLIAM CLARK RD"
5736,565,"Hickory","Catawba","Piedmont","Commercial","Urban (>70% Developed)","127","Urban",NA,"No Control Present","Clear","No",54,"50-59",NA,"No","Facing Traffic","C: Possible Injury","Sidewalk / Crosswalk / Driveway Crossing","White","Male",23,"20-24",NA,"No","0-5 mph","O: No Injury","White","Female","Sport Utility","No","12AUG2014","Tuesday","Motorist Failed to Yield - Midblock",12,"Non-Intersection","August","C: Possible Injury",44100,"Motorist Drive Out - Commercial Driveway / Alley",2014,"Yes","No","Daylight","Straight - Level","Public Vehicular Area","Dry","Two-Way, Not Divided","None","No Special Feature","Coarse Asphalt",0,0,1,0,0,1,0,NA,2,0.116,"3RD AVE",30000127,"2ND AVE"
5737,567,"None - Rural Crash","Buncombe","Mountains","Commercial","Mixed (30% To 70% Developed)","US 74","Rural","40 - 45  MPH","Double Yellow Line, No Passing Zone","Clear","No",18,"16-19",NA,"No","With Traffic","B: Evident Injury","Travel Lane","White","Male",46,"40-49",NA,"No","31-35 mph","O: No Injury","White","Female","Passenger Car","No","13SEP2014","Saturday","Motorist Overtaking Bicyclist",18,"Non-Intersection","September","B: Evident Injury",66300,"Motorist Overtaking - Misjudged Space",2014,"Yes","No","Daylight","Straight - Level","US Route","Dry","Two-Way, Not Divided","None","No Special Feature","Smooth Asphalt",0,1,0,0,0,1,0,"2 lanes",2,0.1,"3136",21000074,"2800"