"...1","object_id","city","county","region","development","locality","on_road","rural_urban","speed_limit","traffic_control","weather","workzone","bike_age","bike_age_group","bike_alcohol","bike_alcohol_drugs","bike_direction","bike_injury","bike_position","bike_race","bike_sex","driver_age","driver_age_group","driver_alcohol","driver_alcohol_drugs","driver_est_speed","driver_injury","driver_race","driver_sex","driver_vehicle_type","crash_alcohol","crash_date","crash_day","crash_group","crash_hour","crash_location","crash_month","crash_severity","crash_time","crash_type","crash_year","ambulance_req","hit_run","light_condition","road_character","road_class","road_condition","road_configuration","road_defects","road_feature","road_surface","num_bikes_ai","num_bikes_bi","num_bikes_ci","num_bikes_ki","num_bikes_no","num_bikes_to","num_bikes_ui","num_lanes","num_units","distance_mi_from","frm_road","rte_invd_cd","towrd_road"
5738,568,"None - Rural Crash","Wake","Piedmont","Residential","Mixed (30% To 70% Developed)","SR 3568","Rural","30 - 35  MPH","Stop Sign","Clear","No",44,"40-49",NA,"No","Facing Traffic","C: Possible Injury","Sidewalk / Crosswalk / Driveway Crossing","White","Female",18,"0-19",NA,"No","6-10 mph","O: No Injury","White","Male","Passenger Car","No","31AUG2014","Sunday","Motorist Failed to Yield - Sign-Controlled Intersection",13,"Intersection","August","C: Possible Injury",49200,"Motorist Drive Through - Sign-Controlled Intersection",2014,"Yes","No","Daylight","Straight - Level","State Secondary Route","Dry","Two-Way, Not Divided","None","T-Intersection","Smooth Asphalt",0,0,1,0,0,1,0,"2 lanes",2,0,"2000",40003568,"4496"
5739,570,"Greensboro","Guilford","Piedmont","Residential","Urban (>70% Developed)","BRIGHTWOOD SCHOOL RD","Urban","30 - 35  MPH","No Control Present","Rain","No",43,"40-49",NA,"No","With Traffic","B: Evident Injury","Travel Lane","White","Male",24,"20-24",NA,"No","31-35 mph","O: No Injury","White","Male","Passenger Car","No","18AUG2014","Monday","Motorist Overtaking Bicyclist",21,"Non-Intersection","August","B: Evident Injury",78420,"Motorist Overtaking - Undetected Bicyclist",2014,"Yes","No","Dark - Roadway Not Lighted","Straight - Level","Local Street","Wet","Two-Way, Not Divided","None","No Special Feature","Smooth Asphalt",0,1,0,0,0,1,0,"2 lanes",2,0.1,"MOONLIGHT LANE",50003754,"HOLDERS RD"
5740,575,"None - Rural Crash","Randolph","Piedmont","Farms, Woods, Pastures","Rural (<30% Developed)","311","Rural","50 - 55  MPH","No Control Present","Clear","No",38,"30-39",NA,"No","With Traffic","B: Evident Injury","Travel Lane","Black","Male",NA,NA,NA,NA,"51-55 mph","Unknown Injury","Unknown/Missing",NA,"Pickup","No","22SEP2014","Monday","Motorist Overtaking Bicyclist",8,"Non-Intersection","September","B: Evident Injury",29340,"Motorist Overtaking - Other / Unknown",2014,"Yes","Yes","Daylight","Straight - Grade","US Route","Dry","Two-Way, Not Divided","None","No Special Feature","Smooth Asphalt",0,1,0,0,0,1,0,"2 lanes",2,0.2,"1529",20000311,"1946"
5741,581,"None - Rural Crash","Cumberland","Coastal","Residential","Mixed (30% To 70% Developed)","SR 2000","Rural","30 - 35  MPH","Double Yellow Line, No Passing Zone","Clear","No",20,"20-24",NA,"No","With Traffic","B: Evident Injury","Travel Lane","White","Male",20,"20-24",NA,"No","31-35 mph","O: No Injury","White","Female","Sport Utility","No","05SEP2014","Friday","Bicyclist Left Turn / Merge",7,"Non-Intersection","September","B: Evident Injury",28320,"Bicyclist Left Turn - Opposite Direction",2014,"Yes","No","Daylight","Straight - Level","State Secondary Route","Dry","Two-Way, Not Divided","None","No Special Feature","Coarse Asphalt",0,1,0,0,0,1,0,"2 lanes",2,0.012,"1835",40002000,"2010"
5742,583,"None - Rural Crash","Pasquotank","Coastal","Farms, Woods, Pastures","Rural (<30% Developed)","SR 1416","Rural","50 - 55  MPH","No Control Present","Clear","No",19,"16-19",NA,"No","With Traffic","A: Disabling Injury","Travel Lane","White","Male",37,"30-39",NA,"No","51-55 mph","O: No Injury","Black","Male","Pickup","No","19SEP2014","Friday","Motorist Overtaking Bicyclist",23,"Non-Intersection","September","A: Disabling Injury",83040,"Motorist Overtaking - Bicyclist Swerved",2014,"Yes","No","Dark - Roadway Not Lighted","Straight - Level","State Secondary Route","Dry","Two-Way, Not Divided","None","No Special Feature","Coarse Asphalt",1,0,0,0,0,1,0,"2 lanes",2,1.2,"17",40001416,"1388"
5743,597,"Charlotte","Mecklenburg","Piedmont","Residential","Urban (>70% Developed)","RUNNYMEDE LN","Urban","30 - 35  MPH","Stop And Go Signal","Cloudy","No",47,"40-49",NA,"No","With Traffic","B: Evident Injury","Travel Lane","White","Male",24,"20-24",NA,"No","11-15 mph","O: No Injury","White","Male","Sport Utility","No","10SEP2014","Wednesday","Head-On",6,"Intersection","September","B: Evident Injury",24900,"Head-On - Bicyclist",2014,"No","No","Dawn","Curve - Level","Local Street","Dry","Two-Way, Not Divided","None","Four-Way Intersection","Smooth Asphalt",0,1,0,0,0,1,0,"4 lanes",2,0,"BARCLAY DOWNS",40003814,"MICHAEL BAKER"
5744,605,"Greensboro","Guilford","Piedmont","Residential","Urban (>70% Developed)","COTSWOLD AV","Urban","30 - 35  MPH","Stop And Go Signal","Cloudy","Yes",NA,"70+",NA,"No","Facing Traffic","C: Possible Injury","Sidewalk / Crosswalk / Driveway Crossing","White","Male",NA,"70+",NA,"No","6-10 mph","O: No Injury","White","Male","Passenger Car","No","26SEP2014","Friday","Motorist Left Turn / Merge",11,"Intersection","September","C: Possible Injury",40860,"Motorist Left Turn - Same Direction",2014,"Yes","No","Daylight","Straight - Level","Local Street","Wet","Two-Way, Not Divided","None","Four-Way Intersection","Smooth Asphalt",0,0,1,0,0,1,0,"3 lanes",2,0,"OLD BATTLEGROUND RD",50007028,"COTSWOLD TER"
5745,606,"Rocky Mount","Edgecombe","Coastal","Residential","Mixed (30% To 70% Developed)","OLD BATTLEBORO RD","Urban","40 - 45  MPH","No Control Present","Clear","No",58,"50-59",NA,"Yes-Alcohol, no impairment detected","With Traffic","C: Possible Injury","Travel Lane","Black","Male",50,"50-59",NA,"No","31-35 mph","O: No Injury","White","Male","Pickup","Yes","04OCT2014","Saturday","Motorist Overtaking Bicyclist",17,"Non-Intersection","October","C: Possible Injury",64260,"Motorist Overtaking - Bicyclist Swerved",2014,"Yes","No","Daylight","Straight - Level","Local Street","Dry","Two-Way, Not Divided","None","No Special Feature","Smooth Asphalt",0,0,1,0,0,1,0,"2 lanes",2,0.038,"DEER HUNTER LN",40001400,"COOL VALLEY LN"
5746,609,"Wilmington","New Hanover","Coastal","Commercial","Urban (>70% Developed)","OLEANDER DR","Urban","40 - 45  MPH","No Control Present","Clear","No",38,"30-39",NA,"Yes-Alcohol,  impairment suspected","With Traffic","K: Killed","Travel Lane","Hispanic","Male",47,"40-49",NA,"No","46-50 mph","O: No Injury","Black","Male","Taxicab","Yes","30AUG2014","Saturday","Motorist Overtaking Bicyclist",23,"Intersection","August","K: Killed",86040,"Motorist Overtaking - Undetected Bicyclist",2014,"Yes","No","Dark - Lighted Roadway","Straight - Level","US Route","Dry","Two-Way, Not Divided","None","No Special Feature","Smooth Asphalt",0,0,0,1,0,1,0,"5 lanes",2,0,"VICTORY GARDENS DR",20000076,"PEIFFER AVE"
5747,610,"Raleigh","Wake","Piedmont","Commercial","Urban (>70% Developed)","PVA 6201 CAPITAL BLVD","Urban","5 - 15 MPH","No Control Present","Clear","No",51,"50-59",NA,"Yes-Alcohol,  impairment suspected","Not Applicable","C: Possible Injury","Non-Roadway","White","Male",50,"50-59",NA,"No","0-5 mph","O: No Injury","Asian","Female","Passenger Car","Yes","30SEP2014","Tuesday","Non-Roadway",20,"Non-Roadway","September","C: Possible Injury",75480,"Non-Roadway",2014,"Yes","No","Dark - Lighted Roadway","Straight - Level","Public Vehicular Area","Dry","Two-Way, Not Divided","None","No Special Feature","Smooth Asphalt",0,0,1,0,0,1,0,NA,2,0.038,"OLD WAKE FOREST RD",0,"SUMNER BLVD"
5748,612,"Henderson","Vance","Piedmont","Commercial","Urban (>70% Developed)","DABNEY DR","Urban","30 - 35  MPH","No Control Present","Clear","No",34,"30-39",NA,"No","Not Applicable","C: Possible Injury","Travel Lane","Black","Male",34,"30-39",NA,"No","16-20 mph","O: No Injury","White","Male","Passenger Car","No","06SEP2014","Saturday","Bicyclist Failed to Yield - Signalized Intersection",19,"Intersection-Related","September","C: Possible Injury",68640,"Bicyclist Ride Through - Signalized Intersection",2014,"No","No","Dusk","Straight - Level","Local Street","Dry","Two-Way, Divided, Unprotected Median","None","No Special Feature","Smooth Asphalt",0,0,1,0,1,2,0,"5 lanes",2,25,"S COOPER DR",40001304,"GRAHAM AVE"
5749,613,"Greenville","Pitt","Coastal","Residential","Urban (>70% Developed)","BANCROFT AV","Urban","20 - 25  MPH","No Control Present","Clear","No",55,"50-59",NA,"No","With Traffic","B: Evident Injury","Travel Lane","Black","Male",26,"25-29",NA,"No","21-25 mph","O: No Injury","Black","Female","Sport Utility","No","03OCT2014","Friday","Loss of Control / Turning Error",16,"Intersection-Related","October","B: Evident Injury",60600,"Bicyclist Turning Error - Other",2014,"Yes","No","Daylight","Straight - Level","Local Street","Dry","Two-Way, Not Divided","None","No Special Feature","Coarse Asphalt",0,1,0,0,0,1,0,"2 lanes",2,0.003,"FLEMING STREET",50001563,"VANDERBILT LN"
5750,618,"Brevard","Transylvania","Mountains","Commercial","Mixed (30% To 70% Developed)","OLD HENDERSONVILLE HWY","Urban","30 - 35  MPH","Stop Sign","Clear","No",62,"60-69",NA,"No","With Traffic","B: Evident Injury","Travel Lane","White","Female",NA,"70+",NA,"No","11-15 mph","O: No Injury","White","Female","Passenger Car","No","08OCT2014","Wednesday","Motorist Failed to Yield - Sign-Controlled Intersection",11,"Intersection","October","B: Evident Injury",40740,"Motorist Drive Out - Sign-Controlled Intersection",2014,"Yes","No","Daylight","Straight - Level","Local Street","Dry","Two-Way, Not Divided","None","T-Intersection","Smooth Asphalt",0,1,0,0,0,1,0,"2 lanes",2,0,"WILSON RD",40001504,"HELEN LN"
5751,623,"Durham","Durham","Piedmont","Commercial","Urban (>70% Developed)","NC 55","Urban","40 - 45  MPH","Stop And Go Signal","Clear","No",45,"40-49",NA,"Yes-Alcohol,  impairment suspected","Facing Traffic","B: Evident Injury","Travel Lane","Black","Male",58,"50-59",NA,"No","21-25 mph","O: No Injury","Other","Female","Passenger Car","Yes","08OCT2014","Wednesday","Bicyclist Failed to Yield - Signalized Intersection",17,"Intersection","October","B: Evident Injury",61800,"Bicyclist Ride Through - Signalized Intersection",2014,"Yes","No","Daylight","Straight - Level","Local Street","Dry","Two-Way, Not Divided","None","No Special Feature","Smooth Asphalt",0,1,0,0,0,1,0,"4 lanes",2,0,"LINWOOD DR",30000055,"147"
5752,625,"Statesville","Iredell","Piedmont","Commercial","Urban (>70% Developed)","SHELTON AVE","Urban","30 - 35  MPH","No Control Present","Clear","No",23,"20-24",NA,"No","With Traffic","B: Evident Injury","Travel Lane","White","Male",41,"40-49",NA,"No","26-30 mph","O: No Injury","Black","Male","Pickup","No","01OCT2014","Wednesday","Head-On",12,"Non-Intersection","October","B: Evident Injury",44760,"Head-On - Bicyclist",2014,"Yes","No","Daylight","Straight - Bottom","NC Route","Dry","Two-Way, Not Divided","None","No Special Feature","Smooth Asphalt",0,1,0,0,0,1,0,"3 lanes",2,0.065,"DEPOT LN",20000021,"MCELWEE ST"
5753,632,"Wilmington","New Hanover","Coastal","Commercial","Urban (>70% Developed)","SHIPYARD BLVD","Urban","50 - 55  MPH","Stop Sign","Clear","No",21,"20-24",NA,"No","Facing Traffic","B: Evident Injury","Travel Lane","White","Female",56,"50-59",NA,"No","0-5 mph","O: No Injury","Black","Male","Passenger Car","No","12SEP2014","Friday","Motorist Failed to Yield - Sign-Controlled Intersection",11,"Intersection","September","B: Evident Injury",41940,"Motorist Drive Through - Sign-Controlled Intersection",2014,"Yes","No","Daylight","Straight - Level","Local Street","Dry","Two-Way, Divided, Positive Median Barrier","None","No Special Feature","Coarse Asphalt",0,1,0,0,0,1,0,"5 lanes",2,0,"CONSTITUTION BLV",20000117,"HOLBROOK AVE"
5754,637,"None - Rural Crash","Wayne","Coastal","Farms, Woods, Pastures","Rural (<30% Developed)","SR 1342","Rural","50 - 55  MPH","No Control Present","Clear","No",42,"40-49",NA,"No","With Traffic","B: Evident Injury","Travel Lane","Hispanic","Female",60,"60-69",NA,"No","51-55 mph","O: No Injury","White","Male","Passenger Car","No","02OCT2014","Thursday","Motorist Overtaking Bicyclist",18,"Non-Intersection","October","B: Evident Injury",66060,"Motorist Overtaking - Bicyclist Swerved",2014,"Yes","No","Daylight","Straight - Level","State Secondary Route","Dry","Two-Way, Not Divided","None","No Special Feature","Coarse Asphalt",0,1,0,0,0,1,0,"2 lanes",2,0.4,"1353",40001342,"BRANCH STREET"
5755,644,"Fayetteville","Cumberland","Coastal","Residential","Mixed (30% To 70% Developed)","ROSEHILL ROAD","Urban","30 - 35  MPH","No Control Present","Other","No",37,"30-39",NA,NA,"With Traffic","B: Evident Injury","Travel Lane","Black","Male",NA,NA,NA,"Missing","0-5 mph","Unknown Injury","Unknown/Missing",NA,"Pickup","No","01OCT2014","Wednesday","Motorist Overtaking Bicyclist",11,"Non-Intersection","October","B: Evident Injury",41700,"Motorist Overtaking - Other / Unknown",2014,"No","Yes","Dark - Lighted Roadway","Straight - Level","Local Street",NA,"Two-Way, Not Divided",NA,"No Special Feature","Coarse Asphalt",0,1,0,0,0,1,0,"3 lanes",2,0.009,"GOLDEN RD",40001615,"CLYNE STREET"
5756,646,"Rocky Mount","Edgecombe","Coastal","Commercial","Urban (>70% Developed)","EDGECOMBE MEADOWS DR","Urban","30 - 35  MPH","Stop Sign","Clear","No",58,"50-59",NA,"No","Facing Traffic","C: Possible Injury","Travel Lane","Black","Male",NA,NA,NA,"Missing","0-5 mph","Unknown Injury","Unknown/Missing",NA,"Passenger Car","No","14OCT2014","Tuesday","Motorist Failed to Yield - Sign-Controlled Intersection",14,"Intersection","October","C: Possible Injury",50520,"Motorist Drive Out - Sign-Controlled Intersection",2014,"Yes","Yes","Daylight","Straight - Level","Local Street","Dry","Two-Way, Not Divided","None","Driveway, Public","Coarse Asphalt",0,0,1,0,0,1,0,"2 lanes",2,0,"N FAIRVIEW RD",39000043,"LIGUSTRUM CT"
5757,650,"Winston-Salem","Forsyth","Piedmont","Residential","Urban (>70% Developed)","WOODS RD","Urban","30 - 35  MPH","Stop Sign","Cloudy","No",12,"11-15",NA,"No",NA,"B: Evident Injury","Travel Lane","Black","Male",33,"30-39",NA,"No","31-35 mph","O: No Injury","White","Male","Pickup","No","29SEP2014","Monday","Loss of Control / Turning Error",12,"Intersection","September","B: Evident Injury",44100,"Bicyclist Lost Control - Surface Conditions",2014,"Yes","No","Daylight","Straight - Level","Local Street","Wet","Two-Way, Not Divided","None","T-Intersection","Coarse Asphalt",0,1,0,0,0,1,0,"2 lanes",2,0,"COLUMBINE DR",0,"REYNOLDA RD"
5758,654,"High Point","Guilford","Piedmont","Commercial","Urban (>70% Developed)","N LINDSAY ST","Urban","30 - 35  MPH","Stop Sign","Clear","No",22,"20-24",NA,"No","With Traffic","A: Disabling Injury","Travel Lane","White","Male",68,"60-69",NA,"No","11-15 mph","O: No Injury","White","Male","Passenger Car","No","01OCT2014","Wednesday","Motorist Failed to Yield - Sign-Controlled Intersection",19,"Intersection","October","A: Disabling Injury",70440,"Motorist Drive Through - Sign-Controlled Intersection",2014,"Yes","No","Dark - Lighted Roadway","Straight - Grade","Local Street","Dry","Two-Way, Not Divided","None","Four-Way Intersection","Smooth Asphalt",1,0,0,0,0,1,0,"2 lanes",2,0,"QUAKER LN",0,"BLVD ST"
5759,676,"Morehead City","Carteret","Coastal","Commercial","Rural (<30% Developed)","PVA PNC PLAZA","Urban","30 - 35  MPH","No Control Present","Clear","No",18,"16-19",NA,"No",NA,"O: No Injury","Sidewalk / Crosswalk / Driveway Crossing","White","Male",48,"40-49",NA,"No",NA,"O: No Injury","White","Female","Sport Utility","No","26SEP2014","Friday","Motorist Failed to Yield - Midblock",14,"Non-Intersection","September","O: No Injury",53880,"Motorist Drive Out - Commercial Driveway / Alley",2014,"Yes","No","Daylight","Straight - Grade","Public Vehicular Area","Dry","Two-Way, Not Divided","None","No Special Feature","Concrete",0,0,0,0,1,1,0,NA,2,0,NA,0,NA
5760,688,"Raleigh","Wake","Piedmont","Institutional","Urban (>70% Developed)","DAN ALLEN DR","Urban","5 - 15 MPH","Stop And Go Signal","Clear","No",18,"16-19",NA,"No","With Traffic","O: No Injury","Sidewalk / Crosswalk / Driveway Crossing","White","Male",21,"20-24",NA,"No","0-5 mph","O: No Injury","White","Male","Sport Utility","No","09OCT2014","Thursday","Bicyclist Failed to Yield - Signalized Intersection",18,"Intersection","October","O: No Injury",64800,"Bicyclist Ride Through - Signalized Intersection",2014,"No","No","Daylight","Straight - Level","Local Street","Dry","Two-Way, Not Divided","None","Related To Intersection","Smooth Asphalt",0,0,0,0,1,1,0,"2 lanes",2,0.004,"HILLSBOROUGH ST",50007788,"FOUNDERS DR"
5761,700,"Charlotte","Mecklenburg","Piedmont","Residential","Urban (>70% Developed)","E 11TH ST","Urban","30 - 35  MPH","Stop And Go Signal","Clear","No",54,"50-59",NA,"No","With Traffic","C: Possible Injury","Sidewalk / Crosswalk / Driveway Crossing","White","Male",47,"40-49",NA,"No","11-15 mph","O: No Injury","White","Male","Sport Utility","No","03NOV2014","Monday","Motorist Left Turn / Merge",15,"Intersection","November","C: Possible Injury",56220,"Motorist Left Turn - Opposite Direction",2014,"Yes","No","Daylight","Straight - Level","Local Street","Dry","Two-Way, Divided, Unprotected Median","None","Four-Way Intersection","Concrete",0,0,1,0,0,1,0,"4 lanes",2,0,"N DAVIDSON ST",50009511,NA
5762,709,"Wake Forest","Wake","Piedmont","Commercial","Urban (>70% Developed)","SOUTH MAIN ST","Urban","30 - 35  MPH","No Control Present","Clear","No",37,"30-39",NA,"Yes-Alcohol,  impairment suspected","Not Applicable","B: Evident Injury",NA,"White","Male",30,"30-39",NA,"No","6-10 mph","O: No Injury","Hispanic","Male","Passenger Car","Yes","20OCT2014","Monday","Bicyclist Failed to Yield - Midblock",3,"Non-Intersection","October","B: Evident Injury",12960,"Bicyclist Ride Out - Midblock - Unknown",2014,"No","No","Daylight","Straight - Level","Local Street","Dry","Two-Way, Divided, Unprotected Median","None","No Special Feature","Smooth Asphalt",0,1,0,0,0,1,0,"4 lanes",2,0.047,"WAKE DR",21000001,"1"
5763,722,"Greensboro","Guilford","Piedmont","Commercial","Urban (>70% Developed)","W MARKET ST","Urban","30 - 35  MPH","Stop And Go Signal","Cloudy","Yes",25,"25-29",NA,"No","With Traffic","B: Evident Injury","Travel Lane","Black","Male",59,"50-59",NA,"No","11-15 mph","O: No Injury","Other","Male","Van","No","17NOV2014","Monday","Motorist Failed to Yield - Signalized Intersection",17,"Intersection-Related","November","B: Evident Injury",64680,"Motorist Drive Out - Right Turn on Red",2014,"Yes","No","Dark - Roadway Not Lighted","Straight - Level","Local Street","Wet","Two-Way, Not Divided","None","On or Off Ramp","Smooth Asphalt",0,1,0,0,0,1,0,"4 lanes",2,0.002,"68",40001008,"BURGESS RD"
5764,732,"None - Rural Crash","Carteret","Coastal","Residential","Mixed (30% To 70% Developed)","SR 1124","Rural","40 - 45  MPH","Stop Sign","Clear","No",18,"16-19",NA,"No","With Traffic","B: Evident Injury","Travel Lane","Black","Male",32,"30-39",NA,"No","41-45 mph","O: No Injury","White","Female","Passenger Car","No","11OCT2014","Saturday","Bicyclist Failed to Yield - Sign-Controlled Intersection",17,"Intersection","October","B: Evident Injury",61980,"Bicyclist Ride Through - Sign-Controlled Intersection",2014,"Yes","No","Daylight","Straight - Level","State Secondary Route","Dry","Two-Way, Not Divided","None","T-Intersection","Smooth Asphalt",0,1,0,0,0,1,0,"2 lanes",2,0,"1127",40001124,"1637"
5765,735,"Raleigh","Wake","Piedmont","Residential","Urban (>70% Developed)","GORMAN ST","Urban","20 - 25  MPH","Stop Sign","Clear","No",23,"20-24",NA,"No","With Traffic","B: Evident Injury","Bike Lane / Paved Shoulder","White","Male",NA,NA,NA,"Missing",NA,"Unknown Injury","Unknown/Missing",NA,NA,"No","04NOV2014","Tuesday","Motorist Failed to Yield - Sign-Controlled Intersection",17,"Intersection","November","B: Evident Injury",63360,"Motorist Drive Out - Sign-Controlled Intersection",2014,"Yes","Yes","Dusk","Straight - Level","Local Street","Dry","Two-Way, Not Divided","None","Four-Way Intersection","Smooth Asphalt",0,1,0,0,0,1,0,"4 lanes",3,0,"JACKSON ST",50012171,"LEXINGTON DR"
5766,736,"High Point","Guilford","Piedmont","Residential","Urban (>70% Developed)","BRIDGES DR","Urban","30 - 35  MPH","Double Yellow Line, No Passing Zone","Clear","No",10,"6-10",NA,"No","Facing Traffic","C: Possible Injury","Travel Lane","Black","Male",22,"20-24",NA,"No","31-35 mph","O: No Injury","White","Male","Sport Utility","No","09NOV2014","Sunday","Bicyclist Right Turn / Merge",17,"Non-Intersection","November","C: Possible Injury",62460,"Bicyclist Right Turn - Same Direction",2014,"No","No","Daylight","Straight - Level","Local Street","Dry","Two-Way, Not Divided","None","No Special Feature","Smooth Asphalt",0,0,1,0,0,1,0,"2 lanes",2,0.038,"GLENWOOD AVE",0,"E DAYTON AVE"
5767,772,"Garner","Wake","Piedmont","Commercial","Mixed (30% To 70% Developed)","W GARNER RD","Urban","30 - 35  MPH","No Control Present","Rain","No",16,"16-19",NA,"No","With Traffic","C: Possible Injury","Travel Lane","Black","Male",29,"25-29",NA,"No","21-25 mph","O: No Injury","White","Male","Passenger Car","No","14NOV2014","Friday","Motorist Overtaking Bicyclist",9,"Non-Intersection","November","C: Possible Injury",33540,"Motorist Overtaking - Bicyclist Swerved",2014,"Yes","No","Daylight","Straight - Level","Local Street","Wet","Two-Way, Divided, Unprotected Median","None","No Special Feature","Smooth Asphalt",0,0,1,0,0,1,0,"2 lanes",2,0.057,"JONES SAUSAGE RD",40001004,NA
5768,775,"Raleigh","Wake","Piedmont","Commercial","Urban (>70% Developed)","WAKE FOREST RD","Urban","30 - 35  MPH","Stop Sign","Clear","No",17,"16-19",NA,"No","Facing Traffic","B: Evident Injury","Sidewalk / Crosswalk / Driveway Crossing","White","Male",33,"30-39",NA,"No","0-5 mph","O: No Injury","White","Male","Passenger Car","No","10DEC2014","Wednesday","Motorist Failed to Yield - Midblock",16,"Non-Intersection","December","B: Evident Injury",60960,"Motorist Drive Out - Commercial Driveway / Alley",2014,"Yes","No","Daylight","Straight - Level","Local Street","Dry","One-Way, Not Divided","None","T-Intersection","Smooth Asphalt",0,1,0,0,0,1,0,"7 lanes",2,0.05,"SIX FORKS RD",40002000,"WAKE TOWNE DR"
5769,779,"Mooresville","Iredell","Piedmont","Residential","Urban (>70% Developed)","E MCLELLAND AVE","Urban","30 - 35  MPH","No Control Present","Clear","No",16,"16-19",NA,"No","With Traffic","O: No Injury","Sidewalk / Crosswalk / Driveway Crossing","White","Male",26,"25-29",NA,"No","21-25 mph","O: No Injury","White","Male","Sport Utility","No","07DEC2014","Sunday","Bicyclist Left Turn / Merge",15,"Non-Intersection","December","O: No Injury",54180,"Bicyclist Left Turn - Same Direction",2014,"Yes","No","Daylight","Straight - Level","Local Street","Dry","Two-Way, Not Divided","None","No Special Feature","Smooth Asphalt",0,0,0,0,1,1,0,"2 lanes",2,0.008,"N ACADEMY ST",30000152,"S BROAD ST"
5770,784,"Raleigh","Wake","Piedmont","Residential","Rural (<30% Developed)","ROCK QUARRY RD","Urban","40 - 45  MPH","No Control Present","Clear","No",17,"16-19",NA,"No","With Traffic","B: Evident Injury","Other","Black","Male",36,"30-39",NA,"No","41-45 mph","O: No Injury","Black","Male","Sport Utility","No","07DEC2014","Sunday","Motorist Overtaking Bicyclist",20,"Non-Intersection","December","B: Evident Injury",74100,"Motorist Overtaking - Bicyclist Swerved",2014,"Yes","No","Dark - Roadway Not Lighted","Straight - Level","Local Street","Dry","Two-Way, Not Divided","None","No Special Feature","Smooth Asphalt",0,1,0,0,0,1,0,"2 lanes",2,0.006,"HURMAX LN",40002542,"CHELMSHIRE CT"
5771,785,"None - Rural Crash","Surry","Mountains","Farms, Woods, Pastures","Rural (<30% Developed)","SR 1618","Rural","50 - 55  MPH","Double Yellow Line, No Passing Zone","Clear","No",51,"50-59",NA,"No","With Traffic","A: Disabling Injury","Travel Lane","White","Male",40,"40-49",NA,NA,"41-45 mph","O: No Injury","White","Male","Light Truck (Mini-Van, Panel)","No","12DEC2014","Friday","Motorist Overtaking Bicyclist",16,"Non-Intersection","December","A: Disabling Injury",57600,"Motorist Overtaking - Undetected Bicyclist",2014,"Yes","Yes","Daylight","Straight - Grade","State Secondary Route","Dry","Two-Way, Not Divided","None","No Special Feature","Coarse Asphalt",1,0,0,0,0,1,0,"2 lanes",2,0.1,"1672",40001618,"2404"
5772,790,"Wilmington",NA,"Coastal","Institutional","Urban (>70% Developed)","CAHILL DRIVE","Urban",NA,"No Control Present","Cloudy","No",19,"16-19",NA,"No","Not Applicable","Unknown Injury","Sidewalk / Crosswalk / Driveway Crossing","White","Male",NA,NA,NA,"Missing",NA,"Unknown Injury","Unknown/Missing",NA,NA,"No","14NOV2014","Friday","Bicyclist Failed to Yield - Midblock",15,"Non-Intersection","November","Unknown Injury",57540,"Bicyclist Ride Out - Other Midblock",2014,"No","Yes","Daylight","Straight - Level","Local Street","Dry","Two-Way, Not Divided","None","No Special Feature","Smooth Asphalt",0,0,0,0,0,1,1,"2 lanes",2,0.059,"WALTON DR",0,NA
5773,792,"Lillington","Harnett","Coastal","Residential","Rural (<30% Developed)","SUMMERVILLE MAMMERS RD","Rural","30 - 35  MPH","No Control Present","Clear","No",50,"50-59",NA,"Yes-Alcohol,  impairment suspected","With Traffic","B: Evident Injury","Travel Lane","Black","Male",27,"25-29",NA,"No","31-35 mph","O: No Injury","White","Male","Pickup","Yes","19DEC2014","Friday","Motorist Overtaking Bicyclist",20,"Intersection","December","B: Evident Injury",72900,"Motorist Overtaking - Bicyclist Swerved",2014,"No","No","Dark - Roadway Not Lighted","Straight - Level","Local Street","Dry","Two-Way, Not Divided","None","No Special Feature","Smooth Asphalt",0,1,0,0,0,1,0,"2 lanes",2,0,"W OLD RD",0,"OLD 421"
5774,808,"Raleigh","Wake","Piedmont","Residential","Urban (>70% Developed)","COMSTOCK RD","Urban","30 - 35  MPH","No Control Present","Rain","No",46,"40-49",NA,"No","With Traffic","C: Possible Injury","Travel Lane","White","Male",NA,NA,NA,"Missing","11-15 mph","Unknown Injury","Unknown/Missing",NA,NA,"No","24DEC2014","Wednesday","Loss of Control / Turning Error",4,"Intersection-Related","December","C: Possible Injury",15420,"Motorist Turning Error - Left Turn",2014,"No","Yes","Dark - Lighted Roadway","Straight - Level","Local Street","Wet","Two-Way, Not Divided","None","Four-Way Intersection","Smooth Asphalt",0,0,1,0,0,1,0,"2 lanes",2,0.005,"WATERBURY RD",0,"ROLLER CT"
5775,809,"None - Rural Crash","Carteret","Coastal","Farms, Woods, Pastures","Rural (<30% Developed)","SR 1335","Rural","50 - 55  MPH","Double Yellow Line, No Passing Zone","Rain","No",14,"11-15",NA,"No","With Traffic","B: Evident Injury","Travel Lane","White","Male",33,"30-39",NA,"Yes-Drugs, impairment suspected","41-45 mph","O: No Injury","White","Female","Passenger Car","No","29DEC2014","Monday","Motorist Overtaking Bicyclist",17,"Non-Intersection","December","B: Evident Injury",61860,"Motorist Overtaking - Undetected Bicyclist",2014,"No","No","Dusk","Curve - Level","State Secondary Route","Wet","Two-Way, Not Divided","None","No Special Feature","Coarse Asphalt",0,1,0,0,0,1,0,"2 lanes",2,0.056,"1333",40001335,"1337"