"...1","object_id","city","county","region","development","locality","on_road","rural_urban","speed_limit","traffic_control","weather","workzone","bike_age","bike_age_group","bike_alcohol","bike_alcohol_drugs","bike_direction","bike_injury","bike_position","bike_race","bike_sex","driver_age","driver_age_group","driver_alcohol","driver_alcohol_drugs","driver_est_speed","driver_injury","driver_race","driver_sex","driver_vehicle_type","crash_alcohol","crash_date","crash_day","crash_group","crash_hour","crash_location","crash_month","crash_severity","crash_time","crash_type","crash_year","ambulance_req","hit_run","light_condition","road_character","road_class","road_condition","road_configuration","road_defects","road_feature","road_surface","num_bikes_ai","num_bikes_bi","num_bikes_ci","num_bikes_ki","num_bikes_no","num_bikes_to","num_bikes_ui","num_lanes","num_units","distance_mi_from","frm_road","rte_invd_cd","towrd_road"
5776,811,"Greensboro","Guilford","Piedmont","Commercial","Urban (>70% Developed)","SPRING GARDEN ST","Urban","30 - 35  MPH","No Control Present","Clear","No",23,"20-24",NA,"No","Facing Traffic","C: Possible Injury","Bike Lane / Paved Shoulder","White","Female",21,"20-24",NA,"No","0-5 mph","O: No Injury","White","Male","Passenger Car","No","17DEC2014","Wednesday","Motorist Failed to Yield - Midblock",15,"Non-Intersection","December","C: Possible Injury",56340,"Motorist Drive Out - Commercial Driveway / Alley",2014,"Yes","No","Daylight","Straight - Level","Local Street","Dry","Two-Way, Not Divided","None","No Special Feature","Smooth Asphalt",0,0,1,0,0,1,0,"2 lanes",2,0.051,"MAYFLOWER DR",50028840,"S AYCOCK ST"
5777,816,"Lumberton","Robeson","Coastal","Commercial","Urban (>70% Developed)","W 5TH ST/NC 72","Urban","30 - 35  MPH","No Control Present","Clear","No",50,"50-59",NA,"Missing","With Traffic","B: Evident Injury","Travel Lane","Hispanic","Male",NA,NA,NA,"No","0-5 mph","Unknown Injury","Unknown/Missing",NA,NA,"No","03DEC2014","Wednesday","Crossing Paths - Other Circumstances",9,"Intersection","December","C: Possible Injury",32940,"Crossing Paths - Intersection - Other / Unknown",2014,"No","Yes","Daylight","Straight - Level","NC Route","Dry","Two-Way, Not Divided","None","T-Intersection","Coarse Asphalt",0,0,1,0,0,1,0,"4 lanes",2,0,"KING ST",30000072,"JONES ST"
5778,817,"Wilmington","New Hanover","Coastal","Residential","Urban (>70% Developed)","CHALMERS DR","Urban","20 - 25  MPH","Stop Sign","Clear","No",25,"25-29",NA,"No","With Traffic","C: Possible Injury","Travel Lane","White","Male",55,"50-59",NA,"No",NA,"O: No Injury","White","Female","Passenger Car","No","10DEC2014","Wednesday","Motorist Failed to Yield - Sign-Controlled Intersection",17,"Intersection","December","C: Possible Injury",63900,"Motorist Drive Out - Sign-Controlled Intersection",2014,"No","No","Dusk","Straight - Level","Local Street","Dry","Two-Way, Not Divided","None","Four-Way Intersection","Smooth Asphalt",0,0,1,0,0,1,0,"8 lanes",2,0,"PINE VALLEY DR",0,"EWELL DR"
5779,821,"Burlington","Alamance","Piedmont","Residential","Urban (>70% Developed)","RAINEY ST (600 BLK)","Urban","30 - 35  MPH","No Control Present","Clear","No",8,"6-10",NA,"No","With Traffic","O: No Injury","Sidewalk / Crosswalk / Driveway Crossing","Black","Male",NA,NA,NA,"Missing","0-5 mph","Unknown Injury","Unknown/Missing",NA,"Light Truck (Mini-Van, Panel)","No","13AUG2014","Wednesday","Bicyclist Overtaking Motorist",17,"Non-Intersection","August","O: No Injury",61500,"Bicyclist Overtaking - Parked Vehicle",2014,"No","No","Daylight","Straight - Level","Local Street","Dry","Two-Way, Not Divided","None","No Special Feature","Smooth Asphalt",0,0,0,0,1,1,0,"2 lanes",2,0.033,"S IRELAND ST (300 BLK)",0,"GILMER ST"
5780,825,"Roseboro","Sampson","Coastal","Residential","Urban (>70% Developed)","NC 242","Rural","20 - 25  MPH","Stop Sign","Clear","No",7,"6-10",NA,"No","With Traffic","B: Evident Injury","Travel Lane","Black","Male",18,"0-19",NA,"No","11-15 mph","O: No Injury","White","Female","Passenger Car","No","27DEC2014","Saturday","Bicyclist Failed to Yield - Sign-Controlled Intersection",15,"Intersection-Related","December","B: Evident Injury",56580,"Bicyclist Ride Through - Sign-Controlled Intersection",2014,"Yes","No","Daylight","Straight - Level","NC Route","Dry","Two-Way, Not Divided","None","T-Intersection","Smooth Asphalt",0,1,0,0,0,1,0,"2 lanes",2,0.004,"NORTH CHURCH STREET",30000242,"NORTH BROAD STREET"
5781,831,"Morehead City","Carteret","Coastal","Residential","Urban (>70% Developed)","FISHER ST","Urban","20 - 25  MPH","Stop Sign","Clear","No",19,"16-19",NA,"No","Facing Traffic","B: Evident Injury","Travel Lane","White","Male",NA,"70+",NA,"No","0-5 mph","O: No Injury","Black","Female","Sport Utility","No","17DEC2014","Wednesday","Loss of Control / Turning Error",21,"Intersection","December","B: Evident Injury",75780,"Motorist Turning Error - Right Turn",2014,"Yes","No","Dark - Lighted Roadway","Straight - Level","Local Street","Dry","Two-Way, Divided, Unprotected Median","None","Four-Way Intersection","Smooth Asphalt",0,1,0,0,0,1,0,"2 lanes",2,0,"N 13TH ST",0,NA
5782,836,"Wilmington","New Hanover","Coastal","Residential","Urban (>70% Developed)","WOOSTER ST","Urban","30 - 35  MPH","No Control Present","Clear","No",25,"25-29",NA,"No","Facing Traffic","A: Disabling Injury","Travel Lane","White","Male",50,"50-59",NA,"No","6-10 mph","O: No Injury","White","Male","Van","No","31DEC2014","Wednesday","Bicyclist Failed to Yield - Signalized Intersection",16,"Intersection","December","A: Disabling Injury",60360,"Bicyclist Ride Through - Signalized Intersection",2014,"Yes","Yes","Dusk","Straight - Level","Local Street","Dry","Two-Way, Divided, Unprotected Median","None","No Special Feature","Smooth Asphalt",1,0,0,0,0,1,0,"3 lanes",3,0,"S 6TH AVE",20600076,"DAWSON ST"
5783,837,"Concord","Cabarrus","Piedmont","Residential","Urban (>70% Developed)","BUFFALO AVE","Urban","30 - 35  MPH","No Control Present","Clear","No",16,"16-19",NA,"No","With Traffic","C: Possible Injury","Travel Lane","White","Male",24,"20-24",NA,"No","11-15 mph","O: No Injury","White","Female","Passenger Car","No","19SEP2014","Friday","Motorist Right Turn / Merge",22,"Intersection","September","C: Possible Injury",81780,"Motorist Right Turn - Same Direction",2014,"No","No","Dark - Lighted Roadway","Straight - Level","Local Street","Dry","Two-Way, Divided, Unprotected Median","None","No Special Feature","Smooth Asphalt",0,0,1,0,0,1,0,"2 lanes",2,0,"LOCUST AVE",50004182,"PEACHTREE AVE"
5784,841,"Dunn","Harnett","Coastal","Commercial","Mixed (30% To 70% Developed)","US 421","Urban","30 - 35  MPH","No Control Present","Rain","No",13,"11-15",NA,"No","With Traffic","C: Possible Injury","Travel Lane","Black","Male",32,"30-39",NA,"No",NA,"O: No Injury","White","Female","Passenger Car","No","04FEB2014","Tuesday","Bicyclist Failed to Yield - Sign-Controlled Intersection",15,"Intersection","February","C: Possible Injury",55680,"Bicyclist Ride Through - Sign-Controlled Intersection",2014,"Yes","No","Daylight","Straight - Level","US Route","Wet","Two-Way, Not Divided","None","No Special Feature","Coarse Asphalt",0,0,1,0,0,1,0,"4 lanes",2,0,"S LITTLE AVE",20000421,"S SAMPSON AVE"
5785,853,"Greensboro","Guilford","Piedmont","Commercial","Urban (>70% Developed)","I 85","Urban","60 - 75 MPH","No Control Present","Clear","No",12,"11-15","No",NA,"Not Applicable","C: Possible Injury","Travel Lane","Black","Male",60,"60-69","No",NA,"66-70 mph","O: No Injury","White","Male","Passenger Car","No","02JAN2013","Wednesday","Other/Unknown - Insufficient Details",16,"Non-Intersection","January","C: Possible Injury",60000,"Unknown Approach Paths",2013,"Yes","No","Daylight","Straight - Level","Interstate","Dry","Two-Way, Divided, Positive Median Barrier","None","No Special Feature","Smooth Asphalt",0,0,0,0,0,0,0,"9 or more lanes",2,0,NA,0,NA
5786,856,"None - Rural Crash","Guilford","Piedmont","Residential","Rural (<30% Developed)","NC 62","Rural","40 - 45  MPH","Double Yellow Line, No Passing Zone","Clear","No",61,"60-69","Yes",NA,"With Traffic","A: Disabling Injury","Travel Lane","White","Male",37,"30-39","No",NA,"31-35 mph","O: No Injury","White","Male","Sport Utility","Yes","03JAN2013","Thursday","Bicyclist Left Turn / Merge",16,"Non-Intersection","January","A: Disabling Injury",60600,"Bicyclist Left Turn - Same Direction",2013,"Yes","No","Daylight","Straight - Level","NC Route","Dry","Two-Way, Not Divided","None","No Special Feature","Smooth Asphalt",0,0,0,0,0,0,0,"2 lanes",2,0,NA,0,NA
5787,858,"Raleigh","Wake","Piedmont","Commercial","Urban (>70% Developed)","HILLSBOROUGH ST","Urban","30 - 35  MPH","Stop And Go Signal","Clear","No",22,"20-24","No",NA,"With Traffic","O: No Injury","Bike Lane / Paved Shoulder","White","Male",21,"20-24","No",NA,"0-5 mph","O: No Injury","Black","Male","Sport Utility","No","09JAN2013","Wednesday","Motorist Left Turn / Merge",12,"Intersection-Related","January","O: No Injury",45840,"Motorist Left Turn - Opposite Direction",2013,"No","No","Daylight","Straight - Level","Local Street","Dry","Two-Way, Divided, Unprotected Median","None","No Special Feature","Coarse Asphalt",0,0,0,0,0,0,0,"4 lanes",2,0,NA,0,NA
5788,874,"Wilmington","New Hanover","Coastal","Commercial","Urban (>70% Developed)","PVA S COLLEGE RD","Urban","5 - 15 MPH","No Control Present","Cloudy","No",36,"30-39","No",NA,"Not Applicable","C: Possible Injury","Non-Roadway","White","Male",NA,"70+","No",NA,"6-10 mph","O: No Injury","White","Male","Sport Utility","No","03JAN2013","Thursday","Non-Roadway",16,"Non-Roadway","January","C: Possible Injury",59760,"Non-Roadway",2013,"Yes","No","Daylight","Straight - Level","Public Vehicular Area","Wet","Two-Way, Not Divided","None","No Special Feature","Concrete",0,0,0,0,0,0,0,"2 lanes",2,0,NA,0,NA
5789,875,"None - Rural Crash","Pamlico","Coastal","Farms, Woods, Pastures","Rural (<30% Developed)","NC 55","Rural","50 - 55  MPH","No Control Present","Clear","No",40,"40-49","No",NA,"With Traffic","C: Possible Injury","Travel Lane","Black","Male",34,"30-39","No",NA,"51-55 mph","O: No Injury","White","Male","Pickup","No","21JAN2013","Monday","Motorist Overtaking Bicyclist",19,"Non-Intersection","January","C: Possible Injury",70200,"Motorist Overtaking - Other / Unknown",2013,"Yes","No","Dark - Roadway Not Lighted","Straight - Level","NC Route","Dry","Two-Way, Not Divided","None","No Special Feature","Smooth Asphalt",0,0,0,0,0,0,0,"2 lanes",2,0,NA,0,NA
5790,880,"High Point","Guilford","Piedmont","Residential","Urban (>70% Developed)","SHARON RD","Urban","30 - 35  MPH","No Control Present","Clear","No",12,"11-15","No",NA,"Facing Traffic","C: Possible Injury","Travel Lane","Black","Male",26,"25-29","No",NA,"0-5 mph","O: No Injury","Black","Female","Passenger Car","No","08JAN2013","Tuesday","Motorist Left Turn / Merge",21,"Non-Intersection","January","C: Possible Injury",77160,"Motorist Left Turn - Same Direction",2013,"No","No","Daylight","Straight - Grade","Local Street","Dry","Two-Way, Not Divided","None","No Special Feature","Coarse Asphalt",0,0,0,0,0,0,0,"2 lanes",2,0,NA,0,NA
5791,883,"None - Rural Crash","Scotland","Coastal","Residential","Rural (<30% Developed)","US 401","Rural","50 - 55  MPH","No Control Present","Clear","No",48,"40-49","No",NA,"With Traffic","B: Evident Injury","Travel Lane","Black","Male",67,"60-69","No",NA,"51-55 mph","O: No Injury","White","Male","Pickup","No","17JAN2013","Thursday","Motorist Overtaking Bicyclist",5,"Non-Intersection","January","B: Evident Injury",21300,"Motorist Overtaking - Other / Unknown",2013,"Yes","No","Dark - Roadway Not Lighted","Straight - Level","US Route","Dry","Two-Way, Not Divided","None","No Special Feature","Coarse Asphalt",0,0,0,0,0,0,0,"2 lanes",2,0,NA,0,NA
5792,884,"None - Rural Crash","Rowan","Piedmont","Residential","Mixed (30% To 70% Developed)","SR 1322","Rural","50 - 55  MPH","Double Yellow Line, No Passing Zone","Clear","No",15,"11-15","No",NA,"Not Applicable","C: Possible Injury","Driveway / Alley","White","Male",NA,"70+","No",NA,"41-45 mph","O: No Injury","White","Female","Passenger Car","No","04FEB2013","Monday","Bicyclist Failed to Yield - Midblock",10,"Non-Intersection","February","C: Possible Injury",38640,"Bicyclist Ride Out - Residential Driveway",2013,"No","No","Daylight","Curve - Grade","State Secondary Route","Dry","Two-Way, Not Divided","None","No Special Feature","Smooth Asphalt",0,0,0,0,0,0,0,"2 lanes",2,0,NA,0,NA
5793,898,"High Point","Guilford","Piedmont","Commercial","Urban (>70% Developed)","UNKNOWN","Urban","30 - 35  MPH","Stop And Go Signal","Clear","No",26,"25-29","No",NA,"Not Applicable","C: Possible Injury","Travel Lane","Black","Male",40,"40-49","No",NA,"11-15 mph","O: No Injury","Hispanic","Female","Passenger Car","No","28JAN2013","Monday","Bicyclist Failed to Yield - Midblock",18,"Non-Intersection","January","C: Possible Injury",65760,"Bicyclist Ride Out - Other Midblock",2013,"Yes","No","Dark - Lighted Roadway","Straight - Level","Local Street","Dry","Two-Way, Divided, Unprotected Median","None","No Special Feature","Coarse Asphalt",0,0,0,0,0,0,0,"4 lanes",2,0,NA,0,NA
5794,901,"Monroe","Union","Piedmont","Commercial","Urban (>70% Developed)","US 74","Urban","40 - 45  MPH","No Control Present","Clear","No",54,"50-59","No",NA,"Facing Traffic","O: No Injury","Travel Lane","Black","Male",22,"20-24","No",NA,"6-10 mph","C: Possible Injury","White","Female","Passenger Car","No","08JAN2013","Tuesday","Crossing Paths - Other Circumstances",10,"Intersection-Related","January","C: Possible Injury",37800,"Crossing Paths - Uncontrolled Intersection",2013,"Yes","No","Daylight","Straight - Level","US Route","Dry","Two-Way, Divided, Unprotected Median","None","No Special Feature","Smooth Asphalt",0,0,0,0,0,0,0,"6 lanes",2,0,NA,0,NA
5795,904,"Fayetteville","Cumberland","Coastal","Commercial","Urban (>70% Developed)","US 401","Urban","50 - 55  MPH","Stop Sign","Clear","No",56,"50-59","No",NA,"Facing Traffic","C: Possible Injury","Travel Lane","Black","Male",62,"60-69","No",NA,"0-5 mph","O: No Injury","White","Female","Passenger Car","No","08FEB2013","Friday","Motorist Failed to Yield - Sign-Controlled Intersection",17,"Intersection","February","C: Possible Injury",61800,"Motorist Drive Out - Sign-Controlled Intersection",2013,"Yes","No","Daylight",NA,"missing","Dry","Two-Way, Divided, Positive Median Barrier","None","No Special Feature","Smooth Asphalt",0,0,0,0,0,0,0,"4 lanes",2,0,NA,0,NA
5796,909,"Wilmington","New Hanover","Coastal","Commercial","Urban (>70% Developed)","MARKET ST","Urban","40 - 45  MPH","No Control Present","Clear","No",45,"40-49","Yes",NA,"With Traffic","C: Possible Injury","Travel Lane","White","Male",47,"40-49","No",NA,"41-45 mph","O: No Injury","White","Female","Sport Utility","Yes","02FEB2013","Saturday","Motorist Overtaking Bicyclist",20,"Non-Intersection","February","C: Possible Injury",75060,"Motorist Overtaking - Bicyclist Swerved",2013,"No","Yes","Dark - Unknown Lighting","Straight - Level","Local Street","Dry","Two-Way, Not Divided","None","No Special Feature","Smooth Asphalt",0,0,0,0,0,0,0,"7 lanes",2,0,NA,0,NA
5797,910,"Charlotte","Mecklenburg","Piedmont","Commercial","Urban (>70% Developed)","SOUTH BV","Urban","30 - 35  MPH","No Control Present","Clear","No",59,"50-59","No",NA,"Facing Traffic","C: Possible Injury","Sidewalk / Crosswalk / Driveway Crossing","White","Male",55,"50-59","No",NA,NA,"O: No Injury","White","Female","Passenger Car","No","20FEB2013","Wednesday","Motorist Failed to Yield - Midblock",8,"Non-Intersection","February","C: Possible Injury",30000,"Motorist Drive Out - Commercial Driveway / Alley",2013,"Yes","No","Daylight","Straight - Level","Public Vehicular Area","Dry","Two-Way, Not Divided","None","Driveway, Public","Coarse Asphalt",0,0,0,0,0,0,0,"4 lanes",2,0,NA,0,NA
5798,912,"Raleigh","Wake","Piedmont","Commercial","Urban (>70% Developed)","BLAND RD","Urban","30 - 35  MPH","Stop And Go Signal","Cloudy","No",26,"25-29","No",NA,"Facing Traffic","O: No Injury","Sidewalk / Crosswalk / Driveway Crossing","Hispanic","Male",47,"40-49","No",NA,"0-5 mph","O: No Injury","White","Male","Sport Utility","No","19FEB2013","Tuesday","Motorist Failed to Yield - Signalized Intersection",17,"Intersection","February","O: No Injury",64620,"Motorist Drive Out - Signalized Intersection",2013,"Yes","No","Dusk","Straight - Level","Local Street","Wet","Two-Way, Not Divided","None","No Special Feature","Smooth Asphalt",0,0,0,0,0,0,0,"2 lanes",2,0,NA,0,NA
5799,927,"Kinston","Lenoir","Coastal","Residential","Urban (>70% Developed)","HIGHLAND AVE","Urban","20 - 25  MPH","No Control Present","Clear","No",17,"16-19","No",NA,"With Traffic","C: Possible Injury","Travel Lane","Black","Male",61,"60-69","No",NA,"21-25 mph","O: No Injury","White","Male","Passenger Car","No","04MAR2013","Monday","Bicyclist Right Turn / Merge",16,"Non-Intersection","March","C: Possible Injury",59220,"Bicyclist Right Turn - Same Direction",2013,"Yes","No","Daylight","Straight - Level","Local Street","Dry","Two-Way, Not Divided","None","Driveway, Private","Smooth Asphalt",0,0,0,0,0,0,0,"2 lanes",2,0,NA,0,NA
5800,931,"New Bern","Craven","Coastal","Residential","Urban (>70% Developed)","NC 55","Urban","40 - 45  MPH","No Control Present","Cloudy","No",11,"11-15","No",NA,"With Traffic","B: Evident Injury","Travel Lane","Asian","Male",35,"30-39","No",NA,"36-40 mph","O: No Injury","Black","Male","Pickup","No","01MAR2013","Friday","Motorist Overtaking Bicyclist",15,"Non-Intersection","March","B: Evident Injury",57180,"Motorist Overtaking - Bicyclist Swerved",2013,"Yes","No","Daylight","Straight - Level","NC Route","Dry","Two-Way, Not Divided","None","No Special Feature","Smooth Asphalt",0,0,0,0,0,0,0,"4 lanes",2,0,NA,0,NA
5801,4468,"Durham","Durham","Piedmont","Residential","Urban (>70% Developed)",NA,"Urban","5 - 15 MPH","No Control Present","Clear","No",11,"11-15","No",NA,"Not Applicable","B: Evident Injury","Travel Lane","Black","Female",24,"20-24","No",NA,"11-15 mph","O: No Injury","White","Female","Passenger Car","No","22OCT2010","Friday","Non-Roadway",16,"Non-Roadway","October","B: Evident Injury",60420,"Non-Roadway",2010,"No","No","Daylight","Straight - Level","Public Vehicular Area","Dry","Two-Way, Not Divided","None","No Special Feature","Smooth Asphalt",0,0,0,0,0,0,0,NA,2,0,NA,0,NA
5802,4473,"Greensboro","Guilford","Piedmont","Residential","Urban (>70% Developed)",NA,"Urban","30 - 35  MPH","Stop Sign","Clear","No",21,"20-24","No",NA,"With Traffic","B: Evident Injury","Sidewalk / Crosswalk / Driveway Crossing","Black","Male",NA,NA,"Missing",NA,NA,"Unknown Injury","Unknown/Missing",NA,NA,"No","20OCT2010","Wednesday","Motorist Right Turn / Merge",15,"Intersection","October","B: Evident Injury",55680,"Motorist Right Turn - Same Direction",2010,"No","Yes","Daylight","Straight - Level","Local Street","Dry","Two-Way, Not Divided","None","T-Intersection","Smooth Asphalt",0,0,0,0,0,0,0,"2 lanes",2,0,NA,0,NA
5803,4477,"High Point","Guilford","Piedmont","Residential","Urban (>70% Developed)",NA,"Urban","30 - 35  MPH","No Control Present","Clear","No",18,"16-19","No",NA,"With Traffic","B: Evident Injury","Travel Lane","Black","Male",NA,NA,"Missing",NA,"31-35 mph","Unknown Injury","Unknown/Missing",NA,NA,"No","22OCT2010","Friday","Motorist Overtaking Bicyclist",17,"Non-Intersection","October","B: Evident Injury",63000,"Motorist Overtaking - Other / Unknown",2010,"Yes","Yes","Dusk","Straight - Level","Local Street","Dry","Two-Way, Not Divided","None","No Special Feature","Coarse Asphalt",0,0,0,0,0,0,0,"5 lanes",2,0,NA,0,NA
5804,4479,"None - Rural Crash","Robeson","Coastal","Farms, Woods, Pastures","Rural (<30% Developed)",NA,"Rural","50 - 55  MPH","Double Yellow Line, No Passing Zone","Clear","No",22,"20-24","No",NA,"Facing Traffic","C: Possible Injury","Travel Lane","Black","Male",53,"50-59","No",NA,"51-55 mph","O: No Injury","Native American","Male","Pickup","No","26OCT2010","Tuesday","Head-On",21,"Non-Intersection","October","C: Possible Injury",77520,"Head-On - Bicyclist",2010,"Yes","No","Dark - Roadway Not Lighted","Straight - Level","NC Route","Dry","Two-Way, Not Divided","None","No Special Feature","Coarse Asphalt",0,0,0,0,0,0,0,"2 lanes",2,0,NA,0,NA
5805,4486,"None - Rural Crash","Nash","Coastal","Farms, Woods, Pastures","Rural (<30% Developed)",NA,"Rural","50 - 55  MPH","Double Yellow Line, No Passing Zone","Clear","No",56,"50-59","No",NA,"With Traffic","K: Killed","Travel Lane","White","Male",21,"20-24","No",NA,"51-55 mph","O: No Injury","Black","Male","Passenger Car","No","29OCT2010","Friday","Motorist Overtaking Bicyclist",17,"Non-Intersection","October","K: Killed",62100,"Motorist Overtaking - Other / Unknown",2010,"Yes","No","Daylight","Curve - Grade","State Secondary Route","Dry","Two-Way, Not Divided","None","No Special Feature","Coarse Asphalt",0,0,0,0,0,0,0,"2 lanes",2,0,NA,0,NA
5806,4491,"Gastonia","Gaston","Piedmont","Commercial","Urban (>70% Developed)",NA,"Urban","30 - 35  MPH","Stop And Go Signal","Clear","No",20,"20-24","No",NA,"Facing Traffic","C: Possible Injury","Sidewalk / Crosswalk / Driveway Crossing","Black","Male",49,"40-49","No",NA,"0-5 mph","O: No Injury","Black","Male","Passenger Car","No","16OCT2010","Saturday","Motorist Failed to Yield - Signalized Intersection",13,"Intersection","October","C: Possible Injury",47700,"Motorist Drive Out - Signalized Intersection",2010,"Yes","No","Daylight","Straight - Grade","NC Route","Dry","Two-Way, Not Divided","None","Four-Way Intersection","Smooth Asphalt",0,0,0,0,0,0,0,"3 lanes",2,0,NA,0,NA
5807,4492,"Chapel Hill","Orange","Piedmont","Commercial","Urban (>70% Developed)",NA,"Urban","20 - 25  MPH","No Control Present","Clear","No",21,"20-24","No",NA,"Facing Traffic","B: Evident Injury","Travel Lane","White","Male",23,"20-24","No",NA,"0-5 mph","O: No Injury","White","Male","Passenger Car","No","28OCT2010","Thursday","Motorist Failed to Yield - Midblock",23,"Non-Intersection","October","B: Evident Injury",85800,"Motorist Drive Out - Commercial Driveway / Alley",2010,"Yes","No","Dark - Lighted Roadway","Straight - Grade","Local Street","Dry","Two-Way, Not Divided","None","No Special Feature","Smooth Asphalt",0,0,0,0,0,0,0,"4 lanes",2,0,NA,0,NA
5808,4493,"Greensboro","Guilford","Piedmont","Commercial","Urban (>70% Developed)",NA,"Urban","30 - 35  MPH","Flashing Stop And Go Signal","Clear","No",23,"20-24","No",NA,"With Traffic","C: Possible Injury","Travel Lane","White","Female",NA,NA,"Missing",NA,NA,"Unknown Injury","Unknown/Missing",NA,"Passenger Car","No","28OCT2010","Thursday","Motorist Right Turn / Merge",19,"Intersection","October","C: Possible Injury",70020,"Motorist Right Turn - Same Direction",2010,"No","Yes","Daylight","Straight - Hillcrest","Local Street","Dry","Two-Way, Not Divided","None","No Special Feature","Smooth Asphalt",0,0,0,0,0,0,0,NA,2,0,NA,0,NA
5809,4494,"Greensboro","Guilford","Piedmont","Commercial","Urban (>70% Developed)",NA,"Urban","30 - 35  MPH","Stop And Go Signal","Cloudy","No",26,"25-29","No",NA,"Facing Traffic","C: Possible Injury","Sidewalk / Crosswalk / Driveway Crossing","White","Male",37,"30-39","No",NA,"0-5 mph","O: No Injury","White","Male","Passenger Car","No","28OCT2010","Thursday","Bicyclist Failed to Yield - Signalized Intersection",8,"Intersection","October","C: Possible Injury",30120,"Bicyclist Ride Through - Signalized Intersection",2010,"Yes","No","Daylight","Straight - Level","Local Street","Dry","Two-Way, Not Divided","None","Four-Way Intersection","Smooth Asphalt",0,0,0,0,0,0,0,"5 lanes",2,0,NA,0,NA
5810,4495,"Wilson","Wilson","Coastal","Residential","Urban (>70% Developed)",NA,"Urban","30 - 35  MPH","No Control Present","Clear","No",45,"40-49","No",NA,"Not Applicable","O: No Injury","Travel Lane","Black","Male",32,"30-39","No",NA,NA,"Unknown Injury","White","Female","Sport Utility","No","15OCT2010","Friday","Bicyclist Failed to Yield - Midblock",15,"Non-Intersection","October","O: No Injury",56940,"Bicyclist Ride Out - Other Midblock",2010,"No","No","Daylight","Straight - Level","Local Street","Dry","Two-Way, Not Divided","None","No Special Feature","Coarse Asphalt",0,0,0,0,0,0,0,"3 lanes",2,0,NA,0,NA
5811,4501,"None - Rural Crash","Granville","Piedmont","Farms, Woods, Pastures","Rural (<30% Developed)",NA,"Rural","50 - 55  MPH","Double Yellow Line, No Passing Zone","Cloudy","No",41,"40-49","No",NA,"With Traffic","C: Possible Injury","Travel Lane","Black","Male",NA,"70+","No",NA,"31-35 mph","O: No Injury","White","Male","Pickup","No","28OCT2010","Thursday","Motorist Overtaking Bicyclist",7,"Non-Intersection","October","C: Possible Injury",26400,"Motorist Overtaking - Misjudged Space",2010,"Yes","No","Daylight","Curve - Grade","US Route","Wet","Two-Way, Not Divided","None","No Special Feature","Coarse Asphalt",0,0,0,0,0,0,0,"2 lanes",2,0,NA,0,NA
5812,4507,"Raleigh","Wake","Piedmont","Commercial","Urban (>70% Developed)",NA,"Urban","30 - 35  MPH","Stop Sign","Clear","No",51,"50-59","No",NA,"Facing Traffic","C: Possible Injury","Sidewalk / Crosswalk / Driveway Crossing","Black","Male",28,"25-29","No",NA,"0-5 mph","O: No Injury","White","Male","Sport Utility","No","07OCT2010","Thursday","Motorist Failed to Yield - Sign-Controlled Intersection",19,"Intersection","October","C: Possible Injury",71580,"Motorist Drive Out - Sign-Controlled Intersection",2010,"Yes","No","Dark - Lighted Roadway","Straight - Level","Local Street","Dry","Two-Way, Divided, Unprotected Median","None","T-Intersection","Smooth Asphalt",0,0,0,0,0,0,0,"2 lanes",2,0,NA,0,NA
5813,4520,"None - Rural Crash","Johnston","Coastal","Farms, Woods, Pastures","Rural (<30% Developed)",NA,"Rural","50 - 55  MPH","Double Yellow Line, No Passing Zone","Clear","No",17,"16-19","No",NA,"With Traffic","B: Evident Injury","Travel Lane","White","Male",37,"30-39","No",NA,"41-45 mph","O: No Injury","White","Female","Passenger Car","No","12NOV2010","Friday","Motorist Overtaking Bicyclist",18,"Non-Intersection","November","B: Evident Injury",66300,"Motorist Overtaking - Other / Unknown",2010,"Yes","No","Dark - Roadway Not Lighted","Straight - Level","NC Route","Dry","Two-Way, Not Divided","None","No Special Feature","Coarse Asphalt",0,0,0,0,0,0,0,"2 lanes",2,0,NA,0,NA
5814,4523,"Smithfield","Johnston","Coastal","Commercial","Urban (>70% Developed)",NA,"Urban",NA,"No Control Present","Clear","No",65,"60-69","No",NA,"Facing Traffic","O: No Injury","Sidewalk / Crosswalk / Driveway Crossing","Black","Male",NA,NA,"Missing",NA,"0-5 mph","Unknown Injury","Unknown/Missing",NA,NA,"No","01NOV2010","Monday","Motorist Failed to Yield - Midblock",15,"Non-Intersection","November","O: No Injury",56460,"Motorist Drive Out - Commercial Driveway / Alley",2010,"No","Yes","Daylight","Straight - Level","Public Vehicular Area","Dry","One-Way, Not Divided","None","Driveway, Public","Coarse Asphalt",0,0,0,0,0,0,0,NA,2,0,NA,0,NA
5815,4527,"None - Rural Crash","Pender","Coastal","Farms, Woods, Pastures","Rural (<30% Developed)",NA,"Rural","50 - 55  MPH","Double Yellow Line, No Passing Zone","Clear","No",40,"40-49","No",NA,"With Traffic","A: Disabling Injury","Travel Lane","White","Male",30,"30-39","No",NA,"46-50 mph","O: No Injury","White","Male","Pickup","No","13NOV2010","Saturday","Motorist Overtaking Bicyclist",12,"Non-Intersection","November","A: Disabling Injury",45600,"Motorist Overtaking - Other / Unknown",2010,"Yes","No","Daylight","Straight - Level","US Route","Dry","Two-Way, Not Divided","None","No Special Feature","Coarse Asphalt",0,0,0,0,0,0,0,"2 lanes",2,0,NA,0,NA