"...1","object_id","city","county","region","development","locality","on_road","rural_urban","speed_limit","traffic_control","weather","workzone","bike_age","bike_age_group","bike_alcohol","bike_alcohol_drugs","bike_direction","bike_injury","bike_position","bike_race","bike_sex","driver_age","driver_age_group","driver_alcohol","driver_alcohol_drugs","driver_est_speed","driver_injury","driver_race","driver_sex","driver_vehicle_type","crash_alcohol","crash_date","crash_day","crash_group","crash_hour","crash_location","crash_month","crash_severity","crash_time","crash_type","crash_year","ambulance_req","hit_run","light_condition","road_character","road_class","road_condition","road_configuration","road_defects","road_feature","road_surface","num_bikes_ai","num_bikes_bi","num_bikes_ci","num_bikes_ki","num_bikes_no","num_bikes_to","num_bikes_ui","num_lanes","num_units","distance_mi_from","frm_road","rte_invd_cd","towrd_road"
5816,4532,"None - Rural Crash","Nash","Coastal","Farms, Woods, Pastures","Rural (<30% Developed)",NA,"Rural","40 - 45  MPH","No Control Present","Clear","No",55,"50-59","No",NA,"With Traffic","K: Killed","Travel Lane","Black","Male",32,"30-39","No",NA,"41-45 mph","O: No Injury","Black","Female","Light Truck (Mini-Van, Panel)","No","19NOV2010","Friday","Motorist Overtaking Bicyclist",13,"Non-Intersection","November","K: Killed",50280,"Motorist Overtaking - Other / Unknown",2010,"Yes","No","Daylight","Straight - Level","State Secondary Route","Dry","Two-Way, Not Divided","None","No Special Feature","Coarse Asphalt",0,0,0,0,0,0,0,"2 lanes",2,0,NA,0,NA
5817,4533,"Raleigh","Wake","Piedmont","Residential","Urban (>70% Developed)",NA,"Urban","30 - 35  MPH","No Control Present","Clear","No",2,"0-5","No",NA,NA,"B: Evident Injury","Travel Lane","Other","Female",NA,NA,"Missing",NA,"0-5 mph","Unknown Injury","Unknown/Missing",NA,NA,"No","01NOV2010","Monday","Backing Vehicle",17,"Non-Intersection","November","B: Evident Injury",63000,"Backing Vehicle",2010,"No","Yes","Daylight","Straight - Level","Local Street","Dry","Two-Way, Not Divided","None","Other","Smooth Asphalt",0,0,0,0,0,0,0,"2 lanes",2,0,NA,0,NA
5818,4535,"Raleigh","Wake","Piedmont","Commercial","Urban (>70% Developed)",NA,"Urban","5 - 15 MPH","No Control Present","Clear","No",23,"20-24","No",NA,"With Traffic","O: No Injury","Travel Lane","White","Female",68,"60-69","No",NA,"0-5 mph","O: No Injury","White","Female","Passenger Car","No","29OCT2010","Friday","Motorist Failed to Yield - Midblock",16,"Non-Intersection","October","O: No Injury",60300,"Motorist Drive Out - Commercial Driveway / Alley",2010,"No","No","Daylight","Straight - Grade","Local Street","Dry","Two-Way, Not Divided","None","No Special Feature","Smooth Asphalt",0,0,0,0,0,0,0,"2 lanes",2,0,NA,0,NA
5819,4542,"Laurinburg","Scotland","Coastal","Residential","Urban (>70% Developed)",NA,"Urban","30 - 35  MPH","Stop Sign","Clear","No",42,"40-49","No",NA,"Facing Traffic","C: Possible Injury","Travel Lane","White","Male",NA,NA,"Missing",NA,"0-5 mph","Unknown Injury","Unknown/Missing",NA,NA,"No","11NOV2010","Thursday","Motorist Failed to Yield - Sign-Controlled Intersection",11,"Intersection","November","C: Possible Injury",40080,"Motorist Drive Out - Sign-Controlled Intersection",2010,"No","Yes","Daylight","Straight - Grade","US Route","Dry","Two-Way, Not Divided","None","No Special Feature","Coarse Asphalt",0,0,0,0,0,0,0,"2 lanes",2,0,NA,0,NA
5820,4548,"None - Rural Crash","Greene","Coastal","Farms, Woods, Pastures","Rural (<30% Developed)",NA,"Rural","50 - 55  MPH","No Control Present","Clear","No",55,"50-59","Yes",NA,"With Traffic","B: Evident Injury","Travel Lane","Black","Male",20,"20-24","No",NA,"51-55 mph","O: No Injury","White","Female","Sport Utility","Yes","23NOV2010","Tuesday","Motorist Overtaking Bicyclist",21,"Non-Intersection","November","B: Evident Injury",77340,"Motorist Overtaking - Other / Unknown",2010,"Yes","No","Dark - Roadway Not Lighted","Straight - Level","State Secondary Route","Dry","Two-Way, Not Divided","None","No Special Feature","Smooth Asphalt",0,0,0,0,0,0,0,"2 lanes",2,0,NA,0,NA
5821,4551,"None - Rural Crash","Wake","Piedmont","Residential","Mixed (30% To 70% Developed)",NA,"Rural","30 - 35  MPH","No Control Present","Clear","No",13,"11-15","No",NA,"With Traffic","B: Evident Injury","Travel Lane","White","Male",32,"30-39","No",NA,"26-30 mph","O: No Injury","Black","Female","Passenger Car","No","27NOV2010","Saturday","Motorist Overtaking Bicyclist",16,"Non-Intersection","November","B: Evident Injury",59880,"Motorist Overtaking - Misjudged Space",2010,"Yes","No","Daylight","Straight - Grade","State Secondary Route","Dry","Two-Way, Not Divided","None","No Special Feature","Smooth Asphalt",0,0,0,0,0,0,0,"2 lanes",2,0,NA,0,NA
5822,4556,"Raleigh","Wake","Piedmont","Commercial","Urban (>70% Developed)",NA,"Urban","30 - 35  MPH","No Control Present","Clear","No",17,"16-19","No",NA,"Facing Traffic","B: Evident Injury","Travel Lane","White","Male",27,"25-29","No",NA,"16-20 mph","O: No Injury","Other","Female","Passenger Car","No","24OCT2010","Sunday","Bicyclist Failed to Yield - Midblock",1,"Non-Intersection","October","B: Evident Injury",6720,"Bicyclist Ride Out - Commercial Driveway / Alley",2010,"Yes","No","Dark - Lighted Roadway","Straight - Level","Local Street","Dry","Two-Way, Not Divided","None","No Special Feature","Smooth Asphalt",0,0,0,0,0,0,0,"2 lanes",2,0,NA,0,NA
5823,4558,"Asheville","Buncombe","Mountains","Residential","Urban (>70% Developed)",NA,"Urban","30 - 35  MPH","Stop Sign","Clear","No",47,"40-49","No",NA,"With Traffic","B: Evident Injury","Travel Lane","White","Male",35,"30-39","No",NA,"6-10 mph","O: No Injury","Black","Female","Sport Utility","No","12NOV2010","Friday","Motorist Failed to Yield - Sign-Controlled Intersection",17,"Intersection","November","B: Evident Injury",62400,"Motorist Drive Out - Sign-Controlled Intersection",2010,"No","No","Dusk","Curve - Grade","Local Street","Dry","Two-Way, Divided, Unprotected Median","None","Related To Intersection","Smooth Asphalt",0,0,0,0,0,0,0,"2 lanes",2,0,NA,0,NA
5824,4561,"Charlotte","Mecklenburg","Piedmont","Commercial","Rural (<30% Developed)",NA,"Urban","30 - 35  MPH","No Control Present","Clear","No",53,"50-59","No",NA,"Not Applicable","B: Evident Injury","Travel Lane","Black","Male",42,"40-49","No",NA,"16-20 mph","O: No Injury","White","Male","Pickup","No","17NOV2010","Wednesday","Other / Unusual Circumstances",14,"Non-Intersection","November","B: Evident Injury",52500,"Motorist Intentionally Caused",2010,"No","No","Daylight","Straight - Level","Local Street","Dry","Two-Way, Divided, Unprotected Median","None","No Special Feature","Smooth Asphalt",0,0,0,0,0,0,0,"4 lanes",2,0,NA,0,NA
5825,4563,"Durham","Durham","Piedmont","Residential","Urban (>70% Developed)",NA,"Urban","5 - 15 MPH","No Control Present","Clear","No",20,"20-24","No",NA,"Facing Traffic","C: Possible Injury","Sidewalk / Crosswalk / Driveway Crossing","White","Male",NA,NA,"No",NA,"6-10 mph","Unknown Injury","Unknown/Missing",NA,"Passenger Car","No","29NOV2010","Monday","Crossing Paths - Other Circumstances",11,"Intersection","November","C: Possible Injury",39600,"Crossing Paths - Intersection - Other / Unknown",2010,"No","Yes","Daylight","Straight - Level","Local Street","Dry","Two-Way, Not Divided","None","No Special Feature","Smooth Asphalt",0,0,0,0,0,0,0,"1 lane",2,0,NA,0,NA
5826,4565,"Charlotte","Mecklenburg","Piedmont","Commercial","Urban (>70% Developed)",NA,"Urban","5 - 15 MPH","No Control Present","Clear","No",51,"50-59","No",NA,"Not Applicable","B: Evident Injury","Travel Lane","Black","Male",36,"30-39","No",NA,"0-5 mph","O: No Injury","Black","Male","Passenger Car","No","21NOV2010","Sunday","Non-Roadway",17,"Non-Roadway","November","B: Evident Injury",62340,"Non-Roadway",2010,"No","No","Dark - Lighted Roadway","Straight - Level","Public Vehicular Area","Dry","Two-Way, Divided, Unprotected Median","None","No Special Feature","Smooth Asphalt",0,0,0,0,0,0,0,"2 lanes",2,0,NA,0,NA
5827,4568,"Winston-Salem","Forsyth","Piedmont","Commercial","Urban (>70% Developed)",NA,"Urban","20 - 25  MPH","Stop And Go Signal","Clear","No",45,"40-49","No",NA,"With Traffic","C: Possible Injury","Travel Lane","Black","Male",NA,"70+","No",NA,"0-5 mph","O: No Injury","Black","Male","Passenger Car","No","17NOV2010","Wednesday","Motorist Failed to Yield - Signalized Intersection",7,"Intersection","November","C: Possible Injury",27120,"Motorist Drive Out - Signalized Intersection",2010,"Yes","No","Daylight","Straight - Level","Local Street","Dry","Two-Way, Not Divided","None","Four-Way Intersection","Smooth Asphalt",0,0,0,0,0,0,0,"4 lanes",2,0,NA,0,NA
5828,4577,"Raleigh","Wake","Piedmont","Residential","Urban (>70% Developed)",NA,"Urban","5 - 15 MPH","No Control Present","Clear","No",21,"20-24","No",NA,"Facing Traffic","O: No Injury","Sidewalk / Crosswalk / Driveway Crossing","White","Male",24,"20-24","No",NA,"0-5 mph","O: No Injury","White","Male","Passenger Car","No","23NOV2010","Tuesday","Motorist Failed to Yield - Midblock",11,"Non-Intersection","November","O: No Injury",43020,"Motorist Drive Out - Commercial Driveway / Alley",2010,"No","No","Daylight","Straight - Level","Local Street","Dry","Two-Way, Not Divided","None","No Special Feature","Coarse Asphalt",0,0,0,0,0,0,0,"4 lanes",2,0,NA,0,NA
5829,4580,"Ayden","Pitt","Coastal","Residential","Urban (>70% Developed)",NA,"Rural","30 - 35  MPH","No Control Present","Clear","No",8,"6-10","No",NA,"With Traffic","C: Possible Injury","Travel Lane","Black","Male",31,"30-39","No",NA,"21-25 mph","O: No Injury","White","Male","Pickup","No","15OCT2010","Friday","Motorist Overtaking Bicyclist",17,"Intersection","October","C: Possible Injury",62100,"Motorist Overtaking - Bicyclist Swerved",2010,"No","No","Daylight","Straight - Level","Local Street","Dry","Two-Way, Not Divided","None","No Special Feature","Smooth Asphalt",0,0,0,0,0,0,0,"2 lanes",2,0,NA,0,NA
5830,4581,"High Point","Guilford","Piedmont","Residential","Urban (>70% Developed)",NA,"Urban","30 - 35  MPH","Yield Sign","Clear","No",44,"40-49","Yes",NA,"With Traffic","C: Possible Injury","Travel Lane","Black","Male",38,"30-39","No",NA,NA,"O: No Injury","White","Male","Passenger Car","Yes","27NOV2010","Saturday","Crossing Paths - Other Circumstances",23,"Intersection","November","C: Possible Injury",83220,"Crossing Paths - Intersection - Other / Unknown",2010,"Yes","No","Dark - Lighted Roadway","Straight - Grade","Local Street","Dry","Two-Way, Not Divided","None","Related To Intersection","Smooth Asphalt",0,0,0,0,0,0,0,"4 lanes",2,0,NA,0,NA
5831,4588,"Charlotte","Mecklenburg","Piedmont","Commercial","Urban (>70% Developed)",NA,"Urban","30 - 35  MPH","Stop And Go Signal","Rain","No",43,"40-49","No",NA,NA,"C: Possible Injury","Travel Lane","Hispanic","Male",46,"40-49","No",NA,"31-35 mph","O: No Injury","Black","Female","Passenger Car","No","27SEP2010","Monday","Crossing Paths - Other Circumstances",16,"Intersection","September","C: Possible Injury",60780,"Signalized Intersection - Other / Unknown",2010,"Yes","No","Daylight","Straight - Level","Local Street","Wet","Two-Way, Not Divided","None","No Special Feature","Smooth Asphalt",0,0,0,0,0,0,0,"2 lanes",2,0,NA,0,NA
5832,4607,"Havelock","Craven","Coastal","Commercial","Urban (>70% Developed)",NA,"Urban","5 - 15 MPH","No Control Present","Clear","No",11,"11-15","No",NA,"With Traffic","B: Evident Injury","Sidewalk / Crosswalk / Driveway Crossing","Black","Male",42,"40-49","No",NA,"0-5 mph","O: No Injury","Black","Male","Passenger Car","No","12NOV2010","Friday","Motorist Left Turn / Merge",15,"Non-Intersection","November","B: Evident Injury",54420,"Motorist Left Turn - Opposite Direction",2010,"Yes","No","Daylight","Straight - Level","Public Vehicular Area","Dry","Two-Way, Not Divided","None","Driveway, Public","Smooth Asphalt",0,0,0,0,0,0,0,NA,2,0,NA,0,NA
5833,4608,"None - Rural Crash","Wilson","Coastal","Farms, Woods, Pastures","Rural (<30% Developed)",NA,"Rural","50 - 55  MPH","No Control Present","Clear","No",50,"50-59","No",NA,"With Traffic","B: Evident Injury","Travel Lane","Black","Male",28,"25-29","No",NA,"51-55 mph","Unknown Injury","Black","Female","Sport Utility","No","18DEC2010","Saturday","Motorist Overtaking Bicyclist",6,"Non-Intersection","December","B: Evident Injury",22680,"Motorist Overtaking - Other / Unknown",2010,"Yes","No","Dark - Roadway Not Lighted","Straight - Level","US Route","Dry","Two-Way, Divided, Unprotected Median","None","No Special Feature","Coarse Asphalt",0,0,0,0,0,0,0,"4 lanes",2,0,NA,0,NA
5834,4620,"Mooresville","Iredell","Piedmont","Commercial","Urban (>70% Developed)",NA,"Urban","40 - 45  MPH","Stop And Go Signal","Clear","No",10,"6-10","No",NA,"Facing Traffic","B: Evident Injury","Travel Lane","White","Male",66,"60-69","No",NA,"11-15 mph","O: No Injury","White","Male","Passenger Car","No","20DEC2010","Monday","Motorist Right Turn / Merge",15,"Intersection","December","B: Evident Injury",56880,"Motorist Right Turn - Opposite Direction",2010,"Yes","No","Daylight","Straight - Level","NC Route","Dry","Two-Way, Not Divided","None","Four-Way Intersection","Smooth Asphalt",0,0,0,0,0,0,0,"5 lanes",2,0,NA,0,NA
5835,4622,"None - Rural Crash","Buncombe","Mountains","Commercial","Mixed (30% To 70% Developed)",NA,"Rural","30 - 35  MPH","No Control Present","Clear","No",49,"40-49","No",NA,"With Traffic","B: Evident Injury","Travel Lane","White","Male",55,"50-59","No",NA,"21-25 mph","O: No Injury","White","Male","Passenger Car","No","25SEP2010","Saturday","Motorist Left Turn / Merge",10,"Intersection-Related","September","B: Evident Injury",39120,"Motorist Left Turn - Opposite Direction",2010,"Yes","No","Daylight","Straight - Hillcrest","Local Street","Dry","Two-Way, Not Divided","None","No Special Feature","Smooth Asphalt",0,0,0,0,0,0,0,"2 lanes",2,0,NA,0,NA
5836,4625,"Wilmington","New Hanover","Coastal","Commercial","Rural (<30% Developed)",NA,"Urban","5 - 15 MPH","No Control Present","Clear","No",19,"16-19","No",NA,"Facing Traffic","C: Possible Injury","Sidewalk / Crosswalk / Driveway Crossing","White","Male",62,"60-69","No",NA,"0-5 mph","O: No Injury","White","Male","Passenger Car","No","17NOV2010","Wednesday","Motorist Failed to Yield - Midblock",12,"Non-Intersection","November","C: Possible Injury",43380,"Motorist Drive Out - Other Midblock",2010,"No","No","Daylight","Straight - Level","Local Street","Dry","Two-Way, Divided, Unprotected Median","None","No Special Feature","Smooth Asphalt",0,0,0,0,0,0,0,"2 lanes",2,0,NA,0,NA
5837,4628,"Rocky Mount","Nash","Coastal","Commercial","Urban (>70% Developed)",NA,"Urban","30 - 35  MPH","Stop And Go Signal","Clear","No",47,"40-49","No",NA,"With Traffic","O: No Injury","Travel Lane","Black","Male",19,"0-19","No",NA,"11-15 mph","B: Evident Injury","White","Male","Passenger Car","No","18DEC2010","Saturday","Motorist Right Turn / Merge",15,"Intersection-Related","December","B: Evident Injury",55140,"Motorist Right Turn - Same Direction",2010,"Yes","No","Daylight","Straight - Level","Local Street","Dry","Two-Way, Divided, Unprotected Median","None","Four-Way Intersection","Smooth Asphalt",0,0,0,0,0,0,0,"5 lanes",2,0,NA,0,NA
5838,4629,"Stanley","Gaston","Piedmont","Commercial","Mixed (30% To 70% Developed)",NA,"Rural","20 - 25  MPH","Stop Sign","Clear","No",14,"11-15","No",NA,"Facing Traffic","B: Evident Injury","Sidewalk / Crosswalk / Driveway Crossing","White","Male",30,"30-39","No",NA,NA,"O: No Injury","White","Female","Passenger Car","No","08JUL2010","Thursday","Loss of Control / Turning Error",16,"Intersection","July","B: Evident Injury",57600,"Bicyclist Lost Control - Mechanical Problems",2010,"No","No","Daylight","Straight - Level","Local Street","Dry","Two-Way, Not Divided","None","T-Intersection","Smooth Asphalt",0,0,0,0,0,0,0,"2 lanes",2,0,NA,0,NA
5839,4642,"Durham","Durham","Piedmont","Residential","Urban (>70% Developed)",NA,"Urban","30 - 35  MPH","Stop Sign","Clear","No",36,"30-39","No",NA,"With Traffic","B: Evident Injury","Travel Lane","Hispanic","Male",41,"40-49","No",NA,"11-15 mph","O: No Injury","Black","Female","Sport Utility","No","24JAN2009","Saturday","Motorist Failed to Yield - Sign-Controlled Intersection",7,"Intersection","January","B: Evident Injury",26820,"Motorist Drive Through - Sign-Controlled Intersection",2009,"No","No","Dark - Roadway Not Lighted","Straight - Level","Local Street","Dry","Two-Way, Not Divided","None","Four-Way Intersection","Coarse Asphalt",0,0,0,0,0,0,0,"2 lanes",2,0,NA,0,NA
5840,4645,"None - Rural Crash","Nash","Coastal","Residential","Rural (<30% Developed)",NA,"Rural","40 - 45  MPH","Double Yellow Line, No Passing Zone","Cloudy","No",26,"25-29","No",NA,"With Traffic","C: Possible Injury","Travel Lane","Black","Male",NA,NA,"Missing",NA,"41-45 mph","Unknown Injury","Unknown/Missing",NA,"Passenger Car","No","04JAN2009","Sunday","Motorist Overtaking Bicyclist",18,"Non-Intersection","January","C: Possible Injury",66240,"Motorist Overtaking - Other / Unknown",2009,"Yes","Yes","Dark - Roadway Not Lighted","Straight - Grade","State Secondary Route","Wet","Two-Way, Not Divided","None","No Special Feature","Smooth Asphalt",0,0,0,0,0,0,0,"2 lanes",2,0,NA,0,NA
5841,4647,"None - Rural Crash","Cumberland","Coastal","Farms, Woods, Pastures","Rural (<30% Developed)",NA,"Rural","50 - 55  MPH","No Control Present","Fog, Smog, Smoke","No",27,"25-29","Yes",NA,"Facing Traffic","B: Evident Injury","Travel Lane","White","Male",33,"30-39","No",NA,"36-40 mph","O: No Injury","White","Male","Passenger Car","Yes","18JAN2009","Sunday","Head-On",20,"Non-Intersection","January","B: Evident Injury",73200,"Head-On - Bicyclist",2009,"Yes","No","Dark - Roadway Not Lighted","Straight - Level","State Secondary Route","Dry","Two-Way, Not Divided","None","No Special Feature","Coarse Asphalt",0,0,0,0,0,0,0,"2 lanes",2,0,NA,0,NA
5842,4651,"Garner","Wake","Piedmont","Residential","Urban (>70% Developed)",NA,"Urban",NA,"No Control Present","Clear","No",23,"20-24","No",NA,"With Traffic","C: Possible Injury","Travel Lane","White","Male",NA,NA,"Missing",NA,NA,"Unknown Injury","Unknown/Missing",NA,"Passenger Car","No","09JAN2009","Friday","Bicyclist Left Turn / Merge",8,"Non-Intersection","January","C: Possible Injury",32340,"Bicyclist Left Turn - Same Direction",2009,"Yes","Yes","Daylight","Straight - Level","Local Street","Dry","Two-Way, Divided, Unprotected Median","None","No Special Feature","Smooth Asphalt",0,0,0,0,0,0,0,"4 lanes",2,0,NA,0,NA
5843,4658,"Raleigh","Wake","Piedmont","Residential","Urban (>70% Developed)",NA,"Urban","30 - 35  MPH","Stop Sign","Clear","No",22,"20-24","No",NA,"With Traffic","B: Evident Injury","Sidewalk / Crosswalk / Driveway Crossing","White","Female",20,"20-24","No",NA,"0-5 mph","O: No Injury","White","Female","Passenger Car","No","12JAN2009","Monday","Motorist Failed to Yield - Sign-Controlled Intersection",18,"Intersection","January","B: Evident Injury",65220,"Motorist Drive Out - Sign-Controlled Intersection",2009,"No","No","Dark - Roadway Not Lighted","Straight - Level","Local Street","Dry","Two-Way, Not Divided","None","T-Intersection","Smooth Asphalt",0,0,0,0,0,0,0,"4 lanes",2,0,NA,0,NA
5844,4661,"Lumberton","Robeson","Coastal","Commercial","Urban (>70% Developed)",NA,"Urban","30 - 35  MPH","Stop And Go Signal","Cloudy","No",35,"30-39","No",NA,"With Traffic","C: Possible Injury","Sidewalk / Crosswalk / Driveway Crossing","Black","Male",NA,NA,"Missing",NA,"0-5 mph","Unknown Injury","Unknown/Missing",NA,NA,"No","19JAN2009","Monday","Motorist Failed to Yield - Signalized Intersection",9,"Intersection","January","C: Possible Injury",33540,"Motorist Drive Out - Signalized Intersection",2009,"Yes","Yes","Daylight","Straight - Level","NC Route","Wet","Two-Way, Divided, Unprotected Median","None","No Special Feature","Coarse Asphalt",0,0,0,0,0,0,0,"4 lanes",2,0,NA,0,NA
5845,4665,"Charlotte","Mecklenburg","Piedmont","Commercial","Urban (>70% Developed)",NA,"Urban","30 - 35  MPH","No Control Present","Clear","No",21,"20-24","No",NA,"With Traffic","C: Possible Injury","Travel Lane","White","Male",38,"30-39","No",NA,"0-5 mph","O: No Injury","White","Male","Sport Utility","No","23JAN2009","Friday","Motorist Left Turn / Merge",12,"Non-Intersection","January","C: Possible Injury",43500,"Motorist Left Turn - Opposite Direction",2009,"Yes","No","Daylight","Straight - Level","Local Street","Dry","Two-Way, Not Divided","None","No Special Feature","Coarse Asphalt",0,0,0,0,0,0,0,"2 lanes",2,0,NA,0,NA
5846,4670,"Charlotte","Mecklenburg","Piedmont","Residential","Urban (>70% Developed)",NA,"Urban","20 - 25  MPH","Stop Sign","Clear","No",49,"40-49","No",NA,"With Traffic","B: Evident Injury","Travel Lane","Black","Male",NA,NA,"Missing",NA,"21-25 mph","Unknown Injury","Unknown/Missing",NA,NA,"No","29JAN2009","Thursday","Motorist Failed to Yield - Sign-Controlled Intersection",10,"Intersection","January","B: Evident Injury",37260,"Motorist Drive Through - Sign-Controlled Intersection",2009,"Yes","Yes","Daylight","Straight - Level","Local Street","Dry","Two-Way, Not Divided","None","No Special Feature","Smooth Asphalt",0,0,0,0,0,0,0,"2 lanes",2,0,NA,0,NA
5847,4673,"Cary","Wake","Piedmont","Residential","Mixed (30% To 70% Developed)",NA,"Urban","20 - 25  MPH","Stop Sign","Clear","No",9,"6-10","No",NA,"With Traffic","B: Evident Injury","Travel Lane","White","Female",22,"20-24","No",NA,"21-25 mph","O: No Injury","Black","Male","Passenger Car","No","26FEB2009","Thursday","Bicyclist Failed to Yield - Sign-Controlled Intersection",16,"Intersection","February","B: Evident Injury",61080,"Bicyclist Ride Through - Sign-Controlled Intersection",2009,"Yes","No","Daylight","Straight - Level","Local Street","Dry","Two-Way, Not Divided","None","T-Intersection","Smooth Asphalt",0,0,0,0,0,0,0,"1 lane",2,0,NA,0,NA
5848,4674,"Raleigh","Wake","Piedmont","Residential","Urban (>70% Developed)",NA,"Urban","5 - 15 MPH","No Control Present","Clear","No",20,"20-24","No",NA,"Not Applicable","B: Evident Injury","Non-Roadway","Black","Male",35,"30-39","No",NA,"16-20 mph","O: No Injury","Black","Male","Passenger Car","No","24JAN2009","Saturday","Non-Roadway",16,"Non-Roadway","January","B: Evident Injury",60360,"Non-Roadway",2009,"Yes","No","Daylight","Straight - Level","Public Vehicular Area","Dry","Two-Way, Not Divided","None","No Special Feature","Smooth Asphalt",0,0,0,0,0,0,0,NA,2,0,NA,0,NA
5849,4675,"Fayetteville","Cumberland","Coastal","Residential","Urban (>70% Developed)",NA,"Urban","20 - 25  MPH","No Control Present","Clear","No",8,"6-10","No",NA,"With Traffic","O: No Injury","Travel Lane","Black","Male",68,"60-69","No",NA,"16-20 mph","O: No Injury","Black","Female","Passenger Car","No","05FEB2009","Thursday","Motorist Overtaking Bicyclist",14,"Non-Intersection","February","O: No Injury",53760,"Motorist Overtaking - Bicyclist Swerved",2009,"No","No","Daylight","Straight - Level","Local Street","Dry","Two-Way, Not Divided","None","No Special Feature","Smooth Asphalt",0,0,0,0,0,0,0,"2 lanes",2,0,NA,0,NA
5850,4678,"Chapel Hill","Orange","Piedmont","Residential","Urban (>70% Developed)",NA,"Urban","20 - 25  MPH","Double Yellow Line, No Passing Zone","Clear","No",33,"30-39","No",NA,"With Traffic","C: Possible Injury","Bike Lane / Paved Shoulder","White","Male",33,"30-39","No",NA,"0-5 mph","O: No Injury","White","Male","Passenger Car","No","10FEB2009","Tuesday","Motorist Right Turn / Merge",12,"Non-Intersection","February","C: Possible Injury",43320,"Motorist Right Turn - Same Direction",2009,"No","No","Daylight","Straight - Grade","Local Street","Dry","Two-Way, Not Divided","None","Driveway, Public","Smooth Asphalt",0,0,0,0,0,0,0,"2 lanes",2,0,NA,0,NA
5851,4681,"Kinston","Lenoir","Coastal","Commercial","Urban (>70% Developed)",NA,"Urban","30 - 35  MPH","Stop And Go Signal","Clear","No",49,"40-49","No",NA,"With Traffic","B: Evident Injury","Travel Lane","Black","Male",NA,"70+","No",NA,"11-15 mph","O: No Injury","White","Male","Sport Utility","No","04MAR2009","Wednesday","Motorist Overtaking Bicyclist",15,"Intersection-Related","March","B: Evident Injury",54480,"Motorist Overtaking - Misjudged Space",2009,"Yes","No","Daylight","Straight - Grade","Local Street","Dry","Two-Way, Not Divided","None","Four-Way Intersection","Coarse Asphalt",0,0,0,0,0,0,0,"2 lanes",2,0,NA,0,NA
5852,4690,"Chapel Hill","Orange","Piedmont","Institutional","Urban (>70% Developed)",NA,"Urban","20 - 25  MPH","Double Yellow Line, No Passing Zone","Clear","No",27,"25-29","No",NA,"With Traffic","C: Possible Injury","Travel Lane","White","Male",22,"20-24","No",NA,"0-5 mph","O: No Injury","White","Female","Passenger Car","No","21FEB2009","Saturday","Bicyclist Overtaking Motorist",12,"Intersection-Related","February","C: Possible Injury",43620,"Bicyclist Overtaking - Passing on Right",2009,"Yes","No","Daylight","Curve - Grade","Local Street","Dry","Two-Way, Divided, Unprotected Median","None","No Special Feature","Smooth Asphalt",0,0,0,0,0,0,0,"2 lanes",2,0,NA,0,NA
5853,4695,"Wilmington","New Hanover","Coastal","Commercial","Urban (>70% Developed)",NA,"Urban",NA,"No Control Present","Clear","No",20,"20-24","No",NA,"With Traffic","B: Evident Injury","Sidewalk / Crosswalk / Driveway Crossing","White","Male",37,"30-39","No",NA,"0-5 mph","O: No Injury","White","Female","Pickup","No","07FEB2009","Saturday","Motorist Failed to Yield - Midblock",17,"Non-Intersection","February","B: Evident Injury",62940,"Motorist Drive Out - Commercial Driveway / Alley",2009,"Yes","No","Daylight","Straight - Level","US Route","Dry","Two-Way, Not Divided","None","Driveway, Private","Smooth Asphalt",0,0,0,0,0,0,0,"5 lanes",2,0,NA,0,NA
5854,4700,"Raleigh","Wake","Piedmont","Farms, Woods, Pastures","Urban (>70% Developed)",NA,"Urban","30 - 35  MPH","Stop Sign","Clear","No",26,"25-29","No",NA,"Facing Traffic","B: Evident Injury","Sidewalk / Crosswalk / Driveway Crossing","White","Male",NA,NA,"Missing",NA,"6-10 mph","Unknown Injury","Unknown/Missing",NA,NA,"No","20FEB2009","Friday","Motorist Failed to Yield - Sign-Controlled Intersection",7,"Intersection","February","B: Evident Injury",25200,"Motorist Drive Out - Sign-Controlled Intersection",2009,"No","Yes","Daylight","Straight - Level","Local Street","Dry","Two-Way, Not Divided","None","T-Intersection","Coarse Asphalt",0,0,0,0,0,0,0,"2 lanes",2,0,NA,0,NA
5855,4702,"Cary","Wake","Piedmont","Commercial","Urban (>70% Developed)",NA,"Urban","20 - 25  MPH","Stop And Go Signal","Clear","No",12,"11-15","No",NA,"Facing Traffic","B: Evident Injury","Sidewalk / Crosswalk / Driveway Crossing","White","Female",NA,NA,"Missing",NA,"6-10 mph","Unknown Injury","Unknown/Missing",NA,"Passenger Car","No","22MAR2009","Sunday","Crossing Paths - Other Circumstances",14,"Intersection","March","B: Evident Injury",52200,"Signalized Intersection - Other / Unknown",2009,"Yes","Yes","Daylight","Straight - Hillcrest","Local Street","Dry","Two-Way, Not Divided","None","Four-Way Intersection","Smooth Asphalt",0,0,0,0,0,0,0,"3 lanes",2,0,NA,0,NA
5856,4710,"Durham","Durham","Piedmont","Commercial","Mixed (30% To 70% Developed)",NA,"Urban","30 - 35  MPH","No Control Present","Clear","No",41,"40-49","No",NA,"With Traffic","C: Possible Injury","Bike Lane / Paved Shoulder","Black","Female",41,"40-49","No",NA,"16-20 mph","O: No Injury","Black","Female","Sport Utility","No","11MAR2009","Wednesday","Motorist Right Turn / Merge",9,"Non-Intersection","March","C: Possible Injury",32880,"Motorist Right Turn - Same Direction",2009,"Yes","No","Daylight","Straight - Level","Local Street","Dry","Two-Way, Divided, Unprotected Median","None","No Special Feature","Smooth Asphalt",0,0,0,0,0,0,0,"3 lanes",2,0,NA,0,NA