"...1","object_id","city","county","region","development","locality","on_road","rural_urban","speed_limit","traffic_control","weather","workzone","bike_age","bike_age_group","bike_alcohol","bike_alcohol_drugs","bike_direction","bike_injury","bike_position","bike_race","bike_sex","driver_age","driver_age_group","driver_alcohol","driver_alcohol_drugs","driver_est_speed","driver_injury","driver_race","driver_sex","driver_vehicle_type","crash_alcohol","crash_date","crash_day","crash_group","crash_hour","crash_location","crash_month","crash_severity","crash_time","crash_type","crash_year","ambulance_req","hit_run","light_condition","road_character","road_class","road_condition","road_configuration","road_defects","road_feature","road_surface","num_bikes_ai","num_bikes_bi","num_bikes_ci","num_bikes_ki","num_bikes_no","num_bikes_to","num_bikes_ui","num_lanes","num_units","distance_mi_from","frm_road","rte_invd_cd","towrd_road"
5857,4713,"Charlotte","Mecklenburg","Piedmont","Commercial","Urban (>70% Developed)",NA,"Urban","40 - 45  MPH","No Control Present","Clear","No",50,"50-59","Yes",NA,"With Traffic","A: Disabling Injury","Sidewalk / Crosswalk / Driveway Crossing","Black","Male",21,"20-24","No",NA,"26-30 mph","O: No Injury","Black","Male","Passenger Car","Yes","19MAR2009","Thursday","Parallel Paths - Other Circumstances",16,"Intersection","March","A: Disabling Injury",57720,"Bicyclist Ride Out - Parallel Path",2009,"No","No","Daylight","Straight - Grade","Local Street","Dry","Two-Way, Divided, Unprotected Median","None","T-Intersection","Smooth Asphalt",0,0,0,0,0,0,0,"5 lanes",2,0,NA,0,NA
5858,4719,"None - Rural Crash","Alamance","Piedmont","Residential","Rural (<30% Developed)",NA,"Rural","50 - 55  MPH","No Control Present","Clear","No",13,"11-15","No",NA,"Not Applicable","C: Possible Injury","Travel Lane","White","Male",NA,NA,"Missing",NA,"46-50 mph","Unknown Injury","Unknown/Missing",NA,NA,"No","05MAR2009","Thursday","Bicyclist Failed to Yield - Midblock",20,"Non-Intersection","March","C: Possible Injury",72000,"Bicyclist Ride Out - Other Midblock",2009,"Yes","Yes","Dark - Roadway Not Lighted","Straight - Level","State Secondary Route","Dry","Two-Way, Not Divided","None","No Special Feature","Smooth Asphalt",0,0,0,0,0,0,0,"2 lanes",2,0,NA,0,NA
5859,4726,"Elizabeth City","Pasquotank","Coastal","Commercial","Urban (>70% Developed)",NA,"Urban","30 - 35  MPH","Stop And Go Signal","Rain","No",20,"20-24","Yes",NA,"Facing Traffic","A: Disabling Injury","Bike Lane / Paved Shoulder","Black","Female",27,"25-29","No",NA,"31-35 mph","O: No Injury","Black","Male","Pickup","Yes","28MAR2009","Saturday","Crossing Paths - Other Circumstances",20,"Intersection-Related","March","A: Disabling Injury",72900,"Signalized Intersection - Other / Unknown",2009,"Yes","No","Dark - Lighted Roadway","Straight - Level","US Route","Wet","Two-Way, Divided, Unprotected Median","None","Four-Way Intersection","Smooth Asphalt",0,0,0,0,0,0,0,"5 lanes",2,0,NA,0,NA
5860,4729,"Mint Hill","Mecklenburg","Piedmont","Residential","Mixed (30% To 70% Developed)",NA,"Urban","20 - 25  MPH","No Control Present","Clear","No",10,"6-10","No",NA,"Not Applicable","C: Possible Injury","Driveway / Alley","White","Male",37,"30-39","No",NA,"16-20 mph","O: No Injury","White","Female","Van","No","31MAR2009","Tuesday","Bicyclist Failed to Yield - Midblock",17,"Non-Intersection","March","C: Possible Injury",63540,"Bicyclist Ride Out - Residential Driveway",2009,"No","No","Daylight",NA,NA,"Dry",NA,"None","No Special Feature",NA,0,0,0,0,0,0,0,NA,2,0,NA,0,NA
5861,4743,"Cary","Wake","Piedmont","Commercial","Urban (>70% Developed)",NA,"Urban","5 - 15 MPH","No Control Present","Clear","No",21,"20-24","No",NA,"Not Applicable","O: No Injury","Non-Roadway","Other","Male",45,"40-49","No",NA,"0-5 mph","O: No Injury","White","Female","Sport Utility","No","18APR2009","Saturday","Non-Roadway",16,"Non-Roadway","April","O: No Injury",60540,"Non-Roadway",2009,"Yes","No","Daylight","Straight - Grade","Public Vehicular Area","Dry","Two-Way, Not Divided","None","Driveway, Public","Smooth Asphalt",0,0,0,0,0,0,0,NA,2,0,NA,0,NA
5862,4745,"Tobaccoville","Forsyth","Piedmont","Residential","Rural (<30% Developed)",NA,"Rural","40 - 45  MPH","Stop Sign","Clear","No",55,"50-59","No",NA,"With Traffic","C: Possible Injury","Travel Lane","White","Male",25,"25-29","No",NA,"31-35 mph","O: No Injury","Hispanic","Female","Passenger Car","No","11APR2009","Saturday","Motorist Failed to Yield - Sign-Controlled Intersection",14,"Intersection","April","C: Possible Injury",50400,"Motorist Drive Through - Sign-Controlled Intersection",2009,"No","No","Daylight","Straight - Level","State Secondary Route","Dry","Two-Way, Not Divided","None","Four-Way Intersection","Smooth Asphalt",0,0,0,0,0,0,0,"2 lanes",2,0,NA,0,NA
5863,4747,"Wilmington","New Hanover","Coastal","Commercial","Urban (>70% Developed)",NA,"Urban","30 - 35  MPH","Stop And Go Signal","Clear","No",44,"40-49","No",NA,"Facing Traffic","B: Evident Injury","Sidewalk / Crosswalk / Driveway Crossing","White","Female",44,"40-49","No",NA,NA,"O: No Injury","White","Female","Passenger Car","No","06APR2009","Monday","Bicyclist Failed to Yield - Sign-Controlled Intersection",17,"Intersection","April","B: Evident Injury",61560,"Bicyclist Ride Through - Sign-Controlled Intersection",2009,"Yes","No","Daylight","Straight - Level","Local Street","Dry","Two-Way, Not Divided","None","Four-Way Intersection","Smooth Asphalt",0,0,0,0,0,0,0,"4 lanes",2,0,NA,0,NA
5864,4748,"Charlotte","Mecklenburg","Piedmont","Residential","Urban (>70% Developed)",NA,"Urban","20 - 25  MPH","No Control Present","Cloudy","No",11,"11-15","No",NA,"Not Applicable","O: No Injury","Non-Roadway","Hispanic","Male",50,"50-59","No",NA,"0-5 mph","O: No Injury","Black","Male","Pickup","No","06APR2009","Monday","Non-Roadway",13,"Non-Roadway","April","O: No Injury",47520,"Non-Roadway",2009,"No","No","Daylight","Straight - Level","Public Vehicular Area","Dry","Two-Way, Not Divided","None","No Special Feature","Smooth Asphalt",0,0,0,0,0,0,0,NA,2,0,NA,0,NA
5865,4751,"None - Rural Crash","Greene","Coastal","Farms, Woods, Pastures","Mixed (30% To 70% Developed)",NA,"Rural","40 - 45  MPH","No Control Present","Clear","No",51,"50-59","No",NA,"With Traffic","C: Possible Injury","Travel Lane","Black","Male",40,"40-49","No",NA,"31-35 mph","O: No Injury","White","Male","Police","No","08APR2009","Wednesday","Motorist Overtaking Bicyclist",21,"Non-Intersection","April","C: Possible Injury",76920,"Motorist Overtaking - Undetected Bicyclist",2009,"Yes","No","Dark - Roadway Not Lighted","Straight - Level","Interstate","Dry","Two-Way, Not Divided","None","No Special Feature","Coarse Asphalt",0,0,0,0,0,0,0,"2 lanes",2,0,NA,0,NA
5866,4752,"None - Rural Crash","Harnett","Coastal","Farms, Woods, Pastures","Rural (<30% Developed)",NA,"Rural","50 - 55  MPH","Double Yellow Line, No Passing Zone","Clear","No",48,"40-49","No",NA,"With Traffic","A: Disabling Injury","Travel Lane","Other","Male",18,"0-19","No",NA,"41-45 mph","O: No Injury","White","Female","Passenger Car","No","17APR2009","Friday","Motorist Overtaking Bicyclist",15,"Non-Intersection","April","A: Disabling Injury",55800,"Motorist Overtaking - Other / Unknown",2009,"Yes","No","Daylight","Straight - Grade","NC Route","Dry","Two-Way, Not Divided","None","No Special Feature","Coarse Asphalt",0,0,0,0,0,0,0,"2 lanes",2,0,NA,0,NA
5867,4755,"Cary","Wake","Piedmont","Residential","Urban (>70% Developed)",NA,"Urban","30 - 35  MPH","No Control Present","Clear","No",15,"11-15","No",NA,"Not Applicable","C: Possible Injury","Non-Roadway","Hispanic","Male",24,"20-24","No",NA,"21-25 mph","O: No Injury","Black","Female","Passenger Car","No","23APR2009","Thursday","Non-Roadway",16,"Non-Roadway","April","C: Possible Injury",61020,"Non-Roadway",2009,"No","No","Daylight","Curve - Grade","Local Street","Dry","Two-Way, Not Divided","None","No Special Feature","Coarse Asphalt",0,0,0,0,0,0,0,"2 lanes",2,0,NA,0,NA
5868,4773,"None - Rural Crash","Catawba","Piedmont","Residential","Rural (<30% Developed)",NA,"Rural","20 - 25  MPH","No Control Present","Clear","No",10,"6-10","No",NA,"Not Applicable","C: Possible Injury","Travel Lane","Black","Female",51,"50-59","No",NA,"11-15 mph","O: No Injury","White","Male","Passenger Car","No","01MAY2009","Friday","Non-Roadway",19,"Non-Roadway","May","C: Possible Injury",70920,"Non-Roadway",2009,"Yes","No","Daylight","Straight - Grade","Public Vehicular Area","Dry","Two-Way, Not Divided","None","T-Intersection","Coarse Asphalt",0,0,0,0,0,0,0,"2 lanes",2,0,NA,0,NA
5869,4777,"Raleigh","Wake","Piedmont","Commercial","Urban (>70% Developed)",NA,"Urban","30 - 35  MPH","Stop And Go Signal","Cloudy","No",48,"40-49","No",NA,"Facing Traffic","B: Evident Injury","Sidewalk / Crosswalk / Driveway Crossing","Black","Male",57,"50-59","No",NA,"0-5 mph","O: No Injury","White","Male","Pickup","No","27MAR2009","Friday","Crossing Paths - Other Circumstances",7,"Intersection","March","B: Evident Injury",28500,"Signalized Intersection - Other / Unknown",2009,"No","No","Daylight","Straight - Level","Local Street","Dry","Two-Way, Not Divided","None","Four-Way Intersection","Smooth Asphalt",0,0,0,0,0,0,0,"4 lanes",2,0,NA,0,NA
5870,4781,"Emerald Isle","Carteret","Coastal","Commercial","Urban (>70% Developed)",NA,"Rural","20 - 25  MPH","No Control Present","Clear","No",11,"11-15","No",NA,"Not Applicable","B: Evident Injury","Driveway / Alley","White","Female",46,"40-49","No",NA,"11-15 mph","O: No Injury","White","Female","Passenger Car","No","25APR2009","Saturday","Bicyclist Failed to Yield - Midblock",8,"Non-Intersection","April","B: Evident Injury",32220,"Bicyclist Ride Out - Residential Driveway",2009,"Yes","No","Daylight","Straight - Level","Local Street","Dry","Two-Way, Not Divided","None","Driveway, Public","Coarse Asphalt",0,0,0,0,0,0,0,"2 lanes",2,0,NA,0,NA
5871,4788,"None - Rural Crash","New Hanover","Coastal","Commercial","Urban (>70% Developed)",NA,"Rural","50 - 55  MPH","No Control Present","Clear","No",35,"30-39","Yes",NA,"Facing Traffic","B: Evident Injury","Bike Lane / Paved Shoulder","White","Male",23,"20-24","No",NA,"46-50 mph","O: No Injury","White","Male","Passenger Car","Yes","30APR2009","Thursday","Bicyclist Right Turn / Merge",0,"Non-Intersection","April","B: Evident Injury",0,"Bicyclist Right Turn - Opposite Direction",2009,"Yes","No","Dark - Roadway Not Lighted","Straight - Level","US Route","Dry","Two-Way, Divided, Unprotected Median","None","No Special Feature","Smooth Asphalt",0,0,0,0,0,0,0,"4 lanes",2,0,NA,0,NA
5872,4793,"Pembroke","Robeson","Coastal","Commercial","Mixed (30% To 70% Developed)",NA,"Rural","20 - 25  MPH","No Control Present","Cloudy","No",16,"16-19","No",NA,"With Traffic","B: Evident Injury","Travel Lane","Native American","Male",48,"40-49","No",NA,"21-25 mph","O: No Injury","White","Female","Passenger Car","No","05MAY2009","Tuesday","Loss of Control / Turning Error",19,"Intersection","May","B: Evident Injury",70200,"Bicyclist Lost Control - Mechanical Problems",2009,"No","No","Dark - Lighted Roadway","Curve - Grade","Local Street","Wet","Two-Way, Not Divided","None","No Special Feature","Smooth Asphalt",0,0,0,0,0,0,0,"2 lanes",2,0,NA,0,NA
5873,4796,"Cary","Wake","Piedmont","Residential","Urban (>70% Developed)",NA,"Urban","20 - 25  MPH","Stop And Go Signal","Clear","No",12,"11-15","No",NA,"With Traffic","B: Evident Injury","Sidewalk / Crosswalk / Driveway Crossing","Black","Male",NA,"70+","No",NA,"0-5 mph","O: No Injury","White","Female","Passenger Car","No","12MAY2009","Tuesday","Motorist Right Turn / Merge",15,"Intersection","May","B: Evident Injury",55800,"Motorist Right Turn - Same Direction",2009,"Yes","No","Daylight","Straight - Grade","Local Street","Dry","Two-Way, Not Divided","None","T-Intersection","Smooth Asphalt",0,0,0,0,0,0,0,"2 lanes",2,0,NA,0,NA
5874,4809,"Wilmington","New Hanover","Coastal","Commercial","Urban (>70% Developed)",NA,"Urban","40 - 45  MPH","Stop And Go Signal","Cloudy","No",24,"20-24","No",NA,"With Traffic","B: Evident Injury","Travel Lane","White","Male",24,"20-24","Yes",NA,"36-40 mph","O: No Injury","White","Male","Passenger Car","Yes","03MAY2009","Sunday","Crossing Paths - Other Circumstances",3,"Intersection","May","B: Evident Injury",13080,"Signalized Intersection - Other / Unknown",2009,"Yes","No","Dark - Roadway Not Lighted","Straight - Level","US Route","Dry","Two-Way, Divided, Unprotected Median","None","No Special Feature","Coarse Asphalt",0,0,0,0,0,0,0,NA,2,0,NA,0,NA
5875,4810,"Charlotte","Mecklenburg","Piedmont","Residential","Urban (>70% Developed)",NA,"Urban","30 - 35  MPH","Stop And Go Signal","Cloudy","No",36,"30-39","No",NA,"With Traffic","C: Possible Injury","Travel Lane","White","Female",27,"25-29","No",NA,"6-10 mph","O: No Injury","Asian","Male","Passenger Car","No","30APR2009","Thursday","Crossing Paths - Other Circumstances",10,"Intersection","April","C: Possible Injury",37020,"Signalized Intersection - Other / Unknown",2009,"Yes","No","Daylight","Straight - Level","Local Street","Dry","Two-Way, Not Divided","None","Four-Way Intersection","Coarse Asphalt",0,0,0,0,0,0,0,"4 lanes",2,0,NA,0,NA
5876,4814,"None - Rural Crash","New Hanover","Coastal","Commercial","Mixed (30% To 70% Developed)",NA,"Rural","30 - 35  MPH","Stop And Go Signal","Clear","No",18,"16-19","No",NA,"Facing Traffic","B: Evident Injury","Travel Lane","Black","Female",63,"60-69","No",NA,"11-15 mph","O: No Injury","White","Male","Sport Utility","No","06MAY2009","Wednesday","Motorist Left Turn / Merge",20,"Intersection","May","B: Evident Injury",74640,"Motorist Left Turn - Same Direction",2009,"Yes","No","Dark - Roadway Not Lighted","Straight - Level","State Secondary Route","Dry","Two-Way, Divided, Unprotected Median","None","T-Intersection","Coarse Asphalt",0,0,0,0,0,0,0,"2 lanes",2,0,NA,0,NA
5877,4819,"None - Rural Crash","New Hanover","Coastal","Residential","Urban (>70% Developed)",NA,"Rural","30 - 35  MPH","No Control Present","Clear","No",12,"11-15","No",NA,"With Traffic","B: Evident Injury","Travel Lane","White","Male",NA,NA,"Missing",NA,"11-15 mph","Unknown Injury","Unknown/Missing",NA,NA,"No","12MAY2009","Tuesday","Motorist Overtaking Bicyclist",18,"Intersection","May","B: Evident Injury",67800,"Motorist Overtaking - Other / Unknown",2009,"Yes","Yes","Daylight","Straight - Level","State Secondary Route","Dry","Two-Way, Not Divided","None","T-Intersection","Smooth Asphalt",0,0,0,0,0,0,0,"2 lanes",2,0,NA,0,NA
5878,5003,"Winston-Salem","Forsyth","Piedmont","Residential","Urban (>70% Developed)",NA,"Urban","30 - 35  MPH","No Control Present","Clear","No",46,"40-49","No",NA,"With Traffic","B: Evident Injury","Travel Lane","Black","Male",NA,NA,"Missing",NA,"16-20 mph","Unknown Injury","Unknown/Missing",NA,NA,"No","16JUL2009","Thursday","Other / Unusual Circumstances",22,"Non-Intersection","July","B: Evident Injury",79800,"Motorist Intentionally Caused",2009,"No","Yes","Dark - Lighted Roadway","Straight - Grade","Local Street","Dry","Two-Way, Not Divided","None","No Special Feature","Coarse Asphalt",0,0,0,0,0,0,0,"2 lanes",2,0,NA,0,NA
5879,5004,"Winston-Salem","Forsyth","Piedmont","Commercial","Urban (>70% Developed)",NA,"Urban","30 - 35  MPH","Stop And Go Signal","Clear","No",40,"40-49","No",NA,"With Traffic","B: Evident Injury","Travel Lane","Black","Male",19,"0-19","Yes",NA,"0-5 mph","O: No Injury","Black","Male","Passenger Car","Yes","10JUL2009","Friday","Motorist Left Turn / Merge",0,"Intersection","July","B: Evident Injury",2880,"Motorist Left Turn - Opposite Direction",2009,"Yes","No","Dark - Lighted Roadway","Straight - Grade","Local Street","Dry","Two-Way, Not Divided","None","Four-Way Intersection","Coarse Asphalt",0,0,0,0,0,0,0,"2 lanes",2,0,NA,0,NA
5880,5005,"Charlotte","Mecklenburg","Piedmont","Residential","Rural (<30% Developed)",NA,"Urban","30 - 35  MPH","Stop And Go Signal","Clear","No",45,"40-49","No",NA,"With Traffic","B: Evident Injury","Sidewalk / Crosswalk / Driveway Crossing","White","Male",14,"0-19","No",NA,"31-35 mph","O: No Injury","Black","Male","Passenger Car","No","01MAY2009","Friday","Motorist Left Turn / Merge",18,"Intersection","May","B: Evident Injury",67680,"Motorist Left Turn - Opposite Direction",2009,"No","No","Daylight","Straight - Level","Local Street","Dry","Two-Way, Divided, Unprotected Median","None","Four-Way Intersection","Smooth Asphalt",0,0,0,0,0,0,0,"5 lanes",2,0,NA,0,NA
5881,5017,"Jacksonville","Onslow","Coastal","Residential","Urban (>70% Developed)",NA,"Urban","5 - 15 MPH","No Control Present","Rain","No",7,"6-10","No",NA,"With Traffic","B: Evident Injury","Bike Lane / Paved Shoulder","White","Male",33,"30-39","No",NA,"0-5 mph","O: No Injury","White","Female","Sport Utility","No","13JUL2009","Monday","Crossing Paths - Other Circumstances",17,"Non-Intersection","July","B: Evident Injury",61620,"Crossing Paths - Midblock - Other / Unknown",2009,"Yes","No","Daylight","Straight - Level","Private Road, Driveway","Wet",NA,"None","Driveway, Private","Smooth Asphalt",0,0,0,0,0,0,0,NA,2,0,NA,0,NA
5882,5025,"Charlotte","Mecklenburg","Piedmont","Commercial","Urban (>70% Developed)",NA,"Urban","30 - 35  MPH","No Control Present","Clear","No",44,"40-49","Yes",NA,"Facing Traffic","C: Possible Injury","Sidewalk / Crosswalk / Driveway Crossing","White","Male",68,"60-69","No",NA,"11-15 mph","O: No Injury","White","Male","Passenger Car","Yes","24JUL2009","Friday","Motorist Right Turn / Merge",20,"Intersection","July","C: Possible Injury",75060,"Motorist Right Turn - Opposite Direction",2009,"No","No","Dusk","Straight - Grade","Local Street","Dry","One-Way, Not Divided","None","No Special Feature","Smooth Asphalt",0,0,0,0,0,0,0,"2 lanes",2,0,NA,0,NA
5883,5030,"Winston-Salem","Forsyth","Piedmont","Residential","Urban (>70% Developed)",NA,"Urban","30 - 35  MPH","No Control Present","Clear","No",43,"40-49","No",NA,"Facing Traffic","C: Possible Injury","Sidewalk / Crosswalk / Driveway Crossing","Asian","Female",37,"30-39","No",NA,"0-5 mph","O: No Injury","White","Female","Passenger Car","No","27JUL2009","Monday","Crossing Paths - Other Circumstances",10,"Intersection","July","C: Possible Injury",37020,"Crossing Paths - Intersection - Other / Unknown",2009,"No","No","Daylight","Straight - Level","Local Street","Dry","Two-Way, Not Divided","None","No Special Feature","Smooth Asphalt",0,0,0,0,0,0,0,"2 lanes",2,0,NA,0,NA
5884,5032,"None - Rural Crash","Rockingham","Piedmont","Farms, Woods, Pastures","Rural (<30% Developed)",NA,"Rural","30 - 35  MPH","No Control Present","Clear","No",14,"11-15","No",NA,"Not Applicable","B: Evident Injury","Driveway / Alley","Other","Male",58,"50-59","No",NA,"11-15 mph","O: No Injury","White","Female","Van","No","03AUG2009","Monday","Bicyclist Failed to Yield - Midblock",19,"Non-Intersection","August","B: Evident Injury",69840,"Bicyclist Ride Out - Residential Driveway",2009,"Yes","No","Daylight","Straight - Level","State Secondary Route","Dry","Two-Way, Not Divided","None","Driveway, Private","Smooth Asphalt",0,0,0,0,0,0,0,"2 lanes",2,0,NA,0,NA
5885,5037,"Raleigh","Wake","Piedmont","Residential","Urban (>70% Developed)",NA,"Urban","30 - 35  MPH","No Control Present","Clear","No",7,"6-10","No",NA,"Not Applicable","O: No Injury","Driveway / Alley","Black","Male",38,"30-39","No",NA,"31-35 mph","O: No Injury","Black","Male","Sport Utility","No","19JUN2009","Friday","Bicyclist Failed to Yield - Midblock",20,"Non-Intersection","June","O: No Injury",74700,"Bicyclist Ride Out - Residential Driveway",2009,"Yes","No","Dark - Lighted Roadway","Straight - Level","Local Street","Dry","Two-Way, Not Divided","None","No Special Feature","Smooth Asphalt",0,0,0,0,0,0,0,"2 lanes",2,0,NA,0,NA
5886,5040,"Elizabeth City","Pasquotank","Coastal","Residential","Urban (>70% Developed)",NA,"Urban","30 - 35  MPH","Stop And Go Signal","Clear","No",48,"40-49","No",NA,"With Traffic","B: Evident Injury","Travel Lane","White","Male",53,"50-59","No",NA,"0-5 mph","O: No Injury","White","Female","Passenger Car","No","31JUL2009","Friday","Bicyclist Failed to Yield - Signalized Intersection",4,"Intersection","July","B: Evident Injury",16560,"Bicyclist Failed to Clear - Unknown",2009,"Yes","No","Daylight","Straight - Grade","Local Street","Dry","Two-Way, Divided, Unprotected Median","None","No Special Feature","Smooth Asphalt",0,0,0,0,0,0,0,"5 lanes",2,0,NA,0,NA
5887,5047,"Durham","Durham","Piedmont","Residential","Urban (>70% Developed)",NA,"Urban","30 - 35  MPH","Stop And Go Signal","Clear","No",22,"20-24","Yes",NA,"With Traffic","A: Disabling Injury","Travel Lane","White","Male",26,"25-29","No",NA,"31-35 mph","O: No Injury","Black","Female","Passenger Car","Yes","08AUG2009","Saturday","Motorist Left Turn / Merge",23,"Intersection","August","A: Disabling Injury",85860,"Motorist Left Turn - Opposite Direction",2009,"Yes","Yes","Dark - Roadway Not Lighted","Straight - Grade","Local Street","Dry","Two-Way, Not Divided","None","Four-Way Intersection","Smooth Asphalt",0,0,0,0,0,0,0,"2 lanes",2,0,NA,0,NA
5888,5051,"Wilmington","New Hanover","Coastal","Commercial","Urban (>70% Developed)",NA,"Urban","40 - 45  MPH","No Control Present","Cloudy","No",26,"25-29","No",NA,"Facing Traffic","C: Possible Injury","Travel Lane","White","Male",47,"40-49","No",NA,"0-5 mph","O: No Injury","White","Female","Light Truck (Mini-Van, Panel)","No","27JUN2009","Saturday","Motorist Failed to Yield - Midblock",14,"Non-Intersection","June","C: Possible Injury",53880,"Motorist Drive Out - Commercial Driveway / Alley",2009,"No","No","Daylight","Straight - Grade","NC Route","Dry","Two-Way, Not Divided","None","No Special Feature","Smooth Asphalt",0,0,0,0,0,0,0,"4 lanes",2,0,NA,0,NA
5889,5070,"None - Rural Crash","Currituck","Coastal","Farms, Woods, Pastures","Mixed (30% To 70% Developed)",NA,"Rural","50 - 55  MPH","Stop Sign","Clear","No",14,"11-15","No",NA,"With Traffic","A: Disabling Injury","Travel Lane","White","Female",39,"30-39","No",NA,"41-45 mph","O: No Injury","White","Female","Sport Utility","No","23JUL2009","Thursday","Crossing Paths - Other Circumstances",15,"Intersection","July","A: Disabling Injury",55560,"Sign-Controlled Intersection - Other / Unknown",2009,"Yes","No","Daylight","Straight - Level","State Secondary Route","Dry","Two-Way, Not Divided","None","T-Intersection","Smooth Asphalt",0,0,0,0,0,0,0,"3 lanes",2,0,NA,0,NA
5890,5076,"Raleigh","Wake","Piedmont","Residential","Urban (>70% Developed)",NA,"Urban","30 - 35  MPH","No Control Present","Clear","No",7,"6-10","No",NA,"Not Applicable","B: Evident Injury","Driveway / Alley","White","Male",58,"50-59","No",NA,"31-35 mph","O: No Injury","Other","Female","Passenger Car","No","05AUG2009","Wednesday","Bicyclist Failed to Yield - Midblock",18,"Non-Intersection","August","B: Evident Injury",67140,"Bicyclist Ride Out - Residential Driveway",2009,"Yes","No","Daylight","Curve - Level","Local Street","Dry","Two-Way, Not Divided","None","No Special Feature","Coarse Asphalt",0,0,0,0,0,0,0,"2 lanes",2,0,NA,0,NA
5891,5077,"Lewisville","Forsyth","Piedmont","Farms, Woods, Pastures","Rural (<30% Developed)",NA,"Urban","30 - 35  MPH","Yield Sign","Clear","No",32,"30-39","No",NA,"With Traffic","C: Possible Injury","Travel Lane","White","Male",25,"25-29","No",NA,"31-35 mph","O: No Injury","Black","Male","Passenger Car","No","21AUG2009","Friday","Parallel Paths - Other Circumstances",19,"Intersection","August","C: Possible Injury",70140,"Parallel Paths - Other / Unknown",2009,"No","No","Dusk","Curve - Level","State Secondary Route","Dry","One-Way, Not Divided","None","Traffic Circle/Roundabout","Smooth Asphalt",0,0,0,0,0,0,0,"1 lane",2,0,NA,0,NA
5892,5086,"Cherokee","Swain","Mountains","Farms, Woods, Pastures","Rural (<30% Developed)",NA,"Rural","30 - 35  MPH","Stop Sign","Clear","No",13,"11-15","No",NA,"With Traffic","B: Evident Injury","Travel Lane","Native American","Male",57,"50-59","No",NA,"26-30 mph","O: No Injury","Native American","Female","Van","No","21AUG2009","Friday","Bicyclist Failed to Yield - Sign-Controlled Intersection",17,"Intersection","August","B: Evident Injury",64500,"Bicyclist Ride Through - Sign-Controlled Intersection",2009,"Yes","No","Daylight","Straight - Level","Local Street","Dry","Two-Way, Not Divided","None","T-Intersection","Smooth Asphalt",0,0,0,0,0,0,0,"2 lanes",2,0,NA,0,NA
5893,5088,"None - Rural Crash","Wake","Piedmont","Residential","Mixed (30% To 70% Developed)",NA,"Rural","40 - 45  MPH","Stop And Go Signal","Clear","No",49,"40-49","No",NA,"With Traffic","O: No Injury","Travel Lane","White","Female",56,"50-59","No",NA,"31-35 mph","B: Evident Injury","White","Male","Motorcycle","No","18AUG2009","Tuesday","Crossing Paths - Other Circumstances",18,"Intersection","August","B: Evident Injury",67260,"Crossing Paths - Intersection - Other / Unknown",2009,"Yes","No","Daylight","Straight - Level","State Secondary Route","Dry","Two-Way, Not Divided","None","Four-Way Intersection","Coarse Asphalt",0,0,0,0,0,0,0,"2 lanes",2,0,NA,0,NA
5894,5091,"None - Rural Crash","Wake","Piedmont","Farms, Woods, Pastures","Rural (<30% Developed)",NA,"Rural","40 - 45  MPH","Double Yellow Line, No Passing Zone","Clear","No",38,"30-39","No",NA,"With Traffic","C: Possible Injury","Travel Lane","White","Male",17,"0-19","No",NA,"41-45 mph","O: No Injury","White","Female","Passenger Car","No","15MAY2009","Friday","Motorist Right Turn / Merge",19,"Intersection-Related","May","C: Possible Injury",68400,"Motorist Right Turn - Same Direction",2009,"No","No","Daylight","Straight - Level","State Secondary Route","Dry","Two-Way, Not Divided","None","No Special Feature","Smooth Asphalt",0,0,0,0,0,0,0,"2 lanes",2,0,NA,0,NA
5895,5098,"Goldsboro","Wayne","Coastal","Residential","Urban (>70% Developed)",NA,"Urban","30 - 35  MPH","Stop And Go Signal","Cloudy","No",43,"40-49","No",NA,"With Traffic","C: Possible Injury","Travel Lane","Black","Male",39,"30-39","No",NA,NA,"O: No Injury","Black","Male","Pickup","No","25AUG2009","Tuesday","Bicyclist Failed to Yield - Signalized Intersection",14,"Intersection","August","C: Possible Injury",51600,"Bicyclist Failed to Clear - Trapped",2009,"Yes","No","Daylight","Straight - Level","Local Street","Dry","Two-Way, Not Divided","None","Four-Way Intersection","Smooth Asphalt",0,0,0,0,0,0,0,"4 lanes",2,0,NA,0,NA
5896,5102,"Charlotte","Mecklenburg","Piedmont","Residential","Urban (>70% Developed)",NA,"Urban","30 - 35  MPH","Stop Sign","Clear","No",13,"11-15","No",NA,"With Traffic","B: Evident Injury","Sidewalk / Crosswalk / Driveway Crossing","Black","Male",21,"20-24","No",NA,"0-5 mph","O: No Injury","Hispanic","Female","Light Truck (Mini-Van, Panel)","No","17AUG2009","Monday","Loss of Control / Turning Error",18,"Intersection","August","B: Evident Injury",65760,"Bicyclist Lost Control - Mechanical Problems",2009,"Yes","No","Daylight","Straight - Grade","Local Street","Dry","Two-Way, Not Divided","None","Four-Way Intersection","Smooth Asphalt",0,0,0,0,0,0,0,"2 lanes",2,0,NA,0,NA