"...1","object_id","city","county","region","development","locality","on_road","rural_urban","speed_limit","traffic_control","weather","workzone","bike_age","bike_age_group","bike_alcohol","bike_alcohol_drugs","bike_direction","bike_injury","bike_position","bike_race","bike_sex","driver_age","driver_age_group","driver_alcohol","driver_alcohol_drugs","driver_est_speed","driver_injury","driver_race","driver_sex","driver_vehicle_type","crash_alcohol","crash_date","crash_day","crash_group","crash_hour","crash_location","crash_month","crash_severity","crash_time","crash_type","crash_year","ambulance_req","hit_run","light_condition","road_character","road_class","road_condition","road_configuration","road_defects","road_feature","road_surface","num_bikes_ai","num_bikes_bi","num_bikes_ci","num_bikes_ki","num_bikes_no","num_bikes_to","num_bikes_ui","num_lanes","num_units","distance_mi_from","frm_road","rte_invd_cd","towrd_road"
5897,5120,"High Point","Guilford","Piedmont","Commercial","Urban (>70% Developed)",NA,"Urban","40 - 45  MPH","Stop Sign","Clear","No",53,"50-59","No",NA,"With Traffic","B: Evident Injury","Travel Lane","White","Female",22,"20-24","No",NA,"41-45 mph","O: No Injury","White","Male","Pickup","No","12AUG2009","Wednesday","Crossing Paths - Other Circumstances",17,"Intersection","August","B: Evident Injury",61980,"Sign-Controlled Intersection - Other / Unknown",2009,"Yes","No","Daylight","Straight - Grade","NC Route","Dry","Two-Way, Not Divided","None","Four-Way Intersection","Smooth Asphalt",0,0,0,0,0,0,0,"5 lanes",2,0,NA,0,NA
5898,5123,"Fayetteville","Cumberland","Coastal","Residential","Urban (>70% Developed)",NA,"Urban","20 - 25  MPH","Stop Sign","Clear","No",57,"50-59","No",NA,"Facing Traffic","B: Evident Injury","Sidewalk / Crosswalk / Driveway Crossing","White","Male",18,"0-19","No",NA,"21-25 mph","O: No Injury","Black","Female","Passenger Car","No","25AUG2009","Tuesday","Motorist Failed to Yield - Sign-Controlled Intersection",12,"Intersection","August","B: Evident Injury",45360,"Motorist Drive Out - Sign-Controlled Intersection",2009,"Yes","No","Daylight","Straight - Level","Local Street","Dry","Two-Way, Not Divided","None","T-Intersection","Coarse Asphalt",0,0,0,0,0,0,0,"3 lanes",2,0,NA,0,NA
5899,5127,"Charlotte","Mecklenburg","Piedmont","Commercial","Urban (>70% Developed)",NA,"Urban","20 - 25  MPH","Stop Sign","Clear","No",18,"16-19","No",NA,"Facing Traffic","C: Possible Injury","Travel Lane","Black","Male",51,"50-59","No",NA,"21-25 mph","O: No Injury","White","Male","Sport Utility","No","21AUG2009","Friday","Motorist Failed to Yield - Sign-Controlled Intersection",16,"Intersection","August","C: Possible Injury",59280,"Motorist Drive Out - Sign-Controlled Intersection",2009,"No","No","Daylight","Straight - Level","Local Street","Dry","Two-Way, Not Divided","None","T-Intersection","Smooth Asphalt",0,0,0,0,0,0,0,"2 lanes",2,0,NA,0,NA
5900,5129,"Durham","Durham","Piedmont","Residential","Urban (>70% Developed)",NA,"Urban","30 - 35  MPH","Stop Sign","Rain","No",15,"11-15","No",NA,"With Traffic","C: Possible Injury","Travel Lane","White","Male",52,"50-59","No",NA,"31-35 mph","O: No Injury","Black","Male","Sport Utility","No","07SEP2009","Monday","Loss of Control / Turning Error",18,"Intersection","September","C: Possible Injury",65220,"Bicyclist Lost Control - Surface Conditions",2009,"Yes","No","Daylight","Straight - Hillcrest","Local Street","Wet","Two-Way, Not Divided","None","No Special Feature","Coarse Asphalt",0,0,0,0,0,0,0,"2 lanes",2,0,NA,0,NA
5901,7416,"Kannapolis","Rowan","Piedmont","Residential","Urban (>70% Developed)",NA,"Urban","30 - 35  MPH","No Control Present","Clear","No",13,"11-15","No",NA,"With Traffic","C: Possible Injury","Travel Lane","White","Male",NA,NA,"Missing",NA,"6-10 mph","Unknown Injury","Unknown/Missing",NA,NA,"No","30NOV2007","Friday","Loss of Control / Turning Error",20,"Intersection-Related","November","C: Possible Injury",73800,"Motorist Turning Error - Right Turn",2007,"No","Yes","Dark - Roadway Not Lighted","Straight - Grade","Local Street","Dry","Two-Way, Not Divided","None","No Special Feature","Smooth Asphalt",0,0,0,0,0,0,0,"2 lanes",2,0,NA,0,NA
5902,7420,"None - Rural Crash","Brunswick","Coastal","Commercial","Urban (>70% Developed)",NA,"Rural","5 - 15 MPH","No Control Present","Clear","No",45,"40-49","No",NA,NA,"B: Evident Injury","Travel Lane","White","Male",39,"30-39","No",NA,"0-5 mph","O: No Injury","White","Male","Sport Utility","No","01DEC2007","Saturday","Non-Roadway",19,"Non-Roadway","December","B: Evident Injury",70920,"Non-Roadway",2007,"Yes","No","Dark - Lighted Roadway","Straight - Level","Public Vehicular Area","Dry","Two-Way, Not Divided","None","Driveway, Public","Smooth Asphalt",0,0,0,0,0,0,0,NA,2,0,NA,0,NA
5903,7422,"High Point","Guilford","Piedmont","Residential","Urban (>70% Developed)",NA,"Urban","30 - 35  MPH","Stop Sign","Clear","No",6,"6-10","No",NA,"With Traffic","O: No Injury","Travel Lane","White","Male",59,"50-59","No",NA,"11-15 mph","O: No Injury","White","Male","Passenger Car","No","02DEC2007","Sunday","Bicyclist Failed to Yield - Sign-Controlled Intersection",16,"Intersection","December","O: No Injury",57600,"Bicyclist Ride Through - Sign-Controlled Intersection",2007,"No","No","Daylight","Straight - Grade","Public Vehicular Area","Dry","Two-Way, Not Divided","None","T-Intersection","Smooth Asphalt",0,0,0,0,0,0,0,"2 lanes",2,0,NA,0,NA
5904,7429,"Roper","Washington","Coastal","Farms, Woods, Pastures","Rural (<30% Developed)",NA,"Rural","40 - 45  MPH","Double Yellow Line, No Passing Zone","Clear","No",NA,"70+","No",NA,"With Traffic","B: Evident Injury","Bike Lane / Paved Shoulder","White","Male",43,"40-49","No",NA,"31-35 mph","O: No Injury","Black","Male","Pickup","No","05DEC2007","Wednesday","Bicyclist Left Turn / Merge",17,"Non-Intersection","December","B: Evident Injury",61800,"Bicyclist Left Turn - Same Direction",2007,"Yes","No","Dawn","Straight - Level","NC Route","Dry","Two-Way, Not Divided","None","No Special Feature","Smooth Asphalt",0,0,0,0,0,0,0,"2 lanes",2,0,NA,0,NA
5905,7440,"Raleigh","Wake","Piedmont","Residential","Urban (>70% Developed)",NA,"Urban","5 - 15 MPH","No Control Present","Clear","No",8,"6-10","No",NA,NA,"C: Possible Injury","Non-Roadway","White","Male",22,"20-24","No",NA,"0-5 mph","O: No Injury","Black","Female","Passenger Car","No","11DEC2007","Tuesday","Non-Roadway",9,"Non-Roadway","December","C: Possible Injury",35160,"Non-Roadway",2007,"No","No","Daylight","Straight - Level","Public Vehicular Area","Dry","Two-Way, Not Divided","None","No Special Feature","Smooth Asphalt",0,0,0,0,0,0,0,NA,2,0,NA,0,NA
5906,7444,"Wilson","Wilson","Coastal","Commercial","Urban (>70% Developed)",NA,"Urban","30 - 35  MPH","No Control Present","Clear","No",65,"60-69","No",NA,"Not Applicable","B: Evident Injury","Non-Roadway","Black","Male",51,"50-59","No",NA,"21-25 mph","B: Evident Injury","Black","Male","Passenger Car","No","14DEC2007","Friday","Bicyclist Failed to Yield - Midblock",18,"Non-Intersection","December","B: Evident Injury",65820,"Bicyclist Ride Out - Commercial Driveway / Alley",2007,"No","No","Dark - Lighted Roadway","Straight - Level","Public Vehicular Area","Dry","Two-Way, Not Divided","None","No Special Feature","Smooth Asphalt",0,0,0,0,0,0,0,"2 lanes",2,0,NA,0,NA
5907,7451,"Wilson","Wilson","Coastal","Commercial","Urban (>70% Developed)",NA,"Urban","30 - 35  MPH","Stop And Go Signal","Rain","No",14,"11-15","No",NA,NA,"C: Possible Injury",NA,"Black","Male",37,"30-39","No",NA,"6-10 mph","O: No Injury","Black","Female","Passenger Car","No","25DEC2007","Tuesday","Other / Unknown - Insufficient Details",16,"Non-Intersection","December","C: Possible Injury",60660,"Unknown Approach Paths",2007,"No","No","Dark - Lighted Roadway","Straight - Level","Local Street","Wet","Two-Way, Not Divided","None","No Special Feature","Concrete",0,0,0,0,0,0,0,"4 lanes",2,0,NA,0,NA
5908,7454,"None - Rural Crash","New Hanover","Coastal","Commercial","Urban (>70% Developed)",NA,"Rural","40 - 45  MPH","No Control Present","Cloudy","No",24,"20-24","No",NA,"Facing Traffic","O: No Injury","Travel Lane","Black","Male",58,"50-59","No",NA,"0-5 mph","O: No Injury","White","Male","Passenger Car","No","27DEC2007","Thursday","Motorist Failed to Yield - Midblock",9,"Non-Intersection","December","O: No Injury",32400,"Motorist Drive Out - Commercial Driveway / Alley",2007,"No","No","Daylight","Straight - Level","US Route","Dry","Two-Way, Divided, Unprotected Median","None","Driveway, Public","Coarse Asphalt",0,0,0,0,0,0,0,"4 lanes",2,0,NA,0,NA
5909,7462,"Greensboro","Guilford","Piedmont","Commercial","Urban (>70% Developed)",NA,"Urban",NA,"No Control Present","Cloudy","No",40,"40-49","No",NA,"With Traffic","C: Possible Injury","Bike Lane / Paved Shoulder","Black","Male",NA,NA,"Missing",NA,NA,"Unknown Injury","Unknown/Missing",NA,NA,"No","25NOV2007","Sunday","Motorist Overtaking Bicyclist",0,"Non-Intersection","November","C: Possible Injury",600,"Motorist Overtaking - Bicyclist Swerved",2007,"Yes","Yes","Dark - Lighted Roadway","Straight - Level","Local Street","Dry","Two-Way, Divided, Unprotected Median","None","No Special Feature","Smooth Asphalt",0,0,0,0,0,0,0,"7 lanes",2,0,NA,0,NA
5910,7465,"Wilmington","New Hanover","Coastal","Commercial","Urban (>70% Developed)",NA,"Urban","40 - 45  MPH","Stop And Go Signal","Clear","No",49,"40-49","No",NA,"With Traffic","K: Killed","Travel Lane","Black","Male",26,"25-29","No",NA,"36-40 mph","O: No Injury","White","Female","Sport Utility","No","25JAN2007","Thursday","Bicyclist Left Turn / Merge",13,"Intersection","January","K: Killed",49140,"Bicyclist Left Turn - Opposite Direction",2007,"Yes","No","Daylight","Straight - Level","Local Street","Dry","Two-Way, Divided, Unprotected Median",NA,"Driveway, Public","Smooth Asphalt",0,0,0,0,0,0,0,"8 lanes",2,0,NA,0,NA
5911,7466,"Kill Devil Hills","Dare","Coastal","Commercial","Urban (>70% Developed)",NA,"Urban","50 - 55  MPH","No Control Present","Clear","No",20,"20-24","No",NA,"With Traffic","B: Evident Injury","Travel Lane","White","Female",16,"0-19","No",NA,NA,"O: No Injury","White","Male","Sport Utility","No","24JUN2007","Sunday","Parallel Paths - Other Circumstances",2,"Non-Intersection","June","B: Evident Injury",10680,"Parallel Paths - Other / Unknown",2007,"Yes","Yes","Dark - Lighted Roadway","Straight - Level","US Route","Dry","Two-Way, Divided, Unprotected Median","None","No Special Feature","Coarse Asphalt",0,0,0,0,0,0,0,"4 lanes",2,0,NA,0,NA
5912,3003,"None - Rural Crash","Wayne","Coastal","Commercial","Rural (<30% Developed)",NA,"Rural","40 - 45  MPH","Stop And Go Signal","Clear","No",26,"25-29","No",NA,"With Traffic","O: No Injury","Travel Lane","White","Male",32,"30-39","No",NA,"16-20 mph","O: No Injury","Black","Male","Passenger Car","No","20MAY2011","Friday","Loss of Control / Turning Error",8,"Intersection","May","O: No Injury",28920,"Motorist Turning Error - Left Turn",2011,"No","No","Daylight","Straight - Level","State Secondary Route","Dry","Two-Way, Not Divided","None","T-Intersection","Coarse Asphalt",0,0,0,0,0,0,0,"2 lanes",2,0,NA,0,NA
5913,3009,"Asheville","Buncombe","Mountains","Residential","Urban (>70% Developed)",NA,"Urban","30 - 35  MPH","No Control Present","Clear","No",51,"50-59","No",NA,"With Traffic","B: Evident Injury","Travel Lane","White","Female",NA,NA,"Missing",NA,"21-25 mph","Unknown Injury","Unknown/Missing",NA,"Passenger Car","No","12MAY2011","Thursday","Motorist Overtaking Bicyclist",20,"Non-Intersection","May","B: Evident Injury",72840,"Motorist Overtaking - Misjudged Space",2011,"Yes","Yes","Daylight","Straight - Hillcrest","Local Street","Dry","Two-Way, Divided, Unprotected Median","None","No Special Feature","Smooth Asphalt",0,0,0,0,0,0,0,"2 lanes",2,0,NA,0,NA
5914,3016,"Durham","Durham","Piedmont","Residential","Urban (>70% Developed)",NA,"Urban","20 - 25  MPH","No Control Present","Clear","No",4,"0-5","No",NA,"Not Applicable","O: No Injury","Driveway / Alley","Hispanic","Male",38,"30-39","No",NA,"21-25 mph","O: No Injury","Black","Female","Passenger Car","No","24MAY2011","Tuesday","Bicyclist Failed to Yield - Midblock",19,"Non-Intersection","May","O: No Injury",68940,"Bicyclist Ride Out - Residential Driveway",2011,"No","No","Daylight","Straight - Level","Local Street","Dry","Two-Way, Not Divided","None","Driveway, Private","Coarse Asphalt",0,0,0,0,0,0,0,"2 lanes",2,0,NA,0,NA
5915,3026,"Greensboro","Guilford","Piedmont","Residential","Urban (>70% Developed)",NA,"Urban","30 - 35  MPH","Stop Sign","Rain","No",54,"50-59","No",NA,"With Traffic","C: Possible Injury","Travel Lane","Black","Male",16,"0-19","No",NA,"11-15 mph","O: No Injury","White","Female","Passenger Car","No","17MAY2011","Tuesday","Motorist Failed to Yield - Sign-Controlled Intersection",16,"Intersection","May","C: Possible Injury",57660,"Motorist Drive Out - Sign-Controlled Intersection",2011,"Yes","No","Daylight","Straight - Level","Local Street","Wet","Two-Way, Not Divided","None","Four-Way Intersection","Smooth Asphalt",0,0,0,0,0,0,0,"4 lanes",2,0,NA,0,NA
5916,3028,"Henderson","Vance","Piedmont","Residential","Urban (>70% Developed)",NA,"Urban","30 - 35  MPH","Stop Sign","Clear","No",8,"6-10","No",NA,"With Traffic","C: Possible Injury","Travel Lane","Black","Female",19,"0-19","Yes",NA,"31-35 mph","O: No Injury","Black","Male","Pickup","Yes","09MAY2011","Monday","Bicyclist Failed to Yield - Sign-Controlled Intersection",18,"Intersection","May","C: Possible Injury",65520,"Bicyclist Ride Through - Sign-Controlled Intersection",2011,"Yes","No","Daylight","Straight - Level","Local Street","Dry","Two-Way, Not Divided","None","Four-Way Intersection","Coarse Asphalt",0,0,0,0,0,0,0,NA,2,0,NA,0,NA
5917,4514,"Winterville","Pitt","Coastal","Commercial","Mixed (30% To 70% Developed)",NA,"Urban","50 - 55  MPH","Stop And Go Signal","Clear","No",17,"16-19","No",NA,"With Traffic","C: Possible Injury","Travel Lane","Black","Male",29,"25-29","No",NA,"16-20 mph","O: No Injury","White","Female","Sport Utility","No","28OCT2010","Thursday","Bicyclist Failed to Yield - Signalized Intersection",12,"Intersection","October","C: Possible Injury",45600,"Bicyclist Ride Through - Signalized Intersection",2010,"Yes","No","Daylight","Straight - Level","NC Route","Dry","Two-Way, Divided, Unprotected Median","None","Four-Way Intersection","Smooth Asphalt",0,0,0,0,0,0,0,"4 lanes",2,0,NA,0,NA
5918,4515,"None - Rural Crash","Gates","Coastal","Farms, Woods, Pastures","Rural (<30% Developed)",NA,"Rural","50 - 55  MPH","No Control Present","Clear","No",60,"60-69","No",NA,"Facing Traffic","B: Evident Injury","Travel Lane","Black","Male",30,"30-39","No",NA,"51-55 mph","O: No Injury","White","Male","Van","No","10NOV2010","Wednesday","Head-On",16,"Non-Intersection","November","B: Evident Injury",60600,"Head-On - Bicyclist",2010,"Yes","No","Daylight","Straight - Level","State Secondary Route","Dry","Two-Way, Not Divided","None","No Special Feature","Coarse Asphalt",0,0,0,0,0,0,0,"2 lanes",2,0,NA,0,NA
5919,4516,"None - Rural Crash","Onslow","Coastal","Farms, Woods, Pastures","Rural (<30% Developed)",NA,"Rural","40 - 45  MPH","Double Yellow Line, No Passing Zone","Clear","No",63,"60-69","No",NA,"With Traffic","B: Evident Injury","Travel Lane","White","Male",NA,NA,"No",NA,"41-45 mph","Unknown Injury","Unknown/Missing",NA,"Passenger Car","No","08NOV2010","Monday","Motorist Overtaking Bicyclist",22,"Non-Intersection","November","B: Evident Injury",80520,"Motorist Overtaking - Misjudged Space",2010,"Yes","Yes","Dark - Roadway Not Lighted","Straight - Level","State Secondary Route","Dry","Two-Way, Not Divided","None","No Special Feature","Coarse Asphalt",0,0,0,0,0,0,0,"2 lanes",2,0,NA,0,NA
5920,4528,"Andrews","Cherokee","Mountains","Commercial","Mixed (30% To 70% Developed)",NA,"Rural","30 - 35  MPH","No Control Present","Cloudy","No",36,"30-39","No",NA,NA,"Unknown Injury","Sidewalk / Crosswalk / Driveway Crossing","Hispanic","Male",19,"0-19","No",NA,NA,"O: No Injury","White","Male","Pickup","No","14SEP2010","Tuesday","Motorist Failed to Yield - Midblock",20,"Non-Intersection","September","O: No Injury",74100,"Motorist Drive Out - Commercial Driveway / Alley",2010,"No","No","Dark - Lighted Roadway","Straight - Level",NA,"Dry","Two-Way, Divided, Unprotected Median","Other","Other","Smooth Asphalt",0,0,0,0,0,0,0,"2 lanes",2,0,NA,0,NA
5921,4529,"Winston-Salem","Forsyth","Piedmont","Residential","Rural (<30% Developed)",NA,"Urban","30 - 35  MPH","Stop And Go Signal","Clear","No",28,"25-29","Yes",NA,"With Traffic","A: Disabling Injury","Travel Lane","Black","Male",36,"30-39","No",NA,NA,"O: No Injury","White","Male","Passenger Car","Yes","03NOV2010","Wednesday","Motorist Left Turn / Merge",21,"Intersection","November","A: Disabling Injury",76260,"Motorist Left Turn - Opposite Direction",2010,"Yes","No","Dark - Lighted Roadway","Straight - Hillcrest","Local Street","Dry","Two-Way, Not Divided","None","Four-Way Intersection","Smooth Asphalt",0,0,0,0,0,0,0,"2 lanes",2,0,NA,0,NA
5922,4544,"Elizabeth City","Pasquotank","Coastal","Commercial","Urban (>70% Developed)",NA,"Urban","20 - 25  MPH","No Control Present","Clear","No",24,"20-24","No",NA,"Facing Traffic","O: No Injury","Travel Lane","Black","Male",40,"40-49","No",NA,"0-5 mph","O: No Injury","Black","Male","Police","No","21NOV2010","Sunday","Crossing Paths - Other Circumstances",15,"Intersection","November","O: No Injury",56940,"Crossing Paths - Intersection - Other / Unknown",2010,"No","No","Daylight","Straight - Level","Local Street","Dry","Two-Way, Not Divided","None","T-Intersection","Smooth Asphalt",0,0,0,0,0,0,0,"5 lanes",2,0,NA,0,NA
5923,4545,"Asheville","Buncombe","Mountains","Commercial","Urban (>70% Developed)",NA,"Urban","30 - 35  MPH","Stop Sign","Clear","No",33,"30-39","No",NA,"With Traffic","C: Possible Injury","Travel Lane","White","Male",35,"30-39","No",NA,"0-5 mph","O: No Injury","White","Female","Sport Utility","No","12NOV2010","Friday","Motorist Failed to Yield - Sign-Controlled Intersection",13,"Intersection","November","C: Possible Injury",49680,"Motorist Drive Out - Sign-Controlled Intersection",2010,"No","No","Daylight","Straight - Grade","Local Street","Dry","Two-Way, Not Divided","None","T-Intersection","Smooth Asphalt",0,0,0,0,0,0,0,"4 lanes",2,0,NA,0,NA
5924,4552,"Burlington","Alamance","Piedmont","Commercial","Urban (>70% Developed)",NA,"Urban","30 - 35  MPH","Stop Sign","Clear","No",26,"25-29","No",NA,"With Traffic","B: Evident Injury","Travel Lane","Black","Male",36,"30-39","No",NA,"6-10 mph","O: No Injury","Black","Male","Passenger Car","No","11NOV2010","Thursday","Bicyclist Failed to Yield - Sign-Controlled Intersection",8,"Intersection","November","B: Evident Injury",29520,"Bicyclist Ride Out - Sign-Controlled Intersection",2010,"Yes","No","Daylight","Straight - Level","Local Street","Dry","Two-Way, Not Divided","None","Four-Way Intersection","Smooth Asphalt",0,0,0,0,0,0,0,"2 lanes",2,0,NA,0,NA
5925,4555,"Wilmington","New Hanover","Coastal","Residential","Rural (<30% Developed)",NA,"Urban","40 - 45  MPH","No Control Present","Clear","No",25,"25-29","No",NA,"With Traffic","B: Evident Injury","Travel Lane","White","Male",57,"50-59","No",NA,"26-30 mph","O: No Injury","White","Female","Sport Utility","No","07NOV2010","Sunday","Motorist Left Turn / Merge",17,"Intersection","November","B: Evident Injury",63420,"Motorist Left Turn - Opposite Direction",2010,"Yes","No","Dusk","Straight - Level","Local Street","Dry","Two-Way, Not Divided","None","No Special Feature","Smooth Asphalt",0,0,0,0,0,0,0,"2 lanes",2,0,NA,0,NA
5926,4559,"None - Rural Crash","Dare","Coastal","Residential","Mixed (30% To 70% Developed)",NA,"Rural","20 - 25  MPH","Double Yellow Line, No Passing Zone","Cloudy","No",10,"6-10","No",NA,"With Traffic","A: Disabling Injury","Travel Lane","White","Male",46,"40-49","No",NA,"16-20 mph","O: No Injury","White","Male","Van","No","30NOV2010","Tuesday","Bicyclist Failed to Yield - Sign-Controlled Intersection",16,"Intersection","November","A: Disabling Injury",58920,"Bicyclist Ride Through - Sign-Controlled Intersection",2010,"Yes","No","Daylight","Straight - Level","Public Vehicular Area","Dry","Two-Way, Not Divided","None","Four-Way Intersection","Coarse Asphalt",0,0,0,0,0,0,0,"2 lanes",2,0,NA,0,NA
5927,4564,"None - Rural Crash","New Hanover","Coastal","Residential","Urban (>70% Developed)",NA,"Rural","30 - 35  MPH","No Control Present","Cloudy","No",15,"11-15","No",NA,"Facing Traffic","C: Possible Injury","Travel Lane","White","Male",NA,"70+","No",NA,"11-15 mph","O: No Injury","White","Female","Passenger Car","No","29NOV2010","Monday","Head-On",16,"Non-Intersection","November","C: Possible Injury",57600,"Head-On - Bicyclist",2010,"No","No","Daylight","Curve - Level","State Secondary Route","Dry","Two-Way, Not Divided","None","No Special Feature","Smooth Asphalt",0,0,0,0,0,0,0,"2 lanes",2,0,NA,0,NA
5928,4570,"Asheville","Buncombe","Mountains","Commercial","Urban (>70% Developed)",NA,"Urban","30 - 35  MPH","Flashing Stop And Go Signal","Clear","No",39,"30-39","No",NA,"With Traffic","B: Evident Injury","Travel Lane","White","Male",57,"50-59","No",NA,"21-25 mph","O: No Injury","White","Male","Van","No","21NOV2010","Sunday","Motorist Left Turn / Merge",18,"Intersection","November","B: Evident Injury",65580,"Motorist Left Turn - Opposite Direction",2010,"Yes","No","Dark - Lighted Roadway",NA,"Local Street","Dry","Two-Way, Not Divided","None","Related To Intersection","Smooth Asphalt",0,0,0,0,0,0,0,"5 lanes",2,0,NA,0,NA
5929,4572,"Henderson","Vance","Piedmont","Residential","Mixed (30% To 70% Developed)",NA,"Urban","20 - 25  MPH","Stop Sign","Clear","No",NA,NA,"No",NA,"Facing Traffic","O: No Injury","Travel Lane","Black","Male",68,"60-69","No",NA,"26-30 mph","O: No Injury","White","Female","Passenger Car","No","14NOV2010","Sunday","Motorist Failed to Yield - Sign-Controlled Intersection",12,"Intersection","November","O: No Injury",44580,"Motorist Drive Out - Sign-Controlled Intersection",2010,"No","No","Daylight","Straight - Grade","Local Street","Dry","Two-Way, Not Divided","None","No Special Feature","Smooth Asphalt",0,0,0,0,0,0,0,"2 lanes",2,0,NA,0,NA
5930,4590,"Hendersonville","Henderson","Mountains","Commercial","Urban (>70% Developed)",NA,"Urban","30 - 35  MPH","No Control Present","Clear","No",47,"40-49","No",NA,"Facing Traffic","C: Possible Injury","Sidewalk / Crosswalk / Driveway Crossing","White","Male",63,"60-69","No",NA,NA,"O: No Injury","White","Male","Passenger Car","No","23NOV2010","Tuesday","Motorist Failed to Yield - Midblock",11,"Non-Intersection","November","C: Possible Injury",42540,"Motorist Drive Out - Commercial Driveway / Alley",2010,"Yes","No","Daylight","Straight - Level","Local Street","Dry","One-Way, Not Divided","None","No Special Feature","Coarse Asphalt",0,0,0,0,0,0,0,"3 lanes",2,0,NA,0,NA
5931,4591,"Wilmington","New Hanover","Coastal","Commercial","Urban (>70% Developed)",NA,"Urban","40 - 45  MPH","Stop And Go Signal","Clear","No",32,"30-39","No",NA,"With Traffic","C: Possible Injury","Travel Lane","White","Male",68,"60-69","No",NA,"41-45 mph","O: No Injury","White","Male","Sport Utility","No","03DEC2010","Friday","Motorist Left Turn / Merge",16,"Intersection","December","C: Possible Injury",59040,"Motorist Left Turn - Opposite Direction",2010,"Yes","No","Daylight","Straight - Level","Local Street","Dry","Two-Way, Not Divided","None","No Special Feature","Smooth Asphalt",0,0,0,0,0,0,0,"9 or more lanes",2,0,NA,0,NA
5932,4592,"Davidson","Mecklenburg","Piedmont","Residential","Urban (>70% Developed)",NA,"Urban","20 - 25  MPH","No Control Present","Clear","No",34,"30-39","No",NA,"With Traffic","B: Evident Injury","Travel Lane","White","Male",52,"50-59","No",NA,"21-25 mph","O: No Injury","White","Male","Sport Utility","No","02DEC2010","Thursday","Motorist Overtaking Bicyclist",12,"Non-Intersection","December","B: Evident Injury",44640,"Motorist Overtaking - Misjudged Space",2010,"No","No","Daylight","Straight - Hillcrest","Local Street","Dry","Two-Way, Not Divided","None","No Special Feature","Smooth Asphalt",0,0,0,0,0,0,0,"2 lanes",3,0,NA,0,NA
5933,4595,"Cary","Wake","Piedmont","Residential","Urban (>70% Developed)",NA,"Urban","20 - 25  MPH","Stop Sign","Clear","No",44,"40-49","Yes",NA,"Facing Traffic","C: Possible Injury","Sidewalk / Crosswalk / Driveway Crossing","Black","Male",43,"40-49","No",NA,"0-5 mph","O: No Injury","Asian","Male","Passenger Car","Yes","14DEC2010","Tuesday","Motorist Failed to Yield - Sign-Controlled Intersection",10,"Intersection","December","C: Possible Injury",36240,"Motorist Drive Out - Sign-Controlled Intersection",2010,"Yes","No","Daylight","Straight - Grade","NC Route","Dry","Two-Way, Divided, Unprotected Median","None","T-Intersection","Smooth Asphalt",0,0,0,0,0,0,0,"4 lanes",2,0,NA,0,NA
5934,4600,"None - Rural Crash","Buncombe","Mountains","Commercial","Rural (<30% Developed)",NA,"Rural","20 - 25  MPH","Double Yellow Line, No Passing Zone","Clear","No",22,"20-24","No",NA,"With Traffic","C: Possible Injury","Travel Lane","White","Male",NA,NA,"No",NA,"21-25 mph","Unknown Injury","Unknown/Missing",NA,"Passenger Car","No","19DEC2010","Sunday","Bicyclist Left Turn / Merge",14,"Non-Intersection","December","C: Possible Injury",50640,"Bicyclist Left Turn - Same Direction",2010,"No","Yes","Daylight","Straight - Grade","State Secondary Route","Dry","Two-Way, Not Divided","None","Driveway, Public","Smooth Asphalt",0,0,0,0,0,0,0,"2 lanes",2,0,NA,0,NA
5935,4605,"Rocky Mount","Nash","Coastal","Residential","Urban (>70% Developed)",NA,"Urban","30 - 35  MPH","Stop Sign","Rain","No",21,"20-24","No",NA,"Facing Traffic","B: Evident Injury","Travel Lane","Black","Male",38,"30-39","No",NA,NA,"O: No Injury","White","Female","Sport Utility","No","16NOV2010","Tuesday","Motorist Failed to Yield - Sign-Controlled Intersection",15,"Intersection","November","B: Evident Injury",57240,"Motorist Drive Out - Sign-Controlled Intersection",2010,"Yes","No","Daylight","Straight - Level","Local Street","Wet","Two-Way, Not Divided","None","Four-Way Intersection","Smooth Asphalt",0,0,0,0,0,0,0,"2 lanes",2,0,NA,0,NA
5936,4609,"None - Rural Crash","Forsyth","Piedmont","Farms, Woods, Pastures","Rural (<30% Developed)",NA,"Rural","40 - 45  MPH","Double Yellow Line, No Passing Zone","Clear","No",15,"11-15","No",NA,"With Traffic","B: Evident Injury","Bike Lane / Paved Shoulder","White","Male",25,"25-29","No",NA,"36-40 mph","O: No Injury","White","Male","Passenger Car","No","23DEC2010","Thursday","Motorist Overtaking Bicyclist",18,"Non-Intersection","December","B: Evident Injury",65940,"Motorist Overtaking - Other / Unknown",2010,"Yes","No","Dark - Roadway Not Lighted","Straight - Level","State Secondary Route","Dry","Two-Way, Not Divided","None","No Special Feature","Coarse Asphalt",0,0,0,0,0,0,0,"2 lanes",2,0,NA,0,NA
5937,4623,"Wilson","Wilson","Coastal","Commercial","Urban (>70% Developed)",NA,"Urban","30 - 35  MPH","No Control Present","Clear","No",41,"40-49","No",NA,"Facing Traffic","B: Evident Injury","Travel Lane","Black","Male",54,"50-59","No",NA,"0-5 mph","O: No Injury","White","Male","Passenger Car","No","30NOV2010","Tuesday","Motorist Failed to Yield - Midblock",13,"Non-Intersection","November","B: Evident Injury",49980,"Motorist Drive Out - Other Midblock",2010,"No","No","Daylight","Curve - Level","Public Vehicular Area","Dry","Two-Way, Not Divided","None","Driveway, Public","Coarse Asphalt",0,0,0,0,0,0,0,"2 lanes",2,0,NA,0,NA