"...1","object_id","city","county","region","development","locality","on_road","rural_urban","speed_limit","traffic_control","weather","workzone","bike_age","bike_age_group","bike_alcohol","bike_alcohol_drugs","bike_direction","bike_injury","bike_position","bike_race","bike_sex","driver_age","driver_age_group","driver_alcohol","driver_alcohol_drugs","driver_est_speed","driver_injury","driver_race","driver_sex","driver_vehicle_type","crash_alcohol","crash_date","crash_day","crash_group","crash_hour","crash_location","crash_month","crash_severity","crash_time","crash_type","crash_year","ambulance_req","hit_run","light_condition","road_character","road_class","road_condition","road_configuration","road_defects","road_feature","road_surface","num_bikes_ai","num_bikes_bi","num_bikes_ci","num_bikes_ki","num_bikes_no","num_bikes_to","num_bikes_ui","num_lanes","num_units","distance_mi_from","frm_road","rte_invd_cd","towrd_road"
5938,4624,"Wilson","Wilson","Coastal","Residential","Urban (>70% Developed)",NA,"Urban","30 - 35  MPH","No Control Present","Clear","No",42,"40-49","No",NA,"With Traffic","B: Evident Injury","Travel Lane","White","Male",NA,NA,"Missing",NA,"36-40 mph","Unknown Injury","Unknown/Missing",NA,NA,"No","24NOV2010","Wednesday","Motorist Overtaking Bicyclist",11,"Non-Intersection","November","B: Evident Injury",42120,"Motorist Overtaking - Other / Unknown",2010,"Yes","Yes","Daylight","Straight - Level","Local Street","Dry","Two-Way, Not Divided","None","No Special Feature","Coarse Asphalt",0,0,0,0,0,0,0,"2 lanes",2,0,NA,0,NA
5939,4631,"Weldon","Halifax","Coastal","Residential","Mixed (30% To 70% Developed)",NA,"Rural","40 - 45  MPH","No Control Present","Clear","No",47,"40-49","No",NA,"Facing Traffic","C: Possible Injury","Bike Lane / Paved Shoulder","Black","Male",NA,"70+","No",NA,"41-45 mph","O: No Injury","Black","Female","Passenger Car","No","28OCT2010","Thursday","Loss of Control / Turning Error",11,"Non-Intersection","October","C: Possible Injury",41820,"Motorist Lost Control - Mechanical Problems",2010,"No","No","Daylight","Straight - Level","Local Street","Dry","Two-Way, Not Divided","None","Driveway, Public","Smooth Asphalt",0,0,0,0,0,0,0,"2 lanes",2,0,NA,0,NA
5940,4632,"Concord","Cabarrus","Piedmont","Commercial","Urban (>70% Developed)",NA,"Urban","20 - 25  MPH","Stop Sign","Clear","No",35,"30-39","No",NA,"Facing Traffic","C: Possible Injury","Travel Lane","White","Male",NA,NA,"No",NA,"0-5 mph","Unknown Injury","Unknown/Missing",NA,"Light Truck (Mini-Van, Panel)","No","20JAN2010","Wednesday","Motorist Failed to Yield - Sign-Controlled Intersection",16,"Intersection","January","C: Possible Injury",60420,"Motorist Drive Out - Sign-Controlled Intersection",2010,"No","Yes","Daylight","Straight - Level","Local Street","Dry","Two-Way, Not Divided","None","T-Intersection","Smooth Asphalt",0,0,0,0,0,0,0,"2 lanes",2,0,NA,0,NA
5941,4646,"Fayetteville","Cumberland","Coastal","Commercial","Urban (>70% Developed)",NA,"Urban","30 - 35  MPH","Stop And Go Signal","Clear","No",53,"50-59","No",NA,"Facing Traffic","C: Possible Injury","Sidewalk / Crosswalk / Driveway Crossing","Black","Male",NA,"70+","No",NA,"31-35 mph","O: No Injury","Native American","Male","Pickup","No","21JAN2009","Wednesday","Bicyclist Failed to Yield - Signalized Intersection",13,"Intersection","January","C: Possible Injury",48720,"Bicyclist Ride Through - Signalized Intersection",2009,"Yes","No","Daylight","Straight - Level","Local Street","Snow","Two-Way, Divided, Unprotected Median","None","Four-Way Intersection","Coarse Asphalt",0,0,0,0,0,0,0,"3 lanes",2,0,NA,0,NA
5942,4656,"None - Rural Crash","Hertford","Coastal","Commercial","Rural (<30% Developed)",NA,"Rural","50 - 55  MPH","Double Yellow Line, No Passing Zone","Clear","No",21,"20-24","No",NA,"With Traffic","C: Possible Injury","Bike Lane / Paved Shoulder","Black","Male",NA,"70+","No",NA,"51-55 mph","O: No Injury","White","Male","Sport Utility","No","09FEB2009","Monday","Motorist Overtaking Bicyclist",18,"Non-Intersection","February","C: Possible Injury",68280,"Motorist Overtaking - Misjudged Space",2009,"Yes","No","Dark - Roadway Not Lighted","Curve - Level","NC Route","Dry","Two-Way, Not Divided","None","No Special Feature","Coarse Asphalt",0,0,0,0,0,0,0,"2 lanes",2,0,NA,0,NA
5943,4668,"Jacksonville","Onslow","Coastal","Commercial","Mixed (30% To 70% Developed)",NA,"Urban","20 - 25  MPH","No Control Present","Clear","No",18,"16-19","No",NA,"With Traffic","C: Possible Injury","Travel Lane","White","Male",NA,NA,"No",NA,NA,"Unknown Injury","Unknown/Missing",NA,NA,"No","25JAN2009","Sunday","Parallel Paths - Other Circumstances",22,"Non-Intersection","January","C: Possible Injury",80520,"Parallel Paths - Other / Unknown",2009,"Yes","Yes","Dark - Lighted Roadway","Curve - Level","Local Street","Dry","Two-Way, Divided, Unprotected Median","None","No Special Feature","Smooth Asphalt",0,0,0,0,0,0,0,"2 lanes",2,0,NA,0,NA
5944,4672,"Raleigh","Wake","Piedmont","Commercial","Urban (>70% Developed)",NA,"Urban","30 - 35  MPH","Stop And Go Signal","Clear","No",49,"40-49","Yes",NA,"Facing Traffic","O: No Injury","Sidewalk / Crosswalk / Driveway Crossing","Black","Male",24,"20-24","No",NA,"31-35 mph","O: No Injury","White","Male","Passenger Car","Yes","09JAN2009","Friday","Motorist Failed to Yield - Signalized Intersection",20,"Intersection","January","O: No Injury",73740,"Motorist Drive Out - Signalized Intersection",2009,"Yes","No","Dark - Lighted Roadway","Straight - Level","Local Street","Dry","Two-Way, Not Divided","None","No Special Feature","Smooth Asphalt",0,0,0,0,0,0,0,"2 lanes",2,0,NA,0,NA
5945,4680,"Goldsboro","Wayne","Coastal","Commercial","Urban (>70% Developed)",NA,"Urban","20 - 25  MPH","Stop And Go Signal","Clear","No",43,"40-49","No",NA,"Facing Traffic","C: Possible Injury","Bike Lane / Paved Shoulder","White","Male",NA,"70+","No",NA,"21-25 mph","O: No Injury","White","Female","Passenger Car","No","11FEB2009","Wednesday","Bicyclist Failed to Yield - Signalized Intersection",17,"Intersection","February","C: Possible Injury",61800,"Bicyclist Ride Out - Signalized  Intersection",2009,"Yes","No","Daylight","Straight - Level","Local Street","Dry","Two-Way, Not Divided","None","No Special Feature","Coarse Asphalt",0,0,0,0,0,0,0,"6 lanes",2,0,NA,0,NA
5946,4682,"None - Rural Crash","New Hanover","Coastal","Residential","Urban (>70% Developed)",NA,"Rural","30 - 35  MPH","No Control Present","Clear","No",66,"60-69","No",NA,"With Traffic","C: Possible Injury","Travel Lane","White","Female",NA,"70+","No",NA,"11-15 mph","O: No Injury","White","Male","Pickup","No","13FEB2009","Friday","Motorist Failed to Yield - Sign-Controlled Intersection",16,"Intersection","February","C: Possible Injury",58200,"Motorist Drive Out - Sign-Controlled Intersection",2009,"Yes","No","Daylight","Straight - Level","State Secondary Route","Dry","Two-Way, Divided, Positive Median Barrier","None","No Special Feature","Coarse Asphalt",0,0,0,0,0,0,0,"2 lanes",2,0,NA,0,NA
5947,4683,"Gastonia","Gaston","Piedmont","Commercial","Urban (>70% Developed)",NA,"Urban",NA,"No Control Present","Clear","No",53,"50-59","No",NA,"With Traffic","O: No Injury","Travel Lane","White","Male",34,"30-39","Yes",NA,NA,"B: Evident Injury","White","Male","Pedestrian","Yes","09JAN2009","Friday","Motorist Overtaking Bicyclist",20,"Non-Intersection","January","B: Evident Injury",72900,"Motorist Overtaking - Other / Unknown",2009,"Yes","No","Dark - Roadway Not Lighted","Straight - Level","US Route","Dry","Two-Way, Divided, Positive Median Barrier","None","No Special Feature","Smooth Asphalt",0,0,0,0,0,0,0,"4 lanes",3,0,NA,0,NA
5948,4685,"Kinston","Lenoir","Coastal","Commercial","Urban (>70% Developed)",NA,"Urban","30 - 35  MPH","No Control Present","Clear","No",10,"6-10","No",NA,"With Traffic","O: No Injury","Travel Lane","Black","Female",29,"25-29","No",NA,"31-35 mph","B: Evident Injury","Black","Female","Motorcycle","No","07MAR2009","Saturday","Motorist Overtaking Bicyclist",12,"Non-Intersection","March","B: Evident Injury",46380,"Motorist Overtaking - Other / Unknown",2009,"Yes","No","Daylight","Curve - Level","Local Street","Dry","Two-Way, Not Divided","None","T-Intersection","Smooth Asphalt",0,0,0,0,0,0,0,"2 lanes",2,0,NA,0,NA
5949,4688,"Concord","Cabarrus","Piedmont","Commercial","Urban (>70% Developed)",NA,"Urban","40 - 45  MPH","No Control Present","Clear","No",24,"20-24","No",NA,"Facing Traffic","C: Possible Injury","Sidewalk / Crosswalk / Driveway Crossing","Black","Male",NA,"70+","No",NA,"0-5 mph","O: No Injury","White","Male","Pickup","No","17FEB2009","Tuesday","Motorist Failed to Yield - Midblock",15,"Non-Intersection","February","C: Possible Injury",55500,"Motorist Drive Out - Commercial Driveway / Alley",2009,"Yes","No","Daylight","Straight - Level","US Route","Dry","Two-Way, Divided, Unprotected Median","None","T-Intersection","Coarse Asphalt",0,0,0,0,0,0,0,"4 lanes",2,0,NA,0,NA
5950,4689,"Winston-Salem","Forsyth","Piedmont","Commercial","Urban (>70% Developed)",NA,"Urban","30 - 35  MPH","No Control Present","Clear","No",58,"50-59","No",NA,"With Traffic","A: Disabling Injury","Travel Lane","White","Male",51,"50-59","No",NA,"31-35 mph","O: No Injury","White","Female","Passenger Car","No","21FEB2009","Saturday","Motorist Overtaking Bicyclist",19,"Non-Intersection","February","A: Disabling Injury",70740,"Motorist Overtaking - Other / Unknown",2009,"Yes","No","Dark - Lighted Roadway","Straight - Level","Local Street","Dry","Two-Way, Not Divided","None","No Special Feature","Smooth Asphalt",0,0,0,0,0,0,0,"4 lanes",2,0,NA,0,NA
5951,4703,"None - Rural Crash","Forsyth","Piedmont","Farms, Woods, Pastures","Rural (<30% Developed)",NA,"Rural","40 - 45  MPH","Stop Sign","Clear","No",43,"40-49","No",NA,"With Traffic","B: Evident Injury","Travel Lane","White","Male",33,"30-39","No",NA,"0-5 mph","O: No Injury","White","Male","Passenger Car","No","23MAR2009","Monday","Motorist Failed to Yield - Sign-Controlled Intersection",17,"Intersection","March","B: Evident Injury",61200,"Motorist Drive Out - Sign-Controlled Intersection",2009,"No","No","Daylight","Straight - Level","State Secondary Route","Dry","Two-Way, Not Divided","None","T-Intersection","Smooth Asphalt",0,0,0,0,0,0,0,"2 lanes",2,0,NA,0,NA
5952,4708,"Wilson","Wilson","Coastal","Residential","Urban (>70% Developed)",NA,"Urban","30 - 35  MPH","Stop Sign","Snow, Sleet, Hail, Freezing Rain/Drizzle","No",63,"60-69","No",NA,"Facing Traffic","O: No Injury","Travel Lane","Black","Male",16,"0-19","No",NA,NA,"O: No Injury","White","Male","Passenger Car","No","02MAR2009","Monday","Motorist Failed to Yield - Sign-Controlled Intersection",9,"Intersection","March","O: No Injury",35400,"Motorist Drive Out - Sign-Controlled Intersection",2009,"No","No","Daylight","Straight - Level","Local Street","Ice","Two-Way, Not Divided","None","T-Intersection","Coarse Asphalt",0,0,0,0,0,0,0,"5 lanes",2,0,NA,0,NA
5953,4711,"Rocky Mount","Nash","Coastal","Commercial","Urban (>70% Developed)",NA,"Urban","40 - 45  MPH","No Control Present","Clear","No",45,"40-49","No",NA,"With Traffic","B: Evident Injury","Bike Lane / Paved Shoulder","White","Male",NA,NA,"Missing",NA,"31-35 mph","Unknown Injury","Unknown/Missing",NA,NA,"No","07FEB2009","Saturday","Motorist Overtaking Bicyclist",8,"Non-Intersection","February","B: Evident Injury",31920,"Motorist Overtaking - Other / Unknown",2009,"No","Yes","Dark - Lighted Roadway","Straight - Level","US Route","Dry","Two-Way, Divided, Unprotected Median","None","No Special Feature","Coarse Asphalt",0,0,0,0,0,0,0,"2 lanes",2,0,NA,0,NA
5954,4715,"Wilmington","New Hanover","Coastal","Residential","Urban (>70% Developed)",NA,"Urban","20 - 25  MPH","No Control Present","Cloudy","No",27,"25-29","No",NA,"With Traffic","O: No Injury","Sidewalk / Crosswalk / Driveway Crossing","Black","Male",23,"20-24","No",NA,"0-5 mph","O: No Injury","White","Male","Passenger Car","No","14MAR2009","Saturday","Bicyclist Overtaking Motorist",20,"Intersection-Related","March","O: No Injury",74580,"Bicyclist Overtaking - Other / Unknown",2009,"No","No","Dark - Lighted Roadway","Straight - Level","Local Street","Dry","Two-Way, Divided, Unprotected Median","None","No Special Feature","Coarse Asphalt",0,0,0,0,0,0,0,"2 lanes",2,0,NA,0,NA
5955,4716,"Greensboro","Guilford","Piedmont","Commercial","Urban (>70% Developed)",NA,"Urban","20 - 25  MPH","No Control Present","Clear","No",20,"20-24","No",NA,"Not Applicable","C: Possible Injury","Non-Roadway","Black","Female",20,"20-24","No",NA,NA,"C: Possible Injury","Black","Female","Passenger Car","No","22MAR2009","Sunday","Non-Roadway",19,"Non-Roadway","March","C: Possible Injury",69300,"Non-Roadway",2009,"Yes","Yes","Daylight","Straight - Level","Public Vehicular Area","Dry",NA,"None","Driveway, Public","Smooth Asphalt",0,0,0,0,0,0,0,NA,2,0,NA,0,NA
5956,4724,"Greensboro","Guilford","Piedmont","Residential","Urban (>70% Developed)",NA,"Urban","30 - 35  MPH","Stop And Go Signal","Rain","No",24,"20-24","No",NA,"With Traffic","B: Evident Injury","Travel Lane","White","Male",60,"60-69","No",NA,"11-15 mph","O: No Injury","White","Male","Single Unit Truck (2-Axle, 6-Tire)","No","25MAR2009","Wednesday","Motorist Left Turn / Merge",15,"Intersection","March","B: Evident Injury",55260,"Motorist Left Turn - Opposite Direction",2009,"No","No","Daylight","Straight - Level","Local Street","Wet","Two-Way, Not Divided","None","T-Intersection","Smooth Asphalt",0,0,0,0,0,0,0,"7 lanes",2,0,NA,0,NA
5957,4725,"Morehead City","Carteret","Coastal","Commercial","Rural (<30% Developed)",NA,"Urban","5 - 15 MPH","No Control Present","Clear","No",12,"11-15","No",NA,"Facing Traffic","O: No Injury","Sidewalk / Crosswalk / Driveway Crossing","White","Male",63,"60-69","No",NA,"6-10 mph","O: No Injury","White","Female","Van","No","21MAR2009","Saturday","Motorist Failed to Yield - Midblock",11,"Non-Intersection","March","O: No Injury",41520,"Motorist Drive Out - Commercial Driveway / Alley",2009,"No","No","Daylight","Straight - Level",NA,"Dry","Two-Way, Divided, Unprotected Median","None","No Special Feature","Smooth Asphalt",0,0,0,0,0,0,0,NA,2,0,NA,0,NA
5958,4728,"None - Rural Crash","Caldwell","Mountains","Residential","Rural (<30% Developed)",NA,"Rural","5 - 15 MPH","No Control Present","Clear","No",10,"6-10","No",NA,"Not Applicable","C: Possible Injury","Driveway / Alley","White","Male",33,"30-39","No",NA,"0-5 mph","O: No Injury","White","Female","Van","No","03APR2009","Friday","Non-Roadway",18,"Non-Roadway","April","C: Possible Injury",64920,"Non-Roadway",2009,"No","No","Daylight","Straight - Grade","Private Road, Driveway","Dry","One-Way, Not Divided","None","Driveway, Public","Gravel",0,0,0,0,0,0,0,"1 lane",2,0,NA,0,NA
5959,4730,"Greensboro","Guilford","Piedmont","Commercial","Urban (>70% Developed)",NA,"Urban","30 - 35  MPH","Stop And Go Signal","Clear","No",13,"11-15","No",NA,"Facing Traffic","C: Possible Injury","Sidewalk / Crosswalk / Driveway Crossing","White","Male",39,"30-39","No",NA,"0-5 mph","O: No Injury","White","Male","Passenger Car","No","31MAR2009","Tuesday","Bicyclist Failed to Yield - Signalized Intersection",17,"Intersection","March","C: Possible Injury",62340,"Bicyclist Ride Through - Signalized Intersection",2009,"Yes","No","Daylight","Straight - Level","Local Street","Dry","Two-Way, Not Divided","None","Four-Way Intersection","Smooth Asphalt",0,0,0,0,0,0,0,"3 lanes",2,0,NA,0,NA
5960,4732,"Raleigh","Wake","Piedmont","Residential","Urban (>70% Developed)",NA,"Urban","20 - 25  MPH","Stop Sign","Cloudy","No",12,"11-15","No",NA,"Facing Traffic","C: Possible Injury","Travel Lane","White","Male",56,"50-59","No",NA,"21-25 mph","O: No Injury","Black","Female","Passenger Car","No","27FEB2009","Friday","Crossing Paths - Other Circumstances",17,"Intersection","February","C: Possible Injury",63660,"Sign-Controlled Intersection - Other / Unknown",2009,"Yes","No","Dusk","Curve - Grade","Local Street","Dry","Two-Way, Not Divided","Other","T-Intersection","Coarse Asphalt",0,0,0,0,0,0,0,"2 lanes",2,0,NA,0,NA
5961,4735,"Washington","Beaufort","Coastal","Residential","Urban (>70% Developed)",NA,"Urban","30 - 35  MPH","No Control Present","Clear","No",21,"20-24","No",NA,"Facing Traffic","O: No Injury","Travel Lane","Black","Male",53,"50-59","No",NA,"6-10 mph","O: No Injury","Black","Female","Passenger Car","No","19MAR2009","Thursday","Motorist Overtaking Bicyclist",16,"Non-Intersection","March","O: No Injury",59460,"Motorist Overtaking - Other / Unknown",2009,"No","No","Daylight","Straight - Level","Local Street","Dry","Two-Way, Not Divided","None","No Special Feature","Coarse Asphalt",0,0,0,0,0,0,0,"1 lane",2,0,NA,0,NA
5962,4739,"None - Rural Crash","Rowan","Piedmont","Farms, Woods, Pastures","Rural (<30% Developed)",NA,"Rural","50 - 55  MPH","No Control Present","Clear","No",22,"20-24","No",NA,"With Traffic","A: Disabling Injury","Travel Lane","White","Male",21,"20-24","No",NA,"51-55 mph","O: No Injury","White","Male","Light Truck (Mini-Van, Panel)","No","04APR2009","Saturday","Motorist Overtaking Bicyclist",11,"Non-Intersection","April","A: Disabling Injury",41700,"Motorist Overtaking - Bicyclist Swerved",2009,"Yes","No","Daylight","Straight - Level","State Secondary Route","Dry","Two-Way, Not Divided","None","No Special Feature","Smooth Asphalt",0,0,0,0,0,0,0,"2 lanes",2,0,NA,0,NA
5963,4740,"None - Rural Crash","Forsyth","Piedmont","Farms, Woods, Pastures","Mixed (30% To 70% Developed)",NA,"Rural","50 - 55  MPH","Double Yellow Line, No Passing Zone","Clear","No",38,"30-39","No",NA,"With Traffic","A: Disabling Injury","Travel Lane","White","Male",38,"30-39","No",NA,"41-45 mph","O: No Injury","White","Male","Passenger Car","No","20MAR2009","Friday","Motorist Overtaking Bicyclist",20,"Non-Intersection","March","A: Disabling Injury",72600,"Motorist Overtaking - Other / Unknown",2009,"Yes","No","Dusk","Straight - Level","NC Route","Dry","Two-Way, Not Divided","None","No Special Feature","Smooth Asphalt",0,0,0,0,0,0,0,"2 lanes",2,0,NA,0,NA
5964,4744,"Raleigh","Wake","Piedmont","Institutional","Urban (>70% Developed)",NA,"Urban","20 - 25  MPH","Other","Clear","No",27,"25-29","No",NA,"With Traffic","A: Disabling Injury","Travel Lane","White","Female",NA,NA,"Missing",NA,"6-10 mph","Unknown Injury","Unknown/Missing",NA,NA,"No","03APR2009","Friday","Bicyclist Overtaking Motorist",9,"Intersection","April","A: Disabling Injury",34020,"Bicyclist Overtaking - Passing on Right",2009,"No","Yes","Daylight","Straight - Level","Local Street","Wet","Two-Way, Not Divided","None","No Special Feature","Smooth Asphalt",0,0,0,0,0,0,0,"2 lanes",2,0,NA,0,NA
5965,4750,"Rocky Mount","Nash","Coastal","Residential","Urban (>70% Developed)",NA,"Urban","30 - 35  MPH","No Control Present","Clear","No",14,"11-15","No",NA,NA,"B: Evident Injury",NA,"Black","Male",NA,NA,"No",NA,"11-15 mph","Unknown Injury","Unknown/Missing",NA,"Passenger Car","No","20MAR2009","Friday","Other / Unknown - Insufficient Details",19,"Unknown Location","March","B: Evident Injury",71700,"Unknown Location",2009,"Yes","Yes","Dark - Roadway Not Lighted","Straight - Level","Local Street","Dry","Two-Way, Not Divided","None","No Special Feature","Coarse Asphalt",0,0,0,0,0,0,0,"2 lanes",3,0,NA,0,NA
5966,4753,"Raleigh","Wake","Piedmont","Commercial","Urban (>70% Developed)",NA,"Urban","20 - 25  MPH","Stop Sign","Clear","No",17,"16-19","No",NA,"Facing Traffic","O: No Injury","Sidewalk / Crosswalk / Driveway Crossing","Asian","Male",24,"20-24","No",NA,NA,"O: No Injury","White","Female","Passenger Car","No","04MAR2009","Wednesday","Motorist Failed to Yield - Sign-Controlled Intersection",16,"Intersection","March","O: No Injury",60480,"Motorist Drive Out - Sign-Controlled Intersection",2009,"No","No","Daylight","Straight - Level","Local Street","Dry","Two-Way, Not Divided","None","T-Intersection","Smooth Asphalt",0,0,0,0,0,0,0,"2 lanes",2,0,NA,0,NA
5967,4762,"Raleigh","Wake","Piedmont","Residential","Urban (>70% Developed)",NA,"Urban","20 - 25  MPH","Stop Sign","Clear","No",36,"30-39","No",NA,"Facing Traffic","C: Possible Injury","Travel Lane","Asian","Male",28,"25-29","No",NA,"0-5 mph","O: No Injury","White","Female","Passenger Car","No","23MAR2009","Monday","Motorist Failed to Yield - Sign-Controlled Intersection",7,"Intersection","March","C: Possible Injury",27480,"Motorist Drive Out - Sign-Controlled Intersection",2009,"No","No","Daylight","Straight - Level","Local Street","Dry","Two-Way, Not Divided","None","Four-Way Intersection","Smooth Asphalt",0,0,0,0,0,0,0,"3 lanes",2,0,NA,0,NA
5968,4763,"Raleigh","Wake","Piedmont","Residential","Urban (>70% Developed)",NA,"Urban","30 - 35  MPH","Stop And Go Signal","Clear","No",43,"40-49","Yes",NA,"With Traffic","C: Possible Injury","Travel Lane","Black","Male",49,"40-49","Yes",NA,"0-5 mph","O: No Injury","Black","Male","Passenger Car","Yes","20MAR2009","Friday","Parallel Paths - Other Circumstances",23,"Intersection","March","C: Possible Injury",85740,"Parallel Paths - Other / Unknown",2009,"Yes","No","Dark - Lighted Roadway","Straight - Level","Local Street","Dry","One-Way, Not Divided","None","Four-Way Intersection","Concrete",0,0,0,0,0,0,0,"3 lanes",2,0,NA,0,NA
5969,4766,"Hickory","Catawba","Piedmont","Commercial","Urban (>70% Developed)",NA,"Urban","30 - 35  MPH","Stop And Go Signal","Clear","No",12,"11-15","No",NA,"Facing Traffic","C: Possible Injury","Sidewalk / Crosswalk / Driveway Crossing","White","Male",31,"30-39","No",NA,"0-5 mph","O: No Injury","White","Male","Pickup","No","15APR2009","Wednesday","Motorist Failed to Yield - Sign-Controlled Intersection",13,"Intersection","April","C: Possible Injury",47160,"Motorist Drive Out - Sign-Controlled Intersection",2009,"Yes","No","Daylight","Straight - Level","NC Route","Dry","Two-Way, Not Divided","None","T-Intersection","Smooth Asphalt",0,0,0,0,0,0,0,"5 lanes",2,0,NA,0,NA
5970,4778,"Raleigh","Wake","Piedmont","Commercial","Urban (>70% Developed)",NA,"Urban","30 - 35  MPH","Stop And Go Signal","Clear","No",45,"40-49","Yes",NA,"Facing Traffic","B: Evident Injury","Sidewalk / Crosswalk / Driveway Crossing","Black","Male",51,"50-59","No",NA,"11-15 mph","O: No Injury","Black","Male","Van","Yes","03APR2009","Friday","Loss of Control / Turning Error",15,"Non-Intersection","April","B: Evident Injury",54000,"Bicyclist Lost Control - Surface Conditions",2009,"Yes","No","Daylight","Straight - Level","Local Street","Dry","Two-Way, Divided, Unprotected Median","None","No Special Feature","Concrete",0,0,0,0,0,0,0,"6 lanes",2,0,NA,0,NA
5971,4782,"None - Rural Crash","Catawba","Piedmont","Residential","Urban (>70% Developed)",NA,"Rural","50 - 55  MPH","Double Yellow Line, No Passing Zone","Clear","No",42,"40-49","Yes",NA,"With Traffic","K: Killed","Travel Lane","White","Male",24,"20-24","No",NA,"51-55 mph","O: No Injury","White","Female","Sport Utility","Yes","18APR2009","Saturday","Bicyclist Left Turn / Merge",22,"Non-Intersection","April","K: Killed",82020,"Bicyclist Left Turn - Same Direction",2009,"Yes","No","Dark - Roadway Not Lighted","Straight - Level","NC Route","Dry","Two-Way, Not Divided","None","No Special Feature","Smooth Asphalt",0,0,0,0,0,0,0,"2 lanes",3,0,NA,0,NA
5972,4786,"None - Rural Crash","Harnett","Coastal","Farms, Woods, Pastures","Rural (<30% Developed)",NA,"Rural","50 - 55  MPH","No Control Present","Clear","No",47,"40-49","No",NA,"With Traffic","C: Possible Injury","Travel Lane","Black","Male",58,"50-59","No",NA,"41-45 mph","O: No Injury","Black","Female","Passenger Car","No","23APR2009","Thursday","Bicyclist Overtaking Motorist",14,"Intersection","April","C: Possible Injury",51900,"Bicyclist Overtaking - Other / Unknown",2009,"Yes","No","Daylight","Straight - Level","State Secondary Route","Dry","Two-Way, Not Divided","None","T-Intersection","Coarse Asphalt",0,0,0,0,0,0,0,"2 lanes",2,0,NA,0,NA
5973,4799,"None - Rural Crash","Randolph","Piedmont","Residential","Mixed (30% To 70% Developed)",NA,"Rural","50 - 55  MPH","Double Yellow Line, No Passing Zone","Clear","No",15,"11-15","No",NA,"Not Applicable","B: Evident Injury","Driveway / Alley","White","Male",31,"30-39","No",NA,"51-55 mph","O: No Injury","White","Female","Passenger Car","No","09MAY2009","Saturday","Crossing Paths - Other Circumstances",14,"Intersection","May","B: Evident Injury",51900,"Crossing Paths - Uncontrolled Intersection",2009,"Yes","No","Daylight","Curve - Level","State Secondary Route","Dry","Two-Way, Not Divided","None","Driveway, Private","Smooth Asphalt",0,0,0,0,0,0,0,"2 lanes",2,0,NA,0,NA
5974,4803,"None - Rural Crash","Nash","Coastal","Residential","Urban (>70% Developed)",NA,"Rural","5 - 15 MPH","No Control Present","Clear","No",12,"11-15","No",NA,"With Traffic","C: Possible Injury","Travel Lane","White","Male",31,"30-39","No",NA,"0-5 mph","O: No Injury","Hispanic","Male","Van","No","01MAY2009","Friday","Backing Vehicle",21,"Non-Intersection","May","C: Possible Injury",76200,"Backing Vehicle",2009,"Yes","No","Dark - Unknown Lighting","Straight - Level","Private Road, Driveway","Dry","Two-Way, Not Divided","None","Driveway, Private","Coarse Asphalt",0,0,0,0,0,0,0,"2 lanes",2,0,NA,0,NA
5975,4812,"Shelby","Cleveland","Mountains","Residential","Urban (>70% Developed)",NA,"Urban","30 - 35  MPH","Stop Sign","Clear","No",41,"40-49","No",NA,"With Traffic","Unknown Injury","Travel Lane","White","Female",NA,"70+","No",NA,"11-15 mph","O: No Injury","White","Male","Passenger Car","No","09MAY2009","Saturday","Motorist Failed to Yield - Sign-Controlled Intersection",10,"Intersection","May","O: No Injury",37020,"Motorist Drive Out - Sign-Controlled Intersection",2009,"Yes","No","Daylight","Straight - Level","Local Street","Dry","Two-Way, Not Divided","None","Four-Way Intersection","Coarse Asphalt",0,0,0,0,0,0,0,"5 lanes",2,0,NA,0,NA
5976,4813,"Mooresville","Iredell","Piedmont","Institutional","Urban (>70% Developed)",NA,"Urban",NA,"No Control Present","Clear","No",7,"6-10","No",NA,"With Traffic","C: Possible Injury","Sidewalk / Crosswalk / Driveway Crossing","White","Female",42,"40-49","No",NA,"0-5 mph","O: No Injury","Black","Female","School Bus","No","07MAY2009","Thursday","Motorist Failed to Yield - Midblock",7,"Non-Intersection","May","C: Possible Injury",28740,"Motorist Drive Out - Commercial Driveway / Alley",2009,"No","No","Daylight","Straight - Level","Public Vehicular Area","Dry","Two-Way, Not Divided","None","Driveway, Public","Smooth Asphalt",0,0,0,0,0,0,0,"2 lanes",2,0,NA,0,NA
5977,4816,"Wrightsville Beach","New Hanover","Coastal","Residential","Urban (>70% Developed)",NA,"Rural","30 - 35  MPH","No Control Present","Clear","No",23,"20-24","No",NA,"With Traffic","B: Evident Injury","Travel Lane","White","Male",19,"0-19","No",NA,NA,"O: No Injury","White","Male","Passenger Car","No","08MAY2009","Friday","Motorist Left Turn / Merge",12,"Non-Intersection","May","B: Evident Injury",43380,"Motorist Left Turn - Opposite Direction",2009,"Yes","No","Daylight","Straight - Level","NC Route","Dry","Two-Way, Not Divided","None","No Special Feature","Coarse Asphalt",0,0,0,0,0,0,0,"4 lanes",2,0,NA,0,NA
5978,4818,"Jacksonville","Onslow","Coastal","Commercial","Urban (>70% Developed)",NA,"Urban","30 - 35  MPH","No Control Present","Clear","No",25,"25-29","No",NA,"With Traffic","B: Evident Injury","Travel Lane","White","Male",NA,NA,"Missing",NA,"31-35 mph","Unknown Injury","Unknown/Missing",NA,NA,"No","04MAY2009","Monday","Other / Unknown - Insufficient Details",5,"Non-Intersection","May","B: Evident Injury",19380,"Unknown Approach Paths",2009,"Yes","Yes","Dark - Lighted Roadway","Straight - Level","Local Street","Dry","Two-Way, Not Divided","None","No Special Feature","Smooth Asphalt",0,0,0,0,0,0,0,"7 lanes",2,0,NA,0,NA