"...1","object_id","city","county","region","development","locality","on_road","rural_urban","speed_limit","traffic_control","weather","workzone","bike_age","bike_age_group","bike_alcohol","bike_alcohol_drugs","bike_direction","bike_injury","bike_position","bike_race","bike_sex","driver_age","driver_age_group","driver_alcohol","driver_alcohol_drugs","driver_est_speed","driver_injury","driver_race","driver_sex","driver_vehicle_type","crash_alcohol","crash_date","crash_day","crash_group","crash_hour","crash_location","crash_month","crash_severity","crash_time","crash_type","crash_year","ambulance_req","hit_run","light_condition","road_character","road_class","road_condition","road_configuration","road_defects","road_feature","road_surface","num_bikes_ai","num_bikes_bi","num_bikes_ci","num_bikes_ki","num_bikes_no","num_bikes_to","num_bikes_ui","num_lanes","num_units","distance_mi_from","frm_road","rte_invd_cd","towrd_road"
5979,4826,"Rocky Mount","Edgecombe","Coastal","Residential","Urban (>70% Developed)",NA,"Urban","30 - 35  MPH","No Control Present","Rain","No",19,"16-19","No",NA,"With Traffic","Unknown Injury","Travel Lane","Unknown/Missing",NA,19,"0-19","No",NA,"31-35 mph","C: Possible Injury","Asian","Male","Sport Utility","No","21APR2009","Tuesday","Other / Unusual Circumstances",20,"Non-Intersection","April","C: Possible Injury",72360,"Motorist Intentionally Caused",2009,"Yes","Yes","Dark - Lighted Roadway","Straight - Level","Local Street","Wet","Two-Way, Not Divided","None","No Special Feature","Coarse Asphalt",0,0,0,0,0,0,0,"2 lanes",2,0,NA,0,NA
5980,4831,"Kannapolis","Rowan","Piedmont","Commercial","Urban (>70% Developed)",NA,"Urban","30 - 35  MPH","No Control Present","Clear","No",21,"20-24","No",NA,"Not Applicable","C: Possible Injury","Sidewalk / Crosswalk / Driveway Crossing","White","Male",43,"40-49","No",NA,"0-5 mph","O: No Injury","Black","Male","Passenger Car","No","18MAY2009","Monday","Motorist Failed to Yield - Midblock",13,"Non-Intersection","May","C: Possible Injury",49320,"Motorist Drive Out - Residential Driveway",2009,"Yes","No","Daylight","Straight - Level","NC Route","Dry",NA,"None","Driveway, Public","Smooth Asphalt",0,0,0,0,0,0,0,"2 lanes",2,0,NA,0,NA
5981,4852,"Greensboro","Guilford","Piedmont","Residential","Urban (>70% Developed)",NA,"Urban","30 - 35  MPH","Stop And Go Signal","Clear","No",15,"11-15","No",NA,"Facing Traffic","C: Possible Injury","Sidewalk / Crosswalk / Driveway Crossing","Black","Male",32,"30-39","No",NA,"0-5 mph","O: No Injury","Black","Female","Passenger Car","No","20MAY2009","Wednesday","Crossing Paths - Other Circumstances",16,"Intersection","May","C: Possible Injury",57660,"Signalized Intersection - Other / Unknown",2009,"No","No","Daylight","Straight - Level","Local Street","Dry","Two-Way, Not Divided","None","T-Intersection","Smooth Asphalt",0,0,0,0,0,0,0,"3 lanes",2,0,NA,0,NA
5982,4858,"Pinehurst","Moore","Piedmont","Residential","Mixed (30% To 70% Developed)",NA,"Urban","30 - 35  MPH","Stop And Go Signal","Clear","No",50,"50-59","No",NA,"With Traffic","B: Evident Injury","Travel Lane","White","Female",50,"50-59","No",NA,"16-20 mph","O: No Injury","White","Female","Passenger Car","No","22MAY2009","Friday","Parallel Paths - Other Circumstances",19,"Intersection","May","B: Evident Injury",68760,"Parallel Paths - Other / Unknown",2009,"Yes","No","Daylight","Straight - Level","US Route","Dry","Two-Way, Not Divided","None","Four-Way Intersection","Smooth Asphalt",0,0,0,0,0,0,0,"4 lanes",3,0,NA,0,NA
5983,4866,"Fayetteville","Cumberland","Coastal","Residential","Urban (>70% Developed)",NA,"Urban","20 - 25  MPH","No Control Present","Clear","No",51,"50-59","No",NA,"With Traffic","O: No Injury","Travel Lane","White","Male",NA,NA,"Missing",NA,"16-20 mph","Unknown Injury","Unknown/Missing",NA,NA,"No","25MAY2009","Monday","Motorist Overtaking Bicyclist",3,"Non-Intersection","May","O: No Injury",12720,"Motorist Overtaking - Misjudged Space",2009,"Yes","Yes","Dark - Lighted Roadway","Straight - Level","Local Street","Dry","Two-Way, Not Divided","None","No Special Feature","Coarse Asphalt",0,0,0,0,0,0,0,"2 lanes",2,0,NA,0,NA
5984,4872,"Charlotte","Mecklenburg","Piedmont","Residential","Urban (>70% Developed)",NA,"Urban","30 - 35  MPH","Stop Sign","Clear","No",54,"50-59","No",NA,"With Traffic","B: Evident Injury","Travel Lane","White","Male",42,"40-49","No",NA,"0-5 mph","C: Possible Injury","White","Female","Passenger Car","No","02JUN2009","Tuesday","Motorist Failed to Yield - Midblock",16,"Non-Intersection","June","B: Evident Injury",59760,"Motorist Drive Out - Midblock - Unknown",2009,"Yes","No","Daylight","Straight - Grade","Local Street","Dry","Two-Way, Not Divided","None","No Special Feature","Smooth Asphalt",0,0,0,0,0,0,0,"2 lanes",2,0,NA,0,NA
5985,4880,"None - Rural Crash","Rowan","Piedmont","Farms, Woods, Pastures","Mixed (30% To 70% Developed)",NA,"Rural","50 - 55  MPH","Stop Sign","Cloudy","No",15,"11-15","No",NA,"With Traffic","C: Possible Injury","Travel Lane","White","Male",27,"25-29","No",NA,"41-45 mph","O: No Injury","White","Female","Light Truck (Mini-Van, Panel)","No","11JUN2009","Thursday","Bicyclist Failed to Yield - Sign-Controlled Intersection",16,"Intersection","June","C: Possible Injury",58080,"Bicyclist Ride Through - Sign-Controlled Intersection",2009,"No","No","Daylight","Straight - Grade","US Route","Dry","Two-Way, Not Divided","None","T-Intersection","Smooth Asphalt",0,0,0,0,0,0,0,"5 lanes",2,0,NA,0,NA
5986,4882,"Raleigh","Wake","Piedmont","Commercial","Urban (>70% Developed)",NA,"Urban",NA,"No Control Present","Clear","No",23,"20-24","No",NA,"With Traffic","C: Possible Injury","Sidewalk / Crosswalk / Driveway Crossing","White","Male",28,"25-29","No",NA,"0-5 mph","O: No Injury","Black","Male","Passenger Car","No","22MAY2009","Friday","Motorist Failed to Yield - Midblock",7,"Non-Intersection","May","C: Possible Injury",25320,"Motorist Drive Out - Commercial Driveway / Alley",2009,"Yes","No","Daylight","Straight - Level","Public Vehicular Area","Dry","Two-Way, Not Divided","None","Driveway, Public","Coarse Asphalt",0,0,0,0,0,0,0,"2 lanes",2,0,NA,0,NA
5987,4884,"Salisbury","Rowan","Piedmont","Residential","Urban (>70% Developed)",NA,"Urban","20 - 25  MPH","Stop Sign","Cloudy","No",24,"20-24","No",NA,"With Traffic","B: Evident Injury","Travel Lane","Black","Male",19,"0-19","No",NA,"21-25 mph","O: No Injury","White","Male","Passenger Car","No","11JUN2009","Thursday","Bicyclist Failed to Yield - Sign-Controlled Intersection",17,"Intersection","June","B: Evident Injury",62700,"Bicyclist Ride Through - Sign-Controlled Intersection",2009,"Yes","No","Daylight","Straight - Level","Local Street","Wet","Two-Way, Not Divided","None","Four-Way Intersection","Coarse Asphalt",0,0,0,0,0,0,0,"2 lanes",2,0,NA,0,NA
5988,4885,"Durham","Durham","Piedmont","Commercial","Urban (>70% Developed)",NA,"Urban","20 - 25  MPH","Stop And Go Signal","Clear","No",29,"25-29","Yes",NA,"With Traffic","B: Evident Injury","Travel Lane","White","Male",45,"40-49","No",NA,"0-5 mph","O: No Injury","White","Male","Sport Utility","Yes","10JUN2009","Wednesday","Motorist Left Turn / Merge",23,"Intersection","June","B: Evident Injury",85680,"Motorist Left Turn - Opposite Direction",2009,"No","No","Dark - Lighted Roadway","Straight - Level","Local Street","Dry","Two-Way, Divided, Unprotected Median","None","T-Intersection","Coarse Asphalt",0,0,0,0,0,0,0,"3 lanes",2,0,NA,0,NA
5989,4887,"Raleigh","Wake","Piedmont","Residential","Urban (>70% Developed)",NA,"Urban","20 - 25  MPH","No Control Present","Cloudy","No",12,"11-15","No",NA,"Not Applicable","C: Possible Injury","Non-Roadway","Black","Male",27,"25-29","Yes",NA,"6-10 mph","O: No Injury","Hispanic","Male","Passenger Car","Yes","25MAY2009","Monday","Non-Roadway",21,"Non-Roadway","May","C: Possible Injury",79140,"Non-Roadway",2009,"Yes","No","Daylight","Straight - Level","Local Street","Dry","Two-Way, Not Divided","None","No Special Feature","Smooth Asphalt",0,0,0,0,0,0,0,"2 lanes",2,0,NA,0,NA
5990,4906,"None - Rural Crash","Robeson","Coastal","Farms, Woods, Pastures","Rural (<30% Developed)",NA,"Rural","50 - 55  MPH","No Control Present","Clear","No",38,"30-39","No",NA,"With Traffic","B: Evident Injury","Travel Lane","Native American","Male",40,"40-49","No",NA,"51-55 mph","O: No Injury","White","Male","Pickup","No","20JUN2009","Saturday","Motorist Overtaking Bicyclist",22,"Non-Intersection","June","B: Evident Injury",80220,"Motorist Overtaking - Misjudged Space",2009,"Yes","No","Dark - Roadway Not Lighted","Straight - Level","NC Route","Dry","Two-Way, Not Divided","None","No Special Feature","Coarse Asphalt",0,0,0,0,0,0,0,"2 lanes",2,0,NA,0,NA
5991,4908,"Davidson","Mecklenburg","Piedmont","Residential","Rural (<30% Developed)",NA,"Urban",NA,"No Control Present","Clear","No",55,"50-59","No",NA,"With Traffic","B: Evident Injury","Travel Lane","White","Male",NA,NA,"Missing",NA,NA,"Unknown Injury","Unknown/Missing",NA,"Van","No","05JUN2009","Friday","Bicyclist Overtaking Motorist",6,"Non-Intersection","June","B: Evident Injury",23340,"Bicyclist Overtaking - Parked Vehicle",2009,"Yes","No","Daylight","Straight - Grade","Local Street","Wet","Two-Way, Not Divided","Road Surface Condition","No Special Feature","Smooth Asphalt",0,0,0,0,0,0,0,"2 lanes",2,0,NA,0,NA
5992,4916,"None - Rural Crash","Rutherford","Mountains","Residential","Mixed (30% To 70% Developed)",NA,"Rural","30 - 35  MPH","Stop Sign","Clear","No",10,"6-10","No",NA,"With Traffic","B: Evident Injury","Travel Lane","White","Male",55,"50-59","No",NA,"16-20 mph","O: No Injury","White","Female","Passenger Car","No","25JUN2009","Thursday","Bicyclist Failed to Yield - Sign-Controlled Intersection",16,"Intersection","June","B: Evident Injury",58200,"Bicyclist Ride Through - Sign-Controlled Intersection",2009,"No","No","Daylight","Straight - Level","State Secondary Route","Dry","Two-Way, Not Divided","None","No Special Feature","Smooth Asphalt",0,0,0,0,0,0,0,"2 lanes",2,0,NA,0,NA
5993,4918,"Salisbury","Rowan","Piedmont","Commercial","Mixed (30% To 70% Developed)",NA,"Urban","30 - 35  MPH","No Control Present","Clear","No",33,"30-39","No",NA,"Facing Traffic","O: No Injury","Sidewalk / Crosswalk / Driveway Crossing","White","Male",51,"50-59","No",NA,"6-10 mph","O: No Injury","White","Male","Van","No","25JUN2009","Thursday","Motorist Failed to Yield - Midblock",16,"Non-Intersection","June","O: No Injury",60420,"Motorist Drive Out - Commercial Driveway / Alley",2009,"No","No","Daylight","Straight - Level","Local Street","Dry","Two-Way, Not Divided","None","No Special Feature","Coarse Asphalt",0,0,0,0,0,0,0,"2 lanes",2,0,NA,0,NA
5994,4927,"Rocky Mount","Edgecombe","Coastal","Farms, Woods, Pastures","Mixed (30% To 70% Developed)",NA,"Urban","30 - 35  MPH","Flashing Signal Without Stop Sign","Clear","No",12,"11-15","No",NA,"With Traffic","C: Possible Injury","Travel Lane","Black","Male",NA,"70+","No",NA,"6-10 mph","O: No Injury","White","Male","Pickup","No","13MAY2009","Wednesday","Motorist Failed to Yield - Signalized Intersection",15,"Intersection","May","C: Possible Injury",55140,"Motorist Drive Through - Signalized Intersection",2009,"No","No","Daylight","Straight - Level","Local Street","Dry","Two-Way, Not Divided","None","No Special Feature","Coarse Asphalt",0,0,0,0,0,0,0,"6 lanes",2,0,NA,0,NA
5995,4931,"Cornelius","Mecklenburg","Piedmont","Residential","Rural (<30% Developed)",NA,"Urban","40 - 45  MPH","No Control Present","Clear","No",46,"40-49","No",NA,"Facing Traffic","C: Possible Injury","Travel Lane","White","Male",49,"40-49","No",NA,"11-15 mph","O: No Injury","White","Male","Sport Utility","No","18JUN2009","Thursday","Motorist Failed to Yield - Sign-Controlled Intersection",20,"Intersection","June","C: Possible Injury",72660,"Motorist Drive Out - Sign-Controlled Intersection",2009,"No","No","Dusk","Straight - Level","Local Street","Dry","Two-Way, Divided, Unprotected Median","None","No Special Feature","Smooth Asphalt",0,0,0,0,0,0,0,"2 lanes",2,0,NA,0,NA
5996,4933,"Wilmington","New Hanover","Coastal","Commercial","Urban (>70% Developed)",NA,"Urban","30 - 35  MPH","Stop And Go Signal","Clear","No",51,"50-59","No",NA,"Facing Traffic","C: Possible Injury","Sidewalk / Crosswalk / Driveway Crossing","White","Female",50,"50-59","No",NA,"0-5 mph","O: No Injury","White","Female","Sport Utility","No","17JUN2009","Wednesday","Motorist Failed to Yield - Signalized Intersection",15,"Intersection","June","C: Possible Injury",57120,"Motorist Drive Out - Right Turn on Red",2009,"Yes","No","Daylight","Straight - Level","Local Street","Dry","Two-Way, Not Divided","None","T-Intersection","Smooth Asphalt",0,0,0,0,0,0,0,"3 lanes",2,0,NA,0,NA
5997,4935,"Graham","Alamance","Piedmont","Residential","Mixed (30% To 70% Developed)",NA,"Urban","30 - 35  MPH","Stop And Go Signal","Clear","No",13,"11-15","No",NA,"With Traffic","B: Evident Injury","Travel Lane","White","Male",26,"25-29","No",NA,"6-10 mph","O: No Injury","White","Male","Sport Utility","No","21JUN2009","Sunday","Bicyclist Failed to Yield - Signalized Intersection",21,"Intersection","June","B: Evident Injury",78060,"Bicyclist Ride Through - Signalized Intersection",2009,"Yes","No","Dark - Lighted Roadway","Straight - Grade","NC Route","Dry","Two-Way, Not Divided","None","T-Intersection","Smooth Asphalt",0,0,0,0,0,0,0,"4 lanes",2,0,NA,0,NA
5998,4941,"None - Rural Crash","Sampson","Coastal","Farms, Woods, Pastures","Rural (<30% Developed)",NA,"Rural","50 - 55  MPH","Double Yellow Line, No Passing Zone","Clear","No",26,"25-29","No",NA,"With Traffic","B: Evident Injury","Travel Lane","White","Male",69,"60-69","No",NA,"51-55 mph","O: No Injury","White","Male","Passenger Car","No","30JUN2009","Tuesday","Motorist Overtaking Bicyclist",21,"Non-Intersection","June","B: Evident Injury",78300,"Motorist Overtaking - Other / Unknown",2009,"Yes","No","Dark - Roadway Not Lighted","Curve - Level","State Secondary Route","Dry","Two-Way, Not Divided","None","No Special Feature","Smooth Asphalt",0,0,0,0,0,0,0,"2 lanes",2,0,NA,0,NA
5999,4951,"Wilmington","New Hanover","Coastal","Commercial","Urban (>70% Developed)",NA,"Urban","5 - 15 MPH","Stop And Go Signal","Cloudy","No",49,"40-49","No",NA,"Facing Traffic","C: Possible Injury","Sidewalk / Crosswalk / Driveway Crossing","White","Male",45,"40-49","No",NA,NA,"O: No Injury","White","Male","Passenger Car","No","17JUN2009","Wednesday","Motorist Failed to Yield - Sign-Controlled Intersection",14,"Intersection","June","C: Possible Injury",51840,"Motorist Drive Out - Sign-Controlled Intersection",2009,"Yes","No","Daylight","Straight - Level","Local Street","Dry","Two-Way, Divided, Unprotected Median","None","T-Intersection","Smooth Asphalt",0,0,0,0,0,0,0,"5 lanes",2,0,NA,0,NA
6000,4955,"None - Rural Crash","Haywood","Mountains","Farms, Woods, Pastures","Rural (<30% Developed)",NA,"Rural","50 - 55  MPH","No Control Present","Clear","No",21,"20-24","No",NA,"With Traffic","B: Evident Injury","Travel Lane","White","Male",NA,NA,"Missing",NA,"36-40 mph","Unknown Injury","Unknown/Missing",NA,NA,"No","22JUN2009","Monday","Motorist Overtaking Bicyclist",16,"Non-Intersection","June","B: Evident Injury",60480,"Motorist Overtaking - Other / Unknown",2009,"Yes","Yes","Daylight","Straight - Level","NC Route","Dry","Two-Way, Not Divided","None","No Special Feature","Coarse Asphalt",0,0,0,0,0,0,0,"3 lanes",2,0,NA,0,NA
6001,3905,"Charlotte","Mecklenburg","Piedmont","Commercial","Urban (>70% Developed)",NA,"Urban","30 - 35  MPH","Stop And Go Signal","Clear","No",29,"25-29","No",NA,"With Traffic","B: Evident Injury","Sidewalk / Crosswalk / Driveway Crossing","White","Male",34,"30-39","No",NA,"36-40 mph","O: No Injury","Black","Female","Passenger Car","No","08MAY2010","Saturday","Crossing Paths - Other Circumstances",0,"Intersection","May","B: Evident Injury",1620,"Signalized Intersection - Other / Unknown",2010,"Yes","No","Dark - Lighted Roadway","Straight - Level","Local Street","Dry","Two-Way, Divided, Unprotected Median","None","No Special Feature","Smooth Asphalt",0,0,0,0,0,0,0,"4 lanes",2,0,NA,0,NA
6002,3908,"Monroe","Union","Piedmont","Residential","Urban (>70% Developed)",NA,"Urban","30 - 35  MPH","No Control Present","Clear","No",42,"40-49","No",NA,"Facing Traffic","C: Possible Injury","Sidewalk / Crosswalk / Driveway Crossing","Black","Male",30,"30-39","No",NA,NA,"O: No Injury","White","Female","Passenger Car","No","07MAY2010","Friday","Motorist Left Turn / Merge",14,"Non-Intersection","May","C: Possible Injury",52800,"Motorist Left Turn - Same Direction",2010,"Yes","No","Daylight","Straight - Grade","Local Street","Dry","Two-Way, Not Divided","None","T-Intersection","Smooth Asphalt",0,0,0,0,0,0,0,"2 lanes",2,0,NA,0,NA
6003,3911,"Charlotte","Mecklenburg","Piedmont","Institutional","Mixed (30% To 70% Developed)",NA,"Urban","20 - 25  MPH","No Control Present","Clear","No",9,"6-10","No",NA,"Not Applicable","B: Evident Injury","Driveway / Alley","Black","Female",24,"20-24","No",NA,"21-25 mph","O: No Injury","White","Male","Passenger Car","No","06MAY2010","Thursday","Loss of Control / Turning Error",15,"Non-Intersection","May","B: Evident Injury",55920,"Bicyclist Lost Control - Other / Unknown",2010,"Yes","No","Daylight","Straight - Grade","Local Street","Dry","Two-Way, Not Divided","None","No Special Feature","Smooth Asphalt",0,0,0,0,0,0,0,"2 lanes",2,0,NA,0,NA
6004,3912,"Lumberton","Robeson","Coastal","Commercial","Urban (>70% Developed)",NA,"Urban","30 - 35  MPH","Stop And Go Signal","Cloudy","No",35,"30-39","No",NA,"Facing Traffic","C: Possible Injury","Travel Lane","White","Male",39,"30-39","No",NA,"11-15 mph","O: No Injury","White","Male","Tractor/Semi-Trailer","No","23APR2010","Friday","Crossing Paths - Other Circumstances",13,"Intersection-Related","April","C: Possible Injury",49140,"Crossing Paths - Intersection - Other / Unknown",2010,"Yes","No","Daylight","Straight - Level","Local Street","Dry","Two-Way, Divided, Unprotected Median","None","No Special Feature","Coarse Asphalt",0,0,0,0,0,0,0,"5 lanes",2,0,NA,0,NA
6005,3915,"High Point","Guilford","Piedmont","Residential","Mixed (30% To 70% Developed)",NA,"Urban","40 - 45  MPH","Stop Sign","Cloudy","No",37,"30-39","No",NA,"With Traffic","B: Evident Injury","Travel Lane","White","Male",60,"60-69","No",NA,"6-10 mph","O: No Injury","White","Male","Pickup","No","26APR2010","Monday","Motorist Left Turn / Merge",17,"Intersection","April","B: Evident Injury",62220,"Motorist Left Turn - Opposite Direction",2010,"Yes","No","Daylight","Straight - Level","Local Street","Dry","Two-Way, Not Divided","None","Four-Way Intersection","Coarse Asphalt",0,0,0,0,0,0,0,"2 lanes",2,0,NA,0,NA
6006,3916,"High Point","Guilford","Piedmont","Residential","Urban (>70% Developed)",NA,"Urban","30 - 35  MPH","No Control Present","Clear","No",44,"40-49","No",NA,"With Traffic","B: Evident Injury","Travel Lane","Black","Male",64,"60-69","No",NA,"11-15 mph","O: No Injury","Black","Male","Van","No","05MAY2010","Wednesday","Motorist Left Turn / Merge",22,"Intersection","May","B: Evident Injury",80520,"Motorist Left Turn - Opposite Direction",2010,"Yes","No","Dark - Lighted Roadway","Straight - Grade","Local Street","Dry","Two-Way, Not Divided","None","T-Intersection","Coarse Asphalt",0,0,0,0,0,0,0,"4 lanes",2,0,NA,0,NA
6007,3917,"Charlotte","Mecklenburg","Piedmont","Residential","Urban (>70% Developed)",NA,"Urban","40 - 45  MPH","Stop And Go Signal","Clear","No",37,"30-39","No",NA,"With Traffic","B: Evident Injury","Travel Lane","White","Male",53,"50-59","No",NA,"21-25 mph","O: No Injury","White","Male","Passenger Car","No","09MAY2010","Sunday","Motorist Overtaking Bicyclist",11,"Non-Intersection","May","B: Evident Injury",42360,"Motorist Overtaking - Undetected Bicyclist",2010,"No","No","Daylight","Straight - Level","Local Street","Dry","Two-Way, Divided, Unprotected Median","None","No Special Feature","Smooth Asphalt",0,0,0,0,0,0,0,"2 lanes",2,0,NA,0,NA
6008,3922,"Lumberton","Robeson","Coastal","Residential","Mixed (30% To 70% Developed)",NA,"Urban","50 - 55  MPH","No Control Present","Rain","No",25,"25-29","No",NA,"With Traffic","B: Evident Injury","Travel Lane","Asian","Male",57,"50-59","No",NA,"51-55 mph","Unknown Injury","White","Female","Passenger Car","No","24APR2010","Saturday","Motorist Overtaking Bicyclist",21,"Non-Intersection","April","K: Killed",76320,"Motorist Overtaking - Other / Unknown",2010,"Yes","No","Dark - Roadway Not Lighted","Straight - Level","Local Street","Wet","Two-Way, Not Divided","None","No Special Feature","Coarse Asphalt",0,0,0,0,0,0,0,"2 lanes",3,0,NA,0,NA
6009,3929,"Wilson","Wilson","Coastal","Commercial","Urban (>70% Developed)",NA,"Urban","30 - 35  MPH","No Control Present","Clear","No",54,"50-59","No",NA,"With Traffic","C: Possible Injury","Travel Lane","White","Male",66,"60-69","No",NA,"21-25 mph","O: No Injury","White","Male","Pickup","No","01MAY2010","Saturday","Bicyclist Left Turn / Merge",16,"Non-Intersection","May","C: Possible Injury",60120,"Bicyclist Left Turn - Same Direction",2010,"Yes","No","Daylight","Straight - Level","Local Street","Dry","Two-Way, Not Divided","None","No Special Feature","Smooth Asphalt",0,0,0,0,0,0,0,"2 lanes",2,0,NA,0,NA
6010,3932,"None - Rural Crash","Hertford","Coastal","Commercial","Rural (<30% Developed)",NA,"Rural","40 - 45  MPH","Double Yellow Line, No Passing Zone","Clear","No",13,"11-15","No",NA,"Not Applicable","C: Possible Injury","Non-Roadway","Black","Male",45,"40-49","No",NA,"21-25 mph","O: No Injury","White","Male","Pickup","No","15MAY2010","Saturday","Bicyclist Failed to Yield - Midblock",15,"Non-Intersection","May","C: Possible Injury",54000,"Bicyclist Ride Out - Commercial Driveway / Alley",2010,"Yes","No","Daylight","Straight - Level","US Route","Dry","Two-Way, Not Divided","None","Driveway, Public","Coarse Asphalt",0,0,0,0,0,0,0,"3 lanes",2,0,NA,0,NA
6011,3937,"None - Rural Crash","Chatham","Piedmont","Farms, Woods, Pastures","Rural (<30% Developed)",NA,"Rural","40 - 45  MPH","Double Yellow Line, No Passing Zone","Cloudy","No",26,"25-29","No",NA,"With Traffic","C: Possible Injury","Travel Lane","White","Female",50,"50-59","No",NA,"26-30 mph","O: No Injury","White","Female","Light Truck (Mini-Van, Panel)","No","18MAY2010","Tuesday","Motorist Overtaking Bicyclist",18,"Non-Intersection","May","C: Possible Injury",67500,"Motorist Overtaking - Other / Unknown",2010,"No","No","Daylight","Curve - Level","State Secondary Route","Dry","Two-Way, Not Divided","None","Related To Intersection","Smooth Asphalt",0,0,0,0,0,0,0,"2 lanes",5,0,NA,0,NA
6012,3941,"None - Rural Crash","Surry","Mountains","Residential","Mixed (30% To 70% Developed)",NA,"Rural","40 - 45  MPH","No Control Present","Clear","No",14,"11-15","No",NA,NA,"B: Evident Injury","Other","White","Male",62,"60-69","No",NA,"41-45 mph","K: Killed","White","Male","Pickup","No","25MAY2010","Tuesday","Loss of Control / Turning Error",17,"Non-Intersection","May","K: Killed",64620,"Motorist Lost Control - Other / Unknown",2010,"Yes","No","Daylight","Straight - Level","US Route","Dry","Two-Way, Not Divided","None","No Special Feature","Smooth Asphalt",0,0,0,0,0,0,0,"2 lanes",2,0,NA,0,NA
6013,3944,"Wilmington","New Hanover","Coastal","Residential","Mixed (30% To 70% Developed)",NA,"Urban","40 - 45  MPH","Stop Sign","Clear","No",38,"30-39","No",NA,"Facing Traffic","C: Possible Injury","Travel Lane","White","Male",37,"30-39","No",NA,NA,"O: No Injury","White","Male","Pickup","No","11MAY2010","Tuesday","Motorist Failed to Yield - Sign-Controlled Intersection",19,"Intersection","May","C: Possible Injury",70320,"Motorist Drive Out - Sign-Controlled Intersection",2010,"No","No","Daylight","Straight - Level","Local Street","Dry","Two-Way, Divided, Positive Median Barrier","None","T-Intersection","Coarse Asphalt",0,0,0,0,0,0,0,"6 lanes",2,0,NA,0,NA
6014,3948,"Morehead City","Carteret","Coastal","Commercial","Urban (>70% Developed)",NA,"Urban",NA,"No Control Present","Cloudy","No",14,"11-15","No",NA,"Not Applicable","C: Possible Injury","Non-Roadway","White","Male",NA,"70+","No",NA,NA,"O: No Injury","White","Female","Passenger Car","No","19MAY2010","Wednesday","Non-Roadway",18,"Non-Roadway","May","C: Possible Injury",64920,"Non-Roadway",2010,"Yes","No","Daylight","Straight - Level","Public Vehicular Area","Dry","Two-Way, Not Divided","None","No Special Feature","Smooth Asphalt",0,0,0,0,0,0,0,NA,2,0,NA,0,NA
6015,3950,"None - Rural Crash","Burke","Mountains","Residential","Rural (<30% Developed)",NA,"Rural","40 - 45  MPH","Double Yellow Line, No Passing Zone","Clear","No",31,"30-39","No",NA,"With Traffic","C: Possible Injury","Travel Lane","White","Male",NA,"70+","No",NA,"36-40 mph","O: No Injury","White","Female","Van","No","19MAY2010","Wednesday","Motorist Overtaking Bicyclist",18,"Non-Intersection","May","C: Possible Injury",66900,"Motorist Overtaking - Other / Unknown",2010,"No","No","Daylight","Straight - Grade","State Secondary Route","Dry","Two-Way, Not Divided","None","Driveway, Private","Smooth Asphalt",0,0,0,0,0,0,0,"2 lanes",2,0,NA,0,NA
6016,3955,"None - Rural Crash","Dare","Coastal","Residential","Mixed (30% To 70% Developed)",NA,"Rural","5 - 15 MPH","No Control Present","Clear","No",9,"6-10","No",NA,"Not Applicable","C: Possible Injury","Non-Roadway","White","Female",53,"50-59","No",NA,"0-5 mph","O: No Injury","White","Male","Pickup","No","28MAY2010","Friday","Non-Roadway",16,"Non-Roadway","May","C: Possible Injury",60300,"Non-Roadway",2010,"Yes","No","Daylight","Straight - Level","Private Road, Driveway","Dry","Two-Way, Not Divided","None","T-Intersection","Coarse Asphalt",0,0,0,0,0,0,0,"2 lanes",2,0,NA,0,NA
6017,3960,"Wilmington","New Hanover","Coastal","Commercial","Urban (>70% Developed)",NA,"Urban",NA,"No Control Present","Clear","No",21,"20-24","No",NA,"Not Applicable","C: Possible Injury","Non-Roadway","White","Male",NA,"70+","No",NA,"11-15 mph","O: No Injury","White","Male","Passenger Car","No","20MAY2010","Thursday","Non-Roadway",14,"Non-Roadway","May","C: Possible Injury",51420,"Non-Roadway",2010,"No","No","Daylight","Straight - Level","Public Vehicular Area","Dry","Two-Way, Not Divided","None","Driveway, Public","Smooth Asphalt",0,0,0,0,0,0,0,"2 lanes",2,0,NA,0,NA
6018,3969,"Charlotte","Mecklenburg","Piedmont","Residential","Urban (>70% Developed)",NA,"Urban","30 - 35  MPH","Stop And Go Signal","Clear","No",26,"25-29","No",NA,"With Traffic","B: Evident Injury","Travel Lane","Black","Male",NA,NA,"Missing",NA,"11-15 mph","Unknown Injury","Unknown/Missing",NA,NA,"No","20MAY2010","Thursday","Motorist Left Turn / Merge",21,"Intersection","May","B: Evident Injury",75600,"Motorist Left Turn - Opposite Direction",2010,"Yes","Yes","Dark - Lighted Roadway","Straight - Level","Local Street","Dry","Two-Way, Not Divided","None","Four-Way Intersection","Smooth Asphalt",0,0,0,0,0,0,0,"4 lanes",2,0,NA,0,NA