"...1","object_id","city","county","region","development","locality","on_road","rural_urban","speed_limit","traffic_control","weather","workzone","bike_age","bike_age_group","bike_alcohol","bike_alcohol_drugs","bike_direction","bike_injury","bike_position","bike_race","bike_sex","driver_age","driver_age_group","driver_alcohol","driver_alcohol_drugs","driver_est_speed","driver_injury","driver_race","driver_sex","driver_vehicle_type","crash_alcohol","crash_date","crash_day","crash_group","crash_hour","crash_location","crash_month","crash_severity","crash_time","crash_type","crash_year","ambulance_req","hit_run","light_condition","road_character","road_class","road_condition","road_configuration","road_defects","road_feature","road_surface","num_bikes_ai","num_bikes_bi","num_bikes_ci","num_bikes_ki","num_bikes_no","num_bikes_to","num_bikes_ui","num_lanes","num_units","distance_mi_from","frm_road","rte_invd_cd","towrd_road"
6019,3970,"Raleigh","Wake","Piedmont","Residential","Urban (>70% Developed)",NA,"Urban","20 - 25  MPH","No Control Present","Clear","No",12,"11-15","No",NA,"Not Applicable","B: Evident Injury","Non-Roadway","White","Male",43,"40-49","No",NA,"0-5 mph","O: No Injury","White","Female","Sport Utility","No","04MAY2010","Tuesday","Non-Roadway",18,"Non-Roadway","May","B: Evident Injury",67140,"Non-Roadway",2010,"Yes","No","Daylight","Straight - Level","Public Vehicular Area","Dry","Two-Way, Not Divided","None","No Special Feature","Smooth Asphalt",0,0,0,0,0,0,0,"2 lanes",2,0,NA,0,NA
6020,3973,"Raleigh","Wake","Piedmont","Commercial","Urban (>70% Developed)",NA,"Urban","20 - 25  MPH","Stop Sign","Cloudy","No",18,"16-19","No",NA,"Facing Traffic","C: Possible Injury","Sidewalk / Crosswalk / Driveway Crossing","White","Male",55,"50-59","No",NA,"21-25 mph","O: No Injury","White","Female","Passenger Car","No","18MAY2010","Tuesday","Motorist Failed to Yield - Sign-Controlled Intersection",13,"Intersection","May","C: Possible Injury",48180,"Motorist Drive Out - Sign-Controlled Intersection",2010,"Yes","No","Daylight","Straight - Level","Public Vehicular Area","Dry","Two-Way, Divided, Positive Median Barrier","None","Driveway, Public","Smooth Asphalt",0,0,0,0,0,0,0,"2 lanes",2,0,NA,0,NA
6021,3979,"None - Rural Crash","Rowan","Piedmont","Residential","Rural (<30% Developed)",NA,"Rural","30 - 35  MPH","Stop Sign","Clear","No",50,"50-59","No",NA,"With Traffic","C: Possible Injury","Travel Lane","White","Male",36,"30-39","No",NA,"0-5 mph","O: No Injury","White","Male","Passenger Car","No","08JUN2010","Tuesday","Motorist Failed to Yield - Sign-Controlled Intersection",8,"Intersection","June","C: Possible Injury",30420,"Motorist Drive Out - Sign-Controlled Intersection",2010,"Yes","No","Daylight","Curve - Level","State Secondary Route","Dry","Two-Way, Not Divided","None","T-Intersection","Smooth Asphalt",0,0,0,0,0,0,0,"4 lanes",2,0,NA,0,NA
6022,3982,"Lumberton","Robeson","Coastal","Commercial","Urban (>70% Developed)",NA,"Urban","30 - 35  MPH","No Control Present","Clear","No",42,"40-49","No",NA,"Facing Traffic","O: No Injury","Sidewalk / Crosswalk / Driveway Crossing","White","Female",60,"60-69","No",NA,"0-5 mph","O: No Injury","White","Male","Passenger Car","No","07MAY2010","Friday","Motorist Failed to Yield - Sign-Controlled Intersection",11,"Intersection","May","O: No Injury",39780,"Motorist Drive Out - Sign-Controlled Intersection",2010,"No","No","Daylight","Straight - Level","Local Street","Dry","Two-Way, Not Divided","None","No Special Feature","Coarse Asphalt",0,0,0,0,0,0,0,"4 lanes",2,0,NA,0,NA
6023,3983,"Wilmington","New Hanover","Coastal","Commercial","Urban (>70% Developed)",NA,"Urban","40 - 45  MPH","Stop And Go Signal","Clear","No",54,"50-59","No",NA,"With Traffic","C: Possible Injury","Travel Lane","White","Male",50,"50-59","No",NA,"21-25 mph","O: No Injury","White","Male","Passenger Car","No","20MAY2010","Thursday","Motorist Right Turn / Merge",18,"Intersection","May","C: Possible Injury",65040,"Motorist Right Turn - Same Direction",2010,"Yes","No","Daylight","Straight - Level","Local Street","Dry","Two-Way, Divided, Unprotected Median","None","Four-Way Intersection","Coarse Asphalt",0,0,0,0,0,0,0,"6 lanes",2,0,NA,0,NA
6024,3986,"Salisbury","Rowan","Piedmont","Commercial","Urban (>70% Developed)",NA,"Urban","30 - 35  MPH","Stop And Go Signal","Clear","No",42,"40-49","No",NA,"Facing Traffic","O: No Injury","Sidewalk / Crosswalk / Driveway Crossing","White","Male",54,"50-59","No",NA,"11-15 mph","O: No Injury","White","Male","Pickup","No","10JUN2010","Thursday","Bicyclist Failed to Yield - Signalized Intersection",13,"Intersection","June","O: No Injury",47100,"Bicyclist Ride Out - Signalized  Intersection",2010,"No","No","Daylight","Straight - Level","Local Street","Dry","Two-Way, Not Divided","None","Four-Way Intersection","Smooth Asphalt",0,0,0,0,0,0,0,"4 lanes",2,0,NA,0,NA
6025,4746,"Wilmington","New Hanover","Coastal","Residential","Urban (>70% Developed)",NA,"Urban",NA,"No Control Present","Cloudy","No",22,"20-24","No",NA,"Facing Traffic","C: Possible Injury","Travel Lane","Black","Male",24,"20-24","No",NA,NA,"O: No Injury","White","Male","Passenger Car","No","10APR2009","Friday","Bicyclist Failed to Yield - Sign-Controlled Intersection",22,"Intersection","April","C: Possible Injury",81900,"Bicyclist Ride Through - Sign-Controlled Intersection",2009,"Yes","No","Dark - Lighted Roadway","Straight - Level","Local Street","Dry","Two-Way, Not Divided","None","No Special Feature","Coarse Asphalt",0,0,0,0,0,0,0,"2 lanes",2,0,NA,0,NA
6026,4749,"None - Rural Crash","Rowan","Piedmont","Farms, Woods, Pastures","Rural (<30% Developed)",NA,"Rural","50 - 55  MPH","Double Yellow Line, No Passing Zone","Clear","No",38,"30-39","No",NA,"With Traffic","B: Evident Injury","Travel Lane","White","Male",57,"50-59","No",NA,"0-5 mph","O: No Injury","White","Female","Sport Utility","No","08MAR2009","Sunday","Loss of Control / Turning Error",11,"Intersection-Related","March","B: Evident Injury",40740,"Motorist Turning Error - Left Turn",2009,"Yes","No","Daylight","Straight - Level","State Secondary Route","Dry","Two-Way, Not Divided","None","No Special Feature","Smooth Asphalt",0,0,0,0,0,0,0,"2 lanes",2,0,NA,0,NA
6027,4764,"Shelby","Cleveland","Mountains","Commercial","Urban (>70% Developed)",NA,"Urban","40 - 45  MPH","No Control Present","Clear","No",51,"50-59","No",NA,"Not Applicable","K: Killed","Travel Lane","Black","Male",55,"50-59","Yes",NA,"36-40 mph","C: Possible Injury","White","Male","Passenger Car","Yes","17APR2009","Friday","Bicyclist Failed to Yield - Midblock",21,"Non-Intersection","April","K: Killed",76260,"Bicyclist Ride Out - Other Midblock",2009,"Yes","No","Dark - Roadway Not Lighted","Straight - Level","US Route","Dry","Two-Way, Divided, Unprotected Median","None","No Special Feature","Smooth Asphalt",0,0,0,0,0,0,0,NA,2,0,NA,0,NA
6028,4770,"Charlotte","Mecklenburg","Piedmont","Residential","Urban (>70% Developed)",NA,"Urban","20 - 25  MPH","No Control Present","Clear","No",26,"25-29","No",NA,"With Traffic","C: Possible Injury","Travel Lane","White","Female",44,"40-49","No",NA,"0-5 mph","O: No Injury","White","Male","Passenger Car","No","24APR2009","Friday","Motorist Right Turn / Merge",8,"Non-Intersection","April","C: Possible Injury",30000,"Motorist Right Turn - Same Direction",2009,"No","No","Daylight","Straight - Grade","Local Street","Dry","Two-Way, Not Divided","None","No Special Feature","Smooth Asphalt",0,0,0,0,0,0,0,"2 lanes",2,0,NA,0,NA
6029,4775,"Asheboro","Randolph","Piedmont","Residential","Mixed (30% To 70% Developed)",NA,"Urban","30 - 35  MPH","No Control Present","Clear","No",11,"11-15","No",NA,"With Traffic","B: Evident Injury","Travel Lane","Hispanic","Female",30,"30-39","No",NA,"21-25 mph","O: No Injury","White","Male","Sport Utility","No","22APR2009","Wednesday","Loss of Control / Turning Error",15,"Intersection","April","B: Evident Injury",57300,"Bicyclist Lost Control - Mechanical Problems",2009,"No","No","Daylight","Straight - Level","State Secondary Route","Dry","Two-Way, Not Divided","None","Alley Intersection","Coarse Asphalt",0,0,0,0,0,0,0,"2 lanes",2,0,NA,0,NA
6030,4776,"Southern Shores","Dare","Coastal","Commercial","Urban (>70% Developed)",NA,"Rural","30 - 35  MPH","No Control Present","Clear","No",NA,"70+","No",NA,"Not Applicable","K: Killed","Non-Roadway","White","Male",26,"25-29","No",NA,"26-30 mph","O: No Injury","White","Male","Pickup","No","28MAR2009","Saturday","Bicyclist Failed to Yield - Midblock",13,"Non-Intersection","March","K: Killed",48420,"Bicyclist Ride Out - Commercial Driveway / Alley",2009,"Yes","No","Daylight","Curve - Hillcrest","NC Route","Dry","Two-Way, Not Divided","None","No Special Feature","Coarse Asphalt",0,0,0,0,0,0,0,"4 lanes",2,0,NA,0,NA
6031,4779,"Winston-Salem","Forsyth","Piedmont","Institutional","Urban (>70% Developed)",NA,"Urban","30 - 35  MPH","No Control Present","Clear","No",28,"25-29","No",NA,"With Traffic","B: Evident Injury","Travel Lane","White","Male",44,"40-49","No",NA,"0-5 mph","O: No Injury","Black","Female","Passenger Car","No","21APR2009","Tuesday","Motorist Left Turn / Merge",15,"Intersection","April","B: Evident Injury",56100,"Motorist Left Turn - Opposite Direction",2009,"Yes","No","Daylight","Straight - Grade","Local Street","Dry","Two-Way, Not Divided","None","T-Intersection","Smooth Asphalt",0,0,0,0,0,0,0,"2 lanes",2,0,NA,0,NA
6032,4780,"Asheville","Buncombe","Mountains","Commercial","Urban (>70% Developed)",NA,"Urban","30 - 35  MPH","No Control Present","Clear","No",22,"20-24","No",NA,"With Traffic","B: Evident Injury","Travel Lane","White","Male",49,"40-49","No",NA,"21-25 mph","Unknown Injury","White","Male","Passenger Car","No","22APR2009","Wednesday","Motorist Right Turn / Merge",9,"Intersection","April","B: Evident Injury",35940,"Motorist Right Turn - Same Direction",2009,"No","No","Daylight","Straight - Level","US Route","Dry","Two-Way, Not Divided","None","Other","Coarse Asphalt",0,0,0,0,0,0,0,"4 lanes",2,0,NA,0,NA
6033,4785,"Raleigh","Wake","Piedmont","Residential","Mixed (30% To 70% Developed)",NA,"Urban","40 - 45  MPH","No Control Present","Clear","No",43,"40-49","No",NA,"With Traffic","C: Possible Injury","Other","Black","Male",NA,NA,"Missing",NA,"41-45 mph","Unknown Injury","Unknown/Missing",NA,NA,"No","04APR2009","Saturday","Motorist Overtaking Bicyclist",17,"Non-Intersection","April","C: Possible Injury",61440,"Motorist Overtaking - Misjudged Space",2009,"No","Yes","Dusk","Straight - Level","Local Street","Dry","Two-Way, Not Divided","None","No Special Feature","Smooth Asphalt",0,0,0,0,0,0,0,"2 lanes",2,0,NA,0,NA
6034,4792,"None - Rural Crash","Pender","Coastal","Commercial","Urban (>70% Developed)",NA,"Rural","40 - 45  MPH","No Control Present","Clear","No",26,"25-29","No",NA,"Not Applicable","C: Possible Injury","Non-Roadway","White","Male",20,"20-24","No",NA,"41-45 mph","O: No Injury","White","Male","Pickup","No","08MAY2009","Friday","Bicyclist Failed to Yield - Midblock",15,"Non-Intersection","May","C: Possible Injury",55800,"Bicyclist Ride Out - Commercial Driveway / Alley",2009,"Yes","No","Daylight","Straight - Level","US Route","Dry","Two-Way, Not Divided","None","Driveway, Public","Coarse Asphalt",0,0,0,0,0,0,0,"5 lanes",2,0,NA,0,NA
6035,4797,"Durham","Durham","Piedmont","Commercial","Urban (>70% Developed)",NA,"Urban","30 - 35  MPH","Stop Sign","Clear","No",31,"30-39","No",NA,"With Traffic","C: Possible Injury","Travel Lane","White","Female",27,"25-29","No",NA,"0-5 mph","O: No Injury","White","Male","Pickup","No","13MAY2009","Wednesday","Motorist Failed to Yield - Sign-Controlled Intersection",12,"Intersection","May","C: Possible Injury",43680,"Motorist Drive Out - Sign-Controlled Intersection",2009,"Yes","No","Daylight","Straight - Level","Local Street","Dry","Two-Way, Not Divided","None","Four-Way Intersection","Smooth Asphalt",0,0,0,0,0,0,0,"4 lanes",2,0,NA,0,NA
6036,4801,"Mebane","Alamance","Piedmont","Commercial","Urban (>70% Developed)",NA,"Urban","30 - 35  MPH","Stop And Go Signal","Clear","No",35,"30-39","No",NA,"Not Applicable","C: Possible Injury",NA,"White","Male",38,"30-39","No",NA,"31-35 mph","O: No Injury","White","Male","Pickup","No","08MAY2009","Friday","Bicyclist Failed to Yield - Midblock",19,"Non-Intersection","May","C: Possible Injury",69360,"Bicyclist Ride Out - Residential Driveway",2009,"Yes","No","Daylight","Straight - Level","Local Street","Dry","Two-Way, Not Divided","None","No Special Feature","Smooth Asphalt",0,0,0,0,0,0,0,"3 lanes",2,0,NA,0,NA
6037,4804,"None - Rural Crash","Brunswick","Coastal","Residential","Rural (<30% Developed)",NA,"Rural","40 - 45  MPH","No Control Present","Clear","No",8,"6-10","No",NA,"Facing Traffic","C: Possible Injury","Travel Lane","Black","Male",21,"20-24","No",NA,"6-10 mph","O: No Injury","White","Female","Passenger Car","No","09MAY2009","Saturday","Bicyclist Right Turn / Merge",15,"Non-Intersection","May","C: Possible Injury",57000,"Bicyclist Right Turn - Same Direction",2009,"No","No","Daylight","Curve - Level","State Secondary Route","Dry","Two-Way, Not Divided","None","No Special Feature","Coarse Asphalt",0,0,0,0,0,0,0,"2 lanes",2,0,NA,0,NA
6038,4808,"Gibson","Scotland","Coastal","Residential","Rural (<30% Developed)",NA,"Rural","30 - 35  MPH","Stop Sign","Clear","No",45,"40-49","No",NA,"With Traffic","A: Disabling Injury","Travel Lane","Black","Male",30,"30-39","No",NA,"31-35 mph","C: Possible Injury","White","Male","Pickup","No","30APR2009","Thursday","Bicyclist Failed to Yield - Sign-Controlled Intersection",15,"Intersection","April","A: Disabling Injury",54960,"Bicyclist Ride Through - Sign-Controlled Intersection",2009,"Yes","No","Daylight","Curve - Level","NC Route","Dry","Two-Way, Not Divided","None","T-Intersection","Smooth Asphalt",0,0,0,0,0,0,0,"2 lanes",2,0,NA,0,NA
6039,4817,"Fayetteville","Cumberland","Coastal","Residential","Urban (>70% Developed)",NA,"Urban","20 - 25  MPH","No Control Present","Clear","No",12,"11-15","No",NA,"Not Applicable","B: Evident Injury","Non-Roadway","Black","Male",54,"50-59","No",NA,"21-25 mph","O: No Injury","Black","Female","Van","No","10MAY2009","Sunday","Bicyclist Failed to Yield - Midblock",18,"Non-Intersection","May","B: Evident Injury",67200,"Bicyclist Ride Out - Other Midblock",2009,"Yes","No","Daylight","Straight - Level","Local Street","Dry","Two-Way, Not Divided","None","No Special Feature","Coarse Asphalt",0,0,0,0,0,0,0,"2 lanes",2,0,NA,0,NA
6040,4825,"Rocky Mount","Edgecombe","Coastal","Commercial","Urban (>70% Developed)",NA,"Urban","30 - 35  MPH","No Control Present","Clear","No",62,"60-69","No",NA,"With Traffic","C: Possible Injury","Travel Lane","Black","Male",NA,"70+","No",NA,"26-30 mph","O: No Injury","Black","Male","Pickup","No","09APR2009","Thursday","Bicyclist Left Turn / Merge",14,"Non-Intersection","April","C: Possible Injury",50400,"Bicyclist Left Turn - Same Direction",2009,"No","No","Daylight","Straight - Level","Local Street","Dry","Two-Way, Divided, Unprotected Median","None","No Special Feature","Smooth Asphalt",0,0,0,0,0,0,0,"4 lanes",2,0,NA,0,NA
6041,4828,"Durham","Durham","Piedmont","Residential","Urban (>70% Developed)",NA,"Urban","30 - 35  MPH","Stop And Go Signal","Clear","No",24,"20-24","No",NA,"With Traffic","C: Possible Injury","Travel Lane","White","Male",46,"40-49","No",NA,"6-10 mph","O: No Injury","Black","Male","Passenger Car","No","25MAY2009","Monday","Motorist Left Turn / Merge",18,"Intersection","May","C: Possible Injury",65640,"Motorist Left Turn - Opposite Direction",2009,"Yes","No","Daylight","Straight - Level","Local Street","Dry","Two-Way, Not Divided","None","No Special Feature","Smooth Asphalt",0,0,0,0,0,0,0,"5 lanes",2,0,NA,0,NA
6042,4829,"None - Rural Crash","Buncombe","Mountains","Farms, Woods, Pastures","Rural (<30% Developed)",NA,"Rural","50 - 55  MPH","No Control Present","Clear","No",49,"40-49","No",NA,"With Traffic","B: Evident Injury","Bike Lane / Paved Shoulder","White","Male",28,"25-29","No",NA,"36-40 mph","O: No Injury","White","Male","Passenger Car","No","28MAY2009","Thursday","Motorist Overtaking Bicyclist",21,"Non-Intersection","May","B: Evident Injury",75960,"Motorist Overtaking - Other / Unknown",2009,"Yes","No","Dark - Roadway Not Lighted","Straight - Level","NC Route","Dry","Two-Way, Not Divided","None","No Special Feature","Smooth Asphalt",0,0,0,0,0,0,0,"5 lanes",2,0,NA,0,NA
6043,4833,"None - Rural Crash","Cabarrus","Piedmont","Residential","Mixed (30% To 70% Developed)",NA,"Rural","30 - 35  MPH","No Control Present","Clear","No",10,"6-10","No",NA,"Not Applicable","B: Evident Injury","Driveway / Alley","Black","Male",22,"20-24","No",NA,"31-35 mph","O: No Injury","Black","Male","Passenger Car","No","16MAY2009","Saturday","Loss of Control / Turning Error",19,"Non-Intersection","May","B: Evident Injury",70200,"Bicyclist Lost Control - Other / Unknown",2009,"Yes","No","Daylight","Curve - Grade","State Secondary Route","Dry","Two-Way, Not Divided","None","No Special Feature","Coarse Asphalt",0,0,0,0,0,0,0,"2 lanes",2,0,NA,0,NA
6044,4835,"Rocky Mount","Nash","Coastal","Residential","Urban (>70% Developed)",NA,"Urban","30 - 35  MPH","No Control Present","Cloudy","No",50,"50-59","No",NA,"Not Applicable","C: Possible Injury","Sidewalk / Crosswalk / Driveway Crossing","Black","Male",19,"0-19","No",NA,"0-5 mph","O: No Injury","Black","Female","Passenger Car","No","01APR2009","Wednesday","Motorist Failed to Yield - Sign-Controlled Intersection",15,"Intersection","April","C: Possible Injury",56460,"Motorist Drive Out - Sign-Controlled Intersection",2009,"Yes","No","Daylight","Straight - Level","Local Street","Dry","Two-Way, Not Divided","None","No Special Feature","Smooth Asphalt",0,0,0,0,0,0,0,"5 lanes",2,0,NA,0,NA
6045,4838,"None - Rural Crash","Robeson","Coastal","Farms, Woods, Pastures","Rural (<30% Developed)",NA,"Rural","50 - 55  MPH","No Control Present","Clear","No",24,"20-24","No",NA,"With Traffic","O: No Injury","Travel Lane","White","Male",29,"25-29","No",NA,"51-55 mph","O: No Injury","White","Male","Passenger Car","No","30MAY2009","Saturday","Motorist Overtaking Bicyclist",21,"Non-Intersection","May","O: No Injury",77280,"Motorist Overtaking - Misjudged Space",2009,"No","No","Dark - Roadway Not Lighted","Straight - Level","NC Route","Dry","Two-Way, Not Divided","None","No Special Feature","Coarse Asphalt",0,0,0,0,0,0,0,"2 lanes",2,0,NA,0,NA
6046,4839,"None - Rural Crash","Burke","Mountains","Residential","Mixed (30% To 70% Developed)",NA,"Rural","50 - 55  MPH","Stop Sign","Clear","No",33,"30-39","No",NA,"With Traffic","B: Evident Injury","Travel Lane","White","Female",65,"60-69","No",NA,"0-5 mph","O: No Injury","White","Female","School Bus","No","08MAY2009","Friday","Other / Unusual Circumstances",15,"Intersection","May","B: Evident Injury",56700,"Bicyclist Intentionally Caused",2009,"No","No","Daylight","Straight - Level","State Secondary Route","Dry","Two-Way, Not Divided","None","Related To Intersection","Smooth Asphalt",0,0,0,0,0,0,0,"2 lanes",2,0,NA,0,NA
6047,4840,"Fayetteville","Cumberland","Coastal","Residential","Urban (>70% Developed)",NA,"Urban","20 - 25  MPH","Stop Sign","Clear","No",25,"25-29","No",NA,"With Traffic","B: Evident Injury","Travel Lane","Black","Male",30,"30-39","No",NA,"21-25 mph","O: No Injury","White","Male","Passenger Car","No","31MAY2009","Sunday","Bicyclist Failed to Yield - Sign-Controlled Intersection",12,"Intersection","May","B: Evident Injury",45120,"Bicyclist Ride Out - Sign-Controlled Intersection",2009,"Yes","No","Daylight","Straight - Level","Local Street","Dry","Two-Way, Not Divided","None","Four-Way Intersection","Concrete",0,0,0,0,0,0,0,"2 lanes",2,0,NA,0,NA
6048,4844,"Gastonia","Gaston","Piedmont","Commercial","Urban (>70% Developed)",NA,"Urban","40 - 45  MPH","Stop And Go Signal","Cloudy","No",18,"16-19","No",NA,"With Traffic","C: Possible Injury","Travel Lane","White","Male",43,"40-49","No",NA,"36-40 mph","O: No Injury","White","Male","Passenger Car","No","13MAY2009","Wednesday","Crossing Paths - Other Circumstances",16,"Intersection","May","C: Possible Injury",58920,"Crossing Paths - Intersection - Other / Unknown",2009,"Yes","No","Daylight","Straight - Level","State Secondary Route","Dry","Two-Way, Not Divided","None","Four-Way Intersection","Smooth Asphalt",0,0,0,0,0,0,0,"5 lanes",2,0,NA,0,NA
6049,4845,"Fayetteville","Cumberland","Coastal","Commercial","Urban (>70% Developed)",NA,"Urban","30 - 35  MPH","No Control Present","Clear","No",21,"20-24","No",NA,"Not Applicable","O: No Injury","Other","Black","Male",NA,"70+","No",NA,"16-20 mph","O: No Injury","Black","Male","Passenger Car","No","20MAY2009","Wednesday","Bicyclist Failed to Yield - Midblock",21,"Non-Intersection","May","O: No Injury",78360,"Bicyclist Ride Out - Midblock - Unknown",2009,"No","No","Dark - Lighted Roadway","Straight - Level","Local Street","Dry","Two-Way, Not Divided","None","No Special Feature","Concrete",0,0,0,0,0,0,0,"4 lanes",2,0,NA,0,NA
6050,4862,"Kenly","Johnston","Coastal","Residential","Urban (>70% Developed)",NA,"Rural","30 - 35  MPH","Stop Sign","Cloudy","No",16,"16-19","No",NA,"With Traffic","C: Possible Injury","Travel Lane","Black","Male",NA,"70+","No",NA,"0-5 mph","O: No Injury","White","Male","Pickup","No","06JUN2009","Saturday","Motorist Left Turn / Merge",13,"Intersection","June","C: Possible Injury",48300,"Motorist Left Turn - Opposite Direction",2009,"Yes","No","Daylight","Straight - Level","Local Street","Dry","Two-Way, Divided, Unprotected Median","None","No Special Feature","Coarse Asphalt",0,0,0,0,0,0,0,"2 lanes",2,0,NA,0,NA
6051,4864,"Charlotte","Mecklenburg","Piedmont","Commercial","Urban (>70% Developed)",NA,"Urban","40 - 45  MPH","Stop And Go Signal","Clear","No",21,"20-24","No",NA,"Facing Traffic","C: Possible Injury","Travel Lane","Black","Female",24,"20-24","No",NA,"0-5 mph","O: No Injury","White","Male","Sport Utility","No","21MAY2009","Thursday","Crossing Paths - Other Circumstances",19,"Intersection","May","C: Possible Injury",68940,"Signalized Intersection - Other / Unknown",2009,"No","No","Daylight","Straight - Level","Local Street","Dry","Two-Way, Divided, Unprotected Median","None","No Special Feature","Smooth Asphalt",0,0,0,0,0,0,0,"4 lanes",2,0,NA,0,NA
6052,4869,"Charlotte","Mecklenburg","Piedmont","Commercial","Urban (>70% Developed)",NA,"Urban","30 - 35  MPH","No Control Present","Clear","No",30,"30-39","No",NA,"With Traffic","C: Possible Injury","Travel Lane","White","Female",NA,NA,"Missing",NA,"31-35 mph","Unknown Injury","Unknown/Missing",NA,"Passenger Car","No","23MAY2009","Saturday","Motorist Overtaking Bicyclist",1,"Non-Intersection","May","C: Possible Injury",5280,"Motorist Overtaking - Other / Unknown",2009,"No","Yes","Dark - Lighted Roadway","Straight - Grade","Local Street","Dry","One-Way, Not Divided","None","No Special Feature","Smooth Asphalt",0,0,0,0,0,0,0,"2 lanes",4,0,NA,0,NA
6053,4871,"Washington","Beaufort","Coastal","Residential","Urban (>70% Developed)",NA,"Urban","20 - 25  MPH","Stop Sign","Clear","No",10,"6-10","No",NA,"With Traffic","B: Evident Injury","Travel Lane","Black","Male",30,"30-39","No",NA,"21-25 mph","O: No Injury","Black","Male","Van","No","27MAY2009","Wednesday","Bicyclist Failed to Yield - Sign-Controlled Intersection",10,"Intersection","May","B: Evident Injury",39420,"Bicyclist Ride Through - Sign-Controlled Intersection",2009,"Yes","No","Daylight","Straight - Level","Local Street","Dry","Two-Way, Not Divided","None","Four-Way Intersection","Coarse Asphalt",0,0,0,0,0,0,0,"2 lanes",2,0,NA,0,NA
6054,4878,"Wrightsville Beach","New Hanover","Coastal","Residential","Urban (>70% Developed)",NA,"Rural","20 - 25  MPH","No Control Present","Clear","No",32,"30-39","No",NA,"With Traffic","Unknown Injury","Travel Lane","White","Male",NA,NA,"Missing",NA,"21-25 mph","Unknown Injury","Unknown/Missing",NA,NA,"No","25MAY2009","Monday","Motorist Overtaking Bicyclist",17,"Non-Intersection","May","Unknown Injury",61200,"Motorist Overtaking - Misjudged Space",2009,"No","Yes","Daylight","Straight - Level","Local Street","Dry","Two-Way, Not Divided","None","No Special Feature","Smooth Asphalt",0,0,0,0,0,0,0,"2 lanes",2,0,NA,0,NA
6055,4881,"Raleigh","Wake","Piedmont","Commercial","Urban (>70% Developed)",NA,"Urban","30 - 35  MPH","No Control Present","Clear","Yes",22,"20-24","No",NA,"With Traffic","C: Possible Injury","Travel Lane","White","Male",NA,NA,"Missing",NA,"31-35 mph","Unknown Injury","Unknown/Missing",NA,NA,"No","21MAY2009","Thursday","Motorist Overtaking Bicyclist",2,"Non-Intersection","May","C: Possible Injury",10440,"Motorist Overtaking - Other / Unknown",2009,"No","Yes","Dark - Lighted Roadway","Straight - Level","Local Street","Dry","Two-Way, Not Divided","None","No Special Feature","Smooth Asphalt",0,0,0,0,0,0,0,"2 lanes",2,0,NA,0,NA
6056,4883,"Raleigh","Wake","Piedmont","Residential","Urban (>70% Developed)",NA,"Urban","30 - 35  MPH","Stop And Go Signal","Clear","No",53,"50-59","No",NA,"With Traffic","C: Possible Injury","Travel Lane","Black","Male",22,"20-24","No",NA,"16-20 mph","O: No Injury","Black","Female","Passenger Car","No","23APR2009","Thursday","Crossing Paths - Other Circumstances",17,"Intersection","April","C: Possible Injury",62160,"Signalized Intersection - Other / Unknown",2009,"Yes","No","Daylight","Straight - Level","Local Street","Dry","One-Way, Not Divided","None","No Special Feature","Concrete",0,0,0,0,0,0,0,"3 lanes",2,0,NA,0,NA
6057,4886,"None - Rural Crash","Brunswick","Coastal","Farms, Woods, Pastures","Rural (<30% Developed)",NA,"Rural","50 - 55  MPH","Double Yellow Line, No Passing Zone","Clear","No",44,"40-49","Yes",NA,"With Traffic","B: Evident Injury","Travel Lane","White","Male",NA,NA,"Missing",NA,NA,"Unknown Injury","Unknown/Missing",NA,NA,"Yes","11JUN2009","Thursday","Motorist Overtaking Bicyclist",20,"Non-Intersection","June","B: Evident Injury",74340,"Motorist Overtaking - Misjudged Space",2009,"Yes","Yes","Dark - Roadway Not Lighted","Curve - Level","State Secondary Route","Dry","Two-Way, Not Divided","None","No Special Feature","Coarse Asphalt",0,0,0,0,0,0,0,"2 lanes",2,0,NA,0,NA
6058,4890,"Edenton","Chowan","Coastal","Residential","Mixed (30% To 70% Developed)",NA,"Urban","20 - 25  MPH","Stop Sign","Clear","No",5,"0-5","No",NA,"Facing Traffic","B: Evident Injury","Sidewalk / Crosswalk / Driveway Crossing","Black","Male",24,"20-24","No",NA,NA,"O: No Injury","Black","Female","Van","No","31MAY2009","Sunday","Motorist Failed to Yield - Midblock",14,"Non-Intersection","May","B: Evident Injury",52500,"Motorist Drive Out - Commercial Driveway / Alley",2009,"No","No","Daylight","Straight - Level","Local Street","Dry","Two-Way, Divided, Unprotected Median","None","No Special Feature","Coarse Asphalt",0,0,0,0,0,0,0,"2 lanes",2,0,NA,0,NA
6059,4894,"Greenville","Pitt","Coastal","Residential","Urban (>70% Developed)",NA,"Urban","20 - 25  MPH","Stop Sign","Clear","No",44,"40-49","No",NA,NA,"B: Evident Injury","Sidewalk / Crosswalk / Driveway Crossing","Black","Male",38,"30-39","No",NA,"21-25 mph","O: No Injury","Hispanic","Male","Passenger Car","No","03JUN2009","Wednesday","Parallel Paths - Other Circumstances",16,"Non-Intersection","June","B: Evident Injury",59400,"Bicyclist Ride Out - Parallel Path",2009,"Yes","No","Daylight","Straight - Level","Local Street","Dry","Two-Way, Not Divided","None","Four-Way Intersection","Coarse Asphalt",0,0,0,0,0,0,0,"2 lanes",2,0,NA,0,NA