"...1","object_id","city","county","region","development","locality","on_road","rural_urban","speed_limit","traffic_control","weather","workzone","bike_age","bike_age_group","bike_alcohol","bike_alcohol_drugs","bike_direction","bike_injury","bike_position","bike_race","bike_sex","driver_age","driver_age_group","driver_alcohol","driver_alcohol_drugs","driver_est_speed","driver_injury","driver_race","driver_sex","driver_vehicle_type","crash_alcohol","crash_date","crash_day","crash_group","crash_hour","crash_location","crash_month","crash_severity","crash_time","crash_type","crash_year","ambulance_req","hit_run","light_condition","road_character","road_class","road_condition","road_configuration","road_defects","road_feature","road_surface","num_bikes_ai","num_bikes_bi","num_bikes_ci","num_bikes_ki","num_bikes_no","num_bikes_to","num_bikes_ui","num_lanes","num_units","distance_mi_from","frm_road","rte_invd_cd","towrd_road"
6141,3237,"Charlotte","Mecklenburg","Piedmont","Residential","Urban (>70% Developed)",NA,"Urban","30 - 35  MPH","No Control Present","Cloudy","No",52,"50-59","No",NA,"With Traffic","C: Possible Injury","Travel Lane","Black","Male",22,"20-24","Yes",NA,"31-35 mph","O: No Injury","White","Male","Passenger Car","Yes","16JUL2011","Saturday","Motorist Overtaking Bicyclist",0,"Intersection-Related","July","C: Possible Injury",2880,"Motorist Overtaking - Undetected Bicyclist",2011,"Yes","No","Dark - Roadway Not Lighted","Curve - Grade","Local Street","Dry","Two-Way, Not Divided","None","No Special Feature","Smooth Asphalt",0,0,0,0,0,0,0,"2 lanes",2,0,NA,0,NA
6142,3238,"Charlotte","Mecklenburg","Piedmont","Residential","Urban (>70% Developed)",NA,"Urban","5 - 15 MPH","No Control Present","Clear","No",10,"6-10","No",NA,"Not Applicable","B: Evident Injury","Non-Roadway","Black","Male",40,"40-49","No",NA,"6-10 mph","O: No Injury","Hispanic","Male","Pickup","No","16JUL2011","Saturday","Non-Roadway",20,"Non-Roadway","July","B: Evident Injury",72780,"Non-Roadway",2011,"Yes","No","Daylight","Straight - Level","Public Vehicular Area","Dry","Two-Way, Not Divided","None","No Special Feature","Smooth Asphalt",0,0,0,0,0,0,0,NA,2,0,NA,0,NA
6143,3244,"Fayetteville","Cumberland","Coastal","Residential","Urban (>70% Developed)",NA,"Urban","30 - 35  MPH","Stop Sign","Cloudy","No",40,"40-49","No",NA,"With Traffic","C: Possible Injury","Travel Lane","Black","Male",22,"20-24","No",NA,"6-10 mph","O: No Injury","Black","Male","Passenger Car","No","06JUL2011","Wednesday","Motorist Failed to Yield - Sign-Controlled Intersection",6,"Intersection-Related","July","C: Possible Injury",24000,"Motorist Drive Out - Sign-Controlled Intersection",2011,"No","No","Daylight","Straight - Level","Local Street","Dry","Two-Way, Not Divided","None","No Special Feature","Coarse Asphalt",0,0,0,0,0,0,0,"2 lanes",2,0,NA,0,NA
6144,3246,"Elizabeth City","Pasquotank","Coastal","Residential","Urban (>70% Developed)",NA,"Urban","40 - 45  MPH","Stop Sign","Clear","No",26,"25-29","No",NA,"With Traffic","B: Evident Injury","Travel Lane","White","Male",27,"25-29","No",NA,"21-25 mph","O: No Injury","White","Male","Passenger Car","No","18JUL2011","Monday","Motorist Failed to Yield - Sign-Controlled Intersection",15,"Intersection","July","B: Evident Injury",57420,"Motorist Drive Out - Sign-Controlled Intersection",2011,"Yes","Yes","Daylight","Straight - Level","Local Street","Dry","Two-Way, Not Divided","None","No Special Feature","Smooth Asphalt",0,0,0,0,0,0,0,"2 lanes",2,0,NA,0,NA
6145,3248,"Charlotte","Mecklenburg","Piedmont","Commercial","Urban (>70% Developed)",NA,"Urban","30 - 35  MPH","No Control Present","Clear","No",12,"11-15","No",NA,"With Traffic","B: Evident Injury","Travel Lane","Black","Male",NA,"70+","No",NA,"11-15 mph","O: No Injury","White","Male","Passenger Car","No","19JUL2011","Tuesday","Bicyclist Left Turn / Merge",13,"Non-Intersection","July","B: Evident Injury",47040,"Bicyclist Left Turn - Opposite Direction",2011,"Yes","No","Daylight","Curve - Bottom","Local Street","Dry","Two-Way, Divided, Unprotected Median","None","No Special Feature","Smooth Asphalt",0,0,0,0,0,0,0,"2 lanes",2,0,NA,0,NA
6146,3249,"Concord","Cabarrus","Piedmont","Residential","Urban (>70% Developed)",NA,"Urban","30 - 35  MPH","Stop Sign","Clear","No",61,"60-69","No",NA,"With Traffic","B: Evident Injury","Bike Lane / Paved Shoulder","White","Male",68,"60-69","No",NA,"0-5 mph","O: No Injury","White","Female","Passenger Car","No","21JUL2011","Thursday","Motorist Failed to Yield - Sign-Controlled Intersection",18,"Intersection","July","B: Evident Injury",66900,"Motorist Drive Out - Sign-Controlled Intersection",2011,"Yes","No","Daylight","Straight - Level","Local Street","Dry","Two-Way, Not Divided","None","T-Intersection","Smooth Asphalt",0,0,0,0,0,0,0,"2 lanes",2,0,NA,0,NA
6147,3250,"Charlotte","Mecklenburg","Piedmont","Residential","Urban (>70% Developed)",NA,"Urban","20 - 25  MPH","No Control Present","Clear","No",22,"20-24","No",NA,"Facing Traffic","B: Evident Injury","Sidewalk / Crosswalk / Driveway Crossing","Black","Male",64,"60-69","No",NA,"0-5 mph","O: No Injury","Black","Male","Van","No","22JUL2011","Friday","Motorist Failed to Yield - Sign-Controlled Intersection",17,"Intersection","July","B: Evident Injury",62460,"Motorist Drive Out - Sign-Controlled Intersection",2011,"Yes","No","Daylight","Straight - Level","Local Street","Dry","Two-Way, Not Divided","Obstruction In Roadway","T-Intersection","Smooth Asphalt",0,0,0,0,0,0,0,"2 lanes",2,0,NA,0,NA
6148,3253,"Wilmington","New Hanover","Coastal","Residential","Urban (>70% Developed)",NA,"Urban","40 - 45  MPH","No Control Present","Clear","No",NA,NA,"Missing",NA,"With Traffic","Unknown Injury","Travel Lane","Unknown/Missing",NA,38,"30-39","No",NA,"31-35 mph","O: No Injury","White","Female","Passenger Car","No","20JUL2011","Wednesday","Bicyclist Left Turn / Merge",12,"Non-Intersection","July","O: No Injury",46080,"Bicyclist Left Turn - Same Direction",2011,"Yes","No","Daylight","Straight - Level","Local Street","Dry","Two-Way, Divided, Positive Median Barrier","None","No Special Feature","Smooth Asphalt",0,0,0,0,0,0,0,"5 lanes",2,0,NA,0,NA
6149,3254,"Tabor City","Columbus","Coastal","Commercial","Mixed (30% To 70% Developed)",NA,"Rural","50 - 55  MPH","No Control Present","Clear","No",42,"40-49","Yes",NA,"With Traffic","B: Evident Injury","Travel Lane","Hispanic","Male",44,"40-49","No",NA,"41-45 mph","O: No Injury","White","Male","Pickup","Yes","23JUL2011","Saturday","Motorist Overtaking Bicyclist",0,"Non-Intersection","July","B: Evident Injury",1440,"Motorist Overtaking - Other / Unknown",2011,"Yes","No","Dark - Roadway Not Lighted","Straight - Level","US Route","Dry","Two-Way, Divided, Unprotected Median","None","No Special Feature","Coarse Asphalt",0,0,0,0,0,0,0,"2 lanes",2,0,NA,0,NA
6150,3257,"Winston-Salem","Forsyth","Piedmont","Commercial","Urban (>70% Developed)",NA,"Urban",NA,"No Control Present","Clear","No",48,"40-49","No",NA,"Facing Traffic","C: Possible Injury","Sidewalk / Crosswalk / Driveway Crossing","Black","Male",22,"20-24","No",NA,"0-5 mph","O: No Injury","White","Female","Pickup","No","21JUL2011","Thursday","Motorist Failed to Yield - Midblock",12,"Non-Intersection","July","C: Possible Injury",44520,"Motorist Drive Out - Commercial Driveway / Alley",2011,"No","No","Daylight","Straight - Level","Local Street","Dry","Two-Way, Not Divided","None","Driveway, Public","Smooth Asphalt",0,0,0,0,0,0,0,NA,2,0,NA,0,NA
6151,3261,"Raleigh","Wake","Piedmont","Residential","Urban (>70% Developed)",NA,"Urban","40 - 45  MPH","No Control Present","Clear","No",33,"30-39","No",NA,"With Traffic","B: Evident Injury","Travel Lane","White","Male",NA,NA,"Missing",NA,"41-45 mph","Unknown Injury","Unknown/Missing",NA,NA,"No","01AUG2011","Monday","Parallel Paths - Other Circumstances",20,"Non-Intersection","August","B: Evident Injury",75000,"Parallel Paths - Other / Unknown",2011,"Yes","Yes","Daylight","Straight - Grade","Local Street","Dry","Two-Way, Not Divided","None","No Special Feature","Smooth Asphalt",0,0,0,0,0,0,0,"2 lanes",2,0,NA,0,NA
6152,3274,"Charlotte","Mecklenburg","Piedmont","Commercial","Urban (>70% Developed)",NA,"Urban","40 - 45  MPH","No Control Present","Clear","No",20,"20-24","Yes",NA,"With Traffic","B: Evident Injury","Travel Lane","White","Male",NA,NA,"Missing",NA,"41-45 mph","Unknown Injury","Unknown/Missing",NA,NA,"Yes","03AUG2011","Wednesday","Motorist Overtaking Bicyclist",2,"Non-Intersection","August","B: Evident Injury",8160,"Motorist Overtaking - Other / Unknown",2011,"Yes","Yes","Dark - Lighted Roadway","Straight - Level","Local Street","Dry","Two-Way, Divided, Unprotected Median","None","No Special Feature","Smooth Asphalt",0,0,0,0,0,0,0,"2 lanes",2,0,NA,0,NA
6153,3299,"Charlotte","Mecklenburg","Piedmont","Commercial","Urban (>70% Developed)",NA,"Urban","30 - 35  MPH","No Control Present","Clear","No",34,"30-39","No",NA,"With Traffic","C: Possible Injury","Travel Lane","White","Male",53,"50-59","No",NA,"6-10 mph","O: No Injury","White","Male","Light Truck (Mini-Van, Panel)","No","10AUG2011","Wednesday","Motorist Left Turn / Merge",18,"Non-Intersection","August","C: Possible Injury",67020,"Motorist Left Turn - Opposite Direction",2011,"Yes","No","Daylight","Straight - Level","Local Street","Dry","Two-Way, Divided, Unprotected Median","None","No Special Feature","Smooth Asphalt",0,0,0,0,0,0,0,"3 lanes",2,0,NA,0,NA
6154,3300,"Charlotte","Mecklenburg","Piedmont","Commercial","Urban (>70% Developed)",NA,"Urban","40 - 45  MPH","No Control Present","Cloudy","No",41,"40-49","No",NA,"With Traffic","C: Possible Injury","Sidewalk / Crosswalk / Driveway Crossing","Black","Male",66,"60-69","No",NA,"26-30 mph","O: No Injury","White","Male","Passenger Car","No","11AUG2011","Thursday","Motorist Right Turn / Merge",8,"Non-Intersection","August","C: Possible Injury",29940,"Motorist Right Turn - Same Direction",2011,"No","No","Daylight","Straight - Grade","Local Street","Dry","Two-Way, Divided, Positive Median Barrier","None","Driveway, Public","Coarse Asphalt",0,0,0,0,0,0,0,"4 lanes",2,0,NA,0,NA
6155,3304,"Mount Airy","Surry","Mountains","Commercial","Urban (>70% Developed)",NA,"Urban",NA,"No Control Present","Clear","No",3,"0-5","No",NA,"Not Applicable","O: No Injury","Non-Roadway","Unknown/Missing",NA,66,"60-69","No",NA,"6-10 mph","O: No Injury","Black","Female","Passenger Car","No","13AUG2011","Saturday","Non-Roadway",14,"Non-Roadway","August","O: No Injury",53940,"Non-Roadway",2011,"No","No","Daylight","Straight - Level","Public Vehicular Area","Dry","Two-Way, Not Divided","None","Driveway, Public","Smooth Asphalt",0,0,0,0,0,0,0,NA,2,0,NA,0,NA
6156,3306,"Winston-Salem","Forsyth","Piedmont","Residential","Urban (>70% Developed)",NA,"Urban","30 - 35  MPH","Stop Sign","Clear","No",7,"6-10","No",NA,"With Traffic","B: Evident Injury","Travel Lane","White","Female",47,"40-49","No",NA,"6-10 mph","O: No Injury","White","Male","Passenger Car","No","11AUG2011","Thursday","Bicyclist Failed to Yield - Sign-Controlled Intersection",20,"Intersection","August","B: Evident Injury",72480,"Bicyclist Ride Out - Sign-Controlled Intersection",2011,"Yes","No","Dusk","Straight - Level","Local Street","Dry","Two-Way, Not Divided","None","T-Intersection","Smooth Asphalt",0,0,0,0,0,0,0,"4 lanes",2,0,NA,0,NA
6157,3316,"Durham","Durham","Piedmont","Residential","Urban (>70% Developed)",NA,"Urban","5 - 15 MPH","Stop Sign","Clear","No",14,"11-15","No",NA,"Facing Traffic","B: Evident Injury","Travel Lane","Hispanic","Male",18,"0-19","No",NA,"11-15 mph","O: No Injury","Black","Female","Passenger Car","No","22AUG2011","Monday","Motorist Failed to Yield - Sign-Controlled Intersection",14,"Intersection","August","B: Evident Injury",52260,"Motorist Drive Out - Sign-Controlled Intersection",2011,"Yes","No","Daylight","Straight - Hillcrest","Public Vehicular Area","Dry","Two-Way, Not Divided","None","No Special Feature","Smooth Asphalt",0,0,0,0,0,0,0,"2 lanes",2,0,NA,0,NA
6158,3323,"None - Rural Crash","Robeson","Coastal","Farms, Woods, Pastures","Rural (<30% Developed)",NA,"Rural","50 - 55  MPH","No Control Present","Cloudy","No",53,"50-59","No",NA,"With Traffic","K: Killed","Travel Lane","Native American","Male",NA,NA,"No",NA,"51-55 mph","Unknown Injury","Unknown/Missing",NA,NA,"No","26AUG2011","Friday","Motorist Overtaking Bicyclist",21,"Non-Intersection","August","K: Killed",75900,"Motorist Overtaking - Other / Unknown",2011,"Yes","Yes","Dark - Roadway Not Lighted","Straight - Level","State Secondary Route","Dry","Two-Way, Not Divided","None","No Special Feature","Coarse Asphalt",0,0,0,0,0,0,0,"2 lanes",2,0,NA,0,NA
6159,3344,"Boone","Watauga","Mountains","Commercial","Urban (>70% Developed)",NA,"Urban","30 - 35  MPH","Stop Sign","Rain","No",19,"16-19","No",NA,"With Traffic","B: Evident Injury","Travel Lane","White","Female",NA,NA,"Missing",NA,"0-5 mph","Unknown Injury","Unknown/Missing",NA,NA,"No","20AUG2011","Saturday","Motorist Failed to Yield - Sign-Controlled Intersection",13,"Intersection","August","B: Evident Injury",47460,"Motorist Drive Out - Sign-Controlled Intersection",2011,"Yes","Yes","Daylight","Straight - Level","US Route","Wet","Two-Way, Not Divided","None","T-Intersection","Coarse Asphalt",0,0,0,0,0,0,0,"4 lanes",2,0,NA,0,NA
6160,3345,"Chapel Hill","Orange","Piedmont","Residential","Urban (>70% Developed)",NA,"Urban","20 - 25  MPH","No Control Present","Clear","No",21,"20-24","No",NA,"With Traffic","B: Evident Injury","Travel Lane","White","Female",52,"50-59","No",NA,"16-20 mph","O: No Injury","White","Female","Pickup","No","26AUG2011","Friday","Motorist Right Turn / Merge",12,"Intersection","August","B: Evident Injury",44580,"Motorist Right Turn - Same Direction",2011,"No","No","Daylight","Straight - Level","Local Street","Dry","Two-Way, Not Divided","None","T-Intersection","Smooth Asphalt",0,0,0,0,0,0,0,"3 lanes",2,0,NA,0,NA
6161,3351,"Charlotte","Mecklenburg","Piedmont","Commercial","Mixed (30% To 70% Developed)",NA,"Urban","40 - 45  MPH","Stop And Go Signal","Clear","No",43,"40-49","No",NA,"Facing Traffic","C: Possible Injury","Sidewalk / Crosswalk / Driveway Crossing","Black","Male",54,"50-59","No",NA,"0-5 mph","O: No Injury","White","Male","Van","No","27AUG2011","Saturday","Loss of Control / Turning Error",17,"Intersection","August","C: Possible Injury",63780,"Motorist Turning Error - Right Turn",2011,"No","No","Daylight","Straight - Level","Local Street","Dry","Two-Way, Not Divided","None","No Special Feature","Smooth Asphalt",0,0,0,0,0,0,0,"4 lanes",2,0,NA,0,NA
6162,3352,"Burlington","Alamance","Piedmont","Commercial","Urban (>70% Developed)",NA,"Urban","30 - 35  MPH","No Control Present","Cloudy","No",45,"40-49","No",NA,"With Traffic","C: Possible Injury","Travel Lane","White","Male",NA,"70+","No",NA,"0-5 mph","O: No Injury","Black","Male","Passenger Car","No","29AUG2011","Monday","Motorist Left Turn / Merge",19,"Non-Intersection","August","C: Possible Injury",71880,"Motorist Left Turn - Opposite Direction",2011,"No","No","Dark - Lighted Roadway","Straight - Level","Local Street","Dry","Two-Way, Not Divided","None","No Special Feature","Smooth Asphalt",0,0,0,0,0,0,0,"3 lanes",2,0,NA,0,NA
6163,3353,"None - Rural Crash","Brunswick","Coastal","Residential","Mixed (30% To 70% Developed)",NA,"Rural",NA,"No Control Present","Clear","No",40,"40-49","No",NA,"Not Applicable","C: Possible Injury","Non-Roadway","White","Male",61,"60-69","No",NA,"0-5 mph","O: No Injury","White","Male","Pickup","No","29AUG2011","Monday","Non-Roadway",2,"Non-Roadway","August","C: Possible Injury",7320,"Non-Roadway",2011,"Yes","No","Dark - Roadway Not Lighted","Straight - Level","Public Vehicular Area","Dry","Two-Way, Divided, Unprotected Median","None","Driveway, Private","Coarse Asphalt",0,0,0,0,0,0,0,"2 lanes",2,0,NA,0,NA
6164,3356,"None - Rural Crash","Halifax","Coastal","Farms, Woods, Pastures","Rural (<30% Developed)",NA,"Rural","30 - 35  MPH","Stop Sign","Cloudy","No",NA,"70+","No",NA,"With Traffic","C: Possible Injury","Travel Lane","Black","Male",54,"50-59","No",NA,"21-25 mph","O: No Injury","Black","Female","Passenger Car","No","06SEP2011","Tuesday","Bicyclist Left Turn / Merge",10,"Intersection","September","C: Possible Injury",36120,"Bicyclist Left Turn - Same Direction",2011,"Yes","No","Daylight","Straight - Level","NC Route","Dry","Two-Way, Not Divided","None","No Special Feature","Smooth Asphalt",0,0,0,0,0,0,0,"2 lanes",2,0,NA,0,NA
6165,3363,"Raleigh","Wake","Piedmont","Commercial","Urban (>70% Developed)",NA,"Urban","30 - 35  MPH","No Control Present","Clear","No",27,"25-29","No",NA,"With Traffic","B: Evident Injury","Travel Lane","White","Male",21,"20-24","No",NA,"0-5 mph","O: No Injury","White","Male","Passenger Car","No","02SEP2011","Friday","Bicyclist Overtaking Motorist",13,"Non-Intersection","September","B: Evident Injury",48180,"Bicyclist Overtaking - Passing on Right",2011,"Yes","No","Daylight","Straight - Level","Local Street","Dry","Two-Way, Not Divided","None","No Special Feature","Smooth Asphalt",0,0,0,0,0,0,0,"2 lanes",2,0,NA,0,NA
6166,3365,"None - Rural Crash","Orange","Piedmont","Farms, Woods, Pastures","Rural (<30% Developed)",NA,"Rural","30 - 35  MPH","Double Yellow Line, No Passing Zone","Clear","No",57,"50-59","No",NA,"With Traffic","B: Evident Injury","Travel Lane","White","Male",59,"50-59","No",NA,"31-35 mph","O: No Injury","Black","Male","Passenger Car","No","07SEP2011","Wednesday","Bicyclist Left Turn / Merge",19,"Non-Intersection","September","B: Evident Injury",68700,"Bicyclist Left Turn - Same Direction",2011,"No","No","Daylight","Straight - Hillcrest","State Secondary Route","Dry","Two-Way, Not Divided","None","Driveway, Private","Smooth Asphalt",0,0,0,0,0,0,0,"2 lanes",2,0,NA,0,NA
6167,3366,"Fayetteville","Cumberland","Coastal","Commercial","Urban (>70% Developed)",NA,"Urban","30 - 35  MPH","Stop And Go Signal","Cloudy","No",26,"25-29","No",NA,"With Traffic","O: No Injury","Travel Lane","White","Male",56,"50-59","No",NA,"0-5 mph","O: No Injury","Black","Male","Passenger Car","No","08SEP2011","Thursday","Motorist Left Turn / Merge",7,"Intersection","September","O: No Injury",25200,"Motorist Left Turn - Opposite Direction",2011,"No","No","Daylight","Straight - Level","Local Street","Dry","Two-Way, Not Divided","None","T-Intersection","Coarse Asphalt",0,0,0,0,0,0,0,"5 lanes",3,0,NA,0,NA
6168,3367,"Winston-Salem","Forsyth","Piedmont","Commercial","Urban (>70% Developed)",NA,"Urban","30 - 35  MPH","No Control Present","Clear","No",29,"25-29","No",NA,"With Traffic","B: Evident Injury","Travel Lane","White","Male",46,"40-49","No",NA,"6-10 mph","O: No Injury","Black","Male","Sport Utility","No","29AUG2011","Monday","Motorist Left Turn / Merge",22,"Intersection-Related","August","B: Evident Injury",81540,"Motorist Left Turn - Opposite Direction",2011,"Yes","No","Dark - Lighted Roadway","Straight - Level","Local Street","Dry","Two-Way, Not Divided","None","No Special Feature","Coarse Asphalt",0,0,0,0,0,0,0,"4 lanes",2,0,NA,0,NA
6169,3379,"None - Rural Crash","Pitt","Coastal","Residential","Rural (<30% Developed)",NA,"Rural","50 - 55  MPH","Double Yellow Line, No Passing Zone","Clear","No",16,"16-19","No",NA,"With Traffic","B: Evident Injury","Travel Lane","Black","Male",19,"0-19","No",NA,"46-50 mph","O: No Injury","Black","Female","Passenger Car","No","11SEP2011","Sunday","Motorist Overtaking Bicyclist",16,"Non-Intersection","September","B: Evident Injury",59940,"Motorist Overtaking - Misjudged Space",2011,"Yes","No","Daylight","Straight - Level","State Secondary Route","Dry","Two-Way, Not Divided","None","No Special Feature","Coarse Asphalt",0,0,0,0,0,0,0,"2 lanes",2,0,NA,0,NA
6170,3386,"Carolina Beach","New Hanover","Coastal","Commercial","Urban (>70% Developed)",NA,"Urban","20 - 25  MPH","Stop Sign","Rain","No",45,"40-49","Yes",NA,"With Traffic","B: Evident Injury","Travel Lane","White","Male",44,"40-49","No",NA,"16-20 mph","O: No Injury","White","Male","Passenger Car","Yes","22AUG2011","Monday","Bicyclist Left Turn / Merge",17,"Intersection-Related","August","B: Evident Injury",63240,"Bicyclist Left Turn - Same Direction",2011,"Yes","No","Daylight","Straight - Level","Local Street","Wet","Two-Way, Not Divided","None","Four-Way Intersection","Smooth Asphalt",0,0,0,0,0,0,0,"2 lanes",2,0,NA,0,NA
6171,3388,"None - Rural Crash","Forsyth","Piedmont","Residential","Mixed (30% To 70% Developed)",NA,"Rural","40 - 45  MPH","Double Yellow Line, No Passing Zone","Clear","No",NA,"70+","No",NA,"With Traffic","A: Disabling Injury","Travel Lane","White","Male",NA,"70+","No",NA,"31-35 mph","O: No Injury","White","Male","Passenger Car","No","15SEP2011","Thursday","Motorist Overtaking Bicyclist",9,"Non-Intersection","September","A: Disabling Injury",32400,"Motorist Overtaking - Other / Unknown",2011,"Yes","No","Daylight","Straight - Level","State Secondary Route","Dry","Two-Way, Not Divided","None","No Special Feature","Smooth Asphalt",0,0,0,0,0,0,0,"2 lanes",2,0,NA,0,NA
6172,3391,"None - Rural Crash","New Hanover","Coastal","Commercial","Urban (>70% Developed)",NA,"Rural","50 - 55  MPH","No Control Present","Clear","No",48,"40-49","No",NA,"With Traffic","O: No Injury","Travel Lane","Hispanic","Male",55,"50-59","No",NA,"41-45 mph","O: No Injury","White","Female","Passenger Car","No","16SEP2011","Friday","Motorist Overtaking Bicyclist",17,"Non-Intersection","September","O: No Injury",64140,"Motorist Overtaking - Misjudged Space",2011,"No","No","Daylight","Straight - Level","US Route","Dry","Two-Way, Divided, Unprotected Median","None","No Special Feature","Smooth Asphalt",0,0,0,0,0,0,0,"4 lanes",2,0,NA,0,NA
6173,3402,"Asheville","Buncombe","Mountains","Commercial","Urban (>70% Developed)",NA,"Urban","20 - 25  MPH","Stop And Go Signal","Rain","No",45,"40-49","No",NA,"With Traffic","C: Possible Injury","Travel Lane","White","Male",57,"50-59","No",NA,"0-5 mph","O: No Injury","Black","Female","Sport Utility","No","07SEP2011","Wednesday","Motorist Left Turn / Merge",19,"Intersection","September","C: Possible Injury",69240,"Motorist Left Turn - Opposite Direction",2011,"No","No","Daylight","Straight - Level","Local Street","Wet","One-Way, Not Divided","None","No Special Feature","Smooth Asphalt",0,0,0,0,0,0,0,"2 lanes",2,0,NA,0,NA
6174,3418,"Elizabeth City","Pasquotank","Coastal","Residential","Urban (>70% Developed)",NA,"Urban","20 - 25  MPH","Stop Sign","Clear","No",31,"30-39","No",NA,"Facing Traffic","O: No Injury","Travel Lane","Black","Male",50,"50-59","No",NA,"0-5 mph","O: No Injury","Black","Female","Passenger Car","No","19SEP2011","Monday","Bicyclist Failed to Yield - Sign-Controlled Intersection",15,"Intersection","September","O: No Injury",56160,"Bicyclist Ride Out - Sign-Controlled Intersection",2011,"No","No","Daylight","Straight - Level","Local Street","Dry","Two-Way, Not Divided","None","No Special Feature","Coarse Asphalt",0,0,0,0,0,0,0,"2 lanes",2,0,NA,0,NA
6175,3422,"Charlotte","Mecklenburg","Piedmont","Commercial","Urban (>70% Developed)",NA,"Urban","40 - 45  MPH","Stop And Go Signal","Clear","No",39,"30-39","No",NA,"With Traffic","C: Possible Injury","Sidewalk / Crosswalk / Driveway Crossing","Black","Male",33,"30-39","No",NA,"0-5 mph","O: No Injury","Black","Female","Pickup","No","20SEP2011","Tuesday","Motorist Failed to Yield - Signalized Intersection",16,"Intersection","September","C: Possible Injury",58080,"Motorist Drive Out - Right Turn on Red",2011,"Yes","No","Daylight","Straight - Level","NC Route","Dry","Two-Way, Divided, Positive Median Barrier","None","Four-Way Intersection","Concrete",0,0,0,0,0,0,0,"5 lanes",2,0,NA,0,NA
6176,3423,"Raleigh","Wake","Piedmont","Residential","Urban (>70% Developed)",NA,"Urban","40 - 45  MPH","Stop And Go Signal","Clear","No",23,"20-24","No",NA,"Facing Traffic","C: Possible Injury","Sidewalk / Crosswalk / Driveway Crossing","Other","Male",NA,NA,"Missing",NA,"41-45 mph","Unknown Injury","Unknown/Missing",NA,NA,"No","26SEP2011","Monday","Motorist Failed to Yield - Signalized Intersection",9,"Intersection","September","C: Possible Injury",35160,"Motorist Drive Out - Signalized Intersection",2011,"Yes","Yes","Daylight","Straight - Level","Local Street","Dry","Two-Way, Not Divided","None","No Special Feature","Concrete",0,0,0,0,0,0,0,"5 lanes",2,0,NA,0,NA
6177,3427,"Dunn","Harnett","Coastal","Residential","Urban (>70% Developed)",NA,"Urban","30 - 35  MPH","Stop Sign","Clear","No",45,"40-49","No",NA,"Facing Traffic","B: Evident Injury","Travel Lane","Black","Male",46,"40-49","No",NA,"6-10 mph","O: No Injury","Black","Female","Passenger Car","No","03SEP2011","Saturday","Motorist Failed to Yield - Sign-Controlled Intersection",11,"Intersection","September","B: Evident Injury",43020,"Motorist Drive Out - Sign-Controlled Intersection",2011,"Yes","No","Daylight","Straight - Level","Local Street","Dry","Two-Way, Not Divided","None","No Special Feature","Coarse Asphalt",0,0,0,0,0,0,0,"2 lanes",2,0,NA,0,NA
6178,3429,"Charlotte","Mecklenburg","Piedmont","Commercial","Urban (>70% Developed)",NA,"Urban","40 - 45  MPH","No Control Present","Cloudy","No",51,"50-59","No",NA,"Facing Traffic","C: Possible Injury","Travel Lane","Black","Male",42,"40-49","No",NA,"6-10 mph","O: No Injury","Black","Female","Passenger Car","No","17SEP2011","Saturday","Motorist Failed to Yield - Midblock",19,"Non-Intersection","September","C: Possible Injury",68880,"Motorist Drive Out - Commercial Driveway / Alley",2011,"No","No","Dawn","Straight - Grade","Local Street","Dry","Two-Way, Divided, Positive Median Barrier","None","No Special Feature","Smooth Asphalt",0,0,0,0,0,0,0,"4 lanes",2,0,NA,0,NA
6179,3444,"Rocky Mount","Nash","Coastal","Commercial","Urban (>70% Developed)",NA,"Urban","30 - 35  MPH","No Control Present","Clear","No",18,"16-19","No",NA,"With Traffic","C: Possible Injury","Sidewalk / Crosswalk / Driveway Crossing","Black","Male",30,"30-39","No",NA,"0-5 mph","O: No Injury","White","Female","Passenger Car","No","10AUG2011","Wednesday","Motorist Failed to Yield - Midblock",14,"Non-Intersection","August","C: Possible Injury",51720,"Motorist Drive Out - Commercial Driveway / Alley",2011,"No","No","Daylight","Straight - Level","Public Vehicular Area","Dry","Two-Way, Not Divided","None","Driveway, Private","Smooth Asphalt",0,0,0,0,0,0,0,"2 lanes",2,0,NA,0,NA
6180,3451,"Wilmington","New Hanover","Coastal","Residential","Urban (>70% Developed)",NA,"Urban","30 - 35  MPH","No Control Present","Clear","No",15,"11-15","No",NA,"With Traffic","C: Possible Injury","Sidewalk / Crosswalk / Driveway Crossing","Black","Male",47,"40-49","No",NA,"16-20 mph","O: No Injury","White","Female","Sport Utility","No","22SEP2011","Thursday","Loss of Control / Turning Error",8,"Intersection","September","C: Possible Injury",28920,"Bicyclist Lost Control - Other / Unknown",2011,"Yes","No","Daylight","Straight - Level","Local Street","Dry","One-Way, Not Divided","Debris","No Special Feature","Smooth Asphalt",0,0,0,0,0,0,0,"2 lanes",2,0,NA,0,NA
6181,3461,"Charlotte","Mecklenburg","Piedmont","Residential","Urban (>70% Developed)",NA,"Urban","30 - 35  MPH","No Control Present","Clear","No",42,"40-49","No",NA,"With Traffic","O: No Injury","Travel Lane","Black","Male",29,"25-29","No",NA,"26-30 mph","O: No Injury","White","Male","Passenger Car","No","28SEP2011","Wednesday","Bicyclist Left Turn / Merge",8,"Intersection","September","O: No Injury",28980,"Bicyclist Left Turn - Same Direction",2011,"No","No","Daylight","Straight - Level","Local Street","Dry","Two-Way, Not Divided","None","No Special Feature","Smooth Asphalt",0,0,0,0,0,0,0,"2 lanes",2,0,NA,0,NA