"...1","object_id","city","county","region","development","locality","on_road","rural_urban","speed_limit","traffic_control","weather","workzone","bike_age","bike_age_group","bike_alcohol","bike_alcohol_drugs","bike_direction","bike_injury","bike_position","bike_race","bike_sex","driver_age","driver_age_group","driver_alcohol","driver_alcohol_drugs","driver_est_speed","driver_injury","driver_race","driver_sex","driver_vehicle_type","crash_alcohol","crash_date","crash_day","crash_group","crash_hour","crash_location","crash_month","crash_severity","crash_time","crash_type","crash_year","ambulance_req","hit_run","light_condition","road_character","road_class","road_condition","road_configuration","road_defects","road_feature","road_surface","num_bikes_ai","num_bikes_bi","num_bikes_ci","num_bikes_ki","num_bikes_no","num_bikes_to","num_bikes_ui","num_lanes","num_units","distance_mi_from","frm_road","rte_invd_cd","towrd_road"
6182,3462,"Raleigh","Wake","Piedmont","Residential","Urban (>70% Developed)",NA,"Urban","40 - 45  MPH","No Control Present","Clear","No",36,"30-39","Yes",NA,"Not Applicable","A: Disabling Injury","Travel Lane","Hispanic","Male",38,"30-39","Yes",NA,"36-40 mph","O: No Injury","Black","Male","Passenger Car","Yes","09OCT2011","Sunday","Bicyclist Failed to Yield - Midblock",19,"Non-Intersection","October","A: Disabling Injury",69000,"Bicyclist Ride Out - Midblock - Unknown",2011,"Yes","No","Dusk","Curve - Level","Local Street","Dry","Two-Way, Not Divided","None","No Special Feature","Smooth Asphalt",0,0,0,0,0,0,0,"5 lanes",2,0,NA,0,NA
6183,3477,"Charlotte","Mecklenburg","Piedmont","Residential","Urban (>70% Developed)",NA,"Urban","5 - 15 MPH","No Control Present","Clear","No",16,"16-19","No",NA,"Facing Traffic","C: Possible Injury","Sidewalk / Crosswalk / Driveway Crossing","Black","Male",NA,NA,"Missing",NA,"6-10 mph","Unknown Injury","Unknown/Missing",NA,NA,"No","07OCT2011","Friday","Motorist Failed to Yield - Midblock",21,"Non-Intersection","October","C: Possible Injury",75600,"Motorist Drive Out - Commercial Driveway / Alley",2011,"No","Yes","Dark - Unknown Lighting","Straight - Grade","Local Street","Dry","Two-Way, Not Divided","None","Driveway, Public","Concrete",0,0,0,0,0,0,0,"2 lanes",2,0,NA,0,NA
6184,3493,"Raleigh","Wake","Piedmont","Residential","Urban (>70% Developed)",NA,"Urban","30 - 35  MPH","No Control Present","Clear","No",26,"25-29","No",NA,"With Traffic","C: Possible Injury","Travel Lane","White","Male",NA,NA,"Missing",NA,"0-5 mph","Unknown Injury","Unknown/Missing",NA,"Commercial Bus","No","22OCT2011","Saturday","Motorist Left Turn / Merge",17,"Non-Intersection","October","C: Possible Injury",62580,"Motorist Left Turn - Same Direction",2011,"No","Yes","Daylight","Straight - Level","Local Street","Dry","Two-Way, Not Divided","None","No Special Feature","Smooth Asphalt",0,0,0,0,0,0,0,"5 lanes",2,0,NA,0,NA
6185,3505,"Charlotte","Mecklenburg","Piedmont","Residential","Urban (>70% Developed)",NA,"Urban","40 - 45  MPH","No Control Present","Clear","No",22,"20-24","No",NA,"With Traffic","B: Evident Injury","Travel Lane","White","Female",NA,NA,"Missing",NA,"21-25 mph","Unknown Injury","Unknown/Missing",NA,NA,"No","18OCT2011","Tuesday","Motorist Overtaking Bicyclist",4,"Non-Intersection","October","B: Evident Injury",17280,"Motorist Overtaking - Other / Unknown",2011,"No","Yes","Daylight","Straight - Level","Local Street","Dry","Two-Way, Divided, Positive Median Barrier","None","No Special Feature","Smooth Asphalt",0,0,0,0,0,0,0,"5 lanes",2,0,NA,0,NA
6186,3518,"Greensboro","Guilford","Piedmont","Commercial","Urban (>70% Developed)",NA,"Urban","40 - 45  MPH","Stop And Go Signal","Cloudy","No",57,"50-59","No",NA,"With Traffic","C: Possible Injury","Travel Lane","White","Male",52,"50-59","No",NA,"0-5 mph","O: No Injury","White","Male","Passenger Car","No","10OCT2011","Monday","Bicyclist Right Turn / Merge",12,"Intersection","October","C: Possible Injury",44220,"Bicyclist Right Turn - Same Direction",2011,"Yes","No","Daylight","Straight - Level","Local Street","Dry","Two-Way, Divided, Unprotected Median","None","Four-Way Intersection","Smooth Asphalt",0,0,0,0,0,0,0,"6 lanes",2,0,NA,0,NA
6187,3519,"None - Rural Crash","Onslow","Coastal","Farms, Woods, Pastures","Rural (<30% Developed)",NA,"Rural","40 - 45  MPH","Double Yellow Line, No Passing Zone","Cloudy","No",24,"20-24","No",NA,"With Traffic","C: Possible Injury","Travel Lane","Black","Male",61,"60-69","No",NA,"26-30 mph","O: No Injury","Other","Male","Passenger Car","No","28OCT2011","Friday","Motorist Overtaking Bicyclist",8,"Non-Intersection","October","C: Possible Injury",30600,"Motorist Overtaking - Other / Unknown",2011,"Yes","Yes","Daylight","Curve - Level","State Secondary Route","Dry","Two-Way, Not Divided","None","No Special Feature","Coarse Asphalt",0,0,0,0,0,0,0,"2 lanes",2,0,NA,0,NA
6188,3525,"Rocky Mount","Nash","Coastal","Residential","Urban (>70% Developed)",NA,"Urban","20 - 25  MPH","Stop Sign","Clear","No",57,"50-59","No",NA,"With Traffic","C: Possible Injury","Travel Lane","Black","Male",NA,"70+","No",NA,"6-10 mph","O: No Injury","Black","Female","Passenger Car","No","11SEP2011","Sunday","Motorist Failed to Yield - Sign-Controlled Intersection",15,"Intersection","September","C: Possible Injury",56220,"Motorist Drive Through - Sign-Controlled Intersection",2011,"No","No","Daylight","Straight - Level","Local Street","Dry","Two-Way, Divided, Unprotected Median","None","No Special Feature","Coarse Asphalt",0,0,0,0,0,0,0,"2 lanes",2,0,NA,0,NA
6189,4602,"Raleigh","Wake","Piedmont","Residential","Urban (>70% Developed)",NA,"Urban","30 - 35  MPH","Stop Sign","Clear","No",18,"16-19","No",NA,"With Traffic","B: Evident Injury","Travel Lane","White","Male",NA,"70+","No",NA,"31-35 mph","O: No Injury","White","Male","Passenger Car","No","06DEC2010","Monday","Loss of Control / Turning Error",16,"Intersection","December","B: Evident Injury",58620,"Bicyclist Lost Control - Mechanical Problems",2010,"Yes","No","Daylight","Straight - Hillcrest","Local Street","Dry","Two-Way, Divided, Unprotected Median","None","Four-Way Intersection","Coarse Asphalt",0,0,0,0,0,0,0,"4 lanes",2,0,NA,0,NA
6190,4603,"Raleigh","Wake","Piedmont","Residential","Urban (>70% Developed)",NA,"Urban","20 - 25  MPH","No Control Present","Clear","No",19,"16-19","No",NA,"Not Applicable","C: Possible Injury","Driveway / Alley","Black","Male",63,"60-69","No",NA,"6-10 mph","O: No Injury","Black","Male","Sport Utility","No","03DEC2010","Friday","Crossing Paths - Other Circumstances",18,"Intersection-Related","December","C: Possible Injury",67380,"Crossing Paths - Uncontrolled Intersection",2010,"Yes","No","Dark - Lighted Roadway","Straight - Level","Local Street","Dry","Two-Way, Divided, Unprotected Median","None","T-Intersection","Smooth Asphalt",0,0,0,0,0,0,0,"2 lanes",2,0,NA,0,NA
6191,4613,"Wilmington","New Hanover","Coastal","Commercial","Urban (>70% Developed)",NA,"Urban",NA,"No Control Present","Clear","No",40,"40-49","No",NA,"Not Applicable","B: Evident Injury","Travel Lane","White","Male",49,"40-49","No",NA,"6-10 mph","O: No Injury","White","Female","Passenger Car","No","14DEC2010","Tuesday","Bicyclist Failed to Yield - Midblock",11,"Non-Intersection","December","B: Evident Injury",41700,"Bicyclist Ride Out - Other Midblock",2010,"Yes","No","Daylight","Straight - Level","Public Vehicular Area","Dry","One-Way, Not Divided","None","No Special Feature","Smooth Asphalt",0,0,0,0,0,0,0,NA,2,0,NA,0,NA
6192,4616,"Raleigh","Wake","Piedmont","Commercial","Urban (>70% Developed)",NA,"Urban","40 - 45  MPH","No Control Present","Cloudy","No",32,"30-39","No",NA,"With Traffic","O: No Injury","Travel Lane","Black","Male",35,"30-39","No",NA,"36-40 mph","O: No Injury","Black","Male","Passenger Car","No","18DEC2010","Saturday","Motorist Overtaking Bicyclist",8,"Non-Intersection","December","O: No Injury",32340,"Motorist Overtaking - Bicyclist Swerved",2010,"No","No","Daylight","Straight - Level","Local Street","Dry","Two-Way, Divided, Positive Median Barrier","None","No Special Feature","Smooth Asphalt",0,0,0,0,0,0,0,"9 or more lanes",2,0,NA,0,NA
6193,4619,"High Point","Guilford","Piedmont","Commercial","Urban (>70% Developed)",NA,"Urban",NA,"Stop Sign","Clear","No",43,"40-49","No",NA,"With Traffic","C: Possible Injury","Travel Lane","Black","Male",NA,NA,"Missing",NA,NA,"Unknown Injury","Unknown/Missing",NA,NA,"No","24DEC2010","Friday","Motorist Overtaking Bicyclist",13,"Intersection-Related","December","C: Possible Injury",49440,"Motorist Overtaking - Misjudged Space",2010,"Yes","Yes","Daylight","Straight - Grade","Local Street","Dry","Two-Way, Not Divided","None","No Special Feature","Grooved Concrete",0,0,0,0,0,0,0,"2 lanes",2,0,NA,0,NA
6194,4621,"Greensboro","Guilford","Piedmont","Commercial","Urban (>70% Developed)",NA,"Urban","30 - 35  MPH","No Control Present","Clear","No",23,"20-24","No",NA,"With Traffic","A: Disabling Injury","Travel Lane","White","Male",54,"50-59","No",NA,"36-40 mph","O: No Injury","White","Male","Van","No","28DEC2010","Tuesday","Motorist Overtaking Bicyclist",3,"Non-Intersection","December","A: Disabling Injury",10920,"Motorist Overtaking - Undetected Bicyclist",2010,"Yes","No","Dark - Roadway Not Lighted","Straight - Level","Local Street","Dry","Two-Way, Not Divided","None","No Special Feature","Coarse Asphalt",0,0,0,0,0,0,0,"2 lanes",2,0,NA,0,NA
6195,4637,"None - Rural Crash","Alamance","Piedmont","Institutional","Urban (>70% Developed)",NA,"Rural","20 - 25  MPH","Stop And Go Signal","Clear","No",19,"16-19","No",NA,"Not Applicable","C: Possible Injury","Sidewalk / Crosswalk / Driveway Crossing","White","Male",39,"30-39","No",NA,"21-25 mph","O: No Injury","White","Female","Sport Utility","No","01APR2010","Thursday","Bicyclist Failed to Yield - Signalized Intersection",18,"Intersection","April","C: Possible Injury",64800,"Bicyclist Ride Through - Signalized Intersection",2010,"Yes","No","Daylight","Straight - Grade","Local Street","Dry","Two-Way, Not Divided","None","T-Intersection","Smooth Asphalt",0,0,0,0,0,0,0,"2 lanes",2,0,NA,0,NA
6196,4639,"Cary","Wake","Piedmont","Commercial","Urban (>70% Developed)",NA,"Urban","40 - 45  MPH","Stop Sign","Clear","No",49,"40-49","No",NA,"With Traffic","C: Possible Injury","Travel Lane","White","Male",17,"0-19","No",NA,"11-15 mph","O: No Injury","White","Male","Passenger Car","No","10JAN2009","Saturday","Motorist Failed to Yield - Sign-Controlled Intersection",12,"Intersection","January","C: Possible Injury",44280,"Motorist Drive Out - Sign-Controlled Intersection",2009,"Yes","No","Daylight","Straight - Level","State Secondary Route","Dry","Two-Way, Not Divided","None","Four-Way Intersection","Smooth Asphalt",0,0,0,0,0,0,0,"3 lanes",2,0,NA,0,NA
6197,4648,"None - Rural Crash","Chatham","Piedmont","Residential","Mixed (30% To 70% Developed)",NA,"Rural","50 - 55  MPH","Double Yellow Line, No Passing Zone","Clear","No",21,"20-24","No",NA,"With Traffic","B: Evident Injury","Travel Lane","White","Male",39,"30-39","No",NA,"51-55 mph","O: No Injury","Black","Male","Pickup","No","29JAN2009","Thursday","Motorist Overtaking Bicyclist",16,"Non-Intersection","January","B: Evident Injury",58440,"Motorist Overtaking - Other / Unknown",2009,"Yes","No","Daylight","Straight - Grade","NC Route","Dry","Two-Way, Not Divided","None","No Special Feature","Smooth Asphalt",0,0,0,0,0,0,0,"2 lanes",2,0,NA,0,NA
6198,4652,"Raleigh","Wake","Piedmont","Commercial","Urban (>70% Developed)",NA,"Urban","40 - 45  MPH","No Control Present","Clear","No",23,"20-24","No",NA,"With Traffic","B: Evident Injury","Travel Lane","White","Male",NA,NA,"Missing",NA,"41-45 mph","Unknown Injury","Unknown/Missing",NA,NA,"No","09JAN2009","Friday","Motorist Overtaking Bicyclist",7,"Non-Intersection","January","B: Evident Injury",25860,"Motorist Overtaking - Other / Unknown",2009,"Yes","Yes","Daylight","Straight - Level","Local Street","Dry","Two-Way, Divided, Positive Median Barrier","None","No Special Feature","Grooved Concrete",0,0,0,0,0,0,0,"4 lanes",2,0,NA,0,NA
6199,4660,"Durham","Durham","Piedmont","Residential","Urban (>70% Developed)",NA,"Urban","30 - 35  MPH","Stop Sign","Clear","No",51,"50-59","No",NA,"Facing Traffic","C: Possible Injury","Sidewalk / Crosswalk / Driveway Crossing","Black","Male",33,"30-39","No",NA,"0-5 mph","O: No Injury","Black","Male","Van","No","13FEB2009","Friday","Motorist Failed to Yield - Sign-Controlled Intersection",17,"Intersection","February","C: Possible Injury",64440,"Motorist Drive Out - Sign-Controlled Intersection",2009,"Yes","No","Daylight","Straight - Grade","Local Street","Dry","Two-Way, Not Divided","None","Four-Way Intersection","Smooth Asphalt",0,0,0,0,0,0,0,"8 lanes",2,0,NA,0,NA
6200,4663,"Carthage","Moore","Piedmont","Commercial","Urban (>70% Developed)",NA,"Rural","30 - 35  MPH","No Control Present","Clear","No",54,"50-59","No",NA,"Facing Traffic","B: Evident Injury","Travel Lane","Black","Male",37,"30-39","No",NA,"0-5 mph","O: No Injury","White","Female","Passenger Car","No","23JAN2009","Friday","Head-On",18,"Non-Intersection","January","B: Evident Injury",66240,"Head-On - Bicyclist",2009,"Yes","No","Dark - Lighted Roadway","Straight - Grade","Local Street","Dry","Two-Way, Divided, Unprotected Median","None","No Special Feature","Coarse Asphalt",0,0,0,0,0,0,0,"2 lanes",2,0,NA,0,NA
6201,933,"Creedmoor","Granville","Piedmont","Commercial","Urban (>70% Developed)","NC 50","Rural","20 - 25  MPH","Double Yellow Line, No Passing Zone","Clear","No",12,"11-15","No",NA,"Not Applicable","C: Possible Injury","Non-Roadway","Black","Male",26,"25-29","No",NA,"16-20 mph","O: No Injury","White","Male","Passenger Car","No","31JAN2013","Thursday","Crossing Paths - Other Circumstances",16,"Intersection-Related","January","C: Possible Injury",60600,"Crossing Paths - Intersection - Other / Unknown",2013,"No","No","Daylight","Straight - Level","NC Route","Dry","Two-Way, Not Divided","None","No Special Feature","Smooth Asphalt",0,0,0,0,0,0,0,"2 lanes",2,0,NA,0,NA
6202,936,"Cary","Wake","Piedmont","Institutional","Urban (>70% Developed)","PVA 1510 N HARRISON AVE","Urban",NA,"No Control Present","Clear","No",37,"30-39","No",NA,"Not Applicable","O: No Injury","Driveway / Alley","White","Male",41,"40-49","No",NA,"16-20 mph","O: No Injury","White","Male","Pickup","No","14FEB2013","Thursday","Non-Roadway",14,"Non-Roadway","February","O: No Injury",51300,"Non-Roadway",2013,"No","No","Daylight","Curve - Grade","Public Vehicular Area","Dry","Two-Way, Divided, Positive Median Barrier","None","T-Intersection","Smooth Asphalt",0,0,0,0,0,0,0,"4 lanes",2,0,NA,0,NA
6203,940,"None - Rural Crash","New Hanover","Coastal","Residential","Urban (>70% Developed)","SR 1828","Rural","30 - 35  MPH","No Control Present","Clear","No",35,"30-39","No",NA,"With Traffic","B: Evident Injury","Travel Lane","White","Female",61,"60-69","No",NA,"0-5 mph","O: No Injury","Black","Female","Van","No","08MAR2013","Friday","Motorist Failed to Yield - Midblock",15,"Non-Intersection","March","B: Evident Injury",55020,"Motorist Drive Out - Residential Driveway",2013,"No","No","Daylight","Curve - Level","State Secondary Route","Dry","Two-Way, Not Divided","None","No Special Feature","Coarse Asphalt",0,0,0,0,0,0,0,"2 lanes",2,0,NA,0,NA
6204,941,"Kings Mountain","Cleveland","Mountains","Residential","Urban (>70% Developed)","2ND STREET","Urban","30 - 35  MPH","Stop Sign","Clear","No",8,"6-10","No",NA,"With Traffic","O: No Injury","Travel Lane","White","Male",21,"20-24","No",NA,"31-35 mph","O: No Injury","Black","Female","Passenger Car","No","10MAR2013","Sunday","Bicyclist Failed to Yield - Sign-Controlled Intersection",18,"Intersection","March","O: No Injury",64920,"Bicyclist Ride Through - Sign-Controlled Intersection",2013,"Yes","No","Daylight","Straight - Level","Local Street","Dry","Two-Way, Divided, Unprotected Median","None","No Special Feature","Coarse Asphalt",0,0,0,0,0,0,0,"2 lanes",2,0,NA,0,NA
6205,947,"None - Rural Crash","Henderson","Mountains","Farms, Woods, Pastures","Rural (<30% Developed)","SR 1325","Rural","30 - 35  MPH","Stop Sign","Clear","No",27,"25-29","No",NA,"With Traffic","B: Evident Injury","Travel Lane","White","Male",63,"60-69","No",NA,"31-35 mph","O: No Injury","White","Female","Sport Utility","No","14MAR2013","Thursday","Loss of Control / Turning Error",13,"Intersection-Related","March","B: Evident Injury",48900,"Motorist Turning Error - Left Turn",2013,"No","No","Daylight","Straight - Level","State Secondary Route","Dry","Two-Way, Not Divided","None","Four-Way Intersection","Coarse Asphalt",0,0,0,0,0,0,0,"2 lanes",2,0,NA,0,NA
6206,960,"Indian Trail","Union","Piedmont","Residential","Urban (>70% Developed)","SR 1367","Urban","40 - 45  MPH","Double Yellow Line, No Passing Zone","Clear","No",31,"30-39","No",NA,"With Traffic","K: Killed","Travel Lane","White","Male",29,"25-29","Yes",NA,"46-50 mph","O: No Injury","White","Male","Pickup","Yes","16MAR2013","Saturday","Motorist Overtaking Bicyclist",22,"Non-Intersection","March","K: Killed",80160,"Motorist Overtaking - Other / Unknown",2013,"Yes","Yes","Dark - Roadway Not Lighted","Straight - Level","State Secondary Route","Dry","Two-Way, Not Divided","None","No Special Feature","Smooth Asphalt",0,0,0,0,0,0,0,"2 lanes",2,0,NA,0,NA
6207,966,"Selma","Johnston","Coastal","Commercial","Urban (>70% Developed)","US 301","Urban","30 - 35  MPH","No Control Present","Rain","No",48,"40-49","No",NA,"With Traffic","B: Evident Injury","Travel Lane","Black","Male",59,"50-59","No",NA,"0-5 mph","O: No Injury","White","Female","Sport Utility","No","18MAR2013","Monday","Motorist Left Turn / Merge",4,"Intersection","March","B: Evident Injury",16500,"Motorist Left Turn - Opposite Direction",2013,"Yes","No","Dark - Lighted Roadway","Straight - Level","US Route","Wet","Two-Way, Not Divided","None","Four-Way Intersection","Smooth Asphalt",0,0,0,0,0,0,0,"5 lanes",2,0,NA,0,NA
6208,971,"None - Rural Crash","Harnett","Coastal","Residential","Rural (<30% Developed)","SR 2045","Rural","50 - 55  MPH","Double Yellow Line, No Passing Zone","Clear","No",36,"30-39","No",NA,"With Traffic","C: Possible Injury","Travel Lane","White","Male",69,"60-69","No",NA,"41-45 mph","O: No Injury","White","Male","Pickup","No","02APR2013","Tuesday","Motorist Overtaking Bicyclist",16,"Non-Intersection","April","C: Possible Injury",60720,"Motorist Overtaking - Other / Unknown",2013,"No","No","Daylight","Straight - Level","State Secondary Route","Dry","Two-Way, Not Divided","None","No Special Feature","Coarse Asphalt",0,0,0,0,0,0,0,"2 lanes",2,0,NA,0,NA
6209,974,"Fayetteville","Cumberland","Coastal","Commercial","Urban (>70% Developed)","VILLAGE DR","Urban","30 - 35  MPH","Flashing Stop And Go Signal","Clear","No",57,"50-59","No",NA,"Facing Traffic","C: Possible Injury","Sidewalk / Crosswalk / Driveway Crossing","Black","Male",32,"30-39","No",NA,"0-5 mph","O: No Injury","Black","Female","Passenger Car","No","23MAR2013","Saturday","Bicyclist Failed to Yield - Signalized Intersection",18,"Intersection","March","C: Possible Injury",67560,"Bicyclist Ride Through - Signalized Intersection",2013,"Yes","No","Daylight","Straight - Level","Local Street","Dry","Two-Way, Not Divided","None","T-Intersection","Smooth Asphalt",0,0,0,0,0,0,0,"5 lanes",2,0,NA,0,NA
6210,988,"Jacksonville","Onslow","Coastal","Commercial","Urban (>70% Developed)","US 17","Urban","40 - 45  MPH","No Control Present","Clear","No",60,"60-69","No",NA,NA,"C: Possible Injury",NA,"Other","Male",66,"60-69","No",NA,"21-25 mph","O: No Injury","White","Male","Sport Utility","No","25MAR2013","Monday","Bicyclist Failed to Yield - Midblock",16,"Non-Intersection","March","C: Possible Injury",61080,"Bicyclist Ride Out - Midblock - Unknown",2013,"Yes","No","Daylight","Straight - Level","US Route","Dry","Two-Way, Not Divided","None","No Special Feature","Smooth Asphalt",0,0,0,0,0,0,0,"4 lanes",2,0,NA,0,NA
6211,993,"Durham","Durham","Piedmont","Commercial","Urban (>70% Developed)","I85 N ACCESS RD","Urban","30 - 35  MPH","Stop And Go Signal","Clear","No",18,"16-19","No",NA,"With Traffic","C: Possible Injury","Sidewalk / Crosswalk / Driveway Crossing","Black","Male",65,"60-69","No",NA,"11-15 mph","O: No Injury","White","Female","Passenger Car","No","10APR2013","Wednesday","Motorist Left Turn / Merge",14,"Intersection","April","C: Possible Injury",51720,"Motorist Left Turn - Opposite Direction",2013,"Yes","No","Daylight","Straight - Bottom","Local Street","Dry","One-Way, Not Divided","None","On or Off Ramp","Smooth Asphalt",0,0,0,0,0,0,0,"2 lanes",2,0,NA,0,NA
6212,995,"None - Rural Crash","Iredell","Piedmont","Farms, Woods, Pastures","Rural (<30% Developed)","SR 1328","Rural","40 - 45  MPH","Double Yellow Line, No Passing Zone","Clear","No",54,"50-59","No",NA,"With Traffic","B: Evident Injury","Travel Lane","White","Male",NA,NA,"Missing",NA,"56-60 mph","Unknown Injury","Unknown/Missing",NA,"Motorcycle","No","13APR2013","Saturday","Motorist Overtaking Bicyclist",13,"Intersection","April","B: Evident Injury",48540,"Motorist Overtaking - Misjudged Space",2013,"No","Yes","Daylight","Straight - Level","State Secondary Route","Dry","Two-Way, Not Divided","None","T-Intersection","Smooth Asphalt",0,0,0,0,0,0,0,"2 lanes",2,0,NA,0,NA
6213,997,"Durham","Durham","Piedmont","Residential","Urban (>70% Developed)","LIBERTY ST","Urban","30 - 35  MPH","Stop Sign","Clear","No",48,"40-49","No",NA,"With Traffic","C: Possible Injury","Travel Lane","Black","Male",68,"60-69","No",NA,"6-10 mph","O: No Injury","Black","Male","Pickup","No","13APR2013","Saturday","Bicyclist Failed to Yield - Sign-Controlled Intersection",20,"Intersection","April","C: Possible Injury",74160,"Bicyclist Ride Through - Sign-Controlled Intersection",2013,"Yes","No","Dusk","Straight - Level","Local Street","Dry","Two-Way, Not Divided","None","Four-Way Intersection","Smooth Asphalt",0,0,0,0,0,0,0,"2 lanes",2,0,NA,0,NA
6214,998,"None - Rural Crash","Halifax","Coastal","Farms, Woods, Pastures","Rural (<30% Developed)","NC 561","Rural","50 - 55  MPH","No Control Present","Clear","No",7,"6-10","No",NA,NA,"K: Killed",NA,"White","Male",61,"60-69","No",NA,"51-55 mph","O: No Injury","White","Female","Pickup","No","11APR2013","Thursday","Crossing Paths - Other Circumstances",19,"Non-Intersection","April","K: Killed",68700,"Crossing Paths - Midblock - Other / Unknown",2013,"Yes","No","Daylight","Straight - Level","NC Route","Dry","Two-Way, Not Divided","None","No Special Feature","Smooth Asphalt",0,0,0,0,0,0,0,"2 lanes",2,0,NA,0,NA
6215,1000,"Greenville","Pitt","Coastal","Residential","Urban (>70% Developed)","MUMFORD RD","Urban","30 - 35  MPH","Stop Sign","Cloudy","No",28,"25-29","No",NA,"With Traffic","B: Evident Injury","Travel Lane","Black","Male",29,"25-29","No",NA,"26-30 mph","O: No Injury","White","Male","Passenger Car","No","15APR2013","Monday","Crossing Paths - Other Circumstances",6,"Intersection","April","B: Evident Injury",23100,"Crossing Paths - Intersection - Other / Unknown",2013,"Yes","No","Dark - Lighted Roadway","Straight - Level","Local Street","Wet","Two-Way, Not Divided","None","Four-Way Intersection","Coarse Asphalt",0,0,0,0,0,0,0,"3 lanes",2,0,NA,0,NA
6216,2511,"None - Rural Crash","Moore","Piedmont","Commercial","Rural (<30% Developed)",NA,"Rural",NA,"Double Yellow Line, No Passing Zone","Clear","No",51,"50-59","No",NA,"With Traffic","B: Evident Injury","Travel Lane","White","Male",NA,NA,"Missing",NA,NA,"Unknown Injury","Unknown/Missing",NA,"Sport Utility","No","13OCT2012","Saturday","Motorist Overtaking Bicyclist",17,"Non-Intersection","October","B: Evident Injury",62880,"Motorist Overtaking - Other / Unknown",2012,"Yes","Yes","Daylight","Straight - Grade","US Route","Dry","Two-Way, Not Divided","None","No Special Feature","Smooth Asphalt",0,0,0,0,0,0,0,"2 lanes",2,0,NA,0,NA
6217,2513,"Wilmington","New Hanover","Coastal","Commercial","Urban (>70% Developed)",NA,"Urban","40 - 45  MPH","Stop And Go Signal","Clear","No",18,"16-19","No",NA,"Facing Traffic","B: Evident Injury",NA,"Black","Female",21,"20-24","No",NA,"41-45 mph","O: No Injury","White","Female","Passenger Car","No","26SEP2012","Wednesday","Bicyclist Failed to Yield - Signalized Intersection",16,"Intersection-Related","September","B: Evident Injury",60300,"Bicyclist Ride Out - Signalized  Intersection",2012,"Yes","No","Daylight","Straight - Level","Local Street","Dry","Two-Way, Not Divided","Other","No Special Feature","Concrete",0,0,0,0,0,0,0,"9 or more lanes",2,0,NA,0,NA
6218,2518,"Charlotte","Mecklenburg","Piedmont","Commercial","Urban (>70% Developed)",NA,"Urban","30 - 35  MPH","Stop And Go Signal","Clear","No",21,"20-24","No",NA,"With Traffic","B: Evident Injury","Travel Lane","White","Male",33,"30-39","No",NA,"26-30 mph","O: No Injury","Black","Female","Sport Utility","No","15OCT2012","Monday","Bicyclist Failed to Yield - Signalized Intersection",17,"Intersection","October","B: Evident Injury",63000,"Bicyclist Ride Out - Signalized  Intersection",2012,"Yes","No","Daylight","Straight - Level","Local Street","Dry","Two-Way, Not Divided","None","T-Intersection","Smooth Asphalt",0,0,0,0,0,0,0,"4 lanes",2,0,NA,0,NA
6219,2530,"None - Rural Crash","Robeson","Coastal","Farms, Woods, Pastures","Rural (<30% Developed)",NA,"Rural","50 - 55  MPH","No Control Present","Clear","No",50,"50-59","Yes",NA,"With Traffic","K: Killed","Travel Lane","Native American","Male",56,"50-59","No",NA,"46-50 mph","O: No Injury","Black","Male","Van","Yes","11OCT2012","Thursday","Motorist Overtaking Bicyclist",20,"Non-Intersection","October","K: Killed",73380,"Motorist Overtaking - Other / Unknown",2012,"Yes","No","Dark - Roadway Not Lighted","Straight - Level","NC Route","Dry","Two-Way, Not Divided","None","No Special Feature","Coarse Asphalt",0,0,0,0,0,0,0,"2 lanes",2,0,NA,0,NA
6220,2535,"None - Rural Crash","Brunswick","Coastal","Commercial","Urban (>70% Developed)",NA,"Rural","40 - 45  MPH","No Control Present","Clear","No",54,"50-59","No",NA,"With Traffic","C: Possible Injury","Travel Lane","White","Male",32,"30-39","No",NA,"41-45 mph","O: No Injury","White","Male","Pickup","No","18OCT2012","Thursday","Motorist Overtaking Bicyclist",18,"Non-Intersection","October","C: Possible Injury",65460,"Motorist Overtaking - Other / Unknown",2012,"No","No","Daylight","Straight - Level","NC Route","Dry","Two-Way, Not Divided","None","No Special Feature","Coarse Asphalt",0,0,0,0,0,0,0,"2 lanes",2,0,NA,0,NA
6221,2545,"Durham","Durham","Piedmont","Commercial","Urban (>70% Developed)",NA,"Urban","30 - 35  MPH","No Control Present","Clear","No",17,"16-19","No",NA,"With Traffic","B: Evident Injury","Travel Lane","White","Female",62,"60-69","Missing",NA,"0-5 mph","O: No Injury","White","Female","Passenger Car","No","20OCT2012","Saturday","Bicyclist Overtaking Motorist",15,"Intersection","October","B: Evident Injury",54960,"Bicyclist Overtaking - Extended Door",2012,"Yes","No","Daylight","Straight - Grade","Local Street","Dry","Two-Way, Not Divided","None","No Special Feature","Smooth Asphalt",0,0,0,0,0,0,0,"4 lanes",2,0,NA,0,NA