"...1","object_id","city","county","region","development","locality","on_road","rural_urban","speed_limit","traffic_control","weather","workzone","bike_age","bike_age_group","bike_alcohol","bike_alcohol_drugs","bike_direction","bike_injury","bike_position","bike_race","bike_sex","driver_age","driver_age_group","driver_alcohol","driver_alcohol_drugs","driver_est_speed","driver_injury","driver_race","driver_sex","driver_vehicle_type","crash_alcohol","crash_date","crash_day","crash_group","crash_hour","crash_location","crash_month","crash_severity","crash_time","crash_type","crash_year","ambulance_req","hit_run","light_condition","road_character","road_class","road_condition","road_configuration","road_defects","road_feature","road_surface","num_bikes_ai","num_bikes_bi","num_bikes_ci","num_bikes_ki","num_bikes_no","num_bikes_to","num_bikes_ui","num_lanes","num_units","distance_mi_from","frm_road","rte_invd_cd","towrd_road"
6222,2551,"None - Rural Crash","Caldwell","Mountains","Farms, Woods, Pastures","Rural (<30% Developed)",NA,"Rural","50 - 55  MPH","Double Yellow Line, No Passing Zone","Clear","No",62,"60-69","No",NA,"With Traffic","B: Evident Injury","Travel Lane","White","Male",57,"50-59","No",NA,"26-30 mph","O: No Injury","White","Female","Passenger Car","No","19OCT2012","Friday","Motorist Right Turn / Merge",11,"Intersection","October","B: Evident Injury",42240,"Motorist Right Turn - Same Direction",2012,"Yes","No","Daylight","Straight - Level","State Secondary Route","Dry","Two-Way, Not Divided","None","T-Intersection","Smooth Asphalt",0,0,0,0,0,0,0,"2 lanes",2,0,NA,0,NA
6223,2556,"Wilmington","New Hanover","Coastal","Commercial","Urban (>70% Developed)",NA,"Urban","30 - 35  MPH","Stop And Go Signal","Clear","No",27,"25-29","No",NA,"With Traffic","B: Evident Injury","Travel Lane","White","Male",NA,NA,"Missing",NA,"21-25 mph","Unknown Injury","Unknown/Missing",NA,"Pickup","No","10OCT2012","Wednesday","Motorist Right Turn / Merge",17,"Intersection","October","B: Evident Injury",62100,"Motorist Right Turn - Same Direction",2012,"Yes","Yes","Daylight","Straight - Level","Local Street","Dry","One-Way, Not Divided","None","No Special Feature","Coarse Asphalt",0,0,0,0,0,0,0,"4 lanes",2,0,NA,0,NA
6224,2557,"Wilmington","New Hanover","Coastal","Residential","Urban (>70% Developed)",NA,"Urban","20 - 25  MPH","Stop Sign","Clear","No",33,"30-39","No",NA,"Facing Traffic","B: Evident Injury","Travel Lane","White","Male",24,"20-24","No",NA,"11-15 mph","O: No Injury","Black","Female","Passenger Car","No","15OCT2012","Monday","Bicyclist Failed to Yield - Sign-Controlled Intersection",11,"Intersection","October","B: Evident Injury",41580,"Bicyclist Ride Through - Sign-Controlled Intersection",2012,"Yes","No","Daylight","Straight - Level","Local Street","Dry","Two-Way, Not Divided","None","Four-Way Intersection","Other",0,0,0,0,0,0,0,"8 lanes",2,0,NA,0,NA
6225,2570,"Greensboro","Guilford","Piedmont","Commercial","Urban (>70% Developed)",NA,"Urban","30 - 35  MPH","Double Yellow Line, No Passing Zone","Clear","No",28,"25-29","No",NA,"With Traffic","C: Possible Injury","Travel Lane","White","Male",68,"60-69","No",NA,"0-5 mph","O: No Injury","Black","Female","Passenger Car","No","24OCT2012","Wednesday","Motorist Left Turn / Merge",16,"Intersection","October","C: Possible Injury",61140,"Motorist Left Turn - Opposite Direction",2012,"Yes","No","Daylight","Straight - Hillcrest","Local Street","Dry","Two-Way, Divided, Unprotected Median","None","No Special Feature","Coarse Asphalt",0,0,0,0,0,0,0,"3 lanes",2,0,NA,0,NA
6226,2573,"Chapel Hill","Orange","Piedmont","Residential","Urban (>70% Developed)",NA,"Urban","30 - 35  MPH","Stop And Go Signal","Clear","No",24,"20-24","No",NA,"With Traffic","B: Evident Injury","Travel Lane","White","Female",NA,"70+","No",NA,"6-10 mph","O: No Injury","White","Female","Passenger Car","No","22OCT2012","Monday","Motorist Left Turn / Merge",16,"Intersection","October","B: Evident Injury",59940,"Motorist Left Turn - Opposite Direction",2012,"Yes","No","Daylight","Straight - Grade","Local Street","Dry","Two-Way, Not Divided","None","Four-Way Intersection","Smooth Asphalt",0,0,0,0,0,0,0,"4 lanes",2,0,NA,0,NA
6227,2578,"Fayetteville","Cumberland","Coastal","Commercial","Urban (>70% Developed)",NA,"Urban","30 - 35  MPH","Stop Sign","Clear","No",67,"60-69","No",NA,"Facing Traffic","C: Possible Injury","Sidewalk / Crosswalk / Driveway Crossing","Black","Male",25,"25-29","No",NA,"0-5 mph","O: No Injury","Unknown/Missing","Male","Police","No","23OCT2012","Tuesday","Motorist Failed to Yield - Sign-Controlled Intersection",11,"Intersection","October","C: Possible Injury",43080,"Motorist Drive Out - Sign-Controlled Intersection",2012,"Yes","No","Daylight","Straight - Level","Local Street","Dry","Two-Way, Not Divided","None","T-Intersection","Coarse Asphalt",0,0,0,0,0,0,0,"2 lanes",2,0,NA,0,NA
6228,2584,"Maiden","Catawba","Piedmont","Residential","Urban (>70% Developed)",NA,"Rural","30 - 35  MPH","Stop Sign","Cloudy","No",11,"11-15","No",NA,"With Traffic","B: Evident Injury","Travel Lane","Hispanic","Male",42,"40-49","No",NA,"31-35 mph","O: No Injury","White","Female","Passenger Car","No","06AUG2012","Monday","Bicyclist Failed to Yield - Sign-Controlled Intersection",11,"Intersection","August","B: Evident Injury",41100,"Bicyclist Ride Through - Sign-Controlled Intersection",2012,"Yes","No","Daylight","Straight - Hillcrest","Local Street","Dry","Two-Way, Not Divided","None","T-Intersection","Smooth Asphalt",0,0,0,0,0,0,0,"2 lanes",2,0,NA,0,NA
6229,2586,"Hickory","Catawba","Piedmont","Commercial","Urban (>70% Developed)",NA,"Urban","40 - 45  MPH","No Control Present","Clear","No",56,"50-59","No",NA,"With Traffic","B: Evident Injury","Travel Lane","White","Male",55,"50-59","No",NA,"6-10 mph","O: No Injury","Asian","Female","Sport Utility","No","25OCT2012","Thursday","Motorist Right Turn / Merge",13,"Non-Intersection","October","B: Evident Injury",50280,"Motorist Right Turn - Same Direction",2012,"No","No","Daylight","Straight - Grade","Local Street","Dry","Two-Way, Not Divided","None","No Special Feature","Coarse Asphalt",0,0,0,0,0,0,0,"5 lanes",2,0,NA,0,NA
6230,2588,"None - Rural Crash","Person","Piedmont","Farms, Woods, Pastures","Rural (<30% Developed)",NA,"Rural","40 - 45  MPH","Double Yellow Line, No Passing Zone","Clear","No",53,"50-59","No",NA,"With Traffic","A: Disabling Injury","Travel Lane","Black","Male",NA,NA,"Missing",NA,"41-45 mph","Unknown Injury","Unknown/Missing",NA,NA,"No","03NOV2012","Saturday","Motorist Overtaking Bicyclist",19,"Non-Intersection","November","A: Disabling Injury",69420,"Motorist Overtaking - Other / Unknown",2012,"Yes","Yes","Dark - Roadway Not Lighted","Curve - Grade","State Secondary Route","Dry","Two-Way, Not Divided","None","No Special Feature","Smooth Asphalt",0,0,0,0,0,0,0,"2 lanes",2,0,NA,0,NA
6231,2595,"Kinston","Lenoir","Coastal","Commercial","Urban (>70% Developed)",NA,"Urban","30 - 35  MPH","Stop Sign","Clear","No",41,"40-49","No",NA,"With Traffic","B: Evident Injury","Travel Lane","Black","Male",34,"30-39","No",NA,"0-5 mph","O: No Injury","White","Female","Passenger Car","No","05NOV2012","Monday","Motorist Right Turn / Merge",16,"Intersection","November","B: Evident Injury",59400,"Motorist Right Turn - Same Direction",2012,"Yes","No","Daylight","Straight - Level","Local Street","Dry","Two-Way, Not Divided","None","Four-Way Intersection","Smooth Asphalt",0,0,0,0,0,0,0,"9 or more lanes",2,0,NA,0,NA
6232,2601,"Wilmington","New Hanover","Coastal","Residential","Urban (>70% Developed)",NA,"Urban","20 - 25  MPH","Stop And Go Signal","Clear","No",26,"25-29","No",NA,"With Traffic","B: Evident Injury","Sidewalk / Crosswalk / Driveway Crossing","White","Female",47,"40-49","No",NA,"11-15 mph","O: No Injury","White","Female","Passenger Car","No","23OCT2012","Tuesday","Bicyclist Failed to Yield - Signalized Intersection",14,"Intersection","October","B: Evident Injury",52200,"Bicyclist Failed to Clear - Trapped",2012,"Yes","No","Daylight","Straight - Level","Local Street","Dry","Two-Way, Divided, Unprotected Median","Other","Four-Way Intersection","Coarse Asphalt",0,0,0,0,0,0,0,"4 lanes",2,0,NA,0,NA
6233,2608,"Charlotte","Mecklenburg","Piedmont","Commercial","Urban (>70% Developed)",NA,"Urban","40 - 45  MPH","Stop And Go Signal","Clear","No",47,"40-49","No",NA,"With Traffic","C: Possible Injury","Bike Lane / Paved Shoulder","White","Male",24,"20-24","No",NA,"41-45 mph","O: No Injury","White","Female","Sport Utility","No","02NOV2012","Friday","Motorist Right Turn / Merge",11,"Intersection","November","C: Possible Injury",42960,"Motorist Right Turn - Same Direction",2012,"Yes","No","Daylight","Straight - Level","Local Street","Dry","Two-Way, Divided, Unprotected Median","None","Four-Way Intersection","Smooth Asphalt",0,0,0,0,0,0,0,"6 lanes",2,0,NA,0,NA
6234,2610,"None - Rural Crash","Lee","Piedmont","Farms, Woods, Pastures","Rural (<30% Developed)",NA,"Rural","50 - 55  MPH","Double Yellow Line, No Passing Zone","Clear","No",48,"40-49","Yes",NA,"With Traffic","K: Killed","Travel Lane","Black","Male",36,"30-39","No",NA,"51-55 mph","O: No Injury","White","Male","Passenger Car","Yes","06NOV2012","Tuesday","Motorist Overtaking Bicyclist",20,"Non-Intersection","November","K: Killed",73740,"Motorist Overtaking - Other / Unknown",2012,"Yes","No","Dark - Roadway Not Lighted","Curve - Level","State Secondary Route","Dry","Two-Way, Not Divided","None","No Special Feature","Smooth Asphalt",0,0,0,0,0,0,0,"2 lanes",2,0,NA,0,NA
6235,2620,"Greensboro","Guilford","Piedmont","Residential","Urban (>70% Developed)",NA,"Urban","30 - 35  MPH","No Control Present","Clear","No",68,"60-69","No",NA,"With Traffic","C: Possible Injury","Travel Lane","White","Male",28,"25-29","No",NA,"21-25 mph","O: No Injury","Black","Female","Passenger Car","No","11NOV2012","Sunday","Motorist Overtaking Bicyclist",10,"Non-Intersection","November","C: Possible Injury",39300,"Motorist Overtaking - Undetected Bicyclist",2012,"Yes","No","Daylight","Straight - Level","Local Street","Dry","Two-Way, Not Divided","None","No Special Feature","Smooth Asphalt",0,0,0,0,0,0,0,"2 lanes",3,0,NA,0,NA
6236,2624,"None - Rural Crash","Cabarrus","Piedmont","Residential","Mixed (30% To 70% Developed)",NA,"Rural","40 - 45  MPH","Stop Sign","Clear","No",14,"11-15","No",NA,"With Traffic","B: Evident Injury","Travel Lane","White","Male",17,"0-19","No",NA,"41-45 mph","O: No Injury","Black","Male","Passenger Car","No","13NOV2012","Tuesday","Bicyclist Failed to Yield - Sign-Controlled Intersection",17,"Intersection","November","B: Evident Injury",61320,"Bicyclist Ride Through - Sign-Controlled Intersection",2012,"Yes","No","Daylight","Straight - Grade","State Secondary Route","Dry","Two-Way, Not Divided","None","Four-Way Intersection","Coarse Asphalt",0,0,0,0,0,0,0,"2 lanes",2,0,NA,0,NA
6237,2628,"Lenoir","Caldwell","Mountains","Commercial","Urban (>70% Developed)",NA,"Urban","50 - 55  MPH","No Control Present","Clear","No",35,"30-39","No",NA,"With Traffic","B: Evident Injury","Travel Lane","White","Male",63,"60-69","No",NA,"46-50 mph","O: No Injury","White","Female","Passenger Car","No","15NOV2012","Thursday","Motorist Overtaking Bicyclist",18,"Non-Intersection","November","B: Evident Injury",65040,"Motorist Overtaking - Undetected Bicyclist",2012,"Yes","No","Dark - Roadway Not Lighted","Straight - Grade","Local Street","Dry","Two-Way, Divided, Unprotected Median","None","No Special Feature","Coarse Asphalt",0,0,0,0,0,0,0,"5 lanes",2,0,NA,0,NA
6238,2630,"Greensboro","Guilford","Piedmont","Commercial","Urban (>70% Developed)",NA,"Urban","30 - 35  MPH","Stop Sign","Clear","No",20,"20-24","No",NA,"Facing Traffic","B: Evident Injury","Sidewalk / Crosswalk / Driveway Crossing","White","Male",24,"20-24","No",NA,"0-5 mph","O: No Injury","White","Female","Passenger Car","No","05OCT2012","Friday","Motorist Failed to Yield - Sign-Controlled Intersection",15,"Intersection","October","B: Evident Injury",56760,"Motorist Drive Out - Sign-Controlled Intersection",2012,"Yes","No","Daylight","Curve - Hillcrest","Local Street","Dry","Two-Way, Divided, Unprotected Median","None","On or Off Ramp","Smooth Asphalt",0,0,0,0,0,0,0,"3 lanes",2,0,NA,0,NA
6239,2635,"Durham","Durham","Piedmont","Commercial","Urban (>70% Developed)",NA,"Urban","20 - 25  MPH","No Control Present","Clear","No",53,"50-59","Yes",NA,"With Traffic","B: Evident Injury","Travel Lane","Black","Male",69,"60-69","No",NA,"21-25 mph","O: No Injury","Black","Male","Passenger Car","Yes","18NOV2012","Sunday","Motorist Overtaking Bicyclist",22,"Non-Intersection","November","B: Evident Injury",80820,"Motorist Overtaking - Undetected Bicyclist",2012,"Yes","No","Dark - Lighted Roadway","Straight - Grade","Local Street","Dry","One-Way, Not Divided","None","No Special Feature","Smooth Asphalt",0,0,0,0,0,0,0,"3 lanes",2,0,NA,0,NA
6240,2641,"Greensboro","Guilford","Piedmont","Commercial","Urban (>70% Developed)",NA,"Urban","30 - 35  MPH","No Control Present","Clear","No",53,"50-59","No",NA,"With Traffic","B: Evident Injury","Travel Lane","Black","Male",NA,NA,"Missing",NA,"6-10 mph","Unknown Injury","Unknown/Missing",NA,"Passenger Car","No","10SEP2012","Monday","Motorist Left Turn / Merge",18,"Non-Intersection","September","B: Evident Injury",67080,"Motorist Left Turn - Opposite Direction",2012,"Yes","Yes","Daylight","Straight - Level","Local Street","Dry","Two-Way, Divided, Unprotected Median","None","Driveway, Public","Smooth Asphalt",0,0,0,0,0,0,0,"5 lanes",2,0,NA,0,NA
6241,2647,"Southern Pines","Moore","Piedmont","Residential","Urban (>70% Developed)",NA,"Urban","40 - 45  MPH","Stop And Go Signal","Clear","No",NA,"70+","No",NA,"With Traffic","B: Evident Injury","Travel Lane","White","Male",40,"40-49","No",NA,"41-45 mph","O: No Injury","Black","Female","Passenger Car","No","07NOV2012","Wednesday","Motorist Overtaking Bicyclist",16,"Non-Intersection","November","B: Evident Injury",58680,"Motorist Overtaking - Bicyclist Swerved",2012,"Yes","No","Daylight","Straight - Grade","NC Route","Dry","Two-Way, Divided, Unprotected Median","None","No Special Feature","Coarse Asphalt",0,0,0,0,0,0,0,"4 lanes",2,0,NA,0,NA
6242,2655,"Greensboro","Guilford","Piedmont","Residential","Urban (>70% Developed)",NA,"Urban","30 - 35  MPH","No Control Present","Other","No",51,"50-59","No",NA,"With Traffic","C: Possible Injury","Travel Lane","Black","Male",20,"20-24","No",NA,"0-5 mph","O: No Injury","Black","Male","Passenger Car","No","12JUN2012","Tuesday","Motorist Overtaking Bicyclist",0,"Non-Intersection","June","C: Possible Injury",3000,"Motorist Overtaking - Other / Unknown",2012,"Yes","No","Dark - Lighted Roadway","Straight - Level","Local Street",NA,"Two-Way, Not Divided","None","No Special Feature","Smooth Asphalt",0,0,0,0,0,0,0,"2 lanes",2,0,NA,0,NA
6243,2658,"Lumberton","Robeson","Coastal","Farms, Woods, Pastures","Rural (<30% Developed)",NA,"Urban","50 - 55  MPH","Double Yellow Line, No Passing Zone","Clear","No",52,"50-59","No",NA,"With Traffic","C: Possible Injury","Travel Lane","Black","Male",NA,"70+","No",NA,"41-45 mph","O: No Injury","Native American","Female","Passenger Car","No","06NOV2012","Tuesday","Motorist Overtaking Bicyclist",12,"Non-Intersection","November","C: Possible Injury",45000,"Motorist Overtaking - Bicyclist Swerved",2012,"Yes","No","Daylight","Straight - Level","Local Street","Dry","Two-Way, Not Divided","None","No Special Feature","Coarse Asphalt",0,0,0,0,0,0,0,"2 lanes",2,0,NA,0,NA
6244,2663,"Lumberton","Robeson","Coastal","Commercial","Urban (>70% Developed)",NA,"Urban","20 - 25  MPH","No Control Present","Clear","No",NA,NA,"Missing",NA,"Facing Traffic","Unknown Injury","Travel Lane","Unknown/Missing",NA,62,"60-69","No",NA,"11-15 mph","O: No Injury","White","Female","Sport Utility","No","20OCT2012","Saturday","Bicyclist Failed to Yield - Sign-Controlled Intersection",17,"Intersection","October","O: No Injury",62280,"Bicyclist Ride Through - Sign-Controlled Intersection",2012,"No","No","Daylight","Straight - Level","Local Street","Dry","Two-Way, Not Divided","None","No Special Feature","Concrete",0,0,0,0,0,0,0,"4 lanes",2,0,NA,0,NA
6245,2664,"Raleigh","Wake","Piedmont","Residential","Urban (>70% Developed)",NA,"Urban","30 - 35  MPH","No Control Present","Clear","No",55,"50-59","No",NA,"With Traffic","B: Evident Injury","Travel Lane","White","Male",NA,NA,"Missing",NA,"31-35 mph","Unknown Injury","Unknown/Missing",NA,NA,"No","24NOV2012","Saturday","Motorist Overtaking Bicyclist",16,"Non-Intersection","November","B: Evident Injury",57720,"Motorist Overtaking - Other / Unknown",2012,"Yes","Yes","Daylight","Straight - Level","Local Street","Dry","Two-Way, Not Divided","None","No Special Feature","Smooth Asphalt",0,0,0,0,0,0,0,"2 lanes",2,0,NA,0,NA
6246,2668,"Greensboro","Guilford","Piedmont","Institutional","Urban (>70% Developed)",NA,"Urban","20 - 25  MPH","Stop And Go Signal","Clear","No",19,"16-19","No",NA,"With Traffic","Unknown Injury","Bike Lane / Paved Shoulder","White","Female",49,"40-49","No",NA,"0-5 mph","O: No Injury","White","Male","Van","No","06NOV2012","Tuesday","Motorist Left Turn / Merge",13,"Intersection","November","O: No Injury",49920,"Motorist Left Turn - Opposite Direction",2012,"No","No","Daylight","Straight - Level","Local Street","Dry","Two-Way, Not Divided","None","Four-Way Intersection","Smooth Asphalt",0,0,0,0,0,0,0,"2 lanes",2,0,NA,0,NA
6247,2671,"None - Rural Crash","Orange","Piedmont","Farms, Woods, Pastures","Rural (<30% Developed)",NA,"Rural","40 - 45  MPH","Double Yellow Line, No Passing Zone","Clear","No",62,"60-69","No",NA,"With Traffic","B: Evident Injury","Travel Lane","White","Male",48,"40-49","No",NA,"36-40 mph","O: No Injury","White","Female","Passenger Car","No","23NOV2012","Friday","Bicyclist Left Turn / Merge",15,"Intersection","November","B: Evident Injury",54060,"Bicyclist Left Turn - Same Direction",2012,"Yes","No","Daylight","Straight - Grade","State Secondary Route","Dry","Two-Way, Not Divided","None","T-Intersection","Coarse Asphalt",0,0,0,0,0,0,0,"2 lanes",2,0,NA,0,NA
6248,2678,"Greensboro","Guilford","Piedmont","Commercial","Urban (>70% Developed)",NA,"Urban","5 - 15 MPH","Stop Sign","Clear","No",23,"20-24","No",NA,"Not Applicable","B: Evident Injury","Sidewalk / Crosswalk / Driveway Crossing","White","Female",48,"40-49","No",NA,"0-5 mph","O: No Injury","White","Female","Passenger Car","No","01DEC2012","Saturday","Motorist Failed to Yield - Midblock",13,"Non-Intersection","December","B: Evident Injury",46920,"Motorist Drive Out - Commercial Driveway / Alley",2012,"Yes","No","Daylight","Straight - Bottom","Local Street","Dry","Two-Way, Divided, Unprotected Median","None","Related To Intersection","Smooth Asphalt",0,0,0,0,0,0,0,NA,2,0,NA,0,NA
6249,2683,"Charlotte","Mecklenburg","Piedmont","Residential","Urban (>70% Developed)",NA,"Urban","30 - 35  MPH","Stop Sign","Clear","No",48,"40-49","No",NA,"With Traffic","B: Evident Injury","Travel Lane","White","Male",NA,NA,"Missing",NA,"16-20 mph","Unknown Injury","Unknown/Missing",NA,NA,"No","24OCT2012","Wednesday","Motorist Failed to Yield - Sign-Controlled Intersection",8,"Intersection","October","B: Evident Injury",31560,"Motorist Drive Through - Sign-Controlled Intersection",2012,"Yes","Yes","Daylight","Straight - Level","Local Street","Dry","Two-Way, Not Divided","None","No Special Feature","Concrete",0,0,0,0,0,0,0,"2 lanes",2,0,NA,0,NA
6250,2707,"Charlotte","Mecklenburg","Piedmont","Residential","Urban (>70% Developed)",NA,"Urban","20 - 25  MPH","Stop Sign","Cloudy","No",35,"30-39","No",NA,"Facing Traffic","O: No Injury","Sidewalk / Crosswalk / Driveway Crossing","Hispanic","Male",49,"40-49","No",NA,"0-5 mph","O: No Injury","White","Male","Passenger Car","No","12DEC2012","Wednesday","Motorist Failed to Yield - Midblock",9,"Non-Intersection","December","B: Evident Injury",33060,"Motorist Drive Out - Residential Driveway",2012,"Yes","No","Daylight","Straight - Level","Local Street","Dry","Two-Way, Divided, Unprotected Median","None","Driveway, Public","Concrete",0,0,0,0,0,0,0,"2 lanes",2,0,NA,0,NA
6251,2708,"Durham","Durham","Piedmont","Residential","Urban (>70% Developed)",NA,"Urban","40 - 45  MPH","Stop Sign","Cloudy","No",12,"11-15","No",NA,"Facing Traffic","K: Killed","Travel Lane","Black","Female",59,"50-59","No",NA,"41-45 mph","O: No Injury","White","Male","Pickup","No","10DEC2012","Monday","Loss of Control / Turning Error",15,"Intersection","December","K: Killed",54540,"Bicyclist Turning Error - Left Turn",2012,"Yes","No","Daylight","Straight - Hillcrest","NC Route","Dry","Two-Way, Not Divided","None","Four-Way Intersection","Smooth Asphalt",0,0,0,0,0,0,0,"3 lanes",2,0,NA,0,NA
6252,2715,"None - Rural Crash","Chowan","Coastal","Farms, Woods, Pastures","Rural (<30% Developed)",NA,"Rural","50 - 55  MPH","No Control Present","Clear","No",64,"60-69","No",NA,"With Traffic","B: Evident Injury","Travel Lane","Black","Male",28,"25-29","No",NA,"26-30 mph","O: No Injury","White","Male","Tractor/Semi-Trailer","No","03DEC2012","Monday","Motorist Overtaking Bicyclist",16,"Non-Intersection","December","B: Evident Injury",59520,"Motorist Overtaking - Other / Unknown",2012,"Yes","No","Daylight","Curve - Level","State Secondary Route","Dry","Two-Way, Not Divided","None","No Special Feature","Smooth Asphalt",0,0,0,0,0,0,0,"2 lanes",2,0,NA,0,NA
6253,2716,"Wilson","Wilson","Coastal","Residential","Urban (>70% Developed)",NA,"Urban","30 - 35  MPH","Yield Sign","Clear","No",20,"20-24","No",NA,"With Traffic","C: Possible Injury","Travel Lane","Black","Male",40,"40-49","No",NA,"6-10 mph","O: No Injury","Black","Female","Other Bus","No","07NOV2012","Wednesday","Motorist Failed to Yield - Sign-Controlled Intersection",12,"Intersection-Related","November","C: Possible Injury",43260,"Motorist Drive Out - Sign-Controlled Intersection",2012,"Yes","No","Daylight","Straight - Level","Local Street","Dry","Two-Way, Not Divided","None","T-Intersection","Coarse Asphalt",0,0,0,0,0,0,0,"2 lanes",2,0,NA,0,NA
6254,2720,"Kill Devil Hills","Dare","Coastal","Commercial","Urban (>70% Developed)",NA,"Urban","50 - 55  MPH","No Control Present","Cloudy","No",24,"20-24","No",NA,"Not Applicable","B: Evident Injury","Non-Roadway","Black","Male",27,"25-29","No",NA,"46-50 mph","C: Possible Injury","White","Female","Passenger Car","No","20NOV2012","Tuesday","Bicyclist Failed to Yield - Midblock",16,"Non-Intersection","November","B: Evident Injury",58680,"Bicyclist Ride Out - Other Midblock",2012,"Yes","No","Daylight","Straight - Level","US Route","Dry","Two-Way, Not Divided","None","No Special Feature","Coarse Asphalt",0,0,0,0,0,0,0,"5 lanes",2,0,NA,0,NA
6255,2722,"None - Rural Crash","Rutherford","Mountains","Residential","Mixed (30% To 70% Developed)",NA,"Rural","50 - 55  MPH","No Control Present","Clear","No",18,"16-19","No",NA,"With Traffic","C: Possible Injury","Travel Lane","Black","Male",NA,NA,"Missing",NA,"16-20 mph","Unknown Injury","Unknown/Missing",NA,"Passenger Car","No","14DEC2012","Friday","Motorist Overtaking Bicyclist",13,"Intersection","December","C: Possible Injury",47700,"Motorist Overtaking - Other / Unknown",2012,"Yes","Yes","Daylight","Straight - Level","State Secondary Route","Dry","Two-Way, Not Divided","None","Four-Way Intersection","Smooth Asphalt",0,0,0,0,0,0,0,"2 lanes",2,0,NA,0,NA
6256,2724,"Wilmington","New Hanover","Coastal","Commercial","Urban (>70% Developed)",NA,"Urban","20 - 25  MPH","Stop Sign","Clear","No",59,"50-59","No",NA,"With Traffic","C: Possible Injury","Travel Lane","White","Male",31,"30-39","No",NA,"0-5 mph","O: No Injury","White","Male","Passenger Car","No","03DEC2012","Monday","Motorist Failed to Yield - Sign-Controlled Intersection",7,"Intersection","December","C: Possible Injury",25560,"Motorist Drive Out - Sign-Controlled Intersection",2012,"Yes","No","Daylight","Straight - Level","Local Street","Dry","Two-Way, Not Divided","None","No Special Feature","Coarse Asphalt",0,0,0,0,0,0,0,"3 lanes",2,0,NA,0,NA
6257,2728,"Fayetteville","Cumberland","Coastal","Commercial","Urban (>70% Developed)",NA,"Urban","30 - 35  MPH","No Control Present","Clear","No",54,"50-59","No",NA,"Not Applicable","B: Evident Injury","Non-Roadway","Black","Male",NA,"70+","No",NA,"36-40 mph","O: No Injury","White","Male","Passenger Car","No","01DEC2012","Saturday","Bicyclist Failed to Yield - Midblock",9,"Non-Intersection","December","B: Evident Injury",35700,"Bicyclist Ride Out - Other Midblock",2012,"Yes","No","Daylight","Straight - Hillcrest","Local Street","Dry","Two-Way, Divided, Unprotected Median","None","No Special Feature","Smooth Asphalt",0,0,0,0,0,0,0,"3 lanes",2,0,NA,0,NA
6258,2733,"Lenoir","Caldwell","Mountains","Commercial","Urban (>70% Developed)",NA,"Urban","20 - 25  MPH","Stop And Go Signal","Clear","No",12,"11-15","No",NA,"With Traffic","C: Possible Injury","Travel Lane","Asian","Male",50,"50-59","No",NA,"6-10 mph","O: No Injury","Black","Female","Sport Utility","No","23DEC2012","Sunday","Bicyclist Failed to Yield - Signalized Intersection",20,"Intersection","December","C: Possible Injury",74280,"Bicyclist Ride Out - Signalized  Intersection",2012,"Yes","No","Dark - Lighted Roadway","Straight - Level","Local Street","Dry","One-Way, Not Divided","None","No Special Feature","Coarse Asphalt",0,0,0,0,0,0,0,"2 lanes",2,0,NA,0,NA
6259,2745,"Winston-Salem","Forsyth","Piedmont","Residential","Urban (>70% Developed)",NA,"Urban","30 - 35  MPH","Stop Sign","Cloudy","No",36,"30-39","No",NA,"Facing Traffic","C: Possible Injury","Sidewalk / Crosswalk / Driveway Crossing","White","Male",NA,NA,"No",NA,"0-5 mph","Unknown Injury","Unknown/Missing",NA,NA,"No","10DEC2012","Monday","Motorist Failed to Yield - Sign-Controlled Intersection",23,"Intersection","December","C: Possible Injury",83100,"Motorist Drive Out - Sign-Controlled Intersection",2012,"Yes","Yes","Dark - Lighted Roadway","Straight - Level","Local Street","Dry","Two-Way, Not Divided","None","T-Intersection","Smooth Asphalt",0,0,0,0,0,0,0,"4 lanes",2,0,NA,0,NA
6260,2748,"Wilmington","New Hanover","Coastal","Residential","Urban (>70% Developed)",NA,"Urban","30 - 35  MPH","Stop Sign","Clear","No",16,"16-19","No",NA,"With Traffic","C: Possible Injury","Travel Lane","Black","Male",42,"40-49","No",NA,"11-15 mph","O: No Injury","Black","Female","Passenger Car","No","14DEC2012","Friday","Bicyclist Failed to Yield - Sign-Controlled Intersection",17,"Intersection","December","C: Possible Injury",63240,"Bicyclist Ride Through - Sign-Controlled Intersection",2012,"No","No","Dark - Lighted Roadway","Straight - Level","Local Street","Dry","Two-Way, Not Divided","None","Four-Way Intersection","Coarse Asphalt",0,0,0,0,0,0,0,"2 lanes",2,0,NA,0,NA
6261,2750,"Winston-Salem","Forsyth","Piedmont","Residential","Urban (>70% Developed)",NA,"Urban","30 - 35  MPH","Stop And Go Signal","Clear","No",36,"30-39","No",NA,"Facing Traffic","B: Evident Injury",NA,"Black","Male",34,"30-39","No",NA,"26-30 mph","O: No Injury","White","Female","Light Truck (Mini-Van, Panel)","No","21DEC2012","Friday","Bicyclist Failed to Yield - Signalized Intersection",17,"Intersection-Related","December","B: Evident Injury",62040,"Bicyclist Ride Out - Signalized  Intersection",2012,"Yes","No","Daylight","Straight - Level","Local Street","Dry","Two-Way, Not Divided","None","Related To Intersection","Smooth Asphalt",0,0,0,0,0,0,0,"2 lanes",2,0,NA,0,NA
6262,2751,"Rocky Mount","Nash","Coastal","Residential","Urban (>70% Developed)",NA,"Urban","30 - 35  MPH","No Control Present","Cloudy","No",38,"30-39","No",NA,"With Traffic","C: Possible Injury","Travel Lane","Black","Male",51,"50-59","No",NA,NA,"O: No Injury","Black","Male","Pickup","No","16DEC2012","Sunday","Bicyclist Overtaking Motorist",10,"Intersection-Related","December","C: Possible Injury",36900,"Bicyclist Overtaking - Parked Vehicle",2012,"Yes","No","Daylight","Straight - Level","Local Street","Dry","Two-Way, Not Divided","None","No Special Feature","Smooth Asphalt",0,0,0,0,0,0,0,"2 lanes",2,0,NA,0,NA