"...1","object_id","city","county","region","development","locality","on_road","rural_urban","speed_limit","traffic_control","weather","workzone","bike_age","bike_age_group","bike_alcohol","bike_alcohol_drugs","bike_direction","bike_injury","bike_position","bike_race","bike_sex","driver_age","driver_age_group","driver_alcohol","driver_alcohol_drugs","driver_est_speed","driver_injury","driver_race","driver_sex","driver_vehicle_type","crash_alcohol","crash_date","crash_day","crash_group","crash_hour","crash_location","crash_month","crash_severity","crash_time","crash_type","crash_year","ambulance_req","hit_run","light_condition","road_character","road_class","road_condition","road_configuration","road_defects","road_feature","road_surface","num_bikes_ai","num_bikes_bi","num_bikes_ci","num_bikes_ki","num_bikes_no","num_bikes_to","num_bikes_ui","num_lanes","num_units","distance_mi_from","frm_road","rte_invd_cd","towrd_road"
6263,2755,"Dunn","Harnett","Coastal","Residential","Mixed (30% To 70% Developed)",NA,"Urban","30 - 35  MPH","No Control Present","Clear","No",63,"60-69","No",NA,"With Traffic","Unknown Injury","Travel Lane","Unknown/Missing","Male",NA,"70+","No",NA,"31-35 mph","O: No Injury","Black","Male","Passenger Car","No","26OCT2012","Friday","Motorist Overtaking Bicyclist",19,"Non-Intersection","October","O: No Injury",69300,"Motorist Overtaking - Undetected Bicyclist",2012,"No","No","Dark - Roadway Not Lighted","Straight - Level","Local Street","Dry","Two-Way, Not Divided","None","No Special Feature","Coarse Asphalt",0,0,0,0,0,0,0,"2 lanes",2,0,NA,0,NA
6264,2760,"Wilmington","New Hanover","Coastal","Commercial","Urban (>70% Developed)",NA,"Urban","20 - 25  MPH","No Control Present","Clear","No",18,"16-19","No",NA,"With Traffic","O: No Injury","Sidewalk / Crosswalk / Driveway Crossing","White","Male",20,"20-24","No",NA,"6-10 mph","O: No Injury","Black","Male","Passenger Car","No","26SEP2012","Wednesday","Crossing Paths - Other Circumstances",14,"Intersection-Related","September","O: No Injury",50640,"Crossing Paths - Uncontrolled Intersection",2012,"No","No","Daylight","Straight - Level","Local Street","Dry","Two-Way, Divided, Unprotected Median","None","No Special Feature","Smooth Asphalt",0,0,0,0,0,0,0,"2 lanes",2,0,NA,0,NA
6265,2761,"Chapel Hill","Orange","Piedmont","Farms, Woods, Pastures","Urban (>70% Developed)",NA,"Urban","20 - 25  MPH","Double Yellow Line, No Passing Zone","Clear","No",27,"25-29","No",NA,"With Traffic","C: Possible Injury","Travel Lane","White","Female",21,"20-24","No",NA,"0-5 mph","O: No Injury","White","Male","Passenger Car","No","11DEC2012","Tuesday","Motorist Failed to Yield - Midblock",13,"Non-Intersection","December","C: Possible Injury",48600,"Motorist Drive Out - Residential Driveway",2012,"No","No","Daylight","Straight - Grade","Local Street","Dry","Two-Way, Not Divided","None","No Special Feature","Smooth Asphalt",0,0,0,0,0,0,0,"2 lanes",2,0,NA,0,NA
6266,2780,"None - Rural Crash","Randolph","Piedmont","Residential","Rural (<30% Developed)",NA,"Rural","30 - 35  MPH","No Control Present","Clear","No",12,"11-15","No",NA,"Not Applicable","B: Evident Injury","Non-Roadway","White","Female",33,"30-39","No",NA,"21-25 mph","O: No Injury","White","Female","Passenger Car","No","30JAN2011","Sunday","Bicyclist Failed to Yield - Midblock",12,"Non-Intersection","January","B: Evident Injury",45720,"Bicyclist Ride Out - Other Midblock",2011,"Yes","No","Daylight","Straight - Level","State Secondary Route","Dry","Two-Way, Not Divided","None","No Special Feature","Smooth Asphalt",0,0,0,0,0,0,0,"2 lanes",2,0,NA,0,NA
6267,2787,"Greensboro","Guilford","Piedmont","Residential","Urban (>70% Developed)",NA,"Urban",NA,"Stop Sign","Clear","No",51,"50-59","No",NA,"Facing Traffic","C: Possible Injury","Sidewalk / Crosswalk / Driveway Crossing","White","Male",21,"20-24","No",NA,"6-10 mph","O: No Injury","Black","Male","Passenger Car","No","28JAN2011","Friday","Crossing Paths - Other Circumstances",13,"Intersection","January","C: Possible Injury",47220,"Sign-Controlled Intersection - Other / Unknown",2011,"Yes","No","Daylight","Straight - Hillcrest","Public Vehicular Area","Dry","Two-Way, Not Divided","No Shoulders","T-Intersection","Smooth Asphalt",0,0,0,0,0,0,0,"2 lanes",2,0,NA,0,NA
6268,2796,"None - Rural Crash","Robeson","Coastal","Farms, Woods, Pastures","Rural (<30% Developed)",NA,"Rural","50 - 55  MPH","No Control Present","Clear","No",49,"40-49","Yes",NA,"Facing Traffic","O: No Injury","Travel Lane","Native American","Male",NA,"70+","No",NA,"51-55 mph","O: No Injury","White","Male","EMS Vehicle, Ambulance, Rescue Squad","Yes","11FEB2011","Friday","Head-On",18,"Non-Intersection","February","O: No Injury",67500,"Head-On - Bicyclist",2011,"No","No","Dark - Roadway Not Lighted","Straight - Level","NC Route","Dry","Two-Way, Not Divided","None","No Special Feature","Coarse Asphalt",0,0,0,0,0,0,0,"2 lanes",2,0,NA,0,NA
6269,2803,"Goldsboro","Wayne","Coastal","Commercial","Urban (>70% Developed)",NA,"Urban","40 - 45  MPH","Double Yellow Line, No Passing Zone","Rain","No",33,"30-39","No",NA,"With Traffic","C: Possible Injury","Bike Lane / Paved Shoulder","Hispanic","Male",NA,NA,"Missing",NA,"31-35 mph","Unknown Injury","Unknown/Missing",NA,NA,"No","04FEB2011","Friday","Motorist Overtaking Bicyclist",6,"Non-Intersection","February","C: Possible Injury",24360,"Motorist Overtaking - Other / Unknown",2011,"No","Yes","Dark - Lighted Roadway","Straight - Level","Local Street","Wet","Two-Way, Not Divided","None","No Special Feature","Coarse Asphalt",0,0,0,0,0,0,0,"2 lanes",2,0,NA,0,NA
6270,2809,"None - Rural Crash","Nash","Coastal","Farms, Woods, Pastures","Rural (<30% Developed)",NA,"Rural","50 - 55  MPH","Double Yellow Line, No Passing Zone","Clear","No",53,"50-59","No",NA,"With Traffic","B: Evident Injury","Travel Lane","White","Male",55,"50-59","No",NA,"51-55 mph","O: No Injury","White","Male","Pickup","No","19FEB2011","Saturday","Motorist Overtaking Bicyclist",10,"Non-Intersection","February","B: Evident Injury",39420,"Motorist Overtaking - Other / Unknown",2011,"Yes","No","Daylight","Straight - Grade","NC Route","Dry","Two-Way, Not Divided","None","No Special Feature","Coarse Asphalt",0,0,0,0,0,0,0,"2 lanes",2,0,NA,0,NA
6271,2811,"None - Rural Crash","Randolph","Piedmont","Residential","Rural (<30% Developed)",NA,"Rural","40 - 45  MPH","Double Yellow Line, No Passing Zone","Clear","No",35,"30-39","No",NA,"With Traffic","O: No Injury","Travel Lane","White","Male",NA,"70+","No",NA,"31-35 mph","O: No Injury","White","Male","Passenger Car","No","17FEB2011","Thursday","Motorist Overtaking Bicyclist",15,"Non-Intersection","February","O: No Injury",54060,"Motorist Overtaking - Other / Unknown",2011,"No","No","Daylight","Straight - Grade","State Secondary Route","Dry","Two-Way, Not Divided","None","No Special Feature","Smooth Asphalt",0,0,0,0,0,0,0,"2 lanes",2,0,NA,0,NA
6272,2816,"Albemarle","Stanly","Piedmont","Commercial","Urban (>70% Developed)",NA,"Urban","40 - 45  MPH","No Control Present","Clear","No",30,"30-39","No",NA,"With Traffic","C: Possible Injury","Travel Lane","White","Female",66,"60-69","No",NA,"31-35 mph","O: No Injury","White","Male","Pickup","No","16FEB2011","Wednesday","Motorist Overtaking Bicyclist",19,"Non-Intersection","February","C: Possible Injury",69720,"Motorist Overtaking - Undetected Bicyclist",2011,"Yes","No","Dark - Roadway Not Lighted","Straight - Level","NC Route","Dry","Two-Way, Not Divided","None","No Special Feature","Smooth Asphalt",0,0,0,0,0,0,0,"5 lanes",2,0,NA,0,NA
6273,2817,"Wilmington","New Hanover","Coastal","Commercial","Urban (>70% Developed)",NA,"Urban","40 - 45  MPH","Stop And Go Signal","Clear","No",NA,NA,"No",NA,"With Traffic","B: Evident Injury","Travel Lane","Black","Male",33,"30-39","No",NA,"41-45 mph","Unknown Injury","Black","Male","Sport Utility","No","08FEB2011","Tuesday","Bicyclist Failed to Yield - Signalized Intersection",17,"Intersection","February","B: Evident Injury",62700,"Bicyclist Ride Through - Signalized Intersection",2011,"Yes","No","Daylight","Straight - Level","NC Route","Dry","Two-Way, Not Divided","None","No Special Feature","Coarse Asphalt",0,0,0,0,0,0,0,"5 lanes",2,0,NA,0,NA
6274,2826,"Wilmington","New Hanover","Coastal","Commercial","Urban (>70% Developed)",NA,"Urban",NA,"Stop Sign","Clear","No",18,"16-19","No",NA,"Facing Traffic","C: Possible Injury","Sidewalk / Crosswalk / Driveway Crossing","White","Female",23,"20-24","No",NA,"0-5 mph","O: No Injury","White","Male","Sport Utility","No","18FEB2011","Friday","Motorist Failed to Yield - Midblock",14,"Non-Intersection","February","C: Possible Injury",52260,"Motorist Drive Out - Commercial Driveway / Alley",2011,"Yes","No","Daylight","Straight - Level","Public Vehicular Area","Dry","Two-Way, Not Divided","None","Driveway, Public","Coarse Asphalt",0,0,0,0,0,0,0,NA,3,0,NA,0,NA
6275,2831,"Rocky Mount","Nash","Coastal","Commercial","Urban (>70% Developed)",NA,"Urban","5 - 15 MPH","No Control Present","Cloudy","No",56,"50-59","Yes",NA,"Not Applicable","B: Evident Injury","Non-Roadway","Black","Male",48,"40-49","No",NA,"16-20 mph","O: No Injury","White","Male","Pickup","Yes","25JAN2011","Tuesday","Non-Roadway",18,"Non-Roadway","January","B: Evident Injury",65340,"Non-Roadway",2011,"Yes","No","Dark - Lighted Roadway","Straight - Level","Public Vehicular Area","Wet","Two-Way, Not Divided","None","Driveway, Public","Coarse Asphalt",0,0,0,0,0,0,0,NA,2,0,NA,0,NA
6276,2834,"Apex","Wake","Piedmont","Commercial","Mixed (30% To 70% Developed)",NA,"Urban","50 - 55  MPH","Stop And Go Signal","Clear","No",49,"40-49","No",NA,"With Traffic","B: Evident Injury","Non-Roadway","White","Male",28,"25-29","No",NA,"16-20 mph","O: No Injury","White","Male","Pickup","No","07MAR2011","Monday","Motorist Left Turn / Merge",6,"Intersection","March","B: Evident Injury",23880,"Motorist Left Turn - Opposite Direction",2011,"Yes","No","Daylight","Straight - Grade","US Route","Dry","One-Way, Not Divided","None","Four-Way Intersection","Smooth Asphalt",0,0,0,0,0,0,0,"1 lane",2,0,NA,0,NA
6277,2837,"None - Rural Crash","Sampson","Coastal","Farms, Woods, Pastures","Rural (<30% Developed)",NA,"Rural",NA,"Double Yellow Line, No Passing Zone","Clear","No",NA,NA,"Missing",NA,"With Traffic","Unknown Injury","Travel Lane","Unknown/Missing",NA,NA,NA,"Missing",NA,NA,"Unknown Injury","Unknown/Missing",NA,NA,"No","08MAR2011","Tuesday","Bicyclist Left Turn / Merge",15,"Non-Intersection","March","C: Possible Injury",55920,"Bicyclist Left Turn - Same Direction",2011,"No","No","Daylight","Straight - Level","State Secondary Route","Dry","Two-Way, Not Divided","None","No Special Feature","Coarse Asphalt",0,0,0,0,0,0,0,"2 lanes",2,0,NA,0,NA
6278,2838,"Rocky Mount","Edgecombe","Coastal","Residential","Urban (>70% Developed)",NA,"Urban","30 - 35  MPH","Stop Sign","Clear","No",27,"25-29","No",NA,"Facing Traffic","A: Disabling Injury","Travel Lane","Black","Male",42,"40-49","No",NA,"11-15 mph","O: No Injury","Black","Male","Pickup","No","15FEB2011","Tuesday","Head-On",7,"Intersection","February","A: Disabling Injury",28200,"Head-On - Bicyclist",2011,"Yes","No","Daylight","Straight - Level","Local Street","Dry","Two-Way, Not Divided","None","T-Intersection","Coarse Asphalt",0,0,0,0,0,0,0,"2 lanes",2,0,NA,0,NA
6279,2840,"Greensboro","Guilford","Piedmont","Commercial","Urban (>70% Developed)",NA,"Urban","30 - 35  MPH","No Control Present","Cloudy","No",19,"16-19","No",NA,"With Traffic","B: Evident Injury","Bike Lane / Paved Shoulder","White","Male",38,"30-39","No",NA,NA,"O: No Injury","Black","Male","Commercial Bus","No","18FEB2011","Friday","Bicyclist Overtaking Motorist",9,"Non-Intersection","February","B: Evident Injury",35880,"Bicyclist Overtaking - Other / Unknown",2011,"Yes","No","Daylight","Straight - Level","Local Street","Dry","Two-Way, Not Divided","None","No Special Feature","Smooth Asphalt",0,0,0,0,0,0,0,"2 lanes",2,0,NA,0,NA
6280,2841,"Kinston","Lenoir","Coastal","Commercial","Urban (>70% Developed)",NA,"Urban","30 - 35  MPH","Stop And Go Signal","Clear","No",NA,NA,"No",NA,"With Traffic","B: Evident Injury","Travel Lane","Black","Male",NA,NA,"No",NA,NA,"Unknown Injury","Unknown/Missing",NA,NA,"No","03FEB2011","Thursday","Motorist Failed to Yield - Signalized Intersection",20,"Intersection","February","B: Evident Injury",72540,"Motorist Drive Out - Signalized Intersection",2011,"No","Yes","Dark - Lighted Roadway","Straight - Level","NC Route","Dry","Two-Way, Not Divided","None","T-Intersection","Coarse Asphalt",0,0,0,0,0,0,0,"4 lanes",2,0,NA,0,NA
6281,2842,"None - Rural Crash","New Hanover","Coastal","Commercial","Mixed (30% To 70% Developed)",NA,"Rural","30 - 35  MPH","Stop Sign","Clear","No",68,"60-69","No",NA,"With Traffic","B: Evident Injury","Travel Lane","White","Male",61,"60-69","No",NA,"6-10 mph","O: No Injury","White","Female","Van","No","09MAR2011","Wednesday","Motorist Failed to Yield - Sign-Controlled Intersection",13,"Intersection","March","B: Evident Injury",50100,"Motorist Drive Out - Sign-Controlled Intersection",2011,"No","No","Daylight","Straight - Level","NC Route","Dry","Two-Way, Divided, Unprotected Median","None","T-Intersection","Coarse Asphalt",0,0,0,0,0,0,0,"4 lanes",2,0,NA,0,NA
6282,2852,"Salisbury","Rowan","Piedmont","Residential","Urban (>70% Developed)",NA,"Urban","30 - 35  MPH","No Control Present","Clear","No",2,"0-5","No",NA,"Not Applicable","C: Possible Injury","Travel Lane","Black","Male",66,"60-69","No",NA,"0-5 mph","O: No Injury","Black","Female","Pickup","No","17MAR2011","Thursday","Other / Unusual Circumstances",19,"Non-Intersection","March","C: Possible Injury",70560,"Play Vehicle-Related",2011,"No","No","Dusk","Straight - Level","Local Street","Dry","Two-Way, Not Divided","None","No Special Feature","Smooth Asphalt",0,0,0,0,0,0,0,"2 lanes",2,0,NA,0,NA
6283,2860,"None - Rural Crash","Moore","Piedmont","Farms, Woods, Pastures","Rural (<30% Developed)",NA,"Rural","50 - 55  MPH","No Control Present","Clear","No",16,"16-19","No",NA,"With Traffic","C: Possible Injury","Bike Lane / Paved Shoulder","White","Male",NA,NA,"No",NA,"31-35 mph","Unknown Injury","Unknown/Missing",NA,"Pickup","No","22MAR2011","Tuesday","Motorist Overtaking Bicyclist",10,"Non-Intersection","March","C: Possible Injury",36900,"Motorist Overtaking - Other / Unknown",2011,"Yes","Yes","Daylight","Straight - Grade","State Secondary Route","Dry","Two-Way, Not Divided","None","No Special Feature","Coarse Asphalt",0,0,0,0,0,0,0,"2 lanes",2,0,NA,0,NA
6284,2861,"None - Rural Crash","Johnston","Coastal","Residential","Mixed (30% To 70% Developed)",NA,"Rural","5 - 15 MPH","Stop Sign","Clear","No",7,"6-10","No",NA,"With Traffic","C: Possible Injury","Travel Lane","Hispanic","Male",58,"50-59","No",NA,"0-5 mph","O: No Injury","White","Female","Passenger Car","No","23MAR2011","Wednesday","Bicyclist Failed to Yield - Sign-Controlled Intersection",17,"Intersection","March","C: Possible Injury",62820,"Bicyclist Ride Through - Sign-Controlled Intersection",2011,"Yes","No","Daylight","Straight - Level","State Secondary Route","Dry","One-Way, Not Divided","None","No Special Feature","Smooth Asphalt",0,0,0,0,0,0,0,"1 lane",2,0,NA,0,NA
6285,2865,"Greenville","Pitt","Coastal","Residential","Urban (>70% Developed)",NA,"Urban","5 - 15 MPH","Stop And Go Signal","Clear","No",20,"20-24","No",NA,"With Traffic","O: No Injury","Bike Lane / Paved Shoulder","White","Male",27,"25-29","No",NA,"0-5 mph","O: No Injury","White","Female","Passenger Car","No","23FEB2011","Wednesday","Bicyclist Failed to Yield - Signalized Intersection",12,"Intersection","February","O: No Injury",45180,"Bicyclist Failed to Clear - Trapped",2011,"No","No","Daylight","Straight - Level","Private Road, Driveway","Dry","Two-Way, Divided, Positive Median Barrier","Other","Driveway, Private","Coarse Asphalt",0,0,0,0,0,0,0,"2 lanes",2,0,NA,0,NA
6286,2867,"Charlotte","Mecklenburg","Piedmont","Commercial","Urban (>70% Developed)",NA,"Urban","20 - 25  MPH","No Control Present","Clear","No",20,"20-24","No",NA,NA,"B: Evident Injury","Travel Lane","Black","Male",22,"20-24","No",NA,"0-5 mph","O: No Injury","Black","Female","Passenger Car","No","21MAR2011","Monday","Parallel Paths - Other Circumstances",15,"Non-Intersection","March","B: Evident Injury",54300,"Motorist Turn / Merge - Other / Unknown",2011,"Yes","No","Daylight","Straight - Level","Local Street","Dry","Two-Way, Not Divided","None","No Special Feature","Smooth Asphalt",0,0,0,0,0,0,0,"4 lanes",2,0,NA,0,NA
6287,2874,"Durham","Durham","Piedmont","Commercial","Urban (>70% Developed)",NA,"Urban","30 - 35  MPH","Stop And Go Signal","Cloudy","No",55,"50-59","No",NA,"With Traffic","C: Possible Injury","Sidewalk / Crosswalk / Driveway Crossing","Black","Male",45,"40-49","No",NA,"6-10 mph","O: No Injury","Hispanic","Male","Passenger Car","No","24MAR2011","Thursday","Motorist Failed to Yield - Signalized Intersection",16,"Intersection","March","C: Possible Injury",57660,"Motorist Drive Out - Signalized Intersection",2011,"Yes","No","Daylight","Straight - Level","Local Street","Dry","Two-Way, Not Divided","None","Four-Way Intersection","Coarse Asphalt",0,0,0,0,0,0,0,"3 lanes",2,0,NA,0,NA
6288,2876,"Fayetteville","Cumberland","Coastal","Commercial","Urban (>70% Developed)",NA,"Urban",NA,"No Control Present","Clear","Yes",34,"30-39","No",NA,"With Traffic","B: Evident Injury","Travel Lane","White","Female",NA,NA,"Missing",NA,NA,"Unknown Injury","Unknown/Missing",NA,NA,"No","18MAR2011","Friday","Motorist Overtaking Bicyclist",1,"Non-Intersection","March","B: Evident Injury",6900,"Motorist Overtaking - Other / Unknown",2011,"Yes","Yes","Dark - Lighted Roadway","Straight - Level","Local Street","Dry","Two-Way, Divided, Unprotected Median","None","No Special Feature","Coarse Asphalt",0,0,0,0,0,0,0,"4 lanes",2,0,NA,0,NA
6289,2881,"Monroe","Union","Piedmont","Commercial","Urban (>70% Developed)",NA,"Urban","40 - 45  MPH","Stop Sign","Clear","No",60,"60-69","No",NA,"With Traffic","C: Possible Injury","Travel Lane","White","Female",NA,"70+","No",NA,"36-40 mph","O: No Injury","White","Male","Van","No","24MAR2011","Thursday","Bicyclist Failed to Yield - Sign-Controlled Intersection",20,"Intersection","March","C: Possible Injury",73020,"Bicyclist Ride Out - Sign-Controlled Intersection",2011,"Yes","No","Dark - Lighted Roadway","Straight - Level","State Secondary Route","Dry","Two-Way, Not Divided","None","No Special Feature","Smooth Asphalt",0,0,0,0,0,0,0,"2 lanes",2,0,NA,0,NA
6290,2885,"None - Rural Crash","Union","Piedmont","Farms, Woods, Pastures","Rural (<30% Developed)",NA,"Rural","50 - 55  MPH","Double Yellow Line, No Passing Zone","Clear","No",48,"40-49","No",NA,"With Traffic","B: Evident Injury","Travel Lane","White","Male",39,"30-39","No",NA,"41-45 mph","O: No Injury","White","Male","Pickup","No","19MAR2011","Saturday","Motorist Overtaking Bicyclist",11,"Non-Intersection","March","B: Evident Injury",41760,"Motorist Overtaking - Misjudged Space",2011,"No","No","Daylight","Straight - Level","State Secondary Route","Dry","Two-Way, Not Divided","None","No Special Feature","Coarse Asphalt",0,0,0,0,0,0,0,"2 lanes",2,0,NA,0,NA
6291,2886,"None - Rural Crash","Rowan","Piedmont","Residential","Mixed (30% To 70% Developed)",NA,"Rural","50 - 55  MPH","Double Yellow Line, No Passing Zone","Clear","No",11,"11-15","No",NA,"With Traffic","B: Evident Injury","Travel Lane","White","Male",30,"30-39","No",NA,"41-45 mph","O: No Injury","White","Female","Sport Utility","No","02APR2011","Saturday","Motorist Overtaking Bicyclist",17,"Non-Intersection","April","B: Evident Injury",63240,"Motorist Overtaking - Bicyclist Swerved",2011,"Yes","No","Daylight","Straight - Hillcrest","State Secondary Route","Dry","Two-Way, Not Divided","None","No Special Feature","Coarse Asphalt",0,0,0,0,0,0,0,"2 lanes",2,0,NA,0,NA
6292,2893,"None - Rural Crash","Martin","Coastal","Farms, Woods, Pastures","Rural (<30% Developed)",NA,"Rural","50 - 55  MPH","Double Yellow Line, No Passing Zone","Clear","No",50,"50-59","No",NA,"With Traffic","A: Disabling Injury","Travel Lane","White","Male",44,"40-49","No",NA,"51-55 mph","O: No Injury","White","Female","Sport Utility","No","29MAR2011","Tuesday","Bicyclist Left Turn / Merge",8,"Non-Intersection","March","A: Disabling Injury",30120,"Bicyclist Left Turn - Same Direction",2011,"Yes","No","Daylight","Straight - Grade","State Secondary Route","Dry","Two-Way, Not Divided","None","Driveway, Private","Coarse Asphalt",0,0,0,0,0,0,0,"2 lanes",2,0,NA,0,NA
6293,2894,"Concord","Cabarrus","Piedmont","Commercial","Urban (>70% Developed)",NA,"Urban","30 - 35  MPH","Stop Sign","Cloudy","No",61,"60-69","No",NA,"Facing Traffic","C: Possible Injury","Travel Lane","White","Male",64,"60-69","No",NA,"0-5 mph","O: No Injury","White","Male","Passenger Car","No","31MAR2011","Thursday","Motorist Failed to Yield - Sign-Controlled Intersection",16,"Intersection","March","C: Possible Injury",58380,"Motorist Drive Out - Sign-Controlled Intersection",2011,"No","No","Daylight","Straight - Level","Local Street","Dry","Two-Way, Not Divided","None","No Special Feature","Smooth Asphalt",0,0,0,0,0,0,0,"2 lanes",2,0,NA,0,NA
6294,2901,"Cary","Wake","Piedmont","Residential","Urban (>70% Developed)",NA,"Urban","30 - 35  MPH","Stop And Go Signal","Clear","No",11,"11-15","No",NA,"With Traffic","O: No Injury","Sidewalk / Crosswalk / Driveway Crossing","Black","Male",NA,NA,"No",NA,"16-20 mph","Unknown Injury","Unknown/Missing",NA,"Passenger Car","No","04APR2011","Monday","Bicyclist Failed to Yield - Signalized Intersection",6,"Intersection","April","O: No Injury",23400,"Bicyclist Ride Out - Signalized  Intersection",2011,"No","Yes","Dawn","Straight - Level","State Secondary Route","Dry","Two-Way, Not Divided","None","Four-Way Intersection","Smooth Asphalt",0,0,0,0,0,0,0,"4 lanes",2,0,NA,0,NA
6295,2905,"Ahoskie","Hertford","Coastal","Residential","Mixed (30% To 70% Developed)",NA,"Rural","20 - 25  MPH","Stop Sign","Clear","No",14,"11-15","No",NA,"Facing Traffic","C: Possible Injury","Travel Lane","Black","Male",40,"40-49","No",NA,"0-5 mph","O: No Injury","Black","Female","Passenger Car","No","02MAR2011","Wednesday","Crossing Paths - Other Circumstances",12,"Intersection","March","C: Possible Injury",44220,"Sign-Controlled Intersection - Other / Unknown",2011,"No","No","Daylight","Straight - Level","Local Street","Dry","Two-Way, Not Divided","None","T-Intersection","Smooth Asphalt",0,0,0,0,0,0,0,"2 lanes",2,0,NA,0,NA
6296,2906,"Cary","Wake","Piedmont","Commercial","Urban (>70% Developed)",NA,"Urban","40 - 45  MPH","Stop And Go Signal","Clear","No",37,"30-39","No",NA,"With Traffic","C: Possible Injury","Travel Lane","White","Male",69,"60-69","No",NA,"11-15 mph","O: No Injury","White","Male","Van","No","13APR2011","Wednesday","Motorist Left Turn / Merge",13,"Intersection","April","C: Possible Injury",50280,"Motorist Left Turn - Opposite Direction",2011,"Yes","No","Daylight","Straight - Level","State Secondary Route","Dry","Two-Way, Divided, Unprotected Median","None","Four-Way Intersection","Smooth Asphalt",0,0,0,0,0,0,0,"4 lanes",2,0,NA,0,NA
6297,2909,"Durham","Durham","Piedmont","Residential","Urban (>70% Developed)",NA,"Urban","30 - 35  MPH","No Control Present","Clear","No",21,"20-24","No",NA,"With Traffic","C: Possible Injury","Bike Lane / Paved Shoulder","Hispanic","Male",66,"60-69","No",NA,"31-35 mph","O: No Injury","White","Male","Passenger Car","No","14APR2011","Thursday","Motorist Overtaking Bicyclist",17,"Non-Intersection","April","C: Possible Injury",61500,"Motorist Overtaking - Other / Unknown",2011,"No","No","Daylight","Straight - Level","Local Street","Dry","Two-Way, Not Divided","None","No Special Feature","Coarse Asphalt",0,0,0,0,0,0,0,"4 lanes",2,0,NA,0,NA
6298,2910,"Salisbury","Rowan","Piedmont","Residential","Urban (>70% Developed)",NA,"Urban","30 - 35  MPH","No Control Present","Clear","No",4,"0-5","No",NA,"Not Applicable","C: Possible Injury","Driveway / Alley","Black","Male",39,"30-39","No",NA,"26-30 mph","O: No Injury","White","Female","Passenger Car","No","17APR2011","Sunday","Bicyclist Failed to Yield - Midblock",15,"Non-Intersection","April","C: Possible Injury",54480,"Bicyclist Ride Out - Residential Driveway",2011,"No","No","Daylight","Straight - Level","Local Street","Dry","Two-Way, Not Divided","None","No Special Feature","Smooth Asphalt",0,0,0,0,0,0,0,"2 lanes",2,0,NA,0,NA
6299,2915,"Charlotte","Mecklenburg","Piedmont","Residential","Urban (>70% Developed)",NA,"Urban","30 - 35  MPH","Stop And Go Signal","Clear","No",26,"25-29","No",NA,"With Traffic","B: Evident Injury","Travel Lane","White","Male",46,"40-49","No",NA,"31-35 mph","O: No Injury","White","Female","Sport Utility","No","13APR2011","Wednesday","Loss of Control / Turning Error",6,"Intersection","April","B: Evident Injury",24180,"Motorist Turning Error - Other",2011,"Yes","No","Daylight","Straight - Level","Local Street","Dry","Two-Way, Divided, Unprotected Median","None","Four-Way Intersection","Smooth Asphalt",0,0,0,0,0,0,0,"4 lanes",2,0,NA,0,NA
6300,2927,"Wilson","Wilson","Coastal","Residential","Urban (>70% Developed)",NA,"Urban","30 - 35  MPH","No Control Present","Clear","No",5,"0-5","No",NA,"Not Applicable","C: Possible Injury","Non-Roadway","White","Male",25,"25-29","No",NA,"0-5 mph","O: No Injury","Black","Male","Sport Utility","No","23JAN2011","Sunday","Non-Roadway",13,"Non-Roadway","January","C: Possible Injury",49620,"Non-Roadway",2011,"No","No","Daylight","Straight - Level","Public Vehicular Area","Dry","Two-Way, Not Divided","None","No Special Feature","Concrete",0,0,0,0,0,0,0,NA,2,0,NA,0,NA
6301,5132,"Rocky Mount","Nash","Coastal","Commercial","Urban (>70% Developed)",NA,"Urban","40 - 45  MPH","Stop And Go Signal","Clear","No",46,"40-49","Yes",NA,"With Traffic","C: Possible Injury","Travel Lane","White","Male",38,"30-39","No",NA,NA,"O: No Injury","White","Female","Passenger Car","Yes","29JUL2009","Wednesday","Crossing Paths - Other Circumstances",18,"Intersection","July","C: Possible Injury",64800,"Signalized Intersection - Other / Unknown",2009,"Yes","No","Daylight","Straight - Level","Local Street","Dry","Two-Way, Divided, Unprotected Median","None","Four-Way Intersection","Coarse Asphalt",0,0,0,0,0,0,0,"7 lanes",2,0,NA,0,NA
6302,5137,"Emerald Isle","Carteret","Coastal","Residential","Urban (>70% Developed)",NA,"Rural","40 - 45  MPH","No Control Present","Clear","No",68,"60-69","No",NA,"With Traffic","C: Possible Injury","Travel Lane","White","Female",NA,"70+","No",NA,"31-35 mph","O: No Injury","White","Male","Passenger Car","No","29AUG2009","Saturday","Motorist Right Turn / Merge",11,"Non-Intersection","August","C: Possible Injury",42360,"Motorist Right Turn - Same Direction",2009,"Yes","No","Daylight","Straight - Level","NC Route","Dry","Two-Way, Divided, Unprotected Median","None","No Special Feature","Smooth Asphalt",0,0,0,0,0,0,0,"2 lanes",2,0,NA,0,NA