"...1","object_id","city","county","region","development","locality","on_road","rural_urban","speed_limit","traffic_control","weather","workzone","bike_age","bike_age_group","bike_alcohol","bike_alcohol_drugs","bike_direction","bike_injury","bike_position","bike_race","bike_sex","driver_age","driver_age_group","driver_alcohol","driver_alcohol_drugs","driver_est_speed","driver_injury","driver_race","driver_sex","driver_vehicle_type","crash_alcohol","crash_date","crash_day","crash_group","crash_hour","crash_location","crash_month","crash_severity","crash_time","crash_type","crash_year","ambulance_req","hit_run","light_condition","road_character","road_class","road_condition","road_configuration","road_defects","road_feature","road_surface","num_bikes_ai","num_bikes_bi","num_bikes_ci","num_bikes_ki","num_bikes_no","num_bikes_to","num_bikes_ui","num_lanes","num_units","distance_mi_from","frm_road","rte_invd_cd","towrd_road"
6303,5141,"Salisbury","Rowan","Piedmont","Commercial","Urban (>70% Developed)",NA,"Urban","30 - 35  MPH","Stop Sign","Clear","No",38,"30-39","Yes",NA,"Facing Traffic","O: No Injury","Sidewalk / Crosswalk / Driveway Crossing","Black","Male",39,"30-39","No",NA,"21-25 mph","O: No Injury","White","Male","Police","Yes","14SEP2009","Monday","Motorist Left Turn / Merge",23,"Intersection","September","O: No Injury",84060,"Motorist Left Turn - Same Direction",2009,"No","No","Dark - Lighted Roadway","Straight - Grade","Local Street","Dry","Two-Way, Not Divided","None","Four-Way Intersection","Smooth Asphalt",0,0,0,0,0,0,0,"2 lanes",2,0,NA,0,NA
6304,5150,"Monroe","Union","Piedmont","Commercial","Mixed (30% To 70% Developed)",NA,"Urban","30 - 35  MPH","No Control Present","Rain","No",46,"40-49","No",NA,"With Traffic","C: Possible Injury","Travel Lane","White","Male",NA,"70+","No",NA,"26-30 mph","O: No Injury","White","Male","Pickup","No","31AUG2009","Monday","Motorist Overtaking Bicyclist",6,"Non-Intersection","August","C: Possible Injury",23520,"Motorist Overtaking - Other / Unknown",2009,"Yes","No","Dark - Lighted Roadway","Straight - Level","US Route","Wet","Two-Way, Not Divided","None","No Special Feature","Smooth Asphalt",0,0,0,0,0,0,0,"4 lanes",2,0,NA,0,NA
6305,5153,"None - Rural Crash","Pitt","Coastal","Residential","Urban (>70% Developed)",NA,"Rural","50 - 55  MPH","Double Yellow Line, No Passing Zone","Clear","No",16,"16-19","No",NA,"With Traffic","A: Disabling Injury","Bike Lane / Paved Shoulder","Black","Male",40,"40-49","No",NA,"46-50 mph","O: No Injury","Black","Female","Passenger Car","No","08AUG2009","Saturday","Bicyclist Left Turn / Merge",13,"Non-Intersection","August","A: Disabling Injury",48960,"Bicyclist Left Turn - Same Direction",2009,"Yes","No","Daylight","Straight - Level","State Secondary Route","Dry","Two-Way, Not Divided","None","No Special Feature","Smooth Asphalt",0,0,0,0,0,0,0,"2 lanes",2,0,NA,0,NA
6306,5155,"Hendersonville","Henderson","Mountains","Commercial","Urban (>70% Developed)",NA,"Urban","30 - 35  MPH","Stop And Go Signal","Clear","No",23,"20-24","No",NA,"Not Applicable","B: Evident Injury",NA,"White","Male",NA,"70+","No",NA,"6-10 mph","C: Possible Injury","White","Female","Passenger Car","No","03AUG2009","Monday","Bicyclist Failed to Yield - Midblock",15,"Non-Intersection","August","B: Evident Injury",57180,"Multiple Threat - Midblock",2009,"Yes","No","Daylight","Straight - Level","Local Street","Dry","Two-Way, Not Divided","None","No Special Feature","Coarse Asphalt",0,0,0,0,0,0,0,"3 lanes",2,0,NA,0,NA
6307,5156,"Raleigh","Wake","Piedmont","Institutional","Urban (>70% Developed)",NA,"Urban","20 - 25  MPH","No Control Present","Clear","No",21,"20-24","No",NA,"With Traffic","B: Evident Injury","Travel Lane","White","Male",19,"0-19","No",NA,"6-10 mph","O: No Injury","White","Male","Pickup","No","02SEP2009","Wednesday","Backing Vehicle",12,"Non-Intersection","September","B: Evident Injury",44460,"Backing Vehicle",2009,"No","No","Daylight","Straight - Hillcrest","Local Street","Dry","Two-Way, Not Divided","None","Driveway, Private","Coarse Asphalt",0,0,0,0,0,0,0,"2 lanes",2,0,NA,0,NA
6308,5157,"Charlotte","Mecklenburg","Piedmont","Residential","Mixed (30% To 70% Developed)",NA,"Urban","20 - 25  MPH","No Control Present","Clear","No",13,"11-15","No",NA,"With Traffic","C: Possible Injury","Sidewalk / Crosswalk / Driveway Crossing","Black","Male",63,"60-69","No",NA,"6-10 mph","O: No Injury","Black","Female","Passenger Car","No","30AUG2009","Sunday","Motorist Right Turn / Merge",16,"Non-Intersection","August","C: Possible Injury",60960,"Motorist Right Turn - Same Direction",2009,"No","No","Daylight","Straight - Hillcrest","Local Street","Dry","Two-Way, Not Divided","None","Driveway, Private","Smooth Asphalt",0,0,0,0,0,0,0,"2 lanes",2,0,NA,0,NA
6309,5158,"None - Rural Crash","Washington","Coastal","Residential","Mixed (30% To 70% Developed)",NA,"Rural","50 - 55  MPH","No Control Present","Clear","No",14,"11-15","No",NA,"Not Applicable","B: Evident Injury","Driveway / Alley","Black","Male",NA,"70+","No",NA,"26-30 mph","O: No Injury","White","Female","Passenger Car","No","18SEP2009","Friday","Bicyclist Failed to Yield - Midblock",18,"Non-Intersection","September","B: Evident Injury",66900,"Bicyclist Ride Out - Residential Driveway",2009,"Yes","No","Daylight","Straight - Level","State Secondary Route","Dry","Two-Way, Not Divided","None","Driveway, Private","Smooth Asphalt",0,0,0,0,0,0,0,"2 lanes",2,0,NA,0,NA
6310,5160,"None - Rural Crash","Cleveland","Mountains","Residential","Mixed (30% To 70% Developed)",NA,"Rural","20 - 25  MPH","Stop Sign","Cloudy","No",12,"11-15","No",NA,"With Traffic","C: Possible Injury","Travel Lane","White","Female",22,"20-24","No",NA,"21-25 mph","O: No Injury","Black","Male","Passenger Car","No","21SEP2009","Monday","Bicyclist Failed to Yield - Sign-Controlled Intersection",19,"Intersection","September","C: Possible Injury",71280,"Bicyclist Ride Through - Sign-Controlled Intersection",2009,"Yes","No","Dark - Roadway Not Lighted","Straight - Level","State Secondary Route","Dry","Two-Way, Not Divided","None","Four-Way Intersection","Coarse Asphalt",0,0,0,0,0,0,0,"2 lanes",2,0,NA,0,NA
6311,5163,"Fayetteville","Cumberland","Coastal","Commercial","Urban (>70% Developed)",NA,"Urban","5 - 15 MPH","Stop Sign","Clear","No",36,"30-39","No",NA,"Facing Traffic","C: Possible Injury","Sidewalk / Crosswalk / Driveway Crossing","White","Male",41,"40-49","No",NA,"0-5 mph","O: No Injury","White","Female","Sport Utility","No","15SEP2009","Tuesday","Motorist Failed to Yield - Sign-Controlled Intersection",15,"Intersection","September","C: Possible Injury",54060,"Motorist Drive Out - Sign-Controlled Intersection",2009,"Yes","No","Daylight","Straight - Level","Local Street","Dry","Two-Way, Divided, Unprotected Median","None","T-Intersection","Coarse Asphalt",0,0,0,0,0,0,0,"2 lanes",2,0,NA,0,NA
6312,5173,"Black Mountain","Buncombe","Mountains","Commercial","Mixed (30% To 70% Developed)",NA,"Urban","30 - 35  MPH","Stop And Go Signal","Cloudy","No",18,"16-19","No",NA,"Not Applicable","B: Evident Injury","Sidewalk / Crosswalk / Driveway Crossing","White","Male",42,"40-49","No",NA,NA,"O: No Injury","White","Male","Pickup","No","10SEP2009","Thursday","Other / Unknown - Insufficient Details",15,"Non-Intersection","September","B: Evident Injury",57180,"Unknown Approach Paths",2009,"No","Yes","Daylight","Straight - Grade","NC Route","Dry","Two-Way, Not Divided","None","Four-Way Intersection","Smooth Asphalt",0,0,0,0,0,0,0,"4 lanes",2,0,NA,0,NA
6313,5179,"Charlotte","Mecklenburg","Piedmont","Residential","Urban (>70% Developed)",NA,"Urban","20 - 25  MPH","Stop Sign","Clear","No",10,"6-10","No",NA,"With Traffic","C: Possible Injury","Travel Lane","Black","Female",67,"60-69","No",NA,"11-15 mph","O: No Injury","White","Female","Passenger Car","No","11SEP2009","Friday","Loss of Control / Turning Error",17,"Intersection","September","C: Possible Injury",63900,"Motorist Turning Error - Left Turn",2009,"No","No","Daylight","Straight - Level","Local Street","Dry","Two-Way, Not Divided","None","Four-Way Intersection","Smooth Asphalt",0,0,0,0,0,0,0,"2 lanes",2,0,NA,0,NA
6314,5203,"None - Rural Crash","Columbus","Coastal","Farms, Woods, Pastures","Rural (<30% Developed)",NA,"Rural","50 - 55  MPH","No Control Present","Clear","No",35,"30-39","No",NA,"With Traffic","C: Possible Injury","Travel Lane","White","Male",NA,"70+","No",NA,"51-55 mph","O: No Injury","White","Male","Pickup","No","02OCT2009","Friday","Motorist Overtaking Bicyclist",19,"Non-Intersection","October","C: Possible Injury",70140,"Motorist Overtaking - Undetected Bicyclist",2009,"Yes","No","Dark - Roadway Not Lighted","Straight - Level","State Secondary Route","Dry","Two-Way, Not Divided","None","No Special Feature","Coarse Asphalt",0,0,0,0,0,0,0,"2 lanes",2,0,NA,0,NA
6315,5210,"None - Rural Crash","Catawba","Piedmont","Residential","Urban (>70% Developed)",NA,"Rural","40 - 45  MPH","Double Yellow Line, No Passing Zone","Cloudy","No",18,"16-19","Yes",NA,"Facing Traffic","C: Possible Injury","Travel Lane","White","Male",25,"25-29","No",NA,"36-40 mph","O: No Injury","White","Male","Sport Utility","Yes","21SEP2009","Monday","Head-On",22,"Non-Intersection","September","C: Possible Injury",79980,"Head-On - Bicyclist",2009,"No","No","Dark - Roadway Not Lighted","Straight - Level","NC Route","Dry","Two-Way, Not Divided","None","No Special Feature","Smooth Asphalt",0,0,0,0,0,0,0,"2 lanes",2,0,NA,0,NA
6316,5219,"Raleigh","Wake","Piedmont","Residential","Urban (>70% Developed)",NA,"Urban","30 - 35  MPH","No Control Present","Clear","No",10,"6-10","No",NA,"With Traffic","C: Possible Injury","Travel Lane","Black","Male",33,"30-39","No",NA,"26-30 mph","O: No Injury","Black","Female","Passenger Car","No","12SEP2009","Saturday","Bicyclist Failed to Yield - Midblock",17,"Non-Intersection","September","C: Possible Injury",63960,"Bicyclist Ride Out - Other Midblock",2009,"No","No","Daylight","Straight - Hillcrest","Local Street","Dry","Two-Way, Not Divided","None","Driveway, Public","Smooth Asphalt",0,0,0,0,0,0,0,"2 lanes",2,0,NA,0,NA
6317,5221,"Raleigh","Wake","Piedmont","Commercial","Urban (>70% Developed)",NA,"Urban","30 - 35  MPH","No Control Present","Clear","No",61,"60-69","No",NA,"With Traffic","B: Evident Injury","Travel Lane","White","Male",NA,NA,"Missing",NA,"16-20 mph","Unknown Injury","Unknown/Missing",NA,NA,"No","08SEP2009","Tuesday","Motorist Right Turn / Merge",18,"Non-Intersection","September","B: Evident Injury",66180,"Motorist Right Turn - Same Direction",2009,"No","Yes","Daylight","Straight - Level","Local Street","Dry","Two-Way, Not Divided","None","No Special Feature","Coarse Asphalt",0,0,0,0,0,0,0,"4 lanes",2,0,NA,0,NA
6318,5226,"Weaverville","Buncombe","Mountains","Commercial","Urban (>70% Developed)",NA,"Rural","30 - 35  MPH","Stop And Go Signal","Cloudy","No",63,"60-69","No",NA,"With Traffic","B: Evident Injury","Travel Lane","White","Male",36,"30-39","No",NA,"11-15 mph","O: No Injury","White","Female","Passenger Car","No","17MAY2009","Sunday","Loss of Control / Turning Error",15,"Intersection","May","B: Evident Injury",54540,"Motorist Turning Error - Right Turn",2009,"Yes","No","Daylight","Straight - Grade","US Route","Wet","Two-Way, Not Divided","None","No Special Feature","Smooth Asphalt",0,0,0,0,0,0,0,"2 lanes",2,0,NA,0,NA
6319,5234,"Asheboro","Randolph","Piedmont","Commercial","Urban (>70% Developed)",NA,"Urban",NA,"No Control Present","Clear","No",27,"25-29","No",NA,"Facing Traffic","C: Possible Injury","Sidewalk / Crosswalk / Driveway Crossing","White","Male",NA,NA,"Missing",NA,"0-5 mph","Unknown Injury","Unknown/Missing",NA,NA,"No","18AUG2009","Tuesday","Motorist Failed to Yield - Midblock",18,"Non-Intersection","August","C: Possible Injury",64800,"Motorist Drive Out - Commercial Driveway / Alley",2009,"No","Yes","Daylight","Straight - Level","Local Street","Dry","Two-Way, Not Divided","None","Driveway, Public","Smooth Asphalt",0,0,0,0,0,0,0,"2 lanes",2,0,NA,0,NA
6320,5242,"Huntersville","Mecklenburg","Piedmont","Residential","Mixed (30% To 70% Developed)",NA,"Urban","40 - 45  MPH","Double Yellow Line, No Passing Zone","Clear","No",48,"40-49","No",NA,"With Traffic","C: Possible Injury","Travel Lane","White","Male",27,"25-29","No",NA,"41-45 mph","O: No Injury","White","Female","Sport Utility","No","03OCT2009","Saturday","Motorist Overtaking Bicyclist",6,"Non-Intersection","October","C: Possible Injury",22440,"Motorist Overtaking - Other / Unknown",2009,"No","No","Dawn","Straight - Level","NC Route","Dry","Two-Way, Not Divided","None","No Special Feature","Smooth Asphalt",0,0,0,0,0,0,0,"2 lanes",2,0,NA,0,NA
6321,5245,"Asheville","Buncombe","Mountains","Commercial","Urban (>70% Developed)",NA,"Urban","40 - 45  MPH","Stop And Go Signal","Clear","No",25,"25-29","No",NA,"With Traffic","O: No Injury","Travel Lane","White","Male",22,"20-24","No",NA,"31-35 mph","O: No Injury","White","Male","Sport Utility","No","07OCT2009","Wednesday","Motorist Failed to Yield - Signalized Intersection",12,"Intersection","October","O: No Injury",43380,"Motorist Drive Through - Signalized Intersection",2009,"No","No","Daylight","Straight - Level","US Route","Dry","Two-Way, Divided, Positive Median Barrier","None","Four-Way Intersection","Smooth Asphalt",0,0,0,0,0,0,0,"7 lanes",2,0,NA,0,NA
6322,5249,"Raleigh","Wake","Piedmont","Commercial","Urban (>70% Developed)",NA,"Urban","40 - 45  MPH","No Control Present","Clear","No",30,"30-39","No",NA,"Facing Traffic","B: Evident Injury","Sidewalk / Crosswalk / Driveway Crossing","Black","Male",63,"60-69","No",NA,"26-30 mph","O: No Injury","White","Male","Pickup","No","15SEP2009","Tuesday","Motorist Failed to Yield - Midblock",17,"Non-Intersection","September","B: Evident Injury",61980,"Motorist Drive Out - Midblock - Unknown",2009,"No","No","Daylight","Straight - Grade","Local Street","Dry","Two-Way, Divided, Unprotected Median","None","No Special Feature","Coarse Asphalt",0,0,0,0,0,0,0,"7 lanes",2,0,NA,0,NA
6323,5252,"Morehead City","Carteret","Coastal","Commercial","Urban (>70% Developed)",NA,"Urban","30 - 35  MPH","No Control Present","Clear","No",25,"25-29","No",NA,"Facing Traffic","B: Evident Injury",NA,"Hispanic","Male",43,"40-49","No",NA,"11-15 mph","O: No Injury","White","Male","Passenger Car","No","03OCT2009","Saturday","Crossing Paths - Other Circumstances",15,"Intersection","October","B: Evident Injury",54300,"Crossing Paths - Intersection - Other / Unknown",2009,"Yes","No","Daylight","Straight - Level","Local Street","Dry","Two-Way, Not Divided","None","Four-Way Intersection","Smooth Asphalt",0,0,0,0,0,0,0,"3 lanes",2,0,NA,0,NA
6324,5253,"Raleigh","Wake","Piedmont","Residential","Mixed (30% To 70% Developed)",NA,"Urban","30 - 35  MPH","No Control Present","Clear","No",19,"16-19","No",NA,"Not Applicable","B: Evident Injury",NA,"Black","Male",NA,NA,"Missing",NA,"31-35 mph","Unknown Injury","Unknown/Missing",NA,"Sport Utility","No","27SEP2009","Sunday","Bicyclist Failed to Yield - Midblock",20,"Non-Intersection","September","B: Evident Injury",74940,"Bicyclist Ride Out - Midblock - Unknown",2009,"Yes","Yes","Dark - Lighted Roadway","Straight - Level","Local Street","Dry","Two-Way, Not Divided","None","No Special Feature","Smooth Asphalt",0,0,0,0,0,0,0,"2 lanes",2,0,NA,0,NA
6325,5257,"Asheville","Buncombe","Mountains","Commercial","Urban (>70% Developed)",NA,"Urban","20 - 25  MPH","Stop Sign","Clear","No",17,"16-19","No",NA,"Facing Traffic","B: Evident Injury","Sidewalk / Crosswalk / Driveway Crossing","White","Female",NA,NA,"Missing",NA,"6-10 mph","Unknown Injury","Unknown/Missing",NA,"Pickup","No","22SEP2009","Tuesday","Motorist Failed to Yield - Sign-Controlled Intersection",19,"Intersection","September","B: Evident Injury",68400,"Motorist Drive Out - Sign-Controlled Intersection",2009,"No","Yes","Dusk","Straight - Level","Public Vehicular Area","Dry",NA,"None","T-Intersection","Smooth Asphalt",0,0,0,0,0,0,0,"2 lanes",2,0,NA,0,NA
6326,5268,"Mcadenville","Gaston","Piedmont","Residential","Urban (>70% Developed)",NA,"Rural","40 - 45  MPH","Double Yellow Line, No Passing Zone","Clear","No",54,"50-59","No",NA,"With Traffic","C: Possible Injury","Travel Lane","White","Male",24,"20-24","No",NA,"6-10 mph","Unknown Injury","White","Male","Passenger Car","No","27SEP2009","Sunday","Motorist Left Turn / Merge",19,"Intersection","September","C: Possible Injury",70560,"Motorist Left Turn - Opposite Direction",2009,"Yes","No","Dusk","Straight - Level","Local Street","Dry","Two-Way, Divided, Unprotected Median","None","T-Intersection","Smooth Asphalt",0,0,0,0,0,0,0,"2 lanes",2,0,NA,0,NA
6327,5282,"Asheville","Buncombe","Mountains","Commercial","Urban (>70% Developed)",NA,"Urban","20 - 25  MPH","Double Yellow Line, No Passing Zone","Clear","No",20,"20-24","No",NA,"With Traffic","B: Evident Injury","Bike Lane / Paved Shoulder","White","Female",38,"30-39","No",NA,"0-5 mph","O: No Injury","White","Male","Pickup","No","22OCT2009","Thursday","Motorist Right Turn / Merge",11,"Non-Intersection","October","B: Evident Injury",40860,"Motorist Right Turn - Same Direction",2009,"Yes","No","Daylight","Straight - Grade","Local Street","Dry","Two-Way, Divided, Positive Median Barrier","None","No Special Feature","Smooth Asphalt",0,0,0,0,0,0,0,"2 lanes",2,0,NA,0,NA
6328,5286,"None - Rural Crash","Onslow","Coastal","Institutional","Rural (<30% Developed)",NA,"Rural","40 - 45  MPH","No Control Present","Clear","No",22,"20-24","No",NA,"With Traffic","C: Possible Injury","Travel Lane","White","Male",NA,NA,"Missing",NA,"31-35 mph","Unknown Injury","Unknown/Missing",NA,NA,"No","07NOV2009","Saturday","Motorist Overtaking Bicyclist",7,"Non-Intersection","November","C: Possible Injury",25500,"Motorist Overtaking - Other / Unknown",2009,"Yes","Yes","Daylight","Straight - Level","State Secondary Route","Dry","Two-Way, Not Divided","None","No Special Feature","Coarse Asphalt",0,0,0,0,0,0,0,"2 lanes",2,0,NA,0,NA
6329,5290,"Wilmington","New Hanover","Coastal","Residential","Urban (>70% Developed)",NA,"Urban","30 - 35  MPH","Stop Sign","Clear","No",53,"50-59","No",NA,"With Traffic","B: Evident Injury","Travel Lane","White","Male",20,"20-24","No",NA,NA,"O: No Injury","Black","Female","Passenger Car","No","23OCT2009","Friday","Motorist Failed to Yield - Sign-Controlled Intersection",7,"Intersection","October","B: Evident Injury",28620,"Motorist Drive Out - Sign-Controlled Intersection",2009,"No","No","Daylight","Straight - Grade","Local Street","Dry","Two-Way, Not Divided","None","Four-Way Intersection","Coarse Asphalt",0,0,0,0,0,0,0,"2 lanes",2,0,NA,0,NA
6330,5293,"None - Rural Crash","Guilford","Piedmont","Farms, Woods, Pastures","Rural (<30% Developed)",NA,"Rural","40 - 45  MPH","Double Yellow Line, No Passing Zone","Clear","No",38,"30-39","Yes",NA,"With Traffic","C: Possible Injury","Travel Lane","White","Male",NA,"70+","No",NA,"31-35 mph","O: No Injury","White","Male","Pickup","Yes","09NOV2009","Monday","Loss of Control / Turning Error",21,"Non-Intersection","November","C: Possible Injury",77460,"Bicyclist Lost Control - Other / Unknown",2009,"No","No","Dark - Roadway Not Lighted","Straight - Level","State Secondary Route","Dry","Two-Way, Not Divided","None","No Special Feature","Coarse Asphalt",0,0,0,0,0,0,0,"2 lanes",2,0,NA,0,NA
6331,5296,"None - Rural Crash","Richmond","Piedmont","Residential","Urban (>70% Developed)",NA,"Rural","50 - 55  MPH","Double Yellow Line, No Passing Zone","Clear","No",12,"11-15","No",NA,"With Traffic","B: Evident Injury","Travel Lane","White","Female",44,"40-49","No",NA,"41-45 mph","O: No Injury","White","Male","Pickup","No","24OCT2009","Saturday","Bicyclist Left Turn / Merge",17,"Non-Intersection","October","B: Evident Injury",61620,"Bicyclist Left Turn - Same Direction",2009,"Yes","No","Daylight","Straight - Level","State Secondary Route","Dry","Two-Way, Not Divided","None","No Special Feature","Smooth Asphalt",0,0,0,0,0,0,0,"2 lanes",2,0,NA,0,NA
6332,5299,"Raleigh","Wake","Piedmont","Residential","Urban (>70% Developed)",NA,"Urban","30 - 35  MPH","No Control Present","Clear","No",56,"50-59","Yes",NA,"With Traffic","B: Evident Injury","Travel Lane","Black","Male",57,"50-59","No",NA,"6-10 mph","O: No Injury","White","Male","Pickup","Yes","13OCT2009","Tuesday","Motorist Left Turn / Merge",15,"Intersection-Related","October","B: Evident Injury",57060,"Motorist Left Turn - Opposite Direction",2009,"Yes","No","Daylight","Straight - Level","Local Street","Dry","One-Way, Not Divided","None","No Special Feature","Smooth Asphalt",0,0,0,0,0,0,0,"4 lanes",2,0,NA,0,NA
6333,5301,"None - Rural Crash","Catawba","Piedmont","Residential","Mixed (30% To 70% Developed)",NA,"Rural","40 - 45  MPH","Double Yellow Line, No Passing Zone","Clear","No",45,"40-49","No",NA,"With Traffic","C: Possible Injury","Travel Lane","White","Male",32,"30-39","No",NA,"41-45 mph","O: No Injury","White","Female","Sport Utility","No","16NOV2009","Monday","Motorist Overtaking Bicyclist",7,"Non-Intersection","November","C: Possible Injury",27540,"Motorist Overtaking - Misjudged Space",2009,"No","No","Daylight","Straight - Grade","State Secondary Route","Dry","Two-Way, Not Divided","None","No Special Feature","Smooth Asphalt",0,0,0,0,0,0,0,"2 lanes",2,0,NA,0,NA
6334,5303,"Greensboro","Guilford","Piedmont","Commercial","Urban (>70% Developed)",NA,"Urban","30 - 35  MPH","No Control Present","Clear","No",28,"25-29","Yes",NA,"Not Applicable","B: Evident Injury","Travel Lane","White","Male",NA,NA,"Missing",NA,NA,"Unknown Injury","Unknown/Missing",NA,NA,"Yes","02NOV2009","Monday","Bicyclist Failed to Yield - Midblock",22,"Non-Intersection","November","B: Evident Injury",82380,"Bicyclist Ride Out - Midblock - Unknown",2009,"Yes","Yes","Dark - Lighted Roadway","Straight - Level","Local Street","Dry","Two-Way, Not Divided","None","No Special Feature","Coarse Asphalt",0,0,0,0,0,0,0,"5 lanes",2,0,NA,0,NA
6335,5306,"Havelock","Craven","Coastal","Commercial","Urban (>70% Developed)",NA,"Urban","30 - 35  MPH","Stop Sign","Clear","No",22,"20-24","No",NA,"Facing Traffic","C: Possible Injury","Travel Lane","Black","Male",62,"60-69","No",NA,"0-5 mph","O: No Injury","White","Male","Passenger Car","No","02OCT2009","Friday","Motorist Failed to Yield - Sign-Controlled Intersection",12,"Intersection","October","C: Possible Injury",44820,"Motorist Drive Out - Sign-Controlled Intersection",2009,"Yes","No","Daylight","Straight - Level","Local Street","Water (Standing, Moving)","Two-Way, Divided, Unprotected Median","None","No Special Feature","Smooth Asphalt",0,0,0,0,0,0,0,"2 lanes",2,0,NA,0,NA
6336,5314,"None - Rural Crash","Guilford","Piedmont","Residential","Mixed (30% To 70% Developed)",NA,"Rural","40 - 45  MPH","Double Yellow Line, No Passing Zone","Cloudy","No",49,"40-49","No",NA,"With Traffic","O: No Injury","Bike Lane / Paved Shoulder","White","Male",31,"30-39","No",NA,"66-70 mph","B: Evident Injury","Black","Male","Passenger Car","No","17OCT2009","Saturday","Loss of Control / Turning Error",12,"Intersection-Related","October","B: Evident Injury",44700,"Motorist Lost Control - Oversteering, Improper Braking, Speed",2009,"Yes","No","Daylight","Curve - Hillcrest","State Secondary Route","Dry","Two-Way, Not Divided","None","T-Intersection","Smooth Asphalt",0,0,0,0,0,0,0,"2 lanes",3,0,NA,0,NA
6337,5320,"None - Rural Crash","Rockingham","Piedmont","Farms, Woods, Pastures","Rural (<30% Developed)",NA,"Rural","40 - 45  MPH","Double Yellow Line, No Passing Zone","Clear","No",17,"16-19","No",NA,"With Traffic","C: Possible Injury","Travel Lane","White","Male",NA,"70+","No",NA,"41-45 mph","Unknown Injury","Unknown/Missing","Male","Passenger Car","No","26NOV2009","Thursday","Loss of Control / Turning Error",14,"Non-Intersection","November","C: Possible Injury",52200,"Motorist Lost Control - Other / Unknown",2009,"Yes","Yes","Daylight","Curve - Grade","State Secondary Route","Dry","Two-Way, Not Divided","None","No Special Feature","Smooth Asphalt",0,0,0,0,0,0,0,"2 lanes",2,0,NA,0,NA
6338,5322,"Durham","Durham","Piedmont","Residential","Urban (>70% Developed)",NA,"Urban","40 - 45  MPH","No Control Present","Clear","No",57,"50-59","No",NA,"With Traffic","B: Evident Injury","Travel Lane","Asian","Male",NA,NA,"Missing",NA,"41-45 mph","Unknown Injury","Unknown/Missing",NA,NA,"No","30OCT2009","Friday","Motorist Overtaking Bicyclist",21,"Intersection","October","B: Evident Injury",76140,"Motorist Overtaking - Misjudged Space",2009,"No","Yes","Dark - Roadway Not Lighted","Straight - Hillcrest","NC Route","Dry","Two-Way, Divided, Unprotected Median","None","T-Intersection","Coarse Asphalt",0,0,0,0,0,0,0,"2 lanes",2,0,NA,0,NA
6339,5325,"Morrisville","Wake","Piedmont","Commercial","Mixed (30% To 70% Developed)",NA,"Urban","40 - 45  MPH","Double Yellow Line, No Passing Zone","Clear","No",47,"40-49","No",NA,"With Traffic","C: Possible Injury","Travel Lane","Hispanic","Female",28,"25-29","No",NA,"6-10 mph","O: No Injury","White","Male","Pickup","No","09NOV2009","Monday","Motorist Failed to Yield - Midblock",7,"Non-Intersection","November","C: Possible Injury",25200,"Motorist Drive Out - Other Midblock",2009,"Yes","No","Daylight","Straight - Level","NC Route","Dry","Two-Way, Not Divided","None","No Special Feature","Smooth Asphalt",0,0,0,0,0,0,0,"2 lanes",2,0,NA,0,NA
6340,5335,"Raleigh","Wake","Piedmont","Commercial","Urban (>70% Developed)",NA,"Urban","30 - 35  MPH","Stop And Go Signal","Clear","No",54,"50-59","No",NA,"Facing Traffic","Unknown Injury","Travel Lane","White","Male",28,"25-29","No",NA,"6-10 mph","O: No Injury","Hispanic","Female","Passenger Car","No","06NOV2009","Friday","Parallel Paths - Other Circumstances",17,"Intersection","November","O: No Injury",62820,"Parallel Paths - Other / Unknown",2009,"No","No","Daylight","Straight - Hillcrest","Local Street","Dry","Two-Way, Divided, Unprotected Median","None","No Special Feature","Smooth Asphalt",0,0,0,0,0,0,0,"7 lanes",2,0,NA,0,NA
6341,5358,"Boone","Watauga","Mountains","Commercial","Mixed (30% To 70% Developed)",NA,"Urban","20 - 25  MPH","No Control Present","Clear","No",23,"20-24","No",NA,"With Traffic","O: No Injury","Travel Lane","White","Female",21,"20-24","No",NA,"0-5 mph","O: No Injury","White","Female","Passenger Car","No","24NOV2009","Tuesday","Motorist Right Turn / Merge",13,"Non-Intersection","November","O: No Injury",47640,"Motorist Right Turn - Same Direction",2009,"No","No","Daylight","Straight - Grade","Local Street","Dry","Two-Way, Not Divided","None","No Special Feature","Smooth Asphalt",0,0,0,0,0,0,0,"2 lanes",2,0,NA,0,NA
6342,5362,"Cary","Wake","Piedmont","Commercial","Urban (>70% Developed)",NA,"Urban","5 - 15 MPH","Stop Sign","Clear","No",23,"20-24","No",NA,"Facing Traffic","B: Evident Injury","Sidewalk / Crosswalk / Driveway Crossing","White","Male",21,"20-24","No",NA,"0-5 mph","O: No Injury","White","Female","Passenger Car","No","22DEC2009","Tuesday","Motorist Failed to Yield - Sign-Controlled Intersection",15,"Intersection","December","B: Evident Injury",54720,"Motorist Drive Out - Sign-Controlled Intersection",2009,"Yes","No","Daylight","Straight - Grade","Public Vehicular Area","Dry","Two-Way, Not Divided","None","Driveway, Public","Smooth Asphalt",0,0,0,0,0,0,0,"2 lanes",2,0,NA,0,NA
6343,5366,"Raleigh","Wake","Piedmont","Commercial","Urban (>70% Developed)",NA,"Urban","40 - 45  MPH","No Control Present","Rain","No",29,"25-29","No",NA,"With Traffic","C: Possible Injury","Travel Lane","White","Male",NA,NA,"Missing",NA,"16-20 mph","Unknown Injury","Unknown/Missing",NA,NA,"No","02DEC2009","Wednesday","Motorist Overtaking Bicyclist",12,"Non-Intersection","December","C: Possible Injury",46320,"Motorist Overtaking - Other / Unknown",2009,"No","Yes","Daylight","Straight - Level","Local Street","Wet","Two-Way, Divided, Unprotected Median","None","No Special Feature","Smooth Asphalt",0,0,0,0,0,0,0,"5 lanes",2,0,NA,0,NA