"...1","object_id","city","county","region","development","locality","on_road","rural_urban","speed_limit","traffic_control","weather","workzone","bike_age","bike_age_group","bike_alcohol","bike_alcohol_drugs","bike_direction","bike_injury","bike_position","bike_race","bike_sex","driver_age","driver_age_group","driver_alcohol","driver_alcohol_drugs","driver_est_speed","driver_injury","driver_race","driver_sex","driver_vehicle_type","crash_alcohol","crash_date","crash_day","crash_group","crash_hour","crash_location","crash_month","crash_severity","crash_time","crash_type","crash_year","ambulance_req","hit_run","light_condition","road_character","road_class","road_condition","road_configuration","road_defects","road_feature","road_surface","num_bikes_ai","num_bikes_bi","num_bikes_ci","num_bikes_ki","num_bikes_no","num_bikes_to","num_bikes_ui","num_lanes","num_units","distance_mi_from","frm_road","rte_invd_cd","towrd_road"
6384,5579,"None - Rural Crash","Edgecombe","Coastal","Farms, Woods, Pastures","Rural (<30% Developed)",NA,"Rural","50 - 55  MPH","Double Yellow Line, No Passing Zone","Rain","No",44,"40-49","No",NA,"With Traffic","B: Evident Injury","Travel Lane","Black","Male",NA,"70+","No",NA,"41-45 mph","O: No Injury","White","Male","Passenger Car","No","26FEB2008","Tuesday","Motorist Overtaking Bicyclist",11,"Non-Intersection","February","B: Evident Injury",42420,"Motorist Overtaking - Misjudged Space",2008,"No","No","Daylight","Straight - Grade","NC Route","Wet","Two-Way, Not Divided","None","No Special Feature","Smooth Asphalt",0,0,0,0,0,0,0,"2 lanes",2,0,NA,0,NA
6385,5581,"Charlotte","Mecklenburg","Piedmont","Institutional","Mixed (30% To 70% Developed)",NA,"Urban","40 - 45  MPH","No Control Present","Clear","No",30,"30-39","No",NA,"Facing Traffic","B: Evident Injury","Travel Lane","Hispanic","Female",36,"30-39","No",NA,"11-15 mph","O: No Injury","Other","Female","Passenger Car","No","01MAY2008","Thursday","Head-On",15,"Intersection","May","B: Evident Injury",57300,"Head-On - Bicyclist",2008,"Yes","No","Daylight",NA,"Local Street","Dry",NA,"None","No Special Feature",NA,0,0,0,0,0,0,0,"2 lanes",2,0,NA,0,NA
6386,5584,"Charlotte","Mecklenburg","Piedmont","Residential","Urban (>70% Developed)",NA,"Urban","20 - 25  MPH","Stop And Go Signal","Clear","No",21,"20-24","No",NA,"With Traffic","C: Possible Injury","Travel Lane","White","Female",44,"40-49","No",NA,"21-25 mph","O: No Injury","White","Female","Van","No","02MAY2008","Friday","Bicyclist Overtaking Motorist",18,"Non-Intersection","May","C: Possible Injury",66780,"Bicyclist Overtaking - Other / Unknown",2008,"Yes","No","Daylight","Straight - Level","Local Street","Dry","Two-Way, Divided, Positive Median Barrier","None","No Special Feature","Smooth Asphalt",0,0,0,0,0,0,0,"2 lanes",2,0,NA,0,NA
6387,5585,"None - Rural Crash","Moore","Piedmont","Residential","Mixed (30% To 70% Developed)",NA,"Rural","20 - 25  MPH","No Control Present","Clear","No",13,"11-15","No",NA,NA,"C: Possible Injury","Bike Lane / Paved Shoulder","Black","Male",23,"20-24","No",NA,"21-25 mph","O: No Injury","Black","Female","Sport Utility","No","04MAY2008","Sunday","Other / Unknown - Insufficient Details",15,"Non-Intersection","May","C: Possible Injury",54000,"Unknown Approach Paths",2008,"Yes","No","Daylight","Straight - Grade","State Secondary Route","Dry","Two-Way, Not Divided","None","No Special Feature","Smooth Asphalt",0,0,0,0,0,0,0,"2 lanes",2,0,NA,0,NA
6388,5586,"Goldsboro","Wayne","Coastal","Commercial","Urban (>70% Developed)",NA,"Urban","30 - 35  MPH","Stop And Go Signal","Clear","No",19,"16-19","No",NA,"With Traffic","C: Possible Injury","Travel Lane","White","Male",61,"60-69","No",NA,"0-5 mph","O: No Injury","White","Female","Passenger Car","No","01MAR2008","Saturday","Bicyclist Overtaking Motorist",15,"Intersection","March","C: Possible Injury",55440,"Bicyclist Overtaking - Passing on Right",2008,"No","No","Daylight","Straight - Level","Local Street","Dry","Two-Way, Divided, Unprotected Median","None","On or Off Ramp","Smooth Asphalt",0,0,0,0,0,0,0,"4 lanes",2,0,NA,0,NA
6389,5587,"Greensboro","Guilford","Piedmont","Commercial","Urban (>70% Developed)",NA,"Urban","30 - 35  MPH","Stop And Go Signal","Clear","No",25,"25-29","No",NA,"Facing Traffic","C: Possible Injury","Sidewalk / Crosswalk / Driveway Crossing","Black","Male",21,"20-24","No",NA,"11-15 mph","O: No Injury","Black","Female","Passenger Car","No","02MAR2008","Sunday","Bicyclist Failed to Yield - Signalized Intersection",13,"Intersection","March","C: Possible Injury",49740,"Bicyclist Ride Through - Signalized Intersection",2008,"Yes","No","Daylight","Straight - Level","Local Street","Dry","Two-Way, Not Divided","None","Four-Way Intersection","Smooth Asphalt",0,0,0,0,0,0,0,"3 lanes",2,0,NA,0,NA
6390,5590,"Grantsboro","Pamlico","Coastal","Commercial","Urban (>70% Developed)",NA,"Rural","40 - 45  MPH","Double Yellow Line, No Passing Zone","Clear","No",15,"11-15","No",NA,NA,"O: No Injury",NA,"White","Male",49,"40-49","No",NA,"16-20 mph","O: No Injury","Black","Female","Passenger Car","No","02MAR2008","Sunday","Other / Unknown - Insufficient Details",15,"Non-Intersection","March","O: No Injury",56400,"Unknown Approach Paths",2008,"No","No","Daylight","Straight - Level","NC Route","Dry","Two-Way, Not Divided","None","No Special Feature","Coarse Asphalt",0,0,0,0,0,0,0,"3 lanes",2,0,NA,0,NA
6391,5595,"Asheville","Buncombe","Mountains","Residential","Rural (<30% Developed)",NA,"Urban","20 - 25  MPH","No Control Present","Clear","No",NA,NA,"No",NA,"With Traffic","C: Possible Injury","Travel Lane","White","Male",53,"50-59","No",NA,"16-20 mph","O: No Injury","White","Female","Passenger Car","No","05MAR2008","Wednesday","Head-On",14,"Non-Intersection","March","C: Possible Injury",52860,"Head-On - Unknown",2008,"Yes","No","Daylight","Curve - Grade","Local Street","Dry","Two-Way, Not Divided","None","No Special Feature","Smooth Asphalt",0,0,0,0,0,0,0,"2 lanes",2,0,NA,0,NA
6392,5596,"Greensboro","Guilford","Piedmont","Commercial","Urban (>70% Developed)",NA,"Urban",NA,"Stop Sign","Clear","No",28,"25-29","No",NA,"Facing Traffic","B: Evident Injury","Sidewalk / Crosswalk / Driveway Crossing","White","Male",NA,NA,"Missing",NA,NA,"Unknown Injury","Unknown/Missing",NA,NA,"No","05MAR2008","Wednesday","Motorist Failed to Yield - Sign-Controlled Intersection",17,"Intersection","March","B: Evident Injury",64560,"Motorist Drive Out - Sign-Controlled Intersection",2008,"No","Yes","Daylight","Straight - Level","Public Vehicular Area","Dry","Two-Way, Not Divided","None","No Special Feature","Coarse Asphalt",0,0,0,0,0,0,0,"3 lanes",2,0,NA,0,NA
6393,5597,"Mooresville","Iredell","Piedmont","Commercial","Rural (<30% Developed)",NA,"Urban","40 - 45  MPH","No Control Present","Clear","No",24,"20-24","No",NA,"With Traffic","B: Evident Injury","Bike Lane / Paved Shoulder","White","Male",NA,"70+","No",NA,"36-40 mph","O: No Injury","White","Female","Light Truck (Mini-Van, Panel)","No","01MAR2008","Saturday","Parallel Paths - Other Circumstances",14,"Non-Intersection","March","B: Evident Injury",53940,"Parallel Paths - Other / Unknown",2008,"Yes","No","Daylight","Straight - Hillcrest","Local Street","Dry","Two-Way, Not Divided","None","No Special Feature","Smooth Asphalt",0,0,0,0,0,0,0,"2 lanes",2,0,NA,0,NA
6394,5599,"Chapel Hill","Orange","Piedmont","Residential","Urban (>70% Developed)",NA,"Urban","30 - 35  MPH","No Control Present","Clear","No",65,"60-69","No",NA,"With Traffic","A: Disabling Injury","Travel Lane","White","Male",65,"60-69","No",NA,"31-35 mph","O: No Injury","White","Female","Passenger Car","No","06MAR2008","Thursday","Bicyclist Left Turn / Merge",17,"Non-Intersection","March","A: Disabling Injury",62700,"Bicyclist Left Turn - Same Direction",2008,"Yes","No","Daylight","Straight - Level","Local Street","Dry","Two-Way, Not Divided","None","No Special Feature","Smooth Asphalt",0,0,0,0,0,0,0,"5 lanes",2,0,NA,0,NA
6395,5607,"Gastonia","Gaston","Piedmont","Residential","Urban (>70% Developed)",NA,"Urban","30 - 35  MPH","Missing","Cloudy","No",69,"60-69","No",NA,"Facing Traffic","B: Evident Injury","Other","White","Male",16,"0-19","No",NA,"26-30 mph","O: No Injury","Black","Male","Passenger Car","No","11MAR2008","Tuesday","Loss of Control / Turning Error",16,"Intersection-Related","March","B: Evident Injury",59580,"Motorist Lost Control - Oversteering, Improper Braking, Speed",2008,"Yes","No","Daylight","Curve - Grade","Local Street","Dry","Two-Way, Not Divided","None","T-Intersection","Coarse Asphalt",0,0,0,0,0,0,0,"2 lanes",2,0,NA,0,NA
6396,5611,"Asheville","Buncombe","Mountains","Commercial","Urban (>70% Developed)",NA,"Urban","40 - 45  MPH","Double Yellow Line, No Passing Zone","Cloudy","No",60,"60-69","No",NA,"With Traffic","O: No Injury",NA,"White","Male",45,"40-49","No",NA,"41-45 mph","B: Evident Injury","White","Male","Pickup","No","05MAR2008","Wednesday","Loss of Control / Turning Error",8,"Non-Intersection","March","B: Evident Injury",30420,"Motorist Lost Control - Other / Unknown",2008,"Yes","No","Daylight","Straight - Level","US Route","Dry","Two-Way, Not Divided","None","No Special Feature","Coarse Asphalt",0,0,0,0,0,0,0,"2 lanes",3,0,NA,0,NA
6397,5626,"Indian Trail","Union","Piedmont","Residential","Urban (>70% Developed)",NA,"Urban","40 - 45  MPH","Stop Sign","Cloudy","No",12,"11-15","No",NA,"With Traffic","C: Possible Injury","Travel Lane","White","Male",38,"30-39","No",NA,"31-35 mph","O: No Injury","White","Female","Sport Utility","No","18MAR2008","Tuesday","Bicyclist Failed to Yield - Sign-Controlled Intersection",17,"Intersection","March","C: Possible Injury",61620,"Bicyclist Ride Through - Sign-Controlled Intersection",2008,"No","No","Daylight","Straight - Level","State Secondary Route","Dry","Two-Way, Not Divided","None","T-Intersection","Smooth Asphalt",0,0,0,0,0,0,0,"2 lanes",2,0,NA,0,NA
6398,5631,"Chapel Hill","Orange","Piedmont","Commercial","Urban (>70% Developed)",NA,"Urban","40 - 45  MPH","No Control Present","Rain","No",26,"25-29","No",NA,"With Traffic","C: Possible Injury","Travel Lane","White","Male",34,"30-39","No",NA,"36-40 mph","O: No Injury","White","Male","Passenger Car","No","06APR2008","Sunday","Motorist Overtaking Bicyclist",3,"Non-Intersection","April","C: Possible Injury",12000,"Motorist Overtaking - Undetected Bicyclist",2008,"No","No","Dark - Roadway Not Lighted","Straight - Level","US Route","Wet","Two-Way, Divided, Unprotected Median","None","No Special Feature","Coarse Asphalt",0,0,0,0,0,0,0,"4 lanes",2,0,NA,0,NA
6399,5635,"None - Rural Crash","Duplin","Coastal","Farms, Woods, Pastures","Rural (<30% Developed)",NA,"Rural","50 - 55  MPH","No Control Present","Clear","No",45,"40-49","Yes",NA,"With Traffic","B: Evident Injury","Travel Lane","Black","Male",48,"40-49","No",NA,"41-45 mph","O: No Injury","Black","Male","Passenger Car","Yes","23MAR2008","Sunday","Motorist Overtaking Bicyclist",20,"Non-Intersection","March","B: Evident Injury",72000,"Motorist Overtaking - Other / Unknown",2008,"Yes","No","Dark - Roadway Not Lighted","Straight - Level","State Secondary Route","Dry","Two-Way, Not Divided","None","No Special Feature","Coarse Asphalt",0,0,0,0,0,0,0,"2 lanes",2,0,NA,0,NA
6400,5640,"Greenville","Pitt","Coastal","Commercial","Urban (>70% Developed)",NA,"Urban","40 - 45  MPH","No Control Present","Clear","No",29,"25-29","No",NA,"With Traffic","K: Killed","Travel Lane","White","Male",19,"0-19","No",NA,"56-60 mph","O: No Injury","Hispanic","Male","Passenger Car","No","22MAR2008","Saturday","Bicyclist Failed to Yield - Sign-Controlled Intersection",12,"Intersection","March","K: Killed",46620,"Bicyclist Ride Out - Sign-Controlled Intersection",2008,"Yes","No","Daylight","Straight - Level","NC Route","Dry","Two-Way, Not Divided","None","Four-Way Intersection","Smooth Asphalt",0,0,0,0,0,0,0,"5 lanes",2,0,NA,0,NA
6401,4956,"Raleigh","Wake","Piedmont","Residential","Urban (>70% Developed)",NA,"Urban","40 - 45  MPH","Stop Sign","Clear","No",54,"50-59","No",NA,"With Traffic","B: Evident Injury","Travel Lane","White","Female",27,"25-29","No",NA,"21-25 mph","O: No Injury","White","Female","Passenger Car","No","14JUN2009","Sunday","Bicyclist Failed to Yield - Sign-Controlled Intersection",10,"Intersection","June","B: Evident Injury",38460,"Bicyclist Ride Through - Sign-Controlled Intersection",2009,"Yes","No","Daylight","Straight - Level","Local Street","Dry","Two-Way, Not Divided","None","No Special Feature","Coarse Asphalt",0,0,0,0,0,0,0,"2 lanes",2,0,NA,0,NA
6402,4957,"Raleigh","Wake","Piedmont","Residential","Urban (>70% Developed)",NA,"Urban","30 - 35  MPH","No Control Present","Clear","No",22,"20-24","No",NA,"Not Applicable","C: Possible Injury",NA,"Black","Male",NA,NA,"No",NA,"41-45 mph","Unknown Injury","Unknown/Missing",NA,"Sport Utility","No","15JUN2009","Monday","Bicyclist Failed to Yield - Midblock",16,"Non-Intersection","June","C: Possible Injury",58980,"Bicyclist Ride Out - Midblock - Unknown",2009,"Yes","Yes","Daylight","Straight - Level","Local Street","Dry","Two-Way, Not Divided","None","No Special Feature","Smooth Asphalt",0,0,0,0,0,0,0,"2 lanes",2,0,NA,0,NA
6403,4960,"Raleigh","Wake","Piedmont","Commercial","Urban (>70% Developed)",NA,"Urban","30 - 35  MPH","No Control Present","Clear","No",15,"11-15","No",NA,"With Traffic","B: Evident Injury","Travel Lane","Black","Male",49,"40-49","No",NA,"31-35 mph","O: No Injury","White","Male","Passenger Car","No","22JUN2009","Monday","Motorist Overtaking Bicyclist",18,"Non-Intersection","June","B: Evident Injury",64800,"Motorist Overtaking - Misjudged Space",2009,"Yes","No","Daylight","Straight - Level","Local Street","Dry","Two-Way, Not Divided","None","No Special Feature","Smooth Asphalt",0,0,0,0,0,0,0,"2 lanes",2,0,NA,0,NA
6404,4967,"Smithfield","Johnston","Coastal","Residential","Urban (>70% Developed)",NA,"Urban","20 - 25  MPH","No Control Present","Clear","No",9,"6-10","No",NA,"Not Applicable","C: Possible Injury",NA,"Black","Female",NA,"70+","No",NA,"21-25 mph","O: No Injury","Black","Female","Sport Utility","No","20JUN2009","Saturday","Bicyclist Failed to Yield - Midblock",11,"Non-Intersection","June","C: Possible Injury",40260,"Bicyclist Ride Out - Midblock - Unknown",2009,"Yes","No","Daylight","Straight - Level","Local Street","Dry","Two-Way, Not Divided","None","No Special Feature","Smooth Asphalt",0,0,0,0,0,0,0,"2 lanes",2,0,NA,0,NA
6405,4971,"Edenton","Chowan","Coastal","Residential","Urban (>70% Developed)",NA,"Urban",NA,"No Control Present","Clear","No",12,"11-15","No",NA,"Not Applicable","C: Possible Injury","Sidewalk / Crosswalk / Driveway Crossing","Black","Male",51,"50-59","No",NA,NA,"O: No Injury","Black","Female","Passenger Car","No","30JUN2009","Tuesday","Bicyclist Failed to Yield - Midblock",17,"Non-Intersection","June","C: Possible Injury",62940,"Bicyclist Ride Out - Other Midblock",2009,"Yes","No","Daylight","Straight - Level","Local Street","Dry","Two-Way, Not Divided","None","No Special Feature","Coarse Asphalt",0,0,0,0,0,0,0,"2 lanes",2,0,NA,0,NA
6406,4975,"Wilmington","New Hanover","Coastal","Institutional","Urban (>70% Developed)",NA,"Urban","20 - 25  MPH","No Control Present","Clear","No",21,"20-24","No",NA,"Not Applicable","B: Evident Injury","Sidewalk / Crosswalk / Driveway Crossing","White","Female",42,"40-49","No",NA,"11-15 mph","O: No Injury","White","Male","Sport Utility","No","02JUL2009","Thursday","Parallel Paths - Other Circumstances",16,"Non-Intersection","July","B: Evident Injury",58800,"Bicyclist Ride Out - Parallel Path",2009,"No","No","Daylight","Straight - Level","State Secondary Route","Dry","Two-Way, Not Divided","None","No Special Feature","Smooth Asphalt",0,0,0,0,0,0,0,"2 lanes",2,0,NA,0,NA
6407,4977,"Fayetteville","Cumberland","Coastal","Commercial","Urban (>70% Developed)",NA,"Urban","50 - 55  MPH","Stop And Go Signal","Clear","No",23,"20-24","Yes",NA,NA,"K: Killed","Bike Lane / Paved Shoulder","Black","Male",16,"0-19","No",NA,"46-50 mph","C: Possible Injury","Black","Female","Passenger Car","Yes","03JUL2009","Friday","Crossing Paths - Other Circumstances",21,"Intersection-Related","July","K: Killed",78960,"Sign-Controlled Intersection - Other / Unknown",2009,"No","No","Dark - Lighted Roadway","Straight - Level","Local Street","Dry","Two-Way, Divided, Unprotected Median","None","Four-Way Intersection","Coarse Asphalt",0,0,0,0,0,0,0,"4 lanes",3,0,NA,0,NA
6408,4978,"Greensboro","Guilford","Piedmont","Commercial","Urban (>70% Developed)",NA,"Urban","30 - 35  MPH","Stop And Go Signal","Clear","No",14,"11-15","No",NA,"Facing Traffic","B: Evident Injury","Sidewalk / Crosswalk / Driveway Crossing","White","Male",32,"30-39","No",NA,"6-10 mph","O: No Injury","Black","Female","Passenger Car","No","03JUL2009","Friday","Motorist Failed to Yield - Signalized Intersection",14,"Intersection","July","B: Evident Injury",51600,"Motorist Drive Out - Right Turn on Red",2009,"Yes","No","Daylight","Straight - Level","Local Street","Dry","Two-Way, Not Divided","None","Four-Way Intersection","Smooth Asphalt",0,0,0,0,0,0,0,"4 lanes",2,0,NA,0,NA
6409,4982,"None - Rural Crash","Sampson","Coastal","Farms, Woods, Pastures","Rural (<30% Developed)",NA,"Rural","50 - 55  MPH","Double Yellow Line, No Passing Zone","Clear","No",16,"16-19","No",NA,"With Traffic","A: Disabling Injury","Bike Lane / Paved Shoulder","Black","Male",24,"20-24","No",NA,"51-55 mph","C: Possible Injury","Black","Female","Passenger Car","No","11JUN2009","Thursday","Bicyclist Left Turn / Merge",4,"Non-Intersection","June","A: Disabling Injury",15600,"Bicyclist Left Turn - Same Direction",2009,"Yes","No","Dark - Roadway Not Lighted","Straight - Hillcrest","NC Route","Dry","Two-Way, Not Divided","None","No Special Feature","Coarse Asphalt",0,0,0,0,0,0,0,"2 lanes",2,0,NA,0,NA
6410,4984,"None - Rural Crash","Perquimans","Coastal","Farms, Woods, Pastures","Rural (<30% Developed)",NA,"Rural","50 - 55  MPH","Double Yellow Line, No Passing Zone","Clear","No",10,"6-10","No",NA,"With Traffic","O: No Injury","Travel Lane","Other","Male",17,"0-19","No",NA,"51-55 mph","O: No Injury","White","Male","Sport Utility","No","16JUL2009","Thursday","Motorist Overtaking Bicyclist",16,"Non-Intersection","July","O: No Injury",60000,"Motorist Overtaking - Bicyclist Swerved",2009,"Yes","No","Daylight","Straight - Level","State Secondary Route","Dry","Two-Way, Not Divided","None","No Special Feature","Smooth Asphalt",0,0,0,0,0,0,0,"2 lanes",2,0,NA,0,NA
6411,4988,"None - Rural Crash","Johnston","Coastal","Farms, Woods, Pastures","Rural (<30% Developed)",NA,"Rural","50 - 55  MPH","Double Yellow Line, No Passing Zone","Clear","No",45,"40-49","No",NA,"With Traffic","B: Evident Injury","Travel Lane","Black","Male",NA,NA,"No",NA,"51-55 mph","Unknown Injury","Unknown/Missing",NA,NA,"No","04JUL2009","Saturday","Motorist Overtaking Bicyclist",14,"Non-Intersection","July","B: Evident Injury",52620,"Motorist Overtaking - Misjudged Space",2009,"No","Yes","Daylight","Curve - Level","NC Route","Dry","Two-Way, Not Divided","None","No Special Feature","Coarse Asphalt",0,0,0,0,0,0,0,"2 lanes",2,0,NA,0,NA
6412,4989,"Greensboro","Guilford","Piedmont","Residential","Urban (>70% Developed)",NA,"Urban","20 - 25  MPH","Stop Sign","Clear","No",8,"6-10","No",NA,"With Traffic","B: Evident Injury","Sidewalk / Crosswalk / Driveway Crossing","Black","Male",47,"40-49","No",NA,"21-25 mph","O: No Injury","Black","Male","Pickup","No","09JUL2009","Thursday","Bicyclist Failed to Yield - Sign-Controlled Intersection",14,"Intersection","July","B: Evident Injury",52320,"Bicyclist Ride Through - Sign-Controlled Intersection",2009,"Yes","No","Daylight","Straight - Hillcrest","Local Street","Dry","Two-Way, Not Divided","None","T-Intersection","Smooth Asphalt",0,0,0,0,0,0,0,"2 lanes",2,0,NA,0,NA
6413,4991,"Charlotte","Mecklenburg","Piedmont","Commercial","Urban (>70% Developed)",NA,"Urban","30 - 35  MPH","No Control Present","Cloudy","No",23,"20-24","No",NA,"With Traffic","C: Possible Injury","Travel Lane","White","Female",40,"40-49","No",NA,"31-35 mph","O: No Injury","White","Female","Sport Utility","No","07JUL2009","Tuesday","Motorist Right Turn / Merge",12,"Non-Intersection","July","C: Possible Injury",44280,"Motorist Right Turn - Same Direction",2009,"Yes","No","Daylight","Straight - Level","Local Street","Dry","Two-Way, Not Divided","None","No Special Feature","Smooth Asphalt",0,0,0,0,0,0,0,"3 lanes",2,0,NA,0,NA
6414,6002,"Charlotte","Mecklenburg","Piedmont","Commercial","Urban (>70% Developed)",NA,"Urban","5 - 15 MPH","Missing","Clear","No",17,"16-19","No",NA,"With Traffic","B: Evident Injury","Sidewalk / Crosswalk / Driveway Crossing","White","Male",28,"25-29","No",NA,"0-5 mph","O: No Injury","White","Male","Van","No","04AUG2008","Monday","Motorist Failed to Yield - Midblock",15,"Non-Intersection","August","B: Evident Injury",55740,"Motorist Drive Out - Commercial Driveway / Alley",2008,"No","No","Daylight","Straight - Level","Local Street","Dry","One-Way, Not Divided","None","No Special Feature","Concrete",0,0,0,0,0,0,0,NA,2,0,NA,0,NA
6415,6006,"Asheville","Buncombe","Mountains","Commercial","Urban (>70% Developed)",NA,"Urban","40 - 45  MPH","No Control Present","Clear","No",22,"20-24","No",NA,"With Traffic","B: Evident Injury","Travel Lane","White","Female",25,"25-29","No",NA,"41-45 mph","O: No Injury","White","Male","Passenger Car","No","24JUL2008","Thursday","Motorist Overtaking Bicyclist",6,"Non-Intersection","July","B: Evident Injury",24900,"Motorist Overtaking - Undetected Bicyclist",2008,"Yes","No","Daylight","Straight - Grade","US Route","Dry","Two-Way, Not Divided","None","No Special Feature","Smooth Asphalt",0,0,0,0,0,0,0,"5 lanes",2,0,NA,0,NA
6416,6024,"Gastonia","Gaston","Piedmont","Commercial","Urban (>70% Developed)",NA,"Urban",NA,"Missing","Clear","No",12,"11-15","No",NA,"Facing Traffic","B: Evident Injury","Sidewalk / Crosswalk / Driveway Crossing","Black","Male",28,"25-29","No",NA,NA,"O: No Injury","White","Female","Passenger Car","No","31JUL2008","Thursday","Motorist Failed to Yield - Midblock",17,"Non-Intersection","July","B: Evident Injury",63780,"Motorist Drive Out - Commercial Driveway / Alley",2008,"Yes","No","Daylight",NA,"Local Street","Dry",NA,"None","No Special Feature","Smooth Asphalt",0,0,0,0,0,0,0,NA,2,0,NA,0,NA
6417,6029,"High Point","Guilford","Piedmont","Commercial","Urban (>70% Developed)",NA,"Urban","30 - 35  MPH","Stop And Go Signal","Clear","No",47,"40-49","No",NA,"Facing Traffic","B: Evident Injury","Sidewalk / Crosswalk / Driveway Crossing","White","Female",28,"25-29","No",NA,"16-20 mph","O: No Injury","Black","Female","Passenger Car","No","01AUG2008","Friday","Crossing Paths - Other Circumstances",6,"Intersection","August","B: Evident Injury",24480,"Signalized Intersection - Other / Unknown",2008,"Yes","No","Daylight","Straight - Level","Local Street","Dry","Two-Way, Not Divided","None","Four-Way Intersection","Coarse Asphalt",0,0,0,0,0,0,0,"7 lanes",2,0,NA,0,NA
6418,6039,"Greensboro","Guilford","Piedmont","Residential","Urban (>70% Developed)",NA,"Urban","20 - 25  MPH","Stop Sign","Clear","No",8,"6-10","No",NA,"With Traffic","B: Evident Injury","Travel Lane","Black","Female",51,"50-59","No",NA,"0-5 mph","O: No Injury","Black","Male",NA,"No","11JUL2008","Friday","Motorist Failed to Yield - Sign-Controlled Intersection",20,"Intersection","July","B: Evident Injury",72000,"Motorist Drive Out - Sign-Controlled Intersection",2008,"Yes","Yes","Dark - Lighted Roadway","Straight - Level","Local Street","Dry","Two-Way, Not Divided","None","T-Intersection","Coarse Asphalt",0,0,0,0,0,0,0,"2 lanes",2,0,NA,0,NA
6419,6047,"Charlotte","Mecklenburg","Piedmont","Residential","Urban (>70% Developed)",NA,"Urban",NA,"No Control Present","Clear","No",10,"6-10","No",NA,"Facing Traffic","B: Evident Injury","Travel Lane","Black","Male",30,"30-39","No",NA,NA,"O: No Injury","Black","Female","Passenger Car","No","30AUG2008","Saturday","Motorist Failed to Yield - Midblock",16,"Non-Intersection","August","B: Evident Injury",59400,"Motorist Drive Out - Residential Driveway",2008,"Yes","No","Daylight","Straight - Level","Local Street","Dry","Two-Way, Divided, Unprotected Median","None","No Special Feature","Smooth Asphalt",0,0,0,0,0,0,0,"4 lanes",2,0,NA,0,NA
6420,6050,"Raleigh","Wake","Piedmont","Commercial","Urban (>70% Developed)",NA,"Urban","5 - 15 MPH","Stop Sign","Clear","No",30,"30-39","No",NA,"With Traffic","B: Evident Injury","Travel Lane","White","Female",17,"0-19","No",NA,"0-5 mph","O: No Injury","White","Female","Passenger Car","No","11AUG2008","Monday","Motorist Failed to Yield - Sign-Controlled Intersection",18,"Intersection","August","B: Evident Injury",66420,"Motorist Drive Out - Sign-Controlled Intersection",2008,"Yes","No","Daylight","Straight - Grade","Public Vehicular Area","Dry","Two-Way, Not Divided","None","Four-Way Intersection","Smooth Asphalt",0,0,0,0,0,0,0,NA,2,0,NA,0,NA
6421,6062,"Charlotte","Mecklenburg","Piedmont","Commercial","Urban (>70% Developed)",NA,"Urban","30 - 35  MPH","Stop Sign","Clear","No",47,"40-49","No",NA,"Facing Traffic","B: Evident Injury","Sidewalk / Crosswalk / Driveway Crossing","Black","Female",24,"20-24","Missing",NA,"0-5 mph","O: No Injury","White","Female","Passenger Car","No","01SEP2008","Monday","Motorist Failed to Yield - Sign-Controlled Intersection",17,"Intersection","September","B: Evident Injury",63000,"Motorist Drive Out - Sign-Controlled Intersection",2008,"Yes","No","Daylight","Straight - Level","Public Vehicular Area","Dry","Two-Way, Not Divided","None","No Special Feature","Smooth Asphalt",0,0,0,0,0,0,0,"3 lanes",2,0,NA,0,NA
6422,6068,"Charlotte","Mecklenburg","Piedmont","Commercial","Urban (>70% Developed)",NA,"Urban","40 - 45  MPH","Stop Sign","Clear","No",40,"40-49","No",NA,"With Traffic","O: No Injury","Sidewalk / Crosswalk / Driveway Crossing","Black","Male",33,"30-39","No",NA,"6-10 mph","O: No Injury","White","Female","Passenger Car","No","06SEP2008","Saturday","Motorist Failed to Yield - Midblock",21,"Non-Intersection","September","O: No Injury",78420,"Motorist Drive Out - Commercial Driveway / Alley",2008,"No","No","Dark - Lighted Roadway","Straight - Level","Local Street","Dry","Two-Way, Divided, Positive Median Barrier","None","No Special Feature","Smooth Asphalt",0,0,0,0,0,0,0,"6 lanes",2,0,NA,0,NA
6423,6071,"Sanford","Lee","Piedmont","Commercial","Mixed (30% To 70% Developed)",NA,"Urban",NA,"Stop Sign","Clear","No",18,"16-19","No",NA,"Facing Traffic","Unknown Injury","Travel Lane","Black","Male",18,"0-19","No",NA,NA,"O: No Injury","White","Male","Pedalcycle","No","14AUG2008","Thursday","Crossing Paths - Other Circumstances",23,"Intersection","August","O: No Injury",85620,"Sign-Controlled Intersection - Other / Unknown",2008,"Yes","No","Dark - Lighted Roadway","Straight - Level","Local Street","Dry","Two-Way, Not Divided","None","Y-Intersection","Smooth Asphalt",0,0,0,0,0,0,0,"6 lanes",3,0,NA,0,NA
6424,6073,"None - Rural Crash","Cleveland","Mountains","Residential","Urban (>70% Developed)",NA,"Rural","40 - 45  MPH","Double Yellow Line, No Passing Zone","Cloudy","No",9,"6-10","No",NA,"Not Applicable","C: Possible Injury",NA,"Black","Male",41,"40-49","No",NA,"41-45 mph","O: No Injury","Black","Female","Passenger Car","No","14AUG2008","Thursday","Bicyclist Failed to Yield - Midblock",17,"Non-Intersection","August","C: Possible Injury",63240,"Bicyclist Ride Out - Other Midblock",2008,"Yes","No","Daylight","Straight - Level","State Secondary Route","Dry","Two-Way, Not Divided","None","No Special Feature","Smooth Asphalt",0,0,0,0,0,0,0,"2 lanes",2,0,NA,0,NA