"...1","object_id","city","county","region","development","locality","on_road","rural_urban","speed_limit","traffic_control","weather","workzone","bike_age","bike_age_group","bike_alcohol","bike_alcohol_drugs","bike_direction","bike_injury","bike_position","bike_race","bike_sex","driver_age","driver_age_group","driver_alcohol","driver_alcohol_drugs","driver_est_speed","driver_injury","driver_race","driver_sex","driver_vehicle_type","crash_alcohol","crash_date","crash_day","crash_group","crash_hour","crash_location","crash_month","crash_severity","crash_time","crash_type","crash_year","ambulance_req","hit_run","light_condition","road_character","road_class","road_condition","road_configuration","road_defects","road_feature","road_surface","num_bikes_ai","num_bikes_bi","num_bikes_ci","num_bikes_ki","num_bikes_no","num_bikes_to","num_bikes_ui","num_lanes","num_units","distance_mi_from","frm_road","rte_invd_cd","towrd_road"
6425,6077,"Rocky Mount","Nash","Coastal","Residential","Urban (>70% Developed)",NA,"Urban","30 - 35  MPH","Stop Sign","Clear","No",13,"11-15","No",NA,"With Traffic","B: Evident Injury","Travel Lane","Black","Male",38,"30-39","No",NA,"31-35 mph","O: No Injury","Black","Female","Passenger Car","No","09AUG2008","Saturday","Bicyclist Failed to Yield - Sign-Controlled Intersection",14,"Intersection","August","B: Evident Injury",52080,"Bicyclist Ride Out - Sign-Controlled Intersection",2008,"No","No","Daylight","Straight - Level","Local Street","Dry","Two-Way, Not Divided","None","Four-Way Intersection","Coarse Asphalt",0,0,0,0,0,0,0,"2 lanes",2,0,NA,0,NA
6426,6093,"Chapel Hill","Orange","Piedmont","Commercial","Urban (>70% Developed)",NA,"Urban","20 - 25  MPH","Stop And Go Signal","Clear","No",21,"20-24","No",NA,"With Traffic","B: Evident Injury","Travel Lane","White","Female",54,"50-59","No",NA,NA,"O: No Injury","White","Male","Sport Utility","No","18AUG2008","Monday","Bicyclist Overtaking Motorist",14,"Intersection","August","B: Evident Injury",53160,"Bicyclist Overtaking - Passing on Right",2008,"No","No","Daylight","Straight - Level","Local Street","Dry","Two-Way, Not Divided","None","Four-Way Intersection","Smooth Asphalt",0,0,0,0,0,0,0,"4 lanes",2,0,NA,0,NA
6427,6104,"Boone","Watauga","Mountains","Commercial","Urban (>70% Developed)",NA,"Urban","30 - 35  MPH","Stop And Go Signal","Rain","No",19,"16-19","Yes",NA,"Facing Traffic","B: Evident Injury","Sidewalk / Crosswalk / Driveway Crossing","White","Male",NA,NA,"Missing",NA,"26-30 mph","Unknown Injury","Unknown/Missing",NA,NA,"Yes","26AUG2008","Tuesday","Crossing Paths - Other Circumstances",17,"Intersection","August","B: Evident Injury",61860,"Signalized Intersection - Other / Unknown",2008,"Yes","Yes","Daylight","Straight - Level","Local Street","Wet","Two-Way, Divided, Unprotected Median","None","Four-Way Intersection","Smooth Asphalt",0,0,0,0,0,0,0,"5 lanes",2,0,NA,0,NA
6428,6113,"Sylva","Jackson","Mountains","Residential","Mixed (30% To 70% Developed)",NA,"Rural","20 - 25  MPH","No Control Present","Cloudy","No",38,"30-39","No",NA,"Facing Traffic","B: Evident Injury","Travel Lane","White","Male",23,"20-24","No",NA,"21-25 mph","O: No Injury","White","Female","Pickup","No","20AUG2008","Wednesday","Head-On",14,"Non-Intersection","August","B: Evident Injury",52620,"Head-On - Bicyclist",2008,"Yes","No","Daylight","Curve - Grade","Local Street","Dry","Two-Way, Not Divided","None","No Special Feature","Smooth Asphalt",0,0,0,0,0,0,0,"2 lanes",3,0,NA,0,NA
6429,6119,"Rocky Mount","Nash","Coastal","Residential","Urban (>70% Developed)",NA,"Urban","30 - 35  MPH","Stop Sign","Clear","No",35,"30-39","No",NA,"With Traffic","O: No Injury","Travel Lane","White","Male",NA,NA,"Missing",NA,"0-5 mph","Unknown Injury","Unknown/Missing",NA,NA,"No","13JUL2008","Sunday","Loss of Control / Turning Error",12,"Intersection","July","O: No Injury",43800,"Motorist Turning Error - Left Turn",2008,"No","Yes","Dark - Unknown Lighting","Straight - Level","Local Street","Dry","Two-Way, Not Divided","None","No Special Feature","Smooth Asphalt",0,0,0,0,0,0,0,"2 lanes",2,0,NA,0,NA
6430,6128,"None - Rural Crash","Wilson","Coastal","Commercial","Mixed (30% To 70% Developed)",NA,"Rural","40 - 45  MPH","Double Yellow Line, No Passing Zone","Clear","No",15,"11-15","No",NA,"With Traffic","B: Evident Injury","Travel Lane","Black","Male",39,"30-39","No",NA,"41-45 mph","O: No Injury","White","Male","Passenger Car","No","31AUG2008","Sunday","Motorist Overtaking Bicyclist",11,"Non-Intersection","August","B: Evident Injury",40440,"Motorist Overtaking - Other / Unknown",2008,"Yes","No","Daylight","Straight - Level","NC Route","Dry","Two-Way, Not Divided","None","No Special Feature","Smooth Asphalt",0,0,0,0,0,0,0,"2 lanes",2,0,NA,0,NA
6431,6129,"High Point","Guilford","Piedmont","Commercial","Urban (>70% Developed)",NA,"Urban","30 - 35  MPH","Stop And Go Signal","Clear","No",14,"11-15","No",NA,"Facing Traffic","C: Possible Injury","Sidewalk / Crosswalk / Driveway Crossing","Black","Male",NA,"70+","No",NA,"0-5 mph","O: No Injury","White","Male","Van","No","31AUG2008","Sunday","Loss of Control / Turning Error",18,"Intersection","August","C: Possible Injury",66000,"Bicyclist Lost Control - Other / Unknown",2008,"Yes","No","Daylight","Straight - Level","Public Vehicular Area","Dry","Two-Way, Not Divided","None","Related To Intersection","Smooth Asphalt",0,0,0,0,0,0,0,"5 lanes",2,0,NA,0,NA
6432,6138,"Charlotte","Mecklenburg","Piedmont","Residential","Urban (>70% Developed)",NA,"Urban","20 - 25  MPH","Stop Sign","Clear","No",65,"60-69","No",NA,"With Traffic","B: Evident Injury","Travel Lane","White","Male",32,"30-39","No",NA,"6-10 mph","O: No Injury","Black","Male","Passenger Car","No","23SEP2008","Tuesday","Motorist Failed to Yield - Sign-Controlled Intersection",17,"Intersection","September","B: Evident Injury",63840,"Motorist Drive Out - Sign-Controlled Intersection",2008,"Yes","No","Daylight","Straight - Level","Local Street","Dry","Two-Way, Not Divided","None","No Special Feature","Smooth Asphalt",0,0,0,0,0,0,0,"2 lanes",2,0,NA,0,NA
6433,6142,"Fayetteville","Cumberland","Coastal","Commercial","Urban (>70% Developed)",NA,"Urban","20 - 25  MPH","Stop Sign","Clear","No",8,"6-10","No",NA,"With Traffic","B: Evident Injury","Travel Lane","White","Female",39,"30-39","No",NA,"21-25 mph","O: No Injury","Black","Male","Sport Utility","No","03SEP2008","Wednesday","Bicyclist Failed to Yield - Sign-Controlled Intersection",19,"Intersection","September","B: Evident Injury",68580,"Bicyclist Ride Through - Sign-Controlled Intersection",2008,"No","No","Daylight","Straight - Bottom","Local Street","Dry","Two-Way, Not Divided","None","T-Intersection","Smooth Asphalt",0,0,0,0,0,0,0,"2 lanes",2,0,NA,0,NA
6434,6144,"Fayetteville","Cumberland","Coastal","Residential","Urban (>70% Developed)",NA,"Urban","30 - 35  MPH","No Control Present","Cloudy","No",15,"11-15","No",NA,"Facing Traffic","B: Evident Injury","Travel Lane","White","Male",27,"25-29","No",NA,"31-35 mph","O: No Injury","Black","Female","Passenger Car","No","10JUL2008","Thursday","Bicyclist Failed to Yield - Sign-Controlled Intersection",7,"Intersection","July","B: Evident Injury",26760,"Bicyclist Ride Out - Sign-Controlled Intersection",2008,"Yes","No","Daylight","Straight - Level","Local Street","Dry","Two-Way, Not Divided","None","No Special Feature","Coarse Asphalt",0,0,0,0,0,0,0,"2 lanes",2,0,NA,0,NA
6435,6153,"None - Rural Crash","Robeson","Coastal","Farms, Woods, Pastures","Rural (<30% Developed)",NA,"Rural","50 - 55  MPH","No Control Present","Clear","No",55,"50-59","No",NA,"Facing Traffic","C: Possible Injury","Travel Lane","Native American","Male",NA,NA,"Missing",NA,"51-55 mph","Unknown Injury","Unknown/Missing",NA,NA,"No","07SEP2008","Sunday","Head-On",22,"Non-Intersection","September","C: Possible Injury",80100,"Head-On - Bicyclist",2008,"Yes","Yes","Dark - Roadway Not Lighted","Straight - Level","NC Route","Dry","Two-Way, Not Divided","None","No Special Feature","Coarse Asphalt",0,0,0,0,0,0,0,"2 lanes",2,0,NA,0,NA
6436,6158,"None - Rural Crash","Johnston","Coastal","Residential","Rural (<30% Developed)",NA,"Rural","50 - 55  MPH","Double Yellow Line, No Passing Zone","Cloudy","No",42,"40-49","No",NA,"With Traffic","B: Evident Injury","Travel Lane","White","Male",35,"30-39","No",NA,"51-55 mph","O: No Injury","White","Male","Pickup","No","09SEP2008","Tuesday","Motorist Left Turn / Merge",6,"Intersection","September","B: Evident Injury",23460,"Motorist Left Turn - Opposite Direction",2008,"Yes","No","Dark - Roadway Not Lighted","Straight - Level","State Secondary Route","Dry","Two-Way, Not Divided","None","T-Intersection","Smooth Asphalt",0,0,0,0,0,0,0,"2 lanes",2,0,NA,0,NA
6437,6159,"None - Rural Crash","Lenoir","Coastal","Farms, Woods, Pastures","Rural (<30% Developed)",NA,"Rural","50 - 55  MPH","Missing","Fog, Smog, Smoke","No",NA,"70+","No",NA,"With Traffic","B: Evident Injury","Travel Lane","White","Male",NA,"70+","No",NA,"51-55 mph","O: No Injury","Black","Female","Passenger Car","No","09SEP2008","Tuesday","Motorist Overtaking Bicyclist",8,"Non-Intersection","September","B: Evident Injury",29400,"Motorist Overtaking - Other / Unknown",2008,"Yes","No","Daylight","Straight - Level","US Route","Dry","Two-Way, Divided, Unprotected Median","None","No Special Feature","Coarse Asphalt",0,0,0,0,0,0,0,"4 lanes",2,0,NA,0,NA
6438,6160,"Boone","Watauga","Mountains","Institutional","Rural (<30% Developed)",NA,"Urban","20 - 25  MPH","Stop And Go Signal","Cloudy","No",23,"20-24","No",NA,"With Traffic","B: Evident Injury","Travel Lane","White","Male",30,"30-39","No",NA,"16-20 mph","O: No Injury","White","Female","Sport Utility","No","09SEP2008","Tuesday","Bicyclist Overtaking Motorist",13,"Non-Intersection","September","B: Evident Injury",50340,"Bicyclist Overtaking - Other / Unknown",2008,"No","No","Daylight","Straight - Level","Local Street","Wet","Two-Way, Not Divided","None","No Special Feature","Smooth Asphalt",0,0,0,0,0,0,0,"4 lanes",2,0,NA,0,NA
6439,6162,"Clinton","Sampson","Coastal","Commercial","Urban (>70% Developed)",NA,"Urban","30 - 35  MPH","No Control Present","Cloudy","No",22,"20-24","No",NA,"With Traffic","B: Evident Injury","Travel Lane","White","Male",20,"20-24","No",NA,"31-35 mph","O: No Injury","Hispanic","Male","Passenger Car","No","10SEP2008","Wednesday","Bicyclist Left Turn / Merge",6,"Non-Intersection","September","B: Evident Injury",22800,"Bicyclist Left Turn - Opposite Direction",2008,"Yes","No","Dark - Lighted Roadway","Straight - Level","Local Street","Dry","Two-Way, Not Divided","None","No Special Feature","Coarse Asphalt",0,0,0,0,0,0,0,"3 lanes",2,0,NA,0,NA
6440,6165,"Durham","Durham","Piedmont","Commercial","Urban (>70% Developed)",NA,"Urban","20 - 25  MPH","No Control Present","Clear","No",60,"60-69","No",NA,"With Traffic","B: Evident Injury","Travel Lane","Black","Female",NA,NA,"Missing",NA,"0-5 mph","Unknown Injury","Unknown/Missing",NA,NA,"No","14JUL2008","Monday","Bicyclist Overtaking Motorist",14,"Non-Intersection","July","B: Evident Injury",52440,"Bicyclist Overtaking - Extended Door",2008,"No","Yes","Daylight","Straight - Grade","Local Street","Dry","Two-Way, Not Divided","None","No Special Feature","Smooth Asphalt",0,0,0,0,0,0,0,"2 lanes",2,0,NA,0,NA
6441,6181,"Raleigh","Wake","Piedmont","Institutional","Urban (>70% Developed)",NA,"Urban","5 - 15 MPH","No Control Present","Cloudy","No",20,"20-24","No",NA,"Not Applicable","C: Possible Injury","Non-Roadway","White","Male",20,"20-24","No",NA,"0-5 mph","O: No Injury","White","Male","Passenger Car","No","16SEP2008","Tuesday","Non-Roadway",8,"Non-Roadway","September","C: Possible Injury",29580,"Non-Roadway",2008,"No","No","Daylight","Straight - Hillcrest","Local Street","Dry","Two-Way, Not Divided","None","Driveway, Public","Smooth Asphalt",0,0,0,0,0,0,0,NA,2,0,NA,0,NA
6442,6193,"Goldsboro","Wayne","Coastal","Residential","Mixed (30% To 70% Developed)",NA,"Urban","30 - 35  MPH","No Control Present","Clear","No",34,"30-39","No",NA,"With Traffic","B: Evident Injury","Bike Lane / Paved Shoulder","Black","Male",35,"30-39","No",NA,"31-35 mph","C: Possible Injury","Black","Female","Sport Utility","No","27SEP2008","Saturday","Other / Unusual Circumstances",14,"Non-Intersection","September","B: Evident Injury",52200,"Motorist Intentionally Caused",2008,"No","No","Daylight","Straight - Level","Local Street","Dry","Two-Way, Not Divided","None","No Special Feature","Coarse Asphalt",0,0,0,0,0,0,0,"2 lanes",2,0,NA,0,NA
6443,6202,"Greensboro","Guilford","Piedmont","Residential","Urban (>70% Developed)",NA,"Urban","30 - 35  MPH","Stop Sign","Clear","No",NA,NA,"No",NA,"With Traffic","B: Evident Injury","Travel Lane","Black","Male",25,"25-29","No",NA,"21-25 mph","O: No Injury","White","Female","Passenger Car","No","15SEP2008","Monday","Motorist Overtaking Bicyclist",21,"Non-Intersection","September","B: Evident Injury",76380,"Motorist Overtaking - Undetected Bicyclist",2008,"Yes","No","Dusk","Straight - Grade","Local Street","Dry","Two-Way, Not Divided","None","No Special Feature","Smooth Asphalt",0,0,0,0,0,0,0,"4 lanes",2,0,NA,0,NA
6444,6204,"Sunset Beach","Brunswick","Coastal","Residential","Rural (<30% Developed)",NA,"Rural","30 - 35  MPH","Stop Sign","Clear","No",67,"60-69","No",NA,"With Traffic","C: Possible Injury","Travel Lane","White","Male",58,"50-59","No",NA,NA,"O: No Injury","White","Male","Pickup","No","28SEP2008","Sunday","Motorist Failed to Yield - Sign-Controlled Intersection",11,"Intersection","September","C: Possible Injury",39900,"Motorist Drive Out - Sign-Controlled Intersection",2008,"Yes","No","Daylight","Straight - Level","Local Street","Dry","Two-Way, Divided, Unprotected Median","None","T-Intersection","Smooth Asphalt",0,0,0,0,0,0,0,"2 lanes",2,0,NA,0,NA
6445,6205,"None - Rural Crash","Onslow","Coastal","Farms, Woods, Pastures","Rural (<30% Developed)",NA,"Rural","50 - 55  MPH","No Control Present","Clear","No",17,"16-19","No",NA,"With Traffic","A: Disabling Injury","Travel Lane","White","Male",22,"20-24","No",NA,"46-50 mph","O: No Injury","White","Male","Passenger Car","No","28SEP2008","Sunday","Motorist Overtaking Bicyclist",19,"Non-Intersection","September","A: Disabling Injury",71280,"Motorist Overtaking - Other / Unknown",2008,"Yes","No","Daylight","Straight - Level","State Secondary Route","Dry","Two-Way, Not Divided","None","No Special Feature","Coarse Asphalt",0,0,0,0,0,0,0,"2 lanes",2,0,NA,0,NA
6446,6212,"High Point","Guilford","Piedmont","Residential","Urban (>70% Developed)",NA,"Urban","30 - 35  MPH","Yield Sign","Clear","No",11,"11-15","No",NA,"With Traffic","B: Evident Injury","Travel Lane","Black","Male",39,"30-39","No",NA,"31-35 mph","O: No Injury","White","Female","Pickup","No","30SEP2008","Tuesday","Bicyclist Failed to Yield - Sign-Controlled Intersection",16,"Intersection","September","B: Evident Injury",58560,"Bicyclist Ride Out - Sign-Controlled Intersection",2008,"Yes","No","Daylight","Straight - Level","Local Street","Dry","Two-Way, Not Divided","None","Related To Intersection","Smooth Asphalt",0,0,0,0,0,0,0,"2 lanes",2,0,NA,0,NA
6447,6217,"Kannapolis","Cabarrus","Piedmont","Commercial","Urban (>70% Developed)",NA,"Urban","40 - 45  MPH","No Control Present","Clear","No",53,"50-59","No",NA,"With Traffic","A: Disabling Injury","Travel Lane","White","Female",59,"50-59","No",NA,"41-45 mph","O: No Injury","White","Male","Sport Utility","No","04OCT2008","Saturday","Motorist Overtaking Bicyclist",18,"Non-Intersection","October","A: Disabling Injury",65040,"Motorist Overtaking - Undetected Bicyclist",2008,"Yes","No","Daylight","Straight - Grade","Local Street","Dry","Two-Way, Not Divided","None","No Special Feature","Smooth Asphalt",0,0,0,0,0,0,0,"5 lanes",2,0,NA,0,NA
6448,6228,"Boone","Watauga","Mountains","Commercial","Urban (>70% Developed)",NA,"Urban","30 - 35  MPH","Missing","Rain","No",20,"20-24","No",NA,"With Traffic","B: Evident Injury","Travel Lane","White","Female",61,"60-69","No",NA,NA,"O: No Injury","White","Male","Passenger Car","No","09OCT2008","Thursday","Motorist Left Turn / Merge",15,"Non-Intersection","October","B: Evident Injury",56100,"Motorist Left Turn - Opposite Direction",2008,"Yes","No","Daylight","Straight - Level","Local Street","Wet","Two-Way, Not Divided","None","Driveway, Public","Smooth Asphalt",0,0,0,0,0,0,0,"3 lanes",2,0,NA,0,NA
6449,6229,"None - Rural Crash","Cumberland","Coastal","Residential","Mixed (30% To 70% Developed)",NA,"Rural","40 - 45  MPH","Stop Sign","Clear","No",28,"25-29","No",NA,"With Traffic","B: Evident Injury","Travel Lane","White","Male",50,"50-59","No",NA,"0-5 mph","O: No Injury","White","Male","Pickup","No","15OCT2008","Wednesday","Motorist Failed to Yield - Sign-Controlled Intersection",6,"Intersection","October","B: Evident Injury",23400,"Motorist Drive Out - Sign-Controlled Intersection",2008,"Yes","No","Dark - Roadway Not Lighted","Straight - Level","State Secondary Route","Dry","Two-Way, Not Divided","None","T-Intersection","Smooth Asphalt",0,0,0,0,0,0,0,"2 lanes",2,0,NA,0,NA
6450,6230,"Henderson","Vance","Piedmont","Residential","Urban (>70% Developed)",NA,"Urban","30 - 35  MPH","Double Yellow Line, No Passing Zone","Clear","No",21,"20-24","No",NA,"With Traffic","C: Possible Injury","Travel Lane","Black","Male",NA,NA,"No",NA,"31-35 mph","Unknown Injury","Unknown/Missing",NA,"Pickup","No","15OCT2008","Wednesday","Motorist Overtaking Bicyclist",16,"Non-Intersection","October","C: Possible Injury",57600,"Motorist Overtaking - Other / Unknown",2008,"No","Yes","Daylight","Curve - Level","State Secondary Route","Dry","Two-Way, Not Divided","None","No Special Feature","Coarse Asphalt",0,0,0,0,0,0,0,"2 lanes",2,0,NA,0,NA
6451,6252,"Pembroke","Robeson","Coastal","Commercial","Urban (>70% Developed)",NA,"Rural",NA,"Stop Sign","Cloudy","No",42,"40-49","No",NA,"Facing Traffic","O: No Injury","Bike Lane / Paved Shoulder","Native American","Male",NA,NA,"Missing",NA,NA,"Unknown Injury","Unknown/Missing",NA,"Passenger Car","No","24OCT2008","Friday","Head-On",20,"Intersection","October","O: No Injury",74700,"Head-On - Bicyclist",2008,"Yes","Yes","Dark - Lighted Roadway","Straight - Level","Local Street","Wet","Two-Way, Not Divided","None","T-Intersection","Smooth Asphalt",0,0,0,0,0,0,0,"4 lanes",2,0,NA,0,NA
6452,6253,"Wilmington","New Hanover","Coastal","Commercial","Urban (>70% Developed)",NA,"Urban","40 - 45  MPH","Stop Sign","Clear","No",25,"25-29","No",NA,"Facing Traffic","C: Possible Injury","Travel Lane","White","Female",61,"60-69","No",NA,"0-5 mph","O: No Injury","White","Male","Passenger Car","No","13OCT2008","Monday","Motorist Failed to Yield - Sign-Controlled Intersection",10,"Intersection","October","C: Possible Injury",38640,"Motorist Drive Out - Sign-Controlled Intersection",2008,"Yes","No","Daylight","Straight - Level","Local Street","Dry","Two-Way, Not Divided","None","T-Intersection","Coarse Asphalt",0,0,0,0,0,0,0,"5 lanes",2,0,NA,0,NA
6453,6260,"Chapel Hill","Orange","Piedmont","Institutional","Mixed (30% To 70% Developed)",NA,"Urban","20 - 25  MPH","Missing","Clear","No",39,"30-39","No",NA,"With Traffic","B: Evident Injury","Travel Lane","Native American","Male",36,"30-39","No",NA,"0-5 mph","O: No Injury","White","Male","Sport Utility","No","08OCT2008","Wednesday","Parking / Bus-Related",7,"Non-Intersection","October","B: Evident Injury",28560,"Motorist Drive In / Out - Parking",2008,"Yes","No","Daylight","Straight - Level","Local Street","Dry","Two-Way, Not Divided","None","No Special Feature","Smooth Asphalt",0,0,0,0,0,0,0,"2 lanes",2,0,NA,0,NA
6454,6262,"Oxford","Granville","Piedmont","Commercial","Urban (>70% Developed)",NA,"Urban","5 - 15 MPH","No Control Present","Clear","No",18,"16-19","No",NA,"Not Applicable","C: Possible Injury","Non-Roadway","Black","Male",50,"50-59","No",NA,"6-10 mph","O: No Injury","Black","Female","Passenger Car","No","26AUG2008","Tuesday","Non-Roadway",17,"Non-Roadway","August","C: Possible Injury",62400,"Non-Roadway",2008,"Yes","No","Daylight","Straight - Level","Public Vehicular Area","Dry","One-Way, Not Divided","None","Driveway, Public","Smooth Asphalt",0,0,0,0,0,0,0,NA,2,0,NA,0,NA
6455,6266,"Raleigh","Wake","Piedmont","Commercial","Urban (>70% Developed)",NA,"Urban","30 - 35  MPH","No Control Present","Clear","No",16,"16-19","No",NA,"Facing Traffic","B: Evident Injury","Bike Lane / Paved Shoulder","Black","Male",34,"30-39","Yes",NA,"56-60 mph","O: No Injury","Hispanic","Male","Pickup","Yes","25AUG2008","Monday","Head-On",1,"Non-Intersection","August","B: Evident Injury",6240,"Head-On - Bicyclist",2008,"No","No","Dark - Lighted Roadway","Straight - Level","Local Street","Dry","Two-Way, Not Divided","None","No Special Feature","Coarse Asphalt",0,0,0,0,0,0,0,"1 lane",2,0,NA,0,NA
6456,6274,"Rocky Mount","Nash","Coastal","Commercial","Urban (>70% Developed)",NA,"Urban","40 - 45  MPH","Stop And Go Signal","Clear","No",45,"40-49","No",NA,"Facing Traffic","K: Killed","Travel Lane","White","Male",52,"50-59","No",NA,"36-40 mph","O: No Injury","Hispanic","Male","Van","No","30SEP2008","Tuesday","Head-On",20,"Non-Intersection","September","K: Killed",72480,"Head-On - Bicyclist",2008,"Yes","No","Dark - Lighted Roadway","Straight - Level","Local Street","Dry","Two-Way, Divided, Unprotected Median","None","No Special Feature","Concrete",0,0,0,0,0,0,0,"4 lanes",2,0,NA,0,NA
6457,6276,"Charlotte","Mecklenburg","Piedmont","Residential","Urban (>70% Developed)",NA,"Urban","20 - 25  MPH","No Control Present","Clear","No",22,"20-24","No",NA,"Facing Traffic","C: Possible Injury","Travel Lane","Hispanic","Male",16,"0-19","No",NA,"31-35 mph","O: No Injury","Hispanic","Male","Passenger Car","No","06NOV2008","Thursday","Head-On",8,"Intersection-Related","November","C: Possible Injury",29820,"Head-On - Bicyclist",2008,"Yes","Yes","Daylight","Straight - Level","Local Street","Dry","Two-Way, Not Divided","None","T-Intersection","Smooth Asphalt",0,0,0,0,0,0,0,"2 lanes",2,0,NA,0,NA
6458,6277,"None - Rural Crash","Wake","Piedmont","Residential","Mixed (30% To 70% Developed)",NA,"Rural","40 - 45  MPH","Double Yellow Line, No Passing Zone","Cloudy","No",41,"40-49","No",NA,"With Traffic","B: Evident Injury","Travel Lane","White","Male",NA,"70+","No",NA,"36-40 mph","O: No Injury","White","Female","Passenger Car","No","11OCT2008","Saturday","Motorist Right Turn / Merge",10,"Intersection","October","B: Evident Injury",37860,"Motorist Right Turn - Same Direction",2008,"Yes","No","Daylight","Straight - Level","State Secondary Route","Dry","Two-Way, Not Divided","None","T-Intersection","Smooth Asphalt",0,0,0,0,0,0,0,"2 lanes",2,0,NA,0,NA
6459,6278,"None - Rural Crash","Hoke","Coastal","Commercial","Mixed (30% To 70% Developed)",NA,"Rural","50 - 55  MPH","Stop And Go Signal","Clear","No",45,"40-49","No",NA,"With Traffic","C: Possible Injury","Travel Lane","White","Male",53,"50-59","No",NA,"11-15 mph","O: No Injury","White","Female","Passenger Car","No","13OCT2008","Monday","Crossing Paths - Other Circumstances",13,"Intersection","October","C: Possible Injury",48960,"Signalized Intersection - Other / Unknown",2008,"Yes","No","Daylight","Straight - Level","US Route","Dry","Two-Way, Divided, Unprotected Median","None","Four-Way Intersection","Smooth Asphalt",0,0,0,0,0,0,0,"4 lanes",2,0,NA,0,NA
6460,6279,"None - Rural Crash","Halifax","Coastal","Farms, Woods, Pastures","Rural (<30% Developed)",NA,"Rural","50 - 55  MPH","Double Yellow Line, No Passing Zone","Clear","No",20,"20-24","No",NA,"With Traffic","C: Possible Injury","Bike Lane / Paved Shoulder","Black","Male",NA,NA,"Missing",NA,"41-45 mph","Unknown Injury","Unknown/Missing",NA,NA,"No","07OCT2008","Tuesday","Head-On",19,"Non-Intersection","October","C: Possible Injury",68820,"Head-On - Motorist",2008,"Yes","Yes","Dusk","Straight - Bottom","State Secondary Route","Dry","Two-Way, Not Divided","None","No Special Feature","Smooth Asphalt",0,0,0,0,0,0,0,"2 lanes",2,0,NA,0,NA
6461,6281,"Jacksonville","Onslow","Coastal","Residential","Urban (>70% Developed)",NA,"Urban","20 - 25  MPH","Stop Sign","Clear","No",57,"50-59","No",NA,"Facing Traffic","C: Possible Injury","Travel Lane","White","Male",35,"30-39","No",NA,"21-25 mph","O: No Injury","White","Male","Pickup","No","26OCT2008","Sunday","Motorist Left Turn / Merge",12,"Intersection","October","C: Possible Injury",45660,"Motorist Left Turn - Same Direction",2008,"No","No","Daylight","Straight - Level","Local Street","Dry","Two-Way, Not Divided","None","Four-Way Intersection","Smooth Asphalt",0,0,0,0,0,0,0,"2 lanes",2,0,NA,0,NA
6462,6284,"None - Rural Crash","Davidson","Piedmont","Residential","Rural (<30% Developed)",NA,"Rural","20 - 25  MPH","No Control Present","Clear","No",27,"25-29","No",NA,"With Traffic","O: No Injury","Travel Lane","White","Male",20,"20-24","No",NA,"0-5 mph","O: No Injury","White","Male","Passenger Car","No","25OCT2008","Saturday","Motorist Right Turn / Merge",14,"Non-Intersection","October","O: No Injury",52080,"Motorist Right Turn - Same Direction",2008,"No","No","Dark - Roadway Not Lighted","Curve - Grade","State Secondary Route","Dry","Two-Way, Not Divided","None","Driveway, Private","Smooth Asphalt",0,0,0,0,0,0,0,"2 lanes",2,0,NA,0,NA
6463,6298,"None - Rural Crash","Carteret","Coastal","Farms, Woods, Pastures","Rural (<30% Developed)",NA,"Rural","50 - 55  MPH","No Control Present","Cloudy","No",46,"40-49","No",NA,"With Traffic","C: Possible Injury","Travel Lane","White","Female",26,"25-29","No",NA,"51-55 mph","O: No Injury","White","Female","Pickup","No","13NOV2008","Thursday","Motorist Overtaking Bicyclist",18,"Non-Intersection","November","C: Possible Injury",66360,"Motorist Overtaking - Misjudged Space",2008,"Yes","No","Dark - Roadway Not Lighted","Straight - Level","US Route","Wet","Two-Way, Divided, Unprotected Median","None","No Special Feature","Coarse Asphalt",0,0,0,0,0,0,0,"4 lanes",2,0,NA,0,NA
6464,6302,"Mount Airy","Surry","Mountains","Commercial","Urban (>70% Developed)",NA,"Urban","30 - 35  MPH","Missing","Clear","No",20,"20-24","No",NA,"Facing Traffic","C: Possible Injury","Sidewalk / Crosswalk / Driveway Crossing","White","Male",60,"60-69","No",NA,"0-5 mph","O: No Injury","White","Male","Pickup","No","27OCT2008","Monday","Motorist Right Turn / Merge",11,"Non-Intersection","October","C: Possible Injury",42000,"Motorist Right Turn - Opposite Direction",2008,"No","No","Daylight","Straight - Grade","NC Route","Dry","Two-Way, Not Divided","None","Driveway, Public","Smooth Asphalt",0,0,0,0,0,0,0,"2 lanes",2,0,NA,0,NA
6465,6303,"Fayetteville","Cumberland","Coastal","Commercial","Urban (>70% Developed)",NA,"Urban","20 - 25  MPH","Stop And Go Signal","Clear","No",44,"40-49","No",NA,"Facing Traffic","C: Possible Injury","Travel Lane","Black","Male",20,"20-24","No",NA,"6-10 mph","O: No Injury","Black","Female","Passenger Car","No","30OCT2008","Thursday","Crossing Paths - Other Circumstances",17,"Intersection","October","C: Possible Injury",61560,"Signalized Intersection - Other / Unknown",2008,"Yes","No","Daylight","Straight - Level","Local Street","Dry","Two-Way, Divided, Unprotected Median","None","T-Intersection","Coarse Asphalt",0,0,0,0,0,0,0,"6 lanes",2,0,NA,0,NA