"...1","object_id","city","county","region","development","locality","on_road","rural_urban","speed_limit","traffic_control","weather","workzone","bike_age","bike_age_group","bike_alcohol","bike_alcohol_drugs","bike_direction","bike_injury","bike_position","bike_race","bike_sex","driver_age","driver_age_group","driver_alcohol","driver_alcohol_drugs","driver_est_speed","driver_injury","driver_race","driver_sex","driver_vehicle_type","crash_alcohol","crash_date","crash_day","crash_group","crash_hour","crash_location","crash_month","crash_severity","crash_time","crash_type","crash_year","ambulance_req","hit_run","light_condition","road_character","road_class","road_condition","road_configuration","road_defects","road_feature","road_surface","num_bikes_ai","num_bikes_bi","num_bikes_ci","num_bikes_ki","num_bikes_no","num_bikes_to","num_bikes_ui","num_lanes","num_units","distance_mi_from","frm_road","rte_invd_cd","towrd_road"
6466,6304,"Beaufort","Carteret","Coastal","Institutional","Urban (>70% Developed)",NA,"Rural","30 - 35  MPH","No Control Present","Rain","No",29,"25-29","Yes",NA,"With Traffic","C: Possible Injury","Travel Lane","White","Male",NA,NA,"Missing",NA,"31-35 mph","Unknown Injury","Unknown/Missing",NA,"Pickup","Yes","15NOV2008","Saturday","Motorist Overtaking Bicyclist",22,"Non-Intersection","November","C: Possible Injury",81000,"Motorist Overtaking - Misjudged Space",2008,"Yes","Yes","Dark - Lighted Roadway","Straight - Level","NC Route","Wet","Two-Way, Divided, Unprotected Median","None","No Special Feature","Smooth Asphalt",0,0,0,0,0,0,0,"2 lanes",2,0,NA,0,NA
6467,6310,"Greensboro","Guilford","Piedmont","Commercial","Urban (>70% Developed)",NA,"Urban","30 - 35  MPH","No Control Present","Clear","No",25,"25-29","No",NA,"With Traffic","C: Possible Injury","Sidewalk / Crosswalk / Driveway Crossing","White","Male",33,"30-39","No",NA,"0-5 mph","O: No Injury","Black","Female","Sport Utility","No","12OCT2008","Sunday","Motorist Failed to Yield - Midblock",16,"Non-Intersection","October","C: Possible Injury",59760,"Motorist Drive Out - Commercial Driveway / Alley",2008,"No","No","Daylight","Straight - Level","Local Street","Dry","Two-Way, Not Divided","None","No Special Feature","Smooth Asphalt",0,0,0,0,0,0,0,"5 lanes",2,0,NA,0,NA
6468,6325,"None - Rural Crash","Duplin","Coastal","Farms, Woods, Pastures","Mixed (30% To 70% Developed)",NA,"Rural","50 - 55  MPH","No Control Present","Clear","No",11,"11-15","No",NA,"With Traffic","B: Evident Injury","Travel Lane","White","Male",37,"30-39","No",NA,"51-55 mph","O: No Injury","Black","Female","Light Truck (Mini-Van, Panel)","No","25NOV2008","Tuesday","Bicyclist Left Turn / Merge",18,"Non-Intersection","November","B: Evident Injury",66600,"Bicyclist Left Turn - Same Direction",2008,"Yes","No","Dark - Roadway Not Lighted","Straight - Level","State Secondary Route","Dry","Two-Way, Not Divided","None","No Special Feature","Coarse Asphalt",0,0,0,0,0,0,0,"2 lanes",2,0,NA,0,NA
6469,6326,"Charlotte","Mecklenburg","Piedmont","Residential","Mixed (30% To 70% Developed)",NA,"Urban","20 - 25  MPH","No Control Present","Clear","No",9,"6-10","No",NA,"With Traffic","B: Evident Injury","Travel Lane","Hispanic","Male",58,"50-59","No",NA,"16-20 mph","O: No Injury","White","Male","Passenger Car","No","27NOV2008","Thursday","Loss of Control / Turning Error",14,"Non-Intersection","November","B: Evident Injury",52020,"Bicyclist Lost Control - Other / Unknown",2008,"Yes","No","Daylight","Straight - Grade","Local Street","Dry","Two-Way, Not Divided","None","No Special Feature","Smooth Asphalt",0,0,0,0,0,0,0,"2 lanes",2,0,NA,0,NA
6470,6336,"Charlotte","Mecklenburg","Piedmont","Commercial","Urban (>70% Developed)",NA,"Urban",NA,"Stop Sign","Clear","No",45,"40-49","No",NA,"Facing Traffic","C: Possible Injury","Sidewalk / Crosswalk / Driveway Crossing","Black","Male",NA,NA,"Missing",NA,NA,"Unknown Injury","Unknown/Missing",NA,"Passenger Car","No","02DEC2008","Tuesday","Motorist Failed to Yield - Sign-Controlled Intersection",20,"Intersection","December","C: Possible Injury",72300,"Motorist Drive Out - Sign-Controlled Intersection",2008,"Yes","Yes","Dark - Lighted Roadway","Straight - Level","Local Street","Dry","Two-Way, Not Divided","None","Four-Way Intersection","Smooth Asphalt",0,0,0,0,0,0,0,"2 lanes",2,0,NA,0,NA
6471,6339,"Durham","Durham","Piedmont","Commercial","Urban (>70% Developed)",NA,"Urban","30 - 35  MPH","No Control Present","Clear","No",25,"25-29","No",NA,"With Traffic","C: Possible Injury","Travel Lane","White","Female",48,"40-49","No",NA,"31-35 mph","O: No Injury","White","Male","Passenger Car","No","02DEC2008","Tuesday","Bicyclist Left Turn / Merge",16,"Non-Intersection","December","C: Possible Injury",60000,"Bicyclist Left Turn - Same Direction",2008,"Yes","No","Daylight","Straight - Level","Local Street","Dry","Two-Way, Not Divided","None","No Special Feature","Concrete",0,0,0,0,0,0,0,"5 lanes",2,0,NA,0,NA
6472,6341,"None - Rural Crash","Lenoir","Coastal","Farms, Woods, Pastures","Mixed (30% To 70% Developed)",NA,"Rural","60 - 75 MPH","No Control Present","Cloudy","No",35,"30-39","No",NA,"With Traffic","K: Killed","Bike Lane / Paved Shoulder","Black","Male",29,"25-29","No",NA,"36-40 mph","O: No Injury","White","Male","Single Unit Truck (2-Axle, 6-Tire)","No","13NOV2008","Thursday","Motorist Overtaking Bicyclist",6,"Non-Intersection","November","K: Killed",22500,"Motorist Overtaking - Other / Unknown",2008,"Yes","No","Dark - Roadway Not Lighted","Straight - Level","NC Route","Wet","Two-Way, Divided, Unprotected Median","None","No Special Feature","Smooth Asphalt",0,0,0,0,0,0,0,"4 lanes",2,0,NA,0,NA
6473,6344,"Asheville","Buncombe","Mountains","Commercial","Urban (>70% Developed)",NA,"Urban","30 - 35  MPH","No Control Present","Clear","No",24,"20-24","No",NA,"With Traffic","O: No Injury","Sidewalk / Crosswalk / Driveway Crossing","White","Male",NA,NA,"No",NA,"21-25 mph","O: No Injury","White","Female","Passenger Car","No","12NOV2008","Wednesday","Motorist Right Turn / Merge",14,"Non-Intersection","November","O: No Injury",51360,"Motorist Right Turn - Same Direction",2008,"No","No","Daylight","Straight - Level","Local Street","Dry","Two-Way, Not Divided","None","Driveway, Public","Smooth Asphalt",0,0,0,0,0,0,0,"4 lanes",2,0,NA,0,NA
6474,6348,"None - Rural Crash","Robeson","Coastal","Farms, Woods, Pastures","Rural (<30% Developed)",NA,"Rural","50 - 55  MPH","Double Yellow Line, No Passing Zone","Clear","No",53,"50-59","No",NA,"With Traffic","A: Disabling Injury","Travel Lane","Native American","Male",NA,NA,"No",NA,"31-35 mph","Unknown Injury","Unknown/Missing",NA,"Light Truck (Mini-Van, Panel)","No","05DEC2008","Friday","Motorist Left Turn / Merge",22,"Intersection","December","A: Disabling Injury",80400,"Motorist Left Turn - Opposite Direction",2008,"Yes","Yes","Dark - Roadway Not Lighted","Straight - Level","State Secondary Route","Dry","Two-Way, Not Divided","None","T-Intersection","Coarse Asphalt",0,0,0,0,0,0,0,"2 lanes",2,0,NA,0,NA
6475,6353,"Leland","Brunswick","Coastal","Farms, Woods, Pastures","Urban (>70% Developed)",NA,"Rural","40 - 45  MPH","No Control Present","Clear","No",47,"40-49","No",NA,"Facing Traffic","B: Evident Injury","Bike Lane / Paved Shoulder","Hispanic","Female",56,"50-59","No",NA,"0-5 mph","O: No Injury","White","Male","Pickup","No","16NOV2008","Sunday","Motorist Failed to Yield - Midblock",16,"Non-Intersection","November","B: Evident Injury",60600,"Motorist Drive Out - Commercial Driveway / Alley",2008,"Yes","No","Daylight","Straight - Level","Local Street",NA,"Two-Way, Not Divided","None","Driveway, Public","Coarse Asphalt",0,0,0,0,0,0,0,"5 lanes",2,0,NA,0,NA
6476,6359,"Winston-Salem","Forsyth","Piedmont","Commercial","Urban (>70% Developed)",NA,"Urban","30 - 35  MPH","Missing","Clear","No",46,"40-49","No",NA,"With Traffic","C: Possible Injury","Travel Lane","Black","Male",59,"50-59","No",NA,"6-10 mph","O: No Injury","Black","Male","Sport Utility","No","19NOV2008","Wednesday","Motorist Right Turn / Merge",13,"Non-Intersection","November","C: Possible Injury",46800,"Motorist Right Turn - Same Direction",2008,"No","No","Daylight","Curve - Bottom","Local Street","Dry","Two-Way, Not Divided","None","No Special Feature","Coarse Asphalt",0,0,0,0,0,0,0,"3 lanes",2,0,NA,0,NA
6477,6366,"Raleigh","Wake","Piedmont","Commercial","Urban (>70% Developed)",NA,"Urban",NA,"Missing","Cloudy","No",9,"6-10","No",NA,"Not Applicable","Unknown Injury",NA,"Black","Male",31,"30-39","No",NA,NA,"O: No Injury","Black","Male","Passenger Car","No","03NOV2008","Monday","Crossing Paths - Other Circumstances",17,"Intersection-Related","November","O: No Injury",61620,"Crossing Paths - Uncontrolled Intersection",2008,"Yes","No","Dark - Roadway Not Lighted","Straight - Grade","Local Street","Dry","Two-Way, Divided, Unprotected Median","None","No Special Feature","Smooth Asphalt",0,0,0,0,0,0,0,"7 lanes",2,0,NA,0,NA
6478,6367,"Winston-Salem","Forsyth","Piedmont","Commercial","Urban (>70% Developed)",NA,"Urban","30 - 35  MPH","No Control Present","Clear","No",20,"20-24","No",NA,"With Traffic","C: Possible Injury","Travel Lane","Hispanic","Male",39,"30-39","No",NA,"26-30 mph","O: No Injury","White","Male","Single Unit Truck (3 Or More Axles)","No","19NOV2008","Wednesday","Motorist Overtaking Bicyclist",8,"Non-Intersection","November","C: Possible Injury",30000,"Motorist Overtaking - Other / Unknown",2008,"Yes","No","Daylight","Straight - Level","Local Street","Dry","Two-Way, Not Divided","None","No Special Feature","Smooth Asphalt",0,0,0,0,0,0,0,"2 lanes",3,0,NA,0,NA
6479,6369,"Kinston","Lenoir","Coastal","Residential","Urban (>70% Developed)",NA,"Urban","30 - 35  MPH","Stop Sign","Clear","No",15,"11-15","No",NA,"With Traffic","B: Evident Injury","Travel Lane","Black","Male",67,"60-69","No",NA,"16-20 mph","C: Possible Injury","White","Female","Sport Utility","No","15DEC2008","Monday","Bicyclist Failed to Yield - Sign-Controlled Intersection",16,"Intersection","December","B: Evident Injury",58560,"Bicyclist Ride Through - Sign-Controlled Intersection",2008,"Yes","No","Daylight","Straight - Hillcrest","Local Street","Dry","Two-Way, Not Divided","None","Four-Way Intersection","Coarse Asphalt",0,0,0,0,0,0,0,"2 lanes",2,0,NA,0,NA
6480,6372,"Monroe","Union","Piedmont","Commercial","Urban (>70% Developed)",NA,"Urban","40 - 45  MPH","Missing","Cloudy","No",16,"16-19","No",NA,"Not Applicable","B: Evident Injury",NA,"White","Male",43,"40-49","No",NA,"36-40 mph","O: No Injury","White","Male","Passenger Car","No","24NOV2008","Monday","Bicyclist Failed to Yield - Midblock",17,"Non-Intersection","November","B: Evident Injury",63300,"Bicyclist Ride Out - Midblock - Unknown",2008,"No","No","Dark - Lighted Roadway","Straight - Level","Local Street","Wet","Two-Way, Not Divided","None","No Special Feature","Smooth Asphalt",0,0,0,0,0,0,0,"2 lanes",2,0,NA,0,NA
6481,6376,"None - Rural Crash","Bertie","Coastal","Farms, Woods, Pastures","Rural (<30% Developed)",NA,"Rural","50 - 55  MPH","Double Yellow Line, No Passing Zone","Cloudy","No",57,"50-59","No",NA,"Facing Traffic","C: Possible Injury","Travel Lane","White","Male",NA,"70+","No",NA,"51-55 mph","O: No Injury","White","Male","Passenger Car","No","20DEC2008","Saturday","Bicyclist Right Turn / Merge",10,"Non-Intersection","December","C: Possible Injury",36540,"Bicyclist Right Turn - Same Direction",2008,"Yes","No","Daylight","Straight - Level","State Secondary Route","Wet","Two-Way, Not Divided","None","No Special Feature","Coarse Asphalt",0,0,0,0,0,0,0,"2 lanes",2,0,NA,0,NA
6482,6380,"None - Rural Crash","Cabarrus","Piedmont","Residential","Urban (>70% Developed)",NA,"Rural","40 - 45  MPH","Double Yellow Line, No Passing Zone","Clear","No",44,"40-49","No",NA,"With Traffic","B: Evident Injury","Travel Lane","White","Female",28,"25-29","No",NA,"36-40 mph","O: No Injury","White","Male","Passenger Car","No","25DEC2008","Thursday","Motorist Overtaking Bicyclist",16,"Non-Intersection","December","B: Evident Injury",60840,"Motorist Overtaking - Other / Unknown",2008,"Yes","No","Dusk","Straight - Level","State Secondary Route","Dry","Two-Way, Not Divided","None","No Special Feature","Smooth Asphalt",0,0,0,0,0,0,0,"2 lanes",2,0,NA,0,NA
6483,6381,"None - Rural Crash","Cumberland","Coastal","Commercial","Mixed (30% To 70% Developed)",NA,"Rural","40 - 45  MPH","Double Yellow Line, No Passing Zone","Clear","No",14,"11-15","No",NA,"Not Applicable","B: Evident Injury","Other","Black","Male",52,"50-59","No",NA,"31-35 mph","O: No Injury","White","Female","Passenger Car","No","22DEC2008","Monday","Crossing Paths - Other Circumstances",17,"Intersection","December","B: Evident Injury",63600,"Crossing Paths - Uncontrolled Intersection",2008,"Yes","No","Dark - Roadway Not Lighted","Straight - Level","State Secondary Route","Dry","Two-Way, Not Divided","None","No Special Feature","Coarse Asphalt",0,0,0,0,0,0,0,"2 lanes",2,0,NA,0,NA
6484,6383,"Raleigh","Wake","Piedmont","Commercial","Urban (>70% Developed)",NA,"Urban","30 - 35  MPH","Stop And Go Signal","Clear","No",25,"25-29","No",NA,"With Traffic","B: Evident Injury","Travel Lane","White","Male",NA,"70+","No",NA,"16-20 mph","O: No Injury","White","Female","Passenger Car","No","04SEP2008","Thursday","Motorist Left Turn / Merge",18,"Intersection","September","B: Evident Injury",65340,"Motorist Left Turn - Opposite Direction",2008,"No","No","Daylight","Straight - Level","Local Street","Dry","Two-Way, Not Divided","None","Four-Way Intersection","Smooth Asphalt",0,0,0,0,0,0,0,"2 lanes",2,0,NA,0,NA
6485,6390,"Raleigh","Wake","Piedmont","Residential","Mixed (30% To 70% Developed)",NA,"Urban","40 - 45  MPH","Stop Sign","Clear","No",55,"50-59","No",NA,"With Traffic","B: Evident Injury","Travel Lane","Black","Male",37,"30-39","No",NA,"41-45 mph","O: No Injury","Black","Female","Passenger Car","No","21OCT2008","Tuesday","Bicyclist Failed to Yield - Sign-Controlled Intersection",23,"Intersection","October","B: Evident Injury",83220,"Bicyclist Ride Through - Sign-Controlled Intersection",2008,"Yes","No","Dark - Lighted Roadway","Straight - Level","Local Street","Dry","Two-Way, Not Divided","None","T-Intersection","Coarse Asphalt",0,0,0,0,0,0,0,"3 lanes",2,0,NA,0,NA
6486,6393,"Greensboro","Guilford","Piedmont","Residential","Mixed (30% To 70% Developed)",NA,"Urban","20 - 25  MPH","Missing","Clear","No",9,"6-10","No",NA,"Not Applicable","B: Evident Injury","Driveway / Alley","White","Female",54,"50-59","No",NA,"16-20 mph","O: No Injury","White","Female","Passenger Car","No","09NOV2008","Sunday","Bicyclist Failed to Yield - Midblock",17,"Non-Intersection","November","B: Evident Injury",63360,"Bicyclist Ride Out - Residential Driveway",2008,"Yes","No","Dark - Roadway Not Lighted","Straight - Grade","Local Street","Dry","Two-Way, Not Divided","None","No Special Feature","Smooth Asphalt",0,0,0,0,0,0,0,"2 lanes",3,0,NA,0,NA
6487,6396,"None - Rural Crash","Caldwell","Mountains","Residential","Mixed (30% To 70% Developed)",NA,"Rural",NA,"No Control Present","Clear","No",14,"11-15","No",NA,"Not Applicable","C: Possible Injury","Non-Roadway","White","Female",NA,NA,"Missing",NA,"0-5 mph","Unknown Injury","Unknown/Missing",NA,"Passenger Car","No","30DEC2008","Tuesday","Non-Roadway",14,"Non-Roadway","December","C: Possible Injury",53400,"Non-Roadway",2008,"No","No","Daylight","Straight - Grade","Private Road, Driveway","Dry","Two-Way, Not Divided","None","Driveway, Private","Gravel",0,0,0,0,0,0,0,NA,2,0,NA,0,NA
6488,6400,"Pinetops","Edgecombe","Coastal","Residential","Urban (>70% Developed)",NA,"Rural","5 - 15 MPH","No Control Present","Cloudy","No",52,"50-59","No",NA,"Facing Traffic","C: Possible Injury","Travel Lane","Black","Male",35,"30-39","No",NA,"0-5 mph","O: No Injury","Black","Female","Passenger Car","No","17SEP2008","Wednesday","Motorist Failed to Yield - Sign-Controlled Intersection",15,"Intersection","September","C: Possible Injury",56580,"Motorist Drive Out - Sign-Controlled Intersection",2008,"Yes","No","Daylight","Straight - Level","Local Street","Dry","Two-Way, Not Divided","None","No Special Feature","Smooth Asphalt",0,0,0,0,0,0,0,"2 lanes",2,0,NA,0,NA
6489,6408,"Apex","Wake","Piedmont","Commercial","Urban (>70% Developed)",NA,"Urban","40 - 45  MPH","Stop And Go Signal","Clear","No",12,"11-15","No",NA,"Facing Traffic","C: Possible Injury","Sidewalk / Crosswalk / Driveway Crossing","White","Male",34,"30-39","No",NA,"41-45 mph","O: No Injury","White","Female","Van","No","13DEC2008","Saturday","Crossing Paths - Other Circumstances",17,"Intersection","December","C: Possible Injury",63180,"Signalized Intersection - Other / Unknown",2008,"Yes","No","Dark - Lighted Roadway","Straight - Level","Local Street","Dry","Two-Way, Not Divided","None","Four-Way Intersection","Smooth Asphalt",0,0,0,0,0,0,0,"5 lanes",2,0,NA,0,NA
6490,6410,"None - Rural Crash","Johnston","Coastal","Farms, Woods, Pastures","Rural (<30% Developed)",NA,"Rural","50 - 55  MPH","Double Yellow Line, No Passing Zone","Fog, Smog, Smoke","No",41,"40-49","No",NA,"With Traffic","C: Possible Injury","Travel Lane","Black","Male",54,"50-59","No",NA,"51-55 mph","O: No Injury","White","Male","Police","No","15DEC2008","Monday","Motorist Overtaking Bicyclist",17,"Non-Intersection","December","C: Possible Injury",64200,"Motorist Overtaking - Misjudged Space",2008,"No","No","Dark - Roadway Not Lighted","Straight - Level","NC Route","Wet","Two-Way, Not Divided","None","No Special Feature","Smooth Asphalt",0,0,0,0,0,0,0,"2 lanes",2,0,NA,0,NA
6491,6420,"Greensboro","Guilford","Piedmont","Residential","Urban (>70% Developed)",NA,"Urban","20 - 25  MPH","Stop And Go Signal","Rain","No",26,"25-29","No",NA,"With Traffic","B: Evident Injury","Travel Lane","Black","Male",24,"20-24","No",NA,"11-15 mph","O: No Injury","Asian","Male","Passenger Car","No","24NOV2008","Monday","Motorist Left Turn / Merge",12,"Intersection","November","B: Evident Injury",46680,"Motorist Left Turn - Opposite Direction",2008,"Yes","No","Daylight","Straight - Level","Local Street","Wet","Two-Way, Not Divided","None","Related To Intersection","Smooth Asphalt",0,0,0,0,0,0,0,"2 lanes",2,0,NA,0,NA
6492,6425,"Dunn","Harnett","Coastal","Residential","Urban (>70% Developed)",NA,"Urban","30 - 35  MPH","Stop Sign","Clear","No",53,"50-59","No",NA,"With Traffic","C: Possible Injury","Travel Lane","Black","Male",NA,NA,"Missing",NA,NA,"Unknown Injury","Unknown/Missing",NA,"Passenger Car","No","03DEC2008","Wednesday","Bicyclist Failed to Yield - Sign-Controlled Intersection",19,"Intersection","December","C: Possible Injury",69600,"Bicyclist Ride Through - Sign-Controlled Intersection",2008,"No","Yes","Dark - Roadway Not Lighted","Straight - Level","Local Street","Dry","Two-Way, Not Divided","None","Four-Way Intersection","Coarse Asphalt",0,0,0,0,0,0,0,"2 lanes",2,0,NA,0,NA
6493,6429,"Wilmington","New Hanover","Coastal","Residential","Urban (>70% Developed)",NA,"Urban","20 - 25  MPH","Stop Sign","Clear","No",15,"11-15","No",NA,"With Traffic","B: Evident Injury","Sidewalk / Crosswalk / Driveway Crossing","Black","Female",60,"60-69","No",NA,"0-5 mph","O: No Injury","Black","Male","Passenger Car","No","24DEC2008","Wednesday","Motorist Left Turn / Merge",20,"Intersection","December","B: Evident Injury",72420,"Motorist Left Turn - Opposite Direction",2008,"Yes","No","Dark - Lighted Roadway","Straight - Level","Local Street","Dry","Two-Way, Not Divided","None","Four-Way Intersection","Smooth Asphalt",0,0,0,0,0,0,0,"2 lanes",2,0,NA,0,NA
6494,6433,"Raleigh","Wake","Piedmont","Commercial","Urban (>70% Developed)",NA,"Urban","30 - 35  MPH","Missing","Clear","No",43,"40-49","No",NA,"With Traffic","B: Evident Injury","Travel Lane","White","Male",24,"20-24","No",NA,"31-35 mph","O: No Injury","White","Male","Passenger Car","No","16OCT2008","Thursday","Motorist Overtaking Bicyclist",8,"Non-Intersection","October","B: Evident Injury",30480,"Motorist Overtaking - Undetected Bicyclist",2008,"No","No","Daylight","Straight - Level","Local Street","Dry","Two-Way, Not Divided","None","No Special Feature","Smooth Asphalt",0,0,0,0,0,0,0,"4 lanes",2,0,NA,0,NA
6495,6437,"None - Rural Crash","Pasquotank","Coastal","Farms, Woods, Pastures","Rural (<30% Developed)",NA,"Rural","40 - 45  MPH","Double Yellow Line, No Passing Zone","Clear","No",20,"20-24","Yes",NA,"Facing Traffic","B: Evident Injury","Travel Lane","Black","Male",67,"60-69","No",NA,"41-45 mph","O: No Injury","Black","Female","Passenger Car","Yes","30DEC2008","Tuesday","Head-On",17,"Non-Intersection","December","B: Evident Injury",64500,"Head-On - Bicyclist",2008,"Yes","No","Dark - Roadway Not Lighted","Straight - Level","State Secondary Route","Dry","Two-Way, Not Divided","None","No Special Feature","Coarse Asphalt",0,0,0,0,0,0,0,"2 lanes",2,0,NA,0,NA
6496,6439,"Raleigh","Wake","Piedmont","Residential","Urban (>70% Developed)",NA,"Urban","5 - 15 MPH","No Control Present","Rain","No",12,"11-15","No",NA,"Facing Traffic","C: Possible Injury","Travel Lane","Black","Male",NA,NA,"No",NA,"0-5 mph","Unknown Injury","Unknown/Missing",NA,NA,"No","26DEC2008","Friday","Head-On",16,"Non-Intersection","December","C: Possible Injury",60360,"Head-On - Bicyclist",2008,"Yes","Yes","Daylight","Straight - Level","Local Street","Dry","Two-Way, Not Divided","None","No Special Feature","Concrete",0,0,0,0,0,0,0,"2 lanes",2,0,NA,0,NA
6497,6441,"Raleigh","Wake","Piedmont","Residential","Urban (>70% Developed)",NA,"Urban","20 - 25  MPH","Missing","Clear","No",8,"6-10","No",NA,"With Traffic","C: Possible Injury","Travel Lane","White","Male",NA,NA,"Missing",NA,"6-10 mph","Unknown Injury","Unknown/Missing",NA,NA,"No","21OCT2008","Tuesday","Motorist Overtaking Bicyclist",17,"Non-Intersection","October","C: Possible Injury",63300,"Motorist Overtaking - Other / Unknown",2008,"No","Yes","Daylight","Straight - Grade","Local Street","Dry","Two-Way, Not Divided","None","No Special Feature","Smooth Asphalt",0,0,0,0,0,0,0,"2 lanes",2,0,NA,0,NA
6498,6451,"Charlotte","Mecklenburg","Piedmont","Commercial","Urban (>70% Developed)",NA,"Urban","40 - 45  MPH","Stop And Go Signal","Clear","No",32,"30-39","Yes",NA,"Facing Traffic","B: Evident Injury","Travel Lane","Hispanic","Male",50,"50-59","No",NA,"41-45 mph","O: No Injury","Black","Male","Passenger Car","Yes","22DEC2008","Monday","Crossing Paths - Other Circumstances",5,"Intersection","December","B: Evident Injury",21300,"Signalized Intersection - Other / Unknown",2008,"Yes","No","Dusk","Straight - Level","Local Street","Dry","Two-Way, Divided, Positive Median Barrier","None","No Special Feature","Smooth Asphalt",0,0,0,0,0,0,0,"6 lanes",2,0,NA,0,NA
6499,6452,"Charlotte","Mecklenburg","Piedmont","Residential","Mixed (30% To 70% Developed)",NA,"Urban","30 - 35  MPH","Missing","Clear","No",7,"6-10","No",NA,"With Traffic","C: Possible Injury","Travel Lane","Black","Male",44,"40-49","No",NA,"41-45 mph","Unknown Injury","Other","Male","Pickup","No","13FEB2008","Wednesday","Crossing Paths - Other Circumstances",17,"Intersection","February","C: Possible Injury",63180,"Sign-Controlled Intersection - Other / Unknown",2008,"Yes","No","Daylight",NA,"Local Street","Dry",NA,"None","No Special Feature",NA,0,0,0,0,0,0,0,NA,2,0,NA,0,NA
6500,6455,"Wilmington","New Hanover","Coastal","Institutional","Urban (>70% Developed)",NA,"Urban","5 - 15 MPH","Missing","Clear","No",18,"16-19","No",NA,"Not Applicable","C: Possible Injury","Non-Roadway","Black","Female",24,"20-24","No",NA,"0-5 mph","O: No Injury","Unknown/Missing","Male","Passenger Car","No","17NOV2008","Monday","Non-Roadway",9,"Non-Roadway","November","C: Possible Injury",35940,"Non-Roadway",2008,"No","Yes","Daylight","Straight - Level","Public Vehicular Area","Dry","Two-Way, Not Divided","None","No Special Feature","Smooth Asphalt",0,0,0,0,0,0,0,NA,2,0,NA,0,NA
6501,2859,"Greenville","Pitt","Coastal","Commercial","Urban (>70% Developed)",NA,"Urban","40 - 45  MPH","Stop And Go Signal","Rain","No",36,"30-39","No",NA,"Facing Traffic","B: Evident Injury","Travel Lane","Black","Male",NA,"70+","No",NA,"41-45 mph","O: No Injury","Black","Male","Sport Utility","No","06MAR2011","Sunday","Bicyclist Failed to Yield - Signalized Intersection",11,"Intersection","March","B: Evident Injury",42480,"Bicyclist Ride Out - Signalized  Intersection",2011,"Yes","No","Daylight","Straight - Grade","Local Street","Wet","Two-Way, Divided, Unprotected Median","None","Four-Way Intersection","Coarse Asphalt",0,0,0,0,0,0,0,"6 lanes",2,0,NA,0,NA
6502,2846,"Charlotte","Mecklenburg","Piedmont","Commercial","Urban (>70% Developed)",NA,"Urban","20 - 25  MPH","No Control Present","Rain","No",27,"25-29","No",NA,"Not Applicable","B: Evident Injury","Non-Roadway","White","Male",66,"60-69","No",NA,"6-10 mph","O: No Injury","Black","Male","Passenger Car","No","05MAR2011","Saturday","Non-Roadway",15,"Non-Roadway","March","B: Evident Injury",56160,"Non-Roadway",2011,"Yes","No","Daylight","Straight - Level","Public Vehicular Area","Wet","Two-Way, Not Divided","None","No Special Feature","Smooth Asphalt",0,0,0,0,0,0,0,"2 lanes",2,0,NA,0,NA
6503,781,"Wilmington","New Hanover","Coastal","Commercial","Urban (>70% Developed)","MARKET ST","Urban","30 - 35  MPH","Stop And Go Signal","Clear","No",25,"25-29",NA,"No","Facing Traffic","C: Possible Injury","Sidewalk / Crosswalk / Driveway Crossing","Black","Male",47,"40-49",NA,"No","0-5 mph","O: No Injury","White","Female","Sport Utility","No","18NOV2014","Tuesday","Motorist Failed to Yield - Signalized Intersection",14,"Intersection","November","C: Possible Injury",51780,"Motorist Drive Out - Signalized Intersection",2014,"Yes","No","Daylight","Straight - Level","Local Street","Dry","Two-Way, Not Divided","None","No Special Feature","Smooth Asphalt",0,0,1,0,0,1,0,"5 lanes",2,0,"LULLWATER DR",29000017,"NEW BERN ST"
6504,794,"Wilmington","New Hanover","Coastal","Commercial","Urban (>70% Developed)","RANDALL PKY","Urban","20 - 25  MPH","Stop Sign","Clear","No",24,"20-24",NA,"No","With Traffic","C: Possible Injury","Bike Lane / Paved Shoulder","White","Female",NA,"70+",NA,"No","0-5 mph","O: No Injury","White","Male","Passenger Car","No","24NOV2014","Monday","Motorist Failed to Yield - Sign-Controlled Intersection",15,"Intersection","November","C: Possible Injury",56940,"Motorist Drive Out - Sign-Controlled Intersection",2014,"No","No","Daylight","Straight - Level","Local Street","Dry","Two-Way, Divided, Positive Median Barrier","None","No Special Feature","Smooth Asphalt",0,0,1,0,0,1,0,"4 lanes",2,0,"BRAILSFORD DR",50025321,"COVIL AVE"
6505,768,"Statesville","Iredell","Piedmont","Commercial","Urban (>70% Developed)","W BROAD ST","Urban","20 - 25  MPH","No Control Present","Clear","No",27,"25-29",NA,"No","With Traffic","B: Evident Injury","Travel Lane","Black","Male",NA,NA,NA,"Missing","0-5 mph","Unknown Injury","Unknown/Missing",NA,"Sport Utility","No","03DEC2014","Wednesday","Loss of Control / Turning Error",22,"Non-Intersection","December","B: Evident Injury",80700,"Bicyclist Lost Control - Other / Unknown",2014,"Yes","No","Dark - Lighted Roadway","Straight - Grade","Local Street","Dry","Two-Way, Not Divided","None","No Special Feature","Coarse Asphalt",0,1,0,0,0,1,0,"2 lanes",2,0.058,"S MEETING ST",50003816,"S CENTER ST"