"...1","object_id","city","county","region","development","locality","on_road","rural_urban","speed_limit","traffic_control","weather","workzone","bike_age","bike_age_group","bike_alcohol","bike_alcohol_drugs","bike_direction","bike_injury","bike_position","bike_race","bike_sex","driver_age","driver_age_group","driver_alcohol","driver_alcohol_drugs","driver_est_speed","driver_injury","driver_race","driver_sex","driver_vehicle_type","crash_alcohol","crash_date","crash_day","crash_group","crash_hour","crash_location","crash_month","crash_severity","crash_time","crash_type","crash_year","ambulance_req","hit_run","light_condition","road_character","road_class","road_condition","road_configuration","road_defects","road_feature","road_surface","num_bikes_ai","num_bikes_bi","num_bikes_ci","num_bikes_ki","num_bikes_no","num_bikes_to","num_bikes_ui","num_lanes","num_units","distance_mi_from","frm_road","rte_invd_cd","towrd_road"
6506,782,"Raleigh","Wake","Piedmont","Commercial","Urban (>70% Developed)","SIX FORKS RD","Urban","40 - 45  MPH","No Control Present","Cloudy","No",25,"25-29",NA,"No","Not Applicable","A: Disabling Injury","Travel Lane","White","Male",67,"60-69",NA,"No","41-45 mph","O: No Injury","White","Female","Passenger Car","No","06DEC2014","Saturday","Bicyclist Failed to Yield - Midblock",20,"Non-Intersection","December","A: Disabling Injury",73740,"Bicyclist Ride Out - Commercial Driveway / Alley",2014,"Yes","No","Dark - Lighted Roadway","Straight - Level","Local Street","Wet","Two-Way, Not Divided","None","No Special Feature","Smooth Asphalt",1,0,0,0,0,1,0,"5 lanes",2,0.041,"YORKCHESTER WAY",40001005,"CROWN OAKS DRIVE"
6507,787,"Raleigh","Wake","Piedmont","Commercial","Urban (>70% Developed)","LEESVILLE RD","Urban","20 - 25  MPH","Stop Sign","Clear","No",37,"30-39",NA,"No","With Traffic","B: Evident Injury","Travel Lane","White","Male",44,"40-49",NA,"No","0-5 mph","O: No Injury","White","Female","Sport Utility","No","17DEC2014","Wednesday","Motorist Failed to Yield - Sign-Controlled Intersection",8,"Intersection","December","B: Evident Injury",30900,"Motorist Drive Out - Sign-Controlled Intersection",2014,"Yes","No","Daylight","Straight - Level","Local Street","Dry","Two-Way, Divided, Unprotected Median","None","T-Intersection","Smooth Asphalt",0,1,0,0,0,1,0,"3 lanes",2,0,"LAKE FRONT DR",40001822,"LYNN POINT LN"
6508,763,"None - Rural Crash","Cumberland","Coastal","Residential","Urban (>70% Developed)","SR 1115","Rural","50 - 55  MPH","Double Yellow Line, No Passing Zone","Clear","No",54,"50-59",NA,"No","With Traffic","B: Evident Injury","Travel Lane","Other","Male",NA,"70+",NA,"No","31-35 mph","O: No Injury","White","Male","Pickup","No","01DEC2014","Monday","Motorist Overtaking Bicyclist",5,"Non-Intersection","December","B: Evident Injury",21000,"Motorist Overtaking - Other / Unknown",2014,"Yes","No","Dark - Roadway Not Lighted","Straight - Level","State Secondary Route","Dry","Two-Way, Not Divided","None","No Special Feature","Coarse Asphalt",0,1,0,0,0,1,0,"2 lanes",2,0.1,"3728",40001115,"3659"
6509,778,"Jacksonville","Onslow","Coastal","Commercial","Mixed (30% To 70% Developed)","PVA N MARINE BLVD","Urban","40 - 45  MPH","No Control Present","Clear","No",19,"16-19",NA,"No","Facing Traffic","C: Possible Injury","Multi-use Path","White","Male",23,"20-24",NA,"No","6-10 mph","O: No Injury","Black","Female","Sport Utility","No","05DEC2014","Friday","Motorist Left Turn / Merge",11,"Non-Intersection","December","C: Possible Injury",40440,"Motorist Left Turn - Same Direction",2014,"No","No","Daylight","Straight - Level",NA,"Dry","Two-Way, Not Divided","None","No Special Feature","Smooth Asphalt",0,0,1,0,0,1,0,"2 lanes",2,0.01,"RICHLANDS AVE",50018915,"ROOSEVELT RD"
6510,799,"None - Rural Crash","Guilford","Piedmont","Farms, Woods, Pastures","Rural (<30% Developed)","SR 2630","Rural","40 - 45  MPH","No Control Present","Clear","No",63,"60-69",NA,"No","With Traffic","B: Evident Injury","Travel Lane","White","Male",NA,"70+",NA,"No","36-40 mph","O: No Injury","Black","Male","Pickup","No","17DEC2014","Wednesday","Motorist Overtaking Bicyclist",16,"Non-Intersection","December","B: Evident Injury",60720,"Motorist Overtaking - Undetected Bicyclist",2014,"Yes","No","Daylight","Straight - Grade","State Secondary Route","Dry","Two-Way, Not Divided","None","No Special Feature","Smooth Asphalt",0,1,0,0,0,1,0,"2 lanes",2,0.051,"2523",40002630,"2699"
6511,788,"Wilmington","New Hanover","Coastal","Commercial","Urban (>70% Developed)","S 15TH ST","Urban","20 - 25  MPH","Stop Sign","Clear","No",34,"30-39",NA,"No","With Traffic","C: Possible Injury","Travel Lane","Black","Male",17,"0-19",NA,"No","11-15 mph","O: No Injury","White","Male","Passenger Car","No","04DEC2014","Thursday","Motorist Right Turn / Merge",15,"Intersection","December","C: Possible Injury",56940,"Motorist Right Turn - Same Direction",2014,"No","No","Daylight","Straight - Level","Local Street","Dry","Two-Way, Not Divided","None","Four-Way Intersection","Coarse Asphalt",0,0,1,0,0,1,0,"2 lanes",2,0,"MARKET ST",50010478,"PRINCESS ST"
6512,760,"Morven","Anson","Piedmont","Commercial","Urban (>70% Developed)","PVA MORVEN POST OFFICE","Rural",NA,"No Control Present","Clear","No",10,"6-10",NA,"No","Not Applicable","B: Evident Injury","Non-Roadway","Black","Male",NA,"70+",NA,"No","0-5 mph","O: No Injury","White","Male","Pickup","No","22NOV2014","Saturday","Non-Roadway",14,"Non-Roadway","November","B: Evident Injury",53400,"Non-Roadway",2014,"Yes","No","Daylight","Straight - Grade","Public Vehicular Area","Dry","Two-Way, Not Divided","None","Driveway, Public","Concrete",0,1,0,0,0,1,0,"2 lanes",2,0.03,"145",0,"MORVEN POST OFFICE"
6513,920,"Charlotte","Mecklenburg","Piedmont","Commercial","Urban (>70% Developed)","FAIRVIEW ROAD","Urban","30 - 35  MPH","Stop Sign","Cloudy","No",16,"16-19","Missing",NA,"Facing Traffic","C: Possible Injury","Sidewalk / Crosswalk / Driveway Crossing","White","Male",32,"30-39","No",NA,NA,"O: No Injury","Black","Female","Passenger Car","No","25FEB2013","Monday","Motorist Failed to Yield - Midblock",14,"Non-Intersection","February","C: Possible Injury",52320,"Motorist Drive Out - Commercial Driveway / Alley",2013,"Yes","No","Daylight","Straight - Level","Local Street","Dry","Two-Way, Divided, Unprotected Median","None","No Special Feature","Smooth Asphalt",0,0,0,0,0,0,0,"3 lanes",2,0,NA,0,NA
6514,942,"Franklinton","Franklin","Piedmont","Commercial","Urban (>70% Developed)","US 1","Rural","50 - 55  MPH","Stop And Go Signal","Clear","No",55,"50-59","No",NA,"Not Applicable","B: Evident Injury","Non-Roadway","Black","Male",19,"0-19","No",NA,"56-60 mph","O: No Injury","Black","Female","Passenger Car","No","09MAR2013","Saturday","Crossing Paths - Other Circumstances",20,"Intersection-Related","March","B: Evident Injury",72060,"Signalized Intersection - Other / Unknown",2013,"Yes","No","Dark - Roadway Not Lighted","Straight - Level","US Route","Dry","Two-Way, Divided, Positive Median Barrier","None","Four-Way Intersection","Smooth Asphalt",0,0,0,0,0,0,0,"5 lanes",2,0,NA,0,NA
6515,934,"Durham","Durham","Piedmont","Commercial","Urban (>70% Developed)","S GREGSON ST","Urban","20 - 25  MPH","Stop And Go Signal","Cloudy","No",24,"20-24","No",NA,"Facing Traffic","C: Possible Injury","Sidewalk / Crosswalk / Driveway Crossing","Black","Male",48,"40-49","No",NA,"0-5 mph","O: No Injury","White","Female","Sport Utility","No","06MAR2013","Wednesday","Loss of Control / Turning Error",14,"Intersection","March","C: Possible Injury",51000,"Bicyclist Lost Control - Mechanical Problems",2013,"Yes","No","Daylight","Straight - Hillcrest","Local Street","Dry","One-Way, Not Divided","None","Four-Way Intersection","Smooth Asphalt",0,0,0,0,0,0,0,"3 lanes",2,0,NA,0,NA
6516,938,"None - Rural Crash","Transylvania","Mountains","Farms, Woods, Pastures","Rural (<30% Developed)","US 64","Rural","40 - 45  MPH","No Control Present","Clear","No",22,"20-24","No",NA,"With Traffic","C: Possible Injury","Travel Lane","White","Male",18,"0-19","No",NA,"41-45 mph","O: No Injury","White","Male","Passenger Car","No","09MAR2013","Saturday","Motorist Overtaking Bicyclist",19,"Non-Intersection","March","C: Possible Injury",70380,"Motorist Overtaking - Undetected Bicyclist",2013,"Yes","No","Dark - Roadway Not Lighted","Straight - Level","US Route","Dry","Two-Way, Not Divided","None","No Special Feature","Smooth Asphalt",0,0,0,0,0,0,0,"5 lanes",2,0,NA,0,NA
6517,918,"None - Rural Crash","Orange","Piedmont","Farms, Woods, Pastures","Rural (<30% Developed)","SR 1718","Rural","40 - 45  MPH","Double Yellow Line, No Passing Zone","Clear","No",58,"50-59","No",NA,"With Traffic","B: Evident Injury","Travel Lane","White","Male",NA,"70+","No",NA,"41-45 mph","O: No Injury","White","Female","Van","No","24FEB2013","Sunday","Motorist Overtaking Bicyclist",13,"Non-Intersection","February","B: Evident Injury",46800,"Motorist Overtaking - Other / Unknown",2013,"No","No","Daylight","Straight - Level","State Secondary Route","Dry","Two-Way, Not Divided","None","No Special Feature","Smooth Asphalt",0,0,0,0,0,0,0,"2 lanes",2,0,NA,0,NA
6518,935,"Long View","Catawba","Piedmont","Commercial","Urban (>70% Developed)","1ST AVE SW","Rural","30 - 35  MPH","Stop Sign","Cloudy","No",36,"30-39","No",NA,"With Traffic","B: Evident Injury","Travel Lane","Hispanic","Male",52,"50-59","No",NA,"6-10 mph","O: No Injury","White","Male","Passenger Car","No","25FEB2013","Monday","Motorist Failed to Yield - Sign-Controlled Intersection",13,"Intersection","February","B: Evident Injury",50040,"Motorist Drive Out - Sign-Controlled Intersection",2013,"Yes","No","Daylight","Straight - Grade","State Secondary Route","Dry","Two-Way, Not Divided","None","T-Intersection","Coarse Asphalt",0,0,0,0,0,0,0,"2 lanes",2,0,NA,0,NA
6519,929,"Washington","Beaufort","Coastal","Commercial","Urban (>70% Developed)","CAROLINA AVE","Urban","40 - 45  MPH","No Control Present","Clear","No",59,"50-59","Yes",NA,"Facing Traffic","C: Possible Injury","Travel Lane","Black","Male",21,"20-24","No",NA,"21-25 mph","O: No Injury","Black","Female","Light Truck (Mini-Van, Panel)","Yes","12FEB2013","Tuesday","Bicyclist Right Turn / Merge",17,"Non-Intersection","February","C: Possible Injury",62100,"Bicyclist Right Turn - Same Direction",2013,"Yes","No","Daylight","Straight - Level","Local Street","Dry","Two-Way, Not Divided","None","No Special Feature","Coarse Asphalt",0,0,0,0,0,0,0,"5 lanes",2,0,NA,0,NA
6520,932,"None - Rural Crash","Dare","Coastal","Residential","Urban (>70% Developed)","PVA COLINGTON DR","Rural","20 - 25  MPH","Stop Sign","Clear","No",62,"60-69","No",NA,"With Traffic","C: Possible Injury","Travel Lane","White","Male",NA,"70+","No",NA,"16-20 mph","O: No Injury","White","Male","Passenger Car","No","04MAR2013","Monday","Crossing Paths - Other Circumstances",13,"Intersection","March","C: Possible Injury",47100,"Sign-Controlled Intersection - Other / Unknown",2013,"No","No","Daylight","Straight - Level","Public Vehicular Area","Dry","Two-Way, Not Divided","None","T-Intersection","Smooth Asphalt",0,0,0,0,0,0,0,"2 lanes",2,0,NA,0,NA
6521,939,"None - Rural Crash","New Hanover","Coastal","Commercial","Urban (>70% Developed)","US 17","Rural","40 - 45  MPH","Stop Sign","Clear","No",17,"16-19","No",NA,"Facing Traffic","C: Possible Injury","Travel Lane","White","Male",25,"25-29","No",NA,"0-5 mph","O: No Injury","White","Male","Sport Utility","No","09MAR2013","Saturday","Motorist Failed to Yield - Midblock",15,"Non-Intersection","March","C: Possible Injury",57180,"Motorist Drive Out - Commercial Driveway / Alley",2013,"Yes","No","Daylight","Straight - Level","US Route","Dry","Two-Way, Not Divided","None","Driveway, Public","Smooth Asphalt",0,0,0,0,0,0,0,"5 lanes",2,0,NA,0,NA
6522,845,"Hertford","Perquimans","Coastal","Commercial","Mixed (30% To 70% Developed)","US 17","Rural","50 - 55  MPH","Stop And Go Signal","Clear","No",27,"25-29",NA,"No",NA,"C: Possible Injury","Travel Lane","Black","Male",NA,NA,NA,"Missing",NA,"Unknown Injury","Unknown/Missing",NA,"Van","No","01MAR2014","Saturday","Motorist Failed to Yield - Signalized Intersection",17,"Intersection","March","C: Possible Injury",63000,"Motorist Drive Through - Signalized Intersection",2014,"No","Yes","Daylight","Straight - Level","US Route","Dry","Two-Way, Not Divided","None","No Special Feature","Concrete",0,0,1,0,0,1,0,"2 lanes",2,0.006,"CHURCH ST",20000017,"HARVEY POINT RD"
6523,866,"Charlotte","Mecklenburg","Piedmont","Commercial","Urban (>70% Developed)","E 4TH ST","Urban","30 - 35  MPH","Stop And Go Signal","Clear","No",44,"40-49","Missing",NA,"With Traffic","C: Possible Injury","Sidewalk / Crosswalk / Driveway Crossing","White","Male",41,"40-49","No",NA,"0-5 mph","O: No Injury","Black","Male","Passenger Car","No","09JAN2013","Wednesday","Motorist Left Turn / Merge",19,"Intersection","January","C: Possible Injury",69420,"Motorist Left Turn - Opposite Direction",2013,"No","No","Dark - Lighted Roadway","Straight - Grade","Local Street","Dry","One-Way, Not Divided","None","No Special Feature","Smooth Asphalt",0,0,0,0,0,0,0,"4 lanes",2,0,NA,0,NA
6524,857,"Raleigh","Wake","Piedmont","Commercial","Mixed (30% To 70% Developed)","W SOUTH ST","Urban","20 - 25  MPH","No Control Present","Clear","No",48,"40-49","Yes",NA,"With Traffic","B: Evident Injury","Sidewalk / Crosswalk / Driveway Crossing","Black","Male",46,"40-49","No",NA,"16-20 mph","O: No Injury","Black","Female","Passenger Car","Yes","09JAN2013","Wednesday","Motorist Left Turn / Merge",18,"Non-Intersection","January","B: Evident Injury",68160,"Motorist Left Turn - Opposite Direction",2013,"No","No","Dark - Lighted Roadway","Straight - Grade","Local Street","Dry","Two-Way, Not Divided","None","Driveway, Private","Smooth Asphalt",0,0,0,0,0,0,0,"2 lanes",2,0,NA,0,NA
6525,842,"Wilmington","New Hanover","Coastal","Institutional","Urban (>70% Developed)","WALTON DR","Urban","20 - 25  MPH","No Control Present","Clear","No",22,"20-24",NA,"No","Facing Traffic","A: Disabling Injury","Bike Lane / Paved Shoulder","White","Male",21,"20-24",NA,"No","6-10 mph","O: No Injury","White","Male","Pickup","No","16SEP2014","Tuesday","Motorist Left Turn / Merge",20,"Non-Intersection","September","A: Disabling Injury",73740,"Motorist Left Turn - Same Direction",2014,"Yes","No","Dark - Lighted Roadway","Straight - Level","Local Street","Dry","Two-Way, Not Divided","None","No Special Feature","Coarse Asphalt",1,0,0,0,0,1,0,"2 lanes",2,0.006,"PRICE DR",0,"CAHILL DR"
6526,823,"Burlington","Alamance","Piedmont","Residential","Urban (>70% Developed)","RAINEY ST","Urban","30 - 35  MPH","No Control Present","Clear","No",6,"6-10",NA,"No","Not Applicable","B: Evident Injury","Driveway / Alley","White","Male",52,"50-59",NA,"No","26-30 mph","O: No Injury","Hispanic","Female","Van","No","26DEC2014","Friday","Bicyclist Failed to Yield - Midblock",16,"Non-Intersection","December","B: Evident Injury",59700,"Bicyclist Ride Out - Residential Driveway",2014,"Yes","Yes","Daylight","Straight - Level","Local Street","Dry","Two-Way, Not Divided","None","No Special Feature","Smooth Asphalt",0,1,0,0,0,1,0,"2 lanes",2,0.029,"MARYLAND AV",0,"S ST JOHN ST"
6527,835,"Chapel Hill","Orange","Piedmont","Commercial","Urban (>70% Developed)","NC 86","Urban",NA,"No Control Present","Clear","No",57,"50-59",NA,"No","Facing Traffic","K: Killed","Travel Lane","White","Female",27,"25-29",NA,"No","0-5 mph","O: No Injury","White","Female","Sport Utility","No","03OCT2014","Friday","Motorist Failed to Yield - Midblock",9,"Non-Intersection","October","K: Killed",34740,"Motorist Drive Out - Commercial Driveway / Alley",2014,"Yes","No","Daylight","Straight - Grade","Private Road, Driveway","Dry","Two-Way, Not Divided","None","Driveway, Private","Smooth Asphalt",0,0,0,1,0,1,0,"5 lanes",2,0,"800 MLK JR BLVD",0,"HILLSBOROUGH ST"
6528,818,"Wilmington",NA,"Coastal","Commercial","Urban (>70% Developed)","NEW CENTRE DR","Urban","30 - 35  MPH","No Control Present","Clear","No",32,"30-39",NA,NA,"Not Applicable","B: Evident Injury","Travel Lane","White","Male",20,"20-24",NA,"No","31-35 mph","O: No Injury","White","Male","Passenger Car","No","12DEC2014","Friday","Bicyclist Failed to Yield - Midblock",14,"Non-Intersection","December","B: Evident Injury",53880,"Bicyclist Ride Out - Other Midblock",2014,"Yes","No","Daylight","Straight - Level","Local Street","Dry","Two-Way, Not Divided","None","No Special Feature","Smooth Asphalt",0,1,0,0,0,1,0,"3 lanes",2,0.102,"S COLLEGE RD",50021215,"RACINE DR"
6529,865,"Clayton","Johnston","Coastal","Residential","Urban (>70% Developed)","O NEIL ST","Urban","20 - 25  MPH","Stop Sign","Rain","No",13,"11-15","No",NA,"Not Applicable","C: Possible Injury","Non-Roadway","Black","Male",22,"20-24","No",NA,"21-25 mph","O: No Injury","White","Male","Passenger Car","No","01JAN2013","Tuesday","Motorist Left Turn / Merge",20,"Intersection-Related","January","C: Possible Injury",73140,"Motorist Left Turn - Opposite Direction",2013,"Yes","No","Dark - Lighted Roadway","Straight - Level","Local Street","Wet","Two-Way, Not Divided","None","Four-Way Intersection","Coarse Asphalt",0,0,0,0,0,0,0,"2 lanes",2,0,NA,0,NA
6530,862,"Durham","Durham","Piedmont","Commercial","Urban (>70% Developed)","PICKETT RD","Urban","30 - 35  MPH","No Control Present","Rain","No",49,"40-49","No",NA,"With Traffic","B: Evident Injury","Travel Lane","White","Male",35,"30-39","No",NA,"26-30 mph","O: No Injury","White","Male","Passenger Car","No","15JAN2013","Tuesday","Motorist Overtaking Bicyclist",5,"Non-Intersection","January","B: Evident Injury",20040,"Motorist Overtaking - Other / Unknown",2013,"Yes","Yes","Dawn","Straight - Level","Local Street","Dry","Two-Way, Not Divided","None","No Special Feature","Smooth Asphalt",0,0,0,0,0,0,0,"2 lanes",2,0,NA,0,NA
6531,859,"Kinston","Lenoir","Coastal","Residential","Urban (>70% Developed)","HIGHLAND AVE","Urban","30 - 35  MPH","No Control Present","Clear","No",15,"11-15","No",NA,"With Traffic","C: Possible Injury","Travel Lane","Black","Male",53,"50-59","No",NA,"31-35 mph","O: No Injury","Black","Female","Passenger Car","No","13JAN2013","Sunday","Head-On",22,"Non-Intersection","January","C: Possible Injury",80700,"Head-On - Bicyclist",2013,"Yes","No","Dark - Lighted Roadway","Straight - Level","Local Street","Dry","Two-Way, Not Divided","None","No Special Feature","Coarse Asphalt",0,0,0,0,0,0,0,"3 lanes",2,0,NA,0,NA
6532,897,"Tarboro","Edgecombe","Coastal","Commercial","Mixed (30% To 70% Developed)","ST ANDREW ST","Urban","20 - 25  MPH","No Control Present","Cloudy","No",54,"50-59","No",NA,"Facing Traffic","B: Evident Injury","Sidewalk / Crosswalk / Driveway Crossing","Black","Male",22,"20-24","No",NA,"11-15 mph","O: No Injury","White","Male","Passenger Car","No","31JAN2013","Thursday","Motorist Failed to Yield - Sign-Controlled Intersection",18,"Intersection-Related","January","B: Evident Injury",65280,"Motorist Drive Out - Sign-Controlled Intersection",2013,"Yes","No","Dark - Lighted Roadway","Straight - Level","Local Street","Dry","Two-Way, Divided, Unprotected Median","None","Traffic Circle/Roundabout","Coarse Asphalt",0,0,0,0,0,0,0,"1 lane",2,0,NA,0,NA
6533,887,"Rocky Mount","Edgecombe","Coastal","Commercial","Urban (>70% Developed)","E RALEIGH BLVD","Urban","30 - 35  MPH","Double Yellow Line, No Passing Zone","Clear","No",NA,NA,"Missing",NA,"With Traffic","Unknown Injury","Travel Lane","Unknown/Missing",NA,43,"40-49","No",NA,"26-30 mph","O: No Injury","Black","Male","Passenger Car","No","10JAN2013","Thursday","Motorist Failed to Yield - Sign-Controlled Intersection",17,"Intersection","January","C: Possible Injury",64020,"Motorist Drive Out - Sign-Controlled Intersection",2013,"No","No","Dark - Lighted Roadway","Straight - Level","Local Street","Dry","Two-Way, Divided, Unprotected Median","None","No Special Feature","Smooth Asphalt",0,0,0,0,0,0,0,"4 lanes",2,0,NA,0,NA
6534,882,"Wilmington","New Hanover","Coastal","Residential","Urban (>70% Developed)","S 13TH ST","Urban",NA,"Stop Sign","Clear","No",28,"25-29","No",NA,"With Traffic","C: Possible Injury","Travel Lane","White","Male",NA,NA,"Missing",NA,NA,"Unknown Injury","Unknown/Missing",NA,NA,"No","10JAN2013","Thursday","Motorist Failed to Yield - Sign-Controlled Intersection",14,"Intersection","January","C: Possible Injury",50820,"Motorist Drive Out - Sign-Controlled Intersection",2013,"Yes","Yes","Daylight","Straight - Level","Local Street","Dry","Two-Way, Divided, Unprotected Median","None","No Special Feature","Smooth Asphalt",0,0,0,0,0,0,0,"2 lanes",2,0,NA,0,NA
6535,886,"None - Rural Crash","Robeson","Coastal","Farms, Woods, Pastures","Rural (<30% Developed)","SR 2104","Rural","50 - 55  MPH","Double Yellow Line, No Passing Zone","Clear","No",56,"50-59","No",NA,"With Traffic","C: Possible Injury","Travel Lane","White","Male",34,"30-39","No",NA,"51-55 mph","O: No Injury","White","Male","Pickup","No","09FEB2013","Saturday","Motorist Overtaking Bicyclist",17,"Non-Intersection","February","C: Possible Injury",63240,"Motorist Overtaking - Other / Unknown",2013,"Yes","No","Daylight","Straight - Level","State Secondary Route","Dry","Two-Way, Not Divided","None","No Special Feature","Coarse Asphalt",0,0,0,0,0,0,0,"2 lanes",2,0,NA,0,NA
6536,907,"Durham","Durham","Piedmont","Commercial","Urban (>70% Developed)","AVONDALE DR","Urban","30 - 35  MPH","No Control Present","Clear","No",19,"16-19","No",NA,NA,"C: Possible Injury","Travel Lane","Black","Male",NA,NA,"No",NA,"31-35 mph","Unknown Injury","Unknown/Missing",NA,"Passenger Car","No","20FEB2013","Wednesday","Motorist Left Turn / Merge",18,"Intersection-Related","February","C: Possible Injury",67260,"Motorist Left Turn - Opposite Direction",2013,"Yes","Yes","Dark - Lighted Roadway","Straight - Grade","Local Street","Dry","Two-Way, Not Divided","None","No Special Feature","Smooth Asphalt",0,0,0,0,0,0,0,"4 lanes",2,0,NA,0,NA
6537,906,"Wilmington","New Hanover","Coastal","Institutional","Urban (>70% Developed)","REYNOLDS DR","Urban","20 - 25  MPH","No Control Present","Clear","No",20,"20-24","No",NA,"Facing Traffic","C: Possible Injury","Sidewalk / Crosswalk / Driveway Crossing","White","Female",28,"25-29","No",NA,"0-5 mph","O: No Injury","White","Male","Passenger Car","No","21FEB2013","Thursday","Motorist Left Turn / Merge",9,"Non-Intersection","February","C: Possible Injury",33780,"Motorist Left Turn - Same Direction",2013,"Yes","No","Daylight","Straight - Level","Local Street","Dry","Two-Way, Not Divided","None","Driveway, Public","Smooth Asphalt",0,0,0,0,0,0,0,"2 lanes",2,0,NA,0,NA
6538,876,"Concord","Cabarrus","Piedmont","Commercial","Urban (>70% Developed)","CONCORD PKWY","Urban","30 - 35  MPH","Stop Sign","Cloudy","No",31,"30-39","No",NA,"Facing Traffic","B: Evident Injury","Travel Lane","White","Male",34,"30-39","No",NA,"0-5 mph","O: No Injury","White","Male","Passenger Car","No","14JAN2013","Monday","Motorist Failed to Yield - Sign-Controlled Intersection",14,"Intersection","January","B: Evident Injury",51120,"Motorist Drive Out - Sign-Controlled Intersection",2013,"Yes","No","Daylight","Straight - Grade","US Route","Wet","Two-Way, Divided, Unprotected Median","None","T-Intersection","Smooth Asphalt",0,0,0,0,0,0,0,"4 lanes",2,0,NA,0,NA
6539,892,"Morehead City","Carteret","Coastal","Commercial","Urban (>70% Developed)","DOWNTOWN","Urban",NA,"No Control Present","Clear","No",49,"40-49","No",NA,"With Traffic","Unknown Injury","Sidewalk / Crosswalk / Driveway Crossing","Black","Male",36,"30-39","No",NA,"0-5 mph","O: No Injury","White","Male","Pickup","No","30JAN2013","Wednesday","Motorist Failed to Yield - Midblock",7,"Non-Intersection","January","O: No Injury",27840,"Motorist Drive Out - Commercial Driveway / Alley",2013,"Yes","No","Daylight","Straight - Level","Public Vehicular Area","Dry",NA,"None","Alley Intersection","Smooth Asphalt",0,0,0,0,0,0,0,NA,2,0,NA,0,NA
6540,914,"Wilmington","New Hanover","Coastal","Commercial","Urban (>70% Developed)","S KERR AVE","Urban","40 - 45  MPH","Stop And Go Signal","Cloudy","No",33,"30-39","No",NA,NA,"B: Evident Injury","Non-Roadway","White","Male",27,"25-29","No",NA,"16-20 mph","O: No Injury","White","Female","Passenger Car","No","12FEB2013","Tuesday","Bicyclist Failed to Yield - Midblock",15,"Non-Intersection","February","B: Evident Injury",55440,"Bicyclist Ride Out - Other Midblock",2013,"Yes","No","Daylight","Straight - Level","Local Street","Dry","Two-Way, Not Divided","None","No Special Feature","Smooth Asphalt",0,0,0,0,0,0,0,"2 lanes",2,0,NA,0,NA
6541,896,"Raleigh","Wake","Piedmont","Commercial","Urban (>70% Developed)","SIX FORKS RD","Urban","40 - 45  MPH","No Control Present","Clear","No",56,"50-59","No",NA,"With Traffic","C: Possible Injury","Travel Lane","White","Male",57,"50-59","No",NA,"26-30 mph","Unknown Injury","White","Male","Passenger Car","No","15FEB2013","Friday","Parallel Paths - Other Circumstances",13,"Intersection-Related","February","C: Possible Injury",49140,"Parallel Paths - Other / Unknown",2013,"Yes","No","Daylight","Straight - Level","Local Street","Dry","One-Way, Not Divided","None","No Special Feature","Coarse Asphalt",0,0,0,0,0,0,0,"5 lanes",2,0,NA,0,NA
6542,955,"Fayetteville","Cumberland","Coastal","Commercial","Mixed (30% To 70% Developed)","RAEFORD RD","Urban","40 - 45  MPH","Stop Sign","Clear","No",56,"50-59","No",NA,"Facing Traffic","C: Possible Injury","Sidewalk / Crosswalk / Driveway Crossing","Black","Male",NA,"70+","No",NA,"0-5 mph","Unknown Injury","White","Male","Passenger Car","No","01MAR2013","Friday","Motorist Failed to Yield - Sign-Controlled Intersection",10,"Intersection","March","C: Possible Injury",38280,"Motorist Drive Out - Sign-Controlled Intersection",2013,"Yes","No","Daylight","Straight - Level","Local Street","Dry","One-Way, Not Divided","None","Driveway, Public","Coarse Asphalt",0,0,0,0,0,0,0,"6 lanes",2,0,NA,0,NA
6543,964,"Raleigh","Wake","Piedmont","Institutional","Urban (>70% Developed)","N WILMINGTON ST","Urban","30 - 35  MPH","No Control Present","Clear","No",23,"20-24","No",NA,"With Traffic","B: Evident Injury","Travel Lane","White","Female",NA,NA,"Missing",NA,"0-5 mph","Unknown Injury","Unknown/Missing",NA,"Passenger Car","No","14MAR2013","Thursday","Motorist Right Turn / Merge",13,"Non-Intersection","March","B: Evident Injury",48300,"Motorist Right Turn - Same Direction",2013,"No","Yes","Daylight","Straight - Level","Local Street","Dry","One-Way, Not Divided","None","No Special Feature","Smooth Asphalt",0,0,0,0,0,0,0,"2 lanes",2,0,NA,0,NA
6544,946,"Salisbury","Rowan","Piedmont","Commercial","Urban (>70% Developed)","US 29","Urban","20 - 25  MPH","Stop And Go Signal","Clear","No",18,"16-19","No",NA,"With Traffic","C: Possible Injury","Sidewalk / Crosswalk / Driveway Crossing","White","Male",57,"50-59","No",NA,"16-20 mph","O: No Injury","White","Male","Passenger Car","No","14MAR2013","Thursday","Parallel Paths - Other Circumstances",11,"Non-Intersection","March","C: Possible Injury",42480,"Bicyclist Ride Out - Parallel Path",2013,"Yes","No","Daylight","Straight - Level","US Route","Dry","Two-Way, Not Divided","None","Four-Way Intersection","Smooth Asphalt",0,0,0,0,0,0,0,"4 lanes",2,0,NA,0,NA
6545,948,"Black Mountain","Buncombe","Mountains","Residential","Mixed (30% To 70% Developed)","WEST COLLEGE STREET","Urban","20 - 25  MPH","No Control Present","Clear","No",17,"16-19","No",NA,"With Traffic","Unknown Injury","Travel Lane","White","Female",30,"30-39","No",NA,"6-10 mph","O: No Injury","Black","Male","Passenger Car","No","14MAR2013","Thursday","Motorist Left Turn / Merge",20,"Intersection","March","O: No Injury",73680,"Motorist Left Turn - Opposite Direction",2013,"No","No","Daylight","Straight - Grade","Local Street","Dry","Two-Way, Not Divided","None","T-Intersection","Smooth Asphalt",0,0,0,0,0,0,0,"2 lanes",2,0,NA,0,NA