"...1","object_id","city","county","region","development","locality","on_road","rural_urban","speed_limit","traffic_control","weather","workzone","bike_age","bike_age_group","bike_alcohol","bike_alcohol_drugs","bike_direction","bike_injury","bike_position","bike_race","bike_sex","driver_age","driver_age_group","driver_alcohol","driver_alcohol_drugs","driver_est_speed","driver_injury","driver_race","driver_sex","driver_vehicle_type","crash_alcohol","crash_date","crash_day","crash_group","crash_hour","crash_location","crash_month","crash_severity","crash_time","crash_type","crash_year","ambulance_req","hit_run","light_condition","road_character","road_class","road_condition","road_configuration","road_defects","road_feature","road_surface","num_bikes_ai","num_bikes_bi","num_bikes_ci","num_bikes_ki","num_bikes_no","num_bikes_to","num_bikes_ui","num_lanes","num_units","distance_mi_from","frm_road","rte_invd_cd","towrd_road"
6546,958,"Cary","Wake","Piedmont","Residential","Urban (>70% Developed)","FOREST GREEN DR","Urban","20 - 25  MPH","No Control Present","Clear","No",7,"6-10","No",NA,"Not Applicable","C: Possible Injury","Non-Roadway","White","Male",22,"20-24","No",NA,"6-10 mph","O: No Injury","White","Male","Passenger Car","No","20FEB2013","Wednesday","Bicyclist Failed to Yield - Midblock",17,"Non-Intersection","February","C: Possible Injury",63000,"Bicyclist Ride Out - Other Midblock",2013,"No","No","Daylight","Straight - Level","Local Street","Wet","Two-Way, Not Divided","None","No Special Feature","Gravel",0,0,0,0,0,0,0,"2 lanes",2,0,NA,0,NA
6547,951,"Raleigh","Wake","Piedmont","Residential","Urban (>70% Developed)","MILBURNIE RD","Urban","30 - 35  MPH","No Control Present","Clear","No",30,"30-39","No",NA,"With Traffic","C: Possible Injury","Travel Lane","White","Female",25,"25-29","No",NA,"0-5 mph","O: No Injury","White","Male","Police","No","09MAR2013","Saturday","Motorist Left Turn / Merge",16,"Intersection","March","C: Possible Injury",58560,"Motorist Left Turn - Opposite Direction",2013,"No","No","Daylight","Straight - Level","Local Street","Dry","Two-Way, Not Divided","None","T-Intersection","Smooth Asphalt",0,0,0,0,0,0,0,"2 lanes",2,0,NA,0,NA
6548,2056,"Charlotte","Mecklenburg","Piedmont","Residential","Urban (>70% Developed)",NA,"Urban","30 - 35  MPH","No Control Present","Cloudy","No",23,"20-24","No",NA,"Facing Traffic","C: Possible Injury","Sidewalk / Crosswalk / Driveway Crossing","Black","Male",NA,NA,"Missing",NA,"6-10 mph","Unknown Injury","Hispanic","Female","Light Truck (Mini-Van, Panel)","No","12MAY2012","Saturday","Motorist Failed to Yield - Midblock",18,"Non-Intersection","May","C: Possible Injury",65940,"Motorist Drive Out - Commercial Driveway / Alley",2012,"Yes","Yes","Daylight","Straight - Level","Local Street","Dry","Two-Way, Divided, Positive Median Barrier","None","Driveway, Public","Smooth Asphalt",0,0,0,0,0,0,0,"2 lanes",2,0,NA,0,NA
6549,2030,"Macclesfield","Edgecombe","Coastal","Residential","Urban (>70% Developed)",NA,"Rural","30 - 35  MPH","Double Yellow Line, No Passing Zone","Clear","No",18,"16-19","No",NA,"With Traffic","B: Evident Injury","Bike Lane / Paved Shoulder","White","Female",NA,NA,"No",NA,"26-30 mph","Unknown Injury","Unknown/Missing",NA,"Passenger Car","No","14MAR2012","Wednesday","Motorist Overtaking Bicyclist",16,"Non-Intersection","March","B: Evident Injury",61020,"Motorist Overtaking - Misjudged Space",2012,"No","Yes","Daylight","Straight - Level","Local Street","Dry","Two-Way, Not Divided","None","No Special Feature","Coarse Asphalt",0,0,0,0,0,0,0,"2 lanes",2,0,NA,0,NA
6550,2047,"None - Rural Crash","Wayne","Coastal","Farms, Woods, Pastures","Urban (>70% Developed)",NA,"Rural","40 - 45  MPH","Double Yellow Line, No Passing Zone","Clear","No",31,"30-39","No",NA,"With Traffic","C: Possible Injury","Travel Lane","White","Female",NA,NA,"No",NA,"41-45 mph","Unknown Injury","Unknown/Missing",NA,"Passenger Car","No","20MAY2012","Sunday","Motorist Overtaking Bicyclist",15,"Non-Intersection","May","C: Possible Injury",56100,"Motorist Overtaking - Other / Unknown",2012,"No","Yes","Daylight","Straight - Level","State Secondary Route","Dry","Two-Way, Not Divided","None","No Special Feature","Smooth Asphalt",0,0,0,0,0,0,0,"2 lanes",2,0,NA,0,NA
6551,2017,"Fayetteville","Cumberland","Coastal","Commercial","Urban (>70% Developed)",NA,"Urban","5 - 15 MPH","No Control Present","Clear","No",23,"20-24","No",NA,"Facing Traffic","C: Possible Injury","Sidewalk / Crosswalk / Driveway Crossing","White","Male",32,"30-39","No",NA,"0-5 mph","O: No Injury","Black","Female","Passenger Car","No","03MAY2012","Thursday","Motorist Failed to Yield - Midblock",10,"Non-Intersection","May","C: Possible Injury",37620,"Motorist Drive Out - Commercial Driveway / Alley",2012,"Yes","No","Daylight","Straight - Level","Public Vehicular Area","Dry","Two-Way, Not Divided","None","No Special Feature","Coarse Asphalt",0,0,0,0,0,0,0,NA,2,0,NA,0,NA
6552,2045,"Asheville","Buncombe","Mountains","Commercial","Urban (>70% Developed)",NA,"Urban","5 - 15 MPH","No Control Present","Cloudy","No",42,"40-49","No",NA,"Facing Traffic","C: Possible Injury","Sidewalk / Crosswalk / Driveway Crossing","White","Male",60,"60-69","No",NA,"0-5 mph","O: No Injury","White","Male","Passenger Car","No","23APR2012","Monday","Motorist Failed to Yield - Midblock",13,"Non-Intersection","April","C: Possible Injury",47160,"Motorist Drive Out - Commercial Driveway / Alley",2012,"Yes","No","Daylight","Straight - Level","Public Vehicular Area","Dry","Two-Way, Not Divided","None","No Special Feature","Smooth Asphalt",0,0,0,0,0,0,0,"2 lanes",2,0,NA,0,NA
6553,2011,"Winston-Salem","Forsyth","Piedmont","Commercial","Mixed (30% To 70% Developed)",NA,"Urban","30 - 35  MPH","Stop And Go Signal","Clear","No",12,"11-15","No",NA,"Not Applicable","C: Possible Injury","Travel Lane","Black","Male",20,"20-24","No",NA,"31-35 mph","O: No Injury","Hispanic","Male","Passenger Car","No","26APR2012","Thursday","Bicyclist Failed to Yield - Midblock",18,"Non-Intersection","April","C: Possible Injury",64980,"Multiple Threat - Midblock",2012,"Yes","No","Daylight","Straight - Level","Local Street","Dry","Two-Way, Divided, Unprotected Median","None","No Special Feature","Smooth Asphalt",0,0,0,0,0,0,0,"4 lanes",2,0,NA,0,NA
6554,2031,"Holly Springs","Wake","Piedmont","Residential","Urban (>70% Developed)",NA,"Urban","50 - 55  MPH","Stop And Go Signal","Clear","No",15,"11-15","No",NA,"Facing Traffic","C: Possible Injury","Travel Lane","White","Male",60,"60-69","No",NA,"0-5 mph","O: No Injury","White","Female","Passenger Car","No","16MAY2012","Wednesday","Crossing Paths - Other Circumstances",6,"Intersection","May","C: Possible Injury",24840,"Signalized Intersection - Other / Unknown",2012,"Yes","No","Daylight","Straight - Level","Local Street","Wet","Two-Way, Not Divided","None","T-Intersection","Smooth Asphalt",0,0,0,0,0,0,0,"3 lanes",2,0,NA,0,NA
6555,2008,"Fayetteville","Cumberland","Coastal","Commercial","Urban (>70% Developed)",NA,"Urban","30 - 35  MPH","Stop Sign","Clear","No",32,"30-39","No",NA,"With Traffic","B: Evident Injury","Travel Lane","White","Male",21,"20-24","No",NA,"16-20 mph","O: No Injury","White","Female","Passenger Car","No","27APR2012","Friday","Motorist Right Turn / Merge",12,"Intersection","April","B: Evident Injury",43620,"Motorist Right Turn - Same Direction",2012,"No","No","Daylight","Straight - Level","State Secondary Route","Dry","Two-Way, Not Divided","None","T-Intersection","Coarse Asphalt",0,0,0,0,0,0,0,"4 lanes",2,0,NA,0,NA
6556,2022,"Sanford","Lee","Piedmont","Residential","Urban (>70% Developed)",NA,"Urban","40 - 45  MPH","No Control Present","Clear","No",64,"60-69","No",NA,"With Traffic","B: Evident Injury","Travel Lane","White","Male",18,"0-19","No",NA,"41-45 mph","O: No Injury","White","Male","Pickup","No","30APR2012","Monday","Bicyclist Left Turn / Merge",19,"Intersection","April","B: Evident Injury",68520,"Bicyclist Left Turn - Same Direction",2012,"Yes","No","Daylight","Straight - Level","Local Street","Dry","Two-Way, Not Divided","None","Four-Way Intersection","Coarse Asphalt",0,0,0,0,0,0,0,"2 lanes",2,0,NA,0,NA
6557,2028,"Havelock","Craven","Coastal","Commercial","Urban (>70% Developed)",NA,"Urban","40 - 45  MPH","No Control Present","Clear","No",42,"40-49","No",NA,"Facing Traffic","B: Evident Injury","Travel Lane","Hispanic","Male",60,"60-69","No",NA,"6-10 mph","O: No Injury","White","Male","Passenger Car","No","16APR2012","Monday","Head-On",9,"Non-Intersection","April","B: Evident Injury",34680,"Head-On - Bicyclist",2012,"Yes","No","Daylight","Straight - Level","US Route","Dry","Two-Way, Divided, Unprotected Median","None","No Special Feature","Smooth Asphalt",0,0,0,0,0,0,0,"4 lanes",2,0,NA,0,NA
6558,2101,"Wilmington","New Hanover","Coastal","Residential","Urban (>70% Developed)",NA,"Urban","20 - 25  MPH","No Control Present","Clear","No",14,"11-15","No",NA,"With Traffic","C: Possible Injury","Travel Lane","White","Female",NA,NA,"Missing",NA,"6-10 mph","Unknown Injury","Unknown/Missing",NA,NA,"No","04JUN2012","Monday","Motorist Overtaking Bicyclist",16,"Intersection-Related","June","C: Possible Injury",60300,"Motorist Overtaking - Other / Unknown",2012,"No","Yes","Daylight","Straight - Level","Local Street","Dry","Two-Way, Divided, Unprotected Median","None","No Special Feature","Coarse Asphalt",0,0,0,0,0,0,0,"2 lanes",2,0,NA,0,NA
6559,2114,"Raleigh","Wake","Piedmont","Commercial","Rural (<30% Developed)",NA,"Urban","30 - 35  MPH","No Control Present","Clear","No",23,"20-24","No",NA,"With Traffic","B: Evident Injury","Travel Lane","White","Male",NA,NA,"Missing",NA,"21-25 mph","Unknown Injury","Unknown/Missing",NA,"Passenger Car","No","03JUN2012","Sunday","Motorist Left Turn / Merge",1,"Intersection","June","B: Evident Injury",3720,"Motorist Left Turn - Opposite Direction",2012,"Yes","Yes","Dark - Lighted Roadway","Straight - Level","Local Street","Dry","Two-Way, Divided, Unprotected Median","None","T-Intersection","Coarse Asphalt",0,0,0,0,0,0,0,"3 lanes",2,0,NA,0,NA
6560,2098,"Asheboro","Randolph","Piedmont","Residential","Urban (>70% Developed)",NA,"Urban","30 - 35  MPH","No Control Present","Clear","No",7,"6-10","No",NA,NA,"B: Evident Injury",NA,"White","Female",NA,NA,"Missing",NA,NA,"Unknown Injury","Unknown/Missing",NA,"Passenger Car","No","30MAY2012","Wednesday","Bicyclist Failed to Yield - Midblock",20,"Non-Intersection","May","B: Evident Injury",74100,"Bicyclist Ride Out - Midblock - Unknown",2012,"Yes","Yes","Daylight","Straight - Bottom","State Secondary Route","Dry","Two-Way, Not Divided","None","No Special Feature","Smooth Asphalt",0,0,0,0,0,0,0,"2 lanes",2,0,NA,0,NA
6561,2130,"Asheville","Buncombe","Mountains","Commercial","Urban (>70% Developed)",NA,"Urban","40 - 45  MPH","Stop Sign","Clear","No",34,"30-39","No",NA,"With Traffic","C: Possible Injury","Travel Lane","White","Male",NA,NA,"Missing",NA,"36-40 mph","Unknown Injury","Unknown/Missing",NA,NA,"No","07JUN2012","Thursday","Motorist Overtaking Bicyclist",20,"Intersection","June","C: Possible Injury",73320,"Motorist Overtaking - Misjudged Space",2012,"Yes","Yes","Daylight","Straight - Level","Local Street","Dry","Two-Way, Divided, Unprotected Median","None","No Special Feature","Coarse Asphalt",0,0,0,0,0,0,0,"5 lanes",2,0,NA,0,NA
6562,2102,"Lenoir","Caldwell","Mountains","Residential","Urban (>70% Developed)",NA,"Urban","20 - 25  MPH","Stop Sign","Clear","No",15,"11-15","No",NA,"With Traffic","B: Evident Injury","Travel Lane","Black","Male",57,"50-59","No",NA,"11-15 mph","O: No Injury","White","Female","Passenger Car","No","08JUN2012","Friday","Bicyclist Failed to Yield - Sign-Controlled Intersection",13,"Intersection","June","B: Evident Injury",48600,"Bicyclist Ride Through - Sign-Controlled Intersection",2012,"Yes","No","Daylight","Straight - Grade","Local Street","Dry","Two-Way, Not Divided","None","No Special Feature","Coarse Asphalt",0,0,0,0,0,0,0,"2 lanes",2,0,NA,0,NA
6563,2127,"Havelock","Craven","Coastal","Commercial","Urban (>70% Developed)",NA,"Urban","50 - 55  MPH","No Control Present","Clear","No",50,"50-59","No",NA,"Not Applicable","K: Killed",NA,"White","Male",49,"40-49","No",NA,"46-50 mph","C: Possible Injury","Black","Male","Passenger Car","No","11MAY2012","Friday","Crossing Paths - Other Circumstances",22,"Non-Intersection","May","K: Killed",80880,"Crossing Paths - Midblock - Other / Unknown",2012,"Yes","No","Dark - Roadway Not Lighted","Straight - Grade","US Route","Dry","Two-Way, Divided, Unprotected Median","None","No Special Feature","Smooth Asphalt",0,0,0,0,0,0,0,"4 lanes",2,0,NA,0,NA
6564,2123,"None - Rural Crash","Onslow","Coastal","Residential","Mixed (30% To 70% Developed)",NA,"Rural","40 - 45  MPH","No Control Present","Clear","No",60,"60-69","No",NA,"With Traffic","K: Killed","Travel Lane","White","Male",65,"60-69","No",NA,"11-15 mph","O: No Injury","White","Male","Passenger Car","No","10JUN2012","Sunday","Motorist Left Turn / Merge",10,"Intersection","June","K: Killed",38820,"Motorist Left Turn - Opposite Direction",2012,"Yes","No","Daylight","Straight - Level","Public Vehicular Area","Dry","Two-Way, Not Divided","None","Driveway, Public","Coarse Asphalt",0,0,0,0,0,0,0,"2 lanes",2,0,NA,0,NA
6565,2118,"Cary","Wake","Piedmont","Commercial","Urban (>70% Developed)",NA,"Urban","30 - 35  MPH","Stop And Go Signal","Cloudy","No",20,"20-24","No",NA,"Facing Traffic","O: No Injury","Travel Lane","White","Male",61,"60-69","No",NA,"6-10 mph","O: No Injury","Black","Female","Pickup","No","29MAY2012","Tuesday","Crossing Paths - Other Circumstances",15,"Intersection","May","O: No Injury",54780,"Crossing Paths - Intersection - Other / Unknown",2012,"No","No","Daylight","Straight - Level","State Secondary Route","Dry","Two-Way, Not Divided","None","Four-Way Intersection","Smooth Asphalt",0,0,0,0,0,0,0,"5 lanes",2,0,NA,0,NA
6566,162,"Elizabeth City","Pasquotank","Coastal","Residential","Mixed (30% To 70% Developed)","HALSTEAD BLVD","Urban","50 - 55  MPH","Stop And Go Signal","Clear","No",44,"40-49",NA,"Yes-Alcohol,  impairment suspected","With Traffic","A: Disabling Injury","Travel Lane","Black","Male",21,"20-24",NA,"Yes-Alcohol, no impairment detected","36-40 mph","C: Possible Injury","Black","Female","Passenger Car","Yes","16APR2014","Wednesday","Crossing Paths - Other Circumstances",19,"Intersection","April","A: Disabling Injury",69900,"Signalized Intersection - Other / Unknown",2014,"Yes","No","Dusk","Straight - Level","Local Street","Dry","Two-Way, Divided, Unprotected Median","None","Four-Way Intersection","Smooth Asphalt",1,0,0,0,0,1,0,"4 lanes",2,0,"PEARTREE ROAD",30000344,"DEALIRE ST"
6567,166,"Wilmington","New Hanover","Coastal","Commercial","Urban (>70% Developed)","S 16TH ST","Urban","30 - 35  MPH","Stop And Go Signal","Clear","No",32,"30-39",NA,"No","With Traffic","B: Evident Injury","Travel Lane","White","Male",NA,NA,NA,NA,"6-10 mph","Unknown Injury","Unknown/Missing",NA,NA,"No","13APR2014","Sunday","Motorist Failed to Yield - Signalized Intersection",5,"Intersection","April","B: Evident Injury",18000,"Motorist Drive Through - Signalized Intersection",2014,"No","Yes","Dark - Lighted Roadway","Straight - Level","Local Street","Dry","One-Way, Not Divided","None","Four-Way Intersection","Coarse Asphalt",0,1,0,0,0,1,0,"5 lanes",2,0.001,"ROBIN HOOD DR",40001218,"LITTLE JOHN CIR"
6568,192,"None - Rural Crash","Wake","Piedmont","Residential","Rural (<30% Developed)","SR 1903","Rural","40 - 45  MPH","Double Yellow Line, No Passing Zone","Clear","No",17,"16-19",NA,"No","Facing Traffic","C: Possible Injury","Bike Lane / Paved Shoulder","White","Male",67,"60-69",NA,"No","16-20 mph","O: No Injury","White","Male","Sport Utility","No","16MAY2014","Friday","Loss of Control / Turning Error",14,"Non-Intersection","May","C: Possible Injury",51780,"Motorist Lost Control - Other / Unknown",2014,"Yes","No","Daylight","Curve - Grade","State Secondary Route","Dry","Two-Way, Not Divided","None","No Special Feature","Smooth Asphalt",0,0,1,0,0,1,0,"2 lanes",2,0.1,"OLIVE GROVE CHURCH RD",0,"1901"
6569,175,"Burlington","Alamance","Piedmont","Residential","Urban (>70% Developed)","PVA 702 LAKESIDE AVE","Urban","5 - 15 MPH","Stop Sign","Clear","No",11,"11-15",NA,"No","Not Applicable","B: Evident Injury","Driveway / Alley","Black","Male",48,"40-49",NA,"No","0-5 mph","O: No Injury","Black","Male","Passenger Car","No","04MAY2014","Sunday","Loss of Control / Turning Error",21,"Non-Intersection","May","B: Evident Injury",76200,"Bicyclist Lost Control - Other / Unknown",2014,"Yes","No","Dark - Roadway Not Lighted","Straight - Level","Public Vehicular Area","Dry","Two-Way, Not Divided","None","No Special Feature","Smooth Asphalt",0,1,0,0,0,1,0,"2 lanes",2,0.001,"TILLMAN ST",0,"LAKESIDE AVE"
6570,155,"None - Rural Crash","Haywood","Mountains","Farms, Woods, Pastures","Mixed (30% To 70% Developed)","US 276","Rural","50 - 55  MPH","No Control Present","Clear","No",36,"30-39",NA,"No","With Traffic","A: Disabling Injury","Travel Lane","Hispanic","Male",21,"20-24",NA,"No","61-65 mph","O: No Injury","White","Male","Pickup","No","20APR2014","Sunday","Motorist Overtaking Bicyclist",17,"Non-Intersection","April","A: Disabling Injury",61620,"Motorist Overtaking - Other / Unknown",2014,"Yes","No","Daylight","Straight - Grade","US Route","Dry","Two-Way, Divided, Positive Median Barrier","None","No Special Feature","Smooth Asphalt",1,0,0,0,0,1,0,"4 lanes",2,0.9,"1324",20000276,"1364"
6571,201,"Holly Springs","Wake","Piedmont","Commercial","Urban (>70% Developed)","GB ALFORD HWY","Urban","50 - 55  MPH","Stop And Go Signal","Clear","No",37,"30-39",NA,"No","With Traffic","C: Possible Injury","Travel Lane","White","Male",NA,"70+",NA,"No","46-50 mph","O: No Injury","White","Female","Sport Utility","No","25MAY2014","Sunday","Motorist Overtaking Bicyclist",18,"Non-Intersection","May","C: Possible Injury",68160,"Motorist Overtaking - Other / Unknown",2014,"Yes","No","Daylight","Straight - Grade","Local Street","Dry","Two-Way, Divided, Unprotected Median","None","Other","Coarse Asphalt",0,0,1,0,0,1,0,"4 lanes",2,0.17,"W BALLENTINE ST",32000055,"W HOLLY SPRINGS RD"
6572,170,"None - Rural Crash","Buncombe","Mountains","Commercial","Mixed (30% To 70% Developed)","SR 2416","Rural","30 - 35  MPH","Double Yellow Line, No Passing Zone","Clear","No",28,"25-29",NA,"No","With Traffic","B: Evident Injury","Travel Lane","White","Male",41,"40-49",NA,"No","26-30 mph","O: No Injury","Hispanic","Female","Van","No","24APR2014","Thursday","Motorist Left Turn / Merge",17,"Non-Intersection","April","B: Evident Injury",62760,"Motorist Left Turn - Opposite Direction",2014,"No","No","Daylight","Straight - Level","State Secondary Route","Dry","Two-Way, Not Divided","None","Driveway, Public","Smooth Asphalt",0,1,0,0,0,1,0,"2 lanes",2,0.3,"2430",40002416,"2427"
6573,202,"Cary","Wake","Piedmont","Residential","Urban (>70% Developed)","GREEN LEVEL CH RD","Urban","40 - 45  MPH","Stop Sign","Clear","No",58,"50-59",NA,"No","With Traffic","B: Evident Injury","Travel Lane","White","Male",31,"30-39",NA,"No","31-35 mph","O: No Injury","Hispanic","Male","Pickup","No","24APR2014","Thursday","Loss of Control / Turning Error",19,"Intersection","April","B: Evident Injury",69180,"Motorist Turning Error - Left Turn",2014,"Yes","No","Daylight","Straight - Level","State Secondary Route","Dry","Two-Way, Not Divided","None","No Special Feature","Smooth Asphalt",0,1,0,0,0,1,0,"2 lanes",2,0,"GREEN HOPE SCHOOL RD",40001600,"MILLERCREST LN"
6574,152,"None - Rural Crash","Chatham","Piedmont","Farms, Woods, Pastures","Rural (<30% Developed)","SR 1008","Rural","50 - 55  MPH","Stop Sign","Cloudy","No",NA,"70+",NA,"No","With Traffic","O: No Injury","Travel Lane","Other","Male",49,"40-49",NA,"No","51-55 mph","O: No Injury","White","Male","Pickup","No","08APR2014","Tuesday","Bicyclist Failed to Yield - Sign-Controlled Intersection",14,"Intersection","April","O: No Injury",51180,"Bicyclist Ride Out - Sign-Controlled Intersection",2014,"No","No","Daylight","Curve - Grade","State Secondary Route","Dry","Two-Way, Not Divided","None","T-Intersection","Smooth Asphalt",0,0,0,0,1,1,0,"2 lanes",2,0,"1750",40001008,"1747"
6575,154,"Wallace","Duplin","Coastal","Residential","Mixed (30% To 70% Developed)","W CAROL C MHP","Rural","5 - 15 MPH","No Control Present","Clear","No",6,"6-10",NA,"No","Not Applicable","B: Evident Injury","Driveway / Alley","Hispanic","Male",55,"50-59",NA,"No","6-10 mph","O: No Injury","Hispanic","Male","Sport Utility","No","25APR2014","Friday","Non-Roadway",16,"Non-Roadway","April","B: Evident Injury",60840,"Non-Roadway",2014,"Yes","No","Daylight","Straight - Level","Local Street","Dry","Two-Way, Not Divided","None","No Special Feature","Coarse Asphalt",0,1,0,0,0,1,0,"2 lanes",2,0,"117",0,"PRIVATE PROPERTY"
6576,48,"Charlotte","Mecklenburg","Piedmont","Commercial","Urban (>70% Developed)","MONROE RD","Urban","30 - 35  MPH","No Control Present","Rain","No",22,"20-24",NA,"No","Facing Traffic","C: Possible Injury","Sidewalk / Crosswalk / Driveway Crossing","Black","Male",NA,NA,NA,"Missing",NA,"Unknown Injury","Unknown/Missing",NA,NA,"No","03MAR2014","Monday","Motorist Failed to Yield - Midblock",13,"Non-Intersection","March","C: Possible Injury",47700,"Motorist Drive Out - Commercial Driveway / Alley",2014,"Yes","Yes","Daylight","Straight - Level","Public Vehicular Area","Wet","Two-Way, Not Divided","None","Driveway, Public","Concrete",0,0,1,0,0,1,0,NA,2,0.017,"CHIPPENDALE RD",40001009,"RICHLAND DR"
6577,20,"Wrightsville Beach","New Hanover","Coastal","Commercial","Urban (>70% Developed)","WRIGHTSVILLE AVE","Rural","40 - 45  MPH","Stop Sign","Clear","Yes",60,"60-69",NA,"No","Facing Traffic","A: Disabling Injury","Travel Lane","White","Female",65,"60-69",NA,"No","6-10 mph","O: No Injury","White","Male","Sport Utility","No","10JAN2014","Friday","Motorist Failed to Yield - Sign-Controlled Intersection",11,"Intersection","January","A: Disabling Injury",42240,"Motorist Drive Out - Sign-Controlled Intersection",2014,"Yes","No","Daylight","Straight - Hillcrest","NC Route","Dry","Two-Way, Divided, Unprotected Median","Work Zone","Bridge Approach","Coarse Asphalt",1,0,0,0,0,1,0,"2 lanes",2,0,"AIRLIE ROAD",50033735,"SUMMER REST RD"
6578,29,"Kannapolis","Cabarrus","Piedmont","Commercial","Urban (>70% Developed)","S CANNON BVD","Urban","40 - 45  MPH","No Control Present","Clear","No",NA,NA,NA,"No","With Traffic","Unknown Injury","Travel Lane","Unknown/Missing",NA,44,"40-49",NA,"No","46-50 mph","A: Disabling Injury","White","Female","Passenger Car","No","18JAN2014","Saturday","Loss of Control / Turning Error",18,"Intersection","January","A: Disabling Injury",66300,"Motorist Lost Control - Oversteering, Improper Braking, Speed",2014,"Yes","No","Dark - Lighted Roadway","Straight - Grade","US Route","Dry","Two-Way, Not Divided","None","T-Intersection","Smooth Asphalt",0,0,0,0,0,1,1,"4 lanes",3,0,"SWEET GUM ST",20000029,"FAIRVIEW ST"
6579,30,"Fayetteville","Cumberland","Coastal","Residential","Urban (>70% Developed)","SKYE DR","Urban","20 - 25  MPH","Flashing Stop And Go Signal","Clear","No",30,"30-39",NA,"No","Facing Traffic","C: Possible Injury","Sidewalk / Crosswalk / Driveway Crossing","Black","Male",51,"50-59",NA,"No","16-20 mph","O: No Injury","Other","Male","Passenger Car","No","03JAN2014","Friday","Crossing Paths - Other Circumstances",8,"Intersection","January","C: Possible Injury",29160,"Signalized Intersection - Other / Unknown",2014,"No","No","Daylight","Straight - Level","Local Street","Dry","Two-Way, Divided, Unprotected Median","None","T-Intersection","Coarse Asphalt",0,0,1,0,0,1,0,"6 lanes",2,0,"MORGANTON RD",50028328,"CLIFFDALE RD"
6580,41,"Gastonia","Gaston","Piedmont","Residential","Urban (>70% Developed)","PVA 2400 PAMELA ST","Urban","30 - 35  MPH","Stop Sign","Clear","No",13,"11-15",NA,"No","Facing Traffic","C: Possible Injury","Sidewalk / Crosswalk / Driveway Crossing","White","Male",63,"60-69",NA,"No",NA,"O: No Injury","White","Male","Sport Utility","No","30JAN2014","Thursday","Motorist Failed to Yield - Sign-Controlled Intersection",16,"Intersection","January","C: Possible Injury",60780,"Motorist Drive Out - Sign-Controlled Intersection",2014,"Yes","No","Daylight","Straight - Level","Local Street","Dry","Two-Way, Not Divided","None","T-Intersection","Smooth Asphalt",0,0,1,0,0,1,0,"2 lanes",2,0,"REDBUD DR",0,"CAROL DR"
6581,42,"Greensboro","Guilford","Piedmont","Residential","Urban (>70% Developed)","W CONE BLVD","Urban","30 - 35  MPH","Stop Sign","Clear","No",58,"50-59",NA,"No","With Traffic","C: Possible Injury","Travel Lane","White","Male",44,"40-49",NA,"No","21-25 mph","O: No Injury","White","Female","Sport Utility","No","26FEB2014","Wednesday","Motorist Failed to Yield - Sign-Controlled Intersection",18,"Intersection","February","C: Possible Injury",66960,"Motorist Drive Out - Sign-Controlled Intersection",2014,"Yes","No","Daylight","Straight - Level","Local Street","Dry","One-Way, Not Divided","None","No Special Feature","Coarse Asphalt",0,0,1,0,0,1,0,"4 lanes",2,0,"LAFAYETTE AV",50006752,"HOLLY DR"
6582,11,"Salisbury","Rowan","Piedmont","Residential","Urban (>70% Developed)","NORTH CRAIGE STREET","Urban","30 - 35  MPH","No Control Present","Clear","No",58,"50-59",NA,"No","With Traffic","C: Possible Injury","Travel Lane","Black","Male",NA,"70+",NA,"No","6-10 mph","O: No Injury","White","Female","Passenger Car","No","23JAN2014","Thursday","Loss of Control / Turning Error",15,"Intersection-Related","January","C: Possible Injury",54120,"Motorist Turning Error - Other",2014,"No","No","Daylight","Straight - Level","Local Street","Dry","Two-Way, Not Divided","None","No Special Feature","Smooth Asphalt",0,0,1,0,0,1,0,"2 lanes",2,0.005,"WEST FRANKLIN STREET",0,"WEST HENDERSON STREET"
6583,43,"None - Rural Crash","Lincoln","Piedmont","Residential","Mixed (30% To 70% Developed)","SR 1003","Rural","40 - 45  MPH","No Control Present","Clear","No",43,"40-49",NA,"No","With Traffic","A: Disabling Injury","Travel Lane","White","Male",41,"40-49",NA,"No","36-40 mph","O: No Injury","White","Male","Pickup","No","23FEB2014","Sunday","Motorist Overtaking Bicyclist",18,"Non-Intersection","February","A: Disabling Injury",68220,"Motorist Overtaking - Other / Unknown",2014,"Yes","No","Dark - Roadway Not Lighted","Straight - Level","State Secondary Route","Dry","Two-Way, Not Divided","None","No Special Feature","Smooth Asphalt",1,0,0,0,0,1,0,"2 lanes",2,0.25,"1340",40001003,"1341"
6584,47,"None - Rural Crash","Bertie","Coastal","Farms, Woods, Pastures","Rural (<30% Developed)","1500","Rural","40 - 45  MPH","No Control Present","Clear","No",21,"20-24",NA,"No","With Traffic","B: Evident Injury","Travel Lane","Black","Male",37,"30-39",NA,"No","41-45 mph","O: No Injury","Black","Male","Passenger Car","No","08FEB2014","Saturday","Motorist Overtaking Bicyclist",1,"Non-Intersection","February","B: Evident Injury",3840,"Motorist Overtaking - Bicyclist Swerved",2014,"Yes","No","Dark - Roadway Not Lighted","Straight - Level","State Secondary Route","Dry","Two-Way, Not Divided","None","No Special Feature","Coarse Asphalt",0,1,0,0,0,1,0,"2 lanes",2,0,"1546",40001500,"1521"