"...1","object_id","city","county","region","development","locality","on_road","rural_urban","speed_limit","traffic_control","weather","workzone","bike_age","bike_age_group","bike_alcohol","bike_alcohol_drugs","bike_direction","bike_injury","bike_position","bike_race","bike_sex","driver_age","driver_age_group","driver_alcohol","driver_alcohol_drugs","driver_est_speed","driver_injury","driver_race","driver_sex","driver_vehicle_type","crash_alcohol","crash_date","crash_day","crash_group","crash_hour","crash_location","crash_month","crash_severity","crash_time","crash_type","crash_year","ambulance_req","hit_run","light_condition","road_character","road_class","road_condition","road_configuration","road_defects","road_feature","road_surface","num_bikes_ai","num_bikes_bi","num_bikes_ci","num_bikes_ki","num_bikes_no","num_bikes_to","num_bikes_ui","num_lanes","num_units","distance_mi_from","frm_road","rte_invd_cd","towrd_road"
6585,34,"Rocky Mount","Nash","Coastal","Residential","Mixed (30% To 70% Developed)","PAUL ST","Urban","20 - 25  MPH","Stop Sign","Clear","No",12,"11-15",NA,"No","With Traffic","C: Possible Injury","Travel Lane","Black","Male",41,"40-49",NA,"No","16-20 mph","O: No Injury","Black","Male","Passenger Car","No","24FEB2014","Monday","Loss of Control / Turning Error",18,"Intersection","February","C: Possible Injury",65640,"Bicyclist Turning Error - Right Turn",2014,"Yes","No","Dusk","Straight - Level","Local Street","Dry","Two-Way, Not Divided","None","No Special Feature","Smooth Asphalt",0,0,1,0,0,1,0,"2 lanes",2,0,"BOONE ST",0,"COCKRELL ST"
6586,265,"None - Rural Crash","Buncombe","Mountains","Farms, Woods, Pastures","Rural (<30% Developed)","SR 2408","Rural","30 - 35  MPH","Double Yellow Line, No Passing Zone","Clear","No",17,"16-19",NA,"No","With Traffic","C: Possible Injury","Travel Lane","White","Male",NA,NA,NA,"No","31-35 mph","Unknown Injury","Unknown/Missing",NA,"Passenger Car","No","06JUN2014","Friday","Motorist Overtaking Bicyclist",19,"Non-Intersection","June","C: Possible Injury",68940,"Motorist Overtaking - Other / Unknown",2014,"Yes","Yes","Daylight","Curve - Level","State Secondary Route","Dry","Two-Way, Not Divided","None","No Special Feature","Coarse Asphalt",0,0,1,0,0,1,0,"2 lanes",2,0.1,"2444",40002408,"2002"
6587,206,"None - Rural Crash",NA,"Coastal","Farms, Woods, Pastures","Urban (>70% Developed)","133","Rural","50 - 55  MPH","Double Yellow Line, No Passing Zone","Clear","No",50,"50-59",NA,"Yes-Alcohol,  impairment suspected","With Traffic","B: Evident Injury","Travel Lane","White","Male",NA,NA,NA,"Missing","46-50 mph","Unknown Injury","Unknown/Missing",NA,NA,"Yes","25MAY2014","Sunday","Bicyclist Left Turn / Merge",22,"Non-Intersection","May","B: Evident Injury",80640,"Bicyclist Left Turn - Same Direction",2014,"Yes","Yes","Dark - Roadway Not Lighted","Straight - Level","NC Route","Dry","Two-Way, Not Divided","None","No Special Feature","Smooth Asphalt",0,1,0,0,0,1,0,"2 lanes",2,0.23,"1333",30000133,"2106"
6588,251,"Wilmington","New Hanover","Coastal","Commercial","Urban (>70% Developed)","MARKET ST","Urban","20 - 25  MPH","Stop Sign","Clear","No",38,"30-39",NA,"No","Facing Traffic","B: Evident Injury","Sidewalk / Crosswalk / Driveway Crossing","Black","Male",23,"20-24",NA,"No","0-5 mph","O: No Injury","White","Female","Passenger Car","No","22MAY2014","Thursday","Motorist Failed to Yield - Sign-Controlled Intersection",11,"Intersection","May","B: Evident Injury",39660,"Motorist Drive Out - Sign-Controlled Intersection",2014,"Yes","No","Daylight","Straight - Level","Local Street","Dry","Two-Way, Not Divided","None","T-Intersection","Coarse Asphalt",0,1,0,0,0,1,0,"5 lanes",2,0,"DARLINGTON AVE",29000017,"COVIL AVE"
6589,271,"Fayetteville","Cumberland","Coastal","Commercial","Urban (>70% Developed)","PERSON ST","Urban","30 - 35  MPH","No Control Present","Clear","No",34,"30-39",NA,"Yes- Alcohol and Drugs, impairment suspected","With Traffic","C: Possible Injury","Travel Lane","Black","Male",NA,"70+",NA,"No","0-5 mph","O: No Injury","White","Male","Passenger Car","Yes","07JUN2014","Saturday","Motorist Overtaking Bicyclist",11,"Non-Intersection","June","C: Possible Injury",42720,"Motorist Overtaking - Bicyclist Swerved",2014,"Yes","No","Daylight","Straight - Level","Local Street","Dry","Two-Way, Not Divided","None","No Special Feature","Smooth Asphalt",0,0,1,0,0,1,0,"5 lanes",2,0.06,"B ST",50023902,"N KENNEDY ST"
6590,276,"Durham","Durham","Piedmont","Commercial","Urban (>70% Developed)","DOUGLAS ST","Urban","30 - 35  MPH","Stop And Go Signal","Clear","No",20,"20-24",NA,"No","With Traffic","C: Possible Injury","Sidewalk / Crosswalk / Driveway Crossing","White","Male",61,"60-69",NA,"No","0-5 mph","O: No Injury","White","Female","Passenger Car","No","23JUN2014","Monday","Motorist Failed to Yield - Signalized Intersection",13,"Intersection","June","C: Possible Injury",47820,"Motorist Drive Out - Signalized Intersection",2014,"Yes","No","Daylight","Straight - Level","Local Street","Dry","Two-Way, Not Divided","None","No Special Feature","Coarse Asphalt",0,0,1,0,0,1,0,"2 lanes",2,0,"ERWIN RD",40001320,"GENOME CT"
6591,255,"Concord","Cabarrus","Piedmont","Commercial","Urban (>70% Developed)","CONCORD PKWY N","Urban","40 - 45  MPH","Stop Sign","Clear","No",47,"40-49",NA,"No","Facing Traffic","A: Disabling Injury","Travel Lane","Black","Male",45,"40-49",NA,"No",NA,"O: No Injury","White","Female","Light Truck (Mini-Van, Panel)","No","04JUN2014","Wednesday","Motorist Failed to Yield - Midblock",16,"Non-Intersection","June","A: Disabling Injury",58800,"Motorist Drive Out - Commercial Driveway / Alley",2014,"Yes","No","Daylight","Straight - Grade","US Route","Dry","Two-Way, Not Divided","None","Driveway, Public","Coarse Asphalt",1,0,0,0,0,1,0,"4 lanes",2,0.1,"POPLAR TENT RD",20000029,"BARNHARDT AVE"
6592,250,"Raleigh","Wake","Piedmont","Residential","Urban (>70% Developed)","EVA MAE DR","Urban","20 - 25  MPH","Stop Sign","Clear","No",14,"11-15",NA,"No","Facing Traffic","B: Evident Injury","Travel Lane","Black","Male",24,"20-24",NA,"No","21-25 mph","O: No Injury","Black","Female","Passenger Car","No","10JUN2014","Tuesday","Bicyclist Failed to Yield - Sign-Controlled Intersection",19,"Intersection","June","B: Evident Injury",71160,"Bicyclist Ride Through - Sign-Controlled Intersection",2014,"Yes","No","Daylight","Straight - Level","Local Street","Dry","Two-Way, Not Divided","None","Four-Way Intersection","Smooth Asphalt",0,1,0,0,0,1,0,"2 lanes",2,0,"HERITAGE MANOR DR",50009959,"NEW HOPE RD"
6593,224,"None - Rural Crash","Robeson","Coastal","Residential","Rural (<30% Developed)","SR 1515","Rural","50 - 55  MPH","Double Yellow Line, No Passing Zone","Clear","No",50,"50-59",NA,"No","Facing Traffic","C: Possible Injury","Travel Lane","Native American","Male",NA,NA,NA,NA,"41-45 mph","Unknown Injury","Unknown/Missing",NA,NA,"No","03JUN2014","Tuesday","Head-On",16,"Non-Intersection","June","C: Possible Injury",59520,"Head-On - Bicyclist",2014,"Yes","Yes","Daylight","Straight - Level","State Secondary Route","Dry","Two-Way, Not Divided","None","No Special Feature","Coarse Asphalt",0,0,1,0,0,1,0,"2 lanes",2,0.1,"1513",40001515,"1522"
6594,266,"None - Rural Crash","Pamlico","Coastal","Farms, Woods, Pastures","Rural (<30% Developed)","SR 1320","Rural","40 - 45  MPH","Human Control","Clear","No",47,"40-49",NA,"No","With Traffic","A: Disabling Injury","Travel Lane","White","Male",35,"30-39",NA,"Missing","0-5 mph","O: No Injury","White","Male","Truck/Trailer","No","03APR2014","Thursday","Bicyclist Overtaking Motorist",13,"Non-Intersection","April","A: Disabling Injury",48600,"Bicyclist Overtaking - Parked Vehicle",2014,"Yes","No","Daylight","Straight - Level","State Secondary Route","Dry","Two-Way, Not Divided","None","No Special Feature","Coarse Asphalt",1,0,0,0,0,1,0,"2 lanes",2,0.9,"1321",40001320,"1317"
6595,233,"Raleigh","Wake","Piedmont","Commercial","Urban (>70% Developed)","EDENTON ST","Urban","30 - 35  MPH","No Control Present","Clear","No",56,"50-59",NA,"No","With Traffic","B: Evident Injury","Travel Lane","White","Male",24,"20-24",NA,"No","0-5 mph","O: No Injury","White","Male","Sport Utility","No","01JUN2014","Sunday","Bicyclist Overtaking Motorist",16,"Non-Intersection","June","B: Evident Injury",59760,"Bicyclist Overtaking - Extended Door",2014,"Yes","No","Daylight","Straight - Level","Local Street","Dry","One-Way, Not Divided","None","No Special Feature","Smooth Asphalt",0,1,0,0,0,1,0,"2 lanes",2,0.023,"N MCDOWELL ST",40003008,"DAWSON ST"
6596,143,"Wilmington","New Hanover","Coastal","Commercial","Urban (>70% Developed)","INDEPENDENCE BVD","Urban","30 - 35  MPH","Stop And Go Signal","Clear","No",53,"50-59",NA,"No","Facing Traffic","C: Possible Injury","Travel Lane","Black","Male",NA,NA,NA,NA,"31-35 mph","Unknown Injury","Unknown/Missing",NA,NA,"No","12MAR2014","Wednesday","Motorist Right Turn / Merge",14,"Intersection","March","C: Possible Injury",51780,"Motorist Right Turn - Opposite Direction",2014,"Yes","Yes","Daylight","Straight - Level","Local Street","Dry","Two-Way, Divided, Unprotected Median","None","Four-Way Intersection","Coarse Asphalt",0,0,1,0,0,1,0,"7 lanes",2,0,"WRIGHTSVILLE AVE",40001209,"RANDALL PKY"
6597,131,"Raleigh","Wake","Piedmont","Commercial","Urban (>70% Developed)","E MARTIN ST","Urban","30 - 35  MPH","Stop And Go Signal","Clear","Yes",27,"25-29",NA,"No","With Traffic","C: Possible Injury","Sidewalk / Crosswalk / Driveway Crossing","White","Female",46,"40-49",NA,"No","0-5 mph","C: Possible Injury","Black","Male","Passenger Car","No","10APR2014","Thursday","Motorist Left Turn / Merge",15,"Intersection","April","C: Possible Injury",55440,"Motorist Left Turn - Opposite Direction",2014,"Yes","No","Daylight","Straight - Level","Local Street","Dry","Two-Way, Not Divided","Work Zone","Four-Way Intersection","Smooth Asphalt",0,0,1,0,0,1,0,NA,2,0,"S BLOUNT ST",50019046,"WOLFE ST"
6598,149,"Wilmington","New Hanover","Coastal","Commercial","Urban (>70% Developed)","CAROLINA BEACH RD","Urban","30 - 35  MPH","No Control Present","Clear","No",13,"11-15",NA,"No","Not Applicable","C: Possible Injury","Travel Lane","Black","Male",32,"30-39",NA,"No","31-35 mph","O: No Injury","Black","Male","Passenger Car","No","04APR2014","Friday","Crossing Paths - Other Circumstances",17,"Intersection-Related","April","C: Possible Injury",62880,"Crossing Paths - Uncontrolled Intersection",2014,"Yes","No","Daylight","Straight - Level","Local Street","Dry","Two-Way, Not Divided","None","No Special Feature","Smooth Asphalt",0,0,1,0,0,1,0,"4 lanes",2,0.009,"S FRONT ST",20000421,"S 3RD ST"
6599,136,"None - Rural Crash","Lincoln","Piedmont","Farms, Woods, Pastures","Rural (<30% Developed)","NC 27","Rural","50 - 55  MPH","Double Yellow Line, No Passing Zone","Clear","No",24,"20-24",NA,"No","With Traffic","B: Evident Injury","Other","White","Male",NA,"70+",NA,"No","41-45 mph","O: No Injury","White","Female","Sport Utility","No","11APR2014","Friday","Loss of Control / Turning Error",20,"Non-Intersection","April","B: Evident Injury",74340,"Motorist Lost Control - Other / Unknown",2014,"Yes","No","Dark - Roadway Not Lighted","Straight - Level","NC Route","Dry","Two-Way, Not Divided","None","No Special Feature","Smooth Asphalt",0,1,0,0,0,1,0,"2 lanes",2,0.2,"1186",30000027,"1187"
6600,147,"Mooresville","Iredell","Piedmont","Commercial","Urban (>70% Developed)","MAIN ST","Urban","20 - 25  MPH","Stop And Go Signal","Clear","No",30,"30-39",NA,"No","With Traffic","B: Evident Injury","Sidewalk / Crosswalk / Driveway Crossing","White","Male",44,"40-49",NA,"No","11-15 mph","O: No Injury","White","Male","Passenger Car","No","02APR2014","Wednesday","Motorist Right Turn / Merge",16,"Intersection","April","B: Evident Injury",59460,"Motorist Right Turn - Same Direction",2014,"No","No","Daylight","Straight - Level","Local Street","Dry","Two-Way, Not Divided","None","Four-Way Intersection","Smooth Asphalt",0,1,0,0,1,2,0,"3 lanes",2,0,"E MCLELLAND AVE",30000115,"S CHURCH ST"
6601,4687,"Midway","Davidson","Piedmont","Farms, Woods, Pastures","Rural (<30% Developed)",NA,"Rural","50 - 55  MPH","Double Yellow Line, No Passing Zone","Clear","No",51,"50-59","No",NA,"With Traffic","K: Killed","Travel Lane","White","Male",63,"60-69","No",NA,"0-5 mph","O: No Injury","White","Male","Pickup","No","07MAR2009","Saturday","Bicyclist Overtaking Motorist",11,"Non-Intersection","March","K: Killed",42240,"Bicyclist Overtaking - Other / Unknown",2009,"Yes","No","Daylight","Curve - Level","State Secondary Route","Dry","One-Way, Not Divided","None","Driveway, Private","Smooth Asphalt",0,0,0,0,0,0,0,"2 lanes",2,0,NA,0,NA
6602,4698,"None - Rural Crash","Wake","Piedmont","Farms, Woods, Pastures","Rural (<30% Developed)",NA,"Rural","40 - 45  MPH","Double Yellow Line, No Passing Zone","Clear","No",22,"20-24","No",NA,"With Traffic","B: Evident Injury","Travel Lane","White","Male",21,"20-24","No",NA,"6-10 mph","O: No Injury","White","Male","Pickup","No","19MAR2009","Thursday","Bicyclist Failed to Yield - Sign-Controlled Intersection",15,"Intersection","March","B: Evident Injury",54420,"Bicyclist Ride Out - Sign-Controlled Intersection",2009,"Yes","No","Daylight","Curve - Grade","State Secondary Route","Dry","Two-Way, Not Divided","None","T-Intersection","Coarse Asphalt",0,0,0,0,0,0,0,"2 lanes",2,0,NA,0,NA
6603,4706,"Greensboro","Guilford","Piedmont","Commercial","Urban (>70% Developed)",NA,"Urban","30 - 35  MPH","Stop Sign","Clear","No",13,"11-15","No",NA,"Not Applicable","B: Evident Injury","Travel Lane","Black","Male",NA,NA,"Missing",NA,"36-40 mph","Unknown Injury","Unknown/Missing",NA,"Passenger Car","No","07MAR2009","Saturday","Bicyclist Failed to Yield - Midblock",16,"Non-Intersection","March","B: Evident Injury",61140,"Bicyclist Ride Out - Other Midblock",2009,"Yes","Yes","Daylight","Straight - Level","Local Street","Dry","Two-Way, Not Divided","None","No Special Feature","Smooth Asphalt",0,0,0,0,0,0,0,"7 lanes",2,0,NA,0,NA
6604,4717,"Fayetteville","Cumberland","Coastal","Commercial","Urban (>70% Developed)",NA,"Urban","30 - 35  MPH","Stop Sign","Clear","No",20,"20-24","No",NA,"Facing Traffic","C: Possible Injury","Travel Lane","Hispanic",NA,20,"20-24","No",NA,"6-10 mph","O: No Injury","White","Male","Passenger Car","No","21FEB2009","Saturday","Motorist Failed to Yield - Sign-Controlled Intersection",22,"Intersection","February","C: Possible Injury",82620,"Motorist Drive Out - Sign-Controlled Intersection",2009,"No","No","Dark - Lighted Roadway","Straight - Level","Public Vehicular Area","Dry","Two-Way, Divided, Unprotected Median","None","No Special Feature","Coarse Asphalt",0,0,0,0,0,0,0,NA,2,0,NA,0,NA
6605,4721,"Andrews","Cherokee","Mountains","Commercial","Mixed (30% To 70% Developed)",NA,"Rural","30 - 35  MPH","No Control Present","Clear","No",19,"16-19","No",NA,NA,"B: Evident Injury",NA,"White","Male",30,"30-39","No",NA,"31-35 mph","O: No Injury","White","Male","Passenger Car","No","06MAR2009","Friday","Other / Unknown - Insufficient Details",19,"Unknown Location","March","B: Evident Injury",69480,"Unknown Location",2009,"Yes","No","Dark - Lighted Roadway","Straight - Level","US Route","Dry","Two-Way, Not Divided","None","No Special Feature","Smooth Asphalt",0,0,0,0,0,0,0,"3 lanes",2,0,NA,0,NA
6606,4731,"None - Rural Crash","Rockingham","Piedmont","Farms, Woods, Pastures","Rural (<30% Developed)",NA,"Rural","50 - 55  MPH","No Control Present","Clear","No",9,"6-10","No",NA,"With Traffic","C: Possible Injury","Travel Lane","White","Male",48,"40-49","No",NA,"46-50 mph","O: No Injury","White","Female","Sport Utility","No","20MAR2009","Friday","Bicyclist Left Turn / Merge",17,"Non-Intersection","March","C: Possible Injury",62400,"Bicyclist Left Turn - Same Direction",2009,"No","No","Daylight","Straight - Level","State Secondary Route","Dry","Two-Way, Not Divided","None","Driveway, Private","Smooth Asphalt",0,0,0,0,0,0,0,"2 lanes",2,0,NA,0,NA
6607,4733,"None - Rural Crash","Harnett","Coastal","Commercial","Mixed (30% To 70% Developed)",NA,"Rural","30 - 35  MPH","Double Yellow Line, No Passing Zone","Clear","No",26,"25-29","No",NA,"With Traffic","C: Possible Injury","Travel Lane","White","Male",NA,"70+","No",NA,"31-35 mph","O: No Injury","White","Male","Passenger Car","No","04MAR2009","Wednesday","Motorist Left Turn / Merge",18,"Intersection","March","C: Possible Injury",66300,"Motorist Left Turn - Opposite Direction",2009,"Yes","No","Daylight","Straight - Level","NC Route","Dry","Two-Way, Not Divided","None","Four-Way Intersection","Smooth Asphalt",0,0,0,0,0,0,0,"2 lanes",2,0,NA,0,NA
6608,4736,"Charlotte","Mecklenburg","Piedmont","Commercial","Mixed (30% To 70% Developed)",NA,"Urban","30 - 35  MPH","No Control Present","Clear","No",15,"11-15","No",NA,"Facing Traffic","B: Evident Injury","Travel Lane","Black","Male",NA,NA,"Missing",NA,"6-10 mph","Unknown Injury","Unknown/Missing",NA,NA,"No","01APR2009","Wednesday","Crossing Paths - Other Circumstances",20,"Intersection","April","B: Evident Injury",73620,"Sign-Controlled Intersection - Other / Unknown",2009,"Yes","Yes","Dark - Lighted Roadway","Straight - Level","Local Street","Dry","Two-Way, Not Divided","None","Four-Way Intersection","Smooth Asphalt",0,0,0,0,0,0,0,"2 lanes",2,0,NA,0,NA
6609,4737,"Winston-Salem","Forsyth","Piedmont","Residential","Urban (>70% Developed)",NA,"Urban","30 - 35  MPH","No Control Present","Cloudy","No",13,"11-15","No",NA,"With Traffic","B: Evident Injury","Travel Lane","Hispanic","Male",23,"20-24","No",NA,"11-15 mph","O: No Injury","White","Male","Van","No","27MAR2009","Friday","Bicyclist Failed to Yield - Sign-Controlled Intersection",15,"Intersection","March","B: Evident Injury",57480,"Bicyclist Ride Out - Sign-Controlled Intersection",2009,"Yes","No","Daylight","Straight - Grade","Local Street","Wet","Two-Way, Not Divided","None","Four-Way Intersection","Smooth Asphalt",0,0,0,0,0,0,0,"2 lanes",2,0,NA,0,NA
6610,4741,"None - Rural Crash","Yancey","Mountains","Farms, Woods, Pastures","Rural (<30% Developed)",NA,"Rural","30 - 35  MPH","Double Yellow Line, No Passing Zone","Cloudy","No",41,"40-49","No",NA,"With Traffic","B: Evident Injury","Travel Lane","White","Male",21,"20-24","No",NA,"11-15 mph","O: No Injury","White","Male","Passenger Car","No","23MAR2009","Monday","Motorist Left Turn / Merge",15,"Non-Intersection","March","B: Evident Injury",56340,"Motorist Left Turn - Opposite Direction",2009,"Yes","No","Daylight","Curve - Grade","NC Route","Dry","Two-Way, Not Divided","None","No Special Feature","Smooth Asphalt",0,0,0,0,0,0,0,"2 lanes",2,0,NA,0,NA
6611,4754,"None - Rural Crash","Nash","Coastal","Institutional","Mixed (30% To 70% Developed)",NA,"Rural","40 - 45  MPH","Double Yellow Line, No Passing Zone","Clear","No",62,"60-69","No",NA,"With Traffic","C: Possible Injury","Travel Lane","White","Male",51,"50-59","No",NA,"41-45 mph","O: No Injury","White","Female","Passenger Car","No","17APR2009","Friday","Motorist Overtaking Bicyclist",12,"Intersection-Related","April","C: Possible Injury",45180,"Motorist Overtaking - Bicyclist Swerved",2009,"Yes","No","Daylight","Straight - Level","State Secondary Route","Dry","Two-Way, Not Divided","None","Driveway, Public","Coarse Asphalt",0,0,0,0,0,0,0,"3 lanes",2,0,NA,0,NA
6612,4756,"Charlotte","Mecklenburg","Piedmont","Residential","Urban (>70% Developed)",NA,"Urban","30 - 35  MPH","No Control Present","Clear","No",16,"16-19","No",NA,"Not Applicable","B: Evident Injury",NA,"Black","Male",NA,NA,"Missing",NA,"26-30 mph","Unknown Injury","Unknown/Missing",NA,NA,"No","15APR2009","Wednesday","Bicyclist Failed to Yield - Midblock",0,"Non-Intersection","April","B: Evident Injury",1260,"Bicyclist Ride Out - Midblock - Unknown",2009,"Yes","Yes","Dark - Lighted Roadway","Straight - Level","Local Street","Dry","Two-Way, Divided, Positive Median Barrier","None","No Special Feature","Smooth Asphalt",0,0,0,0,0,0,0,"4 lanes",2,0,NA,0,NA
6613,4759,"Wilmington","New Hanover","Coastal","Commercial","Urban (>70% Developed)",NA,"Urban","30 - 35  MPH","Stop Sign","Clear","No",13,"11-15","No",NA,"With Traffic","A: Disabling Injury","Travel Lane","Black","Male",38,"30-39","No",NA,"31-35 mph","O: No Injury","White","Male","Pickup","No","18APR2009","Saturday","Bicyclist Failed to Yield - Sign-Controlled Intersection",20,"Intersection","April","A: Disabling Injury",72840,"Bicyclist Ride Out - Sign-Controlled Intersection",2009,"Yes","No","Dark - Lighted Roadway","Straight - Level","US Route","Dry","One-Way, Not Divided","None","Four-Way Intersection","Coarse Asphalt",0,0,0,0,0,0,0,"3 lanes",2,0,NA,0,NA
6614,4761,"Raleigh","Wake","Piedmont","Commercial","Urban (>70% Developed)",NA,"Urban","40 - 45  MPH","Stop And Go Signal","Cloudy","No",20,"20-24","No",NA,"Facing Traffic","B: Evident Injury","Sidewalk / Crosswalk / Driveway Crossing","White","Female",26,"25-29","No",NA,"0-5 mph","O: No Injury","White","Female","Sport Utility","No","23MAR2009","Monday","Motorist Failed to Yield - Signalized Intersection",10,"Intersection","March","B: Evident Injury",38700,"Motorist Drive Out - Signalized Intersection",2009,"No","No","Daylight","Curve - Level","Local Street","Dry","Two-Way, Not Divided","None","Four-Way Intersection","Coarse Asphalt",0,0,0,0,0,0,0,"4 lanes",2,0,NA,0,NA
6615,4765,"Elizabeth City","Pasquotank","Coastal","Commercial","Urban (>70% Developed)",NA,"Urban","50 - 55  MPH","No Control Present","Clear","No",47,"40-49","No",NA,"With Traffic","K: Killed","Travel Lane","Black","Male",24,"20-24","No",NA,"46-50 mph","O: No Injury","Black","Female","Passenger Car","No","13APR2009","Monday","Motorist Overtaking Bicyclist",1,"Non-Intersection","April","K: Killed",5760,"Motorist Overtaking - Other / Unknown",2009,"Yes","No","Dark - Lighted Roadway","Straight - Level","NC Route","Dry","Two-Way, Divided, Unprotected Median","None","No Special Feature","Smooth Asphalt",0,0,0,0,0,0,0,"5 lanes",2,0,NA,0,NA
6616,4769,"Charlotte","Mecklenburg","Piedmont","Residential","Mixed (30% To 70% Developed)",NA,"Urban","40 - 45  MPH","No Control Present","Clear","No",36,"30-39","No",NA,"With Traffic","C: Possible Injury","Travel Lane","White","Male",25,"25-29","No",NA,"41-45 mph","O: No Injury","White","Male","Passenger Car","No","23APR2009","Thursday","Motorist Overtaking Bicyclist",7,"Non-Intersection","April","C: Possible Injury",27000,"Motorist Overtaking - Other / Unknown",2009,"Yes","No","Daylight","Straight - Level","Local Street","Dry","Two-Way, Not Divided","None","No Special Feature","Coarse Asphalt",0,0,0,0,0,0,0,"2 lanes",2,0,NA,0,NA
6617,4774,"Garysburg","Northampton","Coastal","Farms, Woods, Pastures","Rural (<30% Developed)",NA,"Rural","40 - 45  MPH","No Control Present","Clear","No",48,"40-49","No",NA,"With Traffic","B: Evident Injury","Travel Lane","Black","Male",NA,NA,"No",NA,"41-45 mph","Unknown Injury","Unknown/Missing","Male",NA,"No","01MAY2009","Friday","Motorist Overtaking Bicyclist",20,"Non-Intersection","May","B: Evident Injury",72000,"Motorist Overtaking - Other / Unknown",2009,"Yes","Yes","Daylight","Straight - Level","NC Route","Dry","Two-Way, Not Divided","None","No Special Feature","Smooth Asphalt",0,0,0,0,0,0,0,"2 lanes",2,0,NA,0,NA
6618,4783,"Greenville","Pitt","Coastal","Residential","Urban (>70% Developed)",NA,"Urban","30 - 35  MPH","No Control Present","Cloudy","No",58,"50-59","No",NA,"With Traffic","B: Evident Injury","Bike Lane / Paved Shoulder","Black","Male",52,"50-59","No",NA,"31-35 mph","O: No Injury","Black","Male","Passenger Car","No","26MAR2009","Thursday","Motorist Overtaking Bicyclist",4,"Non-Intersection","March","B: Evident Injury",17940,"Motorist Overtaking - Other / Unknown",2009,"Yes","No","Dark - Roadway Not Lighted","Straight - Level","Local Street","Dry","Two-Way, Divided, Unprotected Median","None","No Special Feature","Smooth Asphalt",0,0,0,0,0,0,0,"3 lanes",2,0,NA,0,NA
6619,4789,"None - Rural Crash","Chatham","Piedmont","Farms, Woods, Pastures","Rural (<30% Developed)",NA,"Rural","40 - 45  MPH","Double Yellow Line, No Passing Zone","Clear","No",48,"40-49","No",NA,"With Traffic","B: Evident Injury","Travel Lane","White","Male",61,"60-69","No",NA,"41-45 mph","O: No Injury","White","Male","Pickup","No","08MAY2009","Friday","Motorist Overtaking Bicyclist",11,"Non-Intersection","May","B: Evident Injury",39600,"Motorist Overtaking - Misjudged Space",2009,"No","No","Daylight","Straight - Level","NC Route","Dry","Two-Way, Not Divided","None","No Special Feature","Smooth Asphalt",0,0,0,0,0,0,0,"2 lanes",2,0,NA,0,NA
6620,4790,"None - Rural Crash","New Hanover","Coastal","Residential","Urban (>70% Developed)",NA,"Rural","5 - 15 MPH","Stop Sign","Clear","No",60,"60-69","No",NA,"Facing Traffic","C: Possible Injury","Bike Lane / Paved Shoulder","White","Female",19,"0-19","No",NA,"0-5 mph","O: No Injury","Black","Female","Passenger Car","No","08MAY2009","Friday","Motorist Failed to Yield - Sign-Controlled Intersection",18,"Intersection","May","C: Possible Injury",67800,"Motorist Drive Out - Sign-Controlled Intersection",2009,"Yes","No","Daylight","Straight - Level","Public Vehicular Area","Dry","Two-Way, Not Divided","None","T-Intersection","Smooth Asphalt",0,0,0,0,0,0,0,"2 lanes",2,0,NA,0,NA
6621,4791,"None - Rural Crash","Northampton","Coastal","Farms, Woods, Pastures","Rural (<30% Developed)",NA,"Rural","50 - 55  MPH","Double Yellow Line, No Passing Zone","Clear","No",NA,NA,"No",NA,"With Traffic","Unknown Injury","Travel Lane","Black","Male",21,"20-24","No",NA,"51-55 mph","O: No Injury","Black","Female","Passenger Car","No","08MAY2009","Friday","Motorist Overtaking Bicyclist",19,"Non-Intersection","May","O: No Injury",70560,"Motorist Overtaking - Other / Unknown",2009,"No","No","Daylight","Straight - Level","NC Route","Dry","Two-Way, Not Divided","None","No Special Feature","Coarse Asphalt",0,0,0,0,0,0,0,"2 lanes",2,0,NA,0,NA
6622,4794,"Statesville","Iredell","Piedmont","Commercial","Urban (>70% Developed)",NA,"Urban","30 - 35  MPH","No Control Present","Clear","No",30,"30-39","No",NA,"Facing Traffic","O: No Injury","Travel Lane","White","Female",16,"0-19","No",NA,"31-35 mph","B: Evident Injury","Black","Male","Passenger Car","No","30APR2009","Thursday","Motorist Overtaking Bicyclist",19,"Non-Intersection","April","B: Evident Injury",69900,"Motorist Overtaking - Bicyclist Swerved",2009,"Yes","No","Daylight","Straight - Level","Local Street","Dry","Two-Way, Not Divided","None","No Special Feature","Coarse Asphalt",0,0,0,0,0,0,0,"2 lanes",2,0,NA,0,NA
6623,4798,"Durham","Durham","Piedmont","Residential","Urban (>70% Developed)",NA,"Urban","30 - 35  MPH","No Control Present","Clear","No",7,"6-10","No",NA,"With Traffic","C: Possible Injury","Travel Lane","Black","Male",41,"40-49","No",NA,"11-15 mph","O: No Injury","Black","Male","Passenger Car","No","01MAY2009","Friday","Bicyclist Left Turn / Merge",16,"Non-Intersection","May","C: Possible Injury",58500,"Bicyclist Left Turn - Same Direction",2009,"Yes","No","Daylight","Straight - Grade","Local Street","Dry","Two-Way, Not Divided","None","No Special Feature","Smooth Asphalt",0,0,0,0,0,0,0,"2 lanes",2,0,NA,0,NA
6624,4800,"Boone","Watauga","Mountains","Commercial","Urban (>70% Developed)",NA,"Urban","20 - 25  MPH","Stop Sign","Clear","No",25,"25-29","No",NA,"With Traffic","B: Evident Injury","Travel Lane","White","Male",19,"0-19","No",NA,"0-5 mph","O: No Injury","White","Female","Passenger Car","No","05MAY2009","Tuesday","Motorist Left Turn / Merge",19,"Non-Intersection","May","B: Evident Injury",69120,"Motorist Left Turn - Opposite Direction",2009,"No","No","Daylight","Straight - Level","Local Street","Dry","Two-Way, Not Divided","None","No Special Feature","Smooth Asphalt",0,0,0,0,0,0,0,"2 lanes",2,0,NA,0,NA