"...1","object_id","city","county","region","development","locality","on_road","rural_urban","speed_limit","traffic_control","weather","workzone","bike_age","bike_age_group","bike_alcohol","bike_alcohol_drugs","bike_direction","bike_injury","bike_position","bike_race","bike_sex","driver_age","driver_age_group","driver_alcohol","driver_alcohol_drugs","driver_est_speed","driver_injury","driver_race","driver_sex","driver_vehicle_type","crash_alcohol","crash_date","crash_day","crash_group","crash_hour","crash_location","crash_month","crash_severity","crash_time","crash_type","crash_year","ambulance_req","hit_run","light_condition","road_character","road_class","road_condition","road_configuration","road_defects","road_feature","road_surface","num_bikes_ai","num_bikes_bi","num_bikes_ci","num_bikes_ki","num_bikes_no","num_bikes_to","num_bikes_ui","num_lanes","num_units","distance_mi_from","frm_road","rte_invd_cd","towrd_road"
6625,4802,"High Point","Guilford","Piedmont","Residential","Urban (>70% Developed)",NA,"Urban","40 - 45  MPH","No Control Present","Cloudy","No",39,"30-39","No",NA,"With Traffic","B: Evident Injury","Travel Lane","White","Male",NA,"70+","No",NA,"31-35 mph","O: No Injury","White","Male","Passenger Car","No","01MAY2009","Friday","Motorist Overtaking Bicyclist",6,"Non-Intersection","May","B: Evident Injury",24300,"Motorist Overtaking - Undetected Bicyclist",2009,"Yes","No","Dawn","Curve - Hillcrest","NC Route","Dry","Two-Way, Not Divided","None","No Special Feature","Smooth Asphalt",0,0,0,0,0,0,0,"5 lanes",2,0,NA,0,NA
6626,4806,"Raleigh","Wake","Piedmont","Commercial","Urban (>70% Developed)",NA,"Urban","30 - 35  MPH","Stop And Go Signal","Clear","No",20,"20-24","No",NA,"Facing Traffic","C: Possible Injury","Sidewalk / Crosswalk / Driveway Crossing","White","Female",51,"50-59","No",NA,"0-5 mph","O: No Injury","White","Female","Sport Utility","No","16APR2009","Thursday","Motorist Failed to Yield - Signalized Intersection",9,"Intersection","April","C: Possible Injury",35520,"Motorist Drive Out - Signalized Intersection",2009,"Yes","No","Daylight","Straight - Level","Local Street","Dry","One-Way, Not Divided","None","Four-Way Intersection","Coarse Asphalt",0,0,0,0,0,0,0,"2 lanes",2,0,NA,0,NA
6627,4807,"Charlotte","Mecklenburg","Piedmont","Residential","Urban (>70% Developed)",NA,"Urban","5 - 15 MPH","No Control Present","Clear","No",9,"6-10","No",NA,"Not Applicable","C: Possible Injury","Non-Roadway","White","Male",19,"0-19","No",NA,"0-5 mph","O: No Injury","White","Female","Sport Utility","No","08MAY2009","Friday","Non-Roadway",18,"Non-Roadway","May","C: Possible Injury",67740,"Non-Roadway",2009,"No","No","Daylight","Straight - Hillcrest","Public Vehicular Area","Dry","Two-Way, Not Divided","None","Driveway, Private","Smooth Asphalt",0,0,0,0,0,0,0,NA,2,0,NA,0,NA
6628,4811,"Raleigh","Wake","Piedmont","Residential","Urban (>70% Developed)",NA,"Urban","30 - 35  MPH","No Control Present","Clear","No",NA,NA,"No",NA,"Not Applicable","O: No Injury","Non-Roadway","Black","Male",NA,NA,"Missing",NA,NA,"Unknown Injury","Unknown/Missing",NA,"Passenger Car","No","19APR2009","Sunday","Non-Roadway",16,"Non-Roadway","April","O: No Injury",60900,"Non-Roadway",2009,"No","No","Daylight","Straight - Level","Public Vehicular Area","Dry","Two-Way, Not Divided","None","No Special Feature","Concrete",0,0,0,0,0,0,0,"2 lanes",2,0,NA,0,NA
6629,4822,"Huntersville","Mecklenburg","Piedmont","Residential","Mixed (30% To 70% Developed)",NA,"Urban","40 - 45  MPH","Double Yellow Line, No Passing Zone","Clear","No",39,"30-39","No",NA,"With Traffic","C: Possible Injury","Travel Lane","White","Male",37,"30-39","No",NA,NA,"O: No Injury","White","Female",NA,"No","12MAY2009","Tuesday","Motorist Overtaking Bicyclist",19,"Intersection","May","C: Possible Injury",71760,"Motorist Overtaking - Misjudged Space",2009,"No","Yes","Daylight","Straight - Grade","NC Route","Dry","Two-Way, Not Divided","None","No Special Feature","Smooth Asphalt",0,0,0,0,0,0,0,"2 lanes",2,0,NA,0,NA
6630,4823,"None - Rural Crash","Brunswick","Coastal","Commercial","Urban (>70% Developed)",NA,"Rural","40 - 45  MPH","Double Yellow Line, No Passing Zone","Cloudy","No",13,"11-15","No",NA,"With Traffic","C: Possible Injury","Travel Lane","Hispanic","Male",20,"20-24","No",NA,"41-45 mph","O: No Injury","White","Female","Van","No","25MAY2009","Monday","Bicyclist Left Turn / Merge",16,"Non-Intersection","May","C: Possible Injury",57600,"Bicyclist Left Turn - Same Direction",2009,"Yes","No","Daylight","Straight - Level","NC Route","Dry","Two-Way, Not Divided","None","Driveway, Public","Coarse Asphalt",0,0,0,0,0,0,0,"2 lanes",2,0,NA,0,NA
6631,4824,"Charlotte","Mecklenburg","Piedmont","Residential","Urban (>70% Developed)",NA,"Urban","40 - 45  MPH","No Control Present","Clear","No",4,"0-5","No",NA,"With Traffic","B: Evident Injury","Travel Lane","Black","Male",63,"60-69","No",NA,"41-45 mph","O: No Injury","White","Male","Passenger Car","No","11MAY2009","Monday","Crossing Paths - Other Circumstances",16,"Intersection-Related","May","B: Evident Injury",59100,"Crossing Paths - Uncontrolled Intersection",2009,"Yes","No","Daylight","Straight - Level","Local Street","Dry","Two-Way, Not Divided","None","No Special Feature","Coarse Asphalt",0,0,0,0,0,0,0,"2 lanes",2,0,NA,0,NA
6632,4832,"Conover","Catawba","Piedmont","Commercial","Urban (>70% Developed)",NA,"Urban","40 - 45  MPH","No Control Present","Clear","No",44,"40-49","No",NA,"With Traffic","B: Evident Injury","Travel Lane","White","Male",19,"0-19","No",NA,"41-45 mph","O: No Injury","White","Male","Pickup","No","31MAY2009","Sunday","Motorist Overtaking Bicyclist",18,"Non-Intersection","May","B: Evident Injury",66360,"Motorist Overtaking - Other / Unknown",2009,"Yes","No","Daylight","Straight - Level","Local Street","Dry","Two-Way, Not Divided","None","No Special Feature","Smooth Asphalt",0,0,0,0,0,0,0,"2 lanes",2,0,NA,0,NA
6633,4834,"Rocky Mount","Edgecombe","Coastal","Residential","Urban (>70% Developed)",NA,"Urban","30 - 35  MPH","Stop Sign","Clear","No",54,"50-59","Yes",NA,"With Traffic","C: Possible Injury","Travel Lane","Black","Male",35,"30-39","No",NA,"26-30 mph","O: No Injury","Black","Female","Passenger Car","Yes","03APR2009","Friday","Bicyclist Failed to Yield - Sign-Controlled Intersection",14,"Intersection","April","C: Possible Injury",50880,"Bicyclist Ride Out - Sign-Controlled Intersection",2009,"No","No","Daylight","Straight - Level","Local Street","Dry","Two-Way, Not Divided","None","No Special Feature","Smooth Asphalt",0,0,0,0,0,0,0,"4 lanes",2,0,NA,0,NA
6634,4837,"Shelby","Cleveland","Mountains","Residential","Urban (>70% Developed)",NA,"Urban","30 - 35  MPH","No Control Present","Clear","No",8,"6-10","No",NA,"Not Applicable","B: Evident Injury",NA,"Black","Male",32,"30-39","No",NA,"6-10 mph","O: No Injury","Black","Female","Passenger Car","No","19MAY2009","Tuesday","Bicyclist Failed to Yield - Midblock",19,"Non-Intersection","May","B: Evident Injury",70200,"Multiple Threat - Midblock",2009,"Yes","No","Daylight","Curve - Grade","Local Street","Dry","Two-Way, Not Divided","None","No Special Feature","Coarse Asphalt",0,0,0,0,0,0,0,"2 lanes",2,0,NA,0,NA
6635,4842,"None - Rural Crash","Orange","Piedmont","Farms, Woods, Pastures","Rural (<30% Developed)",NA,"Rural","40 - 45  MPH","Double Yellow Line, No Passing Zone","Clear","No",64,"60-69","No",NA,"With Traffic","C: Possible Injury","Bike Lane / Paved Shoulder","White","Male",NA,NA,"No",NA,"36-40 mph","Unknown Injury","Unknown/Missing",NA,NA,"No","02JUN2009","Tuesday","Loss of Control / Turning Error",9,"Non-Intersection","June","C: Possible Injury",33180,"Motorist Lost Control - Other / Unknown",2009,"No","Yes","Daylight","Straight - Level","NC Route","Dry","Two-Way, Not Divided","None","No Special Feature","Smooth Asphalt",0,0,0,0,0,0,0,"2 lanes",2,0,NA,0,NA
6636,4843,"None - Rural Crash","Chowan","Coastal","Farms, Woods, Pastures","Rural (<30% Developed)",NA,"Rural","40 - 45  MPH","Double Yellow Line, No Passing Zone","Clear","No",36,"30-39","No",NA,"With Traffic","O: No Injury","Bike Lane / Paved Shoulder","White","Female",59,"50-59","No",NA,"31-35 mph","O: No Injury","Black","Male","Pickup","No","01JUN2009","Monday","Motorist Overtaking Bicyclist",11,"Non-Intersection","June","O: No Injury",40920,"Motorist Overtaking - Misjudged Space",2009,"No","No","Daylight","Straight - Level","State Secondary Route","Dry","Two-Way, Not Divided","None","No Special Feature","Smooth Asphalt",0,0,0,0,0,0,0,"2 lanes",2,0,NA,0,NA
6637,4846,"Oak Island","Brunswick","Coastal","Residential","Urban (>70% Developed)",NA,"Urban","30 - 35  MPH","No Control Present","Clear","No",5,"0-5","No",NA,"With Traffic","B: Evident Injury","Travel Lane","White","Female",28,"25-29","No",NA,"36-40 mph","O: No Injury","White","Female","Sport Utility","No","17MAY2009","Sunday","Bicyclist Failed to Yield - Midblock",12,"Non-Intersection","May","B: Evident Injury",43800,"Bicyclist Ride Out - Other Midblock",2009,"Yes","No","Daylight","Straight - Level","Local Street","Dry","Two-Way, Not Divided","None","No Special Feature","Smooth Asphalt",0,0,0,0,0,0,0,"2 lanes",2,0,NA,0,NA
6638,4848,"Greenville","Pitt","Coastal","Commercial","Urban (>70% Developed)",NA,"Urban","30 - 35  MPH","Stop Sign","Cloudy","No",54,"50-59","No",NA,"Facing Traffic","K: Killed","Sidewalk / Crosswalk / Driveway Crossing","Black","Male",26,"25-29","No",NA,NA,"O: No Injury","White","Male","Other Bus","No","26MAR2009","Thursday","Motorist Failed to Yield - Sign-Controlled Intersection",12,"Intersection","March","K: Killed",46380,"Motorist Drive Out - Sign-Controlled Intersection",2009,"Yes","No","Daylight","Straight - Level","State Secondary Route","Wet","Two-Way, Not Divided","None","Four-Way Intersection","Smooth Asphalt",0,0,0,0,0,0,0,"5 lanes",2,0,NA,0,NA
6639,4849,"High Point","Guilford","Piedmont","Commercial","Urban (>70% Developed)",NA,"Urban","30 - 35  MPH","Stop Sign","Cloudy","No",42,"40-49","No",NA,"With Traffic","B: Evident Injury","Travel Lane","Black","Male",18,"0-19","No",NA,"31-35 mph","O: No Injury","White","Male","Passenger Car","No","15MAY2009","Friday","Motorist Left Turn / Merge",22,"Intersection","May","B: Evident Injury",81540,"Motorist Left Turn - Opposite Direction",2009,"Yes","No","Dark - Lighted Roadway","Straight - Level","Local Street","Dry","Two-Way, Not Divided","None","No Special Feature","Coarse Asphalt",0,0,0,0,0,0,0,"2 lanes",2,0,NA,0,NA
6640,4855,"None - Rural Crash","Halifax","Coastal","Residential","Mixed (30% To 70% Developed)",NA,"Rural","40 - 45  MPH","No Control Present","Clear","No",12,"11-15","No",NA,"Not Applicable","B: Evident Injury","Travel Lane","Black","Male",NA,NA,"Missing",NA,"11-15 mph","Unknown Injury","Unknown/Missing",NA,NA,"No","22MAY2009","Friday","Motorist Left Turn / Merge",16,"Non-Intersection","May","B: Evident Injury",58260,"Motorist Left Turn - Same Direction",2009,"Yes","Yes","Daylight","Straight - Level","State Secondary Route","Dry","Two-Way, Divided, Unprotected Median","None","T-Intersection","Smooth Asphalt",0,0,0,0,0,0,0,"3 lanes",2,0,NA,0,NA
6641,4861,"Benson","Johnston","Coastal","Commercial","Mixed (30% To 70% Developed)",NA,"Rural","30 - 35  MPH","Stop And Go Signal","Clear","No",23,"20-24","Yes",NA,"Facing Traffic","C: Possible Injury","Other","Black","Male",49,"40-49","No",NA,"0-5 mph","O: No Injury","Black","Male","Passenger Car","Yes","20MAY2009","Wednesday","Crossing Paths - Other Circumstances",7,"Intersection","May","C: Possible Injury",27300,"Signalized Intersection - Other / Unknown",2009,"Yes","No","Daylight","Straight - Level","Local Street","Dry","Two-Way, Not Divided","None","Four-Way Intersection","Smooth Asphalt",0,0,0,0,0,0,0,"2 lanes",2,0,NA,0,NA
6642,4865,"None - Rural Crash","Guilford","Piedmont","Farms, Woods, Pastures","Rural (<30% Developed)",NA,"Rural","40 - 45  MPH","Double Yellow Line, No Passing Zone","Cloudy","No",42,"40-49","No",NA,"With Traffic","B: Evident Injury","Travel Lane","White","Male",NA,"70+","No",NA,"41-45 mph","O: No Injury","White","Female","Passenger Car","No","24MAY2009","Sunday","Motorist Overtaking Bicyclist",9,"Non-Intersection","May","B: Evident Injury",34620,"Motorist Overtaking - Misjudged Space",2009,"Yes","No","Daylight","Straight - Level","NC Route","Wet","Two-Way, Not Divided","None","No Special Feature","Smooth Asphalt",0,0,0,0,0,0,0,"2 lanes",2,0,NA,0,NA
6643,4873,"Southern Pines","Moore","Piedmont","Commercial","Urban (>70% Developed)",NA,"Urban","20 - 25  MPH","Stop Sign","Cloudy","No",18,"16-19","No",NA,"Facing Traffic","B: Evident Injury","Travel Lane","White","Male",NA,"70+","No",NA,"16-20 mph","O: No Injury","White","Female","Passenger Car","No","27MAY2009","Wednesday","Bicyclist Failed to Yield - Sign-Controlled Intersection",14,"Intersection","May","B: Evident Injury",53820,"Bicyclist Ride Through - Sign-Controlled Intersection",2009,"Yes","No","Daylight","Straight - Level","Local Street","Dry","Two-Way, Divided, Positive Median Barrier","None","Four-Way Intersection","Coarse Asphalt",0,0,0,0,0,0,0,"4 lanes",2,0,NA,0,NA
6644,4874,"Asheville","Buncombe","Mountains","Institutional","Urban (>70% Developed)",NA,"Urban","30 - 35  MPH","Stop And Go Signal","Cloudy","No",57,"50-59","No",NA,"With Traffic","C: Possible Injury","Travel Lane","White","Male",57,"50-59","No",NA,NA,"O: No Injury","White","Female","Passenger Car","No","28MAY2009","Thursday","Bicyclist Failed to Yield - Signalized Intersection",17,"Intersection","May","C: Possible Injury",62640,"Bicyclist Ride Through - Signalized Intersection",2009,"Yes","No","Daylight","Straight - Grade","US Route","Dry","Two-Way, Not Divided","None","Four-Way Intersection","Smooth Asphalt",0,0,0,0,0,0,0,"5 lanes",2,0,NA,0,NA
6645,4877,"Gastonia","Gaston","Piedmont","Commercial","Urban (>70% Developed)",NA,"Urban","30 - 35  MPH","No Control Present","Clear","No",23,"20-24","No",NA,"Facing Traffic","C: Possible Injury","Sidewalk / Crosswalk / Driveway Crossing","White","Male",43,"40-49","No",NA,"0-5 mph","O: No Injury","Black","Male","Sport Utility","No","01JUN2009","Monday","Motorist Failed to Yield - Midblock",14,"Non-Intersection","June","C: Possible Injury",51300,"Motorist Drive Out - Other Midblock",2009,"Yes","No","Daylight","Straight - Grade","NC Route","Dry","Two-Way, Not Divided","None","No Special Feature","Smooth Asphalt",0,0,0,0,0,0,0,"6 lanes",2,0,NA,0,NA
6646,4891,"Elizabeth City","Pasquotank","Coastal","Residential","Mixed (30% To 70% Developed)",NA,"Urban","30 - 35  MPH","Stop And Go Signal","Clear","No",44,"40-49","No",NA,NA,"C: Possible Injury",NA,"Black","Male",37,"30-39","No",NA,"21-25 mph","O: No Injury","White","Male","Van","No","02JUN2009","Tuesday","Other / Unknown - Insufficient Details",5,"Intersection","June","C: Possible Injury",19020,"Unknown Approach Paths",2009,"Yes","No","Daylight","Straight - Grade","Local Street","Wet","Two-Way, Divided, Unprotected Median","None","No Special Feature","Smooth Asphalt",0,0,0,0,0,0,0,"4 lanes",2,0,NA,0,NA
6647,4897,"Morehead City","Carteret","Coastal","Commercial","Urban (>70% Developed)",NA,"Urban","30 - 35  MPH","Stop And Go Signal","Clear","No",18,"16-19","No",NA,"With Traffic","C: Possible Injury","Travel Lane","White","Male",64,"60-69","No",NA,"21-25 mph","O: No Injury","White","Female","Sport Utility","No","20MAY2009","Wednesday","Bicyclist Failed to Yield - Signalized Intersection",8,"Intersection","May","C: Possible Injury",31320,"Bicyclist Ride Out - Signalized  Intersection",2009,"Yes","No","Daylight","Straight - Level","US Route","Dry","Two-Way, Divided, Unprotected Median","None","Four-Way Intersection","Smooth Asphalt",0,0,0,0,0,0,0,"2 lanes",2,0,NA,0,NA
6648,4899,"Angier","Harnett","Coastal","Residential","Mixed (30% To 70% Developed)",NA,"Rural","40 - 45  MPH","Stop Sign","Clear","No",38,"30-39","Yes",NA,"Not Applicable","O: No Injury",NA,"Other","Male",68,"60-69","No",NA,"41-45 mph","B: Evident Injury","White","Female","Motorcycle","Yes","07JUN2009","Sunday","Bicyclist Failed to Yield - Midblock",18,"Non-Intersection","June","B: Evident Injury",66300,"Bicyclist Ride Out - Midblock - Unknown",2009,"Yes","No","Daylight","Curve - Level","NC Route","Dry","Two-Way, Not Divided","None","T-Intersection","Smooth Asphalt",0,0,0,0,0,0,0,"2 lanes",2,0,NA,0,NA
6649,4900,"Greensboro","Guilford","Piedmont","Commercial","Urban (>70% Developed)",NA,"Urban","30 - 35  MPH","No Control Present","Clear","No",46,"40-49","Yes",NA,"With Traffic","C: Possible Injury","Travel Lane","Black","Male",NA,NA,"Missing",NA,"31-35 mph","Unknown Injury","Unknown/Missing",NA,"Passenger Car","Yes","08JUN2009","Monday","Motorist Overtaking Bicyclist",23,"Non-Intersection","June","C: Possible Injury",84660,"Motorist Overtaking - Undetected Bicyclist",2009,"Yes","Yes","Dark - Lighted Roadway","Straight - Level","Local Street","Dry","Two-Way, Not Divided","None","No Special Feature","Smooth Asphalt",0,0,0,0,0,0,0,"4 lanes",2,0,NA,0,NA
6650,4923,"Chapel Hill","Orange","Piedmont","Farms, Woods, Pastures","Mixed (30% To 70% Developed)",NA,"Urban","30 - 35  MPH","Double Yellow Line, No Passing Zone","Clear","No",45,"40-49","No",NA,"With Traffic","C: Possible Injury","Bike Lane / Paved Shoulder","White","Male",NA,NA,"Missing",NA,NA,"Unknown Injury","Unknown/Missing",NA,"Van","No","18JUN2009","Thursday","Bicyclist Overtaking Motorist",17,"Non-Intersection","June","C: Possible Injury",62820,"Bicyclist Overtaking - Other / Unknown",2009,"Yes","No","Daylight","Straight - Level","Local Street","Dry","Two-Way, Not Divided","None","No Special Feature","Smooth Asphalt",0,0,0,0,0,0,0,"2 lanes",2,0,NA,0,NA
6651,4926,"Rocky Mount","Nash","Coastal","Residential","Urban (>70% Developed)",NA,"Urban","30 - 35  MPH","No Control Present","Clear","No",15,"11-15","No",NA,"Not Applicable","A: Disabling Injury","Sidewalk / Crosswalk / Driveway Crossing","Black","Male",40,"40-49","No",NA,"31-35 mph","O: No Injury","Black","Female","Passenger Car","No","31MAY2009","Sunday","Crossing Paths - Other Circumstances",17,"Non-Intersection","May","A: Disabling Injury",62100,"Crossing Paths - Midblock - Other / Unknown",2009,"Yes","No","Daylight","Straight - Level","Local Street","Dry","One-Way, Not Divided","None","Underpass","Coarse Asphalt",0,0,0,0,0,0,0,"2 lanes",2,0,NA,0,NA
6652,4930,"None - Rural Crash","Wake","Piedmont","Farms, Woods, Pastures","Rural (<30% Developed)",NA,"Rural","40 - 45  MPH","Double Yellow Line, No Passing Zone","Clear","No",42,"40-49","No",NA,"With Traffic","B: Evident Injury","Travel Lane","White","Male",27,"25-29","No",NA,"41-45 mph","O: No Injury","White","Male","Passenger Car","No","30JUN2009","Tuesday","Bicyclist Right Turn / Merge",18,"Intersection","June","B: Evident Injury",66600,"Bicyclist Right Turn - Same Direction",2009,"No","No","Daylight","Straight - Grade","State Secondary Route","Dry","Two-Way, Not Divided","None","T-Intersection","Coarse Asphalt",0,0,0,0,0,0,0,"2 lanes",2,0,NA,0,NA
6653,4934,"Holly Springs","Wake","Piedmont","Commercial","Urban (>70% Developed)",NA,"Urban","30 - 35  MPH","No Control Present","Clear","No",9,"6-10","No",NA,NA,"B: Evident Injury",NA,"White","Male",47,"40-49","No",NA,"26-30 mph","O: No Injury","White","Female","Passenger Car","No","03JUN2009","Wednesday","Bicyclist Failed to Yield - Midblock",17,"Non-Intersection","June","B: Evident Injury",64200,"Bicyclist Ride Out - Midblock - Unknown",2009,"No","No","Daylight","Straight - Level","Local Street","Dry","Two-Way, Not Divided","None","Four-Way Intersection","Smooth Asphalt",0,0,0,0,0,0,0,"2 lanes",2,0,NA,0,NA
6654,4936,"High Point","Guilford","Piedmont","Commercial","Urban (>70% Developed)",NA,"Urban","30 - 35  MPH","Stop Sign","Cloudy","No",40,"40-49","No",NA,"Not Applicable","C: Possible Injury","Travel Lane","Black","Male",31,"30-39","No",NA,"0-5 mph","O: No Injury","Black","Female","Passenger Car","No","21JUN2009","Sunday","Motorist Failed to Yield - Midblock",14,"Non-Intersection","June","C: Possible Injury",50580,"Motorist Drive Out - Commercial Driveway / Alley",2009,"Yes","No","Daylight","Straight - Level","US Route","Dry","Two-Way, Divided, Unprotected Median","None","T-Intersection","Smooth Asphalt",0,0,0,0,0,0,0,"5 lanes",2,0,NA,0,NA
6655,4938,"Yadkinville","Yadkin","Mountains","Commercial","Urban (>70% Developed)",NA,"Rural","30 - 35  MPH","Stop And Go Signal","Clear","No",36,"30-39","No",NA,"With Traffic","B: Evident Injury","Travel Lane","White","Male",49,"40-49","No",NA,"0-5 mph","O: No Injury","White","Male","Sport Utility","No","01JUL2009","Wednesday","Motorist Overtaking Bicyclist",10,"Intersection","July","B: Evident Injury",37920,"Motorist Overtaking - Other / Unknown",2009,"Yes","No","Daylight","Straight - Hillcrest","Local Street","Dry","Two-Way, Not Divided","None","Four-Way Intersection","Coarse Asphalt",0,0,0,0,0,0,0,"2 lanes",2,0,NA,0,NA
6656,4942,"None - Rural Crash","Wake","Piedmont","Farms, Woods, Pastures","Rural (<30% Developed)",NA,"Rural","40 - 45  MPH","Double Yellow Line, No Passing Zone","Clear","No",55,"50-59","No",NA,"With Traffic","C: Possible Injury","Travel Lane","White","Male",22,"20-24","No",NA,"41-45 mph","O: No Injury","White","Male","Pickup","No","28JUN2009","Sunday","Motorist Left Turn / Merge",20,"Non-Intersection","June","C: Possible Injury",74280,"Motorist Left Turn - Opposite Direction",2009,"Yes","No","Daylight","Straight - Level","State Secondary Route","Dry","Two-Way, Not Divided","None","No Special Feature","Coarse Asphalt",0,0,0,0,0,0,0,"2 lanes",2,0,NA,0,NA
6657,4945,"Forest City","Rutherford","Mountains","Commercial","Urban (>70% Developed)",NA,"Urban","30 - 35  MPH","Stop And Go Signal","Cloudy","No",44,"40-49","No",NA,"With Traffic","B: Evident Injury","Sidewalk / Crosswalk / Driveway Crossing","White","Male",24,"20-24","No",NA,"31-35 mph","O: No Injury","White","Male","Pickup","No","19JUN2009","Friday","Motorist Right Turn / Merge",11,"Intersection","June","B: Evident Injury",40800,"Motorist Right Turn - Same Direction",2009,"No","No","Daylight","Straight - Level","Local Street","Dry","Two-Way, Not Divided","None","Four-Way Intersection","Smooth Asphalt",0,0,0,0,0,0,0,"3 lanes",2,0,NA,0,NA
6658,4950,"Carolina Beach","New Hanover","Coastal","Commercial","Urban (>70% Developed)",NA,"Urban","30 - 35  MPH","No Control Present","Clear","No",17,"16-19","No",NA,"Not Applicable","C: Possible Injury","Non-Roadway","White","Female",67,"60-69","No",NA,"31-35 mph","O: No Injury","White","Male","Passenger Car","No","18JUN2009","Thursday","Bicyclist Failed to Yield - Midblock",12,"Non-Intersection","June","C: Possible Injury",45480,"Bicyclist Ride Out - Midblock - Unknown",2009,"Yes","No","Daylight","Straight - Level","Local Street","Dry","Two-Way, Not Divided","None","No Special Feature","Coarse Asphalt",0,0,0,0,0,0,0,"4 lanes",2,0,NA,0,NA
6659,4961,"None - Rural Crash","Richmond","Piedmont","Residential","Urban (>70% Developed)",NA,"Rural","30 - 35  MPH","Double Yellow Line, No Passing Zone","Clear","No",48,"40-49","No",NA,"With Traffic","B: Evident Injury","Travel Lane","White","Male",22,"20-24","No",NA,"31-35 mph","Unknown Injury","White","Female","Passenger Car","No","04JUL2009","Saturday","Motorist Overtaking Bicyclist",19,"Intersection","July","B: Evident Injury",70200,"Motorist Overtaking - Other / Unknown",2009,"No","Yes","Daylight","Straight - Level","State Secondary Route","Dry","Two-Way, Not Divided","None","T-Intersection","Smooth Asphalt",0,0,0,0,0,0,0,"2 lanes",2,0,NA,0,NA
6660,4963,"Fayetteville","Cumberland","Coastal","Residential","Urban (>70% Developed)",NA,"Urban","30 - 35  MPH","No Control Present","Clear","No",10,"6-10","No",NA,"With Traffic","B: Evident Injury","Travel Lane","Unknown/Missing","Male",39,"30-39","No",NA,"21-25 mph","O: No Injury","Black","Female","Sport Utility","No","24JUN2009","Wednesday","Bicyclist Failed to Yield - Sign-Controlled Intersection",16,"Intersection","June","B: Evident Injury",59400,"Bicyclist Ride Through - Sign-Controlled Intersection",2009,"No","No","Daylight","Straight - Level","State Secondary Route","Dry","Two-Way, Not Divided","None","T-Intersection","Coarse Asphalt",0,0,0,0,0,0,0,"2 lanes",2,0,NA,0,NA
6661,4969,"Asheville","Buncombe","Mountains","Commercial","Urban (>70% Developed)",NA,"Urban","40 - 45  MPH","Stop And Go Signal","Clear","No",14,"11-15","No",NA,"With Traffic","B: Evident Injury","Travel Lane","White","Male",26,"25-29","No",NA,"41-45 mph","O: No Injury","White","Male","Passenger Car","No","29JUN2009","Monday","Bicyclist Failed to Yield - Signalized Intersection",18,"Intersection","June","B: Evident Injury",65820,"Bicyclist Ride Through - Signalized Intersection",2009,"No","No","Daylight","Straight - Level","US Route","Dry","Two-Way, Divided, Positive Median Barrier","None","Four-Way Intersection","Concrete",0,0,0,0,0,0,0,"8 lanes",2,0,NA,0,NA
6662,4979,"None - Rural Crash","New Hanover","Coastal","Residential","Urban (>70% Developed)",NA,"Rural","50 - 55  MPH","Stop Sign","Cloudy","No",36,"30-39","No",NA,"Facing Traffic","C: Possible Injury","Travel Lane","Black","Male",48,"40-49","No",NA,"0-5 mph","O: No Injury","White","Female","Passenger Car","No","07JUL2009","Tuesday","Motorist Failed to Yield - Sign-Controlled Intersection",15,"Intersection","July","C: Possible Injury",56700,"Motorist Drive Out - Sign-Controlled Intersection",2009,"Yes","No","Daylight","Straight - Level","US Route","Dry","Two-Way, Divided, Unprotected Median","None","T-Intersection","Coarse Asphalt",0,0,0,0,0,0,0,"4 lanes",2,0,NA,0,NA
6663,4990,"Rocky Mount","Nash","Coastal","Residential","Urban (>70% Developed)",NA,"Urban","30 - 35  MPH","Stop Sign","Clear","No",13,"11-15","No",NA,"With Traffic","C: Possible Injury","Sidewalk / Crosswalk / Driveway Crossing","Black","Male",27,"25-29","No",NA,"16-20 mph","O: No Injury","White","Female","Sport Utility","No","07JUN2009","Sunday","Motorist Overtaking Bicyclist",16,"Intersection","June","C: Possible Injury",60720,"Motorist Overtaking - Other / Unknown",2009,"No","No","Daylight","Straight - Level","Local Street","Dry","Two-Way, Not Divided","None","Four-Way Intersection","Smooth Asphalt",0,0,0,0,0,0,0,"4 lanes",2,0,NA,0,NA
6664,4997,"Raleigh","Wake","Piedmont","Commercial","Urban (>70% Developed)",NA,"Urban","20 - 25  MPH","Stop And Go Signal","Clear","No",22,"20-24","No",NA,"With Traffic","B: Evident Injury","Travel Lane","White","Male",25,"25-29","Yes",NA,"11-15 mph","O: No Injury","White","Male","Sport Utility","Yes","26JUN2009","Friday","Crossing Paths - Other Circumstances",22,"Intersection","June","B: Evident Injury",81780,"Crossing Paths - Intersection - Other / Unknown",2009,"Yes","No","Dark - Lighted Roadway","Straight - Bottom","Local Street","Dry","Two-Way, Not Divided","None","Four-Way Intersection","Smooth Asphalt",0,0,0,0,0,0,0,"6 lanes",2,0,NA,0,NA
6665,4998,"Duck","Dare","Coastal","Residential","Mixed (30% To 70% Developed)",NA,"Rural","5 - 15 MPH","Stop Sign","Clear","No",31,"30-39","No",NA,NA,"C: Possible Injury","Multi-use Path","White","Female",29,"25-29","No",NA,"0-5 mph","O: No Injury","White","Male","Passenger Car","No","10JUL2009","Friday","Motorist Failed to Yield - Sign-Controlled Intersection",9,"Intersection","July","C: Possible Injury",35760,"Motorist Drive Out - Sign-Controlled Intersection",2009,"Yes","No","Daylight","Straight - Level","Local Street","Dry","Two-Way, Not Divided","None","No Special Feature","Coarse Asphalt",0,0,0,0,0,0,0,"2 lanes",2,0,NA,0,NA