"...1","object_id","city","county","region","development","locality","on_road","rural_urban","speed_limit","traffic_control","weather","workzone","bike_age","bike_age_group","bike_alcohol","bike_alcohol_drugs","bike_direction","bike_injury","bike_position","bike_race","bike_sex","driver_age","driver_age_group","driver_alcohol","driver_alcohol_drugs","driver_est_speed","driver_injury","driver_race","driver_sex","driver_vehicle_type","crash_alcohol","crash_date","crash_day","crash_group","crash_hour","crash_location","crash_month","crash_severity","crash_time","crash_type","crash_year","ambulance_req","hit_run","light_condition","road_character","road_class","road_condition","road_configuration","road_defects","road_feature","road_surface","num_bikes_ai","num_bikes_bi","num_bikes_ci","num_bikes_ki","num_bikes_no","num_bikes_to","num_bikes_ui","num_lanes","num_units","distance_mi_from","frm_road","rte_invd_cd","towrd_road"
6666,4999,"Fayetteville","Cumberland","Coastal","Commercial","Urban (>70% Developed)",NA,"Urban","40 - 45  MPH","No Control Present","Clear","No",54,"50-59","Yes",NA,"Not Applicable","B: Evident Injury",NA,"Black","Male",29,"25-29","No",NA,"46-50 mph","C: Possible Injury","White","Male","Passenger Car","Yes","11JUL2009","Saturday","Bicyclist Failed to Yield - Midblock",0,"Non-Intersection","July","B: Evident Injury",2520,"Bicyclist Ride Out - Other Midblock",2009,"Yes","No","Dark - Lighted Roadway","Straight - Level","Local Street","Dry","Two-Way, Divided, Positive Median Barrier","None","No Special Feature","Smooth Asphalt",0,0,0,0,0,0,0,"3 lanes",2,0,NA,0,NA
6667,5001,"None - Rural Crash","Guilford","Piedmont","Commercial","Mixed (30% To 70% Developed)",NA,"Rural","40 - 45  MPH","Double Yellow Line, No Passing Zone","Clear","No",41,"40-49","No",NA,"With Traffic","C: Possible Injury","Travel Lane","White","Male",53,"50-59","No",NA,"0-5 mph","O: No Injury","Black","Female","Passenger Car","No","26JUL2009","Sunday","Motorist Failed to Yield - Sign-Controlled Intersection",10,"Intersection","July","C: Possible Injury",38520,"Motorist Drive Out - Sign-Controlled Intersection",2009,"Yes","No","Daylight","Straight - Level","State Secondary Route","Dry","Two-Way, Not Divided","None","Four-Way Intersection","Smooth Asphalt",0,0,0,0,0,0,0,"2 lanes",2,0,NA,0,NA
6668,5002,"None - Rural Crash","Pitt","Coastal","Farms, Woods, Pastures","Rural (<30% Developed)",NA,"Rural","50 - 55  MPH","No Control Present","Clear","No",14,"11-15","No",NA,"With Traffic","B: Evident Injury","Travel Lane","Black","Male",49,"40-49","No",NA,"46-50 mph","O: No Injury","White","Female","Sport Utility","No","15JUL2009","Wednesday","Motorist Overtaking Bicyclist",14,"Non-Intersection","July","B: Evident Injury",52380,"Motorist Overtaking - Bicyclist Swerved",2009,"Yes","No","Daylight","Straight - Level","State Secondary Route","Dry","Two-Way, Not Divided","None","No Special Feature","Coarse Asphalt",0,0,0,0,0,0,0,"2 lanes",2,0,NA,0,NA
6669,5016,"Winston-Salem","Forsyth","Piedmont","Commercial","Urban (>70% Developed)",NA,"Urban","60 - 75 MPH","No Control Present","Clear","No",14,"11-15","No",NA,"With Traffic","K: Killed","Travel Lane","White","Male",18,"0-19","No",NA,"56-60 mph","O: No Injury","Hispanic","Female","Passenger Car","No","12JUL2009","Sunday","Motorist Overtaking Bicyclist",7,"Non-Intersection","July","K: Killed",27000,"Motorist Overtaking - Other / Unknown",2009,"Yes","No","Dark - Roadway Not Lighted","Straight - Level","US Route","Dry","Two-Way, Divided, Unprotected Median","None","No Special Feature","Smooth Asphalt",0,0,0,0,0,0,0,"2 lanes",2,0,NA,0,NA
6670,5019,"Hickory","Catawba","Piedmont","Residential","Urban (>70% Developed)",NA,"Urban","30 - 35  MPH","Stop Sign","Cloudy","No",14,"11-15","No",NA,"Facing Traffic","B: Evident Injury","Travel Lane","White","Male",19,"0-19","No",NA,"31-35 mph","O: No Injury","White","Female","Passenger Car","No","22JUL2009","Wednesday","Bicyclist Failed to Yield - Sign-Controlled Intersection",18,"Intersection","July","B: Evident Injury",64980,"Bicyclist Ride Through - Sign-Controlled Intersection",2009,"Yes","No","Daylight","Straight - Grade","Local Street","Wet","Two-Way, Not Divided","None","Related To Intersection","Smooth Asphalt",0,0,0,0,0,0,0,"2 lanes",2,0,NA,0,NA
6671,5022,"None - Rural Crash","Cumberland","Coastal","Farms, Woods, Pastures","Mixed (30% To 70% Developed)",NA,"Rural","40 - 45  MPH","Double Yellow Line, No Passing Zone","Cloudy","No",28,"25-29","No",NA,"Facing Traffic","C: Possible Injury","Travel Lane","White","Male",30,"30-39","No",NA,"41-45 mph","O: No Injury","White","Male","Sport Utility","No","02AUG2009","Sunday","Motorist Overtaking Bicyclist",3,"Non-Intersection","August","C: Possible Injury",12600,"Motorist Overtaking - Bicyclist Swerved",2009,"Yes","No","Dark - Roadway Not Lighted","Curve - Level","State Secondary Route","Dry","Two-Way, Not Divided","None","No Special Feature","Coarse Asphalt",0,0,0,0,0,0,0,"2 lanes",2,0,NA,0,NA
6672,5024,"Kill Devil Hills","Dare","Coastal","Residential","Urban (>70% Developed)",NA,"Urban","20 - 25  MPH","No Control Present","Clear","No",11,"11-15","No",NA,"Not Applicable","B: Evident Injury","Non-Roadway","White","Male",50,"50-59","No",NA,"11-15 mph","O: No Injury","White","Male","Light Truck (Mini-Van, Panel)","No","19JUL2009","Sunday","Bicyclist Failed to Yield - Midblock",14,"Non-Intersection","July","B: Evident Injury",52920,"Bicyclist Ride Out - Other Midblock",2009,"No","No","Daylight","Straight - Level","Local Street","Dry","Two-Way, Not Divided","None","No Special Feature","Coarse Asphalt",0,0,0,0,0,0,0,"2 lanes",2,0,NA,0,NA
6673,5039,"None - Rural Crash","New Hanover","Coastal","Farms, Woods, Pastures","Rural (<30% Developed)",NA,"Rural","40 - 45  MPH","No Control Present","Clear","No",68,"60-69","No",NA,"Facing Traffic","C: Possible Injury","Travel Lane","White","Male",63,"60-69","No",NA,"0-5 mph","O: No Injury","White","Male","Passenger Car","No","31JUL2009","Friday","Motorist Failed to Yield - Midblock",16,"Non-Intersection","July","C: Possible Injury",57600,"Motorist Drive Out - Other Midblock",2009,"Yes","No","Daylight","Straight - Level","US Route","Dry","Two-Way, Divided, Unprotected Median","None","T-Intersection","Smooth Asphalt",0,0,0,0,0,0,0,"5 lanes",2,0,NA,0,NA
6674,5043,"Charlotte","Mecklenburg","Piedmont","Residential","Urban (>70% Developed)",NA,"Urban","30 - 35  MPH","No Control Present","Cloudy","No",48,"40-49","Yes",NA,"With Traffic","B: Evident Injury","Travel Lane","Black","Male",32,"30-39","No",NA,"11-15 mph","O: No Injury","White","Female","Passenger Car","Yes","31JUL2009","Friday","Crossing Paths - Other Circumstances",21,"Intersection","July","B: Evident Injury",78780,"Crossing Paths - Intersection - Other / Unknown",2009,"No","No","Dark - Lighted Roadway","Straight - Level","Local Street","Wet","Two-Way, Not Divided","None","Four-Way Intersection","Smooth Asphalt",0,0,0,0,0,0,0,"2 lanes",2,0,NA,0,NA
6675,5044,"Charlotte","Mecklenburg","Piedmont","Commercial","Urban (>70% Developed)",NA,"Urban","30 - 35  MPH","No Control Present","Clear","No",14,"11-15","No",NA,"Not Applicable","C: Possible Injury","Non-Roadway","Black","Female",62,"60-69","No",NA,"0-5 mph","O: No Injury","White","Male","Sport Utility","No","30JUL2009","Thursday","Non-Roadway",11,"Non-Roadway","July","C: Possible Injury",40500,"Non-Roadway",2009,"Yes","No","Daylight","Straight - Grade","Public Vehicular Area","Dry","One-Way, Not Divided","None","Driveway, Public","Smooth Asphalt",0,0,0,0,0,0,0,NA,2,0,NA,0,NA
6676,5045,"Charlotte","Mecklenburg","Piedmont","Commercial","Urban (>70% Developed)",NA,"Urban","40 - 45  MPH","No Control Present","Cloudy","No",54,"50-59","No",NA,"With Traffic","C: Possible Injury","Travel Lane","White","Male",NA,"70+","No",NA,"41-45 mph","O: No Injury","White","Male","Passenger Car","No","01AUG2009","Saturday","Motorist Overtaking Bicyclist",10,"Non-Intersection","August","C: Possible Injury",37380,"Motorist Overtaking - Undetected Bicyclist",2009,"Yes","No","Daylight","Straight - Grade","Local Street","Dry","Two-Way, Divided, Unprotected Median","None","No Special Feature","Smooth Asphalt",0,0,0,0,0,0,0,"4 lanes",2,0,NA,0,NA
6677,5048,"Apex","Wake","Piedmont","Residential","Urban (>70% Developed)",NA,"Urban","40 - 45  MPH","No Control Present","Clear","No",51,"50-59","No",NA,"With Traffic","K: Killed","Travel Lane","White","Male",29,"25-29","No",NA,"36-40 mph","O: No Injury","Black","Male","Passenger Car","No","11JUL2009","Saturday","Bicyclist Left Turn / Merge",11,"Intersection","July","K: Killed",41100,"Bicyclist Left Turn - Opposite Direction",2009,"Yes","No","Daylight","Straight - Level","Local Street","Dry","Two-Way, Not Divided","None","T-Intersection","Grooved Concrete",0,0,0,0,0,0,0,"3 lanes",2,0,NA,0,NA
6678,5049,"None - Rural Crash","Sampson","Coastal","Residential","Mixed (30% To 70% Developed)",NA,"Rural","40 - 45  MPH","Double Yellow Line, No Passing Zone","Clear","No",12,"11-15","No",NA,"With Traffic","C: Possible Injury","Travel Lane","White","Male",48,"40-49","No",NA,"41-45 mph","O: No Injury","Black","Male","Van","No","10AUG2009","Monday","Motorist Overtaking Bicyclist",14,"Non-Intersection","August","C: Possible Injury",53460,"Motorist Overtaking - Bicyclist Swerved",2009,"No","No","Daylight","Straight - Level","US Route","Dry","Two-Way, Not Divided","None","No Special Feature","Coarse Asphalt",0,0,0,0,0,0,0,"2 lanes",2,0,NA,0,NA
6679,5050,"Charlotte","Mecklenburg","Piedmont","Residential","Urban (>70% Developed)",NA,"Urban","30 - 35  MPH","Stop Sign","Clear","No",62,"60-69","No",NA,"With Traffic","B: Evident Injury","Bike Lane / Paved Shoulder","Black","Male",36,"30-39","No",NA,"0-5 mph","O: No Injury","White","Female","Passenger Car","No","03AUG2009","Monday","Motorist Failed to Yield - Sign-Controlled Intersection",7,"Intersection","August","B: Evident Injury",26100,"Motorist Drive Out - Sign-Controlled Intersection",2009,"No","No","Daylight","Straight - Level","Local Street","Dry","Two-Way, Divided, Unprotected Median","None","T-Intersection","Smooth Asphalt",0,0,0,0,0,0,0,"4 lanes",2,0,NA,0,NA
6680,5056,"None - Rural Crash","Northampton","Coastal","Farms, Woods, Pastures","Rural (<30% Developed)",NA,"Rural","50 - 55  MPH","No Control Present","Clear","No",43,"40-49","No",NA,"With Traffic","A: Disabling Injury","Bike Lane / Paved Shoulder","Black","Male",21,"20-24","No",NA,"51-55 mph","O: No Injury","Black","Female","Passenger Car","No","29JUL2009","Wednesday","Bicyclist Left Turn / Merge",10,"Non-Intersection","July","A: Disabling Injury",39300,"Bicyclist Left Turn - Same Direction",2009,"Yes","No","Daylight","Straight - Level","NC Route","Dry","Two-Way, Not Divided","None","No Special Feature","Smooth Asphalt",0,0,0,0,0,0,0,"2 lanes",2,0,NA,0,NA
6681,5060,"Durham","Durham","Piedmont","Commercial","Urban (>70% Developed)",NA,"Urban","30 - 35  MPH","No Control Present","Clear","No",9,"6-10","No",NA,"Not Applicable","O: No Injury","Driveway / Alley","Black","Male",15,"0-19","No",NA,"21-25 mph","O: No Injury","Black","Female","Sport Utility","No","07AUG2009","Friday","Bicyclist Failed to Yield - Midblock",10,"Non-Intersection","August","O: No Injury",36540,"Bicyclist Ride Out - Other Midblock",2009,"No","No","Daylight","Straight - Grade","Local Street","Dry","Two-Way, Not Divided","None","Driveway, Public","Smooth Asphalt",0,0,0,0,0,0,0,"3 lanes",2,0,NA,0,NA
6682,5069,"Winston-Salem","Forsyth","Piedmont","Residential","Urban (>70% Developed)",NA,"Urban","20 - 25  MPH","Stop Sign","Clear","No",NA,"70+","No",NA,"Not Applicable","C: Possible Injury",NA,"White","Female",NA,"70+","No",NA,"0-5 mph","O: No Injury","White","Female","Passenger Car","No","04AUG2009","Tuesday","Crossing Paths - Other Circumstances",0,"Intersection","August","C: Possible Injury",540,"Sign-Controlled Intersection - Other / Unknown",2009,"Yes","No","Daylight","Straight - Level","Local Street","Dry","Two-Way, Not Divided","None","No Special Feature","Smooth Asphalt",0,0,0,0,0,0,0,"2 lanes",2,0,NA,0,NA
6683,5072,"Goldsboro","Wayne","Coastal","Commercial","Urban (>70% Developed)",NA,"Urban",NA,"No Control Present","Clear","No",43,"40-49","No",NA,"Not Applicable","B: Evident Injury","Non-Roadway","White","Male",48,"40-49","No",NA,"0-5 mph","O: No Injury","White","Male","Passenger Car","No","08AUG2009","Saturday","Non-Roadway",10,"Non-Roadway","August","B: Evident Injury",37800,"Non-Roadway",2009,"Yes","No","Daylight","Straight - Level","Public Vehicular Area","Dry","Two-Way, Not Divided","None","Driveway, Public","Coarse Asphalt",0,0,0,0,0,0,0,NA,2,0,NA,0,NA
6684,5074,"Asheville","Buncombe","Mountains","Residential","Urban (>70% Developed)",NA,"Urban","20 - 25  MPH","Other","Clear","No",9,"6-10","No",NA,"Facing Traffic","Unknown Injury","Travel Lane","Black","Male",42,"40-49","No",NA,"16-20 mph","O: No Injury","Black","Female","Passenger Car","No","05JUN2009","Friday","Crossing Paths - Other Circumstances",17,"Intersection","June","C: Possible Injury",61440,"Crossing Paths - Intersection - Other / Unknown",2009,"No","No","Daylight","Straight - Grade","Local Street","Dry","Two-Way, Not Divided","None","Four-Way Intersection","Smooth Asphalt",0,0,0,0,0,0,0,"2 lanes",2,0,NA,0,NA
6685,5078,"None - Rural Crash","Burke","Mountains","Farms, Woods, Pastures","Rural (<30% Developed)",NA,"Rural","40 - 45  MPH","Double Yellow Line, No Passing Zone","Clear","No",59,"50-59","No",NA,"With Traffic","B: Evident Injury","Travel Lane","White","Male",NA,"70+","No",NA,"41-45 mph","O: No Injury","White","Male","Passenger Car","No","30JUL2009","Thursday","Motorist Overtaking Bicyclist",10,"Non-Intersection","July","B: Evident Injury",39000,"Motorist Overtaking - Misjudged Space",2009,"Yes","No","Daylight","Straight - Level","State Secondary Route","Dry","Two-Way, Not Divided","None","No Special Feature","Smooth Asphalt",0,0,0,0,0,0,0,"2 lanes",2,0,NA,0,NA
6686,5081,"Concord","Cabarrus","Piedmont","Commercial","Urban (>70% Developed)",NA,"Urban","30 - 35  MPH","Stop And Go Signal","Clear","No",15,"11-15","No",NA,"Facing Traffic","C: Possible Injury","Travel Lane","White","Male",32,"30-39","No",NA,"6-10 mph","O: No Injury","White","Female","Sport Utility","No","07AUG2009","Friday","Loss of Control / Turning Error",17,"Intersection","August","C: Possible Injury",61680,"Bicyclist Lost Control - Mechanical Problems",2009,"No","No","Daylight","Straight - Level","NC Route","Dry","Two-Way, Not Divided","None","Related To Intersection","Smooth Asphalt",0,0,0,0,0,0,0,"3 lanes",2,0,NA,0,NA
6687,5083,"Asheboro","Randolph","Piedmont","Commercial","Urban (>70% Developed)",NA,"Urban","30 - 35  MPH","No Control Present","Cloudy","No",20,"20-24","No",NA,"With Traffic","B: Evident Injury","Travel Lane","White","Male",19,"0-19","No",NA,"6-10 mph","O: No Injury","White","Male",NA,"No","30JUL2009","Thursday","Motorist Overtaking Bicyclist",21,"Non-Intersection","July","B: Evident Injury",76860,"Motorist Overtaking - Other / Unknown",2009,"Yes","Yes","Dark - Lighted Roadway","Straight - Level","NC Route","Dry","Two-Way, Not Divided","None","No Special Feature","Smooth Asphalt",0,0,0,0,0,0,0,"3 lanes",2,0,NA,0,NA
6688,5085,"None - Rural Crash","New Hanover","Coastal","Commercial","Mixed (30% To 70% Developed)",NA,"Rural","50 - 55  MPH","Stop Sign","Clear","No",17,"16-19","No",NA,"Facing Traffic","C: Possible Injury","Travel Lane","Black","Male",18,"0-19","No",NA,"16-20 mph","O: No Injury","White","Female","Sport Utility","No","23AUG2009","Sunday","Other / Unknown - Insufficient Details",22,"Intersection","August","C: Possible Injury",79620,"Unknown Approach Paths",2009,"Yes","No","Dark - Roadway Not Lighted","Straight - Level","US Route","Dry","Two-Way, Divided, Unprotected Median","None","Four-Way Intersection","Coarse Asphalt",0,0,0,0,0,0,0,"7 lanes",2,0,NA,0,NA
6689,5087,"Raleigh","Wake","Piedmont","Commercial","Urban (>70% Developed)",NA,"Urban","30 - 35  MPH","Stop And Go Signal","Clear","No",52,"50-59","No",NA,"Facing Traffic","C: Possible Injury",NA,"Hispanic","Male",20,"20-24","No",NA,"6-10 mph","O: No Injury","Black","Female","Passenger Car","No","08AUG2009","Saturday","Motorist Left Turn / Merge",15,"Intersection","August","C: Possible Injury",54180,"Motorist Left Turn - Same Direction",2009,"Yes","No","Daylight","Straight - Level","Local Street","Dry","Two-Way, Divided, Unprotected Median","None","No Special Feature","Smooth Asphalt",0,0,0,0,0,0,0,"2 lanes",2,0,NA,0,NA
6690,5094,"Concord","Cabarrus","Piedmont","Residential","Mixed (30% To 70% Developed)",NA,"Urban","5 - 15 MPH","No Control Present","Clear","No",12,"11-15","No",NA,"With Traffic","C: Possible Injury","Sidewalk / Crosswalk / Driveway Crossing","Black","Male",34,"30-39","No",NA,"0-5 mph","O: No Injury","White","Female","Sport Utility","No","22AUG2009","Saturday","Motorist Right Turn / Merge",19,"Non-Intersection","August","C: Possible Injury",70200,"Motorist Right Turn - Same Direction",2009,"No","No","Daylight","Straight - Level","Private Road, Driveway","Dry","One-Way, Not Divided","None","No Special Feature","Coarse Asphalt",0,0,0,0,0,0,0,"1 lane",2,0,NA,0,NA
6691,5097,"None - Rural Crash","Robeson","Coastal","Residential","Mixed (30% To 70% Developed)",NA,"Rural","50 - 55  MPH","No Control Present","Clear","No",20,"20-24","No",NA,"Not Applicable","B: Evident Injury",NA,"Native American","Male",34,"30-39","No",NA,"41-45 mph","B: Evident Injury","Native American","Male","Motorcycle","No","29AUG2009","Saturday","Bicyclist Failed to Yield - Midblock",17,"Non-Intersection","August","B: Evident Injury",63240,"Bicyclist Ride Out - Midblock - Unknown",2009,"Yes","No","Daylight","Straight - Level","State Secondary Route","Dry","Two-Way, Not Divided","None","No Special Feature","Coarse Asphalt",0,0,0,0,0,0,0,"2 lanes",4,0,NA,0,NA
6692,5100,"Rockingham","Richmond","Piedmont","Residential","Urban (>70% Developed)",NA,"Urban","30 - 35  MPH","Stop Sign","Clear","No",22,"20-24","No",NA,"With Traffic","B: Evident Injury","Travel Lane","White","Male",29,"25-29","No",NA,"21-25 mph","O: No Injury","White","Male","Van","No","23AUG2009","Sunday","Bicyclist Failed to Yield - Sign-Controlled Intersection",18,"Intersection","August","B: Evident Injury",65400,"Bicyclist Ride Through - Sign-Controlled Intersection",2009,"Yes","No","Daylight","Straight - Hillcrest","Local Street","Dry","Two-Way, Not Divided","None","Four-Way Intersection","Smooth Asphalt",0,0,0,0,0,0,0,"2 lanes",2,0,NA,0,NA
6693,5103,"None - Rural Crash","Durham","Piedmont","Residential","Mixed (30% To 70% Developed)",NA,"Rural","40 - 45  MPH","Double Yellow Line, No Passing Zone","Clear","No",53,"50-59","No",NA,"With Traffic","B: Evident Injury","Travel Lane","White","Male",22,"20-24","No",NA,"41-45 mph","O: No Injury","Black","Male","Passenger Car","No","26AUG2009","Wednesday","Other / Unusual Circumstances",17,"Non-Intersection","August","B: Evident Injury",63660,"Motorist Intentionally Caused",2009,"Yes","Yes","Daylight","Straight - Level","State Secondary Route","Dry","Two-Way, Not Divided","None","No Special Feature","Smooth Asphalt",0,0,0,0,0,0,0,"2 lanes",2,0,NA,0,NA
6694,5107,"Durham","Durham","Piedmont","Commercial","Urban (>70% Developed)",NA,"Urban","30 - 35  MPH","Stop And Go Signal","Clear","No",25,"25-29","No",NA,"Not Applicable","B: Evident Injury",NA,"Black","Male",29,"25-29","No",NA,"11-15 mph","O: No Injury","Black","Female","Passenger Car","No","01SEP2009","Tuesday","Bicyclist Failed to Yield - Midblock",18,"Non-Intersection","September","B: Evident Injury",67020,"Multiple Threat - Midblock",2009,"No","No","Daylight","Straight - Level","Local Street","Dry","Two-Way, Not Divided","None","No Special Feature","Smooth Asphalt",0,0,0,0,0,0,0,"3 lanes",2,0,NA,0,NA
6695,5108,"Greensboro","Guilford","Piedmont","Residential","Urban (>70% Developed)",NA,"Urban","40 - 45  MPH","No Control Present","Clear","No",51,"50-59","No",NA,"With Traffic","C: Possible Injury","Travel Lane","White","Male",43,"40-49","No",NA,NA,"Unknown Injury","White","Female",NA,"No","23AUG2009","Sunday","Motorist Overtaking Bicyclist",17,"Non-Intersection","August","C: Possible Injury",63000,"Motorist Overtaking - Other / Unknown",2009,"No","Yes","Daylight","Straight - Level","Local Street","Dry","Two-Way, Divided, Unprotected Median","None","No Special Feature","Smooth Asphalt",0,0,0,0,0,0,0,"5 lanes",2,0,NA,0,NA
6696,5110,"Greensboro","Guilford","Piedmont","Commercial","Urban (>70% Developed)",NA,"Urban","30 - 35  MPH","Stop Sign","Cloudy","No",15,"11-15","No",NA,"Facing Traffic","C: Possible Injury","Sidewalk / Crosswalk / Driveway Crossing","Unknown/Missing","Male",43,"40-49","No",NA,"0-5 mph","O: No Injury","White","Female","Passenger Car","No","19AUG2009","Wednesday","Motorist Failed to Yield - Midblock",20,"Non-Intersection","August","C: Possible Injury",75540,"Motorist Drive Out - Commercial Driveway / Alley",2009,"Yes","No","Dusk","Straight - Level","Local Street","Wet","One-Way, Not Divided","None","T-Intersection","Smooth Asphalt",0,0,0,0,0,0,0,"2 lanes",3,0,NA,0,NA
6697,5119,"None - Rural Crash","Person","Piedmont","Farms, Woods, Pastures","Rural (<30% Developed)",NA,"Rural","50 - 55  MPH","Double Yellow Line, No Passing Zone","Cloudy","No",17,"16-19","No",NA,"With Traffic","C: Possible Injury","Travel Lane","White","Male",32,"30-39","No",NA,"51-55 mph","O: No Injury","Black","Male","Van","No","05AUG2009","Wednesday","Motorist Overtaking Bicyclist",19,"Non-Intersection","August","C: Possible Injury",71160,"Motorist Overtaking - Bicyclist Swerved",2009,"No","No","Daylight","Straight - Level","NC Route","Dry","Two-Way, Not Divided","None","No Special Feature","Smooth Asphalt",0,0,0,0,0,0,0,"2 lanes",2,0,NA,0,NA
6698,5121,"Durham","Durham","Piedmont","Commercial","Mixed (30% To 70% Developed)",NA,"Urban","30 - 35  MPH","No Control Present","Clear","No",53,"50-59","No",NA,"Not Applicable","C: Possible Injury",NA,"Black","Male",56,"50-59","Missing",NA,"0-5 mph","O: No Injury","White","Male","Pickup","No","04SEP2009","Friday","Head-On",13,"Non-Intersection","September","C: Possible Injury",46860,"Head-On - Bicyclist",2009,"Yes","No","Daylight","Straight - Level","Local Street","Dry","Two-Way, Not Divided","None","No Special Feature","Smooth Asphalt",0,0,0,0,0,0,0,"4 lanes",2,0,NA,0,NA
6699,5124,"Huntersville","Mecklenburg","Piedmont","Residential","Urban (>70% Developed)",NA,"Urban","20 - 25  MPH","Double Yellow Line, No Passing Zone","Clear","No",17,"16-19","No",NA,"With Traffic","B: Evident Injury","Travel Lane","White","Male",NA,NA,"Missing",NA,"6-10 mph","Unknown Injury","Unknown/Missing",NA,NA,"No","25AUG2009","Tuesday","Crossing Paths - Other Circumstances",17,"Intersection","August","B: Evident Injury",64740,"Crossing Paths - Intersection - Other / Unknown",2009,"No","Yes","Daylight","Straight - Level","Local Street","Dry","Two-Way, Not Divided","None","No Special Feature","Smooth Asphalt",0,0,0,0,0,0,0,"2 lanes",2,0,NA,0,NA
6700,5126,"Selma","Johnston","Coastal","Commercial","Urban (>70% Developed)",NA,"Urban",NA,"No Control Present","Clear","No",55,"50-59","No",NA,"Not Applicable","B: Evident Injury","Non-Roadway","Black","Male",18,"0-19","No",NA,"0-5 mph","O: No Injury","White","Male","Passenger Car","No","29AUG2009","Saturday","Non-Roadway",12,"Non-Roadway","August","B: Evident Injury",43620,"Non-Roadway",2009,"Yes","No","Daylight","Straight - Level","Public Vehicular Area","Water (Standing, Moving)","Two-Way, Not Divided","None","No Special Feature","Smooth Asphalt",0,0,0,0,0,0,0,NA,2,0,NA,0,NA
6701,2929,"Lumberton","Robeson","Coastal","Residential","Urban (>70% Developed)",NA,"Urban","40 - 45  MPH","Stop Sign","Cloudy","No",19,"16-19","No",NA,"With Traffic","B: Evident Injury","Travel Lane","Native American","Male",53,"50-59","No",NA,"41-45 mph","O: No Injury","White","Male","Passenger Car","No","27APR2011","Wednesday","Bicyclist Failed to Yield - Sign-Controlled Intersection",20,"Intersection","April","B: Evident Injury",72180,"Bicyclist Ride Out - Sign-Controlled Intersection",2011,"Yes","No","Daylight","Straight - Level","Local Street","Dry","Two-Way, Not Divided","None","No Special Feature","Coarse Asphalt",0,0,0,0,0,0,0,"2 lanes",2,0,NA,0,NA
6702,2931,"None - Rural Crash","Orange","Piedmont","Farms, Woods, Pastures","Rural (<30% Developed)",NA,"Rural","50 - 55  MPH","Double Yellow Line, No Passing Zone","Clear","No",23,"20-24","No",NA,"With Traffic","A: Disabling Injury","Travel Lane","White","Female",25,"25-29","No",NA,"41-45 mph","O: No Injury","Black","Female","Passenger Car","No","14APR2011","Thursday","Motorist Right Turn / Merge",17,"Intersection","April","A: Disabling Injury",62760,"Motorist Right Turn - Same Direction",2011,"Yes","No","Daylight","Straight - Grade","State Secondary Route","Dry","Two-Way, Not Divided","None","T-Intersection","Smooth Asphalt",0,0,0,0,0,0,0,"2 lanes",2,0,NA,0,NA
6703,2934,"Durham","Durham","Piedmont","Residential","Urban (>70% Developed)",NA,"Urban","30 - 35  MPH","No Control Present","Clear","No",21,"20-24","No",NA,"With Traffic","O: No Injury","Bike Lane / Paved Shoulder","White","Male",NA,NA,"Missing",NA,"26-30 mph","Unknown Injury","Unknown/Missing",NA,"Passenger Car","No","27APR2011","Wednesday","Motorist Right Turn / Merge",7,"Non-Intersection","April","O: No Injury",26040,"Motorist Right Turn - Same Direction",2011,"No","Yes","Daylight","Straight - Level","Local Street","Dry","Two-Way, Not Divided","None","No Special Feature","Coarse Asphalt",0,0,0,0,0,0,0,"2 lanes",2,0,NA,0,NA
6704,2936,"Wrightsville Beach","New Hanover","Coastal","Residential","Urban (>70% Developed)",NA,"Rural","5 - 15 MPH","Stop Sign","Clear","No",30,"30-39","No",NA,"Facing Traffic","Unknown Injury","Travel Lane","White","Male",26,"25-29","No",NA,NA,"O: No Injury","White","Male","Van","No","18APR2011","Monday","Motorist Failed to Yield - Midblock",13,"Non-Intersection","April","O: No Injury",49200,"Motorist Drive Out - Commercial Driveway / Alley",2011,"No","No","Daylight","Straight - Level","US Route","Dry","Two-Way, Divided, Unprotected Median","None","T-Intersection","Coarse Asphalt",0,0,0,0,0,0,0,"5 lanes",2,0,NA,0,NA
6705,2939,"None - Rural Crash","Durham","Piedmont","Farms, Woods, Pastures","Mixed (30% To 70% Developed)",NA,"Rural","50 - 55  MPH","Double Yellow Line, No Passing Zone","Clear","No",54,"50-59","No",NA,"With Traffic","C: Possible Injury","Travel Lane","White","Male",68,"60-69","No",NA,"46-50 mph","O: No Injury","White","Female","Van","No","29APR2011","Friday","Bicyclist Overtaking Motorist",13,"Non-Intersection","April","C: Possible Injury",46860,"Bicyclist Overtaking - Passing on Right",2011,"No","No","Daylight","Straight - Level","NC Route","Dry","Two-Way, Not Divided","Work Zone","No Special Feature","Smooth Asphalt",0,0,0,0,0,0,0,"2 lanes",2,0,NA,0,NA