"...1","object_id","city","county","region","development","locality","on_road","rural_urban","speed_limit","traffic_control","weather","workzone","bike_age","bike_age_group","bike_alcohol","bike_alcohol_drugs","bike_direction","bike_injury","bike_position","bike_race","bike_sex","driver_age","driver_age_group","driver_alcohol","driver_alcohol_drugs","driver_est_speed","driver_injury","driver_race","driver_sex","driver_vehicle_type","crash_alcohol","crash_date","crash_day","crash_group","crash_hour","crash_location","crash_month","crash_severity","crash_time","crash_type","crash_year","ambulance_req","hit_run","light_condition","road_character","road_class","road_condition","road_configuration","road_defects","road_feature","road_surface","num_bikes_ai","num_bikes_bi","num_bikes_ci","num_bikes_ki","num_bikes_no","num_bikes_to","num_bikes_ui","num_lanes","num_units","distance_mi_from","frm_road","rte_invd_cd","towrd_road"
6706,2942,"None - Rural Crash","Rockingham","Piedmont","Farms, Woods, Pastures","Rural (<30% Developed)",NA,"Rural","50 - 55  MPH","Double Yellow Line, No Passing Zone","Cloudy","No",37,"30-39","No",NA,"With Traffic","O: No Injury","Travel Lane","White","Male",38,"30-39","No",NA,"6-10 mph","O: No Injury","White","Male","Passenger Car","No","01MAY2011","Sunday","Bicyclist Right Turn / Merge",13,"Intersection","May","O: No Injury",49260,"Bicyclist Right Turn - Same Direction",2011,"No","No","Daylight","Straight - Level","State Secondary Route","Dry","Two-Way, Not Divided","None","T-Intersection","Smooth Asphalt",0,0,0,0,0,0,0,"2 lanes",2,0,NA,0,NA
6707,2945,"Gastonia","Gaston","Piedmont","Commercial","Urban (>70% Developed)",NA,"Urban","30 - 35  MPH","Stop And Go Signal","Cloudy","No",18,"16-19","No",NA,"With Traffic","B: Evident Injury","Travel Lane","White","Male",47,"40-49","No",NA,"26-30 mph","O: No Injury","Black","Male","Passenger Car","No","15APR2011","Friday","Crossing Paths - Other Circumstances",14,"Intersection","April","B: Evident Injury",53460,"Signalized Intersection - Other / Unknown",2011,"Yes","No","Daylight","Straight - Grade","State Secondary Route","Dry","Two-Way, Not Divided","None","Four-Way Intersection","Smooth Asphalt",0,0,0,0,0,0,0,"3 lanes",2,0,NA,0,NA
6708,2946,"None - Rural Crash","Brunswick","Coastal","Commercial","Urban (>70% Developed)",NA,"Rural",NA,"No Control Present","Clear","No",16,"16-19","No",NA,"Not Applicable","O: No Injury","Non-Roadway","White","Male",66,"60-69","No",NA,"0-5 mph","O: No Injury","White","Male","Van","No","20APR2011","Wednesday","Non-Roadway",18,"Non-Roadway","April","O: No Injury",66600,"Non-Roadway",2011,"Yes","No","Daylight","Straight - Level","Public Vehicular Area","Dry",NA,"None","No Special Feature","Coarse Asphalt",0,0,0,0,0,0,0,NA,3,0,NA,0,NA
6709,2948,"None - Rural Crash","Pitt","Coastal","Farms, Woods, Pastures","Rural (<30% Developed)",NA,"Rural","50 - 55  MPH","No Control Present","Clear","No",45,"40-49","No",NA,"With Traffic","A: Disabling Injury","Travel Lane","White","Male",57,"50-59","No",NA,"41-45 mph","O: No Injury","White","Male","Pickup","No","29APR2011","Friday","Motorist Overtaking Bicyclist",19,"Non-Intersection","April","A: Disabling Injury",69120,"Motorist Overtaking - Other / Unknown",2011,"Yes","No","Daylight","Straight - Level","NC Route","Dry","Two-Way, Not Divided","None","No Special Feature","Coarse Asphalt",0,0,0,0,0,0,0,"2 lanes",2,0,NA,0,NA
6710,2954,"Wilmington","New Hanover","Coastal","Residential","Urban (>70% Developed)",NA,"Urban","20 - 25  MPH","No Control Present","Clear","No",5,"0-5","No",NA,"With Traffic","B: Evident Injury","Travel Lane","Black","Male",NA,NA,"Missing",NA,NA,"Unknown Injury","Unknown/Missing",NA,NA,"No","17APR2011","Sunday","Motorist Overtaking Bicyclist",17,"Intersection-Related","April","B: Evident Injury",61740,"Motorist Overtaking - Other / Unknown",2011,"Yes","Yes","Daylight","Straight - Level","Local Street","Dry","Two-Way, Not Divided","None","No Special Feature","Coarse Asphalt",0,0,0,0,0,0,0,"2 lanes",2,0,NA,0,NA
6711,2966,"Winston-Salem","Forsyth","Piedmont","Residential","Urban (>70% Developed)",NA,"Urban","30 - 35  MPH","No Control Present","Rain","No",21,"20-24","No",NA,"With Traffic","B: Evident Injury","Travel Lane","White","Male",25,"25-29","No",NA,"0-5 mph","O: No Injury","White","Female","Sport Utility","No","27APR2011","Wednesday","Motorist Left Turn / Merge",13,"Non-Intersection","April","B: Evident Injury",49380,"Motorist Left Turn - Opposite Direction",2011,"Yes","No","Daylight","Straight - Level","Local Street","Wet","Two-Way, Not Divided","None","Driveway, Private","Coarse Asphalt",0,0,0,0,0,0,0,"2 lanes",2,0,NA,0,NA
6712,2970,"Waynesville","Haywood","Mountains","Residential","Urban (>70% Developed)",NA,"Urban","20 - 25  MPH","No Control Present","Clear","No",17,"16-19","No",NA,"Not Applicable","C: Possible Injury","Non-Roadway","White","Female",43,"40-49","No",NA,"11-15 mph","O: No Injury","Native American","Female","Pickup","No","07APR2011","Thursday","Crossing Paths - Other Circumstances",19,"Intersection-Related","April","C: Possible Injury",70500,"Crossing Paths - Uncontrolled Intersection",2011,"Yes","No","Daylight","Straight - Level","Local Street","Dry","Two-Way, Not Divided","None","No Special Feature","Smooth Asphalt",0,0,0,0,0,0,0,"2 lanes",2,0,NA,0,NA
6713,2973,"Clayton","Johnston","Coastal","Residential","Mixed (30% To 70% Developed)",NA,"Urban","20 - 25  MPH","No Control Present","Cloudy","No",5,"0-5","No",NA,NA,"B: Evident Injury","Travel Lane","White","Male",33,"30-39","No",NA,"6-10 mph","O: No Injury","White","Male","Pickup","No","26APR2011","Tuesday","Bicyclist Failed to Yield - Midblock",18,"Non-Intersection","April","B: Evident Injury",65640,"Bicyclist Ride Out - Other Midblock",2011,"Yes","No","Daylight","Straight - Level","Local Street","Dry","Two-Way, Not Divided","None","No Special Feature","Smooth Asphalt",0,0,0,0,0,0,0,"2 lanes",2,0,NA,0,NA
6714,2977,"Raleigh","Wake","Piedmont","Residential","Urban (>70% Developed)",NA,"Urban","30 - 35  MPH","Stop And Go Signal","Clear","No",48,"40-49","No",NA,"Facing Traffic","C: Possible Injury","Travel Lane","Black","Male",63,"60-69","No",NA,"31-35 mph","O: No Injury","Black","Female","Passenger Car","No","03MAY2011","Tuesday","Loss of Control / Turning Error",17,"Intersection-Related","May","C: Possible Injury",64380,"Bicyclist Turning Error - Left Turn",2011,"Yes","No","Daylight","Straight - Level","Local Street","Dry","One-Way, Not Divided","None","No Special Feature","Smooth Asphalt",0,0,0,0,0,0,0,"3 lanes",2,0,NA,0,NA
6715,2988,"Morrisville","Wake","Piedmont","Commercial","Urban (>70% Developed)",NA,"Urban","40 - 45  MPH","No Control Present","Clear","Yes",29,"25-29","No",NA,"Facing Traffic","C: Possible Injury","Travel Lane","White","Male",59,"50-59","No",NA,"0-5 mph","O: No Injury","Black","Male","Sport Utility","No","11MAY2011","Wednesday","Motorist Failed to Yield - Midblock",11,"Non-Intersection","May","C: Possible Injury",42960,"Motorist Drive Out - Commercial Driveway / Alley",2011,"Yes","No","Daylight","Straight - Level","NC Route","Dry","Two-Way, Not Divided","Work Zone","T-Intersection","Smooth Asphalt",0,0,0,0,0,0,0,"3 lanes",2,0,NA,0,NA
6716,2993,"Charlotte","Mecklenburg","Piedmont","Commercial","Urban (>70% Developed)",NA,"Urban","5 - 15 MPH","No Control Present","Clear","No",34,"30-39","No",NA,"Facing Traffic","C: Possible Injury","Sidewalk / Crosswalk / Driveway Crossing","White","Male",30,"30-39","No",NA,"0-5 mph","O: No Injury","White","Female","Passenger Car","No","06MAY2011","Friday","Motorist Failed to Yield - Midblock",14,"Non-Intersection","May","C: Possible Injury",50460,"Motorist Drive Out - Other Midblock",2011,"Yes","No","Daylight","Straight - Level","Local Street","Dry","Two-Way, Not Divided","None","No Special Feature","Smooth Asphalt",0,0,0,0,0,0,0,"2 lanes",2,0,NA,0,NA
6717,2997,"Charlotte","Mecklenburg","Piedmont","Residential","Urban (>70% Developed)",NA,"Urban","30 - 35  MPH","No Control Present","Clear","No",28,"25-29","No",NA,"With Traffic","B: Evident Injury","Travel Lane","White","Male",65,"60-69","No",NA,"31-35 mph","O: No Injury","Black","Female","Pickup","No","11MAY2011","Wednesday","Motorist Right Turn / Merge",19,"Intersection","May","B: Evident Injury",70560,"Motorist Right Turn - Same Direction",2011,"No","No","Daylight","Straight - Level","Local Street","Dry","Two-Way, Not Divided","None","No Special Feature","Smooth Asphalt",0,0,0,0,0,0,0,"2 lanes",2,0,NA,0,NA
6718,2998,"Charlotte","Mecklenburg","Piedmont","Residential","Urban (>70% Developed)",NA,"Urban","30 - 35  MPH","No Control Present","Clear","No",6,"6-10","No",NA,"Not Applicable","C: Possible Injury",NA,"Hispanic","Male",47,"40-49","No",NA,"26-30 mph","O: No Injury","Hispanic","Female","Sport Utility","No","12MAY2011","Thursday","Crossing Paths - Other Circumstances",17,"Intersection-Related","May","C: Possible Injury",62340,"Crossing Paths - Intersection - Other / Unknown",2011,"No","No","Daylight","Straight - Level","Local Street","Dry","Two-Way, Not Divided","None","No Special Feature","Smooth Asphalt",0,0,0,0,0,0,0,"2 lanes",2,0,NA,0,NA
6719,2999,"Huntersville","Mecklenburg","Piedmont","Commercial","Mixed (30% To 70% Developed)",NA,"Urban","30 - 35  MPH","No Control Present","Cloudy","No",44,"40-49","No",NA,"With Traffic","B: Evident Injury","Bike Lane / Paved Shoulder","White","Male",32,"30-39","No",NA,"21-25 mph","O: No Injury","Black","Male","Pickup","No","11MAY2011","Wednesday","Motorist Right Turn / Merge",11,"Non-Intersection","May","B: Evident Injury",42060,"Motorist Right Turn - Same Direction",2011,"Yes","No","Daylight","Straight - Grade","Local Street","Dry","Two-Way, Not Divided","None","No Special Feature","Smooth Asphalt",0,0,0,0,0,0,0,"5 lanes",2,0,NA,0,NA
6720,8,"None - Rural Crash","Pamlico","Coastal","Farms, Woods, Pastures","Rural (<30% Developed)","SR 1301","Rural","50 - 55  MPH","Double Yellow Line, No Passing Zone","Clear","No",NA,"70+",NA,"No","With Traffic","B: Evident Injury","Travel Lane","White","Male",NA,"70+",NA,"No","6-10 mph","O: No Injury","Black","Female","Passenger Car","No","15JAN2014","Wednesday","Motorist Right Turn / Merge",16,"Intersection","January","B: Evident Injury",58920,"Motorist Right Turn - Same Direction",2014,"Yes","No","Daylight","Straight - Level","State Secondary Route","Dry","Two-Way, Not Divided","None","T-Intersection","Smooth Asphalt",0,1,0,0,0,1,0,"2 lanes",2,0,"1005",40001301,"306"
6721,9,"None - Rural Crash","Gaston","Piedmont","Residential","Mixed (30% To 70% Developed)","SR 1923","Rural","30 - 35  MPH","Double Yellow Line, No Passing Zone","Cloudy","No",26,"25-29",NA,"No","With Traffic","B: Evident Injury","Bike Lane / Paved Shoulder","White","Male",60,"60-69",NA,"No","31-35 mph","O: No Injury","Black","Male","Pickup","No","10JAN2014","Friday","Loss of Control / Turning Error",20,"Non-Intersection","January","B: Evident Injury",75000,"Bicyclist Lost Control - Other / Unknown",2014,"Yes","No","Dark - Roadway Not Lighted","Curve - Level","State Secondary Route","Wet","Two-Way, Not Divided","None","No Special Feature","Smooth Asphalt",0,1,0,0,0,1,0,"2 lanes",2,0.6,"1924",40001923,"1934"
6722,24,"Raleigh","Wake","Piedmont","Commercial","Urban (>70% Developed)","S WILMINGTON ST","Urban","30 - 35  MPH","Stop And Go Signal","Clear","No",17,"16-19",NA,"No","With Traffic","O: No Injury","Travel Lane","Black","Male",50,"50-59",NA,"No","11-15 mph","O: No Injury","Black","Male","Single Unit Truck (2-Axle, 6-Tire)","No","10FEB2014","Monday","Parallel Paths - Other Circumstances",14,"Intersection","February","O: No Injury",51000,"Parallel Paths - Other / Unknown",2014,"No","No","Daylight","Straight - Level","Local Street","Dry","One-Way, Not Divided","None","Four-Way Intersection","Smooth Asphalt",0,0,0,0,1,1,0,"2 lanes",2,0,"E HARGETT ST",50033178,"S BLOUNT ST"
6723,35,"Wilson","Wilson","Coastal","Residential","Urban (>70% Developed)","NASH ST SE","Urban","30 - 35  MPH","No Control Present","Clear","No",42,"40-49",NA,"Yes-Alcohol,  impairment suspected","Facing Traffic","B: Evident Injury","Travel Lane","Black","Male",24,"20-24",NA,"No","6-10 mph","O: No Injury","Black","Male","Passenger Car","Yes","11JAN2014","Saturday","Loss of Control / Turning Error",21,"Non-Intersection","January","B: Evident Injury",76080,"Bicylist Lost Control - Alcohol / Drug Impairment",2014,"Yes","No","Dark - Unknown Lighting","Straight - Level","Local Street","Wet","Two-Way, Not Divided","None","No Special Feature","Coarse Asphalt",0,1,0,0,0,1,0,"2 lanes",2,0,"EAST ST",50021029,"VICK ST"
6724,45,"Raleigh","Wake","Piedmont","Commercial","Urban (>70% Developed)","CAPITAL BLVD","Urban","40 - 45  MPH","Human Control","Clear","No",15,"11-15",NA,"No","With Traffic","C: Possible Injury","Sidewalk / Crosswalk / Driveway Crossing","Black","Male",56,"50-59",NA,"No","41-45 mph","O: No Injury","Black","Female","Sport Utility","No","04JAN2014","Saturday","Motorist Left Turn / Merge",20,"Intersection","January","C: Possible Injury",75000,"Motorist Left Turn - Opposite Direction",2014,"Yes","No","Dark - Lighted Roadway","Straight - Grade","Local Street","Dry","Two-Way, Not Divided","None","T-Intersection","Smooth Asphalt",0,0,1,0,0,1,0,"3 lanes",2,0,"HUNTLEIGH DR",20000001,"MAYFLOWER DR"
6725,51,"Jacksonville","Onslow","Coastal","Commercial","Urban (>70% Developed)","BELL FORK RD","Urban","30 - 35  MPH","No Control Present","Fog, Smog, Smoke","No",35,"30-39",NA,"No","Not Applicable","A: Disabling Injury","Travel Lane","Black","Male",63,"60-69",NA,"No","31-35 mph","O: No Injury","White","Female","Passenger Car","No","03FEB2014","Monday","Bicyclist Failed to Yield - Midblock",6,"Non-Intersection","February","A: Disabling Injury",21600,"Bicyclist Ride Out - Other Midblock",2014,"Yes","No","Dark - Lighted Roadway","Straight - Level","Local Street","Dry","Two-Way, Not Divided","None","No Special Feature","Smooth Asphalt",1,0,0,0,0,1,0,"4 lanes",2,0.056,"BRYNN MARR RD",40001308,"WHITE ST"
6726,54,"Raleigh","Wake","Piedmont","Residential","Urban (>70% Developed)","N BOYLAN AVE","Urban","20 - 25  MPH","No Control Present","Clear","No",32,"30-39",NA,"No","With Traffic","B: Evident Injury","Travel Lane","White","Male",26,"25-29",NA,"Missing","0-5 mph","O: No Injury","Black","Female","Passenger Car","No","02MAR2014","Sunday","Bicyclist Overtaking Motorist",10,"Non-Intersection","March","B: Evident Injury",38820,"Bicyclist Overtaking - Extended Door",2014,"Yes","No","Daylight","Straight - Bottom","Local Street","Dry","Two-Way, Not Divided","None","No Special Feature","Smooth Asphalt",0,1,0,0,0,1,0,"2 lanes",2,0.022,"W LANE ST",50003400,"W NORTH ST"
6727,59,"Gastonia","Gaston","Piedmont","Commercial","Urban (>70% Developed)","W FRANKLIN BLVD","Urban","40 - 45  MPH","Stop Sign","Clear","No",9,"6-10",NA,"No","Not Applicable","C: Possible Injury","Travel Lane","Black","Female",64,"60-69",NA,"No","6-10 mph","O: No Injury","Black","Female","Sport Utility","No","22FEB2014","Saturday","Bicyclist Failed to Yield - Sign-Controlled Intersection",13,"Intersection","February","C: Possible Injury",48060,"Multiple Threat - Sign-Controlled Intersection",2014,"Yes","No","Daylight","Straight - Level","US Route","Dry","Two-Way, Divided, Unprotected Median","None","T-Intersection","Coarse Asphalt",0,0,1,0,0,1,0,"5 lanes",2,0,"WASHINGTON ST",20000029,"W GARRISON BLVD"
6728,64,"None - Rural Crash","Cleveland","Mountains","Residential","Urban (>70% Developed)","SR 1001","Rural","40 - 45  MPH","Double Yellow Line, No Passing Zone","Clear","No",50,"50-59",NA,"No","With Traffic","A: Disabling Injury","Travel Lane","White","Male",NA,NA,NA,NA,"41-45 mph","Unknown Injury","Unknown/Missing",NA,NA,"No","27JAN2014","Monday","Motorist Overtaking Bicyclist",15,"Non-Intersection","January","A: Disabling Injury",54420,"Motorist Overtaking - Other / Unknown",2014,"Yes","Yes","Daylight","Straight - Level","State Secondary Route","Dry","Two-Way, Not Divided","None","No Special Feature","Smooth Asphalt",1,0,0,0,0,1,0,"2 lanes",2,0.2,"2072",40001001,"2159"
6729,67,"Raleigh","Wake","Piedmont","Commercial","Urban (>70% Developed)","CHESTER RD","Urban","20 - 25  MPH","No Control Present","Clear","No",36,"30-39",NA,"No","With Traffic","C: Possible Injury","Travel Lane","White","Male",NA,"70+",NA,"No","16-20 mph","O: No Injury","White","Female","Passenger Car","No","08MAR2014","Saturday","Motorist Overtaking Bicyclist",20,"Intersection-Related","March","C: Possible Injury",73980,"Motorist Overtaking - Other / Unknown",2014,"No","No","Dark - Lighted Roadway","Straight - Level","Local Street","Dry","Two-Way, Divided, Unprotected Median","None","No Special Feature","Smooth Asphalt",0,0,1,0,0,1,0,"2 lanes",2,0.006,"GRANT AVE",0,"OBERLIN RD"
6730,75,"None - Rural Crash","Montgomery","Piedmont","Farms, Woods, Pastures","Rural (<30% Developed)","220","Rural","50 - 55  MPH","Double Yellow Line, No Passing Zone","Cloudy","No",23,"20-24",NA,NA,"With Traffic","A: Disabling Injury","Travel Lane","Hispanic","Male",26,"25-29",NA,"No","51-55 mph","O: No Injury","Black","Female","Passenger Car","No","15MAR2014","Saturday","Bicyclist Left Turn / Merge",22,"Non-Intersection","March","A: Disabling Injury",79380,"Bicyclist Left Turn - Same Direction",2014,"Yes","No","Dark - Roadway Not Lighted","Curve - Level","US Route","Dry","Two-Way, Not Divided","None","No Special Feature","Smooth Asphalt",1,0,0,0,0,1,0,"2 lanes",2,0,"1500",21000220,"ROUSE STREET"
6731,77,"Raleigh","Wake","Piedmont","Residential","Urban (>70% Developed)","GARNER RD","Urban","30 - 35  MPH","No Control Present","Cloudy","No",42,"40-49",NA,"No","With Traffic","B: Evident Injury","Travel Lane","White","Male",43,"40-49",NA,"Yes-Alcohol,  impairment suspected","6-10 mph","O: No Injury","Hispanic","Male","Passenger Car","Yes","19MAR2014","Wednesday","Motorist Left Turn / Merge",19,"Intersection","March","B: Evident Injury",71520,"Motorist Left Turn - Opposite Direction",2014,"No","No","Dark - Lighted Roadway","Straight - Level","Local Street","Dry","Two-Way, Not Divided","None","T-Intersection","Smooth Asphalt",0,1,0,0,0,1,0,"2 lanes",2,0,"MCMAKIN ST",50011494,"BRAGG ST"
6732,85,"Charlotte","Mecklenburg","Piedmont","Residential","Urban (>70% Developed)","ALBEMARLE RD","Urban","40 - 45  MPH","No Control Present","Clear","No",21,"20-24",NA,"No",NA,"B: Evident Injury","Travel Lane","White","Female",29,"25-29",NA,"No","41-45 mph","O: No Injury","Black","Female","Passenger Car","No","24MAR2014","Monday","Crossing Paths - Other Circumstances",13,"Intersection-Related","March","B: Evident Injury",47940,"Crossing Paths - Uncontrolled Intersection",2014,"Yes","No","Daylight","Straight - Level","Local Street","Dry","Two-Way, Divided, Unprotected Median","None","T-Intersection","Smooth Asphalt",0,1,0,0,0,1,0,"5 lanes",2,0.002,"OLDE SAVANNAH RD",50000328,"HOLLIROSE DR"
6733,86,"High Point","Guilford","Piedmont","Residential","Urban (>70% Developed)","HARTLEY DR","Urban","40 - 45  MPH","Stop Sign","Clear","No",18,"16-19",NA,"No","Facing Traffic","C: Possible Injury","Sidewalk / Crosswalk / Driveway Crossing","White","Male",NA,NA,NA,"Missing",NA,"Unknown Injury","Unknown/Missing",NA,NA,"No","20FEB2014","Thursday","Motorist Failed to Yield - Sign-Controlled Intersection",14,"Intersection","February","C: Possible Injury",53520,"Motorist Drive Out - Sign-Controlled Intersection",2014,"Yes","Yes","Daylight","Straight - Grade","Local Street","Dry","Two-Way, Divided, Unprotected Median","None","T-Intersection","Smooth Asphalt",0,0,1,0,0,1,0,"4 lanes",2,0,"JAMES RD",40001896,"WINDCHASE CT"
6734,88,"Asheville","Buncombe","Mountains","Commercial","Urban (>70% Developed)","HANOVER","Urban","20 - 25  MPH","Stop And Go Signal","Clear","No",30,"30-39",NA,"No","With Traffic","C: Possible Injury","Travel Lane","White","Male",40,"40-49",NA,"No","0-5 mph","O: No Injury","Black","Male","Passenger Car","No","23FEB2014","Sunday","Motorist Left Turn / Merge",0,"Intersection","February","C: Possible Injury",660,"Motorist Left Turn - Opposite Direction",2014,"No","No","Dark - Lighted Roadway","Straight - Level","Local Street","Dry","Two-Way, Not Divided","None","Four-Way Intersection","Smooth Asphalt",0,0,1,0,0,1,0,"3 lanes",2,0,"HAYWOOD RD",40003548,"PENNYSLVANIA AVE"
6735,89,"Fayetteville","Cumberland","Coastal","Commercial","Urban (>70% Developed)","LANGDON ST","Urban","30 - 35  MPH","Stop And Go Signal","Clear","No",50,"50-59",NA,"No","With Traffic","B: Evident Injury","Travel Lane","Black","Male",19,"0-19",NA,"No","31-35 mph","O: No Injury","Black","Female","Sport Utility","No","25FEB2014","Tuesday","Motorist Failed to Yield - Signalized Intersection",11,"Intersection","February","B: Evident Injury",40200,"Motorist Drive Out - Right Turn on Red",2014,"Yes","No","Daylight","Straight - Level","Local Street","Dry","Two-Way, Not Divided","None","No Special Feature","Coarse Asphalt",0,1,0,0,0,1,0,"4 lanes",2,0,"MURCHISON RD",50017052,"LAKELAND ST"
6736,93,"Asheville","Buncombe","Mountains","Residential","Urban (>70% Developed)","CAMPGROUND RD","Urban","30 - 35  MPH","No Control Present","Clear","No",17,"16-19",NA,"No","Not Applicable","B: Evident Injury","Driveway / Alley","White","Male",55,"50-59",NA,"No","21-25 mph","O: No Injury","White","Female","Passenger Car","No","02MAR2014","Sunday","Loss of Control / Turning Error",17,"Intersection-Related","March","B: Evident Injury",62280,"Bicyclist Lost Control - Mechanical Problems",2014,"No","No","Daylight","Curve - Level","Local Street","Dry","Two-Way, Not Divided","None","No Special Feature","Coarse Asphalt",0,1,0,0,0,1,0,"2 lanes",2,0.005,"GOVERNORS VIEW RD",0,"BULL MOUNTAIN RD"
6737,110,"None - Rural Crash","Durham","Piedmont","Institutional","Mixed (30% To 70% Developed)","SR 1004","Rural","5 - 15 MPH","Stop Sign","Cloudy","No",57,"50-59",NA,"No","With Traffic","B: Evident Injury","Travel Lane","White","Male",42,"40-49",NA,"No","0-5 mph","O: No Injury","Black","Male","Passenger Car","No","17MAR2014","Monday","Motorist Failed to Yield - Sign-Controlled Intersection",13,"Intersection","March","B: Evident Injury",47400,"Motorist Drive Out - Sign-Controlled Intersection",2014,"Yes","No","Daylight","Straight - Level","State Secondary Route","Wet","Two-Way, Not Divided","None","Driveway, Private","Smooth Asphalt",0,1,0,0,0,1,0,"2 lanes",2,0.5,"1624",40001004,"GRANVILLE"
6738,119,"None - Rural Crash","Cumberland","Coastal","Residential","Mixed (30% To 70% Developed)","SR 1811","Rural","50 - 55  MPH","No Control Present","Clear","No",13,"11-15",NA,"No","With Traffic","B: Evident Injury","Travel Lane","White","Male",52,"50-59",NA,"No","31-35 mph","O: No Injury","White","Female","Passenger Car","No","01APR2014","Tuesday","Motorist Overtaking Bicyclist",17,"Non-Intersection","April","B: Evident Injury",64140,"Motorist Overtaking - Bicyclist Swerved",2014,"No","No","Daylight","Straight - Level","State Secondary Route","Dry","Two-Way, Not Divided","None","Driveway, Private","Coarse Asphalt",0,1,0,0,0,1,0,"2 lanes",2,0.1,"1806",40001811,"1819"
6739,124,"Hendersonville","Henderson","Mountains","Commercial","Urban (>70% Developed)","64","Urban","40 - 45  MPH","No Control Present","Clear","No",32,"30-39",NA,"No","With Traffic","B: Evident Injury","Travel Lane","White","Female",57,"50-59",NA,"No","31-35 mph","O: No Injury","White","Female","Sport Utility","No","03APR2014","Thursday","Motorist Overtaking Bicyclist",13,"Non-Intersection","April","B: Evident Injury",49500,"Motorist Overtaking - Undetected Bicyclist",2014,"Yes","No","Daylight","Straight - Grade","US Route","Dry","Two-Way, Divided, Positive Median Barrier","None","No Special Feature","Coarse Asphalt",0,1,0,0,0,1,0,"4 lanes",2,0.11,"ORRS CAMP RD",20000064,"26"
6740,130,"Raleigh","Wake","Piedmont","Commercial","Urban (>70% Developed)","SPRING FOREST RD","Urban","40 - 45  MPH","Stop Sign","Clear","No",42,"40-49",NA,"No","Facing Traffic","C: Possible Injury","Travel Lane","Hispanic","Male",34,"30-39",NA,"No","0-5 mph","O: No Injury","White","Female","Passenger Car","No","10APR2014","Thursday","Motorist Failed to Yield - Midblock",20,"Non-Intersection","April","C: Possible Injury",73380,"Motorist Drive Out - Commercial Driveway / Alley",2014,"Yes","No","Dark - Lighted Roadway","Straight - Level","Local Street","Dry","Two-Way, Not Divided","None","No Special Feature","Smooth Asphalt",0,0,1,0,0,1,0,"5 lanes",2,0.057,"FALL OF NEUSE RD",40002015,"RIDGEFIELD DR"
6741,142,"Raleigh","Wake","Piedmont","Residential","Urban (>70% Developed)","PVA 3114 GARNER RD","Urban","30 - 35  MPH","No Control Present","Clear","No",23,"20-24",NA,"No","Not Applicable","O: No Injury","Non-Roadway","Black","Female",NA,NA,NA,"Missing","0-5 mph","Unknown Injury","Unknown/Missing",NA,"Passenger Car","No","17APR2014","Thursday","Non-Roadway",17,"Non-Roadway","April","O: No Injury",61620,"Non-Roadway",2014,"Yes","No","Daylight","Straight - Level","Public Vehicular Area","Dry","One-Way, Not Divided","None","Other","Concrete",0,0,0,0,1,1,0,NA,2,0.002,"GARNER RD",0,"HAMMOND RD"
6742,144,"Raleigh","Wake","Piedmont","Commercial","Rural (<30% Developed)","GLENN EDEN DR","Urban","30 - 35  MPH","Stop And Go Signal","Clear","No",12,"11-15",NA,"No","With Traffic","C: Possible Injury","Travel Lane","White","Male",51,"50-59",NA,"No","11-15 mph","O: No Injury","White","Female","Passenger Car","No","17APR2014","Thursday","Motorist Left Turn / Merge",19,"Intersection","April","C: Possible Injury",69000,"Motorist Left Turn - Opposite Direction",2014,"Yes","No","Daylight","Straight - Level","Local Street","Dry","Two-Way, Divided, Unprotected Median","None","Four-Way Intersection","Smooth Asphalt",0,0,1,0,0,1,0,NA,2,0,"EDWARDS MILL RD",50011941,NA
6743,145,"Raleigh","Wake","Piedmont","Residential","Urban (>70% Developed)","BEVERLY DR","Urban","30 - 35  MPH","Stop And Go Signal","Clear","No",31,"30-39",NA,"No","With Traffic","C: Possible Injury","Travel Lane","White","Male",20,"20-24",NA,"No","0-5 mph","O: No Injury","Black","Male","Passenger Car","No","17APR2014","Thursday","Motorist Left Turn / Merge",18,"Intersection","April","C: Possible Injury",66180,"Motorist Left Turn - Opposite Direction",2014,"Yes","No","Daylight","Straight - Level","Local Street","Dry","Two-Way, Not Divided","None","T-Intersection","Smooth Asphalt",0,0,1,0,0,1,0,"7 lanes",2,0,"POOLE RD",40001007,"FRIAR TUCK RD"
6744,156,"Kinston","Lenoir","Coastal","Residential","Urban (>70% Developed)","N ADKIN ST","Urban","20 - 25  MPH","Stop Sign","Clear","No",38,"30-39",NA,"Yes-Alcohol,  impairment suspected","With Traffic","B: Evident Injury","Travel Lane","Black","Male",NA,NA,NA,"Missing","21-25 mph","Unknown Injury","Unknown/Missing",NA,NA,"Yes","27APR2014","Sunday","Head-On",15,"Intersection","April","B: Evident Injury",57300,"Head-On - Bicyclist",2014,"No","Yes","Dark - Lighted Roadway","Straight - Level","Local Street","Dry","Two-Way, Not Divided","None","Four-Way Intersection","Smooth Asphalt",0,1,0,0,0,1,0,"8 lanes",2,0,"TOWERHILL RD",50000208,"E WASHINGTON ST"
6745,159,"Tobaccoville","Forsyth","Piedmont","Residential","Rural (<30% Developed)","SR 1604","Rural","40 - 45  MPH","Double Yellow Line, No Passing Zone","Clear","No",52,"50-59",NA,"No","With Traffic","C: Possible Injury","Bike Lane / Paved Shoulder","Black","Male",NA,NA,NA,NA,"41-45 mph","Unknown Injury","Unknown/Missing",NA,NA,"No","11APR2014","Friday","Motorist Overtaking Bicyclist",11,"Non-Intersection","April","C: Possible Injury",40680,"Motorist Overtaking - Misjudged Space",2014,"No","Yes","Daylight","Straight - Level","State Secondary Route","Dry","Two-Way, Divided, Unprotected Median","None","No Special Feature","Smooth Asphalt",0,0,1,0,0,1,0,"2 lanes",2,0.019,"1609",40001604,"3960"