"...1","object_id","city","county","region","development","locality","on_road","rural_urban","speed_limit","traffic_control","weather","workzone","bike_age","bike_age_group","bike_alcohol","bike_alcohol_drugs","bike_direction","bike_injury","bike_position","bike_race","bike_sex","driver_age","driver_age_group","driver_alcohol","driver_alcohol_drugs","driver_est_speed","driver_injury","driver_race","driver_sex","driver_vehicle_type","crash_alcohol","crash_date","crash_day","crash_group","crash_hour","crash_location","crash_month","crash_severity","crash_time","crash_type","crash_year","ambulance_req","hit_run","light_condition","road_character","road_class","road_condition","road_configuration","road_defects","road_feature","road_surface","num_bikes_ai","num_bikes_bi","num_bikes_ci","num_bikes_ki","num_bikes_no","num_bikes_to","num_bikes_ui","num_lanes","num_units","distance_mi_from","frm_road","rte_invd_cd","towrd_road"
6746,164,"Wilmington",NA,"Coastal","Commercial","Urban (>70% Developed)","OLEANDER DR","Urban","40 - 45  MPH","No Control Present","Clear","No",54,"50-59",NA,"Yes-Alcohol,  impairment suspected","Facing Traffic","B: Evident Injury","Sidewalk / Crosswalk / Driveway Crossing","White","Male",34,"30-39",NA,"No","0-5 mph","O: No Injury","Black","Female","Sport Utility","Yes","11APR2014","Friday","Motorist Failed to Yield - Midblock",13,"Non-Intersection","April","B: Evident Injury",49560,"Motorist Drive Out - Commercial Driveway / Alley",2014,"Yes","No","Daylight","Straight - Level","Local Street","Dry","Two-Way, Divided, Unprotected Median","None","No Special Feature","Smooth Asphalt",0,1,0,0,0,1,0,"6 lanes",2,0.089,"LINCOLN RD",20000076,"FORDHAM RD"
6747,172,"None - Rural Crash","Onslow","Coastal","Commercial","Mixed (30% To 70% Developed)","US 258","Rural","50 - 55  MPH","No Control Present","Clear","No",51,"50-59",NA,"No","With Traffic","C: Possible Injury","Travel Lane","White","Male",45,"40-49",NA,"No","51-55 mph","O: No Injury","Black","Female","Sport Utility","No","27APR2014","Sunday","Motorist Overtaking Bicyclist",22,"Non-Intersection","April","C: Possible Injury",82200,"Motorist Overtaking - Undetected Bicyclist",2014,"Yes","No","Dark - Roadway Not Lighted","Straight - Level","US Route","Dry","Two-Way, Not Divided","None","No Special Feature","Smooth Asphalt",0,0,1,0,0,1,0,"5 lanes",2,0.019,"GREENCREST DR",20000258,"1212"
6748,177,"Fayetteville","Cumberland","Coastal","Residential","Urban (>70% Developed)","FILLYAW RD","Urban","30 - 35  MPH","No Control Present","Clear","No",18,"16-19",NA,NA,"With Traffic","C: Possible Injury","Bike Lane / Paved Shoulder","Black","Male",21,"20-24",NA,"No","21-25 mph","O: No Injury","Black","Male","Sport Utility","No","18APR2014","Friday","Motorist Overtaking Bicyclist",7,"Non-Intersection","April","C: Possible Injury",27480,"Motorist Overtaking - Bicyclist Swerved",2014,"Yes","No","Daylight","Straight - Level","Local Street","Dry","Two-Way, Not Divided","None","No Special Feature","Smooth Asphalt",0,0,1,0,0,1,0,"2 lanes",2,0.019,"REILLY RD",40001406,"GARFIELD DR"
6749,178,"Asheville","Buncombe","Mountains","Commercial","Urban (>70% Developed)","HILLIARD AVE","Urban","20 - 25  MPH","No Control Present","Clear","No",28,"25-29",NA,"No","With Traffic","C: Possible Injury","Bike Lane / Paved Shoulder","White","Male",22,"20-24",NA,"No","0-5 mph","O: No Injury","White","Female","Passenger Car","No","21APR2014","Monday","Motorist Right Turn / Merge",20,"Non-Intersection","April","C: Possible Injury",74940,"Motorist Right Turn - Same Direction",2014,"No","No","Dark - Lighted Roadway","Straight - Grade","Local Street","Dry","Two-Way, Not Divided","None","No Special Feature","Coarse Asphalt",0,0,1,0,0,1,0,"2 lanes",2,0.004,"COXE AVE",0,"ASHELAND AVE"
6750,183,"Greensboro","Guilford","Piedmont","Residential","Urban (>70% Developed)","SEVIER ST","Urban","30 - 35  MPH","No Control Present","Clear","No",22,"20-24",NA,NA,"With Traffic","C: Possible Injury","Sidewalk / Crosswalk / Driveway Crossing","Black","Male",24,"20-24",NA,"Yes-Alcohol, no impairment detected","6-10 mph","O: No Injury","White","Male","Passenger Car","Yes","11MAY2014","Sunday","Motorist Failed to Yield - Sign-Controlled Intersection",22,"Intersection","May","C: Possible Injury",80400,"Motorist Drive Out - Sign-Controlled Intersection",2014,"Yes","No","Dark - Lighted Roadway","Straight - Level","Local Street","Dry","Two-Way, Divided, Unprotected Median","None","No Special Feature","Smooth Asphalt",0,0,1,0,0,1,0,"2 lanes",3,0,"EAST LEE ST",40004240,"EAST LEE ST"
6751,188,"Asheboro","Randolph","Piedmont","Residential","Urban (>70% Developed)","HOLLY ST","Urban","30 - 35  MPH","No Control Present","Clear","No",56,"50-59",NA,"No","With Traffic","B: Evident Injury","Travel Lane","White","Male",NA,NA,NA,"Missing",NA,"Unknown Injury","Unknown/Missing",NA,"Passenger Car","No","07MAY2014","Wednesday","Bicyclist Overtaking Motorist",18,"Non-Intersection","May","B: Evident Injury",65220,"Bicyclist Overtaking - Parked Vehicle",2014,"Yes","No","Daylight","Straight - Grade","Local Street","Dry","Two-Way, Not Divided","None","No Special Feature","Coarse Asphalt",0,1,0,0,0,1,0,"2 lanes",2,0.019,"1443",0,"LEE ST"
6752,197,"Cary","Wake","Piedmont","Residential","Urban (>70% Developed)","SR 1653","Urban","30 - 35  MPH","No Control Present","Clear","No",14,"11-15",NA,"No","With Traffic","C: Possible Injury","Travel Lane","Black","Male",46,"40-49",NA,"No","11-15 mph","O: No Injury","White","Male","Pickup","No","29APR2014","Tuesday","Bicyclist Failed to Yield - Sign-Controlled Intersection",17,"Intersection","April","C: Possible Injury",63120,"Bicyclist Ride Through - Sign-Controlled Intersection",2014,"No","No","Daylight","Straight - Level","State Secondary Route","Dry","Two-Way, Not Divided","None","Four-Way Intersection","Smooth Asphalt",0,0,1,0,0,1,0,"4 lanes",2,0,"WINDBYRNE DR",40001653,"GEYER CT"
6753,199,"Raleigh","Wake","Piedmont","Commercial","Urban (>70% Developed)","SIX FORKS RD","Urban","30 - 35  MPH","Stop Sign","Clear","No",29,"25-29",NA,"No","Facing Traffic","B: Evident Injury","Sidewalk / Crosswalk / Driveway Crossing","White","Male",34,"30-39",NA,"No","0-5 mph","O: No Injury","White","Female","Van","No","21MAY2014","Wednesday","Motorist Failed to Yield - Sign-Controlled Intersection",8,"Intersection","May","B: Evident Injury",30960,"Motorist Drive Out - Sign-Controlled Intersection",2014,"Yes","No","Daylight","Straight - Level","Local Street","Dry","One-Way, Not Divided","None","No Special Feature","Coarse Asphalt",0,1,0,0,0,1,0,"4 lanes",2,0,"MONUMENT LN",40001005,"FORUM DR"
6754,200,"Carrboro","Orange","Piedmont","Residential","Urban (>70% Developed)","OAK ST","Urban","30 - 35  MPH","Stop Sign","Clear","No",51,"50-59",NA,"No","With Traffic","C: Possible Injury","Bike Lane / Paved Shoulder","White","Female",34,"30-39",NA,"No","31-35 mph","O: No Injury","White","Male","Sport Utility","No","20APR2014","Sunday","Loss of Control / Turning Error",12,"Intersection","April","C: Possible Injury",44280,"Bicyclist Lost Control - Other / Unknown",2014,"Yes","No","Daylight","Curve - Level","Local Street","Dry","Two-Way, Not Divided","None","Other","Smooth Asphalt",0,0,1,0,0,1,0,"2 lanes",3,0,"OAK ST",0,NA
6755,203,"Spring Lake","Cumberland","Coastal","Commercial","Urban (>70% Developed)","PVA SPRING LAKE TOWN CTR","Urban","20 - 25  MPH","Stop And Go Signal","Clear","No",56,"50-59",NA,"No","Not Applicable","B: Evident Injury","Driveway / Alley","Black","Male",43,"40-49",NA,"No",NA,"O: No Injury","Black","Female","Passenger Car","No","09MAY2014","Friday","Bicyclist Failed to Yield - Signalized Intersection",8,"Intersection","May","B: Evident Injury",30300,"Bicyclist Ride Through - Signalized Intersection",2014,"No","No","Daylight","Curve - Grade",NA,"Dry","Two-Way, Not Divided","None","Driveway, Public","Smooth Asphalt",0,1,0,0,0,1,0,NA,2,0,"LILLINGTON HWY",0,"HOLLAND DR"
6756,204,"None - Rural Crash","Davidson","Piedmont","Farms, Woods, Pastures","Rural (<30% Developed)","1493","Rural","30 - 35  MPH","Stop Sign","Clear","No",NA,"70+",NA,"No","With Traffic","O: No Injury","Travel Lane","White","Male",51,"50-59",NA,"No","11-15 mph","O: No Injury","White","Male","Passenger Car","No","11MAY2014","Sunday","Motorist Failed to Yield - Sign-Controlled Intersection",10,"Intersection","May","O: No Injury",37140,"Motorist Drive Through - Sign-Controlled Intersection",2014,"No","No","Daylight","Straight - Grade","State Secondary Route","Dry","Two-Way, Not Divided","None","T-Intersection","Coarse Asphalt",0,0,0,0,1,1,0,"2 lanes",2,0,"1498",40001493,"1522"
6757,207,"Wilmington",NA,"Coastal","Residential","Urban (>70% Developed)","460 RAVINE DR","Urban","30 - 35  MPH","No Control Present","Clear","No",30,"30-39",NA,"No","Facing Traffic","C: Possible Injury","Sidewalk / Crosswalk / Driveway Crossing","White","Male",NA,NA,NA,"Missing","0-5 mph","Unknown Injury","Unknown/Missing",NA,NA,"No","03MAY2014","Saturday","Motorist Failed to Yield - Midblock",16,"Non-Intersection","May","C: Possible Injury",59760,"Motorist Drive Out - Residential Driveway",2014,"Yes","Yes","Daylight","Straight - Level","Public Vehicular Area","Dry","Two-Way, Not Divided","None","No Special Feature","Smooth Asphalt",0,0,1,0,0,1,0,"2 lanes",2,0.067,"COLLEGE ACRES DR",0,"NEW CENTRE DR"
6758,208,"None - Rural Crash","Rutherford","Mountains","Residential","Mixed (30% To 70% Developed)","SR 1164","Rural","30 - 35  MPH","Double Yellow Line, No Passing Zone","Cloudy","No",15,"11-15",NA,"No","Not Applicable","C: Possible Injury","Driveway / Alley","Black","Male",56,"50-59",NA,"No","31-35 mph","O: No Injury","White","Male","Pickup","No","27MAY2014","Tuesday","Bicyclist Failed to Yield - Midblock",18,"Non-Intersection","May","C: Possible Injury",67800,"Bicyclist Ride Out - Residential Driveway",2014,"Yes","No","Daylight","Straight - Grade","State Secondary Route","Wet","Two-Way, Not Divided","None","No Special Feature","Smooth Asphalt",0,0,1,0,0,1,0,"2 lanes",2,0.2,"1178",40001164,"1205"
6759,210,"Kannapolis","Rowan","Piedmont","Residential","Urban (>70% Developed)","W A ST","Urban","40 - 45  MPH","No Control Present","Clear","No",7,"6-10",NA,"No","Not Applicable","B: Evident Injury","Travel Lane","Black","Male",63,"60-69",NA,"No","41-45 mph","O: No Injury","Black","Male","Passenger Car","No","03MAY2014","Saturday","Bicyclist Failed to Yield - Midblock",14,"Non-Intersection","May","B: Evident Injury",51960,"Bicyclist Ride Out - Residential Driveway",2014,"Yes","No","Daylight","Straight - Grade","Local Street","Dry","Two-Way, Not Divided","None","No Special Feature","Smooth Asphalt",0,1,0,0,0,1,0,"2 lanes",2,0.033,"DARTY ST",40001100,"CIRCLE ST"
6760,212,"Southport","Brunswick","Coastal","Farms, Woods, Pastures","Rural (<30% Developed)","PVA ATLANTIC AVE EXT","Rural","30 - 35  MPH","No Control Present","Clear","No",29,"25-29",NA,"No","Not Applicable","C: Possible Injury","Driveway / Alley","White","Male",67,"60-69",NA,"No","0-5 mph","O: No Injury","White","Female","Pickup","No","16MAY2014","Friday","Non-Roadway",9,"Non-Roadway","May","C: Possible Injury",34200,"Non-Roadway",2014,"No","No","Daylight","Straight - Level","Public Vehicular Area","Dry","Two-Way, Not Divided","None","Driveway, Public","Gravel",0,0,1,0,0,1,0,"2 lanes",2,0.002,"13 STR",0,"DEAD END"
6761,217,"Wilmington","New Hanover","Coastal","Residential","Urban (>70% Developed)","GREENVILLE LOOP RD","Urban","40 - 45  MPH","No Control Present","Clear","No",26,"25-29",NA,"No","With Traffic","C: Possible Injury","Bike Lane / Paved Shoulder","White","Male",30,"30-39",NA,NA,"31-35 mph","O: No Injury","White","Female","Passenger Car","No","17MAY2014","Saturday","Loss of Control / Turning Error",16,"Non-Intersection","May","C: Possible Injury",58380,"Motorist Lost Control - Alcohol / Drug Impairment",2014,"Yes","Yes","Daylight","Straight - Level","Local Street","Dry","Two-Way, Not Divided","None","No Special Feature","Smooth Asphalt",0,0,1,0,0,1,0,"2 lanes",2,0.1,"GREENVILLE SOUND",50012500,"OLEANDER DR"
6762,226,"Laurinburg","Scotland","Coastal","Residential","Urban (>70% Developed)","LYTCH ST","Urban","30 - 35  MPH","No Control Present","Clear","No",9,"6-10",NA,"No","Facing Traffic","O: No Injury","Travel Lane","Black","Male",43,"40-49",NA,"No","31-35 mph","O: No Injury","Black","Female","Passenger Car","No","25MAY2014","Sunday","Motorist Left Turn / Merge",14,"Intersection","May","O: No Injury",52200,"Motorist Left Turn - Same Direction",2014,"No","No","Daylight","Straight - Level","Local Street","Dry","One-Way, Not Divided","None","Driveway, Public","Coarse Asphalt",0,0,0,0,1,1,0,"1 lane",2,0.001,"HOD ST",0,"GAMBLE ST"
6763,236,"Southern Shores","Dare","Coastal","Residential","Urban (>70% Developed)","S DOGWOOD TRL","Rural","20 - 25  MPH","No Control Present","Clear","No",59,"50-59",NA,"No","With Traffic","C: Possible Injury","Travel Lane","White","Male",52,"50-59",NA,"No","0-5 mph","O: No Injury","White","Female","Sport Utility","No","24MAY2014","Saturday","Motorist Failed to Yield - Midblock",11,"Non-Intersection","May","C: Possible Injury",40200,"Motorist Drive Out - Residential Driveway",2014,"Yes","No","Daylight","Straight - Hillcrest","Local Street","Dry","Two-Way, Not Divided","None","No Special Feature","Smooth Asphalt",0,0,1,0,0,1,0,"2 lanes",2,0,"180 S DOGWOOD TRL",0,"N MARINA CIR"
6764,247,"Durham","Durham","Piedmont","Residential","Urban (>70% Developed)","W LAKEWOOD AVE","Urban","30 - 35  MPH","Stop And Go Signal","Clear","No",68,"60-69",NA,"No","With Traffic","O: No Injury","Sidewalk / Crosswalk / Driveway Crossing","Black","Male",23,"20-24",NA,"No","26-30 mph","O: No Injury","Black","Female","Passenger Car","No","13JUN2014","Friday","Bicyclist Failed to Yield - Signalized Intersection",14,"Intersection","June","O: No Injury",52080,"Bicyclist Ride Through - Signalized Intersection",2014,"No","No","Daylight","Straight - Level","Local Street","Dry","Two-Way, Not Divided","None","No Special Feature","Smooth Asphalt",0,0,0,0,1,1,0,"3 lanes",2,0,"BLACKWELL ST",29000015,NA
6765,256,"Winston-Salem","Forsyth","Piedmont","Residential","Urban (>70% Developed)","OAK SUMMIT RD","Urban","40 - 45  MPH","Stop Sign","Clear","No",33,"30-39",NA,"No","With Traffic","C: Possible Injury","Travel Lane","White","Male",60,"60-69",NA,"No","6-10 mph","O: No Injury","Black","Male","Pickup","No","27MAY2014","Tuesday","Motorist Failed to Yield - Sign-Controlled Intersection",19,"Intersection","May","C: Possible Injury",71940,"Motorist Drive Out - Sign-Controlled Intersection",2014,"Yes","No","Daylight","Straight - Grade","Local Street","Water (Standing, Moving)","Two-Way, Divided, Unprotected Median","None","T-Intersection","Smooth Asphalt",0,0,1,0,0,1,0,"4 lanes",2,0,"WHITTIER RD",40001686,"BROOKFIELD RD"
6766,257,"Winston-Salem","Forsyth","Piedmont","Residential","Urban (>70% Developed)","HAWTHORNE RD","Urban","20 - 25  MPH","Stop And Go Signal","Clear","No",30,"30-39",NA,"No","With Traffic","B: Evident Injury","Travel Lane","White","Male",44,"40-49",NA,"No","11-15 mph","O: No Injury","White","Male","Passenger Car","No","12MAY2014","Monday","Motorist Right Turn / Merge",17,"Intersection","May","B: Evident Injury",63480,"Motorist Right Turn - Same Direction",2014,"Yes","No","Daylight","Straight - Grade","Local Street","Dry","Two-Way, Not Divided","None","Four-Way Intersection","Smooth Asphalt",0,0,0,0,1,1,0,"4 lanes",2,0,"BOLTON ST",50013446,"PINE BLUFF RD"
6767,258,"None - Rural Crash","Catawba","Piedmont","Farms, Woods, Pastures","Rural (<30% Developed)","NC 10","Rural","50 - 55  MPH","Other","Clear","No",17,"16-19",NA,"No","With Traffic","O: No Injury","Bike Lane / Paved Shoulder","White","Male",30,"30-39",NA,"No","51-55 mph","O: No Injury","White","Female","Passenger Car","No","09JUN2014","Monday","Motorist Overtaking Bicyclist",21,"Non-Intersection","June","O: No Injury",78420,"Motorist Overtaking - Undetected Bicyclist",2014,"No","No","Dark - Roadway Not Lighted","Straight - Level","NC Route","Dry","Two-Way, Not Divided","None","No Special Feature","Smooth Asphalt",0,0,0,0,1,1,0,"2 lanes",2,0.1,"1821",30000010,"1726"
6768,260,"None - Rural Crash","Edgecombe","Coastal","Farms, Woods, Pastures","Rural (<30% Developed)","SR 1537","Rural","50 - 55  MPH","Double Yellow Line, No Passing Zone","Clear","No",14,"11-15",NA,"No","With Traffic","C: Possible Injury","Travel Lane","Black","Male",59,"50-59",NA,"No","41-45 mph","O: No Injury","White","Male","Pickup","No","02JUN2014","Monday","Bicyclist Left Turn / Merge",17,"Non-Intersection","June","C: Possible Injury",61920,"Bicyclist Left Turn - Same Direction",2014,"No","No","Daylight","Straight - Grade","State Secondary Route","Dry","Two-Way, Not Divided","None","No Special Feature","Coarse Asphalt",0,0,1,0,0,1,0,"2 lanes",2,0.4,"1518",40001537,"SAMUEL LN"
6769,269,"Winston-Salem","Forsyth","Piedmont","Residential","Urban (>70% Developed)","FRIENDLY ACRES DR","Urban","30 - 35  MPH","No Control Present","Cloudy","No",11,"11-15",NA,"No","Not Applicable","B: Evident Injury","Driveway / Alley","Black","Male",34,"30-39",NA,"No","41-45 mph","O: No Injury","White","Female","Passenger Car","No","08JUN2014","Sunday","Bicyclist Failed to Yield - Midblock",19,"Non-Intersection","June","B: Evident Injury",71580,"Bicyclist Ride Out - Residential Driveway",2014,"Yes","No","Dark - Lighted Roadway","Straight - Grade","Local Street","Dry","Two-Way, Not Divided","None","No Special Feature","Smooth Asphalt",0,1,0,0,0,1,0,"2 lanes",2,0.108,"ANDYS DR",0,"RAINWOOD DR"
6770,274,"None - Rural Crash","Buncombe","Mountains","Commercial","Mixed (30% To 70% Developed)","NC 191","Rural","40 - 45  MPH","Double Yellow Line, No Passing Zone","Clear","No",39,"30-39",NA,"No","With Traffic","B: Evident Injury","Travel Lane","White","Male",16,"0-19",NA,"No","26-30 mph","O: No Injury","White","Female","Passenger Car","No","06JUN2014","Friday","Motorist Overtaking Bicyclist",6,"Non-Intersection","June","B: Evident Injury",24300,"Motorist Overtaking - Other / Unknown",2014,"Yes","No","Daylight","Straight - Level","NC Route","Dry","Two-Way, Not Divided","None","No Special Feature","Smooth Asphalt",0,1,0,0,0,1,0,"2 lanes",2,0.17,"3486",30000191,"146"
6771,282,"High Point","Guilford","Piedmont","Commercial","Urban (>70% Developed)","CENTENNIAL ST","Urban","30 - 35  MPH","Stop Sign","Clear","No",13,"11-15",NA,"No","With Traffic","B: Evident Injury","Travel Lane","Black","Male",50,"50-59",NA,"No","36-40 mph","O: No Injury","Hispanic","Male","Van","No","18MAY2014","Sunday","Bicyclist Failed to Yield - Sign-Controlled Intersection",20,"Intersection","May","B: Evident Injury",75360,"Bicyclist Ride Through - Sign-Controlled Intersection",2014,"Yes","Yes","Dark - Lighted Roadway","Straight - Grade","Local Street","Dry","Two-Way, Not Divided","None","Four-Way Intersection","Coarse Asphalt",0,1,0,0,0,1,0,"2 lanes",2,0,"GRIMES AVE",50005498,"RUSSELL AVE"
6772,286,"Garner","Wake","Piedmont","Commercial","Urban (>70% Developed)","US 401","Urban","40 - 45  MPH","Stop And Go Signal","Cloudy","No",21,"20-24",NA,"No","With Traffic","C: Possible Injury","Travel Lane","Black","Male",24,"20-24",NA,"No","31-35 mph","O: No Injury","White","Female","Passenger Car","No","27JUN2014","Friday","Crossing Paths - Other Circumstances",17,"Intersection-Related","June","C: Possible Injury",62100,"Sign-Controlled Intersection - Other / Unknown",2014,"Yes","No","Daylight","Straight - Level","US Route","Wet","Two-Way, Divided, Unprotected Median","None","T-Intersection","Smooth Asphalt",0,0,1,0,0,1,0,"6 lanes",2,0,"KITCHEH DR",20000401,"PINE WINDS DR"
6773,290,"Durham","Durham","Piedmont","Residential","Urban (>70% Developed)","OLD TRAIL DR","Urban","30 - 35  MPH","Yield Sign","Clear","No",62,"60-69",NA,"No","With Traffic","B: Evident Injury","Travel Lane","White","Male",59,"50-59",NA,"No","0-5 mph","O: No Injury","Black","Male","Sport Utility","No","01JUL2014","Tuesday","Motorist Overtaking Bicyclist",11,"Intersection-Related","July","B: Evident Injury",42120,"Motorist Overtaking - Undetected Bicyclist",2014,"Yes","No","Daylight","Curve - Level","Local Street","Dry","Two-Way, Not Divided","None","Traffic Circle/Roundabout","Smooth Asphalt",0,2,0,0,0,2,0,"2 lanes",3,0.005,"VINTAGE HILL DR",0,"VINTAGE HILL PKWAY"
6774,293,"Asheville","Buncombe","Mountains","Commercial","Urban (>70% Developed)","PVA 72 RANKIN AVE","Urban",NA,"No Control Present","Clear","No",33,"30-39",NA,"No","Not Applicable","C: Possible Injury","Non-Roadway","White","Male",NA,NA,NA,"Missing","0-5 mph","Unknown Injury","Unknown/Missing",NA,NA,"No","23MAY2014","Friday","Non-Roadway",20,"Non-Roadway","May","C: Possible Injury",74940,"Non-Roadway",2014,"No","Yes","Dark - Lighted Roadway","Straight - Level","Public Vehicular Area","Dry","One-Way, Not Divided","None","No Special Feature","Smooth Asphalt",0,0,1,0,0,1,0,"1 lane",2,0.085,"HIAWASSEE ST",0,"W WALNUT ST"
6775,294,"None - Rural Crash","Craven","Coastal","Residential","Mixed (30% To 70% Developed)","SR 1714","Rural","30 - 35  MPH","No Control Present","Clear","No",40,"40-49",NA,"No","With Traffic","B: Evident Injury","Travel Lane","Black","Male",39,"30-39",NA,"Yes-Alcohol,  impairment suspected","26-30 mph","O: No Injury","Black","Male","Sport Utility","Yes","04JUN2014","Wednesday","Motorist Overtaking Bicyclist",21,"Non-Intersection","June","B: Evident Injury",77520,"Motorist Overtaking - Other / Unknown",2014,"Yes","No","Dark - Roadway Not Lighted","Straight - Level","State Secondary Route","Dry","Two-Way, Not Divided","None","No Special Feature","Smooth Asphalt",0,1,0,0,0,1,0,"2 lanes",2,0.019,"JEANS CIR",40001714,"1715"
6776,295,"Raleigh","Wake","Piedmont","Residential","Mixed (30% To 70% Developed)","MLK JR BLVD","Urban","30 - 35  MPH","Stop And Go Signal","Clear","No",58,"50-59",NA,"No","Facing Traffic","B: Evident Injury","Sidewalk / Crosswalk / Driveway Crossing","Black","Male",54,"50-59",NA,"No","11-15 mph","O: No Injury","Black","Female","Van","No","23JUN2014","Monday","Motorist Right Turn / Merge",8,"Intersection","June","B: Evident Injury",28980,"Motorist Right Turn - Opposite Direction",2014,"Yes","No","Daylight","Straight - Level","Local Street","Dry","Two-Way, Not Divided","None","Four-Way Intersection","Smooth Asphalt",0,1,0,0,0,1,0,"9 or more lanes",2,0,"ROCK QUARRY RD",50019060,"S RALEIGH BLVD"
6777,296,"Charlotte","Mecklenburg","Piedmont","Residential","Urban (>70% Developed)","HAMILTON CIRCLE","Urban","30 - 35  MPH","No Control Present","Clear","No",40,"40-49",NA,"No","With Traffic","B: Evident Injury","Travel Lane","Black","Male",NA,"70+",NA,"No","11-15 mph","O: No Injury","Black","Female","Passenger Car","No","30JUN2014","Monday","Bicyclist Overtaking Motorist",16,"Non-Intersection","June","B: Evident Injury",57960,"Bicyclist Overtaking - Parked Vehicle",2014,"No","No","Daylight","Straight - Level","Local Street","Dry","Two-Way, Not Divided","None","No Special Feature","Grooved Concrete",0,1,0,0,0,1,0,"2 lanes",2,0.01,"BOMAR DR",50012965,"BEATTIES FORD"
6778,297,"Apex","Wake","Piedmont","Commercial","Urban (>70% Developed)","55","Urban","40 - 45  MPH","Stop Sign","Clear","No",15,"11-15",NA,"No","Facing Traffic","B: Evident Injury","Travel Lane","White","Male",42,"40-49",NA,"No","0-5 mph","O: No Injury","White","Male","Pickup","No","04JUL2014","Friday","Motorist Failed to Yield - Midblock",16,"Non-Intersection","July","B: Evident Injury",59760,"Motorist Drive Out - Commercial Driveway / Alley",2014,"Yes","No","Daylight","Straight - Level","NC Route","Dry","Two-Way, Not Divided","None","T-Intersection","Smooth Asphalt",0,1,0,0,0,1,0,"2 lanes",2,0.15,"BRYAN DRIVE",30000055,"OLIVE CHAPEL ROAD"
6779,307,"Winston-Salem","Forsyth","Piedmont","Residential","Urban (>70% Developed)","THOMASVILLE RD","Urban","30 - 35  MPH","Double Yellow Line, No Passing Zone","Clear","No",52,"50-59",NA,"No","With Traffic","C: Possible Injury","Travel Lane","Black","Male",21,"20-24",NA,"No","31-35 mph","O: No Injury","Black","Female","Passenger Car","No","14JUN2014","Saturday","Motorist Overtaking Bicyclist",21,"Non-Intersection","June","C: Possible Injury",78120,"Motorist Overtaking - Undetected Bicyclist",2014,"Yes","No","Dark - Roadway Not Lighted","Straight - Level","Local Street","Dry","Two-Way, Divided, Unprotected Median","None","No Special Feature","Smooth Asphalt",0,0,1,0,0,1,0,"2 lanes",2,0.002,"GLENCOE ST",40004325,"BROOKLINE ST"
6780,312,"None - Rural Crash","Warren","Piedmont","Farms, Woods, Pastures","Rural (<30% Developed)","SR 1323","Rural","40 - 45  MPH","No Control Present","Clear","No",17,"16-19",NA,"No","Facing Traffic","B: Evident Injury","Travel Lane","Black","Male",25,"25-29",NA,"No","31-35 mph","O: No Injury","Black","Female","Passenger Car","No","04JUL2014","Friday","Bicyclist Right Turn / Merge",14,"Non-Intersection","July","B: Evident Injury",50760,"Bicyclist Right Turn - Same Direction",2014,"Yes","No","Daylight","Straight - Level","State Secondary Route","Dry","Two-Way, Not Divided","None","No Special Feature","Grooved Concrete",0,1,0,0,0,1,0,NA,2,0.3,"158",40001323,"1305"
6781,316,"Atlantic Beach","Carteret","Coastal","Commercial","Urban (>70% Developed)","NC 58","Rural","20 - 25  MPH","No Control Present","Clear","No",52,"50-59",NA,"Yes-Alcohol,  impairment suspected","Facing Traffic","B: Evident Injury","Travel Lane","White","Male",22,"20-24",NA,"No","0-5 mph","O: No Injury","White","Female","Sport Utility","Yes","22JUN2014","Sunday","Motorist Failed to Yield - Sign-Controlled Intersection",20,"Intersection","June","B: Evident Injury",74640,"Motorist Drive Out - Sign-Controlled Intersection",2014,"No","No","Dark - Lighted Roadway","Straight - Level","NC Route","Dry","Two-Way, Not Divided","None","No Special Feature","Smooth Asphalt",0,1,0,0,0,1,0,"5 lanes",2,0,"BROOKS ST",30000058,"WILSON AVE"
6782,318,"None - Rural Crash","Wake","Piedmont","Residential","Rural (<30% Developed)","PVA OLD WOODARD STREET","Rural",NA,"No Control Present","Clear","No",7,"6-10",NA,"No","Not Applicable","C: Possible Injury","Bike Lane / Paved Shoulder","Hispanic","Female",48,"40-49",NA,"No","6-10 mph","O: No Injury","White","Female","Passenger Car","No","05JUL2014","Saturday","Non-Roadway",19,"Non-Roadway","July","C: Possible Injury",71760,"Non-Roadway",2014,"Yes","No","Daylight","Curve - Grade","Public Vehicular Area","Dry","Two-Way, Not Divided","None","Driveway, Public","Coarse Asphalt",0,0,1,0,0,1,0,"2 lanes",2,0.014,"RIVERDALE STREET",0,"SOUTHERN LIVING DRIVE"
6783,327,"Concord","Cabarrus","Piedmont","Residential","Urban (>70% Developed)","ROCK HLL CH RD","Urban","30 - 35  MPH","No Control Present","Clear","No",37,"30-39",NA,"No","With Traffic","C: Possible Injury","Travel Lane","White","Male",NA,NA,NA,"Missing","31-35 mph","Unknown Injury","Unknown/Missing",NA,NA,"No","01JUL2014","Tuesday","Motorist Overtaking Bicyclist",8,"Non-Intersection","July","C: Possible Injury",28800,"Motorist Overtaking - Other / Unknown",2014,"Yes","Yes","Daylight","Straight - Level","Local Street","Dry","Two-Way, Not Divided","None","No Special Feature","Smooth Asphalt",0,0,1,0,0,1,0,"2 lanes",2,0.076,"WEDDINGTON RD",40001414,"CROSSBOW CIR"