"...1","object_id","city","county","region","development","locality","on_road","rural_urban","speed_limit","traffic_control","weather","workzone","bike_age","bike_age_group","bike_alcohol","bike_alcohol_drugs","bike_direction","bike_injury","bike_position","bike_race","bike_sex","driver_age","driver_age_group","driver_alcohol","driver_alcohol_drugs","driver_est_speed","driver_injury","driver_race","driver_sex","driver_vehicle_type","crash_alcohol","crash_date","crash_day","crash_group","crash_hour","crash_location","crash_month","crash_severity","crash_time","crash_type","crash_year","ambulance_req","hit_run","light_condition","road_character","road_class","road_condition","road_configuration","road_defects","road_feature","road_surface","num_bikes_ai","num_bikes_bi","num_bikes_ci","num_bikes_ki","num_bikes_no","num_bikes_to","num_bikes_ui","num_lanes","num_units","distance_mi_from","frm_road","rte_invd_cd","towrd_road"
6784,332,"High Point","Guilford","Piedmont","Residential","Urban (>70% Developed)","JOHNSON ST","Urban","40 - 45  MPH","No Control Present","Clear","No",65,"60-69",NA,"No","Not Applicable","C: Possible Injury","Travel Lane","White","Female",44,"40-49",NA,"No","41-45 mph","O: No Injury","Black","Male","Passenger Car","No","03JUN2014","Tuesday","Bicyclist Right Turn / Merge",17,"Non-Intersection","June","C: Possible Injury",64380,"Bicyclist Right Turn - Same Direction",2014,"Yes","No","Daylight","Straight - Level","Local Street","Dry","Two-Way, Not Divided","None","No Special Feature","Smooth Asphalt",0,0,1,0,0,1,0,"5 lanes",2,0.01,"MIRABEAU CT",0,"SHAMROCK RD"
6785,333,"Durham","Durham","Piedmont","Residential","Urban (>70% Developed)","DEARBORN DR","Urban","30 - 35  MPH","No Control Present","Clear","No",13,"11-15",NA,"No","Not Applicable","C: Possible Injury","Sidewalk / Crosswalk / Driveway Crossing","Black","Male",NA,NA,NA,NA,"16-20 mph","Unknown Injury","Unknown/Missing",NA,"Passenger Car","No","17JUL2014","Thursday","Loss of Control / Turning Error",15,"Intersection","July","C: Possible Injury",54720,"Bicyclist Lost Control - Mechanical Problems",2014,"No","Yes","Daylight","Straight - Level","Local Street","Dry","Two-Way, Not Divided","None","No Special Feature","Coarse Asphalt",0,0,1,0,0,1,0,"2 lanes",2,0,"RUTH ST",40001666,"THELMA ST"
6786,334,"Clayton","Johnston","Coastal","Residential","Urban (>70% Developed)","GEORGETOWNE DR","Urban","20 - 25  MPH","Stop Sign","Clear","No",9,"6-10",NA,"No","With Traffic","B: Evident Injury","Sidewalk / Crosswalk / Driveway Crossing","White","Female",24,"20-24",NA,"No","6-10 mph","O: No Injury","White","Female","Passenger Car","No","01JUL2014","Tuesday","Loss of Control / Turning Error",18,"Intersection","July","B: Evident Injury",65820,"Bicyclist Lost Control - Mechanical Problems",2014,"Yes","No","Daylight","Straight - Level","Local Street","Dry","Two-Way, Not Divided","None","T-Intersection","Smooth Asphalt",0,1,0,0,0,1,0,"2 lanes",2,0,"SMART CT",0,"N ONEIL ST"
6787,337,"Durham","Durham","Piedmont","Commercial","Urban (>70% Developed)","W MAIN ST","Urban","30 - 35  MPH","No Control Present","Clear","No",45,"40-49",NA,"No","With Traffic","O: No Injury","Bike Lane / Paved Shoulder","White","Male",33,"30-39",NA,"No","0-5 mph","O: No Injury","Black","Female","Passenger Car","No","22JUL2014","Tuesday","Motorist Right Turn / Merge",18,"Non-Intersection","July","O: No Injury",68160,"Motorist Right Turn - Same Direction",2014,"No","No","Daylight","Straight - Level","Local Street","Dry","Two-Way, Not Divided","None","No Special Feature","Smooth Asphalt",0,0,0,0,1,1,0,"5 lanes",2,0.032,"BROAD ST",29000070,"NINTH ST"
6788,339,"None - Rural Crash","Gaston","Piedmont","Farms, Woods, Pastures","Rural (<30% Developed)","NC 273","Rural","40 - 45  MPH","Double Yellow Line, No Passing Zone","Clear","No",55,"50-59",NA,"No","With Traffic","B: Evident Injury","Travel Lane","White","Female",NA,NA,NA,"Missing","31-35 mph","Unknown Injury","Unknown/Missing",NA,NA,"No","11MAY2014","Sunday","Motorist Overtaking Bicyclist",11,"Non-Intersection","May","B: Evident Injury",40440,"Motorist Overtaking - Other / Unknown",2014,"Yes","Yes","Daylight","Straight - Level","NC Route","Dry","Two-Way, Not Divided","Shoulders Low, Soft Or High","No Special Feature","Smooth Asphalt",0,1,0,0,0,1,0,"2 lanes",2,0.1,"2738",30000273,"3095"
6789,340,"Morehead City","Carteret","Coastal","Commercial","Urban (>70% Developed)","PVA FIRST CITZENS BANK","Urban","30 - 35  MPH","No Control Present","Clear","No",60,"60-69",NA,"No","Facing Traffic","B: Evident Injury","Sidewalk / Crosswalk / Driveway Crossing","White","Female",42,"40-49",NA,"No","0-5 mph","O: No Injury","White","Male","Pickup","No","02JUN2014","Monday","Motorist Failed to Yield - Midblock",16,"Non-Intersection","June","B: Evident Injury",60060,"Motorist Drive Out - Commercial Driveway / Alley",2014,"Yes","No","Daylight","Straight - Level","Public Vehicular Area","Dry","Two-Way, Not Divided","None","No Special Feature","Smooth Asphalt",0,1,0,0,0,1,0,NA,2,0,"UNKNOWN",0,NA
6790,353,"Elizabeth City","Pasquotank","Coastal","Commercial","Mixed (30% To 70% Developed)","N ROAD ST","Urban","40 - 45  MPH","Stop And Go Signal","Clear","No",17,"16-19",NA,"No","Facing Traffic","C: Possible Injury","Bike Lane / Paved Shoulder","White","Female",58,"50-59",NA,"No","0-5 mph","O: No Injury","White","Female","Sport Utility","No","28JUL2014","Monday","Motorist Failed to Yield - Signalized Intersection",17,"Intersection","July","C: Possible Injury",61920,"Motorist Drive Out - Signalized Intersection",2014,"Yes","No","Daylight","Straight - Level","Local Street","Dry","Two-Way, Divided, Unprotected Median","None","Four-Way Intersection","Smooth Asphalt",0,0,1,0,0,1,0,"5 lanes",2,0,"MEDICAL DR",20000017,"ROSEWOOD AVE"
6791,354,"Goldsboro","Wayne","Coastal","Residential","Urban (>70% Developed)","ELM ST","Urban",NA,"Stop Sign","Clear","No",59,"50-59",NA,"No","With Traffic","C: Possible Injury","Travel Lane","Black","Male",69,"60-69",NA,"No",NA,"O: No Injury","Black","Female","Passenger Car","No","17JUN2014","Tuesday","Motorist Failed to Yield - Sign-Controlled Intersection",12,"Intersection","June","C: Possible Injury",44340,"Motorist Drive Out - Sign-Controlled Intersection",2014,"No","No","Daylight","Straight - Level","Local Street","Dry","Two-Way, Not Divided","None","No Special Feature","Coarse Asphalt",0,0,1,0,0,1,0,"2 lanes",2,0,"OLEANDER AVE",50009618,NA
6792,363,"Asheville","Buncombe","Mountains","Commercial","Urban (>70% Developed)","19","Urban","20 - 25  MPH","No Control Present","Clear","No",32,"30-39",NA,"No","With Traffic","O: No Injury","Travel Lane","White","Male",31,"30-39",NA,NA,"31-35 mph","C: Possible Injury","White","Female","Passenger Car","No","08JUN2014","Sunday","Bicyclist Left Turn / Merge",13,"Intersection-Related","June","C: Possible Injury",49920,"Bicyclist Left Turn - Same Direction",2014,"Yes","No","Daylight","Curve - Level","US Route","Dry","Two-Way, Not Divided","None","No Special Feature","Smooth Asphalt",0,0,0,0,1,1,0,"2 lanes",2,0.019,"CLOYES ST",20000019,"BLUERIDGE AVE"
6793,364,"Cornelius","Mecklenburg","Piedmont","Commercial","Urban (>70% Developed)","OLD STATESVILLE RD","Urban","40 - 45  MPH","No Control Present","Clear","No",31,"30-39",NA,"No","With Traffic","C: Possible Injury","Travel Lane","White","Male",38,"30-39",NA,"No","6-10 mph","O: No Injury","White","Female","Sport Utility","No","15JUN2014","Sunday","Bicyclist Left Turn / Merge",16,"Non-Intersection","June","C: Possible Injury",59700,"Bicyclist Left Turn - Same Direction",2014,"Yes","No","Daylight","Straight - Level","Local Street","Dry","Two-Way, Not Divided","None","Railroad Crossing","Smooth Asphalt",0,0,1,0,0,1,0,"2 lanes",2,0.24,"BAILEY RD",30000115,"MEADOW CROSSING LN"
6794,374,"Durham","Durham","Piedmont","Residential","Mixed (30% To 70% Developed)","N DRIVER ST","Urban","30 - 35  MPH","Stop Sign","Clear","No",8,"6-10",NA,"No","Facing Traffic","O: No Injury","Sidewalk / Crosswalk / Driveway Crossing","Black","Male",NA,NA,NA,"Missing","0-5 mph","Unknown Injury","Unknown/Missing",NA,"Van","No","03AUG2014","Sunday","Motorist Failed to Yield - Sign-Controlled Intersection",17,"Intersection","August","O: No Injury",63600,"Motorist Drive Out - Sign-Controlled Intersection",2014,"Yes","Yes","Daylight","Straight - Grade","Local Street","Dry","Two-Way, Not Divided","None","T-Intersection","Smooth Asphalt",0,0,0,0,1,1,0,"2 lanes",2,0,"HOLLOWAY ST",50008853,"HOLLOWAY ST"
6795,378,"Fayetteville","Cumberland","Coastal","Commercial","Mixed (30% To 70% Developed)","RAEFORD RD","Urban","40 - 45  MPH","No Control Present","Clear","No",31,"30-39",NA,"No","Facing Traffic","C: Possible Injury","Sidewalk / Crosswalk / Driveway Crossing","Black","Male",NA,NA,NA,"Missing","0-5 mph","Unknown Injury","Unknown/Missing",NA,NA,"No","23JUL2014","Wednesday","Motorist Failed to Yield - Midblock",18,"Non-Intersection","July","C: Possible Injury",64980,"Motorist Drive Out - Commercial Driveway / Alley",2014,"No","Yes","Daylight","Straight - Level","Local Street","Dry","Two-Way, Not Divided","None","No Special Feature","Smooth Asphalt",0,0,1,0,0,1,0,"7 lanes",2,0.113,"IRELAND",29000401,"FALSON AVE"
6796,393,"Fayetteville","Cumberland","Coastal","Commercial","Urban (>70% Developed)","MORGANTON RD","Urban","40 - 45  MPH","No Control Present","Clear","No",34,"30-39",NA,"No","With Traffic","B: Evident Injury","Sidewalk / Crosswalk / Driveway Crossing","Black","Male",NA,NA,NA,"Missing","11-15 mph","Unknown Injury","Unknown/Missing",NA,NA,"No","18JUN2014","Wednesday","Motorist Failed to Yield - Midblock",19,"Non-Intersection","June","B: Evident Injury",70200,"Motorist Drive Out - Commercial Driveway / Alley",2014,"No","Yes","Daylight","Straight - Level","Local Street","Dry","Two-Way, Not Divided","None","T-Intersection","Coarse Asphalt",0,1,0,0,0,1,0,"5 lanes",2,0.038,"GLENSFORD DR",40001404,"ALL AMERICAN"
6797,394,"Kinston","Lenoir","Coastal","Commercial","Mixed (30% To 70% Developed)","11","Urban","50 - 55  MPH","No Control Present","Clear","No",68,"60-69",NA,"No","Facing Traffic","B: Evident Injury","Travel Lane","Black","Male",64,"60-69",NA,"No","6-10 mph","O: No Injury","White","Male","Passenger Car","No","06AUG2014","Wednesday","Motorist Failed to Yield - Midblock",15,"Non-Intersection","August","B: Evident Injury",56040,"Motorist Drive Out - Other Midblock",2014,"Yes","No","Daylight","Straight - Level","NC Route","Dry","Two-Way, Divided, Unprotected Median","None","Driveway, Public","Coarse Asphalt",0,1,0,0,0,1,0,"2 lanes",2,0.1,"CUNNINGHAM RD",30000011,"NYRA DR"
6798,399,"Raleigh","Wake","Piedmont","Commercial","Urban (>70% Developed)","CONCORD ST","Urban","30 - 35  MPH","No Control Present","Rain","No",31,"30-39",NA,"No","With Traffic","C: Possible Injury","Travel Lane","White","Male",19,"0-19",NA,"No","11-15 mph","O: No Injury","White","Female","Passenger Car","No","11AUG2014","Monday","Motorist Left Turn / Merge",20,"Intersection","August","C: Possible Injury",74040,"Motorist Left Turn - Opposite Direction",2014,"Yes","No","Dark - Lighted Roadway","Straight - Level","Local Street","Wet","Two-Way, Not Divided","None","No Special Feature","Smooth Asphalt",0,0,1,0,0,1,0,"2 lanes",2,0.003,"HILLSBOROUGH ST",0,"ME VALENTINE DR"
6799,403,"None - Rural Crash","Cumberland","Coastal","Residential","Mixed (30% To 70% Developed)","SR 2989","Rural","40 - 45  MPH","Stop Sign","Clear","No",19,"16-19",NA,"No","Facing Traffic","C: Possible Injury","Travel Lane","Black","Male",NA,NA,NA,NA,"6-10 mph","Unknown Injury","Unknown/Missing",NA,NA,"No","28JUL2014","Monday","Motorist Failed to Yield - Sign-Controlled Intersection",17,"Intersection-Related","July","C: Possible Injury",61680,"Motorist Drive Out - Sign-Controlled Intersection",2014,"No","Yes","Daylight","Straight - Level","NC Route","Dry","Two-Way, Not Divided","None","No Special Feature","Coarse Asphalt",0,0,1,0,0,1,0,"2 lanes",2,0.001,"59",40002989,"3374"
6800,411,"Salisbury","Rowan","Piedmont","Commercial","Urban (>70% Developed)","E COUNCIL ST","Urban","30 - 35  MPH","No Control Present","Clear","No",42,"40-49",NA,"No","Not Applicable","O: No Injury","Non-Roadway","White","Male",24,"20-24",NA,"No","16-20 mph","O: No Injury","White","Male","Sport Utility","No","13AUG2014","Wednesday","Bicyclist Failed to Yield - Midblock",7,"Non-Intersection","August","O: No Injury",28500,"Bicyclist Ride Out - Other Midblock",2014,"No","No","Daylight","Straight - Level","Local Street","Dry","Two-Way, Not Divided","None","Driveway, Private","Smooth Asphalt",0,0,0,0,1,1,0,"2 lanes",2,0.017,"N LONG ST",50007063,"DEPOT ST"
6801,5641,"Greensboro","Guilford","Piedmont","Residential","Urban (>70% Developed)",NA,"Urban","30 - 35  MPH","No Control Present","Clear","No",53,"50-59","No",NA,"With Traffic","B: Evident Injury","Travel Lane","White","Male",23,"20-24","No",NA,"31-35 mph","O: No Injury","White","Female","Sport Utility","No","26MAR2008","Wednesday","Motorist Overtaking Bicyclist",22,"Non-Intersection","March","B: Evident Injury",80940,"Motorist Overtaking - Other / Unknown",2008,"Yes","No","Dark - Lighted Roadway","Straight - Grade","Local Street","Dry","Two-Way, Not Divided","None","No Special Feature","Coarse Asphalt",0,0,0,0,0,0,0,"4 lanes",2,0,NA,0,NA
6802,5643,"Wilmington","New Hanover","Coastal","Commercial","Urban (>70% Developed)",NA,"Urban","40 - 45  MPH","Missing","Clear","No",13,"11-15","No",NA,"Facing Traffic","C: Possible Injury","Travel Lane","Black","Male",40,"40-49","No",NA,"0-5 mph","O: No Injury","White","Male","Pickup","No","26MAR2008","Wednesday","Motorist Failed to Yield - Midblock",17,"Non-Intersection","March","C: Possible Injury",62160,"Motorist Drive Out - Commercial Driveway / Alley",2008,"Yes","No","Daylight","Straight - Level","Local Street","Dry","One-Way, Not Divided","None","No Special Feature","Smooth Asphalt",0,0,0,0,0,0,0,"1 lane",2,0,NA,0,NA
6803,5645,"Lewisville","Forsyth","Piedmont","Farms, Woods, Pastures","Rural (<30% Developed)",NA,"Urban","40 - 45  MPH","Yield Sign","Clear","No",61,"60-69","No",NA,"With Traffic","B: Evident Injury","Travel Lane","White","Female",65,"60-69","No",NA,"0-5 mph","O: No Injury","White","Female","Passenger Car","No","27MAR2008","Thursday","Motorist Failed to Yield - Sign-Controlled Intersection",16,"Intersection","March","B: Evident Injury",59400,"Motorist Drive Through - Sign-Controlled Intersection",2008,"Yes","No","Daylight","Straight - Level","State Secondary Route","Dry","One-Way, Not Divided","None","Traffic Circle/Roundabout","Smooth Asphalt",0,0,0,0,0,0,0,"1 lane",2,0,NA,0,NA
6804,5648,"Greensboro","Guilford","Piedmont","Residential","Urban (>70% Developed)",NA,"Urban","30 - 35  MPH","No Control Present","Clear","No",14,"11-15","No",NA,"With Traffic","C: Possible Injury","Travel Lane","White","Male",29,"25-29","No",NA,"31-35 mph","O: No Injury","White","Male","Passenger Car","No","27MAR2008","Thursday","Bicyclist Left Turn / Merge",16,"Intersection","March","C: Possible Injury",59820,"Bicyclist Left Turn - Same Direction",2008,"Yes","No","Daylight","Straight - Level","Local Street","Dry","Two-Way, Not Divided","None","No Special Feature","Coarse Asphalt",0,0,0,0,0,0,0,"2 lanes",2,0,NA,0,NA
6805,5649,"Gastonia","Gaston","Piedmont","Residential","Urban (>70% Developed)",NA,"Urban","30 - 35  MPH","Stop Sign","Clear","No",14,"11-15","No",NA,"Facing Traffic","C: Possible Injury","Travel Lane","White","Male",42,"40-49","No",NA,"0-5 mph","O: No Injury","Black","Male","Sport Utility","No","28MAR2008","Friday","Motorist Failed to Yield - Sign-Controlled Intersection",15,"Intersection","March","C: Possible Injury",54900,"Motorist Drive Out - Sign-Controlled Intersection",2008,"Yes","No","Daylight","Straight - Grade","Local Street","Dry","Two-Way, Not Divided","None","Four-Way Intersection","Smooth Asphalt",0,0,0,0,0,0,0,"5 lanes",2,0,NA,0,NA
6806,5653,"Wrightsville Beach","New Hanover","Coastal","Residential","Urban (>70% Developed)",NA,"Rural","5 - 15 MPH","No Control Present","Cloudy","No",61,"60-69","No",NA,"With Traffic","B: Evident Injury","Travel Lane","White","Male",NA,NA,"Missing",NA,"0-5 mph","Unknown Injury","Unknown/Missing",NA,"Passenger Car","No","29MAR2008","Saturday","Bicyclist Overtaking Motorist",13,"Non-Intersection","March","B: Evident Injury",49620,"Bicyclist Overtaking - Parked Vehicle",2008,"Yes","No","Daylight","Straight - Level","US Route","Dry","Two-Way, Not Divided","None","No Special Feature","Coarse Asphalt",0,0,0,0,0,0,0,"4 lanes",2,0,NA,0,NA
6807,5658,"Kill Devil Hills","Dare","Coastal","Institutional","Mixed (30% To 70% Developed)",NA,"Urban","20 - 25  MPH","Missing","Cloudy","No",13,"11-15","No",NA,"With Traffic","C: Possible Injury","Multi-use Path","White","Female",18,"0-19","No",NA,"11-15 mph","O: No Injury","White","Male","Sport Utility","No","02APR2008","Wednesday","Motorist Right Turn / Merge",7,"Intersection","April","C: Possible Injury",28200,"Motorist Right Turn - Same Direction",2008,"No","No","Daylight","Straight - Level","Public Vehicular Area","Dry","Two-Way, Not Divided","None","Driveway, Public","Smooth Asphalt",0,0,0,0,0,0,0,NA,2,0,NA,0,NA
6808,5666,"Concord","Cabarrus","Piedmont","Commercial","Urban (>70% Developed)",NA,"Urban","30 - 35  MPH","Stop Sign","Clear","No",13,"11-15","No",NA,"With Traffic","C: Possible Injury",NA,"White","Female",47,"40-49","No",NA,"0-5 mph","O: No Injury","White","Female","Passenger Car","No","04APR2008","Friday","Loss of Control / Turning Error",17,"Intersection","April","C: Possible Injury",61800,"Bicyclist Lost Control - Other / Unknown",2008,"No","No","Daylight","Straight - Hillcrest","Local Street","Dry","Two-Way, Not Divided","None","T-Intersection","Smooth Asphalt",0,0,0,0,0,0,0,"5 lanes",2,0,NA,0,NA
6809,5670,"Charlotte","Mecklenburg","Piedmont","Residential","Urban (>70% Developed)",NA,"Urban",NA,"Stop Sign","Clear","No",17,"16-19","No",NA,"With Traffic","C: Possible Injury","Travel Lane","White","Male",46,"40-49","No",NA,NA,"O: No Injury","White","Female","Passenger Car","No","26MAY2008","Monday","Motorist Failed to Yield - Sign-Controlled Intersection",21,"Intersection","May","C: Possible Injury",77940,"Motorist Drive Out - Sign-Controlled Intersection",2008,"No","No","Dark - Roadway Not Lighted","Straight - Level","Local Street","Dry","Two-Way, Not Divided","None","No Special Feature","Smooth Asphalt",0,0,0,0,0,0,0,"2 lanes",2,0,NA,0,NA
6810,5674,"Asheville","Buncombe","Mountains","Commercial","Urban (>70% Developed)",NA,"Urban","40 - 45  MPH","Stop And Go Signal","Clear","No",33,"30-39","No",NA,"With Traffic","B: Evident Injury","Travel Lane","White","Male",55,"50-59","No",NA,"16-20 mph","O: No Injury","White","Male","Sport Utility","No","09APR2008","Wednesday","Motorist Left Turn / Merge",7,"Intersection","April","B: Evident Injury",28260,"Motorist Left Turn - Opposite Direction",2008,"No","No","Daylight","Straight - Level","US Route","Dry","Two-Way, Not Divided","None","Four-Way Intersection","Smooth Asphalt",0,0,0,0,0,0,0,"5 lanes",2,0,NA,0,NA
6811,5680,"Mooresville","Iredell","Piedmont","Residential","Urban (>70% Developed)",NA,"Urban",NA,"Missing","Clear","No",3,"0-5","No",NA,"Not Applicable","C: Possible Injury","Sidewalk / Crosswalk / Driveway Crossing","White","Male",37,"30-39","No",NA,NA,"O: No Injury","White","Female","Passenger Car","No","12APR2008","Saturday","Non-Roadway",19,"Non-Roadway","April","C: Possible Injury",71940,"Non-Roadway",2008,"No","No","Dusk",NA,"Local Street","Dry",NA,"None","No Special Feature",NA,0,0,0,0,0,0,0,NA,2,0,NA,0,NA
6812,5687,"Goldsboro","Wayne","Coastal","Commercial","Urban (>70% Developed)",NA,"Urban",NA,"No Control Present","Clear","No",60,"60-69","No",NA,"With Traffic","O: No Injury","Sidewalk / Crosswalk / Driveway Crossing","Black","Male",62,"60-69","No",NA,NA,"B: Evident Injury","Black","Male","Pedestrian","No","16APR2008","Wednesday","Parallel Paths - Other Circumstances",10,"Non-Intersection","April","B: Evident Injury",37200,"Bicyclist Ride Out - Parallel Path",2008,"Yes","No","Daylight","Straight - Level","Local Street","Dry","Two-Way, Not Divided","None","No Special Feature","Coarse Asphalt",0,0,0,0,0,0,0,"3 lanes",2,0,NA,0,NA
6813,5690,"None - Rural Crash","Lenoir","Coastal","Residential","Urban (>70% Developed)",NA,"Rural","40 - 45  MPH","Missing","Clear","No",42,"40-49","No",NA,"With Traffic","B: Evident Injury","Travel Lane","Black","Male",16,"0-19","No",NA,"41-45 mph","O: No Injury","White","Male","Passenger Car","No","17APR2008","Thursday","Head-On",20,"Non-Intersection","April","B: Evident Injury",73560,"Head-On - Unknown",2008,"Yes","No","Dark - Roadway Not Lighted","Straight - Level","US Route","Dry","Two-Way, Not Divided","None","No Special Feature","Coarse Asphalt",0,0,0,0,0,0,0,"5 lanes",2,0,NA,0,NA
6814,5691,"Wilmington","New Hanover","Coastal","Commercial","Urban (>70% Developed)",NA,"Urban","40 - 45  MPH","Stop And Go Signal","Clear","No",29,"25-29","No",NA,"With Traffic","C: Possible Injury","Sidewalk / Crosswalk / Driveway Crossing","White","Male",26,"25-29","No",NA,"41-45 mph","O: No Injury","Black","Male","Passenger Car","No","17APR2008","Thursday","Motorist Failed to Yield - Signalized Intersection",13,"Intersection","April","C: Possible Injury",46980,"Motorist Drive Through - Signalized Intersection",2008,"Yes","No","Daylight","Straight - Level","Local Street","Dry","Two-Way, Divided, Unprotected Median","None","Four-Way Intersection","Smooth Asphalt",0,0,0,0,0,0,0,"6 lanes",2,0,NA,0,NA
6815,5692,"Lumberton","Robeson","Coastal","Residential","Urban (>70% Developed)",NA,"Urban","30 - 35  MPH","No Control Present","Clear","No",15,"11-15","No",NA,"With Traffic","B: Evident Injury","Travel Lane","Black","Male",42,"40-49","No",NA,"6-10 mph","O: No Injury","Black","Female","Sport Utility","No","17APR2008","Thursday","Bicyclist Left Turn / Merge",16,"Non-Intersection","April","B: Evident Injury",57960,"Bicyclist Left Turn - Same Direction",2008,"Yes","No","Daylight","Straight - Level","NC Route","Dry","Two-Way, Not Divided","None","No Special Feature","Coarse Asphalt",0,0,0,0,0,0,0,"4 lanes",2,0,NA,0,NA
6816,5695,"Havelock","Craven","Coastal","Residential","Urban (>70% Developed)",NA,"Urban","20 - 25  MPH","Missing","Clear","No",16,"16-19","No",NA,NA,"C: Possible Injury",NA,"Other","Male",NA,NA,"Missing",NA,"0-5 mph","Unknown Injury","Unknown/Missing",NA,NA,"No","17APR2008","Thursday","Other / Unknown - Insufficient Details",14,"Unknown Location","April","C: Possible Injury",53700,"Unknown Location",2008,"No","Yes","Daylight","Straight - Level","Local Street","Dry","Two-Way, Not Divided","None","T-Intersection","Smooth Asphalt",0,0,0,0,0,0,0,"2 lanes",2,0,NA,0,NA
6817,574,"Asheville","Buncombe","Mountains","Residential","Urban (>70% Developed)","STATE ST","Urban","30 - 35  MPH","No Control Present","Clear","No",NA,NA,NA,NA,"With Traffic","Unknown Injury","Sidewalk / Crosswalk / Driveway Crossing","Unknown/Missing",NA,31,"30-39",NA,"No","26-30 mph","O: No Injury","White","Female","Passenger Car","No","23AUG2014","Saturday","Bicyclist Left Turn / Merge",11,"Non-Intersection","August","O: No Injury",42900,"Bicyclist Left Turn - Opposite Direction",2014,"No","No","Daylight","Straight - Grade","Local Street","Dry","Two-Way, Not Divided","None","No Special Feature","Smooth Asphalt",0,0,0,0,0,1,1,"2 lanes",2,0.061,"SHORT MICHIGAN AVE",50029095,"HANOVER ST"
6818,576,"Jacksonville","Onslow","Coastal","Farms, Woods, Pastures","Urban (>70% Developed)","COMMONS DR SOUTH","Urban","20 - 25  MPH","Double Yellow Line, No Passing Zone","Cloudy","No",37,"30-39",NA,"No","With Traffic","B: Evident Injury","Travel Lane","White","Female",28,"25-29",NA,"No","11-15 mph","O: No Injury","Hispanic","Female","Sport Utility","No","27AUG2014","Wednesday","Loss of Control / Turning Error",8,"Intersection","August","B: Evident Injury",29100,"Bicyclist Turning Error - Right Turn",2014,"Yes","No","Daylight","Straight - Level","Local Street","Dry","Two-Way, Divided, Unprotected Median","None","Four-Way Intersection","Smooth Asphalt",0,1,0,0,1,2,0,"4 lanes",2,0.008,"GATEWAY DR SOUTH",0,"GATEWAY DR N"
6819,600,"Greenville","Pitt","Coastal","Residential","Mixed (30% To 70% Developed)","E ARLINGTON BLVD","Urban","20 - 25  MPH","Stop Sign","Clear","No",60,"60-69",NA,"No","Facing Traffic","C: Possible Injury","Travel Lane","Black","Female",NA,"70+",NA,"No","11-15 mph","O: No Injury","White","Female","Passenger Car","No","25SEP2014","Thursday","Motorist Failed to Yield - Sign-Controlled Intersection",18,"Intersection","September","C: Possible Injury",65580,"Motorist Drive Out - Sign-Controlled Intersection",2014,"Yes","No","Dusk","Straight - Level","Local Street","Dry","Two-Way, Not Divided","None","Four-Way Intersection","Coarse Asphalt",0,0,1,0,0,1,0,"5 lanes",2,0,"TURNBURY DR",50000980,"BRADFORD DR"
6820,569,"Wilmington","New Hanover","Coastal","Commercial","Urban (>70% Developed)","RANDALL PKY","Urban","30 - 35  MPH","Stop Sign","Clear","No",26,"25-29",NA,"No","With Traffic","C: Possible Injury","Travel Lane","White","Female",20,"20-24",NA,"No","0-5 mph","O: No Injury","White","Female","Passenger Car","No","09SEP2014","Tuesday","Motorist Failed to Yield - Sign-Controlled Intersection",18,"Intersection","September","C: Possible Injury",66900,"Motorist Drive Out - Sign-Controlled Intersection",2014,"Yes","No","Daylight","Straight - Level","Local Street","Dry","Two-Way, Not Divided","None","T-Intersection","Smooth Asphalt",0,0,1,0,0,1,0,"4 lanes",2,0,"MARLBORO ST",50025321,"RANDALL PKY"
6821,584,"Raleigh","Wake","Piedmont","Commercial","Urban (>70% Developed)","WOODBURN RD","Urban","20 - 25  MPH","No Control Present","Clear","No",56,"50-59",NA,"No","With Traffic","C: Possible Injury","Travel Lane","White","Male",23,"20-24",NA,"No","16-20 mph","O: No Injury","Native American","Female","Passenger Car","No","27SEP2014","Saturday","Loss of Control / Turning Error",14,"Intersection-Related","September","C: Possible Injury",53340,"Bicyclist Turning Error - Other",2014,"Yes","No","Daylight","Straight - Grade","Local Street","Dry","Two-Way, Not Divided","None","No Special Feature","Smooth Asphalt",0,0,1,0,0,1,0,"3 lanes",2,0.009,"CLARK AVE",50033536,"CAMERON ST"
6822,616,"Matthews","Mecklenburg","Piedmont","Residential","Urban (>70% Developed)","S TRADE ST","Urban","30 - 35  MPH","Stop And Go Signal","Clear","No",45,"40-49",NA,"No","With Traffic","B: Evident Injury","Travel Lane","White","Male",NA,"70+",NA,"No","0-5 mph","O: No Injury","White","Male","Passenger Car","No","27SEP2014","Saturday","Motorist Left Turn / Merge",9,"Intersection","September","B: Evident Injury",33240,"Motorist Left Turn - Opposite Direction",2014,"Yes","No","Daylight","Straight - Level","Local Street","Dry","Two-Way, Divided, Unprotected Median","None","Four-Way Intersection","Smooth Asphalt",0,1,0,0,0,1,0,"3 lanes",2,0,"FULLWOOD LN",40003448,NA
6823,611,"None - Rural Crash","Halifax","Coastal","Farms, Woods, Pastures","Rural (<30% Developed)","SR 1616","Rural","50 - 55  MPH","No Control Present","Clear","No",62,"60-69",NA,"No","With Traffic","O: No Injury","Travel Lane","White","Male",48,"40-49",NA,"No","51-55 mph","O: No Injury","White","Male","Passenger Car","No","04OCT2014","Saturday","Motorist Overtaking Bicyclist",19,"Non-Intersection","October","O: No Injury",69300,"Motorist Overtaking - Undetected Bicyclist",2014,"No","No","Dusk","Straight - Level","State Secondary Route","Dry","Two-Way, Not Divided","None","No Special Feature","Coarse Asphalt",0,0,0,0,1,1,0,"2 lanes",2,0.2,"1617",40001616,"1613"