"...1","object_id","city","county","region","development","locality","on_road","rural_urban","speed_limit","traffic_control","weather","workzone","bike_age","bike_age_group","bike_alcohol","bike_alcohol_drugs","bike_direction","bike_injury","bike_position","bike_race","bike_sex","driver_age","driver_age_group","driver_alcohol","driver_alcohol_drugs","driver_est_speed","driver_injury","driver_race","driver_sex","driver_vehicle_type","crash_alcohol","crash_date","crash_day","crash_group","crash_hour","crash_location","crash_month","crash_severity","crash_time","crash_type","crash_year","ambulance_req","hit_run","light_condition","road_character","road_class","road_condition","road_configuration","road_defects","road_feature","road_surface","num_bikes_ai","num_bikes_bi","num_bikes_ci","num_bikes_ki","num_bikes_no","num_bikes_to","num_bikes_ui","num_lanes","num_units","distance_mi_from","frm_road","rte_invd_cd","towrd_road"
6824,594,"Fayetteville","Cumberland","Coastal","Farms, Woods, Pastures","Mixed (30% To 70% Developed)","STONEY POINT RD","Urban","50 - 55  MPH","No Control Present","Clear","No",26,"25-29",NA,"No","Facing Traffic","B: Evident Injury","Travel Lane","White","Male",NA,"70+",NA,"No","26-30 mph","O: No Injury","Black","Male","Passenger Car","No","31AUG2014","Sunday","Head-On",10,"Intersection","August","B: Evident Injury",36180,"Head-On - Bicyclist",2014,"Yes","No","Daylight","Straight - Level","Local Street","Dry","Two-Way, Not Divided","None","Four-Way Intersection","Coarse Asphalt",0,1,0,0,0,1,0,"2 lanes",2,0,"GALATIA CHURCH RD",40001112,"SYKES POND RD"
6825,578,"None - Rural Crash","Pitt","Coastal","Residential","Rural (<30% Developed)","KING BRANCH DR","Rural","5 - 15 MPH","No Control Present","Clear","No",7,"6-10",NA,"No","With Traffic","B: Evident Injury","Travel Lane","Black","Female",21,"20-24",NA,"No","0-5 mph","O: No Injury","Black","Male","Sport Utility","No","18JUL2014","Friday","Motorist Overtaking Bicyclist",19,"Non-Intersection","July","B: Evident Injury",70140,"Motorist Overtaking - Other / Unknown",2014,"No","No","Daylight","Straight - Level","Local Street","Dry","Two-Way, Not Divided","None","Driveway, Private","Coarse Asphalt",0,1,0,0,0,1,0,"2 lanes",2,0.1,"FAIR BANKS CT",0,"1247"
6826,563,"Lenoir","Caldwell","Mountains","Residential","Urban (>70% Developed)","PVA WILSON STREET","Urban","5 - 15 MPH","No Control Present","Clear","No",12,"11-15",NA,"No","Not Applicable","O: No Injury","Non-Roadway","Black","Male",NA,NA,NA,"Missing","0-5 mph","Unknown Injury","Unknown/Missing",NA,"Sport Utility","No","13SEP2014","Saturday","Non-Roadway",17,"Non-Roadway","September","O: No Injury",64500,"Non-Roadway",2014,"No","No","Daylight","Straight - Grade","Public Vehicular Area","Dry","Two-Way, Not Divided","None","No Special Feature","Smooth Asphalt",0,0,0,0,1,1,0,NA,2,0,"226 WILSON STREET",0,"WILSON STREET"
6827,793,"None - Rural Crash","Craven","Coastal","Residential","Mixed (30% To 70% Developed)","US 70","Rural","50 - 55  MPH","Stop Sign","Clear","No",56,"50-59",NA,"Yes-Alcohol,  impairment suspected","Not Applicable","C: Possible Injury","Travel Lane","White","Male",17,"0-19",NA,"No","61-65 mph","O: No Injury","White","Male","Passenger Car","Yes","20NOV2014","Thursday","Bicyclist Failed to Yield - Sign-Controlled Intersection",18,"Intersection","November","C: Possible Injury",65760,"Bicyclist Ride Through - Sign-Controlled Intersection",2014,"Yes","No","Dark - Roadway Not Lighted","Straight - Level","US Route","Dry","Two-Way, Divided, Unprotected Median","None","Four-Way Intersection","Coarse Asphalt",0,0,1,0,0,1,0,"4 lanes",2,0.9,"1176",20000070,"1760"
6828,780,"Charlotte","Mecklenburg","Piedmont","Commercial","Urban (>70% Developed)","WOODLAWN RD","Urban","30 - 35  MPH","No Control Present","Clear","No",28,"25-29",NA,"No","Facing Traffic","B: Evident Injury","Sidewalk / Crosswalk / Driveway Crossing","Black","Male",49,"40-49",NA,"No","0-5 mph","O: No Injury","Black","Female","Passenger Car","No","10DEC2014","Wednesday","Motorist Failed to Yield - Midblock",15,"Non-Intersection","December","B: Evident Injury",56220,"Motorist Drive Out - Commercial Driveway / Alley",2014,"Yes","No","Daylight","Straight - Level","Local Street","Dry","Two-Way, Divided, Unprotected Median","None","Driveway, Public","Smooth Asphalt",0,1,0,0,0,1,0,"2 lanes",2,0.019,"OLD PINEVILLE RD",40001291,"CHASTAIN AVE"
6829,801,"None - Rural Crash","Cumberland","Coastal","Farms, Woods, Pastures","Mixed (30% To 70% Developed)","1838","Rural","50 - 55  MPH","No Control Present","Clear","No",54,"50-59",NA,"Yes-Alcohol,  impairment suspected","With Traffic","O: No Injury","Travel Lane","Black","Male",42,"40-49",NA,"No","46-50 mph","O: No Injury","White","Male","Passenger Car","Yes","14DEC2014","Sunday","Motorist Overtaking Bicyclist",18,"Non-Intersection","December","O: No Injury",65460,"Motorist Overtaking - Other / Unknown",2014,"No","No","Dark - Roadway Not Lighted","Straight - Level","State Secondary Route","Dry","Two-Way, Not Divided","None","No Special Feature","Coarse Asphalt",0,0,0,0,1,1,0,"2 lanes",2,0.15,"1735",40001838,"1725"
6830,771,"Lumberton","Robeson","Coastal","Commercial","Urban (>70% Developed)","CEDAR ST","Urban","20 - 25  MPH","Stop Sign","Rain","No",55,"50-59",NA,"No","Facing Traffic","C: Possible Injury","Sidewalk / Crosswalk / Driveway Crossing","Native American","Male",36,"30-39",NA,"No","0-5 mph","O: No Injury","White","Male","Pickup","No","25NOV2014","Tuesday","Motorist Failed to Yield - Sign-Controlled Intersection",11,"Intersection","November","C: Possible Injury",40980,"Motorist Drive Out - Sign-Controlled Intersection",2014,"No","No","Daylight","Straight - Level","Local Street","Wet","Two-Way, Divided, Positive Median Barrier","None","Four-Way Intersection","Coarse Asphalt",0,0,1,0,0,1,0,"3 lanes",2,0,"2ND ST",40002007,"3RD ST"
6831,797,"None - Rural Crash","Columbus","Coastal","Farms, Woods, Pastures","Rural (<30% Developed)","SR 1504","Rural","50 - 55  MPH","No Control Present","Clear","No",52,"50-59",NA,"Yes-Alcohol,  impairment suspected","Facing Traffic","B: Evident Injury","Travel Lane","Black","Male",34,"30-39",NA,"No","41-45 mph","O: No Injury","White","Female","Passenger Car","Yes","18DEC2014","Thursday","Head-On",17,"Non-Intersection","December","B: Evident Injury",63480,"Head-On - Bicyclist",2014,"Yes","No","Dark - Roadway Not Lighted","Straight - Level","State Secondary Route","Dry","Two-Way, Not Divided","None","No Special Feature","Coarse Asphalt",0,1,0,0,0,1,0,"2 lanes",2,1,"76",40001504,"1525"
6832,777,"None - Rural Crash","Beaufort","Coastal","Farms, Woods, Pastures","Rural (<30% Developed)","US 17","Rural","50 - 55  MPH","No Control Present","Clear","No",60,"60-69",NA,"No","With Traffic","B: Evident Injury","Travel Lane","Black","Male",55,"50-59",NA,"No","36-40 mph","O: No Injury","White","Male","Single Unit Truck (2-Axle, 6-Tire)","No","01DEC2014","Monday","Motorist Overtaking Bicyclist",16,"Non-Intersection","December","B: Evident Injury",59940,"Motorist Overtaking - Other / Unknown",2014,"Yes","No","Daylight","Straight - Level","US Route","Dry","One-Way, Not Divided","None","No Special Feature","Smooth Asphalt",0,1,0,0,0,1,0,"4 lanes",2,0.3,"CHOCOWINITY",29000017,"1166"
6833,776,"None - Rural Crash","Randolph","Piedmont","Farms, Woods, Pastures","Rural (<30% Developed)","NC 22","Rural","50 - 55  MPH","No Control Present","Cloudy","No",52,"50-59",NA,"No","With Traffic","B: Evident Injury","Travel Lane","Black","Male",68,"60-69",NA,"No","46-50 mph","O: No Injury","White","Male","Pickup","No","03DEC2014","Wednesday","Motorist Overtaking Bicyclist",17,"Non-Intersection","December","B: Evident Injury",64080,"Motorist Overtaking - Other / Unknown",2014,"Yes","No","Dark - Roadway Not Lighted","Straight - Level","NC Route","Dry","Two-Way, Not Divided","None","No Special Feature","Smooth Asphalt",0,1,0,0,0,1,0,"2 lanes",2,0.3,"2114",30000022,"2138"
6834,759,"Farmville","Pitt","Coastal","Residential","Urban (>70% Developed)","SOUTH MAIN ST","Rural","30 - 35  MPH","No Control Present","Clear","No",47,"40-49",NA,"No","With Traffic","O: No Injury","Travel Lane","White","Male",31,"30-39",NA,"No","31-35 mph","O: No Injury","Black","Female","Passenger Car","No","21NOV2014","Friday","Motorist Overtaking Bicyclist",15,"Non-Intersection","November","O: No Injury",57060,"Motorist Overtaking - Other / Unknown",2014,"No","No","Daylight","Straight - Level","Local Street","Dry","Two-Way, Not Divided","None","No Special Feature","Smooth Asphalt",0,0,0,0,1,1,0,"2 lanes",2,0.024,"CRESTWOOD",29000258,"E HINES ST"
6835,754,"Gibsonville","Guilford","Piedmont","Commercial","Urban (>70% Developed)","PVA BURK ST","Urban",NA,"No Control Present","Clear","No",34,"30-39",NA,NA,"Not Applicable","C: Possible Injury","Non-Roadway","White","Male",NA,NA,NA,"Missing",NA,"Unknown Injury","Unknown/Missing",NA,"Passenger Car","No","14NOV2014","Friday","Non-Roadway",13,"Non-Roadway","November","C: Possible Injury",50040,"Non-Roadway",2014,"No","No","Daylight","Straight - Level","Public Vehicular Area","Dry","Two-Way, Not Divided","None","No Special Feature","Coarse Asphalt",0,0,1,0,0,1,0,NA,2,0,"BURKE ST",0,"SPRINWOOD AVE"
6836,705,"Fayetteville","Cumberland","Coastal","Residential","Urban (>70% Developed)","S MCPHERSON CH RD","Urban","40 - 45  MPH","Stop And Go Signal","Clear","No",25,"25-29",NA,"No","With Traffic","C: Possible Injury","Travel Lane","White","Male",64,"60-69",NA,"No","31-35 mph","O: No Injury","Black","Female","Passenger Car","No","23OCT2014","Thursday","Crossing Paths - Other Circumstances",7,"Intersection","October","C: Possible Injury",27060,"Signalized Intersection - Other / Unknown",2014,"No","No","Dawn","Straight - Level","Local Street","Dry","Two-Way, Divided, Unprotected Median","None","Four-Way Intersection","Coarse Asphalt",0,0,1,0,0,1,0,"9 or more lanes",2,0,"CLIFFDALE RD",50019623,"CLIFFDALE RD"
6837,664,"None - Rural Crash","Hoke","Coastal","Commercial","Mixed (30% To 70% Developed)","401","Rural","50 - 55  MPH","No Control Present","Cloudy","No",27,"25-29",NA,NA,NA,"K: Killed","Bike Lane / Paved Shoulder","Black","Male",32,"30-39",NA,"No","41-45 mph","O: No Injury","Black","Male","Single Unit Truck (3 Or More Axles)","No","15SEP2014","Monday","Bicyclist Failed to Yield - Midblock",22,"Non-Intersection","September","K: Killed",79860,"Bicyclist Ride Out - Other Midblock",2014,"No","No","Dark - Roadway Not Lighted","Straight - Level","US Route","Wet","Two-Way, Not Divided","None","No Special Feature","Coarse Asphalt",0,0,0,1,0,1,0,"4 lanes",2,0.01,"401",20000401,"RP 1408"
6838,692,"Gastonia","Gaston","Piedmont","Commercial","Urban (>70% Developed)","N CHESTER ST","Urban","30 - 35  MPH","Stop And Go Signal","Clear","No",57,"50-59",NA,"No","Facing Traffic","O: No Injury","Sidewalk / Crosswalk / Driveway Crossing","Black","Male",52,"50-59",NA,"No","16-20 mph","O: No Injury","Black","Male","Pickup","No","30OCT2014","Thursday","Bicyclist Failed to Yield - Signalized Intersection",13,"Intersection","October","O: No Injury",49020,"Bicyclist Ride Through - Signalized Intersection",2014,"No","No","Daylight","Straight - Level","US Route","Dry","One-Way, Not Divided","None","Four-Way Intersection","Smooth Asphalt",0,0,0,0,1,1,0,"3 lanes",2,0,"W AIRLINE AVE",20400321,"W MAIN AVE"
6839,680,"None - Rural Crash","Caldwell","Mountains","Residential","Rural (<30% Developed)","GRACE VIEW PL","Rural",NA,"No Control Present","Clear","No",10,"6-10",NA,"No","Not Applicable","B: Evident Injury","Driveway / Alley","White","Male",22,"20-24",NA,"No","16-20 mph","O: No Injury","White","Male","Sport Utility","No","25OCT2014","Saturday","Bicyclist Failed to Yield - Midblock",12,"Non-Intersection","October","B: Evident Injury",45060,"Bicyclist Ride Out - Residential Driveway",2014,"Yes","No","Daylight","Straight - Grade","Private Road, Driveway","Dry","Two-Way, Not Divided","None","No Special Feature","Coarse Asphalt",0,1,0,0,0,1,0,"2 lanes",2,0.05,"1002",0,"DEAD END"
6840,706,"Morehead City","Carteret","Coastal","Commercial","Urban (>70% Developed)","70","Urban","30 - 35  MPH","No Control Present","Clear","No",52,"50-59",NA,"No","With Traffic","O: No Injury","Travel Lane","White","Male",63,"60-69",NA,"No","0-5 mph","O: No Injury","White","Male","Passenger Car","No","24OCT2014","Friday","Motorist Failed to Yield - Midblock",8,"Non-Intersection","October","O: No Injury",29880,"Motorist Drive Out - Commercial Driveway / Alley",2014,"No","No","Daylight","Straight - Level","US Route","Dry","Two-Way, Divided, Unprotected Median","None","No Special Feature","Smooth Asphalt",0,0,0,0,1,1,0,"4 lanes",2,0.11,"FRIENDLY RD",20000070,"HICKORY DR"
6841,672,"Durham","Durham","Piedmont","Commercial","Urban (>70% Developed)","RENAISSANCE PKWY","Urban","30 - 35  MPH","Stop And Go Signal","Clear","No",26,"25-29",NA,"No","With Traffic","B: Evident Injury","Travel Lane","White","Male",NA,"70+",NA,"No","11-15 mph","O: No Injury","White","Female","Passenger Car","No","13OCT2014","Monday","Motorist Left Turn / Merge",11,"Intersection","October","B: Evident Injury",40500,"Motorist Left Turn - Opposite Direction",2014,"No","No","Daylight","Straight - Level","Local Street","Dry","Two-Way, Divided, Unprotected Median","None","Four-Way Intersection","Smooth Asphalt",0,1,0,0,0,1,0,"5 lanes",2,0,"KNOLL CIR",0,"HAVEN HOLLOW WAY"
6842,696,"None - Rural Crash","Onslow","Coastal","Farms, Woods, Pastures","Rural (<30% Developed)","17","Rural","50 - 55  MPH","No Control Present","Clear","No",47,"40-49",NA,"No","With Traffic","B: Evident Injury","Travel Lane","White","Male",NA,"70+",NA,"No","46-50 mph","O: No Injury","White","Male","Passenger Car","No","21OCT2014","Tuesday","Motorist Overtaking Bicyclist",13,"Non-Intersection","October","B: Evident Injury",48360,"Motorist Overtaking - Other / Unknown",2014,"No","No","Daylight","Straight - Hillcrest","US Route","Dry","Two-Way, Divided, Positive Median Barrier","None","Bridge","Smooth Asphalt",0,1,0,0,0,1,0,"4 lanes",2,0.41,"210",20000017,"1119"
6843,689,"Raleigh","Wake","Piedmont","Commercial","Mixed (30% To 70% Developed)","TRINITY RD","Urban","40 - 45  MPH","No Control Present","Clear","No",22,"20-24",NA,"No","With Traffic","O: No Injury","Travel Lane","White","Male",29,"25-29",NA,"No","16-20 mph","O: No Injury","Black","Male","Taxicab","No","11OCT2014","Saturday","Motorist Left Turn / Merge",16,"Non-Intersection","October","O: No Injury",60240,"Motorist Left Turn - Same Direction",2014,"No","No","Daylight","Straight - Level","Local Street","Dry","Two-Way, Not Divided","None","No Special Feature","Smooth Asphalt",0,0,0,0,1,1,0,"5 lanes",2,0.057,"YOUTH CENTER DR",40001656,"BLUE RIDGE RD"
6844,671,"Zebulon","Wake","Piedmont","Commercial","Urban (>70% Developed)","PVA S WAKEFIELD ST","Rural","5 - 15 MPH","No Control Present","Clear","No",43,"40-49",NA,"No","Not Applicable","O: No Injury","Non-Roadway","White","Male",NA,NA,NA,"Missing","0-5 mph","Unknown Injury","Unknown/Missing",NA,"Passenger Car","No","21OCT2014","Tuesday","Non-Roadway",17,"Non-Roadway","October","O: No Injury",63360,"Non-Roadway",2014,"No","No","Dusk","Straight - Level","Public Vehicular Area","Dry",NA,"None","No Special Feature","Coarse Asphalt",0,0,0,0,1,1,0,"2 lanes",2,0,"200 S WAKEFIELD ST",0,"W BARBEE ST"
6845,685,"Greenville","Pitt","Coastal","Institutional","Urban (>70% Developed)","PVA ECU SALES FIELD HOUSE","Urban",NA,"No Control Present","Clear","No",23,"20-24",NA,"No","Not Applicable","O: No Injury","Non-Roadway","White","Male",22,"20-24",NA,"No",NA,"O: No Injury","Black","Female","Passenger Car","No","30SEP2014","Tuesday","Non-Roadway",17,"Non-Roadway","September","O: No Injury",61680,"Non-Roadway",2014,"No","No","Daylight","Straight - Level","Public Vehicular Area","Dry","Two-Way, Not Divided","None","No Special Feature","Smooth Asphalt",0,0,0,0,1,1,0,"2 lanes",2,0.104,"BERKLEY RD",0,NA
6846,558,"None - Rural Crash","Robeson","Coastal","Farms, Woods, Pastures","Rural (<30% Developed)","SR 1003","Rural","50 - 55  MPH","Double Yellow Line, No Passing Zone","Clear","No",45,"40-49",NA,"Yes-Alcohol,  impairment suspected","With Traffic","B: Evident Injury","Travel Lane","Native American","Male",30,"30-39",NA,"No","51-55 mph","O: No Injury","Native American","Female","Passenger Car","Yes","11SEP2014","Thursday","Motorist Overtaking Bicyclist",19,"Non-Intersection","September","B: Evident Injury",71520,"Motorist Overtaking - Undetected Bicyclist",2014,"Yes","No","Dark - Roadway Not Lighted","Straight - Level","State Secondary Route","Dry","Two-Way, Not Divided","None","No Special Feature","Smooth Asphalt",0,1,0,0,0,1,0,"2 lanes",2,0.3,"2432",40001003,"2422"
6847,555,"Greenville","Pitt","Coastal","Commercial","Urban (>70% Developed)","CHARLES BV","Urban","40 - 45  MPH","No Control Present","Clear","No",58,"50-59",NA,"No","Facing Traffic","C: Possible Injury","Sidewalk / Crosswalk / Driveway Crossing","Black","Male",22,"20-24",NA,"No","0-5 mph","O: No Injury","Black","Male","Sport Utility","No","22SEP2014","Monday","Motorist Failed to Yield - Sign-Controlled Intersection",11,"Intersection","September","C: Possible Injury",39720,"Motorist Drive Out - Sign-Controlled Intersection",2014,"Yes","No","Daylight","Straight - Level","State Secondary Route","Dry","Two-Way, Divided, Unprotected Median","None","T-Intersection","Coarse Asphalt",0,0,1,0,0,1,0,"5 lanes",2,0,"CURRY CT",40001707,"264"
6848,517,"Charlotte","Mecklenburg","Piedmont","Residential","Urban (>70% Developed)","REMOUNT RD","Urban","30 - 35  MPH","Stop Sign","Cloudy","No",67,"60-69",NA,"No","With Traffic","B: Evident Injury","Bike Lane / Paved Shoulder","White","Male",NA,NA,NA,"Missing","31-35 mph","Unknown Injury","White","Female",NA,"No","10JUL2014","Thursday","Motorist Failed to Yield - Sign-Controlled Intersection",13,"Intersection","July","B: Evident Injury",47400,"Motorist Drive Out - Sign-Controlled Intersection",2014,"No","Yes","Daylight","Straight - Grade","Local Street","Dry","Two-Way, Not Divided","None","No Special Feature","Smooth Asphalt",0,1,0,0,0,1,0,"2 lanes",2,0,"77",50025672,"TOOMEY AVE"
6849,531,"Kill Devil Hills","Dare","Coastal","Residential","Urban (>70% Developed)","S VIRGINIA DARE TRAIL","Urban","5 - 15 MPH","No Control Present","Clear","No",63,"60-69",NA,"No","With Traffic","B: Evident Injury","Bike Lane / Paved Shoulder","White","Female",36,"30-39",NA,"No","0-5 mph","O: No Injury","White","Male","Passenger Car","No","05SEP2014","Friday","Crossing Paths - Other Circumstances",9,"Intersection","September","B: Evident Injury",35700,"Crossing Paths - Uncontrolled Intersection",2014,"Yes","No","Daylight","Straight - Level","NC Route","Dry","Two-Way, Not Divided",NA,"Four-Way Intersection","Coarse Asphalt",0,1,0,0,0,1,0,"2 lanes",2,0,"E OREGON AVE",30000012,"N MEMORIAL BLVD"
6850,562,"Charlotte","Mecklenburg","Piedmont","Residential","Mixed (30% To 70% Developed)","BIRNEN DR","Urban","30 - 35  MPH","Stop Sign","Clear","No",17,"16-19",NA,"No","Facing Traffic","B: Evident Injury","Travel Lane","White","Male",68,"60-69",NA,"No","6-10 mph","O: No Injury","White","Male","Passenger Car","No","10SEP2014","Wednesday","Motorist Failed to Yield - Signalized Intersection",14,"Intersection","September","B: Evident Injury",52080,"Motorist Drive Out - Right Turn on Red",2014,"No","No","Daylight","Straight - Level","Local Street","Dry","Two-Way, Divided, Unprotected Median","None","Four-Way Intersection","Smooth Asphalt",0,1,0,0,0,1,0,"3 lanes",2,0,"PARK RD",50023409,NA
6851,513,"None - Rural Crash","Brunswick","Coastal","Farms, Woods, Pastures","Rural (<30% Developed)","US 17","Rural","50 - 55  MPH","Double Yellow Line, No Passing Zone","Clear","No",49,"40-49",NA,"No","With Traffic","C: Possible Injury","Travel Lane","Black","Female",42,"40-49",NA,"No","6-10 mph","O: No Injury","White","Female","Sport Utility","No","03SEP2014","Wednesday","Motorist Overtaking Bicyclist",14,"Non-Intersection","September","C: Possible Injury",52200,"Motorist Overtaking - Bicyclist Swerved",2014,"Yes","No","Daylight","Straight - Level","US Route","Dry","Two-Way, Not Divided","None","No Special Feature","Smooth Asphalt",0,0,1,0,0,1,0,"2 lanes",2,0.1,"1510",29000017,"1705"
6852,544,"Gastonia","Gaston","Piedmont","Residential","Urban (>70% Developed)","GLENN ST","Urban","30 - 35  MPH","No Control Present","Clear","No",14,"11-15",NA,"No","With Traffic","B: Evident Injury","Travel Lane","Other","Male",NA,NA,NA,"Missing","16-20 mph","Unknown Injury","Unknown/Missing",NA,NA,"No","27AUG2014","Wednesday","Motorist Overtaking Bicyclist",17,"Intersection-Related","August","B: Evident Injury",63420,"Motorist Overtaking - Other / Unknown",2014,"No","Yes","Daylight","Straight - Grade","Local Street","Dry","Two-Way, Not Divided","None","No Special Feature","Smooth Asphalt",0,1,0,0,0,1,0,"2 lanes",2,0.009,"W DAVIDSON AVE",0,"RIDGE AVE"
6853,533,"Raleigh","Wake","Piedmont","Commercial","Urban (>70% Developed)","GLENWOOD AVE","Urban","30 - 35  MPH","Stop And Go Signal","Clear","No",30,"30-39",NA,"No","With Traffic","C: Possible Injury","Travel Lane","White","Male",37,"30-39",NA,"No","6-10 mph","O: No Injury","White","Male","Passenger Car","No","12SEP2014","Friday","Motorist Right Turn / Merge",20,"Intersection-Related","September","C: Possible Injury",72900,"Motorist Right Turn - Same Direction",2014,"Yes","No","Dark - Lighted Roadway","Straight - Bottom","Local Street","Dry","Two-Way, Not Divided","None","Four-Way Intersection","Smooth Asphalt",0,0,1,0,0,1,0,"4 lanes",2,0.002,"TUCKER ST",50011977,"JOHNSON ST"
6854,560,"Greensboro","Guilford","Piedmont","Residential","Urban (>70% Developed)","E FLORIDA ST","Urban","30 - 35  MPH","No Control Present","Clear","No",56,"50-59",NA,"No","With Traffic","B: Evident Injury","Travel Lane","Black","Male",26,"25-29",NA,"No","36-40 mph","O: No Injury","Black","Male","Passenger Car","No","22SEP2014","Monday","Bicyclist Left Turn / Merge",10,"Non-Intersection","September","B: Evident Injury",39420,"Bicyclist Left Turn - Same Direction",2014,"Yes","No","Daylight","Straight - Hillcrest","Local Street","Dry","Two-Way, Not Divided","None","No Special Feature","Smooth Asphalt",0,1,0,0,0,1,0,"4 lanes",2,0.015,"GLOVER ST",50010713,"RANDOLPH AV"
6855,548,"King","Forsyth","Piedmont","Commercial","Urban (>70% Developed)","S MAIN ST","Urban","30 - 35  MPH","Stop And Go Signal","Cloudy","No",40,"40-49",NA,"No","With Traffic","O: No Injury","Travel Lane","White","Male",NA,"70+",NA,"No","31-35 mph","O: No Injury","White","Female","Passenger Car","No","24AUG2014","Sunday","Motorist Left Turn / Merge",17,"Intersection","August","O: No Injury",61260,"Motorist Left Turn - Opposite Direction",2014,"No","No","Daylight","Straight - Grade","Local Street","Dry","Two-Way, Divided, Positive Median Barrier","None","T-Intersection","Smooth Asphalt",0,0,0,0,1,1,0,"2 lanes",2,0,"NEWSOME RD",40001611,NA
6856,743,"Raleigh","Wake","Piedmont","Commercial","Urban (>70% Developed)","CAPITAL BLVD","Urban","40 - 45  MPH","Stop And Go Signal","Clear","No",25,"25-29",NA,"No","Facing Traffic","A: Disabling Injury","Sidewalk / Crosswalk / Driveway Crossing","Black","Male",NA,NA,NA,"Missing","11-15 mph","Unknown Injury","Unknown/Missing",NA,"Passenger Car","No","21NOV2014","Friday","Motorist Right Turn / Merge",8,"Intersection","November","A: Disabling Injury",28920,"Motorist Right Turn - Opposite Direction",2014,"Yes","Yes","Dark - Lighted Roadway","Straight - Level","Local Street","Dry","Two-Way, Divided, Positive Median Barrier","None","No Special Feature","Coarse Asphalt",1,0,0,0,0,1,0,"3 lanes",2,0,"GREYWOOD DR",20000001,NA
6857,711,"High Point","Guilford","Piedmont","Commercial","Urban (>70% Developed)","S COLLEGE DR","Urban","30 - 35  MPH","Stop And Go Signal","Clear","No",53,"50-59",NA,"No","Facing Traffic","C: Possible Injury","Travel Lane","Black","Male",59,"50-59",NA,"No","6-10 mph","O: No Injury","Black","Male","Pickup","No","24OCT2014","Friday","Bicyclist Failed to Yield - Signalized Intersection",16,"Intersection-Related","October","C: Possible Injury",58920,"Bicyclist Ride Through - Signalized Intersection",2014,"Yes","No","Daylight","Straight - Grade","Local Street","Dry","Two-Way, Divided, Unprotected Median","None","No Special Feature","Coarse Asphalt",0,0,1,0,0,1,0,"5 lanes",2,0.005,"E GREEN DR",40001278,"LEONARD AV"
6858,723,"Lumberton","Robeson","Coastal","Farms, Woods, Pastures","Rural (<30% Developed)","SR 2100","Urban","50 - 55  MPH","Stop Sign","Clear","No",7,"6-10",NA,"No","With Traffic","B: Evident Injury","Travel Lane","Native American","Female",20,"20-24",NA,"No","41-45 mph","O: No Injury","White","Female","Sport Utility","No","26OCT2014","Sunday","Bicyclist Failed to Yield - Sign-Controlled Intersection",12,"Intersection","October","B: Evident Injury",45300,"Bicyclist Ride Through - Sign-Controlled Intersection",2014,"Yes","No","Daylight","Straight - Level","State Secondary Route","Dry","Two-Way, Not Divided","None","T-Intersection","Coarse Asphalt",0,1,0,0,0,1,0,"2 lanes",2,0,"2129",40002100,"211"
6859,714,"Asheville","Buncombe","Mountains","Residential","Urban (>70% Developed)","LIVINSTON ST","Urban","30 - 35  MPH","Stop Sign","Clear","No",36,"30-39",NA,"No","With Traffic","C: Possible Injury","Travel Lane","White","Male",NA,"70+",NA,"No","6-10 mph","O: No Injury","Black","Male","Passenger Car","No","28OCT2014","Tuesday","Motorist Failed to Yield - Sign-Controlled Intersection",20,"Intersection","October","C: Possible Injury",73620,"Motorist Drive Through - Sign-Controlled Intersection",2014,"No","No","Dark - Lighted Roadway","Curve - Grade","Local Street","Dry","Two-Way, Not Divided","None","T-Intersection","Coarse Asphalt",0,0,1,0,0,1,0,"2 lanes",2,0,"HIBERNIA ST",0,"DEPOT ST"
6860,717,"Raleigh","Wake","Piedmont","Commercial","Urban (>70% Developed)","DAWSON ST","Urban","30 - 35  MPH","Stop And Go Signal","Clear","No",36,"30-39",NA,"No","With Traffic","B: Evident Injury","Sidewalk / Crosswalk / Driveway Crossing","White","Male",61,"60-69",NA,"No","21-25 mph","O: No Injury","White","Male","Passenger Car","No","12NOV2014","Wednesday","Motorist Left Turn / Merge",16,"Intersection","November","B: Evident Injury",60420,"Motorist Left Turn - Opposite Direction",2014,"No","No","Daylight","Straight - Level","Local Street","Dry","One-Way, Not Divided","None","No Special Feature","Coarse Asphalt",0,1,0,0,0,1,0,"3 lanes",2,0,"CABARRUS ST",20000070,"HARRINGTON ST"
6861,750,"Asheville","Buncombe","Mountains","Commercial","Urban (>70% Developed)","MEADOW RD","Urban","30 - 35  MPH","Stop And Go Signal","Clear","No",NA,"70+",NA,"No","With Traffic","B: Evident Injury","Travel Lane","White","Male",NA,NA,NA,"Missing","31-35 mph","Unknown Injury","Unknown/Missing",NA,NA,"No","05NOV2014","Wednesday","Motorist Overtaking Bicyclist",11,"Intersection","November","B: Evident Injury",42120,"Motorist Overtaking - Other / Unknown",2014,"Yes","Yes","Daylight","Curve - Grade","Local Street","Dry","Two-Way, Not Divided","None","T-Intersection","Smooth Asphalt",0,1,0,0,0,1,0,"3 lanes",2,0,"VICTORIA RD",40003556,"SHORT MCDOWELL ST"