"...1","object_id","city","county","region","development","locality","on_road","rural_urban","speed_limit","traffic_control","weather","workzone","bike_age","bike_age_group","bike_alcohol","bike_alcohol_drugs","bike_direction","bike_injury","bike_position","bike_race","bike_sex","driver_age","driver_age_group","driver_alcohol","driver_alcohol_drugs","driver_est_speed","driver_injury","driver_race","driver_sex","driver_vehicle_type","crash_alcohol","crash_date","crash_day","crash_group","crash_hour","crash_location","crash_month","crash_severity","crash_time","crash_type","crash_year","ambulance_req","hit_run","light_condition","road_character","road_class","road_condition","road_configuration","road_defects","road_feature","road_surface","num_bikes_ai","num_bikes_bi","num_bikes_ci","num_bikes_ki","num_bikes_no","num_bikes_to","num_bikes_ui","num_lanes","num_units","distance_mi_from","frm_road","rte_invd_cd","towrd_road"
6862,734,"Wilmington",NA,"Coastal","Commercial","Urban (>70% Developed)","CASTLE ST","Urban","5 - 15 MPH","No Control Present","Clear","No",21,"20-24",NA,"No","Facing Traffic","B: Evident Injury","Sidewalk / Crosswalk / Driveway Crossing","White","Female",37,"30-39",NA,"No","0-5 mph","O: No Injury","White","Female","Sport Utility","No","07NOV2014","Friday","Motorist Failed to Yield - Midblock",12,"Non-Intersection","November","B: Evident Injury",43380,"Motorist Drive Out - Commercial Driveway / Alley",2014,"Yes","No","Daylight","Straight - Level","Local Street","Dry","Two-Way, Not Divided","None","No Special Feature","Coarse Asphalt",0,1,0,0,0,1,0,"2 lanes",2,0.028,"S 6TH ST",50005296,"S 7TH ST"
6863,733,"Pittsboro","Chatham","Piedmont","Commercial","Rural (<30% Developed)","W ST","Rural","20 - 25  MPH","Yield Sign","Rain","No",45,"40-49",NA,"No","With Traffic","C: Possible Injury","Travel Lane","White","Male",18,"0-19",NA,"No","0-5 mph","O: No Injury","White","Male","Passenger Car","No","11OCT2014","Saturday","Motorist Failed to Yield - Sign-Controlled Intersection",16,"Intersection","October","C: Possible Injury",60480,"Motorist Drive Out - Sign-Controlled Intersection",2014,"No","No","Daylight","Straight - Level","US Route","Wet","One-Way, Not Divided","None","Traffic Circle/Roundabout","Smooth Asphalt",0,0,1,0,0,1,0,"1 lane",2,0,"SANFORD RD",29000064,"CHATHAM ST"
6864,746,"Greenville","Pitt","Coastal","Commercial","Urban (>70% Developed)","NC 43","Urban","30 - 35  MPH","Stop And Go Signal","Clear","No",NA,"70+",NA,"No","Facing Traffic","C: Possible Injury","Sidewalk / Crosswalk / Driveway Crossing","White","Male",45,"40-49",NA,"No","6-10 mph","O: No Injury","White","Female","Sport Utility","No","23OCT2014","Thursday","Motorist Left Turn / Merge",16,"Intersection","October","C: Possible Injury",61140,"Motorist Left Turn - Same Direction",2014,"Yes","No","Daylight","Straight - Level","Local Street","Dry","Two-Way, Not Divided","None","No Special Feature","Coarse Asphalt",0,0,1,0,0,1,0,"5 lanes",2,0,"RED BANKS RD",30000043,"WALL ST"
6865,730,"Asheville","Buncombe","Mountains","Commercial","Urban (>70% Developed)","US 19","Urban","20 - 25  MPH","Stop And Go Signal","Cloudy","No",52,"50-59",NA,"No","With Traffic","C: Possible Injury","Travel Lane","White","Male",55,"50-59",NA,"No","0-5 mph","O: No Injury","Black","Male","Other Bus","No","29OCT2014","Wednesday","Motorist Left Turn / Merge",15,"Intersection","October","C: Possible Injury",54780,"Motorist Left Turn - Opposite Direction",2014,"No","No","Daylight","Straight - Level","US Route","Dry","Two-Way, Not Divided","None","Four-Way Intersection","Smooth Asphalt",0,0,1,0,0,1,0,"4 lanes",2,0,"HANOVER ST",40003548,"ARGYLE LN"
6866,651,"Elizabeth City","Pasquotank","Coastal","Commercial","Urban (>70% Developed)","EHRINGHAUS ST","Urban","30 - 35  MPH","Stop And Go Signal","Clear","No",65,"60-69",NA,"No","Facing Traffic","C: Possible Injury","Sidewalk / Crosswalk / Driveway Crossing","Black","Male",47,"40-49",NA,"No","0-5 mph","O: No Injury","White","Male","Pickup","No","14OCT2014","Tuesday","Motorist Failed to Yield - Signalized Intersection",16,"Intersection","October","C: Possible Injury",61080,"Motorist Drive Out - Signalized Intersection",2014,"Yes","No","Daylight","Straight - Level","Local Street","Dry","Two-Way, Divided, Unprotected Median","None","Four-Way Intersection","Smooth Asphalt",0,0,1,0,0,1,0,"3 lanes",2,0,"MCARTHUR DR",29000017,"HUGHES BLVD"
6867,655,"Raleigh","Wake","Piedmont","Commercial","Urban (>70% Developed)","CEDARHURST DR","Urban","30 - 35  MPH","Stop Sign","Clear","No",17,"16-19",NA,"No","Facing Traffic","O: No Injury","Sidewalk / Crosswalk / Driveway Crossing","Other","Male",NA,NA,NA,"Missing","0-5 mph","Unknown Injury","Unknown/Missing",NA,"Pickup","No","10OCT2014","Friday","Motorist Failed to Yield - Sign-Controlled Intersection",19,"Intersection","October","O: No Injury",71160,"Motorist Drive Out - Sign-Controlled Intersection",2014,"No","Yes","Daylight","Straight - Level","Local Street","Dry","Two-Way, Not Divided","None","Four-Way Intersection","Smooth Asphalt",0,0,0,0,1,1,0,"2 lanes",2,0,"FALL OF NEUSE RD",40002000,"TREMONT DR"
6868,657,"Charlotte","Mecklenburg","Piedmont","Commercial","Urban (>70% Developed)","E 7TH ST","Urban","30 - 35  MPH","Stop And Go Signal","Clear","No",23,"20-24",NA,"No","Facing Traffic","B: Evident Injury","Sidewalk / Crosswalk / Driveway Crossing","Black","Male",17,"0-19",NA,"No","31-35 mph","O: No Injury","White","Female","Passenger Car","No","17OCT2014","Friday","Motorist Right Turn / Merge",17,"Intersection","October","B: Evident Injury",61740,"Motorist Right Turn - Opposite Direction",2014,"Yes","No","Daylight","Straight - Level","Local Street","Dry","Two-Way, Divided, Unprotected Median","None","Four-Way Intersection","Smooth Asphalt",0,1,0,0,0,1,0,"4 lanes",2,0,"N DAVIDSON ST",50027622,"N CALDWELL ST"
6869,663,"Raleigh","Wake","Piedmont","Commercial","Urban (>70% Developed)","AVENT FERRY RD","Urban","30 - 35  MPH","Stop Sign","Clear","No",24,"20-24",NA,"No","Facing Traffic","C: Possible Injury","Sidewalk / Crosswalk / Driveway Crossing","Asian","Male",60,"60-69",NA,"No","0-5 mph","O: No Injury","Black","Female","Sport Utility","No","08OCT2014","Wednesday","Motorist Failed to Yield - Sign-Controlled Intersection",17,"Intersection","October","C: Possible Injury",61680,"Motorist Drive Out - Sign-Controlled Intersection",2014,"Yes","No","Daylight","Straight - Level","Local Street","Dry","Two-Way, Not Divided","None","T-Intersection","Coarse Asphalt",0,0,1,0,0,1,0,"2 lanes",2,0.08,"GORMAN ST",40001321,"GREEK WAY"
6870,653,"Raleigh","Wake","Piedmont","Residential","Urban (>70% Developed)","S PERSON ST","Urban","30 - 35  MPH","Stop And Go Signal","Clear","No",21,"20-24",NA,"No","Facing Traffic","O: No Injury","Sidewalk / Crosswalk / Driveway Crossing","Hispanic","Male",31,"30-39",NA,"No","0-5 mph","O: No Injury","Black","Female","Sport Utility","No","11OCT2014","Saturday","Bicyclist Failed to Yield - Signalized Intersection",10,"Intersection","October","O: No Injury",37320,"Bicyclist Ride Through - Signalized Intersection",2014,"Yes","No","Daylight","Straight - Level","Local Street","Dry","One-Way, Not Divided","None","Four-Way Intersection","Coarse Asphalt",0,0,0,0,1,1,0,"2 lanes",2,0,"MLK JR BLVD",40002026,"WORTH ST"
6871,643,"Greenville","Pitt","Coastal","Residential","Urban (>70% Developed)","W 14TH AV","Urban","30 - 35  MPH","Stop And Go Signal","Clear","No",46,"40-49",NA,"No","Facing Traffic","B: Evident Injury","Travel Lane","Black","Male",43,"40-49",NA,"No","0-5 mph","O: No Injury","White","Female","Sport Utility","No","01OCT2014","Wednesday","Motorist Failed to Yield - Sign-Controlled Intersection",6,"Intersection","October","B: Evident Injury",24300,"Motorist Drive Out - Sign-Controlled Intersection",2014,"Yes","No","Daylight","Straight - Level","Local Street","Dry","Two-Way, Not Divided","None","No Special Feature","Coarse Asphalt",0,1,0,0,0,1,0,"5 lanes",2,0,"CHESTNUT ST",50010969,"MYRTLE ST"
6872,662,"Raleigh","Wake","Piedmont","Commercial","Urban (>70% Developed)","HILLSBOROUGH ST","Urban","30 - 35  MPH","No Control Present","Clear","No",37,"30-39",NA,"No","With Traffic","C: Possible Injury","Bike Lane / Paved Shoulder","White","Male",18,"0-19",NA,"No","31-35 mph","O: No Injury","Black","Female","Passenger Car","No","06OCT2014","Monday","Bicyclist Overtaking Motorist",18,"Non-Intersection","October","C: Possible Injury",66780,"Bicyclist Overtaking - Extended Door",2014,"No","Yes","Daylight","Straight - Level","Local Street","Dry","Two-Way, Not Divided","None","No Special Feature","Smooth Asphalt",0,0,1,0,0,1,0,"2 lanes",2,0.004,"CHAMBERLAIN ST",50014055,"LOGAN CT"
6873,638,"None - Rural Crash","Cumberland","Coastal","Commercial","Urban (>70% Developed)","SR 1141","Rural","40 - 45  MPH","No Control Present","Clear","No",37,"30-39",NA,"No","With Traffic","B: Evident Injury","Travel Lane","White","Male",NA,"70+",NA,"No","36-40 mph","O: No Injury","Black","Male","Sport Utility","No","19SEP2014","Friday","Motorist Overtaking Bicyclist",14,"Non-Intersection","September","B: Evident Injury",53280,"Motorist Overtaking - Bicyclist Swerved",2014,"Yes","No","Daylight","Straight - Hillcrest","State Secondary Route","Dry","Two-Way, Not Divided","None","No Special Feature","Coarse Asphalt",0,1,0,0,0,1,0,"4 lanes",2,0.019,"4026",40001141,"1136"
6874,649,"Morrisville","Wake","Piedmont","Commercial","Mixed (30% To 70% Developed)","LAKE GROVE BLV","Urban","5 - 15 MPH","Stop Sign","Clear","No",46,"40-49",NA,"No","With Traffic","O: No Injury","Travel Lane","White","Female",49,"40-49",NA,"No","0-5 mph","O: No Injury","White","Female","Sport Utility","No","14OCT2014","Tuesday","Motorist Failed to Yield - Midblock",17,"Non-Intersection","October","C: Possible Injury",63120,"Motorist Drive Out - Commercial Driveway / Alley",2014,"No","No","Daylight","Straight - Level","Local Street","Dry","Two-Way, Not Divided","None","No Special Feature","Smooth Asphalt",0,0,1,0,1,2,0,"2 lanes",2,0.049,"1613",40001613,"3014"
6875,656,"Durham","Durham","Piedmont","Residential","Mixed (30% To 70% Developed)","CHANDLER RD","Urban","30 - 35  MPH","No Control Present","Clear","No",39,"30-39",NA,"No","With Traffic","B: Evident Injury","Travel Lane","Hispanic","Male",61,"60-69",NA,"No","31-35 mph","O: No Injury","Black","Male","Sport Utility","No","14OCT2014","Tuesday","Motorist Left Turn / Merge",19,"Intersection","October","B: Evident Injury",69480,"Motorist Left Turn - Opposite Direction",2014,"Yes","No","Dark - Lighted Roadway","Straight - Grade","Local Street","Dry","Two-Way, Not Divided","None","T-Intersection","Smooth Asphalt",0,1,0,0,0,1,0,"2 lanes",2,0,"CHANCE RD",0,"LAKECREST DR"
6876,812,"Siler City","Chatham","Piedmont","Commercial","Mixed (30% To 70% Developed)","E ELEVENTH ST","Urban","40 - 45  MPH","Stop And Go Signal","Clear","No",48,"40-49",NA,"No","With Traffic","Unknown Injury","Travel Lane","Unknown/Missing","Male",NA,NA,NA,"Missing","41-45 mph","Unknown Injury","Unknown/Missing",NA,NA,"No","21DEC2014","Sunday","Motorist Overtaking Bicyclist",10,"Non-Intersection","December","Unknown Injury",37380,"Motorist Overtaking - Other / Unknown",2014,"No","Yes","Dark - Lighted Roadway","Straight - Level","Local Street","Dry","Two-Way, Divided, Unprotected Median","None","No Special Feature","Smooth Asphalt",0,0,0,0,0,1,1,"4 lanes",2,0.095,"LOVE'S CREEK CH RD",20000064,"E RALEIGH ST"
6877,805,"Fayetteville","Cumberland","Coastal","Commercial","Urban (>70% Developed)","SKIBO RD","Urban","40 - 45  MPH","Stop And Go Signal","Clear","No",14,"11-15",NA,"No","With Traffic","O: No Injury","Travel Lane","Black","Male",25,"25-29",NA,"No","0-5 mph","O: No Injury","Black","Female","Passenger Car","No","17DEC2014","Wednesday","Bicyclist Failed to Yield - Signalized Intersection",13,"Intersection","December","O: No Injury",49380,"Bicyclist Failed to Clear - Trapped",2014,"No","No","Daylight","Straight - Level","Local Street","Dry","Two-Way, Divided, Positive Median Barrier","None","Four-Way Intersection","Smooth Asphalt",0,0,0,0,1,1,0,"4 lanes",2,0,"RICHWOOD CT",20000401,"CENTURY OAKS DR"
6878,804,"Erwin","Harnett","Coastal","Residential","Mixed (30% To 70% Developed)","MAYNARD LAKE ROAD","Rural","30 - 35  MPH","No Control Present","Clear","No",32,"30-39",NA,"No","With Traffic","A: Disabling Injury","Travel Lane","White","Male",NA,NA,NA,"Missing","36-40 mph","Unknown Injury","Unknown/Missing",NA,NA,"No","11DEC2014","Thursday","Other / Unusual Circumstances",17,"Non-Intersection","December","A: Disabling Injury",62640,"Motorist Intentionally Caused",2014,"Yes","Yes","Daylight","Straight - Level","Local Street","Dry","Two-Way, Not Divided","None","No Special Feature","Coarse Asphalt",1,0,0,0,0,1,0,"2 lanes",2,0.004,"TRITTON COURT",0,"PORTER DRIVE"
6879,815,"Raleigh","Wake","Piedmont","Commercial","Urban (>70% Developed)","WOODBURN RD","Urban","20 - 25  MPH","No Control Present","Clear","No",27,"25-29",NA,"No","With Traffic","C: Possible Injury","Travel Lane","White","Male",50,"50-59",NA,"No","21-25 mph","O: No Injury","White","Male","Passenger Car","No","31DEC2014","Wednesday","Motorist Left Turn / Merge",13,"Non-Intersection","December","C: Possible Injury",50160,"Motorist Left Turn - Opposite Direction",2014,"Yes","No","Daylight","Straight - Level","Local Street","Dry","Two-Way, Not Divided","None","No Special Feature","Smooth Asphalt",0,0,1,0,0,1,0,"3 lanes",2,0.062,"CLARK AVE",50033536,"CAMERON ST"
6880,813,"Carrboro","Orange","Piedmont","Residential","Urban (>70% Developed)","N GREENSBORO ST","Urban","30 - 35  MPH","Stop Sign","Clear","No",28,"25-29",NA,"No","With Traffic","O: No Injury","Bike Lane / Paved Shoulder","White","Male",19,"0-19",NA,"No","31-35 mph","O: No Injury","White","Female","Passenger Car","No","26MAY2014","Monday","Motorist Right Turn / Merge",17,"Intersection","May","O: No Injury",63060,"Motorist Right Turn - Same Direction",2014,"No","No","Daylight","Straight - Level","Local Street","Dry","Two-Way, Not Divided","None","No Special Feature","Smooth Asphalt",0,0,0,0,1,1,0,"2 lanes",2,0,"CHEEK ST",40001772,"OAK ST"
6881,826,"Winterville","Pitt","Coastal","Commercial","Urban (>70% Developed)","RAILROAD ST","Urban","5 - 15 MPH","Stop Sign","Clear","No",54,"50-59",NA,"No","Facing Traffic","C: Possible Injury","Travel Lane","Black","Male",64,"60-69",NA,"No","0-5 mph","O: No Injury","Black","Female","Passenger Car","No","17DEC2014","Wednesday","Motorist Failed to Yield - Sign-Controlled Intersection",16,"Intersection","December","C: Possible Injury",57900,"Motorist Drive Out - Sign-Controlled Intersection",2014,"Yes","No","Daylight","Straight - Level","Local Street","Dry","Two-Way, Divided, Unprotected Median","None","Four-Way Intersection","Smooth Asphalt",0,0,1,0,0,1,0,"2 lanes",2,0,"DEPOT ST",50025212,"MAIN ST"
6882,843,"Williamston","Martin","Coastal","Commercial","Urban (>70% Developed)","E MAIN ST","Urban","20 - 25  MPH","Stop And Go Signal","Clear","No",25,"25-29",NA,"No","With Traffic","B: Evident Injury","Travel Lane","White","Male",61,"60-69",NA,"No","16-20 mph","O: No Injury","White","Female","Passenger Car","No","11MAY2014","Sunday","Bicyclist Failed to Yield - Signalized Intersection",18,"Intersection","May","B: Evident Injury",65100,"Bicyclist Ride Through - Signalized Intersection",2014,"Yes","No","Daylight","Straight - Level","Public Vehicular Area","Dry","Two-Way, Not Divided","None","Four-Way Intersection","Coarse Asphalt",0,1,0,0,0,1,0,"4 lanes",2,0,"SMITHWICK ST",29000017,"TRADE ST"
6883,846,"Woodfin","Buncombe","Mountains","Commercial","Urban (>70% Developed)","US 19","Rural","40 - 45  MPH","No Control Present","Clear","No",61,"60-69",NA,"No","With Traffic","B: Evident Injury","Travel Lane","White","Male",NA,"70+",NA,"No","31-35 mph","O: No Injury","White","Male","Van","No","16APR2014","Wednesday","Motorist Overtaking Bicyclist",22,"Non-Intersection","April","B: Evident Injury",81600,"Motorist Overtaking - Undetected Bicyclist",2014,"Yes","No","Dark - Roadway Not Lighted","Straight - Grade","US Route","Dry","Two-Way, Not Divided","None","No Special Feature","Smooth Asphalt",0,1,0,0,0,1,0,"2 lanes",2,0.038,"BRECKENRIDGE PKY",20000019,"BAIRD COVE RD"
6884,844,"Hertford","Perquimans","Coastal","Residential","Mixed (30% To 70% Developed)","CENTER HILL HIGHWAY","Rural",NA,"Stop Sign","Clear","No",17,"16-19",NA,"No","With Traffic","C: Possible Injury","Travel Lane","White","Male",49,"40-49",NA,"No",NA,"O: No Injury","White","Male","Pickup","No","30SEP2014","Tuesday","Motorist Overtaking Bicyclist",16,"Non-Intersection","September","C: Possible Injury",58800,"Motorist Overtaking - Bicyclist Swerved",2014,"Yes","No","Daylight","Straight - Level","Local Street","Dry","Two-Way, Divided, Unprotected Median","None","No Special Feature","Smooth Asphalt",0,0,1,0,0,1,0,NA,2,1.3,"DON JUAN",0,NA
6885,838,"Dunn","Harnett","Coastal","Commercial","Mixed (30% To 70% Developed)","301","Urban","30 - 35  MPH","No Control Present","Clear","No",37,"30-39",NA,"No","Facing Traffic","B: Evident Injury","Travel Lane","Unknown/Missing","Male",52,"50-59",NA,"Yes-Drugs, impairment suspected","31-35 mph","O: No Injury","White","Male","Pickup","No","16JAN2014","Thursday","Head-On",18,"Non-Intersection","January","B: Evident Injury",68100,"Head-On - Bicyclist",2014,"Yes","No","Dark - Lighted Roadway","Straight - Level","US Route","Dry","Two-Way, Not Divided","None","No Special Feature","Smooth Asphalt",0,1,0,0,0,1,0,"2 lanes",2,0.045,"CANARY ST",20000301,"GODWIN ST"
6886,829,"Cullowhee","Jackson","Mountains","Institutional","Urban (>70% Developed)","PVA KILLIAN BUILDING LANE","Rural","20 - 25  MPH","No Control Present","Clear","No",19,"16-19",NA,"No","With Traffic","B: Evident Injury","Travel Lane","White","Male",20,"20-24",NA,"No","0-5 mph","O: No Injury","White","Male","Passenger Car","No","21NOV2014","Friday","Bicyclist Overtaking Motorist",13,"Intersection","November","B: Evident Injury",48360,"Bicyclist Overtaking - Other / Unknown",2014,"Yes","No","Daylight","Straight - Level","Local Street","Dry","Two-Way, Not Divided","None","T-Intersection","Smooth Asphalt",0,1,0,0,0,1,0,"2 lanes",2,0,"CENTENNIAL DR",0,NA
6887,847,"Chapel Hill","Orange","Piedmont","Institutional","Urban (>70% Developed)","MCCAULEY ST","Urban","20 - 25  MPH","Stop And Go Signal","Cloudy","No",35,"30-39",NA,"No","With Traffic","C: Possible Injury","Travel Lane","White","Male",52,"50-59",NA,"No","0-5 mph","O: No Injury","White","Male","Van","No","28JAN2014","Tuesday","Motorist Left Turn / Merge",10,"Intersection","January","C: Possible Injury",38040,"Motorist Left Turn - Opposite Direction",2014,"No","No","Daylight","Straight - Level","Local Street","Dry","Two-Way, Not Divided","None","No Special Feature","Smooth Asphalt",0,0,1,0,0,1,0,"3 lanes",2,0,"PITTSBORO ST",30400086,"S COLUMBIA ST"
6888,822,"Burlington","Alamance","Piedmont","Commercial","Urban (>70% Developed)","W MOREHEAD ST","Urban","20 - 25  MPH","No Control Present","Clear","No",38,"30-39",NA,"No","With Traffic","C: Possible Injury",NA,"Black","Male",NA,"70+",NA,"No","11-15 mph","O: No Injury","White","Female","Van","No","15DEC2014","Monday","Motorist Right Turn / Merge",17,"Non-Intersection","December","C: Possible Injury",63540,"Motorist Right Turn - Same Direction",2014,"No","No","Dusk","Straight - Grade","Local Street","Dry","Two-Way, Not Divided","None","No Special Feature","Smooth Asphalt",0,0,1,0,0,1,0,"2 lanes",2,0.027,"S WORTH ST",50020528,"MELVILLE ALLEY"
6889,840,"Dunn","Harnett","Coastal","Residential","Mixed (30% To 70% Developed)","SAINTS ST","Urban","30 - 35  MPH","No Control Present","Clear","No",6,"6-10",NA,NA,"Facing Traffic","C: Possible Injury","Travel Lane","White","Female",50,"50-59",NA,"No","0-5 mph","O: No Injury","White","Male","Passenger Car","No","01JUL2014","Tuesday","Head-On",19,"Non-Intersection","July","C: Possible Injury",68400,"Head-On - Bicyclist",2014,"No","No","Daylight","Straight - Level","Local Street","Dry","One-Way, Not Divided","None","No Special Feature","Coarse Asphalt",0,0,1,0,0,1,0,"2 lanes",2,0.012,"GULF DR",0,"BYRON ST"
6890,919,"Spindale","Rutherford","Mountains","Residential","Mixed (30% To 70% Developed)","PINEY RIDGE RD","Rural","30 - 35  MPH","Double Yellow Line, No Passing Zone","Clear","No",63,"60-69","No",NA,"With Traffic","B: Evident Injury","Bike Lane / Paved Shoulder","Black","Male",19,"0-19","No",NA,"31-35 mph","O: No Injury","White","Male","Sport Utility","No","29JAN2013","Tuesday","Motorist Overtaking Bicyclist",19,"Non-Intersection","January","B: Evident Injury",70260,"Motorist Overtaking - Other / Unknown",2013,"Yes","No","Dark - Lighted Roadway","Straight - Level","Local Street","Dry","Two-Way, Divided, Unprotected Median","None","No Special Feature","Smooth Asphalt",0,0,0,0,0,0,0,"2 lanes",2,0,NA,0,NA
6891,962,"Charlotte","Mecklenburg","Piedmont","Residential","Mixed (30% To 70% Developed)","SHARON RD","Urban","30 - 35  MPH","No Control Present","Cloudy","No",19,"16-19","No",NA,"Facing Traffic","O: No Injury","Sidewalk / Crosswalk / Driveway Crossing","White","Male",NA,NA,"Missing",NA,"6-10 mph","Unknown Injury","Unknown/Missing",NA,NA,"No","14MAR2013","Thursday","Motorist Failed to Yield - Midblock",17,"Non-Intersection","March","O: No Injury",61200,"Motorist Drive Out - Commercial Driveway / Alley",2013,"No","Yes","Daylight","Straight - Level","Public Vehicular Area","Dry","Two-Way, Not Divided","None","Driveway, Public","Smooth Asphalt",0,0,0,0,0,0,0,"2 lanes",2,0,NA,0,NA
6892,881,"High Point","Guilford","Piedmont","Commercial","Urban (>70% Developed)","W WARD AVE","Urban","30 - 35  MPH","Stop And Go Signal","Clear","No",23,"20-24","No",NA,"Facing Traffic","C: Possible Injury","Sidewalk / Crosswalk / Driveway Crossing","Black","Male",55,"50-59","No",NA,"21-25 mph","O: No Injury","White","Female","Sport Utility","No","08JAN2013","Tuesday","Bicyclist Failed to Yield - Signalized Intersection",13,"Intersection","January","C: Possible Injury",50280,"Bicyclist Ride Through - Signalized Intersection",2013,"Yes","No","Daylight","Straight - Level","Local Street","Dry","Two-Way, Not Divided","None","Four-Way Intersection","Coarse Asphalt",0,0,0,0,0,0,0,"2 lanes",2,0,NA,0,NA
6893,922,"None - Rural Crash","Buncombe","Mountains","Farms, Woods, Pastures","Rural (<30% Developed)","NC 251","Rural","50 - 55  MPH","Stop Sign","Cloudy","No",31,"30-39","No",NA,"With Traffic","B: Evident Injury","Travel Lane","White","Male",54,"50-59","No",NA,"0-5 mph","O: No Injury","White","Male","Sport Utility","No","01MAR2013","Friday","Motorist Failed to Yield - Sign-Controlled Intersection",15,"Intersection","March","B: Evident Injury",56100,"Motorist Drive Out - Sign-Controlled Intersection",2013,"Yes","No","Daylight","Straight - Level","NC Route","Dry","Two-Way, Not Divided","None","Four-Way Intersection","Smooth Asphalt",0,0,0,0,0,0,0,"2 lanes",2,0,NA,0,NA
6894,885,"Chapel Hill","Orange","Piedmont","Residential","Urban (>70% Developed)","CHURCH ST","Urban","20 - 25  MPH","Stop Sign","Cloudy","No",20,"20-24","No",NA,"With Traffic","B: Evident Injury","Travel Lane","White","Male",53,"50-59","No",NA,"11-15 mph","O: No Injury","White","Female","Passenger Car","No","17JAN2013","Thursday","Bicyclist Failed to Yield - Sign-Controlled Intersection",10,"Intersection","January","B: Evident Injury",38700,"Bicyclist Ride Through - Sign-Controlled Intersection",2013,"Yes","No","Daylight","Straight - Grade","Local Street","Wet","Two-Way, Not Divided","None","No Special Feature","Smooth Asphalt",0,0,0,0,0,0,0,"2 lanes",2,0,NA,0,NA
6895,953,"High Point","Guilford","Piedmont","Commercial","Urban (>70% Developed)","WESTCHESTER DR","Urban","40 - 45  MPH","No Control Present","Cloudy","No",14,"11-15","No",NA,"Not Applicable","B: Evident Injury","Non-Roadway","White","Male",20,"20-24","No",NA,"11-15 mph","O: No Injury","Hispanic","Male","Passenger Car","No","02MAR2013","Saturday","Crossing Paths - Other Circumstances",10,"Non-Intersection","March","B: Evident Injury",38160,"Crossing Paths - Midblock - Other / Unknown",2013,"Yes","No","Daylight","Straight - Level","NC Route","Dry","Two-Way, Not Divided","None","No Special Feature","Smooth Asphalt",0,0,0,0,0,0,0,"5 lanes",2,0,NA,0,NA
6896,937,"Asheville","Buncombe","Mountains","Commercial","Urban (>70% Developed)","US 70","Urban","40 - 45  MPH","No Control Present","Clear","No",19,"16-19","No",NA,"Not Applicable","C: Possible Injury","Non-Roadway","Black","Male",54,"50-59","No",NA,"41-45 mph","O: No Injury","White","Male","Motorcycle","No","27FEB2013","Wednesday","Crossing Paths - Other Circumstances",11,"Intersection-Related","February","C: Possible Injury",40620,"Sign-Controlled Intersection - Other / Unknown",2013,"Yes","No","Daylight","Straight - Grade","US Route","Dry","Two-Way, Not Divided","None","Four-Way Intersection","Coarse Asphalt",0,0,0,0,0,0,0,"4 lanes",2,0,NA,0,NA
6897,893,"None - Rural Crash","Randolph","Piedmont","Farms, Woods, Pastures","Rural (<30% Developed)","SR 1928","Rural","40 - 45  MPH","No Control Present","Clear","No",42,"40-49","No",NA,"With Traffic","B: Evident Injury","Travel Lane","White","Male",NA,"70+","No",NA,"26-30 mph","O: No Injury","White","Male","Pickup","No","09FEB2013","Saturday","Motorist Right Turn / Merge",13,"Intersection","February","B: Evident Injury",49920,"Motorist Right Turn - Same Direction",2013,"Yes","No","Daylight","Straight - Grade","State Secondary Route","Dry","Two-Way, Not Divided","None","On or Off Ramp","Smooth Asphalt",0,0,0,0,0,0,0,"2 lanes",2,0,NA,0,NA
6898,899,"Kill Devil Hills","Dare","Coastal","Commercial","Urban (>70% Developed)","PVA THIRD ST KANGAROO","Urban",NA,"No Control Present","Clear","No",50,"50-59","Yes",NA,"Not Applicable","B: Evident Injury","Non-Roadway","White","Male",23,"20-24","No",NA,"6-10 mph","O: No Injury","White","Female","Passenger Car","Yes","30JAN2013","Wednesday","Non-Roadway",17,"Non-Roadway","January","B: Evident Injury",63000,"Non-Roadway",2013,"Yes","No","Daylight","Straight - Level","Public Vehicular Area","Dry","Two-Way, Not Divided","None","Driveway, Public","Concrete",0,0,0,0,0,0,0,NA,2,0,NA,0,NA
6899,5702,"Rocky Mount","Nash","Coastal","Residential","Urban (>70% Developed)",NA,"Urban","30 - 35  MPH","Stop Sign","Cloudy","No",14,"11-15","No",NA,"With Traffic","O: No Injury","Sidewalk / Crosswalk / Driveway Crossing","Black","Male",46,"40-49","No",NA,"31-35 mph","O: No Injury","Black","Female","Passenger Car","No","20APR2008","Sunday","Bicyclist Failed to Yield - Sign-Controlled Intersection",17,"Intersection","April","O: No Injury",61440,"Bicyclist Ride Through - Sign-Controlled Intersection",2008,"No","No","Daylight","Straight - Level","Local Street","Dry","One-Way, Not Divided","None","T-Intersection","Coarse Asphalt",0,0,0,0,0,0,0,"2 lanes",2,0,NA,0,NA
6900,5711,"Raleigh","Wake","Piedmont","Commercial","Urban (>70% Developed)",NA,"Urban","40 - 45  MPH","Stop And Go Signal","Clear","No",48,"40-49","Yes",NA,"Facing Traffic","B: Evident Injury",NA,"Black","Male",45,"40-49","No",NA,"26-30 mph","O: No Injury","Black","Male","Passenger Car","Yes","19APR2008","Saturday","Bicyclist Failed to Yield - Signalized Intersection",15,"Intersection","April","B: Evident Injury",56040,"Bicyclist Ride Out - Signalized  Intersection",2008,"No","No","Daylight","Straight - Level","Local Street","Dry","Two-Way, Divided, Unprotected Median","None","Four-Way Intersection","Smooth Asphalt",0,0,0,0,0,0,0,"6 lanes",2,0,NA,0,NA