"...1","object_id","city","county","region","development","locality","on_road","rural_urban","speed_limit","traffic_control","weather","workzone","bike_age","bike_age_group","bike_alcohol","bike_alcohol_drugs","bike_direction","bike_injury","bike_position","bike_race","bike_sex","driver_age","driver_age_group","driver_alcohol","driver_alcohol_drugs","driver_est_speed","driver_injury","driver_race","driver_sex","driver_vehicle_type","crash_alcohol","crash_date","crash_day","crash_group","crash_hour","crash_location","crash_month","crash_severity","crash_time","crash_type","crash_year","ambulance_req","hit_run","light_condition","road_character","road_class","road_condition","road_configuration","road_defects","road_feature","road_surface","num_bikes_ai","num_bikes_bi","num_bikes_ci","num_bikes_ki","num_bikes_no","num_bikes_to","num_bikes_ui","num_lanes","num_units","distance_mi_from","frm_road","rte_invd_cd","towrd_road"
6901,6457,"Benson","Johnston","Coastal","Commercial","Urban (>70% Developed)",NA,"Rural","30 - 35  MPH","Stop Sign","Clear","No",22,"20-24","No",NA,"With Traffic","C: Possible Injury","Travel Lane","Black","Male",39,"30-39","No",NA,"0-5 mph","O: No Injury","White","Female","Sport Utility","No","28OCT2008","Tuesday","Loss of Control / Turning Error",21,"Intersection","October","C: Possible Injury",78060,"Bicyclist Turning Error - Right Turn",2008,"Yes","No","Dark - Lighted Roadway","Straight - Level","Local Street","Dry","Two-Way, Not Divided","None","T-Intersection","Smooth Asphalt",0,0,0,0,0,0,0,"3 lanes",2,0,NA,0,NA
6902,6462,"Eden","Rockingham","Piedmont","Residential","Urban (>70% Developed)",NA,"Urban","20 - 25  MPH","No Control Present","Clear","No",44,"40-49","Yes",NA,"With Traffic","C: Possible Injury","Travel Lane","White","Male",29,"25-29","No",NA,"26-30 mph","O: No Injury","Black","Female","Passenger Car","Yes","03JUL2008","Thursday","Bicyclist Left Turn / Merge",17,"Non-Intersection","July","C: Possible Injury",61800,"Bicyclist Left Turn - Same Direction",2008,"Yes","No","Daylight","Straight - Level","Local Street","Dry","Two-Way, Not Divided","None","No Special Feature","Smooth Asphalt",0,0,0,0,0,0,0,"2 lanes",2,0,NA,0,NA
6903,6469,"Stallings","Union","Piedmont","Commercial","Urban (>70% Developed)",NA,"Urban","20 - 25  MPH","No Control Present","Cloudy","No",37,"30-39","No",NA,NA,"B: Evident Injury","Non-Roadway","Black","Male",39,"30-39","No",NA,"6-10 mph","O: No Injury","White","Female","Passenger Car","No","15JAN2007","Monday","Non-Roadway",17,"Non-Roadway","January","B: Evident Injury",64500,"Non-Roadway",2007,"Yes","No","Dusk","Straight - Level","Public Vehicular Area","Dry","Two-Way, Not Divided","None","No Special Feature","Smooth Asphalt",0,0,0,0,0,0,0,"2 lanes",2,0,NA,0,NA
6904,6473,"None - Rural Crash","Randolph","Piedmont","Farms, Woods, Pastures","Rural (<30% Developed)",NA,"Rural","50 - 55  MPH","Double Yellow Line, No Passing Zone","Cloudy","No",51,"50-59","Yes",NA,"With Traffic","A: Disabling Injury","Travel Lane","Black","Male",61,"60-69","No",NA,"41-45 mph","O: No Injury","White","Male","Pickup","Yes","06JAN2007","Saturday","Motorist Overtaking Bicyclist",19,"Non-Intersection","January","A: Disabling Injury",69000,"Motorist Overtaking - Undetected Bicyclist",2007,"No","No","Dark - Roadway Not Lighted","Straight - Level","State Secondary Route","Dry","Two-Way, Not Divided","None","No Special Feature","Coarse Asphalt",0,0,0,0,0,0,0,"2 lanes",2,0,NA,0,NA
6905,6476,"Eden","Rockingham","Piedmont","Residential","Urban (>70% Developed)",NA,"Urban","30 - 35  MPH","No Control Present","Clear","No",39,"30-39","No",NA,"With Traffic","B: Evident Injury","Travel Lane","White","Male",NA,"70+","No",NA,"41-45 mph","Unknown Injury","Unknown/Missing","Male","Passenger Car","No","20FEB2007","Tuesday","Motorist Overtaking Bicyclist",9,"Intersection-Related","February","B: Evident Injury",35160,"Motorist Overtaking - Other / Unknown",2007,"No","Yes","Daylight","Straight - Grade","Local Street","Dry","Two-Way, Not Divided",NA,"No Special Feature","Smooth Asphalt",0,0,0,0,0,0,0,"2 lanes",2,0,NA,0,NA
6906,6477,"Cary","Wake","Piedmont","Commercial","Urban (>70% Developed)",NA,"Urban","30 - 35  MPH","No Control Present","Clear","No",19,"16-19","Yes",NA,"Facing Traffic","A: Disabling Injury","Travel Lane","Hispanic","Male",24,"20-24","Yes",NA,"31-35 mph","O: No Injury","White","Female","Passenger Car","Yes","10FEB2007","Saturday","Bicyclist Right Turn / Merge",21,"Non-Intersection","February","A: Disabling Injury",76260,"Bicyclist Right Turn - Opposite Direction",2007,"Yes","No","Dark - Lighted Roadway","Straight - Level","State Secondary Route","Dry","Two-Way, Not Divided","None","No Special Feature","Smooth Asphalt",0,0,0,0,0,0,0,"4 lanes",2,0,NA,0,NA
6907,6488,"Winston-Salem","Forsyth","Piedmont","Commercial","Urban (>70% Developed)",NA,"Urban","30 - 35  MPH","No Control Present","Clear","No",54,"50-59","No",NA,"Facing Traffic","C: Possible Injury","Travel Lane","Black","Male",46,"40-49","No",NA,"31-35 mph","O: No Injury","White","Male","Passenger Car","No","08JAN2007","Monday","Head-On",15,"Non-Intersection","January","C: Possible Injury",54060,"Head-On - Bicyclist",2007,"No","No","Daylight","Straight - Level","Local Street","Dry","Two-Way, Not Divided","None","T-Intersection","Coarse Asphalt",0,0,0,0,0,0,0,"2 lanes",2,0,NA,0,NA
6908,6495,"Charlotte","Mecklenburg","Piedmont","Residential","Urban (>70% Developed)",NA,"Urban","40 - 45  MPH","No Control Present","Clear","No",42,"40-49","No",NA,"With Traffic","K: Killed","Bike Lane / Paved Shoulder","White","Male",27,"25-29","Yes",NA,"36-40 mph","O: No Injury","White","Female","Passenger Car","Yes","09JAN2007","Tuesday","Motorist Overtaking Bicyclist",8,"Non-Intersection","January","K: Killed",30120,"Motorist Overtaking - Other / Unknown",2007,"Yes","No","Daylight","Straight - Level","Local Street","Dry","Two-Way, Not Divided","None","No Special Feature","Smooth Asphalt",0,0,0,0,0,0,0,"2 lanes",2,0,NA,0,NA
6909,6496,"Greenville","Pitt","Coastal","Commercial","Urban (>70% Developed)",NA,"Urban","40 - 45  MPH","Stop And Go Signal","Clear","No",51,"50-59","No",NA,"With Traffic","C: Possible Injury","Travel Lane","Black","Male",34,"30-39","No",NA,"0-5 mph","O: No Injury","Black","Male","Passenger Car","No","09JAN2007","Tuesday","Crossing Paths - Other Circumstances",23,"Intersection-Related","January","C: Possible Injury",83340,"Crossing Paths - Intersection - Other / Unknown",2007,"Yes","No","Dark - Lighted Roadway","Straight - Level","Local Street","Dry","Two-Way, Divided, Unprotected Median","None","Four-Way Intersection","Smooth Asphalt",0,0,0,0,0,0,0,"5 lanes",2,0,NA,0,NA
6910,3043,"None - Rural Crash","Iredell","Piedmont","Farms, Woods, Pastures","Rural (<30% Developed)",NA,"Rural","50 - 55  MPH","No Control Present","Clear","No",15,"11-15","No",NA,"With Traffic","B: Evident Injury","Travel Lane","White","Male",28,"25-29","No",NA,"41-45 mph","O: No Injury","White","Male","Passenger Car","No","03JUN2011","Friday","Motorist Overtaking Bicyclist",21,"Non-Intersection","June","B: Evident Injury",76140,"Motorist Overtaking - Other / Unknown",2011,"Yes","No","Dark - Roadway Not Lighted","Straight - Bottom","State Secondary Route","Dry","Two-Way, Not Divided","None","No Special Feature","Smooth Asphalt",0,0,0,0,0,0,0,"2 lanes",3,0,NA,0,NA
6911,3047,"Monroe","Union","Piedmont","Residential","Urban (>70% Developed)",NA,"Urban","30 - 35  MPH","No Control Present","Clear","No",8,"6-10","No",NA,"Facing Traffic","B: Evident Injury","Travel Lane","Black","Male",26,"25-29","No",NA,"31-35 mph","O: No Injury","Hispanic","Male","Passenger Car","No","15MAY2011","Sunday","Head-On",19,"Non-Intersection","May","B: Evident Injury",70440,"Head-On - Bicyclist",2011,"Yes","No","Daylight","Straight - Grade","Local Street","Dry","Two-Way, Not Divided","None","No Special Feature","Smooth Asphalt",0,0,0,0,0,0,0,"2 lanes",2,0,NA,0,NA
6912,3048,"Chapel Hill","Orange","Piedmont","Commercial","Urban (>70% Developed)",NA,"Urban","40 - 45  MPH","No Control Present","Clear","No",48,"40-49","No",NA,"With Traffic","C: Possible Injury","Bike Lane / Paved Shoulder","White","Male",NA,NA,"Missing",NA,"41-45 mph","Unknown Injury","Unknown/Missing",NA,NA,"No","16MAY2011","Monday","Motorist Overtaking Bicyclist",13,"Non-Intersection","May","C: Possible Injury",47640,"Motorist Overtaking - Misjudged Space",2011,"No","Yes","Daylight","Straight - Level","US Route","Dry","Two-Way, Divided, Unprotected Median","None","On or Off Ramp","Concrete",0,0,0,0,0,0,0,"4 lanes",2,0,NA,0,NA
6913,3049,"Salisbury","Rowan","Piedmont","Commercial","Urban (>70% Developed)",NA,"Urban","30 - 35  MPH","Stop And Go Signal","Clear","No",40,"40-49","No",NA,"With Traffic","C: Possible Injury","Travel Lane","White","Male",50,"50-59","No",NA,"0-5 mph","O: No Injury","Black","Female","Sport Utility","No","06JUN2011","Monday","Motorist Right Turn / Merge",15,"Intersection","June","C: Possible Injury",56640,"Motorist Right Turn - Same Direction",2011,"No","Yes","Daylight","Straight - Level","Local Street","Dry","Two-Way, Not Divided","None","No Special Feature","Smooth Asphalt",0,0,0,0,0,0,0,"2 lanes",2,0,NA,0,NA
6914,3051,"Raleigh","Wake","Piedmont","Institutional","Mixed (30% To 70% Developed)",NA,"Urban","20 - 25  MPH","Stop And Go Signal","Clear","No",NA,NA,"Missing",NA,"Facing Traffic","Unknown Injury",NA,"Unknown/Missing",NA,35,"30-39","No",NA,"0-5 mph","O: No Injury","Black","Male","Sport Utility","No","16MAY2011","Monday","Head-On",7,"Intersection","May","O: No Injury",26280,"Head-On - Bicyclist",2011,"No","No","Daylight","Straight - Hillcrest","Local Street","Dry","Two-Way, Not Divided","None","Four-Way Intersection","Smooth Asphalt",0,0,0,0,0,0,0,"3 lanes",2,0,NA,0,NA
6915,3053,"Apex","Wake","Piedmont","Residential","Mixed (30% To 70% Developed)",NA,"Urban","40 - 45  MPH","Stop Sign","Clear","No",17,"16-19","No",NA,"With Traffic","C: Possible Injury","Travel Lane","White","Male",17,"0-19","No",NA,"6-10 mph","O: No Injury","Black","Male","Passenger Car","No","06JUN2011","Monday","Motorist Failed to Yield - Sign-Controlled Intersection",15,"Intersection","June","C: Possible Injury",55920,"Motorist Drive Out - Sign-Controlled Intersection",2011,"No","No","Daylight","Straight - Level","NC Route","Dry","Two-Way, Not Divided","None","Four-Way Intersection","Smooth Asphalt",0,0,0,0,0,0,0,"2 lanes",2,0,NA,0,NA
6916,3059,"None - Rural Crash","Wake","Piedmont","Residential","Mixed (30% To 70% Developed)",NA,"Rural","50 - 55  MPH","Double Yellow Line, No Passing Zone","Clear","No",18,"16-19","No",NA,"With Traffic","B: Evident Injury","Bike Lane / Paved Shoulder","White","Male",44,"40-49","No",NA,"41-45 mph","O: No Injury","White","Male","Motor Home/Recreational Vehicle","No","10JUN2011","Friday","Motorist Overtaking Bicyclist",18,"Non-Intersection","June","B: Evident Injury",65700,"Motorist Overtaking - Bicyclist Swerved",2011,"Yes","No","Daylight","Straight - Level","NC Route","Dry","Two-Way, Not Divided","None","No Special Feature","Smooth Asphalt",0,0,0,0,0,0,0,"2 lanes",2,0,NA,0,NA
6917,3060,"None - Rural Crash","Cabarrus","Piedmont","Residential","Mixed (30% To 70% Developed)",NA,"Rural","50 - 55  MPH","No Control Present","Clear","No",30,"30-39","No",NA,"With Traffic","C: Possible Injury","Travel Lane","White","Male",NA,"70+","No",NA,"51-55 mph","O: No Injury","White","Female","Passenger Car","No","11JUN2011","Saturday","Bicyclist Left Turn / Merge",20,"Intersection","June","C: Possible Injury",72900,"Bicyclist Left Turn - Same Direction",2011,"No","No","Daylight","Straight - Grade","State Secondary Route","Dry","Two-Way, Not Divided","None","T-Intersection","Smooth Asphalt",0,0,0,0,0,0,0,"2 lanes",2,0,NA,0,NA
6918,3064,"Asheboro","Randolph","Piedmont","Residential","Urban (>70% Developed)",NA,"Urban","30 - 35  MPH","No Control Present","Clear","No",14,"11-15","No",NA,"With Traffic","B: Evident Injury","Travel Lane","White","Male",27,"25-29","No",NA,"31-35 mph","O: No Injury","White","Female","Passenger Car","No","24MAY2011","Tuesday","Bicyclist Left Turn / Merge",7,"Non-Intersection","May","B: Evident Injury",27780,"Bicyclist Left Turn - Same Direction",2011,"Yes","No","Daylight","Straight - Level","State Secondary Route","Dry","Two-Way, Not Divided","None","No Special Feature","Smooth Asphalt",0,0,0,0,0,0,0,"2 lanes",2,0,NA,0,NA
6919,3068,"Charlotte","Mecklenburg","Piedmont","Residential","Urban (>70% Developed)",NA,"Urban","40 - 45  MPH","No Control Present","Clear","No",29,"25-29","No",NA,"With Traffic","B: Evident Injury","Sidewalk / Crosswalk / Driveway Crossing","Other","Male",30,"30-39","No",NA,"11-15 mph","O: No Injury","White","Female","Passenger Car","No","26MAY2011","Thursday","Motorist Left Turn / Merge",19,"Intersection","May","B: Evident Injury",69900,"Motorist Left Turn - Opposite Direction",2011,"Yes","No","Daylight","Straight - Level","Local Street","Dry","Two-Way, Not Divided","None","No Special Feature","Smooth Asphalt",0,0,0,0,0,0,0,"4 lanes",2,0,NA,0,NA
6920,3075,"Durham","Durham","Piedmont","Residential","Mixed (30% To 70% Developed)",NA,"Urban","30 - 35  MPH","Stop Sign","Clear","No",26,"25-29","No",NA,NA,"C: Possible Injury","Travel Lane","White","Female",25,"25-29","No",NA,"0-5 mph","O: No Injury","Hispanic","Female","Passenger Car","No","15JUN2011","Wednesday","Crossing Paths - Other Circumstances",18,"Intersection","June","C: Possible Injury",67500,"Crossing Paths - Intersection - Other / Unknown",2011,"Yes","No","Daylight","Straight - Level","Local Street","Dry","Two-Way, Not Divided","None","No Special Feature","Smooth Asphalt",0,0,0,0,0,0,0,"2 lanes",2,0,NA,0,NA
6921,3077,"Raleigh","Wake","Piedmont","Residential","Urban (>70% Developed)",NA,"Urban","5 - 15 MPH","Stop Sign","Clear","No",6,"6-10","No",NA,"With Traffic","A: Disabling Injury","Travel Lane","Black","Male",50,"50-59","Yes",NA,"0-5 mph","O: No Injury","Black","Female","Sport Utility","Yes","29MAY2011","Sunday","Bicyclist Failed to Yield - Sign-Controlled Intersection",15,"Intersection","May","A: Disabling Injury",57060,"Bicyclist Ride Through - Sign-Controlled Intersection",2011,"Yes","No","Daylight","Straight - Grade","Local Street","Dry","Two-Way, Not Divided","None","Four-Way Intersection","Smooth Asphalt",0,0,0,0,0,0,0,"2 lanes",2,0,NA,0,NA
6922,3083,"Wilmington","New Hanover","Coastal","Residential","Urban (>70% Developed)",NA,"Urban","40 - 45  MPH","Stop Sign","Clear","No",32,"30-39","No",NA,"With Traffic","B: Evident Injury","Travel Lane","White","Male",23,"20-24","No",NA,"0-5 mph","O: No Injury","Black","Male","School Bus","No","26MAY2011","Thursday","Motorist Failed to Yield - Sign-Controlled Intersection",7,"Intersection","May","B: Evident Injury",28260,"Motorist Drive Out - Sign-Controlled Intersection",2011,"No","No","Daylight","Straight - Level","Local Street","Dry","Two-Way, Not Divided","None","No Special Feature","Coarse Asphalt",0,0,0,0,0,0,0,"2 lanes",2,0,NA,0,NA
6923,3085,"None - Rural Crash","Craven","Coastal","Residential","Urban (>70% Developed)",NA,"Rural","30 - 35  MPH","No Control Present","Clear","No",8,"6-10","No",NA,"Facing Traffic","C: Possible Injury","Travel Lane","Unknown/Missing","Male",20,"20-24","No",NA,"31-35 mph","O: No Injury","White","Male","Passenger Car","No","13JUN2011","Monday","Bicyclist Right Turn / Merge",18,"Non-Intersection","June","C: Possible Injury",67080,"Bicyclist Right Turn - Same Direction",2011,"No","No","Daylight","Straight - Level","State Secondary Route","Dry","Two-Way, Not Divided","None","No Special Feature","Coarse Asphalt",0,0,0,0,0,0,0,"2 lanes",2,0,NA,0,NA
6924,3088,"High Point","Guilford","Piedmont","Commercial","Urban (>70% Developed)",NA,"Urban","30 - 35  MPH","Stop And Go Signal","Clear","No",20,"20-24","No",NA,"With Traffic","C: Possible Injury","Travel Lane","White","Male",28,"25-29","No",NA,"11-15 mph","O: No Injury","White","Female","Passenger Car","No","30MAY2011","Monday","Bicyclist Failed to Yield - Signalized Intersection",9,"Intersection","May","C: Possible Injury",33300,"Bicyclist Ride Through - Signalized Intersection",2011,"No","No","Daylight","Straight - Level","Local Street","Dry","Two-Way, Not Divided","None","Four-Way Intersection","Coarse Asphalt",0,0,0,0,0,0,0,"6 lanes",2,0,NA,0,NA
6925,3094,"None - Rural Crash","Lenoir","Coastal","Farms, Woods, Pastures","Rural (<30% Developed)",NA,"Rural","40 - 45  MPH","No Control Present","Clear","No",13,"11-15","No",NA,"With Traffic","C: Possible Injury","Travel Lane","White","Male",34,"30-39","No",NA,"31-35 mph","O: No Injury","Black","Female","Passenger Car","No","18JUN2011","Saturday","Motorist Overtaking Bicyclist",19,"Non-Intersection","June","C: Possible Injury",69720,"Motorist Overtaking - Bicyclist Swerved",2011,"Yes","No","Daylight","Straight - Level","State Secondary Route","Dry","Two-Way, Not Divided","None","No Special Feature","Coarse Asphalt",0,0,0,0,0,0,0,"2 lanes",2,0,NA,0,NA
6926,3100,"Charlotte","Mecklenburg","Piedmont","Commercial","Urban (>70% Developed)",NA,"Urban","30 - 35  MPH","Stop Sign","Clear","No",21,"20-24","No",NA,"Facing Traffic","O: No Injury","Sidewalk / Crosswalk / Driveway Crossing","Unknown/Missing","Male",33,"30-39","No",NA,"0-5 mph","O: No Injury","White","Male","Passenger Car","No","02JUN2011","Thursday","Motorist Failed to Yield - Sign-Controlled Intersection",7,"Intersection","June","O: No Injury",27000,"Motorist Drive Out - Sign-Controlled Intersection",2011,"No","No","Daylight","Straight - Grade","Local Street","Dry","Two-Way, Not Divided","None","No Special Feature","Smooth Asphalt",0,0,0,0,0,0,0,"4 lanes",2,0,NA,0,NA
6927,3102,"Winston-Salem","Forsyth","Piedmont","Residential","Urban (>70% Developed)",NA,"Urban","20 - 25  MPH","Stop Sign","Clear","No",35,"30-39","No",NA,"With Traffic","A: Disabling Injury","Travel Lane","White","Male",49,"40-49","No",NA,"6-10 mph","O: No Injury","White","Female","Light Truck (Mini-Van, Panel)","No","04JUN2011","Saturday","Motorist Failed to Yield - Sign-Controlled Intersection",4,"Intersection","June","A: Disabling Injury",15240,"Motorist Drive Out - Sign-Controlled Intersection",2011,"Yes","No","Daylight","Straight - Grade","Local Street","Water (Standing, Moving)","Two-Way, Not Divided","None","Four-Way Intersection","Smooth Asphalt",0,0,0,0,0,0,0,"2 lanes",2,0,NA,0,NA
6928,3123,"Durham","Durham","Piedmont","Residential","Urban (>70% Developed)",NA,"Urban","5 - 15 MPH","No Control Present","Clear","No",23,"20-24","No",NA,"Not Applicable","O: No Injury","Non-Roadway","Black","Male",34,"30-39","No",NA,"0-5 mph","O: No Injury","White","Male","Police","No","27JUN2011","Monday","Non-Roadway",21,"Non-Roadway","June","O: No Injury",76800,"Non-Roadway",2011,"No","No","Dark - Lighted Roadway","Straight - Level","Public Vehicular Area","Dry",NA,"None","Other","Other",0,0,0,0,0,0,0,NA,2,0,NA,0,NA
6929,3130,"None - Rural Crash","Johnston","Coastal","Farms, Woods, Pastures","Rural (<30% Developed)",NA,"Rural","50 - 55  MPH","No Control Present","Clear","No",59,"50-59","No",NA,"With Traffic","B: Evident Injury","Sidewalk / Crosswalk / Driveway Crossing","White","Male",23,"20-24","No",NA,"51-55 mph","O: No Injury","White","Male","Pickup","No","01JUL2011","Friday","Motorist Left Turn / Merge",1,"Non-Intersection","July","B: Evident Injury",7020,"Motorist Left Turn - Opposite Direction",2011,"Yes","No","Dark - Roadway Not Lighted","Straight - Level","State Secondary Route","Dry","Two-Way, Not Divided","None","Driveway, Public","Smooth Asphalt",0,0,0,0,0,0,0,"2 lanes",2,0,NA,0,NA
6930,3138,"Apex","Wake","Piedmont","Commercial","Urban (>70% Developed)",NA,"Urban","30 - 35  MPH","Double Yellow Line, No Passing Zone","Clear","No",50,"50-59","No",NA,"With Traffic","B: Evident Injury","Travel Lane","White","Male",63,"60-69","No",NA,"0-5 mph","O: No Injury","White","Female","Passenger Car","No","04JUL2011","Monday","Bicyclist Overtaking Motorist",10,"Non-Intersection","July","B: Evident Injury",37680,"Bicyclist Overtaking - Other / Unknown",2011,"Yes","No","Daylight","Straight - Grade","Local Street","Dry","Two-Way, Not Divided","None","No Special Feature","Coarse Asphalt",0,0,0,0,0,0,0,"2 lanes",2,0,NA,0,NA
6931,3139,"Durham","Durham","Piedmont","Residential","Urban (>70% Developed)",NA,"Urban","5 - 15 MPH","Stop And Go Signal","Clear","No",21,"20-24","No",NA,"With Traffic","O: No Injury","Travel Lane","White","Male",29,"25-29","No",NA,"6-10 mph","O: No Injury","Black","Female","Passenger Car","No","05JUL2011","Tuesday","Motorist Right Turn / Merge",18,"Intersection","July","O: No Injury",66900,"Motorist Right Turn - Same Direction",2011,"No","No","Daylight","Straight - Grade","Local Street","Dry","Two-Way, Not Divided","None","Four-Way Intersection","Smooth Asphalt",0,0,0,0,0,0,0,"2 lanes",2,0,NA,0,NA
6932,3141,"Charlotte","Mecklenburg","Piedmont","Residential","Urban (>70% Developed)",NA,"Urban","30 - 35  MPH","No Control Present","Clear","No",40,"40-49","Yes",NA,"With Traffic","B: Evident Injury","Travel Lane","Hispanic","Male",29,"25-29","No",NA,"16-20 mph","O: No Injury","Hispanic","Male","Pickup","Yes","11JUN2011","Saturday","Loss of Control / Turning Error",13,"Non-Intersection","June","B: Evident Injury",48840,"Bicylist Lost Control - Alcohol / Drug Impairment",2011,"No","No","Daylight","Straight - Hillcrest","Local Street","Dry","Two-Way, Not Divided","None","No Special Feature","Smooth Asphalt",0,0,0,0,0,0,0,"2 lanes",2,0,NA,0,NA
6933,3142,"None - Rural Crash","Pasquotank","Coastal","Farms, Woods, Pastures","Rural (<30% Developed)",NA,"Rural","30 - 35  MPH","Double Yellow Line, No Passing Zone","Clear","No",14,"11-15","No",NA,"With Traffic","B: Evident Injury","Travel Lane","Black","Female",NA,NA,"Missing",NA,"46-50 mph","Unknown Injury","Unknown/Missing",NA,NA,"No","12JUN2011","Sunday","Motorist Overtaking Bicyclist",19,"Non-Intersection","June","B: Evident Injury",68940,"Motorist Overtaking - Other / Unknown",2011,"Yes","Yes","Daylight","Straight - Level","State Secondary Route","Dry","Two-Way, Not Divided","None","Bridge","Smooth Asphalt",0,0,0,0,0,0,0,"2 lanes",2,0,NA,0,NA
6934,3148,"Winston-Salem","Forsyth","Piedmont","Residential","Urban (>70% Developed)",NA,"Urban","30 - 35  MPH","No Control Present","Clear","No",21,"20-24","No",NA,"With Traffic","C: Possible Injury","Travel Lane","Black","Male",NA,NA,"Missing",NA,"21-25 mph","Unknown Injury","Unknown/Missing",NA,"Passenger Car","No","14JUN2011","Tuesday","Motorist Overtaking Bicyclist",22,"Intersection","June","C: Possible Injury",80160,"Motorist Overtaking - Other / Unknown",2011,"Yes","Yes","Dark - Lighted Roadway","Straight - Grade","Local Street","Dry","Two-Way, Not Divided","None","Four-Way Intersection","Coarse Asphalt",0,0,0,0,0,0,0,"4 lanes",2,0,NA,0,NA
6935,3157,"Charlotte","Mecklenburg","Piedmont","Commercial","Urban (>70% Developed)",NA,"Urban","5 - 15 MPH","No Control Present","Clear","No",51,"50-59","Yes",NA,"Not Applicable","B: Evident Injury","Non-Roadway","Black","Male",48,"40-49","No",NA,"0-5 mph","O: No Injury","Black","Male","Sport Utility","Yes","16JUN2011","Thursday","Non-Roadway",19,"Non-Roadway","June","B: Evident Injury",71040,"Non-Roadway",2011,"Yes","No","Daylight","Other","Public Vehicular Area","Dry",NA,"None","Driveway, Private","Concrete",0,0,0,0,0,0,0,NA,2,0,NA,0,NA
6936,3165,"Wilmington","New Hanover","Coastal","Residential","Urban (>70% Developed)",NA,"Urban","30 - 35  MPH","Stop Sign","Clear","No",NA,"70+","No",NA,"Facing Traffic","B: Evident Injury","Travel Lane","White","Male",21,"20-24","No",NA,"0-5 mph","O: No Injury","Black","Male","Passenger Car","No","15JUN2011","Wednesday","Motorist Failed to Yield - Sign-Controlled Intersection",18,"Intersection","June","B: Evident Injury",64920,"Motorist Drive Out - Sign-Controlled Intersection",2011,"Yes","No","Daylight","Straight - Level","Local Street","Dry","Two-Way, Not Divided","None","Four-Way Intersection","Smooth Asphalt",0,0,0,0,0,0,0,"3 lanes",2,0,NA,0,NA
6937,3168,"Charlotte","Mecklenburg","Piedmont","Residential","Urban (>70% Developed)",NA,"Urban","30 - 35  MPH","Stop Sign","Clear","No",47,"40-49","No",NA,"With Traffic","B: Evident Injury","Travel Lane","White","Male",34,"30-39","No",NA,"26-30 mph","O: No Injury","White","Male","Passenger Car","No","20JUN2011","Monday","Bicyclist Failed to Yield - Sign-Controlled Intersection",19,"Intersection","June","B: Evident Injury",70080,"Bicyclist Ride Out - Sign-Controlled Intersection",2011,"No","No","Daylight","Straight - Level","Local Street","Dry","Two-Way, Divided, Positive Median Barrier","None","No Special Feature","Smooth Asphalt",0,0,0,0,0,0,0,"4 lanes",2,0,NA,0,NA
6938,3170,"Winston-Salem","Forsyth","Piedmont","Commercial","Urban (>70% Developed)",NA,"Urban","30 - 35  MPH","Stop And Go Signal","Cloudy","No",42,"40-49","Yes",NA,"Facing Traffic","B: Evident Injury","Travel Lane","Black","Male",42,"40-49","No",NA,"0-5 mph","O: No Injury","Black","Male","Pickup","Yes","23JUN2011","Thursday","Head-On",14,"Intersection-Related","June","B: Evident Injury",51540,"Head-On - Bicyclist",2011,"Yes","No","Daylight","Curve - Hillcrest","Local Street","Dry","Two-Way, Not Divided","None","No Special Feature","Smooth Asphalt",0,0,0,0,0,0,0,"2 lanes",2,0,NA,0,NA
6939,3174,"Carolina Beach","New Hanover","Coastal","Residential","Urban (>70% Developed)",NA,"Urban","30 - 35  MPH","No Control Present","Clear","No",15,"11-15","No",NA,"Facing Traffic","B: Evident Injury","Travel Lane","White","Male",58,"50-59","No",NA,"0-5 mph","O: No Injury","White","Male","Sport Utility","No","18JUN2011","Saturday","Motorist Left Turn / Merge",14,"Non-Intersection","June","B: Evident Injury",51600,"Motorist Left Turn - Opposite Direction",2011,"Yes","No","Daylight","Straight - Level","US Route","Dry","Two-Way, Divided, Unprotected Median","None","No Special Feature","Coarse Asphalt",0,0,0,0,0,0,0,"2 lanes",2,0,NA,0,NA
6940,3175,"Carolina Beach","New Hanover","Coastal","Residential","Urban (>70% Developed)",NA,"Urban","20 - 25  MPH","Stop Sign","Clear","No",36,"30-39","Yes",NA,"With Traffic","B: Evident Injury","Travel Lane","White","Male",60,"60-69","No",NA,"0-5 mph","O: No Injury","White","Female","Passenger Car","Yes","04JUN2011","Saturday","Bicyclist Left Turn / Merge",18,"Intersection-Related","June","B: Evident Injury",65160,"Bicyclist Left Turn - Same Direction",2011,"No","No","Dawn","Straight - Level","Local Street","Dry","Two-Way, Divided, Positive Median Barrier","None","T-Intersection","Coarse Asphalt",0,0,0,0,0,0,0,"2 lanes",2,0,NA,0,NA
6941,3180,"None - Rural Crash","Pitt","Coastal","Farms, Woods, Pastures","Rural (<30% Developed)",NA,"Rural","40 - 45  MPH","No Control Present","Clear","No",48,"40-49","Yes",NA,"With Traffic","O: No Injury","Travel Lane","Black","Male",37,"30-39","No",NA,"41-45 mph","O: No Injury","Black","Female","Passenger Car","Yes","14JUL2011","Thursday","Motorist Overtaking Bicyclist",21,"Non-Intersection","July","O: No Injury",78060,"Motorist Overtaking - Undetected Bicyclist",2011,"No","No","Dark - Roadway Not Lighted","Straight - Level","State Secondary Route","Dry","Two-Way, Not Divided","None","No Special Feature","Coarse Asphalt",0,0,0,0,0,0,0,"2 lanes",2,0,NA,0,NA
6942,3185,"None - Rural Crash","Lee","Piedmont","Farms, Woods, Pastures","Rural (<30% Developed)",NA,"Rural","50 - 55  MPH","Double Yellow Line, No Passing Zone","Clear","No",48,"40-49","No",NA,"With Traffic","C: Possible Injury","Travel Lane","White","Female",NA,"70+","No",NA,"26-30 mph","O: No Injury","White","Male","Pickup","No","16JUL2011","Saturday","Motorist Overtaking Bicyclist",11,"Non-Intersection","July","C: Possible Injury",41400,"Motorist Overtaking - Misjudged Space",2011,"No","No","Daylight","Straight - Grade","State Secondary Route","Dry","Two-Way, Not Divided","None","No Special Feature","Smooth Asphalt",0,0,0,0,0,0,0,"2 lanes",2,0,NA,0,NA