"...1","object_id","city","county","region","development","locality","on_road","rural_urban","speed_limit","traffic_control","weather","workzone","bike_age","bike_age_group","bike_alcohol","bike_alcohol_drugs","bike_direction","bike_injury","bike_position","bike_race","bike_sex","driver_age","driver_age_group","driver_alcohol","driver_alcohol_drugs","driver_est_speed","driver_injury","driver_race","driver_sex","driver_vehicle_type","crash_alcohol","crash_date","crash_day","crash_group","crash_hour","crash_location","crash_month","crash_severity","crash_time","crash_type","crash_year","ambulance_req","hit_run","light_condition","road_character","road_class","road_condition","road_configuration","road_defects","road_feature","road_surface","num_bikes_ai","num_bikes_bi","num_bikes_ci","num_bikes_ki","num_bikes_no","num_bikes_to","num_bikes_ui","num_lanes","num_units","distance_mi_from","frm_road","rte_invd_cd","towrd_road"
6943,3190,"Wilmington","New Hanover","Coastal","Commercial","Urban (>70% Developed)",NA,"Urban","30 - 35  MPH","Stop And Go Signal","Clear","No",18,"16-19","No",NA,"With Traffic","B: Evident Injury","Sidewalk / Crosswalk / Driveway Crossing","White","Male",27,"25-29","No",NA,"11-15 mph","O: No Injury","White","Male","Passenger Car","No","28JUN2011","Tuesday","Motorist Right Turn / Merge",16,"Intersection","June","B: Evident Injury",57900,"Motorist Right Turn on Red - Same Direction",2011,"Yes","No","Daylight","Straight - Level","Local Street","Dry","Two-Way, Divided, Positive Median Barrier","None","Four-Way Intersection","Coarse Asphalt",0,0,0,0,0,0,0,"6 lanes",2,0,NA,0,NA
6944,3191,"Durham","Durham","Piedmont","Commercial","Urban (>70% Developed)",NA,"Urban","40 - 45  MPH","Stop And Go Signal","Clear","No",43,"40-49","No",NA,"With Traffic","B: Evident Injury","Travel Lane","White","Female",NA,NA,"Missing",NA,"21-25 mph","Unknown Injury","Unknown/Missing",NA,"Sport Utility","No","19JUL2011","Tuesday","Motorist Left Turn / Merge",18,"Intersection","July","B: Evident Injury",67740,"Motorist Left Turn - Opposite Direction",2011,"Yes","Yes","Daylight","Straight - Level","Local Street","Dry","Two-Way, Not Divided","None","Four-Way Intersection","Smooth Asphalt",0,0,0,0,0,0,0,"5 lanes",2,0,NA,0,NA
6945,3193,"None - Rural Crash","Jones","Coastal","Farms, Woods, Pastures","Rural (<30% Developed)",NA,"Rural","50 - 55  MPH","Double Yellow Line, No Passing Zone","Clear","No",47,"40-49","Yes",NA,"With Traffic","C: Possible Injury","Travel Lane","White","Male",34,"30-39","No",NA,"46-50 mph","O: No Injury","Other","Male","Sport Utility","Yes","11JUL2011","Monday","Motorist Overtaking Bicyclist",16,"Non-Intersection","July","C: Possible Injury",60960,"Motorist Overtaking - Other / Unknown",2011,"Yes","No","Daylight","Straight - Level","US Route","Dry","Two-Way, Not Divided","None","No Special Feature","Coarse Asphalt",0,0,0,0,0,0,0,"2 lanes",2,0,NA,0,NA
6946,3199,"Waxhaw","Union","Piedmont","Farms, Woods, Pastures","Mixed (30% To 70% Developed)",NA,"Rural","40 - 45  MPH","Stop And Go Signal","Clear","No",51,"50-59","No",NA,"With Traffic","B: Evident Injury","Travel Lane","White","Male",42,"40-49","No",NA,"41-45 mph","O: No Injury","White","Male","Sport Utility","No","02JUL2011","Saturday","Loss of Control / Turning Error",7,"Intersection","July","B: Evident Injury",27660,"Motorist Turning Error - Left Turn",2011,"Yes","No","Daylight","Straight - Grade","Local Street","Dry","Two-Way, Divided, Unprotected Median","None","Four-Way Intersection","Smooth Asphalt",0,0,0,0,0,0,0,"4 lanes",2,0,NA,0,NA
6947,3203,"Charlotte","Mecklenburg","Piedmont","Commercial","Urban (>70% Developed)",NA,"Urban","40 - 45  MPH","Stop Sign","Clear","No",57,"50-59","No",NA,"With Traffic","B: Evident Injury","Travel Lane","White","Male",52,"50-59","No",NA,"11-15 mph","O: No Injury","White","Female","Light Truck (Mini-Van, Panel)","No","04JUL2011","Monday","Motorist Failed to Yield - Midblock",13,"Non-Intersection","July","B: Evident Injury",49800,"Motorist Drive Out - Commercial Driveway / Alley",2011,"Yes","No","Daylight","Straight - Level","Local Street","Dry","Two-Way, Not Divided","None","Bridge","Smooth Asphalt",0,0,0,0,0,0,0,"2 lanes",2,0,NA,0,NA
6948,3207,"None - Rural Crash","Edgecombe","Coastal","Farms, Woods, Pastures","Mixed (30% To 70% Developed)",NA,"Rural","50 - 55  MPH","No Control Present","Cloudy","No",55,"50-59","No",NA,"With Traffic","A: Disabling Injury","Travel Lane","Black","Male",NA,"70+","No",NA,"51-55 mph","O: No Injury","White","Male","Pickup","No","24JUL2011","Sunday","Motorist Overtaking Bicyclist",6,"Non-Intersection","July","A: Disabling Injury",22260,"Motorist Overtaking - Other / Unknown",2011,"Yes","No","Dawn","Straight - Level","NC Route","Dry","Two-Way, Not Divided","None","No Special Feature","Coarse Asphalt",0,0,0,0,0,0,0,"2 lanes",2,0,NA,0,NA
6949,3209,"None - Rural Crash","Currituck","Coastal","Farms, Woods, Pastures","Rural (<30% Developed)",NA,"Rural","50 - 55  MPH","No Control Present","Clear","No",50,"50-59","No",NA,"With Traffic","B: Evident Injury","Travel Lane","White","Female",46,"40-49","No",NA,"51-55 mph","O: No Injury","White","Male","Single Unit Truck (2-Axle, 6-Tire)","No","23JUL2011","Saturday","Motorist Overtaking Bicyclist",5,"Non-Intersection","July","B: Evident Injury",20460,"Motorist Overtaking - Undetected Bicyclist",2011,"Yes","No","Dark - Roadway Not Lighted","Straight - Level","US Route","Dry","Two-Way, Not Divided","None","No Special Feature","Coarse Asphalt",0,0,0,0,0,0,0,"2 lanes",2,0,NA,0,NA
6950,3229,"Cary","Wake","Piedmont","Commercial","Urban (>70% Developed)",NA,"Urban",NA,"Stop Sign","Clear","No",17,"16-19","No",NA,"With Traffic","O: No Injury","Travel Lane","Other","Male",NA,NA,"Missing",NA,NA,"Unknown Injury","Unknown/Missing",NA,NA,"No","29JUN2011","Wednesday","Motorist Failed to Yield - Sign-Controlled Intersection",16,"Intersection","June","O: No Injury",57780,"Motorist Drive Out - Sign-Controlled Intersection",2011,"No","Yes","Dawn","Straight - Grade","Public Vehicular Area","Dry","Two-Way, Divided, Positive Median Barrier","None","No Special Feature","Smooth Asphalt",0,0,0,0,0,0,0,NA,2,0,NA,0,NA
6951,3232,"None - Rural Crash","Hyde","Coastal","Commercial","Urban (>70% Developed)",NA,"Rural","20 - 25  MPH","No Control Present","Clear","No",38,"30-39","No",NA,"Not Applicable","C: Possible Injury","Driveway / Alley","White","Male",62,"60-69","No",NA,"16-20 mph","B: Evident Injury","White","Male","Motorcycle","No","21JUL2011","Thursday","Bicyclist Failed to Yield - Midblock",12,"Non-Intersection","July","B: Evident Injury",43380,"Bicyclist Ride Out - Residential Driveway",2011,"No","No","Daylight","Straight - Level","Local Street","Dry","Two-Way, Not Divided","None","No Special Feature","Smooth Asphalt",0,0,0,0,0,0,0,"2 lanes",2,0,NA,0,NA
6952,3233,"None - Rural Crash","New Hanover","Coastal","Residential","Urban (>70% Developed)",NA,"Rural","30 - 35  MPH","No Control Present","Clear","No",18,"16-19","No",NA,"With Traffic","B: Evident Injury","Travel Lane","White","Male",NA,"70+","No",NA,"0-5 mph","O: No Injury","White","Female","Passenger Car","No","30JUL2011","Saturday","Backing Vehicle",17,"Non-Intersection","July","B: Evident Injury",63600,"Backing Vehicle",2011,"Yes","No","Daylight","Curve - Level","State Secondary Route","Dry","Two-Way, Not Divided","None","Driveway, Private","Coarse Asphalt",0,0,0,0,0,0,0,"2 lanes",2,0,NA,0,NA
6953,3239,"Pinehurst","Moore","Piedmont","Commercial","Mixed (30% To 70% Developed)",NA,"Urban","20 - 25  MPH","Stop Sign","Clear","No",37,"30-39","No",NA,"With Traffic","C: Possible Injury","Travel Lane","White","Male",52,"50-59","No",NA,"0-5 mph","O: No Injury","Black","Male","Passenger Car","No","16JUL2011","Saturday","Motorist Left Turn / Merge",9,"Intersection","July","C: Possible Injury",34500,"Motorist Left Turn - Opposite Direction",2011,"Yes","No","Daylight","Straight - Level","Local Street","Dry","Two-Way, Not Divided","None","Driveway, Public","Smooth Asphalt",0,0,0,0,0,0,0,"2 lanes",2,0,NA,0,NA
6954,3240,"Charlotte","Mecklenburg","Piedmont","Commercial","Urban (>70% Developed)",NA,"Urban","30 - 35  MPH","Stop Sign","Clear","No",37,"30-39","No",NA,"With Traffic","Unknown Injury","Travel Lane","Unknown/Missing","Female",NA,NA,"Missing",NA,"6-10 mph","Unknown Injury","Unknown/Missing",NA,NA,"No","17JUL2011","Sunday","Motorist Failed to Yield - Sign-Controlled Intersection",1,"Intersection","July","Unknown Injury",3780,"Motorist Drive Out - Sign-Controlled Intersection",2011,"No","Yes","Dark - Unknown Lighting","Straight - Level","Local Street","Dry","Two-Way, Not Divided","None","Four-Way Intersection","Smooth Asphalt",0,0,0,0,0,0,0,"8 lanes",2,0,NA,0,NA
6955,3252,"Charlotte","Mecklenburg","Piedmont","Commercial","Urban (>70% Developed)",NA,"Urban","40 - 45  MPH","No Control Present","Rain","No",31,"30-39","No",NA,"With Traffic","A: Disabling Injury","Travel Lane","White","Male",42,"40-49","Yes",NA,"0-5 mph","O: No Injury","Black","Male","Sport Utility","Yes","07JUL2011","Thursday","Motorist Overtaking Bicyclist",21,"Non-Intersection","July","A: Disabling Injury",75900,"Motorist Overtaking - Misjudged Space",2011,"Yes","Yes","Dark - Lighted Roadway","Straight - Level","State Secondary Route","Wet","Two-Way, Divided, Positive Median Barrier","None","No Special Feature","Smooth Asphalt",0,0,0,0,0,0,0,"6 lanes",2,0,NA,0,NA
6956,3258,"High Point","Guilford","Piedmont","Commercial","Urban (>70% Developed)",NA,"Urban","30 - 35  MPH","No Control Present","Cloudy","No",61,"60-69","No",NA,"Not Applicable","C: Possible Injury","Non-Roadway","Black","Male",37,"30-39","No",NA,"6-10 mph","O: No Injury","White","Female","Sport Utility","No","23JUL2011","Saturday","Bicyclist Failed to Yield - Midblock",16,"Non-Intersection","July","C: Possible Injury",59580,"Bicyclist Ride Out - Commercial Driveway / Alley",2011,"Yes","No","Daylight","Straight - Level","Local Street","Dry","Two-Way, Not Divided","None","No Special Feature","Coarse Asphalt",0,0,0,0,0,0,0,"4 lanes",2,0,NA,0,NA
6957,3259,"Edenton","Chowan","Coastal","Residential","Urban (>70% Developed)",NA,"Urban","30 - 35  MPH","Flashing Signal With Stop Sign","Clear","No",55,"50-59","Yes",NA,"With Traffic","C: Possible Injury","Sidewalk / Crosswalk / Driveway Crossing","Black","Male",54,"50-59","No",NA,"31-35 mph","O: No Injury","White","Female","Sport Utility","Yes","23JUL2011","Saturday","Bicyclist Failed to Yield - Sign-Controlled Intersection",2,"Intersection","July","C: Possible Injury",10260,"Bicyclist Ride Through - Sign-Controlled Intersection",2011,"Yes","No","Daylight","Straight - Level","Local Street","Dry","Two-Way, Divided, Unprotected Median","None","Four-Way Intersection","Coarse Asphalt",0,0,0,0,0,0,0,"2 lanes",2,0,NA,0,NA
6958,3271,"Charlotte","Mecklenburg","Piedmont","Residential","Rural (<30% Developed)",NA,"Urban","30 - 35  MPH","Stop Sign","Clear","No",15,"11-15","Yes",NA,"With Traffic","B: Evident Injury","Travel Lane","Black","Male",20,"20-24","No",NA,"0-5 mph","O: No Injury","Black","Male","Sport Utility","Yes","01AUG2011","Monday","Motorist Right Turn / Merge",20,"Intersection","August","B: Evident Injury",73800,"Motorist Right Turn - Same Direction",2011,"Yes","No","Dawn","Straight - Level","Local Street","Dry","Two-Way, Not Divided","None","No Special Feature","Smooth Asphalt",0,0,0,0,0,0,0,"2 lanes",2,0,NA,0,NA
6959,3279,"None - Rural Crash","Union","Piedmont","Farms, Woods, Pastures","Rural (<30% Developed)",NA,"Rural","40 - 45  MPH","Stop Sign","Clear","No",45,"40-49","No",NA,"With Traffic","B: Evident Injury","Travel Lane","White","Female",34,"30-39","No",NA,"0-5 mph","O: No Injury","White","Male","Pickup","No","11AUG2011","Thursday","Motorist Failed to Yield - Sign-Controlled Intersection",12,"Intersection","August","B: Evident Injury",45180,"Motorist Drive Out - Sign-Controlled Intersection",2011,"Yes","No","Daylight","Straight - Level","State Secondary Route","Dry","Two-Way, Not Divided","None","Four-Way Intersection","Coarse Asphalt",0,0,0,0,0,0,0,"2 lanes",2,0,NA,0,NA
6960,3294,"Winston-Salem","Forsyth","Piedmont","Commercial","Urban (>70% Developed)",NA,"Urban","40 - 45  MPH","Stop And Go Signal","Clear","No",25,"25-29","No",NA,"With Traffic","B: Evident Injury","Travel Lane","White","Male",NA,NA,"No",NA,"31-35 mph","Unknown Injury","Unknown/Missing",NA,NA,"No","08AUG2011","Monday","Motorist Failed to Yield - Signalized Intersection",9,"Intersection","August","B: Evident Injury",34620,"Motorist Drive Through - Signalized Intersection",2011,"Yes","Yes","Daylight","Straight - Level","Local Street","Dry","Two-Way, Not Divided","None","Four-Way Intersection","Smooth Asphalt",0,0,0,0,0,0,0,"3 lanes",2,0,NA,0,NA
6961,3295,"Charlotte","Mecklenburg","Piedmont","Commercial","Urban (>70% Developed)",NA,"Urban","30 - 35  MPH","No Control Present","Clear","No",20,"20-24","No",NA,"Facing Traffic","C: Possible Injury","Bike Lane / Paved Shoulder","Black","Male",57,"50-59","No",NA,"0-5 mph","O: No Injury","White","Female","Sport Utility","No","08AUG2011","Monday","Motorist Failed to Yield - Midblock",15,"Non-Intersection","August","C: Possible Injury",54000,"Motorist Drive Out - Commercial Driveway / Alley",2011,"Yes","No","Daylight","Straight - Level","Public Vehicular Area","Dry","Two-Way, Not Divided","None","Driveway, Public","Concrete",0,0,0,0,0,0,0,NA,2,0,NA,0,NA
6962,3301,"Winston-Salem","Forsyth","Piedmont","Residential","Urban (>70% Developed)",NA,"Urban","30 - 35  MPH","Stop Sign","Clear","No",15,"11-15","No",NA,"Facing Traffic","C: Possible Injury","Travel Lane","Black","Male",50,"50-59","No",NA,"0-5 mph","O: No Injury","Black","Female","Passenger Car","No","04AUG2011","Thursday","Motorist Failed to Yield - Sign-Controlled Intersection",12,"Intersection","August","C: Possible Injury",46440,"Motorist Drive Out - Sign-Controlled Intersection",2011,"No","No","Daylight","Straight - Level","Local Street","Dry","Two-Way, Divided, Unprotected Median","None","No Special Feature","Smooth Asphalt",0,0,0,0,0,0,0,"2 lanes",2,0,NA,0,NA
6963,3303,"Charlotte","Mecklenburg","Piedmont","Residential","Rural (<30% Developed)",NA,"Urban","20 - 25  MPH","No Control Present","Clear","No",12,"11-15","No",NA,"With Traffic","C: Possible Injury","Travel Lane","Hispanic","Male",53,"50-59","No",NA,"6-10 mph","O: No Injury","White","Male","Passenger Car","No","10AUG2011","Wednesday","Loss of Control / Turning Error",19,"Intersection","August","C: Possible Injury",70620,"Motorist Turning Error - Left Turn",2011,"No","No","Daylight","Straight - Level","Local Street","Dry","Two-Way, Not Divided","None","No Special Feature","Smooth Asphalt",0,0,0,0,0,0,0,"2 lanes",2,0,NA,0,NA
6964,3314,"Cary","Wake","Piedmont","Residential","Urban (>70% Developed)",NA,"Urban",NA,"Stop Sign","Clear","No",13,"11-15","No",NA,"With Traffic","O: No Injury","Travel Lane","White","Male",NA,NA,"Missing",NA,NA,"Unknown Injury","Unknown/Missing",NA,NA,"No","02AUG2011","Tuesday","Motorist Failed to Yield - Sign-Controlled Intersection",17,"Intersection","August","O: No Injury",61200,"Motorist Drive Out - Sign-Controlled Intersection",2011,"No","Yes","Daylight","Straight - Grade","Public Vehicular Area","Dry","Two-Way, Not Divided","None","T-Intersection","Smooth Asphalt",0,0,0,0,0,0,0,NA,2,0,NA,0,NA
6965,3315,"Gastonia","Gaston","Piedmont","Residential","Urban (>70% Developed)",NA,"Urban","30 - 35  MPH","No Control Present","Clear","No",10,"6-10","No",NA,"With Traffic","B: Evident Injury","Travel Lane","Black","Male",63,"60-69","No",NA,"26-30 mph","O: No Injury","White","Male","Pickup","No","01AUG2011","Monday","Bicyclist Left Turn / Merge",14,"Non-Intersection","August","B: Evident Injury",51900,"Bicyclist Left Turn - Opposite Direction",2011,"Yes","No","Daylight","Straight - Level","State Secondary Route","Dry","Two-Way, Not Divided","None","No Special Feature","Smooth Asphalt",0,0,0,0,0,0,0,"2 lanes",2,0,NA,0,NA
6966,3317,"Greenville","Pitt","Coastal","Institutional","Mixed (30% To 70% Developed)",NA,"Urban","5 - 15 MPH","No Control Present","Clear","No",18,"16-19","No",NA,"Not Applicable","C: Possible Injury",NA,"Black","Male",49,"40-49","No",NA,"6-10 mph","O: No Injury","White","Female","Van","No","12AUG2011","Friday","Bicyclist Failed to Yield - Midblock",12,"Non-Intersection","August","C: Possible Injury",45720,"Bicyclist Ride Out - Other Midblock",2011,"Yes","No","Daylight","Straight - Level","Local Street","Dry","One-Way, Not Divided","None","No Special Feature","Smooth Asphalt",0,0,0,0,0,0,0,"1 lane",2,0,NA,0,NA
6967,3318,"Mooresville","Iredell","Piedmont","Commercial","Urban (>70% Developed)",NA,"Urban","30 - 35  MPH","Stop And Go Signal","Clear","No",9,"6-10","No",NA,"Facing Traffic","O: No Injury","Travel Lane","White","Male",61,"60-69","No",NA,"0-5 mph","O: No Injury","White","Male","Passenger Car","No","12AUG2011","Friday","Crossing Paths - Other Circumstances",15,"Intersection","August","O: No Injury",56400,"Signalized Intersection - Other / Unknown",2011,"No","No","Daylight","Straight - Level","Local Street","Dry","Two-Way, Not Divided","None","Four-Way Intersection","Smooth Asphalt",0,0,0,0,0,0,0,"3 lanes",2,0,NA,0,NA
6968,3319,"Greensboro","Guilford","Piedmont","Residential","Urban (>70% Developed)",NA,"Urban","30 - 35  MPH","Stop Sign","Clear","No",11,"11-15","No",NA,"With Traffic","C: Possible Injury","Sidewalk / Crosswalk / Driveway Crossing","Black","Female",NA,"70+","No",NA,NA,"O: No Injury","Black","Male","Pickup","No","17AUG2011","Wednesday","Loss of Control / Turning Error",20,"Intersection","August","C: Possible Injury",72180,"Bicyclist Lost Control - Mechanical Problems",2011,"Yes","No","Daylight","Straight - Hillcrest","Local Street","Dry","Two-Way, Divided, Unprotected Median","None","No Special Feature","Coarse Asphalt",0,0,0,0,0,0,0,"2 lanes",2,0,NA,0,NA
6969,3327,"Greensboro","Guilford","Piedmont","Commercial","Urban (>70% Developed)",NA,"Urban","30 - 35  MPH","Stop And Go Signal","Clear","No",NA,NA,"Missing",NA,"With Traffic","Unknown Injury","Travel Lane","Unknown/Missing",NA,NA,NA,"No",NA,"6-10 mph","Unknown Injury","Unknown/Missing",NA,"Truck/Trailer","No","16AUG2011","Tuesday","Motorist Right Turn / Merge",21,"Intersection","August","Unknown Injury",75900,"Motorist Right Turn - Same Direction",2011,"No","Yes","Dark - Lighted Roadway","Straight - Level","Local Street","Dry","Two-Way, Not Divided","None","No Special Feature","Smooth Asphalt",0,0,0,0,0,0,0,"3 lanes",2,0,NA,0,NA
6970,3328,"Charlotte","Mecklenburg","Piedmont","Commercial","Urban (>70% Developed)",NA,"Urban","40 - 45  MPH","No Control Present","Clear","No",25,"25-29","No",NA,"With Traffic","B: Evident Injury","Sidewalk / Crosswalk / Driveway Crossing","Hispanic","Male",20,"20-24","No",NA,"16-20 mph","O: No Injury","White","Female","Passenger Car","No","22AUG2011","Monday","Parallel Paths - Other Circumstances",19,"Intersection-Related","August","B: Evident Injury",70500,"Bicyclist Ride Out - Parallel Path",2011,"Yes","No","Daylight","Straight - Level","Local Street","Dry","Two-Way, Divided, Unprotected Median","None","No Special Feature","Smooth Asphalt",0,0,0,0,0,0,0,"6 lanes",2,0,NA,0,NA
6971,3331,"Charlotte","Mecklenburg","Piedmont","Commercial","Urban (>70% Developed)",NA,"Urban","30 - 35  MPH","Stop And Go Signal","Clear","No",27,"25-29","No",NA,"With Traffic","B: Evident Injury","Travel Lane","White","Female",NA,"70+","No",NA,"0-5 mph","O: No Injury","White","Male","Passenger Car","No","23AUG2011","Tuesday","Bicyclist Failed to Yield - Signalized Intersection",19,"Intersection","August","B: Evident Injury",70380,"Bicyclist Ride Through - Signalized Intersection",2011,"Yes","No","Daylight","Straight - Level","Local Street","Dry","Two-Way, Divided, Unprotected Median","None","No Special Feature","Smooth Asphalt",0,0,0,0,0,0,0,"5 lanes",2,0,NA,0,NA
6972,3335,"None - Rural Crash","Dare","Coastal","Commercial","Urban (>70% Developed)",NA,"Rural",NA,"No Control Present","Clear","No",20,"20-24","No",NA,"Facing Traffic","B: Evident Injury","Sidewalk / Crosswalk / Driveway Crossing","White","Female",29,"25-29","No",NA,NA,"O: No Injury","White","Female","Passenger Car","No","20AUG2011","Saturday","Motorist Failed to Yield - Midblock",11,"Non-Intersection","August","B: Evident Injury",41880,"Motorist Drive Out - Commercial Driveway / Alley",2011,"Yes","No","Daylight","Straight - Level","NC Route","Dry","Two-Way, Divided, Unprotected Median","Obstruction In Roadway","T-Intersection","Coarse Asphalt",0,0,0,0,0,0,0,"3 lanes",2,0,NA,0,NA
6973,3349,"Fayetteville","Cumberland","Coastal","Commercial","Urban (>70% Developed)",NA,"Urban","30 - 35  MPH","No Control Present","Clear","No",31,"30-39","No",NA,"Facing Traffic","O: No Injury","Sidewalk / Crosswalk / Driveway Crossing","White","Male",66,"60-69","No",NA,"6-10 mph","O: No Injury","Black","Female","Passenger Car","No","01SEP2011","Thursday","Motorist Failed to Yield - Midblock",15,"Non-Intersection","September","O: No Injury",55980,"Motorist Drive Out - Commercial Driveway / Alley",2011,"No","No","Daylight","Straight - Level","Public Vehicular Area","Dry","Two-Way, Not Divided","None","No Special Feature","Coarse Asphalt",0,0,0,0,0,0,0,NA,2,0,NA,0,NA
6974,3359,"Raleigh","Wake","Piedmont","Institutional","Urban (>70% Developed)",NA,"Urban","5 - 15 MPH","Stop Sign","Clear","No",20,"20-24","No",NA,NA,"B: Evident Injury","Travel Lane","White","Male",21,"20-24","No",NA,"0-5 mph","O: No Injury","Black","Male","Passenger Car","No","31AUG2011","Wednesday","Motorist Failed to Yield - Sign-Controlled Intersection",20,"Intersection","August","B: Evident Injury",75240,"Motorist Drive Out - Sign-Controlled Intersection",2011,"Yes","No","Dark - Lighted Roadway","Straight - Level","Local Street","Dry","Two-Way, Not Divided","None","Four-Way Intersection","Smooth Asphalt",0,0,0,0,0,0,0,"2 lanes",2,0,NA,0,NA
6975,3362,"Raleigh","Wake","Piedmont","Residential","Mixed (30% To 70% Developed)",NA,"Urban","40 - 45  MPH","No Control Present","Clear","Yes",20,"20-24","No",NA,"Facing Traffic","C: Possible Injury","Sidewalk / Crosswalk / Driveway Crossing","Black","Female",54,"50-59","No",NA,"31-35 mph","O: No Injury","Black","Male","Passenger Car","No","30AUG2011","Tuesday","Motorist Failed to Yield - Midblock",21,"Non-Intersection","August","C: Possible Injury",77460,"Motorist Drive Out - Commercial Driveway / Alley",2011,"Yes","No","Dark - Roadway Not Lighted","Straight - Level","Local Street","Dry","Two-Way, Not Divided","None","No Special Feature","Smooth Asphalt",0,0,0,0,0,0,0,"2 lanes",2,0,NA,0,NA
6976,3369,"Charlotte","Mecklenburg","Piedmont","Commercial","Mixed (30% To 70% Developed)",NA,"Urban","40 - 45  MPH","Stop Sign","Cloudy","No",57,"50-59","No",NA,"With Traffic","B: Evident Injury","Travel Lane","Other","Male",52,"50-59","No",NA,"36-40 mph","O: No Injury","Black","Male","Van","No","02SEP2011","Friday","Bicyclist Failed to Yield - Sign-Controlled Intersection",19,"Intersection","September","B: Evident Injury",68940,"Bicyclist Ride Through - Sign-Controlled Intersection",2011,"Yes","No","Daylight","Straight - Level","Local Street","Dry","Two-Way, Not Divided","None","No Special Feature","Smooth Asphalt",0,0,0,0,0,0,0,"4 lanes",2,0,NA,0,NA
6977,3371,"None - Rural Crash","Buncombe","Mountains","Residential","Urban (>70% Developed)",NA,"Rural","20 - 25  MPH","Stop Sign","Clear","No",11,"11-15","No",NA,"With Traffic","C: Possible Injury","Travel Lane","White","Male",NA,"70+","No",NA,"11-15 mph","O: No Injury","White","Male","Passenger Car","No","09SEP2011","Friday","Bicyclist Failed to Yield - Sign-Controlled Intersection",18,"Intersection","September","C: Possible Injury",66480,"Bicyclist Ride Through - Sign-Controlled Intersection",2011,"No","No","Daylight","Curve - Grade","State Secondary Route","Dry","Two-Way, Not Divided","None","T-Intersection","Coarse Asphalt",0,0,0,0,0,0,0,"2 lanes",2,0,NA,0,NA
6978,3372,"None - Rural Crash","Randolph","Piedmont","Farms, Woods, Pastures","Mixed (30% To 70% Developed)",NA,"Rural","50 - 55  MPH","Double Yellow Line, No Passing Zone","Clear","No",59,"50-59","No",NA,"With Traffic","C: Possible Injury","Bike Lane / Paved Shoulder","White","Male",NA,NA,"No",NA,"51-55 mph","Unknown Injury","Unknown/Missing",NA,"Pickup","No","05SEP2011","Monday","Parallel Paths - Other Circumstances",12,"Non-Intersection","September","C: Possible Injury",45000,"Parallel Paths - Other / Unknown",2011,"No","Yes","Daylight","Straight - Level","State Secondary Route","Dry","Two-Way, Not Divided","None","No Special Feature","Coarse Asphalt",0,0,0,0,0,0,0,"2 lanes",2,0,NA,0,NA
6979,3376,"None - Rural Crash","Onslow","Coastal","Farms, Woods, Pastures","Rural (<30% Developed)",NA,"Rural","40 - 45  MPH","Double Yellow Line, No Passing Zone","Cloudy","No",64,"60-69","No",NA,"With Traffic","C: Possible Injury","Travel Lane","White","Male",NA,"70+","No",NA,"31-35 mph","O: No Injury","White","Female","Passenger Car","No","07SEP2011","Wednesday","Bicyclist Left Turn / Merge",15,"Non-Intersection","September","C: Possible Injury",54660,"Bicyclist Left Turn - Same Direction",2011,"Yes","No","Daylight","Straight - Level","NC Route","Dry","Two-Way, Not Divided","None","No Special Feature","Coarse Asphalt",0,0,0,0,0,0,0,"2 lanes",2,0,NA,0,NA
6980,3377,"Reidsville","Rockingham","Piedmont","Commercial","Urban (>70% Developed)",NA,"Urban","30 - 35  MPH","Stop And Go Signal","Clear","No",14,"11-15","No",NA,"With Traffic","B: Evident Injury","Travel Lane","Black","Male",54,"50-59","No",NA,"31-35 mph","O: No Injury","Black","Female","Passenger Car","No","09AUG2011","Tuesday","Bicyclist Failed to Yield - Signalized Intersection",15,"Intersection","August","B: Evident Injury",56880,"Bicyclist Ride Through - Signalized Intersection",2011,"Yes","No","Daylight","Straight - Level","Local Street","Dry","Two-Way, Not Divided","None","Four-Way Intersection","Smooth Asphalt",0,0,0,0,0,0,0,"2 lanes",2,0,NA,0,NA
6981,3381,"Henderson","Vance","Piedmont","Residential","Urban (>70% Developed)",NA,"Urban","30 - 35  MPH","Stop Sign","Clear","No",12,"11-15","No",NA,NA,"C: Possible Injury","Travel Lane","Black","Male",58,"50-59","No",NA,"16-20 mph","O: No Injury","Black","Male","Van","No","05SEP2011","Monday","Other / Unknown - Insufficient Details",17,"Intersection","September","C: Possible Injury",62520,"Unknown Approach Paths",2011,"Yes","No","Daylight","Straight - Level","Local Street","Dry","Two-Way, Not Divided","None","No Special Feature","Coarse Asphalt",0,0,0,0,0,0,0,"2 lanes",2,0,NA,0,NA
6982,3389,"Aberdeen","Moore","Piedmont","Commercial","Urban (>70% Developed)",NA,"Rural","40 - 45  MPH","No Control Present","Clear","No",13,"11-15","No",NA,"With Traffic","B: Evident Injury","Travel Lane","White","Male",29,"25-29","No",NA,"41-45 mph","O: No Injury","White","Male","Pickup","No","08SEP2011","Thursday","Crossing Paths - Other Circumstances",20,"Intersection-Related","September","B: Evident Injury",72300,"Crossing Paths - Uncontrolled Intersection",2011,"Yes","No","Dark - Lighted Roadway","Straight - Level","US Route","Dry","Two-Way, Divided, Unprotected Median","None","No Special Feature","Coarse Asphalt",0,0,0,0,0,0,0,"5 lanes",2,0,NA,0,NA