"...1","object_id","city","county","region","development","locality","on_road","rural_urban","speed_limit","traffic_control","weather","workzone","bike_age","bike_age_group","bike_alcohol","bike_alcohol_drugs","bike_direction","bike_injury","bike_position","bike_race","bike_sex","driver_age","driver_age_group","driver_alcohol","driver_alcohol_drugs","driver_est_speed","driver_injury","driver_race","driver_sex","driver_vehicle_type","crash_alcohol","crash_date","crash_day","crash_group","crash_hour","crash_location","crash_month","crash_severity","crash_time","crash_type","crash_year","ambulance_req","hit_run","light_condition","road_character","road_class","road_condition","road_configuration","road_defects","road_feature","road_surface","num_bikes_ai","num_bikes_bi","num_bikes_ci","num_bikes_ki","num_bikes_no","num_bikes_to","num_bikes_ui","num_lanes","num_units","distance_mi_from","frm_road","rte_invd_cd","towrd_road"
6983,3396,"None - Rural Crash","Wake","Piedmont","Residential","Urban (>70% Developed)",NA,"Rural","30 - 35  MPH","Double Yellow Line, No Passing Zone","Cloudy","No",48,"40-49","No",NA,"With Traffic","B: Evident Injury","Travel Lane","White","Male",44,"40-49","No",NA,"31-35 mph","O: No Injury","White","Female","Passenger Car","No","16SEP2011","Friday","Motorist Overtaking Bicyclist",19,"Non-Intersection","September","B: Evident Injury",70080,"Motorist Overtaking - Other / Unknown",2011,"Yes","No","Dark - Roadway Not Lighted","Straight - Level","State Secondary Route","Dry","Two-Way, Not Divided","None","No Special Feature","Coarse Asphalt",0,0,0,0,0,0,0,"2 lanes",2,0,NA,0,NA
6984,3400,"Charlotte","Mecklenburg","Piedmont","Commercial","Urban (>70% Developed)",NA,"Urban","30 - 35  MPH","Stop Sign","Clear","No",41,"40-49","No",NA,"With Traffic","C: Possible Injury","Travel Lane","White","Male",38,"30-39","No",NA,"0-5 mph","O: No Injury","Black","Male","Passenger Car","No","12SEP2011","Monday","Bicyclist Left Turn / Merge",15,"Intersection","September","C: Possible Injury",54180,"Bicyclist Left Turn - Same Direction",2011,"No","No","Daylight","Straight - Level","Local Street","Dry","Two-Way, Divided, Unprotected Median","None","T-Intersection","Smooth Asphalt",0,0,0,0,0,0,0,"2 lanes",2,0,NA,0,NA
6985,3414,"Wilmington","New Hanover","Coastal","Residential","Urban (>70% Developed)",NA,"Urban","20 - 25  MPH","No Control Present","Clear","No",21,"20-24","No",NA,"Not Applicable","A: Disabling Injury","Driveway / Alley","Black","Male",50,"50-59","No",NA,"11-15 mph","O: No Injury","White","Female","Passenger Car","No","19SEP2011","Monday","Bicyclist Failed to Yield - Midblock",10,"Non-Intersection","September","A: Disabling Injury",37740,"Bicyclist Ride Out - Residential Driveway",2011,"No","No","Daylight","Straight - Level","Local Street","Dry","Two-Way, Not Divided","None","No Special Feature","Coarse Asphalt",0,0,0,0,0,0,0,"2 lanes",2,0,NA,0,NA
6986,3420,"Jacksonville","Onslow","Coastal","Residential","Urban (>70% Developed)",NA,"Urban","20 - 25  MPH","Stop Sign","Clear","No",11,"11-15","No",NA,"With Traffic","C: Possible Injury","Sidewalk / Crosswalk / Driveway Crossing","Black","Male",41,"40-49","No",NA,"0-5 mph","O: No Injury","White","Female","Light Truck (Mini-Van, Panel)","No","14SEP2011","Wednesday","Motorist Failed to Yield - Sign-Controlled Intersection",7,"Intersection","September","C: Possible Injury",26820,"Motorist Drive Out - Sign-Controlled Intersection",2011,"Yes","No","Daylight","Straight - Level","Local Street","Water (Standing, Moving)","Two-Way, Not Divided","None","Four-Way Intersection","Smooth Asphalt",0,0,0,0,0,0,0,"2 lanes",2,0,NA,0,NA
6987,3434,"Eastover","Cumberland","Coastal","Commercial","Mixed (30% To 70% Developed)",NA,"Rural","40 - 45  MPH","No Control Present","Clear","No",27,"25-29","No",NA,"With Traffic","B: Evident Injury","Travel Lane","White","Male",60,"60-69","No",NA,"26-30 mph","O: No Injury","White","Male","Pickup","No","28SEP2011","Wednesday","Motorist Left Turn / Merge",19,"Intersection","September","B: Evident Injury",71640,"Motorist Left Turn - Opposite Direction",2011,"Yes","No","Dark - Lighted Roadway","Straight - Level","US Route","Dry","Two-Way, Not Divided","None","T-Intersection","Coarse Asphalt",0,0,0,0,0,0,0,"6 lanes",2,0,NA,0,NA
6988,3436,"Warsaw","Duplin","Coastal","Residential","Urban (>70% Developed)",NA,"Rural","30 - 35  MPH","No Control Present","Clear","No",40,"40-49","Yes",NA,"Facing Traffic","C: Possible Injury","Sidewalk / Crosswalk / Driveway Crossing","Black","Male",23,"20-24","No",NA,"0-5 mph","O: No Injury","White","Male","Passenger Car","Yes","22SEP2011","Thursday","Motorist Failed to Yield - Midblock",20,"Non-Intersection","September","C: Possible Injury",73020,"Motorist Drive Out - Commercial Driveway / Alley",2011,"Yes","No","Dark - Roadway Not Lighted","Straight - Level","US Route","Dry","Two-Way, Not Divided","None","Driveway, Public","Coarse Asphalt",0,0,0,0,0,0,0,"2 lanes",2,0,NA,0,NA
6989,3443,"None - Rural Crash","Wake","Piedmont","Farms, Woods, Pastures","Rural (<30% Developed)",NA,"Rural","40 - 45  MPH","Double Yellow Line, No Passing Zone","Clear","No",21,"20-24","No",NA,"With Traffic","C: Possible Injury","Travel Lane","White","Male",NA,NA,"No",NA,"41-45 mph","Unknown Injury","Unknown/Missing",NA,"Pickup","No","02OCT2011","Sunday","Motorist Overtaking Bicyclist",19,"Non-Intersection","October","C: Possible Injury",71760,"Motorist Overtaking - Misjudged Space",2011,"Yes","Yes","Dark - Roadway Not Lighted","Straight - Grade","State Secondary Route","Dry","Two-Way, Not Divided","None","No Special Feature","Smooth Asphalt",0,0,0,0,0,0,0,"2 lanes",2,0,NA,0,NA
6990,3445,"Raleigh","Wake","Piedmont","Commercial","Urban (>70% Developed)",NA,"Urban","5 - 15 MPH","No Control Present","Clear","No",50,"50-59","No",NA,"Facing Traffic","B: Evident Injury","Sidewalk / Crosswalk / Driveway Crossing","White","Male",29,"25-29","No",NA,"0-5 mph","O: No Injury","White","Female","Passenger Car","No","27SEP2011","Tuesday","Motorist Failed to Yield - Midblock",12,"Non-Intersection","September","B: Evident Injury",44520,"Motorist Drive Out - Commercial Driveway / Alley",2011,"No","No","Daylight","Straight - Level","Public Vehicular Area","Dry","Two-Way, Not Divided","None","Driveway, Public","Concrete",0,0,0,0,0,0,0,NA,2,0,NA,0,NA
6991,3475,"High Point","Guilford","Piedmont","Commercial","Urban (>70% Developed)",NA,"Urban","30 - 35  MPH","Stop Sign","Clear","No",38,"30-39","No",NA,"With Traffic","B: Evident Injury","Travel Lane","Black","Female",NA,"70+","No",NA,"6-10 mph","O: No Injury","White","Female","Passenger Car","No","06OCT2011","Thursday","Motorist Failed to Yield - Sign-Controlled Intersection",11,"Intersection","October","B: Evident Injury",40860,"Motorist Drive Out - Sign-Controlled Intersection",2011,"Yes","No","Daylight","Straight - Grade","NC Route","Dry","Two-Way, Not Divided","None","T-Intersection","Coarse Asphalt",0,0,0,0,0,0,0,"5 lanes",2,0,NA,0,NA
6992,3478,"Morrisville","Wake","Piedmont","Commercial","Urban (>70% Developed)",NA,"Urban",NA,"Stop And Go Signal","Clear","No",30,"30-39","No",NA,"With Traffic","C: Possible Injury","Sidewalk / Crosswalk / Driveway Crossing","White","Male",60,"60-69","No",NA,NA,"O: No Injury","Black","Male","Sport Utility","No","17OCT2011","Monday","Motorist Right Turn / Merge",16,"Intersection","October","C: Possible Injury",60060,"Motorist Right Turn - Same Direction",2011,"Yes","No","Daylight","Straight - Grade","State Secondary Route","Dry","Two-Way, Divided, Unprotected Median","None","Four-Way Intersection","Smooth Asphalt",0,0,0,0,0,0,0,"2 lanes",2,0,NA,0,NA
6993,3487,"Greensboro","Guilford","Piedmont","Commercial","Urban (>70% Developed)",NA,"Urban","30 - 35  MPH","Stop And Go Signal","Clear","No",19,"16-19","No",NA,"With Traffic","C: Possible Injury","Travel Lane","White","Male",NA,"70+","No",NA,"0-5 mph","O: No Injury","White","Male","Passenger Car","No","03OCT2011","Monday","Motorist Right Turn / Merge",13,"Intersection","October","C: Possible Injury",49740,"Motorist Right Turn - Same Direction",2011,"Yes","No","Daylight","Straight - Level","Local Street","Dry","Two-Way, Not Divided","None","Shared-Use Paths Or Trails","Smooth Asphalt",0,0,0,0,0,0,0,"5 lanes",2,0,NA,0,NA
6994,3490,"Chapel Hill","Orange","Piedmont","Commercial","Urban (>70% Developed)",NA,"Urban","20 - 25  MPH","Stop Sign","Clear","No",38,"30-39","No",NA,"With Traffic","B: Evident Injury","Travel Lane","White","Male",NA,"70+","No",NA,"0-5 mph","O: No Injury","White","Male","Passenger Car","No","13OCT2011","Thursday","Loss of Control / Turning Error",17,"Intersection","October","B: Evident Injury",63540,"Bicyclist Lost Control - Other / Unknown",2011,"Yes","No","Daylight","Curve - Hillcrest","Local Street","Dry","Two-Way, Divided, Unprotected Median","None","Other","Smooth Asphalt",0,0,0,0,0,0,0,"5 lanes",2,0,NA,0,NA
6995,3498,"Rocky Mount","Nash","Coastal","Commercial","Urban (>70% Developed)",NA,"Urban","30 - 35  MPH","Stop Sign","Clear","No",17,"16-19","No",NA,"Facing Traffic","B: Evident Injury","Travel Lane","Black","Male",34,"30-39","No",NA,"0-5 mph","O: No Injury","Black","Female","Passenger Car","No","14OCT2011","Friday","Motorist Failed to Yield - Sign-Controlled Intersection",19,"Intersection","October","B: Evident Injury",69120,"Motorist Drive Out - Sign-Controlled Intersection",2011,"Yes","No","Dark - Lighted Roadway","Straight - Level","Local Street","Dry","Two-Way, Not Divided","None","No Special Feature","Coarse Asphalt",0,0,0,0,0,0,0,"2 lanes",2,0,NA,0,NA
6996,3503,"Rocky Mount","Edgecombe","Coastal","Residential","Urban (>70% Developed)",NA,"Urban","30 - 35  MPH","Stop Sign","Clear","No",61,"60-69","No",NA,"Not Applicable","O: No Injury","Travel Lane","Black","Male",24,"20-24","No",NA,"6-10 mph","O: No Injury","Black","Male","Sport Utility","No","28SEP2011","Wednesday","Parallel Paths - Other Circumstances",11,"Non-Intersection","September","O: No Injury",43140,"Bicyclist Ride Out - Parallel Path",2011,"No","No","Daylight","Straight - Level","Local Street","Dry","Two-Way, Not Divided","None","Four-Way Intersection","Smooth Asphalt",0,0,0,0,0,0,0,"2 lanes",2,0,NA,0,NA
6997,3509,"Rocky Mount","Nash","Coastal","Commercial","Urban (>70% Developed)",NA,"Urban","20 - 25  MPH","Stop And Go Signal","Clear","No",58,"50-59","No",NA,"Facing Traffic","C: Possible Injury","Travel Lane","White","Male",29,"25-29","No",NA,"11-15 mph","O: No Injury","White","Female","Passenger Car","No","15OCT2011","Saturday","Bicyclist Failed to Yield - Signalized Intersection",11,"Intersection","October","C: Possible Injury",40140,"Bicyclist Ride Out - Signalized  Intersection",2011,"Yes","No","Daylight","Straight - Level","Local Street","Dry","One-Way, Not Divided","None","Four-Way Intersection","Smooth Asphalt",0,0,0,0,0,0,0,"3 lanes",2,0,NA,0,NA
6998,3512,"Greensboro","Guilford","Piedmont","Residential","Urban (>70% Developed)",NA,"Urban","30 - 35  MPH","No Control Present","Clear","No",51,"50-59","No",NA,"With Traffic","C: Possible Injury","Travel Lane","White","Male",65,"60-69","No",NA,"31-35 mph","O: No Injury","White","Female","Passenger Car","No","15OCT2011","Saturday","Bicyclist Left Turn / Merge",15,"Non-Intersection","October","C: Possible Injury",56880,"Bicyclist Left Turn - Same Direction",2011,"Yes","No","Daylight","Straight - Grade","Local Street","Dry","Two-Way, Not Divided","None","Related To Intersection","Smooth Asphalt",0,0,0,0,0,0,0,"2 lanes",2,0,NA,0,NA
6999,3520,"None - Rural Crash","Yadkin","Mountains","Farms, Woods, Pastures","Rural (<30% Developed)",NA,"Rural","50 - 55  MPH","No Control Present","Clear","No",17,"16-19","No",NA,"With Traffic","C: Possible Injury","Travel Lane","White","Male",18,"0-19","No",NA,"46-50 mph","O: No Injury","White","Female","Passenger Car","No","31OCT2011","Monday","Motorist Overtaking Bicyclist",22,"Non-Intersection","October","C: Possible Injury",80880,"Motorist Overtaking - Undetected Bicyclist",2011,"Yes","No","Dark - Roadway Not Lighted","Straight - Level","State Secondary Route","Dry","Two-Way, Not Divided","None","No Special Feature","Coarse Asphalt",0,0,0,0,0,0,0,"2 lanes",2,0,NA,0,NA
7000,3523,"Raleigh","Wake","Piedmont","Residential","Rural (<30% Developed)",NA,"Urban","30 - 35  MPH","No Control Present","Clear","No",51,"50-59","No",NA,"Facing Traffic","C: Possible Injury","Sidewalk / Crosswalk / Driveway Crossing","Black","Male",44,"40-49","No",NA,"0-5 mph","O: No Injury","Black","Female","Van","No","27OCT2011","Thursday","Motorist Failed to Yield - Midblock",17,"Non-Intersection","October","C: Possible Injury",63000,"Motorist Drive Out - Commercial Driveway / Alley",2011,"No","No","Dark - Lighted Roadway","Straight - Level","Local Street","Dry","Two-Way, Not Divided","None","T-Intersection","Smooth Asphalt",0,0,0,0,0,0,0,"2 lanes",2,0,NA,0,NA
7001,101,"Boone","Watauga","Mountains","Commercial","Urban (>70% Developed)","BLOWING ROCK RD","Urban","30 - 35  MPH","No Control Present","Rain","No",19,"16-19",NA,"No","With Traffic","C: Possible Injury","Travel Lane","White","Male",NA,"70+",NA,NA,"16-20 mph","O: No Injury","White","Female","Passenger Car","No","19MAR2014","Wednesday","Motorist Overtaking Bicyclist",1,"Non-Intersection","March","C: Possible Injury",5220,"Motorist Overtaking - Other / Unknown",2014,"Yes","Yes","Dark - Lighted Roadway","Straight - Level","Local Street","Wet","Two-Way, Not Divided","None","No Special Feature","Smooth Asphalt",0,0,1,0,0,1,0,"5 lanes",2,0.057,"105",20000321,"HIGHLAND AVE"
7002,133,"Raleigh","Wake","Piedmont","Residential","Urban (>70% Developed)","JOE LOUIS AVE","Urban","30 - 35  MPH","Stop Sign","Clear","No",11,"11-15",NA,"No","Facing Traffic","B: Evident Injury","Travel Lane","Black","Male",26,"25-29",NA,"No","16-20 mph","O: No Injury","Black","Female","Sport Utility","No","13APR2014","Sunday","Bicyclist Failed to Yield - Sign-Controlled Intersection",20,"Intersection","April","B: Evident Injury",72060,"Bicyclist Ride Through - Sign-Controlled Intersection",2014,"Yes","No","Dusk","Straight - Level","Local Street","Dry","Two-Way, Not Divided","None","Four-Way Intersection","Smooth Asphalt",0,1,0,0,0,1,0,"2 lanes",2,0,"MERRYWOOD DR",0,"PARRISH ST"
7003,113,"None - Rural Crash","Wake","Piedmont","Commercial","Rural (<30% Developed)","NC 98","Rural","50 - 55  MPH","Stop Sign","Clear","No",35,"30-39",NA,"No","With Traffic","B: Evident Injury","Travel Lane","White","Male",39,"30-39",NA,"No","16-20 mph","O: No Injury","White","Female","Sport Utility","No","31MAR2014","Monday","Motorist Failed to Yield - Sign-Controlled Intersection",13,"Intersection","March","B: Evident Injury",47700,"Motorist Drive Out - Sign-Controlled Intersection",2014,"Yes","No","Daylight","Straight - Level","NC Route","Dry","Two-Way, Not Divided","None","Four-Way Intersection","Smooth Asphalt",0,1,0,0,0,1,0,"2 lanes",2,0,"1846",30000098,"50"
7004,138,"Durham","Durham","Piedmont","Residential","Urban (>70% Developed)","SPRINGDALE DR","Urban","5 - 15 MPH","No Control Present","Clear","No",10,"6-10",NA,"No","Not Applicable","C: Possible Injury","Travel Lane","Black","Female",55,"50-59",NA,"No","11-15 mph","O: No Injury","Black","Female","Passenger Car","No","16APR2014","Wednesday","Bicyclist Failed to Yield - Midblock",18,"Non-Intersection","April","C: Possible Injury",66180,"Bicyclist Ride Out - Residential Driveway",2014,"No","No","Daylight","Straight - Level","Local Street","Dry","Two-Way, Not Divided","None","No Special Feature",NA,0,0,1,0,0,1,0,"2 lanes",2,0,"CEDARWOOD DR",0,"DARK CIR"
7005,100,"Harrisburg","Cabarrus","Piedmont","Residential","Rural (<30% Developed)","PHARR MILL RD","Urban","40 - 45  MPH","No Control Present","Clear","No",20,"20-24",NA,"No","With Traffic","C: Possible Injury","Travel Lane","White","Female",59,"50-59",NA,"No","36-40 mph","O: No Injury","White","Female","Passenger Car","No","10MAR2014","Monday","Bicyclist Left Turn / Merge",16,"Non-Intersection","March","C: Possible Injury",60780,"Bicyclist Left Turn - Same Direction",2014,"No","No","Daylight",NA,NA,"Dry",NA,"None","No Special Feature",NA,0,0,1,0,0,1,0,NA,2,0.45,"NANCY LN",40001158,"SEQUOIA HILLS DR"
7006,87,"Raleigh","Wake","Piedmont","Commercial","Urban (>70% Developed)","PVA 6300 CREEDMOOR RD","Urban","30 - 35  MPH","No Control Present","Clear","No",33,"30-39",NA,"No","Facing Traffic","B: Evident Injury","Sidewalk / Crosswalk / Driveway Crossing","White","Male",16,"0-19",NA,"No","0-5 mph","O: No Injury","White","Male","Sport Utility","No","20MAR2014","Thursday","Motorist Failed to Yield - Midblock",20,"Non-Intersection","March","B: Evident Injury",75360,"Motorist Drive Out - Commercial Driveway / Alley",2014,"Yes","No","Dark - Lighted Roadway","Straight - Level","Public Vehicular Area","Dry","Two-Way, Not Divided","None","Driveway, Public","Smooth Asphalt",0,1,0,0,0,1,0,NA,2,0.005,"CREEDMOOR RD",0,NA
7007,84,"Fayetteville","Cumberland","Coastal","Commercial","Urban (>70% Developed)","MCLAMB DR","Urban","30 - 35  MPH","Stop Sign","Clear","No",57,"50-59",NA,"No","Facing Traffic","C: Possible Injury","Sidewalk / Crosswalk / Driveway Crossing","Black","Male",45,"40-49",NA,"No","11-15 mph","O: No Injury","Black","Male","Passenger Car","No","16FEB2014","Sunday","Crossing Paths - Other Circumstances",16,"Intersection","February","C: Possible Injury",59460,"Sign-Controlled Intersection - Other / Unknown",2014,"Yes","No","Daylight","Straight - Level","Local Street","Dry","Two-Way, Not Divided","None","No Special Feature","Coarse Asphalt",0,0,1,0,0,1,0,"2 lanes",2,0.001,"MURCHINSON RD",0,"PELT DR"
7008,69,"Charlotte","Mecklenburg","Piedmont","Commercial","Mixed (30% To 70% Developed)","ALLEGHANY ST","Urban","5 - 15 MPH","Stop Sign","Clear","No",15,"11-15",NA,"No","With Traffic","C: Possible Injury","Sidewalk / Crosswalk / Driveway Crossing","Black","Male",43,"40-49",NA,"No","0-5 mph","O: No Injury","Black","Male","Sport Utility","No","12MAR2014","Wednesday","Motorist Failed to Yield - Midblock",14,"Non-Intersection","March","C: Possible Injury",52200,"Motorist Drive Out - Other Midblock",2014,"No","No","Daylight","Straight - Level","Local Street","Dry","Two-Way, Not Divided","None","No Special Feature","Smooth Asphalt",0,0,1,0,0,1,0,"3 lanes",2,0.5,"ASHLEY RD",50000444,"ASHLEY RD"
7009,53,"Hickory","Catawba","Piedmont","Commercial","Urban (>70% Developed)","NC 127","Urban","30 - 35  MPH","Stop And Go Signal","Cloudy","No",45,"40-49",NA,"No","With Traffic","C: Possible Injury","Sidewalk / Crosswalk / Driveway Crossing","White","Male",40,"40-49",NA,"No","6-10 mph","O: No Injury","White","Male","Pickup","No","04FEB2014","Tuesday","Bicyclist Failed to Yield - Signalized Intersection",8,"Intersection","February","C: Possible Injury",30720,"Bicyclist Failed to Clear - Trapped",2014,"Yes","No","Daylight","Straight - Level","NC Route","Dry","Two-Way, Not Divided","None","Four-Way Intersection","Smooth Asphalt",0,0,1,0,0,1,0,"5 lanes",2,0,"2ND AVE SE",30000127,"3RD AV SE"
7010,82,"Clemmons","Forsyth","Piedmont","Residential","Rural (<30% Developed)","SR 1101","Urban","40 - 45  MPH","Stop Sign","Clear","No",15,"11-15",NA,"No","With Traffic","O: No Injury","Travel Lane","White","Male",35,"30-39",NA,"No","6-10 mph","O: No Injury","Hispanic","Female","Van","No","13MAR2014","Thursday","Motorist Failed to Yield - Sign-Controlled Intersection",18,"Intersection-Related","March","B: Evident Injury",65700,"Motorist Drive Out - Sign-Controlled Intersection",2014,"Yes","No","Daylight","Straight - Grade","State Secondary Route","Dry","Two-Way, Not Divided","None","Related To Intersection","Smooth Asphalt",0,1,0,0,1,2,0,"2 lanes",3,0.004,"1163",40001101,"3730"
7011,60,"None - Rural Crash","Durham","Piedmont","Commercial","Mixed (30% To 70% Developed)","SR 2028","Rural","40 - 45  MPH","Double Yellow Line, No Passing Zone","Clear","No",35,"30-39",NA,"No","With Traffic","B: Evident Injury","Travel Lane","White","Female",68,"60-69",NA,"No","41-45 mph","O: No Injury","Black","Male","Sport Utility","No","20JAN2014","Monday","Motorist Overtaking Bicyclist",7,"Non-Intersection","January","B: Evident Injury",25500,"Motorist Overtaking - Other / Unknown",2014,"Yes","No","Dawn","Straight - Grade","State Secondary Route","Dry","Two-Way, Not Divided","None","No Special Feature","Smooth Asphalt",0,1,0,0,0,1,0,"2 lanes",2,0.1,"54",40002028,"1121"
7012,62,"None - Rural Crash","Hoke","Coastal","Commercial","Mixed (30% To 70% Developed)","US 401","Rural","40 - 45  MPH","Double Yellow Line, No Passing Zone","Clear","No",12,"11-15",NA,"No","With Traffic","B: Evident Injury","Travel Lane","Black","Male",18,"0-19",NA,"No","41-45 mph","O: No Injury","Black","Female","Sport Utility","No","10MAR2014","Monday","Bicyclist Left Turn / Merge",18,"Non-Intersection","March","B: Evident Injury",65220,"Bicyclist Left Turn - Same Direction",2014,"Yes","No","Daylight","Straight - Grade","US Route","Dry","Two-Way, Not Divided","None","No Special Feature","Coarse Asphalt",0,1,0,0,0,1,0,"2 lanes",2,0.01,"1407",29000401,"1491"
7013,94,"None - Rural Crash","Pender","Coastal","Commercial","Mixed (30% To 70% Developed)","50","Rural","40 - 45  MPH","No Control Present","Clear","No",25,"25-29",NA,"No","With Traffic","A: Disabling Injury","Travel Lane","White","Male",48,"40-49",NA,"No","11-15 mph","O: No Injury","Black","Male","Passenger Car","No","23MAR2014","Sunday","Motorist Left Turn / Merge",16,"Non-Intersection","March","A: Disabling Injury",58080,"Motorist Left Turn - Opposite Direction",2014,"Yes","No","Daylight","Straight - Level","NC Route","Dry","Two-Way, Not Divided","None","Driveway, Public","Smooth Asphalt",1,0,0,0,0,1,0,"2 lanes",2,0.92,"53",30000050,"ONSLOW"
7014,83,"None - Rural Crash","Dare","Coastal","Residential","Urban (>70% Developed)","SR 1147","Rural","30 - 35  MPH","No Control Present","Clear","No",13,"11-15",NA,"No","With Traffic","B: Evident Injury","Travel Lane","White","Female",56,"50-59",NA,"No","26-30 mph","O: No Injury","Black","Male","Sport Utility","No","22MAR2014","Saturday","Loss of Control / Turning Error",14,"Intersection","March","B: Evident Injury",52200,"Motorist Turning Error - Left Turn",2014,"Yes","No","Daylight","Curve - Level","State Secondary Route","Dry","Two-Way, Not Divided","None","T-Intersection","Smooth Asphalt",0,1,0,0,0,1,0,"2 lanes",2,0,"1148",40001147,"1320"
7015,97,"Lumberton","Robeson","Coastal","Residential","Urban (>70% Developed)","HEDGEPETH CIR","Urban","30 - 35  MPH","Stop Sign","Clear","No",20,"20-24",NA,"No","Not Applicable","C: Possible Injury","Travel Lane","Native American","Male",35,"30-39",NA,"No","16-20 mph","O: No Injury","Black","Male","Van","No","27FEB2014","Thursday","Head-On",19,"Intersection","February","C: Possible Injury",69660,"Head-On - Unknown",2014,"Yes","No","Daylight","Straight - Level","Local Street","Dry","Two-Way, Not Divided","None","No Special Feature","Coarse Asphalt",0,0,1,0,0,1,0,"2 lanes",2,0,"ALEXANDER ST",0,"TURNER PLACE"
7016,365,"Raleigh","Wake","Piedmont","Commercial","Urban (>70% Developed)","CAPITAL BLVD","Urban","40 - 45  MPH","Stop And Go Signal","Cloudy","No",14,"11-15",NA,"No","Facing Traffic","O: No Injury","Sidewalk / Crosswalk / Driveway Crossing","Black","Male",31,"30-39",NA,"Yes-Alcohol,  impairment suspected","11-15 mph","O: No Injury","White","Male","Passenger Car","Yes","30JUL2014","Wednesday","Bicyclist Failed to Yield - Signalized Intersection",19,"Intersection","July","O: No Injury",71160,"Bicyclist Ride Through - Signalized Intersection",2014,"No","No","Daylight","Straight - Level","Local Street","Dry","Two-Way, Divided, Positive Median Barrier","None","Four-Way Intersection","Smooth Asphalt",0,0,0,0,1,1,0,"9 or more lanes",2,0,"MILLBROOK RD",20000001,"SPRING FOREST RD"
7017,371,"None - Rural Crash","Watauga","Mountains","Farms, Woods, Pastures","Rural (<30% Developed)","SR 1201","Rural","30 - 35  MPH","Stop Sign","Clear","No",62,"60-69",NA,"No","With Traffic","B: Evident Injury","Travel Lane","White","Male",40,"40-49",NA,"No","26-30 mph","O: No Injury","White","Male","Single Unit Truck (2-Axle, 6-Tire)","No","28JUN2014","Saturday","Motorist Left Turn / Merge",10,"Intersection","June","B: Evident Injury",39120,"Motorist Left Turn - Opposite Direction",2014,"Yes","No","Daylight","Straight - Grade","State Secondary Route","Dry","Two-Way, Not Divided","None","T-Intersection","Coarse Asphalt",0,1,0,0,0,1,0,"2 lanes",2,0,"1221",40001201,"1222"
7018,367,"High Point","Guilford","Piedmont","Commercial","Urban (>70% Developed)","GALLIMORE DAIRY RD","Urban","40 - 45  MPH","Stop Sign","Clear","No",68,"60-69",NA,"No","With Traffic","C: Possible Injury","Travel Lane","White","Male",69,"60-69",NA,"No","21-25 mph","O: No Injury","White","Female","Passenger Car","No","09JUN2014","Monday","Motorist Overtaking Bicyclist",13,"Intersection","June","C: Possible Injury",48960,"Motorist Overtaking - Bicyclist Swerved",2014,"Yes","No","Daylight","Straight - Level","Local Street","Dry","Two-Way, Not Divided","None","Four-Way Intersection","Smooth Asphalt",0,0,1,0,0,1,0,"2 lanes",2,0,"MILLWOOD SCH RD",40001556,"SEDGEGARDEN RD"
7019,359,"Newland","Avery","Mountains","Farms, Woods, Pastures","Rural (<30% Developed)","ELK ST","Rural","20 - 25  MPH","Double Yellow Line, No Passing Zone","Cloudy","No",NA,"70+",NA,"No","With Traffic","B: Evident Injury","Travel Lane","White","Male",NA,NA,NA,"Missing","21-25 mph","Unknown Injury","Unknown/Missing",NA,"Pickup","No","12JUN2014","Thursday","Head-On",10,"Non-Intersection","June","B: Evident Injury",36780,"Head-On - Motorist",2014,"Yes","Yes","Daylight","Curve - Level","Local Street","Dry","Two-Way, Not Divided","None","No Special Feature","Smooth Asphalt",0,1,0,0,0,1,0,"2 lanes",2,0.2,"SAM BREWER",0,"TABERNACLE LN"
7020,349,"Garner","Wake","Piedmont","Residential","Urban (>70% Developed)","PVA GARNER TOWNS LN","Urban",NA,"No Control Present","Clear","No",20,"20-24",NA,"No","Not Applicable","C: Possible Injury","Non-Roadway","Black","Male",25,"25-29",NA,"No","6-10 mph","O: No Injury","Black","Female","Pickup","No","26JUL2014","Saturday","Non-Roadway",10,"Non-Roadway","July","C: Possible Injury",39000,"Non-Roadway",2014,"Yes","No","Daylight","Straight - Level","Public Vehicular Area","Dry","Two-Way, Not Divided","None","Driveway, Public","Coarse Asphalt",0,0,1,0,0,1,0,"2 lanes",2,0.057,"FOXWOOD DR",0,NA
7021,314,"Princeville","Edgecombe","Coastal","Residential","Urban (>70% Developed)","NC 111","Rural","30 - 35  MPH","Double Yellow Line, No Passing Zone","Clear","No",50,"50-59",NA,"Yes-Alcohol,  impairment suspected","With Traffic","C: Possible Injury","Travel Lane","Black","Male",57,"50-59",NA,"No","31-35 mph","O: No Injury","Black","Male","Passenger Car","Yes","05JUL2014","Saturday","Bicyclist Left Turn / Merge",3,"Non-Intersection","July","C: Possible Injury",12960,"Bicyclist Left Turn - Same Direction",2014,"Yes","No","Dark - Lighted Roadway","Straight - Level","NC Route","Dry","Two-Way, Not Divided","None","No Special Feature","Coarse Asphalt",0,0,2,0,0,2,0,"2 lanes",2,0.1,"THIRD STREET",30000111,"SECOND STREET"