"...1","object_id","city","county","region","development","locality","on_road","rural_urban","speed_limit","traffic_control","weather","workzone","bike_age","bike_age_group","bike_alcohol","bike_alcohol_drugs","bike_direction","bike_injury","bike_position","bike_race","bike_sex","driver_age","driver_age_group","driver_alcohol","driver_alcohol_drugs","driver_est_speed","driver_injury","driver_race","driver_sex","driver_vehicle_type","crash_alcohol","crash_date","crash_day","crash_group","crash_hour","crash_location","crash_month","crash_severity","crash_time","crash_type","crash_year","ambulance_req","hit_run","light_condition","road_character","road_class","road_condition","road_configuration","road_defects","road_feature","road_surface","num_bikes_ai","num_bikes_bi","num_bikes_ci","num_bikes_ki","num_bikes_no","num_bikes_to","num_bikes_ui","num_lanes","num_units","distance_mi_from","frm_road","rte_invd_cd","towrd_road"
7022,302,"Greensboro","Guilford","Piedmont","Commercial","Urban (>70% Developed)","E MARKET ST","Urban","30 - 35  MPH","No Control Present","Clear","No",45,"40-49",NA,NA,"With Traffic","A: Disabling Injury","Travel Lane","Black","Male",NA,NA,NA,"Missing","46-50 mph","Unknown Injury","Unknown/Missing",NA,"Pickup","No","03JUL2014","Thursday","Motorist Right Turn / Merge",0,"Non-Intersection","July","A: Disabling Injury",1200,"Motorist Right Turn - Same Direction",2014,"Yes","Yes","Dark - Lighted Roadway","Straight - Grade","Local Street","Dry","Two-Way, Divided, Unprotected Median","None","Driveway, Public","Smooth Asphalt",1,0,0,0,0,1,0,"4 lanes",2,0.21,"HOLT AV",40003163,"HOLTS CHAPEL RD"
7023,299,"Raleigh","Wake","Piedmont","Commercial","Urban (>70% Developed)","OLD WAKE FOREST RD","Urban","40 - 45  MPH","No Control Present","Clear","No",19,"16-19",NA,"No","With Traffic","B: Evident Injury","Travel Lane","Black","Male",NA,NA,NA,"Missing","16-20 mph","Unknown Injury","Unknown/Missing",NA,NA,"No","05JUL2014","Saturday","Motorist Overtaking Bicyclist",17,"Non-Intersection","July","B: Evident Injury",63240,"Motorist Overtaking - Other / Unknown",2014,"No","Yes","Daylight","Straight - Level","Local Street","Dry","Two-Way, Not Divided","None","No Special Feature","Coarse Asphalt",0,1,0,0,0,1,0,"5 lanes",2,0.076,"TOWN CENTER DR",50022852,"TRIANGLE TOWN BLVD"
7024,300,"None - Rural Crash","Lenoir","Coastal","Farms, Woods, Pastures","Rural (<30% Developed)","1690","Rural","50 - 55  MPH","Double Yellow Line, No Passing Zone","Clear","No",43,"40-49",NA,NA,"With Traffic","C: Possible Injury","Travel Lane","White","Male",54,"50-59",NA,NA,"21-25 mph","O: No Injury","White","Female","Passenger Car","No","08JUN2014","Sunday","Motorist Overtaking Bicyclist",16,"Non-Intersection","June","C: Possible Injury",57600,"Motorist Overtaking - Other / Unknown",2014,"No","No","Daylight","Straight - Level","State Secondary Route","Dry","Two-Way, Not Divided","None","No Special Feature","Smooth Asphalt",0,0,1,0,1,2,0,"2 lanes",3,0,"1519",40001690,"1001"
7025,281,"Raleigh","Wake","Piedmont","Commercial","Urban (>70% Developed)","E MARTIN ST","Urban","30 - 35  MPH","Stop Sign","Clear","No",45,"40-49",NA,"No","With Traffic","C: Possible Injury","Sidewalk / Crosswalk / Driveway Crossing","Black","Male",50,"50-59",NA,"No","36-40 mph","C: Possible Injury","Black","Female","Passenger Car","No","26JUN2014","Thursday","Other / Unusual Circumstances",17,"Intersection-Related","June","C: Possible Injury",64560,"Unusual Circumstances",2014,"Yes","No","Daylight","Straight - Level","Local Street","Dry","Two-Way, Divided, Unprotected Median","None","Four-Way Intersection","Smooth Asphalt",0,0,1,0,0,1,0,"4 lanes",3,0,"CAMDEN ST",50019046,"HAYWOOD ST"
7026,310,"None - Rural Crash","New Hanover","Coastal","Commercial","Urban (>70% Developed)","US 421","Rural","5 - 15 MPH","No Control Present","Clear","No",17,"16-19",NA,"No","Facing Traffic","B: Evident Injury","Travel Lane","Black","Male",54,"50-59",NA,"No","0-5 mph","O: No Injury","White","Male","Passenger Car","No","30JUN2014","Monday","Motorist Failed to Yield - Midblock",16,"Non-Intersection","June","B: Evident Injury",58200,"Motorist Drive Out - Commercial Driveway / Alley",2014,"Yes","No","Daylight","Curve - Level","US Route","Dry","Two-Way, Divided, Unprotected Median","None","Driveway, Public","Coarse Asphalt",0,1,0,0,0,1,0,"4 lanes",2,0.1,"2501",20000421,"1187"
7027,321,"Raleigh","Wake","Piedmont","Residential","Urban (>70% Developed)","RUSH SPRINGS CT","Urban","30 - 35  MPH","Stop Sign","Cloudy","No",10,"6-10",NA,"No","Facing Traffic","B: Evident Injury","Travel Lane","White","Female",64,"60-69",NA,"No","6-10 mph","O: No Injury","Other","Female","Sport Utility","No","10JUL2014","Thursday","Motorist Failed to Yield - Sign-Controlled Intersection",17,"Intersection","July","B: Evident Injury",63540,"Motorist Drive Out - Sign-Controlled Intersection",2014,"Yes","No","Daylight","Straight - Level","Local Street","Dry","Two-Way, Not Divided","None","T-Intersection","Coarse Asphalt",0,1,0,0,0,1,0,"2 lanes",2,0,"BLAKEHURST DR",0,NA
7028,346,"Gastonia","Gaston","Piedmont","Residential","Urban (>70% Developed)","PVA 901 SMYRE DR","Urban","20 - 25  MPH","No Control Present","Clear","No",23,"20-24",NA,"No","With Traffic","B: Evident Injury","Travel Lane","White","Male",51,"50-59",NA,"No","11-15 mph","O: No Injury","White","Male","Sport Utility","No","17JUN2014","Tuesday","Motorist Overtaking Bicyclist",20,"Non-Intersection","June","B: Evident Injury",75420,"Motorist Overtaking - Other / Unknown",2014,"Yes","No","Daylight","Straight - Level","Local Street","Dry","Two-Way, Not Divided","None","No Special Feature","Smooth Asphalt",0,1,0,0,0,1,0,"2 lanes",2,0.019,"FRALEY CHURCH RD",0,"MILLSTONE DR"
7029,279,"Tabor City","Columbus","Coastal","Residential","Urban (>70% Developed)","KING ST","Rural","20 - 25  MPH","No Control Present","Clear","No",6,"6-10",NA,"No","Not Applicable","C: Possible Injury","Driveway / Alley","Black","Male",44,"40-49",NA,"No","0-5 mph","O: No Injury","Black","Female","Sport Utility","No","24MAY2014","Saturday","Bicyclist Failed to Yield - Midblock",16,"Non-Intersection","May","C: Possible Injury",57900,"Bicyclist Ride Out - Residential Driveway",2014,"Yes","No","Daylight","Straight - Level","Local Street","Dry","Two-Way, Not Divided","None","No Special Feature","Coarse Asphalt",0,0,1,0,0,1,0,"2 lanes",2,0.011,"SYKES ST",0,"LEWIS ST"
7030,344,"Cary","Wake","Piedmont","Commercial","Urban (>70% Developed)","GREGSON DR","Urban",NA,"Stop Sign","Clear","No",43,"40-49",NA,"No","With Traffic","C: Possible Injury","Travel Lane","White","Male",57,"50-59",NA,"No",NA,"O: No Injury","Black","Female","Passenger Car","No","04JUL2014","Friday","Motorist Left Turn / Merge",9,"Intersection","July","C: Possible Injury",35760,"Motorist Left Turn - Opposite Direction",2014,"Yes","No","Daylight","Straight - Level","Local Street","Dry","Two-Way, Not Divided","None","Four-Way Intersection","Smooth Asphalt",0,0,1,0,0,1,0,"2 lanes",2,0,"EDINBURGH SOUTH DR",0,"64"
7031,373,"None - Rural Crash","Currituck","Coastal","Farms, Woods, Pastures","Mixed (30% To 70% Developed)","158","Rural","50 - 55  MPH","No Control Present","Clear","No",28,"25-29",NA,"Yes-Alcohol, no impairment detected","Facing Traffic","C: Possible Injury","Bike Lane / Paved Shoulder","White","Female",NA,NA,NA,NA,"36-40 mph","Unknown Injury","Unknown/Missing",NA,NA,"Yes","25JUL2014","Friday","Loss of Control / Turning Error",2,"Non-Intersection","July","C: Possible Injury",7500,"Motorist Lost Control - Other / Unknown",2014,"Yes","Yes","Dark - Roadway Not Lighted","Straight - Level","US Route","Dry","Two-Way, Not Divided","None","No Special Feature","Coarse Asphalt",0,0,1,0,0,1,0,"5 lanes",2,0.1,"1168",20000158,"1120"
7032,375,"Raleigh","Wake","Piedmont","Residential","Urban (>70% Developed)","SUNNYBROOK RD","Urban","30 - 35  MPH","Stop Sign","Cloudy","No",14,"11-15",NA,"No","Facing Traffic","O: No Injury","Travel Lane","Black","Male",30,"30-39",NA,"No","31-35 mph","O: No Injury","Black","Female","Passenger Car","No","29JUL2014","Tuesday","Bicyclist Failed to Yield - Sign-Controlled Intersection",19,"Intersection","July","O: No Injury",70620,"Bicyclist Ride Through - Sign-Controlled Intersection",2014,"No","No","Daylight","Straight - Level","Local Street","Dry","Two-Way, Divided, Unprotected Median","None","T-Intersection","Smooth Asphalt",0,0,0,0,1,1,0,"4 lanes",2,0,"TRYON RIDGE DR",50029648,"ROCK QUARRY RD"
7033,384,"Durham","Durham","Piedmont","Commercial","Urban (>70% Developed)","UNITED DR","Urban","30 - 35  MPH","No Control Present","Clear","No",63,"60-69",NA,"No","Not Applicable","O: No Injury","Sidewalk / Crosswalk / Driveway Crossing","Black","Male",60,"60-69",NA,"No","6-10 mph","O: No Injury","White","Female","Passenger Car","No","04AUG2014","Monday","Bicyclist Failed to Yield - Midblock",17,"Non-Intersection","August","O: No Injury",61800,"Bicyclist Ride Out - Other Midblock",2014,"No","No","Daylight","Straight - Level","Local Street","Dry","Two-Way, Not Divided","None","No Special Feature","Coarse Asphalt",0,0,0,0,1,1,0,"2 lanes",2,0.17,"INDUSTRY LN",0,"FAYETTEVILLE ST"
7034,372,"Midway","Davidson","Piedmont","Residential","Mixed (30% To 70% Developed)","SR 1802","Rural","40 - 45  MPH","Double Yellow Line, No Passing Zone","Clear","No",61,"60-69",NA,"No","With Traffic","A: Disabling Injury","Travel Lane","White","Male",22,"20-24",NA,"No","31-35 mph","O: No Injury","White","Male","Passenger Car","No","26JUL2014","Saturday","Bicyclist Left Turn / Merge",10,"Non-Intersection","July","A: Disabling Injury",36780,"Bicyclist Left Turn - Opposite Direction",2014,"Yes","No","Daylight","Curve - Grade","State Secondary Route","Dry","Two-Way, Not Divided","None","T-Intersection","Smooth Asphalt",1,0,0,0,0,1,0,"2 lanes",2,0.011,"1813",40001802,"1715"
7035,383,"None - Rural Crash","Mcdowell","Mountains","Farms, Woods, Pastures","Rural (<30% Developed)","NC 80","Rural","30 - 35  MPH","Double Yellow Line, No Passing Zone","Clear","No",52,"50-59",NA,"No","With Traffic","C: Possible Injury","Travel Lane","White","Male",50,"50-59",NA,"No","26-30 mph","O: No Injury","White","Male","Pickup","No","14JUN2014","Saturday","Motorist Overtaking Bicyclist",11,"Non-Intersection","June","C: Possible Injury",42240,"Motorist Overtaking - Other / Unknown",2014,"Yes","No","Daylight","Straight - Grade","NC Route","Dry","Two-Way, Not Divided","None","No Special Feature","Smooth Asphalt",0,0,1,0,0,1,0,"2 lanes",2,0.05,"1437",30000080,"1436"
7036,385,"Southern Pines","Moore","Piedmont","Commercial","Mixed (30% To 70% Developed)","15","Urban","40 - 45  MPH","No Control Present","Clear","No",46,"40-49",NA,NA,"With Traffic","A: Disabling Injury","Travel Lane","White","Male",42,"40-49",NA,"No","41-45 mph","O: No Injury","White","Female","Passenger Car","No","22JUL2014","Tuesday","Motorist Overtaking Bicyclist",14,"Non-Intersection","July","A: Disabling Injury",51900,"Motorist Overtaking - Other / Unknown",2014,"Yes","No","Daylight","Straight - Level","US Route","Dry","Two-Way, Not Divided","None","No Special Feature","Smooth Asphalt",1,0,0,0,0,1,0,"5 lanes",2,0.5,"MORGANTON RD",20000015,"PARTNER CIR"
7037,381,"Burlington","Alamance","Piedmont","Residential","Urban (>70% Developed)","PVA 539 N CHURCH ST","Urban","5 - 15 MPH","No Control Present","Clear","No",17,"16-19",NA,"No","Not Applicable","C: Possible Injury","Non-Roadway","Black","Male",31,"30-39",NA,"Missing","0-5 mph","O: No Injury","Black","Female","Passenger Car","No","05AUG2014","Tuesday","Non-Roadway",19,"Non-Roadway","August","C: Possible Injury",68880,"Non-Roadway",2014,"Yes","No","Daylight","Straight - Level","Public Vehicular Area","Dry",NA,"None","Driveway, Public","Smooth Asphalt",0,0,1,0,0,1,0,NA,2,0,"300BLK VANCE ST",0,"200BLK N IRELAND ST"
7038,1158,"Wilmington","New Hanover","Coastal","Residential","Urban (>70% Developed)","PP ARBORETUM DR","Urban","20 - 25  MPH","Stop And Go Signal","Clear","No",21,"20-24","No",NA,NA,"B: Evident Injury",NA,"White","Female",65,"60-69","No",NA,NA,"O: No Injury","White","Female","Passenger Car","No","27MAY2013","Monday","Motorist Failed to Yield - Signalized Intersection",16,"Intersection","May","B: Evident Injury",60360,"Motorist Drive Out - Right Turn on Red",2013,"Yes","No","Daylight","Straight - Level","US Route","Dry","Two-Way, Divided, Unprotected Median","None","Shared-Use Paths Or Trails","Smooth Asphalt",0,0,0,0,0,0,0,"4 lanes",2,0,NA,0,NA
7039,1156,"None - Rural Crash","Union","Piedmont","Farms, Woods, Pastures","Rural (<30% Developed)","SR 1007","Rural","50 - 55  MPH","Double Yellow Line, No Passing Zone","Clear","No",58,"50-59","No",NA,"With Traffic","B: Evident Injury","Travel Lane","White","Male",24,"20-24","No",NA,"51-55 mph","O: No Injury","White","Male","Pickup","No","09JUN2013","Sunday","Motorist Overtaking Bicyclist",10,"Non-Intersection","June","B: Evident Injury",39420,"Motorist Overtaking - Other / Unknown",2013,"Yes","No","Daylight","Straight - Level","State Secondary Route","Dry","Two-Way, Not Divided","None","No Special Feature","Smooth Asphalt",0,0,0,0,0,0,0,"2 lanes",2,0,NA,0,NA
7040,1164,"Winston-Salem","Forsyth","Piedmont","Residential","Urban (>70% Developed)","S GLENN AV","Urban","30 - 35  MPH","No Control Present","Clear","No",45,"40-49","No",NA,"With Traffic","B: Evident Injury","Travel Lane","Black","Male",34,"30-39","No",NA,"21-25 mph","O: No Injury","Black","Male","Taxicab","No","30MAY2013","Thursday","Motorist Left Turn / Merge",21,"Intersection","May","B: Evident Injury",79020,"Motorist Left Turn - Opposite Direction",2013,"Yes","No","Dark - Roadway Not Lighted","Straight - Level","Local Street","Dry","Two-Way, Not Divided","None","T-Intersection","Smooth Asphalt",0,0,0,0,0,0,0,"2 lanes",2,0,NA,0,NA
7041,1166,"High Point","Guilford","Piedmont","Residential","Urban (>70% Developed)","BRENTWOOD ST","Urban","30 - 35  MPH","Stop And Go Signal","Clear","No",40,"40-49","No",NA,"With Traffic","B: Evident Injury","Travel Lane","Black","Male",24,"20-24","No",NA,"16-20 mph","O: No Injury","Black","Male","Passenger Car","No","31MAY2013","Friday","Motorist Left Turn / Merge",20,"Intersection","May","B: Evident Injury",74700,"Motorist Left Turn - Opposite Direction",2013,"Yes","No","Dusk","Straight - Level","Local Street","Dry","Two-Way, Not Divided","None","Four-Way Intersection","Coarse Asphalt",0,0,0,0,0,0,0,"4 lanes",2,0,NA,0,NA
7042,1250,"Raleigh","Wake","Piedmont","Institutional","Urban (>70% Developed)","VARSITY DR","Urban","5 - 15 MPH","No Control Present","Rain","No",24,"20-24","No",NA,"Facing Traffic","C: Possible Injury","Travel Lane","Hispanic","Male",25,"25-29","No",NA,"21-25 mph","O: No Injury","White","Female","Passenger Car","No","07JUN2013","Friday","Crossing Paths - Other Circumstances",9,"Intersection","June","C: Possible Injury",32640,"Crossing Paths - Uncontrolled Intersection",2013,"Yes","No","Daylight","Straight - Level","Local Street","Wet","Two-Way, Divided, Positive Median Barrier","None","Related To Intersection","Smooth Asphalt",0,0,0,0,0,0,0,"4 lanes",2,0,NA,0,NA
7043,1246,"Wingate","Union","Piedmont","Residential","Urban (>70% Developed)","S MAIN ST","Rural","30 - 35  MPH","No Control Present","Clear","No",8,"6-10","No",NA,NA,"B: Evident Injury","Driveway / Alley","Black","Male",NA,"70+","No",NA,"31-35 mph","O: No Injury","White","Female","Passenger Car","No","25MAY2013","Saturday","Parallel Paths - Other Circumstances",13,"Non-Intersection","May","B: Evident Injury",46800,"Bicyclist Ride Out - Parallel Path",2013,"No","No","Daylight","Straight - Level","Local Street","Dry","Two-Way, Not Divided","None","No Special Feature","Smooth Asphalt",0,0,0,0,0,0,0,"2 lanes",2,0,NA,0,NA
7044,1247,"Lenoir","Caldwell","Mountains","Commercial","Mixed (30% To 70% Developed)","PVA 945 BLOWING ROCK BLVD","Urban","5 - 15 MPH","Stop Sign","Clear","No",38,"30-39","No",NA,"Not Applicable","B: Evident Injury","Non-Roadway","Black","Male",NA,"70+","No",NA,"6-10 mph","O: No Injury","White","Female","Passenger Car","No","11JUL2013","Thursday","Non-Roadway",9,"Non-Roadway","July","B: Evident Injury",32820,"Non-Roadway",2013,"No","No","Daylight","Straight - Level","Public Vehicular Area","Dry","Two-Way, Not Divided","None","No Special Feature","Smooth Asphalt",0,0,0,0,0,0,0,"8 lanes",2,0,NA,0,NA
7045,1251,"Rocky Mount","Nash","Coastal","Commercial","Urban (>70% Developed)","N FRANKLIN ST","Urban","30 - 35  MPH","Stop And Go Signal","Clear","No",14,"11-15","No",NA,"Facing Traffic","C: Possible Injury","Travel Lane","Black","Male",53,"50-59","No",NA,"21-25 mph","O: No Injury","White","Male","Passenger Car","No","13JUN2013","Thursday","Head-On",13,"Intersection","June","C: Possible Injury",48900,"Head-On - Bicyclist",2013,"Yes","No","Daylight","Straight - Level","Local Street","Dry","One-Way, Not Divided","None","No Special Feature","Coarse Asphalt",0,0,0,0,0,0,0,"2 lanes",2,0,NA,0,NA
7046,1203,"Burlington","Alamance","Piedmont","Commercial","Urban (>70% Developed)","PVA 535 HUFFMAN MILL RD","Urban",NA,"No Control Present","Clear","No",29,"25-29","No",NA,"Facing Traffic","B: Evident Injury","Sidewalk / Crosswalk / Driveway Crossing","White","Male",NA,NA,"Missing",NA,"0-5 mph","Unknown Injury","Unknown/Missing",NA,NA,"No","24JUN2013","Monday","Motorist Failed to Yield - Midblock",16,"Non-Intersection","June","B: Evident Injury",60660,"Motorist Drive Out - Commercial Driveway / Alley",2013,"No","Yes","Daylight","Straight - Grade","Local Street","Dry","Two-Way, Divided, Unprotected Median","None","No Special Feature","Smooth Asphalt",0,0,0,0,0,0,0,"3 lanes",2,0,NA,0,NA
7047,1179,"Raleigh","Wake","Piedmont","Commercial","Mixed (30% To 70% Developed)","WESTGATE RD","Urban","50 - 55  MPH","Stop And Go Signal","Clear","No",36,"30-39","No",NA,"With Traffic","A: Disabling Injury","Travel Lane","White","Male",44,"40-49","No",NA,"26-30 mph","O: No Injury","Other","Female","Passenger Car","No","15JUN2013","Saturday","Bicyclist Failed to Yield - Signalized Intersection",23,"Intersection","June","A: Disabling Injury",83400,"Bicyclist Ride Through - Signalized Intersection",2013,"Yes","No","Dark - Roadway Not Lighted","Straight - Level","Local Street","Dry","Two-Way, Not Divided","None","No Special Feature","Coarse Asphalt",0,0,0,0,0,0,0,"4 lanes",2,0,NA,0,NA
7048,1196,"None - Rural Crash","Yadkin","Mountains","Farms, Woods, Pastures","Rural (<30% Developed)","SR 1300","Rural","50 - 55  MPH","Double Yellow Line, No Passing Zone","Clear","No",34,"30-39","No",NA,"With Traffic","B: Evident Injury","Travel Lane","White","Male",NA,"70+","No",NA,"41-45 mph","O: No Injury","White","Female","Pickup","No","24JUN2013","Monday","Motorist Overtaking Bicyclist",7,"Non-Intersection","June","B: Evident Injury",26580,"Motorist Overtaking - Undetected Bicyclist",2013,"Yes","No","Daylight","Straight - Grade","State Secondary Route","Dry","Two-Way, Divided, Unprotected Median","None","No Special Feature","Smooth Asphalt",0,0,0,0,0,0,0,"2 lanes",2,0,NA,0,NA
7049,1172,"None - Rural Crash","Hoke","Coastal","Residential","Mixed (30% To 70% Developed)","SR 1305","Rural","40 - 45  MPH","Double Yellow Line, No Passing Zone","Clear","No",17,"16-19","No",NA,"With Traffic","O: No Injury","Travel Lane","White","Male",39,"30-39","No",NA,"41-45 mph","O: No Injury","White","Female","Passenger Car","No","17MAY2013","Friday","Motorist Overtaking Bicyclist",18,"Non-Intersection","May","O: No Injury",67560,"Motorist Overtaking - Bicyclist Swerved",2013,"No","No","Daylight","Straight - Grade","State Secondary Route","Dry","Two-Way, Not Divided","None","No Special Feature","Coarse Asphalt",0,0,0,0,0,0,0,"2 lanes",2,0,NA,0,NA
7050,1197,"Boone","Watauga","Mountains","Commercial","Urban (>70% Developed)","BLOWING ROCK RD","Urban","30 - 35  MPH","Other","Clear","No",24,"20-24","No",NA,"Facing Traffic","C: Possible Injury","Travel Lane","White","Male",49,"40-49","No",NA,"0-5 mph","O: No Injury","White","Male","Sport Utility","No","28MAY2013","Tuesday","Motorist Failed to Yield - Midblock",15,"Non-Intersection","May","C: Possible Injury",57420,"Motorist Drive Out - Commercial Driveway / Alley",2013,"Yes","No","Daylight","Straight - Level","US Route","Dry","Two-Way, Not Divided","None","No Special Feature","Smooth Asphalt",0,0,0,0,0,0,0,"5 lanes",2,0,NA,0,NA
7051,1208,"Charlotte","Mecklenburg","Piedmont","Commercial","Urban (>70% Developed)","PVA 1609 SARDIS RD NORTH","Urban","5 - 15 MPH","Stop Sign","Clear","No",23,"20-24","No",NA,"Facing Traffic","B: Evident Injury","Sidewalk / Crosswalk / Driveway Crossing","Black","Male",33,"30-39","No",NA,"6-10 mph","O: No Injury","White","Female","Van","No","29JUN2013","Saturday","Motorist Failed to Yield - Midblock",16,"Non-Intersection","June","B: Evident Injury",60060,"Motorist Drive Out - Commercial Driveway / Alley",2013,"Yes","No","Daylight","Straight - Grade","Local Street","Dry","Two-Way, Divided, Unprotected Median","None","No Special Feature","Smooth Asphalt",0,0,0,0,0,0,0,"4 lanes",2,0,NA,0,NA
7052,1222,"None - Rural Crash","New Hanover","Coastal","Commercial","Mixed (30% To 70% Developed)","US 421","Rural","40 - 45  MPH","No Control Present","Clear","No",17,"16-19","No",NA,"With Traffic","C: Possible Injury","Travel Lane","White","Male",22,"20-24","No",NA,"46-50 mph","O: No Injury","White","Male","Passenger Car","No","04JUL2013","Thursday","Motorist Overtaking Bicyclist",23,"Non-Intersection","July","C: Possible Injury",82800,"Motorist Overtaking - Other / Unknown",2013,"Yes","No","Daylight","Straight - Level","US Route","Dry","Two-Way, Divided, Unprotected Median","None","No Special Feature","Coarse Asphalt",0,0,0,0,0,0,0,"4 lanes",2,0,NA,0,NA
7053,1227,"None - Rural Crash","Buncombe","Mountains","Farms, Woods, Pastures","Rural (<30% Developed)","NC 694","Rural","40 - 45  MPH","Double Yellow Line, No Passing Zone","Clear","No",61,"60-69","No",NA,"With Traffic","B: Evident Injury","Travel Lane","White","Male",NA,"70+","No",NA,"6-10 mph","O: No Injury","White","Female","Passenger Car","No","02JUL2013","Tuesday","Motorist Left Turn / Merge",16,"Intersection","July","B: Evident Injury",60180,"Motorist Left Turn - Opposite Direction",2013,"Yes","No","Daylight","Straight - Level","NC Route","Dry","Two-Way, Not Divided","None","No Special Feature","Smooth Asphalt",0,0,0,0,0,0,0,"2 lanes",2,0,NA,0,NA
7054,1239,"None - Rural Crash","New Hanover","Coastal","Residential","Urban (>70% Developed)","SR 2772","Rural","30 - 35  MPH","No Control Present","Clear","No",16,"16-19","No",NA,"With Traffic","B: Evident Injury","Travel Lane","White","Male",26,"25-29","No",NA,"16-20 mph","O: No Injury","White","Male","Passenger Car","No","06JUL2013","Saturday","Motorist Overtaking Bicyclist",16,"Non-Intersection","July","B: Evident Injury",60240,"Motorist Overtaking - Other / Unknown",2013,"No","No","Daylight","Straight - Level","State Secondary Route","Dry","Two-Way, Not Divided","None","No Special Feature","Coarse Asphalt",0,0,0,0,0,0,0,"2 lanes",2,0,NA,0,NA
7055,1210,"Durham","Durham","Piedmont","Commercial","Urban (>70% Developed)","GUESS RD","Urban","30 - 35  MPH","No Control Present","Rain","No",22,"20-24","No",NA,"With Traffic","B: Evident Injury","Travel Lane","White","Female",20,"20-24","No",NA,"36-40 mph","O: No Injury","Black","Male","Sport Utility","No","30JUN2013","Sunday","Motorist Overtaking Bicyclist",15,"Non-Intersection","June","B: Evident Injury",54720,"Motorist Overtaking - Other / Unknown",2013,"Yes","No","Daylight","Straight - Level","Local Street","Water (Standing, Moving)","Two-Way, Not Divided","None","No Special Feature","Smooth Asphalt",0,0,0,0,0,0,0,"5 lanes",2,0,NA,0,NA
7056,1228,"None - Rural Crash","Harnett","Coastal","Farms, Woods, Pastures","Rural (<30% Developed)","NC 24","Rural","50 - 55  MPH","No Control Present","Clear","No",9,"6-10","No",NA,"With Traffic","A: Disabling Injury","Travel Lane","White","Male",24,"20-24","No",NA,"51-55 mph","O: No Injury","White","Female","Passenger Car","No","06JUL2013","Saturday","Bicyclist Left Turn / Merge",19,"Intersection-Related","July","A: Disabling Injury",71280,"Bicyclist Left Turn - Same Direction",2013,"Yes","No","Daylight","Straight - Level","NC Route","Dry","Two-Way, Not Divided","None","No Special Feature","Smooth Asphalt",0,0,0,0,0,0,0,"2 lanes",2,0,NA,0,NA
7057,1134,"Charlotte","Mecklenburg","Piedmont","Commercial","Urban (>70% Developed)","PVA 100 E 4TH ST","Urban","5 - 15 MPH","No Control Present","Clear","No",41,"40-49","No",NA,"Facing Traffic","B: Evident Injury","Sidewalk / Crosswalk / Driveway Crossing","White","Male",42,"40-49","No",NA,NA,"O: No Injury","Black","Male","Passenger Car","No","29MAY2013","Wednesday","Motorist Failed to Yield - Sign-Controlled Intersection",19,"Intersection-Related","May","B: Evident Injury",69060,"Motorist Drive Out - Sign-Controlled Intersection",2013,"No","No","Daylight","Straight - Level","Public Vehicular Area","Dry","Two-Way, Not Divided","None","No Special Feature","Concrete",0,0,0,0,0,0,0,"1 lane",2,0,NA,0,NA
7058,1132,"Greensboro","Guilford","Piedmont","Commercial","Urban (>70% Developed)","SPRING GARDEN ST","Urban","30 - 35  MPH","No Control Present","Clear","No",21,"20-24","No",NA,"With Traffic","C: Possible Injury","Bike Lane / Paved Shoulder","White","Male",25,"25-29","No",NA,"11-15 mph","O: No Injury","White","Female","Passenger Car","No","29MAY2013","Wednesday","Motorist Failed to Yield - Midblock",21,"Non-Intersection","May","C: Possible Injury",78360,"Motorist Drive Out - Commercial Driveway / Alley",2013,"Yes","No","Dark - Lighted Roadway",NA,"Local Street","Dry","Two-Way, Divided, Unprotected Median","None","Driveway, Public","Smooth Asphalt",0,0,0,0,0,0,0,"2 lanes",2,0,NA,0,NA
7059,1144,"Washington","Beaufort","Coastal","Residential","Urban (>70% Developed)","BRIDGE ST","Urban","30 - 35  MPH","Stop Sign","Clear","No",35,"30-39","No",NA,"Facing Traffic","C: Possible Injury","Travel Lane","Black","Female",49,"40-49","No",NA,"0-5 mph","O: No Injury","White","Female","Passenger Car","No","17MAY2013","Friday","Motorist Failed to Yield - Sign-Controlled Intersection",9,"Intersection","May","C: Possible Injury",34020,"Motorist Drive Out - Sign-Controlled Intersection",2013,"Yes","No","Daylight","Straight - Level","Local Street","Dry","Two-Way, Not Divided","None","T-Intersection","Coarse Asphalt",0,0,0,0,0,0,0,"2 lanes",2,0,NA,0,NA
7060,1146,"None - Rural Crash","Onslow","Coastal","Residential","Mixed (30% To 70% Developed)","SR 2307","Rural","30 - 35  MPH","No Control Present","Clear","No",45,"40-49","No",NA,"With Traffic","C: Possible Injury","Travel Lane","White","Male",26,"25-29","Missing",NA,"0-5 mph","O: No Injury","White","Male","Police","No","31MAY2013","Friday","Bicyclist Overtaking Motorist",19,"Non-Intersection","May","C: Possible Injury",71340,"Bicyclist Overtaking - Other / Unknown",2013,"No","No","Dusk","Straight - Level","State Secondary Route","Dry","Two-Way, Not Divided","None","No Special Feature","Smooth Asphalt",0,0,0,0,0,0,0,"2 lanes",2,0,NA,0,NA
7061,1150,"Durham","Durham","Piedmont","Commercial","Urban (>70% Developed)","W MAIN ST","Urban","30 - 35  MPH","Stop And Go Signal","Rain","No",36,"30-39","No",NA,"With Traffic","C: Possible Injury","Travel Lane","White","Female",21,"20-24","No",NA,"11-15 mph","O: No Injury","Black","Male","Sport Utility","No","18MAY2013","Saturday","Motorist Left Turn / Merge",13,"Intersection","May","C: Possible Injury",47700,"Motorist Left Turn - Opposite Direction",2013,"Yes","No","Daylight","Straight - Level","Local Street","Wet","Two-Way, Not Divided","None","Four-Way Intersection","Smooth Asphalt",0,0,0,0,0,0,0,"2 lanes",2,0,NA,0,NA