"...1","object_id","city","county","region","development","locality","on_road","rural_urban","speed_limit","traffic_control","weather","workzone","bike_age","bike_age_group","bike_alcohol","bike_alcohol_drugs","bike_direction","bike_injury","bike_position","bike_race","bike_sex","driver_age","driver_age_group","driver_alcohol","driver_alcohol_drugs","driver_est_speed","driver_injury","driver_race","driver_sex","driver_vehicle_type","crash_alcohol","crash_date","crash_day","crash_group","crash_hour","crash_location","crash_month","crash_severity","crash_time","crash_type","crash_year","ambulance_req","hit_run","light_condition","road_character","road_class","road_condition","road_configuration","road_defects","road_feature","road_surface","num_bikes_ai","num_bikes_bi","num_bikes_ci","num_bikes_ki","num_bikes_no","num_bikes_to","num_bikes_ui","num_lanes","num_units","distance_mi_from","frm_road","rte_invd_cd","towrd_road"
7062,1125,"Greenville","Pitt","Coastal","Institutional","Urban (>70% Developed)","ORMOND ST","Urban","5 - 15 MPH","Stop And Go Signal","Clear","No",19,"16-19","No",NA,NA,"C: Possible Injury","Sidewalk / Crosswalk / Driveway Crossing","Black","Male",20,"20-24","No",NA,"6-10 mph","O: No Injury","White","Male","Passenger Car","No","16MAY2013","Thursday","Bicyclist Failed to Yield - Signalized Intersection",11,"Intersection-Related","May","C: Possible Injury",41760,"Bicyclist Ride Out - Signalized  Intersection",2013,"Yes","No","Daylight","Curve - Level","State Secondary Route","Dry","One-Way, Not Divided","None","Related To Intersection","Smooth Asphalt",0,0,0,0,0,0,0,"2 lanes",2,0,NA,0,NA
7063,1097,"Durham","Durham","Piedmont","Commercial","Mixed (30% To 70% Developed)","S MIAMI BLVD","Urban","40 - 45  MPH","Stop And Go Signal","Clear","No",38,"30-39","No",NA,"With Traffic","O: No Injury","Travel Lane","White","Female",NA,NA,"No",NA,"41-45 mph","Unknown Injury","Unknown/Missing",NA,"Passenger Car","No","14MAY2013","Tuesday","Motorist Overtaking Bicyclist",13,"Intersection-Related","May","O: No Injury",46800,"Motorist Overtaking - Other / Unknown",2013,"No","Yes","Daylight","Straight - Level","Local Street","Dry","Two-Way, Divided, Unprotected Median","None","No Special Feature","Smooth Asphalt",0,0,0,0,0,0,0,"4 lanes",2,0,NA,0,NA
7064,1089,"None - Rural Crash","Duplin","Coastal","Residential","Rural (<30% Developed)","NC 403","Rural","50 - 55  MPH","Double Yellow Line, No Passing Zone","Clear","No",18,"16-19","No",NA,"Not Applicable","B: Evident Injury","Driveway / Alley","Hispanic","Male",38,"30-39","No",NA,"11-15 mph","O: No Injury","Black","Male","Passenger Car","No","12MAY2013","Sunday","Bicyclist Failed to Yield - Midblock",16,"Non-Intersection","May","B: Evident Injury",60720,"Bicyclist Ride Out - Residential Driveway",2013,"Yes","No","Daylight","Straight - Level","NC Route","Dry","Two-Way, Not Divided","None","Driveway, Private","Coarse Asphalt",0,0,0,0,0,0,0,"2 lanes",2,0,NA,0,NA
7065,1110,"Raleigh","Wake","Piedmont","Commercial","Urban (>70% Developed)","WEST ST","Urban","30 - 35  MPH","Stop And Go Signal","Clear","No",44,"40-49","No",NA,"With Traffic","B: Evident Injury","Sidewalk / Crosswalk / Driveway Crossing","White","Female",25,"25-29","No",NA,"0-5 mph","O: No Injury","Black","Male","Passenger Car","No","15MAY2013","Wednesday","Motorist Left Turn / Merge",18,"Intersection","May","B: Evident Injury",67020,"Motorist Left Turn - Opposite Direction",2013,"Yes","No","Daylight","Straight - Level","Local Street","Dry","Two-Way, Not Divided","None","No Special Feature","Coarse Asphalt",0,0,0,0,0,0,0,"2 lanes",2,0,NA,0,NA
7066,1130,"Raleigh","Wake","Piedmont","Commercial","Urban (>70% Developed)","FAYETTEVILLE ST","Urban","20 - 25  MPH","No Control Present","Clear","No",25,"25-29","No",NA,"With Traffic","C: Possible Injury","Travel Lane","White","Male",42,"40-49","Missing",NA,"0-5 mph","O: No Injury","White","Male","Passenger Car","No","28MAY2013","Tuesday","Bicyclist Overtaking Motorist",14,"Intersection-Related","May","C: Possible Injury",52020,"Bicyclist Overtaking - Extended Door",2013,"Yes","No","Daylight","Straight - Level","Local Street","Dry","Two-Way, Not Divided","None","No Special Feature","Concrete",0,0,0,0,0,0,0,"2 lanes",2,0,NA,0,NA
7067,1128,"Raleigh","Wake","Piedmont","Residential","Urban (>70% Developed)","EDEN CROFT DR","Urban","30 - 35  MPH","No Control Present","Clear","No",58,"50-59","No",NA,"Facing Traffic","B: Evident Injury","Travel Lane","Other","Male",17,"0-19","No",NA,"0-5 mph","O: No Injury","White","Male","Pickup","No","26MAY2013","Sunday","Motorist Left Turn / Merge",16,"Non-Intersection","May","B: Evident Injury",58620,"Motorist Left Turn - Same Direction",2013,"Yes","No","Daylight","Straight - Grade","Local Street","Dry","Two-Way, Not Divided","None","No Special Feature","Coarse Asphalt",0,0,0,0,0,0,0,"2 lanes",2,0,NA,0,NA
7068,1103,"Raleigh","Wake","Piedmont","Residential","Urban (>70% Developed)","LASSITER MILL RD","Urban","30 - 35  MPH","No Control Present","Cloudy","No",58,"50-59","No",NA,"With Traffic","K: Killed","Travel Lane","White","Male",NA,"70+","No",NA,"0-5 mph","O: No Injury","White","Male","Passenger Car","No","02MAY2013","Thursday","Motorist Left Turn / Merge",18,"Intersection","May","K: Killed",67620,"Motorist Left Turn - Opposite Direction",2013,"Yes","No","Daylight","Straight - Grade","Local Street","Dry","Two-Way, Not Divided","None","Four-Way Intersection","Smooth Asphalt",0,0,0,0,0,0,0,"3 lanes",2,0,NA,0,NA
7069,1102,"Raleigh","Wake","Piedmont","Residential","Urban (>70% Developed)","PARKVILLE DR","Urban","30 - 35  MPH","No Control Present","Clear","No",7,"6-10","No",NA,"Not Applicable","C: Possible Injury","Non-Roadway","Black","Male",48,"40-49","No",NA,"21-25 mph","O: No Injury","Black","Female","Sport Utility","No","23APR2013","Tuesday","Non-Roadway",19,"Non-Roadway","April","C: Possible Injury",68760,"Non-Roadway",2013,"No","No","Daylight","Straight - Level","Local Street","Dry","Two-Way, Not Divided","None","No Special Feature","Coarse Asphalt",0,0,0,0,0,0,0,"2 lanes",2,0,NA,0,NA
7070,1256,"Charlotte","Mecklenburg","Piedmont","Industrial","Urban (>70% Developed)","5135 LAKEVIEW ROAD","Urban","40 - 45  MPH","No Control Present","Cloudy","No",22,"20-24","No",NA,"With Traffic","B: Evident Injury","Travel Lane","White","Female",NA,NA,"Missing",NA,"21-25 mph","Unknown Injury","Unknown/Missing",NA,NA,"No","13JUL2013","Saturday","Motorist Overtaking Bicyclist",18,"Intersection-Related","July","B: Evident Injury",65940,"Motorist Overtaking - Other / Unknown",2013,"No","Yes","Daylight","Straight - Hillcrest","NC Route","Dry","Two-Way, Divided, Unprotected Median","None","No Special Feature","Smooth Asphalt",0,0,0,0,0,0,0,"2 lanes",2,0,NA,0,NA
7071,1260,"High Point","Guilford","Piedmont","Commercial","Urban (>70% Developed)","WESTCHESTER DR","Urban","40 - 45  MPH","No Control Present","Clear","No",24,"20-24","No",NA,"Facing Traffic","C: Possible Injury","Sidewalk / Crosswalk / Driveway Crossing","White","Female",62,"60-69","No",NA,"0-5 mph","O: No Injury","White","Male","Passenger Car","No","25JUN2013","Tuesday","Motorist Failed to Yield - Midblock",14,"Non-Intersection","June","C: Possible Injury",51180,"Motorist Drive Out - Commercial Driveway / Alley",2013,"Yes","No","Daylight","Straight - Level","NC Route","Dry","Two-Way, Not Divided","None","Driveway, Public","Coarse Asphalt",0,0,0,0,0,0,0,"5 lanes",2,0,NA,0,NA
7072,1258,"Greensboro","Guilford","Piedmont","Residential","Urban (>70% Developed)","PVA LINCOLN ST","Urban","5 - 15 MPH","No Control Present","Clear","No",9,"6-10","No",NA,"Facing Traffic","C: Possible Injury","Sidewalk / Crosswalk / Driveway Crossing","Black","Female",NA,NA,"Missing",NA,"0-5 mph","Unknown Injury","Unknown/Missing",NA,"Passenger Car","No","01JUL2013","Monday","Backing Vehicle",18,"Non-Intersection","July","C: Possible Injury",67560,"Backing Vehicle",2013,"Yes","Yes","Daylight","Straight - Level","Private Road, Driveway","Dry",NA,"None","Driveway, Private","Concrete",0,0,0,0,0,0,0,"1 lane",2,0,NA,0,NA
7073,1261,"None - Rural Crash","Orange","Piedmont","Farms, Woods, Pastures","Rural (<30% Developed)","SR 1841","Rural","40 - 45  MPH","Double Yellow Line, No Passing Zone","Clear","No",53,"50-59","No",NA,"With Traffic","B: Evident Injury","Travel Lane","Other","Male",46,"40-49","No",NA,"41-45 mph","O: No Injury","Black","Male","Sport Utility","No","16JUL2013","Tuesday","Motorist Overtaking Bicyclist",19,"Non-Intersection","July","B: Evident Injury",70620,"Motorist Overtaking - Undetected Bicyclist",2013,"Yes","No","Daylight","Straight - Grade","State Secondary Route","Dry","Two-Way, Not Divided","None","No Special Feature","Smooth Asphalt",0,0,0,0,0,0,0,"2 lanes",2,0,NA,0,NA
7074,1268,"Raleigh","Wake","Piedmont","Residential","Urban (>70% Developed)","GLENWOOD AVE","Urban","30 - 35  MPH","Stop And Go Signal","Clear","No",28,"25-29","No",NA,"With Traffic","C: Possible Injury","Travel Lane","White","Male",NA,NA,"Missing",NA,"21-25 mph","Unknown Injury","Unknown/Missing",NA,"Sport Utility","No","17JUL2013","Wednesday","Motorist Right Turn / Merge",17,"Non-Intersection","July","C: Possible Injury",63360,"Motorist Right Turn - Same Direction",2013,"No","Yes","Daylight","Straight - Hillcrest","Local Street","Dry","Two-Way, Divided, Unprotected Median","None","No Special Feature","Smooth Asphalt",0,0,0,0,0,0,0,"4 lanes",2,0,NA,0,NA
7075,1277,"Raleigh","Wake","Piedmont","Commercial","Urban (>70% Developed)","LAKE WHEELER RD","Urban","40 - 45  MPH","Stop And Go Signal","Cloudy","No",19,"16-19","No",NA,"With Traffic","C: Possible Injury","Travel Lane","Other","Male",NA,"70+","No",NA,"16-20 mph","O: No Injury","White","Female","Van","No","22JUL2013","Monday","Bicyclist Left Turn / Merge",10,"Intersection","July","C: Possible Injury",36600,"Bicyclist Left Turn - Opposite Direction",2013,"Yes","No","Daylight","Straight - Level","Local Street","Dry","Two-Way, Divided, Unprotected Median","None","Four-Way Intersection","Smooth Asphalt",0,0,0,0,0,0,0,"6 lanes",2,0,NA,0,NA
7076,1266,"Gastonia","Gaston","Piedmont","Commercial","Urban (>70% Developed)","S NEW HOPE RD","Urban","40 - 45  MPH","Stop And Go Signal","Cloudy","No",55,"50-59","No",NA,"With Traffic","B: Evident Injury","Travel Lane","White","Male",42,"40-49","No",NA,"21-25 mph","O: No Injury","Black","Female","Passenger Car","No","30JUN2013","Sunday","Motorist Left Turn / Merge",8,"Intersection","June","B: Evident Injury",30360,"Motorist Left Turn - Opposite Direction",2013,"No","No","Daylight","Straight - Level","NC Route","Wet","Two-Way, Not Divided","None","Driveway, Public","Smooth Asphalt",0,0,0,0,0,0,0,"2 lanes",2,0,NA,0,NA
7077,1338,"None - Rural Crash","Robeson","Coastal","Residential","Rural (<30% Developed)","SR 1108","Rural","50 - 55  MPH","Double Yellow Line, No Passing Zone","Clear","No",8,"6-10","No",NA,"Facing Traffic","A: Disabling Injury","Travel Lane","Black","Female",18,"0-19","No",NA,"36-40 mph","O: No Injury","Native American","Male","Passenger Car","No","10AUG2013","Saturday","Bicyclist Failed to Yield - Midblock",14,"Non-Intersection","August","A: Disabling Injury",51540,"Bicyclist Ride Out - Residential Driveway",2013,"Yes","No","Daylight","Straight - Grade","State Secondary Route","Dry","Two-Way, Not Divided","None","Driveway, Private","Coarse Asphalt",0,0,0,0,0,0,0,"2 lanes",2,0,NA,0,NA
7078,1315,"None - Rural Crash","Rowan","Piedmont","Farms, Woods, Pastures","Rural (<30% Developed)","SR 1915","Rural","40 - 45  MPH","No Control Present","Clear","No",47,"40-49","No",NA,"Facing Traffic","A: Disabling Injury","Travel Lane","White","Male",47,"40-49","No",NA,"41-45 mph","O: No Injury","White","Male","Pickup","No","03AUG2013","Saturday","Bicyclist Left Turn / Merge",14,"Non-Intersection","August","A: Disabling Injury",50880,"Bicyclist Left Turn - Opposite Direction",2013,"Yes","No","Daylight","Straight - Grade","State Secondary Route","Dry","Two-Way, Not Divided","None","No Special Feature","Smooth Asphalt",0,0,0,0,0,0,0,"2 lanes",3,0,NA,0,NA
7079,1318,"Whiteville","Columbus","Coastal","Commercial","Urban (>70% Developed)","W COLUMBUS ST","Urban","30 - 35  MPH","No Control Present","Clear","No",56,"50-59","No",NA,"Not Applicable","B: Evident Injury","Non-Roadway","Black","Male",42,"40-49","No",NA,"21-25 mph","O: No Injury","Black","Male","Sport Utility","No","05AUG2013","Monday","Bicyclist Failed to Yield - Midblock",18,"Non-Intersection","August","B: Evident Injury",66960,"Bicyclist Ride Out - Midblock - Unknown",2013,"Yes","No","Daylight","Straight - Level","Local Street","Dry","Two-Way, Not Divided","None","No Special Feature","Coarse Asphalt",0,0,0,0,0,0,0,"1 lane",2,0,NA,0,NA
7080,1365,"Kannapolis","Cabarrus","Piedmont","Residential","Urban (>70% Developed)","FISHER ST","Urban","30 - 35  MPH","Stop Sign","Clear","No",14,"11-15","No",NA,NA,"C: Possible Injury","Travel Lane","Black","Male",65,"60-69","No",NA,"6-10 mph","O: No Injury","White","Female","Passenger Car","No","28JUL2013","Sunday","Bicyclist Failed to Yield - Sign-Controlled Intersection",17,"Intersection","July","C: Possible Injury",63180,"Bicyclist Ride Through - Sign-Controlled Intersection",2013,"Yes","No","Daylight","Straight - Hillcrest","Local Street","Dry","Two-Way, Divided, Unprotected Median","None","T-Intersection","Smooth Asphalt",0,0,0,0,0,0,0,"2 lanes",2,0,NA,0,NA
7081,1340,"Red Springs","Robeson","Coastal","Residential","Mixed (30% To 70% Developed)","PEACHTREE ST","Rural","20 - 25  MPH","Stop Sign","Clear","No",36,"30-39","No",NA,"With Traffic","C: Possible Injury","Travel Lane","Black","Male",18,"0-19","No",NA,"0-5 mph","O: No Injury","Native American","Male","Pickup","No","27JUL2013","Saturday","Motorist Failed to Yield - Sign-Controlled Intersection",12,"Intersection","July","C: Possible Injury",44100,"Motorist Drive Out - Sign-Controlled Intersection",2013,"Yes","No","Daylight","Straight - Level","Local Street","Dry","Two-Way, Not Divided","None","T-Intersection","Smooth Asphalt",0,0,0,0,0,0,0,"2 lanes",2,0,NA,0,NA
7082,1355,"Pineville","Mecklenburg","Piedmont","Commercial","Urban (>70% Developed)","S POLK ST","Rural","30 - 35  MPH","Stop And Go Signal","Cloudy","No",43,"40-49","No",NA,"With Traffic","O: No Injury",NA,"White","Female",16,"0-19","No",NA,"6-10 mph","O: No Injury","White","Male","Sport Utility","No","17JUL2013","Wednesday","Loss of Control / Turning Error",15,"Intersection","July","O: No Injury",55680,"Motorist Turning Error - Right Turn",2013,"No","No","Daylight","Straight - Level","Local Street","Dry","Two-Way, Divided, Unprotected Median","None","No Special Feature","Smooth Asphalt",0,0,0,0,0,0,0,"2 lanes",2,0,NA,0,NA
7083,1345,"Fuquay-Varina","Wake","Piedmont","Commercial","Urban (>70% Developed)","NC 42","Urban","20 - 25  MPH","No Control Present","Clear","No",38,"30-39","No",NA,"With Traffic","A: Disabling Injury","Travel Lane","White","Female",68,"60-69","No",NA,"21-25 mph","O: No Injury","Native American","Female","Van","No","25JUL2013","Thursday","Motorist Right Turn / Merge",19,"Intersection","July","A: Disabling Injury",71040,"Motorist Right Turn - Same Direction",2013,"No","No","Daylight","Straight - Level","NC Route","Dry","Two-Way, Not Divided","None","No Special Feature","Smooth Asphalt",0,0,0,0,0,0,0,"2 lanes",2,0,NA,0,NA
7084,1391,"None - Rural Crash","Davidson","Piedmont","Residential","Rural (<30% Developed)","SR 1319","Rural","50 - 55  MPH","No Control Present","Clear","No",14,"11-15","No",NA,"With Traffic","B: Evident Injury","Travel Lane","White","Male",22,"20-24","No",NA,"41-45 mph","O: No Injury","White","Male","Passenger Car","No","25AUG2013","Sunday","Bicyclist Left Turn / Merge",16,"Non-Intersection","August","B: Evident Injury",60000,"Bicyclist Left Turn - Same Direction",2013,"No","No","Daylight","Straight - Level","State Secondary Route","Dry","Two-Way, Not Divided","None","Driveway, Private","Smooth Asphalt",0,0,0,0,0,0,0,"2 lanes",2,0,NA,0,NA
7085,1386,"Raleigh","Wake","Piedmont","Residential","Urban (>70% Developed)","WAYNE ST","Urban","30 - 35  MPH","No Control Present","Clear","No",50,"50-59","No",NA,"With Traffic","B: Evident Injury","Travel Lane","Black","Male",42,"40-49","No",NA,"0-5 mph","O: No Injury","Black","Male","Passenger Car","No","24AUG2013","Saturday","Motorist Left Turn / Merge",6,"Intersection","August","B: Evident Injury",23940,"Motorist Left Turn - Opposite Direction",2013,"Yes","No","Dark - Lighted Roadway","Straight - Level","Local Street","Dry","Two-Way, Not Divided","None","T-Intersection","Smooth Asphalt",0,0,0,0,0,0,0,"4 lanes",2,0,NA,0,NA
7086,1388,"Wilson","Wilson","Coastal","Commercial","Urban (>70% Developed)","500 MERCER ST","Urban","30 - 35  MPH","Stop Sign","Cloudy","No",28,"25-29","No",NA,"With Traffic","C: Possible Injury","Travel Lane","Black","Male",63,"60-69","No",NA,"6-10 mph","O: No Injury","Black","Male","Van","No","03AUG2013","Saturday","Crossing Paths - Other Circumstances",19,"Intersection","August","C: Possible Injury",69960,"Sign-Controlled Intersection - Other / Unknown",2013,"Yes","No","Daylight","Straight - Level","Local Street","Dry","Two-Way, Not Divided","None","T-Intersection","Coarse Asphalt",0,0,0,0,0,0,0,"2 lanes",2,0,NA,0,NA
7087,1383,"Durham","Durham","Piedmont","Residential","Urban (>70% Developed)","PVA 621 E MAIN ST","Urban","20 - 25  MPH","No Control Present","Other","No",2,"0-5","No",NA,"Not Applicable","O: No Injury","Non-Roadway","Black","Male",NA,NA,"Missing",NA,"0-5 mph","Unknown Injury","Unknown/Missing",NA,"Passenger Car","No","21AUG2013","Wednesday","Non-Roadway",16,"Non-Roadway","August","O: No Injury",59400,"Non-Roadway",2013,"No","Yes","Daylight","Straight - Grade","Public Vehicular Area",NA,"Two-Way, Not Divided","None","No Special Feature","Smooth Asphalt",0,0,0,0,0,0,0,NA,2,0,NA,0,NA
7088,1390,"Durham","Durham","Piedmont","Residential","Urban (>70% Developed)","PVA CHALK LEVEL RD","Urban","5 - 15 MPH","No Control Present","Clear","No",9,"6-10","No",NA,"Not Applicable","B: Evident Injury","Non-Roadway","Black","Male",52,"50-59","No",NA,"0-5 mph","O: No Injury","Hispanic","Female","Passenger Car","No","25AUG2013","Sunday","Non-Roadway",11,"Non-Roadway","August","B: Evident Injury",42840,"Non-Roadway",2013,"No","No","Daylight","Straight - Level","Public Vehicular Area","Dry","Two-Way, Not Divided","None","No Special Feature","Coarse Asphalt",0,0,0,0,0,0,0,NA,2,0,NA,0,NA
7089,1399,"Greensboro","Guilford","Piedmont","Commercial","Urban (>70% Developed)","S EUGENE ST","Urban","30 - 35  MPH","Stop And Go Signal","Clear","No",37,"30-39","No",NA,"Facing Traffic","C: Possible Injury","Sidewalk / Crosswalk / Driveway Crossing","Black","Male",54,"50-59","No",NA,"0-5 mph","O: No Injury","White","Female","Sport Utility","No","31AUG2013","Saturday","Motorist Failed to Yield - Signalized Intersection",11,"Intersection","August","C: Possible Injury",40260,"Motorist Drive Out - Right Turn on Red",2013,"Yes","No","Daylight","Straight - Level","Local Street","Dry","Two-Way, Divided, Unprotected Median","None","No Special Feature","Smooth Asphalt",0,0,0,0,0,0,0,"5 lanes",2,0,NA,0,NA
7090,1421,"Durham","Durham","Piedmont","Commercial","Urban (>70% Developed)","HILLSBOROUGH RD","Urban","30 - 35  MPH","Stop And Go Signal","Clear","No",58,"50-59","No",NA,"Facing Traffic","C: Possible Injury","Sidewalk / Crosswalk / Driveway Crossing","White","Male",62,"60-69","No",NA,"0-5 mph","O: No Injury","Black","Female","Passenger Car","No","05SEP2013","Thursday","Motorist Failed to Yield - Signalized Intersection",12,"Intersection","September","C: Possible Injury",43620,"Motorist Drive Out - Signalized Intersection",2013,"Yes","No","Daylight","Straight - Grade","Local Street","Dry","Two-Way, Not Divided","None","On or Off Ramp","Grooved Concrete",0,0,0,0,0,0,0,"2 lanes",2,0,NA,0,NA
7091,1416,"Greensboro","Guilford","Piedmont","Institutional","Urban (>70% Developed)","SPRING GARDEN ST","Urban","20 - 25  MPH","No Control Present","Clear","No",33,"30-39","No",NA,"With Traffic","B: Evident Injury","Bike Lane / Paved Shoulder","White","Male",22,"20-24","No",NA,"0-5 mph","O: No Injury","White","Male","Passenger Car","No","05SEP2013","Thursday","Motorist Right Turn / Merge",11,"Non-Intersection","September","B: Evident Injury",39660,"Motorist Right Turn - Same Direction",2013,"Yes","No","Daylight","Straight - Level","Local Street","Dry","Two-Way, Divided, Positive Median Barrier","None","Other","Smooth Asphalt",0,0,0,0,0,0,0,"3 lanes",2,0,NA,0,NA
7092,1425,"Emerald Isle","Carteret","Coastal","Commercial","Urban (>70% Developed)","MANGROVE BLVD","Rural","20 - 25  MPH","No Control Present","Clear","No",56,"50-59","No",NA,"With Traffic","B: Evident Injury","Multi-use Path","Black","Female",44,"40-49","No",NA,"0-5 mph","O: No Injury","White","Female","Passenger Car","No","10AUG2013","Saturday","Crossing Paths - Other Circumstances",10,"Intersection-Related","August","B: Evident Injury",36420,"Crossing Paths - Uncontrolled Intersection",2013,"No","No","Daylight","Straight - Level","Local Street","Dry","Two-Way, Not Divided","None","No Special Feature","Coarse Asphalt",0,0,0,0,0,0,0,"2 lanes",2,0,NA,0,NA
7093,4928,"Rocky Mount","Edgecombe","Coastal","Residential","Rural (<30% Developed)",NA,"Urban","20 - 25  MPH","No Control Present","Clear","No",11,"11-15","No",NA,"With Traffic","B: Evident Injury","Travel Lane","Black","Female",39,"30-39","No",NA,"11-15 mph","O: No Injury","Black","Female","Passenger Car","No","12MAY2009","Tuesday","Motorist Failed to Yield - Sign-Controlled Intersection",18,"Intersection","May","B: Evident Injury",66900,"Motorist Drive Out - Sign-Controlled Intersection",2009,"Yes","No","Daylight","Straight - Level","Local Street","Dry","Two-Way, Not Divided","None","No Special Feature","Smooth Asphalt",0,0,0,0,0,0,0,"2 lanes",2,0,NA,0,NA
7094,4929,"Salisbury","Rowan","Piedmont","Commercial","Urban (>70% Developed)",NA,"Urban","30 - 35  MPH","Stop And Go Signal","Clear","No",17,"16-19","No",NA,"With Traffic","O: No Injury","Sidewalk / Crosswalk / Driveway Crossing","White","Male",57,"50-59","No",NA,"16-20 mph","C: Possible Injury","White","Male","Pickup","No","30JUN2009","Tuesday","Motorist Failed to Yield - Signalized Intersection",12,"Intersection","June","C: Possible Injury",44400,"Motorist Drive Through - Signalized Intersection",2009,"No","No","Daylight","Straight - Level","Local Street","Dry","Two-Way, Not Divided","None","Four-Way Intersection","Coarse Asphalt",0,0,0,0,0,0,0,"3 lanes",2,0,NA,0,NA
7095,4937,"Erwin","Harnett","Coastal","Residential","Urban (>70% Developed)",NA,"Rural","30 - 35  MPH","No Control Present","Clear","No",16,"16-19","No",NA,"With Traffic","O: No Injury","Travel Lane","White","Male",29,"25-29","No",NA,"31-35 mph","O: No Injury","White","Male","Van","No","23JUN2009","Tuesday","Motorist Overtaking Bicyclist",16,"Intersection","June","O: No Injury",57600,"Motorist Overtaking - Undetected Bicyclist",2009,"No","No","Daylight",NA,NA,"Dry",NA,"None","No Special Feature",NA,0,0,0,0,0,0,0,NA,2,0,NA,0,NA
7096,4940,"High Point","Guilford","Piedmont","Residential","Urban (>70% Developed)",NA,"Urban","30 - 35  MPH","Stop Sign","Clear","No",16,"16-19","No",NA,"With Traffic","C: Possible Injury","Travel Lane","Black","Male",55,"50-59","No",NA,"0-5 mph","O: No Injury","White","Female","Passenger Car","No","25JUN2009","Thursday","Parallel Paths - Other Circumstances",23,"Intersection","June","C: Possible Injury",83220,"Motorist Turn / Merge - Other / Unknown",2009,"Yes","No","Dark - Lighted Roadway","Straight - Level","Local Street","Dry","Two-Way, Not Divided","None","T-Intersection","Coarse Asphalt",0,0,0,0,0,0,0,"4 lanes",2,0,NA,0,NA
7097,4946,"Monroe","Union","Piedmont","Residential","Urban (>70% Developed)",NA,"Urban","20 - 25  MPH","No Control Present","Clear","No",10,"6-10","No",NA,"Not Applicable","C: Possible Injury","Non-Roadway","Black","Male",34,"30-39","No",NA,"11-15 mph","O: No Injury","White","Male","Pickup","No","28JUN2009","Sunday","Bicyclist Failed to Yield - Midblock",18,"Non-Intersection","June","C: Possible Injury",68280,"Bicyclist Ride Out - Other Midblock",2009,"No","No","Daylight","Straight - Level","Local Street","Dry","Two-Way, Not Divided","None","No Special Feature","Coarse Asphalt",0,0,0,0,0,0,0,"2 lanes",2,0,NA,0,NA
7098,4959,"None - Rural Crash","New Hanover","Coastal","Residential","Urban (>70% Developed)",NA,"Rural","40 - 45  MPH","Stop And Go Signal","Clear","No",15,"11-15","No",NA,"With Traffic","C: Possible Injury","Travel Lane","White","Male",36,"30-39","No",NA,"41-45 mph","O: No Injury","White","Male","Police","No","30JUN2009","Tuesday","Crossing Paths - Other Circumstances",22,"Intersection","June","C: Possible Injury",82680,"Signalized Intersection - Other / Unknown",2009,"No","No","Dark - Roadway Not Lighted","Straight - Level","US Route","Dry","Two-Way, Not Divided","None","Four-Way Intersection","Smooth Asphalt",0,0,0,0,0,0,0,"6 lanes",2,0,NA,0,NA
7099,4962,"Cary","Wake","Piedmont","Residential","Urban (>70% Developed)",NA,"Urban","5 - 15 MPH","Stop Sign","Clear","No",50,"50-59","No",NA,"Facing Traffic","B: Evident Injury","Sidewalk / Crosswalk / Driveway Crossing","White","Female",33,"30-39","No",NA,"0-5 mph","O: No Injury","Hispanic","Male","Sport Utility","No","03MAY2009","Sunday","Motorist Failed to Yield - Sign-Controlled Intersection",12,"Intersection","May","B: Evident Injury",44580,"Motorist Drive Out - Sign-Controlled Intersection",2009,"Yes","No","Daylight","Straight - Level","State Secondary Route","Dry","Two-Way, Divided, Unprotected Median","None","T-Intersection","Smooth Asphalt",0,0,0,0,0,0,0,"4 lanes",2,0,NA,0,NA
7100,4964,"Raleigh","Wake","Piedmont","Commercial","Urban (>70% Developed)",NA,"Urban","30 - 35  MPH","No Control Present","Clear","No",16,"16-19","No",NA,"Facing Traffic","O: No Injury","Travel Lane","White","Male",19,"0-19","No",NA,"6-10 mph","O: No Injury","White","Female","Passenger Car","No","25JUN2009","Thursday","Backing Vehicle",14,"Non-Intersection","June","O: No Injury",52020,"Backing Vehicle",2009,"No","No","Daylight","Straight - Level","Local Street","Dry","Two-Way, Not Divided","None","No Special Feature","Smooth Asphalt",0,0,0,0,0,0,0,"4 lanes",2,0,NA,0,NA
7101,5130,"Boiling Springs","Cleveland","Mountains","Residential","Mixed (30% To 70% Developed)",NA,"Rural",NA,"No Control Present","Cloudy","No",14,"11-15","No",NA,"Facing Traffic","Unknown Injury","Sidewalk / Crosswalk / Driveway Crossing","White","Male",21,"20-24","No",NA,NA,"O: No Injury","White","Female","Van","No","27AUG2009","Thursday","Crossing Paths - Other Circumstances",21,"Intersection","August","O: No Injury",76800,"Crossing Paths - Intersection - Other / Unknown",2009,"No","No","Dark - Roadway Not Lighted","Straight - Level","Local Street","Dry","Two-Way, Not Divided","None","No Special Feature","Smooth Asphalt",0,0,0,0,0,0,0,NA,2,0,NA,0,NA
7102,5134,"Weddington","Union","Piedmont","Residential","Mixed (30% To 70% Developed)",NA,"Urban","20 - 25  MPH","No Control Present","Clear","No",13,"11-15","No",NA,"With Traffic","C: Possible Injury","Travel Lane","White","Female",62,"60-69","No",NA,"16-20 mph","O: No Injury","White","Male","Passenger Car","No","06SEP2009","Sunday","Bicyclist Left Turn / Merge",20,"Intersection","September","C: Possible Injury",73740,"Bicyclist Left Turn - Same Direction",2009,"Yes","No","Dark - Roadway Not Lighted","Straight - Level","State Secondary Route","Dry","Two-Way, Not Divided","None","T-Intersection","Smooth Asphalt",0,0,0,0,0,0,0,"2 lanes",2,0,NA,0,NA