"...1","object_id","city","county","region","development","locality","on_road","rural_urban","speed_limit","traffic_control","weather","workzone","bike_age","bike_age_group","bike_alcohol","bike_alcohol_drugs","bike_direction","bike_injury","bike_position","bike_race","bike_sex","driver_age","driver_age_group","driver_alcohol","driver_alcohol_drugs","driver_est_speed","driver_injury","driver_race","driver_sex","driver_vehicle_type","crash_alcohol","crash_date","crash_day","crash_group","crash_hour","crash_location","crash_month","crash_severity","crash_time","crash_type","crash_year","ambulance_req","hit_run","light_condition","road_character","road_class","road_condition","road_configuration","road_defects","road_feature","road_surface","num_bikes_ai","num_bikes_bi","num_bikes_ci","num_bikes_ki","num_bikes_no","num_bikes_to","num_bikes_ui","num_lanes","num_units","distance_mi_from","frm_road","rte_invd_cd","towrd_road"
7103,5136,"Apex","Wake","Piedmont","Residential","Urban (>70% Developed)",NA,"Urban","40 - 45  MPH","No Control Present","Rain","No",16,"16-19","No",NA,"Facing Traffic","C: Possible Injury","Sidewalk / Crosswalk / Driveway Crossing","White","Male",40,"40-49","No",NA,"41-45 mph","O: No Injury","White","Female","Sport Utility","No","31AUG2009","Monday","Motorist Left Turn / Merge",15,"Intersection","August","C: Possible Injury",56220,"Motorist Left Turn - Same Direction",2009,"Yes","No","Daylight","Straight - Grade","Local Street","Wet","Two-Way, Not Divided","None","Four-Way Intersection","Smooth Asphalt",0,0,0,0,0,0,0,"3 lanes",2,0,NA,0,NA
7104,5139,"Charlotte","Mecklenburg","Piedmont","Commercial","Urban (>70% Developed)",NA,"Urban","30 - 35  MPH","No Control Present","Clear","No",30,"30-39","No",NA,"Facing Traffic","C: Possible Injury","Sidewalk / Crosswalk / Driveway Crossing","White","Female",37,"30-39","No",NA,"0-5 mph","O: No Injury","Black","Male","Van","No","02SEP2009","Wednesday","Motorist Failed to Yield - Midblock",11,"Non-Intersection","September","C: Possible Injury",41940,"Motorist Drive Out - Commercial Driveway / Alley",2009,"Yes","No","Daylight","Straight - Level","Local Street","Dry","Two-Way, Not Divided","None","Driveway, Public","Smooth Asphalt",0,0,0,0,0,0,0,"4 lanes",2,0,NA,0,NA
7105,5142,"None - Rural Crash","Wake","Piedmont","Farms, Woods, Pastures","Rural (<30% Developed)",NA,"Rural","50 - 55  MPH","Double Yellow Line, No Passing Zone","Clear","No",49,"40-49","No",NA,"With Traffic","C: Possible Injury","Travel Lane","White","Male",66,"60-69","No",NA,"51-55 mph","O: No Injury","White","Female","Passenger Car","No","12SEP2009","Saturday","Motorist Overtaking Bicyclist",8,"Non-Intersection","September","C: Possible Injury",31440,"Motorist Overtaking - Other / Unknown",2009,"Yes","No","Daylight","Straight - Grade","NC Route","Dry","Two-Way, Not Divided","None","No Special Feature","Smooth Asphalt",0,0,0,0,0,0,0,"2 lanes",2,0,NA,0,NA
7106,5144,"None - Rural Crash","Orange","Piedmont","Residential","Mixed (30% To 70% Developed)",NA,"Rural","5 - 15 MPH","No Control Present","Cloudy","No",35,"30-39","No",NA,"Not Applicable","C: Possible Injury","Travel Lane","Hispanic","Male",NA,NA,"Missing",NA,"11-15 mph","Unknown Injury","Unknown/Missing",NA,"Pickup","No","28AUG2009","Friday","Non-Roadway",18,"Non-Roadway","August","C: Possible Injury",65160,"Non-Roadway",2009,"No","No","Dusk","Straight - Level","Private Road, Driveway","Dry","Two-Way, Not Divided","None","Driveway, Private","Gravel",0,0,0,0,0,0,0,"2 lanes",3,0,NA,0,NA
7107,5147,"Raleigh","Wake","Piedmont","Institutional","Urban (>70% Developed)",NA,"Urban","20 - 25  MPH","Stop Sign","Clear","No",22,"20-24","No",NA,"Facing Traffic","B: Evident Injury","Sidewalk / Crosswalk / Driveway Crossing","White","Male",47,"40-49","No",NA,"6-10 mph","O: No Injury","White","Male","Passenger Car","No","24AUG2009","Monday","Motorist Left Turn / Merge",18,"Intersection","August","B: Evident Injury",65520,"Motorist Left Turn - Same Direction",2009,"No","No","Daylight","Straight - Grade","Local Street","Dry","Two-Way, Not Divided","None","T-Intersection","Smooth Asphalt",0,0,0,0,0,0,0,"2 lanes",2,0,NA,0,NA
7108,5152,"Greensboro","Guilford","Piedmont","Residential","Urban (>70% Developed)",NA,"Urban","20 - 25  MPH","No Control Present","Clear","No",7,"6-10","No",NA,"Not Applicable","C: Possible Injury","Travel Lane","White","Female",44,"40-49","No",NA,"0-5 mph","O: No Injury","Native American","Male",NA,"No","15JUL2009","Wednesday","Non-Roadway",18,"Non-Roadway","July","C: Possible Injury",65880,"Non-Roadway",2009,"No","Yes","Daylight","Straight - Level","Public Vehicular Area","Dry","Two-Way, Not Divided","None","No Special Feature","Smooth Asphalt",0,0,0,0,0,0,0,NA,2,0,NA,0,NA
7109,5172,"Kill Devil Hills","Dare","Coastal","Commercial","Urban (>70% Developed)",NA,"Urban","50 - 55  MPH","Stop And Go Signal","Clear","No",46,"40-49","No",NA,"With Traffic","C: Possible Injury","Travel Lane","White","Male",30,"30-39","No",NA,"0-5 mph","O: No Injury","White","Female","Passenger Car","No","29AUG2009","Saturday","Motorist Right Turn / Merge",13,"Intersection","August","C: Possible Injury",47280,"Motorist Right Turn - Same Direction",2009,"Yes","No","Daylight","Straight - Level","US Route","Dry","Two-Way, Divided, Unprotected Median","None","Four-Way Intersection","Coarse Asphalt",0,0,0,0,0,0,0,"5 lanes",2,0,NA,0,NA
7110,5177,"None - Rural Crash","New Hanover","Coastal","Commercial","Mixed (30% To 70% Developed)",NA,"Rural","40 - 45  MPH","No Control Present","Clear","No",19,"16-19","No",NA,"Facing Traffic","B: Evident Injury","Travel Lane","White","Male",43,"40-49","No",NA,"0-5 mph","O: No Injury","White","Male","Sport Utility","No","25SEP2009","Friday","Motorist Failed to Yield - Midblock",12,"Non-Intersection","September","B: Evident Injury",46080,"Motorist Drive Out - Commercial Driveway / Alley",2009,"Yes","No","Daylight","Straight - Level","US Route","Dry","Two-Way, Divided, Unprotected Median","None","Driveway, Public","Coarse Asphalt",0,0,0,0,0,0,0,"4 lanes",2,0,NA,0,NA
7111,5183,"Asheboro","Randolph","Piedmont","Residential","Urban (>70% Developed)",NA,"Urban","30 - 35  MPH","Stop Sign","Clear","No",66,"60-69","No",NA,"With Traffic","B: Evident Injury","Travel Lane","Black","Male",53,"50-59","No",NA,"21-25 mph","O: No Injury","Black","Male","Passenger Car","No","09SEP2009","Wednesday","Bicyclist Failed to Yield - Sign-Controlled Intersection",18,"Intersection","September","B: Evident Injury",65520,"Bicyclist Ride Through - Sign-Controlled Intersection",2009,"Yes","No","Daylight","Straight - Grade","Local Street","Dry","Two-Way, Not Divided","None","Four-Way Intersection","Coarse Asphalt",0,0,0,0,0,0,0,"2 lanes",2,0,NA,0,NA
7112,5184,"Carrboro","Orange","Piedmont","Residential","Urban (>70% Developed)",NA,"Urban","30 - 35  MPH","No Control Present","Clear","No",49,"40-49","No",NA,"With Traffic","B: Evident Injury","Travel Lane","White","Female",60,"60-69","No",NA,"31-35 mph","O: No Injury","Black","Male","Passenger Car","No","13SEP2009","Sunday","Motorist Overtaking Bicyclist",7,"Intersection","September","B: Evident Injury",27600,"Motorist Overtaking - Other / Unknown",2009,"Yes","No","Daylight","Straight - Level","Local Street","Dry","Two-Way, Not Divided","None","T-Intersection","Smooth Asphalt",0,0,0,0,0,0,0,"2 lanes",2,0,NA,0,NA
7113,5190,"Goldsboro","Wayne","Coastal","Residential","Urban (>70% Developed)",NA,"Urban","20 - 25  MPH","No Control Present","Clear","No",21,"20-24","No",NA,"Facing Traffic","B: Evident Injury","Travel Lane","Black","Male",32,"30-39","No",NA,"31-35 mph","O: No Injury","Black","Male","Passenger Car","No","18SEP2009","Friday","Bicyclist Right Turn / Merge",16,"Non-Intersection","September","B: Evident Injury",60720,"Bicyclist Right Turn - Same Direction",2009,"Yes","No","Daylight","Straight - Grade","Local Street","Dry","Two-Way, Not Divided","None","No Special Feature","Coarse Asphalt",0,0,0,0,0,0,0,"2 lanes",2,0,NA,0,NA
7114,5192,"Nags Head","Dare","Coastal","Commercial","Mixed (30% To 70% Developed)",NA,"Rural","50 - 55  MPH","Stop Sign","Clear","No",21,"20-24","No",NA,"Facing Traffic","C: Possible Injury","Travel Lane","Other","Female",28,"25-29","No",NA,"0-5 mph","O: No Injury","White","Female","Sport Utility","No","01JUL2009","Wednesday","Motorist Failed to Yield - Sign-Controlled Intersection",13,"Intersection","July","C: Possible Injury",49800,"Motorist Drive Out - Sign-Controlled Intersection",2009,"Yes","No","Daylight","Straight - Level","Local Street","Dry","Two-Way, Divided, Unprotected Median","None","T-Intersection","Coarse Asphalt",0,0,0,0,0,0,0,"5 lanes",2,0,NA,0,NA
7115,5197,"Rocky Mount","Edgecombe","Coastal","Commercial","Mixed (30% To 70% Developed)",NA,"Urban","30 - 35  MPH","Stop Sign","Clear","No",12,"11-15","No",NA,"Facing Traffic","O: No Injury","Travel Lane","Black","Male",39,"30-39","No",NA,"0-5 mph","O: No Injury","White","Male","Passenger Car","No","08AUG2009","Saturday","Motorist Failed to Yield - Sign-Controlled Intersection",13,"Intersection","August","O: No Injury",48420,"Motorist Drive Out - Sign-Controlled Intersection",2009,"No","No","Daylight","Straight - Level","Local Street","Dry","Two-Way, Not Divided","None","No Special Feature","Coarse Asphalt",0,0,0,0,0,0,0,"4 lanes",2,0,NA,0,NA
7116,5199,"Rocky Mount","Nash","Coastal","Residential","Urban (>70% Developed)",NA,"Urban","30 - 35  MPH","No Control Present","Clear","No",56,"50-59","No",NA,"With Traffic","B: Evident Injury","Travel Lane","Black","Male",47,"40-49","No",NA,"21-25 mph","O: No Injury","White","Female","Passenger Car","No","03AUG2009","Monday","Motorist Failed to Yield - Sign-Controlled Intersection",9,"Intersection","August","B: Evident Injury",34560,"Motorist Drive Through - Sign-Controlled Intersection",2009,"Yes","No","Daylight","Straight - Level","Local Street","Dry","One-Way, Not Divided","None","No Special Feature","Smooth Asphalt",0,0,0,0,0,0,0,"2 lanes",2,0,NA,0,NA
7117,5200,"High Point","Guilford","Piedmont","Residential","Urban (>70% Developed)",NA,"Urban","30 - 35  MPH","Stop Sign","Clear","No",50,"50-59","No",NA,"With Traffic","B: Evident Injury","Travel Lane","White","Female",55,"50-59","No",NA,"21-25 mph","O: No Injury","White","Male","Light Truck (Mini-Van, Panel)","No","12SEP2009","Saturday","Motorist Failed to Yield - Sign-Controlled Intersection",11,"Intersection","September","B: Evident Injury",41400,"Motorist Drive Out - Sign-Controlled Intersection",2009,"Yes","No","Daylight","Straight - Level","Local Street","Dry","Two-Way, Divided, Unprotected Median","None","Four-Way Intersection","Smooth Asphalt",0,0,0,0,0,0,0,"4 lanes",2,0,NA,0,NA
7118,5201,"None - Rural Crash","Buncombe","Mountains","Farms, Woods, Pastures","Rural (<30% Developed)",NA,"Rural",NA,"No Control Present","Cloudy","No",17,"16-19","No",NA,"Not Applicable","B: Evident Injury","Travel Lane","White","Male",25,"25-29","No",NA,NA,"O: No Injury","White","Female","Van","No","22SEP2009","Tuesday","Non-Roadway",13,"Non-Roadway","September","B: Evident Injury",50160,"Non-Roadway",2009,"Yes","No","Daylight","Curve - Grade","Public Vehicular Area","Sand, Mud, Dirt, Gravel","Two-Way, Not Divided","None","Driveway, Public","Gravel",0,0,0,0,0,0,0,"1 lane",2,0,NA,0,NA
7119,5202,"Gastonia","Gaston","Piedmont","Commercial","Urban (>70% Developed)",NA,"Urban","40 - 45  MPH","No Control Present","Clear","No",13,"11-15","No",NA,"With Traffic","C: Possible Injury","Travel Lane","White","Male",32,"30-39","No",NA,"26-30 mph","O: No Injury","Black","Male","Passenger Car","No","22SEP2009","Tuesday","Crossing Paths - Other Circumstances",18,"Intersection","September","C: Possible Injury",65100,"Crossing Paths - Uncontrolled Intersection",2009,"Yes","No","Daylight","Straight - Grade","State Secondary Route","Dry","Two-Way, Not Divided","None","No Special Feature","Smooth Asphalt",0,0,0,0,0,0,0,"5 lanes",2,0,NA,0,NA
7120,3540,"Charlotte","Mecklenburg","Piedmont","Residential","Urban (>70% Developed)",NA,"Urban","30 - 35  MPH","Stop And Go Signal","Clear","No",16,"16-19","No",NA,"With Traffic","C: Possible Injury","Sidewalk / Crosswalk / Driveway Crossing","Black","Female",19,"0-19","No",NA,"16-20 mph","O: No Injury","Black","Male","Passenger Car","No","07OCT2011","Friday","Crossing Paths - Other Circumstances",18,"Intersection","October","C: Possible Injury",66600,"Signalized Intersection - Other / Unknown",2011,"No","No","Daylight","Straight - Level","Local Street","Dry","Two-Way, Divided, Unprotected Median","None","No Special Feature","Smooth Asphalt",0,0,0,0,0,0,0,"2 lanes",2,0,NA,0,NA
7121,3543,"Raleigh","Wake","Piedmont","Commercial","Urban (>70% Developed)",NA,"Urban","5 - 15 MPH","Stop Sign","Clear","No",20,"20-24","No",NA,"Facing Traffic","O: No Injury","Sidewalk / Crosswalk / Driveway Crossing","White","Male",21,"20-24","No",NA,"0-5 mph","O: No Injury","White","Female","Passenger Car","No","26OCT2011","Wednesday","Motorist Failed to Yield - Sign-Controlled Intersection",18,"Intersection","October","O: No Injury",67560,"Motorist Drive Out - Sign-Controlled Intersection",2011,"Yes","No","Dusk","Straight - Grade","Public Vehicular Area","Dry","Two-Way, Not Divided","None","No Special Feature","Concrete",0,0,0,0,0,0,0,NA,2,0,NA,0,NA
7122,3544,"Fayetteville","Cumberland","Coastal","Commercial","Urban (>70% Developed)",NA,"Urban","30 - 35  MPH","Stop Sign","Clear","No",47,"40-49","No",NA,"Facing Traffic","C: Possible Injury","Sidewalk / Crosswalk / Driveway Crossing","Black","Male",50,"50-59","No",NA,NA,"O: No Injury","Native American","Female","Sport Utility","No","27OCT2011","Thursday","Motorist Failed to Yield - Sign-Controlled Intersection",16,"Intersection","October","C: Possible Injury",58020,"Motorist Drive Out - Sign-Controlled Intersection",2011,"Yes","No","Daylight","Straight - Level","Local Street","Dry","Two-Way, Not Divided","None","No Special Feature","Coarse Asphalt",0,0,0,0,0,0,0,"2 lanes",2,0,NA,0,NA
7123,3548,"Beaufort","Carteret","Coastal","Residential","Urban (>70% Developed)",NA,"Rural","30 - 35  MPH","No Control Present","Clear","No",15,"11-15","No",NA,"Facing Traffic","C: Possible Injury","Travel Lane","White","Female",20,"20-24","No",NA,"31-35 mph","O: No Injury","White","Male","Sport Utility","No","31OCT2011","Monday","Bicyclist Right Turn / Merge",18,"Non-Intersection","October","C: Possible Injury",64800,"Bicyclist Right Turn - Same Direction",2011,"Yes","No","Dawn","Straight - Level","Local Street","Dry","Two-Way, Not Divided","None","No Special Feature","Smooth Asphalt",0,0,0,0,0,0,0,"2 lanes",2,0,NA,0,NA
7124,3555,"None - Rural Crash","Randolph","Piedmont","Commercial","Urban (>70% Developed)",NA,"Rural","40 - 45  MPH","Stop And Go Signal","Clear","No",65,"60-69","No",NA,"With Traffic","C: Possible Injury","Travel Lane","White","Male",NA,NA,"No",NA,"31-35 mph","Unknown Injury","Unknown/Missing",NA,"Passenger Car","No","12NOV2011","Saturday","Motorist Overtaking Bicyclist",14,"Intersection-Related","November","C: Possible Injury",53040,"Motorist Overtaking - Misjudged Space",2011,"Yes","Yes","Daylight","Straight - Level","US Route","Dry","Two-Way, Not Divided","None","T-Intersection","Smooth Asphalt",0,0,0,0,0,0,0,"3 lanes",2,0,NA,0,NA
7125,3556,"Gastonia","Gaston","Piedmont","Residential","Urban (>70% Developed)",NA,"Urban","40 - 45  MPH","Yield Sign","Cloudy","No",47,"40-49","No",NA,"With Traffic","C: Possible Injury","Travel Lane","White","Male",55,"50-59","No",NA,"6-10 mph","O: No Injury","White","Male","Pickup","No","12OCT2011","Wednesday","Motorist Failed to Yield - Sign-Controlled Intersection",14,"Intersection-Related","October","C: Possible Injury",51540,"Motorist Drive Out - Sign-Controlled Intersection",2011,"Yes","No","Daylight","Other","Local Street","Dry","One-Way, Not Divided","None","Traffic Circle/Roundabout","Smooth Asphalt",0,0,0,0,0,0,0,"1 lane",2,0,NA,0,NA
7126,3567,"Charlotte","Mecklenburg","Piedmont","Commercial","Urban (>70% Developed)",NA,"Urban","40 - 45  MPH","Stop And Go Signal","Cloudy","No",46,"40-49","No",NA,NA,"C: Possible Injury","Sidewalk / Crosswalk / Driveway Crossing","Hispanic","Male",53,"50-59","No",NA,"41-45 mph","O: No Injury","White","Female","Pickup","No","15NOV2011","Tuesday","Other / Unknown - Insufficient Details",11,"Intersection","November","C: Possible Injury",39660,"Unknown Approach Paths",2011,"No","No","Daylight","Straight - Level","Local Street","Dry","Two-Way, Divided, Positive Median Barrier","None","No Special Feature","Smooth Asphalt",0,0,0,0,0,0,0,"2 lanes",2,0,NA,0,NA
7127,3568,"Conover","Catawba","Piedmont","Residential","Urban (>70% Developed)",NA,"Urban","30 - 35  MPH","Stop Sign","Clear","No",20,"20-24","No",NA,"With Traffic","C: Possible Injury","Sidewalk / Crosswalk / Driveway Crossing","White","Male",41,"40-49","No",NA,"0-5 mph","O: No Injury","White","Male","Passenger Car","No","20NOV2011","Sunday","Motorist Failed to Yield - Sign-Controlled Intersection",8,"Intersection","November","C: Possible Injury",30000,"Motorist Drive Out - Sign-Controlled Intersection",2011,"No","No","Daylight","Straight - Hillcrest","Local Street","Dry","Two-Way, Not Divided","None","T-Intersection","Smooth Asphalt",0,0,0,0,0,0,0,"2 lanes",2,0,NA,0,NA
7128,3581,"Charlotte","Mecklenburg","Piedmont","Residential","Urban (>70% Developed)",NA,"Urban","20 - 25  MPH","No Control Present","Clear","No",9,"6-10","No",NA,"Not Applicable","B: Evident Injury","Non-Roadway","Black","Male",46,"40-49","Yes",NA,"11-15 mph","O: No Injury","Black","Male","Pickup","Yes","23NOV2011","Wednesday","Bicyclist Failed to Yield - Midblock",15,"Non-Intersection","November","B: Evident Injury",55800,"Bicyclist Ride Out - Other Midblock",2011,"Yes","No","Daylight","Straight - Bottom","Local Street","Dry","Two-Way, Not Divided","None","No Special Feature","Smooth Asphalt",0,0,0,0,0,0,0,"1 lane",2,0,NA,0,NA
7129,3586,"Greensboro","Guilford","Piedmont","Residential","Urban (>70% Developed)",NA,"Urban","30 - 35  MPH","Stop Sign","Cloudy","No",17,"16-19","No",NA,"Facing Traffic","C: Possible Injury","Travel Lane","White","Male",59,"50-59","No",NA,"0-5 mph","O: No Injury","White","Female","Passenger Car","No","10NOV2011","Thursday","Motorist Failed to Yield - Sign-Controlled Intersection",10,"Intersection","November","C: Possible Injury",39480,"Motorist Drive Out - Sign-Controlled Intersection",2011,"Yes","No","Dusk","Straight - Grade","Local Street","Wet","Two-Way, Divided, Unprotected Median","None","Four-Way Intersection","Coarse Asphalt",0,0,0,0,0,0,0,"4 lanes",2,0,NA,0,NA
7130,3596,"None - Rural Crash","Lincoln","Piedmont","Residential","Mixed (30% To 70% Developed)",NA,"Rural","30 - 35  MPH","No Control Present","Clear","No",48,"40-49","No",NA,"With Traffic","B: Evident Injury","Travel Lane","White","Male",44,"40-49","No",NA,"0-5 mph","O: No Injury","White","Female","Van","No","01DEC2011","Thursday","Motorist Failed to Yield - Midblock",21,"Non-Intersection","December","B: Evident Injury",76320,"Motorist Drive Out - Residential Driveway",2011,"Yes","No","Dark - Roadway Not Lighted","Straight - Level","US Route","Dry","Two-Way, Not Divided","None","No Special Feature","Smooth Asphalt",0,0,0,0,0,0,0,"2 lanes",2,0,NA,0,NA
7131,3597,"None - Rural Crash","Wake","Piedmont","Farms, Woods, Pastures","Rural (<30% Developed)",NA,"Rural","40 - 45  MPH","Double Yellow Line, No Passing Zone","Clear","No",53,"50-59","No",NA,"With Traffic","C: Possible Injury","Travel Lane","White","Male",55,"50-59","No",NA,"41-45 mph","O: No Injury","White","Male","Pickup","No","01DEC2011","Thursday","Motorist Overtaking Bicyclist",17,"Non-Intersection","December","C: Possible Injury",61860,"Motorist Overtaking - Misjudged Space",2011,"Yes","No","Daylight","Straight - Level","NC Route","Dry","Two-Way, Not Divided","None","No Special Feature","Smooth Asphalt",0,0,0,0,0,0,0,"2 lanes",2,0,NA,0,NA
7132,3621,"Huntersville","Mecklenburg","Piedmont","Residential","Rural (<30% Developed)",NA,"Urban","40 - 45  MPH","No Control Present","Cloudy","No",21,"20-24","No",NA,"With Traffic","B: Evident Injury","Travel Lane","White","Male",46,"40-49","No",NA,"26-30 mph","O: No Injury","White","Male","Pickup","No","19NOV2011","Saturday","Bicyclist Left Turn / Merge",13,"Intersection","November","B: Evident Injury",48720,"Bicyclist Left Turn - Same Direction",2011,"Yes","No","Daylight","Straight - Hillcrest","Local Street","Dry","Two-Way, Not Divided","None","Four-Way Intersection","Smooth Asphalt",0,0,0,0,0,0,0,"2 lanes",2,0,NA,0,NA
7133,3624,"Mooresville","Iredell","Piedmont","Residential","Mixed (30% To 70% Developed)",NA,"Urban","30 - 35  MPH","No Control Present","Clear","No",40,"40-49","Yes",NA,"With Traffic","B: Evident Injury","Travel Lane","White","Male",39,"30-39","No",NA,"31-35 mph","O: No Injury","White","Male","Passenger Car","Yes","22NOV2011","Tuesday","Motorist Overtaking Bicyclist",21,"Non-Intersection","November","B: Evident Injury",76500,"Motorist Overtaking - Bicyclist Swerved",2011,"Yes","No","Dark - Roadway Not Lighted","Curve - Level","Local Street","Dry","Two-Way, Not Divided","None","No Special Feature","Smooth Asphalt",0,0,0,0,0,0,0,"2 lanes",2,0,NA,0,NA
7134,3631,"Cornelius","Mecklenburg","Piedmont","Commercial","Urban (>70% Developed)",NA,"Urban",NA,"Stop And Go Signal","Clear","No",18,"16-19","No",NA,"With Traffic","C: Possible Injury","Travel Lane","White","Male",18,"0-19","No",NA,"31-35 mph","O: No Injury","Black","Female","Passenger Car","No","27NOV2011","Sunday","Crossing Paths - Other Circumstances",17,"Intersection","November","C: Possible Injury",61860,"Signalized Intersection - Other / Unknown",2011,"Yes","No","Dusk","Straight - Level","Local Street","Dry","Two-Way, Divided, Positive Median Barrier","None","No Special Feature","Smooth Asphalt",0,0,0,0,0,0,0,"5 lanes",2,0,NA,0,NA
7135,3639,"Sanford","Lee","Piedmont","Industrial","Urban (>70% Developed)",NA,"Urban","50 - 55  MPH","Stop And Go Signal","Clear","No",NA,"70+","No",NA,"Not Applicable","K: Killed","Travel Lane","Black","Male",56,"50-59","No",NA,"41-45 mph","O: No Injury","White","Female","Passenger Car","No","10DEC2011","Saturday","Crossing Paths - Other Circumstances",17,"Intersection-Related","December","K: Killed",63960,"Crossing Paths - Uncontrolled Intersection",2011,"Yes","No","Dark - Lighted Roadway","Straight - Level","NC Route","Dry","Two-Way, Not Divided","None","No Special Feature","Smooth Asphalt",0,0,0,0,0,0,0,"6 lanes",2,0,NA,0,NA
7136,3643,"Concord","Cabarrus","Piedmont","Commercial","Urban (>70% Developed)",NA,"Urban","30 - 35  MPH","Stop And Go Signal","Clear","No",34,"30-39","No",NA,"Facing Traffic","C: Possible Injury","Travel Lane","White","Male",51,"50-59","No",NA,"0-5 mph","O: No Injury","Black","Female","Sport Utility","No","14DEC2011","Wednesday","Crossing Paths - Other Circumstances",19,"Intersection","December","C: Possible Injury",70560,"Signalized Intersection - Other / Unknown",2011,"No","No","Dark - Lighted Roadway","Straight - Level",NA,"Dry","Two-Way, Not Divided","None","Four-Way Intersection","Smooth Asphalt",0,0,0,0,0,0,0,"4 lanes",2,0,NA,0,NA
7137,3645,"Gastonia","Gaston","Piedmont","Commercial","Urban (>70% Developed)",NA,"Urban","40 - 45  MPH","No Control Present","Clear","No",45,"40-49","No",NA,"With Traffic","B: Evident Injury","Travel Lane","Black","Male",53,"50-59","No",NA,"41-45 mph","O: No Injury","White","Male","Pickup","No","12DEC2011","Monday","Bicyclist Right Turn / Merge",18,"Non-Intersection","December","B: Evident Injury",66600,"Bicyclist Right Turn - Same Direction",2011,"Yes","No","Dark - Lighted Roadway","Straight - Level","State Secondary Route","Dry","Two-Way, Divided, Unprotected Median","None","No Special Feature","Coarse Asphalt",0,0,0,0,0,0,0,"4 lanes",2,0,NA,0,NA
7138,3654,"Shelby","Cleveland","Mountains","Commercial","Urban (>70% Developed)",NA,"Urban","30 - 35  MPH","No Control Present","Clear","No",69,"60-69","No",NA,"With Traffic","C: Possible Injury","Travel Lane","White","Male",20,"20-24","No",NA,"21-25 mph","C: Possible Injury","Black","Male","Passenger Car","No","18DEC2011","Sunday","Motorist Overtaking Bicyclist",13,"Intersection-Related","December","C: Possible Injury",49200,"Motorist Overtaking - Other / Unknown",2011,"Yes","No","Daylight","Straight - Level","NC Route","Dry","Two-Way, Not Divided","None","No Special Feature","Smooth Asphalt",0,0,0,0,0,0,0,"3 lanes",2,0,NA,0,NA
7139,3661,"Asheville","Buncombe","Mountains","Commercial","Urban (>70% Developed)",NA,"Urban","20 - 25  MPH","Stop And Go Signal","Clear","No",19,"16-19","No",NA,"Facing Traffic","C: Possible Injury","Sidewalk / Crosswalk / Driveway Crossing","White","Male",37,"30-39","No",NA,"16-20 mph","O: No Injury","White","Male","Sport Utility","No","29DEC2011","Thursday","Bicyclist Failed to Yield - Signalized Intersection",20,"Intersection","December","C: Possible Injury",74640,"Bicyclist Ride Through - Signalized Intersection",2011,"No","No","Dark - Lighted Roadway","Straight - Hillcrest","Local Street","Dry","Two-Way, Not Divided","None","Four-Way Intersection","Smooth Asphalt",0,0,0,0,0,0,0,"3 lanes",2,0,NA,0,NA
7140,3666,"None - Rural Crash","Halifax","Coastal","Residential","Urban (>70% Developed)",NA,"Rural","30 - 35  MPH","Stop Sign","Other","No",40,"40-49","No",NA,"With Traffic","O: No Injury","Travel Lane","Black","Male",23,"20-24","No",NA,NA,"O: No Injury","Black","Female","Passenger Car","No","14MAY2011","Saturday","Motorist Overtaking Bicyclist",13,"Intersection","May","O: No Injury",46800,"Motorist Overtaking - Other / Unknown",2011,"No","No","Daylight","Straight - Level","Local Street",NA,"Two-Way, Not Divided",NA,"No Special Feature","Coarse Asphalt",0,0,0,0,0,0,0,"2 lanes",2,0,NA,0,NA
7141,3682,"None - Rural Crash","Pasquotank","Coastal","Farms, Woods, Pastures","Rural (<30% Developed)",NA,"Rural","50 - 55  MPH","Double Yellow Line, No Passing Zone","Clear","No",47,"40-49","No",NA,"With Traffic","C: Possible Injury","Travel Lane","White","Male",30,"30-39","No",NA,"11-15 mph","O: No Injury","Black","Male","Passenger Car","No","10JAN2010","Sunday","Motorist Failed to Yield - Midblock",16,"Non-Intersection","January","C: Possible Injury",58200,"Motorist Drive Out - Other Midblock",2010,"No","No","Daylight","Straight - Level","State Secondary Route","Dry","Two-Way, Not Divided","None","Driveway, Public","Smooth Asphalt",0,0,0,0,0,0,0,"2 lanes",2,0,NA,0,NA
7142,3683,"None - Rural Crash","Edgecombe","Coastal","Farms, Woods, Pastures","Rural (<30% Developed)",NA,"Rural","50 - 55  MPH","No Control Present","Clear","No",34,"30-39","Yes",NA,"With Traffic","Unknown Injury","Travel Lane","Black","Male",42,"40-49","No",NA,"51-55 mph","O: No Injury","Black","Male","Passenger Car","Yes","26JAN2010","Tuesday","Bicyclist Left Turn / Merge",20,"Non-Intersection","January","O: No Injury",74340,"Bicyclist Left Turn - Same Direction",2010,"No","No","Dark - Roadway Not Lighted","Straight - Level","NC Route","Dry","Two-Way, Not Divided","None","No Special Feature","Coarse Asphalt",0,0,0,0,0,0,0,"2 lanes",2,0,NA,0,NA