"...1","object_id","city","county","region","development","locality","on_road","rural_urban","speed_limit","traffic_control","weather","workzone","bike_age","bike_age_group","bike_alcohol","bike_alcohol_drugs","bike_direction","bike_injury","bike_position","bike_race","bike_sex","driver_age","driver_age_group","driver_alcohol","driver_alcohol_drugs","driver_est_speed","driver_injury","driver_race","driver_sex","driver_vehicle_type","crash_alcohol","crash_date","crash_day","crash_group","crash_hour","crash_location","crash_month","crash_severity","crash_time","crash_type","crash_year","ambulance_req","hit_run","light_condition","road_character","road_class","road_condition","road_configuration","road_defects","road_feature","road_surface","num_bikes_ai","num_bikes_bi","num_bikes_ci","num_bikes_ki","num_bikes_no","num_bikes_to","num_bikes_ui","num_lanes","num_units","distance_mi_from","frm_road","rte_invd_cd","towrd_road"
7143,3685,"Spring Lake","Cumberland","Coastal","Residential","Mixed (30% To 70% Developed)",NA,"Urban","40 - 45  MPH","Double Yellow Line, No Passing Zone","Clear","No",22,"20-24","No",NA,"With Traffic","C: Possible Injury","Travel Lane","White","Female",42,"40-49","No",NA,"31-35 mph","O: No Injury","Black","Female","Passenger Car","No","04FEB2010","Thursday","Bicyclist Left Turn / Merge",16,"Non-Intersection","February","C: Possible Injury",60540,"Bicyclist Left Turn - Same Direction",2010,"Yes","No","Dusk","Straight - Hillcrest","State Secondary Route","Dry","Two-Way, Not Divided","None","No Special Feature","Coarse Asphalt",0,0,0,0,0,0,0,"2 lanes",2,0,NA,0,NA
7144,3690,"None - Rural Crash","Rutherford","Mountains","Residential","Urban (>70% Developed)",NA,"Rural","30 - 35  MPH","Stop Sign","Cloudy","No",29,"25-29","No",NA,"With Traffic","C: Possible Injury","Travel Lane","White","Male",33,"30-39","No",NA,"0-5 mph","O: No Injury","Black","Male","Passenger Car","No","06FEB2010","Saturday","Motorist Failed to Yield - Sign-Controlled Intersection",14,"Intersection","February","C: Possible Injury",53940,"Motorist Drive Out - Sign-Controlled Intersection",2010,"No","No","Daylight","Straight - Level","State Secondary Route","Dry","Two-Way, Not Divided","None","T-Intersection","Smooth Asphalt",0,0,0,0,0,0,0,"2 lanes",2,0,NA,0,NA
7145,3694,"Wilmington","New Hanover","Coastal","Commercial","Urban (>70% Developed)",NA,"Urban","30 - 35  MPH","Stop And Go Signal","Rain","No",49,"40-49","No",NA,"With Traffic","C: Possible Injury","Travel Lane","Black","Male",20,"20-24","No",NA,"0-5 mph","O: No Injury","White","Male","Passenger Car","No","17JAN2010","Sunday","Motorist Failed to Yield - Signalized Intersection",17,"Intersection","January","C: Possible Injury",64200,"Motorist Drive Out - Signalized Intersection",2010,"Yes","No","Dark - Roadway Not Lighted","Straight - Level","Local Street","Wet","Two-Way, Not Divided","None","Four-Way Intersection","Smooth Asphalt",0,0,0,0,0,0,0,"6 lanes",2,0,NA,0,NA
7146,3701,"Greensboro","Guilford","Piedmont","Commercial","Urban (>70% Developed)",NA,"Urban","30 - 35  MPH","Stop And Go Signal","Clear","No",23,"20-24","No",NA,"With Traffic","C: Possible Injury","Sidewalk / Crosswalk / Driveway Crossing","White","Male",NA,NA,"Missing",NA,"6-10 mph","Unknown Injury","Unknown/Missing",NA,NA,"No","25JAN2010","Monday","Motorist Left Turn / Merge",11,"Intersection","January","C: Possible Injury",41640,"Motorist Left Turn - Opposite Direction",2010,"No","Yes","Daylight","Straight - Level","Local Street","Dry","Two-Way, Not Divided","None","No Special Feature","Coarse Asphalt",0,0,0,0,0,0,0,"3 lanes",2,0,NA,0,NA
7147,3704,"Charlotte","Mecklenburg","Piedmont","Commercial","Urban (>70% Developed)",NA,"Urban","30 - 35  MPH","Stop Sign","Clear","No",21,"20-24","No",NA,"With Traffic","C: Possible Injury","Travel Lane","Hispanic","Male",NA,NA,"Missing",NA,"6-10 mph","Unknown Injury","Unknown/Missing",NA,NA,"No","25JAN2010","Monday","Motorist Failed to Yield - Sign-Controlled Intersection",16,"Intersection","January","C: Possible Injury",60600,"Motorist Drive Out - Sign-Controlled Intersection",2010,"Yes","Yes","Daylight","Straight - Level","Local Street","Dry","Two-Way, Divided, Unprotected Median","None","No Special Feature","Smooth Asphalt",0,0,0,0,0,0,0,"4 lanes",2,0,NA,0,NA
7148,3711,"Raleigh","Wake","Piedmont","Residential","Urban (>70% Developed)",NA,"Urban","30 - 35  MPH","No Control Present","Clear","No",22,"20-24","No",NA,"With Traffic","B: Evident Injury","Travel Lane","White","Male",25,"25-29","No",NA,"11-15 mph","O: No Injury","Black","Female","Passenger Car","No","20JAN2010","Wednesday","Motorist Failed to Yield - Sign-Controlled Intersection",19,"Intersection","January","B: Evident Injury",69180,"Motorist Drive Out - Sign-Controlled Intersection",2010,"Yes","No","Dark - Lighted Roadway","Straight - Grade","Local Street","Dry","Two-Way, Divided, Unprotected Median","None","Four-Way Intersection","Smooth Asphalt",0,0,0,0,0,0,0,"2 lanes",2,0,NA,0,NA
7149,3716,"None - Rural Crash","Alexander","Piedmont","Residential","Mixed (30% To 70% Developed)",NA,"Rural","40 - 45  MPH","Double Yellow Line, No Passing Zone","Clear","No",53,"50-59","No",NA,"With Traffic","B: Evident Injury","Travel Lane","White","Male",NA,"70+","No",NA,"31-35 mph","O: No Injury","White","Female","Sport Utility","No","26FEB2010","Friday","Motorist Overtaking Bicyclist",18,"Non-Intersection","February","B: Evident Injury",67440,"Motorist Overtaking - Other / Unknown",2010,"Yes","No","Dusk","Straight - Grade","State Secondary Route","Dry","Two-Way, Not Divided","None","Driveway, Private","Coarse Asphalt",0,0,0,0,0,0,0,"2 lanes",2,0,NA,0,NA
7150,4509,"Carolina Beach","New Hanover","Coastal","Commercial","Urban (>70% Developed)",NA,"Urban","20 - 25  MPH","No Control Present","Cloudy","No",19,"16-19","No",NA,"With Traffic","B: Evident Injury","Travel Lane","White","Female",59,"50-59","Yes",NA,NA,"O: No Injury","White","Male","Pickup","Yes","28OCT2010","Thursday","Motorist Failed to Yield - Midblock",20,"Non-Intersection","October","B: Evident Injury",72600,"Motorist Drive Out - Other Midblock",2010,"Yes","No","Dark - Lighted Roadway","Straight - Level","US Route","Dry","Two-Way, Not Divided","None","Shared-Use Paths Or Trails","Smooth Asphalt",0,0,0,0,0,0,0,"5 lanes",2,0,NA,0,NA
7151,4513,"Lincolnton","Lincoln","Piedmont","Commercial","Urban (>70% Developed)",NA,"Urban","30 - 35  MPH","Double Yellow Line, No Passing Zone","Cloudy","No",36,"30-39","No",NA,"With Traffic","B: Evident Injury","Travel Lane","Black","Male",55,"50-59","No",NA,"31-35 mph","O: No Injury","White","Female","Passenger Car","No","27OCT2010","Wednesday","Motorist Overtaking Bicyclist",19,"Non-Intersection","October","B: Evident Injury",71460,"Motorist Overtaking - Undetected Bicyclist",2010,"Yes","No","Dark - Lighted Roadway","Straight - Level","Local Street","Wet","Two-Way, Not Divided","None","No Special Feature","Smooth Asphalt",0,0,0,0,0,0,0,"2 lanes",5,0,NA,0,NA
7152,4518,"Cary","Wake","Piedmont","Commercial","Urban (>70% Developed)",NA,"Urban","30 - 35  MPH","No Control Present","Clear","No",40,"40-49","No",NA,"Facing Traffic","Unknown Injury","Sidewalk / Crosswalk / Driveway Crossing","Hispanic","Male",35,"30-39","No",NA,"11-15 mph","O: No Injury","Black","Male","Passenger Car","No","11NOV2010","Thursday","Crossing Paths - Other Circumstances",11,"Intersection","November","O: No Injury",42720,"Crossing Paths - Intersection - Other / Unknown",2010,"No","No","Daylight","Straight - Level","Local Street","Dry","Two-Way, Not Divided","None","Related To Intersection","Smooth Asphalt",0,0,0,0,0,0,0,"2 lanes",2,0,NA,0,NA
7153,4537,"Charlotte","Mecklenburg","Piedmont","Commercial","Urban (>70% Developed)",NA,"Urban","30 - 35  MPH","No Control Present","Cloudy","No",13,"11-15","No",NA,"With Traffic","C: Possible Injury","Travel Lane","White","Male",NA,"70+","No",NA,"26-30 mph","O: No Injury","White","Female","Sport Utility","No","15NOV2010","Monday","Bicyclist Failed to Yield - Signalized Intersection",16,"Intersection-Related","November","C: Possible Injury",58980,"Bicyclist Ride Through - Signalized Intersection",2010,"Yes","No","Daylight","Straight - Level","Local Street","Dry","Two-Way, Divided, Unprotected Median","None","No Special Feature","Smooth Asphalt",0,0,0,0,0,0,0,"4 lanes",2,0,NA,0,NA
7154,4539,"Fayetteville","Cumberland","Coastal","Commercial","Urban (>70% Developed)",NA,"Urban","20 - 25  MPH","No Control Present","Clear","No",45,"40-49","No",NA,"Not Applicable","C: Possible Injury","Non-Roadway","Black","Male",31,"30-39","No",NA,"0-5 mph","O: No Injury","Black","Female","Sport Utility","No","10NOV2010","Wednesday","Non-Roadway",18,"Non-Roadway","November","C: Possible Injury",66480,"Non-Roadway",2010,"Yes","No","Dark - Roadway Not Lighted","Straight - Level","Public Vehicular Area","Dry","Two-Way, Not Divided","None","Driveway, Public","Coarse Asphalt",0,0,0,0,0,0,0,NA,2,0,NA,0,NA
7155,4540,"Fayetteville","Cumberland","Coastal","Commercial","Urban (>70% Developed)",NA,"Urban",NA,"No Control Present","Clear","No",43,"40-49","No",NA,"With Traffic","Unknown Injury","Bike Lane / Paved Shoulder","Unknown/Missing",NA,NA,NA,"Missing",NA,NA,"Unknown Injury","Unknown/Missing",NA,NA,"No","12NOV2010","Friday","Motorist Failed to Yield - Midblock",8,"Non-Intersection","November","Unknown Injury",31920,"Motorist Drive Out - Commercial Driveway / Alley",2010,"No","Yes","Daylight","Straight - Level","Local Street","Dry","Two-Way, Not Divided","None","No Special Feature","Coarse Asphalt",0,0,0,0,0,0,0,"7 lanes",2,0,NA,0,NA
7156,4543,"Forest City","Rutherford","Mountains","Commercial","Urban (>70% Developed)",NA,"Urban","20 - 25  MPH","No Control Present","Rain","No",64,"60-69","No",NA,"Not Applicable","C: Possible Injury","Non-Roadway","White","Female",35,"30-39","No",NA,"0-5 mph","O: No Injury","White","Female","Sport Utility","No","15NOV2010","Monday","Non-Roadway",15,"Non-Roadway","November","C: Possible Injury",54300,"Non-Roadway",2010,"Yes","No","Daylight","Straight - Level","Public Vehicular Area","Wet","One-Way, Not Divided","None","No Special Feature","Smooth Asphalt",0,0,0,0,0,0,0,NA,2,0,NA,0,NA
7157,4557,"Wadesboro","Anson","Piedmont","Residential","Mixed (30% To 70% Developed)",NA,"Urban","30 - 35  MPH","No Control Present","Clear","No",38,"30-39","No",NA,"With Traffic","B: Evident Injury","Travel Lane","Black","Male",NA,NA,"Missing",NA,"21-25 mph","Unknown Injury","Unknown/Missing",NA,"Passenger Car","No","12NOV2010","Friday","Motorist Overtaking Bicyclist",19,"Intersection-Related","November","B: Evident Injury",71340,"Motorist Overtaking - Bicyclist Swerved",2010,"No","Yes","Dark - Lighted Roadway","Straight - Level","Local Street","Dry","One-Way, Not Divided","None","No Special Feature","Smooth Asphalt",0,0,0,0,0,0,0,"1 lane",2,0,NA,0,NA
7158,4562,"Fayetteville","Cumberland","Coastal","Farms, Woods, Pastures","Mixed (30% To 70% Developed)",NA,"Urban","40 - 45  MPH","No Control Present","Clear","No",12,"11-15","No",NA,"Facing Traffic","C: Possible Injury","Bike Lane / Paved Shoulder","Black","Male",55,"50-59","No",NA,"36-40 mph","O: No Injury","Black","Male","Pickup","No","30NOV2010","Tuesday","Bicyclist Right Turn / Merge",6,"Non-Intersection","November","C: Possible Injury",23940,"Bicyclist Right Turn - Same Direction",2010,"Yes","No","Daylight","Straight - Level","Local Street","Dry","Two-Way, Not Divided","None","No Special Feature","Coarse Asphalt",0,0,0,0,0,0,0,"2 lanes",2,0,NA,0,NA
7159,4573,"Fayetteville","Cumberland","Coastal","Commercial","Urban (>70% Developed)",NA,"Urban","30 - 35  MPH","No Control Present","Clear","No",23,"20-24","No",NA,"With Traffic","C: Possible Injury","Bike Lane / Paved Shoulder","White","Male",NA,NA,"Missing",NA,"31-35 mph","Unknown Injury","Unknown/Missing",NA,NA,"No","25NOV2010","Thursday","Motorist Overtaking Bicyclist",15,"Non-Intersection","November","C: Possible Injury",57000,"Motorist Overtaking - Misjudged Space",2010,"Yes","Yes","Daylight","Straight - Level","Local Street","Dry","Two-Way, Not Divided","None","No Special Feature","Smooth Asphalt",0,0,0,0,0,0,0,"2 lanes",2,0,NA,0,NA
7160,4574,"Angier","Harnett","Coastal","Residential","Mixed (30% To 70% Developed)",NA,"Rural","30 - 35  MPH","No Control Present","Cloudy","No",10,"6-10","No",NA,"Not Applicable","B: Evident Injury","Travel Lane","Hispanic","Male",34,"30-39","No",NA,"31-35 mph","O: No Injury","Hispanic","Male","Passenger Car","No","27OCT2010","Wednesday","Crossing Paths - Other Circumstances",18,"Intersection","October","B: Evident Injury",64800,"Crossing Paths - Intersection - Other / Unknown",2010,"No","No","Daylight","Straight - Level","Local Street","Dry","Two-Way, Not Divided","None","No Special Feature","Smooth Asphalt",0,0,0,0,0,0,0,"2 lanes",2,0,NA,0,NA
7161,4575,"Williamston","Martin","Coastal","Commercial","Urban (>70% Developed)",NA,"Urban",NA,"No Control Present","Clear","No",55,"50-59","Yes",NA,NA,"C: Possible Injury","Travel Lane","Black","Male",NA,NA,"Missing",NA,NA,"Unknown Injury","Unknown/Missing",NA,NA,"Yes","26NOV2010","Friday","Parallel Paths - Other Circumstances",17,"Non-Intersection","November","C: Possible Injury",62340,"Parallel Paths - Other / Unknown",2010,"Yes","Yes","Dark - Roadway Not Lighted","Straight - Level","US Route","Dry","Two-Way, Divided, Unprotected Median","None","No Special Feature","Smooth Asphalt",0,0,0,0,0,0,0,"2 lanes",2,0,NA,0,NA
7162,4578,"Raleigh","Wake","Piedmont","Residential","Urban (>70% Developed)",NA,"Urban","20 - 25  MPH","Stop And Go Signal","Clear","No",14,"11-15","No",NA,"With Traffic","C: Possible Injury","Sidewalk / Crosswalk / Driveway Crossing","White","Male",39,"30-39","No",NA,"11-15 mph","O: No Injury","Black","Female","Passenger Car","No","18NOV2010","Thursday","Motorist Left Turn / Merge",7,"Intersection","November","C: Possible Injury",28620,"Motorist Left Turn - Opposite Direction",2010,"No","No","Daylight","Straight - Level","Local Street","Dry","Two-Way, Not Divided","None","Four-Way Intersection","Smooth Asphalt",0,0,0,0,0,0,0,"2 lanes",2,0,NA,0,NA
7163,4585,"Raleigh","Wake","Piedmont","Commercial","Urban (>70% Developed)",NA,"Urban","30 - 35  MPH","Stop Sign","Clear","No",18,"16-19","No",NA,"With Traffic","C: Possible Injury","Travel Lane","White","Male",46,"40-49","No",NA,"11-15 mph","O: No Injury","Black","Female","Light Truck (Mini-Van, Panel)","No","20NOV2010","Saturday","Motorist Right Turn / Merge",12,"Intersection","November","C: Possible Injury",43260,"Motorist Right Turn - Same Direction",2010,"No","No","Daylight","Straight - Level","Local Street","Dry","Two-Way, Not Divided","None","Four-Way Intersection","Coarse Asphalt",0,0,0,0,0,0,0,"5 lanes",2,0,NA,0,NA
7164,4593,"Newton","Catawba","Piedmont","Commercial","Mixed (30% To 70% Developed)",NA,"Urban","30 - 35  MPH","Stop Sign","Clear","No",17,"16-19","No",NA,"Facing Traffic","C: Possible Injury","Travel Lane","White","Male",NA,NA,"Missing",NA,"31-35 mph","Unknown Injury","Unknown/Missing",NA,NA,"No","27NOV2010","Saturday","Motorist Failed to Yield - Sign-Controlled Intersection",18,"Intersection","November","C: Possible Injury",65460,"Motorist Drive Out - Sign-Controlled Intersection",2010,"Yes","Yes","Dark - Lighted Roadway","Straight - Level","Local Street","Dry","Two-Way, Not Divided","None","T-Intersection","Coarse Asphalt",0,0,0,0,0,0,0,"2 lanes",2,0,NA,0,NA
7165,4596,"None - Rural Crash","Harnett","Coastal","Farms, Woods, Pastures","Rural (<30% Developed)",NA,"Rural","50 - 55  MPH","No Control Present","Clear","No",45,"40-49","No",NA,"With Traffic","C: Possible Injury","Travel Lane","Hispanic","Male",53,"50-59","No",NA,"21-25 mph","O: No Injury","Other","Female","Passenger Car","No","08DEC2010","Wednesday","Motorist Overtaking Bicyclist",8,"Non-Intersection","December","C: Possible Injury",29400,"Motorist Overtaking - Misjudged Space",2010,"Yes","No","Daylight","Straight - Level","NC Route","Dry","Two-Way, Divided, Positive Median Barrier","None","No Special Feature","Coarse Asphalt",0,0,0,0,0,0,0,"4 lanes",2,0,NA,0,NA
7166,4599,"Lumberton","Robeson","Coastal","Commercial","Urban (>70% Developed)",NA,"Urban","60 - 75 MPH","No Control Present","Clear","No",48,"40-49","No",NA,"With Traffic","C: Possible Injury","Travel Lane","Native American","Male",21,"20-24","No",NA,"31-35 mph","O: No Injury","Hispanic","Male","Passenger Car","No","18DEC2010","Saturday","Motorist Overtaking Bicyclist",0,"Intersection-Related","December","C: Possible Injury",660,"Motorist Overtaking - Undetected Bicyclist",2010,"Yes","No","Dark - Roadway Not Lighted","Curve - Grade","Interstate","Dry","One-Way, Not Divided","None","On or Off Ramp","Coarse Asphalt",0,0,0,0,0,0,0,"1 lane",2,0,NA,0,NA
7167,424,"None - Rural Crash","Pitt","Coastal","Residential","Urban (>70% Developed)","SR 1726","Rural","40 - 45  MPH","Double Yellow Line, No Passing Zone","Clear","No",62,"60-69",NA,"No","With Traffic","A: Disabling Injury","Travel Lane","White","Male",34,"30-39",NA,"No","41-45 mph","O: No Injury","White","Male","Sport Utility","No","25JUL2014","Friday","Bicyclist Left Turn / Merge",12,"Intersection","July","A: Disabling Injury",45000,"Bicyclist Left Turn - Opposite Direction",2014,"Yes","No","Daylight","Straight - Level","State Secondary Route","Dry","Two-Way, Not Divided","None","T-Intersection","Coarse Asphalt",1,0,0,0,0,1,0,"2 lanes",2,0,"1728",40001726,"2232"
7168,425,"Asheville","Buncombe","Mountains","Commercial","Urban (>70% Developed)","US 70","Urban","40 - 45  MPH","No Control Present","Clear","No",19,"16-19",NA,"No","With Traffic","B: Evident Injury","Travel Lane","White","Female",24,"20-24",NA,"No","41-45 mph","O: No Injury","White","Female","Passenger Car","No","15JUL2014","Tuesday","Bicyclist Failed to Yield - Sign-Controlled Intersection",11,"Intersection","July","B: Evident Injury",42780,"Bicyclist Ride Out - Sign-Controlled Intersection",2014,"Yes","No","Daylight","Straight - Grade","US Route","Dry","Two-Way, Not Divided","None","No Special Feature","Smooth Asphalt",0,1,0,0,0,1,0,"4 lanes",2,0,"AVON RD",20000070,"MOUNTAIN VIEW RD"
7169,435,"Raleigh","Wake","Piedmont","Institutional","Urban (>70% Developed)","GORMAN","Urban","30 - 35  MPH","Stop Sign","Clear","No",35,"30-39",NA,"No","With Traffic","C: Possible Injury","Bike Lane / Paved Shoulder","White","Male",25,"25-29",NA,"No","11-15 mph","O: No Injury","Hispanic","Male","Passenger Car","No","20AUG2014","Wednesday","Bicyclist Failed to Yield - Sign-Controlled Intersection",16,"Intersection","August","C: Possible Injury",59400,"Bicyclist Ride Out - Sign-Controlled Intersection",2014,"Yes","No","Daylight","Straight - Level","Local Street","Dry","Two-Way, Not Divided","None","Four-Way Intersection","Smooth Asphalt",0,0,1,0,0,1,0,"2 lanes",2,0,"JACKSON ST",50012171,NA
7170,468,"Fayetteville","Cumberland","Coastal","Commercial","Urban (>70% Developed)","PVA 4901 BRAGG BLVD","Urban","5 - 15 MPH","No Control Present","Clear","No",37,"30-39",NA,"No","Facing Traffic","C: Possible Injury","Sidewalk / Crosswalk / Driveway Crossing","Hispanic","Male",59,"50-59",NA,"No","6-10 mph","O: No Injury","White","Male","Passenger Car","No","16JUL2014","Wednesday","Motorist Failed to Yield - Midblock",14,"Non-Intersection","July","C: Possible Injury",52500,"Motorist Drive Out - Commercial Driveway / Alley",2014,"No","No","Daylight","Straight - Level","Public Vehicular Area","Dry","Two-Way, Not Divided","None","No Special Feature","Coarse Asphalt",0,0,1,0,0,1,0,"2 lanes",2,0,"BRAGG BLVD",0,"SWAIN ST"
7171,486,"Durham","Durham","Piedmont","Residential","Urban (>70% Developed)","COMMERCE ST","Urban","30 - 35  MPH","No Control Present","Clear","No",7,"6-10",NA,"No","Not Applicable","C: Possible Injury","Non-Roadway","Black","Male",55,"50-59",NA,"No","36-40 mph","O: No Injury","Black","Male","Passenger Car","No","07SEP2014","Sunday","Bicyclist Failed to Yield - Midblock",15,"Non-Intersection","September","C: Possible Injury",55560,"Bicyclist Ride Out - Other Midblock",2014,"Yes","No","Daylight","Straight - Bottom","Local Street","Dry","Two-Way, Not Divided","None","No Special Feature","Smooth Asphalt",0,0,1,0,0,1,0,"2 lanes",2,0.114,"E MAIN ST",0,"N ELIZABETH ST"
7172,492,"None - Rural Crash","Montgomery","Piedmont","Commercial","Mixed (30% To 70% Developed)","US 220","Rural","50 - 55  MPH","No Control Present","Fog, Smog, Smoke","No",23,"20-24",NA,"No","With Traffic","C: Possible Injury","Travel Lane","Hispanic","Male",18,"0-19",NA,"No","46-50 mph","O: No Injury","Hispanic","Female","Passenger Car","No","02SEP2014","Tuesday","Motorist Overtaking Bicyclist",22,"Non-Intersection","September","C: Possible Injury",80640,"Motorist Overtaking - Bicyclist Swerved",2014,"Yes","No","Dark - Roadway Not Lighted","Straight - Level","US Route","Wet","Two-Way, Not Divided","None","No Special Feature","Smooth Asphalt",0,0,1,0,0,1,0,"2 lanes",2,0.1,"1560",21000220,"1519"
7173,493,"Greenville","Pitt","Coastal","Commercial","Urban (>70% Developed)","US 264","Urban","40 - 45  MPH","Stop Sign","Rain","No",19,"16-19",NA,"No","Not Applicable","B: Evident Injury","Travel Lane","White","Male",28,"25-29",NA,"No","0-5 mph","O: No Injury","Other","Male","Passenger Car","No","04SEP2014","Thursday","Motorist Left Turn / Merge",20,"Intersection-Related","September","B: Evident Injury",72900,"Motorist Left Turn - Opposite Direction",2014,"Yes","No","Dark - Lighted Roadway","Straight - Level","US Route","Wet","Two-Way, Not Divided","None","No Special Feature","Smooth Asphalt",0,1,0,0,0,1,0,"5 lanes",2,0.003,"KIRKLAND DR",21000264,"HIGHLAND AV"
7174,500,"Gastonia","Gaston","Piedmont","Residential","Urban (>70% Developed)","N YORK ST","Urban","30 - 35  MPH","No Control Present","Clear","No",45,"40-49",NA,"No","Facing Traffic","B: Evident Injury","Travel Lane","Black","Female",46,"40-49",NA,"No","21-25 mph","O: No Injury","Black","Male","Sport Utility","No","25JUL2014","Friday","Motorist Failed to Yield - Midblock",17,"Non-Intersection","July","B: Evident Injury",62700,"Motorist Drive Out - Commercial Driveway / Alley",2014,"Yes","No","Daylight","Straight - Grade","US Route","Dry","One-Way, Not Divided","None","No Special Feature","Smooth Asphalt",0,1,0,0,0,1,0,"2 lanes",2,0.038,"W 10TH AVE",20000321,"W 8TH AVE"
7175,1504,"None - Rural Crash","Rowan","Piedmont","Farms, Woods, Pastures","Rural (<30% Developed)","SR 1361","Rural",NA,"Double Yellow Line, No Passing Zone","Clear","No",NA,NA,"No",NA,"With Traffic","Unknown Injury","Travel Lane","Unknown/Missing",NA,53,"50-59","No",NA,NA,"A: Disabling Injury","White","Male","Pedestrian","No","27SEP2013","Friday","Parallel Paths - Other Circumstances",10,"Non-Intersection","September","A: Disabling Injury",37620,"Parallel Paths - Other / Unknown",2013,"Yes","Yes","Daylight","Curve - Grade","State Secondary Route","Dry","Two-Way, Not Divided","None","No Special Feature","Smooth Asphalt",0,0,0,0,0,0,0,"2 lanes",2,0,NA,0,NA
7176,1511,"Greensboro","Guilford","Piedmont","Commercial","Urban (>70% Developed)","W FRIENDLY AV","Urban","30 - 35  MPH","Stop And Go Signal","Clear","No",26,"25-29","No",NA,"With Traffic","C: Possible Injury","Sidewalk / Crosswalk / Driveway Crossing","White","Male",54,"50-59","No",NA,"6-10 mph","O: No Injury","Black","Female","Passenger Car","No","23SEP2013","Monday","Motorist Failed to Yield - Signalized Intersection",17,"Intersection","September","C: Possible Injury",63720,"Motorist Drive Out - Right Turn on Red",2013,"Yes","No","Daylight","Straight - Level","Local Street","Dry","Two-Way, Not Divided","None","Four-Way Intersection","Coarse Asphalt",0,0,0,0,0,0,0,"4 lanes",2,0,NA,0,NA
7177,1514,"Charlotte","Mecklenburg","Piedmont","Commercial","Urban (>70% Developed)","UNIVERSITY CITY BV","Urban","40 - 45  MPH","Stop And Go Signal","Clear","No",37,"30-39","No",NA,"With Traffic","B: Evident Injury","Sidewalk / Crosswalk / Driveway Crossing","Hispanic","Female",42,"40-49","No",NA,"11-15 mph","O: No Injury","Black","Female","Passenger Car","No","23SEP2013","Monday","Motorist Right Turn / Merge",16,"Intersection","September","B: Evident Injury",57720,"Motorist Right Turn - Same Direction",2013,"Yes","No","Daylight","Straight - Level","Local Street","Dry","Two-Way, Divided, Unprotected Median","None","Four-Way Intersection","Smooth Asphalt",0,0,0,0,0,0,0,"4 lanes",2,0,NA,0,NA
7178,1515,"Fayetteville","Cumberland","Coastal","Commercial","Urban (>70% Developed)","GILLESPIE ST","Urban","40 - 45  MPH","Stop And Go Signal","Clear","No",NA,NA,"No",NA,"Not Applicable","O: No Injury","Travel Lane","Black","Female",27,"25-29","No",NA,"11-15 mph","O: No Injury","Black","Female","Sport Utility","No","04SEP2013","Wednesday","Crossing Paths - Other Circumstances",17,"Intersection-Related","September","O: No Injury",62040,"Signalized Intersection - Other / Unknown",2013,"No","No","Daylight","Straight - Level","Local Street","Dry","One-Way, Not Divided","None","No Special Feature","Coarse Asphalt",0,0,0,0,0,0,0,"4 lanes",2,0,NA,0,NA
7179,1520,"Winston-Salem","Forsyth","Piedmont","Residential","Urban (>70% Developed)","S MAIN ST","Urban","30 - 35  MPH","Stop And Go Signal","Clear","No",30,"30-39","No",NA,"With Traffic","B: Evident Injury","Travel Lane","White","Male",NA,"70+","No",NA,"6-10 mph","O: No Injury","Asian","Male","Passenger Car","No","14AUG2013","Wednesday","Motorist Left Turn / Merge",12,"Intersection","August","B: Evident Injury",45420,"Motorist Left Turn - Opposite Direction",2013,"No","No","Daylight","Straight - Grade","Local Street","Dry","Two-Way, Not Divided","None","Four-Way Intersection","Smooth Asphalt",0,0,0,0,0,0,0,"3 lanes",2,0,NA,0,NA
7180,1528,"Raleigh","Wake","Piedmont","Residential","Urban (>70% Developed)","PVA 1221 NEW BERN AVE","Urban","30 - 35  MPH","Stop And Go Signal","Clear","No",53,"50-59","Yes",NA,"Not Applicable","C: Possible Injury","Non-Roadway","Black","Male",20,"20-24","No",NA,"11-15 mph","O: No Injury","Black","Male","Passenger Car","Yes","01OCT2013","Tuesday","Bicyclist Failed to Yield - Midblock",20,"Non-Intersection","October","C: Possible Injury",74280,"Bicyclist Ride Out - Commercial Driveway / Alley",2013,"Yes","No","Dark - Lighted Roadway","Straight - Level","Local Street","Dry","Two-Way, Divided, Unprotected Median","None","No Special Feature","Smooth Asphalt",0,0,0,0,0,0,0,"3 lanes",2,0,NA,0,NA
7181,1537,"None - Rural Crash","Orange","Piedmont","Residential","Mixed (30% To 70% Developed)","SR 1831","Rural","30 - 35  MPH","Double Yellow Line, No Passing Zone","Clear","No",49,"40-49","No",NA,"With Traffic","B: Evident Injury","Travel Lane","White","Male",24,"20-24","No",NA,"6-10 mph","O: No Injury","White","Male","Sport Utility","No","13SEP2013","Friday","Motorist Left Turn / Merge",17,"Non-Intersection","September","B: Evident Injury",63840,"Motorist Left Turn - Opposite Direction",2013,"Yes","No","Daylight","Straight - Grade","Local Street","Dry","Two-Way, Not Divided","None","Driveway, Private","Coarse Asphalt",0,0,0,0,0,0,0,"2 lanes",2,0,NA,0,NA
7182,1543,"Morrisville","Wake","Piedmont","Commercial","Urban (>70% Developed)","SR 1002","Urban","40 - 45  MPH","Stop And Go Signal","Clear","No",41,"40-49","No",NA,"With Traffic","B: Evident Injury","Travel Lane","White","Male",50,"50-59","No",NA,"41-45 mph","O: No Injury","Black","Male","Single Unit Truck (3 Or More Axles)","No","26SEP2013","Thursday","Bicyclist Failed to Yield - Signalized Intersection",7,"Intersection","September","B: Evident Injury",26700,"Bicyclist Ride Through - Signalized Intersection",2013,"Yes","No","Daylight","Straight - Level","State Secondary Route","Dry","Two-Way, Not Divided","None","T-Intersection","Smooth Asphalt",0,0,0,0,0,0,0,"2 lanes",2,0,NA,0,NA