"...1","object_id","city","county","region","development","locality","on_road","rural_urban","speed_limit","traffic_control","weather","workzone","bike_age","bike_age_group","bike_alcohol","bike_alcohol_drugs","bike_direction","bike_injury","bike_position","bike_race","bike_sex","driver_age","driver_age_group","driver_alcohol","driver_alcohol_drugs","driver_est_speed","driver_injury","driver_race","driver_sex","driver_vehicle_type","crash_alcohol","crash_date","crash_day","crash_group","crash_hour","crash_location","crash_month","crash_severity","crash_time","crash_type","crash_year","ambulance_req","hit_run","light_condition","road_character","road_class","road_condition","road_configuration","road_defects","road_feature","road_surface","num_bikes_ai","num_bikes_bi","num_bikes_ci","num_bikes_ki","num_bikes_no","num_bikes_to","num_bikes_ui","num_lanes","num_units","distance_mi_from","frm_road","rte_invd_cd","towrd_road"
7183,1545,"Charlotte","Mecklenburg","Piedmont","Residential","Urban (>70% Developed)","QUAIL HOLLOW RD","Urban","30 - 35  MPH","No Control Present","Cloudy","No",44,"40-49","No",NA,"With Traffic","B: Evident Injury","Travel Lane","White","Male",16,"0-19","No",NA,"21-25 mph","O: No Injury","White","Female","Passenger Car","No","10OCT2013","Thursday","Motorist Right Turn / Merge",16,"Intersection","October","B: Evident Injury",58260,"Motorist Right Turn - Same Direction",2013,"Yes","No","Daylight","Straight - Level","Local Street","Dry","Two-Way, Not Divided","None","No Special Feature","Smooth Asphalt",0,0,0,0,0,0,0,"4 lanes",2,0,NA,0,NA
7184,1567,"None - Rural Crash","Onslow","Coastal","Commercial","Mixed (30% To 70% Developed)","US 258","Rural","40 - 45  MPH","No Control Present","Rain","No",56,"50-59","No",NA,"With Traffic","B: Evident Injury","Travel Lane","Black","Male",23,"20-24","No",NA,"0-5 mph","O: No Injury","White","Female","Sport Utility","No","18OCT2013","Friday","Motorist Left Turn / Merge",19,"Non-Intersection","October","B: Evident Injury",70620,"Motorist Left Turn - Opposite Direction",2013,"Yes","No","Dark - Roadway Not Lighted","Curve - Level","US Route","Wet","Two-Way, Not Divided","None","Driveway, Public","Smooth Asphalt",0,0,0,0,0,0,0,"5 lanes",2,0,NA,0,NA
7185,1582,"None - Rural Crash","Catawba","Piedmont","Residential","Rural (<30% Developed)","SR 1511","Rural","40 - 45  MPH","Double Yellow Line, No Passing Zone","Cloudy","No",32,"30-39","No",NA,"With Traffic","B: Evident Injury","Travel Lane","White","Male",NA,NA,"No",NA,"21-25 mph","Unknown Injury","Unknown/Missing",NA,"Passenger Car","No","22OCT2013","Tuesday","Motorist Overtaking Bicyclist",6,"Non-Intersection","October","B: Evident Injury",24000,"Motorist Overtaking - Other / Unknown",2013,"Yes","Yes","Dark - Roadway Not Lighted","Straight - Level","State Secondary Route","Dry","Two-Way, Not Divided","None","No Special Feature","Smooth Asphalt",0,0,0,0,0,0,0,"2 lanes",2,0,NA,0,NA
7186,1589,"Raleigh","Wake","Piedmont","Industrial","Rural (<30% Developed)","N RALEIGH BLVD","Urban","40 - 45  MPH","No Control Present","Cloudy","No",56,"50-59","No",NA,"With Traffic","B: Evident Injury","Travel Lane","Black","Male",NA,NA,"Missing",NA,"41-45 mph","Unknown Injury","Unknown/Missing",NA,NA,"No","13OCT2013","Sunday","Motorist Overtaking Bicyclist",7,"Non-Intersection","October","B: Evident Injury",26760,"Motorist Overtaking - Other / Unknown",2013,"Yes","Yes","Dark - Lighted Roadway","Straight - Level","Local Street","Dry","Two-Way, Not Divided","None","No Special Feature","Smooth Asphalt",0,0,0,0,0,0,0,"4 lanes",2,0,NA,0,NA
7187,1600,"Charlotte","Mecklenburg","Piedmont","Commercial","Urban (>70% Developed)","ROZZELLES FERRY ROAD","Urban","40 - 45  MPH","No Control Present","Clear","No",52,"50-59","No",NA,"With Traffic","C: Possible Injury","Travel Lane","Black","Male",65,"60-69","No",NA,"41-45 mph","O: No Injury","White","Male","Passenger Car","No","04NOV2013","Monday","Motorist Overtaking Bicyclist",5,"Intersection","November","C: Possible Injury",18420,"Motorist Overtaking - Undetected Bicyclist",2013,"Yes","No","Dark - Lighted Roadway","Straight - Level","Local Street","Dry","Two-Way, Not Divided","None","No Special Feature","Smooth Asphalt",0,0,0,0,0,0,0,"2 lanes",2,0,NA,0,NA
7188,1610,"Charlotte","Mecklenburg","Piedmont","Commercial","Urban (>70% Developed)","STATESVILLE AV","Urban","30 - 35  MPH","Stop And Go Signal","Clear","No",43,"40-49","No",NA,"With Traffic","C: Possible Injury","Sidewalk / Crosswalk / Driveway Crossing","Black","Male",42,"40-49","No",NA,"31-35 mph","O: No Injury","White","Male","Van","No","10NOV2013","Sunday","Motorist Left Turn / Merge",18,"Intersection","November","C: Possible Injury",65880,"Motorist Left Turn - Opposite Direction",2013,"Yes","No","Dark - Lighted Roadway","Straight - Level","Local Street","Dry","Two-Way, Divided, Positive Median Barrier","None","No Special Feature","Smooth Asphalt",0,0,0,0,0,0,0,"2 lanes",2,0,NA,0,NA
7189,1614,"Mooresville","Iredell","Piedmont","Residential","Rural (<30% Developed)","BLUEFIELD RD","Urban","40 - 45  MPH","No Control Present","Cloudy","No",44,"40-49","No",NA,"With Traffic","C: Possible Injury","Travel Lane","White","Male",21,"20-24","No",NA,"41-45 mph","O: No Injury","White","Female","Passenger Car","No","14OCT2013","Monday","Motorist Overtaking Bicyclist",12,"Non-Intersection","October","C: Possible Injury",46200,"Motorist Overtaking - Undetected Bicyclist",2013,"Yes","No","Daylight","Straight - Grade","Local Street","Dry","Two-Way, Not Divided","None","No Special Feature","Coarse Asphalt",0,0,0,0,0,0,0,"2 lanes",2,0,NA,0,NA
7190,1615,"Raleigh","Wake","Piedmont","Residential","Urban (>70% Developed)","BENTONVILLE CT","Urban","20 - 25  MPH","No Control Present","Clear","No",8,"6-10","No",NA,"With Traffic","O: No Injury","Travel Lane","Black","Male",NA,NA,"Missing",NA,"0-5 mph","Unknown Injury","Unknown/Missing",NA,"Sport Utility","No","26OCT2013","Saturday","Loss of Control / Turning Error",16,"Non-Intersection","October","O: No Injury",60000,"Bicyclist Lost Control - Surface Conditions",2013,"No","No","Daylight","Straight - Level","Local Street","Dry","Two-Way, Not Divided","Road Surface Condition","No Special Feature","Smooth Asphalt",0,0,0,0,0,0,0,"2 lanes",2,0,NA,0,NA
7191,1619,"Dobson","Surry","Mountains","Institutional","Urban (>70% Developed)","COLLEGE CIR","Rural","5 - 15 MPH","Stop Sign","Clear","No",18,"16-19","No",NA,"Facing Traffic","Unknown Injury","Sidewalk / Crosswalk / Driveway Crossing","White","Female",19,"0-19","No",NA,"0-5 mph","O: No Injury","White","Female","Passenger Car","No","15OCT2013","Tuesday","Motorist Failed to Yield - Sign-Controlled Intersection",10,"Intersection","October","O: No Injury",39300,"Motorist Drive Out - Sign-Controlled Intersection",2013,"No","No","Daylight","Straight - Level","Local Street","Dry","Two-Way, Divided, Unprotected Median","None","T-Intersection","Smooth Asphalt",0,0,0,0,0,0,0,"2 lanes",2,0,NA,0,NA
7192,1623,"Durham","Durham","Piedmont","Residential","Urban (>70% Developed)","DUKE UNIVERSITY RD","Urban","30 - 35  MPH","No Control Present","Clear","No",28,"25-29","No",NA,"With Traffic","B: Evident Injury","Bike Lane / Paved Shoulder","White","Female",35,"30-39","No",NA,"31-35 mph","O: No Injury","White","Male","Pickup","No","05NOV2013","Tuesday","Motorist Right Turn / Merge",10,"Intersection","November","B: Evident Injury",36900,"Motorist Right Turn - Same Direction",2013,"Yes","No","Daylight","Straight - Level","Local Street","Dry","Two-Way, Not Divided","None","No Special Feature","Smooth Asphalt",0,0,0,0,0,0,0,"4 lanes",2,0,NA,0,NA
7193,1633,"Murfreesboro","Hertford","Coastal","Residential","Urban (>70% Developed)","UNION ST","Rural","30 - 35  MPH","Stop And Go Signal","Clear","No",60,"60-69","No",NA,"Facing Traffic","C: Possible Injury","Travel Lane","Black","Female",NA,"70+","No",NA,"6-10 mph","O: No Injury","White","Female","Passenger Car","No","21OCT2013","Monday","Bicyclist Failed to Yield - Signalized Intersection",21,"Intersection","October","C: Possible Injury",77160,"Bicyclist Failed to Clear - Unknown",2013,"Yes","No","Dark - Lighted Roadway","Straight - Level","Local Street","Dry","Two-Way, Not Divided","None","Four-Way Intersection","Coarse Asphalt",0,0,0,0,0,0,0,"2 lanes",2,0,NA,0,NA
7194,1640,"Concord","Cabarrus","Piedmont","Commercial","Mixed (30% To 70% Developed)","WILSHIRE AVE","Urban","30 - 35  MPH","Stop Sign","Clear","No",22,"20-24","No",NA,"With Traffic","A: Disabling Injury","Travel Lane","White","Male",58,"50-59","No",NA,"31-35 mph","O: No Injury","White","Male","Pickup","No","29OCT2013","Tuesday","Bicyclist Failed to Yield - Sign-Controlled Intersection",18,"Intersection","October","A: Disabling Injury",65340,"Bicyclist Ride Through - Sign-Controlled Intersection",2013,"Yes","No","Dusk","Straight - Grade","Local Street","Dry","Two-Way, Divided, Unprotected Median","None","Four-Way Intersection","Smooth Asphalt",0,0,0,0,0,0,0,"2 lanes",2,0,NA,0,NA
7195,1643,"New Bern","Craven","Coastal","Residential","Urban (>70% Developed)","TRENT BLVD","Urban","30 - 35  MPH","No Control Present","Clear","No",50,"50-59","No",NA,"With Traffic","B: Evident Injury","Travel Lane","White","Male",34,"30-39","No",NA,"31-35 mph","O: No Injury","Black","Female","Sport Utility","No","08SEP2013","Sunday","Motorist Right Turn / Merge",13,"Intersection","September","B: Evident Injury",49200,"Motorist Right Turn - Same Direction",2013,"No","No","Daylight","Straight - Level","Local Street","Dry","Two-Way, Not Divided","None","T-Intersection","Concrete",0,0,0,0,0,0,0,"2 lanes",2,0,NA,0,NA
7196,1645,"None - Rural Crash","New Hanover","Coastal","Commercial","Urban (>70% Developed)","US 17","Rural","40 - 45  MPH","No Control Present","Clear","No",55,"50-59","No",NA,"With Traffic","B: Evident Injury","Travel Lane","White","Female",40,"40-49","No",NA,"16-20 mph","O: No Injury","White","Female","Van","No","16NOV2013","Saturday","Motorist Left Turn / Merge",20,"Intersection","November","B: Evident Injury",74280,"Motorist Left Turn - Opposite Direction",2013,"Yes","No","Daylight","Straight - Level","US Route","Dry","Two-Way, Not Divided","None","T-Intersection","Coarse Asphalt",0,0,0,0,0,0,0,"5 lanes",2,0,NA,0,NA
7197,1646,"High Point","Guilford","Piedmont","Commercial","Urban (>70% Developed)","N MAIN ST","Urban","30 - 35  MPH","No Control Present","Clear","No",49,"40-49","No",NA,"Facing Traffic","C: Possible Injury","Travel Lane","White","Male",55,"50-59","No",NA,"11-15 mph","O: No Injury","White","Male","Sport Utility","No","25OCT2013","Friday","Motorist Failed to Yield - Midblock",16,"Non-Intersection","October","C: Possible Injury",59280,"Motorist Drive Out - Commercial Driveway / Alley",2013,"Yes","No","Daylight","Straight - Level","Local Street","Dry","Two-Way, Not Divided","None","No Special Feature","Smooth Asphalt",0,0,0,0,0,0,0,"4 lanes",2,0,NA,0,NA
7198,1654,"Raleigh","Wake","Piedmont","Commercial","Urban (>70% Developed)","PVA 2008 NEW BERN AVE","Urban",NA,"No Control Present","Clear","No",44,"40-49","No",NA,"Not Applicable","C: Possible Injury","Non-Roadway","Black","Male",44,"40-49","No",NA,"0-5 mph","O: No Injury","Black","Male","Passenger Car","No","25NOV2013","Monday","Non-Roadway",15,"Non-Roadway","November","C: Possible Injury",56820,"Non-Roadway",2013,"No","No","Daylight","Straight - Level","Public Vehicular Area","Dry","Two-Way, Not Divided","None","Driveway, Public","Coarse Asphalt",0,0,0,0,0,0,0,NA,2,0,NA,0,NA
7199,1655,"High Point","Guilford","Piedmont","Residential","Urban (>70% Developed)","BRENTWOOD ST","Urban","30 - 35  MPH","No Control Present","Clear","No",12,"11-15","No",NA,"With Traffic","B: Evident Injury","Travel Lane","Black","Male",50,"50-59","No",NA,"31-35 mph","O: No Injury","Black","Female","Passenger Car","No","29OCT2013","Tuesday","Bicyclist Left Turn / Merge",19,"Non-Intersection","October","B: Evident Injury",68760,"Bicyclist Left Turn - Same Direction",2013,"Yes","No","Dark - Lighted Roadway","Straight - Level","Local Street","Dry","Two-Way, Not Divided","None","No Special Feature","Coarse Asphalt",0,0,0,0,0,0,0,"4 lanes",2,0,NA,0,NA
7200,1658,"Kinston","Lenoir","Coastal","Commercial","Urban (>70% Developed)","US 70","Urban","30 - 35  MPH","No Control Present","Clear","No",53,"50-59","Yes",NA,"With Traffic","B: Evident Injury","Bike Lane / Paved Shoulder","Black","Male",63,"60-69","Yes",NA,"31-35 mph","O: No Injury","Black","Male","Passenger Car","Yes","30NOV2013","Saturday","Motorist Overtaking Bicyclist",16,"Non-Intersection","November","B: Evident Injury",58800,"Motorist Overtaking - Bicyclist Swerved",2013,"Yes","No","Daylight","Straight - Level","US Route","Dry","Two-Way, Divided, Unprotected Median","None","No Special Feature","Coarse Asphalt",0,0,0,0,0,0,0,"5 lanes",2,0,NA,0,NA
7201,1661,"Shallotte","Brunswick","Coastal","Commercial","Urban (>70% Developed)","MAIN ST","Rural","30 - 35  MPH","No Control Present","Clear","No",49,"40-49","No",NA,"With Traffic","C: Possible Injury","Travel Lane","White","Male",64,"60-69","No",NA,"0-5 mph","O: No Injury","Black","Female","Passenger Car","No","17SEP2013","Tuesday","Motorist Failed to Yield - Sign-Controlled Intersection",19,"Intersection","September","C: Possible Injury",71940,"Motorist Drive Out - Sign-Controlled Intersection",2013,"Yes","No","Dark - Lighted Roadway","Straight - Level","Local Street","Dry","Two-Way, Not Divided","None","No Special Feature","Coarse Asphalt",0,0,0,0,0,0,0,"2 lanes",2,0,NA,0,NA
7202,1664,"Greenville","Pitt","Coastal","Commercial","Urban (>70% Developed)","COTANCHE ST","Urban","30 - 35  MPH","No Control Present","Clear","No",22,"20-24","No",NA,"Facing Traffic","C: Possible Injury","Sidewalk / Crosswalk / Driveway Crossing","White","Female",22,"20-24","No",NA,"0-5 mph","O: No Injury","Black","Female","Passenger Car","No","13NOV2013","Wednesday","Motorist Failed to Yield - Midblock",16,"Non-Intersection","November","C: Possible Injury",59040,"Motorist Drive Out - Commercial Driveway / Alley",2013,"Yes","No","Daylight","Straight - Level","Local Street","Dry","Two-Way, Not Divided","None","No Special Feature","Coarse Asphalt",0,0,0,0,0,0,0,"3 lanes",2,0,NA,0,NA
7203,1677,"Winston-Salem","Forsyth","Piedmont","Commercial","Urban (>70% Developed)","MARSHALL ST","Urban","30 - 35  MPH","No Control Present","Clear","No",16,"16-19","No",NA,"Facing Traffic","C: Possible Injury","Sidewalk / Crosswalk / Driveway Crossing","Black","Male",NA,NA,"Missing",NA,"0-5 mph","Unknown Injury","Unknown/Missing",NA,NA,"No","06NOV2013","Wednesday","Motorist Failed to Yield - Midblock",17,"Non-Intersection","November","C: Possible Injury",64200,"Motorist Drive Out - Commercial Driveway / Alley",2013,"Yes","Yes","Daylight","Straight - Level","Local Street","Dry","Two-Way, Not Divided","None","Driveway, Private","Concrete",0,0,0,0,0,0,0,"2 lanes",2,0,NA,0,NA
7204,1678,"Raleigh","Wake","Piedmont","Residential","Urban (>70% Developed)","CROSS LINK RD","Urban","30 - 35  MPH","Stop And Go Signal","Cloudy","No",18,"16-19","No",NA,"With Traffic","C: Possible Injury","Travel Lane","Black","Male",42,"40-49","No",NA,"0-5 mph","O: No Injury","Hispanic","Female","Passenger Car","No","08DEC2013","Sunday","Bicyclist Failed to Yield - Signalized Intersection",11,"Intersection","December","C: Possible Injury",43020,"Bicyclist Failed to Clear - Trapped",2013,"Yes","No","Daylight","Straight - Level","Local Street","Wet","Two-Way, Not Divided","None","Four-Way Intersection","Smooth Asphalt",0,0,0,0,0,0,0,"3 lanes",2,0,NA,0,NA
7205,1681,"Asheville","Buncombe","Mountains","Commercial","Urban (>70% Developed)","BARTLETT","Urban","20 - 25  MPH","No Control Present","Clear","No",26,"25-29","No",NA,NA,"C: Possible Injury",NA,"White","Male",53,"50-59","No",NA,"21-25 mph","O: No Injury","Black","Male","Passenger Car","No","01NOV2013","Friday","Other / Unusual Circumstances",23,"Intersection-Related","November","C: Possible Injury",82980,"Motorist Intentionally Caused",2013,"Yes","No","Dark - Lighted Roadway","Straight - Hillcrest","Local Street","Dry","Two-Way, Not Divided","None","No Special Feature","Smooth Asphalt",0,0,0,0,0,0,0,"2 lanes",2,0,NA,0,NA
7206,1684,"Gastonia","Gaston","Piedmont","Residential","Urban (>70% Developed)","2706 CRESCENT LANE","Urban","30 - 35  MPH","No Control Present","Clear","No",53,"50-59","No",NA,"With Traffic","B: Evident Injury","Travel Lane","Black","Male",37,"30-39","No",NA,"26-30 mph","O: No Injury","White","Female","Sport Utility","No","18NOV2013","Monday","Motorist Overtaking Bicyclist",17,"Intersection-Related","November","B: Evident Injury",63000,"Motorist Overtaking - Bicyclist Swerved",2013,"Yes","No","Dark - Lighted Roadway","Straight - Grade","Local Street","Dry","Two-Way, Not Divided","None","No Special Feature","Coarse Asphalt",0,0,0,0,0,0,0,"2 lanes",2,0,NA,0,NA
7207,1689,"Concord","Cabarrus","Piedmont","Residential","Urban (>70% Developed)","BRIDGEFORD DR","Urban","20 - 25  MPH","Stop Sign","Cloudy","No",11,"11-15","No",NA,"With Traffic","C: Possible Injury","Sidewalk / Crosswalk / Driveway Crossing","White","Male",41,"40-49","No",NA,"0-5 mph","O: No Injury","White","Male","Passenger Car","No","16NOV2013","Saturday","Bicyclist Failed to Yield - Sign-Controlled Intersection",14,"Intersection","November","C: Possible Injury",52260,"Bicyclist Ride Out - Sign-Controlled Intersection",2013,"No","No","Daylight","Straight - Level","Local Street","Dry","Two-Way, Not Divided","None","Four-Way Intersection","Coarse Asphalt",0,0,0,0,0,0,0,"4 lanes",2,0,NA,0,NA
7208,1696,"Cary","Wake","Piedmont","Commercial","Urban (>70% Developed)","NE MAYNARD RD","Urban","30 - 35  MPH","Flashing Stop And Go Signal","Clear","No",44,"40-49","No",NA,"With Traffic","C: Possible Injury","Travel Lane","White","Male",NA,"70+","No",NA,"6-10 mph","O: No Injury","White","Female","Passenger Car","No","10NOV2013","Sunday","Bicyclist Failed to Yield - Signalized Intersection",16,"Intersection","November","C: Possible Injury",58920,"Bicyclist Ride Through - Signalized Intersection",2013,"Yes","No","Daylight","Straight - Level","State Secondary Route","Dry","Two-Way, Not Divided","None","Related To Intersection","Coarse Asphalt",0,0,0,0,0,0,0,"4 lanes",2,0,NA,0,NA
7209,1701,"Lumberton","Robeson","Coastal","Commercial","Urban (>70% Developed)","ROBERTS AVE","Urban","30 - 35  MPH","No Control Present","Fog, Smog, Smoke","No",52,"50-59","Yes",NA,"With Traffic","C: Possible Injury","Travel Lane","Black","Male",31,"30-39","No",NA,"31-35 mph","O: No Injury","Native American","Female","Passenger Car","Yes","16NOV2013","Saturday","Bicyclist Failed to Yield - Sign-Controlled Intersection",23,"Intersection","November","C: Possible Injury",83100,"Bicyclist Ride Through - Sign-Controlled Intersection",2013,"Yes","No","Dark - Lighted Roadway","Straight - Level","Local Street","Dry","Two-Way, Not Divided","None","No Special Feature","Coarse Asphalt",0,0,0,0,0,0,0,"5 lanes",2,0,NA,0,NA
7210,1704,"Durham","Durham","Piedmont","Commercial","Urban (>70% Developed)","PVA 1058 W CLUB BLVD","Urban","30 - 35  MPH","Stop And Go Signal","Clear","No",25,"25-29","No",NA,"Facing Traffic","O: No Injury","Sidewalk / Crosswalk / Driveway Crossing","Hispanic","Male",NA,NA,"No",NA,"16-20 mph","Unknown Injury","Unknown/Missing",NA,"Pickup","No","18DEC2013","Wednesday","Motorist Failed to Yield - Signalized Intersection",8,"Intersection","December","C: Possible Injury",31740,"Motorist Drive Out - Right Turn on Red",2013,"No","Yes","Daylight","Straight - Level","Public Vehicular Area","Dry","Two-Way, Not Divided","None","Driveway, Public","Coarse Asphalt",0,0,0,0,0,0,0,"2 lanes",2,0,NA,0,NA
7211,1709,"Wilson","Wilson","Coastal","Residential","Urban (>70% Developed)","WARD BLVD","Urban","40 - 45  MPH","Stop And Go Signal","Clear","No",26,"25-29","No",NA,"With Traffic","C: Possible Injury","Travel Lane","Other","Male",61,"60-69","No",NA,"31-35 mph","O: No Injury","White","Male","Sport Utility","No","07NOV2013","Thursday","Bicyclist Failed to Yield - Signalized Intersection",10,"Intersection","November","C: Possible Injury",36780,"Bicyclist Failed to Clear - Multiple Threat",2013,"Yes","No","Daylight","Straight - Level","Local Street","Dry","Two-Way, Not Divided","None","Four-Way Intersection","Coarse Asphalt",0,0,0,0,0,0,0,"4 lanes",2,0,NA,0,NA
7212,1717,"Clinton","Sampson","Coastal","Commercial","Urban (>70% Developed)","PVA BP EXPRESS MARKET","Urban","5 - 15 MPH","No Control Present","Cloudy","No",NA,"70+","No",NA,"Not Applicable","C: Possible Injury","Non-Roadway","Black","Male",65,"60-69","No",NA,"0-5 mph","O: No Injury","Black","Female","Passenger Car","No","18NOV2013","Monday","Non-Roadway",7,"Non-Roadway","November","C: Possible Injury",28200,"Non-Roadway",2013,"Yes","No","Daylight","Straight - Level","Public Vehicular Area","Wet","Two-Way, Not Divided","None","No Special Feature","Coarse Asphalt",0,0,0,0,0,0,0,"2 lanes",2,0,NA,0,NA
7213,1726,"Four Oaks","Johnston","Coastal","Residential","Mixed (30% To 70% Developed)","US 301","Rural","30 - 35  MPH","No Control Present","Clear","No",58,"50-59","No",NA,"With Traffic","B: Evident Injury","Travel Lane","Hispanic","Male",NA,"70+","No",NA,"31-35 mph","O: No Injury","White","Male","Pickup","No","06DEC2013","Friday","Motorist Overtaking Bicyclist",6,"Intersection","December","B: Evident Injury",24600,"Motorist Overtaking - Other / Unknown",2013,"Yes","No","Daylight","Straight - Level","US Route","Dry","Two-Way, Divided, Unprotected Median","None","No Special Feature","Coarse Asphalt",0,0,0,0,0,0,0,"3 lanes",2,0,NA,0,NA
7214,1732,"Pittsboro","Chatham","Piedmont","Commercial","Mixed (30% To 70% Developed)","PVA PIGGLY WIGGLY","Rural",NA,"Stop Sign","Clear","No",12,"11-15","No",NA,"Facing Traffic","B: Evident Injury","Sidewalk / Crosswalk / Driveway Crossing","White","Male",62,"60-69","No",NA,NA,"O: No Injury","Black","Female","Passenger Car","No","11DEC2013","Wednesday","Motorist Failed to Yield - Midblock",16,"Non-Intersection","December","B: Evident Injury",57720,"Motorist Drive Out - Commercial Driveway / Alley",2013,"Yes","No","Daylight","Straight - Grade","Public Vehicular Area","Dry","Two-Way, Not Divided","None","T-Intersection","Smooth Asphalt",0,0,0,0,0,0,0,"3 lanes",2,0,NA,0,NA
7215,1734,"Wilmington","New Hanover","Coastal","Residential","Urban (>70% Developed)","N 21ST ST","Urban","20 - 25  MPH","Stop Sign","Clear","No",26,"25-29","Yes",NA,"Facing Traffic","C: Possible Injury","Travel Lane","Black","Male",NA,NA,"Missing",NA,"6-10 mph","Unknown Injury","Unknown/Missing",NA,NA,"Yes","22DEC2013","Sunday","Motorist Failed to Yield - Sign-Controlled Intersection",18,"Intersection","December","C: Possible Injury",68160,"Motorist Drive Out - Sign-Controlled Intersection",2013,"No","Yes","Dark - Lighted Roadway","Straight - Level","Local Street","Dry","Two-Way, Divided, Unprotected Median","None","No Special Feature","Coarse Asphalt",0,0,0,0,0,0,0,"2 lanes",2,0,NA,0,NA
7216,1738,"Wilmington","New Hanover","Coastal","Commercial","Urban (>70% Developed)","MARKET ST","Urban","5 - 15 MPH","Stop And Go Signal","Clear","No",34,"30-39","No",NA,"Facing Traffic","C: Possible Injury","Sidewalk / Crosswalk / Driveway Crossing","Black","Male",47,"40-49","Yes",NA,"6-10 mph","O: No Injury","White","Male","Pickup","Yes","13DEC2013","Friday","Motorist Failed to Yield - Midblock",0,"Non-Intersection","December","C: Possible Injury",1020,"Motorist Drive Out - Commercial Driveway / Alley",2013,"No","No","Dark - Lighted Roadway","Straight - Level","Local Street","Dry","Two-Way, Not Divided","None","No Special Feature","Smooth Asphalt",0,0,0,0,0,0,0,"5 lanes",2,0,NA,0,NA
7217,1739,"Concord","Cabarrus","Piedmont","Residential","Mixed (30% To 70% Developed)","CROWELL AE","Urban","30 - 35  MPH","Stop Sign","Rain","No",41,"40-49","No",NA,"Facing Traffic","C: Possible Injury","Travel Lane","White","Male",68,"60-69","No",NA,"11-15 mph","O: No Injury","Black","Female","Passenger Car","No","14DEC2013","Saturday","Motorist Failed to Yield - Sign-Controlled Intersection",18,"Intersection-Related","December","C: Possible Injury",64920,"Motorist Drive Out - Sign-Controlled Intersection",2013,"No","No","Dark - Lighted Roadway","Straight - Grade","Local Street","Wet","Two-Way, Not Divided","None","T-Intersection","Smooth Asphalt",0,0,0,0,0,0,0,"2 lanes",2,0,NA,0,NA
7218,1743,"Rockingham","Richmond","Piedmont","Residential","Urban (>70% Developed)","RICHMOND ROAD","Urban","30 - 35  MPH","Double Yellow Line, No Passing Zone","Cloudy","No",41,"40-49","No",NA,"With Traffic","B: Evident Injury","Travel Lane","White","Male",NA,"70+","No",NA,"31-35 mph","O: No Injury","White","Male","Pickup","No","31DEC2013","Tuesday","Motorist Overtaking Bicyclist",15,"Intersection-Related","December","B: Evident Injury",55140,"Motorist Overtaking - Misjudged Space",2013,"No","No","Daylight","Straight - Level","Local Street","Dry","Two-Way, Not Divided","None","No Special Feature","Coarse Asphalt",0,0,0,0,0,0,0,"2 lanes",2,0,NA,0,NA
7219,1747,"Greenville","Pitt","Coastal","Residential","Urban (>70% Developed)","W 3RD ST","Urban","30 - 35  MPH","Stop Sign","Clear","No",16,"16-19","No",NA,"With Traffic","B: Evident Injury","Travel Lane","Black","Male",45,"40-49","No",NA,"31-35 mph","O: No Injury","Black","Female","Passenger Car","No","18AUG2013","Sunday","Bicyclist Failed to Yield - Sign-Controlled Intersection",15,"Intersection","August","B: Evident Injury",55680,"Bicyclist Ride Through - Sign-Controlled Intersection",2013,"Yes","No","Daylight","Straight - Level","Local Street","Dry","Two-Way, Not Divided","None","No Special Feature","Grooved Concrete",0,0,0,0,0,0,0,"2 lanes",2,0,NA,0,NA
7220,1749,"Charlotte","Mecklenburg","Piedmont","Commercial","Urban (>70% Developed)",NA,"Urban","30 - 35  MPH","No Control Present","Clear","No",23,"20-24","No",NA,"With Traffic","O: No Injury","Travel Lane","White","Male",34,"30-39","No",NA,"6-10 mph","O: No Injury","Black","Male","Sport Utility","No","07JAN2012","Saturday","Motorist Right Turn / Merge",14,"Non-Intersection","January","O: No Injury",51600,"Motorist Right Turn - Same Direction",2012,"No","No","Daylight","Straight - Level","Local Street","Dry","Two-Way, Not Divided","None","No Special Feature","Coarse Asphalt",0,0,0,0,0,0,0,"3 lanes",2,0,NA,0,NA
7221,1755,"Durham","Durham","Piedmont","Residential","Urban (>70% Developed)",NA,"Urban","30 - 35  MPH","No Control Present","Clear","No",39,"30-39","No",NA,"With Traffic","B: Evident Injury","Other","Hispanic","Male",25,"25-29","No",NA,"16-20 mph","O: No Injury","Black","Male","Passenger Car","No","10JAN2012","Tuesday","Motorist Left Turn / Merge",10,"Intersection","January","B: Evident Injury",38520,"Motorist Left Turn - Opposite Direction",2012,"Yes","No","Daylight","Straight - Level","Local Street","Dry","Two-Way, Not Divided","None","No Special Feature","Smooth Asphalt",0,0,0,0,0,0,0,"2 lanes",2,0,NA,0,NA
7222,1760,"Wilson","Wilson","Coastal","Residential","Urban (>70% Developed)",NA,"Urban","30 - 35  MPH","Stop Sign","Clear","No",52,"50-59","Yes",NA,"With Traffic","O: No Injury","Travel Lane","Black","Male",25,"25-29","No",NA,"21-25 mph","O: No Injury","Black","Female","Police","Yes","12JAN2012","Thursday","Bicyclist Failed to Yield - Sign-Controlled Intersection",18,"Intersection","January","O: No Injury",65760,"Bicyclist Ride Through - Sign-Controlled Intersection",2012,"No","No","Dark - Lighted Roadway","Straight - Level","Local Street","Dry","Two-Way, Not Divided","None","T-Intersection","Smooth Asphalt",0,0,0,0,0,0,0,"2 lanes",2,0,NA,0,NA