"...1","object_id","city","county","region","development","locality","on_road","rural_urban","speed_limit","traffic_control","weather","workzone","bike_age","bike_age_group","bike_alcohol","bike_alcohol_drugs","bike_direction","bike_injury","bike_position","bike_race","bike_sex","driver_age","driver_age_group","driver_alcohol","driver_alcohol_drugs","driver_est_speed","driver_injury","driver_race","driver_sex","driver_vehicle_type","crash_alcohol","crash_date","crash_day","crash_group","crash_hour","crash_location","crash_month","crash_severity","crash_time","crash_type","crash_year","ambulance_req","hit_run","light_condition","road_character","road_class","road_condition","road_configuration","road_defects","road_feature","road_surface","num_bikes_ai","num_bikes_bi","num_bikes_ci","num_bikes_ki","num_bikes_no","num_bikes_to","num_bikes_ui","num_lanes","num_units","distance_mi_from","frm_road","rte_invd_cd","towrd_road"
7223,1761,"Durham","Durham","Piedmont","Commercial","Urban (>70% Developed)",NA,"Urban","30 - 35  MPH","Stop And Go Signal","Clear","No",23,"20-24","No",NA,"With Traffic","B: Evident Injury","Travel Lane","White","Male",30,"30-39","No",NA,"21-25 mph","O: No Injury","Black","Male","Sport Utility","No","19JAN2012","Thursday","Bicyclist Left Turn / Merge",8,"Intersection","January","B: Evident Injury",30540,"Bicyclist Left Turn - Opposite Direction",2012,"Yes","No","Daylight","Straight - Level","Local Street","Dry","Two-Way, Not Divided","None","Four-Way Intersection","Smooth Asphalt",0,0,0,0,0,0,0,"2 lanes",3,0,NA,0,NA
7224,1763,"Harrisburg","Cabarrus","Piedmont","Residential","Urban (>70% Developed)",NA,"Urban","30 - 35  MPH","Stop Sign","Clear","No",NA,NA,"No",NA,"With Traffic","Unknown Injury","Travel Lane","Unknown/Missing",NA,NA,NA,"Missing",NA,"31-35 mph","Unknown Injury","Unknown/Missing",NA,NA,"No","06JAN2012","Friday","Motorist Overtaking Bicyclist",18,"Intersection","January","Unknown Injury",67860,"Motorist Overtaking - Other / Unknown",2012,"No","Yes","Dark - Lighted Roadway","Straight - Level","Local Street","Dry","Two-Way, Not Divided","None","No Special Feature","Smooth Asphalt",0,0,0,0,0,0,0,"3 lanes",2,0,NA,0,NA
7225,1764,"Boone","Watauga","Mountains","Residential","Urban (>70% Developed)",NA,"Urban","30 - 35  MPH","No Control Present","Clear","No",20,"20-24","No",NA,"With Traffic","B: Evident Injury","Travel Lane","White","Male",56,"50-59","No",NA,"6-10 mph","O: No Injury","White","Male","Pickup","No","24JAN2012","Tuesday","Motorist Left Turn / Merge",14,"Non-Intersection","January","B: Evident Injury",52200,"Motorist Left Turn - Opposite Direction",2012,"Yes","No","Daylight","Curve - Grade","Public Vehicular Area","Dry","Two-Way, Not Divided","None","Driveway, Public","Coarse Asphalt",0,0,0,0,0,0,0,"2 lanes",2,0,NA,0,NA
7226,1765,"Greensboro","Guilford","Piedmont","Commercial","Urban (>70% Developed)",NA,"Urban","30 - 35  MPH","Stop And Go Signal","Clear","No",49,"40-49","Yes",NA,"With Traffic","C: Possible Injury","Travel Lane","White","Male",37,"30-39","No",NA,"11-15 mph","O: No Injury","White","Male","Pickup","Yes","06JAN2012","Friday","Motorist Left Turn / Merge",19,"Intersection","January","C: Possible Injury",70200,"Motorist Left Turn - Opposite Direction",2012,"Yes","No","Dark - Lighted Roadway","Straight - Level","Local Street","Dry","Two-Way, Divided, Positive Median Barrier","None","No Special Feature","Smooth Asphalt",0,0,0,0,0,0,0,"6 lanes",2,0,NA,0,NA
7227,1768,"Patterson Springs","Cleveland","Mountains","Residential","Mixed (30% To 70% Developed)",NA,"Rural","40 - 45  MPH","Double Yellow Line, No Passing Zone","Clear","No",15,"11-15","No",NA,"With Traffic","B: Evident Injury","Travel Lane","White","Male",NA,"70+","No",NA,"41-45 mph","O: No Injury","White","Female","Passenger Car","No","27JAN2012","Friday","Bicyclist Left Turn / Merge",16,"Intersection","January","B: Evident Injury",57900,"Bicyclist Left Turn - Opposite Direction",2012,"Yes","No","Daylight","Straight - Level","NC Route","Dry","Two-Way, Not Divided","None","T-Intersection","Smooth Asphalt",0,0,0,0,0,0,0,"2 lanes",2,0,NA,0,NA
7228,1769,"Charlotte","Mecklenburg","Piedmont","Commercial","Urban (>70% Developed)",NA,"Urban","30 - 35  MPH","Stop And Go Signal","Clear","No",48,"40-49","Yes",NA,"With Traffic","B: Evident Injury","Sidewalk / Crosswalk / Driveway Crossing","Black","Male",41,"40-49","No",NA,"0-5 mph","O: No Injury","Black","Female","Passenger Car","Yes","26JAN2012","Thursday","Motorist Left Turn / Merge",18,"Intersection","January","B: Evident Injury",65520,"Motorist Left Turn - Opposite Direction",2012,"No","No","Dark - Lighted Roadway","Straight - Level","Local Street","Dry","Two-Way, Not Divided","None","No Special Feature","Smooth Asphalt",0,0,0,0,0,0,0,"3 lanes",2,0,NA,0,NA
7229,1772,"Morrisville","Wake","Piedmont","Residential","Urban (>70% Developed)",NA,"Urban","30 - 35  MPH","Stop Sign","Clear","No",33,"30-39","No",NA,"With Traffic","C: Possible Injury","Travel Lane","White","Male",26,"25-29","No",NA,"16-20 mph","O: No Injury","Other","Female","Passenger Car","No","01FEB2012","Wednesday","Motorist Failed to Yield - Sign-Controlled Intersection",12,"Intersection","February","C: Possible Injury",45840,"Motorist Drive Out - Sign-Controlled Intersection",2012,"Yes","No","Daylight","Straight - Level","Local Street","Dry","One-Way, Not Divided","None","Four-Way Intersection","Smooth Asphalt",0,0,0,0,0,0,0,"4 lanes",2,0,NA,0,NA
7230,1791,"Charlotte","Mecklenburg","Piedmont","Commercial","Urban (>70% Developed)",NA,"Urban","30 - 35  MPH","No Control Present","Clear","No",42,"40-49","No",NA,"Facing Traffic","C: Possible Injury","Sidewalk / Crosswalk / Driveway Crossing","Black","Male",65,"60-69","No",NA,"0-5 mph","O: No Injury","White","Male","Pickup","No","15FEB2012","Wednesday","Backing Vehicle",12,"Non-Intersection","February","C: Possible Injury",44340,"Backing Vehicle",2012,"Yes","No","Daylight","Straight - Grade","Local Street","Dry","Two-Way, Not Divided","None","No Special Feature","Concrete",0,0,0,0,0,0,0,"4 lanes",2,0,NA,0,NA
7231,1811,"Wilmington","New Hanover","Coastal","Commercial","Rural (<30% Developed)",NA,"Urban","30 - 35  MPH","No Control Present","Clear","No",30,"30-39","No",NA,"With Traffic","C: Possible Injury","Travel Lane","White","Male",44,"40-49","No",NA,"31-35 mph","O: No Injury","Black","Male","Passenger Car","No","22FEB2012","Wednesday","Motorist Right Turn / Merge",15,"Intersection","February","C: Possible Injury",55800,"Motorist Right Turn - Same Direction",2012,"Yes","No","Daylight","Straight - Level","Local Street","Dry","Two-Way, Not Divided","None","Four-Way Intersection","Coarse Asphalt",0,0,0,0,0,0,0,"2 lanes",2,0,NA,0,NA
7232,1821,"Charlotte","Mecklenburg","Piedmont","Commercial","Urban (>70% Developed)",NA,"Urban","40 - 45  MPH","Stop And Go Signal","Clear","No",57,"50-59","No",NA,"Facing Traffic","B: Evident Injury","Sidewalk / Crosswalk / Driveway Crossing","White","Male",NA,NA,"Missing",NA,"0-5 mph","Unknown Injury","Unknown/Missing",NA,NA,"No","05MAR2012","Monday","Motorist Right Turn / Merge",16,"Intersection","March","B: Evident Injury",57900,"Motorist Right Turn - Opposite Direction",2012,"No","Yes","Daylight","Straight - Level","Local Street","Dry","Two-Way, Not Divided","None","No Special Feature","Smooth Asphalt",0,0,0,0,0,0,0,"4 lanes",2,0,NA,0,NA
7233,1830,"Greensboro","Guilford","Piedmont","Commercial","Urban (>70% Developed)",NA,"Urban","30 - 35  MPH","Stop Sign","Clear","No",56,"50-59","Yes",NA,"Facing Traffic","C: Possible Injury","Sidewalk / Crosswalk / Driveway Crossing","Black","Male",32,"30-39","No",NA,"0-5 mph","O: No Injury","White","Female","Passenger Car","Yes","21FEB2012","Tuesday","Motorist Failed to Yield - Sign-Controlled Intersection",16,"Intersection","February","C: Possible Injury",60420,"Motorist Drive Out - Sign-Controlled Intersection",2012,"No","No","Daylight","Straight - Hillcrest","Local Street","Dry","Two-Way, Not Divided","None","T-Intersection","Smooth Asphalt",0,0,0,0,0,0,0,"2 lanes",2,0,NA,0,NA
7234,1834,"Charlotte","Mecklenburg","Piedmont","Residential","Urban (>70% Developed)",NA,"Urban","20 - 25  MPH","Stop Sign","Clear","No",15,"11-15","No",NA,"Facing Traffic","B: Evident Injury","Travel Lane","White","Male",17,"0-19","No",NA,"0-5 mph","O: No Injury","White","Female","Passenger Car","No","14MAR2012","Wednesday","Motorist Failed to Yield - Sign-Controlled Intersection",18,"Intersection","March","B: Evident Injury",66300,"Motorist Drive Out - Sign-Controlled Intersection",2012,"Yes","No","Daylight","Straight - Level","Local Street","Dry","Two-Way, Not Divided","None","T-Intersection","Smooth Asphalt",0,0,0,0,0,0,0,"2 lanes",2,0,NA,0,NA
7235,1836,"Greensboro","Guilford","Piedmont","Institutional","Urban (>70% Developed)",NA,"Urban",NA,"Stop And Go Signal","Clear","No",20,"20-24","No",NA,"With Traffic","O: No Injury","Sidewalk / Crosswalk / Driveway Crossing","Unknown/Missing","Male",NA,NA,"Missing",NA,NA,"Unknown Injury","Unknown/Missing",NA,NA,"No","23FEB2012","Thursday","Motorist Left Turn / Merge",10,"Intersection","February","O: No Injury",39180,"Motorist Left Turn - Opposite Direction",2012,"No","Yes","Daylight","Straight - Level","Local Street","Dry","Two-Way, Not Divided","None","No Special Feature","Smooth Asphalt",0,0,0,0,0,0,0,NA,2,0,NA,0,NA
7236,1838,"Raleigh","Wake","Piedmont","Commercial","Urban (>70% Developed)",NA,"Urban","30 - 35  MPH","No Control Present","Clear","No",21,"20-24","No",NA,"With Traffic","B: Evident Injury","Travel Lane","White","Male",22,"20-24","No",NA,"6-10 mph","O: No Injury","White","Male","Pickup","No","14MAR2012","Wednesday","Motorist Left Turn / Merge",16,"Intersection","March","B: Evident Injury",60660,"Motorist Left Turn - Opposite Direction",2012,"Yes","No","Daylight","Straight - Hillcrest",NA,"Dry","Two-Way, Not Divided","None","Four-Way Intersection","Smooth Asphalt",0,0,0,0,0,0,0,"2 lanes",2,0,NA,0,NA
7237,1839,"None - Rural Crash","Wake","Piedmont","Residential","Urban (>70% Developed)",NA,"Rural","5 - 15 MPH","No Control Present","Clear","No",4,"0-5","No",NA,"Not Applicable","B: Evident Injury","Bike Lane / Paved Shoulder","Hispanic","Male",55,"50-59","No",NA,"16-20 mph","O: No Injury","White","Male","Passenger Car","No","15MAR2012","Thursday","Bicyclist Failed to Yield - Midblock",18,"Non-Intersection","March","B: Evident Injury",65100,"Bicyclist Ride Out - Other Midblock",2012,"Yes","No","Daylight","Straight - Grade","Local Street","Dry","Two-Way, Not Divided","None","No Special Feature","Coarse Asphalt",0,0,0,0,0,0,0,"2 lanes",2,0,NA,0,NA
7238,1847,"Swansboro","Onslow","Coastal","Commercial","Urban (>70% Developed)",NA,"Rural","30 - 35  MPH","No Control Present","Clear","No",16,"16-19","No",NA,"Not Applicable","Unknown Injury","Travel Lane","Unknown/Missing",NA,NA,"70+","No",NA,"26-30 mph","O: No Injury","White","Female","Passenger Car","No","27FEB2012","Monday","Bicyclist Failed to Yield - Midblock",14,"Non-Intersection","February","O: No Injury",53400,"Bicyclist Ride Out - Other Midblock",2012,"No","No","Daylight","Straight - Level","State Secondary Route","Dry","Two-Way, Divided, Unprotected Median","None","No Special Feature","Smooth Asphalt",0,0,0,0,0,0,0,"3 lanes",2,0,NA,0,NA
7239,1859,"None - Rural Crash","Guilford","Piedmont","Farms, Woods, Pastures","Mixed (30% To 70% Developed)",NA,"Rural","40 - 45  MPH","Double Yellow Line, No Passing Zone","Clear","No",69,"60-69","No",NA,"With Traffic","A: Disabling Injury","Travel Lane","White","Male",36,"30-39","No",NA,"41-45 mph","O: No Injury","White","Male","Pickup","No","19MAR2012","Monday","Motorist Overtaking Bicyclist",18,"Non-Intersection","March","A: Disabling Injury",66600,"Motorist Overtaking - Other / Unknown",2012,"Yes","No","Daylight","Straight - Level","NC Route","Dry","Two-Way, Not Divided","None","No Special Feature","Coarse Asphalt",0,0,0,0,0,0,0,"2 lanes",2,0,NA,0,NA
7240,1883,"Raleigh","Wake","Piedmont","Residential","Urban (>70% Developed)",NA,"Urban","30 - 35  MPH","Stop And Go Signal","Clear","No",14,"11-15","No",NA,"Facing Traffic","B: Evident Injury","Sidewalk / Crosswalk / Driveway Crossing","Black","Male",NA,NA,"Missing",NA,"16-20 mph","Unknown Injury","Unknown/Missing",NA,"Passenger Car","No","03APR2012","Tuesday","Bicyclist Failed to Yield - Signalized Intersection",15,"Intersection","April","B: Evident Injury",54840,"Bicyclist Ride Through - Signalized Intersection",2012,"Yes","Yes","Daylight","Straight - Level","Local Street","Dry","Two-Way, Not Divided","None","Related To Intersection","Smooth Asphalt",0,0,0,0,0,0,0,"2 lanes",2,0,NA,0,NA
7241,1892,"Raleigh","Wake","Piedmont","Commercial","Urban (>70% Developed)",NA,"Urban","30 - 35  MPH","No Control Present","Clear","No",61,"60-69","Yes",NA,"Not Applicable","B: Evident Injury","Non-Roadway","Black","Male",36,"30-39","No",NA,"0-5 mph","O: No Injury","White","Male","Pickup","Yes","07APR2012","Saturday","Non-Roadway",19,"Non-Roadway","April","B: Evident Injury",68520,"Non-Roadway",2012,"Yes","No","Daylight","Straight - Grade","Public Vehicular Area","Dry","Two-Way, Not Divided","None","No Special Feature","Smooth Asphalt",0,0,0,0,0,0,0,NA,2,0,NA,0,NA
7242,1900,"Greensboro","Guilford","Piedmont","Residential","Urban (>70% Developed)",NA,"Urban","30 - 35  MPH","No Control Present","Clear","No",21,"20-24","No",NA,"With Traffic","B: Evident Injury","Travel Lane","White","Male",61,"60-69","No",NA,"16-20 mph","O: No Injury","White","Female","Passenger Car","No","26MAR2012","Monday","Motorist Left Turn / Merge",16,"Intersection","March","B: Evident Injury",60960,"Motorist Left Turn - Opposite Direction",2012,"Yes","No","Daylight","Straight - Level","Local Street","Dry","Two-Way, Not Divided","None","Four-Way Intersection","Smooth Asphalt",0,0,0,0,0,0,0,"2 lanes",2,0,NA,0,NA
7243,1907,"Raleigh","Wake","Piedmont","Commercial","Urban (>70% Developed)",NA,"Urban","40 - 45  MPH","No Control Present","Clear","No",11,"11-15","No",NA,"Facing Traffic","C: Possible Injury","Travel Lane","Black","Female",64,"60-69","No",NA,"0-5 mph","O: No Injury","White","Female","Passenger Car","No","09APR2012","Monday","Motorist Left Turn / Merge",20,"Intersection","April","C: Possible Injury",73620,"Motorist Left Turn - Same Direction",2012,"Yes","No","Dark - Roadway Not Lighted","Straight - Level","Local Street","Dry","Two-Way, Not Divided","None","No Special Feature","Smooth Asphalt",0,0,0,0,0,0,0,"2 lanes",2,0,NA,0,NA
7244,1918,"Summerfield","Guilford","Piedmont","Residential","Mixed (30% To 70% Developed)",NA,"Urban","40 - 45  MPH","Double Yellow Line, No Passing Zone","Clear","No",38,"30-39","No",NA,"With Traffic","K: Killed","Travel Lane","White","Female",33,"30-39","No",NA,"41-45 mph","O: No Injury","White","Female","Sport Utility","No","13APR2012","Friday","Motorist Overtaking Bicyclist",19,"Non-Intersection","April","K: Killed",69000,"Motorist Overtaking - Other / Unknown",2012,"Yes","No","Daylight","Straight - Hillcrest","State Secondary Route","Dry","Two-Way, Not Divided","None","No Special Feature","Smooth Asphalt",0,0,0,0,0,0,0,"2 lanes",2,0,NA,0,NA
7245,1933,"Wilmington","New Hanover","Coastal","Commercial","Urban (>70% Developed)",NA,"Urban","5 - 15 MPH","No Control Present","Clear","No",48,"40-49","No",NA,"Facing Traffic","C: Possible Injury","Sidewalk / Crosswalk / Driveway Crossing","White","Male",46,"40-49","No",NA,"0-5 mph","O: No Injury","White","Female","Passenger Car","No","27MAR2012","Tuesday","Motorist Failed to Yield - Midblock",15,"Non-Intersection","March","C: Possible Injury",56280,"Motorist Drive Out - Commercial Driveway / Alley",2012,"No","No","Daylight","Straight - Grade","Public Vehicular Area","Dry","Two-Way, Not Divided","None","Driveway, Public","Concrete",0,0,0,0,0,0,0,NA,2,0,NA,0,NA
7246,1939,"Greensboro","Guilford","Piedmont","Residential","Urban (>70% Developed)",NA,"Urban",NA,"No Control Present","Clear","No",11,"11-15","No",NA,"Facing Traffic","C: Possible Injury","Travel Lane","Black","Female",48,"40-49","No",NA,"16-20 mph","Unknown Injury","Black","Male","Passenger Car","No","26MAR2012","Monday","Head-On",18,"Non-Intersection","March","C: Possible Injury",67980,"Head-On - Bicyclist",2012,"No","No","Daylight","Straight - Level","Local Street","Dry","Two-Way, Not Divided","None","No Special Feature","Smooth Asphalt",0,0,0,0,0,0,0,"2 lanes",2,0,NA,0,NA
7247,1941,"High Point","Guilford","Piedmont","Residential","Urban (>70% Developed)",NA,"Urban","30 - 35  MPH","Yield Sign","Clear","No",9,"6-10","No",NA,"With Traffic","B: Evident Injury","Travel Lane","White","Male",NA,"70+","No",NA,"26-30 mph","O: No Injury","White","Female","Passenger Car","No","10APR2012","Tuesday","Bicyclist Failed to Yield - Sign-Controlled Intersection",17,"Intersection","April","B: Evident Injury",62400,"Bicyclist Ride Through - Sign-Controlled Intersection",2012,"Yes","No","Daylight","Straight - Grade","Local Street","Dry","Two-Way, Not Divided","None","Four-Way Intersection","Coarse Asphalt",0,0,0,0,0,0,0,"2 lanes",3,0,NA,0,NA
7248,1955,"Asheville","Buncombe","Mountains","Residential","Urban (>70% Developed)",NA,"Urban","20 - 25  MPH","Stop Sign","Clear","No",51,"50-59","No",NA,"With Traffic","C: Possible Injury","Travel Lane","White","Female",36,"30-39","No",NA,"0-5 mph","O: No Injury","White","Female","Passenger Car","No","15APR2012","Sunday","Motorist Failed to Yield - Sign-Controlled Intersection",13,"Intersection","April","C: Possible Injury",47640,"Motorist Drive Out - Sign-Controlled Intersection",2012,"No","No","Daylight","Straight - Level","Local Street","Dry","Two-Way, Not Divided","None","T-Intersection","Smooth Asphalt",0,0,0,0,0,0,0,"2 lanes",2,0,NA,0,NA
7249,1958,"Greensboro","Guilford","Piedmont","Commercial","Urban (>70% Developed)",NA,"Urban","5 - 15 MPH","No Control Present","Clear","No",49,"40-49","Yes",NA,"With Traffic","B: Evident Injury","Sidewalk / Crosswalk / Driveway Crossing","White","Male",66,"60-69","No",NA,"0-5 mph","O: No Injury","White","Male","Passenger Car","Yes","26APR2012","Thursday","Loss of Control / Turning Error",21,"Non-Intersection","April","B: Evident Injury",77340,"Bicyclist Turning Error - Right Turn",2012,"Yes","No","Dusk","Straight - Bottom","Public Vehicular Area","Dry",NA,"None","No Special Feature","Smooth Asphalt",0,0,0,0,0,0,0,NA,2,0,NA,0,NA
7250,1959,"None - Rural Crash","Wake","Piedmont","Residential","Urban (>70% Developed)",NA,"Rural","40 - 45  MPH","Double Yellow Line, No Passing Zone","Clear","No",42,"40-49","No",NA,"With Traffic","B: Evident Injury","Travel Lane","White","Male",39,"30-39","No",NA,"16-20 mph","O: No Injury","White","Male","Passenger Car","No","27APR2012","Friday","Motorist Left Turn / Merge",13,"Intersection","April","B: Evident Injury",47220,"Motorist Left Turn - Opposite Direction",2012,"Yes","No","Daylight","Curve - Level","State Secondary Route","Dry","Two-Way, Not Divided","None","T-Intersection","Coarse Asphalt",0,0,0,0,0,0,0,"2 lanes",2,0,NA,0,NA
7251,1962,"Wilmington","New Hanover","Coastal","Commercial","Urban (>70% Developed)",NA,"Urban","30 - 35  MPH","Stop Sign","Clear","No",50,"50-59","No",NA,"Not Applicable","C: Possible Injury","Non-Roadway","White","Male",56,"50-59","No",NA,NA,"O: No Injury","White","Female","Passenger Car","No","18APR2012","Wednesday","Non-Roadway",15,"Non-Roadway","April","C: Possible Injury",57060,"Non-Roadway",2012,"No","No","Daylight","Straight - Level","Public Vehicular Area","Dry","Two-Way, Not Divided","None","No Special Feature","Coarse Asphalt",0,0,0,0,0,0,0,NA,2,0,NA,0,NA
7252,1968,"Greensboro","Guilford","Piedmont","Residential","Urban (>70% Developed)",NA,"Urban","30 - 35  MPH","Stop And Go Signal","Clear","No",20,"20-24","No",NA,"With Traffic","C: Possible Injury","Travel Lane","White","Male",46,"40-49","No",NA,"0-5 mph","O: No Injury","Black","Male","Passenger Car","No","12APR2012","Thursday","Bicyclist Failed to Yield - Signalized Intersection",13,"Intersection","April","C: Possible Injury",47700,"Bicyclist Ride Through - Signalized Intersection",2012,"Yes","No","Daylight","Straight - Level","Local Street","Dry","Two-Way, Divided, Unprotected Median","None","Four-Way Intersection","Smooth Asphalt",0,0,0,0,0,0,0,"5 lanes",2,0,NA,0,NA
7253,1971,"Greensboro","Guilford","Piedmont","Residential","Urban (>70% Developed)",NA,"Urban","30 - 35  MPH","Stop And Go Signal","Rain","No",15,"11-15","No",NA,"With Traffic","B: Evident Injury","Sidewalk / Crosswalk / Driveway Crossing","Unknown/Missing","Male",49,"40-49","No",NA,"31-35 mph","O: No Injury","Black","Female","Passenger Car","No","21APR2012","Saturday","Loss of Control / Turning Error",19,"Intersection","April","B: Evident Injury",71820,"Bicyclist Lost Control - Mechanical Problems",2012,"Yes","No","Dark - Lighted Roadway","Straight - Grade","Local Street","Wet","Two-Way, Not Divided","None","Four-Way Intersection","Coarse Asphalt",0,0,0,0,0,0,0,"2 lanes",2,0,NA,0,NA
7254,1994,"Charlotte","Mecklenburg","Piedmont","Residential","Urban (>70% Developed)",NA,"Urban","40 - 45  MPH","No Control Present","Clear","No",14,"11-15","No",NA,"With Traffic","B: Evident Injury","Travel Lane","Black","Female",51,"50-59","No",NA,"36-40 mph","O: No Injury","White","Female","Sport Utility","No","10APR2012","Tuesday","Loss of Control / Turning Error",18,"Intersection","April","B: Evident Injury",65940,"Bicyclist Lost Control - Mechanical Problems",2012,"No","No","Daylight","Straight - Level","Local Street","Dry",NA,"None","No Special Feature","Smooth Asphalt",0,0,0,0,0,0,0,"2 lanes",2,0,NA,0,NA
7255,1995,"Charlotte","Mecklenburg","Piedmont","Residential","Urban (>70% Developed)",NA,"Urban","30 - 35  MPH","No Control Present","Clear","No",30,"30-39","No",NA,"With Traffic","B: Evident Injury","Travel Lane","Black","Male",48,"40-49","No",NA,"31-35 mph","B: Evident Injury","White","Male","Motorcycle","No","03MAY2012","Thursday","Motorist Overtaking Bicyclist",15,"Non-Intersection","May","B: Evident Injury",56760,"Motorist Overtaking - Bicyclist Swerved",2012,"Yes","No","Daylight","Straight - Level","Local Street","Dry","Two-Way, Not Divided","None","No Special Feature","Smooth Asphalt",0,0,0,0,0,0,0,"2 lanes",2,0,NA,0,NA
7256,5715,"Jacksonville","Onslow","Coastal","Commercial","Urban (>70% Developed)",NA,"Urban","5 - 15 MPH","Yield Sign","Clear","No",30,"30-39","No",NA,"With Traffic","B: Evident Injury","Sidewalk / Crosswalk / Driveway Crossing","White","Male",26,"25-29","No",NA,"0-5 mph","O: No Injury","Black","Female","Passenger Car","No","24APR2008","Thursday","Motorist Failed to Yield - Midblock",16,"Non-Intersection","April","B: Evident Injury",59100,"Motorist Drive Out - Commercial Driveway / Alley",2008,"Yes","No","Daylight","Straight - Level","Public Vehicular Area","Dry","One-Way, Not Divided","None","No Special Feature","Smooth Asphalt",0,0,0,0,0,0,0,NA,2,0,NA,0,NA
7257,5717,"Gastonia","Gaston","Piedmont","Commercial","Urban (>70% Developed)",NA,"Urban","30 - 35  MPH","Stop And Go Signal","Clear","No",25,"25-29","No",NA,"With Traffic","B: Evident Injury","Sidewalk / Crosswalk / Driveway Crossing","White","Male",NA,NA,"Missing",NA,"16-20 mph","Unknown Injury","Unknown/Missing",NA,NA,"No","25APR2008","Friday","Motorist Left Turn / Merge",15,"Intersection","April","B: Evident Injury",56460,"Motorist Left Turn - Same Direction",2008,"Yes","Yes","Daylight","Straight - Level","Local Street","Dry","Two-Way, Not Divided","None","Four-Way Intersection","Smooth Asphalt",0,0,0,0,0,0,0,"4 lanes",2,0,NA,0,NA
7258,5718,"Reidsville","Rockingham","Piedmont","Residential","Rural (<30% Developed)",NA,"Urban","30 - 35  MPH","No Control Present","Clear","No",10,"6-10","No",NA,"Not Applicable","O: No Injury","Driveway / Alley","Black","Male",31,"30-39","No",NA,"31-35 mph","O: No Injury","White","Male","Passenger Car","No","27APR2008","Sunday","Bicyclist Failed to Yield - Midblock",10,"Non-Intersection","April","O: No Injury",39360,"Bicyclist Ride Out - Residential Driveway",2008,"No","No","Daylight","Straight - Level","Local Street","Dry","Two-Way, Not Divided","None","No Special Feature","Coarse Asphalt",0,0,0,0,0,0,0,"2 lanes",2,0,NA,0,NA
7259,5726,"Kannapolis","Rowan","Piedmont","Commercial","Urban (>70% Developed)",NA,"Urban","40 - 45  MPH","Stop Sign","Cloudy","No",12,"11-15","No",NA,"Facing Traffic","C: Possible Injury","Travel Lane","Black","Female",61,"60-69","No",NA,"36-40 mph","O: No Injury","White","Male","Light Truck (Mini-Van, Panel)","No","27APR2008","Sunday","Bicyclist Failed to Yield - Sign-Controlled Intersection",16,"Intersection","April","C: Possible Injury",59760,"Bicyclist Ride Through - Sign-Controlled Intersection",2008,"Yes","No","Daylight","Straight - Level","US Route","Dry","Two-Way, Not Divided","None","T-Intersection","Smooth Asphalt",0,0,0,0,0,0,0,"3 lanes",2,0,NA,0,NA
7260,5730,"Asheville","Buncombe","Mountains","Commercial","Urban (>70% Developed)",NA,"Urban","30 - 35  MPH","No Control Present","Clear","No",13,"11-15","No",NA,"Facing Traffic","C: Possible Injury","Sidewalk / Crosswalk / Driveway Crossing","White","Male",50,"50-59","No",NA,"11-15 mph","O: No Injury","White","Male","Sport Utility","No","28APR2008","Monday","Parallel Paths - Other Circumstances",18,"Non-Intersection","April","C: Possible Injury",67200,"Bicyclist Ride Out - Parallel Path",2008,"Yes","No","Daylight","Straight - Grade","Local Street","Dry","Two-Way, Divided, Positive Median Barrier","None","No Special Feature","Smooth Asphalt",0,0,0,0,0,0,0,"4 lanes",2,0,NA,0,NA
7261,5733,"Wilmington","New Hanover","Coastal","Commercial","Urban (>70% Developed)",NA,"Urban","20 - 25  MPH","No Control Present","Clear","No",31,"30-39","No",NA,"Facing Traffic","C: Possible Injury","Sidewalk / Crosswalk / Driveway Crossing","White","Female",25,"25-29","No",NA,"16-20 mph","O: No Injury","Black","Male","Passenger Car","No","30APR2008","Wednesday","Parallel Paths - Other Circumstances",15,"Non-Intersection","April","C: Possible Injury",57300,"Bicyclist Ride Out - Parallel Path",2008,"Yes","No","Daylight","Straight - Level","Local Street","Dry","Two-Way, Not Divided","None","No Special Feature","Smooth Asphalt",0,0,0,0,0,0,0,"2 lanes",2,0,NA,0,NA
7262,5734,"Kannapolis","Cabarrus","Piedmont","Commercial","Urban (>70% Developed)",NA,"Urban","5 - 15 MPH","No Control Present","Clear","No",15,"11-15","No",NA,"Facing Traffic","O: No Injury","Sidewalk / Crosswalk / Driveway Crossing","White","Male",28,"25-29","No",NA,"0-5 mph","O: No Injury","White","Male","Passenger Car","No","01MAY2008","Thursday","Motorist Failed to Yield - Midblock",20,"Non-Intersection","May","O: No Injury",72660,"Motorist Drive Out - Midblock - Unknown",2008,"No","No","Dusk","Straight - Level","Local Street","Dry",NA,"None","Alley Intersection","Smooth Asphalt",0,0,0,0,0,0,0,"1 lane",2,0,NA,0,NA
7263,5743,"Durham","Durham","Piedmont","Commercial","Urban (>70% Developed)",NA,"Urban","30 - 35  MPH","Stop And Go Signal","Clear","No",12,"11-15","No",NA,"With Traffic","B: Evident Injury","Travel Lane","Hispanic","Male",NA,NA,"Missing",NA,"31-35 mph","Unknown Injury","Unknown/Missing",NA,"Passenger Car","No","11JUN2008","Wednesday","Motorist Failed to Yield - Signalized Intersection",21,"Intersection","June","B: Evident Injury",76680,"Motorist Drive Through - Signalized Intersection",2008,"Yes","Yes","Dark - Lighted Roadway","Straight - Level","Local Street","Dry","Two-Way, Not Divided","None","T-Intersection","Smooth Asphalt",0,0,0,0,0,0,0,"2 lanes",2,0,NA,0,NA