"...1","object_id","city","county","region","development","locality","on_road","rural_urban","speed_limit","traffic_control","weather","workzone","bike_age","bike_age_group","bike_alcohol","bike_alcohol_drugs","bike_direction","bike_injury","bike_position","bike_race","bike_sex","driver_age","driver_age_group","driver_alcohol","driver_alcohol_drugs","driver_est_speed","driver_injury","driver_race","driver_sex","driver_vehicle_type","crash_alcohol","crash_date","crash_day","crash_group","crash_hour","crash_location","crash_month","crash_severity","crash_time","crash_type","crash_year","ambulance_req","hit_run","light_condition","road_character","road_class","road_condition","road_configuration","road_defects","road_feature","road_surface","num_bikes_ai","num_bikes_bi","num_bikes_ci","num_bikes_ki","num_bikes_no","num_bikes_to","num_bikes_ui","num_lanes","num_units","distance_mi_from","frm_road","rte_invd_cd","towrd_road"
7264,5751,"Cary","Wake","Piedmont","Commercial","Urban (>70% Developed)",NA,"Urban","30 - 35  MPH","Stop And Go Signal","Clear","No",15,"11-15","No",NA,NA,"B: Evident Injury","Non-Roadway","Black","Male",25,"25-29","No",NA,"26-30 mph","O: No Injury","Black","Female","Passenger Car","No","14JUN2008","Saturday","Crossing Paths - Other Circumstances",14,"Intersection","June","B: Evident Injury",50940,"Signalized Intersection - Other / Unknown",2008,"Yes","No","Daylight","Straight - Level","State Secondary Route","Dry","Two-Way, Divided, Unprotected Median","None","Four-Way Intersection","Smooth Asphalt",0,0,0,0,0,0,0,"4 lanes",2,0,NA,0,NA
7265,5754,"None - Rural Crash","Rowan","Piedmont","Residential","Urban (>70% Developed)",NA,"Rural","30 - 35  MPH","No Control Present","Clear","No",3,"0-5","No",NA,"With Traffic","B: Evident Injury","Travel Lane","Hispanic","Male",43,"40-49","No",NA,"0-5 mph","O: No Injury","Hispanic","Male","Passenger Car","No","07MAY2008","Wednesday","Backing Vehicle",16,"Non-Intersection","May","B: Evident Injury",59100,"Backing Vehicle",2008,"Yes","No","Daylight","Straight - Level","State Secondary Route","Dry","Two-Way, Not Divided","None","Driveway, Private","Coarse Asphalt",0,0,0,0,0,0,0,"1 lane",2,0,NA,0,NA
7266,5763,"None - Rural Crash","New Hanover","Coastal","Residential","Mixed (30% To 70% Developed)",NA,"Rural","40 - 45  MPH","No Control Present","Clear","No",26,"25-29","Yes",NA,"With Traffic","C: Possible Injury","Travel Lane","Hispanic","Male",24,"20-24","No",NA,"31-35 mph","O: No Injury","Black","Female","Passenger Car","Yes","10MAY2008","Saturday","Bicyclist Left Turn / Merge",12,"Non-Intersection","May","C: Possible Injury",46200,"Bicyclist Left Turn - Same Direction",2008,"No","No","Daylight","Straight - Level","US Route","Dry","Two-Way, Divided, Unprotected Median","None","Merge Lane Between On And Off Ramp","Coarse Asphalt",0,0,0,0,0,0,0,"2 lanes",2,0,NA,0,NA
7267,5772,"Raleigh","Wake","Piedmont","Commercial","Urban (>70% Developed)",NA,"Urban","40 - 45  MPH","No Control Present","Clear","No",44,"40-49","Yes",NA,"Facing Traffic","C: Possible Injury","Bike Lane / Paved Shoulder","Hispanic","Male",45,"40-49","No",NA,"0-5 mph","O: No Injury","White","Female","Passenger Car","Yes","17MAY2008","Saturday","Motorist Failed to Yield - Midblock",15,"Non-Intersection","May","C: Possible Injury",56280,"Motorist Drive Out - Commercial Driveway / Alley",2008,"Yes","No","Daylight","Straight - Grade","Local Street","Dry","Two-Way, Divided, Unprotected Median","None","T-Intersection","Coarse Asphalt",0,0,0,0,0,0,0,"4 lanes",2,0,NA,0,NA
7268,5777,"Wrightsville Beach","New Hanover","Coastal","Residential","Urban (>70% Developed)",NA,"Rural","5 - 15 MPH","Stop Sign","Clear","No",66,"60-69","Yes",NA,"Facing Traffic","C: Possible Injury","Travel Lane","White","Male",17,"0-19","No",NA,"0-5 mph","O: No Injury","White","Female","Sport Utility","Yes","13MAY2008","Tuesday","Motorist Failed to Yield - Sign-Controlled Intersection",14,"Intersection","May","C: Possible Injury",52380,"Motorist Drive Out - Sign-Controlled Intersection",2008,"Yes","No","Daylight","Straight - Level","Local Street","Dry","One-Way, Not Divided","None","T-Intersection","Coarse Asphalt",0,0,0,0,0,0,0,"1 lane",2,0,NA,0,NA
7269,5781,"Raleigh","Wake","Piedmont","Residential","Urban (>70% Developed)",NA,"Urban","30 - 35  MPH","Missing","Clear","No",49,"40-49","No",NA,NA,"C: Possible Injury",NA,"Black","Male",NA,NA,"Missing",NA,"31-35 mph","Unknown Injury","Unknown/Missing",NA,NA,"No","02MAY2008","Friday","Crossing Paths - Other Circumstances",12,"Non-Intersection","May","C: Possible Injury",44340,"Crossing Paths - Midblock - Other / Unknown",2008,"No","Yes","Daylight","Straight - Hillcrest","Local Street","Dry","Two-Way, Not Divided","None","No Special Feature","Smooth Asphalt",0,0,0,0,0,0,0,"2 lanes",3,0,NA,0,NA
7270,5786,"Salisbury","Rowan","Piedmont","Commercial","Urban (>70% Developed)",NA,"Urban","50 - 55  MPH","Stop Sign","Clear","No",13,"11-15","No",NA,"With Traffic","C: Possible Injury","Travel Lane","Hispanic","Male",58,"50-59","No",NA,"46-50 mph","O: No Injury","White","Female","Passenger Car","No","19JUN2008","Thursday","Bicyclist Right Turn / Merge",14,"Non-Intersection","June","C: Possible Injury",52800,"Bicyclist Right Turn - Same Direction",2008,"Yes","No","Daylight","Straight - Hillcrest","Local Street","Dry","Two-Way, Not Divided","None","T-Intersection","Smooth Asphalt",0,0,0,0,0,0,0,"5 lanes",2,0,NA,0,NA
7271,5789,"Whiteville","Columbus","Coastal","Residential","Urban (>70% Developed)",NA,"Urban","30 - 35  MPH","Stop Sign","Clear","No",11,"11-15","No",NA,"With Traffic","B: Evident Injury","Travel Lane","White","Male",30,"30-39","No",NA,"31-35 mph","O: No Injury","White","Female","Sport Utility","No","19MAY2008","Monday","Bicyclist Failed to Yield - Sign-Controlled Intersection",15,"Intersection","May","B: Evident Injury",54900,"Bicyclist Ride Through - Sign-Controlled Intersection",2008,"Yes","No","Daylight","Straight - Level","Local Street","Dry","Two-Way, Not Divided","None","Four-Way Intersection","Smooth Asphalt",0,0,0,0,0,0,0,NA,2,0,NA,0,NA
7272,5803,"Mount Olive","Wayne","Coastal","Residential","Urban (>70% Developed)",NA,"Rural","30 - 35  MPH","Missing","Clear","No",4,"0-5","No",NA,"Not Applicable","C: Possible Injury","Non-Roadway","Black","Male",40,"40-49","No",NA,"6-10 mph","O: No Injury","Black","Male","Pickup","No","22MAY2008","Thursday","Bicyclist Failed to Yield - Midblock",18,"Non-Intersection","May","C: Possible Injury",66000,"Bicyclist Ride Out - Other Midblock",2008,"Yes","No","Daylight","Straight - Level","Local Street","Dry","Two-Way, Not Divided","None","No Special Feature","Smooth Asphalt",0,0,0,0,0,0,0,"2 lanes",2,0,NA,0,NA
7273,5805,"Cary","Wake","Piedmont","Commercial","Urban (>70% Developed)",NA,"Urban","40 - 45  MPH","No Control Present","Clear","No",41,"40-49","No",NA,"With Traffic","C: Possible Injury","Travel Lane","White","Male",24,"20-24","No",NA,"41-45 mph","O: No Injury","White","Female","Passenger Car","No","23JUN2008","Monday","Motorist Right Turn / Merge",14,"Non-Intersection","June","C: Possible Injury",53100,"Motorist Right Turn - Same Direction",2008,"No","No","Daylight","Straight - Level","State Secondary Route","Dry","Two-Way, Divided, Positive Median Barrier","None","No Special Feature","Coarse Asphalt",0,0,0,0,0,0,0,"4 lanes",2,0,NA,0,NA
7274,5809,"Chapel Hill","Orange","Piedmont","Residential","Urban (>70% Developed)",NA,"Urban","20 - 25  MPH","Missing","Cloudy","No",20,"20-24","No",NA,"With Traffic","Unknown Injury","Travel Lane","White","Male",22,"20-24","No",NA,NA,"O: No Injury","White","Male","Passenger Car","No","24MAY2008","Saturday","Motorist Failed to Yield - Midblock",9,"Non-Intersection","May","O: No Injury",35760,"Motorist Drive Out - Residential Driveway",2008,"No","No","Daylight","Straight - Grade","Local Street","Dry","Two-Way, Not Divided","None","No Special Feature","Smooth Asphalt",0,0,0,0,0,0,0,"2 lanes",2,0,NA,0,NA
7275,5812,"Wilmington","New Hanover","Coastal","Commercial","Urban (>70% Developed)",NA,"Urban","5 - 15 MPH","No Control Present","Rain","No",24,"20-24","No",NA,"Not Applicable","C: Possible Injury","Non-Roadway","Black","Male",33,"30-39","No",NA,"0-5 mph","O: No Injury","Black","Male","Passenger Car","No","01JUN2008","Sunday","Non-Roadway",20,"Non-Roadway","June","C: Possible Injury",74580,"Non-Roadway",2008,"Yes","No","Dark - Lighted Roadway","Straight - Grade","Public Vehicular Area","Wet","Two-Way, Not Divided","None","No Special Feature","Coarse Asphalt",0,0,0,0,0,0,0,"2 lanes",2,0,NA,0,NA
7276,5817,"Charlotte","Mecklenburg","Piedmont","Commercial","Urban (>70% Developed)",NA,"Urban","30 - 35  MPH","No Control Present","Cloudy","No",13,"11-15","No",NA,NA,"C: Possible Injury",NA,"Black","Male",18,"0-19","No",NA,"31-35 mph","O: No Injury","Black","Female","Passenger Car","No","26JUN2008","Thursday","Bicyclist Failed to Yield - Midblock",21,"Non-Intersection","June","C: Possible Injury",76260,"Bicyclist Ride Out - Midblock - Unknown",2008,"Yes","No","Dark - Lighted Roadway","Straight - Level","Local Street","Dry","Two-Way, Not Divided","None","No Special Feature","Smooth Asphalt",0,0,0,0,0,0,0,"4 lanes",2,0,NA,0,NA
7277,5818,"Chapel Hill","Orange","Piedmont","Commercial","Urban (>70% Developed)",NA,"Urban","20 - 25  MPH","Double Yellow Line, No Passing Zone","Rain","No",56,"50-59","No",NA,"With Traffic","B: Evident Injury","Travel Lane","Black","Male",NA,NA,"Missing",NA,"26-30 mph","Unknown Injury","Unknown/Missing",NA,NA,"No","28MAY2008","Wednesday","Head-On",9,"Non-Intersection","May","B: Evident Injury",34320,"Head-On - Motorist",2008,"Yes","Yes","Daylight","Straight - Level","Local Street","Wet","Two-Way, Not Divided","None","No Special Feature","Smooth Asphalt",0,0,0,0,0,0,0,"4 lanes",2,0,NA,0,NA
7278,5819,"Wilmington","New Hanover","Coastal","Residential","Urban (>70% Developed)",NA,"Urban","30 - 35  MPH","Stop Sign","Cloudy","No",27,"25-29","No",NA,"Facing Traffic","O: No Injury","Sidewalk / Crosswalk / Driveway Crossing","Black","Male",42,"40-49","No",NA,"6-10 mph","C: Possible Injury","Black","Female","Passenger Car","No","28MAY2008","Wednesday","Motorist Failed to Yield - Sign-Controlled Intersection",16,"Intersection","May","C: Possible Injury",61080,"Motorist Drive Out - Sign-Controlled Intersection",2008,"Yes","No","Daylight","Straight - Level","Local Street","Dry","One-Way, Not Divided","None","No Special Feature","Smooth Asphalt",0,0,0,0,0,0,0,"6 lanes",2,0,NA,0,NA
7279,5826,"New Bern","Craven","Coastal","Commercial","Urban (>70% Developed)",NA,"Urban",NA,"Missing","Clear","No",19,"16-19","No",NA,"With Traffic","B: Evident Injury","Travel Lane","White","Male",36,"30-39","Yes",NA,NA,"B: Evident Injury","White","Male","Pedalcycle","Yes","30MAY2008","Friday","Bicyclist Right Turn / Merge",17,"Intersection","May","B: Evident Injury",64380,"Bicyclist Right Turn - Same Direction",2008,"No","No","Daylight","Straight - Level","Local Street","Dry","Two-Way, Not Divided","None","T-Intersection","Smooth Asphalt",0,0,0,0,0,0,0,"4 lanes",2,0,NA,0,NA
7280,5831,"High Point","Guilford","Piedmont","Residential","Urban (>70% Developed)",NA,"Urban","30 - 35  MPH","Yield Sign","Clear","No",43,"40-49","No",NA,"With Traffic","C: Possible Injury","Travel Lane","Black","Female",44,"40-49","No",NA,"31-35 mph","O: No Injury","White","Male","Passenger Car","No","06JUN2008","Friday","Loss of Control / Turning Error",18,"Intersection","June","C: Possible Injury",66840,"Bicyclist Lost Control - Other / Unknown",2008,"Yes","No","Daylight","Straight - Bottom","Local Street","Dry","Two-Way, Not Divided","None","Four-Way Intersection","Smooth Asphalt",0,0,0,0,0,0,0,"2 lanes",2,0,NA,0,NA
7281,5833,"Greensboro","Guilford","Piedmont","Commercial","Urban (>70% Developed)",NA,"Urban","30 - 35  MPH","Missing","Clear","No",28,"25-29","No",NA,"Not Applicable","B: Evident Injury","Non-Roadway","White","Male",30,"30-39","No",NA,"31-35 mph","O: No Injury","White","Female","Sport Utility","No","07JUN2008","Saturday","Bicyclist Failed to Yield - Midblock",15,"Non-Intersection","June","B: Evident Injury",54540,"Bicyclist Ride Out - Commercial Driveway / Alley",2008,"Yes","No","Daylight","Straight - Level","Local Street","Dry","Two-Way, Divided, Unprotected Median","None","No Special Feature","Smooth Asphalt",0,0,0,0,0,0,0,"5 lanes",2,0,NA,0,NA
7282,5837,"Greensboro","Guilford","Piedmont","Residential","Mixed (30% To 70% Developed)",NA,"Urban","30 - 35  MPH","Missing","Clear","No",9,"6-10","No",NA,"With Traffic","C: Possible Injury","Travel Lane","Black","Male",59,"50-59","No",NA,"31-35 mph","O: No Injury","Black","Male","Passenger Car","No","08JUN2008","Sunday","Loss of Control / Turning Error",18,"Intersection","June","C: Possible Injury",64980,"Bicyclist Lost Control - Mechanical Problems",2008,"Yes","No","Daylight","Straight - Level","Local Street","Dry","Two-Way, Not Divided","None","No Special Feature","Coarse Asphalt",0,0,0,0,0,0,0,"4 lanes",2,0,NA,0,NA
7283,5839,"Chapel Hill","Orange","Piedmont","Residential","Urban (>70% Developed)",NA,"Urban",NA,"Stop Sign","Clear","No",19,"16-19","No",NA,"Facing Traffic","B: Evident Injury","Sidewalk / Crosswalk / Driveway Crossing","White","Male",NA,NA,"Missing",NA,"0-5 mph","Unknown Injury","Unknown/Missing",NA,NA,"No","12JUN2008","Thursday","Crossing Paths - Other Circumstances",12,"Intersection","June","B: Evident Injury",46260,"Sign-Controlled Intersection - Other / Unknown",2008,"No","Yes","Daylight","Straight - Level","Local Street","Dry","Two-Way, Not Divided","None","No Special Feature","Smooth Asphalt",0,0,0,0,0,0,0,"2 lanes",2,0,NA,0,NA
7284,5841,"Durham","Durham","Piedmont","Residential","Urban (>70% Developed)",NA,"Urban","20 - 25  MPH","Stop Sign","Rain","No",42,"40-49","No",NA,"With Traffic","B: Evident Injury","Travel Lane","White","Male",36,"30-39","No",NA,"6-10 mph","O: No Injury","Black","Male","Passenger Car","No","29JUN2008","Sunday","Motorist Left Turn / Merge",20,"Intersection","June","B: Evident Injury",75120,"Motorist Left Turn - Opposite Direction",2008,"Yes","No","Dark - Lighted Roadway","Straight - Level","Local Street","Wet","Two-Way, Not Divided","None","No Special Feature","Concrete",0,0,0,0,0,0,0,"2 lanes",2,0,NA,0,NA
7285,5848,"Durham","Durham","Piedmont","Commercial","Urban (>70% Developed)",NA,"Urban","20 - 25  MPH","Stop And Go Signal","Clear","No",55,"50-59","No",NA,"With Traffic","B: Evident Injury","Sidewalk / Crosswalk / Driveway Crossing","White","Male",47,"40-49","No",NA,"0-5 mph","O: No Injury","Black","Male","Commercial Bus","No","02JUL2008","Wednesday","Motorist Right Turn / Merge",12,"Intersection","July","B: Evident Injury",45120,"Motorist Right Turn - Same Direction",2008,"Yes","No","Daylight","Straight - Level","Local Street","Dry","Two-Way, Not Divided","None","No Special Feature","Smooth Asphalt",0,0,0,0,0,0,0,"2 lanes",2,0,NA,0,NA
7286,5856,"Chapel Hill","Orange","Piedmont","Residential","Urban (>70% Developed)",NA,"Urban","20 - 25  MPH","Stop Sign","Clear","No",32,"30-39","No",NA,"Facing Traffic","B: Evident Injury","Bike Lane / Paved Shoulder","Hispanic","Male",21,"20-24","No",NA,"0-5 mph","O: No Injury","White","Male","Passenger Car","No","10JUN2008","Tuesday","Motorist Failed to Yield - Sign-Controlled Intersection",15,"Intersection","June","B: Evident Injury",55740,"Motorist Drive Out - Sign-Controlled Intersection",2008,"No","No","Daylight","Straight - Level","Local Street","Dry","Two-Way, Not Divided","None","T-Intersection","Smooth Asphalt",0,0,0,0,0,0,0,"2 lanes",2,0,NA,0,NA
7287,5858,"Kinston","Lenoir","Coastal","Residential","Mixed (30% To 70% Developed)",NA,"Urban","30 - 35  MPH","No Control Present","Cloudy","No",49,"40-49","Yes",NA,"With Traffic","A: Disabling Injury","Travel Lane","Black","Male",21,"20-24","No",NA,"31-35 mph","O: No Injury","Black","Male","Passenger Car","Yes","10JUL2008","Thursday","Bicyclist Failed to Yield - Sign-Controlled Intersection",20,"Intersection","July","A: Disabling Injury",73320,"Bicyclist Ride Out - Sign-Controlled Intersection",2008,"Yes","No","Dusk","Straight - Grade","NC Route","Dry","Two-Way, Divided, Unprotected Median","None","Four-Way Intersection","Coarse Asphalt",0,0,0,0,0,0,0,"5 lanes",2,0,NA,0,NA
7288,5860,"Mount Olive","Wayne","Coastal","Commercial","Urban (>70% Developed)",NA,"Rural","20 - 25  MPH","No Control Present","Clear","No",8,"6-10","No",NA,"With Traffic","C: Possible Injury","Travel Lane","Black","Male",NA,NA,"Missing",NA,NA,"Unknown Injury","Unknown/Missing",NA,"Sport Utility","No","31MAY2008","Saturday","Motorist Overtaking Bicyclist",17,"Non-Intersection","May","C: Possible Injury",61200,"Motorist Overtaking - Other / Unknown",2008,"Yes","Yes","Daylight","Straight - Level","Local Street","Dry","Two-Way, Not Divided","None","No Special Feature","Coarse Asphalt",0,0,0,0,0,0,0,"2 lanes",2,0,NA,0,NA
7289,5878,"Sylva","Jackson","Mountains","Commercial","Urban (>70% Developed)",NA,"Rural","20 - 25  MPH","Stop And Go Signal","Clear","No",25,"25-29","No",NA,"With Traffic","C: Possible Injury","Travel Lane","White","Male",31,"30-39","No",NA,"6-10 mph","O: No Injury","White","Male","Pickup","No","02JUN2008","Monday","Bicyclist Failed to Yield - Signalized Intersection",18,"Intersection","June","C: Possible Injury",65400,"Bicyclist Ride Through - Signalized Intersection",2008,"Yes","No","Daylight","Straight - Level","NC Route","Dry","Two-Way, Not Divided","None","Four-Way Intersection","Coarse Asphalt",0,0,0,0,0,0,0,"2 lanes",2,0,NA,0,NA
7290,5880,"None - Rural Crash","Vance","Piedmont","Farms, Woods, Pastures","Rural (<30% Developed)",NA,"Rural","50 - 55  MPH","No Control Present","Clear","No",30,"30-39","Yes",NA,"With Traffic","B: Evident Injury","Travel Lane","White","Male",69,"60-69","No",NA,"51-55 mph","O: No Injury","Black","Male","Passenger Car","Yes","15JUN2008","Sunday","Motorist Overtaking Bicyclist",14,"Non-Intersection","June","B: Evident Injury",53040,"Motorist Overtaking - Bicyclist Swerved",2008,"Yes","No","Daylight","Straight - Level","NC Route","Dry","Two-Way, Not Divided","None","No Special Feature","Smooth Asphalt",0,0,0,0,0,0,0,"2 lanes",2,0,NA,0,NA
7291,5894,"Smithfield","Johnston","Coastal","Commercial","Urban (>70% Developed)",NA,"Urban","30 - 35  MPH","No Control Present","Clear","No",68,"60-69","No",NA,"With Traffic","O: No Injury","Travel Lane","Black","Male",NA,"70+","No",NA,"11-15 mph","O: No Injury","White","Male","Passenger Car","No","25JUN2008","Wednesday","Bicyclist Overtaking Motorist",11,"Non-Intersection","June","O: No Injury",40920,"Bicyclist Overtaking - Passing on Left",2008,"No","No","Daylight","Straight - Level","US Route","Dry","Two-Way, Not Divided","None","No Special Feature","Coarse Asphalt",0,0,0,0,0,0,0,"5 lanes",2,0,NA,0,NA
7292,5896,"Chadbourn","Columbus","Coastal","Commercial","Urban (>70% Developed)",NA,"Rural","30 - 35  MPH","Missing","Clear","No",21,"20-24","No",NA,"Facing Traffic","C: Possible Injury","Travel Lane","Black","Male",52,"50-59","No",NA,"0-5 mph","O: No Injury","White","Male","Pickup","No","13JUN2008","Friday","Motorist Failed to Yield - Midblock",12,"Non-Intersection","June","C: Possible Injury",44400,"Motorist Drive Out - Commercial Driveway / Alley",2008,"Yes","No","Daylight","Straight - Level","Local Street","Dry","Two-Way, Not Divided","None","No Special Feature","Smooth Asphalt",0,0,0,0,0,0,0,"2 lanes",2,0,NA,0,NA
7293,5898,"Greensboro","Guilford","Piedmont","Residential","Urban (>70% Developed)",NA,"Urban","30 - 35  MPH","Stop Sign","Clear","No",15,"11-15","No",NA,"With Traffic","C: Possible Injury","Travel Lane","Asian","Male",NA,NA,"Missing",NA,NA,"Unknown Injury","Unknown/Missing",NA,"Passenger Car","No","15JUN2008","Sunday","Crossing Paths - Other Circumstances",16,"Intersection","June","C: Possible Injury",59760,"Sign-Controlled Intersection - Other / Unknown",2008,"Yes","Yes","Daylight","Straight - Level","Local Street","Dry","Two-Way, Divided, Unprotected Median","None","Four-Way Intersection","Smooth Asphalt",0,0,0,0,0,0,0,"2 lanes",2,0,NA,0,NA
7294,5901,"None - Rural Crash","Wake","Piedmont","Residential","Rural (<30% Developed)",NA,"Rural","40 - 45  MPH","No Control Present","Clear","No",40,"40-49","Yes",NA,"With Traffic","C: Possible Injury","Bike Lane / Paved Shoulder","Black","Male",NA,"70+","No",NA,"41-45 mph","O: No Injury","White","Male","Passenger Car","Yes","22JUN2008","Sunday","Bicyclist Left Turn / Merge",10,"Non-Intersection","June","C: Possible Injury",37800,"Bicyclist Left Turn - Same Direction",2008,"Yes","No","Daylight","Straight - Level","State Secondary Route","Dry","Two-Way, Not Divided","None","No Special Feature","Smooth Asphalt",0,0,0,0,0,0,0,"2 lanes",2,0,NA,0,NA
7295,5926,"Knightdale","Wake","Piedmont","Commercial","Urban (>70% Developed)",NA,"Urban","30 - 35  MPH","No Control Present","Clear","No",16,"16-19","No",NA,"Not Applicable","B: Evident Injury","Non-Roadway","White","Male",NA,"70+","No",NA,"11-15 mph","O: No Injury","White","Female","Passenger Car","No","17JUL2008","Thursday","Non-Roadway",13,"Non-Roadway","July","B: Evident Injury",47400,"Non-Roadway",2008,"Yes","No","Daylight","Straight - Grade","Public Vehicular Area","Dry","Two-Way, Not Divided","None","Driveway, Public","Coarse Asphalt",0,0,0,0,0,0,0,NA,2,0,NA,0,NA
7296,5930,"None - Rural Crash","Wilkes","Mountains","Residential","Rural (<30% Developed)",NA,"Rural","30 - 35  MPH","Double Yellow Line, No Passing Zone","Clear","No",9,"6-10","No",NA,"Not Applicable","B: Evident Injury","Driveway / Alley","White","Male",NA,"70+","No",NA,"16-20 mph","O: No Injury","White","Female","Passenger Car","No","03JUL2008","Thursday","Bicyclist Failed to Yield - Midblock",14,"Non-Intersection","July","B: Evident Injury",52200,"Bicyclist Ride Out - Residential Driveway",2008,"Yes","No","Daylight","Straight - Level","State Secondary Route","Dry","Two-Way, Not Divided","None","Driveway, Private","Smooth Asphalt",0,0,0,0,0,0,0,"2 lanes",2,0,NA,0,NA
7297,5934,"Charlotte","Mecklenburg","Piedmont","Commercial","Urban (>70% Developed)",NA,"Urban","5 - 15 MPH","No Control Present","Clear","No",23,"20-24","No",NA,"Facing Traffic","C: Possible Injury","Sidewalk / Crosswalk / Driveway Crossing","Other","Male",48,"40-49","No",NA,"0-5 mph","O: No Injury","Other","Male","Passenger Car","No","02AUG2008","Saturday","Motorist Failed to Yield - Midblock",15,"Non-Intersection","August","C: Possible Injury",57480,"Motorist Drive Out - Commercial Driveway / Alley",2008,"Yes","No","Daylight","Straight - Bottom","Local Street","Dry","Two-Way, Not Divided","None","Driveway, Public","Smooth Asphalt",0,0,0,0,0,0,0,"2 lanes",2,0,NA,0,NA
7298,5935,"None - Rural Crash","Cleveland","Mountains","Residential","Mixed (30% To 70% Developed)",NA,"Rural","40 - 45  MPH","Double Yellow Line, No Passing Zone","Clear","No",17,"16-19","No",NA,"With Traffic","C: Possible Injury","Travel Lane","White","Male",53,"50-59","No",NA,"16-20 mph","O: No Injury","Black","Female","Passenger Car","No","02AUG2008","Saturday","Motorist Overtaking Bicyclist",15,"Non-Intersection","August","C: Possible Injury",55140,"Motorist Overtaking - Other / Unknown",2008,"Yes","No","Daylight","Straight - Level","State Secondary Route","Dry","Two-Way, Not Divided","None","No Special Feature","Smooth Asphalt",0,0,0,0,0,0,0,"2 lanes",2,0,NA,0,NA
7299,5938,"Goldsboro","Wayne","Coastal","Commercial","Urban (>70% Developed)",NA,"Urban",NA,"Missing","Rain","No",53,"50-59","No",NA,"Not Applicable","C: Possible Injury","Non-Roadway","Black","Male",NA,NA,"Missing",NA,"6-10 mph","Unknown Injury","Unknown/Missing",NA,NA,"No","05JUL2008","Saturday","Non-Roadway",20,"Non-Roadway","July","C: Possible Injury",73800,"Non-Roadway",2008,"Yes","Yes","Daylight","Straight - Level","Public Vehicular Area","Wet","One-Way, Not Divided","None","No Special Feature","Coarse Asphalt",0,0,0,0,0,0,0,NA,2,0,NA,0,NA
7300,5945,"Greensboro","Guilford","Piedmont","Residential","Urban (>70% Developed)",NA,"Urban","30 - 35  MPH","Stop Sign","Clear","No",27,"25-29","No",NA,"Facing Traffic","B: Evident Injury","Travel Lane","White","Male",29,"25-29","No",NA,"6-10 mph","O: No Injury","White","Male","Passenger Car","No","30JUN2008","Monday","Motorist Failed to Yield - Sign-Controlled Intersection",22,"Intersection","June","B: Evident Injury",80340,"Motorist Drive Out - Sign-Controlled Intersection",2008,"Yes","No","Dark - Lighted Roadway","Straight - Level","Local Street","Dry","Two-Way, Divided, Unprotected Median","None","Four-Way Intersection","Coarse Asphalt",0,0,0,0,0,0,0,"4 lanes",2,0,NA,0,NA
7301,5952,"Raleigh","Wake","Piedmont","Commercial","Urban (>70% Developed)",NA,"Urban","30 - 35  MPH","Missing","Clear","No",15,"11-15","No",NA,"Facing Traffic","O: No Injury","Sidewalk / Crosswalk / Driveway Crossing","Black","Male",36,"30-39","No",NA,"0-5 mph","O: No Injury","White","Male","Passenger Car","No","10JUL2008","Thursday","Motorist Failed to Yield - Midblock",13,"Non-Intersection","July","O: No Injury",48480,"Motorist Drive Out - Commercial Driveway / Alley",2008,"No","No","Daylight","Straight - Grade","Public Vehicular Area","Dry","Two-Way, Not Divided","None","Driveway, Private","Concrete",0,0,0,0,0,0,0,NA,2,0,NA,0,NA
7302,5953,"Wilmington","New Hanover","Coastal","Residential","Urban (>70% Developed)",NA,"Urban","30 - 35  MPH","Stop And Go Signal","Clear","No",15,"11-15","No",NA,"With Traffic","B: Evident Injury","Travel Lane","Black","Male",39,"30-39","No",NA,"31-35 mph","O: No Injury","White","Female","Van","No","13JUL2008","Sunday","Bicyclist Failed to Yield - Signalized Intersection",16,"Intersection","July","B: Evident Injury",58560,"Bicyclist Ride Through - Signalized Intersection",2008,"Yes","No","Daylight","Straight - Level","Local Street","Dry","One-Way, Not Divided","None","Four-Way Intersection","Smooth Asphalt",0,0,0,0,0,0,0,"5 lanes",2,0,NA,0,NA
7303,5954,"None - Rural Crash","Gates","Coastal","Residential","Mixed (30% To 70% Developed)",NA,"Rural","50 - 55  MPH","Stop Sign","Clear","No",NA,"70+","No",NA,"With Traffic","K: Killed","Travel Lane","Black","Male",27,"25-29","No",NA,"51-55 mph","O: No Injury","White","Male","Pickup","No","10JUL2008","Thursday","Bicyclist Failed to Yield - Sign-Controlled Intersection",17,"Intersection","July","K: Killed",62700,"Bicyclist Ride Out - Sign-Controlled Intersection",2008,"Yes","No","Daylight","Straight - Level","State Secondary Route","Dry","Two-Way, Not Divided","None","T-Intersection","Coarse Asphalt",0,0,0,0,0,0,0,"2 lanes",2,0,NA,0,NA
7304,5965,"Kannapolis","Cabarrus","Piedmont","Commercial","Urban (>70% Developed)",NA,"Urban","30 - 35  MPH","Stop And Go Signal","Clear","No",16,"16-19","No",NA,"With Traffic","C: Possible Injury","Bike Lane / Paved Shoulder","White","Male",19,"0-19","No",NA,"26-30 mph","O: No Injury","Hispanic","Female","Sport Utility","No","15JUL2008","Tuesday","Crossing Paths - Other Circumstances",19,"Intersection","July","C: Possible Injury",71400,"Signalized Intersection - Other / Unknown",2008,"Yes","No","Daylight","Straight - Level","Local Street","Dry","Two-Way, Not Divided","None","Four-Way Intersection","Smooth Asphalt",0,0,0,0,0,0,0,"4 lanes",2,0,NA,0,NA