"...1","object_id","city","county","region","development","locality","on_road","rural_urban","speed_limit","traffic_control","weather","workzone","bike_age","bike_age_group","bike_alcohol","bike_alcohol_drugs","bike_direction","bike_injury","bike_position","bike_race","bike_sex","driver_age","driver_age_group","driver_alcohol","driver_alcohol_drugs","driver_est_speed","driver_injury","driver_race","driver_sex","driver_vehicle_type","crash_alcohol","crash_date","crash_day","crash_group","crash_hour","crash_location","crash_month","crash_severity","crash_time","crash_type","crash_year","ambulance_req","hit_run","light_condition","road_character","road_class","road_condition","road_configuration","road_defects","road_feature","road_surface","num_bikes_ai","num_bikes_bi","num_bikes_ci","num_bikes_ki","num_bikes_no","num_bikes_to","num_bikes_ui","num_lanes","num_units","distance_mi_from","frm_road","rte_invd_cd","towrd_road"
7305,5969,"None - Rural Crash","Madison","Mountains","Farms, Woods, Pastures","Rural (<30% Developed)",NA,"Rural","40 - 45  MPH","Double Yellow Line, No Passing Zone","Clear","No",13,"11-15","No",NA,"Not Applicable","A: Disabling Injury","Driveway / Alley","White","Male",35,"30-39","No",NA,"36-40 mph","O: No Injury","White","Female","Passenger Car","No","16JUL2008","Wednesday","Bicyclist Failed to Yield - Midblock",19,"Non-Intersection","July","A: Disabling Injury",70200,"Bicyclist Ride Out - Residential Driveway",2008,"Yes","No","Daylight","Curve - Level","NC Route","Dry","Two-Way, Not Divided","None","Y-Intersection","Smooth Asphalt",0,0,0,0,0,0,0,"2 lanes",2,0,NA,0,NA
7306,5977,"Charlotte","Mecklenburg","Piedmont","Commercial","Urban (>70% Developed)",NA,"Urban","20 - 25  MPH","Stop Sign","Cloudy","No",38,"30-39","No",NA,"With Traffic","C: Possible Injury","Sidewalk / Crosswalk / Driveway Crossing","Black","Male",24,"20-24","No",NA,"0-5 mph","O: No Injury","Black","Female","Passenger Car","No","15AUG2008","Friday","Motorist Failed to Yield - Sign-Controlled Intersection",21,"Intersection","August","C: Possible Injury",77940,"Motorist Drive Out - Sign-Controlled Intersection",2008,"Yes","No","Dark - Lighted Roadway","Straight - Level","Local Street","Dry","Two-Way, Not Divided","None","T-Intersection","Smooth Asphalt",0,0,0,0,0,0,0,"2 lanes",2,0,NA,0,NA
7307,5979,"None - Rural Crash","Robeson","Coastal","Farms, Woods, Pastures","Rural (<30% Developed)",NA,"Rural","50 - 55  MPH","No Control Present","Cloudy","No",44,"40-49","Yes",NA,"With Traffic","A: Disabling Injury","Travel Lane","Native American","Male",56,"50-59","No",NA,"51-55 mph","O: No Injury","Native American","Female","Van","Yes","12AUG2008","Tuesday","Bicyclist Left Turn / Merge",15,"Non-Intersection","August","A: Disabling Injury",56400,"Bicyclist Left Turn - Same Direction",2008,"Yes","No","Dusk","Straight - Level","State Secondary Route","Dry","Two-Way, Not Divided","None","No Special Feature","Smooth Asphalt",0,0,0,0,0,0,0,"2 lanes",2,0,NA,0,NA
7308,5982,"Wilmington","New Hanover","Coastal","Commercial","Urban (>70% Developed)",NA,"Urban","40 - 45  MPH","Stop Sign","Clear","No",59,"50-59","No",NA,"With Traffic","B: Evident Injury","Travel Lane","Black","Male",18,"0-19","No",NA,"31-35 mph","O: No Injury","White","Male","Pickup","No","17JUL2008","Thursday","Motorist Left Turn / Merge",20,"Intersection","July","B: Evident Injury",75120,"Motorist Left Turn - Opposite Direction",2008,"No","No","Dark - Roadway Not Lighted","Straight - Level","Local Street","Dry","Two-Way, Not Divided","None","Four-Way Intersection","Coarse Asphalt",0,0,0,0,0,0,0,"6 lanes",2,0,NA,0,NA
7309,5984,"Kill Devil Hills","Dare","Coastal","Residential","Mixed (30% To 70% Developed)",NA,"Urban","30 - 35  MPH","Stop Sign","Cloudy","No",55,"50-59","No",NA,"With Traffic","B: Evident Injury","Travel Lane","White","Female",22,"20-24","No",NA,"6-10 mph","O: No Injury","White","Male","Pickup","No","18JUL2008","Friday","Motorist Left Turn / Merge",5,"Intersection","July","B: Evident Injury",19800,"Motorist Left Turn - Opposite Direction",2008,"No","No","Daylight","Straight - Level","Local Street","Dry","Two-Way, Not Divided","None","T-Intersection","Coarse Asphalt",0,0,0,0,0,0,0,"2 lanes",2,0,NA,0,NA
7310,5986,"Emerald Isle","Carteret","Coastal","Commercial","Urban (>70% Developed)",NA,"Rural","30 - 35  MPH","No Control Present","Clear","No",43,"40-49","No",NA,"With Traffic","O: No Injury","Bike Lane / Paved Shoulder","White","Female",40,"40-49","No",NA,"0-5 mph","O: No Injury","White","Male","Light Truck (Mini-Van, Panel)","No","19JUL2008","Saturday","Motorist Right Turn / Merge",10,"Non-Intersection","July","O: No Injury",36000,"Motorist Right Turn - Same Direction",2008,"No","No","Daylight","Straight - Level","NC Route","Dry","Two-Way, Divided, Unprotected Median","None","Driveway, Public","Coarse Asphalt",0,0,0,0,0,0,0,"3 lanes",2,0,NA,0,NA
7311,4821,"Rural Hall","Forsyth","Piedmont","Residential","Mixed (30% To 70% Developed)",NA,"Rural","20 - 25  MPH","Stop Sign","Clear","No",11,"11-15","No",NA,"With Traffic","A: Disabling Injury","Travel Lane","White","Female",21,"20-24","No",NA,"11-15 mph","O: No Injury","White","Male","Pickup","No","09MAY2009","Saturday","Bicyclist Failed to Yield - Sign-Controlled Intersection",13,"Intersection","May","A: Disabling Injury",46800,"Bicyclist Ride Through - Sign-Controlled Intersection",2009,"Yes","No","Daylight","Straight - Level","State Secondary Route","Dry","Two-Way, Not Divided","None","T-Intersection","Smooth Asphalt",0,0,0,0,0,0,0,"2 lanes",2,0,NA,0,NA
7312,4827,"Cary","Wake","Piedmont","Commercial","Urban (>70% Developed)",NA,"Urban","40 - 45  MPH","No Control Present","Clear","No",41,"40-49","No",NA,"With Traffic","B: Evident Injury","Travel Lane","White","Male",22,"20-24","No",NA,"36-40 mph","O: No Injury","White","Female","Sport Utility","No","28MAY2009","Thursday","Motorist Overtaking Bicyclist",12,"Intersection","May","B: Evident Injury",45660,"Motorist Overtaking - Bicyclist Swerved",2009,"Yes","No","Daylight","Straight - Level","Local Street","Dry","Two-Way, Divided, Unprotected Median","None","No Special Feature","Smooth Asphalt",0,0,0,0,0,0,0,"4 lanes",2,0,NA,0,NA
7313,4830,"Statesville","Iredell","Piedmont","Residential","Urban (>70% Developed)",NA,"Urban","30 - 35  MPH","No Control Present","Clear","No",7,"6-10","No",NA,"Not Applicable","C: Possible Injury","Non-Roadway","Black","Female",20,"20-24","No",NA,"16-20 mph","O: No Injury","Hispanic","Male","Passenger Car","No","18MAY2009","Monday","Bicyclist Failed to Yield - Midblock",19,"Non-Intersection","May","C: Possible Injury",70200,"Multiple Threat - Midblock",2009,"No","No",NA,"Straight - Level","Local Street","Dry","Two-Way, Not Divided","None","No Special Feature","Smooth Asphalt",0,0,0,0,0,0,0,"2 lanes",2,0,NA,0,NA
7314,4841,"Raleigh","Wake","Piedmont","Residential","Urban (>70% Developed)",NA,"Urban","30 - 35  MPH","No Control Present","Clear","No",16,"16-19","No",NA,"With Traffic","A: Disabling Injury","Travel Lane","Other","Male",42,"40-49","No",NA,"31-35 mph","O: No Injury","Black","Female","Sport Utility","No","09MAY2009","Saturday","Bicyclist Left Turn / Merge",15,"Non-Intersection","May","A: Disabling Injury",55020,"Bicyclist Left Turn - Opposite Direction",2009,"Yes","No","Daylight","Straight - Bottom","Local Street","Dry","Two-Way, Not Divided","None","No Special Feature","Smooth Asphalt",0,0,0,0,0,0,0,"2 lanes",2,0,NA,0,NA
7315,4851,"Boone","Watauga","Mountains","Commercial","Urban (>70% Developed)",NA,"Urban","30 - 35  MPH","No Control Present","Clear","No",29,"25-29","No",NA,"With Traffic","C: Possible Injury","Travel Lane","White","Male",46,"40-49","No",NA,"31-35 mph","O: No Injury","White","Male","Passenger Car","No","20MAY2009","Wednesday","Motorist Overtaking Bicyclist",19,"Non-Intersection","May","C: Possible Injury",70380,"Motorist Overtaking - Undetected Bicyclist",2009,"No","No","Daylight","Straight - Level","US Route","Dry","Two-Way, Not Divided","None","No Special Feature","Smooth Asphalt",0,0,0,0,0,0,0,"5 lanes",2,0,NA,0,NA
7316,4853,"None - Rural Crash","Union","Piedmont","Residential","Urban (>70% Developed)",NA,"Rural","40 - 45  MPH","Double Yellow Line, No Passing Zone","Clear","No",38,"30-39","No",NA,"With Traffic","C: Possible Injury","Travel Lane","White","Male",17,"0-19","No",NA,"11-15 mph","O: No Injury","White","Female","Passenger Car","No","19MAY2009","Tuesday","Motorist Right Turn / Merge",15,"Non-Intersection","May","C: Possible Injury",54900,"Motorist Right Turn - Same Direction",2009,"No","No","Daylight","Straight - Level","State Secondary Route","Dry","Two-Way, Not Divided","None","No Special Feature","Smooth Asphalt",0,0,0,0,0,0,0,"2 lanes",2,0,NA,0,NA
7317,4857,"Tabor City","Columbus","Coastal","Commercial","Urban (>70% Developed)",NA,"Rural","40 - 45  MPH","Double Yellow Line, No Passing Zone","Clear","No",13,"11-15","No",NA,"With Traffic","B: Evident Injury","Travel Lane","White","Male",68,"60-69","No",NA,"41-45 mph","O: No Injury","White","Male","Van","No","22MAY2009","Friday","Bicyclist Left Turn / Merge",17,"Non-Intersection","May","B: Evident Injury",62220,"Bicyclist Left Turn - Opposite Direction",2009,"Yes","No","Daylight","Straight - Level","Local Street","Dry","Two-Way, Divided, Unprotected Median","None","No Special Feature","Coarse Asphalt",0,0,0,0,0,0,0,"3 lanes",2,0,NA,0,NA
7318,4860,"Oak Island","Brunswick","Coastal","Residential","Urban (>70% Developed)",NA,"Urban","30 - 35  MPH","Stop Sign","Clear","No",54,"50-59","No",NA,"With Traffic","B: Evident Injury","Travel Lane","White","Female",56,"50-59","No",NA,NA,"O: No Injury","White","Male","Passenger Car","No","23MAY2009","Saturday","Loss of Control / Turning Error",0,"Intersection","May","B: Evident Injury",60,"Bicyclist Lost Control - Surface Conditions",2009,"No","No","Daylight","Straight - Level","Local Street","Dry","Two-Way, Not Divided","None","T-Intersection","Sand",0,0,0,0,0,0,0,"2 lanes",2,0,NA,0,NA
7319,4868,"Charlotte","Mecklenburg","Piedmont","Commercial","Urban (>70% Developed)",NA,"Urban","5 - 15 MPH","No Control Present","Clear","No",47,"40-49","No",NA,"Facing Traffic","B: Evident Injury","Sidewalk / Crosswalk / Driveway Crossing","Black","Male",NA,NA,"No",NA,"0-5 mph","Unknown Injury","Unknown/Missing",NA,"Sport Utility","No","22MAY2009","Friday","Motorist Failed to Yield - Midblock",17,"Non-Intersection","May","B: Evident Injury",64020,"Motorist Drive Out - Other Midblock",2009,"No","Yes","Daylight","Straight - Grade","US Route","Dry","Two-Way, Not Divided","None","Driveway, Public","Concrete",0,0,0,0,0,0,0,NA,2,0,NA,0,NA
7320,4875,"None - Rural Crash","Franklin","Piedmont","Residential","Rural (<30% Developed)",NA,"Rural","50 - 55  MPH","No Control Present","Clear","No",10,"6-10","No",NA,"Not Applicable","B: Evident Injury","Driveway / Alley","Black","Male",52,"50-59","No",NA,"36-40 mph","O: No Injury","Black","Male","Passenger Car","No","31MAY2009","Sunday","Bicyclist Failed to Yield - Midblock",15,"Non-Intersection","May","B: Evident Injury",55320,"Bicyclist Ride Out - Residential Driveway",2009,"Yes","No","Daylight","Straight - Level","State Secondary Route","Dry","Two-Way, Not Divided","None","No Special Feature","Smooth Asphalt",0,0,0,0,0,0,0,"2 lanes",2,0,NA,0,NA
7321,4876,"None - Rural Crash","Pender","Coastal","Residential","Mixed (30% To 70% Developed)",NA,"Rural","50 - 55  MPH","Other","Clear","No",15,"11-15","No",NA,"With Traffic","C: Possible Injury","Travel Lane","White","Male",NA,"70+","No",NA,"51-55 mph","O: No Injury","White","Female","Passenger Car","No","07JUN2009","Sunday","Bicyclist Left Turn / Merge",16,"Non-Intersection","June","C: Possible Injury",60600,"Bicyclist Left Turn - Same Direction",2009,"No","No","Daylight","Straight - Level","State Secondary Route","Dry","Two-Way, Not Divided","None","No Special Feature","Coarse Asphalt",0,0,0,0,0,0,0,"3 lanes",2,0,NA,0,NA
7322,4879,"Kinston","Lenoir","Coastal","Residential","Urban (>70% Developed)",NA,"Urban","20 - 25  MPH","Stop Sign","Clear","No",15,"11-15","No",NA,"With Traffic","A: Disabling Injury","Travel Lane","Black","Male",52,"50-59","No",NA,"21-25 mph","O: No Injury","Black","Male","Passenger Car","No","11JUN2009","Thursday","Bicyclist Failed to Yield - Sign-Controlled Intersection",18,"Intersection","June","A: Disabling Injury",67500,"Bicyclist Ride Through - Sign-Controlled Intersection",2009,"Yes","No","Dusk","Straight - Bottom","Local Street","Dry","Two-Way, Not Divided","None","Four-Way Intersection","Smooth Asphalt",0,0,0,0,0,0,0,"2 lanes",2,0,NA,0,NA
7323,4892,"Wilmington","New Hanover","Coastal","Residential","Urban (>70% Developed)",NA,"Urban","30 - 35  MPH","No Control Present","Clear","No",33,"30-39","No",NA,"With Traffic","C: Possible Injury","Travel Lane","Asian","Male",NA,NA,"No",NA,"26-30 mph","Unknown Injury","Unknown/Missing",NA,"Passenger Car","No","30MAY2009","Saturday","Loss of Control / Turning Error",19,"Non-Intersection","May","C: Possible Injury",68940,"Bicyclist Lost Control - Other / Unknown",2009,"No","Yes","Daylight","Straight - Level","Local Street","Dry","Two-Way, Not Divided","None","No Special Feature","Smooth Asphalt",0,0,0,0,0,0,0,"4 lanes",2,0,NA,0,NA
7324,4893,"Newport","Carteret","Coastal","Commercial","Mixed (30% To 70% Developed)",NA,"Rural","50 - 55  MPH","No Control Present","Rain","No",14,"11-15","No",NA,"With Traffic","B: Evident Injury","Travel Lane","Unknown/Missing","Male",46,"40-49","No",NA,"51-55 mph","O: No Injury","Black","Male","Sport Utility","No","16MAY2009","Saturday","Motorist Overtaking Bicyclist",4,"Non-Intersection","May","B: Evident Injury",16800,"Motorist Overtaking - Undetected Bicyclist",2009,"Yes","No","Dark - Roadway Not Lighted","Straight - Level","US Route","Wet","Two-Way, Divided, Unprotected Median","None","No Special Feature","Smooth Asphalt",0,0,0,0,0,0,0,"4 lanes",3,0,NA,0,NA
7325,4898,"Winston-Salem","Forsyth","Piedmont","Commercial","Urban (>70% Developed)",NA,"Urban","40 - 45  MPH","No Control Present","Cloudy","No",55,"50-59","No",NA,"Facing Traffic","C: Possible Injury","Sidewalk / Crosswalk / Driveway Crossing","Black","Male",66,"60-69","No",NA,"0-5 mph","O: No Injury","White","Male","Passenger Car","No","04JUN2009","Thursday","Motorist Failed to Yield - Midblock",7,"Non-Intersection","June","C: Possible Injury",28440,"Motorist Drive Out - Commercial Driveway / Alley",2009,"Yes","No","Daylight","Straight - Level","Local Street","Dry","Two-Way, Divided, Positive Median Barrier","None","Driveway, Public","Smooth Asphalt",0,0,0,0,0,0,0,"6 lanes",2,0,NA,0,NA
7326,4901,"Elizabeth City","Pasquotank","Coastal","Residential","Rural (<30% Developed)",NA,"Urban","20 - 25  MPH","Stop And Go Signal","Clear","No",38,"30-39","No",NA,"With Traffic","B: Evident Injury","Travel Lane","White","Female",38,"30-39","No",NA,"6-10 mph","O: No Injury","Black","Female","Passenger Car","No","09JUN2009","Tuesday","Motorist Left Turn / Merge",11,"Intersection","June","B: Evident Injury",42780,"Motorist Left Turn - Opposite Direction",2009,"Yes","No","Daylight","Straight - Level","Local Street","Dry","Two-Way, Divided, Unprotected Median","None","Four-Way Intersection","Grooved Concrete",0,0,0,0,0,0,0,"2 lanes",2,0,NA,0,NA
7327,4903,"Raleigh","Wake","Piedmont","Farms, Woods, Pastures","Mixed (30% To 70% Developed)",NA,"Urban","20 - 25  MPH","Stop Sign","Clear","No",19,"16-19","No",NA,"With Traffic","B: Evident Injury","Travel Lane","White","Male",27,"25-29","No",NA,"0-5 mph","O: No Injury","Asian","Male","Passenger Car","No","02JUN2009","Tuesday","Crossing Paths - Other Circumstances",11,"Intersection","June","B: Evident Injury",40740,"Crossing Paths - Intersection - Other / Unknown",2009,"No","No","Daylight","Straight - Level","Local Street","Dry","Two-Way, Not Divided","None","T-Intersection","Smooth Asphalt",0,0,0,0,0,0,0,"2 lanes",2,0,NA,0,NA
7328,4904,"None - Rural Crash","New Hanover","Coastal","Residential","Mixed (30% To 70% Developed)",NA,"Rural","50 - 55  MPH","No Control Present","Clear","No",19,"16-19","No",NA,"With Traffic","B: Evident Injury","Travel Lane","White","Male",42,"40-49","No",NA,"46-50 mph","O: No Injury","White","Male","Van","No","19JUN2009","Friday","Bicyclist Left Turn / Merge",1,"Non-Intersection","June","B: Evident Injury",3600,"Bicyclist Left Turn - Same Direction",2009,"Yes","No","Dark - Roadway Not Lighted","Straight - Level","US Route","Dry","Two-Way, Divided, Unprotected Median","None","No Special Feature","Coarse Asphalt",0,0,0,0,0,0,0,"4 lanes",2,0,NA,0,NA
7329,4905,"Lumberton","Robeson","Coastal","Residential","Urban (>70% Developed)",NA,"Urban","30 - 35  MPH","No Control Present","Clear","No",37,"30-39","No",NA,"With Traffic","C: Possible Injury","Travel Lane","Black","Male",45,"40-49","No",NA,"26-30 mph","O: No Injury","Black","Male","Passenger Car","No","12JUN2009","Friday","Motorist Overtaking Bicyclist",22,"Intersection","June","C: Possible Injury",80340,"Motorist Overtaking - Other / Unknown",2009,"Yes","Yes","Dark - Lighted Roadway","Straight - Level","Local Street","Dry","Two-Way, Not Divided","None","Four-Way Intersection","Coarse Asphalt",0,0,0,0,0,0,0,"4 lanes",2,0,NA,0,NA
7330,4913,"Wilmington","New Hanover","Coastal","Residential","Urban (>70% Developed)",NA,"Urban","20 - 25  MPH","Stop Sign","Cloudy","No",25,"25-29","No",NA,"Not Applicable","O: No Injury","Other","Black","Male",39,"30-39","No",NA,"11-15 mph","O: No Injury","White","Male","Police","No","14JUN2009","Sunday","Parallel Paths - Other Circumstances",0,"Intersection","June","O: No Injury",600,"Parallel Paths - Other / Unknown",2009,"No","No","Dark - Lighted Roadway","Straight - Level","Local Street","Dry","Two-Way, Not Divided","None","Four-Way Intersection","Smooth Asphalt",0,0,0,0,0,0,0,"2 lanes",2,0,NA,0,NA
7331,4914,"Wilmington","New Hanover","Coastal","Residential","Urban (>70% Developed)",NA,"Urban",NA,"No Control Present","Cloudy","No",24,"20-24","No",NA,"With Traffic","C: Possible Injury","Travel Lane","White","Male",NA,NA,"Missing",NA,NA,"Unknown Injury","Unknown/Missing",NA,NA,"No","13JUN2009","Saturday","Motorist Overtaking Bicyclist",21,"Non-Intersection","June","C: Possible Injury",76560,"Motorist Overtaking - Misjudged Space",2009,"Yes","Yes","Dark - Lighted Roadway","Straight - Level","Local Street","Dry","Two-Way, Not Divided","None","No Special Feature","Smooth Asphalt",0,0,0,0,0,0,0,"2 lanes",2,0,NA,0,NA
7332,4917,"Raleigh","Wake","Piedmont","Residential","Urban (>70% Developed)",NA,"Urban","30 - 35  MPH","No Control Present","Clear","No",30,"30-39","Yes",NA,"Not Applicable","B: Evident Injury",NA,"Hispanic","Male",20,"20-24","No",NA,"31-35 mph","O: No Injury","Black","Female","Passenger Car","Yes","07JUN2009","Sunday","Bicyclist Failed to Yield - Midblock",3,"Non-Intersection","June","B: Evident Injury",13980,"Bicyclist Ride Out - Midblock - Unknown",2009,"Yes","No","Dark - Lighted Roadway","Straight - Level","Local Street","Dry","Two-Way, Divided, Unprotected Median","None","No Special Feature","Smooth Asphalt",0,0,0,0,0,0,0,"2 lanes",2,0,NA,0,NA
7333,4920,"Durham","Durham","Piedmont","Commercial","Urban (>70% Developed)",NA,"Urban","20 - 25  MPH","No Control Present","Clear","No",51,"50-59","No",NA,NA,"B: Evident Injury","Travel Lane","Black","Male",22,"20-24","No",NA,"11-15 mph","O: No Injury","Black","Male","Passenger Car","No","15JUN2009","Monday","Bicyclist Failed to Yield - Midblock",17,"Non-Intersection","June","B: Evident Injury",63120,"Bicyclist Ride Out - Midblock - Unknown",2009,"Yes","No","Daylight","Straight - Level","Local Street","Dry","One-Way, Not Divided","None","Y-Intersection","Smooth Asphalt",0,0,0,0,0,0,0,"3 lanes",2,0,NA,0,NA
7334,4939,"None - Rural Crash","Brunswick","Coastal","Residential","Mixed (30% To 70% Developed)",NA,"Rural","50 - 55  MPH","No Control Present","Clear","No",46,"40-49","No",NA,"With Traffic","B: Evident Injury","Travel Lane","Black","Male",32,"30-39","No",NA,"51-55 mph","O: No Injury","White","Female","Passenger Car","No","24JUN2009","Wednesday","Motorist Overtaking Bicyclist",10,"Non-Intersection","June","B: Evident Injury",38160,"Motorist Overtaking - Other / Unknown",2009,"Yes","No","Daylight","Straight - Level","NC Route","Dry","Two-Way, Not Divided","None","No Special Feature","Smooth Asphalt",0,0,0,0,0,0,0,"2 lanes",2,0,NA,0,NA
7335,4943,"Garner","Wake","Piedmont","Residential","Urban (>70% Developed)",NA,"Urban","20 - 25  MPH","No Control Present","Cloudy","No",12,"11-15","No",NA,NA,"C: Possible Injury","Travel Lane","White","Female",23,"20-24","No",NA,"6-10 mph","O: No Injury","Black","Female","Sport Utility","No","16JUN2009","Tuesday","Other / Unknown - Insufficient Details",19,"Non-Intersection","June","C: Possible Injury",68640,"Unknown Approach Paths",2009,"Yes","No","Daylight","Straight - Level","Local Street","Wet","Two-Way, Not Divided","None","No Special Feature","Smooth Asphalt",0,0,0,0,0,0,0,"2 lanes",2,0,NA,0,NA
7336,4947,"None - Rural Crash","Union","Piedmont","Farms, Woods, Pastures","Rural (<30% Developed)",NA,"Rural","50 - 55  MPH","Double Yellow Line, No Passing Zone","Clear","Yes",39,"30-39","No",NA,"With Traffic","A: Disabling Injury","Bike Lane / Paved Shoulder","White","Male",29,"25-29","No",NA,"51-55 mph","O: No Injury","Black","Female","Passenger Car","No","12JUN2009","Friday","Bicyclist Left Turn / Merge",17,"Non-Intersection","June","A: Disabling Injury",61440,"Bicyclist Left Turn - Same Direction",2009,"Yes","No","Daylight","Straight - Level","US Route","Dry","Two-Way, Not Divided","None","No Special Feature","Smooth Asphalt",0,0,0,0,0,0,0,"2 lanes",2,0,NA,0,NA
7337,4948,"Durham","Durham","Piedmont","Commercial","Urban (>70% Developed)",NA,"Urban","30 - 35  MPH","No Control Present","Clear","No",13,"11-15","No",NA,"Not Applicable","O: No Injury","Non-Roadway","White","Male",67,"60-69","No",NA,"11-15 mph","O: No Injury","Black","Female","Passenger Car","No","03JUL2009","Friday","Motorist Left Turn / Merge",11,"Non-Intersection","July","A: Disabling Injury",42060,"Motorist Left Turn - Opposite Direction",2009,"Yes","No","Daylight","Straight - Hillcrest","Local Street","Dry","Two-Way, Not Divided","None","Driveway, Public","Coarse Asphalt",0,0,0,0,0,0,0,"3 lanes",2,0,NA,0,NA
7338,4949,"Wilmington","New Hanover","Coastal","Residential","Urban (>70% Developed)",NA,"Urban","40 - 45  MPH","Stop And Go Signal","Clear","No",24,"20-24","No",NA,"With Traffic","C: Possible Injury","Travel Lane","White","Male",45,"40-49","Yes",NA,"26-30 mph","O: No Injury","Black","Male","Light Truck (Mini-Van, Panel)","Yes","19JUN2009","Friday","Motorist Overtaking Bicyclist",21,"Non-Intersection","June","C: Possible Injury",78120,"Motorist Overtaking - Undetected Bicyclist",2009,"No","No","Dark - Roadway Not Lighted","Straight - Level","Local Street","Dry","Two-Way, Not Divided","None","Four-Way Intersection","Coarse Asphalt",0,0,0,0,0,0,0,"6 lanes",2,0,NA,0,NA
7339,4952,"Salisbury","Rowan","Piedmont","Residential","Urban (>70% Developed)",NA,"Urban","30 - 35  MPH","Stop Sign","Clear","No",65,"60-69","No",NA,"Facing Traffic","O: No Injury",NA,"Black","Male",51,"50-59","No",NA,"0-5 mph","O: No Injury","Black","Male","Passenger Car","No","07JUL2009","Tuesday","Motorist Left Turn / Merge",13,"Intersection","July","O: No Injury",49800,"Motorist Left Turn - Same Direction",2009,"No","No","Daylight","Straight - Level","Local Street","Dry","Two-Way, Not Divided","None","Four-Way Intersection","Smooth Asphalt",0,0,0,0,0,0,0,"2 lanes",2,0,NA,0,NA
7340,4953,"None - Rural Crash","Wilson","Coastal","Farms, Woods, Pastures","Mixed (30% To 70% Developed)",NA,"Rural","50 - 55  MPH","No Control Present","Clear","No",20,"20-24","No",NA,"With Traffic","B: Evident Injury","Bike Lane / Paved Shoulder","White","Male",52,"50-59","No",NA,"51-55 mph","B: Evident Injury","White","Male","Motorcycle","No","28JUN2009","Sunday","Bicyclist Right Turn / Merge",17,"Non-Intersection","June","B: Evident Injury",63480,"Bicyclist Right Turn - Same Direction",2009,"No","No","Daylight","Straight - Level","US Route","Dry","Two-Way, Divided, Unprotected Median","None","No Special Feature","Coarse Asphalt",0,0,0,0,0,0,0,"4 lanes",2,0,NA,0,NA
7341,4958,"None - Rural Crash","New Hanover","Coastal","Residential","Urban (>70% Developed)",NA,"Rural","40 - 45  MPH","Double Yellow Line, No Passing Zone","Clear","No",19,"16-19","No",NA,"With Traffic","B: Evident Injury","Bike Lane / Paved Shoulder","White","Male",41,"40-49","No",NA,"36-40 mph","O: No Injury","White","Female","Passenger Car","No","25JUN2009","Thursday","Bicyclist Left Turn / Merge",17,"Non-Intersection","June","B: Evident Injury",63900,"Bicyclist Left Turn - Same Direction",2009,"No","No","Daylight","Straight - Level","NC Route","Dry","Two-Way, Not Divided","None","No Special Feature","Coarse Asphalt",0,0,0,0,0,0,0,"2 lanes",2,0,NA,0,NA
7342,4968,"Sylva","Jackson","Mountains","Commercial","Urban (>70% Developed)",NA,"Rural","5 - 15 MPH","No Control Present","Clear","No",27,"25-29","No",NA,"With Traffic","B: Evident Injury","Travel Lane","White","Male",NA,"70+","No",NA,"6-10 mph","O: No Injury","White","Male","Pickup","No","26JUN2009","Friday","Head-On",17,"Non-Intersection","June","B: Evident Injury",62100,"Head-On - Bicyclist",2009,"Yes","No","Daylight","Straight - Grade","Public Vehicular Area","Dry","Two-Way, Not Divided","None","Driveway, Public","Smooth Asphalt",0,0,0,0,0,0,0,"2 lanes",2,0,NA,0,NA
7343,4981,"Boone","Watauga","Mountains","Commercial","Urban (>70% Developed)",NA,"Urban",NA,"No Control Present","Clear","No",26,"25-29","No",NA,"Facing Traffic","O: No Injury","Sidewalk / Crosswalk / Driveway Crossing","White","Male",16,"0-19","No",NA,"6-10 mph","O: No Injury","White","Female","Pickup","No","08JUL2009","Wednesday","Motorist Failed to Yield - Midblock",16,"Non-Intersection","July","O: No Injury",60540,"Motorist Drive Out - Commercial Driveway / Alley",2009,"No","No","Daylight","Straight - Level","Public Vehicular Area","Dry","Two-Way, Not Divided","None","No Special Feature","Smooth Asphalt",0,0,0,0,0,0,0,NA,2,0,NA,0,NA
7344,4983,"None - Rural Crash","Cherokee","Mountains","Farms, Woods, Pastures","Rural (<30% Developed)",NA,"Rural","20 - 25  MPH","Double Yellow Line, No Passing Zone","Clear","No",46,"40-49","No",NA,"With Traffic","C: Possible Injury","Travel Lane","White","Female",NA,"70+","No",NA,"21-25 mph","O: No Injury","White","Female","Passenger Car","No","21JUN2009","Sunday","Motorist Left Turn / Merge",20,"Intersection","June","C: Possible Injury",74100,"Motorist Left Turn - Opposite Direction",2009,"No","No","Daylight","Curve - Grade","State Secondary Route","Dry","Two-Way, Not Divided","None","T-Intersection","Smooth Asphalt",0,0,0,0,0,0,0,"2 lanes",2,0,NA,0,NA
7345,4995,"None - Rural Crash","Harnett","Coastal","Farms, Woods, Pastures","Rural (<30% Developed)",NA,"Rural","50 - 55  MPH","No Control Present","Clear","No",42,"40-49","No",NA,"With Traffic","B: Evident Injury","Travel Lane","White","Male",19,"0-19","No",NA,"51-55 mph","O: No Injury","Black","Male","Passenger Car","No","03JUL2009","Friday","Motorist Overtaking Bicyclist",20,"Non-Intersection","July","B: Evident Injury",72000,"Motorist Overtaking - Other / Unknown",2009,"Yes","No","Daylight","Straight - Grade","State Secondary Route","Dry","Two-Way, Not Divided","None","No Special Feature","Smooth Asphalt",0,0,0,0,0,0,0,"2 lanes",2,0,NA,0,NA