"...1","object_id","city","county","region","development","locality","on_road","rural_urban","speed_limit","traffic_control","weather","workzone","bike_age","bike_age_group","bike_alcohol","bike_alcohol_drugs","bike_direction","bike_injury","bike_position","bike_race","bike_sex","driver_age","driver_age_group","driver_alcohol","driver_alcohol_drugs","driver_est_speed","driver_injury","driver_race","driver_sex","driver_vehicle_type","crash_alcohol","crash_date","crash_day","crash_group","crash_hour","crash_location","crash_month","crash_severity","crash_time","crash_type","crash_year","ambulance_req","hit_run","light_condition","road_character","road_class","road_condition","road_configuration","road_defects","road_feature","road_surface","num_bikes_ai","num_bikes_bi","num_bikes_ci","num_bikes_ki","num_bikes_no","num_bikes_to","num_bikes_ui","num_lanes","num_units","distance_mi_from","frm_road","rte_invd_cd","towrd_road"
7346,994,"None - Rural Crash","Pasquotank","Coastal","Commercial","Mixed (30% To 70% Developed)","SR 1169","Rural","50 - 55  MPH","Double Yellow Line, No Passing Zone","Clear","No",53,"50-59","No",NA,"With Traffic","B: Evident Injury","Travel Lane","White","Male",47,"40-49","No",NA,"16-20 mph","O: No Injury","White","Male","Van","No","11APR2013","Thursday","Motorist Left Turn / Merge",6,"Non-Intersection","April","B: Evident Injury",22320,"Motorist Left Turn - Opposite Direction",2013,"Yes","No","Dawn","Straight - Level","State Secondary Route","Dry","Two-Way, Not Divided","None","No Special Feature","Smooth Asphalt",0,0,0,0,0,0,0,"2 lanes",2,0,NA,0,NA
7347,980,"Winston-Salem","Forsyth","Piedmont","Residential","Urban (>70% Developed)","2800 BLK OF STOCKTON S","Urban","30 - 35  MPH","No Control Present","Clear","No",5,"0-5","No",NA,"Not Applicable","B: Evident Injury","Multi-use Path","Black","Female",47,"40-49","No",NA,"26-30 mph","O: No Injury","Hispanic","Male","Pickup","No","15MAR2013","Friday","Bicyclist Failed to Yield - Midblock",15,"Non-Intersection","March","B: Evident Injury",57300,"Bicyclist Ride Out - Other Midblock",2013,"Yes","No","Daylight","Straight - Grade","Local Street","Dry","Two-Way, Not Divided","None","T-Intersection","Smooth Asphalt",0,0,0,0,0,0,0,"2 lanes",2,0,NA,0,NA
7348,976,"Raleigh","Wake","Piedmont","Commercial","Urban (>70% Developed)","SUNNYBROOK RD","Urban","30 - 35  MPH","Stop Sign","Clear","No",56,"50-59","No",NA,"Not Applicable","C: Possible Injury","Non-Roadway","White","Male",56,"50-59","No",NA,"6-10 mph","O: No Injury","Black","Male","Van","No","28MAR2013","Thursday","Motorist Left Turn / Merge",11,"Intersection","March","C: Possible Injury",40440,"Motorist Left Turn - Opposite Direction",2013,"Yes","No","Daylight","Straight - Level","Local Street","Dry","Two-Way, Divided, Positive Median Barrier","None","No Special Feature","Smooth Asphalt",0,0,0,0,0,0,0,"4 lanes",2,0,NA,0,NA
7349,970,"Raleigh","Wake","Piedmont","Commercial","Urban (>70% Developed)","CAPITAL BLVD","Urban","40 - 45  MPH","Other","Cloudy","No",61,"60-69","No",NA,NA,"O: No Injury",NA,"White","Male",66,"60-69","No",NA,"0-5 mph","O: No Injury","White","Male","Pickup","No","20MAR2013","Wednesday","Backing Vehicle",10,"Intersection-Related","March","O: No Injury",36480,"Backing Vehicle",2013,"Yes","No","Daylight","Straight - Grade","Local Street","Dry","Two-Way, Divided, Unprotected Median","None","No Special Feature","Smooth Asphalt",0,0,0,0,0,0,0,"4 lanes",2,0,NA,0,NA
7350,3524,"Wilmington","New Hanover","Coastal","Commercial","Urban (>70% Developed)",NA,"Urban","20 - 25  MPH","Stop Sign","Clear","No",20,"20-24","No",NA,"With Traffic","B: Evident Injury","Travel Lane","White","Male",21,"20-24","No",NA,"6-10 mph","O: No Injury","White","Female","Sport Utility","No","17OCT2011","Monday","Motorist Left Turn / Merge",22,"Intersection","October","B: Evident Injury",82560,"Motorist Left Turn - Opposite Direction",2011,"Yes","No","Dark - Lighted Roadway","Straight - Level","Local Street","Dry","Two-Way, Not Divided","None","T-Intersection","Smooth Asphalt",0,0,0,0,0,0,0,"2 lanes",2,0,NA,0,NA
7351,3529,"Charlotte","Mecklenburg","Piedmont","Commercial","Urban (>70% Developed)",NA,"Urban","5 - 15 MPH","No Control Present","Clear","No",27,"25-29","No",NA,"Facing Traffic","C: Possible Injury","Sidewalk / Crosswalk / Driveway Crossing","Black","Male",41,"40-49","No",NA,"0-5 mph","O: No Injury","Black","Female","Passenger Car","No","16SEP2011","Friday","Motorist Failed to Yield - Midblock",7,"Non-Intersection","September","C: Possible Injury",28020,"Motorist Drive Out - Commercial Driveway / Alley",2011,"Yes","No","Daylight","Straight - Hillcrest","Public Vehicular Area","Dry","Two-Way, Not Divided","Other","Driveway, Public","Smooth Asphalt",0,0,0,0,0,0,0,NA,2,0,NA,0,NA
7352,3532,"Mooresville","Iredell","Piedmont","Residential","Rural (<30% Developed)",NA,"Urban","30 - 35  MPH","No Control Present","Clear","No",56,"50-59","No",NA,"With Traffic","O: No Injury","Travel Lane","White","Male",32,"30-39","No",NA,"0-5 mph","O: No Injury","Hispanic","Male","Pickup","No","22OCT2011","Saturday","Bicyclist Overtaking Motorist",10,"Intersection","October","O: No Injury",37560,"Bicyclist Overtaking - Passing on Right",2011,"No","No","Daylight","Straight - Level","NC Route","Dry","Two-Way, Not Divided","None","No Special Feature","Smooth Asphalt",0,0,0,0,0,0,0,"2 lanes",2,0,NA,0,NA
7353,3533,"Gastonia","Gaston","Piedmont","Residential","Urban (>70% Developed)",NA,"Urban","30 - 35  MPH","Stop Sign","Clear","No",4,"0-5","No",NA,"With Traffic","B: Evident Injury","Travel Lane","Black","Male",51,"50-59","No",NA,"31-35 mph","O: No Injury","White","Male","Sport Utility","No","23OCT2011","Sunday","Bicyclist Failed to Yield - Sign-Controlled Intersection",16,"Intersection","October","B: Evident Injury",58980,"Bicyclist Ride Through - Sign-Controlled Intersection",2011,"Yes","No","Daylight","Straight - Grade","Local Street","Dry","Two-Way, Not Divided","None","T-Intersection","Smooth Asphalt",0,0,0,0,0,0,0,"2 lanes",2,0,NA,0,NA
7354,5006,"Beaufort","Carteret","Coastal","Commercial","Urban (>70% Developed)",NA,"Rural","30 - 35  MPH","No Control Present","Cloudy","No",60,"60-69","No",NA,"Not Applicable","B: Evident Injury","Travel Lane","White","Female",57,"50-59","No",NA,"11-15 mph","O: No Injury","White","Male","Pickup","No","24JUL2009","Friday","Non-Roadway",11,"Non-Roadway","July","B: Evident Injury",41400,"Non-Roadway",2009,"Yes","No","Daylight","Straight - Level","Public Vehicular Area","Dry","Two-Way, Not Divided","None","Driveway, Public","Coarse Asphalt",0,0,0,0,0,0,0,"2 lanes",2,0,NA,0,NA
7355,5007,"Fayetteville","Cumberland","Coastal","Residential","Urban (>70% Developed)",NA,"Urban","30 - 35  MPH","Flashing Signal With Stop Sign","Clear","No",22,"20-24","No",NA,"With Traffic","A: Disabling Injury","Travel Lane","Black","Male",NA,NA,"Missing",NA,NA,"Unknown Injury","Unknown/Missing",NA,NA,"No","15JUL2009","Wednesday","Loss of Control / Turning Error",19,"Non-Intersection","July","A: Disabling Injury",71580,"Bicyclist Lost Control - Other / Unknown",2009,"Yes","Yes","Dusk","Straight - Level","Local Street","Dry","Two-Way, Not Divided","Work Zone","No Special Feature","Coarse Asphalt",0,0,0,0,0,0,0,"2 lanes",2,0,NA,0,NA
7356,5011,"Charlotte","Mecklenburg","Piedmont","Residential","Urban (>70% Developed)",NA,"Urban","30 - 35  MPH","Stop Sign","Clear","No",32,"30-39","No",NA,"With Traffic","B: Evident Injury","Travel Lane","White","Female",54,"50-59","No",NA,"6-10 mph","O: No Injury","White","Male","Sport Utility","No","15JUL2009","Wednesday","Motorist Failed to Yield - Sign-Controlled Intersection",19,"Intersection","July","B: Evident Injury",69780,"Motorist Drive Out - Sign-Controlled Intersection",2009,"Yes","No","Daylight","Straight - Level","Local Street","Dry","Two-Way, Not Divided","None","No Special Feature","Smooth Asphalt",0,0,0,0,0,0,0,"2 lanes",2,0,NA,0,NA
7357,5012,"Rocky Mount","Nash","Coastal","Residential","Urban (>70% Developed)",NA,"Urban","30 - 35  MPH","Stop Sign","Clear","No",18,"16-19","No",NA,"With Traffic","C: Possible Injury","Travel Lane","White","Male",40,"40-49","No",NA,"31-35 mph","O: No Injury","Black","Female","Sport Utility","No","01JUL2009","Wednesday","Loss of Control / Turning Error",14,"Intersection","July","C: Possible Injury",52020,"Bicyclist Turning Error - Other",2009,"Yes","No","Daylight","Straight - Level","Local Street","Dry","Two-Way, Not Divided","None","No Special Feature","Coarse Asphalt",0,0,0,0,0,0,0,"2 lanes",2,0,NA,0,NA
7358,5018,"Apex","Wake","Piedmont","Commercial","Urban (>70% Developed)",NA,"Urban","30 - 35  MPH","No Control Present","Clear","No",30,"30-39","No",NA,"With Traffic","B: Evident Injury","Travel Lane","White","Female",69,"60-69","No",NA,"11-15 mph","O: No Injury","White","Female","Passenger Car","No","19JUL2009","Sunday","Motorist Left Turn / Merge",12,"Intersection","July","B: Evident Injury",44460,"Motorist Left Turn - Opposite Direction",2009,"No","No","Daylight","Straight - Grade","Local Street","Dry","Two-Way, Not Divided","None","Four-Way Intersection","Smooth Asphalt",0,0,0,0,0,0,0,"2 lanes",2,0,NA,0,NA
7359,5026,"Albemarle","Stanly","Piedmont","Residential","Urban (>70% Developed)",NA,"Urban","30 - 35  MPH","Flashing Signal With Stop Sign","Clear","No",40,"40-49","No",NA,"With Traffic","B: Evident Injury","Travel Lane","White","Female",24,"20-24","No",NA,"6-10 mph","O: No Injury","White","Female","Passenger Car","No","24JUL2009","Friday","Motorist Failed to Yield - Sign-Controlled Intersection",22,"Intersection","July","B: Evident Injury",79200,"Motorist Drive Out - Sign-Controlled Intersection",2009,"Yes","No","Dark - Lighted Roadway","Curve - Level","Local Street","Dry","Two-Way, Not Divided","None","T-Intersection","Smooth Asphalt",0,0,0,0,0,0,0,"2 lanes",2,0,NA,0,NA
7360,5031,"Charlotte","Mecklenburg","Piedmont","Commercial","Urban (>70% Developed)",NA,"Urban","30 - 35  MPH","No Control Present","Clear","No",45,"40-49","No",NA,"With Traffic","B: Evident Injury","Travel Lane","Unknown/Missing","Male",NA,NA,"Missing",NA,"31-35 mph","Unknown Injury","Unknown/Missing",NA,NA,"No","28JUL2009","Tuesday","Motorist Overtaking Bicyclist",16,"Non-Intersection","July","B: Evident Injury",58560,"Motorist Overtaking - Other / Unknown",2009,"No","Yes","Dawn","Straight - Level","Local Street","Dry","Two-Way, Divided, Unprotected Median","None","No Special Feature","Smooth Asphalt",0,0,0,0,0,0,0,"4 lanes",2,0,NA,0,NA
7361,5035,"Apex","Wake","Piedmont","Commercial","Urban (>70% Developed)",NA,"Urban","40 - 45  MPH","Stop And Go Signal","Clear","No",20,"20-24","No",NA,"Facing Traffic","B: Evident Injury","Sidewalk / Crosswalk / Driveway Crossing","White","Male",65,"60-69","No",NA,"31-35 mph","O: No Injury","White","Female","Sport Utility","No","27JUL2009","Monday","Motorist Right Turn / Merge",20,"Intersection","July","B: Evident Injury",74640,"Motorist Right Turn - Opposite Direction",2009,"Yes","No","Dark - Lighted Roadway","Straight - Level","NC Route","Dry","Two-Way, Not Divided","None","Four-Way Intersection","Smooth Asphalt",0,0,0,0,0,0,0,"5 lanes",2,0,NA,0,NA
7362,5036,"Duck","Dare","Coastal","Commercial","Mixed (30% To 70% Developed)",NA,"Rural","20 - 25  MPH","No Control Present","Clear","No",23,"20-24","No",NA,"With Traffic","Unknown Injury","Travel Lane","White","Male",48,"40-49","No",NA,"0-5 mph","O: No Injury","White","Male","Van","No","19JUL2009","Sunday","Crossing Paths - Other Circumstances",15,"Intersection","July","O: No Injury",56820,"Crossing Paths - Intersection - Other / Unknown",2009,"No","No","Daylight","Straight - Level",NA,"Dry","Two-Way, Not Divided","None","Shared-Use Paths Or Trails","Coarse Asphalt",0,0,0,0,0,0,0,"2 lanes",2,0,NA,0,NA
7363,5038,"Raleigh","Wake","Piedmont","Commercial","Urban (>70% Developed)",NA,"Urban","40 - 45  MPH","Stop And Go Signal","Rain","No",28,"25-29","No",NA,"Facing Traffic","B: Evident Injury","Sidewalk / Crosswalk / Driveway Crossing","White","Male",46,"40-49","No",NA,"6-10 mph","O: No Injury","White","Female","Passenger Car","No","17JUL2009","Friday","Motorist Right Turn / Merge",17,"Intersection","July","B: Evident Injury",61860,"Motorist Right Turn - Opposite Direction",2009,"Yes","No","Daylight","Straight - Level","Local Street","Wet","Two-Way, Divided, Unprotected Median","None","Four-Way Intersection","Smooth Asphalt",0,0,0,0,0,0,0,"5 lanes",2,0,NA,0,NA
7364,5042,"Raleigh","Wake","Piedmont","Residential","Mixed (30% To 70% Developed)",NA,"Urban","30 - 35  MPH","Stop Sign","Clear","No",34,"30-39","No",NA,"Facing Traffic","C: Possible Injury","Travel Lane","Hispanic","Male",58,"50-59","No",NA,NA,"O: No Injury","White","Male","Taxicab","No","01JUL2009","Wednesday","Motorist Failed to Yield - Sign-Controlled Intersection",17,"Intersection","July","C: Possible Injury",63000,"Motorist Drive Out - Sign-Controlled Intersection",2009,"No","No","Daylight","Straight - Level","Local Street","Dry","Two-Way, Not Divided","None","T-Intersection","Coarse Asphalt",0,0,0,0,0,0,0,"2 lanes",2,0,NA,0,NA
7365,5046,"None - Rural Crash","Wake","Piedmont","Farms, Woods, Pastures","Rural (<30% Developed)",NA,"Rural","40 - 45  MPH","No Control Present","Clear","No",60,"60-69","No",NA,"Not Applicable","B: Evident Injury","Bike Lane / Paved Shoulder","White","Male",NA,NA,"No",NA,"41-45 mph","Unknown Injury","Unknown/Missing",NA,"Passenger Car","No","04AUG2009","Tuesday","Loss of Control / Turning Error",8,"Non-Intersection","August","B: Evident Injury",31500,"Motorist Lost Control - Other / Unknown",2009,"No","Yes","Daylight","Straight - Level","State Secondary Route","Dry","Two-Way, Not Divided","None","No Special Feature","Smooth Asphalt",0,0,0,0,0,0,0,"2 lanes",2,0,NA,0,NA
7366,5052,"Kinston","Lenoir","Coastal","Commercial","Urban (>70% Developed)",NA,"Urban","40 - 45  MPH","Stop Sign","Clear","No",50,"50-59","No",NA,"With Traffic","C: Possible Injury","Travel Lane","Black","Male",31,"30-39","No",NA,NA,"O: No Injury","White","Female","Passenger Car","No","27JUL2009","Monday","Motorist Failed to Yield - Midblock",8,"Non-Intersection","July","C: Possible Injury",29040,"Motorist Drive Out - Commercial Driveway / Alley",2009,"Yes","No","Daylight","Straight - Level","US Route","Dry","Two-Way, Not Divided","None","No Special Feature","Smooth Asphalt",0,0,0,0,0,0,0,"4 lanes",2,0,NA,0,NA
7367,5053,"None - Rural Crash","Halifax","Coastal","Residential","Mixed (30% To 70% Developed)",NA,"Rural","40 - 45  MPH","No Control Present","Clear","No",42,"40-49","No",NA,"With Traffic","B: Evident Injury","Travel Lane","White","Male",33,"30-39","No",NA,"21-25 mph","O: No Injury","White","Female","Passenger Car","No","16JUL2009","Thursday","Motorist Right Turn / Merge",14,"Non-Intersection","July","B: Evident Injury",51960,"Motorist Right Turn - Same Direction",2009,"No","No","Daylight","Straight - Level","NC Route","Dry","Two-Way, Not Divided","None","Driveway, Public","Smooth Asphalt",0,0,0,0,0,0,0,"2 lanes",2,0,NA,0,NA
7368,5054,"None - Rural Crash","Hertford","Coastal","Farms, Woods, Pastures","Rural (<30% Developed)",NA,"Rural","50 - 55  MPH","Double Yellow Line, No Passing Zone","Clear","No",53,"50-59","No",NA,"With Traffic","B: Evident Injury","Travel Lane","Black","Male",19,"0-19","No",NA,"51-55 mph","O: No Injury","White","Male","Pickup","No","26JUL2009","Sunday","Motorist Overtaking Bicyclist",20,"Non-Intersection","July","B: Evident Injury",75180,"Motorist Overtaking - Undetected Bicyclist",2009,"Yes","No","Dark - Roadway Not Lighted","Straight - Level","NC Route","Dry","Two-Way, Not Divided","None","No Special Feature","Coarse Asphalt",0,0,0,0,0,0,0,"2 lanes",2,0,NA,0,NA
7369,5058,"None - Rural Crash","Wilkes","Mountains","Residential","Urban (>70% Developed)",NA,"Rural","50 - 55  MPH","Double Yellow Line, No Passing Zone","Clear","No",28,"25-29","No",NA,"With Traffic","B: Evident Injury","Travel Lane","White","Male",NA,NA,"Missing",NA,"41-45 mph","Unknown Injury","Unknown/Missing",NA,NA,"No","18JUL2009","Saturday","Motorist Overtaking Bicyclist",18,"Non-Intersection","July","B: Evident Injury",67500,"Motorist Overtaking - Other / Unknown",2009,"Yes","Yes","Daylight","Straight - Grade","State Secondary Route","Dry","Two-Way, Divided, Unprotected Median","None","No Special Feature","Smooth Asphalt",0,0,0,0,0,0,0,"2 lanes",2,0,NA,0,NA
7370,5065,"Wilmington","New Hanover","Coastal","Commercial","Urban (>70% Developed)",NA,"Urban","20 - 25  MPH","Stop Sign","Clear","Yes",22,"20-24","Yes",NA,"With Traffic","A: Disabling Injury","Travel Lane","White","Female",22,"20-24","No",NA,"11-15 mph","O: No Injury","White","Male","Passenger Car","Yes","26JUL2009","Sunday","Motorist Overtaking Bicyclist",18,"Intersection-Related","July","A: Disabling Injury",67140,"Motorist Overtaking - Other / Unknown",2009,"Yes","No","Daylight","Straight - Level","Local Street","Dry","Two-Way, Not Divided","None","Four-Way Intersection","Smooth Asphalt",0,0,0,0,0,0,0,"4 lanes",2,0,NA,0,NA
7371,5079,"None - Rural Crash","Pender","Coastal","Farms, Woods, Pastures","Rural (<30% Developed)",NA,"Rural","50 - 55  MPH","Double Yellow Line, No Passing Zone","Clear","No",15,"11-15","No",NA,"With Traffic","B: Evident Injury","Travel Lane","Black","Male",37,"30-39","No",NA,"41-45 mph","O: No Injury","White","Female","Passenger Car","No","01AUG2009","Saturday","Motorist Overtaking Bicyclist",11,"Non-Intersection","August","B: Evident Injury",42600,"Motorist Overtaking - Misjudged Space",2009,"Yes","No","Daylight","Straight - Level","NC Route","Dry","Two-Way, Not Divided","None","No Special Feature","Smooth Asphalt",0,0,0,0,0,0,0,"2 lanes",2,0,NA,0,NA
7372,5090,"Winston-Salem","Forsyth","Piedmont","Residential","Mixed (30% To 70% Developed)",NA,"Urban","40 - 45  MPH","No Control Present","Clear","No",19,"16-19","No",NA,"With Traffic","B: Evident Injury","Travel Lane","Black","Male",25,"25-29","No",NA,"41-45 mph","O: No Injury","White","Male","Passenger Car","No","27JUL2009","Monday","Bicyclist Left Turn / Merge",22,"Non-Intersection","July","B: Evident Injury",81300,"Bicyclist Left Turn - Same Direction",2009,"Yes","No","Dark - Lighted Roadway","Straight - Level","Local Street","Dry","Two-Way, Not Divided","None","No Special Feature","Smooth Asphalt",0,0,0,0,0,0,0,"2 lanes",2,0,NA,0,NA
7373,5096,"Elizabeth City","Pasquotank","Coastal","Residential","Mixed (30% To 70% Developed)",NA,"Urban","30 - 35  MPH","Flashing Stop And Go Signal","Clear","No",44,"40-49","No",NA,NA,"C: Possible Injury","Sidewalk / Crosswalk / Driveway Crossing","Black","Male",61,"60-69","No",NA,"31-35 mph","O: No Injury","White","Male","Pickup","No","19AUG2009","Wednesday","Bicyclist Failed to Yield - Midblock",12,"Non-Intersection","August","C: Possible Injury",45780,"Bicyclist Ride Out - Other Midblock",2009,"No","No","Daylight","Straight - Level","Local Street","Dry","Two-Way, Divided, Unprotected Median","None","No Special Feature","Smooth Asphalt",0,0,0,0,0,0,0,"5 lanes",2,0,NA,0,NA
7374,5104,"Pineville","Mecklenburg","Piedmont","Commercial","Urban (>70% Developed)",NA,"Rural","40 - 45  MPH","No Control Present","Cloudy","No",48,"40-49","No",NA,"With Traffic","B: Evident Injury","Travel Lane","Black","Male",43,"40-49","No",NA,"31-35 mph","O: No Injury","White","Male","Sport Utility","No","01AUG2009","Saturday","Motorist Left Turn / Merge",8,"Non-Intersection","August","B: Evident Injury",32100,"Motorist Left Turn - Same Direction",2009,"Yes","No","Daylight","Straight - Level","US Route","Dry","Two-Way, Not Divided","None","No Special Feature","Smooth Asphalt",0,0,0,0,0,0,0,"2 lanes",2,0,NA,0,NA
7375,5105,"None - Rural Crash","Cumberland","Coastal","Farms, Woods, Pastures","Rural (<30% Developed)",NA,"Rural","40 - 45  MPH","No Control Present","Clear","No",16,"16-19","No",NA,"Facing Traffic","O: No Injury","Travel Lane","Black","Male",51,"50-59","No",NA,"46-50 mph","O: No Injury","White","Male","Pickup","No","16AUG2009","Sunday","Bicyclist Right Turn / Merge",17,"Intersection","August","O: No Injury",62520,"Bicyclist Right Turn - Same Direction",2009,"No","No","Daylight","Straight - Level","State Secondary Route","Dry","Two-Way, Not Divided","None","T-Intersection","Smooth Asphalt",0,0,0,0,0,0,0,"3 lanes",2,0,NA,0,NA
7376,5115,"Oriental","Pamlico","Coastal","Residential","Mixed (30% To 70% Developed)",NA,"Rural","20 - 25  MPH","Double Yellow Line, No Passing Zone","Clear","No",6,"6-10","No",NA,"With Traffic","C: Possible Injury","Travel Lane","Black","Female",47,"40-49","No",NA,"21-25 mph","O: No Injury","White","Male","Sport Utility","No","05SEP2009","Saturday","Crossing Paths - Other Circumstances",17,"Intersection","September","C: Possible Injury",63600,"Crossing Paths - Intersection - Other / Unknown",2009,"Yes","No","Daylight","Straight - Level","Local Street","Dry","Two-Way, Not Divided","None","T-Intersection","Coarse Asphalt",0,0,0,0,0,0,0,"2 lanes",2,0,NA,0,NA
7377,5117,"Spring Lake","Cumberland","Coastal","Commercial","Mixed (30% To 70% Developed)",NA,"Urban","40 - 45  MPH","No Control Present","Clear","No",7,"6-10","No",NA,"Not Applicable","C: Possible Injury",NA,"Black","Male",23,"20-24","No",NA,"41-45 mph","O: No Injury","White","Male","Pickup","No","06SEP2009","Sunday","Bicyclist Failed to Yield - Midblock",13,"Non-Intersection","September","C: Possible Injury",47640,"Bicyclist Ride Out - Midblock - Unknown",2009,"No","No","Daylight","Straight - Level","NC Route","Dry","Two-Way, Not Divided","None","No Special Feature","Coarse Asphalt",0,0,0,0,0,0,0,"5 lanes",2,0,NA,0,NA
7378,5122,"Charlotte","Mecklenburg","Piedmont","Commercial","Urban (>70% Developed)",NA,"Urban","30 - 35  MPH","Stop And Go Signal","Clear","No",55,"50-59","No",NA,"With Traffic","C: Possible Injury","Travel Lane","White","Female",29,"25-29","No",NA,"11-15 mph","O: No Injury","White","Female","Sport Utility","No","26AUG2009","Wednesday","Motorist Left Turn / Merge",8,"Intersection","August","C: Possible Injury",32040,"Motorist Left Turn - Opposite Direction",2009,"Yes","No","Daylight","Straight - Level","Local Street","Dry","Two-Way, Not Divided","None","Four-Way Intersection","Smooth Asphalt",0,0,0,0,0,0,0,"4 lanes",2,0,NA,0,NA
7379,5125,"Greensboro","Guilford","Piedmont","Commercial","Urban (>70% Developed)",NA,"Urban","30 - 35  MPH","RR Gate And Flasher","Clear","No",44,"40-49","Yes",NA,"With Traffic","B: Evident Injury","Travel Lane","Black","Male",44,"40-49","No",NA,"26-30 mph","O: No Injury","Other","Female","Passenger Car","Yes","26AUG2009","Wednesday","Motorist Overtaking Bicyclist",15,"Non-Intersection","August","B: Evident Injury",55080,"Motorist Overtaking - Bicyclist Swerved",2009,"Yes","No","Daylight","Straight - Level","Local Street","Dry","Two-Way, Divided, Unprotected Median","None","Railroad Crossing","Smooth Asphalt",0,0,0,0,0,0,0,"5 lanes",2,0,NA,0,NA
7380,5131,"Chapel Hill","Orange","Piedmont","Residential","Urban (>70% Developed)",NA,"Urban","20 - 25  MPH","Stop Sign","Clear","No",9,"6-10","No",NA,"With Traffic","C: Possible Injury","Sidewalk / Crosswalk / Driveway Crossing","White","Male",43,"40-49","No",NA,"0-5 mph","O: No Injury","Asian","Female","Light Truck (Mini-Van, Panel)","No","02SEP2009","Wednesday","Motorist Right Turn / Merge",7,"Intersection","September","C: Possible Injury",27300,"Motorist Right Turn - Same Direction",2009,"Yes","No","Daylight","Straight - Level","Local Street","Dry","Two-Way, Not Divided","None","Y-Intersection","Smooth Asphalt",0,0,0,0,0,0,0,"2 lanes",2,0,NA,0,NA
7381,5138,"Lumberton","Robeson","Coastal","Residential","Urban (>70% Developed)",NA,"Urban","30 - 35  MPH","Stop Sign","Clear","No",44,"40-49","No",NA,"With Traffic","C: Possible Injury","Travel Lane","Native American","Female",55,"50-59","No",NA,"31-35 mph","O: No Injury","White","Female","Passenger Car","No","18AUG2009","Tuesday","Motorist Failed to Yield - Sign-Controlled Intersection",13,"Intersection","August","C: Possible Injury",48060,"Motorist Drive Out - Sign-Controlled Intersection",2009,"Yes","No","Daylight","Straight - Level","Local Street","Dry","Two-Way, Not Divided","None","Four-Way Intersection","Gravel",0,0,0,0,0,0,0,"2 lanes",2,0,NA,0,NA
7382,5143,"Gastonia","Gaston","Piedmont","Commercial","Rural (<30% Developed)",NA,"Urban","30 - 35  MPH","Stop And Go Signal","Clear","No",29,"25-29","No",NA,"Facing Traffic","O: No Injury","Travel Lane","Black","Male",NA,"70+","No",NA,"0-5 mph","O: No Injury","White","Female","Passenger Car","No","01SEP2009","Tuesday","Crossing Paths - Other Circumstances",20,"Intersection","September","O: No Injury",73380,"Signalized Intersection - Other / Unknown",2009,"Yes","No","Dark - Lighted Roadway","Straight - Level","Local Street","Dry","Two-Way, Divided, Positive Median Barrier","None","Four-Way Intersection","Coarse Asphalt",0,0,0,0,0,0,0,"2 lanes",2,0,NA,0,NA
7383,5149,"Charlotte","Mecklenburg","Piedmont","Residential","Urban (>70% Developed)",NA,"Urban","20 - 25  MPH","Stop Sign","Clear","No",15,"11-15","No",NA,"With Traffic","B: Evident Injury","Travel Lane","Black","Male",62,"60-69","No",NA,"11-15 mph","O: No Injury","Black","Male","Passenger Car","No","30AUG2009","Sunday","Bicyclist Failed to Yield - Sign-Controlled Intersection",11,"Intersection","August","B: Evident Injury",41760,"Bicyclist Ride Through - Sign-Controlled Intersection",2009,"Yes","No","Daylight","Straight - Level","Local Street","Dry","Two-Way, Not Divided","None","T-Intersection","Smooth Asphalt",0,0,0,0,0,0,0,"4 lanes",2,0,NA,0,NA
7384,5159,"Chapel Hill","Orange","Piedmont","Institutional","Urban (>70% Developed)",NA,"Urban","20 - 25  MPH","No Control Present","Clear","No",21,"20-24","No",NA,"With Traffic","B: Evident Injury","Travel Lane","White","Male",40,"40-49","No",NA,"6-10 mph","Unknown Injury","Black","Male","Pickup","No","09SEP2009","Wednesday","Motorist Left Turn / Merge",10,"Intersection","September","B: Evident Injury",39120,"Motorist Left Turn - Opposite Direction",2009,"Yes","No",NA,"Straight - Bottom","Local Street","Dry","Two-Way, Divided, Unprotected Median","None","No Special Feature","Smooth Asphalt",0,0,0,0,0,0,0,"6 lanes",2,0,NA,0,NA
7385,5165,"Nags Head","Dare","Coastal","Commercial","Urban (>70% Developed)",NA,"Rural","20 - 25  MPH","Stop And Go Signal","Clear","No",52,"50-59","No",NA,"With Traffic","B: Evident Injury","Travel Lane","White","Male",29,"25-29","No",NA,"6-10 mph","O: No Injury","White","Female","Van","No","03MAR2009","Tuesday","Loss of Control / Turning Error",8,"Intersection","March","B: Evident Injury",30120,"Motorist Turning Error - Left Turn",2009,"Yes","No","Daylight","Straight - Level","Local Street","Dry","Two-Way, Not Divided","None","Four-Way Intersection","Coarse Asphalt",0,0,0,0,0,0,0,"3 lanes",2,0,NA,0,NA
7386,5168,"Charlotte","Mecklenburg","Piedmont","Commercial","Urban (>70% Developed)",NA,"Urban","20 - 25  MPH","No Control Present","Clear","No",20,"20-24","No",NA,"Facing Traffic","B: Evident Injury","Sidewalk / Crosswalk / Driveway Crossing","Black","Male",51,"50-59","No",NA,"0-5 mph","O: No Injury","Black","Male","Taxicab","No","04SEP2009","Friday","Motorist Failed to Yield - Midblock",1,"Non-Intersection","September","B: Evident Injury",4320,"Motorist Drive Out - Other Midblock",2009,"Yes","No","Dark - Lighted Roadway","Straight - Grade","Public Vehicular Area","Dry","Two-Way, Not Divided","None","Driveway, Public","Concrete",0,0,0,0,0,0,0,"2 lanes",2,0,NA,0,NA