"...1","object_id","city","county","region","development","locality","on_road","rural_urban","speed_limit","traffic_control","weather","workzone","bike_age","bike_age_group","bike_alcohol","bike_alcohol_drugs","bike_direction","bike_injury","bike_position","bike_race","bike_sex","driver_age","driver_age_group","driver_alcohol","driver_alcohol_drugs","driver_est_speed","driver_injury","driver_race","driver_sex","driver_vehicle_type","crash_alcohol","crash_date","crash_day","crash_group","crash_hour","crash_location","crash_month","crash_severity","crash_time","crash_type","crash_year","ambulance_req","hit_run","light_condition","road_character","road_class","road_condition","road_configuration","road_defects","road_feature","road_surface","num_bikes_ai","num_bikes_bi","num_bikes_ci","num_bikes_ki","num_bikes_no","num_bikes_to","num_bikes_ui","num_lanes","num_units","distance_mi_from","frm_road","rte_invd_cd","towrd_road"
7387,5170,"Nags Head","Dare","Coastal","Residential","Mixed (30% To 70% Developed)",NA,"Rural","50 - 55  MPH","No Control Present","Cloudy","No",22,"20-24","No",NA,NA,"B: Evident Injury","Other","White","Male",NA,"70+","No",NA,"46-50 mph","O: No Injury","White","Female","Sport Utility","No","10JUN2009","Wednesday","Motorist Overtaking Bicyclist",0,"Non-Intersection","June","B: Evident Injury",0,"Motorist Overtaking - Bicyclist Swerved",2009,"Yes","No","Dark - Roadway Not Lighted","Straight - Level","US Route","Wet","Two-Way, Divided, Unprotected Median","None","No Special Feature","Smooth Asphalt",0,0,0,0,0,0,0,"5 lanes",2,0,NA,0,NA
7388,5171,"None - Rural Crash","Iredell","Piedmont","Farms, Woods, Pastures","Rural (<30% Developed)",NA,"Rural","50 - 55  MPH","No Control Present","Cloudy","No",21,"20-24","No",NA,"Facing Traffic","A: Disabling Injury","Travel Lane","White","Male",16,"0-19","No",NA,"56-60 mph","O: No Injury","White","Male","Passenger Car","No","22SEP2009","Tuesday","Head-On",21,"Non-Intersection","September","A: Disabling Injury",76800,"Head-On - Bicyclist",2009,"Yes","No","Dark - Roadway Not Lighted","Straight - Grade","US Route","Dry","Two-Way, Not Divided","None","No Special Feature","Smooth Asphalt",0,0,0,0,0,0,0,"2 lanes",2,0,NA,0,NA
7389,5174,"None - Rural Crash","Wake","Piedmont","Farms, Woods, Pastures","Rural (<30% Developed)",NA,"Rural","40 - 45  MPH","Double Yellow Line, No Passing Zone","Clear","No",48,"40-49","Yes",NA,"With Traffic","B: Evident Injury","Travel Lane","Black","Male",NA,NA,"Missing",NA,"41-45 mph","Unknown Injury","Unknown/Missing",NA,"Passenger Car","Yes","24SEP2009","Thursday","Other / Unusual Circumstances",22,"Non-Intersection","September","B: Evident Injury",81840,"Bicycle Only",2009,"Yes","Yes","Dark - Roadway Not Lighted","Straight - Level","State Secondary Route","Dry","Two-Way, Not Divided","None","No Special Feature","Coarse Asphalt",0,0,0,0,0,0,0,"2 lanes",2,0,NA,0,NA
7390,5175,"Chapel Hill","Orange","Piedmont","Institutional","Urban (>70% Developed)",NA,"Urban","20 - 25  MPH","Stop And Go Signal","Cloudy","No",54,"50-59","No",NA,"With Traffic","B: Evident Injury","Travel Lane","White","Male",67,"60-69","No",NA,"0-5 mph","O: No Injury","Black","Male","Commercial Bus","No","10SEP2009","Thursday","Motorist Overtaking Bicyclist",7,"Non-Intersection","September","B: Evident Injury",27960,"Motorist Overtaking - Misjudged Space",2009,"Yes","No","Daylight","Straight - Grade","Local Street","Dry","Two-Way, Not Divided","None","No Special Feature","Coarse Asphalt",0,0,0,0,0,0,0,"4 lanes",2,0,NA,0,NA
7391,5176,"Durham","Durham","Piedmont","Commercial","Urban (>70% Developed)",NA,"Urban","30 - 35  MPH","No Control Present","Clear","No",55,"50-59","No",NA,"With Traffic","B: Evident Injury","Travel Lane","White","Male",61,"60-69","No",NA,"6-10 mph","O: No Injury","Black","Female","Passenger Car","No","23SEP2009","Wednesday","Motorist Left Turn / Merge",17,"Intersection","September","B: Evident Injury",64620,"Motorist Left Turn - Opposite Direction",2009,"No","No","Daylight","Straight - Level","Local Street","Dry","Two-Way, Not Divided","None","No Special Feature","Smooth Asphalt",0,0,0,0,0,0,0,"4 lanes",2,0,NA,0,NA
7392,5178,"None - Rural Crash","Caswell","Piedmont","Farms, Woods, Pastures","Rural (<30% Developed)",NA,"Rural","50 - 55  MPH","No Control Present","Clear","No",51,"50-59","Yes",NA,"With Traffic","C: Possible Injury","Travel Lane","Black","Male",40,"40-49","No",NA,"51-55 mph","O: No Injury","White","Male","Passenger Car","Yes","24SEP2009","Thursday","Motorist Overtaking Bicyclist",19,"Non-Intersection","September","C: Possible Injury",70800,"Motorist Overtaking - Undetected Bicyclist",2009,"Yes","No","Dark - Roadway Not Lighted","Straight - Level","NC Route","Dry","Two-Way, Not Divided","None","No Special Feature","Coarse Asphalt",0,0,0,0,0,0,0,"2 lanes",2,0,NA,0,NA
7393,5180,"Long View","Catawba","Piedmont","Residential","Urban (>70% Developed)",NA,"Rural","30 - 35  MPH","No Control Present","Clear","No",38,"30-39","No",NA,"With Traffic","B: Evident Injury","Travel Lane","White","Male",NA,"70+","No",NA,"16-20 mph","O: No Injury","White","Female","Passenger Car","No","13SEP2009","Sunday","Motorist Left Turn / Merge",10,"Non-Intersection","September","B: Evident Injury",39000,"Motorist Left Turn - Opposite Direction",2009,"Yes","No","Daylight","Straight - Level","Local Street","Dry","Two-Way, Divided, Unprotected Median","None","No Special Feature","Coarse Asphalt",0,0,0,0,0,0,0,"2 lanes",2,0,NA,0,NA
7394,5181,"None - Rural Crash","New Hanover","Coastal","Institutional","Urban (>70% Developed)",NA,"Rural","30 - 35  MPH","Stop Sign","Clear","No",50,"50-59","No",NA,"With Traffic","B: Evident Injury","Travel Lane","White","Male",17,"0-19","No",NA,"0-5 mph","O: No Injury","Other","Female","Passenger Car","No","14SEP2009","Monday","Motorist Failed to Yield - Sign-Controlled Intersection",7,"Intersection","September","B: Evident Injury",25200,"Motorist Drive Out - Sign-Controlled Intersection",2009,"No","No","Daylight","Curve - Level","State Secondary Route","Dry","Two-Way, Not Divided","None","Driveway, Public","Smooth Asphalt",0,0,0,0,0,0,0,"3 lanes",2,0,NA,0,NA
7395,5182,"Durham","Durham","Piedmont","Residential","Urban (>70% Developed)",NA,"Urban","30 - 35  MPH","Stop And Go Signal","Clear","No",28,"25-29","No",NA,"With Traffic","B: Evident Injury","Travel Lane","White","Male",NA,"70+","No",NA,"6-10 mph","O: No Injury","White","Male","Pickup","No","28SEP2009","Monday","Motorist Left Turn / Merge",8,"Intersection","September","B: Evident Injury",30060,"Motorist Left Turn - Opposite Direction",2009,"No","No","Daylight","Straight - Hillcrest","Local Street","Dry","Two-Way, Not Divided","None","Four-Way Intersection","Smooth Asphalt",0,0,0,0,0,0,0,"3 lanes",2,0,NA,0,NA
7396,5185,"Monroe","Union","Piedmont","Commercial","Urban (>70% Developed)",NA,"Urban","5 - 15 MPH","Stop Sign","Clear","No",44,"40-49","No",NA,"With Traffic","O: No Injury","Travel Lane","White","Male",20,"20-24","No",NA,"0-5 mph","B: Evident Injury","White","Male","Passenger Car","No","14SEP2009","Monday","Crossing Paths - Other Circumstances",19,"Intersection","September","B: Evident Injury",69900,"Sign-Controlled Intersection - Other / Unknown",2009,"Yes","No","Dusk","Straight - Level","Public Vehicular Area","Dry","Two-Way, Not Divided","None","Four-Way Intersection","Smooth Asphalt",0,0,0,0,0,0,0,"2 lanes",2,0,NA,0,NA
7397,5188,"Gastonia","Gaston","Piedmont","Commercial","Urban (>70% Developed)",NA,"Urban",NA,"Stop And Go Signal","Clear","No",47,"40-49","No",NA,"Facing Traffic","C: Possible Injury","Sidewalk / Crosswalk / Driveway Crossing","Black","Male",61,"60-69","No",NA,NA,"O: No Injury","Black","Male","Pickup","No","12SEP2009","Saturday","Motorist Failed to Yield - Sign-Controlled Intersection",8,"Intersection","September","C: Possible Injury",30660,"Motorist Drive Out - Sign-Controlled Intersection",2009,"Yes","No","Daylight","Straight - Level","US Route","Dry","Two-Way, Not Divided","None","T-Intersection","Smooth Asphalt",0,0,0,0,0,0,0,"6 lanes",2,0,NA,0,NA
7398,5189,"Morganton","Burke","Mountains","Commercial","Urban (>70% Developed)",NA,"Urban","30 - 35  MPH","Stop Sign","Clear","No",37,"30-39","No",NA,"With Traffic","B: Evident Injury","Travel Lane","White","Female",30,"30-39","No",NA,"11-15 mph","O: No Injury","White","Male","Pickup","No","14SEP2009","Monday","Bicyclist Failed to Yield - Sign-Controlled Intersection",16,"Intersection","September","B: Evident Injury",60480,"Bicyclist Ride Through - Sign-Controlled Intersection",2009,"Yes","No","Daylight","Straight - Grade","Local Street","Dry","Two-Way, Not Divided","None","T-Intersection","Smooth Asphalt",0,0,0,0,0,0,0,"2 lanes",2,0,NA,0,NA
7399,5204,"Mills River","Henderson","Mountains","Residential","Mixed (30% To 70% Developed)",NA,"Urban","30 - 35  MPH","Double Yellow Line, No Passing Zone","Cloudy","No",50,"50-59","No",NA,"Facing Traffic","B: Evident Injury","Travel Lane","White","Male",49,"40-49","No",NA,"31-35 mph","O: No Injury","White","Male","Passenger Car","No","04OCT2009","Sunday","Motorist Overtaking Bicyclist",16,"Non-Intersection","October","B: Evident Injury",58140,"Motorist Overtaking - Other / Unknown",2009,"Yes","No","Daylight","Straight - Grade","State Secondary Route","Dry","Two-Way, Not Divided","None","No Special Feature","Coarse Asphalt",0,0,0,0,0,0,0,"2 lanes",2,0,NA,0,NA
7400,5205,"None - Rural Crash","New Hanover","Coastal","Residential","Urban (>70% Developed)",NA,"Rural","40 - 45  MPH","Double Yellow Line, No Passing Zone","Cloudy","No",19,"16-19","No",NA,"With Traffic","B: Evident Injury","Travel Lane","Hispanic","Male",NA,NA,"Missing",NA,"41-45 mph","Unknown Injury","Unknown/Missing",NA,NA,"No","22SEP2009","Tuesday","Motorist Overtaking Bicyclist",19,"Non-Intersection","September","B: Evident Injury",71400,"Motorist Overtaking - Other / Unknown",2009,"Yes","Yes","Dark - Roadway Not Lighted","Straight - Level","State Secondary Route","Wet","Two-Way, Not Divided","None","No Special Feature","Smooth Asphalt",0,0,0,0,0,0,0,"2 lanes",2,0,NA,0,NA
7401,5206,"High Point","Guilford","Piedmont","Residential","Urban (>70% Developed)",NA,"Urban","40 - 45  MPH","Stop And Go Signal","Cloudy","No",40,"40-49","No",NA,"With Traffic","B: Evident Injury","Travel Lane","White","Male",51,"50-59","No",NA,"36-40 mph","O: No Injury","White","Male","Passenger Car","No","22SEP2009","Tuesday","Crossing Paths - Other Circumstances",22,"Intersection","September","B: Evident Injury",80040,"Signalized Intersection - Other / Unknown",2009,"Yes","No","Dark - Lighted Roadway","Straight - Grade","NC Route","Wet","Two-Way, Divided, Unprotected Median","None","Four-Way Intersection","Smooth Asphalt",0,0,0,0,0,0,0,"5 lanes",2,0,NA,0,NA
7402,5209,"None - Rural Crash","Robeson","Coastal","Farms, Woods, Pastures","Rural (<30% Developed)",NA,"Rural","50 - 55  MPH","No Control Present","Cloudy","No",27,"25-29","No",NA,"With Traffic","C: Possible Injury","Travel Lane","White","Male",NA,NA,"Missing",NA,NA,"Unknown Injury","Unknown/Missing",NA,NA,"No","27SEP2009","Sunday","Motorist Overtaking Bicyclist",9,"Non-Intersection","September","C: Possible Injury",34260,"Motorist Overtaking - Misjudged Space",2009,"Yes","Yes","Dawn","Straight - Level","State Secondary Route","Wet","Two-Way, Not Divided","None","No Special Feature","Coarse Asphalt",0,0,0,0,0,0,0,"2 lanes",2,0,NA,0,NA
7403,5212,"None - Rural Crash","Bladen","Coastal","Residential","Rural (<30% Developed)",NA,"Rural","50 - 55  MPH","No Control Present","Clear","No",31,"30-39","No",NA,"With Traffic","C: Possible Injury","Travel Lane","White","Male",NA,NA,"No",NA,"41-45 mph","Unknown Injury","Unknown/Missing",NA,"Passenger Car","No","07OCT2009","Wednesday","Loss of Control / Turning Error",20,"Non-Intersection","October","C: Possible Injury",72180,"Motorist Lost Control - Other / Unknown",2009,"Yes","Yes","Dark - Roadway Not Lighted","Straight - Level","NC Route","Dry","Two-Way, Not Divided","None","T-Intersection","Smooth Asphalt",0,0,0,0,0,0,0,"2 lanes",2,0,NA,0,NA
7404,5213,"Durham","Durham","Piedmont","Residential","Urban (>70% Developed)",NA,"Urban","30 - 35  MPH","No Control Present","Clear","No",20,"20-24","No",NA,"With Traffic","C: Possible Injury","Travel Lane","Black","Male",NA,NA,"Missing",NA,"31-35 mph","Unknown Injury","Unknown/Missing",NA,"Passenger Car","No","08OCT2009","Thursday","Motorist Overtaking Bicyclist",16,"Non-Intersection","October","C: Possible Injury",59940,"Motorist Overtaking - Misjudged Space",2009,"Yes","Yes","Daylight","Straight - Level","Local Street","Dry","Two-Way, Not Divided","None","No Special Feature","Coarse Asphalt",0,0,0,0,0,0,0,"2 lanes",2,0,NA,0,NA
7405,5214,"Durham","Durham","Piedmont","Residential","Mixed (30% To 70% Developed)",NA,"Urban","30 - 35  MPH","Stop And Go Signal","Clear","No",57,"50-59","No",NA,"With Traffic","C: Possible Injury","Travel Lane","Black","Male",56,"50-59","No",NA,"26-30 mph","O: No Injury","White","Female","Passenger Car","No","05OCT2009","Monday","Motorist Overtaking Bicyclist",18,"Non-Intersection","October","C: Possible Injury",68160,"Motorist Overtaking - Misjudged Space",2009,"Yes","No","Dark - Lighted Roadway","Straight - Level","Local Street","Dry","Two-Way, Divided, Unprotected Median","None","No Special Feature","Coarse Asphalt",0,0,0,0,0,0,0,"4 lanes",2,0,NA,0,NA
7406,5218,"Greensboro","Guilford","Piedmont","Institutional","Mixed (30% To 70% Developed)",NA,"Urban",NA,"No Control Present","Clear","No",20,"20-24","No",NA,"Not Applicable","O: No Injury","Non-Roadway","White","Male",20,"20-24","No",NA,NA,"O: No Injury","White","Female","Passenger Car","No","27SEP2009","Sunday","Non-Roadway",14,"Non-Roadway","September","O: No Injury",50520,"Non-Roadway",2009,"No","No","Daylight",NA,NA,"Dry","Two-Way, Not Divided","None","No Special Feature","Concrete",0,0,0,0,0,0,0,NA,2,0,NA,0,NA
7407,5222,"None - Rural Crash","Catawba","Piedmont","Residential","Mixed (30% To 70% Developed)",NA,"Rural","40 - 45  MPH","Double Yellow Line, No Passing Zone","Cloudy","No",47,"40-49","No",NA,"With Traffic","C: Possible Injury","Travel Lane","Hispanic","Male",NA,NA,"No",NA,"41-45 mph","Unknown Injury","Unknown/Missing",NA,"Pickup","No","09OCT2009","Friday","Motorist Overtaking Bicyclist",20,"Non-Intersection","October","C: Possible Injury",72240,"Motorist Overtaking - Misjudged Space",2009,"Yes","Yes","Dark - Roadway Not Lighted","Straight - Grade","State Secondary Route","Dry","Two-Way, Not Divided","None","No Special Feature","Coarse Asphalt",0,0,0,0,0,0,0,"2 lanes",2,0,NA,0,NA
7408,5236,"Charlotte","Mecklenburg","Piedmont","Commercial","Urban (>70% Developed)",NA,"Urban","40 - 45  MPH","No Control Present","Cloudy","No",44,"40-49","Yes",NA,"With Traffic","B: Evident Injury","Travel Lane","Hispanic","Male",22,"20-24","No",NA,"31-35 mph","O: No Injury","White","Male","Passenger Car","Yes","05OCT2009","Monday","Motorist Overtaking Bicyclist",19,"Non-Intersection","October","B: Evident Injury",70620,"Motorist Overtaking - Bicyclist Swerved",2009,"Yes","No","Dark - Lighted Roadway","Straight - Level","Local Street","Wet","Two-Way, Divided, Unprotected Median","None","No Special Feature","Smooth Asphalt",0,0,0,0,0,0,0,"6 lanes",2,0,NA,0,NA
7409,5247,"Raleigh","Wake","Piedmont","Commercial","Mixed (30% To 70% Developed)",NA,"Urban","30 - 35  MPH","Stop And Go Signal","Clear","No",35,"30-39","No",NA,"With Traffic","B: Evident Injury","Travel Lane","White","Male",NA,NA,"Missing",NA,"6-10 mph","Unknown Injury","Unknown/Missing",NA,NA,"No","04SEP2009","Friday","Parallel Paths - Other Circumstances",18,"Intersection","September","B: Evident Injury",66660,"Parallel Paths - Other / Unknown",2009,"Yes","Yes","Daylight","Straight - Grade","Local Street","Dry","One-Way, Not Divided","None","No Special Feature","Coarse Asphalt",0,0,0,0,0,0,0,"3 lanes",2,0,NA,0,NA
7410,5248,"Raleigh","Wake","Piedmont","Commercial","Urban (>70% Developed)",NA,"Urban","30 - 35  MPH","Stop And Go Signal","Clear","No",18,"16-19","No",NA,"Facing Traffic","O: No Injury","Sidewalk / Crosswalk / Driveway Crossing","White","Male",56,"50-59","No",NA,"31-35 mph","O: No Injury","White","Female","Passenger Car","No","16SEP2009","Wednesday","Motorist Failed to Yield - Signalized Intersection",12,"Intersection","September","O: No Injury",44700,"Motorist Drive Out - Right Turn on Red",2009,"No","No","Daylight","Straight - Level","Local Street","Dry","Two-Way, Not Divided","None","T-Intersection","Smooth Asphalt",0,0,0,0,0,0,0,"2 lanes",2,0,NA,0,NA
7411,5259,"Greensboro","Guilford","Piedmont","Residential","Urban (>70% Developed)",NA,"Urban","30 - 35  MPH","Stop And Go Signal","Clear","No",20,"20-24","No",NA,"With Traffic","B: Evident Injury","Travel Lane","White","Male",NA,"70+","No",NA,NA,"O: No Injury","White","Male","Passenger Car","No","07OCT2009","Wednesday","Motorist Left Turn / Merge",18,"Intersection","October","B: Evident Injury",66480,"Motorist Left Turn - Opposite Direction",2009,"Yes","No","Daylight","Straight - Level","Local Street","Dry","Two-Way, Not Divided",NA,"Four-Way Intersection","Smooth Asphalt",0,0,0,0,0,0,0,"6 lanes",2,0,NA,0,NA
7412,5262,"None - Rural Crash","Moore","Piedmont","Farms, Woods, Pastures","Rural (<30% Developed)",NA,"Rural","40 - 45  MPH","No Control Present","Clear","No",54,"50-59","No",NA,"With Traffic","C: Possible Injury","Travel Lane","White","Male",34,"30-39","No",NA,"41-45 mph","Unknown Injury","White","Male","Passenger Car","No","28SEP2009","Monday","Motorist Overtaking Bicyclist",16,"Non-Intersection","September","C: Possible Injury",61140,"Motorist Overtaking - Other / Unknown",2009,"Yes","Yes","Daylight","Straight - Level","State Secondary Route","Dry","Two-Way, Not Divided","None","No Special Feature","Smooth Asphalt",0,0,0,0,0,0,0,"2 lanes",2,0,NA,0,NA
7413,5264,"Goldsboro","Wayne","Coastal","Commercial","Urban (>70% Developed)",NA,"Urban","20 - 25  MPH","Stop And Go Signal","Clear","No",18,"16-19","No",NA,"With Traffic","C: Possible Injury","Sidewalk / Crosswalk / Driveway Crossing","White","Male",52,"50-59","No",NA,"21-25 mph","O: No Injury","Black","Male","Passenger Car","No","08OCT2009","Thursday","Bicyclist Failed to Yield - Signalized Intersection",16,"Intersection","October","C: Possible Injury",60660,"Bicyclist Ride Through - Signalized Intersection",2009,"Yes","No","Daylight","Straight - Level","Local Street","Dry","Two-Way, Not Divided","None","Four-Way Intersection","Coarse Asphalt",0,0,0,0,0,0,0,"5 lanes",2,0,NA,0,NA
7414,5267,"Asheville","Buncombe","Mountains","Commercial","Urban (>70% Developed)",NA,"Urban","30 - 35  MPH","No Control Present","Clear","No",30,"30-39","No",NA,"Facing Traffic","Unknown Injury","Sidewalk / Crosswalk / Driveway Crossing","White","Male",30,"30-39","No",NA,"0-5 mph","O: No Injury","White","Female","Passenger Car","No","25SEP2009","Friday","Motorist Failed to Yield - Midblock",8,"Non-Intersection","September","O: No Injury",29160,"Motorist Drive Out - Midblock - Unknown",2009,"No","No","Daylight","Straight - Level","US Route","Dry","Two-Way, Divided, Unprotected Median","None","No Special Feature","Smooth Asphalt",0,0,0,0,0,0,0,"4 lanes",2,0,NA,0,NA
7415,5272,"Emerald Isle","Carteret","Coastal","Commercial","Urban (>70% Developed)",NA,"Rural","40 - 45  MPH","No Control Present","Cloudy","No",38,"30-39","No",NA,"With Traffic","B: Evident Injury","Travel Lane","White","Male",67,"60-69","No",NA,"41-45 mph","O: No Injury","Black","Female","Sport Utility","No","17OCT2009","Saturday","Motorist Overtaking Bicyclist",8,"Non-Intersection","October","B: Evident Injury",31380,"Motorist Overtaking - Other / Unknown",2009,"Yes","No","Daylight","Curve - Level","NC Route","Dry","Two-Way, Not Divided","None","No Special Feature","Coarse Asphalt",0,0,0,0,0,0,0,"3 lanes",2,0,NA,0,NA
7416,5273,"Rocky Mount","Nash","Coastal","Commercial","Urban (>70% Developed)",NA,"Urban","30 - 35  MPH","Stop Sign","Clear","No",11,"11-15","No",NA,"Facing Traffic","C: Possible Injury","Travel Lane","Black","Male",48,"40-49","No",NA,"31-35 mph","O: No Injury","Black","Female","Passenger Car","No","09OCT2009","Friday","Motorist Failed to Yield - Sign-Controlled Intersection",15,"Intersection","October","C: Possible Injury",55320,"Motorist Drive Out - Sign-Controlled Intersection",2009,"Yes","No","Daylight","Straight - Level","Local Street","Dry","Two-Way, Not Divided","None","No Special Feature","Coarse Asphalt",0,0,0,0,0,0,0,"4 lanes",2,0,NA,0,NA
7417,5294,"Fayetteville","Cumberland","Coastal","Farms, Woods, Pastures","Rural (<30% Developed)",NA,"Urban","50 - 55  MPH","Stop And Go Signal","Cloudy","No",35,"30-39","No",NA,"With Traffic","B: Evident Injury","Travel Lane","White","Male",30,"30-39","No",NA,"21-25 mph","O: No Injury","Black","Male","Sport Utility","No","30OCT2009","Friday","Crossing Paths - Other Circumstances",17,"Intersection","October","B: Evident Injury",64440,"Crossing Paths - Intersection - Other / Unknown",2009,"Yes","No","Dark - Roadway Not Lighted","Straight - Level","US Route","Dry","Two-Way, Divided, Unprotected Median","None","No Special Feature","Coarse Asphalt",0,0,0,0,0,0,0,"4 lanes",2,0,NA,0,NA
7418,5302,"Greensboro","Guilford","Piedmont","Institutional","Urban (>70% Developed)",NA,"Urban","20 - 25  MPH","Stop And Go Signal","Clear","No",26,"25-29","No",NA,"With Traffic","B: Evident Injury","Bike Lane / Paved Shoulder","White","Female",54,"50-59","No",NA,"0-5 mph","O: No Injury","White","Male","Passenger Car","No","28OCT2009","Wednesday","Motorist Right Turn / Merge",11,"Intersection","October","B: Evident Injury",42660,"Motorist Right Turn - Same Direction",2009,"Yes","No","Daylight","Straight - Level","Local Street","Dry","Two-Way, Divided, Unprotected Median","None","Four-Way Intersection","Smooth Asphalt",0,0,0,0,0,0,0,"2 lanes",2,0,NA,0,NA
7419,5304,"Raleigh","Wake","Piedmont","Residential","Urban (>70% Developed)",NA,"Urban","20 - 25  MPH","Stop Sign","Clear","No",18,"16-19","No",NA,"With Traffic","C: Possible Injury","Travel Lane","Asian","Female",54,"50-59","No",NA,"0-5 mph","O: No Injury","White","Male","Sport Utility","No","30OCT2009","Friday","Motorist Failed to Yield - Sign-Controlled Intersection",10,"Intersection","October","C: Possible Injury",36420,"Motorist Drive Out - Sign-Controlled Intersection",2009,"Yes","No",NA,"Straight - Level","Local Street","Dry","Two-Way, Divided, Unprotected Median","None","No Special Feature","Smooth Asphalt",0,0,0,0,0,0,0,"2 lanes",2,0,NA,0,NA
7420,5305,"None - Rural Crash","Cleveland","Mountains","Farms, Woods, Pastures","Mixed (30% To 70% Developed)",NA,"Rural","50 - 55  MPH","Double Yellow Line, No Passing Zone","Cloudy","No",24,"20-24","No",NA,"With Traffic","C: Possible Injury","Travel Lane","White","Male",NA,"70+","No",NA,"41-45 mph","O: No Injury","White","Male","Pickup","No","16OCT2009","Friday","Motorist Overtaking Bicyclist",8,"Non-Intersection","October","C: Possible Injury",28860,"Motorist Overtaking - Other / Unknown",2009,"No","No","Daylight","Straight - Grade","NC Route","Dry","Two-Way, Not Divided","None","No Special Feature","Coarse Asphalt",0,0,0,0,0,0,0,"2 lanes",2,0,NA,0,NA
7421,5312,"Charlotte","Mecklenburg","Piedmont","Residential","Urban (>70% Developed)",NA,"Urban","30 - 35  MPH","Stop Sign","Clear","No",25,"25-29","No",NA,"Facing Traffic","B: Evident Injury","Sidewalk / Crosswalk / Driveway Crossing","Black","Male",33,"30-39","No",NA,"0-5 mph","O: No Injury","Hispanic","Female","Passenger Car","No","03NOV2009","Tuesday","Motorist Failed to Yield - Sign-Controlled Intersection",13,"Intersection","November","B: Evident Injury",47280,"Motorist Drive Out - Sign-Controlled Intersection",2009,"Yes","No","Daylight","Straight - Grade","Local Street","Dry","Two-Way, Not Divided","None","T-Intersection","Coarse Asphalt",0,0,0,0,0,0,0,"2 lanes",2,0,NA,0,NA
7422,5317,"Wilmington","New Hanover","Coastal","Commercial","Urban (>70% Developed)",NA,"Urban","20 - 25  MPH","No Control Present","Clear","No",20,"20-24","No",NA,"With Traffic","C: Possible Injury","Travel Lane","White","Male",60,"60-69","No",NA,"6-10 mph","O: No Injury","White","Male","Passenger Car","No","04NOV2009","Wednesday","Motorist Failed to Yield - Midblock",18,"Non-Intersection","November","C: Possible Injury",66180,"Motorist Drive Out - Commercial Driveway / Alley",2009,"No","No","Dark - Lighted Roadway","Straight - Level","Local Street","Dry","Two-Way, Not Divided","None","No Special Feature","Coarse Asphalt",0,0,0,0,0,0,0,"2 lanes",2,0,NA,0,NA
7423,5329,"None - Rural Crash","Rockingham","Piedmont","Farms, Woods, Pastures","Rural (<30% Developed)",NA,"Rural","50 - 55  MPH","Double Yellow Line, No Passing Zone","Clear","No",58,"50-59","No",NA,"With Traffic","C: Possible Injury","Travel Lane","White","Male",NA,"70+","No",NA,"41-45 mph","O: No Injury","White","Male","Pickup","No","01DEC2009","Tuesday","Motorist Left Turn / Merge",13,"Non-Intersection","December","C: Possible Injury",49860,"Motorist Left Turn - Opposite Direction",2009,"Yes","No","Daylight","Straight - Level","State Secondary Route","Dry","Two-Way, Not Divided","None","No Special Feature","Smooth Asphalt",0,0,0,0,0,0,0,"2 lanes",2,0,NA,0,NA
7424,5336,"Charlotte","Mecklenburg","Piedmont","Residential","Urban (>70% Developed)",NA,"Urban","20 - 25  MPH","Stop Sign","Clear","No",18,"16-19","No",NA,"Facing Traffic","B: Evident Injury","Travel Lane","Black","Male",37,"30-39","No",NA,"0-5 mph","O: No Injury","Black","Female","Sport Utility","No","14NOV2009","Saturday","Motorist Failed to Yield - Sign-Controlled Intersection",20,"Intersection","November","B: Evident Injury",75180,"Motorist Drive Out - Sign-Controlled Intersection",2009,"Yes","No","Dark - Lighted Roadway","Straight - Level","Local Street","Dry","Two-Way, Divided, Positive Median Barrier","None","No Special Feature","Smooth Asphalt",0,0,0,0,0,0,0,"4 lanes",2,0,NA,0,NA
7425,5343,"Durham","Durham","Piedmont","Residential","Urban (>70% Developed)",NA,"Urban","30 - 35  MPH","No Control Present","Clear","No",27,"25-29","No",NA,NA,"C: Possible Injury",NA,"Black","Male",NA,NA,"No",NA,"46-50 mph","Unknown Injury","Unknown/Missing",NA,"Passenger Car","No","07DEC2009","Monday","Crossing Paths - Other Circumstances",21,"Intersection","December","C: Possible Injury",77820,"Crossing Paths - Intersection - Other / Unknown",2009,"No","Yes","Dark - Roadway Not Lighted","Straight - Level","Local Street","Dry","Two-Way, Not Divided","None","No Special Feature","Smooth Asphalt",0,0,0,0,0,0,0,"2 lanes",2,0,NA,0,NA
7426,5346,"Cornelius","Mecklenburg","Piedmont","Commercial","Urban (>70% Developed)",NA,"Urban","30 - 35  MPH","No Control Present","Rain","Yes",29,"25-29","No",NA,"With Traffic","B: Evident Injury","Bike Lane / Paved Shoulder","White","Male",30,"30-39","No",NA,"31-35 mph","O: No Injury","White","Female","Passenger Car","No","18NOV2009","Wednesday","Parallel Paths - Other Circumstances",17,"Non-Intersection","November","B: Evident Injury",62940,"Bicyclist Ride Out - Parallel Path",2009,"Yes","No","Dark - Lighted Roadway","Straight - Level","NC Route","Wet","Two-Way, Divided, Unprotected Median","None","No Special Feature","Coarse Asphalt",0,0,0,0,0,0,0,NA,2,0,NA,0,NA