"...1","object_id","city","county","region","development","locality","on_road","rural_urban","speed_limit","traffic_control","weather","workzone","bike_age","bike_age_group","bike_alcohol","bike_alcohol_drugs","bike_direction","bike_injury","bike_position","bike_race","bike_sex","driver_age","driver_age_group","driver_alcohol","driver_alcohol_drugs","driver_est_speed","driver_injury","driver_race","driver_sex","driver_vehicle_type","crash_alcohol","crash_date","crash_day","crash_group","crash_hour","crash_location","crash_month","crash_severity","crash_time","crash_type","crash_year","ambulance_req","hit_run","light_condition","road_character","road_class","road_condition","road_configuration","road_defects","road_feature","road_surface","num_bikes_ai","num_bikes_bi","num_bikes_ci","num_bikes_ki","num_bikes_no","num_bikes_to","num_bikes_ui","num_lanes","num_units","distance_mi_from","frm_road","rte_invd_cd","towrd_road"
7427,5349,"Durham","Durham","Piedmont","Commercial","Urban (>70% Developed)",NA,"Urban","30 - 35  MPH","Stop And Go Signal","Clear","No",28,"25-29","No",NA,"Not Applicable","Unknown Injury",NA,"White","Male",54,"50-59","No",NA,"0-5 mph","Unknown Injury","White","Female","Passenger Car","No","10DEC2009","Thursday","Crossing Paths - Other Circumstances",15,"Intersection-Related","December","Unknown Injury",54000,"Signalized Intersection - Other / Unknown",2009,"No","No","Daylight","Straight - Level","Local Street","Dry","Two-Way, Not Divided","None","Four-Way Intersection","Smooth Asphalt",0,0,0,0,0,0,0,"4 lanes",2,0,NA,0,NA
7428,5352,"None - Rural Crash","New Hanover","Coastal","Residential","Urban (>70% Developed)",NA,"Rural","40 - 45  MPH","No Control Present","Clear","No",27,"25-29","No",NA,"With Traffic","C: Possible Injury","Bike Lane / Paved Shoulder","White","Male",62,"60-69","No",NA,"41-45 mph","O: No Injury","White","Female","Sport Utility","No","14DEC2009","Monday","Motorist Overtaking Bicyclist",17,"Non-Intersection","December","C: Possible Injury",63300,"Motorist Overtaking - Undetected Bicyclist",2009,"Yes","No","Dark - Roadway Not Lighted","Straight - Level","NC Route","Dry","Two-Way, Not Divided","None","No Special Feature","Smooth Asphalt",0,0,0,0,0,0,0,"2 lanes",2,0,NA,0,NA
7429,5353,"Wrightsville Beach","New Hanover","Coastal","Residential","Urban (>70% Developed)",NA,"Rural","20 - 25  MPH","No Control Present","Clear","No",27,"25-29","No",NA,"With Traffic","B: Evident Injury","Travel Lane","White","Male",62,"60-69","No",NA,NA,"O: No Injury","White","Male","Passenger Car","No","29OCT2009","Thursday","Bicyclist Overtaking Motorist",16,"Non-Intersection","October","B: Evident Injury",58740,"Bicyclist Overtaking - Passing on Right",2009,"No","No","Daylight","Straight - Level","Local Street","Dry","Two-Way, Not Divided","None","No Special Feature","Coarse Asphalt",0,0,0,0,0,0,0,"2 lanes",2,0,NA,0,NA
7430,5356,"Raleigh","Wake","Piedmont","Residential","Urban (>70% Developed)",NA,"Urban","30 - 35  MPH","Stop And Go Signal","Cloudy","No",42,"40-49","No",NA,"With Traffic","B: Evident Injury","Travel Lane","White","Male",62,"60-69","No",NA,"0-5 mph","O: No Injury","Black","Male","Passenger Car","No","18NOV2009","Wednesday","Bicyclist Left Turn / Merge",11,"Intersection-Related","November","B: Evident Injury",43140,"Bicyclist Left Turn - Same Direction",2009,"No","No","Daylight","Straight - Level","Local Street","Dry","Two-Way, Divided, Unprotected Median","None","No Special Feature","Smooth Asphalt",0,0,0,0,0,0,0,"5 lanes",2,0,NA,0,NA
7431,5361,"Raleigh","Wake","Piedmont","Residential","Urban (>70% Developed)",NA,"Urban","40 - 45  MPH","No Control Present","Clear","No",24,"20-24","No",NA,"Facing Traffic","C: Possible Injury","Travel Lane","White","Female",NA,NA,"No",NA,"21-25 mph","Unknown Injury","Unknown/Missing",NA,NA,"No","17NOV2009","Tuesday","Motorist Failed to Yield - Sign-Controlled Intersection",11,"Intersection","November","C: Possible Injury",41400,"Motorist Drive Out - Sign-Controlled Intersection",2009,"No","Yes","Daylight","Straight - Level","Local Street","Dry","Two-Way, Not Divided","None","No Special Feature","Smooth Asphalt",0,0,0,0,0,0,0,"2 lanes",2,0,NA,0,NA
7432,5368,"Franklin","Macon","Mountains","Commercial","Urban (>70% Developed)",NA,"Rural",NA,"No Control Present","Clear","No",43,"40-49","No",NA,"Not Applicable","B: Evident Injury","Non-Roadway","White","Female",NA,"70+","No",NA,"11-15 mph","O: No Injury","White","Male","Light Truck (Mini-Van, Panel)","No","10DEC2009","Thursday","Non-Roadway",16,"Non-Roadway","December","B: Evident Injury",60000,"Non-Roadway",2009,"Yes","No","Daylight","Straight - Level","Public Vehicular Area","Dry","Two-Way, Not Divided","None","Four-Way Intersection","Smooth Asphalt",0,0,0,0,0,0,0,NA,2,0,NA,0,NA
7433,5369,"Washington","Beaufort","Coastal","Commercial","Urban (>70% Developed)",NA,"Urban","40 - 45  MPH","No Control Present","Clear","No",20,"20-24","No",NA,NA,"O: No Injury","Travel Lane","Black","Male",41,"40-49","No",NA,"0-5 mph","O: No Injury","White","Male","Pickup","No","07DEC2009","Monday","Motorist Failed to Yield - Midblock",19,"Non-Intersection","December","O: No Injury",69900,"Motorist Drive Out - Commercial Driveway / Alley",2009,"No","No","Dark - Lighted Roadway","Straight - Level","US Route","Dry","Two-Way, Not Divided","None","No Special Feature","Coarse Asphalt",0,0,0,0,0,0,0,"5 lanes",2,0,NA,0,NA
7434,5370,"None - Rural Crash","Franklin","Piedmont","Farms, Woods, Pastures","Rural (<30% Developed)",NA,"Rural","50 - 55  MPH","Double Yellow Line, No Passing Zone","Clear","No",13,"11-15","No",NA,"Facing Traffic","O: No Injury","Travel Lane","Other","Male",30,"30-39","No",NA,"41-45 mph","O: No Injury","White","Male","Sport Utility","No","26NOV2009","Thursday","Bicyclist Right Turn / Merge",12,"Non-Intersection","November","O: No Injury",45960,"Bicyclist Right Turn - Same Direction",2009,"No","No","Daylight","Straight - Grade","State Secondary Route","Dry","Two-Way, Not Divided","None","No Special Feature","Smooth Asphalt",0,0,0,0,0,0,0,"2 lanes",2,0,NA,0,NA
7435,5371,"Fayetteville","Cumberland","Coastal","Commercial","Urban (>70% Developed)",NA,"Urban","40 - 45  MPH","No Control Present","Clear","No",29,"25-29","No",NA,"Facing Traffic","C: Possible Injury","Travel Lane","Black","Male",NA,NA,"Missing",NA,"0-5 mph","Unknown Injury","Unknown/Missing",NA,NA,"No","27NOV2009","Friday","Motorist Failed to Yield - Midblock",10,"Non-Intersection","November","C: Possible Injury",36240,"Motorist Drive Out - Midblock - Unknown",2009,"Yes","Yes","Daylight","Straight - Level","Public Vehicular Area","Dry","Two-Way, Not Divided","None","Driveway, Public","Smooth Asphalt",0,0,0,0,0,0,0,NA,2,0,NA,0,NA
7436,5380,"None - Rural Crash","Catawba","Piedmont","Farms, Woods, Pastures","Rural (<30% Developed)",NA,"Rural","40 - 45  MPH","Double Yellow Line, No Passing Zone","Clear","No",38,"30-39","Yes",NA,"With Traffic","B: Evident Injury","Travel Lane","White","Male",48,"40-49","No",NA,"41-45 mph","O: No Injury","White","Female","Passenger Car","Yes","30DEC2009","Wednesday","Motorist Overtaking Bicyclist",18,"Non-Intersection","December","B: Evident Injury",65220,"Motorist Overtaking - Other / Unknown",2009,"Yes","No","Dark - Roadway Not Lighted","Straight - Level","NC Route","Dry","Two-Way, Not Divided","None","No Special Feature","Coarse Asphalt",0,0,0,0,0,0,0,"2 lanes",2,0,NA,0,NA
7437,5384,"None - Rural Crash","Currituck","Coastal","Commercial","Rural (<30% Developed)",NA,"Rural","40 - 45  MPH","No Control Present","Clear","No",24,"20-24","Yes",NA,"Not Applicable","C: Possible Injury","Non-Roadway","White","Male",57,"50-59","No",NA,"41-45 mph","O: No Injury","White","Female","Sport Utility","Yes","29NOV2009","Sunday","Bicyclist Failed to Yield - Midblock",20,"Non-Intersection","November","C: Possible Injury",75420,"Bicyclist Ride Out - Commercial Driveway / Alley",2009,"Yes","No","Dark - Roadway Not Lighted","Straight - Level","US Route","Dry","Two-Way, Not Divided","None","No Special Feature","Coarse Asphalt",0,0,0,0,0,0,0,"5 lanes",2,0,NA,0,NA
7438,5387,"Raleigh","Wake","Piedmont","Commercial","Urban (>70% Developed)",NA,"Urban","20 - 25  MPH","No Control Present","Rain","No",18,"16-19","No",NA,NA,"B: Evident Injury","Sidewalk / Crosswalk / Driveway Crossing","White","Male",21,"20-24","No",NA,"6-10 mph","O: No Injury","White","Female","Passenger Car","No","23NOV2009","Monday","Motorist Left Turn / Merge",12,"Intersection","November","B: Evident Injury",43980,"Motorist Left Turn - Opposite Direction",2009,"No","No","Daylight","Straight - Level","Local Street","Wet","Two-Way, Not Divided","None","No Special Feature","Smooth Asphalt",0,0,0,0,0,0,0,"2 lanes",2,0,NA,0,NA
7439,5395,"Winston-Salem","Forsyth","Piedmont","Commercial","Urban (>70% Developed)",NA,"Urban","30 - 35  MPH","Double Yellow Line, No Passing Zone","Clear","No",33,"30-39","No",NA,"With Traffic","C: Possible Injury","Travel Lane","Black","Male",22,"20-24","No",NA,"11-15 mph","O: No Injury","White","Male","Passenger Car","No","11DEC2009","Friday","Motorist Overtaking Bicyclist",16,"Non-Intersection","December","C: Possible Injury",59820,"Motorist Overtaking - Other / Unknown",2009,"Yes","No","Daylight","Straight - Bottom","State Secondary Route","Dry","Two-Way, Divided, Unprotected Median","None","No Special Feature","Smooth Asphalt",0,0,0,0,0,0,0,"3 lanes",2,0,NA,0,NA
7440,5397,"None - Rural Crash","Cumberland","Coastal","Residential","Urban (>70% Developed)",NA,"Rural","40 - 45  MPH","Double Yellow Line, No Passing Zone","Clear","No",20,"20-24","No",NA,"Facing Traffic","B: Evident Injury","Travel Lane","Other","Male",NA,NA,"Missing",NA,"41-45 mph","Unknown Injury","Unknown/Missing",NA,"Pickup","No","24DEC2009","Thursday","Parallel Paths - Other Circumstances",20,"Non-Intersection","December","B: Evident Injury",75180,"Parallel Paths - Other / Unknown",2009,"Yes","Yes","Dark - Roadway Not Lighted","Straight - Level","State Secondary Route","Dry","Two-Way, Not Divided","None","No Special Feature","Smooth Asphalt",0,0,0,0,0,0,0,"2 lanes",2,0,NA,0,NA
7441,5400,"Kill Devil Hills","Dare","Coastal","Residential","Urban (>70% Developed)",NA,"Urban","20 - 25  MPH","No Control Present","Rain","No",53,"50-59","No",NA,"Facing Traffic","C: Possible Injury","Travel Lane","White","Male",23,"20-24","No",NA,"11-15 mph","O: No Injury","White","Male","Sport Utility","No","18DEC2009","Friday","Motorist Left Turn / Merge",21,"Non-Intersection","December","C: Possible Injury",78540,"Motorist Left Turn - Same Direction",2009,"No","No","Dark - Roadway Not Lighted","Straight - Level","Local Street","Wet","Two-Way, Not Divided","None","Alley Intersection","Coarse Asphalt",0,0,0,0,0,0,0,"2 lanes",2,0,NA,0,NA
7442,5401,"Charlotte","Mecklenburg","Piedmont","Residential","Urban (>70% Developed)",NA,"Urban","30 - 35  MPH","Stop And Go Signal","Clear","No",28,"25-29","No",NA,"With Traffic","B: Evident Injury","Travel Lane","White","Female",31,"30-39","No",NA,"16-20 mph","O: No Injury","White","Female","Passenger Car","No","27DEC2009","Sunday","Motorist Left Turn / Merge",14,"Non-Intersection","December","B: Evident Injury",53280,"Motorist Left Turn - Opposite Direction",2009,"No","No","Daylight","Straight - Grade","Local Street","Dry","Two-Way, Not Divided","None","Four-Way Intersection","Smooth Asphalt",0,0,0,0,0,0,0,"3 lanes",2,0,NA,0,NA
7443,5406,"Wilson","Wilson","Coastal","Industrial","Urban (>70% Developed)",NA,"Urban","40 - 45  MPH","No Control Present","Rain","No",49,"40-49","No",NA,"Facing Traffic","A: Disabling Injury","Travel Lane","White","Male",NA,"70+","No",NA,"26-30 mph","O: No Injury","Black","Male","Pickup","No","08DEC2009","Tuesday","Motorist Overtaking Bicyclist",19,"Non-Intersection","December","A: Disabling Injury",69420,"Motorist Overtaking - Other / Unknown",2009,"Yes","No","Dark - Lighted Roadway","Straight - Grade","Local Street","Wet","Two-Way, Not Divided","No Shoulders","Bridge","Smooth Asphalt",0,0,0,0,0,0,0,"4 lanes",2,0,NA,0,NA
7444,5408,"Wilson","Wilson","Coastal","Residential","Mixed (30% To 70% Developed)",NA,"Urban","30 - 35  MPH","Stop Sign","Clear","No",29,"25-29","No",NA,"With Traffic","B: Evident Injury","Travel Lane","Black","Male",NA,"70+","No",NA,"31-35 mph","O: No Injury","Black","Female","Passenger Car","No","04NOV2009","Wednesday","Bicyclist Failed to Yield - Sign-Controlled Intersection",11,"Intersection","November","B: Evident Injury",42360,"Bicyclist Ride Out - Sign-Controlled Intersection",2009,"Yes","No","Daylight","Straight - Level","Local Street","Dry","Two-Way, Not Divided","None","No Special Feature","Coarse Asphalt",0,0,0,0,0,0,0,"2 lanes",2,0,NA,0,NA
7445,5410,"Wilson","Wilson","Coastal","Residential","Urban (>70% Developed)",NA,"Urban","30 - 35  MPH","No Control Present","Clear","No",7,"6-10","No",NA,"Not Applicable","C: Possible Injury","Sidewalk / Crosswalk / Driveway Crossing","Black","Male",25,"25-29","No",NA,"16-20 mph","O: No Injury","Black","Female","Passenger Car","No","21MAY2009","Thursday","Parallel Paths - Other Circumstances",18,"Non-Intersection","May","C: Possible Injury",66780,"Bicyclist Ride Out - Parallel Path",2009,"No","No","Daylight","Straight - Level","Local Street","Dry","Two-Way, Not Divided","None","No Special Feature","Coarse Asphalt",0,0,0,0,0,0,0,"2 lanes",2,0,NA,0,NA
7446,4502,"None - Rural Crash","Guilford","Piedmont","Farms, Woods, Pastures","Rural (<30% Developed)",NA,"Rural","40 - 45  MPH","No Control Present","Cloudy","No",32,"30-39","No",NA,"With Traffic","B: Evident Injury","Travel Lane","Black","Male",49,"40-49","No",NA,"41-45 mph","O: No Injury","Black","Male","Passenger Car","No","04NOV2010","Thursday","Motorist Overtaking Bicyclist",6,"Non-Intersection","November","B: Evident Injury",23580,"Motorist Overtaking - Undetected Bicyclist",2010,"Yes","No","Dark - Roadway Not Lighted","Straight - Level","State Secondary Route","Wet","Two-Way, Not Divided","None","No Special Feature","Smooth Asphalt",0,0,0,0,0,0,0,"2 lanes",2,0,NA,0,NA
7447,4508,"Raleigh","Wake","Piedmont","Commercial","Urban (>70% Developed)",NA,"Urban","30 - 35  MPH","Stop Sign","Clear","No",23,"20-24","No",NA,"With Traffic","B: Evident Injury","Sidewalk / Crosswalk / Driveway Crossing","White","Male",NA,NA,"No",NA,"6-10 mph","Unknown Injury","Unknown/Missing",NA,NA,"No","07OCT2010","Thursday","Motorist Failed to Yield - Sign-Controlled Intersection",17,"Intersection","October","B: Evident Injury",62460,"Motorist Drive Out - Sign-Controlled Intersection",2010,"Yes","Yes","Daylight","Straight - Level","Local Street","Dry","Two-Way, Not Divided","None","Four-Way Intersection","Coarse Asphalt",0,0,0,0,0,0,0,"3 lanes",2,0,NA,0,NA
7448,4965,"Durham","Durham","Piedmont","Residential","Urban (>70% Developed)",NA,"Urban","30 - 35  MPH","Stop Sign","Clear","No",14,"11-15","No",NA,"With Traffic","C: Possible Injury","Travel Lane","Black","Male",22,"20-24","No",NA,"26-30 mph","O: No Injury","Black","Female","Van","No","04JUL2009","Saturday","Bicyclist Failed to Yield - Sign-Controlled Intersection",14,"Intersection","July","C: Possible Injury",51720,"Bicyclist Ride Through - Sign-Controlled Intersection",2009,"Yes","No","Daylight","Straight - Level","Local Street","Dry","Two-Way, Not Divided","None","No Special Feature","Coarse Asphalt",0,0,0,0,0,0,0,"2 lanes",2,0,NA,0,NA
7449,4973,"Kinston","Lenoir","Coastal","Commercial","Urban (>70% Developed)",NA,"Urban",NA,"No Control Present","Clear","No",13,"11-15","No",NA,"Not Applicable","C: Possible Injury","Non-Roadway","White","Male",44,"40-49","No",NA,"6-10 mph","O: No Injury","White","Female","Passenger Car","No","07JUN2009","Sunday","Non-Roadway",17,"Non-Roadway","June","C: Possible Injury",62700,"Non-Roadway",2009,"No","No","Daylight","Straight - Level","Local Street","Dry","Two-Way, Not Divided","None","Other","Coarse Asphalt",0,0,0,0,0,0,0,NA,2,0,NA,0,NA
7450,4980,"Charlotte","Mecklenburg","Piedmont","Commercial","Urban (>70% Developed)",NA,"Urban","30 - 35  MPH","No Control Present","Clear","No",62,"60-69","No",NA,"Facing Traffic","B: Evident Injury","Travel Lane","White","Male",NA,"70+","No",NA,"0-5 mph","O: No Injury","White","Male","Passenger Car","No","30JUN2009","Tuesday","Motorist Failed to Yield - Sign-Controlled Intersection",9,"Intersection","June","B: Evident Injury",33840,"Motorist Drive Out - Sign-Controlled Intersection",2009,"No","No","Daylight","Straight - Level","Local Street","Dry","Two-Way, Divided, Unprotected Median","None","No Special Feature","Smooth Asphalt",0,0,0,0,0,0,0,"7 lanes",2,0,NA,0,NA
7451,4985,"None - Rural Crash","Wilson","Coastal","Farms, Woods, Pastures","Rural (<30% Developed)",NA,"Rural","50 - 55  MPH","Double Yellow Line, No Passing Zone","Cloudy","No",26,"25-29","No",NA,"With Traffic","C: Possible Injury","Travel Lane","White","Male",45,"40-49","No",NA,"51-55 mph","O: No Injury","White","Female","Pickup","No","18JUL2009","Saturday","Bicyclist Left Turn / Merge",9,"Non-Intersection","July","C: Possible Injury",35040,"Bicyclist Left Turn - Same Direction",2009,"Yes","No","Daylight","Straight - Level","NC Route","Dry","Two-Way, Not Divided","None","No Special Feature","Smooth Asphalt",0,0,0,0,0,0,0,"2 lanes",2,0,NA,0,NA
7452,4986,"Cary","Wake","Piedmont","Residential","Urban (>70% Developed)",NA,"Urban","30 - 35  MPH","No Control Present","Clear","No",26,"25-29","No",NA,"With Traffic","B: Evident Injury","Travel Lane","White","Male",39,"30-39","No",NA,"0-5 mph","O: No Injury","White","Male","Sport Utility","No","18JUL2009","Saturday","Motorist Right Turn / Merge",16,"Non-Intersection","July","B: Evident Injury",60780,"Motorist Right Turn - Same Direction",2009,"Yes","No","Daylight","Straight - Level","Local Street","Dry","One-Way, Not Divided","None","No Special Feature","Coarse Asphalt",0,0,0,0,0,0,0,"2 lanes",2,0,NA,0,NA
7453,4992,"None - Rural Crash","New Hanover","Coastal","Commercial","Mixed (30% To 70% Developed)",NA,"Rural","40 - 45  MPH","No Control Present","Clear","No",19,"16-19","No",NA,"With Traffic","C: Possible Injury","Travel Lane","White","Female",21,"20-24","No",NA,"41-45 mph","O: No Injury","White","Female","Passenger Car","No","04JUL2009","Saturday","Motorist Overtaking Bicyclist",20,"Non-Intersection","July","C: Possible Injury",75000,"Motorist Overtaking - Undetected Bicyclist",2009,"Yes","No","Dusk","Straight - Level","NC Route","Dry","Two-Way, Divided, Unprotected Median","None","No Special Feature","Smooth Asphalt",0,0,0,0,0,0,0,"5 lanes",2,0,NA,0,NA
7454,4994,"Raleigh","Wake","Piedmont","Commercial","Urban (>70% Developed)",NA,"Urban","5 - 15 MPH","No Control Present","Clear","No",37,"30-39","No",NA,"Facing Traffic","C: Possible Injury","Sidewalk / Crosswalk / Driveway Crossing","Black","Male",29,"25-29","No",NA,"0-5 mph","O: No Injury","Black","Male","Passenger Car","No","08JUL2009","Wednesday","Motorist Failed to Yield - Midblock",13,"Non-Intersection","July","C: Possible Injury",50220,"Motorist Drive Out - Commercial Driveway / Alley",2009,"Yes","No","Daylight","Straight - Level","Local Street","Dry","One-Way, Not Divided","None","Driveway, Public","Other",0,0,0,0,0,0,0,"3 lanes",2,0,NA,0,NA
7455,5000,"Asheville","Buncombe","Mountains","Commercial","Urban (>70% Developed)",NA,"Urban","30 - 35  MPH","Double Yellow Line, No Passing Zone","Clear","No",21,"20-24","No",NA,"With Traffic","B: Evident Injury","Travel Lane","White","Female",NA,"70+","No",NA,"26-30 mph","O: No Injury","Black","Male","Van","No","23JUN2009","Tuesday","Motorist Overtaking Bicyclist",16,"Non-Intersection","June","B: Evident Injury",59880,"Motorist Overtaking - Undetected Bicyclist",2009,"Yes","No","Daylight","Straight - Level","Local Street","Dry","Two-Way, Not Divided","None","No Special Feature","Coarse Asphalt",0,0,0,0,0,0,0,"2 lanes",2,0,NA,0,NA
7456,6942,"Durham","Durham","Piedmont","Residential","Urban (>70% Developed)",NA,"Urban","20 - 25  MPH","No Control Present","Clear","No",16,"16-19","No",NA,"Not Applicable","B: Evident Injury","Driveway / Alley","Black","Male",24,"20-24","No",NA,"21-25 mph","O: No Injury","Black","Female","Van","No","02OCT2007","Tuesday","Bicyclist Failed to Yield - Midblock",15,"Non-Intersection","October","B: Evident Injury",57480,"Bicyclist Ride Out - Commercial Driveway / Alley",2007,"Yes","No","Daylight","Straight - Grade","Local Street","Dry","Two-Way, Not Divided","None","Alley Intersection","Smooth Asphalt",0,0,0,0,0,0,0,"2 lanes",2,0,NA,0,NA
7457,6946,"Wilson","Wilson","Coastal","Commercial","Urban (>70% Developed)",NA,"Urban","40 - 45  MPH","No Control Present","Cloudy","No",51,"50-59","No",NA,"Facing Traffic","C: Possible Injury","Travel Lane","Black","Male",44,"40-49","No",NA,NA,"O: No Injury","White","Female","Passenger Car","No","29JUN2007","Friday","Crossing Paths - Other Circumstances",14,"Intersection","June","C: Possible Injury",52800,"Crossing Paths - Intersection - Other / Unknown",2007,"Yes","No","Daylight","Straight - Level","Local Street","Dry","Two-Way, Divided, Unprotected Median","None","Four-Way Intersection","Smooth Asphalt",0,0,0,0,0,0,0,"5 lanes",2,0,NA,0,NA
7458,6949,"Rocky Mount","Nash","Coastal","Residential","Urban (>70% Developed)",NA,"Urban","30 - 35  MPH","Stop Sign","Cloudy","No",12,"11-15","No",NA,NA,"B: Evident Injury","Travel Lane","Black","Male",39,"30-39","No",NA,"31-35 mph","O: No Injury","Black","Male","Sport Utility","No","30JUN2007","Saturday","Loss of Control / Turning Error",21,"Intersection","June","B: Evident Injury",77400,"Bicyclist Lost Control - Mechanical Problems",2007,"Yes","No","Dark - Lighted Roadway","Straight - Level","Local Street","Dry","One-Way, Not Divided","None","Four-Way Intersection","Coarse Asphalt",0,0,0,0,0,0,0,"2 lanes",2,0,NA,0,NA
7459,6952,"Eden","Rockingham","Piedmont","Commercial","Urban (>70% Developed)",NA,"Urban","40 - 45  MPH","No Control Present","Cloudy","No",63,"60-69","No",NA,"With Traffic","B: Evident Injury","Travel Lane","White","Male",67,"60-69","No",NA,"41-45 mph","O: No Injury","White","Male","Single Unit Truck (2-Axle, 6-Tire)","No","28AUG2007","Tuesday","Other / Unusual Circumstances",14,"Non-Intersection","August","B: Evident Injury",52860,"Unusual Circumstances",2007,"No","No","Daylight","Straight - Grade","Local Street","Dry","Two-Way, Not Divided","None","No Special Feature","Smooth Asphalt",0,0,0,0,0,0,0,"2 lanes",2,0,NA,0,NA
7460,6971,"Concord","Cabarrus","Piedmont","Residential","Urban (>70% Developed)",NA,"Urban","30 - 35  MPH","Stop Sign","Clear","No",42,"40-49","Yes",NA,"Facing Traffic","C: Possible Injury","Travel Lane","White","Male",NA,"70+","No",NA,"31-35 mph","O: No Injury","White","Female","Passenger Car","Yes","05JUL2007","Thursday","Head-On",5,"Non-Intersection","July","C: Possible Injury",19980,"Head-On - Bicyclist",2007,"No","No","Dawn","Straight - Level","Local Street","Dry","Two-Way, Not Divided","None","T-Intersection","Smooth Asphalt",0,0,0,0,0,0,0,"2 lanes",2,0,NA,0,NA
7461,6977,"Fayetteville","Cumberland","Coastal","Institutional","Urban (>70% Developed)",NA,"Urban","20 - 25  MPH","No Control Present","Clear","No",32,"30-39","No",NA,"Facing Traffic","C: Possible Injury","Sidewalk / Crosswalk / Driveway Crossing","Black","Female",22,"20-24","No",NA,"0-5 mph","O: No Injury","White","Female","Sport Utility","No","02MAY2007","Wednesday","Motorist Failed to Yield - Midblock",15,"Non-Intersection","May","C: Possible Injury",54600,"Motorist Drive Out - Commercial Driveway / Alley",2007,"Yes","No","Daylight","Straight - Level","Local Street","Dry","Two-Way, Divided, Unprotected Median","None","No Special Feature","Smooth Asphalt",0,0,0,0,0,0,0,NA,2,0,NA,0,NA
7462,6979,"None - Rural Crash","Harnett","Coastal","Farms, Woods, Pastures","Rural (<30% Developed)",NA,"Rural","50 - 55  MPH","Double Yellow Line, No Passing Zone","Cloudy","No",NA,NA,"Missing",NA,"With Traffic","Unknown Injury","Travel Lane","Unknown/Missing",NA,NA,"70+","No",NA,"51-55 mph","O: No Injury","White","Male","Passenger Car","No","07JUL2007","Saturday","Motorist Overtaking Bicyclist",17,"Non-Intersection","July","O: No Injury",62400,"Motorist Overtaking - Bicyclist Swerved",2007,"No","No","Daylight","Straight - Level","State Secondary Route","Dry","Two-Way, Not Divided","None","No Special Feature","Smooth Asphalt",0,0,0,0,0,0,0,"2 lanes",2,0,NA,0,NA
7463,6989,"High Point","Guilford","Piedmont","Residential","Urban (>70% Developed)",NA,"Urban","30 - 35  MPH","Stop Sign","Clear","No",10,"6-10","No",NA,"With Traffic","B: Evident Injury","Travel Lane","Black","Male",44,"40-49","No",NA,"21-25 mph","O: No Injury","Black","Male","Passenger Car","No","11JUL2007","Wednesday","Loss of Control / Turning Error",17,"Intersection","July","B: Evident Injury",62640,"Bicyclist Lost Control - Mechanical Problems",2007,"No","No","Daylight","Straight - Grade","Local Street","Dry","Two-Way, Not Divided","None","Four-Way Intersection","Smooth Asphalt",0,0,0,0,0,0,0,"2 lanes",2,0,NA,0,NA
7464,6991,"Wilmington","New Hanover","Coastal","Residential","Urban (>70% Developed)",NA,"Urban","30 - 35  MPH","No Control Present","Rain","No",45,"40-49","Yes",NA,"With Traffic","B: Evident Injury","Travel Lane","Black","Male",NA,NA,"Missing",NA,"0-5 mph","Unknown Injury","Unknown/Missing",NA,NA,"Yes","11JUL2007","Wednesday","Motorist Overtaking Bicyclist",22,"Non-Intersection","July","B: Evident Injury",80520,"Motorist Overtaking - Undetected Bicyclist",2007,"No","Yes","Dark - Roadway Not Lighted","Straight - Level","Local Street","Wet","Two-Way, Not Divided","None","No Special Feature","Smooth Asphalt",0,0,0,0,0,0,0,"3 lanes",2,0,NA,0,NA
7465,6995,"Kinston","Lenoir","Coastal","Commercial","Urban (>70% Developed)",NA,"Urban","30 - 35  MPH","No Control Present","Clear","No",18,"16-19","No",NA,"Facing Traffic","O: No Injury","Travel Lane","Black","Male",35,"30-39","No",NA,"0-5 mph","O: No Injury","White","Male","Police","No","17OCT2007","Wednesday","Other / Unusual Circumstances",13,"Intersection","October","O: No Injury",49920,"Unusual Circumstances",2007,"No","No","Daylight","Straight - Level","NC Route","Dry","Two-Way, Not Divided","None","Four-Way Intersection","Smooth Asphalt",0,0,0,0,0,0,0,"4 lanes",2,0,NA,0,NA
7466,6998,"Fayetteville","Cumberland","Coastal","Residential","Urban (>70% Developed)",NA,"Urban","30 - 35  MPH","No Control Present","Clear","No",49,"40-49","No",NA,"With Traffic","C: Possible Injury","Travel Lane","White","Female",51,"50-59","No",NA,NA,"Unknown Injury","Unknown/Missing","Female","Passenger Car","No","14JUL2007","Saturday","Motorist Overtaking Bicyclist",21,"Non-Intersection","July","C: Possible Injury",78180,"Motorist Overtaking - Other / Unknown",2007,"Yes","Yes","Dark - Lighted Roadway","Straight - Level","Local Street","Dry","One-Way, Not Divided","None","No Special Feature","Coarse Asphalt",0,0,0,0,0,0,0,"3 lanes",2,0,NA,0,NA
7467,7000,"None - Rural Crash","Onslow","Coastal","Farms, Woods, Pastures","Rural (<30% Developed)",NA,"Rural","50 - 55  MPH","No Control Present","Clear","No",15,"11-15","No",NA,"Facing Traffic","B: Evident Injury","Travel Lane","White","Male",57,"50-59","No",NA,"51-55 mph","O: No Injury","White","Male","Pickup","No","27SEP2007","Thursday","Motorist Overtaking Bicyclist",6,"Non-Intersection","September","B: Evident Injury",23400,"Motorist Overtaking - Other / Unknown",2007,"Yes","No","Dark - Roadway Not Lighted","Straight - Level","State Secondary Route","Dry","Two-Way, Not Divided","None","No Special Feature","Smooth Asphalt",0,0,0,0,0,0,0,"2 lanes",3,0,NA,0,NA